# Blender 5.2.0 LTS
# www.blender.org
o Backdrop_Hoop_Detail
v -33.326393 36.000000 -3.892226
v -32.246391 36.000000 -5.000000
v -32.758949 42.123711 3.892226
v -31.697334 41.925259 5.000001
v -29.936638 21.043179 -2.426764
v -29.223692 19.891739 -3.506774
v -28.558487 20.868940 -4.504846
v -29.474339 22.348095 -3.117450
v -26.219437 40.901260 3.892226
v -27.281050 41.099712 5.000001
v -32.448635 43.783726 3.506774
v -31.298706 44.057739 4.504844
v -33.326393 39.794640 -0.866106
v -32.246391 40.874641 -1.112605
v -25.909128 42.561279 3.506775
v -26.882420 43.232189 4.504844
v -31.685993 46.464146 -3.506774
v -30.852549 45.625816 -4.504844
v -25.482456 44.060883 -3.506774
v -26.663153 44.002834 -4.504844
v -32.175213 45.201305 -2.426765
v -31.481016 44.003559 -3.117450
v -26.673609 39.794640 0.866106
v -26.673607 39.043068 2.426761
v -27.753609 39.909153 3.117448
v -27.753609 40.874641 1.112605
v -25.971682 42.798042 -2.426759
v -27.291618 42.380581 -3.117448
v -32.446716 44.500488 -0.866103
v -31.829786 43.103275 -1.112605
v -26.243181 42.097221 -0.866102
v -27.640392 41.480293 -1.112605
v -26.219439 40.901260 -3.892226
v -27.281050 41.099712 -4.999999
v -32.446716 44.500488 0.866103
v -31.829786 43.103275 1.112605
v -26.243181 42.097221 0.866102
v -27.640392 41.480293 1.112606
v -32.175213 45.201305 2.426765
v -31.481016 44.003559 3.117448
v -26.673609 37.688770 -3.506775
v -26.673607 39.043068 -2.426761
v -27.753609 39.909157 -3.117450
v -27.753607 38.169418 -4.504844
v -25.971680 42.798042 2.426759
v -27.291620 42.380577 3.117450
v -33.326393 39.043068 2.426761
v -33.326393 39.794640 0.866106
v -32.246391 40.874641 1.112605
v -32.246391 39.909157 3.117449
v -31.685991 46.464146 3.506774
v -30.852549 45.625816 4.504844
v -25.522175 44.631290 -0.866103
v -26.385338 45.891350 -1.112605
v -25.482456 44.060883 3.506774
v -26.663153 44.002834 4.504845
v -32.758949 42.123711 -3.892226
v -31.697334 41.925259 -4.999999
v -31.075935 48.038879 3.892226
v -30.068865 47.648739 5.000001
v -32.175213 26.798693 -2.426764
v -31.685993 25.535854 -3.506774
v -30.852549 26.374184 -4.504846
v -31.481016 27.996441 -3.117449
v -24.872398 45.635620 3.892226
v -25.879469 46.025761 5.000001
v -30.465878 49.613617 3.506774
v -29.285181 49.671665 4.504844
v -32.061684 45.853737 -0.866103
v -30.801622 46.716896 -1.112605
v -24.262342 47.210354 3.506774
v -25.095785 48.048683 4.504844
v -29.223692 52.108261 -3.506774
v -28.558487 51.131062 -4.504844
v -23.567383 48.606022 -3.506774
v -24.738644 48.765915 -4.504845
v -29.936636 50.956818 -2.426764
v -29.474339 49.651905 -3.117451
v -25.522177 44.631290 0.866103
v -25.660276 43.892513 2.426763
v -26.562744 44.942307 3.117450
v -26.385338 45.891354 1.112605
v -24.280325 47.454578 -2.426763
v -25.654499 47.286758 -3.117449
v -30.332289 50.317814 -0.866095
v -29.982603 48.831036 -1.112604
v -24.675976 46.815578 -0.866105
v -26.162758 46.465889 -1.112605
v -24.872396 45.635620 -3.892226
v -25.879469 46.025761 -5.000000
v -30.332291 50.317814 0.866095
v -29.982603 48.831036 1.112604
v -24.675978 46.815578 0.866105
v -26.162758 46.465889 1.112604
v -29.936638 50.956818 2.426764
v -29.474337 49.651909 3.117448
v -25.909130 42.561279 -3.506775
v -25.660276 43.892513 -2.426763
v -26.562744 44.942307 -3.117450
v -26.882420 43.232189 -4.504843
v -24.280325 47.454578 2.426763
v -25.654499 47.286758 3.117450
v -32.199783 45.114960 2.426763
v -32.061684 45.853737 0.866103
v -30.801622 46.716900 1.112605
v -30.979031 45.767857 3.117449
v -29.223692 52.108261 3.506774
v -28.558487 51.131062 4.504846
v -23.501616 49.174015 -0.866102
v -24.118546 50.571224 -1.112605
v -23.567383 48.606022 3.506774
v -24.738644 48.765915 4.504844
v -31.075937 48.038879 -3.892226
v -30.068865 47.648739 -4.999999
v -28.334671 53.544083 3.892226
v -27.416435 52.975536 5.000000
v -33.318108 32.867542 -2.426764
v -33.069256 31.536314 -3.506773
v -32.095966 32.207222 -4.504845
v -32.415642 33.917339 -3.117451
v -22.678356 50.041847 3.892226
v -23.596592 50.610394 5.000000
v -27.445644 54.979908 3.506774
v -26.274384 54.820015 4.504845
v -29.705153 51.577278 -0.866102
v -28.307940 52.194210 -1.112605
v -21.789335 51.477669 3.506774
v -22.454540 52.454868 4.504844
v -25.766220 57.203823 -3.506773
v -25.291901 56.121033 -4.504844
v -20.849752 52.721874 -3.506774
v -21.971691 53.094265 -4.504845
v -26.678598 56.202991 -2.426766
v -26.463953 54.835350 -3.117450
v -23.501616 49.174015 0.866102
v -23.773115 48.473194 2.426759
v -24.467318 49.670940 3.117449
v -24.118546 50.571224 1.112605
v -21.762133 51.721043 -2.426766
v -23.143747 51.808582 -3.117449
v -27.184933 55.647572 -0.866103
v -27.114391 54.121853 -1.112604
v -22.268465 51.165623 -0.866104
v -23.794189 51.095085 -1.112606
v -22.678356 50.041847 -3.892226
v -23.596592 50.610394 -5.000000
v -27.184933 55.647572 0.866103
v -27.114393 54.121849 1.112605
v -22.268463 51.165619 0.866104
v -23.794189 51.095081 1.112608
v -26.678598 56.202991 2.426766
v -26.463951 54.835350 3.117448
v -24.262341 47.210354 -3.506774
v -23.773117 48.473194 -2.426759
v -24.467318 49.670940 -3.117449
v -25.095785 48.048683 -4.504844
v -21.762135 51.721046 2.426766
v -23.143745 51.808582 3.117450
v -29.976654 50.876457 2.426759
v -29.705153 51.577278 0.866102
v -28.307943 52.194202 1.112603
v -28.656713 51.293922 3.117449
v -25.766222 57.203823 3.506773
v -25.291901 56.121033 4.504843
v -20.680738 53.268116 -0.866095
v -21.030424 54.754894 -1.112604
v -20.849754 52.721874 3.506774
v -21.971687 53.094265 4.504845
v -28.334671 53.544083 -3.892226
v -27.416435 52.975536 -5.000001
v -24.628502 58.451847 3.892226
v -23.830370 57.724255 5.000001
v -33.326393 39.043068 -2.426761
v -33.326393 37.688770 -3.506775
v -32.246391 38.169418 -4.504844
v -32.246391 39.909157 -3.117449
v -19.712032 53.969891 3.892226
v -20.510164 54.697483 5.000001
v -23.490780 59.699863 3.506774
v -22.368847 59.327473 4.504846
v -26.337051 56.770351 -0.866105
v -24.850269 57.120041 -1.112605
v -18.574312 55.217915 3.506773
v -19.048634 56.300705 4.504844
v -21.431307 61.577320 -3.506774
v -21.164026 60.425812 -4.504843
v -17.422112 56.268288 -3.506775
v -18.456520 56.840488 -4.504846
v -22.512054 60.761181 -2.426764
v -22.552368 59.377384 -3.117449
v -20.680737 53.268116 0.866095
v -21.076389 52.629112 2.426764
v -21.538689 53.934025 3.117450
v -21.030424 54.754894 1.112604
v -18.502855 55.452141 -2.426764
v -19.844860 55.792065 -3.117451
v -23.111826 60.308254 -0.866099
v -23.322840 58.795551 -1.112605
v -19.102629 54.999218 -0.866099
v -20.615334 55.210232 -1.112605
v -19.712030 53.969891 -3.892226
v -20.510164 54.697483 -5.000000
v -23.111826 60.308254 0.866099
v -23.322844 58.795547 1.112605
v -19.102629 54.999218 0.866099
v -20.615332 55.210232 1.112605
v -22.512056 60.761181 2.426764
v -22.552368 59.377384 3.117450
v -21.789335 51.477669 -3.506774
v -21.076391 52.629112 -2.426764
v -21.538689 53.934025 -3.117450
v -22.454540 52.454868 -4.504844
v -18.502855 55.452141 2.426764
v -19.844860 55.792065 3.117450
v -26.732702 56.131351 2.426763
v -26.337049 56.770351 0.866105
v -24.850269 57.120041 1.112605
v -25.358528 56.299171 3.117449
v -21.431307 61.577320 3.506774
v -21.164026 60.425812 4.504844
v -17.155602 56.774166 -0.866103
v -17.226141 58.299889 -1.112605
v -17.422113 56.268288 3.506775
v -18.456520 56.840488 4.504844
v -24.628504 58.451847 -3.892226
v -23.830370 57.724255 -4.999999
v -20.083639 62.595039 3.892226
v -19.432793 61.733177 5.000000
v -32.199783 45.114960 -2.426763
v -32.448635 43.783726 -3.506774
v -31.298706 44.057739 -4.504844
v -30.979031 45.767860 -3.117450
v -16.074438 57.285995 3.892226
v -16.725285 58.147858 4.999999
v -18.735964 63.612747 3.506775
v -17.701557 63.040546 4.504844
v -22.072069 61.256115 -0.866104
v -20.546347 61.326653 -1.112606
v -14.726769 58.303715 3.506773
v -14.994052 59.455223 4.504844
v -16.366581 65.079811 -3.506774
v -16.315437 63.898792 -4.504844
v -13.401175 59.124481 -3.506774
v -14.312833 59.877022 -4.504844
v -17.578890 64.476151 -2.426761
v -17.872787 63.123325 -3.117448
v -17.155602 56.774166 0.866103
v -17.661936 56.218746 2.426766
v -17.876581 57.586388 3.117449
v -17.226141 58.299889 1.112605
v -14.613490 58.520828 -2.426764
v -15.870183 59.101551 -3.117450
v -18.251673 64.141151 -0.866106
v -18.737051 62.692974 -1.112604
v -15.286271 58.185818 -0.866102
v -16.734446 58.671200 -1.112605
v -16.074438 57.285995 -3.892226
v -16.725286 58.147858 -5.000000
v -18.251669 64.141151 0.866106
v -18.737049 62.692974 1.112604
v -15.286271 58.185818 0.866102
v -16.734446 58.671200 1.112605
v -17.578894 64.476151 2.426761
v -17.872787 63.123325 3.117449
v -18.574314 55.217915 -3.506773
v -17.661936 56.218746 -2.426766
v -17.876581 57.586388 -3.117449
v -19.048634 56.300705 -4.504844
v -14.613490 58.520828 2.426764
v -15.870182 59.101551 3.117449
v -22.578400 60.700691 2.426766
v -22.072071 61.256119 0.866104
v -20.546347 61.326653 1.112606
v -21.196789 60.613155 3.117450
v -16.366581 65.079819 3.506774
v -16.315437 63.898792 4.504844
v -13.046251 59.572781 -0.866099
v -12.835236 61.085487 -1.112606
v -13.401176 59.124485 3.506774
v -14.312832 59.877022 4.504844
v -20.083639 62.595039 -3.892226
v -19.432791 61.733177 -4.999999
v -14.854850 65.832565 3.892226
v -14.373454 64.865791 5.000000
v -29.976652 50.876457 -2.426759
v -30.465878 49.613617 -3.506774
v -29.285181 49.671665 -4.504843
v -28.656713 51.293922 -3.117450
v -11.889452 59.877239 3.892226
v -12.370847 60.844013 4.999999
v -13.343120 66.585320 3.506773
v -12.431469 65.832787 4.504844
v -17.055450 64.881821 -0.866106
v -15.542745 64.670799 -1.112605
v -10.377718 60.629986 3.506773
v -10.428864 61.811008 4.504844
v -10.744506 67.592018 -3.506774
v -10.911246 66.421715 -4.504843
v -8.923886 61.193203 -3.506774
v -9.681739 62.100441 -4.504844
v -12.047098 67.221413 -2.426764
v -12.584571 65.945610 -3.117449
v -13.046251 59.572781 0.866099
v -13.646021 59.119854 2.426763
v -13.605710 60.503651 3.117450
v -12.835236 61.085487 1.112605
v -10.226476 60.822582 -2.426764
v -11.355063 61.624340 -3.117449
v -12.769980 67.015724 -0.866103
v -13.513198 65.681396 -1.112606
v -10.949362 60.616909 -0.866101
v -12.283689 61.360123 -1.112604
v -11.889452 59.877239 -3.892226
v -12.370847 60.844013 -5.000000
v -12.769980 67.015717 0.866103
v -13.513198 65.681396 1.112605
v -10.949361 60.616905 0.866101
v -12.283689 61.360123 1.112605
v -12.047097 67.221405 2.426764
v -12.584571 65.945610 3.117449
v -14.726770 58.303715 -3.506773
v -13.646021 59.119854 -2.426763
v -13.605710 60.503651 -3.117450
v -14.994051 59.455223 -4.504844
v -10.226476 60.822582 2.426764
v -11.355064 61.624340 3.117449
v -17.655222 64.428894 2.426764
v -17.055449 64.881813 0.866106
v -15.542742 64.670799 1.112606
v -16.313217 64.088966 3.117452
v -10.744506 67.592018 3.506774
v -10.911245 66.421715 4.504843
v -8.492628 61.568653 -0.866100
v -8.007249 63.016827 -1.112604
v -8.923886 61.193203 3.506774
v -9.681739 62.100441 4.504844
v -14.854852 65.832565 -3.892226
v -14.373454 64.865791 -5.000000
v -9.120200 68.054176 3.892226
v -8.824643 67.015404 5.000000
v -26.732702 56.131351 -2.426763
v -27.445644 54.979908 -3.506774
v -26.274384 54.820015 -4.504844
v -25.358528 56.299171 -3.117449
v -7.299580 61.655357 3.892226
v -7.595135 62.694130 5.000000
v -7.495894 68.516335 3.506774
v -6.738041 67.609093 4.504844
v -11.458032 67.523979 -0.866107
v -10.009855 67.038605 -1.112605
v -5.675272 62.117512 3.506774
v -5.508533 63.287819 4.504844
v -4.756542 69.028404 -3.506774
v -5.135486 67.908661 -4.504845
v -4.142700 62.404003 -3.506774
v -4.720944 63.435047 -4.504845
v -6.105055 68.903450 -2.426763
v -6.867803 67.748138 -3.117449
v -8.492628 61.568653 0.866100
v -9.165407 61.233646 2.426761
v -8.871514 62.586475 3.117449
v -8.007249 63.016827 1.112604
v -5.491212 62.279045 -2.426764
v -6.453261 63.274525 -3.117450
v -6.853424 68.834099 -0.866102
v -7.829167 67.659058 -1.112604
v -6.239582 62.209698 -0.866102
v -7.414625 63.185440 -1.112605
v -7.299579 61.655357 -3.892226
v -7.595135 62.694130 -5.000000
v -6.853424 68.834091 0.866102
v -7.829167 67.659058 1.112604
v -6.239582 62.209698 0.866101
v -7.414625 63.185440 1.112605
v -6.105055 68.903450 2.426763
v -6.867803 67.748138 3.117449
v -10.377719 60.629986 -3.506773
v -9.165409 61.233646 -2.426761
v -8.871513 62.586475 -3.117449
v -10.428864 61.811008 -4.504844
v -5.491212 62.279041 2.426764
v -6.453261 63.274525 3.117449
v -12.130810 67.188980 2.426761
v -11.458030 67.523979 0.866107
v -10.009857 67.038605 1.112604
v -10.874119 66.608253 3.117448
v -4.756542 69.028404 3.506774
v -5.135486 67.908661 4.504844
v -3.649797 62.693810 -0.866101
v -2.906582 64.028137 -1.112605
v -4.142699 62.403999 3.506774
v -4.720944 63.435047 4.504844
v -9.120198 68.054176 -3.892226
v -8.824643 67.015404 -5.000000
v -3.074972 69.184227 3.892226
v -2.975322 68.108833 5.000000
v -22.578402 60.700695 -2.426766
v -23.490782 59.699863 -3.506774
v -22.368843 59.327473 -4.504846
v -21.196789 60.613155 -3.117449
v -2.461130 62.559822 3.892226
v -2.560780 63.635216 5.000000
v -1.393401 69.340050 3.506774
v -0.815157 68.309006 4.504845
v -5.470419 69.092636 -0.866103
v -4.136091 68.349411 -1.112605
v -0.779560 62.715641 3.506774
v -0.400616 63.835384 4.504843
v 1.393401 69.340050 -3.506774
v 0.815157 68.309006 -4.504845
v 0.779560 62.715641 -3.506774
v 0.400616 63.835384 -4.504843
v 0.044888 69.465004 -2.426763
v -0.917160 68.469528 -3.117449
v -3.649797 62.693806 0.866101
v -4.372684 62.488132 2.426765
v -3.835207 63.763920 3.117449
v -2.906581 64.028137 1.112605
v -0.568954 62.840599 -2.426763
v -1.331702 63.995907 -3.117450
v -0.703480 69.534355 -0.866102
v -1.878523 68.558609 -1.112605
v -1.317323 62.909946 -0.866102
v -2.293066 64.084991 -1.112605
v -2.461129 62.559822 -3.892226
v -2.560780 63.635216 -5.000000
v -0.703480 69.534363 0.866102
v -1.878523 68.558609 1.112605
v -1.317323 62.909946 0.866102
v -2.293066 64.084991 1.112605
v 0.044888 69.465004 2.426763
v -0.917160 68.469528 3.117449
v -5.675273 62.117512 -3.506774
v -4.372683 62.488132 -2.426765
v -3.835207 63.763920 -3.117449
v -5.508533 63.287819 -4.504845
v -0.568954 62.840603 2.426763
v -1.331702 63.995907 3.117450
v -6.193300 68.886948 2.426762
v -5.470419 69.092628 0.866103
v -4.136091 68.349411 1.112605
v -5.064716 68.085197 3.117449
v 1.393401 69.340050 3.506774
v 0.815157 68.309006 4.504844
v 1.317323 62.909946 -0.866102
v 2.293066 64.084991 -1.112605
v 0.779560 62.715645 3.506774
v 0.400615 63.835384 4.504845
v -3.074971 69.184227 -3.892226
v -2.975322 68.108833 -5.000000
v 3.074971 69.184227 3.892226
v 2.975322 68.108833 5.000000
v -17.655222 64.428894 -2.426764
v -18.735968 63.612747 -3.506775
v -17.701559 63.040546 -4.504844
v -16.313215 64.088966 -3.117451
v 2.461129 62.559822 3.892226
v 2.560780 63.635216 5.000000
v 4.756542 69.028404 3.506774
v 5.135486 67.908661 4.504845
v 0.703480 69.534363 -0.866102
v 1.878523 68.558609 -1.112605
v 4.142700 62.404003 3.506774
v 4.720944 63.435047 4.504845
v 7.495894 68.516335 -3.506774
v 6.738041 67.609093 -4.504844
v 5.675272 62.117512 -3.506774
v 5.508533 63.287819 -4.504844
v 6.193300 68.886948 -2.426762
v 5.064716 68.085197 -3.117449
v 1.317323 62.909946 0.866102
v 0.568954 62.840599 2.426763
v 1.331702 63.995907 3.117450
v 2.293066 64.084991 1.112605
v 4.372684 62.488132 -2.426765
v 3.835207 63.763920 -3.117449
v 5.470419 69.092628 -0.866103
v 4.136091 68.349411 -1.112605
v 3.649797 62.693806 -0.866101
v 2.906581 64.028137 -1.112605
v 2.461130 62.559822 -3.892226
v 2.560780 63.635216 -5.000000
v 5.470419 69.092636 0.866103
v 4.136091 68.349411 1.112605
v 3.649797 62.693810 0.866101
v 2.906582 64.028137 1.112605
v 6.193298 68.886948 2.426762
v 5.064717 68.085197 3.117449
v -0.779560 62.715645 -3.506774
v 0.568954 62.840603 -2.426763
v 1.331702 63.995907 -3.117450
v -0.400615 63.835384 -4.504845
v 4.372683 62.488132 2.426765
v 3.835207 63.763920 3.117449
v -0.044888 69.465004 2.426763
v 0.703480 69.534355 0.866102
v 1.878523 68.558609 1.112605
v 0.917160 68.469528 3.117449
v 7.495893 68.516335 3.506773
v 6.738041 67.609093 4.504844
v 6.239582 62.209698 -0.866101
v 7.414625 63.185440 -1.112605
v 5.675273 62.117512 3.506774
v 5.508533 63.287819 4.504845
v 3.074972 69.184227 -3.892226
v 2.975322 68.108833 -5.000000
v 9.120198 68.054176 3.892226
v 8.824643 67.015404 5.000000
v -12.130808 67.188980 -2.426761
v -13.343119 66.585320 -3.506773
v -12.431470 65.832787 -4.504843
v -10.874117 66.608253 -3.117449
v 7.299579 61.655357 3.892226
v 7.595135 62.694130 5.000000
v 10.744506 67.592018 3.506774
v 10.911246 66.421715 4.504843
v 6.853424 68.834091 -0.866102
v 7.829167 67.659058 -1.112604
v 8.923886 61.193203 3.506774
v 9.681739 62.100441 4.504844
v 13.343120 66.585320 -3.506773
v 12.431469 65.832787 -4.504844
v 10.377718 60.629986 -3.506773
v 10.428864 61.811008 -4.504844
v 12.130810 67.188980 -2.426761
v 10.874119 66.608253 -3.117448
v 6.239582 62.209698 0.866102
v 5.491212 62.279045 2.426764
v 6.453261 63.274525 3.117450
v 7.414625 63.185440 1.112605
v 9.165407 61.233646 -2.426761
v 8.871514 62.586475 -3.117449
v 11.458030 67.523979 -0.866107
v 10.009857 67.038605 -1.112604
v 8.492628 61.568653 -0.866100
v 8.007249 63.016827 -1.112604
v 7.299580 61.655357 -3.892226
v 7.595135 62.694130 -5.000000
v 11.458032 67.523979 0.866107
v 10.009855 67.038605 1.112605
v 8.492628 61.568653 0.866100
v 8.007249 63.016827 1.112604
v 12.130808 67.188980 2.426761
v 10.874117 66.608253 3.117449
v 4.142699 62.403999 -3.506774
v 5.491212 62.279041 -2.426764
v 6.453261 63.274525 -3.117449
v 4.720944 63.435047 -4.504844
v 9.165409 61.233646 2.426761
v 8.871513 62.586475 3.117449
v 6.105055 68.903450 2.426763
v 6.853424 68.834099 0.866102
v 7.829167 67.659058 1.112604
v 6.867803 67.748138 3.117449
v 13.343119 66.585320 3.506773
v 12.431470 65.832787 4.504843
v 10.949361 60.616905 -0.866101
v 12.283689 61.360123 -1.112605
v 10.377719 60.629986 3.506773
v 10.428864 61.811008 4.504844
v 9.120200 68.054176 -3.892226
v 8.824643 67.015404 -5.000000
v 14.854852 65.832565 3.892226
v 14.373454 64.865791 5.000000
v -6.193298 68.886948 -2.426762
v -7.495893 68.516335 -3.506773
v -6.738041 67.609093 -4.504844
v -5.064717 68.085197 -3.117449
v 11.889452 59.877239 3.892226
v 12.370847 60.844013 5.000000
v 16.366581 65.079811 3.506774
v 16.315437 63.898792 4.504844
v 12.769980 67.015717 -0.866103
v 13.513198 65.681396 -1.112605
v 13.401175 59.124481 3.506774
v 14.312833 59.877022 4.504844
v 18.735964 63.612747 -3.506775
v 17.701557 63.040546 -4.504844
v 14.726769 58.303715 -3.506773
v 14.994052 59.455223 -4.504844
v 17.655222 64.428894 -2.426764
v 16.313217 64.088966 -3.117452
v 10.949362 60.616909 0.866101
v 10.226476 60.822582 2.426764
v 11.355063 61.624340 3.117449
v 12.283689 61.360123 1.112604
v 13.646021 59.119854 -2.426763
v 13.605710 60.503651 -3.117450
v 17.055449 64.881813 -0.866106
v 15.542742 64.670799 -1.112606
v 13.046251 59.572781 -0.866099
v 12.835236 61.085487 -1.112605
v 11.889452 59.877239 -3.892226
v 12.370847 60.844013 -4.999999
v 17.055450 64.881821 0.866106
v 15.542745 64.670799 1.112605
v 13.046251 59.572781 0.866099
v 12.835236 61.085487 1.112606
v 17.655222 64.428894 2.426764
v 16.313215 64.088966 3.117451
v 8.923886 61.193203 -3.506774
v 10.226476 60.822582 -2.426764
v 11.355064 61.624340 -3.117449
v 9.681739 62.100441 -4.504844
v 13.646021 59.119854 2.426763
v 13.605710 60.503651 3.117450
v 12.047098 67.221413 2.426764
v 12.769980 67.015724 0.866103
v 13.513198 65.681396 1.112606
v 12.584571 65.945610 3.117449
v 18.735968 63.612747 3.506775
v 17.701559 63.040546 4.504844
v 15.286271 58.185818 -0.866102
v 16.734446 58.671200 -1.112605
v 14.726770 58.303715 3.506773
v 14.994051 59.455223 4.504844
v 14.854850 65.832565 -3.892226
v 14.373454 64.865791 -5.000000
v 20.083639 62.595039 3.892226
v 19.432791 61.733177 4.999999
v -0.044888 69.465004 -2.426763
v -1.393401 69.340050 -3.506774
v -0.815157 68.309006 -4.504844
v 0.917160 68.469528 -3.117449
v 16.074438 57.285995 3.892226
v 16.725286 58.147858 5.000000
v 21.431307 61.577320 3.506774
v 21.164026 60.425812 4.504843
v 18.251669 64.141151 -0.866106
v 18.737049 62.692974 -1.112604
v 17.422112 56.268288 3.506775
v 18.456520 56.840488 4.504846
v 23.490780 59.699863 -3.506774
v 22.368847 59.327473 -4.504846
v 18.574312 55.217915 -3.506773
v 19.048634 56.300705 -4.504844
v 22.578400 60.700691 -2.426766
v 21.196789 60.613155 -3.117450
v 15.286271 58.185818 0.866102
v 14.613490 58.520828 2.426764
v 15.870183 59.101551 3.117450
v 16.734446 58.671200 1.112605
v 17.661936 56.218746 -2.426766
v 17.876581 57.586388 -3.117449
v 22.072071 61.256119 -0.866104
v 20.546347 61.326653 -1.112606
v 17.155602 56.774166 -0.866103
v 17.226141 58.299889 -1.112605
v 16.074438 57.285995 -3.892226
v 16.725285 58.147858 -4.999999
v 22.072069 61.256115 0.866104
v 20.546347 61.326653 1.112606
v 17.155602 56.774166 0.866103
v 17.226141 58.299889 1.112605
v 22.578402 60.700695 2.426766
v 21.196789 60.613155 3.117449
v 13.401176 59.124485 -3.506774
v 14.613490 58.520828 -2.426764
v 15.870182 59.101551 -3.117449
v 14.312832 59.877022 -4.504844
v 17.661936 56.218746 2.426766
v 17.876581 57.586388 3.117449
v 17.578890 64.476151 2.426761
v 18.251673 64.141151 0.866106
v 18.737051 62.692974 1.112604
v 17.872787 63.123325 3.117448
v 23.490782 59.699863 3.506774
v 22.368843 59.327473 4.504846
v 19.102629 54.999218 -0.866099
v 20.615332 55.210232 -1.112605
v 18.574314 55.217915 3.506773
v 19.048634 56.300705 4.504844
v 20.083639 62.595039 -3.892226
v 19.432793 61.733177 -5.000000
v 24.628504 58.451847 3.892226
v 23.830370 57.724255 4.999999
v 6.105055 68.903450 -2.426763
v 4.756542 69.028404 -3.506774
v 5.135486 67.908661 -4.504844
v 6.867803 67.748138 -3.117449
v 19.712030 53.969891 3.892226
v 20.510164 54.697483 5.000000
v 25.766220 57.203823 3.506773
v 25.291901 56.121033 4.504844
v 23.111826 60.308254 -0.866099
v 23.322844 58.795547 -1.112605
v 20.849752 52.721874 3.506774
v 21.971691 53.094265 4.504845
v 27.445644 54.979908 -3.506774
v 26.274384 54.820015 -4.504845
v 21.789335 51.477669 -3.506774
v 22.454540 52.454868 -4.504844
v 26.732702 56.131351 -2.426763
v 25.358528 56.299171 -3.117449
v 21.076389 52.629112 -2.426764
v 21.538689 53.934025 -3.117450
v 19.102629 54.999218 0.866099
v 18.502855 55.452141 2.426764
v 19.844860 55.792065 3.117451
v 20.615334 55.210232 1.112605
v 26.337049 56.770351 -0.866105
v 24.850269 57.120041 -1.112605
v 19.712032 53.969891 -3.892226
v 20.510164 54.697483 -5.000001
v 20.680737 53.268116 -0.866095
v 21.030424 54.754894 -1.112604
v 26.337051 56.770351 0.866105
v 24.850269 57.120041 1.112605
v 20.680738 53.268116 0.866095
v 21.030424 54.754894 1.112604
v 26.732702 56.131351 2.426763
v 25.358528 56.299171 3.117449
v 22.512054 60.761181 2.426764
v 23.111826 60.308254 0.866099
v 23.322840 58.795551 1.112605
v 22.552368 59.377384 3.117449
v 21.076391 52.629112 2.426764
v 21.538689 53.934025 3.117450
v 17.422113 56.268288 -3.506775
v 18.502855 55.452141 -2.426764
v 19.844860 55.792065 -3.117450
v 18.456520 56.840488 -4.504844
v 27.445644 54.979908 3.506774
v 26.274384 54.820015 4.504844
v 24.628502 58.451847 -3.892226
v 23.830370 57.724255 -5.000001
v 21.789335 51.477669 3.506774
v 22.454540 52.454868 4.504844
v 22.268463 51.165619 -0.866104
v 23.794189 51.095081 -1.112608
v 28.334671 53.544083 3.892226
v 27.416435 52.975536 5.000001
v 22.678356 50.041847 3.892226
v 23.596592 50.610394 5.000000
v 12.047097 67.221405 -2.426764
v 10.744506 67.592018 -3.506774
v 10.911245 66.421715 -4.504843
v 12.584571 65.945610 -3.117449
v 29.223692 52.108261 3.506774
v 28.558487 51.131062 4.504844
v 23.567383 48.606022 3.506774
v 24.738644 48.765915 4.504845
v 27.184933 55.647572 -0.866103
v 27.114393 54.121849 -1.112605
v 30.465879 49.613617 -3.506774
v 29.285179 49.671665 -4.504843
v 24.262342 47.210350 -3.506774
v 25.095785 48.048679 -4.504846
v 29.976652 50.876453 -2.426765
v 28.656713 51.293922 -3.117449
v 23.773119 48.473190 -2.426764
v 24.467316 49.670940 -3.117450
v 26.678598 56.202991 2.426766
v 27.184933 55.647572 0.866103
v 27.114391 54.121853 1.112604
v 26.463953 54.835350 3.117450
v 29.705153 51.577278 -0.866103
v 28.307938 52.194210 -1.112607
v 23.501614 49.174015 -0.866100
v 24.118546 50.571224 -1.112605
v 22.678356 50.041847 -3.892226
v 23.596592 50.610394 -5.000000
v 29.705154 51.577278 0.866103
v 28.307940 52.194206 1.112606
v 23.501616 49.174015 0.866100
v 24.118546 50.571224 1.112605
v 29.976650 50.876453 2.426765
v 28.656715 51.293919 3.117447
v 17.578894 64.476151 -2.426761
v 16.366581 65.079819 -3.506774
v 16.315437 63.898792 -4.504844
v 17.872787 63.123325 -3.117449
v 23.773119 48.473190 2.426764
v 24.467318 49.670937 3.117450
v 30.465881 49.613617 3.506774
v 29.285179 49.671665 4.504844
v 24.675978 46.815578 -0.866105
v 26.162758 46.465889 -1.112604
v 24.262341 47.210350 3.506774
v 25.095785 48.048679 4.504843
v 28.334671 53.544083 -3.892226
v 27.416435 52.975536 -5.000000
v 31.075933 48.038883 3.892226
v 30.068865 47.648743 5.000000
v 20.849754 52.721874 -3.506774
v 21.762135 51.721046 -2.426766
v 23.143745 51.808582 -3.117450
v 21.971687 53.094265 -4.504845
v 24.872400 45.635616 3.892226
v 25.879469 46.025757 5.000000
v 31.685993 46.464149 3.506774
v 30.852549 45.625820 4.504845
v 30.332291 50.317814 -0.866095
v 29.982603 48.831036 -1.112604
v 25.482452 44.060883 3.506774
v 26.663155 44.002834 4.504843
v 32.448635 43.783726 -3.506773
v 31.298706 44.057739 -4.504844
v 25.909128 42.561279 -3.506774
v 26.882420 43.232189 -4.504844
v 22.268465 51.165623 0.866104
v 21.762133 51.721043 2.426766
v 23.143747 51.808582 3.117449
v 23.794189 51.095085 1.112606
v 32.199783 45.114960 -2.426763
v 30.979031 45.767857 -3.117449
v 24.675976 46.815578 0.866105
v 24.280325 47.454578 2.426763
v 25.654499 47.286758 3.117449
v 26.162758 46.465889 1.112605
v 25.660276 43.892513 -2.426763
v 26.562744 44.942307 -3.117450
v 32.061684 45.853737 -0.866103
v 30.801622 46.716900 -1.112605
v 25.522177 44.631290 -0.866103
v 26.385338 45.891354 -1.112605
v 24.872400 45.635616 -3.892226
v 25.879469 46.025757 -5.000000
v 32.061684 45.853737 0.866103
v 30.801622 46.716896 1.112605
v 25.522175 44.631290 0.866103
v 26.385338 45.891350 1.112605
v 32.199783 45.114960 2.426763
v 30.979031 45.767860 3.117450
v 23.567383 48.606022 -3.506774
v 24.280325 47.454578 -2.426763
v 25.654499 47.286758 -3.117450
v 24.738644 48.765915 -4.504844
v 25.660276 43.892513 2.426763
v 26.562744 44.942307 3.117450
v 29.936636 50.956818 2.426764
v 30.332289 50.317814 0.866095
v 29.982603 48.831036 1.112604
v 29.474339 49.651905 3.117451
v 32.448635 43.783726 3.506773
v 31.298706 44.057739 4.504844
v 26.243181 42.097221 -0.866103
v 27.640394 41.480293 -1.112606
v 25.909128 42.561279 3.506774
v 26.882420 43.232189 4.504845
v 31.075933 48.038883 -3.892226
v 30.068865 47.648743 -5.000000
v 32.758949 42.123711 3.892226
v 31.697334 41.925259 5.000001
v 26.219440 40.901264 3.892226
v 27.281050 41.099709 4.999999
v 33.069256 40.463692 3.506774
v 32.095966 39.792782 4.504844
v 32.446720 44.500484 -0.866100
v 31.829790 43.103275 -1.112604
v 26.529751 39.241245 3.506774
v 27.679680 38.967232 4.504844
v 33.326393 37.688770 -3.506775
v 32.246391 38.169418 -4.504844
v 26.678598 56.202991 -2.426766
v 25.766222 57.203823 -3.506773
v 25.291901 56.121033 -4.504843
v 26.463951 54.835350 -3.117448
v 26.673607 37.688770 -3.506775
v 27.753607 38.169418 -4.504844
v 33.326393 39.043068 -2.426761
v 32.246391 39.909157 -3.117449
v 26.673607 39.043068 -2.426760
v 27.753607 39.909157 -3.117449
v 26.243179 42.097221 0.866103
v 25.971684 42.798046 2.426765
v 27.291620 42.380577 3.117449
v 27.640394 41.480293 1.112606
v 33.326393 39.794640 -0.866106
v 32.246391 40.874638 -1.112603
v 26.219439 40.901264 -3.892226
v 27.281050 41.099709 -5.000000
v 26.673607 39.794636 -0.866109
v 27.753607 40.874638 -1.112605
v 33.326393 39.794640 0.866106
v 32.246391 40.874641 1.112604
v 26.673607 39.794636 0.866109
v 27.753607 40.874638 1.112605
v 33.326393 39.043068 2.426761
v 32.246391 39.909157 3.117449
v 32.175217 45.201309 2.426761
v 32.446720 44.500484 0.866100
v 31.829792 43.103271 1.112606
v 31.481016 44.003563 3.117450
v 26.673607 39.043068 2.426760
v 27.753607 39.909157 3.117449
v 25.482454 44.060883 -3.506774
v 25.971682 42.798046 -2.426765
v 27.291620 42.380577 -3.117449
v 26.663155 44.002834 -4.504844
v 33.326393 37.688770 3.506775
v 32.246391 38.169418 4.504844
v 32.758949 42.123711 -3.892226
v 31.697334 41.925259 -4.999999
v 26.673607 37.688770 3.506775
v 27.753607 38.169418 4.504844
v 26.916704 37.171234 -0.866103
v 28.176764 36.308071 -1.112604
v 33.326393 36.000000 3.892226
v 32.246391 36.000000 5.000000
v 26.673609 36.000000 3.892226
v 27.753607 36.000000 5.000000
v 33.326393 34.311230 3.506775
v 32.246391 33.830582 4.504844
v 26.673607 34.311230 3.506775
v 27.753609 33.830582 4.504844
v 33.456211 38.393681 -0.866103
v 32.593048 37.133621 -1.112605
v 33.326393 32.956932 2.426760
v 32.246391 32.090843 3.117449
v 32.175220 45.201309 -2.426761
v 31.685991 46.464149 -3.506774
v 30.852549 45.625820 -4.504844
v 31.481016 44.003563 -3.117449
v 26.673609 32.956932 2.426760
v 27.753609 32.090843 3.117449
v 33.326393 32.205360 0.866100
v 32.246391 31.125360 1.112605
v 26.529751 39.241245 -3.506774
v 26.778601 37.910011 -2.426762
v 27.999357 37.257114 -3.117450
v 27.679680 38.967232 -4.504844
v 26.673609 32.205360 0.866100
v 27.753609 31.125360 1.112605
v 29.936638 50.956818 -2.426764
v 29.223692 52.108261 -3.506774
v 28.558487 51.131062 -4.504846
v 29.474337 49.651909 -3.117448
v 33.326393 32.205360 -0.866100
v 32.246391 31.125360 -1.112605
v 26.673609 32.205360 -0.866100
v 27.753609 31.125360 -1.112605
v 26.916702 37.171234 0.866103
v 26.778599 37.910011 2.426762
v 27.999357 37.257114 3.117449
v 28.176764 36.308071 1.112604
v 33.326393 32.956932 -2.426760
v 32.246391 32.090843 -3.117449
v 33.318111 39.132458 -2.426763
v 33.069256 40.463692 -3.506774
v 32.095966 39.792782 -4.504844
v 32.415642 38.082664 -3.117450
v 26.673609 32.956932 -2.426760
v 27.753609 32.090843 -3.117449
v 33.326393 34.311230 -3.506775
v 33.326393 36.000000 -3.892226
v 32.246391 36.000000 -5.000000
v 32.246391 33.830582 -4.504844
v 22.512056 60.761181 -2.426764
v 21.431307 61.577320 -3.506774
v 21.164026 60.425812 -4.504844
v 22.552368 59.377384 -3.117450
v 26.673609 36.000000 -3.892226
v 26.673607 34.311230 -3.506775
v 27.753609 33.830582 -4.504844
v 27.753607 36.000000 -5.000000
v 33.318111 39.132458 2.426763
v 33.456211 38.393681 0.866103
v 32.593048 37.133621 1.112606
v 32.415642 38.082661 3.117453
v -11.920000 0.000000 7.920000
v -11.920000 1.080000 9.000000
v -13.000000 1.080000 7.920000
v -11.920000 10.920000 9.000000
v -11.920000 12.000000 7.920000
v -13.000000 10.920000 7.920000
v 26.673609 36.000000 -3.892226
v 27.753607 36.000000 -5.000000
v 33.326393 36.000000 -3.892226
v 32.246391 36.000000 -5.000000
v 26.673607 34.311230 -3.506775
v 27.753609 33.830582 -4.504844
v 33.326393 34.311230 -3.506775
v 32.246391 33.830582 -4.504844
v 26.673609 32.956932 -2.426760
v 27.753609 32.090843 -3.117449
v 33.326393 32.956932 -2.426760
v 32.246391 32.090843 -3.117449
v 26.673609 32.205360 -0.866100
v 27.753609 31.125360 -1.112605
v 33.326393 32.205360 -0.866100
v 32.246391 31.125360 -1.112605
v 26.673609 32.205360 0.866100
v 27.753609 31.125360 1.112605
v 33.326393 32.205360 0.866100
v 32.246391 31.125360 1.112605
v 26.673609 32.956932 2.426760
v 27.753609 32.090843 3.117449
v 33.326393 32.956932 2.426760
v 32.246391 32.090843 3.117449
v 26.673607 34.311230 3.506775
v 27.753609 33.830582 4.504844
v 33.326393 34.311230 3.506775
v 32.246391 33.830582 4.504844
v 26.673609 36.000000 3.892226
v 27.753607 36.000000 5.000000
v 33.326393 36.000000 3.892226
v 32.246391 36.000000 5.000000
v 26.673607 37.688770 3.506775
v 27.753607 38.169418 4.504844
v 33.326393 37.688770 3.506775
v 32.246391 38.169418 4.504844
v 26.673607 39.043068 2.426760
v 27.753607 39.909157 3.117449
v 33.326393 39.043068 2.426761
v 32.246391 39.909157 3.117449
v 26.673607 39.794636 0.866109
v 27.753607 40.874638 1.112605
v 33.326393 39.794640 0.866106
v 32.246391 40.874641 1.112604
v 26.673607 39.794636 -0.866109
v 27.753607 40.874638 -1.112605
v 33.326393 39.794640 -0.866106
v 32.246391 40.874638 -1.112603
v 26.673607 39.043068 -2.426760
v 27.753607 39.909157 -3.117449
v 33.326393 39.043068 -2.426761
v 32.246391 39.909157 -3.117449
v 26.673607 37.688770 -3.506775
v 27.753607 38.169418 -4.504844
v 33.326393 37.688770 -3.506775
v 32.246391 38.169418 -4.504844
v 26.219439 40.901264 -3.892226
v 27.281050 41.099709 -5.000000
v 32.758949 42.123711 -3.892226
v 31.697334 41.925259 -4.999999
v 26.529751 39.241245 -3.506774
v 27.679680 38.967232 -4.504844
v 33.069256 40.463692 -3.506774
v 32.095966 39.792782 -4.504844
v 26.778601 37.910011 -2.426762
v 27.999357 37.257114 -3.117450
v 33.318111 39.132458 -2.426763
v 32.415642 38.082664 -3.117450
v 26.916704 37.171234 -0.866103
v 28.176764 36.308071 -1.112604
v 33.456211 38.393681 -0.866103
v 32.593048 37.133621 -1.112605
v 26.916702 37.171234 0.866103
v 28.176764 36.308071 1.112604
v 33.456211 38.393681 0.866103
v 32.593048 37.133621 1.112606
v 26.778599 37.910011 2.426762
v 27.999357 37.257114 3.117449
v 33.318111 39.132458 2.426763
v 32.415642 38.082661 3.117453
v 26.529751 39.241245 3.506774
v 27.679680 38.967232 4.504844
v 33.069256 40.463692 3.506774
v 32.095966 39.792782 4.504844
v 26.219440 40.901264 3.892226
v 27.281050 41.099709 4.999999
v 32.758949 42.123711 3.892226
v 31.697334 41.925259 5.000001
v 25.909128 42.561279 3.506774
v 26.882420 43.232189 4.504845
v 32.448635 43.783726 3.506773
v 31.298706 44.057739 4.504844
v 25.660276 43.892513 2.426763
v 26.562744 44.942307 3.117450
v 32.199783 45.114960 2.426763
v 30.979031 45.767860 3.117450
v 25.522175 44.631290 0.866103
v 26.385338 45.891350 1.112605
v 32.061684 45.853737 0.866103
v 30.801622 46.716896 1.112605
v 25.522177 44.631290 -0.866103
v 26.385338 45.891354 -1.112605
v 32.061684 45.853737 -0.866103
v 30.801622 46.716900 -1.112605
v 25.660276 43.892513 -2.426763
v 26.562744 44.942307 -3.117450
v 32.199783 45.114960 -2.426763
v 30.979031 45.767857 -3.117449
v 25.909128 42.561279 -3.506774
v 26.882420 43.232189 -4.504844
v 32.448635 43.783726 -3.506773
v 31.298706 44.057739 -4.504844
v 24.872400 45.635616 -3.892226
v 25.879469 46.025757 -5.000000
v 31.075933 48.038883 -3.892226
v 30.068865 47.648743 -5.000000
v 25.482454 44.060883 -3.506774
v 26.663155 44.002834 -4.504844
v 31.685991 46.464149 -3.506774
v 30.852549 45.625820 -4.504844
v 25.971682 42.798046 -2.426765
v 27.291620 42.380577 -3.117449
v 32.175220 45.201309 -2.426761
v 31.481016 44.003563 -3.117449
v 26.243181 42.097221 -0.866103
v 27.640394 41.480293 -1.112606
v 32.446720 44.500484 -0.866100
v 31.829790 43.103275 -1.112604
v 26.243179 42.097221 0.866103
v 27.640394 41.480293 1.112606
v 32.446720 44.500484 0.866100
v 31.829792 43.103271 1.112606
v 25.971684 42.798046 2.426765
v 27.291620 42.380577 3.117449
v 32.175217 45.201309 2.426761
v 31.481016 44.003563 3.117450
v 25.482452 44.060883 3.506774
v 26.663155 44.002834 4.504843
v 31.685993 46.464149 3.506774
v 30.852549 45.625820 4.504845
v 24.872400 45.635616 3.892226
v 25.879469 46.025757 5.000000
v 31.075933 48.038883 3.892226
v 30.068865 47.648743 5.000000
v 24.262341 47.210350 3.506774
v 25.095785 48.048679 4.504843
v 30.465881 49.613617 3.506774
v 29.285179 49.671665 4.504844
v 23.773119 48.473190 2.426764
v 24.467318 49.670937 3.117450
v 29.976650 50.876453 2.426765
v 28.656715 51.293919 3.117447
v 23.501616 49.174015 0.866100
v 24.118546 50.571224 1.112605
v 29.705154 51.577278 0.866103
v 28.307940 52.194206 1.112606
v 23.501614 49.174015 -0.866100
v 24.118546 50.571224 -1.112605
v 29.705153 51.577278 -0.866103
v 28.307938 52.194210 -1.112607
v 23.773119 48.473190 -2.426764
v 24.467316 49.670940 -3.117450
v 29.976652 50.876453 -2.426765
v 28.656713 51.293922 -3.117449
v 24.262342 47.210350 -3.506774
v 25.095785 48.048679 -4.504846
v 30.465879 49.613617 -3.506774
v 29.285179 49.671665 -4.504843
v 22.678356 50.041847 -3.892226
v 23.596592 50.610394 -5.000000
v 28.334671 53.544083 -3.892226
v 27.416435 52.975536 -5.000000
v 23.567383 48.606022 -3.506774
v 24.738644 48.765915 -4.504844
v 29.223692 52.108261 -3.506774
v 28.558487 51.131062 -4.504846
v 24.280325 47.454578 -2.426763
v 25.654499 47.286758 -3.117450
v 29.936638 50.956818 -2.426764
v 29.474337 49.651909 -3.117448
v 24.675978 46.815578 -0.866105
v 26.162758 46.465889 -1.112604
v 30.332291 50.317814 -0.866095
v 29.982603 48.831036 -1.112604
v 24.675976 46.815578 0.866105
v 26.162758 46.465889 1.112605
v 30.332289 50.317814 0.866095
v 29.982603 48.831036 1.112604
v 24.280325 47.454578 2.426763
v 25.654499 47.286758 3.117449
v 29.936636 50.956818 2.426764
v 29.474339 49.651905 3.117451
v 23.567383 48.606022 3.506774
v 24.738644 48.765915 4.504845
v 29.223692 52.108261 3.506774
v 28.558487 51.131062 4.504844
v 22.678356 50.041847 3.892226
v 23.596592 50.610394 5.000000
v 28.334671 53.544083 3.892226
v 27.416435 52.975536 5.000001
v 21.789335 51.477669 3.506774
v 22.454540 52.454868 4.504844
v 27.445644 54.979908 3.506774
v 26.274384 54.820015 4.504844
v 21.076391 52.629112 2.426764
v 21.538689 53.934025 3.117450
v 26.732702 56.131351 2.426763
v 25.358528 56.299171 3.117449
v 20.680738 53.268116 0.866095
v 21.030424 54.754894 1.112604
v 26.337051 56.770351 0.866105
v 24.850269 57.120041 1.112605
v 20.680737 53.268116 -0.866095
v 21.030424 54.754894 -1.112604
v 26.337049 56.770351 -0.866105
v 24.850269 57.120041 -1.112605
v 21.076389 52.629112 -2.426764
v 21.538689 53.934025 -3.117450
v 26.732702 56.131351 -2.426763
v 25.358528 56.299171 -3.117449
v 21.789335 51.477669 -3.506774
v 22.454540 52.454868 -4.504844
v 27.445644 54.979908 -3.506774
v 26.274384 54.820015 -4.504845
v 19.712032 53.969891 -3.892226
v 20.510164 54.697483 -5.000001
v 24.628502 58.451847 -3.892226
v 23.830370 57.724255 -5.000001
v 20.849754 52.721874 -3.506774
v 21.971687 53.094265 -4.504845
v 25.766222 57.203823 -3.506773
v 25.291901 56.121033 -4.504843
v 21.762135 51.721046 -2.426766
v 23.143745 51.808582 -3.117450
v 26.678598 56.202991 -2.426766
v 26.463951 54.835350 -3.117448
v 22.268463 51.165619 -0.866104
v 23.794189 51.095081 -1.112608
v 27.184933 55.647572 -0.866103
v 27.114393 54.121849 -1.112605
v 22.268465 51.165623 0.866104
v 23.794189 51.095085 1.112606
v 27.184933 55.647572 0.866103
v 27.114391 54.121853 1.112604
v 21.762133 51.721043 2.426766
v 23.143747 51.808582 3.117449
v 26.678598 56.202991 2.426766
v 26.463953 54.835350 3.117450
v 20.849752 52.721874 3.506774
v 21.971691 53.094265 4.504845
v 25.766220 57.203823 3.506773
v 25.291901 56.121033 4.504844
v 19.712030 53.969891 3.892226
v 20.510164 54.697483 5.000000
v 24.628504 58.451847 3.892226
v 23.830370 57.724255 4.999999
v 18.574314 55.217915 3.506773
v 19.048634 56.300705 4.504844
v 23.490782 59.699863 3.506774
v 22.368843 59.327473 4.504846
v 17.661936 56.218746 2.426766
v 17.876581 57.586388 3.117449
v 22.578402 60.700695 2.426766
v 21.196789 60.613155 3.117449
v 17.155602 56.774166 0.866103
v 17.226141 58.299889 1.112605
v 22.072069 61.256115 0.866104
v 20.546347 61.326653 1.112606
v 17.155602 56.774166 -0.866103
v 17.226141 58.299889 -1.112605
v 22.072071 61.256119 -0.866104
v 20.546347 61.326653 -1.112606
v 17.661936 56.218746 -2.426766
v 17.876581 57.586388 -3.117449
v 22.578400 60.700691 -2.426766
v 21.196789 60.613155 -3.117450
v 18.574312 55.217915 -3.506773
v 19.048634 56.300705 -4.504844
v 23.490780 59.699863 -3.506774
v 22.368847 59.327473 -4.504846
v 16.074438 57.285995 -3.892226
v 16.725285 58.147858 -4.999999
v 20.083639 62.595039 -3.892226
v 19.432793 61.733177 -5.000000
v 17.422113 56.268288 -3.506775
v 18.456520 56.840488 -4.504844
v 21.431307 61.577320 -3.506774
v 21.164026 60.425812 -4.504844
v 18.502855 55.452141 -2.426764
v 19.844860 55.792065 -3.117450
v 22.512056 60.761181 -2.426764
v 22.552368 59.377384 -3.117450
v 19.102629 54.999218 -0.866099
v 20.615332 55.210232 -1.112605
v 23.111826 60.308254 -0.866099
v 23.322844 58.795547 -1.112605
v 19.102629 54.999218 0.866099
v 20.615334 55.210232 1.112605
v 23.111826 60.308254 0.866099
v 23.322840 58.795551 1.112605
v 18.502855 55.452141 2.426764
v 19.844860 55.792065 3.117451
v 22.512054 60.761181 2.426764
v 22.552368 59.377384 3.117449
v 17.422112 56.268288 3.506775
v 18.456520 56.840488 4.504846
v 21.431307 61.577320 3.506774
v 21.164026 60.425812 4.504843
v 16.074438 57.285995 3.892226
v 16.725286 58.147858 5.000000
v 20.083639 62.595039 3.892226
v 19.432791 61.733177 4.999999
v 14.726770 58.303715 3.506773
v 14.994051 59.455223 4.504844
v 18.735968 63.612747 3.506775
v 17.701559 63.040546 4.504844
v 13.646021 59.119854 2.426763
v 13.605710 60.503651 3.117450
v 17.655222 64.428894 2.426764
v 16.313215 64.088966 3.117451
v 13.046251 59.572781 0.866099
v 12.835236 61.085487 1.112606
v 17.055450 64.881821 0.866106
v 15.542745 64.670799 1.112605
v 13.046251 59.572781 -0.866099
v 12.835236 61.085487 -1.112605
v 17.055449 64.881813 -0.866106
v 15.542742 64.670799 -1.112606
v 13.646021 59.119854 -2.426763
v 13.605710 60.503651 -3.117450
v 17.655222 64.428894 -2.426764
v 16.313217 64.088966 -3.117452
v 14.726769 58.303715 -3.506773
v 14.994052 59.455223 -4.504844
v 18.735964 63.612747 -3.506775
v 17.701557 63.040546 -4.504844
v 11.889452 59.877239 -3.892226
v 12.370847 60.844013 -4.999999
v 14.854850 65.832565 -3.892226
v 14.373454 64.865791 -5.000000
v 13.401176 59.124485 -3.506774
v 14.312832 59.877022 -4.504844
v 16.366581 65.079819 -3.506774
v 16.315437 63.898792 -4.504844
v 14.613490 58.520828 -2.426764
v 15.870182 59.101551 -3.117449
v 17.578894 64.476151 -2.426761
v 17.872787 63.123325 -3.117449
v 15.286271 58.185818 -0.866102
v 16.734446 58.671200 -1.112605
v 18.251669 64.141151 -0.866106
v 18.737049 62.692974 -1.112604
v 15.286271 58.185818 0.866102
v 16.734446 58.671200 1.112605
v 18.251673 64.141151 0.866106
v 18.737051 62.692974 1.112604
v 14.613490 58.520828 2.426764
v 15.870183 59.101551 3.117450
v 17.578890 64.476151 2.426761
v 17.872787 63.123325 3.117448
v 13.401175 59.124481 3.506774
v 14.312833 59.877022 4.504844
v 16.366581 65.079811 3.506774
v 16.315437 63.898792 4.504844
v 11.889452 59.877239 3.892226
v 12.370847 60.844013 5.000000
v 14.854852 65.832565 3.892226
v 14.373454 64.865791 5.000000
v 10.377719 60.629986 3.506773
v 10.428864 61.811008 4.504844
v 13.343119 66.585320 3.506773
v 12.431470 65.832787 4.504843
v 9.165409 61.233646 2.426761
v 8.871513 62.586475 3.117449
v 12.130808 67.188980 2.426761
v 10.874117 66.608253 3.117449
v 8.492628 61.568653 0.866100
v 8.007249 63.016827 1.112604
v 11.458032 67.523979 0.866107
v 10.009855 67.038605 1.112605
v 8.492628 61.568653 -0.866100
v 8.007249 63.016827 -1.112604
v 11.458030 67.523979 -0.866107
v 10.009857 67.038605 -1.112604
v 9.165407 61.233646 -2.426761
v 8.871514 62.586475 -3.117449
v 12.130810 67.188980 -2.426761
v 10.874119 66.608253 -3.117448
v 10.377718 60.629986 -3.506773
v 10.428864 61.811008 -4.504844
v 13.343120 66.585320 -3.506773
v 12.431469 65.832787 -4.504844
v 7.299580 61.655357 -3.892226
v 7.595135 62.694130 -5.000000
v 9.120200 68.054176 -3.892226
v 8.824643 67.015404 -5.000000
v 8.923886 61.193203 -3.506774
v 9.681739 62.100441 -4.504844
v 10.744506 67.592018 -3.506774
v 10.911245 66.421715 -4.504843
v 10.226476 60.822582 -2.426764
v 11.355064 61.624340 -3.117449
v 12.047097 67.221405 -2.426764
v 12.584571 65.945610 -3.117449
v 10.949361 60.616905 -0.866101
v 12.283689 61.360123 -1.112605
v 12.769980 67.015717 -0.866103
v 13.513198 65.681396 -1.112605
v 10.949362 60.616909 0.866101
v 12.283689 61.360123 1.112604
v 12.769980 67.015724 0.866103
v 13.513198 65.681396 1.112606
v 10.226476 60.822582 2.426764
v 11.355063 61.624340 3.117449
v 12.047098 67.221413 2.426764
v 12.584571 65.945610 3.117449
v 8.923886 61.193203 3.506774
v 9.681739 62.100441 4.504844
v 10.744506 67.592018 3.506774
v 10.911246 66.421715 4.504843
v 7.299579 61.655357 3.892226
v 7.595135 62.694130 5.000000
v 9.120198 68.054176 3.892226
v 8.824643 67.015404 5.000000
v 5.675273 62.117512 3.506774
v 5.508533 63.287819 4.504845
v 7.495893 68.516335 3.506773
v 6.738041 67.609093 4.504844
v 4.372683 62.488132 2.426765
v 3.835207 63.763920 3.117449
v 6.193298 68.886948 2.426762
v 5.064717 68.085197 3.117449
v 3.649797 62.693810 0.866101
v 2.906582 64.028137 1.112605
v 5.470419 69.092636 0.866103
v 4.136091 68.349411 1.112605
v 3.649797 62.693806 -0.866101
v 2.906581 64.028137 -1.112605
v 5.470419 69.092628 -0.866103
v 4.136091 68.349411 -1.112605
v 4.372684 62.488132 -2.426765
v 3.835207 63.763920 -3.117449
v 6.193300 68.886948 -2.426762
v 5.064716 68.085197 -3.117449
v 5.675272 62.117512 -3.506774
v 5.508533 63.287819 -4.504844
v 7.495894 68.516335 -3.506774
v 6.738041 67.609093 -4.504844
v 2.461130 62.559822 -3.892226
v 2.560780 63.635216 -5.000000
v 3.074972 69.184227 -3.892226
v 2.975322 68.108833 -5.000000
v 4.142699 62.403999 -3.506774
v 4.720944 63.435047 -4.504844
v 4.756542 69.028404 -3.506774
v 5.135486 67.908661 -4.504844
v 5.491212 62.279041 -2.426764
v 6.453261 63.274525 -3.117449
v 6.105055 68.903450 -2.426763
v 6.867803 67.748138 -3.117449
v 6.239582 62.209698 -0.866101
v 7.414625 63.185440 -1.112605
v 6.853424 68.834091 -0.866102
v 7.829167 67.659058 -1.112604
v 6.239582 62.209698 0.866102
v 7.414625 63.185440 1.112605
v 6.853424 68.834099 0.866102
v 7.829167 67.659058 1.112604
v 5.491212 62.279045 2.426764
v 6.453261 63.274525 3.117450
v 6.105055 68.903450 2.426763
v 6.867803 67.748138 3.117449
v 4.142700 62.404003 3.506774
v 4.720944 63.435047 4.504845
v 4.756542 69.028404 3.506774
v 5.135486 67.908661 4.504845
v 2.461129 62.559822 3.892226
v 2.560780 63.635216 5.000000
v 3.074971 69.184227 3.892226
v 2.975322 68.108833 5.000000
v 0.779560 62.715645 3.506774
v 0.400615 63.835384 4.504845
v 1.393401 69.340050 3.506774
v 0.815157 68.309006 4.504844
v -0.568954 62.840603 2.426763
v -1.331702 63.995907 3.117450
v 0.044888 69.465004 2.426763
v -0.917160 68.469528 3.117449
v -1.317323 62.909946 0.866102
v -2.293066 64.084991 1.112605
v -0.703480 69.534363 0.866102
v -1.878523 68.558609 1.112605
v -1.317323 62.909946 -0.866102
v -2.293066 64.084991 -1.112605
v -0.703480 69.534355 -0.866102
v -1.878523 68.558609 -1.112605
v -0.568954 62.840599 -2.426763
v -1.331702 63.995907 -3.117450
v 0.044888 69.465004 -2.426763
v -0.917160 68.469528 -3.117449
v 0.779560 62.715641 -3.506774
v 0.400616 63.835384 -4.504843
v 1.393401 69.340050 -3.506774
v 0.815157 68.309006 -4.504845
v -2.461129 62.559822 -3.892226
v -2.560780 63.635216 -5.000000
v -3.074971 69.184227 -3.892226
v -2.975322 68.108833 -5.000000
v -0.779560 62.715645 -3.506774
v -0.400615 63.835384 -4.504845
v -1.393401 69.340050 -3.506774
v -0.815157 68.309006 -4.504844
v 0.568954 62.840603 -2.426763
v 1.331702 63.995907 -3.117450
v -0.044888 69.465004 -2.426763
v 0.917160 68.469528 -3.117449
v 1.317323 62.909946 -0.866102
v 2.293066 64.084991 -1.112605
v 0.703480 69.534363 -0.866102
v 1.878523 68.558609 -1.112605
v 1.317323 62.909946 0.866102
v 2.293066 64.084991 1.112605
v 0.703480 69.534355 0.866102
v 1.878523 68.558609 1.112605
v 0.568954 62.840599 2.426763
v 1.331702 63.995907 3.117450
v -0.044888 69.465004 2.426763
v 0.917160 68.469528 3.117449
v -0.779560 62.715641 3.506774
v -0.400616 63.835384 4.504843
v -1.393401 69.340050 3.506774
v -0.815157 68.309006 4.504845
v -2.461130 62.559822 3.892226
v -2.560780 63.635216 5.000000
v -3.074972 69.184227 3.892226
v -2.975322 68.108833 5.000000
v -4.142699 62.403999 3.506774
v -4.720944 63.435047 4.504844
v -4.756542 69.028404 3.506774
v -5.135486 67.908661 4.504844
v -5.491212 62.279041 2.426764
v -6.453261 63.274525 3.117449
v -6.105055 68.903450 2.426763
v -6.867803 67.748138 3.117449
v -6.239582 62.209698 0.866101
v -7.414625 63.185440 1.112605
v -6.853424 68.834091 0.866102
v -7.829167 67.659058 1.112604
v -6.239582 62.209698 -0.866102
v -7.414625 63.185440 -1.112605
v -6.853424 68.834099 -0.866102
v -7.829167 67.659058 -1.112604
v -5.491212 62.279045 -2.426764
v -6.453261 63.274525 -3.117450
v -6.105055 68.903450 -2.426763
v -6.867803 67.748138 -3.117449
v -4.142700 62.404003 -3.506774
v -4.720944 63.435047 -4.504845
v -4.756542 69.028404 -3.506774
v -5.135486 67.908661 -4.504845
v -7.299579 61.655357 -3.892226
v -7.595135 62.694130 -5.000000
v -9.120198 68.054176 -3.892226
v -8.824643 67.015404 -5.000000
v -5.675273 62.117512 -3.506774
v -5.508533 63.287819 -4.504845
v -7.495893 68.516335 -3.506773
v -6.738041 67.609093 -4.504844
v -4.372683 62.488132 -2.426765
v -3.835207 63.763920 -3.117449
v -6.193298 68.886948 -2.426762
v -5.064717 68.085197 -3.117449
v -3.649797 62.693810 -0.866101
v -2.906582 64.028137 -1.112605
v -5.470419 69.092636 -0.866103
v -4.136091 68.349411 -1.112605
v -3.649797 62.693806 0.866101
v -2.906581 64.028137 1.112605
v -5.470419 69.092628 0.866103
v -4.136091 68.349411 1.112605
v -4.372684 62.488132 2.426765
v -3.835207 63.763920 3.117449
v -6.193300 68.886948 2.426762
v -5.064716 68.085197 3.117449
v -5.675272 62.117512 3.506774
v -5.508533 63.287819 4.504844
v -7.495894 68.516335 3.506774
v -6.738041 67.609093 4.504844
v -7.299580 61.655357 3.892226
v -7.595135 62.694130 5.000000
v -9.120200 68.054176 3.892226
v -8.824643 67.015404 5.000000
v -8.923886 61.193203 3.506774
v -9.681739 62.100441 4.504844
v -10.744506 67.592018 3.506774
v -10.911245 66.421715 4.504843
v -10.226476 60.822582 2.426764
v -11.355064 61.624340 3.117449
v -12.047097 67.221405 2.426764
v -12.584571 65.945610 3.117449
v -10.949361 60.616905 0.866101
v -12.283689 61.360123 1.112605
v -12.769980 67.015717 0.866103
v -13.513198 65.681396 1.112605
v -10.949362 60.616909 -0.866101
v -12.283689 61.360123 -1.112604
v -12.769980 67.015724 -0.866103
v -13.513198 65.681396 -1.112606
v -10.226476 60.822582 -2.426764
v -11.355063 61.624340 -3.117449
v -12.047098 67.221413 -2.426764
v -12.584571 65.945610 -3.117449
v -8.923886 61.193203 -3.506774
v -9.681739 62.100441 -4.504844
v -10.744506 67.592018 -3.506774
v -10.911246 66.421715 -4.504843
v -11.889452 59.877239 -3.892226
v -12.370847 60.844013 -5.000000
v -14.854852 65.832565 -3.892226
v -14.373454 64.865791 -5.000000
v -10.377719 60.629986 -3.506773
v -10.428864 61.811008 -4.504844
v -13.343119 66.585320 -3.506773
v -12.431470 65.832787 -4.504843
v -9.165409 61.233646 -2.426761
v -8.871513 62.586475 -3.117449
v -12.130808 67.188980 -2.426761
v -10.874117 66.608253 -3.117449
v -8.492628 61.568653 -0.866100
v -8.007249 63.016827 -1.112604
v -11.458032 67.523979 -0.866107
v -10.009855 67.038605 -1.112605
v -8.492628 61.568653 0.866100
v -8.007249 63.016827 1.112604
v -11.458030 67.523979 0.866107
v -10.009857 67.038605 1.112604
v -9.165407 61.233646 2.426761
v -8.871514 62.586475 3.117449
v -12.130810 67.188980 2.426761
v -10.874119 66.608253 3.117448
v -10.377718 60.629986 3.506773
v -10.428864 61.811008 4.504844
v -13.343120 66.585320 3.506773
v -12.431469 65.832787 4.504844
v -11.889452 59.877239 3.892226
v -12.370847 60.844013 4.999999
v -14.854850 65.832565 3.892226
v -14.373454 64.865791 5.000000
v -13.401176 59.124485 3.506774
v -14.312832 59.877022 4.504844
v -16.366581 65.079819 3.506774
v -16.315437 63.898792 4.504844
v -14.613490 58.520828 2.426764
v -15.870182 59.101551 3.117449
v -17.578894 64.476151 2.426761
v -17.872787 63.123325 3.117449
v -15.286271 58.185818 0.866102
v -16.734446 58.671200 1.112605
v -18.251669 64.141151 0.866106
v -18.737049 62.692974 1.112604
v -15.286271 58.185818 -0.866102
v -16.734446 58.671200 -1.112605
v -18.251673 64.141151 -0.866106
v -18.737051 62.692974 -1.112604
v -14.613490 58.520828 -2.426764
v -15.870183 59.101551 -3.117450
v -17.578890 64.476151 -2.426761
v -17.872787 63.123325 -3.117448
v -13.401175 59.124481 -3.506774
v -14.312833 59.877022 -4.504844
v -16.366581 65.079811 -3.506774
v -16.315437 63.898792 -4.504844
v -16.074438 57.285995 -3.892226
v -16.725286 58.147858 -5.000000
v -20.083639 62.595039 -3.892226
v -19.432791 61.733177 -4.999999
v -14.726770 58.303715 -3.506773
v -14.994051 59.455223 -4.504844
v -18.735968 63.612747 -3.506775
v -17.701559 63.040546 -4.504844
v -13.646021 59.119854 -2.426763
v -13.605710 60.503651 -3.117450
v -17.655222 64.428894 -2.426764
v -16.313215 64.088966 -3.117451
v -13.046251 59.572781 -0.866099
v -12.835236 61.085487 -1.112606
v -17.055450 64.881821 -0.866106
v -15.542745 64.670799 -1.112605
v -13.046251 59.572781 0.866099
v -12.835236 61.085487 1.112605
v -17.055449 64.881813 0.866106
v -15.542742 64.670799 1.112606
v -13.646021 59.119854 2.426763
v -13.605710 60.503651 3.117450
v -17.655222 64.428894 2.426764
v -16.313217 64.088966 3.117452
v -14.726769 58.303715 3.506773
v -14.994052 59.455223 4.504844
v -18.735964 63.612747 3.506775
v -17.701557 63.040546 4.504844
v -16.074438 57.285995 3.892226
v -16.725285 58.147858 4.999999
v -20.083639 62.595039 3.892226
v -19.432793 61.733177 5.000000
v -17.422113 56.268288 3.506775
v -18.456520 56.840488 4.504844
v -21.431307 61.577320 3.506774
v -21.164026 60.425812 4.504844
v -18.502855 55.452141 2.426764
v -19.844860 55.792065 3.117450
v -22.512056 60.761181 2.426764
v -22.552368 59.377384 3.117450
v -19.102629 54.999218 0.866099
v -20.615332 55.210232 1.112605
v -23.111826 60.308254 0.866099
v -23.322844 58.795547 1.112605
v -19.102629 54.999218 -0.866099
v -20.615334 55.210232 -1.112605
v -23.111826 60.308254 -0.866099
v -23.322840 58.795551 -1.112605
v -18.502855 55.452141 -2.426764
v -19.844860 55.792065 -3.117451
v -22.512054 60.761181 -2.426764
v -22.552368 59.377384 -3.117449
v -17.422112 56.268288 -3.506775
v -18.456520 56.840488 -4.504846
v -21.431307 61.577320 -3.506774
v -21.164026 60.425812 -4.504843
v -19.712030 53.969891 -3.892226
v -20.510164 54.697483 -5.000000
v -24.628504 58.451847 -3.892226
v -23.830370 57.724255 -4.999999
v -18.574314 55.217915 -3.506773
v -19.048634 56.300705 -4.504844
v -23.490782 59.699863 -3.506774
v -22.368843 59.327473 -4.504846
v -17.661936 56.218746 -2.426766
v -17.876581 57.586388 -3.117449
v -22.578402 60.700695 -2.426766
v -21.196789 60.613155 -3.117449
v -17.155602 56.774166 -0.866103
v -17.226141 58.299889 -1.112605
v -22.072069 61.256115 -0.866104
v -20.546347 61.326653 -1.112606
v -17.155602 56.774166 0.866103
v -17.226141 58.299889 1.112605
v -22.072071 61.256119 0.866104
v -20.546347 61.326653 1.112606
v -17.661936 56.218746 2.426766
v -17.876581 57.586388 3.117449
v -22.578400 60.700691 2.426766
v -21.196789 60.613155 3.117450
v -18.574312 55.217915 3.506773
v -19.048634 56.300705 4.504844
v -23.490780 59.699863 3.506774
v -22.368847 59.327473 4.504846
v -19.712032 53.969891 3.892226
v -20.510164 54.697483 5.000001
v -24.628502 58.451847 3.892226
v -23.830370 57.724255 5.000001
v -20.849754 52.721874 3.506774
v -21.971687 53.094265 4.504845
v -25.766222 57.203823 3.506773
v -25.291901 56.121033 4.504843
v -21.762135 51.721046 2.426766
v -23.143745 51.808582 3.117450
v -26.678598 56.202991 2.426766
v -26.463951 54.835350 3.117448
v -22.268463 51.165619 0.866104
v -23.794189 51.095081 1.112608
v -27.184933 55.647572 0.866103
v -27.114393 54.121849 1.112605
v -22.268465 51.165623 -0.866104
v -23.794189 51.095085 -1.112606
v -27.184933 55.647572 -0.866103
v -27.114391 54.121853 -1.112604
v -21.762133 51.721043 -2.426766
v -23.143747 51.808582 -3.117449
v -26.678598 56.202991 -2.426766
v -26.463953 54.835350 -3.117450
v -20.849752 52.721874 -3.506774
v -21.971691 53.094265 -4.504845
v -25.766220 57.203823 -3.506773
v -25.291901 56.121033 -4.504844
v -22.678356 50.041847 -3.892226
v -23.596592 50.610394 -5.000000
v -28.334671 53.544083 -3.892226
v -27.416435 52.975536 -5.000001
v -21.789335 51.477669 -3.506774
v -22.454540 52.454868 -4.504844
v -27.445644 54.979908 -3.506774
v -26.274384 54.820015 -4.504844
v -21.076391 52.629112 -2.426764
v -21.538689 53.934025 -3.117450
v -26.732702 56.131351 -2.426763
v -25.358528 56.299171 -3.117449
v -20.680738 53.268116 -0.866095
v -21.030424 54.754894 -1.112604
v -26.337051 56.770351 -0.866105
v -24.850269 57.120041 -1.112605
v -20.680737 53.268116 0.866095
v -21.030424 54.754894 1.112604
v -26.337049 56.770351 0.866105
v -24.850269 57.120041 1.112605
v -21.076389 52.629112 2.426764
v -21.538689 53.934025 3.117450
v -26.732702 56.131351 2.426763
v -25.358528 56.299171 3.117449
v -21.789335 51.477669 3.506774
v -22.454540 52.454868 4.504844
v -27.445644 54.979908 3.506774
v -26.274384 54.820015 4.504845
v -22.678356 50.041847 3.892226
v -23.596592 50.610394 5.000000
v -28.334671 53.544083 3.892226
v -27.416435 52.975536 5.000000
v -23.567383 48.606022 3.506774
v -24.738644 48.765915 4.504844
v -29.223692 52.108261 3.506774
v -28.558487 51.131062 4.504846
v -24.280325 47.454578 2.426763
v -25.654499 47.286758 3.117450
v -29.936638 50.956818 2.426764
v -29.474337 49.651909 3.117448
v -24.675978 46.815578 0.866105
v -26.162758 46.465889 1.112604
v -30.332291 50.317814 0.866095
v -29.982603 48.831036 1.112604
v -24.675976 46.815578 -0.866105
v -26.162758 46.465889 -1.112605
v -30.332289 50.317814 -0.866095
v -29.982603 48.831036 -1.112604
v -24.280325 47.454578 -2.426763
v -25.654499 47.286758 -3.117449
v -29.936636 50.956818 -2.426764
v -29.474339 49.651905 -3.117451
v -23.567383 48.606022 -3.506774
v -24.738644 48.765915 -4.504845
v -29.223692 52.108261 -3.506774
v -28.558487 51.131062 -4.504844
v -24.872396 45.635620 -3.892226
v -25.879469 46.025761 -5.000000
v -31.075937 48.038879 -3.892226
v -30.068865 47.648739 -4.999999
v -24.262341 47.210354 -3.506774
v -25.095785 48.048683 -4.504844
v -30.465878 49.613617 -3.506774
v -29.285181 49.671665 -4.504843
v -23.773117 48.473194 -2.426759
v -24.467318 49.670940 -3.117449
v -29.976652 50.876457 -2.426759
v -28.656713 51.293922 -3.117450
v -23.501616 49.174015 -0.866102
v -24.118546 50.571224 -1.112605
v -29.705153 51.577278 -0.866102
v -28.307940 52.194210 -1.112605
v -23.501616 49.174015 0.866102
v -24.118546 50.571224 1.112605
v -29.705153 51.577278 0.866102
v -28.307943 52.194202 1.112603
v -23.773115 48.473194 2.426759
v -24.467318 49.670940 3.117449
v -29.976654 50.876457 2.426759
v -28.656713 51.293922 3.117449
v -24.262342 47.210354 3.506774
v -25.095785 48.048683 4.504844
v -30.465878 49.613617 3.506774
v -29.285181 49.671665 4.504844
v -24.872398 45.635620 3.892226
v -25.879469 46.025761 5.000001
v -31.075935 48.038879 3.892226
v -30.068865 47.648739 5.000001
v -25.482456 44.060883 3.506774
v -26.663153 44.002834 4.504845
v -31.685991 46.464146 3.506774
v -30.852549 45.625816 4.504844
v -25.971680 42.798042 2.426759
v -27.291620 42.380577 3.117450
v -32.175213 45.201305 2.426765
v -31.481016 44.003559 3.117448
v -26.243181 42.097221 0.866102
v -27.640392 41.480293 1.112606
v -32.446716 44.500488 0.866103
v -31.829786 43.103275 1.112605
v -26.243181 42.097221 -0.866102
v -27.640392 41.480293 -1.112605
v -32.446716 44.500488 -0.866103
v -31.829786 43.103275 -1.112605
v -25.971682 42.798042 -2.426759
v -27.291618 42.380581 -3.117448
v -32.175213 45.201305 -2.426765
v -31.481016 44.003559 -3.117450
v -25.482456 44.060883 -3.506774
v -26.663153 44.002834 -4.504844
v -31.685993 46.464146 -3.506774
v -30.852549 45.625816 -4.504844
v -26.219439 40.901260 -3.892226
v -27.281050 41.099712 -4.999999
v -32.758949 42.123711 -3.892226
v -31.697334 41.925259 -4.999999
v -25.909130 42.561279 -3.506775
v -26.882420 43.232189 -4.504843
v -32.448635 43.783726 -3.506774
v -31.298706 44.057739 -4.504844
v -25.660276 43.892513 -2.426763
v -26.562744 44.942307 -3.117450
v -32.199783 45.114960 -2.426763
v -30.979031 45.767860 -3.117450
v -25.522175 44.631290 -0.866103
v -26.385338 45.891350 -1.112605
v -32.061684 45.853737 -0.866103
v -30.801622 46.716896 -1.112605
v -25.522177 44.631290 0.866103
v -26.385338 45.891354 1.112605
v -32.061684 45.853737 0.866103
v -30.801622 46.716900 1.112605
v -25.660276 43.892513 2.426763
v -26.562744 44.942307 3.117450
v -32.199783 45.114960 2.426763
v -30.979031 45.767857 3.117449
v -25.909128 42.561279 3.506775
v -26.882420 43.232189 4.504844
v -32.448635 43.783726 3.506774
v -31.298706 44.057739 4.504844
v -26.219437 40.901260 3.892226
v -27.281050 41.099712 5.000001
v -32.758949 42.123711 3.892226
v -31.697334 41.925259 5.000001
v -26.529749 39.241245 3.506774
v -27.679680 38.967232 4.504843
v -33.069256 40.463692 3.506775
v -32.095966 39.792782 4.504845
v -26.778603 37.910011 2.426763
v -27.999355 37.257114 3.117447
v -33.318111 39.132458 2.426763
v -32.415642 38.082664 3.117450
v -26.916702 37.171234 0.866103
v -28.176764 36.308071 1.112605
v -33.456211 38.393681 0.866103
v -32.593048 37.133621 1.112605
v -26.916700 37.171234 -0.866103
v -28.176764 36.308071 -1.112605
v -33.456211 38.393681 -0.866103
v -32.593048 37.133621 -1.112606
v -26.778603 37.910011 -2.426763
v -27.999355 37.257114 -3.117448
v -33.318111 39.132458 -2.426763
v -32.415642 38.082664 -3.117450
v -26.529749 39.241245 -3.506774
v -27.679680 38.967232 -4.504844
v -33.069256 40.463692 -3.506775
v -32.095966 39.792782 -4.504844
v -26.673607 36.000000 -3.892226
v -27.753607 36.000000 -5.000000
v -33.326393 36.000000 -3.892226
v -32.246391 36.000000 -5.000000
v -26.673609 37.688770 -3.506775
v -27.753607 38.169418 -4.504844
v -33.326393 37.688770 -3.506775
v -32.246391 38.169418 -4.504844
v -26.673607 39.043068 -2.426761
v -27.753609 39.909157 -3.117450
v -33.326393 39.043068 -2.426761
v -32.246391 39.909157 -3.117449
v -26.673609 39.794640 -0.866106
v -27.753609 40.874641 -1.112605
v -33.326393 39.794640 -0.866106
v -32.246391 40.874641 -1.112605
v -26.673609 39.794640 0.866106
v -27.753609 40.874641 1.112605
v -33.326393 39.794640 0.866106
v -32.246391 40.874641 1.112605
v -26.673607 39.043068 2.426761
v -27.753609 39.909153 3.117448
v -33.326393 39.043068 2.426761
v -32.246391 39.909157 3.117449
v -26.673609 37.688770 3.506775
v -27.753607 38.169418 4.504844
v -33.326393 37.688770 3.506775
v -32.246391 38.169418 4.504844
v -26.673607 36.000000 3.892226
v -27.753607 36.000000 5.000000
v -33.326393 36.000000 3.892226
v -32.246391 36.000000 5.000000
v -26.673607 34.311230 3.506775
v -27.753607 33.830582 4.504844
v -33.326393 34.311230 3.506775
v -32.246391 33.830582 4.504844
v -26.673607 32.956932 2.426760
v -27.753607 32.090843 3.117449
v -33.326393 32.956932 2.426760
v -32.246391 32.090843 3.117449
v -26.673607 32.205360 0.866100
v -27.753607 31.125360 1.112605
v -33.326393 32.205360 0.866100
v -32.246391 31.125360 1.112605
v -26.673607 32.205360 -0.866100
v -27.753607 31.125360 -1.112605
v -33.326393 32.205360 -0.866100
v -32.246391 31.125360 -1.112605
v -26.673607 32.956932 -2.426760
v -27.753607 32.090843 -3.117449
v -33.326393 32.956932 -2.426760
v -32.246391 32.090843 -3.117449
v -26.673607 34.311230 -3.506775
v -27.753607 33.830582 -4.504844
v -33.326393 34.311230 -3.506775
v -32.246391 33.830582 -4.504844
v -26.219439 31.098738 -3.892226
v -27.281050 30.900288 -5.000000
v -32.758949 29.876291 -3.892226
v -31.697334 30.074741 -5.000000
v -26.529747 32.758755 -3.506775
v -27.679680 33.032768 -4.504844
v -33.069256 31.536314 -3.506773
v -32.095966 32.207222 -4.504845
v -26.778603 34.089989 -2.426763
v -27.999355 34.742886 -3.117447
v -33.318108 32.867542 -2.426764
v -32.415642 33.917339 -3.117451
v -26.916702 34.828766 -0.866103
v -28.176764 35.691925 -1.112604
v -33.456211 33.606319 -0.866103
v -32.593048 34.866379 -1.112605
v -26.916700 34.828766 0.866103
v -28.176764 35.691929 1.112605
v -33.456211 33.606319 0.866103
v -32.593048 34.866383 1.112607
v -26.778603 34.089989 2.426763
v -27.999355 34.742882 3.117447
v -33.318108 32.867542 2.426764
v -32.415642 33.917336 3.117449
v -26.529749 32.758755 3.506775
v -27.679680 33.032768 4.504844
v -33.069256 31.536314 3.506773
v -32.095966 32.207222 4.504844
v -26.219439 31.098738 3.892226
v -27.281050 30.900288 5.000000
v -32.758949 29.876291 3.892226
v -31.697334 30.074739 5.000000
v -25.909126 29.438719 3.506774
v -26.882420 28.767807 4.504844
v -32.448635 28.216270 3.506774
v -31.298706 27.942259 4.504846
v -25.660276 28.107487 2.426763
v -26.562744 27.057692 3.117450
v -32.199783 26.885040 2.426763
v -30.979031 26.232143 3.117449
v -25.522175 27.368710 0.866103
v -26.385338 26.108648 1.112605
v -32.061684 26.146263 0.866103
v -30.801622 25.283100 1.112605
v -25.522177 27.368710 -0.866103
v -26.385338 26.108650 -1.112605
v -32.061684 26.146263 -0.866103
v -30.801622 25.283102 -1.112605
v -25.660278 28.107487 -2.426763
v -26.562744 27.057692 -3.117450
v -32.199783 26.885040 -2.426763
v -30.979031 26.232145 -3.117449
v -25.909128 29.438719 -3.506774
v -26.882420 28.767809 -4.504843
v -32.448635 28.216272 -3.506774
v -31.298706 27.942261 -4.504845
v -24.872398 26.364382 -3.892226
v -25.879469 25.974241 -5.000000
v -31.075935 23.961119 -3.892226
v -30.068865 24.351259 -5.000000
v -25.482454 27.939116 -3.506774
v -26.663153 27.997164 -4.504844
v -31.685993 25.535854 -3.506774
v -30.852549 26.374184 -4.504846
v -25.971680 29.201956 -2.426764
v -27.291620 29.619421 -3.117448
v -32.175213 26.798693 -2.426764
v -31.481016 27.996441 -3.117449
v -26.243181 29.902777 -0.866102
v -27.640392 30.519707 -1.112605
v -32.446716 27.499514 -0.866103
v -31.829786 28.896725 -1.112605
v -26.243181 29.902777 0.866102
v -27.640392 30.519707 1.112605
v -32.446716 27.499514 0.866103
v -31.829786 28.896725 1.112605
v -25.971680 29.201956 2.426764
v -27.291620 29.619423 3.117450
v -32.175213 26.798693 2.426764
v -31.481016 27.996443 3.117450
v -25.482454 27.939116 3.506774
v -26.663153 27.997164 4.504844
v -31.685991 25.535852 3.506774
v -30.852549 26.374182 4.504844
v -24.872398 26.364382 3.892226
v -25.879469 25.974241 5.000000
v -31.075935 23.961119 3.892226
v -30.068865 24.351259 5.000000
v -24.262342 24.789648 3.506774
v -25.095785 23.951319 4.504844
v -30.465879 22.386385 3.506774
v -29.285181 22.328339 4.504843
v -23.773119 23.526808 2.426763
v -24.467318 22.329058 3.117450
v -29.976654 21.123545 2.426764
v -28.656713 20.706079 3.117449
v -23.501616 22.825987 0.866103
v -24.118547 21.428776 1.112605
v -29.705153 20.422724 0.866102
v -28.307941 19.805794 1.112605
v -23.501616 22.825987 -0.866103
v -24.118547 21.428774 -1.112605
v -29.705153 20.422724 -0.866102
v -28.307941 19.805796 -1.112604
v -23.773119 23.526808 -2.426763
v -24.467318 22.329058 -3.117449
v -29.976654 21.123545 -2.426764
v -28.656713 20.706078 -3.117450
v -24.262342 24.789648 -3.506774
v -25.095785 23.951317 -4.504846
v -30.465879 22.386385 -3.506774
v -29.285181 22.328337 -4.504844
v -22.678358 21.958155 -3.892226
v -23.596592 21.389608 -5.000000
v -28.334669 18.455915 -3.892226
v -27.416435 19.024462 -5.000000
v -23.567381 23.393978 -3.506774
v -24.738644 23.234085 -4.504844
v -29.223692 19.891739 -3.506774
v -28.558487 20.868940 -4.504846
v -24.280325 24.545422 -2.426763
v -25.654499 24.713243 -3.117450
v -29.936638 21.043179 -2.426764
v -29.474339 22.348095 -3.117450
v -24.675978 25.184423 -0.866099
v -26.162758 25.534111 -1.112605
v -30.332289 21.682184 -0.866104
v -29.982603 23.168964 -1.112604
v -24.675978 25.184423 0.866099
v -26.162758 25.534111 1.112605
v -30.332289 21.682184 0.866104
v -29.982601 23.168961 1.112602
v -24.280325 24.545422 2.426763
v -25.654499 24.713242 3.117449
v -29.936636 21.043179 2.426764
v -29.474339 22.348095 3.117450
v -23.567381 23.393978 3.506774
v -24.738644 23.234087 4.504846
v -29.223692 19.891739 3.506774
v -28.558487 20.868938 4.504844
v -22.678358 21.958155 3.892226
v -23.596592 21.389608 5.000000
v -28.334669 18.455915 3.892226
v -27.416435 19.024462 5.000000
v -21.789335 20.522331 3.506774
v -22.454540 19.545132 4.504844
v -27.445646 17.020092 3.506774
v -26.274384 17.179985 4.504844
v -21.076391 19.370892 2.426764
v -21.538689 18.065975 3.117450
v -26.732702 15.868648 2.426762
v -25.358528 15.700830 3.117449
v -20.680738 18.731886 0.866104
v -21.030424 17.245106 1.112604
v -26.337049 15.229648 0.866101
v -24.850269 14.879959 1.112605
v -20.680738 18.731886 -0.866104
v -21.030424 17.245106 -1.112604
v -26.337049 15.229648 -0.866101
v -24.850269 14.879959 -1.112605
v -21.076389 19.370892 -2.426764
v -21.538689 18.065975 -3.117450
v -26.732700 15.868649 -2.426762
v -25.358528 15.700830 -3.117449
v -21.789335 20.522331 -3.506774
v -22.454540 19.545132 -4.504844
v -27.445646 17.020092 -3.506774
v -26.274384 17.179985 -4.504844
v -19.712034 18.030107 -3.892226
v -20.510164 17.302517 -5.000000
v -24.628500 13.548154 -3.892226
v -23.830370 14.275746 -5.000000
v -20.849754 19.278128 -3.506773
v -21.971695 18.905737 -4.504844
v -25.766220 14.796176 -3.506773
v -25.291899 15.878967 -4.504846
v -21.762135 20.278961 -2.426762
v -23.143745 20.191418 -3.117449
v -26.678600 15.797005 -2.426766
v -26.463953 17.164650 -3.117448
v -22.268467 20.834379 -0.866104
v -23.794188 20.904919 -1.112605
v -27.184933 16.352428 -0.866100
v -27.114395 17.878147 -1.112607
v -22.268467 20.834379 0.866103
v -23.794186 20.904917 1.112605
v -27.184933 16.352428 0.866100
v -27.114395 17.878147 1.112607
v -21.762135 20.278961 2.426762
v -23.143747 20.191418 3.117451
v -26.678600 15.797005 2.426765
v -26.463955 17.164650 3.117450
v -20.849754 19.278128 3.506773
v -21.971693 18.905737 4.504844
v -25.766220 14.796175 3.506773
v -25.291899 15.878966 4.504844
v -19.712034 18.030107 3.892226
v -20.510164 17.302517 5.000000
v -24.628500 13.548156 3.892226
v -23.830370 14.275746 5.000000
v -18.574314 16.782087 3.506774
v -19.048635 15.699296 4.504844
v -23.490780 12.300135 3.506773
v -22.368841 12.672526 4.504843
v -17.661934 15.781257 2.426763
v -17.876581 14.413614 3.117450
v -22.578402 11.299305 2.426765
v -21.196787 11.386845 3.117450
v -17.155602 15.225835 0.866105
v -17.226139 13.700114 1.112604
v -22.072067 10.743883 0.866102
v -20.546347 10.673345 1.112604
v -17.155602 15.225836 -0.866105
v -17.226139 13.700114 -1.112604
v -22.072067 10.743883 -0.866102
v -20.546347 10.673345 -1.112604
v -17.661934 15.781257 -2.426763
v -17.876581 14.413614 -3.117450
v -22.578402 11.299303 -2.426765
v -21.196787 11.386845 -3.117450
v -18.574314 16.782087 -3.506773
v -19.048635 15.699296 -4.504844
v -23.490780 12.300135 -3.506773
v -22.368841 12.672526 -4.504844
v -16.074440 14.714001 -3.892226
v -16.725286 13.852142 -5.000000
v -20.083637 9.404966 -3.892226
v -19.432791 10.266825 -5.000000
v -17.422110 15.731716 -3.506774
v -18.456520 15.159510 -4.504844
v -21.431309 10.422679 -3.506773
v -21.164026 11.574192 -4.504844
v -18.502859 16.547857 -2.426763
v -19.844860 16.207937 -3.117448
v -22.512054 11.238821 -2.426765
v -22.552366 12.622617 -3.117448
v -19.102627 17.000784 -0.866099
v -20.615330 16.789770 -1.112605
v -23.111826 11.691748 -0.866101
v -23.322838 13.204450 -1.112600
v -19.102627 17.000784 0.866099
v -20.615330 16.789770 1.112605
v -23.111826 11.691747 0.866099
v -23.322840 13.204451 1.112600
v -18.502859 16.547857 2.426763
v -19.844858 16.207935 3.117447
v -22.512054 11.238821 2.426765
v -22.552368 12.622618 3.117449
v -17.422110 15.731716 3.506774
v -18.456520 15.159510 4.504844
v -21.431309 10.422679 3.506773
v -21.164026 11.574192 4.504843
v -16.074440 14.714001 3.892226
v -16.725285 13.852144 5.000000
v -20.083637 9.404966 3.892226
v -19.432793 10.266823 5.000000
v -14.726768 13.696288 3.506774
v -14.994052 12.544776 4.504844
v -18.735968 8.387251 3.506774
v -17.701557 8.959457 4.504844
v -13.646022 12.880145 2.426764
v -13.605710 11.496349 3.117449
v -17.655220 7.571110 2.426763
v -16.313217 7.911030 3.117448
v -13.046251 12.427220 0.866099
v -12.835238 10.914515 1.112605
v -17.055450 7.118184 0.866100
v -15.542747 7.329197 1.112605
v -13.046251 12.427219 -0.866101
v -12.835238 10.914516 -1.112605
v -17.055450 7.118184 -0.866100
v -15.542747 7.329197 -1.112605
v -13.646022 12.880145 -2.426764
v -13.605710 11.496349 -3.117449
v -17.655218 7.571110 -2.426763
v -16.313217 7.911029 -3.117448
v -14.726768 13.696288 -3.506774
v -14.994052 12.544776 -4.504844
v -18.735968 8.387251 -3.506774
v -17.701557 8.959457 -4.504844
v -11.889449 12.122766 -3.892226
v -12.370847 11.155989 -5.000000
v -14.854851 6.167437 -3.892226
v -14.373453 7.134214 -4.999999
v -13.401179 12.875516 -3.506774
v -14.312832 12.122982 -4.504844
v -16.366579 6.920188 -3.506774
v -16.315437 8.101207 -4.504845
v -14.613490 13.479177 -2.426763
v -15.870182 12.898451 -3.117449
v -17.578890 7.523848 -2.426764
v -17.872787 8.876675 -3.117449
v -15.286272 13.814181 -0.866101
v -16.734447 13.328803 -1.112606
v -18.251673 7.858853 -0.866103
v -18.737053 9.307029 -1.112605
v -15.286272 13.814181 0.866101
v -16.734446 13.328802 1.112605
v -18.251673 7.858853 0.866103
v -18.737049 9.307027 1.112604
v -14.613490 13.479177 2.426763
v -15.870182 12.898451 3.117449
v -17.578890 7.523848 2.426764
v -17.872787 8.876675 3.117448
v -13.401179 12.875517 3.506774
v -14.312832 12.122982 4.504844
v -16.366579 6.920188 3.506774
v -16.315437 8.101207 4.504844
v -11.889450 12.122766 3.892226
v -12.370848 11.155989 4.999999
v -14.854851 6.167437 3.892226
v -14.373453 7.134214 5.000000
v -10.377722 11.370013 3.506774
v -10.428864 10.188997 4.504844
v -13.343122 5.414686 3.506774
v -12.431469 6.167221 4.504844
v -9.165411 10.766356 2.426764
v -8.871513 9.413528 3.117450
v -12.130811 4.811027 2.426763
v -10.874119 5.391753 3.117449
v -8.492628 10.431350 0.866103
v -8.007249 8.983175 1.112605
v -11.458029 4.476022 0.866101
v -10.009856 4.961401 1.112605
v -8.492628 10.431350 -0.866103
v -8.007250 8.983175 -1.112605
v -11.458029 4.476022 -0.866101
v -10.009855 4.961401 -1.112605
v -9.165411 10.766356 -2.426764
v -8.871513 9.413528 -3.117450
v -12.130811 4.811027 -2.426763
v -10.874119 5.391753 -3.117449
v -10.377722 11.370013 -3.506774
v -10.428864 10.188997 -4.504845
v -13.343122 5.414686 -3.506774
v -12.431469 6.167221 -4.504844
v -7.299579 10.344640 -3.892226
v -7.595135 9.305868 -5.000000
v -9.120200 3.945822 -3.892226
v -8.824644 4.984593 -5.000000
v -8.923884 10.806795 -3.506774
v -9.681737 9.899558 -4.504844
v -10.744505 4.407977 -3.506774
v -10.911245 5.578283 -4.504843
v -10.226477 11.177413 -2.426764
v -11.355062 10.375661 -3.117448
v -12.047097 4.778594 -2.426764
v -12.584572 6.054385 -3.117450
v -10.949360 11.383094 -0.866102
v -12.283689 10.639876 -1.112605
v -12.769982 4.984275 -0.866101
v -13.513198 6.318602 -1.112604
v -10.949360 11.383093 0.866102
v -12.283689 10.639876 1.112605
v -12.769982 4.984275 0.866101
v -13.513198 6.318602 1.112604
v -10.226477 11.177413 2.426764
v -11.355064 10.375661 3.117449
v -12.047097 4.778595 2.426764
v -12.584570 6.054385 3.117448
v -8.923884 10.806796 3.506774
v -9.681738 9.899558 4.504846
v -10.744505 4.407977 3.506774
v -10.911246 5.578283 4.504843
v -7.299579 10.344640 3.892226
v -7.595135 9.305868 5.000000
v -9.120200 3.945822 3.892226
v -8.824644 4.984593 5.000000
v -5.675273 9.882485 3.506774
v -5.508532 8.712178 4.504844
v -7.495894 3.483666 3.506774
v -6.738041 4.390903 4.504844
v -4.372681 9.511866 2.426763
v -3.835208 8.236076 3.117450
v -6.193302 3.113048 2.426764
v -5.064717 3.914801 3.117449
v -3.649797 9.306187 0.866102
v -2.906581 7.971860 1.112605
v -5.470419 2.907369 0.866102
v -4.136091 3.650585 1.112605
v -3.649797 9.306187 -0.866102
v -2.906581 7.971860 -1.112604
v -5.470419 2.907369 -0.866102
v -4.136091 3.650585 -1.112605
v -4.372681 9.511866 -2.426763
v -3.835207 8.236076 -3.117450
v -6.193302 3.113048 -2.426764
v -5.064716 3.914801 -3.117449
v -5.675273 9.882484 -3.506774
v -5.508532 8.712178 -4.504844
v -7.495894 3.483666 -3.506774
v -6.738041 4.390903 -4.504844
v -2.461130 9.440177 -3.892226
v -2.560780 8.364784 -5.000000
v -3.074971 2.815772 -3.892226
v -2.975322 3.891165 -5.000000
v -4.142700 9.595997 -3.506774
v -4.720944 8.564953 -4.504844
v -4.756541 2.971593 -3.506774
v -5.135486 4.091334 -4.504844
v -5.491213 9.720956 -2.426763
v -6.453261 8.725475 -3.117449
v -6.105054 3.096551 -2.426763
v -6.867803 4.251857 -3.117449
v -6.239582 9.790301 -0.866103
v -7.414626 8.814559 -1.112605
v -6.853423 3.165897 -0.866103
v -7.829167 4.340940 -1.112605
v -6.239582 9.790301 0.866103
v -7.414625 8.814559 1.112605
v -6.853423 3.165897 0.866103
v -7.829166 4.340940 1.112605
v -5.491213 9.720956 2.426763
v -6.453261 8.725475 3.117449
v -6.105054 3.096551 2.426763
v -6.867803 4.251857 3.117450
v -4.142700 9.595997 3.506774
v -4.720944 8.564953 4.504844
v -4.756541 2.971592 3.506774
v -5.135486 4.091334 4.504845
v -2.461130 9.440177 3.892226
v -2.560780 8.364784 5.000000
v -3.074971 2.815772 3.892226
v -2.975322 3.891165 5.000000
v -0.779561 9.284356 3.506774
v -0.400616 8.164616 4.504844
v -1.393401 2.659952 3.506774
v -0.815157 3.690997 4.504845
v 0.568953 9.159399 2.426764
v 1.331701 8.004092 3.117449
v -0.044888 2.534994 2.426764
v 0.917160 3.530474 3.117449
v 1.317322 9.090052 0.866102
v 2.293066 7.915009 1.112604
v 0.703481 2.465647 0.866102
v 1.878524 3.441391 1.112605
v 1.317322 9.090052 -0.866102
v 2.293066 7.915009 -1.112604
v 0.703481 2.465647 -0.866102
v 1.878524 3.441391 -1.112605
v 0.568953 9.159399 -2.426764
v 1.331702 8.004092 -3.117449
v -0.044888 2.534994 -2.426764
v 0.917160 3.530474 -3.117449
v -0.779560 9.284356 -3.506774
v -0.400616 8.164616 -4.504844
v -1.393401 2.659952 -3.506774
v -0.815157 3.690997 -4.504844
v 2.461131 9.440177 -3.892226
v 2.560780 8.364784 -5.000000
v 3.074970 2.815772 -3.892226
v 2.975321 3.891165 -5.000000
v 0.779561 9.284357 -3.506774
v 0.400616 8.164617 -4.504844
v 1.393400 2.659952 -3.506774
v 0.815156 3.690997 -4.504844
v -0.568952 9.159399 -2.426764
v -1.331701 8.004094 -3.117449
v 0.044887 2.534994 -2.426764
v -0.917161 3.530474 -3.117449
v -1.317322 9.090054 -0.866102
v -2.293065 7.915010 -1.112605
v -0.703481 2.465648 -0.866102
v -1.878524 3.441391 -1.112605
v -1.317322 9.090054 0.866102
v -2.293065 7.915010 1.112605
v -0.703481 2.465648 0.866102
v -1.878524 3.441391 1.112605
v -0.568952 9.159399 2.426764
v -1.331701 8.004094 3.117449
v 0.044887 2.534994 2.426764
v -0.917161 3.530474 3.117450
v 0.779561 9.284357 3.506774
v 0.400616 8.164617 4.504844
v 1.393400 2.659952 3.506774
v 0.815156 3.690997 4.504844
v 2.461131 9.440177 3.892226
v 2.560780 8.364784 5.000000
v 3.074970 2.815772 3.892226
v 2.975321 3.891165 5.000000
v 4.142701 9.595997 3.506774
v 4.720945 8.564952 4.504845
v 4.756540 2.971592 3.506774
v 5.135486 4.091333 4.504844
v 5.491214 9.720955 2.426764
v 6.453261 8.725474 3.117449
v 6.105054 3.096550 2.426763
v 6.867803 4.251856 3.117449
v 6.239583 9.790300 0.866102
v 7.414624 8.814558 1.112605
v 6.853423 3.165896 0.866102
v 7.829166 4.340939 1.112605
v 6.239583 9.790300 -0.866102
v 7.414625 8.814558 -1.112605
v 6.853423 3.165896 -0.866102
v 7.829167 4.340939 -1.112605
v 5.491214 9.720955 -2.426764
v 6.453261 8.725474 -3.117449
v 6.105054 3.096550 -2.426763
v 6.867803 4.251856 -3.117450
v 4.142701 9.595997 -3.506774
v 4.720945 8.564952 -4.504844
v 4.756540 2.971592 -3.506774
v 5.135486 4.091333 -4.504844
v 7.299580 10.344640 -3.892226
v 7.595135 9.305869 -5.000000
v 9.120199 3.945821 -3.892226
v 8.824643 4.984593 -5.000000
v 5.675274 9.882486 -3.506774
v 5.508533 8.712179 -4.504844
v 7.495893 3.483667 -3.506774
v 6.738041 4.390903 -4.504844
v 4.372682 9.511867 -2.426763
v 3.835208 8.236077 -3.117449
v 6.193302 3.113047 -2.426764
v 5.064716 3.914802 -3.117449
v 3.649798 9.306189 -0.866102
v 2.906582 7.971861 -1.112605
v 5.470417 2.907370 -0.866101
v 4.136090 3.650585 -1.112606
v 3.649798 9.306189 0.866102
v 2.906582 7.971861 1.112605
v 5.470417 2.907370 0.866101
v 4.136090 3.650585 1.112606
v 4.372682 9.511867 2.426763
v 3.835207 8.236077 3.117450
v 6.193302 3.113047 2.426764
v 5.064715 3.914802 3.117449
v 5.675273 9.882486 3.506774
v 5.508533 8.712179 4.504844
v 7.495893 3.483667 3.506774
v 6.738041 4.390903 4.504844
v 7.299580 10.344640 3.892226
v 7.595136 9.305869 5.000000
v 9.120199 3.945821 3.892226
v 8.824643 4.984593 5.000000
v 8.923886 10.806794 3.506774
v 9.681739 9.899558 4.504844
v 10.744505 4.407976 3.506774
v 10.911245 5.578282 4.504843
v 10.226477 11.177415 2.426763
v 11.355063 10.375659 3.117449
v 12.047097 4.778594 2.426764
v 12.584572 6.054384 3.117450
v 10.949361 11.383091 0.866102
v 12.283689 10.639876 1.112605
v 12.769980 4.984273 0.866101
v 13.513197 6.318601 1.112605
v 10.949361 11.383091 -0.866102
v 12.283689 10.639876 -1.112604
v 12.769980 4.984273 -0.866101
v 13.513196 6.318601 -1.112605
v 10.226477 11.177416 -2.426763
v 11.355063 10.375659 -3.117449
v 12.047097 4.778595 -2.426764
v 12.584571 6.054384 -3.117449
v 8.923886 10.806794 -3.506774
v 9.681738 9.899558 -4.504843
v 10.744505 4.407977 -3.506774
v 10.911246 5.578282 -4.504845
v 11.889450 12.122766 -3.892226
v 12.370848 11.155989 -4.999999
v 14.854851 6.167437 -3.892226
v 14.373453 7.134214 -5.000000
v 10.377722 11.370013 -3.506774
v 10.428864 10.188997 -4.504844
v 13.343122 5.414686 -3.506774
v 12.431469 6.167221 -4.504844
v 9.165411 10.766356 -2.426764
v 8.871513 9.413528 -3.117450
v 12.130811 4.811027 -2.426763
v 10.874119 5.391753 -3.117449
v 8.492628 10.431350 -0.866103
v 8.007249 8.983175 -1.112605
v 11.458029 4.476022 -0.866101
v 10.009856 4.961401 -1.112605
v 8.492628 10.431350 0.866103
v 8.007250 8.983175 1.112605
v 11.458029 4.476022 0.866101
v 10.009855 4.961401 1.112605
v 9.165411 10.766356 2.426764
v 8.871513 9.413528 3.117450
v 12.130811 4.811027 2.426763
v 10.874119 5.391753 3.117449
v 10.377722 11.370013 3.506774
v 10.428864 10.188997 4.504845
v 13.343122 5.414686 3.506774
v 12.431469 6.167221 4.504844
v 11.889449 12.122766 3.892226
v 12.370847 11.155989 5.000000
v 14.854851 6.167437 3.892226
v 14.373453 7.134214 4.999999
v 13.401179 12.875516 3.506774
v 14.312832 12.122982 4.504844
v 16.366579 6.920188 3.506774
v 16.315437 8.101207 4.504845
v 14.613490 13.479177 2.426763
v 15.870182 12.898451 3.117449
v 17.578890 7.523848 2.426764
v 17.872787 8.876675 3.117449
v 15.286272 13.814181 0.866101
v 16.734447 13.328803 1.112606
v 18.251673 7.858853 0.866103
v 18.737053 9.307029 1.112605
v 15.286272 13.814181 -0.866101
v 16.734446 13.328802 -1.112605
v 18.251673 7.858853 -0.866103
v 18.737049 9.307027 -1.112604
v 14.613490 13.479177 -2.426763
v 15.870182 12.898451 -3.117449
v 17.578890 7.523848 -2.426764
v 17.872787 8.876675 -3.117448
v 13.401179 12.875517 -3.506774
v 14.312832 12.122982 -4.504844
v 16.366579 6.920188 -3.506774
v 16.315437 8.101207 -4.504844
v 16.074440 14.714001 -3.892226
v 16.725285 13.852144 -5.000000
v 20.083637 9.404966 -3.892226
v 19.432793 10.266823 -5.000000
v 14.726768 13.696288 -3.506774
v 14.994052 12.544776 -4.504844
v 18.735968 8.387251 -3.506774
v 17.701557 8.959457 -4.504844
v 13.646022 12.880145 -2.426764
v 13.605710 11.496349 -3.117449
v 17.655220 7.571110 -2.426763
v 16.313217 7.911030 -3.117448
v 13.046251 12.427220 -0.866099
v 12.835238 10.914515 -1.112605
v 17.055450 7.118184 -0.866100
v 15.542747 7.329197 -1.112605
v 13.046251 12.427219 0.866101
v 12.835238 10.914516 1.112605
v 17.055450 7.118184 0.866100
v 15.542747 7.329197 1.112605
v 13.646022 12.880145 2.426764
v 13.605710 11.496349 3.117449
v 17.655218 7.571110 2.426763
v 16.313217 7.911029 3.117448
v 14.726768 13.696288 3.506774
v 14.994052 12.544776 4.504844
v 18.735968 8.387251 3.506774
v 17.701557 8.959457 4.504844
v 16.074440 14.714001 3.892226
v 16.725286 13.852142 5.000000
v 20.083637 9.404966 3.892226
v 19.432791 10.266825 5.000000
v 17.422110 15.731716 3.506774
v 18.456520 15.159510 4.504844
v 21.431309 10.422679 3.506773
v 21.164026 11.574192 4.504844
v 18.502859 16.547857 2.426763
v 19.844860 16.207937 3.117448
v 22.512054 11.238821 2.426765
v 22.552366 12.622617 3.117448
v 19.102627 17.000784 0.866099
v 20.615330 16.789770 1.112605
v 23.111826 11.691748 0.866101
v 23.322838 13.204450 1.112600
v 19.102627 17.000784 -0.866099
v 20.615330 16.789770 -1.112605
v 23.111826 11.691747 -0.866099
v 23.322840 13.204451 -1.112600
v 18.502859 16.547857 -2.426763
v 19.844858 16.207935 -3.117447
v 22.512054 11.238821 -2.426765
v 22.552368 12.622618 -3.117449
v 17.422110 15.731716 -3.506774
v 18.456520 15.159510 -4.504844
v 21.431309 10.422679 -3.506773
v 21.164026 11.574192 -4.504843
v 19.712034 18.030107 -3.892226
v 20.510164 17.302515 -5.000000
v 24.628500 13.548154 -3.892226
v 23.830370 14.275746 -5.000000
v 18.574316 16.782087 -3.506774
v 19.048634 15.699297 -4.504844
v 23.490780 12.300135 -3.506773
v 22.368841 12.672527 -4.504843
v 17.661934 15.781260 -2.426766
v 17.876581 14.413615 -3.117450
v 22.578400 11.299304 -2.426763
v 21.196787 11.386845 -3.117449
v 17.155602 15.225837 -0.866101
v 17.226139 13.700116 -1.112604
v 22.072067 10.743883 -0.866105
v 20.546345 10.673345 -1.112605
v 17.155602 15.225837 0.866101
v 17.226139 13.700116 1.112604
v 22.072067 10.743882 0.866105
v 20.546345 10.673345 1.112605
v 17.661934 15.781260 2.426765
v 17.876579 14.413614 3.117451
v 22.578400 11.299304 2.426763
v 21.196787 11.386845 3.117450
v 18.574316 16.782089 3.506774
v 19.048634 15.699299 4.504844
v 23.490780 12.300135 3.506773
v 22.368841 12.672526 4.504844
v 19.712032 18.030109 3.892226
v 20.510162 17.302517 5.000000
v 24.628502 13.548154 3.892226
v 23.830370 14.275746 4.999999
v 20.849754 19.278128 3.506773
v 21.971695 18.905737 4.504844
v 25.766220 14.796175 3.506774
v 25.291899 15.878966 4.504846
v 21.762135 20.278957 2.426764
v 23.143745 20.191418 3.117450
v 26.678600 15.797006 2.426763
v 26.463953 17.164648 3.117450
v 22.268467 20.834381 0.866100
v 23.794189 20.904917 1.112605
v 27.184933 16.352427 0.866100
v 27.114395 17.878147 1.112604
v 22.268467 20.834381 -0.866100
v 23.794189 20.904917 -1.112605
v 27.184933 16.352427 -0.866100
v 27.114395 17.878147 -1.112604
v 21.762135 20.278957 -2.426764
v 23.143747 20.191418 -3.117450
v 26.678600 15.797005 -2.426763
v 26.463953 17.164648 -3.117450
v 20.849754 19.278128 -3.506773
v 21.971693 18.905737 -4.504844
v 25.766220 14.796173 -3.506774
v 25.291899 15.878965 -4.504843
v 22.678356 21.958155 -3.892226
v 23.596592 21.389608 -5.000000
v 28.334671 18.455915 -3.892226
v 27.416435 19.024462 -5.000000
v 21.789333 20.522329 -3.506774
v 22.454540 19.545130 -4.504844
v 27.445644 17.020092 -3.506773
v 26.274384 17.179985 -4.504844
v 21.076389 19.370888 -2.426761
v 21.538687 18.065977 -3.117448
v 26.732704 15.868649 -2.426764
v 25.358530 15.700829 -3.117448
v 20.680738 18.731886 -0.866104
v 21.030424 17.245106 -1.112604
v 26.337049 15.229648 -0.866101
v 24.850269 14.879959 -1.112605
v 20.680738 18.731886 0.866104
v 21.030424 17.245106 1.112604
v 26.337049 15.229648 0.866101
v 24.850269 14.879959 1.112605
v 21.076387 19.370888 2.426761
v 21.538687 18.065977 3.117449
v 26.732704 15.868649 2.426764
v 25.358530 15.700828 3.117449
v 21.789331 20.522329 3.506774
v 22.454540 19.545130 4.504843
v 27.445644 17.020090 3.506773
v 26.274384 17.179985 4.504844
v 22.678356 21.958155 3.892226
v 23.596592 21.389608 5.000000
v 28.334671 18.455915 3.892226
v 27.416435 19.024462 5.000000
v 23.567383 23.393980 3.506773
v 24.738644 23.234085 4.504843
v 29.223696 19.891741 3.506774
v 28.558487 20.868940 4.504844
v 24.280323 24.545422 2.426763
v 25.654497 24.713242 3.117449
v 29.936640 21.043182 2.426761
v 29.474340 22.348095 3.117450
v 24.675978 25.184423 0.866099
v 26.162758 25.534111 1.112605
v 30.332289 21.682184 0.866104
v 29.982603 23.168964 1.112604
v 24.675978 25.184423 -0.866099
v 26.162758 25.534111 -1.112605
v 30.332289 21.682184 -0.866104
v 29.982601 23.168961 -1.112602
v 24.280325 24.545420 -2.426763
v 25.654499 24.713245 -3.117451
v 29.936638 21.043182 -2.426761
v 29.474340 22.348093 -3.117448
v 23.567383 23.393978 -3.506773
v 24.738644 23.234085 -4.504844
v 29.223694 19.891741 -3.506774
v 28.558487 20.868940 -4.504844
v 24.872400 26.364382 -3.892226
v 25.879469 25.974239 -5.000001
v 31.075933 23.961119 -3.892226
v 30.068865 24.351261 -5.000000
v 24.262341 24.789650 -3.506774
v 25.095785 23.951317 -4.504844
v 30.465881 22.386385 -3.506774
v 29.285179 22.328337 -4.504844
v 23.773117 23.526808 -2.426762
v 24.467318 22.329062 -3.117451
v 29.976652 21.123545 -2.426764
v 28.656713 20.706078 -3.117449
v 23.501616 22.825987 -0.866101
v 24.118546 21.428776 -1.112605
v 29.705153 20.422724 -0.866102
v 28.307941 19.805792 -1.112605
v 23.501616 22.825987 0.866101
v 24.118546 21.428774 1.112605
v 29.705153 20.422724 0.866102
v 28.307941 19.805794 1.112605
v 23.773119 23.526808 2.426762
v 24.467318 22.329062 3.117451
v 29.976652 21.123545 2.426764
v 28.656713 20.706078 3.117449
v 24.262342 24.789650 3.506774
v 25.095785 23.951317 4.504844
v 30.465881 22.386385 3.506774
v 29.285179 22.328337 4.504844
v 24.872400 26.364382 3.892226
v 25.879469 25.974241 5.000000
v 31.075933 23.961119 3.892226
v 30.068865 24.351259 5.000001
v 25.482452 27.939116 3.506774
v 26.663155 27.997164 4.504844
v 31.685991 25.535851 3.506774
v 30.852549 26.374184 4.504844
v 25.971682 29.201956 2.426764
v 27.291620 29.619421 3.117447
v 32.175217 26.798693 2.426763
v 31.481016 27.996439 3.117450
v 26.243181 29.902777 0.866102
v 27.640392 30.519707 1.112605
v 32.446720 27.499512 0.866105
v 31.829786 28.896725 1.112606
v 26.243181 29.902777 -0.866102
v 27.640392 30.519707 -1.112605
v 32.446716 27.499514 -0.866105
v 31.829788 28.896729 -1.112607
v 25.971682 29.201956 -2.426764
v 27.291620 29.619423 -3.117449
v 32.175213 26.798693 -2.426763
v 31.481016 27.996439 -3.117450
v 25.482452 27.939116 -3.506774
v 26.663155 27.997164 -4.504844
v 31.685993 25.535851 -3.506774
v 30.852549 26.374184 -4.504845
v 26.219440 31.098740 -3.892226
v 27.281050 30.900290 -5.000000
v 32.758949 29.876289 -3.892226
v 31.697334 30.074739 -5.000000
v 25.909124 29.438721 -3.506774
v 26.882420 28.767809 -4.504844
v 32.448631 28.216272 -3.506774
v 31.298706 27.942261 -4.504842
v 25.660276 28.107489 -2.426763
v 26.562742 27.057692 -3.117450
v 32.199783 26.885038 -2.426763
v 30.979027 26.232143 -3.117451
v 25.522173 27.368711 -0.866103
v 26.385336 26.108650 -1.112605
v 32.061680 26.146263 -0.866104
v 30.801620 25.283104 -1.112604
v 25.522175 27.368711 0.866103
v 26.385336 26.108652 1.112605
v 32.061680 26.146263 0.866104
v 30.801620 25.283102 1.112604
v 25.660278 28.107489 2.426763
v 26.562742 27.057692 3.117450
v 32.199787 26.885038 2.426763
v 30.979027 26.232143 3.117451
v 25.909126 29.438721 3.506774
v 26.882420 28.767807 4.504846
v 32.448631 28.216272 3.506774
v 31.298706 27.942257 4.504844
v 26.219440 31.098740 3.892226
v 27.281050 30.900290 5.000000
v 32.758949 29.876289 3.892226
v 31.697334 30.074739 5.000000
v 26.529753 32.758759 3.506774
v 27.679682 33.032768 4.504844
v 33.069256 31.536310 3.506774
v 32.095966 32.207218 4.504847
v 26.778603 34.089989 2.426764
v 27.999361 34.742886 3.117447
v 33.318115 32.867542 2.426763
v 32.415642 33.917339 3.117445
v 26.916706 34.828766 0.866103
v 28.176765 35.691925 1.112603
v 33.456211 33.606319 0.866103
v 32.593052 34.866379 1.112611
v 26.916704 34.828766 -0.866103
v 28.176765 35.691929 -1.112604
v 33.456211 33.606319 -0.866103
v 32.593052 34.866379 -1.112611
v 26.778601 34.089989 -2.426764
v 27.999359 34.742886 -3.117445
v 33.318115 32.867542 -2.426763
v 32.415642 33.917339 -3.117447
v 26.529753 32.758759 -3.506774
v 27.679682 33.032768 -4.504844
v 33.069256 31.536308 -3.506774
v 32.095966 32.207218 -4.504844
v -11.920000 0.000000 -7.920000
v -13.000000 1.080000 -7.920000
v -11.920000 1.080000 -9.000000
v -11.920000 12.000000 -7.920000
v -11.920000 10.920000 -9.000000
v -13.000000 10.920000 -7.920000
v 11.920000 0.000000 7.920000
v 13.000000 1.080000 7.920000
v 11.920000 1.080000 9.000000
v 11.920000 12.000000 7.920000
v 11.920000 10.920000 9.000000
v 13.000000 10.920000 7.920000
v 11.920000 0.000000 -7.920000
v 11.920000 1.080000 -9.000000
v 13.000000 1.080000 -7.920000
v 11.920000 12.000000 -7.920000
v 13.000000 10.920000 -7.920000
v 11.920000 10.920000 -9.000000
v -27.679680 38.967232 4.504843
v -26.529749 39.241245 3.506774
v -27.753609 40.874641 -1.112605
v -26.673609 39.794640 -0.866106
v -32.095966 39.792782 4.504845
v -33.069256 40.463692 3.506775
v -32.415642 33.917336 3.117449
v -32.593048 34.866383 1.112607
v -33.456211 33.606319 0.866103
v -33.318108 32.867542 2.426764
v -27.999355 37.257114 3.117447
v -26.778603 37.910011 2.426763
v -27.679680 33.032768 -4.504844
v -27.999355 34.742886 -3.117447
v -26.778603 34.089989 -2.426763
v -26.529747 32.758755 -3.506775
v -32.415642 38.082664 3.117450
v -33.318111 39.132458 2.426763
v -28.176764 36.308071 1.112605
v -26.916702 37.171234 0.866103
v -32.593048 37.133621 1.112605
v -33.456211 38.393681 0.866103
v -27.753607 36.000000 -5.000000
v -26.673607 36.000000 -3.892226
v -28.176764 36.308071 -1.112605
v -26.916700 37.171234 -0.866103
v -32.593048 37.133621 -1.112606
v -33.456211 38.393681 -0.866103
v -27.999355 37.257114 -3.117448
v -26.778603 37.910011 -2.426763
v -28.176764 35.691929 1.112605
v -27.999355 34.742882 3.117447
v -26.778603 34.089989 2.426763
v -26.916700 34.828766 0.866103
v -32.415642 38.082664 -3.117450
v -33.318111 39.132458 -2.426763
v -27.679680 38.967232 -4.504844
v -26.529749 39.241245 -3.506774
v -32.095966 39.792782 -4.504844
v -33.069256 40.463692 -3.506775
v -27.753607 38.169418 4.504844
v -26.673609 37.688770 3.506775
v -32.593048 34.866379 -1.112605
v -33.456211 33.606319 -0.866103
v -32.246391 38.169418 4.504844
v -33.326393 37.688770 3.506775
v -27.753607 36.000000 5.000000
v -26.673607 36.000000 3.892226
v -26.463953 17.164650 -3.117448
v -25.291899 15.878967 -4.504846
v -25.766220 14.796176 -3.506773
v -26.678600 15.797005 -2.426766
v -32.246391 36.000000 5.000000
v -33.326393 36.000000 3.892226
v -31.697334 30.074741 -5.000000
v -32.758949 29.876291 -3.892226
v -27.753607 33.830582 4.504844
v -26.673607 34.311230 3.506775
v -28.176764 35.691925 -1.112604
v -26.916702 34.828766 -0.866103
v -32.246391 33.830582 4.504844
v -33.326393 34.311230 3.506775
v -31.481016 27.996443 3.117450
v -31.829786 28.896725 1.112605
v -32.446716 27.499514 0.866103
v -32.175213 26.798693 2.426764
v -27.753607 32.090843 3.117449
v -26.673607 32.956932 2.426760
v -26.663153 27.997164 -4.504844
v -27.291620 29.619421 -3.117448
v -25.971680 29.201956 -2.426764
v -25.482454 27.939116 -3.506774
v -32.246391 32.090843 3.117449
v -33.326393 32.956932 2.426760
v -27.753607 31.125360 1.112605
v -26.673607 32.205360 0.866100
v -32.246391 31.125360 1.112605
v -33.326393 32.205360 0.866100
v -27.281050 30.900288 -5.000000
v -26.219439 31.098738 -3.892226
v -27.753607 31.125360 -1.112605
v -26.673607 32.205360 -0.866100
v -32.246391 31.125360 -1.112605
v -33.326393 32.205360 -0.866100
v -27.753607 32.090843 -3.117449
v -26.673607 32.956932 -2.426760
v -27.640392 30.519707 1.112605
v -27.291620 29.619423 3.117450
v -25.971680 29.201956 2.426764
v -26.243181 29.902777 0.866102
v -32.246391 32.090843 -3.117449
v -33.326393 32.956932 -2.426760
v -27.753607 33.830582 -4.504844
v -26.673607 34.311230 -3.506775
v -32.246391 33.830582 -4.504844
v -33.326393 34.311230 -3.506775
v -27.679680 33.032768 4.504844
v -26.529749 32.758755 3.506775
v -31.829786 28.896725 -1.112605
v -32.446716 27.499514 -0.866103
v -32.095966 32.207222 4.504844
v -33.069256 31.536314 3.506773
v -27.281050 30.900288 5.000000
v -26.219439 31.098738 3.892226
v -22.552366 12.622617 -3.117448
v -21.164026 11.574192 -4.504844
v -21.431309 10.422679 -3.506773
v -22.512054 11.238821 -2.426765
v -31.697334 30.074739 5.000000
v -32.758949 29.876291 3.892226
v -30.068865 24.351259 -5.000000
v -31.075935 23.961119 -3.892226
v -26.882420 28.767807 4.504844
v -25.909126 29.438719 3.506774
v -27.640392 30.519707 -1.112605
v -26.243181 29.902777 -0.866102
v -31.298706 27.942259 4.504846
v -32.448635 28.216270 3.506774
v -29.474339 22.348095 3.117450
v -29.982601 23.168961 1.112602
v -30.332289 21.682184 0.866104
v -29.936636 21.043179 2.426764
v -26.562744 27.057692 3.117450
v -25.660276 28.107487 2.426763
v -24.738644 23.234085 -4.504844
v -25.654499 24.713243 -3.117450
v -24.280325 24.545422 -2.426763
v -23.567381 23.393978 -3.506774
v -30.979031 26.232143 3.117449
v -32.199783 26.885040 2.426763
v -26.385338 26.108648 1.112605
v -25.522175 27.368710 0.866103
v -30.801622 25.283100 1.112605
v -32.061684 26.146263 0.866103
v -25.879469 25.974241 -5.000000
v -24.872398 26.364382 -3.892226
v -26.385338 26.108650 -1.112605
v -25.522177 27.368710 -0.866103
v -30.801622 25.283102 -1.112605
v -32.061684 26.146263 -0.866103
v -26.562744 27.057692 -3.117450
v -25.660278 28.107487 -2.426763
v -26.162758 25.534111 1.112605
v -25.654499 24.713242 3.117449
v -24.280325 24.545422 2.426763
v -24.675978 25.184423 0.866099
v -30.979031 26.232145 -3.117449
v -32.199783 26.885040 -2.426763
v -26.882420 28.767809 -4.504843
v -25.909128 29.438719 -3.506774
v -31.298706 27.942261 -4.504845
v -32.448635 28.216272 -3.506774
v -26.663153 27.997164 4.504844
v -25.482454 27.939116 3.506774
v -29.982603 23.168964 -1.112604
v -30.332289 21.682184 -0.866104
v -30.852549 26.374182 4.504844
v -31.685991 25.535852 3.506774
v -25.879469 25.974241 5.000000
v -24.872398 26.364382 3.892226
v -17.872787 8.876675 -3.117449
v -16.315437 8.101207 -4.504845
v -16.366579 6.920188 -3.506774
v -17.578890 7.523848 -2.426764
v -30.068865 24.351259 5.000000
v -31.075935 23.961119 3.892226
v -27.416435 19.024462 -5.000000
v -28.334669 18.455915 -3.892226
v -25.095785 23.951319 4.504844
v -24.262342 24.789648 3.506774
v -26.162758 25.534111 -1.112605
v -24.675978 25.184423 -0.866099
v -29.285181 22.328339 4.504843
v -30.465879 22.386385 3.506774
v -26.463955 17.164650 3.117450
v -27.114395 17.878147 1.112607
v -27.184933 16.352428 0.866100
v -26.678600 15.797005 2.426765
v -24.467318 22.329058 3.117450
v -23.773119 23.526808 2.426763
v -21.971695 18.905737 -4.504844
v -23.143745 20.191418 -3.117449
v -21.762135 20.278961 -2.426762
v -20.849754 19.278128 -3.506773
v -28.656713 20.706079 3.117449
v -29.976654 21.123545 2.426764
v -24.118547 21.428776 1.112605
v -23.501616 22.825987 0.866103
v -28.307941 19.805794 1.112605
v -29.705153 20.422724 0.866102
v -23.596592 21.389608 -5.000000
v -22.678358 21.958155 -3.892226
v -24.118547 21.428774 -1.112605
v -23.501616 22.825987 -0.866103
v -28.307941 19.805796 -1.112604
v -29.705153 20.422724 -0.866102
v -24.467318 22.329058 -3.117449
v -23.773119 23.526808 -2.426763
v -23.794186 20.904917 1.112605
v -23.143747 20.191418 3.117451
v -21.762135 20.278961 2.426762
v -22.268467 20.834379 0.866103
v -28.656713 20.706078 -3.117450
v -29.976654 21.123545 -2.426764
v -25.095785 23.951317 -4.504846
v -24.262342 24.789648 -3.506774
v -29.285181 22.328337 -4.504844
v -30.465879 22.386385 -3.506774
v -24.738644 23.234087 4.504846
v -23.567381 23.393978 3.506774
v -27.114395 17.878147 -1.112607
v -27.184933 16.352428 -0.866100
v -28.558487 20.868938 4.504844
v -29.223692 19.891739 3.506774
v -23.596592 21.389608 5.000000
v -22.678358 21.958155 3.892226
v -12.584572 6.054385 -3.117450
v -10.911245 5.578283 -4.504843
v -10.744505 4.407977 -3.506774
v -12.047097 4.778594 -2.426764
v -27.416435 19.024462 5.000000
v -28.334669 18.455915 3.892226
v -23.830370 14.275746 -5.000000
v -24.628500 13.548154 -3.892226
v -22.454540 19.545132 4.504844
v -21.789335 20.522331 3.506774
v -23.794188 20.904919 -1.112605
v -22.268467 20.834379 -0.866104
v -26.274384 17.179985 4.504844
v -27.445646 17.020092 3.506774
v -22.552368 12.622618 3.117449
v -23.322840 13.204451 1.112600
v -23.111826 11.691747 0.866099
v -22.512054 11.238821 2.426765
v -21.538689 18.065975 3.117450
v -21.076391 19.370892 2.426764
v -18.456520 15.159510 -4.504844
v -19.844860 16.207937 -3.117448
v -18.502859 16.547857 -2.426763
v -17.422110 15.731716 -3.506774
v -25.358528 15.700830 3.117449
v -26.732702 15.868648 2.426762
v -21.030424 17.245106 1.112604
v -20.680738 18.731886 0.866104
v -24.850269 14.879959 1.112605
v -26.337049 15.229648 0.866101
v -20.510164 17.302517 -5.000000
v -19.712034 18.030107 -3.892226
v -21.030424 17.245106 -1.112604
v -20.680738 18.731886 -0.866104
v -24.850269 14.879959 -1.112605
v -26.337049 15.229648 -0.866101
v -21.538689 18.065975 -3.117450
v -21.076389 19.370892 -2.426764
v -20.615330 16.789770 1.112605
v -19.844858 16.207935 3.117447
v -18.502859 16.547857 2.426763
v -19.102627 17.000784 0.866099
v -25.358528 15.700830 -3.117449
v -26.732700 15.868649 -2.426762
v -22.454540 19.545132 -4.504844
v -21.789335 20.522331 -3.506774
v -26.274384 17.179985 -4.504844
v -27.445646 17.020092 -3.506774
v -21.971693 18.905737 4.504844
v -20.849754 19.278128 3.506773
v -23.322838 13.204450 -1.112600
v -23.111826 11.691748 -0.866101
v -25.291899 15.878966 4.504844
v -25.766220 14.796175 3.506773
v -20.510164 17.302517 5.000000
v -19.712034 18.030107 3.892226
v -6.867803 4.251857 -3.117449
v -5.135486 4.091334 -4.504844
v -4.756541 2.971593 -3.506774
v -6.105054 3.096551 -2.426763
v -23.830370 14.275746 5.000000
v -24.628500 13.548156 3.892226
v -19.432791 10.266825 -5.000000
v -20.083637 9.404966 -3.892226
v -19.048635 15.699296 4.504844
v -18.574314 16.782087 3.506774
v -20.615330 16.789770 -1.112605
v -19.102627 17.000784 -0.866099
v -22.368841 12.672526 4.504843
v -23.490780 12.300135 3.506773
v -17.872787 8.876675 3.117448
v -18.737049 9.307027 1.112604
v -18.251673 7.858853 0.866103
v -17.578890 7.523848 2.426764
v -17.876581 14.413614 3.117450
v -17.661934 15.781257 2.426763
v -14.312832 12.122982 -4.504844
v -15.870182 12.898451 -3.117449
v -14.613490 13.479177 -2.426763
v -13.401179 12.875516 -3.506774
v -21.196787 11.386845 3.117450
v -22.578402 11.299305 2.426765
v -17.226139 13.700114 1.112604
v -17.155602 15.225835 0.866105
v -20.546347 10.673345 1.112604
v -22.072067 10.743883 0.866102
v -16.725286 13.852142 -5.000000
v -16.074440 14.714001 -3.892226
v -17.226139 13.700114 -1.112604
v -17.155602 15.225836 -0.866105
v -20.546347 10.673345 -1.112604
v -22.072067 10.743883 -0.866102
v -17.876581 14.413614 -3.117450
v -17.661934 15.781257 -2.426763
v -16.734446 13.328802 1.112605
v -15.870182 12.898451 3.117449
v -14.613490 13.479177 2.426763
v -15.286272 13.814181 0.866101
v -21.196787 11.386845 -3.117450
v -22.578402 11.299303 -2.426765
v -19.048635 15.699296 -4.504844
v -18.574314 16.782087 -3.506773
v -22.368841 12.672526 -4.504844
v -23.490780 12.300135 -3.506773
v -18.456520 15.159510 4.504844
v -17.422110 15.731716 3.506774
v -18.737053 9.307029 -1.112605
v -18.251673 7.858853 -0.866103
v -21.164026 11.574192 4.504843
v -21.431309 10.422679 3.506773
v -16.725285 13.852144 5.000000
v -16.074440 14.714001 3.892226
v -0.917161 3.530474 -3.117449
v 0.815156 3.690997 -4.504844
v 1.393400 2.659952 -3.506774
v 0.044887 2.534994 -2.426764
v -19.432793 10.266823 5.000000
v -20.083637 9.404966 3.892226
v -14.373453 7.134214 -4.999999
v -14.854851 6.167437 -3.892226
v -14.994052 12.544776 4.504844
v -14.726768 13.696288 3.506774
v -16.734447 13.328803 -1.112606
v -15.286272 13.814181 -0.866101
v -17.701557 8.959457 4.504844
v -18.735968 8.387251 3.506774
v -12.584570 6.054385 3.117448
v -13.513198 6.318602 1.112604
v -12.769982 4.984275 0.866101
v -12.047097 4.778595 2.426764
v -13.605710 11.496349 3.117449
v -13.646022 12.880145 2.426764
v -9.681737 9.899558 -4.504844
v -11.355062 10.375661 -3.117448
v -10.226477 11.177413 -2.426764
v -8.923884 10.806795 -3.506774
v -16.313217 7.911030 3.117448
v -17.655220 7.571110 2.426763
v -12.835238 10.914515 1.112605
v -13.046251 12.427220 0.866099
v -15.542747 7.329197 1.112605
v -17.055450 7.118184 0.866100
v -12.370847 11.155989 -5.000000
v -11.889449 12.122766 -3.892226
v -12.835238 10.914516 -1.112605
v -13.046251 12.427219 -0.866101
v -15.542747 7.329197 -1.112605
v -17.055450 7.118184 -0.866100
v -13.605710 11.496349 -3.117449
v -13.646022 12.880145 -2.426764
v -12.283689 10.639876 1.112605
v -11.355064 10.375661 3.117449
v -10.226477 11.177413 2.426764
v -10.949360 11.383093 0.866102
v -16.313217 7.911029 -3.117448
v -17.655218 7.571110 -2.426763
v -14.994052 12.544776 -4.504844
v -14.726768 13.696288 -3.506774
v -17.701557 8.959457 -4.504844
v -18.735968 8.387251 -3.506774
v -14.312832 12.122982 4.504844
v -13.401179 12.875517 3.506774
v -13.513198 6.318602 -1.112604
v -12.769982 4.984275 -0.866101
v -16.315437 8.101207 4.504844
v -16.366579 6.920188 3.506774
v -12.370848 11.155989 4.999999
v -11.889450 12.122766 3.892226
v 5.064716 3.914802 -3.117449
v 6.738041 4.390903 -4.504844
v 7.495893 3.483667 -3.506774
v 6.193302 3.113047 -2.426764
v -14.373453 7.134214 5.000000
v -14.854851 6.167437 3.892226
v -8.824644 4.984593 -5.000000
v -9.120200 3.945822 -3.892226
v -10.428864 10.188997 4.504844
v -10.377722 11.370013 3.506774
v -12.283689 10.639876 -1.112605
v -10.949360 11.383094 -0.866102
v -12.431469 6.167221 4.504844
v -13.343122 5.414686 3.506774
v -6.867803 4.251857 3.117450
v -7.829166 4.340940 1.112605
v -6.853423 3.165897 0.866103
v -6.105054 3.096551 2.426763
v -8.871513 9.413528 3.117450
v -9.165411 10.766356 2.426764
v -4.720944 8.564953 -4.504844
v -6.453261 8.725475 -3.117449
v -5.491213 9.720956 -2.426763
v -4.142700 9.595997 -3.506774
v -10.874119 5.391753 3.117449
v -12.130811 4.811027 2.426763
v -8.007249 8.983175 1.112605
v -8.492628 10.431350 0.866103
v -10.009856 4.961401 1.112605
v -11.458029 4.476022 0.866101
v -7.595135 9.305868 -5.000000
v -7.299579 10.344640 -3.892226
v -8.007250 8.983175 -1.112605
v -8.492628 10.431350 -0.866103
v -10.009855 4.961401 -1.112605
v -11.458029 4.476022 -0.866101
v -8.871513 9.413528 -3.117450
v -9.165411 10.766356 -2.426764
v -7.414625 8.814559 1.112605
v -6.453261 8.725475 3.117449
v -5.491213 9.720956 2.426763
v -6.239582 9.790301 0.866103
v -10.874119 5.391753 -3.117449
v -12.130811 4.811027 -2.426763
v -10.428864 10.188997 -4.504845
v -10.377722 11.370013 -3.506774
v -12.431469 6.167221 -4.504844
v -13.343122 5.414686 -3.506774
v -9.681738 9.899558 4.504846
v -8.923884 10.806796 3.506774
v -7.829167 4.340940 -1.112605
v -6.853423 3.165897 -0.866103
v -10.911246 5.578283 4.504843
v -10.744505 4.407977 3.506774
v -7.595135 9.305868 5.000000
v -7.299579 10.344640 3.892226
v 10.874119 5.391753 -3.117449
v 12.431469 6.167221 -4.504844
v 13.343122 5.414686 -3.506774
v 12.130811 4.811027 -2.426763
v -8.824644 4.984593 5.000000
v -9.120200 3.945822 3.892226
v -2.975322 3.891165 -5.000000
v -3.074971 2.815772 -3.892226
v -5.508532 8.712178 4.504844
v -5.675273 9.882485 3.506774
v -7.414626 8.814559 -1.112605
v -6.239582 9.790301 -0.866103
v -6.738041 4.390903 4.504844
v -7.495894 3.483666 3.506774
v -0.917161 3.530474 3.117450
v -1.878524 3.441391 1.112605
v -0.703481 2.465648 0.866102
v 0.044887 2.534994 2.426764
v -3.835208 8.236076 3.117450
v -4.372681 9.511866 2.426763
v 0.400616 8.164617 -4.504844
v -1.331701 8.004094 -3.117449
v -0.568952 9.159399 -2.426764
v 0.779561 9.284357 -3.506774
v -5.064717 3.914801 3.117449
v -6.193302 3.113048 2.426764
v -2.906581 7.971860 1.112605
v -3.649797 9.306187 0.866102
v -4.136091 3.650585 1.112605
v -5.470419 2.907369 0.866102
v -2.560780 8.364784 -5.000000
v -2.461130 9.440177 -3.892226
v -2.906581 7.971860 -1.112604
v -3.649797 9.306187 -0.866102
v -4.136091 3.650585 -1.112605
v -5.470419 2.907369 -0.866102
v -3.835207 8.236076 -3.117450
v -4.372681 9.511866 -2.426763
v -2.293065 7.915010 1.112605
v -1.331701 8.004094 3.117449
v -0.568952 9.159399 2.426764
v -1.317322 9.090054 0.866102
v -5.064716 3.914801 -3.117449
v -6.193302 3.113048 -2.426764
v -5.508532 8.712178 -4.504844
v -5.675273 9.882484 -3.506774
v -6.738041 4.390903 -4.504844
v -7.495894 3.483666 -3.506774
v -4.720944 8.564953 4.504844
v -4.142700 9.595997 3.506774
v -1.878524 3.441391 -1.112605
v -0.703481 2.465648 -0.866102
v -5.135486 4.091334 4.504845
v -4.756541 2.971592 3.506774
v -2.560780 8.364784 5.000000
v -2.461130 9.440177 3.892226
v 16.313217 7.911030 -3.117448
v 17.701557 8.959457 -4.504844
v 18.735968 8.387251 -3.506774
v 17.655220 7.571110 -2.426763
v -2.975322 3.891165 5.000000
v -3.074971 2.815772 3.892226
v 2.975321 3.891165 -5.000000
v 3.074970 2.815772 -3.892226
v -0.400616 8.164616 4.504844
v -0.779561 9.284356 3.506774
v -2.293065 7.915010 -1.112605
v -1.317322 9.090054 -0.866102
v -0.815157 3.690997 4.504845
v -1.393401 2.659952 3.506774
v 5.064715 3.914802 3.117449
v 4.136090 3.650585 1.112606
v 5.470417 2.907370 0.866101
v 6.193302 3.113047 2.426764
v 1.331701 8.004092 3.117449
v 0.568953 9.159399 2.426764
v 5.508533 8.712179 -4.504844
v 3.835208 8.236077 -3.117449
v 4.372682 9.511867 -2.426763
v 5.675274 9.882486 -3.506774
v 0.917160 3.530474 3.117449
v -0.044888 2.534994 2.426764
v 2.293066 7.915009 1.112604
v 1.317322 9.090052 0.866102
v 1.878524 3.441391 1.112605
v 0.703481 2.465647 0.866102
v 2.560780 8.364784 -5.000000
v 2.461131 9.440177 -3.892226
v 2.293066 7.915009 -1.112604
v 1.317322 9.090052 -0.866102
v 1.878524 3.441391 -1.112605
v 0.703481 2.465647 -0.866102
v 1.331702 8.004092 -3.117449
v 0.568953 9.159399 -2.426764
v 2.906582 7.971861 1.112605
v 3.835207 8.236077 3.117450
v 4.372682 9.511867 2.426763
v 3.649798 9.306189 0.866102
v 0.917160 3.530474 -3.117449
v -0.044888 2.534994 -2.426764
v -0.400616 8.164616 -4.504844
v -0.779560 9.284356 -3.506774
v -0.815157 3.690997 -4.504844
v -1.393401 2.659952 -3.506774
v 0.400616 8.164617 4.504844
v 0.779561 9.284357 3.506774
v 4.136090 3.650585 -1.112606
v 5.470417 2.907370 -0.866101
v 0.815156 3.690997 4.504844
v 1.393400 2.659952 3.506774
v 2.560780 8.364784 5.000000
v 2.461131 9.440177 3.892226
v 21.196787 11.386845 -3.117449
v 22.368841 12.672527 -4.504843
v 23.490780 12.300135 -3.506773
v 22.578400 11.299304 -2.426763
v 2.975321 3.891165 5.000000
v 3.074970 2.815772 3.892226
v 8.824643 4.984593 -5.000000
v 9.120199 3.945821 -3.892226
v 4.720945 8.564952 4.504845
v 4.142701 9.595997 3.506774
v 2.906582 7.971861 -1.112605
v 3.649798 9.306189 -0.866102
v 5.135486 4.091333 4.504844
v 4.756540 2.971592 3.506774
v 10.874119 5.391753 3.117449
v 10.009855 4.961401 1.112605
v 11.458029 4.476022 0.866101
v 12.130811 4.811027 2.426763
v 6.453261 8.725474 3.117449
v 5.491214 9.720955 2.426764
v 10.428864 10.188997 -4.504844
v 8.871513 9.413528 -3.117450
v 9.165411 10.766356 -2.426764
v 10.377722 11.370013 -3.506774
v 6.867803 4.251856 3.117449
v 6.105054 3.096550 2.426763
v 7.414624 8.814558 1.112605
v 6.239583 9.790300 0.866102
v 7.829166 4.340939 1.112605
v 6.853423 3.165896 0.866102
v 7.595135 9.305869 -5.000000
v 7.299580 10.344640 -3.892226
v 7.414625 8.814558 -1.112605
v 6.239583 9.790300 -0.866102
v 7.829167 4.340939 -1.112605
v 6.853423 3.165896 -0.866102
v 6.453261 8.725474 -3.117449
v 5.491214 9.720955 -2.426764
v 8.007250 8.983175 1.112605
v 8.871513 9.413528 3.117450
v 9.165411 10.766356 2.426764
v 8.492628 10.431350 0.866103
v 6.867803 4.251856 -3.117450
v 6.105054 3.096550 -2.426763
v 4.720945 8.564952 -4.504844
v 4.142701 9.595997 -3.506774
v 5.135486 4.091333 -4.504844
v 4.756540 2.971592 -3.506774
v 5.508533 8.712179 4.504844
v 5.675273 9.882486 3.506774
v 10.009856 4.961401 -1.112605
v 11.458029 4.476022 -0.866101
v 6.738041 4.390903 4.504844
v 7.495893 3.483667 3.506774
v 7.595136 9.305869 5.000000
v 7.299580 10.344640 3.892226
v 25.358530 15.700829 -3.117448
v 26.274384 17.179985 -4.504844
v 27.445644 17.020092 -3.506773
v 26.732704 15.868649 -2.426764
v 8.824643 4.984593 5.000000
v 9.120199 3.945821 3.892226
v 14.373453 7.134214 -5.000000
v 14.854851 6.167437 -3.892226
v 9.681739 9.899558 4.504844
v 8.923886 10.806794 3.506774
v 8.007249 8.983175 -1.112605
v 8.492628 10.431350 -0.866103
v 10.911245 5.578282 4.504843
v 10.744505 4.407976 3.506774
v 16.313217 7.911029 3.117448
v 15.542747 7.329197 1.112605
v 17.055450 7.118184 0.866100
v 17.655218 7.571110 2.426763
v 11.355063 10.375659 3.117449
v 10.226477 11.177415 2.426763
v 14.994052 12.544776 -4.504844
v 13.605710 11.496349 -3.117449
v 13.646022 12.880145 -2.426764
v 14.726768 13.696288 -3.506774
v 12.584572 6.054384 3.117450
v 12.047097 4.778594 2.426764
v 12.283689 10.639876 1.112605
v 10.949361 11.383091 0.866102
v 13.513197 6.318601 1.112605
v 12.769980 4.984273 0.866101
v 12.370848 11.155989 -4.999999
v 11.889450 12.122766 -3.892226
v 12.283689 10.639876 -1.112604
v 10.949361 11.383091 -0.866102
v 13.513196 6.318601 -1.112605
v 12.769980 4.984273 -0.866101
v 11.355063 10.375659 -3.117449
v 10.226477 11.177416 -2.426763
v 12.835238 10.914516 1.112605
v 13.605710 11.496349 3.117449
v 13.646022 12.880145 2.426764
v 13.046251 12.427219 0.866101
v 12.584571 6.054384 -3.117449
v 12.047097 4.778595 -2.426764
v 9.681738 9.899558 -4.504843
v 8.923886 10.806794 -3.506774
v 10.911246 5.578282 -4.504845
v 10.744505 4.407977 -3.506774
v 10.428864 10.188997 4.504845
v 10.377722 11.370013 3.506774
v 15.542747 7.329197 -1.112605
v 17.055450 7.118184 -0.866100
v 12.431469 6.167221 4.504844
v 13.343122 5.414686 3.506774
v 12.370847 11.155989 5.000000
v 11.889449 12.122766 3.892226
v 28.656713 20.706078 -3.117449
v 29.285179 22.328337 -4.504844
v 30.465881 22.386385 -3.506774
v 29.976652 21.123545 -2.426764
v 14.373453 7.134214 4.999999
v 14.854851 6.167437 3.892226
v 19.432793 10.266823 -5.000000
v 20.083637 9.404966 -3.892226
v 14.312832 12.122982 4.504844
v 13.401179 12.875516 3.506774
v 12.835238 10.914515 -1.112605
v 13.046251 12.427220 -0.866099
v 16.315437 8.101207 4.504845
v 16.366579 6.920188 3.506774
v 21.196787 11.386845 3.117450
v 20.546345 10.673345 1.112605
v 22.072067 10.743882 0.866105
v 22.578400 11.299304 2.426763
v 15.870182 12.898451 3.117449
v 14.613490 13.479177 2.426763
v 19.048634 15.699297 -4.504844
v 17.876581 14.413615 -3.117450
v 17.661934 15.781260 -2.426766
v 18.574316 16.782087 -3.506774
v 17.872787 8.876675 3.117449
v 17.578890 7.523848 2.426764
v 16.734447 13.328803 1.112606
v 15.286272 13.814181 0.866101
v 18.737053 9.307029 1.112605
v 18.251673 7.858853 0.866103
v 16.725285 13.852144 -5.000000
v 16.074440 14.714001 -3.892226
v 16.734446 13.328802 -1.112605
v 15.286272 13.814181 -0.866101
v 18.737049 9.307027 -1.112604
v 18.251673 7.858853 -0.866103
v 15.870182 12.898451 -3.117449
v 14.613490 13.479177 -2.426763
v 17.226139 13.700116 1.112604
v 17.876579 14.413614 3.117451
v 17.661934 15.781260 2.426765
v 17.155602 15.225837 0.866101
v 17.872787 8.876675 -3.117448
v 17.578890 7.523848 -2.426764
v 14.312832 12.122982 -4.504844
v 13.401179 12.875517 -3.506774
v 16.315437 8.101207 -4.504844
v 16.366579 6.920188 -3.506774
v 14.994052 12.544776 4.504844
v 14.726768 13.696288 3.506774
v 20.546345 10.673345 -1.112605
v 22.072067 10.743883 -0.866105
v 17.701557 8.959457 4.504844
v 18.735968 8.387251 3.506774
v 16.725286 13.852142 5.000000
v 16.074440 14.714001 3.892226
v 30.979027 26.232143 -3.117451
v 31.298706 27.942261 -4.504842
v 32.448631 28.216272 -3.506774
v 32.199783 26.885038 -2.426763
v 19.432791 10.266825 5.000000
v 20.083637 9.404966 3.892226
v 23.830370 14.275746 -5.000000
v 24.628500 13.548154 -3.892226
v 18.456520 15.159510 4.504844
v 17.422110 15.731716 3.506774
v 17.226139 13.700116 -1.112604
v 17.155602 15.225837 -0.866101
v 21.164026 11.574192 4.504844
v 21.431309 10.422679 3.506773
v 25.358530 15.700828 3.117449
v 24.850269 14.879959 1.112605
v 26.337049 15.229648 0.866101
v 26.732704 15.868649 2.426764
v 19.844860 16.207937 3.117448
v 18.502859 16.547857 2.426763
v 22.454540 19.545130 -4.504844
v 21.538687 18.065977 -3.117448
v 21.076389 19.370888 -2.426761
v 21.789333 20.522329 -3.506774
v 22.552366 12.622617 3.117448
v 22.512054 11.238821 2.426765
v 20.615330 16.789770 1.112605
v 19.102627 17.000784 0.866099
v 23.322838 13.204450 1.112600
v 23.111826 11.691748 0.866101
v 20.510164 17.302515 -5.000000
v 19.712034 18.030107 -3.892226
v 20.615330 16.789770 -1.112605
v 19.102627 17.000784 -0.866099
v 23.322840 13.204451 -1.112600
v 23.111826 11.691747 -0.866099
v 19.844858 16.207935 -3.117447
v 18.502859 16.547857 -2.426763
v 21.030424 17.245106 1.112604
v 21.538687 18.065977 3.117449
v 21.076387 19.370888 2.426761
v 20.680738 18.731886 0.866104
v 22.552368 12.622618 -3.117449
v 22.512054 11.238821 -2.426765
v 18.456520 15.159510 -4.504844
v 17.422110 15.731716 -3.506774
v 21.164026 11.574192 -4.504843
v 21.431309 10.422679 -3.506773
v 19.048634 15.699299 4.504844
v 18.574316 16.782089 3.506774
v 24.850269 14.879959 -1.112605
v 26.337049 15.229648 -0.866101
v 22.368841 12.672526 4.504844
v 23.490780 12.300135 3.506773
v 20.510162 17.302517 5.000000
v 19.712032 18.030109 3.892226
v 11.920000 12.000000 7.920000
v -11.920000 12.000000 7.920000
v -11.920000 10.920000 9.000000
v 11.920000 10.920000 9.000000
v 23.830370 14.275746 4.999999
v 24.628502 13.548154 3.892226
v 27.416435 19.024462 -5.000000
v 28.334671 18.455915 -3.892226
v 21.971695 18.905737 4.504844
v 20.849754 19.278128 3.506773
v 21.030424 17.245106 -1.112604
v 20.680738 18.731886 -0.866104
v 25.291899 15.878966 4.504846
v 25.766220 14.796175 3.506774
v 28.656713 20.706078 3.117449
v 28.307941 19.805794 1.112605
v 29.705153 20.422724 0.866102
v 29.976652 21.123545 2.426764
v 23.143745 20.191418 3.117450
v 21.762135 20.278957 2.426764
v 25.095785 23.951317 -4.504844
v 24.467318 22.329062 -3.117451
v 23.773117 23.526808 -2.426762
v 24.262341 24.789650 -3.506774
v 26.463953 17.164648 3.117450
v 26.678600 15.797006 2.426763
v 23.794189 20.904917 1.112605
v 22.268467 20.834381 0.866100
v 27.114395 17.878147 1.112604
v 27.184933 16.352427 0.866100
v 23.596592 21.389608 -5.000000
v 22.678356 21.958155 -3.892226
v 23.794189 20.904917 -1.112605
v 22.268467 20.834381 -0.866100
v 27.114395 17.878147 -1.112604
v 27.184933 16.352427 -0.866100
v 23.143747 20.191418 -3.117450
v 21.762135 20.278957 -2.426764
v 24.118546 21.428774 1.112605
v 24.467318 22.329062 3.117451
v 23.773119 23.526808 2.426762
v 23.501616 22.825987 0.866101
v 26.463953 17.164648 -3.117450
v 26.678600 15.797005 -2.426763
v 21.971693 18.905737 -4.504844
v 20.849754 19.278128 -3.506773
v 25.291899 15.878965 -4.504843
v 25.766220 14.796173 -3.506774
v 22.454540 19.545130 4.504843
v 21.789331 20.522329 3.506774
v 28.307941 19.805792 -1.112605
v 29.705153 20.422724 -0.866102
v 26.274384 17.179985 4.504844
v 27.445644 17.020090 3.506773
v 23.596592 21.389608 5.000000
v 22.678356 21.958155 3.892226
v 11.920000 12.000000 -7.920000
v 13.000000 10.920000 7.920000
v 13.000000 10.920000 -7.920000
v 27.416435 19.024462 5.000000
v 28.334671 18.455915 3.892226
v 30.068865 24.351261 -5.000000
v 31.075933 23.961119 -3.892226
v 24.738644 23.234085 4.504843
v 23.567383 23.393980 3.506773
v 24.118546 21.428776 -1.112605
v 23.501616 22.825987 -0.866101
v 28.558487 20.868940 4.504844
v 29.223696 19.891741 3.506774
v 30.979027 26.232143 3.117451
v 30.801620 25.283102 1.112604
v 32.061680 26.146263 0.866104
v 32.199787 26.885038 2.426763
v 25.654497 24.713242 3.117449
v 24.280323 24.545422 2.426763
v 26.882420 28.767809 -4.504844
v 26.562742 27.057692 -3.117450
v 25.660276 28.107489 -2.426763
v 25.909124 29.438721 -3.506774
v 29.474340 22.348095 3.117450
v 29.936640 21.043182 2.426761
v 26.162758 25.534111 1.112605
v 24.675978 25.184423 0.866099
v 29.982603 23.168964 1.112604
v 30.332289 21.682184 0.866104
v 25.879469 25.974239 -5.000001
v 24.872400 26.364382 -3.892226
v 26.162758 25.534111 -1.112605
v 24.675978 25.184423 -0.866099
v 29.982601 23.168961 -1.112602
v 30.332289 21.682184 -0.866104
v 25.654499 24.713245 -3.117451
v 24.280325 24.545420 -2.426763
v 26.385336 26.108652 1.112605
v 26.562742 27.057692 3.117450
v 25.660278 28.107489 2.426763
v 25.522175 27.368711 0.866103
v 29.474340 22.348093 -3.117448
v 29.936638 21.043182 -2.426761
v -11.920000 0.000000 7.920000
v 11.920000 0.000000 7.920000
v 11.920000 1.080000 9.000000
v -11.920000 1.080000 9.000000
v 24.738644 23.234085 -4.504844
v 23.567383 23.393978 -3.506773
v 28.558487 20.868940 -4.504844
v 29.223694 19.891741 -3.506774
v 25.095785 23.951317 4.504844
v 24.262342 24.789650 3.506774
v 30.801620 25.283104 -1.112604
v 32.061680 26.146263 -0.866104
v 29.285179 22.328337 4.504844
v 30.465881 22.386385 3.506774
v 25.879469 25.974241 5.000000
v 24.872400 26.364382 3.892226
v 30.068865 24.351259 5.000001
v 31.075933 23.961119 3.892226
v 31.697334 30.074739 -5.000000
v 32.758949 29.876289 -3.892226
v 26.663155 27.997164 4.504844
v 25.482452 27.939116 3.506774
v 26.385336 26.108650 -1.112605
v 25.522173 27.368711 -0.866103
v 30.852549 26.374184 4.504844
v 31.685991 25.535851 3.506774
v 27.291620 29.619421 3.117447
v 25.971682 29.201956 2.426764
v 13.000000 1.080000 7.920000
v 31.481016 27.996439 3.117450
v 32.175217 26.798693 2.426763
v 27.640392 30.519707 1.112605
v 26.243181 29.902777 0.866102
v 31.829786 28.896725 1.112606
v 32.446720 27.499512 0.866105
v 27.281050 30.900290 -5.000000
v 26.219440 31.098740 -3.892226
v 27.640392 30.519707 -1.112605
v 26.243181 29.902777 -0.866102
v 31.829788 28.896729 -1.112607
v 32.446716 27.499514 -0.866105
v 27.291620 29.619423 -3.117449
v 25.971682 29.201956 -2.426764
v 31.481016 27.996439 -3.117450
v 32.175213 26.798693 -2.426763
v 26.663155 27.997164 -4.504844
v 25.482452 27.939116 -3.506774
v 30.852549 26.374184 -4.504845
v 31.685993 25.535851 -3.506774
v 11.920000 0.000000 -7.920000
v 13.000000 1.080000 -7.920000
v 26.882420 28.767807 4.504846
v 25.909126 29.438721 3.506774
v 31.298706 27.942257 4.504844
v 32.448631 28.216272 3.506774
v 11.920000 1.080000 -9.000000
v 11.920000 10.920000 -9.000000
v 27.281050 30.900290 5.000000
v 26.219440 31.098740 3.892226
v 31.697334 30.074739 5.000000
v 32.758949 29.876289 3.892226
v -11.920000 12.000000 -7.920000
v -11.920000 10.920000 -9.000000
v 27.679682 33.032768 4.504844
v 26.529753 32.758759 3.506774
v 32.095966 32.207218 4.504847
v 33.069256 31.536310 3.506774
v -11.920000 0.000000 -7.920000
v -11.920000 1.080000 -9.000000
v 27.999361 34.742886 3.117447
v 26.778603 34.089989 2.426764
v 32.415642 33.917339 3.117445
v 33.318115 32.867542 2.426763
v -13.000000 1.080000 -7.920000
v -13.000000 10.920000 -7.920000
v 28.176765 35.691925 1.112603
v 26.916706 34.828766 0.866103
v 32.593052 34.866379 1.112611
v 33.456211 33.606319 0.866103
v -13.000000 10.920000 7.920000
v 28.176765 35.691929 -1.112604
v 26.916704 34.828766 -0.866103
v 32.593052 34.866379 -1.112611
v 33.456211 33.606319 -0.866103
v -13.000000 1.080000 7.920000
v 27.999359 34.742886 -3.117445
v 26.778601 34.089989 -2.426764
v 32.415642 33.917339 -3.117447
v 33.318115 32.867542 -2.426763
v 27.679682 33.032768 -4.504844
v 26.529753 32.758759 -3.506774
v 32.095966 32.207218 -4.504844
v 33.069256 31.536308 -3.506774
vn -0.7160 -0.0000 -0.6981
vn -0.7038 0.1316 0.6981
vn -0.8961 0.0871 -0.4352
vn -0.7682 -0.1194 -0.6289
vn 0.7038 -0.1316 0.6981
vn -0.6482 0.4293 0.6289
vn -0.7160 0.6806 -0.1553
vn 0.7595 0.1662 0.6289
vn -0.7771 -0.0238 -0.6289
vn 0.5583 -0.5411 -0.6289
vn -0.8648 -0.2503 -0.4352
vn 0.7160 0.6806 0.1553
vn 0.7160 0.5458 0.4352
vn 0.4705 -0.7676 -0.4352
vn -0.9135 -0.3760 -0.1553
vn 0.4218 -0.8933 -0.1553
vn 0.7038 -0.1316 -0.6981
vn -0.9135 -0.3760 0.1553
vn 0.4218 -0.8933 0.1553
vn -0.8648 -0.2503 0.4352
vn 0.7160 0.3029 -0.6289
vn 0.7160 0.5458 -0.4352
vn 0.4705 -0.7676 0.4352
vn -0.7160 0.5458 0.4352
vn -0.7160 0.6806 0.1553
vn -0.7771 -0.0238 0.6289
vn 0.8289 0.5374 -0.1553
vn 0.5583 -0.5411 0.6289
vn -0.7038 0.1316 -0.6981
vn -0.6677 0.2587 0.6981
vn -0.8648 0.2503 -0.4352
vn -0.7771 0.0238 -0.6289
vn 0.6677 -0.2587 0.6981
vn -0.5583 0.5411 0.6289
vn -0.5788 0.8006 -0.1553
vn 0.7771 0.0238 0.6289
vn -0.7682 0.1194 -0.6289
vn 0.4493 -0.6345 -0.6289
vn -0.8961 -0.0871 -0.4352
vn 0.8289 0.5374 0.1553
vn 0.8041 0.4049 0.4352
vn 0.3215 -0.8410 -0.4352
vn -0.9671 -0.2017 -0.1553
vn 0.2505 -0.9556 -0.1553
vn 0.6677 -0.2587 -0.6981
vn -0.9671 -0.2017 0.1553
vn 0.2505 -0.9556 0.1553
vn -0.8961 -0.0871 0.4352
vn 0.7595 0.1662 -0.6289
vn 0.8041 0.4049 -0.4352
vn 0.3215 -0.8410 0.4352
vn -0.6035 0.6681 0.4352
vn -0.5788 0.8006 0.1553
vn -0.7682 0.1194 0.6289
vn 0.9135 0.3760 -0.1553
vn 0.4493 -0.6345 0.6289
vn -0.6677 0.2587 -0.6981
vn -0.6088 0.3769 0.6981
vn -0.8041 0.4049 -0.4352
vn -0.7595 0.1662 -0.6289
vn 0.6088 -0.3769 0.6981
vn -0.4493 0.6345 0.6289
vn -0.4218 0.8933 -0.1553
vn 0.7682 -0.1194 0.6289
vn -0.7332 0.2586 -0.6289
vn -0.7332 0.2585 -0.6289
vn 0.3251 -0.7062 -0.6289
vn -0.8968 0.0790 -0.4352
vn -0.8968 0.0791 -0.4352
vn 0.9135 0.3760 0.1553
vn 0.8648 0.2503 0.4352
vn 0.1615 -0.8857 -0.4352
vn -0.9876 -0.0206 -0.1553
vn 0.0707 -0.9853 -0.1553
vn 0.0706 -0.9853 -0.1553
vn 0.6088 -0.3769 -0.6981
vn -0.9876 -0.0206 0.1553
vn 0.0707 -0.9853 0.1553
vn -0.8968 0.0790 0.4352
vn 0.7771 0.0238 -0.6289
vn 0.8648 0.2503 -0.4352
vn 0.1615 -0.8857 0.4352
vn -0.4705 0.7676 0.4352
vn -0.4218 0.8933 0.1553
vn -0.7332 0.2586 0.6289
vn -0.7332 0.2585 0.6289
vn 0.9671 0.2017 -0.1553
vn 0.3251 -0.7062 0.6289
vn -0.6088 0.3769 -0.6981
vn -0.5291 0.4824 0.6981
vn -0.7160 0.5458 -0.4352
vn -0.7160 0.3029 -0.6289
vn 0.5291 -0.4824 0.6981
vn 0.5292 -0.4824 0.6981
vn -0.3251 0.7062 0.6289
vn -0.2505 0.9556 -0.1553
vn 0.7332 -0.2586 0.6289
vn 0.7332 -0.2585 0.6289
vn -0.6732 0.3889 -0.6289
vn 0.1898 -0.7539 -0.6289
vn -0.8670 0.2425 -0.4352
vn 0.9671 0.2017 0.1553
vn 0.8961 0.0871 0.4352
vn -0.0040 -0.9003 -0.4352
vn -0.9746 0.1613 -0.1553
vn -0.1116 -0.9815 -0.1553
vn 0.5291 -0.4824 -0.6981
vn -0.9746 0.1613 0.1553
vn -0.1116 -0.9815 0.1553
vn -0.8670 0.2425 0.4352
vn 0.7682 -0.1194 -0.6289
vn 0.8961 0.0871 -0.4352
vn -0.0040 -0.9003 0.4352
vn -0.3215 0.8410 0.4352
vn -0.2505 0.9556 0.1553
vn -0.6732 0.3889 0.6289
vn 0.9876 0.0206 -0.1553
vn 0.1898 -0.7539 0.6289
vn -0.5292 0.4824 -0.6981
vn -0.5291 0.4824 -0.6981
vn -0.4315 0.5714 0.6981
vn -0.6036 0.6681 -0.4352
vn -0.6482 0.4293 -0.6289
vn 0.4315 -0.5714 0.6981
vn -0.1898 0.7539 0.6289
vn -0.0707 0.9853 -0.1553
vn 0.6732 -0.3889 0.6289
vn -0.5903 0.5060 -0.6289
vn 0.0480 -0.7760 -0.6289
vn -0.8077 0.3977 -0.4352
vn 0.9876 0.0206 0.1553
vn 0.8968 -0.0790 0.4352
vn 0.8968 -0.0791 0.4352
vn -0.1694 -0.8842 -0.4352
vn -0.9284 0.3376 -0.1553
vn -0.2901 -0.9443 -0.1553
vn 0.4315 -0.5714 -0.6981
vn -0.9284 0.3376 0.1553
vn -0.2901 -0.9443 0.1553
vn -0.8077 0.3977 0.4352
vn 0.7332 -0.2586 -0.6289
vn 0.8968 -0.0791 -0.4352
vn 0.7332 -0.2585 -0.6289
vn -0.1694 -0.8842 0.4352
vn -0.1615 0.8857 0.4352
vn -0.0706 0.9853 0.1553
vn -0.5903 0.5060 0.6289
vn -0.5903 0.5059 0.6289
vn 0.9746 -0.1613 -0.1553
vn 0.0480 -0.7760 0.6289
vn -0.4315 0.5714 -0.6981
vn -0.3192 0.6410 0.6981
vn -0.4705 0.7676 -0.4352
vn -0.5583 0.5411 -0.6289
vn 0.3192 -0.6410 0.6981
vn -0.0480 0.7760 0.6289
vn 0.1116 0.9815 -0.1553
vn 0.5903 -0.5060 0.6289
vn -0.4873 0.6058 -0.6289
vn -0.0954 -0.7716 -0.6289
vn -0.7209 0.5393 -0.4352
vn 0.9746 -0.1613 0.1553
vn 0.8670 -0.2425 0.4352
vn -0.3290 -0.8380 -0.4352
vn -0.3290 -0.8381 -0.4352
vn -0.8505 0.5024 -0.1553
vn -0.4586 -0.8749 -0.1553
vn 0.3192 -0.6410 -0.6981
vn -0.8505 0.5024 0.1553
vn -0.4586 -0.8749 0.1553
vn -0.7209 0.5393 0.4352
vn 0.6732 -0.3889 -0.6289
vn 0.8670 -0.2425 -0.4352
vn -0.3290 -0.8381 0.4352
vn 0.0040 0.9003 0.4352
vn 0.1116 0.9815 0.1553
vn -0.4873 0.6058 0.6289
vn 0.9284 -0.3376 -0.1553
vn -0.0954 -0.7716 0.6289
vn -0.3192 0.6410 -0.6981
vn -0.1959 0.6887 0.6981
vn -0.3215 0.8410 -0.4352
vn -0.4493 0.6345 -0.6289
vn 0.1959 -0.6887 0.6981
vn 0.1960 -0.6887 0.6981
vn 0.0954 0.7716 0.6289
vn 0.2901 0.9443 -0.1553
vn 0.4873 -0.6058 0.6289
vn -0.3677 0.6850 -0.6289
vn -0.2355 -0.7409 -0.6289
vn -0.6095 0.6626 -0.4352
vn 0.9284 -0.3376 0.1553
vn 0.8077 -0.3977 0.4352
vn -0.4774 -0.7633 -0.4352
vn -0.7437 0.6502 -0.1553
vn -0.6116 -0.7758 -0.1553
vn 0.1959 -0.6887 -0.6981
vn -0.7437 0.6502 0.1553
vn -0.6116 -0.7758 0.1553
vn -0.6095 0.6626 0.4352
vn 0.5903 -0.5060 -0.6289
vn 0.8077 -0.3977 -0.4352
vn -0.4774 -0.7633 0.4352
vn 0.1694 0.8842 0.4352
vn 0.2901 0.9443 0.1553
vn -0.3677 0.6850 0.6289
vn 0.8505 -0.5024 -0.1553
vn -0.2355 -0.7409 0.6289
vn -0.1959 0.6887 -0.6981
vn -0.1960 0.6887 -0.6981
vn -0.0661 0.7130 0.6981
vn -0.1615 0.8857 -0.4352
vn -0.3251 0.7062 -0.6289
vn 0.0661 -0.7130 0.6981
vn 0.2355 0.7409 0.6289
vn 0.4586 0.8749 -0.1553
vn 0.3677 -0.6850 0.6289
vn -0.2355 0.7409 -0.6289
vn -0.3677 -0.6850 -0.6289
vn -0.4774 0.7633 -0.4352
vn 0.8505 -0.5024 0.1553
vn 0.7209 -0.5393 0.4352
vn -0.6095 -0.6626 -0.4352
vn -0.6116 0.7758 -0.1553
vn -0.7437 -0.6502 -0.1553
vn 0.0661 -0.7130 -0.6981
vn -0.6116 0.7758 0.1553
vn -0.7437 -0.6502 0.1553
vn -0.4774 0.7633 0.4352
vn 0.4873 -0.6058 -0.6289
vn 0.7209 -0.5393 -0.4352
vn -0.6095 -0.6626 0.4352
vn 0.3290 0.8381 0.4352
vn 0.4586 0.8749 0.1553
vn -0.2355 0.7409 0.6289
vn 0.7437 -0.6502 -0.1553
vn -0.3677 -0.6850 0.6289
vn -0.0661 0.7130 -0.6981
vn 0.0661 0.7130 0.6981
vn 0.0040 0.9003 -0.4352
vn -0.1898 0.7539 -0.6289
vn -0.0661 -0.7130 0.6981
vn 0.3677 0.6850 0.6289
vn 0.6116 0.7758 -0.1553
vn 0.2355 -0.7409 0.6289
vn -0.0954 0.7716 -0.6289
vn -0.4873 -0.6058 -0.6289
vn -0.3290 0.8381 -0.4352
vn 0.7437 -0.6502 0.1553
vn 0.6095 -0.6626 0.4352
vn -0.7209 -0.5393 -0.4352
vn -0.4586 0.8749 -0.1553
vn -0.8505 -0.5024 -0.1553
vn -0.0661 -0.7130 -0.6981
vn -0.4586 0.8749 0.1553
vn -0.8505 -0.5024 0.1553
vn -0.3290 0.8380 0.4352
vn -0.3290 0.8381 0.4352
vn 0.3677 -0.6850 -0.6289
vn 0.6095 -0.6626 -0.4352
vn -0.7209 -0.5393 0.4352
vn 0.4774 0.7633 0.4352
vn 0.6116 0.7758 0.1553
vn -0.0954 0.7716 0.6289
vn 0.6116 -0.7758 -0.1553
vn -0.4873 -0.6058 0.6289
vn 0.0661 0.7130 -0.6981
vn 0.1959 0.6887 0.6981
vn 0.1960 0.6887 0.6981
vn 0.1694 0.8842 -0.4352
vn -0.0480 0.7760 -0.6289
vn -0.1959 -0.6887 0.6981
vn 0.4873 0.6058 0.6289
vn 0.7437 0.6502 -0.1553
vn 0.0954 -0.7716 0.6289
vn 0.0480 0.7760 -0.6289
vn -0.5903 -0.5060 -0.6289
vn -0.1694 0.8842 -0.4352
vn 0.6116 -0.7758 0.1553
vn 0.4774 -0.7633 0.4352
vn -0.8077 -0.3977 -0.4352
vn -0.2901 0.9443 -0.1553
vn -0.9284 -0.3376 -0.1553
vn -0.1959 -0.6887 -0.6981
vn -0.1960 -0.6887 -0.6981
vn -0.2901 0.9443 0.1553
vn -0.9284 -0.3376 0.1553
vn -0.1694 0.8842 0.4352
vn 0.2355 -0.7409 -0.6289
vn 0.4774 -0.7633 -0.4352
vn -0.8077 -0.3977 0.4352
vn 0.6095 0.6626 0.4352
vn 0.7437 0.6502 0.1553
vn 0.0480 0.7760 0.6289
vn 0.4586 -0.8749 -0.1553
vn -0.5903 -0.5060 0.6289
vn 0.1959 0.6887 -0.6981
vn 0.3192 0.6410 0.6981
vn 0.3290 0.8380 -0.4352
vn 0.0954 0.7716 -0.6289
vn 0.3290 0.8381 -0.4352
vn -0.3192 -0.6410 0.6981
vn 0.5903 0.5060 0.6289
vn 0.8505 0.5024 -0.1553
vn -0.0480 -0.7760 0.6289
vn 0.1898 0.7539 -0.6289
vn -0.6732 -0.3889 -0.6289
vn -0.0040 0.9003 -0.4352
vn 0.4586 -0.8749 0.1553
vn 0.3290 -0.8380 0.4352
vn 0.3290 -0.8381 0.4352
vn -0.8670 -0.2425 -0.4352
vn -0.1116 0.9815 -0.1553
vn -0.9746 -0.1613 -0.1553
vn -0.3192 -0.6410 -0.6981
vn -0.1116 0.9815 0.1553
vn -0.9746 -0.1613 0.1553
vn -0.0040 0.9003 0.4352
vn 0.0954 -0.7716 -0.6289
vn 0.3290 -0.8381 -0.4352
vn -0.8670 -0.2425 0.4352
vn 0.7209 0.5393 0.4352
vn 0.8505 0.5024 0.1553
vn 0.1898 0.7539 0.6289
vn 0.2901 -0.9443 -0.1553
vn -0.6732 -0.3889 0.6289
vn 0.3192 0.6410 -0.6981
vn 0.4315 0.5714 0.6981
vn 0.4774 0.7633 -0.4352
vn 0.2355 0.7409 -0.6289
vn -0.4315 -0.5714 0.6981
vn 0.6732 0.3889 0.6289
vn 0.9284 0.3376 -0.1553
vn -0.1898 -0.7539 0.6289
vn 0.3251 0.7062 -0.6289
vn -0.7332 -0.2586 -0.6289
vn -0.7332 -0.2585 -0.6289
vn 0.1615 0.8857 -0.4352
vn 0.2901 -0.9443 0.1553
vn 0.1694 -0.8842 0.4352
vn -0.8968 -0.0790 -0.4352
vn -0.8968 -0.0791 -0.4352
vn 0.0706 0.9853 -0.1553
vn -0.9876 0.0206 -0.1553
vn -0.4315 -0.5714 -0.6981
vn 0.0707 0.9853 0.1553
vn -0.9876 0.0206 0.1553
vn 0.1615 0.8857 0.4352
vn -0.0480 -0.7760 -0.6289
vn 0.1694 -0.8842 -0.4352
vn -0.8968 -0.0791 0.4352
vn 0.8077 0.3977 0.4352
vn 0.9284 0.3376 0.1553
vn 0.3251 0.7062 0.6289
vn 0.1116 -0.9815 -0.1553
vn -0.7332 -0.2586 0.6289
vn -0.7332 -0.2585 0.6289
vn 0.4315 0.5714 -0.6981
vn 0.5292 0.4824 0.6981
vn 0.5291 0.4824 0.6981
vn 0.6095 0.6626 -0.4352
vn 0.3677 0.6850 -0.6289
vn -0.5291 -0.4824 0.6981
vn 0.7332 0.2586 0.6289
vn 0.7332 0.2585 0.6289
vn 0.9746 0.1613 -0.1553
vn -0.3251 -0.7062 0.6289
vn 0.4493 0.6345 -0.6289
vn 0.3215 0.8410 -0.4352
vn 0.1116 -0.9815 0.1553
vn 0.0040 -0.9003 0.4352
vn 0.2505 0.9556 -0.1553
vn -0.5291 -0.4824 -0.6981
vn -0.5292 -0.4824 -0.6981
vn -0.9671 0.2017 -0.1553
vn 0.2505 0.9556 0.1553
vn -0.9671 0.2017 0.1553
vn 0.3215 0.8410 0.4352
vn 0.8670 0.2425 0.4352
vn 0.9746 0.1613 0.1553
vn -0.8961 0.0871 0.4352
vn -0.1898 -0.7539 -0.6289
vn 0.0040 -0.9003 -0.4352
vn 0.4493 0.6345 0.6289
vn 0.5291 0.4824 -0.6981
vn -0.7682 -0.1194 0.6289
vn -0.0707 -0.9853 -0.1553
vn 0.6088 0.3769 0.6981
vn -0.6088 -0.3769 0.6981
vn 0.7209 0.5393 -0.4352
vn 0.4873 0.6058 -0.6289
vn 0.7682 0.1194 0.6289
vn -0.4493 -0.6345 0.6289
vn 0.9876 -0.0206 -0.1553
vn 0.5583 0.5411 -0.6289
vn 0.4705 0.7676 -0.4352
vn 0.8968 0.0790 0.4352
vn 0.9876 -0.0206 0.1553
vn 0.8968 0.0791 0.4352
vn 0.4218 0.8933 -0.1553
vn -0.9135 0.3760 -0.1553
vn -0.6088 -0.3769 -0.6981
vn 0.4218 0.8933 0.1553
vn -0.9135 0.3760 0.1553
vn 0.4705 0.7676 0.4352
vn 0.8077 0.3977 -0.4352
vn 0.5903 0.5060 -0.6289
vn 0.5903 0.5059 -0.6289
vn -0.8648 0.2503 0.4352
vn 0.5583 0.5411 0.6289
vn -0.2505 -0.9556 -0.1553
vn -0.7771 0.0238 0.6289
vn 0.6088 0.3769 -0.6981
vn 0.6677 0.2587 0.6981
vn -0.3251 -0.7062 -0.6289
vn -0.1615 -0.8857 -0.4352
vn -0.6677 -0.2587 0.6981
vn 0.7771 -0.0238 0.6289
vn 0.9671 -0.2017 -0.1553
vn -0.5583 -0.5411 0.6289
vn 0.6482 0.4293 -0.6289
vn -0.0707 -0.9853 0.1553
vn -0.1615 -0.8857 0.4352
vn -0.0706 -0.9853 0.1553
vn 0.6035 0.6681 -0.4352
vn -0.2505 -0.9556 0.1553
vn -0.3215 -0.8410 0.4352
vn 0.5788 0.8006 -0.1553
vn -0.8289 0.5374 -0.1553
vn -0.6677 -0.2587 -0.6981
vn 0.5788 0.8006 0.1553
vn -0.8289 0.5374 0.1553
vn 0.6036 0.6681 0.4352
vn -0.4493 -0.6345 -0.6289
vn -0.3215 -0.8410 -0.4352
vn -0.8041 0.4049 0.4352
vn 0.8961 -0.0871 0.4352
vn 0.9671 -0.2017 0.1553
vn 0.6482 0.4293 0.6289
vn -0.4218 -0.8933 -0.1553
vn -0.7595 0.1662 0.6289
vn 0.6677 0.2587 -0.6981
vn 0.7038 0.1316 0.6981
vn -0.7038 -0.1316 0.6981
vn 0.7595 -0.1662 0.6289
vn 0.9135 -0.3760 -0.1553
vn -0.6482 -0.4293 0.6289
vn 0.8968 0.0790 -0.4352
vn 0.7332 0.2586 -0.6289
vn 0.7332 0.2585 -0.6289
vn -0.4218 -0.8933 0.1553
vn -0.4705 -0.7676 0.4352
vn 0.7160 0.6806 -0.1553
vn -0.7038 -0.1316 -0.6981
vn 0.8648 -0.2503 0.4352
vn 0.9135 -0.3760 0.1553
vn -0.5583 -0.5411 -0.6289
vn -0.4705 -0.7676 -0.4352
vn 0.7160 0.3029 0.6289
vn 0.7038 0.1316 -0.6981
vn -0.7160 0.3029 0.6289
vn -0.5788 -0.8006 -0.1553
vn 0.7160 -0.0000 0.6981
vn -0.7160 -0.0000 0.6981
vn 0.7160 -0.3029 0.6289
vn -0.7160 -0.3029 0.6289
vn 0.8289 -0.5374 -0.1553
vn 0.7160 -0.5458 0.4352
vn 0.8648 -0.2503 -0.4352
vn 0.7771 -0.0238 -0.6289
vn -0.7160 -0.5458 0.4352
vn 0.7160 -0.6806 0.1553
vn -0.6482 -0.4293 -0.6289
vn -0.6036 -0.6680 -0.4352
vn -0.6035 -0.6681 -0.4352
vn -0.7160 -0.6806 0.1553
vn 0.8961 -0.0871 -0.4352
vn 0.7682 0.1194 -0.6289
vn 0.7160 -0.6806 -0.1553
vn -0.7160 -0.6806 -0.1553
vn -0.5788 -0.8006 0.1553
vn -0.6035 -0.6681 0.4352
vn 0.7160 -0.5458 -0.4352
vn 0.8041 -0.4049 -0.4352
vn 0.7595 -0.1662 -0.6289
vn -0.7160 -0.5458 -0.4352
vn 0.7160 -0.3029 -0.6289
vn 0.7160 -0.0000 -0.6981
vn 0.8670 0.2425 -0.4352
vn 0.6732 0.3889 -0.6289
vn -0.7160 -0.3029 -0.6289
vn 0.8041 -0.4049 0.4352
vn 0.8289 -0.5374 0.1553
vn -0.0000 -1.0000 -0.0000
vn -0.0000 -0.0000 1.0000
vn -1.0000 -0.0000 -0.0000
vn -0.0000 1.0000 -0.0000
vn -0.0000 -0.0000 -1.0000
vn 1.0000 -0.0000 -0.0000
vn -0.0000 -0.4339 -0.9010
vn -0.0000 -0.7818 -0.6235
vn -0.0000 -0.9749 -0.2225
vn -0.0000 -0.9749 0.2225
vn -0.0000 -0.7818 0.6235
vn -0.0000 -0.4339 0.9010
vn -0.0000 0.4339 0.9010
vn -0.0000 0.7818 0.6235
vn -0.0000 0.9749 0.2225
vn -0.0000 0.9749 -0.2225
vn -0.0000 0.7818 -0.6235
vn -0.0000 0.4339 -0.9010
vn -0.9830 -0.1837 -0.0000
vn 0.9830 0.1837 -0.0000
vn 0.0797 -0.4265 -0.9010
vn 0.1437 -0.7685 -0.6235
vn 0.1791 -0.9583 -0.2225
vn 0.1791 -0.9583 0.2225
vn 0.9830 0.1838 -0.0000
vn 0.1437 -0.7685 0.6235
vn 0.0797 -0.4265 0.9010
vn -0.9830 -0.1838 -0.0000
vn -0.0797 0.4265 0.9010
vn -0.1437 0.7685 0.6235
vn -0.1791 0.9583 0.2225
vn -0.1791 0.9583 -0.2225
vn -0.1437 0.7685 -0.6235
vn -0.0797 0.4265 -0.9010
vn -0.9325 -0.3612 -0.0000
vn 0.9325 0.3612 -0.0000
vn 0.1567 -0.4046 -0.9010
vn 0.2824 -0.7290 -0.6235
vn 0.3522 -0.9091 -0.2225
vn 0.3522 -0.9091 0.2225
vn 0.2824 -0.7290 0.6235
vn 0.1567 -0.4046 0.9010
vn -0.9325 -0.3613 -0.0000
vn -0.1567 0.4046 0.9010
vn -0.2824 0.7290 0.6235
vn -0.3522 0.9091 0.2225
vn -0.3522 0.9091 -0.2225
vn -0.2824 0.7290 -0.6235
vn -0.1567 0.4046 -0.9010
vn -0.8502 -0.5264 -0.0000
vn 0.8502 0.5264 -0.0000
vn 0.2284 -0.3689 -0.9010
vn 0.4116 -0.6647 -0.6235
vn 0.5132 -0.8289 -0.2225
vn 0.5132 -0.8289 0.2225
vn 0.4116 -0.6647 0.6235
vn 0.2284 -0.3689 0.9010
vn -0.2284 0.3689 0.9010
vn -0.4116 0.6647 0.6235
vn -0.5132 0.8289 0.2225
vn -0.5132 0.8289 -0.2225
vn -0.4116 0.6647 -0.6235
vn -0.2284 0.3689 -0.9010
vn -0.7390 -0.6737 -0.0000
vn 0.7390 0.6737 -0.0000
vn 0.2923 -0.3206 -0.9010
vn 0.5267 -0.5778 -0.6235
vn 0.6568 -0.7205 -0.2225
vn 0.6568 -0.7205 0.2225
vn 0.5267 -0.5778 0.6235
vn 0.2923 -0.3206 0.9010
vn -0.2923 0.3206 0.9010
vn -0.5267 0.5778 0.6235
vn -0.6568 0.7205 0.2225
vn -0.6568 0.7205 -0.2225
vn -0.5267 0.5778 -0.6235
vn -0.2923 0.3206 -0.9010
vn -0.6026 -0.7980 -0.0000
vn 0.6026 0.7980 -0.0000
vn 0.3462 -0.2615 -0.9010
vn 0.6239 -0.4712 -0.6235
vn 0.7780 -0.5875 -0.2225
vn 0.7780 -0.5875 0.2225
vn 0.6239 -0.4712 0.6235
vn 0.3462 -0.2615 0.9010
vn -0.3462 0.2615 0.9010
vn -0.6239 0.4712 0.6235
vn -0.7780 0.5875 0.2225
vn -0.7780 0.5875 -0.2225
vn -0.6239 0.4712 -0.6235
vn -0.3462 0.2615 -0.9010
vn -0.4457 -0.8952 -0.0000
vn 0.4457 0.8952 -0.0000
vn 0.3884 -0.1934 -0.9010
vn 0.6999 -0.3485 -0.6235
vn 0.8727 -0.4346 -0.2225
vn 0.8727 -0.4346 0.2225
vn 0.6999 -0.3485 0.6235
vn 0.3884 -0.1934 0.9010
vn -0.3884 0.1934 0.9010
vn -0.6999 0.3485 0.6235
vn -0.8727 0.4346 0.2225
vn -0.8727 0.4346 -0.2225
vn -0.6999 0.3485 -0.6235
vn -0.3884 0.1934 -0.9010
vn -0.2737 -0.9618 -0.0000
vn 0.2737 0.9618 -0.0000
vn 0.4173 -0.1187 -0.9010
vn 0.7520 -0.2140 -0.6235
vn 0.9377 -0.2668 -0.2225
vn -0.2736 -0.9618 -0.0000
vn 0.9377 -0.2668 0.2225
vn 0.7520 -0.2140 0.6235
vn 0.4173 -0.1187 0.9010
vn -0.4173 0.1187 0.9010
vn -0.7520 0.2140 0.6235
vn 0.2736 0.9618 -0.0000
vn -0.9377 0.2668 0.2225
vn -0.9377 0.2668 -0.2225
vn -0.7520 0.2140 -0.6235
vn -0.4173 0.1187 -0.9010
vn -0.0923 -0.9957 -0.0000
vn 0.0923 0.9957 -0.0000
vn 0.4320 -0.0400 -0.9010
vn 0.7785 -0.0721 -0.6235
vn 0.9708 -0.0900 -0.2225
vn 0.9708 -0.0900 0.2225
vn 0.7785 -0.0721 0.6235
vn 0.4320 -0.0400 0.9010
vn -0.4320 0.0400 0.9010
vn -0.7785 0.0721 0.6235
vn -0.9708 0.0900 0.2225
vn -0.9708 0.0900 -0.2225
vn -0.7785 0.0721 -0.6235
vn -0.4320 0.0400 -0.9010
vn 0.0923 -0.9957 -0.0000
vn -0.0923 0.9957 -0.0000
vn 0.4320 0.0400 -0.9010
vn 0.7785 0.0721 -0.6235
vn 0.9708 0.0900 -0.2225
vn 0.9708 0.0900 0.2225
vn 0.7785 0.0721 0.6235
vn 0.4320 0.0400 0.9010
vn -0.4320 -0.0400 0.9010
vn -0.7785 -0.0721 0.6235
vn -0.0922 0.9957 -0.0000
vn -0.9708 -0.0900 0.2225
vn -0.9708 -0.0900 -0.2225
vn -0.7785 -0.0721 -0.6235
vn -0.4320 -0.0400 -0.9010
vn 0.2737 -0.9618 -0.0000
vn -0.2737 0.9618 -0.0000
vn 0.4173 0.1187 -0.9010
vn 0.7520 0.2140 -0.6235
vn 0.9377 0.2668 -0.2225
vn 0.9377 0.2668 0.2225
vn 0.7520 0.2140 0.6235
vn 0.4173 0.1187 0.9010
vn -0.4173 -0.1187 0.9010
vn -0.7520 -0.2140 0.6235
vn -0.2736 0.9618 -0.0000
vn -0.9377 -0.2668 0.2225
vn -0.9377 -0.2668 -0.2225
vn -0.7520 -0.2140 -0.6235
vn -0.4173 -0.1187 -0.9010
vn 0.4457 -0.8952 -0.0000
vn -0.4457 0.8952 -0.0000
vn 0.3884 0.1934 -0.9010
vn 0.6999 0.3485 -0.6235
vn 0.8727 0.4346 -0.2225
vn 0.8727 0.4346 0.2225
vn 0.6999 0.3485 0.6235
vn 0.3884 0.1934 0.9010
vn -0.3884 -0.1934 0.9010
vn -0.6999 -0.3485 0.6235
vn -0.8727 -0.4346 0.2225
vn -0.8727 -0.4346 -0.2225
vn -0.6999 -0.3485 -0.6235
vn -0.3884 -0.1934 -0.9010
vn 0.6026 -0.7980 -0.0000
vn -0.6026 0.7980 -0.0000
vn 0.3462 0.2615 -0.9010
vn 0.6239 0.4712 -0.6235
vn 0.7780 0.5875 -0.2225
vn -0.6027 0.7980 -0.0000
vn 0.7780 0.5875 0.2225
vn 0.6239 0.4712 0.6235
vn 0.3462 0.2615 0.9010
vn -0.3462 -0.2615 0.9010
vn -0.6239 -0.4712 0.6235
vn -0.7780 -0.5875 0.2225
vn -0.7780 -0.5875 -0.2225
vn -0.6239 -0.4712 -0.6235
vn -0.3462 -0.2615 -0.9010
vn 0.7390 -0.6737 -0.0000
vn -0.7390 0.6737 -0.0000
vn 0.2923 0.3206 -0.9010
vn 0.5267 0.5778 -0.6235
vn 0.6568 0.7205 -0.2225
vn 0.6568 0.7205 0.2225
vn 0.5267 0.5778 0.6235
vn 0.2923 0.3206 0.9010
vn -0.2923 -0.3206 0.9010
vn -0.5267 -0.5778 0.6235
vn -0.6568 -0.7205 0.2225
vn -0.6568 -0.7205 -0.2225
vn -0.5267 -0.5778 -0.6235
vn -0.2923 -0.3206 -0.9010
vn 0.8502 -0.5264 -0.0000
vn -0.8502 0.5264 -0.0000
vn 0.2284 0.3689 -0.9010
vn 0.4116 0.6647 -0.6235
vn 0.5132 0.8289 -0.2225
vn 0.5132 0.8289 0.2225
vn 0.4116 0.6647 0.6235
vn 0.2284 0.3689 0.9010
vn -0.2284 -0.3689 0.9010
vn -0.4116 -0.6647 0.6235
vn -0.5132 -0.8289 0.2225
vn -0.5132 -0.8289 -0.2225
vn -0.4116 -0.6647 -0.6235
vn -0.2284 -0.3689 -0.9010
vn 0.9325 -0.3612 -0.0000
vn -0.9325 0.3612 -0.0000
vn 0.1567 0.4046 -0.9010
vn 0.2824 0.7290 -0.6235
vn 0.3522 0.9091 -0.2225
vn 0.3522 0.9091 0.2225
vn 0.2824 0.7290 0.6235
vn 0.1567 0.4046 0.9010
vn -0.1567 -0.4046 0.9010
vn -0.2824 -0.7290 0.6235
vn -0.3522 -0.9091 0.2225
vn -0.3522 -0.9091 -0.2225
vn -0.2824 -0.7290 -0.6235
vn -0.1567 -0.4046 -0.9010
vn 0.9830 -0.1837 -0.0000
vn -0.9830 0.1837 -0.0000
vn 0.0797 0.4265 -0.9010
vn -0.9830 0.1838 -0.0000
vn 0.9830 -0.1838 -0.0000
vn 0.1437 0.7685 -0.6235
vn 0.1791 0.9583 -0.2225
vn 0.1791 0.9583 0.2225
vn 0.1437 0.7685 0.6235
vn 0.0797 0.4265 0.9010
vn -0.0797 -0.4265 0.9010
vn -0.1437 -0.7685 0.6235
vn -0.1791 -0.9583 0.2225
vn -0.1791 -0.9583 -0.2225
vn -0.1437 -0.7685 -0.6235
vn -0.0797 -0.4265 -0.9010
vn 0.6482 -0.4293 0.6289
vn -0.7595 -0.1662 0.6289
vn 0.6035 -0.6681 0.4352
vn -0.8041 -0.4049 0.4352
vn 0.5788 -0.8006 0.1553
vn -0.8289 -0.5374 0.1553
vn 0.5788 -0.8006 -0.1553
vn -0.8289 -0.5374 -0.1553
vn 0.6035 -0.6681 -0.4352
vn 0.6035 0.6681 0.4352
vn -0.8041 -0.4049 -0.4352
vn 0.6482 -0.4293 -0.6289
vn -0.7595 -0.1662 -0.6289
vn -0.8968 -0.0790 0.4352
vn 0.0707 0.9853 -0.1553
vn 0.8968 0.0791 -0.4352
vn 0.1960 0.6887 -0.6981
vn -0.1960 -0.6887 0.6981
vn -0.1960 0.6887 0.6981
vn 0.0706 -0.9853 0.1553
vn -0.8968 0.0791 0.4352
vn 0.4606 0.7588 0.4606
vn -0.4606 0.7588 0.4606
vn -0.4606 0.4606 0.7588
vn 0.4606 0.4606 0.7588
vn -0.0707 0.9853 0.1553
vn -0.0706 0.9853 -0.1553
vn 0.8968 -0.0790 -0.4352
vn 0.4606 0.7588 -0.4606
vn 0.7588 0.4606 0.4606
vn 0.7588 0.4606 -0.4606
vn -0.4606 -0.7588 0.4606
vn 0.4606 -0.7588 0.4606
vn 0.4606 -0.4606 0.7588
vn -0.4606 -0.4606 0.7588
vn 0.7588 -0.4606 0.4606
vn 0.4606 -0.7588 -0.4606
vn 0.7588 -0.4606 -0.4606
vn 0.4606 -0.4606 -0.7588
vn 0.4606 0.4606 -0.7588
vn -0.4606 0.7588 -0.4606
vn -0.4606 0.4606 -0.7588
vn -0.4606 -0.7588 -0.4606
vn -0.4606 -0.4606 -0.7588
vn -0.7588 -0.4606 -0.4606
vn -0.7588 0.4606 -0.4606
vn -0.7588 0.4606 0.4606
vn -0.7588 -0.4606 0.4606
vn -0.6035 0.6681 -0.4352
vt 0.155872 1.904133
vt 0.175339 2.023185
vt 0.121338 1.956623
vt -0.396000 0.000000
vt -0.450000 0.054000
vt -0.396000 0.054000
vt 0.055630 1.556268
vt 0.121338 1.647847
vt 0.155872 1.604542
vt -0.596000 0.396000
vt -0.596000 0.450000
vt -0.650000 0.396000
vt 0.596000 0.000000
vt 0.650000 0.054000
vt 0.596000 0.054000
vt 0.175339 1.715562
vt 0.225242 1.691529
vt 0.155872 2.482595
vt 0.175339 2.605413
vt 0.121338 2.547841
vt 1.399968 -0.155872
vt 1.345835 -0.043305
vt 1.408838 -0.055630
vt 0.043305 1.610268
vt 0.250000 1.800000
vt -0.596000 0.000000
vt -0.650000 0.054000
vt -0.596000 0.054000
vt 0.596000 0.396000
vt 0.650000 0.396000
vt 0.596000 0.450000
vt -0.596000 -0.450000
vt -0.596000 -0.396000
vt -0.650000 -0.396000
vt 1.387680 -0.055630
vt 1.333680 0.043305
vt 1.387680 0.055630
vt 0.396000 0.000000
vt 0.450000 0.054000
vt 0.396000 0.054000
vt 0.155872 2.968869
vt 0.175339 3.078866
vt 0.121338 3.038059
vt 0.194611 1.800000
vt -0.055630 1.856681
vt -0.121338 1.956623
vt -0.155873 1.904133
vt 0.596000 -0.396000
vt 0.596000 -0.450000
vt 0.650000 -0.396000
vt 0.225242 1.948362
vt 0.121338 1.895501
vt 0.175339 1.962062
vt 1.612320 0.055630
vt 1.666320 -0.043305
vt 1.612320 -0.055630
vt -0.055630 1.556268
vt -0.121338 1.647847
vt -0.043305 1.610268
vt 0.155872 2.200178
vt 0.175339 2.323207
vt 0.121338 2.260066
vt -0.155872 1.604542
vt 0.055630 1.856681
vt -0.043305 1.919684
vt -0.175339 1.715562
vt -0.225242 1.691529
vt -0.250000 1.800000
vt -0.194611 1.800000
vt 1.345835 0.043305
vt 1.408838 0.055630
vt -0.225242 1.908471
vt 0.250000 2.096263
vt 0.225242 1.989639
vt -0.175339 1.884439
vt 1.333158 0.225242
vt 1.298584 0.121338
vt 1.274123 0.175339
vt -0.155872 1.995458
vt -0.055630 2.155164
vt -0.121338 2.260066
vt -0.155873 2.200178
vt -0.121338 1.952153
vt -0.043305 1.989732
vt -0.121338 1.952153
vt -0.043305 1.989732
vt -0.055630 2.043732
vt 0.043305 1.919684
vt 0.055630 2.043732
vt -0.055630 2.043732
vt 1.364053 2.054986
vt 1.326488 1.962062
vt 1.310972 2.045063
vt 1.612320 -0.055630
vt 1.666320 0.043305
vt 1.612320 0.055630
vt 1.364581 -0.155872
vt 1.312159 -0.043305
vt 1.382020 -0.055630
vt 0.121338 1.952153
vt 0.043305 1.989732
vt 0.055630 2.043732
vt 0.121338 1.952153
vt 0.155872 1.995458
vt 1.399968 0.155872
vt 1.338930 0.121338
vt 0.175339 1.884439
vt 0.225242 2.806052
vt 0.121338 2.810150
vt 0.155872 2.741767
vt 0.225242 1.908471
vt -0.155872 1.862856
vt -0.175339 1.962062
vt -0.121338 1.895501
vt 0.043305 2.225024
vt -0.043305 2.225024
vt -0.175339 2.023185
vt -0.225242 1.989639
vt 1.383984 1.948362
vt -0.250000 2.096263
vt -0.194611 2.106185
vt 0.250000 2.382437
vt 0.225242 2.281291
vt -0.225242 2.161609
vt -0.194611 2.045063
vt -0.250000 2.054986
vt 1.312159 0.043305
vt 1.382020 0.055630
vt 1.584867 2.096263
vt 1.622432 2.189186
vt 1.564935 2.202887
vt -0.055630 2.441552
vt -0.121338 2.547841
vt -0.155873 2.482595
vt -0.155872 2.247115
vt -0.175339 2.128064
vt 1.236932 0.225242
vt 1.214016 0.121338
vt 1.178369 0.175339
vt -0.225242 2.202887
vt -0.121338 2.255748
vt -0.155873 2.288393
vt -0.055630 2.294568
vt -0.121338 2.194626
vt 1.540081 -0.055630
vt 1.609989 -0.121338
vt 1.603084 -0.043305
vt 1.333158 2.200142
vt 1.243620 2.281781
vt 1.293973 2.301288
vt 0.043305 2.231565
vt -0.043305 2.231565
vt 0.055630 2.155164
vt 1.603084 0.043305
vt 1.540081 0.055630
vt 0.155872 2.247115
vt 0.055630 2.294568
vt 1.282725 -0.155872
vt 1.233799 -0.043305
vt 1.308138 -0.055630
vt 1.548952 0.155872
vt 1.609989 0.121338
vt 1.157187 -0.155872
vt 1.113423 -0.043305
vt 1.189709 -0.055630
vt 0.175339 2.128064
vt 0.121338 2.194626
vt 1.364581 0.155872
vt 0.225242 2.202887
vt 0.121338 2.255748
vt 0.175339 2.189186
vt 0.225242 2.161609
vt 0.194611 2.045063
vt 1.637947 2.106185
vt 1.333158 -0.225242
vt 1.298584 -0.121338
vt 0.055630 2.441552
vt -0.043305 2.515891
vt -0.175339 2.323207
vt -0.225242 2.281291
vt 1.274123 2.203044
vt 1.098584 0.225242
vt 1.088107 0.121338
vt 1.042488 0.175339
vt -0.194611 2.401944
vt -0.250000 2.382437
vt 1.427924 2.556553
vt 1.416734 2.677204
vt 1.461185 2.605413
vt -0.250000 2.301288
vt -0.175339 2.360518
vt -0.194611 2.281781
vt 1.233799 0.043305
vt 1.308138 0.055630
vt 1.503443 2.382437
vt 1.523294 2.480681
vt 1.464259 2.483583
vt -0.225242 2.402434
vt -0.121338 2.423660
vt 0.225242 3.194940
vt 0.121338 3.223808
vt 0.155872 3.156166
vt 1.464259 -0.225242
vt 1.498832 -0.121338
vt 1.432836 -0.155872
vt -0.155872 2.483547
vt -0.043305 2.458701
vt 1.485258 -0.043305
vt 1.415397 -0.055630
vt 1.179830 2.530520
vt 1.178369 2.430301
vt 1.133918 2.502092
vt 0.055630 2.528561
vt -0.055630 2.528561
vt 0.043305 2.515891
vt 1.485258 0.043305
vt 1.415397 0.055630
vt -0.055630 2.706093
vt -0.121338 2.810150
vt -0.155872 2.741767
vt 0.121338 2.423660
vt 0.043305 2.458701
vt 1.432836 0.155872
vt 1.498833 0.121338
vt 0.225242 2.402434
vt 0.155873 2.483547
vt 1.282725 0.155872
vt 1.464259 0.225242
vt 1.523294 0.175339
vt 0.250000 2.301288
vt 0.175339 2.360518
vt 1.523294 2.480681
vt 1.553797 2.401944
vt 0.043305 2.782379
vt -0.043305 2.782379
vt 1.236932 -0.225242
vt 1.214016 -0.121338
vt -0.225242 2.556553
vt -0.175339 2.605413
vt 0.155872 3.297281
vt 0.175339 3.379601
vt 0.121338 3.361070
vt 1.236932 2.438296
vt 1.370822 2.648777
vt 1.113423 0.043305
vt 1.189709 0.055630
vt 1.089467 2.573884
vt 1.264595 2.806052
vt 1.231425 2.922592
vt 1.288311 2.860191
vt 1.372282 2.748995
vt 1.313719 2.741001
vt 0.992243 0.155873
vt 0.871106 0.175339
vt 0.922826 0.225242
vt -0.155872 2.696701
vt -0.175339 2.573884
vt -0.225242 2.622743
vt -0.055630 2.939778
vt -0.121338 3.038059
vt -0.155872 2.968869
vt 1.267926 -0.155872
vt 1.372282 -0.175339
vt 1.336635 -0.121338
vt -0.055630 2.737745
vt -0.121338 2.631456
vt 1.316853 -0.043305
vt 1.242513 -0.055630
vt 0.055630 2.706092
vt 0.055630 2.737745
vt -0.043305 2.663406
vt 1.098584 2.654713
vt 0.985602 2.698494
vt 1.025508 2.734874
vt 1.316852 0.043305
vt 1.242513 0.055630
vt 0.992243 -0.155873
vt 0.955131 -0.043305
vt 1.030767 -0.055630
vt 0.121338 2.631456
vt 0.043305 2.663406
vt 1.267926 0.155872
vt 1.336635 0.121338
vt 1.157187 0.155872
vt 0.225242 2.622743
vt 0.155872 2.696701
vt 1.313719 0.225242
vt 1.372282 0.175339
vt 1.122727 2.622743
vt 1.098585 -0.225242
vt 1.088107 -0.121338
vt 0.043305 3.015413
vt -0.043305 3.015413
vt -0.225242 2.806052
vt -0.175339 2.860191
vt 1.042488 2.636094
vt 1.098585 2.654713
vt 0.343390 0.155872
vt 0.237827 0.175339
vt 0.305253 0.121338
vt 1.191519 2.886213
vt 1.288311 2.860191
vt 1.231425 2.922592
vt 0.971640 3.086659
vt 1.071565 3.078866
vt 1.058201 3.021291
vt 0.928716 2.760896
vt 0.985602 2.698494
vt 1.030767 0.055630
vt 0.955131 0.043305
vt 1.174539 2.984993
vt 1.118442 2.966374
vt -0.055630 3.134649
vt -0.121338 3.223808
vt -0.155872 3.156166
vt -0.225242 2.815035
vt -0.121338 2.810937
vt -0.175339 2.760896
vt 0.715642 0.225242
vt 0.730675 0.121338
vt 0.670059 0.175339
vt 1.118442 -0.225242
vt 1.128920 -0.121338
vt 1.059839 -0.155872
vt -0.055630 2.914994
vt -0.155872 2.879319
vt 1.103603 -0.043305
vt 1.027317 -0.055630
vt 0.836264 2.907393
vt 0.871106 2.813414
vt 0.803722 2.864300
vt 0.055630 2.914994
vt -0.043305 2.838708
vt 0.055630 2.939777
vt 1.027317 0.055630
vt 1.103604 0.043305
vt 0.121338 2.810937
vt 0.043305 2.838708
vt 0.836722 -0.055630
vt 0.730675 -0.121338
vt 0.764314 -0.043305
vt 1.059839 0.155872
vt 1.128920 0.121338
vt 0.225242 2.815035
vt 0.155872 2.879319
vt 0.925143 0.121338
vt 1.118442 0.225242
vt 1.174539 0.175339
vt 0.928716 2.760896
vt 0.952432 2.815035
vt 1.118442 2.966374
vt 0.871106 -0.175339
vt 0.925143 -0.121338
vt 0.055630 3.134649
vt -0.043305 3.207057
vt -0.225242 3.021291
vt -0.175339 3.078866
vt 0.836264 2.907393
vt 0.871106 2.813414
vt 0.922826 2.842024
vt 0.045858 0.155872
vt -0.069670 0.175339
vt -0.002244 0.121338
vt 0.971640 3.086659
vt 1.004182 3.129752
vt 0.718673 3.243289
vt 0.818329 3.253991
vt 0.815772 3.194940
vt 0.736338 2.915186
vt 0.764314 0.043305
vt 0.836722 0.055630
vt 0.936798 3.180637
vt 0.885078 3.152027
vt -0.155872 3.297281
vt -0.043305 3.350786
vt -0.121338 3.361071
vt -0.155872 3.025182
vt -0.175339 2.915186
vt -0.225242 2.972761
vt 0.484087 0.225242
vt 0.511324 0.121338
vt 0.446194 0.175339
vt 0.885078 -0.225242
vt 0.882761 -0.121338
vt 0.815661 -0.155873
vt -0.055630 3.054274
vt -0.121338 2.955993
vt 0.852773 -0.043305
vt 0.777137 -0.055630
vt 0.594473 0.194611
vt 0.618542 0.250000
vt 0.055630 3.054274
vt -0.043305 2.978639
vt 0.043305 3.207057
vt 0.852772 0.043305
vt 0.777137 0.055630
vt 0.121338 2.955993
vt 0.043305 2.978639
vt 0.567753 -0.155872
vt 0.547468 -0.043305
vt 0.614184 -0.055630
vt 0.815661 0.155873
vt 0.882761 0.121338
vt 0.155872 3.025182
vt 0.175339 2.915186
vt 0.793509 0.155872
vt 0.936798 0.175339
vt 0.885078 0.225242
vt 0.749703 2.972761
vt 0.936798 3.180637
vt 0.715642 -0.225242
vt 0.793509 -0.155872
vt -0.055630 3.284070
vt 0.043305 3.350786
vt -0.175339 3.253991
vt -0.225242 3.194940
vt 0.594473 -0.194611
vt 0.670059 -0.175339
vt -0.336902 0.225242
vt -0.309665 0.121338
vt -0.253236 0.155872
vt 0.818329 3.253991
vt 0.742743 3.291628
vt 0.545562 3.321086
vt 0.456010 3.402709
vt 0.537225 3.379601
vt 0.521443 3.090550
vt 0.594473 2.993862
vt 0.618542 3.042201
vt 0.614184 0.055630
vt 0.547468 0.043305
vt 0.621574 -0.225242
vt 0.742743 -0.194611
vt 0.667156 -0.175339
vt -0.155872 3.387407
vt -0.043305 3.441705
vt -0.121338 3.445173
vt -0.155872 3.129324
vt -0.175339 3.031499
vt -0.225242 3.090550
vt 0.236047 0.225242
vt 0.274561 0.121338
vt 0.207135 0.175339
vt 0.543706 -0.155872
vt 0.606540 -0.121338
vt -0.055630 3.150841
vt -0.121338 3.061682
vt 0.572902 -0.043305
vt 0.500493 -0.055630
vt 0.364979 0.194611
vt 0.379757 0.250000
vt 0.055630 3.150841
vt -0.043305 3.078433
vt 0.055630 3.284070
vt 0.500493 0.055630
vt 0.572901 0.043305
vt 0.155872 3.129324
vt 0.043305 3.078433
vt 0.370731 -0.055630
vt 0.274561 -0.121338
vt 0.311979 -0.043305
vt 0.543706 0.155872
vt 0.606541 0.121338
vt 0.175339 3.031499
vt 0.121338 3.061682
vt 0.567753 0.155872
vt 0.667156 0.175339
vt 0.621573 0.225242
vt 0.521443 3.090550
vt 0.518886 3.031499
vt 0.718673 0.250000
vt 0.742742 0.194611
vt 0.484087 -0.225242
vt 0.511324 -0.121338
vt -0.055630 3.382953
vt 0.043305 3.441705
vt -0.175339 3.379601
vt -0.225242 3.321086
vt 0.364979 -0.194611
vt 0.446194 -0.175339
vt -0.543706 0.155872
vt -0.667156 0.175339
vt -0.606540 0.121338
vt 0.441232 3.350770
vt 0.456010 3.402709
vt 0.148766 0.250000
vt 0.256774 0.225242
vt 0.275427 3.164391
vt 0.364979 3.082768
vt 0.379757 3.134706
vt 0.311979 0.043305
vt 0.370731 0.055630
vt 0.336902 -0.225242
vt 0.456010 -0.194611
vt 0.374795 -0.175339
vt 0.045858 -0.155872
vt 0.035174 -0.043305
vt -0.002244 -0.121338
vt -0.155872 3.188196
vt -0.175339 3.105875
vt -0.225242 3.164391
vt 0.066585 0.155872
vt -0.038978 0.175339
vt -0.020031 0.225242
vt 0.309665 -0.121338
vt 0.253236 -0.155872
vt -0.055630 3.201407
vt -0.121338 3.124407
vt 0.206805 -0.055630
vt 0.273521 -0.043305
vt 0.123056 0.194611
vt 0.128039 0.250000
vt 0.055630 3.201407
vt -0.043305 3.134691
vt 0.155872 3.387407
vt 0.055630 3.382953
vt 0.273521 0.043305
vt 0.206805 0.055630
vt 0.121338 3.124407
vt 0.043305 3.134690
vt -0.055630 3.204250
vt -0.121338 3.142030
vt -0.043305 3.145497
vt 0.309665 0.121338
vt 0.253236 0.155872
vt 0.225242 3.164391
vt 0.155872 3.188196
vt 0.322663 0.155872
vt 0.336902 0.225242
vt 0.374795 0.175339
vt 0.283764 3.105875
vt 0.456010 0.194611
vt 0.441232 0.250000
vt 0.236047 -0.225242
vt 0.322663 -0.155872
vt 0.093926 0.055630
vt 0.093926 -0.055630
vt 0.343390 -0.155872
vt 0.237827 -0.175339
vt 0.256774 -0.225242
vt 0.128039 -0.250000
vt 0.207135 -0.175339
vt -0.885078 0.225242
vt -0.882761 0.121338
vt -0.815661 0.155873
vt 0.148766 -0.250000
vt 0.153749 -0.194611
vt -0.040758 0.225242
vt -0.153749 0.194611
vt 0.020031 -0.225242
vt 0.123056 -0.194611
vt 0.043305 3.145497
vt 0.055630 3.204250
vt 0.040758 -0.225242
vt 0.069670 -0.175339
vt -0.206805 -0.055630
vt -0.309665 -0.121338
vt -0.253236 -0.155872
vt -0.066585 -0.155872
vt 0.038978 -0.175339
vt 0.175339 3.105875
vt 0.225242 3.164391
vt -0.045858 -0.155872
vt 0.002244 -0.121338
vt -0.121338 3.142030
vt -0.155872 3.199795
vt -0.093926 -0.055630
vt -0.035174 -0.043305
vt -0.123056 0.194611
vt -0.128039 0.250000
vt 0.035174 0.043305
vt -0.035174 0.043305
vt -0.093926 0.055630
vt 0.121338 3.142030
vt -0.043305 3.134690
vt -0.045858 0.155872
vt 0.002244 0.121338
vt 0.020031 0.225242
vt -0.028448 0.121338
vt -0.066585 0.155872
vt 0.121338 3.142030
vt 0.155872 3.199795
vt 0.069670 0.175339
vt 0.040758 0.225242
vt 0.038978 0.175339
vt 0.153749 0.194611
vt -0.020031 -0.225242
vt 0.028448 -0.121338
vt 0.066585 -0.155872
vt -0.206805 0.055630
vt -0.273521 -0.043305
vt -0.069670 -0.175339
vt -0.040758 -0.225242
vt -0.123056 -0.194611
vt -0.038978 -0.175339
vt -1.118442 0.225242
vt -1.128920 0.121338
vt -1.059839 0.155872
vt -0.153749 -0.194611
vt -0.148766 -0.250000
vt -0.456010 0.194611
vt -0.374795 0.175339
vt -0.236047 -0.225242
vt -0.128039 -0.250000
vt 0.043305 3.134691
vt -0.237827 -0.175339
vt -0.256774 -0.225242
vt -0.543706 -0.155872
vt -0.572901 -0.043305
vt -0.606541 -0.121338
vt -0.274561 -0.121338
vt -0.207135 -0.175339
vt 0.225242 3.090550
vt -0.343390 -0.155872
vt -0.305253 -0.121338
vt -0.322663 -0.155872
vt -0.311979 -0.043305
vt -0.155872 3.387407
vt -0.043305 3.441705
vt -0.275427 3.164391
vt -0.364979 3.082768
vt -0.379757 3.134706
vt -0.370731 0.055630
vt -0.370731 -0.055630
vt -0.273521 0.043305
vt 0.043305 3.441705
vt -0.274561 0.121338
vt -0.311979 0.043305
vt 0.155872 3.387407
vt 0.121338 3.445173
vt -0.236047 0.225242
vt -0.322663 0.155872
vt -0.343390 0.155872
vt -0.237827 0.175339
vt -0.256774 0.225242
vt -0.207135 0.175339
vt -0.148766 0.250000
vt -0.225242 3.164391
vt -0.500493 -0.055630
vt -0.572902 0.043305
vt -0.336902 -0.225242
vt -0.374795 -0.175339
vt -0.283764 3.105875
vt -1.267926 0.155872
vt -1.372282 0.175339
vt -1.336635 0.121338
vt -0.456010 -0.194611
vt -0.441232 -0.250000
vt -0.621574 0.225242
vt -0.742743 0.194611
vt -0.484087 -0.225242
vt -0.364979 -0.194611
vt -0.379757 -0.250000
vt -0.545562 3.321086
vt -0.456010 3.402709
vt -0.537225 3.379601
vt -0.815661 -0.155873
vt -0.852772 -0.043305
vt -0.882761 -0.121338
vt -0.511324 -0.121338
vt -0.446194 -0.175339
vt 0.225242 2.972761
vt -0.121338 3.361070
vt -0.567753 -0.155872
vt -0.547468 -0.043305
vt -0.043305 3.350786
vt -0.055630 3.284070
vt -0.521443 3.090550
vt -0.594473 2.993862
vt -0.618542 3.042201
vt -0.614184 -0.055630
vt -0.547468 0.043305
vt -0.500493 0.055630
vt 0.055630 3.284070
vt 0.043305 3.350786
vt -0.567753 0.155872
vt -0.614184 0.055630
vt -0.055630 3.054274
vt 0.121338 3.361071
vt -0.484087 0.225242
vt -0.511324 0.121338
vt 0.225242 3.321086
vt -0.364979 0.194611
vt -0.446194 0.175339
vt -0.441232 3.350770
vt -0.456010 3.402709
vt -0.777137 0.055630
vt -0.777137 -0.055630
vt -0.667156 -0.175339
vt -0.621573 -0.225242
vt -0.521443 3.090550
vt -0.518886 3.031499
vt -1.432836 0.155872
vt -1.523294 0.175339
vt -1.498833 0.121338
vt -0.718673 -0.250000
vt -0.742742 -0.194611
vt -0.971640 3.086659
vt -0.936798 3.180637
vt -0.885078 3.152027
vt -0.715642 -0.225242
vt -0.594473 -0.194611
vt -0.618542 -0.250000
vt 0.055630 3.054274
vt -0.718673 3.243289
vt -0.818329 3.253991
vt -0.815772 3.194940
vt -1.059839 -0.155872
vt -1.103604 -0.043305
vt -1.128920 -0.121338
vt -0.730675 -0.121338
vt -0.670059 -0.175339
vt 0.175339 2.760896
vt -0.225242 3.194940
vt -0.155872 3.156166
vt -0.836722 -0.055630
vt -0.793509 -0.155872
vt -0.836264 2.907393
vt -0.736338 2.915186
vt -0.803722 2.864300
vt -0.836722 0.055630
vt -0.764314 -0.043305
vt -0.852773 0.043305
vt -0.730675 0.121338
vt -0.764314 0.043305
vt 0.155872 3.156166
vt -0.715642 0.225242
vt -0.793509 0.155872
vt 0.175339 3.253991
vt 0.225242 3.194940
vt -0.594473 0.194611
vt -0.670059 0.175339
vt -0.818329 3.253991
vt -0.742743 3.291628
vt -1.027317 -0.055630
vt -1.103603 0.043305
vt -0.936798 -0.175339
vt -0.885078 -0.225242
vt -0.836264 2.907393
vt -0.749703 2.972761
vt 0.155873 2.288393
vt -0.971640 3.086659
vt -0.936798 3.180637
vt -1.004182 3.129752
vt -1.191519 2.886213
vt -1.174539 2.984993
vt -1.118442 2.966374
vt -0.871106 2.813414
vt -1.071565 3.078866
vt -1.058201 3.021291
vt -1.267926 -0.155872
vt -1.316852 -0.043305
vt -1.336635 -0.121338
vt -0.992243 -0.155873
vt -0.871106 -0.175339
vt -0.922826 -0.225242
vt 0.175339 2.573884
vt -0.155872 2.968869
vt -1.030767 -0.055630
vt -0.925143 -0.121338
vt -0.055630 2.939777
vt -1.025508 2.734874
vt -0.928716 2.760896
vt -0.985602 2.698494
vt -0.955131 0.043305
vt -0.955131 -0.043305
vt -1.027317 0.055630
vt 0.055630 2.939778
vt -0.992243 0.155873
vt -1.030767 0.055630
vt 0.155872 2.968869
vt -0.871106 0.175339
vt -0.925143 0.121338
vt 0.225242 3.021291
vt -0.871106 2.813414
vt -0.922826 2.842024
vt -1.242513 0.055630
vt -1.242513 -0.055630
vt -1.118442 -0.225242
vt -1.174539 -0.175339
vt -0.928716 2.760896
vt -0.952432 2.815035
vt -1.118442 2.966374
vt -1.231425 2.922592
vt -1.370822 2.648777
vt -1.372282 2.748995
vt -1.313719 2.741001
vt -1.098584 2.654713
vt -0.985602 2.698494
vt -1.264595 2.806052
vt -1.288311 2.860191
vt -1.415397 -0.055630
vt -1.498833 -0.121338
vt -1.432836 -0.155872
vt -1.098584 -0.225242
vt -1.088107 -0.121338
vt -1.042488 -0.175339
vt 0.155872 2.483547
vt 0.175339 2.360518
vt 0.225242 2.402434
vt -0.225242 2.806052
vt -0.155872 2.741767
vt -1.157187 -0.155872
vt -1.113423 -0.043305
vt -0.055630 2.706092
vt -1.179830 2.530520
vt -1.089467 2.573884
vt -1.133918 2.502092
vt -1.189709 0.055630
vt -1.189709 -0.055630
vt -1.316853 0.043305
vt 0.055630 2.706093
vt -1.157187 0.155872
vt -1.113423 0.043305
vt -0.055630 2.528561
vt -0.121338 2.423660
vt -0.043305 2.458701
vt 0.155872 2.741767
vt -1.098585 0.225242
vt -1.088107 0.121338
vt 0.225242 2.806052
vt 0.175339 2.860191
vt -1.042488 2.636094
vt -1.098585 2.654713
vt -1.288311 2.860191
vt -1.231425 2.922592
vt -1.485258 0.043305
vt -1.485258 -0.043305
vt -1.313719 -0.225242
vt -1.372282 -0.175339
vt -1.122727 2.622743
vt 0.155873 1.695867
vt 0.175339 1.576816
vt 0.121338 1.643377
vt -1.416734 2.677204
vt -1.503443 2.382437
vt -1.523294 2.480681
vt -1.464259 2.483583
vt -1.178369 2.430301
vt 0.043305 2.458701
vt 0.055630 2.528561
vt -1.427924 2.556553
vt -1.461185 2.605413
vt -1.548952 -0.155872
vt -1.603084 -0.043305
vt -1.609989 -0.121338
vt -1.236932 -0.225242
vt -1.214016 -0.121338
vt -1.178369 -0.175339
vt 0.225242 2.161609
vt 0.175339 2.128064
vt -0.155872 2.482595
vt -1.308138 -0.055630
vt -1.282725 -0.155872
vt 0.194611 2.281781
vt 0.250000 2.301288
vt -1.308138 0.055630
vt -1.233799 -0.043305
vt -1.415397 0.055630
vt -1.282725 0.155872
vt -1.233799 0.043305
vt -0.043305 2.231565
vt 0.155873 2.482595
vt -1.236932 0.225242
vt -1.214016 0.121338
vt 0.121338 2.423660
vt 0.225242 2.556553
vt -1.236932 2.438296
vt -0.155872 2.483547
vt -0.175339 2.360518
vt -1.540081 0.055630
vt -1.540081 -0.055630
vt -1.523294 -0.175339
vt -1.464259 -0.225242
vt -0.225242 2.402434
vt -0.194611 2.281781
vt 0.225242 1.318709
vt 0.121338 1.339935
vt 0.155872 1.399822
vt -1.553797 2.401944
vt -1.584867 2.096263
vt -1.622432 2.189186
vt -1.564935 2.202887
vt -1.293973 2.301288
vt -1.274123 2.203044
vt -1.243620 2.281781
vt 0.043305 2.231565
vt -0.250000 2.382437
vt -0.225242 2.281291
vt -0.043305 1.989732
vt -1.364581 -0.155872
vt -1.274123 -0.175339
vt -1.333158 -0.225242
vt -0.121338 2.260065
vt -0.155872 2.200178
vt -1.382020 -0.055630
vt -1.298584 -0.121338
vt -0.055630 2.155164
vt -0.043305 2.225024
vt 0.250000 2.054986
vt 0.194611 2.045063
vt -1.382020 0.055630
vt -1.312159 -0.043305
vt -1.609989 0.121338
vt -1.603084 0.043305
vt 0.043305 2.225024
vt 0.055630 2.155164
vt -1.298584 0.121338
vt -1.312159 0.043305
vt -0.055630 2.043732
vt 0.121338 2.260065
vt 0.155872 2.200178
vt -1.364581 0.155872
vt -1.274123 0.175339
vt 0.225242 2.281291
vt -1.333158 2.200142
vt 0.250000 2.382437
vt 0.194611 2.401944
vt -0.175339 2.128064
vt -1.612320 0.055630
vt -1.666320 -0.043305
vt -1.612320 -0.055630
vt -0.175339 2.189186
vt -0.250000 2.054986
vt -0.225242 2.161609
vt 0.225242 1.043447
vt 0.121338 1.052159
vt 0.155872 1.117405
vt -1.637947 2.106185
vt -1.364053 2.054986
vt -1.326487 1.962062
vt -1.310972 2.045063
vt 0.043305 1.989732
vt 0.055630 2.043732
vt -0.175339 2.023185
vt -0.225242 1.989639
vt -0.155872 1.695867
vt -0.043305 1.680316
vt -0.121338 1.643377
vt -0.225242 1.948362
vt -0.121338 1.895501
vt -0.175339 1.962062
vt 0.225242 1.651638
vt 0.121338 1.704499
vt 0.175339 1.637938
vt -0.155873 1.904133
vt -1.399968 -0.155872
vt -1.345835 -0.043305
vt -1.338930 -0.121338
vt -0.055630 1.856681
vt -0.043305 1.919684
vt -1.408838 0.055630
vt -1.408838 -0.055630
vt 0.043305 1.989732
vt 0.043305 1.919684
vt 0.055630 1.856681
vt -1.338930 0.121338
vt -1.345835 0.043305
vt -1.345835 -0.043305
vt 0.121338 1.895501
vt 0.155872 1.862856
vt 0.155872 1.995458
vt 0.175339 2.023185
vt 0.225242 1.989639
vt -1.383984 1.948362
vt 0.194611 2.106185
vt -0.155872 1.995458
vt 0.055630 1.743319
vt -0.055630 1.743319
vt 0.225242 0.793948
vt 0.121338 0.789850
vt 0.155872 0.858232
vt 0.250000 1.503737
vt 0.225242 1.610361
vt -1.408838 0.055630
vt -1.345835 0.043305
vt -0.055630 1.444836
vt -0.121338 1.339935
vt -0.155872 1.399822
vt -1.364581 0.155872
vt -1.274123 0.175339
vt -1.333158 0.225242
vt -1.383984 1.651638
vt -1.310972 1.554937
vt -1.364053 1.545014
vt -1.387680 0.055630
vt -1.333680 -0.043305
vt -1.387680 -0.055630
vt 0.043305 1.680316
vt -1.666320 0.043305
vt -1.382020 -0.055630
vt -1.399968 0.155872
vt -0.225242 1.651638
vt -0.121338 1.704499
vt -0.155872 1.737144
vt 0.055630 1.444836
vt -0.043305 1.374976
vt -0.175339 1.576816
vt -0.225242 1.610361
vt -1.326487 1.637938
vt 0.225242 0.578710
vt 0.121338 0.561941
vt 0.155872 0.631131
vt -0.194611 1.493815
vt -0.250000 1.503737
vt 0.194611 1.198056
vt 0.175339 1.276793
vt -0.225242 1.438390
vt -0.194611 1.554937
vt -0.250000 1.545014
vt -1.584867 1.503737
vt -1.622432 1.410814
vt -1.564935 1.397113
vt -0.155872 1.117405
vt -0.043305 1.084109
vt -0.121338 1.052159
vt -0.121338 1.405374
vt -0.175339 1.471936
vt -1.236932 0.225242
vt -1.178369 0.175339
vt -0.155872 1.311607
vt -0.175339 1.410814
vt -0.121338 1.344252
vt -0.155872 1.352885
vt -0.043305 1.368436
vt -1.548952 -0.155872
vt -1.333158 1.399858
vt -1.243620 1.318219
vt -1.293973 1.298712
vt 0.055630 1.305433
vt -0.055630 1.305432
vt 0.043305 1.374976
vt 0.121338 1.405374
vt 0.043305 1.368436
vt -1.308138 -0.055630
vt -1.233799 -0.043305
vt -1.609989 0.121338
vt -1.548952 0.155872
vt 0.225242 1.438390
vt 0.155872 1.352885
vt -1.298584 0.121338
vt 0.225242 1.397113
vt 0.121338 1.344252
vt 0.175339 1.410814
vt 0.250000 1.545014
vt 0.175339 1.471936
vt -1.584867 1.503737
vt -1.637947 1.493815
vt -1.333158 -0.225242
vt -1.298584 -0.121338
vt -0.055630 1.158448
vt 0.043305 1.084109
vt -0.225242 1.318709
vt -0.175339 1.276793
vt -1.274123 1.396956
vt 0.225242 0.405060
vt 0.121338 0.376192
vt 0.155872 0.443834
vt -0.194611 1.198056
vt -0.250000 1.217563
vt -1.370822 0.951223
vt -1.461185 0.994587
vt -1.427924 1.043447
vt -0.225242 1.197566
vt -0.194611 1.318219
vt -0.250000 1.298712
vt -1.233799 0.043305
vt -1.503443 1.217563
vt -1.523294 1.119319
vt -1.464259 1.116417
vt -0.155872 0.858232
vt -0.043305 0.817621
vt -0.121338 0.789850
vt -0.121338 1.176340
vt -0.175339 1.239482
vt -1.157187 0.155872
vt -1.042488 0.175339
vt -1.098585 0.225242
vt -1.464259 -0.225242
vt -1.498833 -0.121338
vt -1.432836 -0.155872
vt -0.055630 1.071439
vt -0.155872 1.116453
vt -1.415397 -0.055630
vt -1.236932 1.161704
vt -1.133918 1.097908
vt -1.179830 1.069480
vt 0.043305 1.141299
vt -0.043305 1.141299
vt 0.055630 1.158448
vt -1.415397 0.055630
vt 0.055630 1.071439
vt 0.121338 1.176340
vt -1.189709 -0.055630
vt -1.088107 -0.121338
vt -1.113423 -0.043305
vt -1.498833 0.121338
vt 0.225242 1.197566
vt 0.155872 1.116453
vt -1.282725 0.155873
vt -1.523294 0.175339
vt -1.464259 0.225242
vt 0.250000 1.298712
vt 0.175339 1.239482
vt -1.553797 1.198056
vt -1.236932 -0.225242
vt -1.282725 -0.155872
vt 0.055630 0.893907
vt -0.055630 0.893907
vt -0.175339 0.994587
vt -0.225242 1.043447
vt -1.178369 1.169699
vt 0.225242 0.278914
vt 0.121338 0.238930
vt 0.155873 0.302719
vt -1.427924 1.043447
vt -1.416734 0.922796
vt -1.191519 0.713787
vt -1.288311 0.739809
vt -1.264595 0.793948
vt -1.089467 1.026117
vt -1.113423 0.043305
vt -1.189709 0.055630
vt -1.372282 0.851005
vt -1.313719 0.858999
vt -0.155872 0.631131
vt -0.043305 0.584587
vt -0.121338 0.561941
vt -0.155872 0.903299
vt -0.175339 1.026117
vt -0.225242 0.977257
vt -0.922826 0.225242
vt -0.925143 0.121338
vt -0.871105 0.175339
vt -1.313719 -0.225242
vt -1.336635 -0.121338
vt -1.267926 -0.155872
vt -0.043305 0.936594
vt -0.121338 0.968545
vt -1.316852 -0.043305
vt -1.025508 0.865126
vt -1.042488 0.963906
vt -0.985602 0.901505
vt 0.055630 0.862255
vt -0.055630 0.862255
vt 0.043305 0.817621
vt -1.316852 0.043305
vt 0.155872 0.903299
vt 0.043305 0.936594
vt -1.030766 -0.055630
vt -0.925143 -0.121338
vt -0.955131 -0.043305
vt -1.336635 0.121338
vt 0.225242 0.977257
vt 0.121338 0.968545
vt -1.088107 0.121338
vt -1.313719 0.225242
vt -1.372282 0.175339
vt -1.122727 0.977257
vt -1.157187 -0.155873
vt -1.042488 -0.175339
vt 0.055630 0.660222
vt -0.055630 0.660223
vt -0.225242 0.793948
vt -0.175339 0.739809
vt -1.098585 0.945287
vt -0.343390 0.155872
vt -0.237827 0.175339
vt -0.305253 0.121338
vt -1.264595 0.793948
vt -1.231425 0.677408
vt -1.058201 0.578710
vt -1.004182 0.470248
vt -1.071565 0.521134
vt -0.952432 0.784965
vt -0.955131 0.043305
vt -1.030766 0.055630
vt -1.118442 0.633626
vt -1.174539 0.615007
vt -0.155872 0.443834
vt -0.043305 0.392943
vt -0.121338 0.376192
vt -0.155872 0.720681
vt -0.175339 0.839104
vt -0.225242 0.784965
vt -0.793509 0.155872
vt -0.670059 0.175339
vt -0.715642 0.225242
vt -1.118442 -0.225242
vt -1.128920 -0.121338
vt -1.059839 -0.155872
vt -0.043305 0.761292
vt -0.121338 0.789063
vt -1.103603 -0.043305
vt -1.027317 -0.055630
vt -0.836264 0.692607
vt -0.871105 0.786586
vt -0.803722 0.735700
vt 0.055630 0.685006
vt -0.055630 0.685006
vt 0.043305 0.584587
vt -1.103603 0.043305
vt -1.027317 0.055630
vt 0.155872 0.720681
vt 0.043305 0.761292
vt -0.836722 -0.055630
vt -0.730675 -0.121338
vt -0.764314 -0.043305
vt -1.059839 0.155873
vt -1.128920 0.121338
vt 0.175339 0.839104
vt 0.121338 0.789063
vt -0.992243 0.155872
vt -1.118442 0.225242
vt -1.174539 0.175339
vt -0.928716 0.839104
vt -1.231425 0.677408
vt -0.992243 -0.155872
vt -0.871105 -0.175339
vt -0.055630 0.465351
vt 0.043305 0.392943
vt -0.225242 0.578710
vt -0.175339 0.521134
vt -0.836264 0.692607
vt -0.922826 0.757975
vt 0.040758 0.225242
vt 0.002244 0.121338
vt -0.045858 0.155872
vt -0.971640 0.513341
vt -0.718673 0.356711
vt -0.818329 0.346009
vt -0.815772 0.405060
vt -0.749703 0.627239
vt -0.764314 0.043305
vt -0.836722 0.055630
vt -0.885078 0.447973
vt -0.936798 0.419363
vt -0.155872 0.302719
vt -0.043305 0.249214
vt -0.121338 0.238930
vt -0.225242 0.627239
vt -0.121338 0.644007
vt -0.175339 0.684814
vt -0.484087 0.225242
vt -0.511324 0.121338
vt -0.446194 0.175339
vt -0.882761 -0.121338
vt -0.815661 -0.155872
vt -0.055630 0.545726
vt -0.155872 0.574817
vt -0.777137 -0.055630
vt -0.852773 -0.043305
vt -0.618542 0.250000
vt -0.594472 0.194611
vt 0.055630 0.545726
vt -0.043305 0.621361
vt 0.055630 0.465351
vt -0.777137 0.055630
vt -0.852773 0.043305
vt 0.121338 0.644007
vt 0.043305 0.621361
vt -0.614184 -0.055630
vt -0.511324 -0.121338
vt -0.547468 -0.043305
vt -0.882761 0.121338
vt -0.815661 0.155872
vt 0.225242 0.627239
vt 0.155872 0.574817
vt -0.730675 0.121338
vt -0.885078 0.225242
vt -0.936798 0.175339
vt -0.736338 0.684814
vt -0.971640 0.513341
vt -0.793509 -0.155872
vt -0.670059 -0.175339
vt 0.055630 0.315930
vt -0.055630 0.315930
vt -0.225242 0.405060
vt -0.175339 0.346009
vt -0.618542 -0.250000
vt 0.336902 0.225242
vt 0.309665 0.121338
vt 0.253236 0.155872
vt -0.742743 0.308372
vt -0.545562 0.278914
vt -0.456010 0.197291
vt -0.537225 0.220399
vt -0.521443 0.509450
vt -0.594473 0.606138
vt -0.618542 0.557799
vt -0.547468 0.043305
vt -0.614184 0.055630
vt -0.718673 -0.250000
vt -0.667156 -0.175339
vt -0.155872 0.212593
vt -0.043305 0.158295
vt -0.121338 0.154828
vt -0.225242 0.509450
vt -0.121338 0.538318
vt -0.175339 0.568501
vt -0.322663 0.155872
vt -0.236047 0.225242
vt -0.543706 -0.155872
vt -0.606541 -0.121338
vt -0.155872 0.470676
vt -0.043305 0.521567
vt -0.500493 -0.055630
vt -0.572901 -0.043305
vt -0.379757 0.250000
vt 0.055630 0.449159
vt -0.055630 0.449159
vt 0.043305 0.249214
vt -0.500493 0.055630
vt -0.572901 0.043305
vt 0.155872 0.470676
vt 0.043305 0.521567
vt -0.322663 -0.155872
vt -0.311979 -0.043305
vt -0.370731 -0.055630
vt -0.606541 0.121338
vt -0.543706 0.155872
vt 0.175339 0.568501
vt 0.121338 0.538318
vt -0.567753 0.155872
vt -0.667156 0.175339
vt -0.621573 0.225242
vt -0.594472 0.606138
vt -0.518886 0.568501
vt -0.742743 0.194611
vt -0.718673 0.250000
vt -0.484087 -0.225242
vt -0.567753 -0.155872
vt -0.055630 0.217047
vt 0.043305 0.158295
vt -0.175339 0.220399
vt -0.225242 0.278914
vt -0.446194 -0.175339
vt 0.543706 0.155872
vt 0.667156 0.175339
vt 0.606541 0.121338
vt -0.545562 0.278914
vt -0.456010 0.197291
vt -0.441232 0.249230
vt -0.148766 0.250000
vt -0.256774 0.225242
vt -0.379757 0.465293
vt -0.283764 0.494124
vt -0.364979 0.517232
vt -0.311979 0.043305
vt -0.370731 0.055630
vt -0.441232 -0.250000
vt -0.374795 -0.175339
vt -0.336902 -0.225242
vt -0.093926 -0.055630
vt 0.002244 -0.121338
vt -0.045858 -0.155872
vt -0.155872 0.411804
vt -0.175339 0.494124
vt -0.225242 0.435609
vt -0.066585 0.155872
vt 0.038978 0.175339
vt 0.020031 0.225242
vt -0.309665 -0.121338
vt -0.253236 -0.155872
vt -0.055630 0.398593
vt -0.121338 0.475593
vt -0.273521 -0.043305
vt -0.206805 -0.055630
vt -0.128039 0.250000
vt -0.123057 0.194611
vt 0.055630 0.398593
vt -0.043305 0.465309
vt 0.155872 0.212593
vt 0.055630 0.217047
vt -0.273521 0.043305
vt -0.206805 0.055630
vt 0.121338 0.475593
vt 0.043305 0.465309
vt -0.155872 0.400205
vt -0.043305 0.454503
vt -0.055630 0.395751
vt -0.309665 0.121338
vt -0.253236 0.155872
vt 0.155872 0.411804
vt 0.175339 0.494124
vt -0.274561 0.121338
vt -0.374795 0.175339
vt -0.336902 0.225242
vt -0.283764 0.494124
vt -0.275427 0.435609
vt -0.456010 0.194611
vt -0.441232 0.250000
vt -0.207135 -0.175339
vt -0.274561 -0.121338
vt -0.093926 0.055630
vt -0.035174 -0.043305
vt -0.343390 -0.155872
vt -0.237827 -0.175339
vt -0.256774 -0.225242
vt -0.128039 -0.250000
vt -0.236047 -0.225242
vt 0.882761 0.121338
vt 0.815661 0.155872
vt -0.153749 -0.194611
vt -0.148766 -0.250000
vt 0.153749 0.194611
vt 0.069670 0.175339
vt -0.038978 -0.175339
vt -0.123057 -0.194611
vt 0.055630 0.395751
vt 0.043305 0.454503
vt -0.040758 -0.225242
vt 0.206805 -0.055630
vt 0.309665 -0.121338
vt 0.253236 -0.155872
vt 0.066585 -0.155872
vt -0.020031 -0.225242
vt 0.225242 0.435609
vt 0.121338 0.475593
vt 0.175339 0.494124
vt -0.002244 -0.121338
vt 0.045858 -0.155872
vt -0.155872 0.400205
vt -0.043305 0.454503
vt -0.121338 0.457970
vt 0.035174 -0.043305
vt 0.093926 -0.055630
vt 0.123057 0.194611
vt 0.128039 0.250000
vt 0.055630 0.395750
vt -0.055630 0.395750
vt -0.035174 0.043305
vt 0.035174 0.043305
vt 0.093926 0.055630
vt 0.155872 0.400205
vt 0.043305 0.454503
vt -0.155872 0.411804
vt -0.043305 0.465309
vt -0.055630 0.398593
vt -0.002244 0.121338
vt 0.045858 0.155872
vt 0.066585 0.155872
vt -0.038978 0.175339
vt 0.028448 0.121338
vt 0.155872 0.400205
vt 0.121338 0.457970
vt -0.069670 0.175339
vt -0.040758 0.225242
vt -0.020031 0.225242
vt -0.153749 0.194611
vt -0.066585 -0.155872
vt 0.038978 -0.175339
vt -0.028448 -0.121338
vt 0.206804 0.055630
vt 0.273521 -0.043305
vt 0.069670 -0.175339
vt 0.040758 -0.225242
vt 0.128039 -0.250000
vt 0.020031 -0.225242
vt 1.118442 0.225242
vt 1.128920 0.121338
vt 1.059839 0.155872
vt 0.153749 -0.194611
vt 0.148766 -0.250000
vt 0.441232 0.250000
vt 0.374795 0.175339
vt 0.236047 -0.225242
vt 0.123057 -0.194611
vt 0.043305 0.465309
vt 0.055630 0.398593
vt 0.256774 -0.225242
vt 0.237827 -0.175339
vt 0.500493 -0.055630
vt 0.606541 -0.121338
vt 0.543706 -0.155872
vt 0.322663 -0.155872
vt 0.207135 -0.175339
vt 0.225242 0.509450
vt 0.343390 -0.155872
vt 0.305253 -0.121338
vt 0.370731 -0.055630
vt 0.274561 -0.121338
vt -0.155872 0.212593
vt -0.043305 0.158295
vt -0.055630 0.217047
vt 0.379757 0.465293
vt 0.283764 0.494124
vt 0.364979 0.517232
vt 0.311979 0.043305
vt 0.311979 -0.043305
vt 0.273521 0.043305
vt 0.043305 0.158295
vt 0.055630 0.217047
vt 0.322663 0.155872
vt 0.370731 0.055630
vt -0.043305 0.521567
vt 0.121338 0.154827
vt 0.155872 0.212593
vt 0.236047 0.225242
vt 0.274561 0.121338
vt 0.155872 0.411804
vt 0.305253 0.121338
vt 0.237827 0.175339
vt 0.207135 0.175339
vt 0.148766 0.250000
vt -0.225242 0.435609
vt -0.121338 0.475593
vt 0.572901 0.043305
vt 0.572901 -0.043305
vt 0.374795 -0.175339
vt 0.275427 0.435609
vt 0.364979 0.517232
vt 0.283764 0.494124
vt 1.267926 0.155872
vt 1.372282 0.175339
vt 1.336635 0.121338
vt 0.441232 -0.250000
vt 0.456010 -0.194611
vt 0.718673 0.250000
vt 0.379757 -0.250000
vt 0.364979 -0.194611
vt 0.043305 0.521567
vt 0.545562 0.278914
vt 0.456010 0.197291
vt 0.537225 0.220399
vt 0.777137 -0.055630
vt 0.882761 -0.121338
vt 0.815661 -0.155872
vt 0.175339 0.684814
vt -0.225242 0.278914
vt -0.121338 0.238930
vt -0.155872 0.302719
vt 0.547468 -0.043305
vt 0.511324 -0.121338
vt -0.055630 0.315930
vt -0.043305 0.249214
vt 0.521443 0.509450
vt 0.594473 0.606138
vt 0.618542 0.557799
vt 0.614184 0.055630
vt 0.614184 -0.055630
vt 0.500493 0.055630
vt 0.055630 0.315930
vt 0.043305 0.249214
vt 0.567753 0.155872
vt 0.547468 0.043305
vt -0.055630 0.545726
vt -0.043305 0.621361
vt 0.121338 0.238930
vt 0.155872 0.302719
vt 0.511324 0.121338
vt 0.225242 0.278914
vt 0.175339 0.220399
vt 0.484087 0.225242
vt 0.364979 0.194611
vt 0.441232 0.249230
vt 0.537225 0.220399
vt 0.456010 0.197291
vt 0.852773 0.043305
vt 0.852773 -0.043305
vt 0.667156 -0.175339
vt 0.621573 -0.225242
vt 0.594472 0.606138
vt 0.518886 0.568501
vt 1.464259 0.225242
vt 1.498833 0.121338
vt 0.742743 -0.194611
vt 0.718673 -0.250000
vt 0.885078 0.447973
vt 1.004182 0.470248
vt 0.936798 0.419363
vt 0.618542 -0.250000
vt 0.670059 -0.175339
vt 0.594472 -0.194611
vt 0.043305 0.621361
vt 0.055630 0.545726
vt 0.718673 0.356711
vt 0.818329 0.346009
vt 0.815772 0.405060
vt 1.059839 -0.155872
vt 1.103603 -0.043305
vt 1.128920 -0.121338
vt 0.793509 -0.155872
vt 0.715642 -0.225242
vt 0.155872 0.720681
vt 0.175339 0.839104
vt 0.225242 0.784965
vt -0.225242 0.405060
vt -0.155872 0.443834
vt 0.836722 -0.055630
vt 0.730675 -0.121338
vt -0.055630 0.465351
vt 0.749703 0.627239
vt 0.803722 0.735700
vt 0.836264 0.692607
vt 0.836722 0.055630
vt 0.764314 -0.043305
vt 0.777137 0.055630
vt 0.055630 0.465351
vt 0.730675 0.121338
vt 0.764314 0.043305
vt -0.155873 0.720681
vt -0.043305 0.761292
vt -0.055630 0.685006
vt 0.155872 0.443834
vt 0.793509 0.155872
vt 0.670059 0.175339
vt 0.225242 0.405060
vt 0.175339 0.346009
vt 0.618542 0.250000
vt 0.742743 0.308372
vt 1.027317 -0.055630
vt 1.103603 0.043305
vt 0.885078 -0.225242
vt 0.936798 -0.175339
vt 0.736338 0.684814
vt 0.225242 1.397113
vt 0.121338 1.344252
vt 0.155873 1.311607
vt 0.971640 0.513341
vt 1.118442 0.633626
vt 1.231425 0.677408
vt 1.174539 0.615007
vt 0.836264 0.692607
vt 0.871105 0.786586
vt 0.043305 0.761292
vt 0.055630 0.685006
vt 1.058201 0.578710
vt 1.071565 0.521134
vt 1.267926 -0.155872
vt 1.316852 -0.043305
vt 1.336635 -0.121338
vt 0.922826 -0.225242
vt 0.925143 -0.121338
vt 0.871105 -0.175339
vt 0.155872 0.903299
vt 0.175339 1.026116
vt 0.225242 0.977256
vt -0.225242 0.578710
vt -0.155872 0.631131
vt 1.030766 -0.055630
vt 0.992243 -0.155872
vt -0.043305 0.584587
vt -0.055630 0.660222
vt 1.025508 0.865126
vt 0.928716 0.839104
vt 0.985602 0.901505
vt 1.030766 0.055630
vt 0.955131 -0.043305
vt 1.027317 0.055630
vt 0.043305 0.584587
vt 0.055630 0.660223
vt 0.925143 0.121338
vt 0.955131 0.043305
vt -0.155872 0.903299
vt 0.155872 0.631131
vt 0.992243 0.155872
vt 0.871105 0.175339
vt 0.121338 0.789063
vt 0.225242 0.578710
vt 0.175339 0.521134
vt 0.922826 0.757975
vt 0.971640 0.513341
vt -0.225242 0.784965
vt -0.121338 0.789063
vt 1.118442 -0.225242
vt 1.174539 -0.175339
vt 1.025508 0.865126
vt 0.928716 0.839104
vt 0.952432 0.784965
vt 1.191519 0.713787
vt 1.313719 0.858999
vt 1.416734 0.922796
vt 1.372282 0.851005
vt 1.042488 0.963906
vt 0.985602 0.901505
vt 1.288311 0.739809
vt 1.264595 0.793948
vt 1.432836 -0.155872
vt 1.485258 -0.043305
vt 1.498833 -0.121338
vt 1.157187 -0.155873
vt 1.042488 -0.175339
vt 1.098585 -0.225242
vt 0.225242 1.197566
vt 0.121338 1.176340
vt 0.175339 1.239483
vt -0.155872 0.858232
vt -0.175339 0.739809
vt -0.121338 0.789850
vt 1.189709 -0.055630
vt 1.088107 -0.121338
vt -0.055630 0.893907
vt -0.043305 0.817621
vt 1.179830 1.069480
vt 1.089467 1.026116
vt 1.133918 1.097908
vt 1.189709 0.055630
vt 1.113423 -0.043305
vt 1.316852 0.043305
vt 0.043305 0.817621
vt 0.055630 0.893907
vt 1.088107 0.121338
vt 1.113423 0.043305
vt -0.055630 1.071439
vt -0.121338 1.176340
vt -0.043305 1.141299
vt 0.121338 0.789850
vt 0.155872 0.858232
vt 1.098585 0.225242
vt 1.157187 0.155873
vt 0.121338 0.968544
vt 0.175339 0.739809
vt 0.225242 0.793948
vt 1.098585 0.945287
vt -0.175339 1.026116
vt -0.121338 0.968544
vt 1.415397 -0.055630
vt 1.485258 0.043305
vt 1.313719 -0.225242
vt 1.372282 -0.175339
vt 1.122727 0.977256
vt 1.089467 1.026116
vt 1.370822 0.951223
vt 1.464259 1.116417
vt 1.553797 1.198056
vt 1.523294 1.119319
vt 1.178369 1.169699
vt 0.055630 1.071439
vt 0.043305 1.141299
vt 1.461185 0.994587
vt 1.427924 1.043447
vt 1.548951 -0.155873
vt 1.603084 -0.043305
vt 1.609989 -0.121338
vt 1.236932 -0.225242
vt 1.214016 -0.121338
vt 1.178369 -0.175339
vt 0.225242 1.438390
vt 0.121338 1.405374
vt -0.175339 0.994587
vt -0.121338 1.052159
vt 1.282725 -0.155872
vt -0.055630 1.158448
vt 0.250000 1.298712
vt 0.194611 1.318219
vt 1.308138 0.055630
vt 1.233799 -0.043305
vt 1.415397 0.055630
vt 0.055630 1.158448
vt 1.214016 0.121338
vt 1.233799 0.043305
vt -0.055630 1.305433
vt -0.121338 1.405374
vt -0.043305 1.368436
vt 0.155872 1.117405
vt 0.121338 1.052159
vt -0.596000 0.054000
vt 1.282725 0.155873
vt 0.155873 1.116453
vt 0.175339 0.994587
vt 0.225242 1.043447
vt 1.236932 1.161704
vt -0.225242 1.197566
vt -0.155873 1.116453
vt 1.540081 -0.055630
vt 1.603084 0.043305
vt 1.464259 -0.225242
vt 1.523294 -0.175339
vt -0.175339 1.239483
vt 1.503443 1.217563
vt 1.584867 1.503737
vt 1.622432 1.410814
vt 1.564935 1.397113
vt 1.293973 1.298712
vt 1.274123 1.396956
vt 1.243620 1.318219
vt 0.055630 1.305433
vt 0.043305 1.368436
vt -0.250000 1.217563
vt -0.175339 1.276793
vt -0.225242 1.318709
vt 1.333158 -0.225242
vt 1.298584 -0.121338
vt 1.274123 -0.175339
vt -0.450000 0.054000
vt -0.396000 0.546000
vt -0.450000 0.546000
vt -0.121338 1.339935
vt -0.155872 1.399822
vt 1.382020 -0.055630
vt 1.364581 -0.155872
vt -0.055630 1.444836
vt -0.043305 1.374976
vt 0.250000 1.545015
vt 0.194611 1.554937
vt 1.382020 0.055630
vt 1.312159 -0.043305
vt 1.548951 0.155873
vt 1.540081 0.055630
vt 0.043305 1.374976
vt 0.055630 1.444836
vt 1.312159 0.043305
vt 0.155872 1.399822
vt 0.121338 1.339935
vt 1.333158 0.225242
vt 1.298584 0.121338
vt 0.155873 1.352885
vt 0.225242 1.318709
vt 0.175339 1.276793
vt 1.333158 1.399858
vt 0.250000 1.217563
vt -0.225242 1.438390
vt -0.155872 1.352885
vt -0.225242 1.397113
vt -0.121338 1.344252
vt -0.175339 1.410814
vt 0.450000 0.546000
vt 0.396000 0.546000
vt -0.250000 1.545015
vt 1.637947 1.493814
vt 1.364053 1.545015
vt 1.326488 1.637938
vt 1.310972 1.554937
vt -0.250000 1.503737
vt -0.175339 1.576815
vt -0.225242 1.610361
vt 0.596000 0.054000
vt -0.121338 1.704499
vt -0.175339 1.637938
vt -0.155872 1.695867
vt -0.121338 1.643377
vt 0.450000 0.054000
vt 1.399968 -0.155872
vt 1.345835 -0.043305
vt 1.338930 -0.121338
vt -0.055631 1.743319
vt -0.043305 1.680316
vt 1.408838 -0.055630
vt 1.345835 0.043305
vt 0.043305 1.680316
vt 0.055631 1.743319
vt 1.399968 0.155872
vt 1.408838 0.055630
vt 0.121338 1.643377
vt 0.155872 1.695867
vt 0.155872 1.737144
vt 0.175339 1.637938
vt 0.121338 1.704499
vt 0.175339 1.576815
vt 0.225242 1.610361
vt 1.383984 1.651638
vt 0.194611 1.493814
vt 0.250000 1.503737
vt 0.596000 0.546000
vt 0.043305 1.610268
vt 1.612320 1.800000
vt 1.387680 1.691529
vt 1.387680 1.800000
vt 1.612320 1.908471
vt 1.387680 1.908471
vt -0.043305 1.610268
vt 1.612320 1.691529
vt 1.387680 1.604542
vt 1.612320 0.155872
vt 1.387680 0.155872
vt 1.387680 -0.155872
vt 1.612320 1.604542
vt 1.387680 1.995458
vt 1.387680 -0.155872
vt 1.387680 -0.055630
vt 1.387680 0.055630
vt 1.387680 0.155872
vt 1.612320 1.995458
vt 1.344121 2.161609
vt 1.604798 1.989639
vt 1.399968 1.862856
vt 1.629652 0.055630
vt 1.629652 -0.055630
vt 1.620782 1.904133
vt 1.328137 2.247115
vt 1.548952 -0.155873
vt 1.319267 -0.055630
vt 1.328137 -0.155872
vt 1.319267 0.055630
vt 1.328137 0.155872
vt 0.043305 2.104861
vt 1.542627 2.281291
vt 1.254789 2.402434
vt 0.043305 2.578864
vt 1.574051 2.200178
vt 1.364581 2.119029
vt 1.574051 0.155872
vt 1.591490 0.055630
vt 1.591490 -0.055630
vt 1.223366 2.483547
vt 1.223366 -0.155872
vt 1.205927 -0.055630
vt 1.205927 0.055630
vt 1.223366 0.155873
vt 1.432836 2.564696
vt 1.223366 2.483547
vt 0.043305 2.340779
vt 0.194611 2.677204
vt -0.043305 2.838518
vt 1.473717 2.482595
vt 1.282725 2.364338
vt 1.473717 0.155872
vt 1.499130 0.055630
vt 1.499130 -0.055630
vt 1.473717 2.482595
vt 1.076934 2.696701
vt 1.076934 -0.155872
vt 1.051521 -0.055630
vt 1.051521 0.055630
vt 1.076934 0.155872
vt 1.267926 2.814959
vt -0.121338 2.586052
vt 0.194611 2.922592
vt -0.043305 3.062806
vt 1.157187 2.590429
vt 1.323198 0.155872
vt 1.355720 0.055630
vt 1.323198 -0.155872
vt 1.157187 2.590429
vt 1.059839 3.030658
vt 0.893829 2.879319
vt 0.861307 -0.055630
vt 0.893829 -0.155872
vt 0.861307 0.055630
vt 0.893829 0.155872
vt 0.682301 -0.121338
vt 0.736338 0.175339
vt 1.155591 -0.043305
vt 1.004182 0.194611
vt 0.992243 2.789603
vt 0.055630 2.760512
vt 0.155873 2.789603
vt -0.055630 2.760512
vt -0.155873 2.789603
vt 1.127618 2.968869
vt 0.815661 3.204448
vt 0.680286 3.025182
vt -0.155873 3.204448
vt -0.055630 3.233540
vt 0.055630 3.233540
vt 0.815661 3.204448
vt 0.458270 -0.121338
vt 0.518886 0.175339
vt 0.715642 2.993851
vt 0.912584 -0.043305
vt 0.793509 2.955078
vt 0.055630 2.933560
vt 0.155872 2.955078
vt -0.055630 2.933560
vt -0.155872 2.955078
vt 0.893639 3.156166
vt 0.621574 3.291639
vt 0.543706 3.330413
vt 0.443576 3.129324
vt -0.155872 3.330413
vt -0.055630 3.351930
vt 0.055630 3.351930
vt 0.543706 3.330413
vt 0.443576 3.129324
vt 0.218634 -0.121338
vt 0.283764 0.175339
vt 0.484087 3.105022
vt 0.336902 3.380455
vt 0.638499 -0.043305
vt 0.629229 3.297281
vt 0.567753 3.081217
vt 0.155872 3.081217
vt 0.055630 3.068006
vt -0.055630 3.068006
vt -0.155872 3.081217
vt 0.191760 3.188196
vt -0.055630 3.417470
vt 0.055630 3.417470
vt -0.028448 -0.121338
vt 0.128039 3.181761
vt 0.256774 3.395433
vt 0.236047 3.171752
vt 0.020031 3.191769
vt 0.148766 3.405442
vt 0.342671 -0.043305
vt 0.343390 3.387407
vt 0.322663 3.163726
vt 0.055630 3.159272
vt 0.155872 3.163726
vt -0.055630 3.159272
vt -0.155872 3.163726
vt 0.343390 3.387407
vt 0.236047 3.171752
vt 0.322663 3.163726
vt 0.020031 3.191769
vt 0.040758 3.415450
vt -0.066585 3.199795
vt -0.055630 3.427930
vt 0.055630 3.427930
vt 0.040758 3.415450
vt 0.065866 0.043305
vt -0.148766 3.405442
vt -0.020031 3.191769
vt -0.128039 3.181761
vt -0.256774 3.395433
vt -0.236047 3.171752
vt -0.342671 -0.043305
vt -0.040758 3.415450
vt 0.066585 3.199795
vt -0.040758 3.415450
vt -0.020031 3.191769
vt -0.236047 3.171752
vt -0.343390 3.387407
vt -0.322663 3.163726
vt -0.155872 3.163726
vt 0.155872 3.163726
vt -0.343390 3.387407
vt -0.322663 3.163726
vt -0.218634 -0.121338
vt -0.484087 3.105022
vt -0.638499 -0.043305
vt -0.336902 3.380455
vt -0.191760 3.188196
vt 0.055630 3.417470
vt -0.055630 3.417470
vt -0.629229 3.297281
vt -0.567753 3.081217
vt -0.155872 3.081217
vt -0.055630 3.068006
vt 0.055630 3.068006
vt 0.155872 3.081217
vt -0.424631 0.043305
vt -0.621574 3.291639
vt -0.715642 2.993851
vt -0.912583 -0.043305
vt -0.543706 3.330413
vt -0.443576 3.129324
vt 0.155872 3.330413
vt 0.055630 3.351930
vt -0.055630 3.351930
vt -0.543706 3.330413
vt -0.443576 3.129324
vt -0.793509 2.955078
vt -0.155872 2.955078
vt 0.155872 2.955078
vt -0.893639 3.156166
vt -0.682301 -0.121338
vt -1.004182 0.194611
vt -1.155591 -0.043305
vt -0.815661 3.204448
vt -0.680286 3.025182
vt 0.155873 3.204448
vt 0.055630 3.233540
vt -0.055630 3.233540
vt -0.815661 3.204448
vt -0.992243 2.789603
vt -0.055630 2.760512
vt -0.155873 2.789603
vt 0.055630 2.760512
vt 0.155873 2.789603
vt -1.127618 2.968869
vt -0.121338 2.586052
vt 0.175339 2.636094
vt -0.043305 3.062806
vt -1.059839 3.030658
vt -0.893829 2.879319
vt -0.861307 0.055630
vt -0.893829 0.155872
vt -0.861307 -0.055630
vt -0.893829 -0.155872
vt -1.157187 2.590429
vt -1.323198 -0.155872
vt -1.355720 -0.055630
vt -1.323198 0.155872
vt -1.157187 2.590429
vt -0.121338 2.372729
vt 0.175339 2.430301
vt -1.076934 2.696701
vt -1.076934 0.155872
vt -1.051521 0.055630
vt -1.051521 -0.055630
vt -1.076934 -0.155872
vt -1.267926 2.814959
vt -1.473717 2.482595
vt -1.282725 2.364338
vt -1.473717 -0.155872
vt -1.499130 -0.055630
vt -1.499130 0.055630
vt -1.473717 2.482595
vt -0.121338 2.139902
vt 0.175339 2.203044
vt -1.254789 2.402434
vt -1.542627 2.281291
vt -0.043305 2.578864
vt -1.432836 2.564696
vt -1.223366 2.483547
vt -1.205927 0.055630
vt -1.223366 0.155872
vt -1.205927 -0.055630
vt -1.223366 -0.155872
vt -1.364581 2.119029
vt -1.574051 -0.155872
vt -1.591489 -0.055630
vt -1.591489 0.055630
vt -1.364581 2.119029
vt 0.175339 1.962062
vt -1.344121 2.161609
vt -0.043305 2.292687
vt -1.328137 2.247115
vt -1.548952 0.155873
vt -1.319267 0.055630
vt -1.328137 0.155872
vt -1.319267 -0.055630
vt -1.328137 -0.155872
vt -1.620782 1.904133
vt -1.399968 1.862856
vt -1.629652 -0.055630
vt -1.629652 0.055630
vt -1.399968 0.155872
vt -1.612320 1.800000
vt -1.387680 1.908471
vt -1.387680 1.800000
vt -1.612320 1.691529
vt -1.387680 1.691529
vt -1.612320 1.908471
vt -1.387680 1.995458
vt -1.612320 0.155872
vt -1.387680 0.055630
vt -1.387680 0.155872
vt -1.387680 -0.055630
vt -1.387680 -0.155872
vt -1.612320 1.995458
vt -1.387680 1.995458
vt -1.387680 1.604542
vt -1.612320 -0.155872
vt -1.387680 -0.155872
vt -1.387680 0.155872
vt -1.612320 1.604542
vt -1.344121 1.438390
vt 0.194611 1.493815
vt -0.043305 1.307313
vt -1.620782 1.695867
vt -1.399968 1.737144
vt -1.620782 0.155873
vt -1.629652 -0.055630
vt -1.399968 -0.155872
vt -1.620782 1.695867
vt -1.399968 1.737144
vt -1.344121 1.438390
vt -1.328137 1.352885
vt -1.548952 1.311607
vt 0.043305 1.495139
vt -1.542627 1.318709
vt -1.254789 1.197566
vt -0.043305 1.021136
vt -1.364581 1.480971
vt -1.574051 0.155872
vt -1.574051 1.399822
vt -1.254789 1.197566
vt -1.223366 1.116453
vt -1.205927 -0.055630
vt -1.223366 -0.155872
vt -1.205927 0.055630
vt -1.223366 0.155872
vt -1.432836 1.035304
vt -0.121338 1.227271
vt 0.175339 1.026117
vt 0.194611 0.922796
vt -0.043305 0.761482
vt -1.473717 1.117405
vt -1.282725 1.235662
vt -1.473717 0.155872
vt -1.473717 -0.155872
vt -1.282725 1.235662
vt -1.267926 0.785042
vt -1.076934 0.903299
vt -1.267926 0.785041
vt 0.043305 1.041719
vt -1.098585 0.945287
vt 0.194611 0.677408
vt -0.043305 0.537194
vt -1.157187 1.009571
vt -1.323198 0.155872
vt -1.355720 -0.055630
vt -1.323198 0.858232
vt -1.157187 1.009571
vt -0.893829 0.720681
vt -0.861307 -0.055630
vt -0.893829 -0.155872
vt -0.861307 0.055630
vt -0.893829 0.155872
vt -1.059839 0.569342
vt -0.682301 -0.121338
vt -0.736338 0.175339
vt -1.004182 0.194611
vt -1.127618 0.631131
vt -0.992243 0.810397
vt 0.055630 0.839489
vt 0.155872 0.810397
vt -0.055630 0.839489
vt -0.155872 0.810397
vt -1.127618 0.631131
vt -0.992243 0.810397
vt -0.680286 0.574817
vt -0.155872 0.395552
vt -0.055630 0.366460
vt 0.055630 0.366460
vt -0.458271 -0.121338
vt -0.518886 0.175339
vt -0.715642 0.606149
vt -0.618542 0.557799
vt -0.621573 0.308361
vt -0.912584 -0.043305
vt -0.893639 0.443834
vt -0.793509 0.644923
vt 0.055630 0.666440
vt 0.155872 0.644923
vt -0.055630 0.666440
vt -0.155872 0.644923
vt -0.443576 0.470676
vt -0.155872 0.269588
vt -0.055630 0.248070
vt 0.155872 0.269588
vt -0.218634 -0.121338
vt -0.283764 0.175339
vt -0.484087 0.494978
vt -0.638499 -0.043305
vt -0.629229 0.302719
vt -0.567753 0.518783
vt 0.055630 0.531994
vt 0.155872 0.518783
vt -0.055630 0.531994
vt -0.155872 0.518783
vt -0.629228 0.302719
vt -0.484087 0.494978
vt -0.567753 0.518783
vt -0.336902 0.219545
vt -0.191760 0.411804
vt -0.055630 0.182529
vt 0.055630 0.182529
vt -0.191760 0.411804
vt 0.028448 -0.121338
vt -0.128039 0.418239
vt -0.256774 0.204567
vt -0.236047 0.428248
vt -0.020031 0.408231
vt -0.148766 0.194558
vt -0.342671 -0.043305
vt -0.322663 0.436274
vt 0.155872 0.436274
vt 0.055630 0.440728
vt -0.055630 0.440728
vt -0.155872 0.436274
vt -0.322663 0.436274
vt -0.040758 0.184550
vt -0.020031 0.408231
vt 0.066585 0.400205
vt -0.155872 0.176524
vt -0.055630 0.172070
vt 0.055630 0.172070
vt 0.045858 0.176524
vt 0.066585 0.400205
vt 0.148766 0.194558
vt 0.020031 0.408231
vt 0.128039 0.418239
vt 0.236047 0.428248
vt 0.342671 -0.043305
vt 0.040758 0.184550
vt -0.066585 0.400205
vt 0.155872 0.176524
vt 0.055630 0.172070
vt -0.055630 0.172070
vt -0.066585 0.400205
vt 0.020031 0.408231
vt 0.256774 0.204567
vt 0.322663 0.436274
vt -0.055630 0.440728
vt -0.155872 0.436274
vt 0.055630 0.440728
vt 0.155872 0.436274
vt 0.182490 0.043305
vt 0.545562 0.278914
vt 0.484087 0.494978
vt 0.456010 0.194611
vt 0.638499 -0.043305
vt 0.253236 0.195740
vt 0.191760 0.411804
vt 0.155872 0.195740
vt 0.055630 0.182529
vt -0.155872 0.195740
vt 0.253236 0.195740
vt 0.191760 0.411804
vt 0.379757 0.465293
vt 0.484087 0.494978
vt 0.567753 0.518783
vt -0.155872 0.518783
vt -0.055630 0.531994
vt 0.055630 0.531994
vt 0.155872 0.518783
vt 0.629229 0.302719
vt 0.458271 -0.121338
vt 0.621573 0.308361
vt 0.715642 0.606149
vt 0.742743 0.194611
vt 0.912584 -0.043305
vt 0.443576 0.470676
vt 0.055630 0.248070
vt 0.618542 0.557799
vt 0.893639 0.443834
vt 0.793509 0.644923
vt -0.055630 0.666440
vt 0.055630 0.666440
vt 0.652313 0.043305
vt 1.004182 0.194611
vt 1.155591 -0.043305
vt 0.680286 0.574817
vt 0.155872 0.395552
vt 1.127618 0.631131
vt 0.992243 0.810397
vt -0.155872 0.810397
vt 0.155872 0.810397
vt 1.127618 0.631131
vt 0.992243 0.810397
vt -0.121338 1.013948
vt 0.175339 0.963906
vt 0.952432 0.784965
vt -0.043305 0.537194
vt 0.893829 0.720681
vt 0.893829 0.155872
vt 0.861307 0.055630
vt 0.861307 -0.055630
vt 0.893829 -0.155873
vt 0.893829 0.720681
vt 1.098585 0.945287
vt 1.323198 0.858232
vt 1.157187 1.009571
vt 1.355720 -0.055630
vt 1.323198 0.155872
vt 1.157187 1.009571
vt -0.121338 1.227271
vt 0.175339 1.169699
vt -0.043305 0.761482
vt 1.267926 0.785041
vt 1.076934 0.903299
vt 1.076934 0.155872
vt 1.076934 -0.155872
vt 1.473717 1.117405
vt 1.282725 1.235662
vt 1.473717 -0.155872
vt 1.473717 0.155872
vt 1.282725 1.235662
vt -0.121338 1.460098
vt 0.175339 1.396956
vt 1.503443 1.217563
vt 1.254789 1.197566
vt 1.223366 1.116453
vt 1.205927 0.055630
vt 1.223366 0.155873
vt 1.205927 -0.055630
vt 1.223366 -0.155873
vt 1.542627 1.318709
vt 1.574051 1.399822
vt 1.364581 1.480971
vt 1.591489 -0.055630
vt 1.591489 0.055630
vt 1.344121 1.438390
vt -0.043305 1.307313
vt 1.548951 1.311607
vt 1.328137 1.352885
vt 1.328137 0.155873
vt 1.319267 0.055630
vt 1.319267 -0.055630
vt 1.328137 -0.155872
vt 1.344121 1.438390
vt 1.620782 1.695867
vt 1.399968 1.737144
vt 1.620782 -0.155872
vt 1.629653 0.055631
vt 1.620782 0.155872
vt 1.399968 1.737144
vt -0.596000 0.546000
vt 0.225242 2.556553
vt 1.338930 -0.121338
vt 1.333680 -0.043305
vt 0.225242 3.021291
vt 0.155872 1.862856
vt 1.666320 0.043305
vt 1.666320 -0.043305
vt -0.225242 1.948362
vt 0.194611 2.401944
vt -0.175339 2.189186
vt 1.274123 2.203044
vt 0.155872 2.288393
vt 0.250000 2.054986
vt 0.175339 3.253991
vt 0.194611 2.281781
vt 1.178369 -0.175339
vt 1.042488 2.636094
vt 1.042488 -0.175339
vt 1.174539 -0.175339
vt 1.174539 2.984993
vt 0.922826 -0.225242
vt 0.742742 3.291628
vt 0.936798 -0.175339
vt 0.885078 3.152027
vt 0.618542 -0.250000
vt 0.518886 3.031499
vt 0.718673 -0.250000
vt 0.379757 -0.250000
vt 0.545562 3.321086
vt 0.283764 3.105875
vt 0.028448 0.121338
vt 0.121338 3.445173
vt 0.364979 3.082768
vt 0.305253 -0.121338
vt -0.936798 0.175339
vt -1.174539 0.175339
vt -0.441232 0.250000
vt -0.121338 3.445173
vt -0.283764 3.105875
vt -0.305253 0.121338
vt -0.364979 3.082768
vt -0.718673 0.250000
vt -0.518886 3.031499
vt -0.545562 3.321086
vt -1.464259 0.225242
vt -0.742742 3.291628
vt -0.175339 3.253991
vt -0.618542 0.250000
vt 0.175339 2.189186
vt -0.885078 3.152027
vt -0.225242 3.021291
vt -0.922826 0.225242
vt -1.174539 2.984993
vt -1.042488 2.636094
vt -1.042488 0.175339
vt -1.553797 2.401944
vt -0.225242 2.556553
vt -1.178369 0.175339
vt -0.250000 2.301288
vt -0.194611 2.401944
vt -1.243620 2.281781
vt -1.666320 0.043305
vt -0.155872 2.288393
vt -0.194611 2.045063
vt 0.175339 0.994587
vt -0.155872 1.862856
vt 0.155872 1.737144
vt -1.310972 2.045063
vt 0.175339 0.739809
vt -1.326487 1.637938
vt -1.333680 0.043305
vt -1.666320 -0.043305
vt -0.175339 1.637938
vt 0.250000 1.217563
vt -0.225242 1.397113
vt -1.609989 -0.121338
vt 0.155872 1.311607
vt 0.194611 1.554937
vt -1.564935 1.397113
vt -1.274123 -0.175339
vt 0.175339 0.346009
vt -1.523294 -0.175339
vt -1.464259 1.116417
vt -1.178369 -0.175339
vt 0.175339 0.220399
vt -1.372282 -0.175339
vt -1.098585 -0.225242
vt -1.288311 0.739809
vt -1.174539 -0.175339
vt 0.225242 0.784965
vt -0.936798 -0.175339
vt -0.594473 -0.194611
vt -0.818329 0.346009
vt -0.742743 -0.194611
vt 0.225242 0.509450
vt -0.379757 -0.250000
vt -0.028448 0.121338
vt 0.121338 0.154828
vt -0.121338 0.457970
vt 0.225242 0.435609
vt -0.364979 0.517232
vt -0.305253 -0.121338
vt 0.936798 0.175339
vt 1.174539 0.175339
vt -0.121338 0.154827
vt 0.343390 0.155872
vt -0.175339 0.494124
vt 1.313719 0.225242
vt -0.175339 0.220399
vt 0.379757 0.250000
vt -0.225242 0.509450
vt 1.523294 0.175339
vt -0.175339 0.346009
vt 0.594473 0.194611
vt 0.818329 0.346009
vt 0.175339 1.410814
vt -0.175339 0.839104
vt -0.225242 0.793948
vt 1.042488 0.175339
vt 1.288311 0.739809
vt -0.225242 0.977256
vt 1.372282 0.851004
vt -0.225242 1.043447
vt 1.178369 0.175339
vt 1.609989 0.121338
vt 1.274123 0.175339
vt -0.155873 1.311607
vt -0.194611 1.554937
vt 1.564935 1.397113
vt -0.194611 1.493814
vt -0.155872 1.737144
vt 1.338930 0.121338
vt 1.612320 -0.155872
vt 0.043305 1.858562
vt -0.043305 1.858562
vt 0.043305 2.292687
vt 1.620782 1.904133
vt 1.620782 0.155872
vt 1.620782 -0.155873
vt 1.548952 2.288393
vt 1.548952 2.288393
vt -0.121338 2.139902
vt -0.175339 2.203044
vt 0.121338 2.139902
vt -0.043305 2.104861
vt -0.121338 2.543823
vt -0.175339 2.480681
vt 0.175339 2.480681
vt 0.121338 2.543823
vt -0.043305 2.578864
vt 1.574051 -0.155873
vt 1.432836 2.564696
vt -0.175339 2.430301
vt -0.194611 2.502092
vt 0.194611 2.502092
vt 0.121338 2.372729
vt -0.043305 2.340779
vt -0.175339 2.748995
vt -0.194611 2.677204
vt 0.175339 2.748995
vt 0.121338 2.806568
vt 0.043305 2.838518
vt -0.121338 2.806568
vt 1.473717 -0.155873
vt 0.121338 2.586052
vt 0.043305 2.558281
vt -0.043305 2.558281
vt -0.175339 2.636094
vt -0.194611 2.698494
vt 0.194611 2.698494
vt -0.175339 2.984993
vt -0.194611 2.922592
vt 0.175339 2.984993
vt 0.121338 3.035035
vt 0.043305 3.062806
vt -0.121338 3.035035
vt 1.323198 2.741767
vt 1.355720 -0.055630
vt 0.803722 -0.194611
vt 0.736338 -0.175339
vt 0.652313 -0.043305
vt 0.682301 0.121338
vt 0.803722 0.194611
vt 1.004182 -0.194611
vt 1.071565 -0.175339
vt 1.125603 -0.121338
vt 1.155591 0.043305
vt 1.125603 0.121338
vt 1.071565 0.175339
vt 0.155873 3.204448
vt 0.518886 -0.175339
vt 0.424631 -0.043305
vt 0.424631 0.043305
vt 0.458270 0.121338
vt 0.621573 3.291639
vt 0.818329 -0.175339
vt 0.878945 -0.121338
vt 0.912583 0.043305
vt 0.878945 0.121338
vt 0.818329 0.175339
vt 0.155872 3.330413
vt 0.283764 -0.175339
vt 0.182490 -0.043305
vt 0.182490 0.043305
vt 0.218634 0.121338
vt 0.537225 -0.175339
vt 0.602355 -0.121338
vt 0.638499 0.043305
vt 0.602355 0.121338
vt 0.537225 0.175339
vt 0.253236 3.404260
vt -0.155872 3.404260
vt 0.155872 3.404260
vt 0.253236 3.404260
vt -0.065866 -0.043305
vt -0.065866 0.043305
vt 0.342671 0.043305
vt -0.045858 3.423476
vt -0.155872 3.423476
vt 0.155872 3.423476
vt 0.065866 -0.043305
vt -0.342671 0.043305
vt 0.045858 3.423476
vt -0.283764 0.175339
vt -0.218634 0.121338
vt -0.182490 0.043305
vt -0.182490 -0.043305
vt -0.283764 -0.175339
vt -0.537225 -0.175339
vt -0.537225 0.175339
vt -0.602355 0.121338
vt -0.638499 0.043305
vt -0.602355 -0.121338
vt -0.253236 3.404260
vt 0.155872 3.404260
vt -0.155872 3.404260
vt -0.253236 3.404260
vt -0.458270 -0.121338
vt -0.518886 -0.175339
vt -0.518886 0.175339
vt -0.458270 0.121338
vt -0.424631 -0.043305
vt -0.818329 -0.175339
vt -0.818329 0.175339
vt -0.878945 0.121338
vt -0.912584 0.043305
vt -0.878945 -0.121338
vt -0.155872 3.330413
vt -0.621573 3.291639
vt -0.736338 0.175339
vt -0.682301 0.121338
vt -0.652313 0.043305
vt -0.652313 -0.043305
vt -0.736338 -0.175339
vt -0.803722 -0.194611
vt -0.803722 0.194611
vt -1.071565 -0.175339
vt -1.004182 -0.194611
vt -1.071565 0.175339
vt -1.125603 0.121338
vt -1.155591 0.043305
vt -1.125603 -0.121338
vt -0.155873 3.204448
vt -0.043305 2.558281
vt 0.043305 2.558281
vt 0.121338 2.586052
vt 0.043305 3.062806
vt -1.323198 2.741767
vt -1.355720 0.055630
vt -1.473717 0.155873
vt -0.043305 2.104861
vt 0.043305 2.104861
vt 0.121338 2.139902
vt -0.121338 2.543823
vt 0.043305 2.578864
vt 0.121338 2.543823
vt -1.574051 2.200178
vt -1.574051 0.155872
vt -0.043305 1.858562
vt 0.043305 1.858562
vt -1.604798 1.989639
vt -1.548952 2.288393
vt -1.548952 2.288393
vt -1.620782 -0.155873
vt -1.620782 0.155872
vt 0.043305 1.741438
vt -0.043305 1.741438
vt -1.604798 1.610361
vt 0.043305 1.307313
vt -1.629652 0.055630
vt -1.620782 -0.155872
vt -1.548952 1.311607
vt -0.175339 1.396956
vt 0.175339 1.396956
vt 0.121338 1.460098
vt -0.043305 1.495139
vt -0.175339 1.119319
vt 0.175339 1.119319
vt 0.121338 1.056177
vt 0.043305 1.021136
vt -0.121338 1.056177
vt -1.574051 1.399822
vt -1.574051 -0.155872
vt -1.432836 1.035304
vt 0.175339 1.169699
vt 0.121338 1.227271
vt 0.043305 1.259221
vt -0.043305 1.259221
vt -0.175339 1.169699
vt -0.194611 1.097908
vt 0.194611 1.097908
vt -0.175339 0.851005
vt -0.194611 0.922796
vt 0.175339 0.851005
vt 0.121338 0.793432
vt 0.043305 0.761482
vt -0.121338 0.793432
vt -1.499130 -0.055630
vt -0.121338 1.013948
vt -0.175339 0.963906
vt -0.194611 0.901505
vt 0.194611 0.901505
vt 0.121338 1.013948
vt -0.043305 1.041719
vt -0.175339 0.615007
vt -0.194611 0.677408
vt 0.175339 0.615007
vt 0.121338 0.564965
vt 0.043305 0.537194
vt -0.121338 0.564965
vt -1.323198 0.858232
vt -1.355720 0.055630
vt -1.323198 -0.155872
vt -0.803722 -0.194611
vt -0.736338 -0.175339
vt -0.652313 0.043305
vt -0.682301 0.121338
vt -0.803722 0.194611
vt -1.004182 -0.194611
vt -1.071565 -0.175339
vt -1.125603 -0.121338
vt -1.155591 0.043305
vt -1.125603 0.121338
vt -1.071565 0.175339
vt -0.815661 0.395552
vt 0.155872 0.395551
vt -0.815661 0.395551
vt -0.518886 -0.175339
vt -0.424631 -0.043305
vt -0.424631 0.043305
vt -0.458271 0.121338
vt -0.818329 -0.175339
vt -0.878945 -0.121338
vt -0.912584 0.043305
vt -0.878945 0.121338
vt -0.818329 0.175339
vt -0.543706 0.269588
vt 0.055630 0.248070
vt -0.283764 -0.175339
vt -0.182490 -0.043305
vt -0.182490 0.043305
vt -0.218634 0.121338
vt -0.537225 -0.175339
vt -0.602355 -0.121338
vt -0.638499 0.043305
vt -0.602355 0.121338
vt -0.537225 0.175339
vt -0.253236 0.195740
vt -0.155872 0.195740
vt 0.155872 0.195740
vt -0.253236 0.195740
vt 0.065866 -0.043305
vt 0.065866 0.043305
vt -0.040758 0.184550
vt -0.342671 0.043305
vt -0.343390 0.212593
vt -0.343390 0.212593
vt 0.045858 0.176524
vt 0.155872 0.176524
vt -0.065866 0.043305
vt -0.065866 -0.043305
vt 0.342671 0.043305
vt -0.045858 0.176524
vt -0.155872 0.176524
vt -0.045858 0.176524
vt 0.343390 0.212593
vt 0.343390 0.212593
vt 0.218634 -0.121338
vt 0.283764 -0.175339
vt 0.283764 0.175339
vt 0.218634 0.121338
vt 0.182490 -0.043305
vt 0.336902 0.219545
vt 0.537225 -0.175339
vt 0.537225 0.175339
vt 0.602355 0.121338
vt 0.638499 0.043305
vt 0.602355 -0.121338
vt -0.055630 0.182529
vt 0.629229 0.302719
vt 0.518886 0.175339
vt 0.458271 0.121338
vt 0.424631 0.043305
vt 0.424631 -0.043305
vt 0.518886 -0.175339
vt 0.818329 -0.175339
vt 0.818329 0.175339
vt 0.878945 0.121338
vt 0.912584 0.043305
vt 0.878945 -0.121338
vt 0.543706 0.269588
vt -0.055630 0.248070
vt 0.682301 -0.121338
vt 0.736338 -0.175339
vt 0.803722 -0.194611
vt 0.803722 0.194611
vt 0.736338 0.175339
vt 0.682301 0.121338
vt 0.652313 -0.043305
vt 1.071565 -0.175339
vt 1.004182 -0.194611
vt 1.071565 0.175339
vt 1.125603 0.121338
vt 1.125603 -0.121338
vt 0.815661 0.395552
vt -0.155872 0.395551
vt 0.815661 0.395551
vt -0.194611 0.901505
vt -0.043305 1.041719
vt 0.043305 1.041719
vt 0.121338 1.013948
vt -0.194611 0.677408
vt -0.121338 0.564965
vt 0.043305 0.537194
vt 0.121338 0.564965
vt 1.059839 0.569342
vt 1.355720 0.055630
vt -0.175339 1.169699
vt 0.121338 1.227271
vt -0.175339 0.851004
vt -0.121338 0.793432
vt 0.043305 0.761482
vt 0.121338 0.793432
vt 0.175339 0.851005
vt 1.267926 0.785041
vt 1.499130 0.055630
vt -0.175339 1.396956
vt -0.175339 1.119319
vt 0.175339 1.119319
vt 1.432836 1.035304
vt 1.574051 -0.155872
vt 1.574051 0.155872
vt -0.043305 1.741438
vt 0.043305 1.741438
vt 1.604798 1.610361
vt 0.043305 1.307313
vt 1.629653 -0.055631
s 1
f 942/1/484 940/2/485 939/3/484
f 3764/4/777 3767/5/780 3848/6/793
f 932/7/480 943/8/486 944/9/486
f 3825/10/786 3826/11/787 3838/12/791
f 3765/13/778 3792/14/781 3766/15/779
f 944/9/486 954/16/491 955/17/491
f 928/18/477 926/19/478 925/20/477
f 935/21/482 933/22/481 936/23/481
f 930/7/479 937/8/483 929/24/479
f 947/25/488 945/16/487 948/17/487
f 3831/26/788 3837/27/790 3832/28/789
f 3721/29/774 3723/30/776 3820/31/785
f 948/17/487 937/8/483 938/9/483
f 3667/32/769 3666/33/768 3843/34/792
f 924/35/476 931/36/480 932/37/480
f 3813/38/782 3819/39/784 3814/40/783
f 952/41/489 950/42/490 949/43/489
f 956/25/1 954/16/491 953/44/1
f 959/45/493 957/46/492 960/47/492
f 3665/48/767 3668/49/770 3722/50/775
f 922/51/473 920/52/474 919/53/473
f 930/54/479 917/55/472 918/56/472
f 924/57/476 915/58/471 923/59/476
f 914/60/469 912/61/470 911/62/469
f 918/57/472 909/58/468 910/63/468
f 908/64/467 958/65/493 959/45/493
f 916/63/471 905/66/466 915/58/471
f 910/63/468 903/66/465 904/67/465
f 902/68/464 905/66/466 906/67/466
f 900/68/463 903/66/465 899/69/463
f 936/23/481 897/70/462 898/71/462
f 896/72/461 901/69/464 902/68/464
f 894/73/460 940/2/485 941/74/485
f 900/68/463 891/75/459 892/72/459
f 890/76/457 888/77/458 887/78/457
f 886/79/24 895/75/461 896/72/461
f 883/80/456 881/81/455 884/82/455
f 892/72/459 879/83/13 880/79/13
f 886/79/24 877/84/25 885/85/24
f 880/79/13 875/86/12 876/87/12
f 942/1/484 907/88/467 908/64/467
f 874/89/7 877/84/25 878/90/25
f 872/91/454 919/92/473 871/93/454
f 876/94/12 869/95/453 870/96/453
f 867/97/452 865/98/451 868/99/451
f 874/89/7 863/100/91 873/101/7
f 870/102/453 861/103/22 862/104/22
f 921/105/475 897/70/462 920/106/474
f 864/104/91 859/107/92 863/100/91
f 857/108/450 855/109/448 858/110/448
f 854/111/21 861/103/22 853/107/21
f 956/25/1 859/107/92 860/111/92
f 947/25/488 853/107/21 946/44/488
f 935/112/482 851/113/447 934/114/482
f 883/80/456 849/115/446 882/116/456
f 960/47/492 847/117/445 848/118/445
f 846/91/444 851/92/447 852/119/447
f 844/120/443 847/117/445 843/121/443
f 842/122/442 912/61/470 913/123/470
f 840/124/441 845/125/444 846/126/444
f 868/99/451 837/127/440 838/128/440
f 844/129/443 835/130/439 836/131/439
f 833/132/438 831/133/437 834/134/437
f 830/135/436 839/136/441 840/124/441
f 828/137/434 826/138/435 825/139/434
f 836/140/439 823/141/433 824/142/433
f 822/143/432 829/144/436 830/135/436
f 820/145/431 823/146/433 819/147/431
f 890/148/457 817/149/430 818/150/430
f 822/143/432 815/151/429 821/152/432
f 850/153/446 911/62/469 849/115/446
f 820/145/431 813/154/428 814/155/428
f 812/156/59 815/151/429 816/157/429
f 809/158/427 807/159/426 810/160/426
f 806/161/425 813/154/428 805/162/425
f 803/163/423 801/164/422 804/165/424
f 812/156/59 799/166/60 811/167/59
f 889/168/458 837/127/440 888/77/458
f 798/169/421 805/170/425 797/171/421
f 800/172/60 871/173/454 799/166/60
f 798/131/421 893/174/460 894/129/460
f 796/175/420 866/176/452 867/97/452
f 794/177/419 832/178/438 833/132/438
f 884/82/455 791/179/418 792/180/418
f 790/150/417 795/181/420 796/148/420
f 788/182/415 786/183/416 785/184/415
f 792/180/418 783/185/414 784/186/414
f 927/187/478 781/188/413 926/189/478
f 790/190/417 779/191/412 789/192/417
f 810/160/426 777/193/411 778/194/411
f 784/195/414 775/196/410 776/197/410
f 780/198/412 773/199/409 779/191/412
f 771/200/408 769/201/406 772/202/406
f 776/203/410 767/204/405 768/205/405
f 774/206/409 765/207/404 773/199/409
f 768/205/405 763/208/403 764/209/403
f 762/210/402 825/211/434 761/212/402
f 760/213/401 765/207/404 766/214/404
f 794/177/419 925/20/477 793/215/419
f 764/209/403 757/216/400 758/217/400
f 755/218/398 753/219/397 756/220/399
f 760/213/401 751/221/31 759/222/401
f 750/223/396 757/216/400 749/224/396
f 748/225/32 751/221/31 752/226/31
f 778/194/411 826/138/435 827/227/435
f 746/228/395 749/224/396 745/229/395
f 818/230/430 747/231/32 748/225/32
f 842/195/442 745/232/395 841/233/442
f 755/218/398 743/234/394 754/235/398
f 742/236/393 808/237/427 809/158/427
f 740/238/392 831/133/437 739/239/392
f 738/240/390 736/241/391 735/242/390
f 734/210/389 741/211/393 742/243/393
f 740/187/392 731/188/388 732/244/388
f 804/165/424 729/245/387 730/246/387
f 734/210/389 727/247/386 733/212/389
f 857/248/450 725/249/385 856/250/449
f 732/244/388 723/251/384 724/252/384
f 721/253/383 719/254/382 722/255/382
f 718/256/381 727/257/386 728/258/386
f 715/259/380 713/260/379 716/261/379
f 712/262/378 723/263/384 711/264/378
f 710/265/377 717/266/381 718/256/381
f 712/262/378 707/267/376 708/268/376
f 858/110/448 743/234/394 744/269/394
f 706/270/375 709/271/377 710/265/377
f 788/272/415 703/273/373 704/274/374
f 708/268/376 701/275/372 702/276/372
f 699/277/371 697/278/370 700/279/370
f 706/270/375 695/280/3 705/281/375
f 694/282/369 701/275/372 693/283/369
f 787/284/416 729/245/387 786/183/416
f 692/285/4 695/280/3 696/286/3
f 690/287/368 693/283/369 689/288/368
f 692/289/4 761/212/402 691/247/4
f 782/244/413 689/251/368 781/188/413
f 688/290/367 802/291/423 803/163/423
f 715/259/380 685/292/366 714/293/380
f 684/294/365 753/219/397 683/295/364
f 682/274/363 687/296/367 688/297/367
f 680/298/361 678/299/362 677/300/361
f 676/301/360 683/302/364 675/303/359
f 674/304/358 950/305/490 951/306/490
f 682/274/363 671/307/356 681/308/363
f 670/309/355 697/278/370 669/310/355
f 676/301/360 667/311/354 668/312/354
f 665/313/353 663/314/352 666/315/352
f 672/316/357 661/317/351 671/318/356
f 660/319/349 658/320/350 657/321/349
f 668/322/354 655/323/348 656/324/348
f 654/325/347 661/317/351 662/326/351
f 656/324/348 651/327/346 652/328/346
f 650/329/345 719/330/382 649/331/345
f 648/332/344 653/333/347 654/325/347
f 952/41/489 685/292/366 686/334/366
f 646/335/343 651/327/346 645/336/343
f 648/332/344 643/337/341 647/338/344
f 642/339/339 640/340/340 639/341/339
f 638/342/338 645/336/343 637/343/338
f 636/344/337 643/337/341 644/345/342
f 670/309/355 720/346/383 721/253/383
f 634/347/335 637/343/338 633/348/335
f 704/274/374 635/349/336 636/350/337
f 634/351/335 725/249/385 726/301/385
f 699/277/371 631/352/334 698/353/371
f 630/354/333 664/355/353 665/313/353
f 628/356/332 713/260/379 627/357/332
f 626/358/331 631/359/334 632/360/334
f 624/361/329 622/362/330 621/363/329
f 620/364/328 627/305/332 619/365/328
f 618/366/327 770/367/407 771/368/408
f 626/358/331 615/369/326 625/331/331
f 642/339/339 613/370/325 614/371/325
f 620/364/328 611/372/324 612/373/324
f 610/374/322 608/375/323 607/376/322
f 606/377/321 615/378/326 616/379/326
f 604/380/319 602/381/320 601/382/319
f 612/383/324 599/384/318 600/385/318
f 598/386/317 605/387/321 606/377/321
f 600/385/318 595/388/316 596/389/316
f 660/319/349 593/390/315 594/391/315
f 592/392/314 597/393/317 598/386/317
f 630/354/333 769/201/406 629/394/333
f 596/389/316 589/395/313 590/396/313
f 592/392/314 587/397/312 591/398/314
f 585/399/311 583/400/309 586/401/309
f 582/402/308 589/395/313 581/403/308
f 588/404/312 579/405/307 587/397/312
f 614/371/325 658/320/350 659/406/350
f 582/402/308 577/407/306 578/408/306
f 650/329/345 579/369/307 580/409/307
f 674/304/358 577/410/306 673/365/358
f 576/411/305 640/340/340 641/412/340
f 609/413/323 573/414/304 608/375/323
f 666/315/352 571/415/303 572/416/303
f 576/411/305 569/417/302 575/418/305
f 567/419/300 565/420/299 568/421/301
f 564/366/298 571/422/303 563/423/298
f 737/424/391 561/425/297 736/426/391
f 560/427/296 569/428/302 570/429/302
f 558/430/295 583/400/309 557/431/295
f 556/432/294 563/433/298 555/434/294
f 554/435/292 552/436/293 551/437/292
f 550/438/291 559/439/296 560/440/296
f 548/441/289 546/442/290 545/443/289
f 544/444/288 555/434/294 543/445/288
f 542/446/287 549/447/291 550/438/291
f 544/444/288 539/448/286 540/449/286
f 604/380/319 537/450/284 538/451/285
f 536/452/283 541/453/287 542/446/287
f 738/240/390 573/414/304 574/454/304
f 534/455/282 539/448/286 533/456/282
f 532/457/281 535/458/283 536/452/283
f 530/459/279 528/460/280 527/461/279
f 526/462/278 533/456/282 525/463/278
f 532/457/281 523/464/277 531/465/281
f 603/466/320 557/431/295 602/381/320
f 526/462/278 521/467/276 522/468/276
f 524/469/277 593/428/315 523/470/277
f 618/471/327 521/467/276 617/472/327
f 520/473/275 584/474/310 585/399/311
f 553/475/293 517/476/274 552/436/293
f 610/374/322 515/477/273 516/478/273
f 520/473/275 513/479/272 519/480/275
f 512/481/270 510/482/271 509/483/270
f 508/484/269 515/426/273 507/485/268
f 506/486/267 678/299/362 679/487/362
f 504/488/266 513/489/272 514/490/272
f 530/459/279 501/491/265 502/492/265
f 500/493/264 507/494/268 499/495/264
f 498/496/262 496/497/263 495/498/262
f 494/499/261 503/500/266 504/501/266
f 491/502/260 489/503/259 492/504/259
f 500/493/264 487/505/257 488/506/258
f 486/507/256 493/508/261 494/499/261
f 484/509/255 487/505/257 483/510/255
f 548/441/289 481/511/254 482/512/254
f 480/513/253 485/514/256 486/507/256
f 680/515/361 517/476/274 518/516/274
f 484/509/255 477/517/252 478/518/252
f 480/513/253 475/519/251 479/520/253
f 474/521/249 472/522/250 471/523/249
f 478/518/252 469/524/248 470/525/248
f 468/526/247 475/519/251 476/527/251
f 547/528/290 501/491/265 546/442/290
f 466/529/246 469/524/248 465/530/246
f 538/490/285 467/531/247 468/488/247
f 466/529/246 561/532/297 562/533/297
f 464/534/245 528/460/280 529/535/280
f 462/536/244 496/497/263 497/537/263
f 554/538/292 459/539/243 460/540/243
f 458/541/242 463/542/245 464/534/245
f 455/543/241 453/544/240 456/545/240
f 452/546/239 459/539/243 451/547/239
f 623/548/330 449/549/238 622/362/330
f 448/550/237 457/551/242 458/541/242
f 474/521/249 445/552/236 446/553/236
f 444/554/235 451/547/239 443/555/235
f 441/556/234 439/557/233 442/558/233
f 438/559/232 447/560/237 448/550/237
f 435/527/231 433/561/230 436/562/230
f 432/563/229 443/555/235 431/564/229
f 430/521/228 437/565/232 438/566/232
f 428/567/227 431/564/229 427/568/227
f 492/504/259 425/569/226 426/570/226
f 424/553/225 429/523/228 430/521/228
f 462/536/244 621/363/329 461/571/244
f 428/567/227 421/572/224 422/573/224
f 424/553/225 419/574/223 423/552/225
f 418/507/221 416/508/222 415/575/221
f 414/576/220 421/572/224 413/577/220
f 412/578/219 419/579/223 420/580/223
f 446/553/236 490/581/260 491/582/260
f 414/576/220 409/583/218 410/584/218
f 412/578/219 481/511/254 411/585/219
f 410/584/218 505/586/267 506/486/267
f 408/587/217 472/588/250 473/589/250
f 406/590/216 440/591/234 441/556/234
f 498/496/262 403/592/215 404/593/215
f 408/587/217 401/594/214 407/595/217
f 399/596/213 397/597/212 400/598/212
f 404/593/215 395/599/211 396/600/211
f 567/419/300 393/601/209 566/602/300
f 392/603/208 401/594/214 402/604/214
f 418/507/221 389/605/207 390/513/207
f 396/600/211 387/606/206 388/607/206
f 386/608/204 384/609/205 383/610/204
f 392/603/208 381/611/203 391/612/208
f 379/457/202 377/464/201 380/613/201
f 376/614/200 387/606/206 375/615/200
f 382/616/203 373/617/199 381/611/203
f 376/618/200 371/619/198 372/475/198
f 436/620/230 369/621/197 370/622/197
f 368/623/196 373/617/199 374/624/199
f 406/590/216 565/420/299 405/625/216
f 366/516/195 371/619/198 365/626/195
f 368/623/196 363/627/194 367/628/196
f 361/438/193 359/453/192 362/446/192
f 358/629/191 365/626/195 357/630/191
f 356/631/190 363/627/194 364/632/194
f 390/513/207 434/519/231 435/527/231
f 358/633/191 353/634/189 354/635/189
f 426/570/226 355/636/190 356/631/190
f 450/637/238 353/634/189 449/549/238
f 352/638/188 416/508/222 417/499/222
f 385/639/205 349/640/187 384/609/205
f 348/641/186 439/557/233 347/642/186
f 346/622/185 351/643/188 352/620/188
f 344/644/182 342/645/183 341/646/182
f 348/641/186 339/647/181 340/648/181
f 511/649/271 337/650/180 510/482/271
f 336/651/179 345/652/184 346/653/185
f 362/446/192 333/458/178 334/452/178
f 332/654/177 339/655/181 331/656/177
f 330/657/175 328/658/176 327/659/175
f 336/651/179 325/660/174 335/661/179
f 323/404/173 321/405/172 324/662/172
f 320/374/171 331/477/177 319/663/171
f 326/664/174 317/665/170 325/660/174
f 320/374/171 315/666/169 316/667/169
f 380/668/201 313/669/168 314/670/168
f 318/671/170 311/672/167 317/665/170
f 512/481/270 349/640/187 350/673/187
f 310/674/166 315/666/169 309/675/166
f 308/676/165 311/672/167 312/677/167
f 306/678/162 304/387/163 303/393/162
f 302/240/161 309/675/166 301/679/161
f 300/680/160 307/681/164 308/676/165
f 334/452/178 378/465/202 379/457/202
f 302/240/161 297/241/159 298/682/159
f 300/680/160 369/683/197 299/684/160
f 394/685/210 297/656/159 393/686/209
f 361/438/193 295/439/158 360/447/193
f 294/687/157 328/658/176 329/688/176
f 386/608/204 291/689/156 292/690/156
f 296/691/158 289/669/155 295/692/158
f 288/693/153 286/694/154 285/695/153
f 284/696/152 291/689/156 283/697/152
f 282/698/151 454/699/241 455/700/241
f 280/701/150 289/702/155 290/703/155
f 306/678/162 277/398/149 278/704/149
f 284/705/152 275/706/147 276/707/148
f 274/708/145 272/709/146 271/710/145
f 280/701/150 269/711/144 279/712/150
f 268/344/143 266/337/142 265/713/141
f 276/714/148 263/314/140 264/715/140
f 262/716/139 269/711/144 270/717/144
f 260/313/138 263/314/140 259/355/138
f 258/718/137 321/719/172 257/720/137
f 256/721/136 261/722/139 262/716/139
f 456/545/240 293/723/157 294/687/157
f 260/313/138 253/394/135 254/354/135
f 256/721/136 251/724/134 255/725/136
f 250/325/131 248/317/132 247/333/131
f 254/354/135 245/201/130 246/726/130
f 244/727/129 251/724/134 252/728/134
f 278/704/149 322/397/173 323/404/173
f 246/726/130 241/729/128 242/730/128
f 244/727/129 313/731/168 243/732/129
f 338/705/180 241/733/128 337/734/180
f 305/377/163 239/378/127 304/387/163
f 273/735/146 237/736/126 272/709/146
f 330/657/175 235/737/125 236/738/125
f 234/739/124 239/719/127 240/740/127
f 231/169/123 229/170/122 232/741/122
f 228/742/121 235/743/125 227/744/121
f 226/745/120 398/746/213 399/747/213
f 234/739/124 223/748/118 233/720/124
f 250/325/131 221/338/117 222/332/117
f 228/742/121 219/749/116 220/750/116
f 218/751/114 216/752/115 215/753/114
f 214/754/113 223/755/118 224/756/118
f 211/286/112 209/757/111 212/285/111
f 208/758/110 219/357/116 207/260/110
f 206/759/109 213/760/113 214/754/113
f 208/758/110 203/293/108 204/761/108
f 202/762/107 265/763/141 201/764/107
f 206/759/109 199/765/106 205/766/109
f 400/598/212 237/736/126 238/767/126
f 198/768/105 203/293/108 197/292/105
f 196/769/104 199/765/106 200/770/106
f 194/265/102 192/266/103 191/271/102
f 198/768/105 189/43/101 190/771/101
f 196/769/104 187/772/100 195/773/104
f 222/332/117 266/337/142 267/345/142
f 186/774/99 189/43/101 185/42/99
f 258/718/137 187/775/100 188/776/100
f 282/698/151 185/749/99 281/744/151
f 184/316/98 248/317/132 249/326/133
f 182/777/96 216/752/115 217/778/115
f 180/779/95 271/710/145 179/780/95
f 178/762/94 183/781/97 184/782/98
f 175/111/92 173/103/91 176/104/91
f 180/783/95 171/784/90 172/745/90
f 170/785/89 342/786/183 343/787/183
f 168/788/88 177/789/93 178/762/94
f 194/265/102 165/281/87 166/270/87
f 164/790/86 171/784/90 163/791/85
f 161/792/84 159/793/83 162/794/83
f 168/795/88 157/796/82 167/797/88
f 155/798/81 153/799/80 156/800/80
f 164/801/86 151/219/79 152/802/79
f 158/803/82 149/804/78 157/796/82
f 152/802/79 147/235/77 148/805/77
f 146/806/76 209/807/111 145/808/76
f 144/809/75 149/804/78 150/810/78
f 344/644/182 181/811/96 182/777/96
f 142/812/73 147/235/77 141/234/73
f 140/813/72 143/814/74 144/809/75
f 138/815/70 136/816/71 135/817/70
f 142/812/73 133/109/68 134/818/69
f 132/819/67 139/820/72 140/813/72
f 166/270/87 210/280/112 211/286/112
f 130/821/66 133/109/68 129/822/65
f 202/762/107 131/823/67 132/824/67
f 226/745/120 129/825/65 225/826/119
f 128/258/64 192/266/103 193/256/103
f 161/792/84 125/827/63 160/828/84
f 124/829/62 215/753/114 123/830/62
f 128/831/64 121/808/61 127/807/64
f 120/832/59 118/833/60 117/834/59
f 116/785/58 123/786/62 115/835/58
f 114/836/57 286/837/154 287/838/154
f 122/806/61 111/839/56 121/808/61
f 138/815/70 109/840/55 110/841/55
f 108/842/54 115/835/58 107/843/54
f 106/844/52 104/845/53 103/846/52
f 112/847/56 101/848/51 111/849/56
f 100/850/49 98/167/50 97/851/49
f 96/852/48 107/239/54 95/133/48
f 94/853/47 101/848/51 102/854/51
f 92/132/46 95/133/48 91/178/46
f 156/800/80 89/855/45 90/856/45
f 88/857/44 93/858/47 94/853/47
f 126/859/63 285/695/153 125/827/63
f 92/132/46 85/215/43 86/177/43
f 84/860/42 87/861/44 88/857/44
f 81/135/41 79/862/40 82/143/40
f 86/177/43 77/20/39 78/863/39
f 76/864/38 83/865/42 84/860/42
f 110/841/55 154/866/81 155/798/81
f 74/867/37 77/20/39 73/19/37
f 146/806/76 75/839/38 76/868/38
f 74/842/37 169/835/89 170/785/89
f 137/869/71 71/870/36 136/816/71
f 70/871/35 104/845/53 105/872/53
f 162/794/83 67/873/34 68/874/34
f 72/875/36 65/876/33 71/870/36
f 63/877/32 61/878/31 64/879/31
f 60/836/30 67/837/34 59/880/30
f 58/881/29 230/882/123 231/883/123
f 66/884/33 55/885/28 65/886/33
f 54/157/27 79/862/40 53/887/27
f 60/888/30 51/179/26 52/889/26
f 50/79/24 48/890/25 47/83/24
f 46/891/23 55/892/28 56/893/28
f 44/111/21 42/103/22 41/107/21
f 52/889/26 39/894/20 40/895/20
f 38/896/19 45/897/23 46/891/23
f 36/898/18 39/894/20 35/899/18
f 34/900/17 97/851/49 33/901/17
f 32/902/16 37/903/19 38/896/19
f 70/871/35 229/904/122 69/905/35
f 36/898/18 29/906/15 30/907/15
f 32/902/16 27/908/14 31/909/16
f 26/910/12 24/83/13 23/86/12
f 30/907/15 21/911/11 22/912/11
f 28/913/14 19/914/10 27/908/14
f 54/157/27 98/167/50 99/156/50
f 18/915/9 21/911/11 17/61/9
f 90/884/45 19/885/10 20/916/10
f 114/917/57 17/61/9 113/918/57
f 81/135/41 15/919/8 80/144/41
f 14/920/7 48/921/25 49/922/25
f 12/140/6 103/141/52 11/923/6
f 10/924/5 15/919/8 16/925/8
f 7/926/4 5/927/3 8/928/3
f 4/881/2 11/882/6 3/929/2
f 2/25/1 174/107/92 175/111/92
f 10/930/5 2890/931/746 9/932/5
f 26/910/12 2892/933/453 2891/934/453
f 4/120/2 2894/935/747 2893/936/747
f 2895/937/436 2897/938/432 2898/939/436
f 2889/940/746 2900/941/748 2890/942/746
f 2901/943/421 2903/944/425 2904/945/421
f 2905/946/749 2894/935/747 2906/46/749
f 2899/947/748 2908/948/750 2900/949/748
f 2909/950/751 2906/46/749 2910/951/751
f 2911/25/488 41/107/21 2912/44/488
f 2913/952/752 2908/948/750 2907/953/750
f 176/104/91 13/954/7 14/934/7
f 2909/950/751 2916/955/753 2915/956/753
f 2913/952/752 2918/957/754 2914/958/752
f 2919/953/431 2921/949/755 2922/959/431
f 2923/1/756 2916/955/753 2924/3/756
f 2925/51/757 2918/960/754 2917/961/754
f 43/962/22 2892/933/453 42/103/22
f 2923/1/756 2928/963/758 2927/964/758
f 34/930/17 2926/931/757 2925/965/757
f 58/73/29 2928/963/758 57/966/29
f 25/967/13 2930/75/459 24/83/13
f 2931/968/429 2897/938/432 2896/969/432
f 2933/72/461 47/83/24 2934/75/461
f 2935/68/463 2930/75/459 2929/72/459
f 2938/970/337 2940/971/342 2937/972/341
f 2941/68/464 2934/75/461 2942/69/464
f 2943/973/454 118/833/60 119/974/60
f 2935/68/463 2946/66/465 2936/69/463
f 2947/975/428 2922/959/431 2948/976/428
f 2941/68/464 2950/66/466 2949/67/466
f 2952/977/404 2954/978/409 2951/979/409
f 2955/63/468 2946/66/465 2945/67/465
f 2958/980/396 2960/981/395 2957/982/395
f 2949/67/466 2962/58/471 2961/63/471
f 2963/57/472 2956/58/468 2955/63/468
f 2965/57/476 2962/58/471 2966/59/476
f 2901/983/421 2968/984/460 2967/985/460
f 2969/986/479 2964/987/472 2963/988/472
f 2931/968/429 117/834/59 2932/989/429
f 2965/922/476 2972/990/480 2971/920/480
f 2969/7/479 2974/8/483 2970/24/479
f 2976/891/405 2978/903/403 2975/991/403
f 2971/7/480 2980/8/486 2979/9/486
f 2973/9/483 2982/16/487 2974/8/483
f 2902/992/425 2948/976/428 2903/957/425
f 2979/9/486 2984/16/491 2983/17/491
f 2911/25/488 2982/16/487 2981/17/487
f 2/25/1 2984/16/491 1/44/1
f 2985/993/439 2921/994/755 2920/995/755
f 2987/996/401 2953/997/404 2952/977/404
f 2895/937/436 2990/998/441 2989/999/441
f 2991/985/443 2986/1000/439 2985/983/439
f 2994/1001/307 2996/1002/312 2993/1003/312
f 2989/999/441 2998/1004/444 2997/1005/444
f 63/877/32 3000/1006/430 62/1007/32
f 3001/1008/445 2992/1009/443 2991/1010/443
f 2975/991/403 3004/909/400 3003/902/400
f 2997/1011/444 3006/1012/447 3005/1013/447
f 3007/1014/381 3009/1015/377 3010/1016/381
f 3001/1008/445 3012/1017/492 3002/1018/445
f 3013/1019/368 3015/865/369 3016/1020/368
f 3017/1021/482 3006/1022/447 3018/1023/482
f 3011/1024/492 3020/1025/493 3012/1017/492
f 3017/1026/482 3022/845/481 3021/872/481
f 2957/1027/395 3024/1028/442 3023/1029/442
f 3025/1030/467 3020/1025/493 3019/1031/493
f 2987/996/401 61/878/31 2988/1032/401
f 3027/871/462 3022/845/481 3028/905/462
f 3025/1030/467 3030/1033/484 3026/1034/467
f 3031/1035/376 3033/848/378 3034/1036/376
f 3027/871/462 3036/1037/475 3035/1038/475
f 3037/1039/485 3030/1033/484 3029/1040/484
f 2958/980/396 3004/909/400 2959/1041/396
f 3039/1042/473 3036/1043/475 3040/1044/473
f 2967/1045/460 3038/1046/485 3037/1039/485
f 2943/1047/454 3040/1012/473 2944/1048/454
f 3041/1049/410 2977/1050/405 2976/891/405
f 3008/1051/377 3044/1052/375 3009/1015/377
f 3045/1053/412 2954/978/409 3046/1054/412
f 3041/1027/410 3048/1028/414 3042/1055/410
f 3050/1056/277 3052/1057/281 3049/1058/281
f 3045/1053/412 3054/1059/417 3053/1060/417
f 3055/1061/402 6/1062/4 7/1063/4
f 3057/1064/418 3048/1065/414 3047/1066/414
f 3031/1035/376 3060/1067/372 3059/857/372
f 3053/1068/417 3062/1069/420 3061/1070/420
f 3063/1071/759 3065/1072/347 3066/1073/351
f 3057/1064/418 3068/1074/455 3058/1075/418
f 3070/1076/338 3072/1077/335 3069/1078/335
f 3061/1079/420 3074/1080/452 3073/1081/452
f 3075/1082/456 3068/1074/455 3067/1083/455
f 3073/1081/452 3078/828/451 3077/1084/451
f 3013/1085/368 3080/1086/413 3079/1087/413
f 3075/1082/456 3082/1088/446 3076/1089/456
f 8/928/3 3044/1052/375 3043/1090/375
f 3083/1091/440 3078/828/451 3084/827/440
f 3081/1092/446 3086/1093/469 3082/1088/446
f 3087/1094/346 3089/1095/348 3090/1096/346
f 3083/1091/440 3092/1097/458 3091/693/458
f 3093/1098/470 3086/1093/469 3085/1099/469
f 3059/857/372 3015/865/369 3014/1100/369
f 3091/693/458 3096/1101/457 3095/1102/457
f 3023/1103/442 3094/1104/470 3093/1098/470
f 2999/1068/430 3096/1069/457 3000/1105/430
f 3097/1106/384 3033/848/378 3032/1107/378
f 3099/1108/344 3065/1072/347 3064/1109/347
f 3007/1014/381 3102/1110/386 3101/1111/386
f 3103/1087/388 3098/1112/384 3097/1085/384
f 3106/1113/247 3108/1114/251 3105/1115/251
f 3101/1116/386 3110/1117/389 3109/1061/389
f 3111/1118/373 2939/1119/336 2938/1120/337
f 3103/1087/388 3114/1121/392 3104/1086/388
f 3087/1094/346 3116/1122/760 3115/1123/760
f 3109/1061/389 3118/1124/393 3117/1125/393
f 3119/1126/321 3121/1127/317 3122/1128/321
f 3123/1129/437 3114/1130/392 3113/1131/392
f 3125/1132/306 3127/1133/308 3128/1134/306
f 3117/1135/393 3130/1136/427 3129/1137/427
f 3123/1129/437 3132/1138/438 3124/1139/437
f 3133/778/426 3130/1136/427 3134/1140/426
f 3135/1141/385 3072/1142/335 3136/1143/385
f 3137/1144/419 3132/1138/438 3131/1145/438
f 3099/1108/344 2940/971/342 3100/1146/344
f 3133/778/426 3140/1147/411 3139/777/411
f 3141/1148/477 3138/1149/419 3137/1144/419
f 3143/1150/316 3145/1151/318 3146/1152/316
f 3139/777/411 3148/1153/435 3147/644/435
f 3149/1154/478 3142/1155/477 3141/1148/477
f 3115/1123/760 3071/1156/338 3070/1076/338
f 3151/1157/434 3148/1153/435 3152/1158/434
f 3079/1087/413 3150/1121/478 3149/1159/478
f 3151/1125/434 3056/1117/402 3055/1061/402
f 3088/1160/348 3154/1161/354 3089/1095/348
f 3155/1162/314 3121/1127/317 3120/1163/317
f 3157/1164/356 3066/1073/351 3158/1165/356
f 3153/1166/354 3160/1143/360 3154/1142/354
f 3161/1167/223 3163/1168/219 3164/1169/223
f 3157/1170/356 3166/1171/363 3165/1118/363
f 2994/1172/307 3168/1173/345 2995/1174/307
f 3169/1175/364 3160/1143/360 3159/1141/360
f 3143/1150/316 3172/1176/313 3171/1177/313
f 3173/1178/367 3166/1171/363 3174/1179/367
f 3175/1180/291 3177/1181/287 3178/1182/291
f 3179/1183/399 3170/1184/365 3169/1185/364
f 3182/1186/278 3184/1187/276 3181/1188/276
f 3173/1189/367 3186/1190/423 3185/1191/423
f 3179/1183/399 3188/1192/398 3180/1193/399
f 3185/1191/423 3190/1194/422 3189/1195/422
f 3191/1196/358 3128/1197/306 3192/1198/358
f 3193/1199/394 3188/1192/398 3187/1200/398
f 2993/1003/312 3156/1201/314 3155/1162/314
f 3189/1195/422 3196/1202/387 3195/1203/387
f 3197/1204/761 3194/1205/394 3193/1199/394
f 3199/1206/286 3201/1207/288 3202/1208/286
f 3203/1209/416 3196/1202/387 3204/1210/416
f 3197/1204/761 3206/1211/449 3198/1212/761
f 3171/1177/313 3127/1133/308 3126/1213/308
f 3207/1214/415 3204/1210/416 3208/1215/415
f 3135/1141/385 3206/1216/449 3205/1175/449
f 3111/1118/373 3208/1179/415 3112/1217/373
f 3144/1218/318 3210/1219/324 3145/1151/318
f 3176/1220/287 3212/1221/283 3177/1181/287
f 3213/1222/326 3122/1128/321 3214/1223/326
f 3215/1224/328 3210/1197/324 3209/1225/324
f 3218/1226/190 3220/1227/194 3217/1228/194
f 3221/1229/331 3214/1174/326 3222/1173/331
f 3223/1230/315 3051/1231/277 3050/1232/277
f 3225/1233/332 3216/1198/328 3215/1224/328
f 3199/1206/286 3228/1234/282 3227/1235/282
f 3229/1236/334 3222/1173/331 3230/1237/334
f 3231/1238/261 3233/1239/256 3234/1240/261
f 3225/1241/332 3236/1242/379 3226/1243/332
f 3237/1244/246 3239/1245/248 3240/1246/246
f 3229/738/334 3242/1247/371 3241/1248/371
f 3243/1249/380 3236/1242/379 3235/1250/379
f 3245/1251/370 3242/1247/371 3246/1252/370
f 3247/1253/327 3184/1187/276 3248/1254/327
f 3249/1255/366 3244/1256/380 3243/1249/380
f 3049/1058/281 3212/1221/283 3211/1257/283
f 3251/1258/355 3246/1252/370 3252/1259/355
f 3249/1255/366 3254/1260/489 3250/1261/366
f 3255/1262/255 3257/1263/258 3258/1264/255
f 3251/1258/355 3260/1265/383 3259/1266/383
f 3261/1267/490 3254/1260/489 3253/1268/489
f 3227/1235/282 3183/1269/278 3182/1186/278
f 3263/1270/382 3260/1265/383 3264/1271/382
f 3261/1233/490 3192/1198/358 3262/1272/490
f 3263/1236/382 3168/1173/345 3167/1273/345
f 3200/1274/288 3266/1275/294 3201/1207/288
f 3267/1276/253 3233/1239/256 3232/1277/256
f 3269/1278/296 3178/1182/291 3270/1279/296
f 3271/1280/298 3266/1275/294 3265/701/294
f 3274/1281/160 3276/1282/165 3273/1283/165
f 3269/1232/296 3278/1284/302 3277/1230/302
f 3106/1285/247 3280/1286/284 3107/1287/247
f 3281/1288/303 3272/1289/298 3271/1290/298
f 3255/1262/255 3284/1291/252 3283/1292/252
f 3277/1293/302 3286/1294/305 3285/690/305
f 3287/1295/232 3289/1296/228 3290/1297/232
f 3281/1298/303 3292/1299/352 3282/1300/303
f 3294/1301/220 3296/636/218 3293/1302/218
f 3297/1303/340 3286/1294/305 3298/1304/340
f 3291/1305/352 3300/1306/353 3292/1299/352
f 3301/1307/339 3298/1304/340 3302/1308/339
f 3237/1244/246 3304/683/297 3303/1309/762
f 3305/1310/333 3300/1306/353 3299/1311/353
f 3105/1115/251 3268/1312/253 3267/1276/253
f 3307/1313/325 3302/1308/339 3308/1314/325
f 3309/1315/406 3306/1316/333 3305/1310/333
f 3312/1317/229 3314/1318/227 3311/1319/227
f 3307/1313/325 3316/1320/350 3315/1321/350
f 3309/1315/406 3318/1322/407 3310/1323/406
f 3283/1292/252 3239/1245/248 3238/1324/248
f 3315/1321/350 3320/1325/349 3319/1326/349
f 3317/1288/407 3248/1327/327 3318/1328/407
f 3319/1326/349 3224/1329/315 3223/1330/315
f 3321/1331/264 3257/1263/258 3256/1332/258
f 3288/1333/228 3324/1334/225 3289/1296/228
f 3231/1238/261 3326/1335/266 3325/1336/266
f 3321/1331/264 3328/652/268 3322/1337/264
f 3329/1338/134 3331/1339/129 3332/1340/134
f 3325/1341/266 3334/1342/763 3333/1343/272
f 3335/1344/254 3163/1168/219 3162/1345/219
f 3327/1346/269 3338/1347/273 3328/1348/268
f 3311/1319/227 3340/1349/224 3339/1350/224
f 3333/1351/272 3342/1352/275 3341/1353/275
f 3344/1354/199 3346/1355/203 3343/1356/203
f 3347/1357/322 3338/1358/273 3337/1359/273
f 3350/1360/191 3352/1361/189 3349/1362/189
f 3341/1353/275 3354/1363/311 3353/1364/311
f 3355/1365/323 3348/1366/322 3347/1357/322
f 3353/1364/311 3358/1367/309 3357/1368/309
f 3359/1369/267 3296/636/218 3360/1370/267
f 3361/1371/304 3356/1372/323 3355/1365/323
f 3161/1373/223 3324/1334/225 3323/1374/225
f 3357/1368/309 3364/1375/295 3363/1376/295
f 3361/1371/304 3366/1377/390 3362/1378/304
f 3368/1379/200 3370/1380/198 3367/1381/198
f 3363/1376/295 3372/1382/320 3371/1383/320
f 3365/1384/390 3374/1385/391 3366/1377/390
f 3294/1301/220 3340/1349/224 3295/1386/220
f 3371/1383/320 3376/1387/319 3375/1388/319
f 3303/1346/762 3374/1389/391 3373/1390/391
f 3375/1388/319 3280/1391/284 3279/1392/285
f 3312/1317/229 3378/1393/235 3313/1394/229
f 3379/1395/196 3345/1396/199 3344/1354/199
f 3287/1397/232 3382/1398/237 3381/1399/237
f 3383/1400/239 3378/1393/235 3377/1401/235
f 3386/408/100 3388/1402/104 3385/1403/104
f 3381/1399/237 3390/1404/242 3389/1405/242
f 3218/1226/190 3392/1406/226 3219/1407/190
f 3383/1400/239 3394/1408/243 3384/1409/239
f 3395/1410/195 3370/1380/198 3396/1411/195
f 3389/1405/242 3398/592/245 3397/1412/245
f 3400/1413/170 3402/1414/174 3399/1415/174
f 3403/1416/292 3394/1408/243 3393/1417/243
f 3405/1418/159 3407/1419/161 3408/1420/159
f 3397/1412/245 3410/1421/280 3409/1422/280
f 3403/1423/292 3412/1424/293 3404/1425/292
f 3409/1422/280 3414/1426/279 3413/1427/279
f 3349/1362/189 3416/1428/238 3415/1429/238
f 3417/1430/274 3412/1424/293 3411/1431/293
f 3379/1395/196 3220/1227/194 3380/1432/196
f 3413/1427/279 3420/1433/265 3419/1434/265
f 3421/1435/361 3418/1436/274 3417/1430/274
f 3424/1437/171 3426/1438/169 3423/1439/169
f 3419/1434/265 3428/1440/290 3427/1441/290
f 3421/1442/361 3430/1443/362 3422/1444/361
f 3350/1445/191 3396/1411/195 3351/1446/191
f 3427/1441/290 3432/1447/289 3431/1448/289
f 3359/1369/267 3430/1443/362 3429/1449/362
f 3431/1448/289 3336/1450/254 3335/1344/254
f 3368/1451/200 3434/1452/206 3369/1453/200
f 3435/1454/167 3401/1455/170 3400/1413/170
f 3343/1356/203 3438/1456/208 3437/1457/208
f 3439/1458/211 3434/1452/206 3433/1459/206
f 3442/1460/67 3444/1461/72 3441/1462/72
f 3437/1457/208 3446/1463/214 3445/1464/214
f 3447/1465/197 3275/1466/160 3274/1281/160
f 3449/1467/215 3440/1468/211 3439/1458/211
f 3423/1439/169 3452/1469/166 3451/1470/166
f 3453/1471/217 3446/1463/214 3454/1472/217
f 3456/1473/139 3458/1474/144 3455/1475/144
f 3459/1476/262 3450/1477/215 3449/1467/215
f 3461/1478/128 3463/1323/130 3464/1322/128
f 3465/1479/250 3454/1472/217 3466/1480/250
f 3467/1481/263 3460/1482/262 3459/1476/262
f 3465/1483/250 3470/1484/249 3469/1485/249
f 3471/1486/210 3408/1487/159 3472/1488/209
f 3467/1481/263 3474/1489/244 3468/1490/263
f 3273/1283/165 3436/1491/167 3435/1454/167
f 3469/1485/249 3476/1492/236 3475/1493/236
f 3477/1494/329 3474/1489/244 3473/1495/244
f 3480/1305/140 3482/1496/138 3479/1311/138
f 3475/1493/236 3484/1497/260 3483/1498/260
f 3485/1499/330 3478/1500/329 3477/1494/329
f 3451/1470/166 3407/1419/161 3406/1501/161
f 3487/487/259 3484/1502/260 3488/1503/259
f 3485/1499/330 3416/1428/238 3486/1504/330
f 3487/487/259 3392/1406/226 3391/1505/226
f 3489/1506/177 3425/1507/171 3424/1437/171
f 3456/1473/139 3492/1508/136 3457/1509/139
f 3399/1415/174 3494/1510/179 3493/493/179
f 3489/1511/177 3496/1512/764 3490/1513/177
f 3497/1514/42 3499/1515/38 3500/1516/42
f 3501/1517/184 3494/1510/179 3502/1518/185
f 3503/1519/168 3331/1339/129 3330/468/129
f 3495/1520/181 3506/480/186 3496/1521/764
f 3479/1311/138 3508/1522/135 3507/1310/135
f 3509/1523/188 3502/1524/185 3510/1525/188
f 3512/1526/109 3514/1527/113 3511/1528/113
f 3515/399/233 3506/480/186 3505/473/186
f 3517/1267/99 3519/1260/101 3520/1529/99
f 3509/1530/188 3522/1531/222 3521/1532/222
f 3515/399/233 3524/1533/234 3516/1534/233
f 3525/1535/221 3522/1531/222 3526/1536/221
f 3461/1537/128 3528/1538/180 3527/1539/180
f 3529/1540/216 3524/1533/234 3523/1541/234
f 3491/1542/136 3332/1340/134 3492/1508/136
f 3531/1543/207 3526/1536/221 3532/1544/207
f 3533/1545/301 3530/1546/216 3529/1540/216
f 3535/1547/108 3537/1242/110 3538/1548/108
f 3531/1543/207 3540/1549/231 3539/1550/231
f 3533/1545/301 3542/382/300 3534/1551/301
f 3462/1315/130 3508/1522/135 3463/1323/130
f 3543/1552/230 3540/1549/231 3544/1553/230
f 3541/1554/300 3472/1555/209 3542/382/300
f 3447/1556/197 3544/1557/230 3448/1558/197
f 3480/1305/140 3546/1300/147 3481/1299/140
f 3512/1526/109 3548/1559/106 3513/1560/109
f 3455/1475/144 3550/1561/150 3549/1562/150
f 3545/1537/147 3552/1563/152 3546/1564/147
f 3554/1565/10 3556/1566/14 3553/223/14
f 3549/1562/150 3558/1567/155 3557/1568/155
f 3386/1569/100 3560/1570/137 3387/1571/100
f 3551/1572/152 3562/1573/156 3552/1574/152
f 3535/1547/108 3564/1575/105 3563/1576/105
f 3557/1577/155 3566/1578/158 3565/1579/158
f 3567/1580/82 3569/1581/78 3570/1582/82
f 3571/1583/204 3562/1573/156 3561/1584/156
f 3574/1585/69 3576/1586/65 3573/1587/65
f 3565/1588/158 3578/1182/193 3577/1589/193
f 3579/1590/205 3572/1591/204 3571/1583/204
f 3577/1589/193 3582/1181/192 3581/1592/192
f 3517/1593/99 3584/1594/151 3583/1595/151
f 3585/1596/187 3580/1597/205 3579/1590/205
f 3547/1598/106 3388/1402/104 3548/1559/106
f 3587/1599/178 3582/1181/192 3588/1221/178
f 3585/1596/187 3590/1600/270 3586/1601/187
f 3592/1602/79 3594/1603/77 3591/1604/77
f 3595/1605/202 3588/1221/178 3596/1057/202
f 3589/1606/270 3598/1607/271 3590/1600/270
f 3563/1576/105 3519/1260/101 3518/1268/101
f 3599/1608/201 3596/1057/202 3600/1609/201
f 3527/1610/180 3598/1607/271 3597/319/271
f 3599/1579/201 3504/1611/168 3503/1577/168
f 3601/1241/116 3537/1242/110 3536/1250/110
f 3568/1612/765 3604/1613/74 3569/1581/78
f 3605/1614/118 3514/1527/113 3606/1615/118
f 3601/1593/116 3608/1594/121 3602/1616/116
f 3610/1617/757 3612/1618/754 3609/1619/754
f 3605/1569/118 3614/1570/124 3613/1620/124
f 3442/1621/67 3616/1622/107 3443/1623/67
f 3607/1624/121 3618/1625/125 3608/1594/121
f 3591/1604/77 3620/1626/73 3619/1627/73
f 3621/1628/127 3614/1570/124 3622/1629/127
f 3623/1630/51 3625/1631/47 3626/1632/51
f 3617/1633/125 3628/1634/175 3618/1635/125
f 3630/1636/39 3632/1637/37 3629/1638/37
f 3621/1639/127 3634/1128/163 3633/1640/163
f 3635/1641/176 3628/1634/175 3627/1642/175
f 3633/1640/163 3638/1643/162 3637/1644/162
f 3639/1645/119 3576/1646/65 3640/1647/120
f 3641/1648/157 3636/1649/176 3635/1641/176
f 3441/1462/72 3604/1613/74 3603/1650/74
f 3637/1644/162 3644/1651/149 3643/1652/149
f 3641/1648/157 3646/1653/240 3642/1654/157
f 3648/1655/48 3650/1138/46 3647/1145/46
f 3651/1656/173 3644/1651/149 3652/1002/173
f 3645/1657/240 3654/1658/241 3646/1653/240
f 3574/1585/69 3620/1626/73 3575/1659/68
f 3655/1660/172 3652/1002/173 3656/1661/172
f 3583/1595/151 3654/1625/241 3653/1662/241
f 3559/1663/137 3656/1629/172 3560/1570/137
f 3657/1664/85 3593/1665/766 3592/1602/79
f 3659/276/44 3625/1631/47 3624/268/47
f 3661/1666/88 3570/1582/82 3662/1667/88
f 3663/1668/90 3658/1669/85 3657/1670/85
f 3666/33/768 3668/49/770 3665/48/767
f 3669/1671/93 3662/1623/88 3670/1622/93
f 3498/1672/38 3672/1673/76 3499/1674/38
f 3663/1668/90 3674/1675/95 3664/1676/90
f 3647/1145/46 3676/1149/43 3675/1144/43
f 3669/1671/93 3678/1677/97 3677/1678/97
f 3679/1679/23 3681/1680/19 3682/1681/23
f 3683/1682/145 3674/1683/95 3673/1684/95
f 3685/1685/9 3687/1686/11 3688/1687/9
f 3689/1688/133 3678/1689/97 3690/1690/132
f 3691/1691/771 3684/1692/145 3683/1682/145
f 3693/1693/131 3690/1690/132 3694/1694/131
f 3695/1695/89 3632/1696/37 3696/1697/89
f 3697/1698/126 3692/1699/771 3691/1691/771
f 3497/1514/42 3660/1700/44 3659/276/44
f 3693/1693/131 3700/1701/117 3699/1702/117
f 3697/1698/126 3702/1703/212 3698/1704/772
f 3703/1705/18 3705/1706/20 3706/1707/18
f 3699/1702/117 3708/1708/773 3707/1709/142
f 3709/1710/213 3702/1703/212 3701/1711/212
f 3630/1636/39 3676/1149/43 3631/1712/39
f 3707/1709/142 3712/1713/143 3711/1714/141
f 3709/1715/213 3640/1647/120 3710/1675/213
f 3711/1678/141 3616/1622/107 3615/1671/107
f 3648/1655/48 3714/1716/54 3649/1717/48
f 3680/1718/19 3716/1719/16 3681/1680/19
f 3717/1720/56 3626/1632/51 3718/1721/56
f 3713/1722/54 3720/1697/58 3714/1723/54
f 3665/48/767 3723/30/776 3721/29/774
f 3717/1672/56 3725/1673/61 3724/1724/61
f 3554/1725/10 3727/1726/45 3555/1727/10
f 3719/1695/58 3729/1728/62 3720/1697/58
f 3730/1729/15 3706/1707/18 3731/1730/15
f 3724/1724/61 3733/1731/64 3732/1732/64
f 3734/1733/748 3736/1734/750 3737/1735/748
f 3728/1736/62 3739/1737/114 3729/1738/62
f 3740/1739/758 3742/1740/756 3743/1046/758
f 3744/1014/103 3733/1741/64 3745/1742/103
f 3746/160/115 3739/1737/114 3738/1743/114
f 3744/1014/103 3749/1015/102 3748/1744/102
f 3750/1745/57 3688/1687/9 3751/1746/57
f 3752/1747/96 3747/1748/115 3746/160/115
f 3715/1749/16 3556/1566/14 3716/1719/16
f 3754/1750/87 3749/1015/102 3755/1052/87
f 3752/1747/96 3757/1751/182 3753/1752/96
f 3758/1753/751 3760/1754/749 3761/1755/751
f 3762/1756/112 3755/1052/87 3763/1757/112
f 3765/13/778 3767/1758/780 3764/26/777
f 3768/137/183 3757/1751/182 3756/1759/182
f 3730/1729/15 3687/1686/11 3686/1760/11
f 3762/1756/112 3771/1761/111 3770/1762/111
f 3768/1763/183 3696/1697/89 3769/1728/183
f 3770/1732/111 3672/1673/76 3671/1724/76
f 3772/1764/26 3705/1706/20 3704/1765/20
f 3735/1766/750 3775/1767/752 3736/1734/750
f 3776/1768/28 3682/1681/23 3777/1769/28
f 3772/1764/26 3779/1065/30 3773/1770/26
f 3776/1725/28 3781/1726/33 3780/1771/33
f 3782/1772/17 3611/1773/757 3610/1774/757
f 3778/1775/30 3785/1776/34 3779/1777/30
f 3786/1778/753 3761/1755/751 3787/1779/753
f 3780/1780/33 3789/1781/36 3788/1782/36
f 3784/1783/34 3791/1784/83 3785/1785/34
f 3766/1786/779 3722/1787/775 3668/1788/770
f 3788/1782/36 3794/1789/71 3793/1790/71
f 3795/1791/84 3791/1784/83 3790/1792/83
f 3797/1793/70 3794/1789/71 3798/1794/70
f 3799/1795/29 3743/1046/758 3800/1796/29
f 3801/1797/63 3796/1798/84 3795/1791/84
f 3609/1799/754 3775/1767/752 3774/1800/752
f 3797/1793/70 3804/1801/55 3803/1802/55
f 3805/168/153 3802/1803/63 3801/1797/63
f 3807/1804/81 3804/1801/55 3808/1805/81
f 3809/1806/154 3806/1807/153 3805/168/153
f 3786/1778/753 3742/1740/756 3741/1808/756
f 3811/1809/80 3808/1805/81 3812/1810/80
f 3809/1811/154 3751/1777/57 3810/1776/154
f 3811/1809/80 3727/1006/45 3726/1812/45
f 3813/38/782 3792/6/781 3765/4/778
f 3815/1813/747 3760/1754/749 3759/1814/749
f 3817/1815/746 3737/1816/748 3818/1817/746
f 3814/40/783 3820/1818/785 3723/1819/776
f 3821/1820/2 3816/1018/747 3815/1813/747
f 3823/1772/5 3818/1773/746 3824/1821/5
f 3721/29/774 3826/11/787 3825/10/786
f 3821/1822/2 3828/1823/6 3822/1824/2
f 3823/1825/5 3830/1826/8 3829/1827/8
f 3831/26/788 3819/1828/784 3813/13/782
f 3827/993/6 3834/1829/52 3828/1830/6
f 3835/1831/41 3830/1826/8 3836/1832/41
f 3832/1833/789 3838/1819/791 3826/1818/787
f 3833/1834/52 3840/1835/53 3834/1836/52
f 3841/1837/40 3836/1832/41 3842/1838/40
f 3825/10/786 3843/34/792 3666/33/768
f 3839/1839/53 3845/1840/35 3840/1835/53
f 3841/1837/40 3847/1841/27 3846/1842/27
f 3667/1788/769 3848/6/793 3767/5/780
f 3849/1843/794 3845/1840/35 3844/1844/35
f 3846/1842/27 3852/1845/50 3851/1846/50
f 3764/4/777 3837/40/790 3831/38/788
f 3849/1847/794 3854/1848/123 3850/1849/794
f 3851/1846/50 3856/1850/49 3855/1851/49
f 3799/1822/29 3854/1823/123 3853/1852/123
f 3855/1851/49 3783/1853/17 3782/1854/17
f 2883/29/494 961/33/494 2871/10/494
f 966/1787/496 2872/40/496 963/6/496
f 2881/1855/495 962/1758/495 2879/15/495
f 2874/10/497 2880/48/497 2886/29/497
f 979/1856/496 995/69/496 1011/101/496
f 970/1857/498 972/1858/500 968/1859/498
f 1022/1860/511 968/1859/498 1020/1861/511
f 1017/103/499 1001/75/499 985/1862/499
f 974/1863/500 976/1864/501 972/1858/500
f 978/1865/501 980/37/502 976/1866/501
f 982/54/502 984/35/503 980/37/502
f 986/56/503 988/1867/504 984/35/503
f 990/1868/504 992/1858/505 988/1864/504
f 992/1858/505 998/1857/495 996/1859/495
f 998/1857/495 1000/1861/506 996/1859/495
f 1002/1860/506 1004/1869/507 1000/1861/506
f 1004/1870/507 1010/94/508 1008/1871/508
f 1008/1871/508 1014/96/509 1012/1872/509
f 1014/96/509 1016/1873/510 1012/1872/509
f 1018/1874/510 1020/1861/511 1016/1869/510
f 1051/125/512 1067/151/521 1027/53/512
f 1026/129/498 1028/119/514 1024/91/498
f 1076/1875/527 1026/129/498 1024/91/498
f 1049/117/518 1033/3/513 1073/170/513
f 1030/1876/514 1032/1877/515 1028/119/514
f 1032/105/515 1038/1878/516 1036/71/516
f 1038/1878/516 1040/23/517 1036/71/516
f 1042/1879/517 1044/21/519 1040/23/517
f 1046/1880/519 1048/119/520 1044/1877/519
f 1050/1876/520 1052/91/495 1048/119/520
f 1054/129/495 1056/1875/522 1052/91/495
f 1058/131/522 1060/1881/523 1056/1875/522
f 1062/1882/523 1064/1883/524 1060/1884/523
f 1066/145/524 1068/1885/525 1064/1883/524
f 1070/155/525 1072/1886/526 1068/1885/525
f 1072/1881/526 1078/131/527 1076/1875/527
f 1115/199/528 1131/231/528 1091/1887/528
f 1080/150/498 1086/1888/530 1084/148/530
f 1132/1889/542 1082/195/498 1080/150/498
f 1101/81/529 1085/61/529 1125/1890/529
f 1084/148/530 1090/1891/531 1088/1892/531
f 1090/1893/531 1092/128/532 1088/168/531
f 1094/1894/532 1096/99/533 1092/128/532
f 1098/1895/533 1100/97/534 1096/99/533
f 1102/1891/534 1104/148/535 1100/1892/534
f 1106/1888/535 1108/150/495 1104/148/535
f 1110/195/495 1112/1889/537 1108/150/495
f 1114/197/537 1116/1896/538 1112/1889/537
f 1116/1897/538 1122/209/539 1120/1898/539
f 1122/209/539 1124/1899/540 1120/1898/539
f 1124/1899/540 1130/223/541 1128/1900/541
f 1130/1901/541 1132/1889/542 1128/1902/541
f 1171/266/543 1187/757/543 1147/1903/543
f 1138/244/498 1140/243/545 1136/210/498
f 1190/252/556 1136/210/498 1188/289/556
f 1153/178/544 1137/1904/544 1177/1905/544
f 1140/243/545 1146/1906/546 1144/1907/546
f 1146/1908/546 1148/194/547 1144/227/546
f 1150/1909/547 1152/160/548 1148/194/547
f 1154/1910/548 1156/158/549 1152/160/548
f 1158/1911/549 1160/243/550 1156/1907/549
f 1162/187/550 1164/210/495 1160/243/550
f 1164/210/495 1170/252/551 1168/289/551
f 1170/252/551 1172/1912/552 1168/289/551
f 1172/1913/552 1178/268/553 1176/1914/553
f 1178/268/553 1180/1915/554 1176/1914/553
f 1182/276/554 1184/1916/555 1180/1915/554
f 1186/1917/555 1188/289/556 1184/1912/555
f 1211/1918/557 1227/317/557 1243/713/557
f 1192/274/498 1198/248/559 1196/272/559
f 1246/351/570 1192/274/498 1244/350/570
f 1209/235/558 1193/1919/558 1233/1920/558
f 1198/248/559 1200/1921/560 1196/272/559
f 1202/1922/560 1204/246/561 1200/284/560
f 1206/1923/561 1208/165/562 1204/246/561
f 1208/165/562 1214/1924/563 1212/163/563
f 1212/1925/563 1218/248/564 1216/297/564
f 1216/297/564 1222/301/495 1220/274/495
f 1222/301/495 1224/350/565 1220/274/495
f 1224/350/565 1230/1926/566 1228/1927/566
f 1230/324/566 1232/1928/567 1228/1929/566
f 1234/328/567 1236/1930/568 1232/1928/567
f 1238/335/568 1240/1931/569 1236/1930/568
f 1242/1926/569 1244/350/570 1240/1927/569
f 1283/1932/571 1299/1933/571 1259/310/571
f 1248/329/498 1254/306/573 1252/360/573
f 1300/409/584 1250/304/498 1248/329/498
f 1265/1934/572 1249/1935/572 1289/388/572
f 1254/306/573 1256/1936/574 1252/360/573
f 1258/41/574 1260/1937/575 1256/1938/574
f 1262/334/575 1264/1939/576 1260/1937/575
f 1264/1939/576 1270/261/577 1268/1940/577
f 1270/1941/577 1272/360/578 1268/1936/577
f 1274/306/578 1276/358/495 1272/360/578
f 1278/364/495 1280/409/579 1276/358/495
f 1280/409/579 1286/1942/580 1284/1943/580
f 1286/1944/580 1288/386/581 1284/377/580
f 1290/1945/581 1292/392/582 1288/386/581
f 1294/1946/582 1296/404/583 1292/392/582
f 1298/1947/583 1300/409/584 1296/1943/583
f 1323/340/585 1339/1948/585 1355/1949/585
f 1304/429/498 1310/368/587 1308/1950/587
f 1356/469/598 1306/366/498 1304/429/498
f 1321/1951/586 1305/472/586 1345/448/586
f 1310/368/587 1312/1952/588 1308/1950/587
f 1314/202/588 1316/1953/589 1312/1954/588
f 1318/354/589 1320/1955/590 1316/1953/589
f 1320/1955/590 1326/315/591 1324/1956/591
f 1326/1957/591 1328/1950/592 1324/1952/591
f 1328/1950/592 1334/366/495 1332/429/495
f 1332/429/495 1338/1958/593 1336/427/593
f 1336/427/593 1342/1959/594 1340/1960/594
f 1342/1961/594 1344/446/595 1340/438/594
f 1346/1962/595 1348/452/596 1344/446/595
f 1350/1963/596 1352/457/597 1348/452/596
f 1354/1964/597 1356/469/598 1352/1965/597
f 1395/1966/599 1411/1967/599 1371/431/599
f 1360/490/498 1366/424/601 1364/1968/601
f 1414/1969/614 1360/490/498 1412/488/614
f 1377/1970/600 1361/532/600 1401/510/600
f 1364/1968/601 1370/1971/602 1368/1972/602
f 1368/1973/602 1374/454/603 1372/1974/603
f 1374/454/603 1376/1975/605 1372/1974/603
f 1378/413/605 1380/1976/606 1376/1975/605
f 1382/1971/606 1384/1968/607 1380/1972/606
f 1384/1968/607 1390/484/495 1388/490/495
f 1390/484/495 1392/488/608 1388/490/495
f 1394/1969/608 1396/1977/609 1392/488/608
f 1396/499/609 1402/1978/611 1400/507/611
f 1400/507/611 1406/1979/612 1404/513/612
f 1406/1979/612 1408/527/613 1404/513/612
f 1408/1977/613 1414/1969/614 1412/488/614
f 1435/460/615 1451/1980/615 1467/585/615
f 1416/1981/498 1422/1982/617 1420/1983/617
f 1468/1984/628 1418/1985/498 1416/1981/498
f 1433/1986/616 1417/586/616 1457/568/616
f 1420/1983/617 1426/1987/618 1424/1988/618
f 1426/515/618 1428/1989/619 1424/1990/618
f 1430/516/619 1432/1991/620 1428/1989/619
f 1434/475/620 1436/1992/621 1432/1991/620
f 1438/1993/621 1440/1994/622 1436/1995/621
f 1442/1982/622 1444/1981/495 1440/1994/622
f 1446/1985/495 1448/1996/623 1444/1981/495
f 1450/1997/623 1452/1998/624 1448/1996/623
f 1452/566/624 1458/1999/625 1456/521/625
f 1458/1999/625 1460/553/626 1456/521/625
f 1462/2000/626 1464/582/627 1460/553/626
f 1464/1998/627 1470/2001/628 1468/1984/628
f 1507/611/629 1523/636/629 1483/2002/629
f 1474/2003/498 1476/2004/631 1472/2005/498
f 1526/2006/643 1472/2005/498 1524/2007/643
f 1489/497/630 1473/549/630 1513/2008/630
f 1478/2009/631 1480/2010/632 1476/2004/631
f 1480/582/632 1486/2000/633 1484/553/633
f 1486/2000/633 1488/521/634 1484/553/633
f 1490/1999/634 1492/566/635 1488/521/634
f 1492/2010/635 1498/2011/636 1496/2012/636
f 1496/2012/636 1502/2003/495 1500/2005/495
f 1500/2005/495 1506/2006/637 1504/2013/637
f 1504/2013/637 1510/2014/638 1508/2015/638
f 1510/618/638 1512/1991/640 1508/2016/638
f 1514/475/640 1516/1989/641 1512/1991/640
f 1518/516/641 1520/2017/642 1516/1989/641
f 1522/2018/642 1524/2007/643 1520/2019/642
f 1547/2020/644 1563/660/644 1579/684/644
f 1530/685/498 1532/620/646 1528/622/498
f 1580/2021/658 1530/685/498 1528/622/498
f 1545/591/645 1529/601/645 1569/2022/645
f 1534/2023/646 1536/2024/647 1532/620/646
f 1536/527/647 1542/2025/648 1540/513/648
f 1540/513/648 1546/2026/649 1544/507/649
f 1546/2026/649 1548/499/650 1544/507/649
f 1548/2024/650 1554/2023/651 1552/620/651
f 1554/2023/651 1556/622/495 1552/620/651
f 1556/622/495 1562/654/652 1560/2021/652
f 1560/2021/652 1566/2027/653 1564/2028/653
f 1564/2029/653 1570/667/655 1568/2030/655
f 1570/667/655 1572/2031/656 1568/2030/655
f 1574/674/656 1576/2032/657 1572/2031/656
f 1578/2027/657 1580/2021/658 1576/2028/657
f 1619/711/659 1635/732/659 1595/2033/659
f 1584/670/498 1590/2034/661 1588/668/661
f 1636/2035/672 1586/705/498 1584/670/498
f 1601/609/660 1585/650/660 1625/2036/660
f 1588/668/661 1594/2037/662 1592/2038/662
f 1594/2039/662 1596/452/663 1592/457/662
f 1598/2040/663 1600/446/664 1596/452/663
f 1602/2041/664 1604/438/665 1600/446/664
f 1606/2042/665 1608/691/666 1604/2043/665
f 1608/691/666 1614/705/495 1612/670/495
f 1612/670/495 1618/707/667 1616/2035/667
f 1618/707/667 1620/2044/668 1616/2035/667
f 1622/715/668 1624/1955/669 1620/2045/668
f 1626/313/669 1628/1953/670 1624/1955/669
f 1628/1953/670 1634/726/671 1632/2046/671
f 1634/2047/671 1636/2035/672 1632/2044/671
f 1659/2048/673 1675/760/673 1691/772/673
f 1642/698/498 1644/740/675 1640/718/498
f 1694/750/687 1640/718/498 1692/776/687
f 1657/658/674 1641/2049/674 1681/2050/674
f 1644/740/675 1650/2051/676 1648/2052/676
f 1650/2053/676 1652/704/677 1648/404/676
f 1654/2054/677 1656/678/679 1652/704/677
f 1658/2055/679 1660/377/680 1656/678/679
f 1662/2056/680 1664/740/681 1660/2052/680
f 1664/740/681 1670/742/495 1668/739/495
f 1668/739/495 1674/750/682 1672/776/682
f 1674/750/682 1676/2057/683 1672/776/682
f 1678/758/683 1680/2058/684 1676/2059/683
f 1682/761/684 1684/2060/685 1680/2058/684
f 1684/2060/685 1690/771/686 1688/2061/686
f 1690/2062/686 1692/776/687 1688/2057/686
f 1731/2063/688 1747/2064/688 1707/338/688
f 1698/745/498 1700/782/690 1696/762/498
f 1748/824/701 1698/745/498 1696/762/498
f 1713/2065/689 1697/1919/689 1737/235/689
f 1700/782/690 1706/2066/691 1704/2067/691
f 1706/598/691 1708/2068/692 1704/2069/691
f 1710/767/692 1712/2070/693 1708/2068/692
f 1714/735/693 1716/2071/694 1712/2070/693
f 1718/2066/694 1720/782/695 1716/2067/694
f 1722/783/695 1724/762/495 1720/782/695
f 1724/762/495 1730/790/696 1728/788/696
f 1730/790/696 1732/2072/697 1728/788/696
f 1734/2073/697 1736/810/698 1732/803/697
f 1738/2074/698 1740/809/699 1736/810/698
f 1740/809/699 1746/2075/700 1744/813/700
f 1744/2076/700 1750/790/701 1748/824/701
f 1771/266/702 1787/2077/702 1803/2078/702
f 1752/806/498 1758/787/704 1756/831/704
f 1806/842/715 1752/806/498 1804/868/715
f 1769/1905/703 1753/1904/703 1793/178/703
f 1758/787/704 1760/2079/705 1756/831/704
f 1760/2080/705 1766/777/706 1764/2081/706
f 1766/777/706 1768/2082/707 1764/2081/706
f 1770/778/707 1772/2083/708 1768/2082/707
f 1774/2084/708 1776/831/709 1772/2079/708
f 1778/787/709 1780/806/495 1776/831/709
f 1782/785/495 1784/868/710 1780/806/495
f 1784/868/710 1790/2085/711 1788/2086/711
f 1790/2087/711 1792/853/712 1788/854/711
f 1794/2088/712 1796/857/713 1792/853/712
f 1798/2089/713 1800/860/714 1796/857/713
f 1802/2090/714 1804/868/715 1800/2086/714
f 1843/2091/716 1859/2092/716 1819/840/716
f 1810/836/498 1812/2093/718 1808/884/498
f 1862/2094/729 1808/884/498 1860/916/729
f 1825/2095/717 1809/918/717 1849/899/717
f 1812/2093/718 1818/2096/719 1816/2097/719
f 1818/693/719 1820/2098/720 1816/2099/719
f 1820/2098/720 1826/792/721 1824/2100/721
f 1826/792/721 1828/2101/722 1824/2100/721
f 1828/2097/722 1834/838/723 1832/2093/723
f 1832/2093/723 1838/836/495 1836/884/495
f 1836/884/495 1842/2094/724 1840/916/724
f 1842/2094/724 1844/2102/725 1840/916/724
f 1846/2103/725 1848/896/726 1844/891/725
f 1850/2104/726 1852/902/727 1848/896/726
f 1854/2105/727 1856/913/728 1852/902/727
f 1856/2106/728 1862/2094/729 1860/916/729
f 1883/144/730 1899/941/730 1915/2107/730
f 1866/881/498 1868/2108/732 1864/930/498
f 1916/965/745 1866/881/498 1864/930/498
f 1881/2109/731 1865/966/731 1905/951/731
f 1870/883/732 1872/2110/735 1868/2108/732
f 1874/2111/735 1876/2112/736 1872/2113/735
f 1878/871/736 1880/2114/737 1876/2112/736
f 1882/872/737 1884/2115/738 1880/2114/737
f 1884/2110/738 1890/883/739 1888/2108/739
f 1888/2108/739 1894/881/495 1892/930/495
f 1894/881/495 1896/965/740 1892/930/495
f 1896/965/740 1902/2116/741 1900/2117/741
f 1900/947/741 1906/2118/742 1904/953/742
f 1906/2118/742 1908/952/743 1904/953/742
f 1910/2119/743 1912/2120/744 1908/952/743
f 1914/2116/744 1916/965/745 1912/2117/744
f 1955/58/499 1971/16/499 1931/933/499
f 1922/2121/498 1924/2122/511 1920/2123/498
f 1974/2124/500 1920/2123/498 1972/2125/500
f 1937/890/496 1921/44/496 1961/59/496
f 1926/2126/511 1928/2127/510 1924/2122/511
f 1930/2128/510 1932/2129/509 1928/2130/510
f 1934/920/509 1936/2131/508 1932/2129/509
f 1938/922/508 1940/2132/507 1936/2131/508
f 1942/2133/507 1944/2122/506 1940/2134/507
f 1946/2126/506 1948/2123/495 1944/2122/506
f 1950/2121/495 1952/2125/505 1948/2123/495
f 1954/2124/505 1956/2135/504 1952/2125/505
f 1958/2136/504 1960/988/503 1956/2137/504
f 1962/922/503 1964/986/502 1960/988/503
f 1966/920/502 1968/2138/501 1964/986/502
f 1970/2139/501 1972/2125/500 1968/2135/501
f 1995/994/513 2011/1017/513 2027/1046/513
f 1978/1047/498 1980/983/527 1976/985/498
f 2028/2140/514 1978/1047/498 1976/985/498
f 1993/938/512 1977/2141/512 2017/2142/521
f 1980/983/527 1986/2143/526 1984/2144/526
f 1986/2145/526 1988/975/525 1984/992/526
f 1988/975/525 1994/2146/524 1992/953/524
f 1994/2146/524 1996/2147/523 1992/953/524
f 1998/2148/523 2000/983/522 1996/2149/523
f 2000/983/522 2006/1011/495 2004/985/495
f 2006/1011/495 2008/2150/520 2004/985/495
f 2010/1013/520 2012/2151/519 2008/2150/520
f 2012/2115/519 2018/872/517 2016/2114/517
f 2016/2114/517 2022/871/516 2020/2112/516
f 2022/871/516 2024/2113/515 2020/2112/516
f 2026/2152/515 2028/2140/514 2024/2151/515
f 2067/1074/529 2083/1104/529 2043/2153/529
f 2032/1029/498 2038/2154/542 2036/1027/542
f 2084/2155/530 2034/1068/498 2032/1029/498
f 2049/997/528 2033/1006/528 2073/2156/528
f 2038/2154/542 2040/2157/541 2036/1027/542
f 2042/2158/541 2044/902/540 2040/980/541
f 2046/2105/540 2048/991/539 2044/902/540
f 2050/2104/539 2052/891/538 2048/991/539
f 2054/2159/538 2056/1027/537 2052/2157/538
f 2058/2154/537 2060/1029/495 2056/1027/537
f 2062/1068/495 2064/2160/535 2060/1029/495
f 2066/1070/535 2068/2161/534 2064/2160/535
f 2070/1081/534 2072/2162/533 2068/2163/534
f 2074/1084/533 2076/2164/532 2072/2162/533
f 2076/2164/532 2082/693/531 2080/2165/531
f 2082/2166/531 2084/2155/530 2080/2161/531
f 2107/2167/544 2123/1139/544 2139/2168/544
f 2088/1087/498 2094/1063/556 2092/1085/556
f 2140/1159/545 2090/1061/498 2088/1087/498
f 2105/1015/543 2089/2169/543 2129/2170/543
f 2092/1085/556 2098/2171/555 2096/2172/555
f 2098/2173/555 2100/857/554 2096/1100/555
f 2102/2089/554 2104/1035/553 2100/857/554
f 2104/1035/553 2110/2174/552 2108/1107/552
f 2110/2171/552 2112/1085/551 2108/2175/552
f 2114/1116/551 2116/1087/495 2112/1085/551
f 2116/1087/495 2122/1125/550 2120/1159/550
f 2120/1159/550 2126/2176/549 2124/2177/549
f 2124/2083/549 2130/778/548 2128/2082/548
f 2130/778/548 2132/2081/547 2128/2082/548
f 2134/777/547 2136/2080/546 2132/2081/547
f 2138/2178/546 2140/1159/545 2136/2177/546
f 2179/1193/558 2195/1211/558 2155/2179/558
f 2146/1118/498 2148/2180/570 2144/1141/498
f 2196/1175/559 2146/1118/498 2144/1141/498
f 2161/1072/557 2145/2181/557 2185/2182/557
f 2150/1120/570 2152/2183/569 2148/2180/570
f 2154/2184/569 2156/1123/568 2152/1076/569
f 2156/1123/568 2162/2185/567 2160/1094/567
f 2162/2185/567 2164/1160/566 2160/1094/567
f 2166/2186/566 2168/1166/565 2164/2187/566
f 2170/1170/565 2172/1141/495 2168/1166/565
f 2174/1118/495 2176/1175/564 2172/1141/495
f 2178/1178/564 2180/2188/563 2176/1175/564
f 2182/1191/563 2184/2189/562 2180/2190/563
f 2186/1195/562 2188/2191/561 2184/2189/562
f 2190/1203/561 2192/2192/560 2188/2191/561
f 2194/2193/560 2196/1175/559 2192/2188/560
f 2219/1151/572 2235/2194/572 2251/2195/572
f 2200/1196/498 2206/1172/584 2204/1225/584
f 2252/1233/573 2202/1273/498 2200/1196/498
f 2217/2050/571 2201/2196/571 2241/1252/571
f 2204/1225/584 2210/2197/583 2208/2198/583
f 2210/1003/583 2212/2199/582 2208/2200/583
f 2214/1162/582 2216/2201/581 2212/2199/582
f 2218/1163/581 2220/2202/580 2216/2201/581
f 2222/2203/580 2224/1225/579 2220/2204/580
f 2226/1172/579 2228/1224/495 2224/1225/579
f 2230/1229/495 2232/1233/578 2228/1224/495
f 2234/1236/578 2236/2205/577 2232/1233/578
f 2238/2206/577 2240/1249/576 2236/1250/577
f 2242/2207/576 2244/1255/575 2240/1249/576
f 2246/2208/575 2248/1268/574 2244/1255/575
f 2248/2205/574 2254/1236/573 2252/1233/573
f 2291/2209/586 2307/2210/586 2267/1234/586
f 2258/1230/498 2260/2211/598 2256/2212/498
f 2310/2213/587 2256/2212/498 2308/1288/587
f 2273/2214/585 2257/1329/585 2297/1308/585
f 2260/2211/598 2266/2215/597 2264/2216/597
f 2266/1058/597 2268/2217/596 2264/2218/597
f 2270/1257/596 2272/2219/595 2268/2217/596
f 2274/1220/595 2276/2220/594 2272/2219/595
f 2278/2215/594 2280/2211/593 2276/2216/594
f 2282/1232/593 2284/1290/495 2280/2211/593
f 2284/1290/495 2290/2213/592 2288/1288/592
f 2290/2213/592 2292/2221/591 2288/1288/592
f 2294/2222/591 2296/1311/590 2292/1305/591
f 2298/2223/590 2300/1310/589 2296/1311/590
f 2300/1310/589 2306/2224/588 2304/1315/588
f 2304/2221/588 2310/2213/587 2308/1288/587
f 2331/1263/600 2347/2225/600 2363/2226/600
f 2314/1343/498 2316/2227/614 2312/1346/498
f 2364/1390/601 2314/1343/498 2312/1346/498
f 2329/2228/599 2313/1391/599 2353/1367/599
f 2316/2227/614 2322/2229/613 2320/2230/613
f 2322/1115/613 2324/2231/612 2320/2232/613
f 2326/1276/612 2328/2233/611 2324/2231/612
f 2328/2233/611 2334/1238/609 2332/2234/609
f 2334/2235/609 2336/2236/608 2332/2237/609
f 2336/2236/608 2342/1343/495 2340/1346/495
f 2342/1343/495 2344/1390/607 2340/1346/495
f 2346/2238/607 2348/2239/606 2344/1390/607
f 2348/1357/606 2354/2240/605 2352/1365/605
f 2354/2240/605 2356/1371/603 2352/1365/605
f 2358/2241/603 2360/1384/602 2356/1371/603
f 2360/2242/602 2366/2238/601 2364/1390/601
f 2403/2243/616 2419/1443/616 2379/1349/616
f 2368/2244/498 2374/2245/628 2372/2246/628
f 2420/2247/617 2370/2248/498 2368/2244/498
f 2385/2249/615 2369/1450/615 2409/1426/615
f 2374/2245/628 2376/2250/627 2372/2246/628
f 2376/2251/627 2382/1374/626 2380/2252/626
f 2382/1374/626 2384/2253/625 2380/2252/626
f 2386/1333/625 2388/2254/624 2384/2253/625
f 2388/2255/624 2394/2245/623 2392/2246/623
f 2394/2245/623 2396/2244/495 2392/2246/623
f 2396/2244/495 2402/2256/622 2400/2257/622
f 2402/2256/622 2404/2258/621 2400/2257/622
f 2406/2259/621 2408/1431/620 2404/1423/621
f 2410/2260/620 2412/1430/619 2408/1431/620
f 2414/2261/619 2416/1435/618 2412/1430/619
f 2418/2262/618 2420/2247/617 2416/2263/618
f 2443/1453/630 2459/1482/630 2475/1504/630
f 2426/2264/498 2428/2265/643 2424/2266/498
f 2476/2267/631 2426/2264/498 2424/2266/498
f 2441/1396/629 2425/1406/629 2465/2268/629
f 2430/2269/643 2432/2270/642 2428/2265/643
f 2434/2271/642 2436/1410/641 2432/1445/642
f 2438/2272/641 2440/1381/640 2436/1410/641
f 2442/2273/640 2444/1379/638 2440/1381/640
f 2444/2274/638 2450/2269/637 2448/2275/637
f 2450/2269/637 2452/2266/495 2448/2275/637
f 2454/2264/495 2456/2267/636 2452/2266/495
f 2458/2276/636 2460/2277/635 2456/2267/636
f 2462/1483/635 2464/2278/634 2460/2279/635
f 2466/1485/634 2468/2280/633 2464/2278/634
f 2468/2280/633 2474/1498/632 2472/2281/632
f 2472/2277/632 2478/2276/631 2476/2267/631
f 2515/1534/645 2531/382/645 2491/2282/645
f 2482/1556/498 2484/1511/658 2480/1486/498
f 2534/2283/646 2480/1486/498 2532/2284/646
f 2497/1455/644 2481/2285/644 2521/2286/644
f 2484/1511/658 2490/2287/657 2488/2288/657
f 2490/2289/657 2492/1470/656 2488/1501/657
f 2494/2290/656 2496/1439/655 2492/1470/656
f 2496/1439/655 2502/2291/653 2500/1437/653
f 2502/2292/653 2504/1511/652 2500/2293/653
f 2504/1511/652 2510/1556/495 2508/2294/495
f 2510/1556/495 2512/2295/651 2508/2294/495
f 2514/1523/651 2516/2296/650 2512/2295/651
f 2516/2297/650 2522/1535/649 2520/2298/649
f 2522/1535/649 2524/2299/648 2520/2298/649
f 2526/1543/648 2528/2300/647 2524/2299/648
f 2530/2301/647 2532/2284/646 2528/2296/647
f 2555/2302/660 2571/1591/660 2587/1607/660
f 2536/1539/498 2542/2303/672 2540/1537/672
f 2590/1579/661 2536/1539/498 2588/2304/661
f 2553/1509/659 2537/2305/659 2577/2306/659
f 2542/2303/672 2544/2307/671 2540/1537/672
f 2546/2224/671 2548/1310/670 2544/1315/671
f 2550/2308/670 2552/1311/669 2548/1310/670
f 2552/1311/669 2558/2222/668 2556/1305/668
f 2556/2307/668 2562/2303/667 2560/1537/667
f 2562/2303/667 2564/2309/495 2560/1537/667
f 2566/1577/495 2568/2304/666 2564/2309/495
f 2568/2304/666 2574/2310/665 2572/2311/665
f 2574/1589/665 2576/2312/664 2572/2220/665
f 2578/1592/664 2580/2313/663 2576/2312/664
f 2582/1599/663 2584/2218/662 2580/2313/663
f 2586/2310/662 2588/2304/661 2584/2311/662
f 2627/1634/674 2643/1658/674 2603/2314/674
f 2594/1663/498 2596/1593/687 2592/1595/498
f 2646/1628/675 2592/1595/498 2644/1662/675
f 2609/1560/673 2593/2315/673 2633/2316/673
f 2598/1569/687 2600/2317/686 2596/1593/687
f 2602/2318/686 2604/1576/685 2600/1268/686
f 2606/2208/685 2608/1547/684 2604/1576/685
f 2610/2207/684 2612/1250/683 2608/1547/684
f 2612/2317/683 2618/1569/682 2616/1593/682
f 2616/1593/682 2622/1620/495 2620/1624/495
f 2620/1624/495 2626/1628/681 2624/1662/681
f 2624/1662/681 2630/2319/680 2628/2320/680
f 2630/1640/680 2632/2201/679 2628/2321/680
f 2634/1644/679 2636/2199/677 2632/2201/679
f 2638/1652/677 2640/2322/676 2636/2199/677
f 2642/2323/676 2644/1662/675 2640/2324/676
f 2667/1665/689 2683/2325/689 2699/2326/689
f 2648/1645/498 2654/1621/701 2652/2327/701
f 2702/1678/690 2648/1645/498 2700/1715/690
f 2665/2328/688 2649/2181/688 2689/1694/688
f 2654/1621/701 2656/2329/700 2652/2327/701
f 2656/2330/700 2662/1650/699 2660/2331/699
f 2662/1650/699 2664/2332/698 2660/2331/699
f 2666/1612/698 2668/2333/697 2664/2332/698
f 2668/2334/697 2674/1621/696 2672/1670/696
f 2672/1670/696 2678/1671/495 2676/1668/495
f 2678/1671/495 2680/2335/695 2676/1668/495
f 2680/2335/695 2686/2336/694 2684/2337/694
f 2686/1924/694 2688/1691/693 2684/1682/694
f 2690/2338/693 2692/1698/692 2688/1691/693
f 2692/1698/692 2698/2339/691 2696/1711/691
f 2698/2336/691 2700/1715/690 2696/2340/691
f 2739/2341/703 2755/2342/703 2715/1149/703
f 2704/1695/498 2710/1672/715 2708/1722/715
f 2758/1732/704 2704/1695/498 2756/1763/704
f 2721/2343/702 2705/2169/702 2745/1015/702
f 2708/1722/715 2714/2344/714 2712/2345/714
f 2714/1514/714 2716/1915/713 2712/2346/714
f 2718/276/713 2720/1914/712 2716/1915/713
f 2722/268/712 2724/2347/711 2720/1914/712
f 2724/2345/711 2730/1672/710 2728/1722/710
f 2730/1672/710 2732/1695/495 2728/1722/710
f 2734/1724/495 2736/1763/709 2732/1695/495
f 2736/1763/709 2742/2348/708 2740/2349/708
f 2742/2350/708 2744/160/707 2740/1743/708
f 2746/1910/707 2748/1747/706 2744/160/707
f 2748/1747/706 2754/2351/705 2752/1759/705
f 2754/2348/705 2756/1763/704 2752/2352/705
f 2779/1706/717 2795/2353/717 2811/2354/717
f 2762/2355/498 2764/2356/729 2760/1775/498
f 2812/1811/718 2762/2355/498 2760/1775/498
f 2777/2156/716 2761/1006/716 2801/1794/716
f 2766/1725/729 2768/2357/728 2764/2356/729
f 2770/223/728 2772/2358/727 2768/2359/728
f 2774/1749/727 2776/2360/726 2772/2358/727
f 2776/2360/726 2782/1679/725 2780/2361/725
f 2780/2357/725 2786/1725/724 2784/2356/724
f 2784/2356/724 2790/1771/495 2788/1775/495
f 2788/1775/495 2794/2362/723 2792/1811/723
f 2792/1811/723 2798/2363/722 2796/2364/722
f 2796/1792/722 2802/2365/721 2800/1791/721
f 2802/2365/721 2804/1797/720 2800/1791/721
f 2806/2366/720 2808/168/719 2804/1797/720
f 2810/2363/719 2812/1811/718 2808/2364/719
f 2851/1829/733 2867/1848/731 2827/1779/731
f 2818/1772/498 2820/2367/745 2816/1822/498
f 2868/1852/732 2818/1772/498 2816/1822/498
f 2833/2368/730 2817/1853/734 2857/1838/734
f 2820/2367/745 2826/2369/744 2824/2370/744
f 2824/2371/744 2830/1800/743 2828/2372/743
f 2830/1800/743 2832/2373/742 2828/2372/743
f 2834/1766/742 2836/2374/741 2832/2373/742
f 2838/2369/741 2840/2375/740 2836/2370/741
f 2840/2375/740 2846/1772/495 2844/1822/495
f 2846/1772/495 2848/1852/739 2844/1822/495
f 2848/1852/739 2854/2376/738 2852/2377/738
f 2854/2378/738 2856/1839/737 2852/1834/738
f 2856/1839/737 2862/2379/736 2860/1844/736
f 2860/1844/736 2866/2380/735 2864/1843/735
f 2866/2376/735 2868/1852/732 2864/2381/735
f 2875/2382/498 2884/1828/498 2873/28/498
f 2887/1819/499 2878/6/499 2885/40/499
f 942/1/484 941/74/485 940/2/485
f 932/7/480 931/1856/480 943/8/486
f 944/9/486 943/8/486 954/16/491
f 928/18/477 927/2383/478 926/19/478
f 935/21/482 934/2384/482 933/22/481
f 930/7/479 938/9/483 937/8/483
f 947/25/488 946/44/488 945/16/487
f 948/17/487 945/16/487 937/8/483
f 924/35/476 923/2385/476 931/36/480
f 952/41/489 951/2386/490 950/42/490
f 956/25/1 955/17/491 954/16/491
f 959/45/493 958/65/493 957/46/492
f 922/51/473 921/2387/475 920/52/474
f 930/54/479 929/2388/479 917/55/472
f 924/57/476 916/63/471 915/58/471
f 914/60/469 913/123/470 912/61/470
f 918/57/472 917/1862/472 909/58/468
f 908/64/467 907/88/467 958/65/493
f 916/63/471 906/67/466 905/66/466
f 910/63/468 909/58/468 903/66/465
f 902/68/464 901/69/464 905/66/466
f 900/68/463 904/67/465 903/66/465
f 936/23/481 933/22/481 897/70/462
f 896/72/461 895/75/461 901/69/464
f 894/73/460 893/966/460 940/2/485
f 900/68/463 899/69/463 891/75/459
f 890/76/457 889/168/458 888/77/458
f 886/79/24 885/85/24 895/75/461
f 883/80/456 882/116/456 881/81/455
f 892/72/459 891/75/459 879/83/13
f 886/79/24 878/90/25 877/84/25
f 880/79/13 879/83/13 875/86/12
f 942/1/484 939/3/484 907/88/467
f 874/89/7 873/101/7 877/84/25
f 872/91/454 922/119/473 919/92/473
f 876/94/12 875/2389/12 869/95/453
f 867/97/452 866/176/452 865/98/451
f 874/89/7 864/104/91 863/100/91
f 870/102/453 869/933/453 861/103/22
f 921/105/475 898/71/462 897/70/462
f 864/104/91 860/111/92 859/107/92
f 857/108/450 856/822/449 855/109/448
f 854/111/21 862/104/22 861/103/22
f 956/25/1 953/44/1 859/107/92
f 947/25/488 854/111/21 853/107/21
f 935/112/482 852/2390/447 851/113/447
f 883/80/456 850/153/446 849/115/446
f 960/47/492 957/46/492 847/117/445
f 846/91/444 845/93/444 851/92/447
f 844/120/443 848/118/445 847/117/445
f 842/122/442 841/2391/442 912/61/470
f 840/124/441 839/136/441 845/125/444
f 868/99/451 865/98/451 837/127/440
f 844/129/443 843/174/443 835/130/439
f 833/132/438 832/178/438 831/133/437
f 830/135/436 829/144/436 839/136/441
f 828/137/434 827/227/435 826/138/435
f 836/140/439 835/2392/439 823/141/433
f 822/143/432 821/152/432 829/144/436
f 820/145/431 824/1882/433 823/146/433
f 890/148/457 887/2393/457 817/149/430
f 822/143/432 816/157/429 815/151/429
f 850/153/446 914/60/469 911/62/469
f 820/145/431 819/147/431 813/154/428
f 812/156/59 811/167/59 815/151/429
f 809/158/427 808/237/427 807/159/426
f 806/161/425 814/155/428 813/154/428
f 803/163/423 802/291/423 801/164/422
f 812/156/59 800/172/60 799/166/60
f 889/168/458 838/128/440 837/127/440
f 798/169/421 806/2394/425 805/170/425
f 800/172/60 872/2395/454 871/173/454
f 798/131/421 797/130/421 893/174/460
f 796/175/420 795/1785/420 866/176/452
f 794/177/419 793/215/419 832/178/438
f 884/82/455 881/81/455 791/179/418
f 790/150/417 789/149/417 795/181/420
f 788/182/415 787/284/416 786/183/416
f 792/180/418 791/179/418 783/185/414
f 927/187/478 782/244/413 781/188/413
f 790/190/417 780/198/412 779/191/412
f 810/160/426 807/159/426 777/193/411
f 784/195/414 783/233/414 775/196/410
f 780/198/412 774/206/409 773/199/409
f 771/200/408 770/2396/407 769/201/406
f 776/203/410 775/1769/410 767/204/405
f 774/206/409 766/214/404 765/207/404
f 768/205/405 767/204/405 763/208/403
f 762/210/402 828/243/434 825/211/434
f 760/213/401 759/222/401 765/207/404
f 794/177/419 928/18/477 925/20/477
f 764/209/403 763/208/403 757/216/400
f 755/218/398 754/235/398 753/219/397
f 760/213/401 752/226/31 751/221/31
f 750/223/396 758/217/400 757/216/400
f 748/225/32 747/231/32 751/221/31
f 778/194/411 777/193/411 826/138/435
f 746/228/395 750/223/396 749/224/396
f 818/230/430 817/2397/430 747/231/32
f 842/195/442 746/197/395 745/232/395
f 755/218/398 744/269/394 743/234/394
f 742/236/393 741/2398/393 808/237/427
f 740/238/392 834/134/437 831/133/437
f 738/240/390 737/682/391 736/241/391
f 734/210/389 733/212/389 741/211/393
f 740/187/392 739/189/392 731/188/388
f 804/165/424 801/164/422 729/245/387
f 734/210/389 728/289/386 727/247/386
f 857/248/450 726/301/385 725/249/385
f 732/244/388 731/188/388 723/251/384
f 721/253/383 720/346/383 719/254/382
f 718/256/381 717/266/381 727/257/386
f 715/259/380 714/293/380 713/260/379
f 712/262/378 724/1720/384 723/263/384
f 710/265/377 709/271/377 717/266/381
f 712/262/378 711/264/378 707/267/376
f 858/110/448 855/109/448 743/234/394
f 706/270/375 705/281/375 709/271/377
f 788/272/415 785/2399/415 703/273/373
f 708/268/376 707/267/376 701/275/372
f 699/277/371 698/353/371 697/278/370
f 706/270/375 696/286/3 695/280/3
f 694/282/369 702/276/372 701/275/372
f 787/284/416 730/246/387 729/245/387
f 692/285/4 691/757/4 695/280/3
f 690/287/368 694/282/369 693/283/369
f 692/289/4 762/210/402 761/212/402
f 782/244/413 690/252/368 689/251/368
f 688/290/367 687/2400/367 802/291/423
f 715/259/380 686/334/366 685/292/366
f 684/294/365 756/220/399 753/219/397
f 682/274/363 681/308/363 687/296/367
f 680/298/361 679/487/362 678/299/362
f 676/301/360 684/248/365 683/302/364
f 674/304/358 673/365/358 950/305/490
f 682/274/363 672/350/357 671/307/356
f 670/309/355 700/279/370 697/278/370
f 676/301/360 675/303/359 667/311/354
f 665/313/353 664/355/353 663/314/352
f 672/316/357 662/326/351 661/317/351
f 660/319/349 659/406/350 658/320/350
f 668/322/354 667/2401/354 655/323/348
f 654/325/347 653/333/347 661/317/351
f 656/324/348 655/323/348 651/327/346
f 650/329/345 722/360/382 719/330/382
f 648/332/344 647/338/344 653/333/347
f 952/41/489 949/43/489 685/292/366
f 646/335/343 652/328/346 651/327/346
f 648/332/344 644/345/342 643/337/341
f 642/339/339 641/412/340 640/340/340
f 638/342/338 646/335/343 645/336/343
f 636/344/337 635/713/336 643/337/341
f 670/309/355 669/310/355 720/346/383
f 634/347/335 638/342/338 637/343/338
f 704/274/374 703/273/373 635/349/336
f 634/351/335 633/2402/335 725/249/385
f 699/277/371 632/2403/334 631/352/334
f 630/354/333 629/394/333 664/355/353
f 628/356/332 716/261/379 713/260/379
f 626/358/331 625/331/331 631/359/334
f 624/361/329 623/548/330 622/362/330
f 620/364/328 628/306/332 627/305/332
f 618/366/327 617/2404/327 770/367/407
f 626/358/331 616/409/326 615/369/326
f 642/339/339 639/341/339 613/370/325
f 620/364/328 619/365/328 611/372/324
f 610/374/322 609/413/323 608/375/323
f 606/377/321 605/387/321 615/378/326
f 604/380/319 603/466/320 602/381/320
f 612/383/324 611/2405/324 599/384/318
f 598/386/317 597/393/317 605/387/321
f 600/385/318 599/384/318 595/388/316
f 660/319/349 657/321/349 593/390/315
f 592/392/314 591/398/314 597/393/317
f 630/354/333 772/202/406 769/201/406
f 596/389/316 595/388/316 589/395/313
f 592/392/314 588/404/312 587/397/312
f 585/399/311 584/474/310 583/400/309
f 582/402/308 590/396/313 589/395/313
f 588/404/312 580/662/307 579/405/307
f 614/371/325 613/370/325 658/320/350
f 582/402/308 581/403/308 577/407/306
f 650/329/345 649/331/345 579/369/307
f 674/304/358 578/2406/306 577/410/306
f 576/411/305 575/418/305 640/340/340
f 609/413/323 574/454/304 573/414/304
f 666/315/352 663/314/352 571/415/303
f 576/411/305 570/2407/302 569/417/302
f 567/419/300 566/602/300 565/420/299
f 564/366/298 572/368/303 571/422/303
f 737/424/391 562/484/297 561/425/297
f 560/427/296 559/2408/296 569/428/302
f 558/430/295 586/401/309 583/400/309
f 556/432/294 564/2409/298 563/433/298
f 554/435/292 553/475/293 552/436/293
f 550/438/291 549/447/291 559/439/296
f 548/441/289 547/528/290 546/442/290
f 544/444/288 556/432/294 555/434/294
f 542/446/287 541/453/287 549/447/291
f 544/444/288 543/445/288 539/448/286
f 604/380/319 601/382/319 537/450/284
f 536/452/283 535/458/283 541/453/287
f 738/240/390 735/242/390 573/414/304
f 534/455/282 540/449/286 539/448/286
f 532/457/281 531/465/281 535/458/283
f 530/459/279 529/535/280 528/460/280
f 526/462/278 534/455/282 533/456/282
f 532/457/281 524/613/277 523/464/277
f 603/466/320 558/430/295 557/431/295
f 526/462/278 525/463/278 521/467/276
f 524/469/277 594/429/315 593/428/315
f 618/471/327 522/468/276 521/467/276
f 520/473/275 519/480/275 584/474/310
f 553/475/293 518/516/274 517/476/274
f 610/374/322 607/376/322 515/477/273
f 520/473/275 514/2410/272 513/479/272
f 512/481/270 511/649/271 510/482/271
f 508/484/269 516/2411/273 515/426/273
f 506/486/267 505/586/267 678/299/362
f 504/488/266 503/2412/266 513/489/272
f 530/459/279 527/461/279 501/491/265
f 500/493/264 508/1517/269 507/494/268
f 498/496/262 497/537/263 496/497/263
f 494/499/261 493/508/261 503/500/266
f 491/502/260 490/2413/260 489/503/259
f 500/493/264 499/495/264 487/505/257
f 486/507/256 485/514/256 493/508/261
f 484/509/255 488/506/258 487/505/257
f 548/441/289 545/443/289 481/511/254
f 480/513/253 479/520/253 485/514/256
f 680/515/361 677/2414/361 517/476/274
f 484/509/255 483/510/255 477/517/252
f 480/513/253 476/527/251 475/519/251
f 474/521/249 473/566/250 472/522/250
f 478/518/252 477/517/252 469/524/248
f 468/526/247 467/561/247 475/519/251
f 547/528/290 502/492/265 501/491/265
f 466/529/246 470/525/248 469/524/248
f 538/490/285 537/2415/284 467/531/247
f 466/529/246 465/530/246 561/532/297
f 464/534/245 463/542/245 528/460/280
f 462/536/244 461/571/244 496/497/263
f 554/538/292 551/2416/292 459/539/243
f 458/541/242 457/551/242 463/542/245
f 455/543/241 454/2417/241 453/544/240
f 452/546/239 460/540/243 459/539/243
f 623/548/330 450/637/238 449/549/238
f 448/550/237 447/560/237 457/551/242
f 474/521/249 471/523/249 445/552/236
f 444/554/235 452/546/239 451/547/239
f 441/556/234 440/591/234 439/557/233
f 438/559/232 437/1980/232 447/560/237
f 435/527/231 434/519/231 433/561/230
f 432/563/229 444/554/235 443/555/235
f 430/521/228 429/523/228 437/565/232
f 428/567/227 432/563/229 431/564/229
f 492/504/259 489/503/259 425/569/226
f 424/553/225 423/552/225 429/523/228
f 462/536/244 624/361/329 621/363/329
f 428/567/227 427/568/227 421/572/224
f 424/553/225 420/582/223 419/574/223
f 418/507/221 417/499/222 416/508/222
f 414/576/220 422/573/224 421/572/224
f 412/578/219 411/585/219 419/579/223
f 446/553/236 445/552/236 490/581/260
f 414/576/220 413/577/220 409/583/218
f 412/578/219 482/512/254 481/511/254
f 410/584/218 409/583/218 505/586/267
f 408/587/217 407/595/217 472/588/250
f 406/590/216 405/625/216 440/591/234
f 498/496/262 495/498/262 403/592/215
f 408/587/217 402/604/214 401/594/214
f 399/596/213 398/2418/213 397/597/212
f 404/593/215 403/592/215 395/599/211
f 567/419/300 394/2419/210 393/601/209
f 392/603/208 391/612/208 401/594/214
f 418/507/221 415/575/221 389/605/207
f 396/600/211 395/599/211 387/606/206
f 386/608/204 385/639/205 384/609/205
f 392/603/208 382/616/203 381/611/203
f 379/457/202 378/465/202 377/464/201
f 376/614/200 388/607/206 387/606/206
f 382/616/203 374/624/199 373/617/199
f 376/618/200 375/2420/200 371/619/198
f 436/620/230 433/2421/230 369/621/197
f 368/623/196 367/628/196 373/617/199
f 406/590/216 568/421/301 565/420/299
f 366/516/195 372/475/198 371/619/198
f 368/623/196 364/632/194 363/627/194
f 361/438/193 360/447/193 359/453/192
f 358/629/191 366/516/195 365/626/195
f 356/631/190 355/636/190 363/627/194
f 390/513/207 389/605/207 434/519/231
f 358/633/191 357/2422/191 353/634/189
f 426/570/226 425/569/226 355/636/190
f 450/637/238 354/635/189 353/634/189
f 352/638/188 351/500/188 416/508/222
f 385/639/205 350/673/187 349/640/187
f 348/641/186 442/558/233 439/557/233
f 346/622/185 345/2423/184 351/643/188
f 344/644/182 343/1157/183 342/645/183
f 348/641/186 347/642/186 339/647/181
f 511/649/271 338/2424/180 337/650/180
f 336/651/179 335/661/179 345/652/184
f 362/446/192 359/453/192 333/458/178
f 332/654/177 340/685/181 339/655/181
f 330/657/175 329/688/176 328/658/176
f 336/651/179 326/664/174 325/660/174
f 323/404/173 322/397/173 321/405/172
f 320/374/171 332/478/177 331/477/177
f 326/664/174 318/671/170 317/665/170
f 320/374/171 319/663/171 315/666/169
f 380/668/201 377/2425/201 313/669/168
f 318/671/170 312/677/167 311/672/167
f 512/481/270 509/483/270 349/640/187
f 310/674/166 316/667/169 315/666/169
f 308/676/165 307/681/164 311/672/167
f 306/678/162 305/377/163 304/387/163
f 302/240/161 310/674/166 309/675/166
f 300/680/160 299/684/160 307/681/164
f 334/452/178 333/458/178 378/465/202
f 302/240/161 301/679/161 297/241/159
f 300/680/160 370/1309/197 369/683/197
f 394/685/210 298/2426/159 297/656/159
f 361/438/193 296/440/158 295/439/158
f 294/687/157 293/723/157 328/658/176
f 386/608/204 383/610/204 291/689/156
f 296/691/158 290/670/155 289/669/155
f 288/693/153 287/2427/154 286/694/154
f 284/696/152 292/690/156 291/689/156
f 282/698/151 281/744/151 454/699/241
f 280/701/150 279/712/150 289/702/155
f 306/678/162 303/393/162 277/398/149
f 284/705/152 283/2428/152 275/706/147
f 274/708/145 273/735/146 272/709/146
f 280/701/150 270/717/144 269/711/144
f 268/344/143 267/345/142 266/337/142
f 276/714/148 275/2429/147 263/314/140
f 262/716/139 261/722/139 269/711/144
f 260/313/138 264/715/140 263/314/140
f 258/718/137 324/740/172 321/719/172
f 256/721/136 255/725/136 261/722/139
f 456/545/240 453/544/240 293/723/157
f 260/313/138 259/355/138 253/394/135
f 256/721/136 252/728/134 251/724/134
f 250/325/131 249/326/133 248/317/132
f 254/354/135 253/394/135 245/201/130
f 244/727/129 243/732/129 251/724/134
f 278/704/149 277/398/149 322/397/173
f 246/726/130 245/201/130 241/729/128
f 244/727/129 314/2430/168 313/731/168
f 338/705/180 242/707/128 241/733/128
f 305/377/163 240/379/127 239/378/127
f 273/735/146 238/767/126 237/736/126
f 330/657/175 327/659/175 235/737/125
f 234/739/124 233/720/124 239/719/127
f 231/169/123 230/2431/123 229/170/122
f 228/742/121 236/2432/125 235/743/125
f 226/745/120 225/826/119 398/746/213
f 234/739/124 224/776/118 223/748/118
f 250/325/131 247/333/131 221/338/117
f 228/742/121 227/744/121 219/749/116
f 218/751/114 217/778/115 216/752/115
f 214/754/113 213/760/113 223/755/118
f 211/286/112 210/280/112 209/757/111
f 208/758/110 220/2433/116 219/357/116
f 206/759/109 205/766/109 213/760/113
f 208/758/110 207/260/110 203/293/108
f 202/762/107 268/782/143 265/763/141
f 206/759/109 200/770/106 199/765/106
f 400/598/212 397/597/212 237/736/126
f 198/768/105 204/761/108 203/293/108
f 196/769/104 195/773/104 199/765/106
f 194/265/102 193/256/103 192/266/103
f 198/768/105 197/292/105 189/43/101
f 196/769/104 188/2434/100 187/772/100
f 222/332/117 221/338/117 266/337/142
f 186/774/99 190/771/101 189/43/101
f 258/718/137 257/720/137 187/775/100
f 282/698/151 186/750/99 185/749/99
f 184/316/98 183/318/97 248/317/132
f 182/777/96 181/811/96 216/752/115
f 180/779/95 274/708/145 271/710/145
f 178/762/94 177/789/93 183/781/97
f 175/111/92 174/107/92 173/103/91
f 180/783/95 179/2435/95 171/784/90
f 170/785/89 169/835/89 342/786/183
f 168/788/88 167/2436/88 177/789/93
f 194/265/102 191/271/102 165/281/87
f 164/790/86 172/745/90 171/784/90
f 161/792/84 160/828/84 159/793/83
f 168/795/88 158/803/82 157/796/82
f 155/798/81 154/866/81 153/799/80
f 164/801/86 163/295/85 151/219/79
f 158/803/82 150/810/78 149/804/78
f 152/802/79 151/219/79 147/235/77
f 146/806/76 212/831/111 209/807/111
f 144/809/75 143/814/74 149/804/78
f 344/644/182 341/646/182 181/811/96
f 142/812/73 148/805/77 147/235/77
f 140/813/72 139/820/72 143/814/74
f 138/815/70 137/869/71 136/816/71
f 142/812/73 141/234/73 133/109/68
f 132/819/67 131/2437/67 139/820/72
f 166/270/87 165/281/87 210/280/112
f 130/821/66 134/818/69 133/109/68
f 202/762/107 201/764/107 131/823/67
f 226/745/120 130/790/66 129/825/65
f 128/258/64 127/257/64 192/266/103
f 161/792/84 126/859/63 125/827/63
f 124/829/62 218/751/114 215/753/114
f 128/831/64 122/806/61 121/808/61
f 120/832/59 119/974/60 118/833/60
f 116/785/58 124/787/62 123/786/62
f 114/836/57 113/2438/57 286/837/154
f 122/806/61 112/868/56 111/839/56
f 138/815/70 135/817/70 109/840/55
f 108/842/54 116/785/58 115/835/58
f 106/844/52 105/872/53 104/845/53
f 112/847/56 102/854/51 101/848/51
f 100/850/49 99/156/50 98/167/50
f 96/852/48 108/2439/54 107/239/54
f 94/853/47 93/858/47 101/848/51
f 92/132/46 96/852/48 95/133/48
f 156/800/80 153/799/80 89/855/45
f 88/857/44 87/861/44 93/858/47
f 126/859/63 288/693/153 285/695/153
f 92/132/46 91/178/46 85/215/43
f 84/860/42 83/865/42 87/861/44
f 81/135/41 80/144/41 79/862/40
f 86/177/43 85/215/43 77/20/39
f 76/864/38 75/2440/38 83/865/42
f 110/841/55 109/840/55 154/866/81
f 74/867/37 78/863/39 77/20/39
f 146/806/76 145/808/76 75/839/38
f 74/842/37 73/843/37 169/835/89
f 137/869/71 72/875/36 71/870/36
f 70/871/35 69/905/35 104/845/53
f 162/794/83 159/793/83 67/873/34
f 72/875/36 66/2441/33 65/876/33
f 63/877/32 62/1007/32 61/878/31
f 60/836/30 68/838/34 67/837/34
f 58/881/29 57/929/29 230/882/123
f 66/884/33 56/916/28 55/885/28
f 54/157/27 82/143/40 79/862/40
f 60/888/30 59/2442/30 51/179/26
f 50/79/24 49/910/25 48/890/25
f 46/891/23 45/897/23 55/892/28
f 44/111/21 43/962/22 42/103/22
f 52/889/26 51/179/26 39/894/20
f 38/896/19 37/903/19 45/897/23
f 36/898/18 40/895/20 39/894/20
f 34/900/17 100/850/49 97/851/49
f 32/902/16 31/909/16 37/903/19
f 70/871/35 232/2111/122 229/904/122
f 36/898/18 35/899/18 29/906/15
f 32/902/16 28/913/14 27/908/14
f 26/910/12 25/967/13 24/83/13
f 30/907/15 29/906/15 21/911/11
f 28/913/14 20/982/10 19/914/10
f 54/157/27 53/887/27 98/167/50
f 18/915/9 22/912/11 21/911/11
f 90/884/45 89/2443/45 19/885/10
f 114/917/57 18/915/9 17/61/9
f 81/135/41 16/925/8 15/919/8
f 14/920/7 13/2444/7 48/921/25
f 12/140/6 106/2445/52 103/141/52
f 10/924/5 9/2446/5 15/919/8
f 7/926/4 6/2447/4 5/927/3
f 4/881/2 12/883/6 11/882/6
f 2/25/1 1/44/1 174/107/92
f 10/930/5 2889/965/746 2890/931/746
f 26/910/12 23/86/12 2892/933/453
f 4/120/2 3/121/2 2894/935/747
f 2895/937/436 2896/969/432 2897/938/432
f 2889/940/746 2899/2448/748 2900/941/748
f 2901/943/421 2902/2449/425 2903/944/425
f 2905/946/749 2893/936/747 2894/935/747
f 2899/947/748 2907/953/750 2908/948/750
f 2909/950/751 2905/946/749 2906/46/749
f 2911/25/488 44/111/21 41/107/21
f 2913/952/752 2914/958/752 2908/948/750
f 176/104/91 173/103/91 13/954/7
f 2909/950/751 2910/951/751 2916/955/753
f 2913/952/752 2917/2120/754 2918/957/754
f 2919/953/431 2920/2147/755 2921/949/755
f 2923/1/756 2915/956/753 2916/955/753
f 2925/51/757 2926/2107/757 2918/960/754
f 43/962/22 2891/934/453 2892/933/453
f 2923/1/756 2924/3/756 2928/963/758
f 34/930/17 33/2450/17 2926/931/757
f 58/73/29 2927/964/758 2928/963/758
f 25/967/13 2929/72/459 2930/75/459
f 2931/968/429 2932/989/429 2897/938/432
f 2933/72/461 50/79/24 47/83/24
f 2935/68/463 2936/69/463 2930/75/459
f 2938/970/337 2939/2451/336 2940/971/342
f 2941/68/464 2933/72/461 2934/75/461
f 2943/973/454 2944/2141/454 118/833/60
f 2935/68/463 2945/67/465 2946/66/465
f 2947/975/428 2919/953/431 2922/959/431
f 2941/68/464 2942/69/464 2950/66/466
f 2952/977/404 2953/997/404 2954/978/409
f 2955/63/468 2956/58/468 2946/66/465
f 2958/980/396 2959/1041/396 2960/981/395
f 2949/67/466 2950/66/466 2962/58/471
f 2963/57/472 2964/1862/472 2956/58/468
f 2965/57/476 2961/63/471 2962/58/471
f 2901/983/421 2904/2452/421 2968/984/460
f 2969/986/479 2970/2453/479 2964/987/472
f 2931/968/429 120/832/59 117/834/59
f 2965/922/476 2966/2454/476 2972/990/480
f 2969/7/479 2973/9/483 2974/8/483
f 2976/891/405 2977/1050/405 2978/903/403
f 2971/7/480 2972/1856/480 2980/8/486
f 2973/9/483 2981/17/487 2982/16/487
f 2902/992/425 2947/975/428 2948/976/428
f 2979/9/486 2980/8/486 2984/16/491
f 2911/25/488 2912/44/488 2982/16/487
f 2/25/1 2983/17/491 2984/16/491
f 2985/993/439 2986/2455/439 2921/994/755
f 2987/996/401 2988/1032/401 2953/997/404
f 2895/937/436 2898/939/436 2990/998/441
f 2991/985/443 2992/984/443 2986/1000/439
f 2994/1001/307 2995/1661/307 2996/1002/312
f 2989/999/441 2990/998/441 2998/1004/444
f 63/877/32 2999/2456/430 3000/1006/430
f 3001/1008/445 3002/1018/445 2992/1009/443
f 2975/991/403 2978/903/403 3004/909/400
f 2997/1011/444 2998/1048/444 3006/1012/447
f 3007/1014/381 3008/1051/377 3009/1015/377
f 3001/1008/445 3011/1024/492 3012/1017/492
f 3013/1019/368 3014/1100/369 3015/865/369
f 3017/1021/482 3005/2457/447 3006/1022/447
f 3011/1024/492 3019/1031/493 3020/1025/493
f 3017/1026/482 3018/2458/482 3022/845/481
f 2957/1027/395 2960/1055/395 3024/1028/442
f 3025/1030/467 3026/1034/467 3020/1025/493
f 2987/996/401 64/879/31 61/878/31
f 3027/871/462 3021/872/481 3022/845/481
f 3025/1030/467 3029/1040/484 3030/1033/484
f 3031/1035/376 3032/1107/378 3033/848/378
f 3027/871/462 3028/905/462 3036/1037/475
f 3037/1039/485 3038/1046/485 3030/1033/484
f 2958/980/396 3003/902/400 3004/909/400
f 3039/1042/473 3035/2459/475 3036/1043/475
f 2967/1045/460 2968/2460/460 3038/1046/485
f 2943/1047/454 3039/2461/473 3040/1012/473
f 3041/1049/410 3042/2462/410 2977/1050/405
f 3008/1051/377 3043/1090/375 3044/1052/375
f 3045/1053/412 2951/979/409 2954/978/409
f 3041/1027/410 3047/1029/414 3048/1028/414
f 3050/1056/277 3051/2463/277 3052/1057/281
f 3045/1053/412 3046/1054/412 3054/1059/417
f 3055/1061/402 3056/1117/402 6/1062/4
f 3057/1064/418 3058/1075/418 3048/1065/414
f 3031/1035/376 3034/1036/376 3060/1067/372
f 3053/1068/417 3054/1105/417 3062/1069/420
f 3063/1071/759 3064/1109/347 3065/1072/347
f 3057/1064/418 3067/1083/455 3068/1074/455
f 3070/1076/338 3071/1156/338 3072/1077/335
f 3061/1079/420 3062/2464/420 3074/1080/452
f 3075/1082/456 3076/1089/456 3068/1074/455
f 3073/1081/452 3074/1080/452 3078/828/451
f 3013/1085/368 3016/1112/368 3080/1086/413
f 3075/1082/456 3081/1092/446 3082/1088/446
f 8/928/3 5/927/3 3044/1052/375
f 3083/1091/440 3077/1084/451 3078/828/451
f 3081/1092/446 3085/1099/469 3086/1093/469
f 3087/1094/346 3088/1160/348 3089/1095/348
f 3083/1091/440 3084/827/440 3092/1097/458
f 3093/1098/470 3094/1104/470 3086/1093/469
f 3059/857/372 3060/1067/372 3015/865/369
f 3091/693/458 3092/1097/458 3096/1101/457
f 3023/1103/442 3024/1746/442 3094/1104/470
f 2999/1068/430 3095/2465/457 3096/1069/457
f 3097/1106/384 3098/2466/384 3033/848/378
f 3099/1108/344 3100/1146/344 3065/1072/347
f 3007/1014/381 3010/1016/381 3102/1110/386
f 3103/1087/388 3104/1086/388 3098/1112/384
f 3106/1113/247 3107/2467/247 3108/1114/251
f 3101/1116/386 3102/1062/386 3110/1117/389
f 3111/1118/373 3112/1217/373 2939/1119/336
f 3103/1087/388 3113/1159/392 3114/1121/392
f 3087/1094/346 3090/1096/346 3116/1122/760
f 3109/1061/389 3110/1117/389 3118/1124/393
f 3119/1126/321 3120/1163/317 3121/1127/317
f 3123/1129/437 3124/1139/437 3114/1130/392
f 3125/1132/306 3126/1213/308 3127/1133/308
f 3117/1135/393 3118/2468/393 3130/1136/427
f 3123/1129/437 3131/1145/438 3132/1138/438
f 3133/778/426 3129/1137/427 3130/1136/427
f 3135/1141/385 3069/2180/335 3072/1142/335
f 3137/1144/419 3138/1149/419 3132/1138/438
f 3099/1108/344 2937/972/341 2940/971/342
f 3133/778/426 3134/1140/426 3140/1147/411
f 3141/1148/477 3142/1155/477 3138/1149/419
f 3143/1150/316 3144/1218/318 3145/1151/318
f 3139/777/411 3140/1147/411 3148/1153/435
f 3149/1154/478 3150/2168/478 3142/1155/477
f 3115/1123/760 3116/1122/760 3071/1156/338
f 3151/1157/434 3147/644/435 3148/1153/435
f 3079/1087/413 3080/1086/413 3150/1121/478
f 3151/1125/434 3152/1124/434 3056/1117/402
f 3088/1160/348 3153/2469/354 3154/1161/354
f 3155/1162/314 3156/1201/314 3121/1127/317
f 3157/1164/356 3063/1071/759 3066/1073/351
f 3153/1166/354 3159/1141/360 3160/1143/360
f 3161/1167/223 3162/1345/219 3163/1168/219
f 3157/1170/356 3158/2470/356 3166/1171/363
f 2994/1172/307 3167/1273/345 3168/1173/345
f 3169/1175/364 3170/1216/365 3160/1143/360
f 3143/1150/316 3146/1152/316 3172/1176/313
f 3173/1178/367 3165/1118/363 3166/1171/363
f 3175/1180/291 3176/1220/287 3177/1181/287
f 3179/1183/399 3180/1193/399 3170/1184/365
f 3182/1186/278 3183/1269/278 3184/1187/276
f 3173/1189/367 3174/2471/367 3186/1190/423
f 3179/1183/399 3187/1200/398 3188/1192/398
f 3185/1191/423 3186/1190/423 3190/1194/422
f 3191/1196/358 3125/1225/306 3128/1197/306
f 3193/1199/394 3194/1205/394 3188/1192/398
f 2993/1003/312 2996/1002/312 3156/1201/314
f 3189/1195/422 3190/1194/422 3196/1202/387
f 3197/1204/761 3198/1212/761 3194/1205/394
f 3199/1206/286 3200/1274/288 3201/1207/288
f 3203/1209/416 3195/1203/387 3196/1202/387
f 3197/1204/761 3205/2472/449 3206/1211/449
f 3171/1177/313 3172/1176/313 3127/1133/308
f 3207/1214/415 3203/1209/416 3204/1210/416
f 3135/1141/385 3136/1143/385 3206/1216/449
f 3111/1118/373 3207/1178/415 3208/1179/415
f 3144/1218/318 3209/756/324 3210/1219/324
f 3176/1220/287 3211/1257/283 3212/1221/283
f 3213/1222/326 3119/1126/321 3122/1128/321
f 3215/1224/328 3216/1198/328 3210/1197/324
f 3218/1226/190 3219/1407/190 3220/1227/194
f 3221/1229/331 3213/1172/326 3214/1174/326
f 3223/1230/315 3224/1284/315 3051/1231/277
f 3225/1233/332 3226/1272/332 3216/1198/328
f 3199/1206/286 3202/1208/286 3228/1234/282
f 3229/1236/334 3221/1229/331 3222/1173/331
f 3231/1238/261 3232/1277/256 3233/1239/256
f 3225/1241/332 3235/1250/379 3236/1242/379
f 3237/1244/246 3238/1324/248 3239/1245/248
f 3229/738/334 3230/2473/334 3242/1247/371
f 3243/1249/380 3244/1256/380 3236/1242/379
f 3245/1251/370 3241/1248/371 3242/1247/371
f 3247/1253/327 3181/1188/276 3184/1187/276
f 3249/1255/366 3250/1261/366 3244/1256/380
f 3049/1058/281 3052/1057/281 3212/1221/283
f 3251/1258/355 3245/1251/370 3246/1252/370
f 3249/1255/366 3253/1268/489 3254/1260/489
f 3255/1262/255 3256/1332/258 3257/1263/258
f 3251/1258/355 3252/1259/355 3260/1265/383
f 3261/1267/490 3262/1529/490 3254/1260/489
f 3227/1235/282 3228/1234/282 3183/1269/278
f 3263/1270/382 3259/1266/383 3260/1265/383
f 3261/1233/490 3191/1196/358 3192/1198/358
f 3263/1236/382 3264/1237/382 3168/1173/345
f 3200/1274/288 3265/701/294 3266/1275/294
f 3267/1276/253 3268/1312/253 3233/1239/256
f 3269/1278/296 3175/1180/291 3178/1182/291
f 3271/1280/298 3272/2474/298 3266/1275/294
f 3274/1281/160 3275/1466/160 3276/1282/165
f 3269/1232/296 3270/2475/296 3278/1284/302
f 3106/1285/247 3279/1343/285 3280/1286/284
f 3281/1288/303 3282/1328/303 3272/1289/298
f 3255/1262/255 3258/1264/255 3284/1291/252
f 3277/1293/302 3278/2476/302 3286/1294/305
f 3287/1295/232 3288/1333/228 3289/1296/228
f 3281/1298/303 3291/1305/352 3292/1299/352
f 3294/1301/220 3295/1386/220 3296/636/218
f 3297/1303/340 3285/690/305 3286/1294/305
f 3291/1305/352 3299/1311/353 3300/1306/353
f 3301/1307/339 3297/1303/340 3298/1304/340
f 3237/1244/246 3240/1246/246 3304/683/297
f 3305/1310/333 3306/1316/333 3300/1306/353
f 3105/1115/251 3108/1114/251 3268/1312/253
f 3307/1313/325 3301/1307/339 3302/1308/339
f 3309/1315/406 3310/1323/406 3306/1316/333
f 3312/1317/229 3313/1394/229 3314/1318/227
f 3307/1313/325 3308/1314/325 3316/1320/350
f 3309/1315/406 3317/2477/407 3318/1322/407
f 3283/1292/252 3284/1291/252 3239/1245/248
f 3315/1321/350 3316/1320/350 3320/1325/349
f 3317/1288/407 3247/2212/327 3248/1327/327
f 3319/1326/349 3320/1325/349 3224/1329/315
f 3321/1331/264 3322/1337/264 3257/1263/258
f 3288/1333/228 3323/1374/225 3324/1334/225
f 3231/1238/261 3234/1240/261 3326/1335/266
f 3321/1331/264 3327/2478/269 3328/652/268
f 3329/1338/134 3330/468/129 3331/1339/129
f 3325/1341/266 3326/1287/266 3334/1342/763
f 3335/1344/254 3336/1450/254 3163/1168/219
f 3327/1346/269 3337/1390/273 3338/1347/273
f 3311/1319/227 3314/1318/227 3340/1349/224
f 3333/1351/272 3334/647/763 3342/1352/275
f 3344/1354/199 3345/1396/199 3346/1355/203
f 3347/1357/322 3348/1366/322 3338/1358/273
f 3350/1360/191 3351/2479/191 3352/1361/189
f 3341/1353/275 3342/1352/275 3354/1363/311
f 3355/1365/323 3356/1372/323 3348/1366/322
f 3353/1364/311 3354/1363/311 3358/1367/309
f 3359/1369/267 3293/1302/218 3296/636/218
f 3361/1371/304 3362/1378/304 3356/1372/323
f 3161/1373/223 3164/2480/223 3324/1334/225
f 3357/1368/309 3358/1367/309 3364/1375/295
f 3361/1371/304 3365/1384/390 3366/1377/390
f 3368/1379/200 3369/2481/200 3370/1380/198
f 3363/1376/295 3364/1375/295 3372/1382/320
f 3365/1384/390 3373/2482/391 3374/1385/391
f 3294/1301/220 3339/1350/224 3340/1349/224
f 3371/1383/320 3372/1382/320 3376/1387/319
f 3303/1346/762 3304/2483/297 3374/1389/391
f 3375/1388/319 3376/1387/319 3280/1391/284
f 3312/1317/229 3377/1401/235 3378/1393/235
f 3379/1395/196 3380/1432/196 3345/1396/199
f 3287/1397/232 3290/2484/232 3382/1398/237
f 3383/1400/239 3384/1409/239 3378/1393/235
f 3386/408/100 3387/2485/100 3388/1402/104
f 3381/1399/237 3382/1398/237 3390/1404/242
f 3218/1226/190 3391/1505/226 3392/1406/226
f 3383/1400/239 3393/1417/243 3394/1408/243
f 3395/1410/195 3367/1381/198 3370/1380/198
f 3389/1405/242 3390/1404/242 3398/592/245
f 3400/1413/170 3401/1455/170 3402/1414/174
f 3403/1416/292 3404/2243/292 3394/1408/243
f 3405/1418/159 3406/1501/161 3407/1419/161
f 3397/1412/245 3398/592/245 3410/1421/280
f 3403/1423/292 3411/1431/293 3412/1424/293
f 3409/1422/280 3410/1421/280 3414/1426/279
f 3349/1362/189 3352/1361/189 3416/1428/238
f 3417/1430/274 3418/1436/274 3412/1424/293
f 3379/1395/196 3217/1228/194 3220/1227/194
f 3413/1427/279 3414/1426/279 3420/1433/265
f 3421/1435/361 3422/1446/361 3418/1436/274
f 3424/1437/171 3425/1507/171 3426/1438/169
f 3419/1434/265 3420/1433/265 3428/1440/290
f 3421/1442/361 3429/1449/362 3430/1443/362
f 3350/1445/191 3395/1410/195 3396/1411/195
f 3427/1441/290 3428/1440/290 3432/1447/289
f 3359/1369/267 3360/1370/267 3430/1443/362
f 3431/1448/289 3432/1447/289 3336/1450/254
f 3368/1451/200 3433/1459/206 3434/1452/206
f 3435/1454/167 3436/1491/167 3401/1455/170
f 3343/1356/203 3346/1355/203 3438/1456/208
f 3439/1458/211 3440/1468/211 3434/1452/206
f 3442/1460/67 3443/2486/67 3444/1461/72
f 3437/1457/208 3438/1456/208 3446/1463/214
f 3447/1465/197 3448/2285/197 3275/1466/160
f 3449/1467/215 3450/1477/215 3440/1468/211
f 3423/1439/169 3426/1438/169 3452/1469/166
f 3453/1471/217 3445/1464/214 3446/1463/214
f 3456/1473/139 3457/1509/139 3458/1474/144
f 3459/1476/262 3460/1482/262 3450/1477/215
f 3461/1478/128 3462/1315/130 3463/1323/130
f 3465/1479/250 3453/1471/217 3454/1472/217
f 3467/1481/263 3468/1490/263 3460/1482/262
f 3465/1483/250 3466/2487/250 3470/1484/249
f 3471/1486/210 3405/1511/159 3408/1487/159
f 3467/1481/263 3473/1495/244 3474/1489/244
f 3273/1283/165 3276/1282/165 3436/1491/167
f 3469/1485/249 3470/1484/249 3476/1492/236
f 3477/1494/329 3478/1500/329 3474/1489/244
f 3480/1305/140 3481/1299/140 3482/1496/138
f 3475/1493/236 3476/1492/236 3484/1497/260
f 3485/1499/330 3486/1504/330 3478/1500/329
f 3451/1470/166 3452/1469/166 3407/1419/161
f 3487/487/259 3483/2488/260 3484/1502/260
f 3485/1499/330 3415/1429/238 3416/1428/238
f 3487/487/259 3488/1503/259 3392/1406/226
f 3489/1506/177 3490/2489/177 3425/1507/171
f 3456/1473/139 3491/1542/136 3492/1508/136
f 3399/1415/174 3402/1414/174 3494/1510/179
f 3489/1511/177 3495/2294/181 3496/1512/764
f 3497/1514/42 3498/2490/38 3499/1515/38
f 3501/1517/184 3493/493/179 3494/1510/179
f 3503/1519/168 3504/2305/168 3331/1339/129
f 3495/1520/181 3505/473/186 3506/480/186
f 3479/1311/138 3482/1496/138 3508/1522/135
f 3509/1523/188 3501/1556/184 3502/1524/185
f 3512/1526/109 3513/1560/109 3514/1527/113
f 3515/399/233 3516/1534/233 3506/480/186
f 3517/1267/99 3518/1268/101 3519/1260/101
f 3509/1530/188 3510/2491/188 3522/1531/222
f 3515/399/233 3523/1541/234 3524/1533/234
f 3525/1535/221 3521/1532/222 3522/1531/222
f 3461/1537/128 3464/1564/128 3528/1538/180
f 3529/1540/216 3530/1546/216 3524/1533/234
f 3491/1542/136 3329/1338/134 3332/1340/134
f 3531/1543/207 3525/1535/221 3526/1536/221
f 3533/1545/301 3534/1551/301 3530/1546/216
f 3535/1547/108 3536/1250/110 3537/1242/110
f 3531/1543/207 3532/1544/207 3540/1549/231
f 3533/1545/301 3541/1554/300 3542/382/300
f 3462/1315/130 3507/1310/135 3508/1522/135
f 3543/1552/230 3539/1550/231 3540/1549/231
f 3541/1554/300 3471/2492/210 3472/1555/209
f 3447/1556/197 3543/2283/230 3544/1557/230
f 3480/1305/140 3545/2493/147 3546/1300/147
f 3512/1526/109 3547/1598/106 3548/1559/106
f 3455/1475/144 3458/1474/144 3550/1561/150
f 3545/1537/147 3551/2309/152 3552/1563/152
f 3554/1565/10 3555/2494/10 3556/1566/14
f 3549/1562/150 3550/1561/150 3558/1567/155
f 3386/1569/100 3559/1663/137 3560/1570/137
f 3551/1572/152 3561/1584/156 3562/1573/156
f 3535/1547/108 3538/1548/108 3564/1575/105
f 3557/1577/155 3558/1611/155 3566/1578/158
f 3567/1580/82 3568/1612/765 3569/1581/78
f 3571/1583/204 3572/1591/204 3562/1573/156
f 3574/1585/69 3575/1659/68 3576/1586/65
f 3565/1588/158 3566/2495/158 3578/1182/193
f 3579/1590/205 3580/1597/205 3572/1591/204
f 3577/1589/193 3578/1182/193 3582/1181/192
f 3517/1593/99 3520/1616/99 3584/1594/151
f 3585/1596/187 3586/1601/187 3580/1597/205
f 3547/1598/106 3385/1403/104 3388/1402/104
f 3587/1599/178 3581/1592/192 3582/1181/192
f 3585/1596/187 3589/1606/270 3590/1600/270
f 3592/1602/79 3593/1665/766 3594/1603/77
f 3595/1605/202 3587/1599/178 3588/1221/178
f 3589/1606/270 3597/319/271 3598/1607/271
f 3563/1576/105 3564/1575/105 3519/1260/101
f 3599/1608/201 3595/1605/202 3596/1057/202
f 3527/1610/180 3528/2496/180 3598/1607/271
f 3599/1579/201 3600/2497/201 3504/1611/168
f 3601/1241/116 3602/1243/116 3537/1242/110
f 3568/1612/765 3603/1650/74 3604/1613/74
f 3605/1614/118 3511/1528/113 3514/1527/113
f 3601/1593/116 3607/1624/121 3608/1594/121
f 3610/1617/757 3611/2498/757 3612/1618/754
f 3605/1569/118 3606/1571/118 3614/1570/124
f 3442/1621/67 3615/1671/107 3616/1622/107
f 3607/1624/121 3617/1662/125 3618/1625/125
f 3591/1604/77 3594/1603/77 3620/1626/73
f 3621/1628/127 3613/1620/124 3614/1570/124
f 3623/1630/51 3624/268/47 3625/1631/47
f 3617/1633/125 3627/1642/175 3628/1634/175
f 3630/1636/39 3631/1712/39 3632/1637/37
f 3621/1639/127 3622/1223/127 3634/1128/163
f 3635/1641/176 3636/1649/176 3628/1634/175
f 3633/1640/163 3634/1128/163 3638/1643/162
f 3639/1645/119 3573/2327/65 3576/1646/65
f 3641/1648/157 3642/1654/157 3636/1649/176
f 3441/1462/72 3444/1461/72 3604/1613/74
f 3637/1644/162 3638/1643/162 3644/1651/149
f 3641/1648/157 3645/1657/240 3646/1653/240
f 3648/1655/48 3649/1717/48 3650/1138/46
f 3651/1656/173 3643/1652/149 3644/1651/149
f 3645/1657/240 3653/255/241 3654/1658/241
f 3574/1585/69 3619/1627/73 3620/1626/73
f 3655/1660/172 3651/1656/173 3652/1002/173
f 3583/1595/151 3584/1594/151 3654/1625/241
f 3559/1663/137 3655/1628/172 3656/1629/172
f 3657/1664/85 3658/2499/85 3593/1665/766
f 3659/276/44 3660/1700/44 3625/1631/47
f 3661/1666/88 3567/1580/82 3570/1582/82
f 3663/1668/90 3664/1676/90 3658/1669/85
f 3666/33/768 3667/32/769 3668/49/770
f 3669/1671/93 3661/1621/88 3662/1623/88
f 3498/1672/38 3671/1724/76 3672/1673/76
f 3663/1668/90 3673/2335/95 3674/1675/95
f 3647/1145/46 3650/1138/46 3676/1149/43
f 3669/1671/93 3670/1622/93 3678/1677/97
f 3679/1679/23 3680/1718/19 3681/1680/19
f 3683/1682/145 3684/1692/145 3674/1683/95
f 3685/1685/9 3686/1760/11 3687/1686/11
f 3689/1688/133 3677/2500/97 3678/1689/97
f 3691/1691/771 3692/1699/771 3684/1692/145
f 3693/1693/131 3689/1688/133 3690/1690/132
f 3695/1695/89 3629/1722/37 3632/1696/37
f 3697/1698/126 3698/1704/772 3692/1699/771
f 3497/1514/42 3500/1516/42 3660/1700/44
f 3693/1693/131 3694/1694/131 3700/1701/117
f 3697/1698/126 3701/1711/212 3702/1703/212
f 3703/1705/18 3704/1765/20 3705/1706/20
f 3699/1702/117 3700/1701/117 3708/1708/773
f 3709/1710/213 3710/2501/213 3702/1703/212
f 3630/1636/39 3675/1144/43 3676/1149/43
f 3707/1709/142 3708/1708/773 3712/1713/143
f 3709/1715/213 3639/1645/119 3640/1647/120
f 3711/1678/141 3712/2502/143 3616/1622/107
f 3648/1655/48 3713/2503/54 3714/1716/54
f 3680/1718/19 3715/1749/16 3716/1719/16
f 3717/1720/56 3623/1630/51 3626/1632/51
f 3713/1722/54 3719/1695/58 3720/1697/58
f 3665/48/767 3722/50/775 3723/30/776
f 3717/1672/56 3718/2504/56 3725/1673/61
f 3554/1725/10 3726/2355/45 3727/1726/45
f 3719/1695/58 3728/1763/62 3729/1728/62
f 3730/1729/15 3703/1705/18 3706/1707/18
f 3724/1724/61 3725/1673/61 3733/1731/64
f 3734/1733/748 3735/1766/750 3736/1734/750
f 3728/1736/62 3738/1743/114 3739/1737/114
f 3740/1739/758 3741/1808/756 3742/1740/756
f 3744/1014/103 3732/2505/64 3733/1741/64
f 3746/160/115 3747/1748/115 3739/1737/114
f 3744/1014/103 3745/1742/103 3749/1015/102
f 3750/1745/57 3685/1685/9 3688/1687/9
f 3752/1747/96 3753/1752/96 3747/1748/115
f 3715/1749/16 3553/223/14 3556/1566/14
f 3754/1750/87 3748/1744/102 3749/1015/102
f 3752/1747/96 3756/1759/182 3757/1751/182
f 3758/1753/751 3759/1814/749 3760/1754/749
f 3762/1756/112 3754/1750/87 3755/1052/87
f 3765/13/778 3766/15/779 3767/1758/780
f 3768/137/183 3769/2506/183 3757/1751/182
f 3730/1729/15 3731/1730/15 3687/1686/11
f 3762/1756/112 3763/1757/112 3771/1761/111
f 3768/1763/183 3695/1695/89 3696/1697/89
f 3770/1732/111 3771/1731/111 3672/1673/76
f 3772/1764/26 3773/1770/26 3705/1706/20
f 3735/1766/750 3774/1800/752 3775/1767/752
f 3776/1768/28 3679/1679/23 3682/1681/23
f 3772/1764/26 3778/1066/30 3779/1065/30
f 3776/1725/28 3777/1727/28 3781/1726/33
f 3782/1772/17 3783/1821/17 3611/1773/757
f 3778/1775/30 3784/1811/34 3785/1776/34
f 3786/1778/753 3758/1753/751 3761/1755/751
f 3780/1780/33 3781/1059/33 3789/1781/36
f 3784/1783/34 3790/1792/83 3791/1784/83
f 3766/1786/779 3792/6/781 3722/1787/775
f 3788/1782/36 3789/1781/36 3794/1789/71
f 3795/1791/84 3796/1798/84 3791/1784/83
f 3797/1793/70 3793/1790/71 3794/1789/71
f 3799/1795/29 3740/1739/758 3743/1046/758
f 3801/1797/63 3802/1803/63 3796/1798/84
f 3609/1799/754 3612/2507/754 3775/1767/752
f 3797/1793/70 3798/1794/70 3804/1801/55
f 3805/168/153 3806/1807/153 3802/1803/63
f 3807/1804/81 3803/1802/55 3804/1801/55
f 3809/1806/154 3810/2508/154 3806/1807/153
f 3786/1778/753 3787/1779/753 3742/1740/756
f 3811/1809/80 3807/1804/81 3808/1805/81
f 3809/1811/154 3750/1775/57 3751/1777/57
f 3811/1809/80 3812/1810/80 3727/1006/45
f 3813/38/782 3814/40/783 3792/6/781
f 3815/1813/747 3816/1018/747 3760/1754/749
f 3817/1815/746 3734/2509/748 3737/1816/748
f 3814/40/783 3819/39/784 3820/1818/785
f 3821/1820/2 3822/2510/2 3816/1018/747
f 3823/1772/5 3817/2511/746 3818/1773/746
f 3721/29/774 3820/31/785 3826/11/787
f 3821/1822/2 3827/1852/6 3828/1823/6
f 3823/1825/5 3824/2512/5 3830/1826/8
f 3831/26/788 3832/28/789 3819/1828/784
f 3827/993/6 3833/2513/52 3834/1829/52
f 3835/1831/41 3829/1827/8 3830/1826/8
f 3832/1833/789 3837/40/790 3838/1819/791
f 3833/1834/52 3839/1839/53 3840/1835/53
f 3841/1837/40 3835/1831/41 3836/1832/41
f 3825/10/786 3838/12/791 3843/34/792
f 3839/1839/53 3844/1844/35 3845/1840/35
f 3841/1837/40 3842/1838/40 3847/1841/27
f 3667/1788/769 3843/1787/792 3848/6/793
f 3849/1843/794 3850/2514/794 3845/1840/35
f 3846/1842/27 3847/1841/27 3852/1845/50
f 3764/4/777 3848/6/793 3837/40/790
f 3849/1847/794 3853/943/123 3854/1848/123
f 3851/1846/50 3852/1845/50 3856/1850/49
f 3799/1822/29 3800/1824/29 3854/1823/123
f 3855/1851/49 3856/1850/49 3783/1853/17
f 2883/29/494 2877/48/494 961/33/494
f 966/1787/496 2876/1819/496 2872/40/496
f 2881/1855/495 964/2382/495 962/1758/495
f 2874/10/497 965/33/497 2880/48/497
f 1019/107/496 967/44/496 971/16/496
f 971/16/496 975/8/496 979/1856/496
f 979/1856/496 983/59/496 987/58/496
f 987/58/496 991/66/496 995/69/496
f 995/69/496 999/75/496 1003/85/496
f 1003/85/496 1007/84/496 1011/101/496
f 1011/101/496 1015/100/496 1019/107/496
f 1019/107/496 971/16/496 979/1856/496
f 979/1856/496 987/58/496 995/69/496
f 995/69/496 1003/85/496 1011/101/496
f 1011/101/496 1019/107/496 979/1856/496
f 970/1857/498 974/1863/500 972/1858/500
f 1022/1860/511 970/1857/498 968/1859/498
f 977/8/499 973/16/499 969/44/499
f 969/44/499 1021/107/499 1017/103/499
f 1017/103/499 1013/933/499 1009/86/499
f 1009/86/499 1005/83/499 1001/75/499
f 1001/75/499 997/69/499 993/66/499
f 993/66/499 989/58/499 985/1862/499
f 985/1862/499 981/24/499 977/8/499
f 977/8/499 969/44/499 1017/103/499
f 1017/103/499 1009/86/499 1001/75/499
f 1001/75/499 993/66/499 985/1862/499
f 985/1862/499 977/8/499 1017/103/499
f 974/1863/500 978/1868/501 976/1864/501
f 978/1865/501 982/54/502 980/37/502
f 982/54/502 986/56/503 984/35/503
f 986/56/503 990/2515/504 988/1867/504
f 990/1868/504 994/1863/505 992/1858/505
f 992/1858/505 994/1863/505 998/1857/495
f 998/1857/495 1002/1860/506 1000/1861/506
f 1002/1860/506 1006/1874/507 1004/1869/507
f 1004/1870/507 1006/2515/507 1010/94/508
f 1008/1871/508 1010/94/508 1014/96/509
f 1014/96/509 1018/1865/510 1016/1873/510
f 1018/1874/510 1022/1860/511 1020/1861/511
f 1035/2516/512 1039/2517/512 1043/114/512
f 1043/114/512 1047/113/512 1051/125/512
f 1051/125/512 1055/136/521 1059/144/521
f 1059/144/521 1063/152/521 1067/151/521
f 1067/151/521 1071/167/521 1075/166/512
f 1075/166/512 1023/173/512 1027/53/512
f 1027/53/512 1031/52/512 1035/2516/512
f 1035/2516/512 1043/114/512 1051/125/512
f 1051/125/512 1059/144/521 1067/151/521
f 1067/151/521 1075/166/512 1027/53/512
f 1027/53/512 1035/2516/512 1051/125/512
f 1026/129/498 1030/1876/514 1028/119/514
f 1076/1875/527 1078/131/527 1026/129/498
f 1065/2109/513 1061/141/518 1057/2392/513
f 1057/2392/513 1053/121/513 1049/117/518
f 1049/117/518 1045/46/518 1041/65/518
f 1041/65/518 1037/88/513 1033/3/513
f 1033/3/513 1029/2/513 1025/966/513
f 1025/966/513 1077/171/518 1073/170/513
f 1073/170/513 1069/2518/513 1065/2109/513
f 1065/2109/513 1057/2392/513 1049/117/518
f 1049/117/518 1041/65/518 1033/3/513
f 1033/3/513 1025/966/513 1073/170/513
f 1073/170/513 1065/2109/513 1049/117/518
f 1030/1876/514 1034/2519/515 1032/1877/515
f 1032/105/515 1034/2520/515 1038/1878/516
f 1038/1878/516 1042/1879/517 1040/23/517
f 1042/1879/517 1046/2521/519 1044/21/519
f 1046/1880/519 1050/1876/520 1048/119/520
f 1050/1876/520 1054/129/495 1052/91/495
f 1054/129/495 1058/131/522 1056/1875/522
f 1058/131/522 1062/2522/523 1060/1881/523
f 1062/1882/523 1066/145/524 1064/1883/524
f 1066/145/524 1070/155/525 1068/1885/525
f 1070/155/525 1074/161/526 1072/1886/526
f 1072/1881/526 1074/2523/526 1078/131/527
f 1099/2524/528 1103/2525/528 1107/192/528
f 1107/192/528 1111/191/536 1115/199/528
f 1115/199/528 1119/207/528 1123/222/528
f 1123/222/528 1127/221/528 1131/231/528
f 1131/231/528 1079/2397/528 1083/2092/528
f 1083/2092/528 1087/2526/528 1091/1887/528
f 1091/1887/528 1095/2527/528 1099/2524/528
f 1099/2524/528 1107/192/528 1115/199/528
f 1115/199/528 1123/222/528 1131/231/528
f 1131/231/528 1083/2092/528 1091/1887/528
f 1091/1887/528 1099/2524/528 1115/199/528
f 1080/150/498 1082/195/498 1086/1888/530
f 1132/1889/542 1134/197/542 1082/195/498
f 1117/2528/529 1113/2529/529 1109/185/529
f 1109/185/529 1105/179/529 1101/81/529
f 1101/81/529 1097/116/529 1093/115/529
f 1093/115/529 1089/62/529 1085/61/529
f 1085/61/529 1081/2391/529 1133/2530/529
f 1133/2530/529 1129/2531/529 1125/1890/529
f 1125/1890/529 1121/2532/529 1117/2528/529
f 1117/2528/529 1109/185/529 1101/81/529
f 1101/81/529 1093/115/529 1085/61/529
f 1085/61/529 1133/2530/529 1125/1890/529
f 1125/1890/529 1117/2528/529 1101/81/529
f 1084/148/530 1086/1888/530 1090/1891/531
f 1090/1893/531 1094/1894/532 1092/128/532
f 1094/1894/532 1098/1895/533 1096/99/533
f 1098/1895/533 1102/2533/534 1100/97/534
f 1102/1891/534 1106/1888/535 1104/148/535
f 1106/1888/535 1110/195/495 1108/150/495
f 1110/195/495 1114/197/537 1112/1889/537
f 1114/197/537 1118/2534/538 1116/1896/538
f 1116/1897/538 1118/205/538 1122/209/539
f 1122/209/539 1126/217/540 1124/1899/540
f 1124/1899/540 1126/217/540 1130/223/541
f 1130/1901/541 1134/197/542 1132/1889/542
f 1155/2077/543 1159/2535/543 1163/2536/543
f 1163/2536/543 1167/257/543 1171/266/543
f 1171/266/543 1175/271/543 1179/281/543
f 1179/281/543 1183/280/543 1187/757/543
f 1187/757/543 1135/2537/543 1139/2078/543
f 1139/2078/543 1143/2538/543 1147/1903/543
f 1147/1903/543 1151/2539/543 1155/2077/543
f 1155/2077/543 1163/2536/543 1171/266/543
f 1171/266/543 1179/281/543 1187/757/543
f 1187/757/543 1139/2078/543 1147/1903/543
f 1147/1903/543 1155/2077/543 1171/266/543
f 1138/244/498 1142/187/545 1140/243/545
f 1190/252/556 1138/244/498 1136/210/498
f 1169/2540/544 1165/2541/544 1161/239/544
f 1161/239/544 1157/133/544 1153/178/544
f 1153/178/544 1149/215/544 1145/20/544
f 1145/20/544 1141/19/544 1137/1904/544
f 1137/1904/544 1189/2542/544 1185/2543/544
f 1185/2543/544 1181/2544/544 1177/1905/544
f 1177/1905/544 1173/2545/544 1169/2540/544
f 1169/2540/544 1161/239/544 1153/178/544
f 1153/178/544 1145/20/544 1137/1904/544
f 1137/1904/544 1185/2543/544 1177/1905/544
f 1177/1905/544 1169/2540/544 1153/178/544
f 1140/243/545 1142/187/545 1146/1906/546
f 1146/1908/546 1150/1909/547 1148/194/547
f 1150/1909/547 1154/1910/548 1152/160/548
f 1154/1910/548 1158/2546/549 1156/158/549
f 1158/1911/549 1162/187/550 1160/243/550
f 1162/187/550 1166/244/495 1164/210/495
f 1164/210/495 1166/244/495 1170/252/551
f 1170/252/551 1174/1917/552 1172/1912/552
f 1172/1913/552 1174/262/552 1178/268/553
f 1178/268/553 1182/276/554 1180/1915/554
f 1182/276/554 1186/282/555 1184/1916/555
f 1186/1917/555 1190/252/556 1188/289/556
f 1195/2064/557 1199/2547/557 1203/2548/557
f 1203/2548/557 1207/2549/557 1211/1918/557
f 1211/1918/557 1215/2550/557 1219/2551/557
f 1219/2551/557 1223/318/557 1227/317/557
f 1227/317/557 1231/333/557 1235/338/557
f 1235/338/557 1239/337/557 1243/713/557
f 1243/713/557 1191/2552/557 1195/2064/557
f 1195/2064/557 1203/2548/557 1211/1918/557
f 1211/1918/557 1219/2551/557 1227/317/557
f 1227/317/557 1235/338/557 1243/713/557
f 1243/713/557 1195/2064/557 1211/1918/557
f 1192/274/498 1194/301/498 1198/248/559
f 1246/351/570 1194/301/498 1192/274/498
f 1225/2553/558 1221/2554/558 1217/295/558
f 1217/295/558 1213/219/558 1209/235/558
f 1209/235/558 1205/234/558 1201/109/558
f 1201/109/558 1197/822/558 1193/1919/558
f 1193/1919/558 1245/2555/558 1241/2556/558
f 1241/2556/558 1237/2557/558 1233/1920/558
f 1233/1920/558 1229/2558/558 1225/2553/558
f 1225/2553/558 1217/295/558 1209/235/558
f 1209/235/558 1201/109/558 1193/1919/558
f 1193/1919/558 1241/2556/558 1233/1920/558
f 1233/1920/558 1225/2553/558 1209/235/558
f 1198/248/559 1202/2559/560 1200/1921/560
f 1202/1922/560 1206/1923/561 1204/246/561
f 1206/1923/561 1210/2560/562 1208/165/562
f 1208/165/562 1210/2560/562 1214/1924/563
f 1212/1925/563 1214/2559/563 1218/248/564
f 1216/297/564 1218/248/564 1222/301/495
f 1222/301/495 1226/312/565 1224/350/565
f 1224/350/565 1226/312/565 1230/1926/566
f 1230/324/566 1234/328/567 1232/1928/567
f 1234/328/567 1238/335/568 1236/1930/568
f 1238/335/568 1242/342/569 1240/1931/569
f 1242/1926/569 1246/351/570 1244/350/570
f 1267/353/571 1271/352/571 1275/2561/571
f 1275/2561/571 1279/2562/571 1283/1932/571
f 1283/1932/571 1287/2563/571 1291/2314/571
f 1291/2314/571 1295/2564/571 1299/1933/571
f 1299/1933/571 1247/2565/571 1251/254/571
f 1251/254/571 1255/346/571 1259/310/571
f 1259/310/571 1263/278/571 1267/353/571
f 1267/353/571 1275/2561/571 1283/1932/571
f 1283/1932/571 1291/2314/571 1299/1933/571
f 1299/1933/571 1251/254/571 1259/310/571
f 1259/310/571 1267/353/571 1283/1932/571
f 1248/329/498 1250/304/498 1254/306/573
f 1300/409/584 1302/2406/584 1250/304/498
f 1281/2405/572 1277/2566/572 1273/2567/572
f 1273/2567/572 1269/2568/572 1265/1934/572
f 1265/1934/572 1261/2569/572 1257/2570/572
f 1257/2570/572 1253/2571/572 1249/1935/572
f 1249/1935/572 1301/407/572 1297/403/572
f 1297/403/572 1293/395/572 1289/388/572
f 1289/388/572 1285/384/572 1281/2405/572
f 1281/2405/572 1273/2567/572 1265/1934/572
f 1265/1934/572 1257/2570/572 1249/1935/572
f 1249/1935/572 1297/403/572 1289/388/572
f 1289/388/572 1281/2405/572 1265/1934/572
f 1254/306/573 1258/1941/574 1256/1936/574
f 1258/41/574 1262/334/575 1260/1937/575
f 1262/334/575 1266/259/576 1264/1939/576
f 1264/1939/576 1266/259/576 1270/261/577
f 1270/1941/577 1274/306/578 1272/360/578
f 1274/306/578 1278/364/495 1276/358/495
f 1278/364/495 1282/373/579 1280/409/579
f 1280/409/579 1282/373/579 1286/1942/580
f 1286/1944/580 1290/1945/581 1288/386/581
f 1290/1945/581 1294/1946/582 1292/392/582
f 1294/1946/582 1298/2572/583 1296/404/583
f 1298/1947/583 1302/2406/584 1300/409/584
f 1307/321/585 1311/320/585 1315/370/585
f 1315/370/585 1319/341/585 1323/340/585
f 1323/340/585 1327/418/585 1331/417/585
f 1331/417/585 1335/2573/585 1339/1948/585
f 1339/1948/585 1343/2574/585 1347/2575/585
f 1347/2575/585 1351/2576/585 1355/1949/585
f 1355/1949/585 1303/390/585 1307/321/585
f 1307/321/585 1315/370/585 1323/340/585
f 1323/340/585 1331/417/585 1339/1948/585
f 1339/1948/585 1347/2575/585 1355/1949/585
f 1355/1949/585 1307/321/585 1323/340/585
f 1304/429/498 1306/366/498 1310/368/587
f 1356/469/598 1358/2577/598 1306/366/498
f 1337/434/586 1333/433/586 1329/2578/586
f 1329/2578/586 1325/2579/586 1321/1951/586
f 1321/1951/586 1317/2580/586 1313/2581/586
f 1313/2581/586 1309/2582/586 1305/472/586
f 1305/472/586 1357/467/586 1353/463/586
f 1353/463/586 1349/456/586 1345/448/586
f 1345/448/586 1341/445/586 1337/434/586
f 1337/434/586 1329/2578/586 1321/1951/586
f 1321/1951/586 1313/2581/586 1305/472/586
f 1305/472/586 1353/463/586 1345/448/586
f 1345/448/586 1337/434/586 1321/1951/586
f 1310/368/587 1314/1957/588 1312/1952/588
f 1314/202/588 1318/354/589 1316/1953/589
f 1318/354/589 1322/313/590 1320/1955/590
f 1320/1955/590 1322/313/590 1326/315/591
f 1326/1957/591 1330/368/592 1328/1950/592
f 1328/1950/592 1330/368/592 1334/366/495
f 1332/429/495 1334/366/495 1338/1958/593
f 1336/427/593 1338/1958/593 1342/1959/594
f 1342/1961/594 1346/1962/595 1344/446/595
f 1346/1962/595 1350/1963/596 1348/452/596
f 1350/1963/596 1354/2583/597 1352/457/597
f 1354/1964/597 1358/2577/598 1356/469/598
f 1379/474/599 1383/480/599 1387/479/599
f 1387/479/599 1391/2584/599 1395/1966/599
f 1395/1966/599 1399/2585/599 1403/2586/599
f 1403/2586/599 1407/2587/599 1411/1967/599
f 1411/1967/599 1359/450/599 1363/382/599
f 1363/382/599 1367/381/599 1371/431/599
f 1371/431/599 1375/400/604 1379/474/599
f 1379/474/599 1387/479/599 1395/1966/599
f 1395/1966/599 1403/2586/599 1411/1967/599
f 1411/1967/599 1363/382/599 1371/431/599
f 1371/431/599 1379/474/599 1395/1966/599
f 1360/490/498 1362/484/498 1366/424/601
f 1414/1969/614 1362/484/498 1360/490/498
f 1393/495/600 1389/494/600 1385/2588/600
f 1385/2588/600 1381/2589/600 1377/1970/600
f 1377/1970/600 1373/2590/600 1369/2591/600
f 1369/2591/600 1365/2592/600 1361/532/600
f 1361/532/600 1413/530/600 1409/524/600
f 1409/524/600 1405/517/600 1401/510/600
f 1401/510/600 1397/505/610 1393/495/600
f 1393/495/600 1385/2588/600 1377/1970/600
f 1377/1970/600 1369/2591/600 1361/532/600
f 1361/532/600 1409/524/600 1401/510/600
f 1401/510/600 1393/495/600 1377/1970/600
f 1364/1968/601 1366/424/601 1370/1971/602
f 1368/1973/602 1370/240/602 1374/454/603
f 1374/454/603 1378/413/605 1376/1975/605
f 1378/413/605 1382/374/606 1380/1976/606
f 1382/1971/606 1386/2411/607 1384/1968/607
f 1384/1968/607 1386/2411/607 1390/484/495
f 1390/484/495 1394/1969/608 1392/488/608
f 1394/1969/608 1398/2593/609 1396/1977/609
f 1396/499/609 1398/2594/609 1402/1978/611
f 1400/507/611 1402/1978/611 1406/1979/612
f 1406/1979/612 1410/2595/613 1408/527/613
f 1408/1977/613 1410/2596/613 1414/1969/614
f 1419/443/615 1423/442/615 1427/491/615
f 1427/491/615 1431/461/615 1435/460/615
f 1435/460/615 1439/542/615 1443/551/615
f 1443/551/615 1447/560/615 1451/1980/615
f 1451/1980/615 1455/2597/615 1459/2598/615
f 1459/2598/615 1463/579/615 1467/585/615
f 1467/585/615 1415/511/615 1419/443/615
f 1419/443/615 1427/491/615 1435/460/615
f 1435/460/615 1443/551/615 1451/1980/615
f 1451/1980/615 1459/2598/615 1467/585/615
f 1467/585/615 1419/443/615 1435/460/615
f 1416/1981/498 1418/1985/498 1422/1982/617
f 1468/1984/628 1470/2001/628 1418/1985/498
f 1449/555/616 1445/547/616 1441/539/616
f 1441/539/616 1437/2416/616 1433/1986/616
f 1433/1986/616 1429/2599/616 1425/300/616
f 1425/300/616 1421/299/616 1417/586/616
f 1417/586/616 1469/583/616 1465/577/616
f 1465/577/616 1461/572/616 1457/568/616
f 1457/568/616 1453/564/616 1449/555/616
f 1449/555/616 1441/539/616 1433/1986/616
f 1433/1986/616 1425/300/616 1417/586/616
f 1417/586/616 1465/577/616 1457/568/616
f 1457/568/616 1449/555/616 1433/1986/616
f 1420/1983/617 1422/1982/617 1426/1987/618
f 1426/515/618 1430/516/619 1428/1989/619
f 1430/516/619 1434/475/620 1432/1991/620
f 1434/475/620 1438/435/621 1436/1992/621
f 1438/1993/621 1442/1982/622 1440/1994/622
f 1442/1982/622 1446/1985/495 1444/1981/495
f 1446/1985/495 1450/1997/623 1448/1996/623
f 1450/1997/623 1454/2600/624 1452/1998/624
f 1452/566/624 1454/2601/624 1458/1999/625
f 1458/1999/625 1462/2000/626 1460/553/626
f 1462/2000/626 1466/2602/627 1464/582/627
f 1464/1998/627 1466/2600/627 1470/2001/628
f 1491/588/629 1495/595/629 1499/594/629
f 1499/594/629 1503/612/629 1507/611/629
f 1507/611/629 1511/617/629 1515/628/629
f 1515/628/629 1519/627/629 1523/636/629
f 1523/636/629 1471/569/629 1475/503/629
f 1475/503/629 1479/2413/629 1483/2002/629
f 1483/2002/629 1487/2603/629 1491/588/629
f 1491/588/629 1499/594/629 1507/611/629
f 1507/611/629 1515/628/629 1523/636/629
f 1523/636/629 1475/503/629 1483/2002/629
f 1483/2002/629 1491/588/629 1507/611/629
f 1474/2003/498 1478/2009/631 1476/2004/631
f 1526/2006/643 1474/2003/498 1472/2005/498
f 1505/606/630 1501/599/630 1497/592/630
f 1497/592/630 1493/498/630 1489/497/630
f 1489/497/630 1485/571/630 1481/363/630
f 1481/363/630 1477/362/630 1473/549/630
f 1473/549/630 1525/634/630 1521/2422/630
f 1521/2422/630 1517/2604/630 1513/2008/630
f 1513/2008/630 1509/615/639 1505/606/630
f 1505/606/630 1497/592/630 1489/497/630
f 1489/497/630 1481/363/630 1473/549/630
f 1473/549/630 1521/2422/630 1513/2008/630
f 1513/2008/630 1505/606/630 1489/497/630
f 1478/2009/631 1482/2605/632 1480/2010/632
f 1480/582/632 1482/2602/632 1486/2000/633
f 1486/2000/633 1490/1999/634 1488/521/634
f 1490/1999/634 1494/2601/635 1492/566/635
f 1492/2010/635 1494/2605/635 1498/2011/636
f 1496/2012/636 1498/2011/636 1502/2003/495
f 1500/2005/495 1502/2003/495 1506/2006/637
f 1504/2013/637 1506/2006/637 1510/2014/638
f 1510/618/638 1514/475/640 1512/1991/640
f 1514/475/640 1518/516/641 1516/1989/641
f 1518/516/641 1522/629/642 1520/2017/642
f 1522/2018/642 1526/2006/643 1524/2007/643
f 1531/2606/644 1535/2607/644 1539/2608/644
f 1539/2608/644 1543/2609/644 1547/2020/644
f 1547/2020/644 1551/2610/644 1555/652/644
f 1555/652/644 1559/661/644 1563/660/644
f 1563/660/644 1567/665/644 1571/672/644
f 1571/672/644 1575/681/644 1579/684/644
f 1579/684/644 1527/683/644 1531/2606/644
f 1531/2606/644 1539/2608/644 1547/2020/644
f 1547/2020/644 1555/652/644 1563/660/644
f 1563/660/644 1571/672/644 1579/684/644
f 1579/684/644 1531/2606/644 1547/2020/644
f 1530/685/498 1534/2023/646 1532/620/646
f 1580/2021/658 1582/2426/658 1530/685/498
f 1561/2611/645 1557/647/645 1553/642/645
f 1553/642/645 1549/557/645 1545/591/645
f 1545/591/645 1541/625/645 1537/420/645
f 1537/420/645 1533/602/645 1529/601/645
f 1529/601/645 1581/2612/645 1577/2613/645
f 1577/2613/645 1573/2614/645 1569/2022/645
f 1569/2022/645 1565/2615/654 1561/2611/645
f 1561/2611/645 1553/642/645 1545/591/645
f 1545/591/645 1537/420/645 1529/601/645
f 1529/601/645 1577/2613/645 1569/2022/645
f 1569/2022/645 1561/2611/645 1545/591/645
f 1534/2023/646 1538/2616/647 1536/2024/647
f 1536/527/647 1538/2617/647 1542/2025/648
f 1540/513/648 1542/2025/648 1546/2026/649
f 1546/2026/649 1550/2618/650 1548/499/650
f 1548/2024/650 1550/2619/650 1554/2023/651
f 1554/2023/651 1558/685/495 1556/622/495
f 1556/622/495 1558/685/495 1562/654/652
f 1560/2021/652 1562/654/652 1566/2027/653
f 1564/2029/653 1566/374/653 1570/667/655
f 1570/667/655 1574/674/656 1572/2031/656
f 1574/674/656 1578/240/657 1576/2032/657
f 1578/2027/657 1582/2426/658 1580/2021/658
f 1603/2620/659 1607/2621/659 1611/702/659
f 1611/702/659 1615/712/659 1619/711/659
f 1619/711/659 1623/722/659 1627/725/659
f 1627/725/659 1631/724/659 1635/732/659
f 1635/732/659 1583/731/659 1587/2622/659
f 1587/2622/659 1591/2623/659 1595/2033/659
f 1595/2033/659 1599/2624/659 1603/2620/659
f 1603/2620/659 1611/702/659 1619/711/659
f 1619/711/659 1627/725/659 1635/732/659
f 1635/732/659 1587/2622/659 1595/2033/659
f 1595/2033/659 1603/2620/659 1619/711/659
f 1584/670/498 1586/705/498 1590/2034/661
f 1636/2035/672 1638/707/672 1586/705/498
f 1617/2625/660 1613/697/660 1609/689/660
f 1609/689/660 1605/610/660 1601/609/660
f 1601/609/660 1597/640/660 1593/483/660
f 1593/483/660 1589/482/660 1585/650/660
f 1585/650/660 1637/2626/660 1633/2627/660
f 1633/2627/660 1629/2628/660 1625/2036/660
f 1625/2036/660 1621/2629/660 1617/2625/660
f 1617/2625/660 1609/689/660 1601/609/660
f 1601/609/660 1593/483/660 1585/650/660
f 1585/650/660 1633/2627/660 1625/2036/660
f 1625/2036/660 1617/2625/660 1601/609/660
f 1588/668/661 1590/2034/661 1594/2037/662
f 1594/2039/662 1598/2040/663 1596/452/663
f 1598/2040/663 1602/2041/664 1600/446/664
f 1602/2041/664 1606/2630/665 1604/438/665
f 1606/2042/665 1610/2631/666 1608/691/666
f 1608/691/666 1610/2631/666 1614/705/495
f 1612/670/495 1614/705/495 1618/707/667
f 1618/707/667 1622/2047/668 1620/2044/668
f 1622/715/668 1626/313/669 1624/1955/669
f 1626/313/669 1630/354/670 1628/1953/670
f 1628/1953/670 1630/354/670 1634/726/671
f 1634/2047/671 1638/707/672 1636/2035/672
f 1643/2632/673 1647/2633/673 1651/2634/673
f 1651/2634/673 1655/2635/673 1659/2048/673
f 1659/2048/673 1663/2636/673 1667/2637/673
f 1667/2637/673 1671/755/673 1675/760/673
f 1675/760/673 1679/766/673 1683/765/673
f 1683/765/673 1687/773/673 1691/772/673
f 1691/772/673 1639/2638/673 1643/2632/673
f 1643/2632/673 1651/2634/673 1659/2048/673
f 1659/2048/673 1667/2637/673 1675/760/673
f 1675/760/673 1683/765/673 1691/772/673
f 1691/772/673 1643/2632/673 1659/2048/673
f 1642/698/498 1646/700/675 1644/740/675
f 1694/750/687 1642/698/498 1640/718/498
f 1673/2639/674 1669/2640/674 1665/737/674
f 1665/737/674 1661/659/674 1657/658/674
f 1657/658/674 1653/723/678 1649/544/674
f 1649/544/674 1645/2417/674 1641/2049/674
f 1641/2049/674 1693/2641/674 1689/2642/674
f 1689/2642/674 1685/2643/674 1681/2050/674
f 1681/2050/674 1677/2644/674 1673/2639/674
f 1673/2639/674 1665/737/674 1657/658/674
f 1657/658/674 1649/544/674 1641/2049/674
f 1641/2049/674 1689/2642/674 1681/2050/674
f 1681/2050/674 1673/2639/674 1657/658/674
f 1644/740/675 1646/700/675 1650/2051/676
f 1650/2053/676 1654/2054/677 1652/704/677
f 1654/2054/677 1658/2055/679 1656/678/679
f 1658/2055/679 1662/2645/680 1660/377/680
f 1662/2056/680 1666/2432/681 1664/740/681
f 1664/740/681 1666/2432/681 1670/742/495
f 1668/739/495 1670/742/495 1674/750/682
f 1674/750/682 1678/2062/683 1676/2057/683
f 1678/758/683 1682/761/684 1680/2058/684
f 1682/761/684 1686/768/685 1684/2060/685
f 1684/2060/685 1686/768/685 1690/771/686
f 1690/2062/686 1694/750/687 1692/776/687
f 1715/317/688 1719/318/688 1723/2551/688
f 1723/2551/688 1727/2550/688 1731/2063/688
f 1731/2063/688 1735/2646/688 1739/2647/688
f 1739/2647/688 1743/2648/688 1747/2064/688
f 1747/2064/688 1695/2552/688 1699/713/688
f 1699/713/688 1703/337/688 1707/338/688
f 1707/338/688 1711/333/688 1715/317/688
f 1715/317/688 1723/2551/688 1731/2063/688
f 1731/2063/688 1739/2647/688 1747/2064/688
f 1747/2064/688 1699/713/688 1707/338/688
f 1707/338/688 1715/317/688 1731/2063/688
f 1698/745/498 1702/747/690 1700/782/690
f 1748/824/701 1750/790/701 1698/745/498
f 1729/295/689 1725/2554/689 1721/2553/689
f 1721/2553/689 1717/2558/689 1713/2065/689
f 1713/2065/689 1709/2649/689 1705/2556/689
f 1705/2556/689 1701/2555/689 1697/1919/689
f 1697/1919/689 1749/822/689 1745/109/689
f 1745/109/689 1741/234/689 1737/235/689
f 1737/235/689 1733/219/689 1729/295/689
f 1729/295/689 1721/2553/689 1713/2065/689
f 1713/2065/689 1705/2556/689 1697/1919/689
f 1697/1919/689 1745/109/689 1737/235/689
f 1737/235/689 1729/295/689 1713/2065/689
f 1700/782/690 1702/747/690 1706/2066/691
f 1706/598/691 1710/767/692 1708/2068/692
f 1710/767/692 1714/735/693 1712/2070/693
f 1714/735/693 1718/708/694 1716/2071/694
f 1718/2066/694 1722/783/695 1720/782/695
f 1722/783/695 1726/745/495 1724/762/495
f 1724/762/495 1726/745/495 1730/790/696
f 1730/790/696 1734/2650/697 1732/2072/697
f 1734/2073/697 1738/2074/698 1736/810/698
f 1738/2074/698 1742/2651/699 1740/809/699
f 1740/809/699 1742/2651/699 1746/2075/700
f 1744/2076/700 1746/2650/700 1750/790/701
f 1755/757/702 1759/280/702 1763/281/702
f 1763/281/702 1767/271/702 1771/266/702
f 1771/266/702 1775/257/702 1779/2536/702
f 1779/2536/702 1783/2535/702 1787/2077/702
f 1787/2077/702 1791/2539/702 1795/1903/702
f 1795/1903/702 1799/2538/702 1803/2078/702
f 1803/2078/702 1751/2537/702 1755/757/702
f 1755/757/702 1763/281/702 1771/266/702
f 1771/266/702 1779/2536/702 1787/2077/702
f 1787/2077/702 1795/1903/702 1803/2078/702
f 1803/2078/702 1755/757/702 1771/266/702
f 1752/806/498 1754/785/498 1758/787/704
f 1806/842/715 1754/785/498 1752/806/498
f 1785/239/703 1781/2541/703 1777/2540/703
f 1777/2540/703 1773/2545/703 1769/1905/703
f 1769/1905/703 1765/2544/703 1761/2543/703
f 1761/2543/703 1757/2542/703 1753/1904/703
f 1753/1904/703 1805/19/703 1801/20/703
f 1801/20/703 1797/215/703 1793/178/703
f 1793/178/703 1789/133/703 1785/239/703
f 1785/239/703 1777/2540/703 1769/1905/703
f 1769/1905/703 1761/2543/703 1753/1904/703
f 1753/1904/703 1801/20/703 1793/178/703
f 1793/178/703 1785/239/703 1769/1905/703
f 1758/787/704 1762/2084/705 1760/2079/705
f 1760/2080/705 1762/644/705 1766/777/706
f 1766/777/706 1770/778/707 1768/2082/707
f 1770/778/707 1774/751/708 1772/2083/708
f 1774/2084/708 1778/787/709 1776/831/709
f 1778/787/709 1782/785/495 1780/806/495
f 1782/785/495 1786/842/710 1784/868/710
f 1784/868/710 1786/842/710 1790/2085/711
f 1790/2087/711 1794/2088/712 1792/853/712
f 1794/2088/712 1798/2089/713 1796/857/713
f 1798/2089/713 1802/2652/714 1800/860/714
f 1802/2090/714 1806/842/715 1804/868/715
f 1827/816/716 1831/870/716 1835/876/716
f 1835/876/716 1839/2525/716 1843/2091/716
f 1843/2091/716 1847/2653/716 1851/2654/716
f 1851/2654/716 1855/2655/716 1859/2092/716
f 1859/2092/716 1807/855/716 1811/799/716
f 1811/799/716 1815/866/716 1819/840/716
f 1819/840/716 1823/817/716 1827/816/716
f 1827/816/716 1835/876/716 1843/2091/716
f 1843/2091/716 1851/2654/716 1859/2092/716
f 1859/2092/716 1811/799/716 1819/840/716
f 1819/840/716 1827/816/716 1843/2091/716
f 1810/836/498 1814/838/718 1812/2093/718
f 1862/2094/729 1810/836/498 1808/884/498
f 1841/179/717 1837/2442/717 1833/2529/717
f 1833/2529/717 1829/2656/717 1825/2095/717
f 1825/2095/717 1821/2657/717 1817/2658/717
f 1817/2658/717 1813/2530/717 1809/918/717
f 1809/918/717 1861/61/717 1857/911/717
f 1857/911/717 1853/906/717 1849/899/717
f 1849/899/717 1845/894/717 1841/179/717
f 1841/179/717 1833/2529/717 1825/2095/717
f 1825/2095/717 1817/2658/717 1809/918/717
f 1809/918/717 1857/911/717 1849/899/717
f 1849/899/717 1841/179/717 1825/2095/717
f 1812/2093/718 1814/838/718 1818/2096/719
f 1818/693/719 1822/859/720 1820/2098/720
f 1820/2098/720 1822/859/720 1826/792/721
f 1826/792/721 1830/794/722 1828/2101/722
f 1828/2097/722 1830/2096/722 1834/838/723
f 1832/2093/723 1834/838/723 1838/836/495
f 1836/884/495 1838/836/495 1842/2094/724
f 1842/2094/724 1846/2659/725 1844/2102/725
f 1846/2103/725 1850/2104/726 1848/896/726
f 1850/2104/726 1854/2105/727 1852/902/727
f 1854/2105/727 1858/2660/728 1856/913/728
f 1856/2106/728 1858/2659/728 1862/2094/729
f 1867/851/730 1871/167/734 1875/887/734
f 1875/887/734 1879/862/734 1883/144/730
f 1883/144/730 1887/919/730 1891/2446/730
f 1891/2446/730 1895/942/734 1899/941/730
f 1899/941/730 1903/2661/734 1907/2662/730
f 1907/2662/730 1911/960/734 1915/2107/730
f 1915/2107/730 1863/901/730 1867/851/730
f 1867/851/730 1875/887/734 1883/144/730
f 1883/144/730 1891/2446/730 1899/941/730
f 1899/941/730 1907/2662/730 1915/2107/730
f 1915/2107/730 1867/851/730 1883/144/730
f 1866/881/498 1870/883/732 1868/2108/732
f 1916/965/745 1918/2663/745 1866/881/498
f 1897/935/731 1893/121/731 1889/923/731
f 1889/923/731 1885/141/733 1881/2109/731
f 1881/2109/731 1877/2518/731 1873/170/733
f 1873/170/733 1869/2431/733 1865/966/731
f 1865/966/731 1917/963/731 1913/3/731
f 1913/3/731 1909/955/731 1905/951/731
f 1905/951/731 1901/46/733 1897/935/731
f 1897/935/731 1889/923/731 1881/2109/731
f 1881/2109/731 1873/170/733 1865/966/731
f 1865/966/731 1913/3/731 1905/951/731
f 1905/951/731 1897/935/731 1881/2109/731
f 1870/883/732 1874/2664/735 1872/2110/735
f 1874/2111/735 1878/871/736 1876/2112/736
f 1878/871/736 1882/872/737 1880/2114/737
f 1882/872/737 1886/844/738 1884/2115/738
f 1884/2110/738 1886/2665/738 1890/883/739
f 1888/2108/739 1890/883/739 1894/881/495
f 1894/881/495 1898/2663/740 1896/965/740
f 1896/965/740 1898/2663/740 1902/2116/741
f 1900/947/741 1902/2666/741 1906/2118/742
f 1906/2118/742 1910/2119/743 1908/952/743
f 1910/2119/743 1914/2667/744 1912/2120/744
f 1914/2116/744 1918/2663/745 1916/965/745
f 1939/83/499 1943/75/499 1947/69/499
f 1947/69/499 1951/66/499 1955/58/499
f 1955/58/499 1959/1862/499 1963/24/499
f 1963/24/499 1967/8/499 1971/16/499
f 1971/16/499 1919/44/499 1923/107/499
f 1923/107/499 1927/103/499 1931/933/499
f 1931/933/499 1935/86/499 1939/83/499
f 1939/83/499 1947/69/499 1955/58/499
f 1955/58/499 1963/24/499 1971/16/499
f 1971/16/499 1923/107/499 1931/933/499
f 1931/933/499 1939/83/499 1955/58/499
f 1922/2121/498 1926/2126/511 1924/2122/511
f 1974/2124/500 1922/2121/498 1920/2123/498
f 1953/66/496 1949/69/496 1945/75/496
f 1945/75/496 1941/83/496 1937/890/496
f 1937/890/496 1933/954/496 1929/103/496
f 1929/103/496 1925/107/496 1921/44/496
f 1921/44/496 1973/16/496 1969/8/496
f 1969/8/496 1965/1856/496 1961/59/496
f 1961/59/496 1957/58/496 1953/66/496
f 1953/66/496 1945/75/496 1937/890/496
f 1937/890/496 1929/103/496 1921/44/496
f 1921/44/496 1969/8/496 1961/59/496
f 1961/59/496 1953/66/496 1937/890/496
f 1926/2126/511 1930/2133/510 1928/2127/510
f 1930/2128/510 1934/920/509 1932/2129/509
f 1934/920/509 1938/922/508 1936/2131/508
f 1938/922/508 1942/2136/507 1940/2132/507
f 1942/2133/507 1946/2126/506 1944/2122/506
f 1946/2126/506 1950/2121/495 1948/2123/495
f 1950/2121/495 1954/2124/505 1952/2125/505
f 1954/2124/505 1958/2139/504 1956/2135/504
f 1958/2136/504 1962/922/503 1960/988/503
f 1962/922/503 1966/920/502 1964/986/502
f 1966/920/502 1970/2128/501 1968/2138/501
f 1970/2139/501 1974/2124/500 1972/2125/500
f 1979/945/513 1983/944/518 1987/2668/513
f 1987/2668/513 1991/2669/513 1995/994/513
f 1995/994/513 1999/2455/513 2003/1009/513
f 2003/1009/513 2007/1018/518 2011/1017/513
f 2011/1017/513 2015/1025/518 2019/1034/513
f 2019/1034/513 2023/1033/518 2027/1046/513
f 2027/1046/513 1975/2460/513 1979/945/513
f 1979/945/513 1987/2668/513 1995/994/513
f 1995/994/513 2003/1009/513 2011/1017/513
f 2011/1017/513 2019/1034/513 2027/1046/513
f 2027/1046/513 1979/945/513 1995/994/513
f 1978/1047/498 1982/2670/527 1980/983/527
f 2028/2140/514 2030/2461/514 1978/1047/498
f 2009/1022/512 2005/1004/512 2001/998/512
f 2001/998/512 1997/939/512 1993/938/512
f 1993/938/512 1989/989/521 1985/834/512
f 1985/834/512 1981/833/512 1977/2141/512
f 1977/2141/512 2029/1044/521 2025/1043/521
f 2025/1043/521 2021/2671/512 2017/2142/521
f 2017/2142/521 2013/1023/521 2009/1022/512
f 2009/1022/512 2001/998/512 1993/938/512
f 1993/938/512 1985/834/512 1977/2141/512
f 1977/2141/512 2025/1043/521 2017/2142/521
f 2017/2142/521 2009/1022/512 1993/938/512
f 1980/983/527 1982/2670/527 1986/2143/526
f 1986/2145/526 1990/2672/525 1988/975/525
f 1988/975/525 1990/2672/525 1994/2146/524
f 1994/2146/524 1998/2673/523 1996/2147/523
f 1998/2148/523 2002/2670/522 2000/983/522
f 2000/983/522 2002/2670/522 2006/1011/495
f 2006/1011/495 2010/1013/520 2008/2150/520
f 2010/1013/520 2014/2674/519 2012/2151/519
f 2012/2115/519 2014/1026/519 2018/872/517
f 2016/2114/517 2018/872/517 2022/871/516
f 2022/871/516 2026/1038/515 2024/2113/515
f 2026/2152/515 2030/2461/514 2028/2140/514
f 2051/2353/529 2055/2675/529 2059/1065/529
f 2059/1065/529 2063/1075/529 2067/1074/529
f 2067/1074/529 2071/1089/529 2075/1088/529
f 2075/1088/529 2079/1093/529 2083/1104/529
f 2083/1104/529 2031/1746/529 2035/2676/529
f 2035/2676/529 2039/2677/529 2043/2153/529
f 2043/2153/529 2047/2678/529 2051/2353/529
f 2051/2353/529 2059/1065/529 2067/1074/529
f 2067/1074/529 2075/1088/529 2083/1104/529
f 2083/1104/529 2035/2676/529 2043/2153/529
f 2043/2153/529 2051/2353/529 2067/1074/529
f 2032/1029/498 2034/1068/498 2038/2154/542
f 2084/2155/530 2086/2465/530 2034/1068/498
f 2065/2679/528 2061/1059/528 2057/1054/528
f 2057/1054/528 2053/978/528 2049/997/528
f 2049/997/528 2045/1032/528 2041/878/528
f 2041/878/528 2037/1007/528 2033/1006/528
f 2033/1006/528 2085/2680/528 2081/2681/528
f 2081/2681/528 2077/2682/528 2073/2156/528
f 2073/2156/528 2069/2683/528 2065/2679/528
f 2065/2679/528 2057/1054/528 2049/997/528
f 2049/997/528 2041/878/528 2033/1006/528
f 2033/1006/528 2081/2681/528 2073/2156/528
f 2073/2156/528 2065/2679/528 2049/997/528
f 2038/2154/542 2042/2684/541 2040/2157/541
f 2042/2158/541 2046/2105/540 2044/902/540
f 2046/2105/540 2050/2104/539 2048/991/539
f 2050/2104/539 2054/2685/538 2052/891/538
f 2054/2159/538 2058/2154/537 2056/1027/537
f 2058/2154/537 2062/1068/495 2060/1029/495
f 2062/1068/495 2066/1070/535 2064/2160/535
f 2066/1070/535 2070/2686/534 2068/2161/534
f 2070/1081/534 2074/1084/533 2072/2162/533
f 2074/1084/533 2078/1091/532 2076/2164/532
f 2076/2164/532 2078/1091/532 2082/693/531
f 2082/2166/531 2086/2465/530 2084/2155/530
f 2091/2687/544 2095/2688/544 2099/2689/544
f 2099/2689/544 2103/2690/544 2107/2167/544
f 2107/2167/544 2111/2691/544 2115/2692/544
f 2115/2692/544 2119/1130/544 2123/1139/544
f 2123/1139/544 2127/1138/544 2131/1149/544
f 2131/1149/544 2135/1155/544 2139/2168/544
f 2139/2168/544 2087/2693/544 2091/2687/544
f 2091/2687/544 2099/2689/544 2107/2167/544
f 2107/2167/544 2115/2692/544 2123/1139/544
f 2123/1139/544 2131/1149/544 2139/2168/544
f 2139/2168/544 2091/2687/544 2107/2167/544
f 2088/1087/498 2090/1061/498 2094/1063/556
f 2140/1159/545 2142/1125/545 2090/1061/498
f 2121/2694/543 2117/2695/543 2113/1110/543
f 2113/1110/543 2109/1016/543 2105/1015/543
f 2105/1015/543 2101/1052/543 2097/927/543
f 2097/927/543 2093/2447/543 2089/2169/543
f 2089/2169/543 2141/2696/543 2137/2697/543
f 2137/2697/543 2133/2698/543 2129/2170/543
f 2129/2170/543 2125/2699/543 2121/2694/543
f 2121/2694/543 2113/1110/543 2105/1015/543
f 2105/1015/543 2097/927/543 2089/2169/543
f 2089/2169/543 2137/2697/543 2129/2170/543
f 2129/2170/543 2121/2694/543 2105/1015/543
f 2092/1085/556 2094/1063/556 2098/2171/555
f 2098/2173/555 2102/2089/554 2100/857/554
f 2102/2089/554 2106/2700/553 2104/1035/553
f 2104/1035/553 2106/2700/553 2110/2174/552
f 2110/2171/552 2114/1116/551 2112/1085/551
f 2114/1116/551 2118/1061/495 2116/1087/495
f 2116/1087/495 2118/1061/495 2122/1125/550
f 2120/1159/550 2122/1125/550 2126/2176/549
f 2124/2083/549 2126/1137/549 2130/778/548
f 2130/778/548 2134/777/547 2132/2081/547
f 2134/777/547 2138/644/546 2136/2080/546
f 2138/2178/546 2142/1125/545 2140/1159/545
f 2163/2701/558 2167/2702/558 2171/2703/558
f 2171/2703/558 2175/1184/558 2179/1193/558
f 2179/1193/558 2183/1192/558 2187/1205/558
f 2187/1205/558 2191/1212/558 2195/1211/558
f 2195/1211/558 2143/2704/558 2147/2326/558
f 2147/2326/558 2151/2705/558 2155/2179/558
f 2155/2179/558 2159/2706/558 2163/2701/558
f 2163/2701/558 2171/2703/558 2179/1193/558
f 2179/1193/558 2187/1205/558 2195/1211/558
f 2195/1211/558 2147/2326/558 2155/2179/558
f 2155/2179/558 2163/2701/558 2179/1193/558
f 2146/1118/498 2150/1120/570 2148/2180/570
f 2196/1175/559 2198/1178/559 2146/1118/498
f 2177/2707/557 2173/2708/557 2169/1165/557
f 2169/1165/557 2165/1073/557 2161/1072/557
f 2161/1072/557 2157/1146/557 2153/971/557
f 2153/971/557 2149/2451/557 2145/2181/557
f 2145/2181/557 2197/2709/557 2193/2710/557
f 2193/2710/557 2189/2711/557 2185/2182/557
f 2185/2182/557 2181/2712/557 2177/2707/557
f 2177/2707/557 2169/1165/557 2161/1072/557
f 2161/1072/557 2153/971/557 2145/2181/557
f 2145/2181/557 2193/2710/557 2185/2182/557
f 2185/2182/557 2177/2707/557 2161/1072/557
f 2150/1120/570 2154/2713/569 2152/2183/569
f 2154/2184/569 2158/2714/568 2156/1123/568
f 2156/1123/568 2158/2714/568 2162/2185/567
f 2162/2185/567 2166/2715/566 2164/1160/566
f 2166/2186/566 2170/1170/565 2168/1166/565
f 2170/1170/565 2174/1118/495 2172/1141/495
f 2174/1118/495 2178/1178/564 2176/1175/564
f 2178/1178/564 2182/2193/563 2180/2188/563
f 2182/1191/563 2186/1195/562 2184/2189/562
f 2186/1195/562 2190/1203/561 2188/2191/561
f 2190/1203/561 2194/1209/560 2192/2192/560
f 2194/2193/560 2198/1178/559 2196/1175/559
f 2203/1134/572 2207/1133/572 2211/1176/572
f 2211/1176/572 2215/1152/572 2219/1151/572
f 2219/1151/572 2223/1219/572 2227/2716/572
f 2227/2716/572 2231/2717/572 2235/2194/572
f 2235/2194/572 2239/2635/572 2243/2718/572
f 2243/2718/572 2247/2719/572 2251/2195/572
f 2251/2195/572 2199/2720/572 2203/1134/572
f 2203/1134/572 2211/1176/572 2219/1151/572
f 2219/1151/572 2227/2716/572 2235/2194/572
f 2235/2194/572 2243/2718/572 2251/2195/572
f 2251/2195/572 2203/1134/572 2219/1151/572
f 2200/1196/498 2202/1273/498 2206/1172/584
f 2252/1233/573 2254/1236/573 2202/1273/498
f 2233/2473/571 2229/2721/571 2225/2722/571
f 2225/2722/571 2221/2723/571 2217/2050/571
f 2217/2050/571 2213/2724/571 2209/2725/571
f 2209/2725/571 2205/2726/571 2201/2196/571
f 2201/2196/571 2253/1271/571 2249/1265/571
f 2249/1265/571 2245/1259/571 2241/1252/571
f 2241/1252/571 2237/1247/571 2233/2473/571
f 2233/2473/571 2225/2722/571 2217/2050/571
f 2217/2050/571 2209/2725/571 2201/2196/571
f 2201/2196/571 2249/1265/571 2241/1252/571
f 2241/1252/571 2233/2473/571 2217/2050/571
f 2204/1225/584 2206/1172/584 2210/2197/583
f 2210/1003/583 2214/1162/582 2212/2199/582
f 2214/1162/582 2218/1163/581 2216/2201/581
f 2218/1163/581 2222/1126/580 2220/2202/580
f 2222/2203/580 2226/1172/579 2224/1225/579
f 2226/1172/579 2230/1229/495 2228/1224/495
f 2230/1229/495 2234/1236/578 2232/1233/578
f 2234/1236/578 2238/2727/577 2236/2205/577
f 2238/2206/577 2242/2207/576 2240/1249/576
f 2242/2207/576 2246/2208/575 2244/1255/575
f 2246/2208/575 2250/2728/574 2248/1268/574
f 2248/2205/574 2250/2729/574 2254/1236/573
f 2275/1207/586 2279/1275/586 2283/2474/586
f 2283/2474/586 2287/2730/586 2291/2209/586
f 2291/2209/586 2295/2731/586 2299/2732/586
f 2299/2732/586 2303/2733/586 2307/2210/586
f 2307/2210/586 2255/1254/586 2259/1187/586
f 2259/1187/586 2263/1269/586 2267/1234/586
f 2267/1234/586 2271/1208/586 2275/1207/586
f 2275/1207/586 2283/2474/586 2291/2209/586
f 2291/2209/586 2299/2732/586 2307/2210/586
f 2307/2210/586 2259/1187/586 2267/1234/586
f 2267/1234/586 2275/1207/586 2291/2209/586
f 2258/1230/498 2262/1232/598 2260/2211/598
f 2310/2213/587 2258/1230/498 2256/2212/498
f 2289/1294/585 2285/2476/585 2281/2734/585
f 2281/2734/585 2277/2735/585 2273/2214/585
f 2273/2214/585 2269/2736/585 2265/2737/585
f 2265/2737/585 2261/2738/585 2257/1329/585
f 2257/1329/585 2309/1325/585 2305/1320/585
f 2305/1320/585 2301/1314/585 2297/1308/585
f 2297/1308/585 2293/1304/585 2289/1294/585
f 2289/1294/585 2281/2734/585 2273/2214/585
f 2273/2214/585 2265/2737/585 2257/1329/585
f 2257/1329/585 2305/1320/585 2297/1308/585
f 2297/1308/585 2289/1294/585 2273/2214/585
f 2260/2211/598 2262/1232/598 2266/2215/597
f 2266/1058/597 2270/1257/596 2268/2217/596
f 2270/1257/596 2274/1220/595 2272/2219/595
f 2274/1220/595 2278/1180/594 2276/2220/594
f 2278/2215/594 2282/1232/593 2280/2211/593
f 2282/1232/593 2286/1230/495 2284/1290/495
f 2284/1290/495 2286/1230/495 2290/2213/592
f 2290/2213/592 2294/2739/591 2292/2221/591
f 2294/2222/591 2298/2223/590 2296/1311/590
f 2298/2223/590 2302/2740/589 2300/1310/589
f 2300/1310/589 2302/2740/589 2306/2224/588
f 2304/2221/588 2306/2739/588 2310/2213/587
f 2315/1246/600 2319/1245/600 2323/1291/600
f 2323/1291/600 2327/1264/600 2331/1263/600
f 2331/1263/600 2335/1337/600 2339/652/600
f 2339/652/600 2343/2741/600 2347/2225/600
f 2347/2225/600 2351/2742/600 2355/2743/600
f 2355/2743/600 2359/2744/600 2363/2226/600
f 2363/2226/600 2311/683/600 2315/1246/600
f 2315/1246/600 2323/1291/600 2331/1263/600
f 2331/1263/600 2339/652/600 2347/2225/600
f 2347/2225/600 2355/2743/600 2363/2226/600
f 2363/2226/600 2315/1246/600 2331/1263/600
f 2314/1343/498 2318/1285/614 2316/2227/614
f 2364/1390/601 2366/2238/601 2314/1343/498
f 2345/1352/599 2341/647/599 2337/2745/599
f 2337/2745/599 2333/2746/599 2329/2228/599
f 2329/2228/599 2325/2747/599 2321/2748/599
f 2321/2748/599 2317/2749/599 2313/1391/599
f 2313/1391/599 2365/1387/599 2361/1382/599
f 2361/1382/599 2357/1375/599 2353/1367/599
f 2353/1367/599 2349/1363/599 2345/1352/599
f 2345/1352/599 2337/2745/599 2329/2228/599
f 2329/2228/599 2321/2748/599 2313/1391/599
f 2313/1391/599 2361/1382/599 2353/1367/599
f 2353/1367/599 2345/1352/599 2329/2228/599
f 2316/2227/614 2318/1285/614 2322/2229/613
f 2322/1115/613 2326/1276/612 2324/2231/612
f 2326/1276/612 2330/1277/611 2328/2233/611
f 2328/2233/611 2330/1277/611 2334/1238/609
f 2334/2235/609 2338/1341/608 2336/2236/608
f 2336/2236/608 2338/1341/608 2342/1343/495
f 2342/1343/495 2346/2238/607 2344/1390/607
f 2346/2238/607 2350/2750/606 2348/2239/606
f 2348/1357/606 2350/2751/606 2354/2240/605
f 2354/2240/605 2358/2241/603 2356/1371/603
f 2358/2241/603 2362/2752/602 2360/1384/602
f 2360/2242/602 2362/2753/602 2366/2238/601
f 2387/1394/616 2391/1393/616 2395/1409/616
f 2395/1409/616 2399/1408/616 2403/2243/616
f 2403/2243/616 2407/2754/616 2411/2755/616
f 2411/2755/616 2415/1444/616 2419/1443/616
f 2419/1443/616 2367/1370/616 2371/636/616
f 2371/636/616 2375/1386/616 2379/1349/616
f 2379/1349/616 2383/1318/616 2387/1394/616
f 2387/1394/616 2395/1409/616 2403/2243/616
f 2403/2243/616 2411/2755/616 2419/1443/616
f 2419/1443/616 2371/636/616 2379/1349/616
f 2379/1349/616 2387/1394/616 2403/2243/616
f 2368/2244/498 2370/2248/498 2374/2245/628
f 2420/2247/617 2422/2756/617 2370/2248/498
f 2401/592/615 2397/1404/615 2393/1398/615
f 2393/1398/615 2389/2484/615 2385/2249/615
f 2385/2249/615 2381/2757/615 2377/1169/615
f 2377/1169/615 2373/1168/615 2369/1450/615
f 2369/1450/615 2421/1447/615 2417/1440/615
f 2417/1440/615 2413/1433/615 2409/1426/615
f 2409/1426/615 2405/1421/615 2401/592/615
f 2401/592/615 2393/1398/615 2385/2249/615
f 2385/2249/615 2377/1169/615 2369/1450/615
f 2369/1450/615 2417/1440/615 2409/1426/615
f 2409/1426/615 2401/592/615 2385/2249/615
f 2374/2245/628 2378/2758/627 2376/2250/627
f 2376/2251/627 2378/1373/627 2382/1374/626
f 2382/1374/626 2386/1333/625 2384/2253/625
f 2386/1333/625 2390/1295/624 2388/2254/624
f 2388/2255/624 2390/2759/624 2394/2245/623
f 2394/2245/623 2398/2248/495 2396/2244/495
f 2396/2244/495 2398/2248/495 2402/2256/622
f 2402/2256/622 2406/2760/621 2404/2258/621
f 2406/2259/621 2410/2260/620 2408/1431/620
f 2410/2260/620 2414/2261/619 2412/1430/619
f 2414/2261/619 2418/2761/618 2416/1435/618
f 2418/2262/618 2422/2756/617 2420/2247/617
f 2427/1361/630 2431/2479/630 2435/2762/630
f 2435/2762/630 2439/2763/630 2443/1453/630
f 2443/1453/630 2447/1452/630 2451/1468/630
f 2451/1468/630 2455/1477/630 2459/1482/630
f 2459/1482/630 2463/1490/630 2467/1489/630
f 2467/1489/630 2471/1500/630 2475/1504/630
f 2475/1504/630 2423/1428/630 2427/1361/630
f 2427/1361/630 2435/2762/630 2443/1453/630
f 2443/1453/630 2451/1468/630 2459/1482/630
f 2459/1482/630 2467/1489/630 2475/1504/630
f 2475/1504/630 2427/1361/630 2443/1453/630
f 2426/2264/498 2430/2269/643 2428/2265/643
f 2476/2267/631 2478/2276/631 2426/2264/498
f 2457/1472/629 2453/1463/629 2449/1456/629
f 2449/1456/629 2445/1355/629 2441/1396/629
f 2441/1396/629 2437/1432/629 2433/1227/629
f 2433/1227/629 2429/1407/629 2425/1406/629
f 2425/1406/629 2477/1503/629 2473/1502/629
f 2473/1502/629 2469/2764/629 2465/2268/629
f 2465/2268/629 2461/1480/629 2457/1472/629
f 2457/1472/629 2449/1456/629 2441/1396/629
f 2441/1396/629 2433/1227/629 2425/1406/629
f 2425/1406/629 2473/1502/629 2465/2268/629
f 2465/2268/629 2457/1472/629 2441/1396/629
f 2430/2269/643 2434/2765/642 2432/2270/642
f 2434/2271/642 2438/2272/641 2436/1410/641
f 2438/2272/641 2442/2273/640 2440/1381/640
f 2442/2273/640 2446/2766/638 2444/1379/638
f 2444/2274/638 2446/2767/638 2450/2269/637
f 2450/2269/637 2454/2264/495 2452/2266/495
f 2454/2264/495 2458/2276/636 2456/2267/636
f 2458/2276/636 2462/2768/635 2460/2277/635
f 2462/1483/635 2466/1485/634 2464/2278/634
f 2466/1485/634 2470/1493/633 2468/2280/633
f 2468/2280/633 2470/1493/633 2474/1498/632
f 2472/2277/632 2474/2769/632 2478/2276/631
f 2499/2770/645 2503/2771/645 2507/1521/645
f 2507/1521/645 2511/480/645 2515/1534/645
f 2515/1534/645 2519/1533/645 2523/1546/645
f 2523/1546/645 2527/1551/645 2531/382/645
f 2531/382/645 2479/1555/645 2483/2772/645
f 2483/2772/645 2487/2773/645 2491/2282/645
f 2491/2282/645 2495/2774/645 2499/2770/645
f 2499/2770/645 2507/1521/645 2515/1534/645
f 2515/1534/645 2523/1546/645 2531/382/645
f 2531/382/645 2483/2772/645 2491/2282/645
f 2491/2282/645 2499/2770/645 2515/1534/645
f 2482/1556/498 2486/2775/658 2484/1511/658
f 2534/2283/646 2482/1556/498 2480/1486/498
f 2513/2776/644 2509/1518/644 2505/1510/644
f 2505/1510/644 2501/1414/644 2497/1455/644
f 2497/1455/644 2493/1491/644 2489/1282/644
f 2489/1282/644 2485/1466/644 2481/2285/644
f 2481/2285/644 2533/2777/644 2529/2778/644
f 2529/2778/644 2525/2779/644 2521/2286/644
f 2521/2286/644 2517/2780/644 2513/2776/644
f 2513/2776/644 2505/1510/644 2497/1455/644
f 2497/1455/644 2489/1282/644 2481/2285/644
f 2481/2285/644 2529/2778/644 2521/2286/644
f 2521/2286/644 2513/2776/644 2497/1455/644
f 2484/1511/658 2486/2775/658 2490/2287/657
f 2490/2289/657 2494/2290/656 2492/1470/656
f 2494/2290/656 2498/2781/655 2496/1439/655
f 2496/1439/655 2498/2781/655 2502/2291/653
f 2502/2292/653 2506/2775/652 2504/1511/652
f 2504/1511/652 2506/2775/652 2510/1556/495
f 2510/1556/495 2514/1523/651 2512/2295/651
f 2514/1523/651 2518/2782/650 2516/2296/650
f 2516/2297/650 2518/1532/650 2522/1535/649
f 2522/1535/649 2526/1543/648 2524/2299/648
f 2526/1543/648 2530/1550/647 2528/2300/647
f 2530/2301/647 2534/2283/646 2532/2284/646
f 2539/2783/660 2543/2784/660 2547/2785/660
f 2547/2785/660 2551/2786/660 2555/2302/660
f 2555/2302/660 2559/2787/660 2563/1574/660
f 2563/1574/660 2567/1573/660 2571/1591/660
f 2571/1591/660 2575/1597/660 2579/1601/660
f 2579/1601/660 2583/1600/660 2587/1607/660
f 2587/1607/660 2535/2496/660 2539/2783/660
f 2539/2783/660 2547/2785/660 2555/2302/660
f 2555/2302/660 2563/1574/660 2571/1591/660
f 2571/1591/660 2579/1601/660 2587/1607/660
f 2587/1607/660 2539/2783/660 2555/2302/660
f 2536/1539/498 2538/1577/498 2542/2303/672
f 2590/1579/661 2538/1577/498 2536/1539/498
f 2569/2788/659 2565/1567/659 2561/1561/659
f 2561/1561/659 2557/1474/659 2553/1509/659
f 2553/1509/659 2549/1508/659 2545/1340/659
f 2545/1340/659 2541/1339/659 2537/2305/659
f 2537/2305/659 2589/2789/659 2585/2790/659
f 2585/2790/659 2581/2791/659 2577/2306/659
f 2577/2306/659 2573/2792/659 2569/2788/659
f 2569/2788/659 2561/1561/659 2553/1509/659
f 2553/1509/659 2545/1340/659 2537/2305/659
f 2537/2305/659 2585/2790/659 2577/2306/659
f 2577/2306/659 2569/2788/659 2553/1509/659
f 2542/2303/672 2546/2793/671 2544/2307/671
f 2546/2224/671 2550/2308/670 2548/1310/670
f 2550/2308/670 2554/2794/669 2552/1311/669
f 2552/1311/669 2554/2794/669 2558/2222/668
f 2556/2307/668 2558/2793/668 2562/2303/667
f 2562/2303/667 2566/1577/495 2564/2309/495
f 2566/1577/495 2570/1579/666 2568/2304/666
f 2568/2304/666 2570/1579/666 2574/2310/665
f 2574/1589/665 2578/1592/664 2576/2312/664
f 2578/1592/664 2582/1599/663 2580/2313/663
f 2582/1599/663 2586/1605/662 2584/2218/662
f 2586/2310/662 2590/1579/661 2588/2304/661
f 2611/2795/674 2615/2796/674 2619/2797/674
f 2619/2797/674 2623/1635/674 2627/1634/674
f 2627/1634/674 2631/1649/674 2635/1654/674
f 2635/1654/674 2639/1653/674 2643/1658/674
f 2643/1658/674 2591/2798/674 2595/2799/674
f 2595/2799/674 2599/2800/674 2603/2314/674
f 2603/2314/674 2607/2801/674 2611/2795/674
f 2611/2795/674 2619/2797/674 2627/1634/674
f 2627/1634/674 2635/1654/674 2643/1658/674
f 2643/1658/674 2595/2799/674 2603/2314/674
f 2603/2314/674 2611/2795/674 2627/1634/674
f 2594/1663/498 2598/1569/687 2596/1593/687
f 2646/1628/675 2594/1663/498 2592/1595/498
f 2625/2802/673 2621/2803/673 2617/1615/673
f 2617/1615/673 2613/1527/673 2609/1560/673
f 2609/1560/673 2605/1559/673 2601/1402/673
f 2601/1402/673 2597/2485/673 2593/2315/673
f 2593/2315/673 2645/2804/673 2641/2805/673
f 2641/2805/673 2637/2569/673 2633/2316/673
f 2633/2316/673 2629/2806/673 2625/2802/673
f 2625/2802/673 2617/1615/673 2609/1560/673
f 2609/1560/673 2601/1402/673 2593/2315/673
f 2593/2315/673 2641/2805/673 2633/2316/673
f 2633/2316/673 2625/2802/673 2609/1560/673
f 2598/1569/687 2602/2807/686 2600/2317/686
f 2602/2318/686 2606/2208/685 2604/1576/685
f 2606/2208/685 2610/2207/684 2608/1547/684
f 2610/2207/684 2614/2808/683 2612/1250/683
f 2612/2317/683 2614/2809/683 2618/1569/682
f 2616/1593/682 2618/1569/682 2622/1620/495
f 2620/1624/495 2622/1620/495 2626/1628/681
f 2624/1662/681 2626/1628/681 2630/2319/680
f 2630/1640/680 2634/1644/679 2632/2201/679
f 2634/1644/679 2638/1652/677 2636/2199/677
f 2638/1652/677 2642/1656/676 2640/2322/676
f 2642/2323/676 2646/1628/675 2644/1662/675
f 2651/1586/689 2655/1659/689 2659/1626/689
f 2659/1626/689 2663/1603/689 2667/1665/689
f 2667/1665/689 2671/2499/689 2675/2810/689
f 2675/2810/689 2679/2702/689 2683/2325/689
f 2683/2325/689 2687/2811/689 2691/2812/689
f 2691/2812/689 2695/2813/689 2699/2326/689
f 2699/2326/689 2647/2704/689 2651/1586/689
f 2651/1586/689 2659/1626/689 2667/1665/689
f 2667/1665/689 2675/2810/689 2683/2325/689
f 2683/2325/689 2691/2812/689 2699/2326/689
f 2699/2326/689 2651/1586/689 2667/1665/689
f 2648/1645/498 2650/1671/498 2654/1621/701
f 2702/1678/690 2650/1671/498 2648/1645/498
f 2681/1689/688 2677/2814/688 2673/2707/688
f 2673/2707/688 2669/2815/688 2665/2328/688
f 2665/2328/688 2661/2816/688 2657/2817/688
f 2657/2817/688 2653/2709/688 2649/2181/688
f 2649/2181/688 2701/1713/688 2697/1708/688
f 2697/1708/688 2693/1701/688 2689/1694/688
f 2689/1694/688 2685/1690/688 2681/1689/688
f 2681/1689/688 2673/2707/688 2665/2328/688
f 2665/2328/688 2657/2817/688 2649/2181/688
f 2649/2181/688 2697/1708/688 2689/1694/688
f 2689/1694/688 2681/1689/688 2665/2328/688
f 2654/1621/701 2658/2818/700 2656/2329/700
f 2656/2330/700 2658/1462/700 2662/1650/699
f 2662/1650/699 2666/1612/698 2664/2332/698
f 2666/1612/698 2670/1580/697 2668/2333/697
f 2668/2334/697 2670/2818/697 2674/1621/696
f 2672/1670/696 2674/1621/696 2678/1671/495
f 2678/1671/495 2682/1678/695 2680/2335/695
f 2680/2335/695 2682/1678/695 2686/2336/694
f 2686/1924/694 2690/2338/693 2688/1691/693
f 2690/2338/693 2694/2819/692 2692/1698/692
f 2692/1698/692 2694/2819/692 2698/2339/691
f 2698/2336/691 2702/1678/690 2700/1715/690
f 2723/1717/703 2727/1716/703 2731/2692/703
f 2731/2692/703 2735/2820/703 2739/2341/703
f 2739/2341/703 2743/2690/703 2747/2689/703
f 2747/2689/703 2751/2821/703 2755/2342/703
f 2755/2342/703 2703/2693/703 2707/1637/703
f 2707/1637/703 2711/1712/703 2715/1149/703
f 2715/1149/703 2719/1138/703 2723/1717/703
f 2723/1717/703 2731/2692/703 2739/2341/703
f 2739/2341/703 2747/2689/703 2755/2342/703
f 2755/2342/703 2707/1637/703 2715/1149/703
f 2715/1149/703 2723/1717/703 2739/2341/703
f 2704/1695/498 2706/1724/498 2710/1672/715
f 2758/1732/704 2706/1724/498 2704/1695/498
f 2737/1741/702 2733/2695/702 2729/2822/702
f 2729/2822/702 2725/2823/702 2721/2343/702
f 2721/2343/702 2717/2824/702 2713/2825/702
f 2713/2825/702 2709/2826/702 2705/2169/702
f 2705/2169/702 2757/1761/702 2753/1757/702
f 2753/1757/702 2749/1052/702 2745/1015/702
f 2745/1015/702 2741/1742/702 2737/1741/702
f 2737/1741/702 2729/2822/702 2721/2343/702
f 2721/2343/702 2713/2825/702 2705/2169/702
f 2705/2169/702 2753/1757/702 2745/1015/702
f 2745/1015/702 2737/1741/702 2721/2343/702
f 2708/1722/715 2710/1672/715 2714/2344/714
f 2714/1514/714 2718/276/713 2716/1915/713
f 2718/276/713 2722/268/712 2720/1914/712
f 2722/268/712 2726/1630/711 2724/2347/711
f 2724/2345/711 2726/2827/711 2730/1672/710
f 2730/1672/710 2734/1724/495 2732/1695/495
f 2734/1724/495 2738/1732/709 2736/1763/709
f 2736/1763/709 2738/1732/709 2742/2348/708
f 2742/2350/708 2746/1910/707 2744/160/707
f 2746/1910/707 2750/2828/706 2748/1747/706
f 2748/1747/706 2750/2828/706 2754/2351/705
f 2754/2348/705 2758/1732/704 2756/1763/704
f 2763/1687/717 2767/1686/717 2771/1730/717
f 2771/1730/717 2775/1707/717 2779/1706/717
f 2779/1706/717 2783/1770/717 2787/1065/717
f 2787/1065/717 2791/2829/717 2795/2353/717
f 2795/2353/717 2799/2678/717 2803/2153/717
f 2803/2153/717 2807/2677/717 2811/2354/717
f 2811/2354/717 2759/1746/717 2763/1687/717
f 2763/1687/717 2771/1730/717 2779/1706/717
f 2779/1706/717 2787/1065/717 2795/2353/717
f 2795/2353/717 2803/2153/717 2811/2354/717
f 2811/2354/717 2763/1687/717 2779/1706/717
f 2762/2355/498 2766/1725/729 2764/2356/729
f 2812/1811/718 2814/2362/718 2762/2355/498
f 2793/1781/716 2789/1059/716 2785/2830/716
f 2785/2830/716 2781/2683/716 2777/2156/716
f 2777/2156/716 2773/2682/716 2769/2681/716
f 2769/2681/716 2765/2831/716 2761/1006/716
f 2761/1006/716 2813/1810/716 2809/1805/716
f 2809/1805/716 2805/1801/716 2801/1794/716
f 2801/1794/716 2797/1789/716 2793/1781/716
f 2793/1781/716 2785/2830/716 2777/2156/716
f 2777/2156/716 2769/2681/716 2761/1006/716
f 2761/1006/716 2809/1805/716 2801/1794/716
f 2801/1794/716 2793/1781/716 2777/2156/716
f 2766/1725/729 2770/2832/728 2768/2357/728
f 2770/223/728 2774/1749/727 2772/2358/727
f 2774/1749/727 2778/1718/726 2776/2360/726
f 2776/2360/726 2778/1718/726 2782/1679/725
f 2780/2357/725 2782/2832/725 2786/1725/724
f 2784/2356/724 2786/1725/724 2790/1771/495
f 2788/1775/495 2790/1771/495 2794/2362/723
f 2792/1811/723 2794/2362/723 2798/2363/722
f 2796/1792/722 2798/2833/722 2802/2365/721
f 2802/2365/721 2806/2366/720 2804/1797/720
f 2806/2366/720 2810/2834/719 2808/168/719
f 2810/2363/719 2814/2362/718 2812/1811/718
f 2835/1754/731 2839/1018/733 2843/2510/733
f 2843/2510/733 2847/1830/733 2851/1829/733
f 2851/1829/733 2855/2835/733 2859/2836/731
f 2859/2836/731 2863/1849/731 2867/1848/731
f 2867/1848/731 2815/1796/733 2819/1046/733
f 2819/1046/733 2823/1740/731 2827/1779/731
f 2827/1779/731 2831/1755/731 2835/1754/731
f 2835/1754/731 2843/2510/733 2851/1829/733
f 2851/1829/733 2859/2836/731 2867/1848/731
f 2867/1848/731 2819/1046/733 2827/1779/731
f 2827/1779/731 2835/1754/731 2851/1829/733
f 2818/1772/498 2822/1774/745 2820/2367/745
f 2868/1852/732 2870/2837/732 2818/1772/498
f 2849/1826/734 2845/2512/734 2841/1817/730
f 2841/1817/730 2837/1816/730 2833/2368/730
f 2833/2368/730 2829/2838/734 2825/1618/734
f 2825/1618/734 2821/2498/734 2817/1853/734
f 2817/1853/734 2869/1850/730 2865/1845/734
f 2865/1845/734 2861/1841/730 2857/1838/734
f 2857/1838/734 2853/1832/734 2849/1826/734
f 2849/1826/734 2841/1817/730 2833/2368/730
f 2833/2368/730 2825/1618/734 2817/1853/734
f 2817/1853/734 2865/1845/734 2857/1838/734
f 2857/1838/734 2849/1826/734 2833/2368/730
f 2820/2367/745 2822/1774/745 2826/2369/744
f 2824/2371/744 2826/1799/744 2830/1800/743
f 2830/1800/743 2834/1766/742 2832/2373/742
f 2834/1766/742 2838/1733/741 2836/2374/741
f 2838/2369/741 2842/2511/740 2840/2375/740
f 2840/2375/740 2842/2511/740 2846/1772/495
f 2846/1772/495 2850/2837/739 2848/1852/739
f 2848/1852/739 2850/2837/739 2854/2376/738
f 2854/2378/738 2858/2839/737 2856/1839/737
f 2856/1839/737 2858/2839/737 2862/2379/736
f 2860/1844/736 2862/2379/736 2866/2380/735
f 2866/2376/735 2870/2837/732 2868/1852/732
f 2875/2382/498 2888/1855/498 2884/1828/498
f 2887/1819/499 2882/1787/499 2878/6/499
