# Blender 5.2.0 LTS
# www.blender.org
o Backdrop_PoolLadder_Detail
v -1.917882 5.782118 8.000000
v 3.917882 5.782118 8.000000
v 3.917882 5.200000 7.417882
v -1.917882 5.200000 7.417882
v 8.118412 22.177019 -7.562957
v 9.582119 21.880274 -6.799087
v 9.582119 21.705925 -6.437043
v 9.260279 21.949888 -7.562956
v 8.084402 22.006020 -7.200916
v 8.541769 21.321522 -7.333781
v 9.226269 21.778889 -7.200916
v 9.535979 21.825094 -7.902912
v 8.084402 22.006020 -6.799084
v 8.541769 21.321522 -6.666219
v 9.226269 21.778889 -6.799084
v 8.118413 22.177017 -6.437044
v 8.598276 21.605602 -6.064765
v 9.582119 21.391758 -7.813496
v 9.582119 21.705925 -7.562955
v 9.260280 21.949888 -6.437042
v 8.417881 21.705925 -6.437043
v 8.417881 21.880274 -6.799087
v 9.000000 22.462391 -6.666219
v 9.000000 22.172747 -6.064765
v 8.179708 22.485146 -6.186505
v 8.700097 22.117493 -5.648547
v 9.622258 22.701132 -7.200919
v 9.321574 22.258015 -6.186505
v 8.377345 21.939215 -7.902912
v 8.256133 22.869379 -6.097088
v 8.827067 22.755814 -5.500000
v 4.500000 6.217882 -7.417882
v 4.500000 6.217882 7.417882
v 3.917882 6.800000 -7.417882
v 9.398002 22.642248 -6.097088
v 8.332561 23.253613 -6.186505
v 8.954038 23.394135 -5.648547
v 8.463629 22.815247 -7.200919
v 9.100002 23.337505 -7.333783
v 9.474426 23.026482 -6.186505
v 7.941689 23.406652 -7.813496
v 9.055796 23.068691 -7.813496
v -2.500000 19.782118 7.417882
v -2.500000 20.217882 7.417882
v -1.917882 20.217882 8.000000
v -1.917882 19.782118 8.000000
v 7.850492 23.106014 -7.562957
v 9.622258 22.701132 -6.799081
v 9.605172 22.527624 -6.437045
v 8.964595 22.768057 -7.562958
v 7.799879 22.939173 -7.200917
v 8.187954 22.213142 -7.333781
v 8.913986 22.601213 -7.200919
v 9.398001 22.642248 -7.902912
v 7.799880 22.939173 -6.799083
v 8.187954 22.213142 -6.666219
v 8.913986 22.601213 -6.799081
v 7.850492 23.106014 -6.437044
v 8.272034 22.490314 -6.064765
v 9.574375 22.214970 -7.813496
v 9.605172 22.527624 -7.562956
v 8.964595 22.768055 -6.437043
v 8.446538 22.641739 -6.437043
v 8.463629 22.815247 -6.799081
v 9.100002 23.337505 -6.666218
v 9.071611 23.049255 -6.064766
v 7.941688 23.406652 -6.186505
v 8.423538 22.989761 -5.648547
v 9.569733 23.505608 -7.200916
v 9.055796 23.068691 -6.186504
v 8.256134 22.869379 -7.902912
v 8.055410 23.781542 -6.097088
v 8.612463 23.612562 -5.500000
v 3.917882 6.217882 8.000000
v -1.917882 6.217882 8.000000
v -1.917882 6.800000 7.417882
v 3.917882 6.800000 7.417882
v 9.169516 23.443583 -6.097088
v 8.169130 24.156433 -6.186504
v 8.801388 24.235363 -5.648546
v 8.427866 23.732738 -7.200916
v 9.112366 24.190105 -7.333781
v 9.283236 23.818472 -6.186504
v 7.627189 24.304981 -7.813496
v 8.702806 23.859446 -7.813496
v -1.917882 12.782118 8.000000
v 3.917882 12.782118 8.000000
v 3.917882 12.200000 7.417882
v -1.917882 12.200000 7.417882
v 7.506962 24.014727 -7.562955
v 9.569733 23.505608 -6.799084
v 9.535722 23.334610 -6.437044
v 8.582576 23.569197 -7.562957
v 7.440241 23.853651 -7.200919
v 7.755282 23.093077 -7.333781
v 8.515858 23.408117 -7.200919
v 9.169516 23.443583 -7.902912
v 7.440242 23.853651 -6.799081
v 7.755282 23.093077 -6.666219
v 8.515858 23.408117 -6.799081
v 7.506962 24.014727 -6.437045
v 7.866125 23.360674 -6.064765
v 9.474426 23.026478 -7.813496
v 9.535723 23.334608 -7.562957
v 8.582576 23.569197 -6.437043
v 8.393855 23.561739 -6.437042
v 8.427866 23.732738 -6.799084
v 9.112366 24.190105 -6.666218
v 9.055859 23.906025 -6.064765
v 7.627190 24.304981 -6.186504
v 8.065855 23.842867 -5.648547
v 9.425046 24.285952 -7.200917
v 8.702806 23.859446 -6.186505
v 8.055410 23.781542 -7.902912
v 7.777109 24.666918 -6.097088
v 8.314916 24.444151 -5.500000
v 8.417881 21.705925 -7.562955
v 8.417881 21.391758 -7.813496
v 9.000000 22.172747 -7.935235
v 8.852723 24.221384 -6.097088
v 7.927025 25.028856 -6.186505
v 8.563976 25.045435 -5.648547
v 8.310940 24.623911 -7.200919
v 9.036974 25.011986 -7.333782
v 9.002641 24.583323 -6.186505
v 7.239234 25.171480 -7.813496
v 8.265998 24.622662 -7.813496
v 7.091138 24.894407 -7.562954
v 9.425046 24.285952 -6.799083
v 9.374434 24.119110 -6.437043
v 8.117904 24.345592 -7.562957
v 7.008949 24.740646 -7.200914
v 7.247924 23.952856 -7.333781
v 8.035716 24.191830 -7.200916
v 8.852723 24.221384 -7.902912
v 7.008949 24.740646 -6.799086
v 7.247924 23.952856 -6.666219
v 8.035716 24.191830 -6.799084
v 7.091139 24.894409 -6.437043
v 7.384462 24.208302 -6.064765
v 9.283237 23.818472 -7.813496
v 9.374434 24.119110 -7.562957
v 8.117904 24.345592 -6.437042
v 8.260331 24.457069 -6.437043
v 8.310940 24.623911 -6.799081
v 9.036972 25.011982 -6.666219
v 8.952893 24.734812 -6.064764
v 7.239234 25.171480 -6.186504
v 7.630494 24.668594 -5.648547
v 9.189589 25.034651 -7.200919
v 8.265999 24.622662 -6.186504
v 7.777109 24.666918 -7.902912
v 7.423907 25.516981 -6.097088
v 7.937291 25.242571 -5.500000
v 8.446537 22.641737 -7.562957
v 8.415749 22.329084 -7.813496
v 9.071611 23.049255 -7.935234
v 8.450676 24.968161 -6.097088
v 7.608584 25.862480 -6.186504
v 8.244088 25.816547 -5.648547
v 8.113974 25.480185 -7.200919
v 8.874549 25.795225 -7.333781
v 8.635347 25.313662 -6.186504
v 6.781563 25.997805 -7.813496
v 7.749591 25.350988 -7.813496
v 6.607022 25.736586 -7.562957
v 9.189589 25.034651 -6.799081
v 9.122870 24.873571 -6.437043
v 7.575051 25.089767 -7.562957
v 6.510158 25.591619 -7.200919
v 6.670765 24.784197 -7.333781
v 7.478186 24.944803 -7.200919
v 8.450675 24.968161 -7.902912
v 6.510158 25.591619 -6.799081
v 6.670765 24.784197 -6.666219
v 7.478186 24.944803 -6.799081
v 6.607022 25.736586 -6.437043
v 6.831683 25.025028 -6.064765
v 9.002641 24.583323 -7.813496
v 9.122870 24.873571 -7.562957
v 7.575050 25.089769 -6.437043
v 8.047256 25.319105 -6.437043
v 8.113974 25.480185 -6.799081
v 8.874550 25.795227 -6.666219
v 8.763706 25.527628 -6.064765
v 6.781563 25.997803 -6.186504
v 7.121647 25.458990 -5.648547
v 8.865633 25.744495 -7.200914
v 7.749590 25.350988 -6.186504
v 7.423907 25.516981 -7.902912
v 6.999212 26.323540 -6.097088
v 7.483226 26.000132 -5.500000
v 8.393856 23.561739 -7.562956
v 8.332561 23.253611 -7.813496
v 9.055859 23.906027 -7.935235
v 7.967240 25.676723 -6.097088
v 7.216862 26.649275 -6.186504
v 7.844805 26.541273 -5.648547
v 7.838866 26.293312 -7.200916
v 8.626657 26.532284 -7.333782
v 8.184891 26.002457 -6.186504
v 6.258583 26.775995 -7.813496
v 7.158549 26.037413 -7.813496
v 6.059275 26.533144 -7.562956
v 8.865633 25.744495 -6.799086
v 8.783442 25.590733 -6.437044
v 6.959242 25.794559 -7.562956
v 5.948671 26.398371 -7.200919
v 6.029363 25.579094 -7.333781
v 6.848639 25.659786 -7.200919
v 7.967239 25.676723 -7.902912
v 5.948671 26.398371 -6.799081
v 6.029362 25.579094 -6.666219
v 6.848639 25.659786 -6.799081
v 6.059276 26.533144 -6.437042
v 6.213111 25.802994 -6.064765
v 8.635347 25.313662 -7.813496
v 8.783443 25.590733 -7.562957
v 6.959241 25.794559 -6.437045
v 7.756679 26.139549 -6.437044
v 7.838866 26.293312 -6.799084
v 8.626657 26.532284 -6.666218
v 8.490120 26.276840 -6.064766
v 6.258583 26.775997 -6.186505
v 6.544215 26.206444 -5.648546
v 8.456295 26.408644 -7.200918
v 7.158549 26.037415 -6.186504
v 6.999213 26.323540 -7.902912
v 6.507109 27.078833 -6.097088
v 6.957094 26.709539 -5.500000
v 8.260331 24.457067 -7.562958
v 8.169130 24.156433 -7.813496
v 8.952893 24.734810 -7.935235
v 7.407080 26.340246 -6.097088
v 6.755639 27.381664 -6.186504
v 7.369974 27.212635 -5.648546
v 7.488266 27.055460 -7.200919
v 8.295687 27.216066 -7.333781
v 7.655606 26.643082 -6.186505
v 5.675325 27.498566 -7.813496
v 6.498567 26.675325 -7.813496
v 5.453179 27.276413 -7.562956
v 8.456294 26.408644 -6.799081
v 8.359429 26.263680 -6.437043
v 6.276416 26.453178 -7.562957
v 5.329893 27.153133 -7.200917
v 5.329894 26.329893 -7.333781
v 6.153135 26.329893 -7.200919
v 7.407079 26.340246 -7.902912
v 5.329893 27.153133 -6.799083
v 5.329895 26.329895 -6.666219
v 6.153134 26.329893 -6.799081
v 5.453178 27.276415 -6.437045
v 5.534704 26.534702 -6.064765
v 8.184891 26.002457 -7.813496
v 8.359429 26.263680 -7.562957
v 6.276416 26.453176 -6.437044
v 7.391402 26.910494 -6.437043
v 7.488267 27.055460 -6.799081
v 8.295687 27.216066 -6.666219
v 8.134769 26.975235 -6.064765
v 5.675325 27.498566 -6.186504
v 5.903758 26.903757 -5.648547
v 7.965518 27.020708 -7.200918
v 6.498567 26.675325 -6.186504
v 6.507109 27.078833 -7.902912
v 5.952342 27.775579 -6.097088
v 6.363961 27.363960 -5.500000
v 8.047256 25.319105 -7.562957
v 7.927026 25.028856 -7.813496
v 8.763706 25.527628 -7.935235
v 6.775581 26.952341 -6.097088
v 6.229356 28.052595 -6.186504
v 6.824164 27.824163 -5.648546
v 7.065549 27.759293 -7.200919
v 7.884826 27.839985 -7.333781
v 7.052598 27.229355 -6.186504
v 5.037411 28.158550 -7.813496
v 5.775997 27.258583 -7.813496
v 4.794561 27.959244 -7.562957
v 7.965517 27.020708 -6.799082
v 7.854912 26.885935 -6.437042
v 5.533146 27.059275 -7.562956
v 4.659787 27.848639 -7.200917
v 4.579095 27.029362 -7.333780
v 5.398369 26.948671 -7.200916
v 6.775581 26.952341 -7.902912
v 4.659787 27.848639 -6.799083
v 4.579094 27.029362 -6.666219
v 5.398369 26.948671 -6.799084
v 4.794560 27.959244 -6.437044
v 4.802995 27.213112 -6.064765
v 7.655605 26.643084 -7.813496
v 7.854912 26.885933 -7.562958
v 5.533146 27.059275 -6.437043
v 6.954947 27.624519 -6.437045
v 7.065550 27.759293 -6.799081
v 7.884827 27.839985 -6.666219
v 7.701077 27.616085 -6.064765
v 5.037411 28.158550 -6.186505
v 5.206445 27.544214 -5.648547
v 7.398030 27.574787 -7.200917
v 5.775997 27.258583 -6.186504
v 5.952342 27.775579 -7.902912
v 5.340248 28.407076 -6.097088
v 5.709539 27.957094 -5.500000
v 7.756679 26.139549 -7.562956
v 7.608584 25.862480 -7.813496
v 8.490120 26.276840 -7.935235
v 6.078831 27.507113 -6.097088
v 5.643082 28.655605 -6.186504
v 6.212635 28.369974 -5.648547
v 6.574788 28.398027 -7.200919
v 7.398029 28.398029 -7.333781
v 6.381668 27.755638 -6.186505
v 4.350989 28.749592 -7.813496
v 4.997806 27.781561 -7.813496
v 4.089768 28.575050 -7.562956
v 7.398030 27.574787 -6.799083
v 7.274745 27.451506 -6.437045
v 4.736584 27.607025 -7.562957
v 3.944804 28.478186 -7.200916
v 3.784197 27.670765 -7.333781
v 4.591619 27.510159 -7.200915
v 6.078832 27.507111 -7.902912
v 3.944803 28.478186 -6.799084
v 3.784198 27.670765 -6.666219
v 4.591619 27.510159 -6.799085
v 4.089768 28.575052 -6.437043
v 4.025028 27.831684 -6.064765
v 7.052598 27.229355 -7.813496
v 7.274744 27.451508 -7.562956
v 4.736584 27.607023 -6.437043
v 6.451507 28.274744 -6.437044
v 6.574788 28.398027 -6.799081
v 7.398028 28.398027 -6.666219
v 7.193219 28.193218 -6.064765
v 4.350989 28.749590 -6.186504
v 4.458991 28.121647 -5.648547
v 6.759292 28.065550 -7.200917
v 4.997806 27.781563 -6.186504
v 5.340247 28.407078 -7.902912
v 4.676725 28.967239 -6.097088
v 5.000132 28.483227 -5.500000
v 7.391402 26.910496 -7.562957
v 7.216862 26.649275 -7.813496
v 8.134771 26.975235 -7.935236
v 5.323539 27.999214 -6.097088
v 5.002458 29.184891 -6.186504
v 5.541274 28.844807 -5.648547
v 6.020710 28.965517 -7.200916
v 6.839984 28.884827 -7.333781
v 5.649275 28.216864 -6.186504
v 3.622660 29.266003 -7.813496
v 4.171479 28.239235 -7.813496
v 3.345592 29.117901 -7.562956
v 6.759292 28.065550 -6.799083
v 6.624518 27.954945 -6.437044
v 3.894409 28.091139 -7.562957
v 3.191829 29.035717 -7.200916
v 2.952856 28.247925 -7.333781
v 3.740646 28.008951 -7.200916
v 5.323538 27.999214 -7.902912
v 3.191829 29.035717 -6.799084
v 2.952856 28.247925 -6.666219
v 3.740647 28.008951 -6.799084
v 3.345592 29.117903 -6.437044
v 3.208300 28.384464 -6.064765
v 6.381668 27.755638 -7.813496
v 6.624518 27.954945 -7.562957
v 3.894409 28.091139 -6.437043
v 5.885933 28.854914 -6.437043
v 6.020710 28.965517 -6.799084
v 6.839985 28.884827 -6.666219
v 6.616085 28.701077 -6.064765
v 3.622660 29.266003 -6.186505
v 3.668594 28.630495 -5.648547
v 6.055460 28.488268 -7.200915
v 4.171479 28.239235 -6.186504
v 4.676726 28.967239 -7.902912
v 3.968162 29.450674 -6.097088
v 4.242570 28.937292 -5.500000
v 6.954947 27.624519 -7.562956
v 6.755640 27.381666 -7.813496
v 7.701077 27.616085 -7.935235
v 4.516979 28.423910 -6.097088
v 4.313662 29.635349 -6.186504
v 4.816547 29.244089 -5.648546
v 5.408645 29.456295 -7.200915
v 6.216066 29.295687 -7.333781
v 4.862481 28.608582 -6.186504
v 2.859447 29.702803 -7.813496
v 3.304981 28.627188 -7.813496
v 2.569193 29.582581 -7.562956
v 6.055461 28.488268 -6.799085
v 5.910496 28.391401 -6.437043
v 3.014727 28.506966 -7.562956
v 2.408117 29.515858 -7.200918
v 2.093077 28.755283 -7.333781
v 2.853652 28.440241 -7.200918
v 4.516979 28.423910 -7.902912
v 2.408117 29.515856 -6.799082
v 2.093077 28.755283 -6.666219
v 2.853651 28.440243 -6.799082
v 2.569193 29.582581 -6.437043
v 2.360674 28.866125 -6.064766
v 5.649275 28.216862 -7.813496
v 5.910496 28.391403 -7.562957
v 3.014727 28.506966 -6.437043
v 5.263680 29.359430 -6.437043
v 5.408645 29.456295 -6.799085
v 6.216067 29.295689 -6.666219
v 5.975236 29.134769 -6.064765
v 2.859446 29.702803 -6.186505
v 2.842866 29.065857 -5.648547
v 5.293312 28.838867 -7.200916
v 3.304981 28.627186 -6.186505
v 3.968161 29.450674 -7.902912
v 3.221384 29.852724 -6.097088
v 3.444151 29.314917 -5.500000
v 6.451506 28.274742 -7.562957
v 6.229356 28.052595 -7.813496
v 7.193218 28.193218 -7.935235
v 3.666918 28.777109 -6.097088
v 3.583321 30.002647 -6.186505
v 4.045436 29.563976 -5.648546
v 4.744494 29.865633 -7.200916
v 5.532285 29.626659 -7.333781
v 4.028856 28.927031 -6.186505
v 2.068693 30.055794 -7.813496
v 2.406653 28.941687 -7.813496
v 1.768053 29.964602 -7.562957
v 5.293312 28.838867 -6.799084
v 5.139549 28.756681 -6.437045
v 2.106014 28.850491 -7.562956
v 1.601213 29.913984 -7.200917
v 1.213141 29.187954 -7.333781
v 1.939172 28.799881 -7.200916
v 3.666918 28.777109 -7.902912
v 1.601214 29.913982 -6.799083
v 1.213140 29.187954 -6.666219
v 1.939173 28.799879 -6.799084
v 1.768053 29.964600 -6.437043
v 1.490313 29.272032 -6.064765
v 4.862481 28.608582 -7.813496
v 5.139548 28.756683 -7.562956
v 2.106014 28.850491 -6.437044
v 4.590732 29.783445 -6.437043
v 4.744494 29.865633 -6.799084
v 5.532285 29.626659 -6.666219
v 5.276841 29.490120 -6.064765
v 2.068692 30.055794 -6.186505
v 1.989761 29.423538 -5.648547
v 4.480185 29.113976 -7.200918
v 2.406653 28.941689 -6.186504
v 2.443582 30.169516 -6.097088
v 2.612562 29.612463 -5.500000
v 5.885932 28.854914 -7.562956
v 5.643082 28.655605 -7.813496
v 6.616085 28.701077 -7.935235
v 2.781542 29.055410 -6.097088
v 2.818471 30.283237 -6.186504
v 3.235363 29.801388 -5.648547
v 3.156433 29.169132 -6.186505
v 1.258016 30.321575 -7.813496
v 1.485148 29.179705 -7.813496
v 0.949886 30.260283 -7.562956
v 4.480185 29.113977 -6.799082
v 4.319109 29.047253 -6.437043
v 1.177018 29.118416 -7.562956
v 0.778887 30.226269 -7.200917
v 0.321521 29.541771 -7.333781
v 1.006019 29.084402 -7.200917
v 2.781542 29.055410 -7.902912
v 0.778887 30.226269 -6.799083
v 0.321521 29.541771 -6.666219
v 1.006019 29.084402 -6.799083
v 0.949886 30.260283 -6.437044
v 0.605600 29.598278 -6.064765
v 4.028855 28.927032 -7.813496
v 4.319109 29.047253 -7.562956
v 1.177018 29.118416 -6.437044
v 3.873574 30.122868 -6.437043
v 4.034651 30.189590 -6.799082
v 4.795225 29.874550 -6.666219
v 4.527629 29.763708 -6.064765
v 1.258016 30.321575 -6.186505
v 1.117493 29.700100 -5.648547
v 3.623911 29.310942 -7.200917
v 1.485148 29.179705 -6.186504
v 1.642248 30.397999 -6.097088
v 1.755813 29.827068 -5.500000
v 5.263680 29.359428 -7.562957
v 5.002458 29.184893 -7.813496
v 5.975236 29.134771 -7.935235
v 1.869378 29.256138 -6.097088
v 2.026478 30.474432 -6.186504
v 2.394133 29.954037 -5.648547
v 2.253610 29.332561 -6.186504
v 0.435225 30.497580 -7.813496
v 0.549340 29.338951 -7.813496
v 0.122571 30.466784 -7.562956
v 3.623911 29.310944 -6.799083
v 3.457071 29.260326 -6.437043
v 4.011983 30.036972 -7.333781
v 2.443582 30.169516 -7.902912
v 0.236686 29.308155 -7.562956
v 3.285952 30.425045 -7.200916
v -0.050939 30.449697 -7.200916
v -0.573196 29.813324 -7.333781
v 0.063177 29.291063 -7.200917
v 1.869378 29.256138 -7.902912
v -0.050939 30.449699 -6.799084
v -0.573196 29.813324 -6.666219
v 0.063177 29.291063 -6.799083
v 0.122571 30.466784 -6.437043
v -0.284946 29.841713 -6.064765
v 3.156432 29.169132 -7.813496
v 3.457071 29.260324 -7.562957
v 0.236686 29.308157 -6.437043
v 3.119110 30.374435 -6.437044
v 3.285952 30.425047 -6.799084
v 4.011984 30.036972 -6.666219
v 3.734811 29.952894 -6.064765
v 0.435224 30.497580 -6.186504
v 0.234463 29.892872 -5.648546
v 2.732738 29.427868 -7.200917
v 0.549339 29.338951 -6.186504
v 1.642248 30.397999 -7.902912
v 0.825096 30.535982 -6.097088
v 0.882154 29.956663 -5.500000
v 4.590732 29.783445 -7.562957
v 4.313662 29.635349 -7.813496
v 5.276841 29.490120 -7.935235
v 0.939212 29.377344 -6.097088
v 1.214970 30.574375 -6.186504
v 1.529846 30.020454 -5.648547
v 2.505607 30.569735 -7.200916
v 3.190105 30.112366 -7.333781
v -0.391758 30.582119 -7.813496
v -0.391758 29.417881 -7.813496
v -0.705925 30.582119 -7.562957
v 2.732738 29.427868 -6.799083
v 2.561740 29.393854 -6.437044
v -0.705925 29.417881 -7.562957
v -0.880274 30.582119 -7.200916
v -1.462392 30.000000 -7.333781
v -0.880274 29.417881 -7.200916
v 1.329084 29.415747 -6.186505
v 0.939212 29.377344 -7.902912
v -0.880274 30.582119 -6.799084
v -1.462392 30.000000 -6.666219
v -0.880274 29.417881 -6.799084
v -0.705925 30.582119 -6.437043
v -1.172747 30.000000 -6.064765
v 2.253610 29.332561 -7.813496
v 2.561740 29.393854 -7.562956
v -0.705925 29.417881 -6.437043
v 4.795225 29.874550 -7.333781
v 2.334608 30.535721 -6.437044
v 2.505607 30.569735 -6.799084
v 3.190105 30.112366 -6.666219
v 2.906026 30.055859 -6.064765
v 1.815247 29.463629 -7.200916
v 3.221384 29.852724 -7.902912
v -0.391759 29.417881 -6.186504
v 4.034650 30.189592 -7.200918
v -0.650826 30.000000 -5.648547
v 0.825096 30.535982 -7.902912
v -0.391759 30.582119 -6.186504
v 0.000000 30.582119 -6.097088
v 0.000000 30.000000 -5.500000
v 3.873575 30.122868 -7.562956
v 3.583321 30.002645 -7.813496
v 4.527629 29.763706 -7.935236
v 0.000000 29.417881 -6.097088
v 0.391759 30.582119 -6.186504
v 0.650826 30.000000 -5.648547
v 1.701132 30.622263 -7.200917
v 2.337505 30.100002 -7.333781
v 0.391759 29.417881 -6.186504
v -0.391758 30.000000 -7.813496
v -0.650826 29.417883 -8.351454
v -0.391758 0.000000 -7.813496
v -0.650826 0.582118 -8.351454
v -0.705925 30.000000 -7.562957
v -1.172747 29.417883 -7.935235
v 1.815247 29.463627 -6.799084
v 1.641737 29.446543 -6.437043
v -0.705925 0.000000 -7.562957
v -1.172747 0.582118 -7.935235
v -0.880274 30.000000 -7.200916
v -1.462392 29.417883 -7.333781
v -0.880274 0.000000 -7.200916
v -1.462392 0.582118 -7.333781
v 0.000000 29.417881 -7.902912
v -0.880274 30.000000 -6.799084
v -1.462392 29.417883 -6.666219
v -0.880274 0.000000 -6.799084
v -1.462392 0.582118 -6.666219
v -0.705925 30.000000 -6.437043
v -1.172747 29.417883 -6.064765
v 1.329084 29.415747 -7.813496
v 1.641737 29.446543 -7.562956
v -0.705925 0.000000 -6.437043
v -1.172747 0.582118 -6.064765
v 1.527623 30.605169 -6.437043
v 1.701132 30.622263 -6.799083
v 2.337505 30.100002 -6.666219
v 2.049255 30.071613 -6.064765
v -0.391759 30.000000 -6.186504
v -0.650826 29.417883 -5.648547
v 0.880274 29.417881 -7.200916
v -0.391759 0.000000 -6.186504
v -0.650826 0.582118 -5.648547
v 0.000000 30.582119 -7.902912
v 0.000000 30.000000 -6.097088
v 0.000000 29.417883 -5.500000
v 3.119110 30.374435 -7.562956
v 2.818471 30.283239 -7.813496
v 3.734812 29.952894 -7.935235
v 0.000000 0.000000 -6.097088
v 0.000000 0.582118 -5.500000
v 0.391759 30.000000 -6.186504
v 0.650826 29.417883 -5.648547
v 0.880274 30.582119 -7.200916
v 1.462392 30.000000 -7.333781
v 0.391759 0.000000 -6.186504
v 0.650826 0.582118 -5.648547
v 8.417881 20.608240 6.186505
v 9.582119 20.608240 6.186505
v 8.417881 20.294075 6.437043
v 0.880274 29.417881 -6.799084
v 0.705925 29.417881 -6.437043
v 9.582119 20.294075 6.437043
v 8.417881 20.119726 6.799087
v 9.000000 19.537609 6.666219
v 9.582119 20.119726 6.799087
v 0.000000 0.000000 -7.902912
v 0.000000 0.582118 -8.500000
v 8.417881 20.119726 7.200913
v 9.000000 19.537609 7.333781
v 9.582119 20.119726 7.200913
v 8.417881 20.294075 7.562955
v 9.000000 19.827253 7.935235
v 0.391758 29.417881 -7.813496
v 0.705925 29.417881 -7.562957
v 9.582119 20.294075 7.562955
v 0.705925 30.582119 -6.437043
v 0.880274 30.582119 -6.799084
v 1.462392 30.000000 -6.666219
v 1.172747 30.000000 -6.064765
v 8.417881 20.608242 7.813496
v 9.000000 20.349174 8.351454
v 0.880274 0.000000 -7.200916
v 1.462392 0.582118 -7.333781
v 9.582119 20.608242 7.813496
v 0.000000 30.000000 -7.902912
v 0.000000 29.417883 -8.500000
v 8.417881 21.000000 7.902912
v 9.000000 21.000000 8.500000
v 2.334608 30.535721 -7.562956
v 2.026477 30.474432 -7.813496
v 2.906025 30.055859 -7.935234
v 9.582119 21.000000 7.902912
v 8.417881 21.391758 7.813496
v 9.000000 21.650826 8.351454
v 0.880274 30.000000 -7.200916
v 1.462392 29.417883 -7.333781
v 9.582119 21.391758 7.813496
v 8.338949 21.549341 6.186505
v 9.497576 21.435223 6.186505
v 8.308152 21.236685 6.437045
v 0.880274 0.000000 -6.799084
v 0.705925 0.000000 -6.437043
v 1.172747 0.582118 -6.064765
v 1.462392 0.582118 -6.666219
v 9.466787 21.122570 6.437043
v 8.291066 21.063177 6.799081
v 8.813322 20.426805 6.666218
v 9.449696 20.949062 6.799081
v 9.582119 21.000000 6.097088
v 8.291066 21.063177 7.200919
v 8.813322 20.426804 7.333783
v 9.449696 20.949062 7.200919
v 8.308152 21.236685 7.562956
v 8.841713 20.715054 7.935233
v 0.391758 0.000000 -7.813496
v 0.705925 0.000000 -7.562957
v 1.172747 0.582118 -7.935235
v 0.650826 0.582118 -8.351454
v 9.466786 21.122572 7.562957
v 0.705925 30.000000 -6.437043
v 0.880274 30.000000 -6.799084
v 1.462392 29.417883 -6.666219
v 1.172747 29.417883 -6.064765
v 8.338948 21.549339 7.813496
v 8.892870 21.234463 8.351454
v 9.582119 21.880274 6.799087
v 9.497576 21.435225 7.813496
v 8.417881 21.000000 6.097088
v 8.377345 21.939213 7.902912
v 8.956662 21.882154 8.500000
v 1.527623 30.605171 -7.562956
v 1.214969 30.574375 -7.813496
v 2.049254 30.071613 -7.935235
v 9.535979 21.825096 7.902912
v 8.415749 22.329084 7.813496
v 9.020454 22.529846 8.351454
v 8.417881 21.880274 6.799087
v 9.000000 22.462391 6.666219
v 9.574376 22.214970 7.813496
v 8.179708 22.485146 6.186505
v 9.321573 22.258015 6.186505
v 8.118412 22.177019 6.437044
v 9.582119 21.880274 7.200913
v 9.582119 21.705925 7.562955
v 9.260280 21.949888 6.437042
v 8.084402 22.006020 6.799084
v 8.541769 21.321522 6.666219
v 9.226269 21.778889 6.799084
v 9.535979 21.825096 6.097088
v 8.084402 22.006020 7.200916
v 8.541769 21.321522 7.333781
v 9.226269 21.778889 7.200916
v 8.118413 22.177019 7.562957
v 8.598276 21.605600 7.935235
v 9.582119 21.391760 6.186505
v 9.582119 21.705925 6.437043
v 9.260280 21.949888 7.562956
v 8.417881 21.705925 7.562955
v 8.417881 21.880274 7.200913
v 9.000000 22.462391 7.333781
v 9.000000 22.172747 7.935235
v 8.179709 22.485149 7.813496
v 8.700097 22.117495 8.351453
v 9.622258 22.701132 6.799081
v 9.321574 22.258017 7.813496
v 8.377345 21.939213 6.097088
v 8.256133 22.869379 7.902912
v 8.827067 22.755814 8.500000
v 0.705925 30.582119 -7.562957
v 0.391758 30.582119 -7.813496
v 1.172747 30.000000 -7.935235
v 9.398002 22.642248 7.902912
v 8.332561 23.253611 7.813496
v 8.954038 23.394133 8.351454
v 8.463629 22.815247 6.799081
v 9.100002 23.337503 6.666218
v 9.474425 23.026478 7.813496
v 7.941689 23.406652 6.186505
v 9.055796 23.068693 6.186504
v 7.850492 23.106014 6.437044
v 9.622258 22.701132 7.200919
v 9.605172 22.527624 7.562956
v 8.964595 22.768055 6.437043
v 7.799879 22.939173 6.799083
v 8.187954 22.213142 6.666219
v 8.913986 22.601213 6.799081
v 9.398001 22.642248 6.097088
v 7.799880 22.939173 7.200917
v 8.187954 22.213142 7.333781
v 8.913986 22.601213 7.200919
v 7.850492 23.106014 7.562957
v 8.272033 22.490314 7.935235
v 9.574375 22.214968 6.186505
v 9.605172 22.527624 6.437045
v 8.964595 22.768057 7.562958
v 8.446538 22.641737 7.562957
v 8.463629 22.815247 7.200919
v 9.100002 23.337505 7.333782
v 9.071611 23.049255 7.935233
v 7.941689 23.406652 7.813496
v 8.423538 22.989761 8.351454
v 9.569733 23.505608 6.799084
v 9.055796 23.068691 7.813496
v 8.256134 22.869379 6.097088
v 8.055410 23.781542 7.902912
v 8.612463 23.612562 8.500000
v 0.705925 30.000000 -7.562957
v 0.391758 30.000000 -7.813496
v 0.650826 29.417883 -8.351454
v 1.172747 29.417883 -7.935235
v 9.169516 23.443583 7.902912
v 8.169130 24.156433 7.813496
v 8.801388 24.235363 8.351454
v 8.427866 23.732738 6.799084
v 9.112366 24.190105 6.666219
v 9.283236 23.818472 7.813496
v 7.627189 24.304981 6.186504
v 8.702806 23.859446 6.186505
v 7.506962 24.014727 6.437045
v 9.569733 23.505608 7.200916
v 9.535722 23.334608 7.562957
v 8.582576 23.569197 6.437043
v 7.440241 23.853651 6.799081
v 7.755282 23.093079 6.666219
v 8.515858 23.408117 6.799081
v 9.169516 23.443583 6.097088
v 7.440242 23.853651 7.200919
v 7.755282 23.093075 7.333782
v 8.515858 23.408117 7.200919
v 7.506962 24.014727 7.562955
v 7.866125 23.360676 7.935235
v 9.474426 23.026482 6.186505
v 9.535723 23.334608 6.437044
v 8.582576 23.569197 7.562957
v 8.393855 23.561739 7.562956
v 8.427866 23.732738 7.200916
v 9.112366 24.190105 7.333781
v 9.055859 23.906029 7.935236
v 7.627190 24.304981 7.813496
v 8.065855 23.842867 8.351454
v 9.425046 24.285952 6.799083
v 8.702806 23.859446 7.813496
v 8.055410 23.781542 6.097088
v 7.777109 24.666918 7.902912
v 8.314916 24.444151 8.500000
v 8.417881 21.705925 6.437043
v 8.417881 21.391760 6.186505
v 9.000000 22.172747 6.064765
v 8.852723 24.221384 7.902912
v 7.927025 25.028856 7.813496
v 8.563976 25.045435 8.351454
v 8.310940 24.623911 6.799081
v 9.036973 25.011984 6.666219
v 9.002641 24.583323 7.813496
v 7.239234 25.171480 6.186504
v 8.265998 24.622662 6.186504
v 7.091138 24.894409 6.437043
v 9.425046 24.285952 7.200917
v 9.374434 24.119110 7.562957
v 8.117905 24.345592 6.437042
v 7.008949 24.740646 6.799086
v 7.247924 23.952856 6.666219
v 8.035716 24.191830 6.799084
v 8.852723 24.221384 6.097088
v 7.008949 24.740646 7.200914
v 7.247924 23.952856 7.333781
v 8.035716 24.191830 7.200916
v 7.091137 24.894409 7.562954
v 7.384462 24.208302 7.935234
v 9.283237 23.818472 6.186504
v 9.374434 24.119110 6.437043
v 8.117904 24.345592 7.562957
v 8.260331 24.457067 7.562958
v 8.310940 24.623911 7.200919
v 9.036972 25.011982 7.333781
v 8.952893 24.734810 7.935235
v 7.239234 25.171480 7.813496
v 7.630494 24.668594 8.351454
v 9.189589 25.034651 6.799081
v 8.265998 24.622662 7.813496
v 7.777109 24.666918 6.097088
v 7.423907 25.516981 7.902912
v 7.937291 25.242571 8.500000
v 8.446537 22.641739 6.437043
v 8.415749 22.329086 6.186505
v 9.071611 23.049255 6.064767
v 8.450676 24.968161 7.902912
v 7.608584 25.862480 7.813496
v 8.244088 25.816547 8.351454
v 8.113974 25.480185 6.799081
v 8.874549 25.795225 6.666219
v 8.635347 25.313662 7.813496
v 6.781562 25.997805 6.186504
v 7.749591 25.350986 6.186504
v 6.607022 25.736586 6.437043
v 9.189589 25.034651 7.200919
v 9.122870 24.873571 7.562957
v 7.575050 25.089769 6.437043
v 6.510158 25.591619 6.799081
v 6.670765 24.784197 6.666219
v 7.478186 24.944803 6.799081
v 8.450675 24.968161 6.097088
v 6.510158 25.591619 7.200919
v 6.670765 24.784197 7.333781
v 7.478186 24.944803 7.200919
v 6.607023 25.736584 7.562957
v 6.831683 25.025028 7.935236
v 9.002641 24.583323 6.186505
v 9.122870 24.873571 6.437043
v 7.575050 25.089769 7.562957
v 8.047256 25.319105 7.562957
v 8.113974 25.480185 7.200919
v 8.874550 25.795227 7.333781
v 8.763706 25.527628 7.935235
v 6.781563 25.997805 7.813496
v 7.121647 25.458990 8.351454
v 8.865633 25.744495 6.799086
v 7.749591 25.350988 7.813496
v 7.423907 25.516981 6.097088
v 6.999212 26.323540 7.902912
v 7.483226 26.000130 8.500000
v 8.393855 23.561739 6.437042
v 8.332561 23.253613 6.186505
v 9.055859 23.906029 6.064765
v 7.967240 25.676723 7.902912
v 7.216861 26.649275 7.813496
v 7.844806 26.541273 8.351454
v 7.838866 26.293312 6.799084
v 8.626657 26.532284 6.666218
v 8.184891 26.002457 7.813496
v 6.258583 26.775995 6.186505
v 7.158549 26.037415 6.186504
v 6.059276 26.533146 6.437042
v 8.865633 25.744495 7.200914
v 8.783442 25.590733 7.562956
v 6.959241 25.794559 6.437045
v 5.948671 26.398371 6.799081
v 6.029363 25.579094 6.666219
v 6.848639 25.659786 6.799081
v 7.967239 25.676725 6.097088
v 5.948671 26.398371 7.200919
v 6.029362 25.579094 7.333781
v 6.848639 25.659786 7.200919
v 6.059275 26.533146 7.562957
v 6.213111 25.802994 7.935235
v 8.635347 25.313662 6.186504
v 8.783443 25.590733 6.437044
v 6.959242 25.794559 7.562956
v 7.756679 26.139549 7.562956
v 7.838866 26.293312 7.200916
v 8.626657 26.532284 7.333782
v 8.490120 26.276840 7.935235
v 6.258584 26.775995 7.813496
v 6.544215 26.206446 8.351454
v 8.456295 26.408644 6.799082
v 7.158549 26.037413 7.813496
v 6.999213 26.323540 6.097088
v 6.507109 27.078833 7.902912
v 6.957094 26.709539 8.500000
v 8.260331 24.457069 6.437043
v 8.169130 24.156431 6.186504
v 8.952893 24.734810 6.064765
v 7.407080 26.340246 7.902912
v 6.755640 27.381666 7.813496
v 7.369973 27.212633 8.351455
v 7.488266 27.055460 6.799081
v 8.295687 27.216066 6.666219
v 7.655605 26.643084 7.813496
v 5.675325 27.498566 6.186504
v 6.498567 26.675325 6.186504
v 5.453179 27.276413 6.437045
v 8.456294 26.408644 7.200919
v 8.359429 26.263680 7.562957
v 6.276416 26.453176 6.437044
v 5.329893 27.153133 6.799083
v 5.329894 26.329893 6.666219
v 6.153135 26.329893 6.799081
v 7.407079 26.340246 6.097088
v 5.329893 27.153133 7.200917
v 5.329895 26.329895 7.333781
v 6.153134 26.329893 7.200919
v 5.453178 27.276415 7.562956
v 5.534704 26.534702 7.935235
v 8.184891 26.002457 6.186504
v 8.359429 26.263680 6.437043
v 6.276416 26.453176 7.562957
v 7.391402 26.910494 7.562957
v 7.488267 27.055460 7.200919
v 8.295687 27.216066 7.333781
v 8.134770 26.975235 7.935236
v 5.675325 27.498566 7.813496
v 5.903758 26.903759 8.351454
v 7.965518 27.020708 6.799082
v 6.498567 26.675325 7.813496
v 6.507109 27.078833 6.097088
v 5.952341 27.775579 7.902912
v 6.363961 27.363960 8.500000
v 8.047256 25.319105 6.437043
v 7.927026 25.028856 6.186505
v 8.763706 25.527628 6.064764
v 6.775582 26.952341 7.902912
v 6.229356 28.052595 7.813496
v 6.824164 27.824162 8.351454
v 7.065549 27.759293 6.799081
v 7.884826 27.839985 6.666219
v 7.052598 27.229355 7.813496
v 5.037412 28.158550 6.186505
v 5.775997 27.258583 6.186504
v 4.794560 27.959244 6.437044
v 7.965517 27.020708 7.200918
v 7.854911 26.885935 7.562958
v 5.533146 27.059275 6.437043
v 4.659787 27.848639 6.799083
v 4.579096 27.029364 6.666220
v 5.398369 26.948671 6.799084
v 6.775582 26.952341 6.097088
v 4.659787 27.848639 7.200917
v 4.579095 27.029362 7.333781
v 5.398369 26.948671 7.200916
v 4.794561 27.959244 7.562957
v 4.802994 27.213112 7.935235
v 7.655605 26.643084 6.186505
v 7.854912 26.885933 6.437042
v 5.533146 27.059275 7.562956
v 6.954947 27.624519 7.562956
v 7.065550 27.759293 7.200919
v 7.884827 27.839985 7.333781
v 7.701077 27.616085 7.935235
v 5.037410 28.158550 7.813496
v 5.206445 27.544214 8.351454
v 7.398030 27.574787 6.799083
v 5.775997 27.258583 7.813496
v 5.952341 27.775579 6.097088
v 5.340248 28.407076 7.902912
v 5.709539 27.957094 8.500000
v 7.756679 26.139549 6.437044
v 7.608584 25.862480 6.186504
v 8.490120 26.276842 6.064764
v 6.078831 27.507113 7.902912
v 5.643082 28.655605 7.813496
v 6.212634 28.369974 8.351454
v 6.574788 28.398027 6.799081
v 7.398030 28.398029 6.666218
v 6.381669 27.755638 7.813496
v 4.350989 28.749592 6.186504
v 4.997806 27.781561 6.186504
v 4.089768 28.575050 6.437043
v 7.398030 27.574787 7.200917
v 7.274744 27.451506 7.562956
v 4.736584 27.607025 6.437043
v 3.944804 28.478186 6.799084
v 3.784198 27.670765 6.666219
v 4.591619 27.510159 6.799085
v 6.078831 27.507111 6.097088
v 3.944803 28.478186 7.200916
v 3.784198 27.670765 7.333781
v 4.591619 27.510159 7.200915
v 4.089768 28.575050 7.562956
v 4.025028 27.831684 7.935235
v -1.917882 5.200000 7.417882
v -1.917882 5.782118 8.000000
v -2.500000 5.782118 7.417882
v -1.917882 6.217882 8.000000
v -1.917882 6.800000 7.417882
v -2.500000 6.217882 7.417882
v 0.000000 0.000000 6.097088
v 0.000000 0.582118 5.500000
v 0.000000 30.000000 6.097088
v 0.000000 29.417883 5.500000
v 0.391759 0.000000 6.186504
v 0.650826 0.582118 5.648547
v 0.391759 30.000000 6.186504
v 0.650826 29.417883 5.648547
v 0.705925 0.000000 6.437043
v 1.172747 0.582118 6.064765
v 0.705925 30.000000 6.437043
v 1.172747 29.417883 6.064765
v 0.880274 0.000000 6.799084
v 1.462392 0.582118 6.666219
v 0.880274 30.000000 6.799084
v 1.462392 29.417883 6.666219
v 0.880274 0.000000 7.200916
v 1.462392 0.582118 7.333781
v 0.880274 30.000000 7.200916
v 1.462392 29.417883 7.333781
v 0.705925 0.000000 7.562957
v 1.172747 0.582118 7.935235
v 0.705925 30.000000 7.562957
v 1.172747 29.417883 7.935235
v 0.391758 0.000000 7.813496
v 0.650826 0.582118 8.351454
v 0.391758 30.000000 7.813496
v 0.650826 29.417883 8.351454
v 0.000000 0.000000 7.902912
v 0.000000 0.582118 8.500000
v 0.000000 30.000000 7.902912
v 0.000000 29.417883 8.500000
v -0.391758 0.000000 7.813496
v -0.650826 0.582118 8.351454
v -0.391758 30.000000 7.813496
v -0.650826 29.417883 8.351454
v -0.705925 0.000000 7.562957
v -1.172747 0.582118 7.935235
v -0.705925 30.000000 7.562957
v -1.172747 29.417883 7.935235
v -0.880274 0.000000 7.200916
v -1.462392 0.582118 7.333781
v -0.880274 30.000000 7.200916
v -1.462392 29.417883 7.333781
v -0.880274 0.000000 6.799084
v -1.462392 0.582118 6.666219
v -0.880274 30.000000 6.799084
v -1.462392 29.417883 6.666219
v -0.705925 0.000000 6.437043
v -1.172747 0.582118 6.064765
v -0.705925 30.000000 6.437043
v -1.172747 29.417883 6.064765
v -0.391759 0.000000 6.186504
v -0.650826 0.582118 5.648547
v -0.391759 30.000000 6.186504
v -0.650826 29.417883 5.648547
v 0.000000 29.417881 6.097088
v 0.000000 30.000000 5.500000
v 0.000000 30.582119 6.097088
v 7.052598 27.229355 6.186504
v 0.391759 29.417881 6.186504
v 7.274744 27.451508 6.437045
v 0.391759 30.582119 6.186504
v 0.650826 30.000000 5.648547
v 0.705925 29.417881 6.437043
v 4.736584 27.607023 7.562957
v 0.705925 30.582119 6.437043
v 1.172747 30.000000 6.064765
v 0.880274 29.417881 6.799084
v 6.451506 28.274744 7.562957
v 0.880274 30.582119 6.799084
v 1.462392 30.000000 6.666219
v 0.880274 29.417881 7.200916
v 6.574788 28.398027 7.200919
v 0.880274 30.582119 7.200916
v 1.462392 30.000000 7.333781
v 0.705925 29.417881 7.562957
v 7.398028 28.398027 7.333781
v 0.705925 30.582119 7.562957
v 1.172747 30.000000 7.935235
v 0.391758 29.417881 7.813496
v 7.193219 28.193218 7.935235
v 0.391758 30.582119 7.813496
v 0.650826 30.000000 8.351454
v 0.000000 29.417881 7.902912
v 4.350989 28.749592 7.813496
v 0.000000 30.582119 7.902912
v 0.000000 30.000000 8.500000
v -0.391758 29.417881 7.813496
v 4.458990 28.121647 8.351454
v -0.391758 30.582119 7.813496
v -0.650826 30.000000 8.351454
v -0.705925 29.417881 7.562957
v 6.759292 28.065550 6.799083
v -0.705925 30.582119 7.562957
v -1.172747 30.000000 7.935235
v -0.880274 29.417881 7.200916
v 4.997806 27.781563 7.813496
v -0.880274 30.582119 7.200916
v -1.462392 30.000000 7.333781
v -0.880274 29.417881 6.799084
v 5.340248 28.407078 6.097088
v -0.880274 30.582119 6.799084
v -1.462392 30.000000 6.666219
v -0.705925 29.417881 6.437043
v 4.676726 28.967239 7.902912
v -0.705925 30.582119 6.437043
v -1.172747 30.000000 6.064765
v -0.391759 29.417881 6.186504
v -0.650826 30.000000 5.648547
v -0.391759 30.582119 6.186504
v 5.000132 28.483227 8.500000
v 0.939212 29.377344 6.097088
v 0.882154 29.956663 5.500000
v 0.825096 30.535982 6.097088
v 7.391402 26.910494 6.437043
v 1.329084 29.415747 6.186505
v 7.216861 26.649277 6.186504
v 1.214970 30.574375 6.186504
v 1.529846 30.020454 5.648546
v 1.641737 29.446543 6.437043
v 8.134770 26.975235 6.064765
v 1.527623 30.605171 6.437043
v 2.049254 30.071613 6.064765
v 1.815247 29.463629 6.799084
v 5.323538 27.999214 7.902912
v 1.701132 30.622263 6.799083
v 2.337505 30.100002 6.666219
v 1.815247 29.463627 7.200916
v 5.002458 29.184891 7.813496
v 1.701132 30.622263 7.200917
v 2.337504 30.100002 7.333781
v 1.641737 29.446543 7.562957
v 5.541275 28.844807 8.351454
v 1.527623 30.605169 7.562956
v 2.049254 30.071613 7.935235
v 1.329084 29.415747 7.813496
v 6.020710 28.965517 6.799084
v 1.214969 30.574375 7.813496
v 1.529846 30.020454 8.351454
v 0.939212 29.377344 7.902912
v 6.839984 28.884827 6.666219
v 0.825096 30.535982 7.902912
v 0.882154 29.956663 8.500000
v 0.549340 29.338951 7.813496
v 5.649275 28.216862 7.813496
v 0.435225 30.497580 7.813496
v 0.234463 29.892872 8.351454
v 0.236686 29.308157 7.562956
v 3.622659 29.266003 6.186505
v 0.122571 30.466784 7.562957
v -0.284946 29.841713 7.935235
v 0.063177 29.291063 7.200917
v 4.171479 28.239235 6.186504
v -0.050939 30.449699 7.200916
v -0.573196 29.813324 7.333781
v 0.063177 29.291063 6.799083
v 3.345592 29.117901 6.437044
v -0.050939 30.449697 6.799084
v -0.573196 29.813324 6.666219
v 0.236686 29.308155 6.437043
v 6.759292 28.065550 7.200917
v 0.122571 30.466784 6.437043
v -0.284946 29.841713 6.064765
v 0.549339 29.338951 6.186504
v 0.234463 29.892872 5.648546
v 0.435224 30.497580 6.186504
v 6.624518 27.954945 7.562957
v 1.869378 29.256138 6.097088
v 1.755813 29.827068 5.500000
v 1.642248 30.397999 6.097088
v 3.894409 28.091139 6.437043
v 2.253610 29.332561 6.186504
v 3.191829 29.035717 6.799084
v 2.026478 30.474432 6.186504
v 2.394133 29.954037 5.648546
v 2.561740 29.393854 6.437044
v 2.952856 28.247925 6.666219
v 2.334608 30.535721 6.437044
v 2.906026 30.055859 6.064765
v 2.732738 29.427868 6.799083
v 3.740646 28.008951 6.799084
v 2.505607 30.569735 6.799084
v 3.190105 30.112366 6.666219
v 2.732738 29.427868 7.200917
v 5.323538 27.999214 6.097088
v 2.505607 30.569735 7.200916
v 3.190105 30.112366 7.333781
v 2.561740 29.393854 7.562956
v 3.191829 29.035717 7.200916
v 2.334608 30.535721 7.562956
v 2.906025 30.055859 7.935235
v 2.253610 29.332561 7.813496
v 2.952856 28.247925 7.333781
v 2.026477 30.474432 7.813496
v 2.394133 29.954037 8.351454
v 1.869378 29.256138 7.902912
v 3.740647 28.008951 7.200916
v 1.642248 30.397999 7.902912
v 1.755813 29.827068 8.500000
v 1.485148 29.179705 7.813496
v 3.345592 29.117903 7.562956
v 1.258016 30.321575 7.813496
v 1.117492 29.700100 8.351454
v 1.177018 29.118416 7.562956
v 3.208300 28.384464 7.935235
v 0.949886 30.260283 7.562956
v 0.605600 29.598278 7.935235
v 1.006019 29.084402 7.200917
v 6.381667 27.755638 6.186505
v 0.778887 30.226269 7.200917
v 0.321521 29.541771 7.333781
v 1.006019 29.084402 6.799083
v 6.624518 27.954945 6.437044
v 0.778887 30.226269 6.799083
v 0.321521 29.541771 6.666219
v 1.177018 29.118416 6.437044
v 3.894409 28.091139 7.562957
v 0.949886 30.260283 6.437044
v 0.605600 29.598278 6.064765
v 1.485148 29.179705 6.186504
v 1.117493 29.700100 5.648547
v 1.258016 30.321575 6.186504
v 5.885933 28.854914 7.562956
v 2.781542 29.055410 6.097088
v 2.612562 29.612463 5.500000
v 2.443582 30.169516 6.097088
v 6.020710 28.965517 7.200916
v 3.156432 29.169134 6.186505
v 6.839984 28.884827 7.333781
v 2.818471 30.283239 6.186504
v 3.235363 29.801388 5.648547
v 3.457071 29.260326 6.437043
v 6.616085 28.701077 7.935235
v 3.119110 30.374434 6.437044
v 3.734811 29.952894 6.064765
v 3.623911 29.310942 6.799083
v 3.622660 29.266003 7.813496
v 3.285952 30.425045 6.799084
v 4.011984 30.036972 6.666219
v 3.623911 29.310944 7.200917
v 3.668593 28.630495 8.351454
v 3.285952 30.425047 7.200916
v 4.011984 30.036972 7.333781
v 3.457071 29.260324 7.562957
v 6.055460 28.488268 6.799085
v 3.119110 30.374435 7.562956
v 3.734811 29.952894 7.935235
v 3.156431 29.169134 7.813496
v 4.171479 28.239235 7.813496
v 2.818471 30.283237 7.813496
v 3.235363 29.801388 8.351454
v 2.781542 29.055410 7.902912
v 4.676726 28.967239 6.097088
v 2.443582 30.169516 7.902912
v 2.612562 29.612463 8.500000
v 2.406653 28.941689 7.813496
v 3.968162 29.450674 7.902912
v 2.068693 30.055792 7.813496
v 1.989761 29.423538 8.351454
v 2.106014 28.850491 7.562956
v 4.242570 28.937292 8.500000
v 1.768053 29.964602 7.562957
v 1.490313 29.272032 7.935235
v 1.939173 28.799879 7.200916
v 6.954947 27.624519 6.437045
v 1.601214 29.913982 7.200917
v 1.213140 29.187954 7.333781
v 1.939172 28.799881 6.799084
v 6.755639 27.381664 6.186504
v 1.601213 29.913984 6.799083
v 1.213141 29.187954 6.666219
v 2.106014 28.850492 6.437044
v 7.701077 27.616085 6.064765
v 1.768053 29.964600 6.437043
v 1.490313 29.272032 6.064765
v 2.406653 28.941687 6.186504
v 1.989761 29.423538 5.648546
v 2.068692 30.055792 6.186505
v 4.516979 28.423910 7.902912
v 3.666918 28.777109 6.097088
v 3.444151 29.314917 5.500000
v 3.221384 29.852724 6.097088
v 4.313662 29.635349 7.813496
v 4.028856 28.927032 6.186505
v 4.816547 29.244089 8.351454
v 3.583322 30.002645 6.186505
v 4.045435 29.563976 5.648546
v 4.319109 29.047253 6.437043
v 5.408645 29.456295 6.799085
v 3.873575 30.122868 6.437043
v 4.527629 29.763706 6.064765
v 4.480185 29.113976 6.799082
v 6.216066 29.295689 6.666219
v 4.034650 30.189592 6.799082
v 4.795225 29.874550 6.666219
v 4.480185 29.113977 7.200918
v 4.862481 28.608582 7.813496
v 4.034651 30.189590 7.200918
v 4.795225 29.874550 7.333781
v 4.319109 29.047253 7.562956
v 2.859446 29.702801 6.186505
v 3.873575 30.122868 7.562956
v 4.527628 29.763710 7.935235
v 4.028855 28.927032 7.813496
v 3.304980 28.627188 6.186505
v 3.583321 30.002645 7.813496
v 4.045436 29.563976 8.351454
v 3.666918 28.777109 7.902912
v 2.569193 29.582581 6.437043
v 3.221384 29.852724 7.902912
v 3.444151 29.314917 8.500000
v 3.304981 28.627188 7.813496
v 6.055461 28.488268 7.200915
v 2.859447 29.702803 7.813496
v 2.842867 29.065857 8.351454
v 3.014727 28.506966 7.562956
v 5.910496 28.391401 7.562957
v 2.569193 29.582581 7.562956
v 2.360674 28.866123 7.935235
v 2.853651 28.440243 7.200918
v 3.014727 28.506966 6.437043
v 2.408117 29.515856 7.200918
v 2.093077 28.755283 7.333781
v 2.853652 28.440241 6.799082
v 2.408117 29.515858 6.799082
v 2.408117 29.515858 6.799082
v 2.093077 28.755283 6.666219
v 3.014727 28.506966 6.437043
v 2.093077 28.755283 6.666219
v 2.569193 29.582581 6.437043
v 2.360673 28.866125 6.064765
v 3.304980 28.627188 6.186505
v 2.842866 29.065857 5.648547
v 2.859446 29.702801 6.186505
v 2.853652 28.440241 6.799082
v 4.516979 28.423910 6.097088
v 4.242570 28.937292 5.500000
v 3.968162 29.450674 6.097088
v 4.516979 28.423910 6.097088
v 4.862481 28.608582 6.186504
v 2.408117 29.515856 7.200918
v 4.313662 29.635349 6.186504
v 4.816547 29.244089 5.648546
v 5.139549 28.756683 6.437045
v 2.093077 28.755283 7.333781
v 4.590732 29.783445 6.437043
v 5.276841 29.490120 6.064765
v 5.293312 28.838867 6.799084
v 2.853651 28.440243 7.200918
v 4.744494 29.865633 6.799084
v 5.532285 29.626659 6.666219
v 5.293312 28.838867 7.200916
v 2.569193 29.582581 7.562956
v 4.744494 29.865633 7.200916
v 5.532285 29.626659 7.333781
v 5.139549 28.756681 7.562956
v 2.360674 28.866123 7.935235
v 4.590732 29.783443 7.562957
v 5.276841 29.490120 7.935235
v 4.862481 28.608582 7.813496
v 5.649275 28.216862 6.186504
v 4.313662 29.635349 7.813496
v 4.816547 29.244089 8.351454
v 4.516979 28.423910 7.902912
v 5.910496 28.391403 6.437043
v 3.968162 29.450674 7.902912
v 4.242570 28.937292 8.500000
v 4.171479 28.239235 7.813496
v 3.014727 28.506966 7.562956
v 3.622660 29.266003 7.813496
v 3.668593 28.630495 8.351454
v 3.894409 28.091139 7.562957
v 5.263680 29.359430 7.562957
v 3.345592 29.117903 7.562956
v 3.208300 28.384464 7.935235
v 3.740647 28.008951 7.200916
v 5.408645 29.456295 7.200915
v 3.191829 29.035717 7.200916
v 2.952856 28.247925 7.333781
v 3.740646 28.008951 6.799084
v 6.216067 29.295689 7.333781
v 3.191829 29.035717 6.799084
v 2.952856 28.247925 6.666219
v 3.894409 28.091139 6.437043
v 5.975235 29.134769 7.935234
v 3.345592 29.117901 6.437044
v 3.208300 28.384464 6.064765
v 4.171479 28.239235 6.186504
v 3.668593 28.630495 5.648546
v 3.622659 29.266003 6.186505
v 2.859447 29.702803 7.813496
v 5.323538 27.999214 6.097088
v 5.000132 28.483227 5.500000
v 4.676726 28.967239 6.097088
v 2.842867 29.065857 8.351454
v 5.649275 28.216862 6.186504
v 5.293312 28.838867 6.799084
v 5.002458 29.184893 6.186504
v 5.541274 28.844807 5.648547
v 5.910496 28.391403 6.437043
v 3.304981 28.627188 7.813496
v 5.263680 29.359428 6.437043
v 5.975235 29.134769 6.064765
v 6.055460 28.488268 6.799085
v 3.968162 29.450674 6.097088
v 5.408645 29.456295 6.799085
v 6.216066 29.295689 6.666219
v 6.055461 28.488268 7.200915
v 3.221384 29.852724 7.902912
v 5.408645 29.456295 7.200915
v 6.216067 29.295689 7.333781
v 5.910496 28.391401 7.562957
v 3.444151 29.314917 8.500000
v 5.263680 29.359430 7.562957
v 5.975235 29.134769 7.935234
v 5.649275 28.216862 7.813496
v 6.451507 28.274744 6.437044
v 5.002458 29.184891 7.813496
v 5.541275 28.844807 8.351454
v 5.323538 27.999214 7.902912
v 6.229356 28.052595 6.186504
v 4.676726 28.967239 7.902912
v 5.000132 28.483227 8.500000
v 4.997806 27.781563 7.813496
v 7.193219 28.193218 6.064765
v 4.350989 28.749592 7.813496
v 4.458990 28.121647 8.351454
v 4.736584 27.607023 7.562957
v 3.666918 28.777109 7.902912
v 4.089768 28.575050 7.562956
v 4.025028 27.831684 7.935235
v 4.591619 27.510159 7.200915
v 3.583321 30.002645 7.813496
v 3.944803 28.478186 7.200916
v 3.784198 27.670765 7.333781
v 4.591619 27.510159 6.799085
v 4.045436 29.563976 8.351454
v 3.944804 28.478186 6.799084
v 3.784198 27.670765 6.666219
v 4.736584 27.607025 6.437043
v 4.744494 29.865633 6.799084
v 4.089768 28.575050 6.437043
v 4.025028 27.831684 6.064764
v 4.997806 27.781561 6.186504
v 4.458990 28.121647 5.648547
v 4.350989 28.749592 6.186504
v 5.532285 29.626659 6.666219
v 6.078831 27.507111 6.097088
v 5.709539 27.957094 5.500000
v 5.340248 28.407078 6.097088
v 4.028855 28.927032 7.813496
v 6.381667 27.755638 6.186505
v 2.068692 30.055792 6.186505
v 5.643082 28.655605 6.186504
v 6.212634 28.369974 5.648547
v 6.624518 27.954945 6.437044
v 2.406653 28.941687 6.186504
v 5.885933 28.854914 6.437043
v 6.616085 28.701077 6.064765
v 6.759292 28.065550 6.799083
v 1.768053 29.964600 6.437043
v 6.020710 28.965517 6.799084
v 6.839984 28.884827 6.666219
v 6.759292 28.065550 7.200917
v 5.293312 28.838867 7.200916
v 6.020710 28.965517 7.200916
v 6.839984 28.884827 7.333781
v 6.624518 27.954945 7.562957
v 5.139549 28.756681 7.562956
v 5.885933 28.854914 7.562956
v 6.616085 28.701077 7.935235
v 6.381669 27.755638 7.813496
v 2.106014 28.850492 6.437044
v 5.643082 28.655605 7.813496
v 6.212634 28.369974 8.351454
v 6.078831 27.507113 7.902912
v 1.601213 29.913984 6.799083
v 5.340248 28.407076 7.902912
v 5.709539 27.957094 8.500000
v 5.775997 27.258583 7.813496
v 1.213141 29.187954 6.666219
v 5.037410 28.158550 7.813496
v 5.206445 27.544214 8.351454
v 5.533146 27.059275 7.562956
v 1.939172 28.799881 6.799084
v 4.794561 27.959244 7.562957
v 4.802994 27.213112 7.935235
v 5.398369 26.948671 7.200916
v 3.666918 28.777109 6.097088
v 4.659787 27.848639 7.200917
v 4.579095 27.029362 7.333781
v 5.398369 26.948671 6.799084
v 1.601214 29.913982 7.200917
v 4.659787 27.848639 6.799083
v 4.579096 27.029364 6.666220
v 5.533146 27.059275 6.437043
v 1.213140 29.187954 7.333781
v 4.794560 27.959244 6.437044
v 4.802994 27.213112 6.064765
v 5.775997 27.258583 6.186504
v 5.206445 27.544214 5.648547
v 5.037412 28.158550 6.186505
v 1.939173 28.799879 7.200916
v 6.775582 26.952341 6.097088
v 6.363961 27.363960 5.500000
v 5.952341 27.775579 6.097088
v 1.768053 29.964602 7.562957
v 7.052598 27.229355 6.186504
v 1.490313 29.272032 7.935235
v 6.229356 28.052595 6.186504
v 6.824164 27.824163 5.648546
v 7.274744 27.451508 6.437045
v 4.862481 28.608582 6.186504
v 6.451507 28.274744 6.437044
v 7.193219 28.193218 6.064765
v 7.398030 27.574787 6.799083
v 5.139549 28.756683 6.437045
v 6.574788 28.398027 6.799081
v 7.398030 28.398029 6.666218
v 7.398030 27.574787 7.200917
v 2.106014 28.850491 7.562956
v 6.574788 28.398027 7.200919
v 7.398028 28.398027 7.333781
v 7.274744 27.451506 7.562956
v 4.590732 29.783443 7.562957
v 6.451506 28.274744 7.562957
v 7.193219 28.193218 7.935235
v 7.052598 27.229355 7.813496
v 4.744494 29.865633 7.200916
v 6.229356 28.052595 7.813496
v 6.824164 27.824162 8.351454
v 6.775582 26.952341 7.902912
v 5.532285 29.626659 7.333781
v 5.952341 27.775579 7.902912
v 6.363961 27.363960 8.500000
v 6.498567 26.675325 7.813496
v 5.276841 29.490120 7.935235
v 5.675325 27.498566 7.813496
v 5.903758 26.903759 8.351454
v 6.276416 26.453176 7.562957
v 2.068693 30.055792 7.813496
v 5.453178 27.276415 7.562956
v 5.534704 26.534702 7.935235
v 6.153134 26.329893 7.200919
v 1.989761 29.423538 8.351454
v 5.329893 27.153133 7.200917
v 5.329895 26.329895 7.333781
v 6.153135 26.329893 6.799081
v 4.480185 29.113976 6.799082
v 5.329893 27.153133 6.799083
v 5.329894 26.329893 6.666219
v 6.276416 26.453176 6.437044
v 2.406653 28.941689 7.813496
v 5.453179 27.276413 6.437045
v 5.534704 26.534702 6.064765
v 6.498567 26.675325 6.186504
v 5.903758 26.903757 5.648547
v 5.675325 27.498566 6.186504
v 3.221384 29.852724 6.097088
v 7.407079 26.340246 6.097088
v 6.957094 26.709539 5.500000
v 6.507109 27.078833 6.097088
v 2.443582 30.169516 7.902912
v 7.655605 26.643084 6.186505
v 2.612562 29.612463 8.500000
v 6.755639 27.381664 6.186504
v 7.369973 27.212635 5.648547
v 7.854912 26.885933 6.437042
v 5.885933 28.854914 6.437043
v 6.954947 27.624519 6.437045
v 7.701077 27.616085 6.064765
v 7.965518 27.020708 6.799082
v 5.643082 28.655605 6.186504
v 7.065549 27.759293 6.799081
v 7.884826 27.839985 6.666219
v 7.965517 27.020708 7.200918
v 6.616085 28.701077 6.064765
v 7.065550 27.759293 7.200919
v 7.884827 27.839985 7.333781
v 7.854911 26.885935 7.562958
v 2.781542 29.055410 7.902912
v 6.954947 27.624519 7.562956
v 7.701077 27.616085 7.935235
v 7.655605 26.643084 7.813496
v 2.818471 30.283237 7.813496
v 6.755640 27.381666 7.813496
v 7.369973 27.212633 8.351455
v 7.407080 26.340246 7.902912
v 3.235363 29.801388 8.351454
v 6.507109 27.078833 7.902912
v 6.957094 26.709539 8.500000
v 7.158549 26.037413 7.813496
v 4.034650 30.189592 6.799082
v 6.258584 26.775995 7.813496
v 6.544215 26.206446 8.351454
v 6.959242 25.794559 7.562956
v 4.795225 29.874550 6.666219
v 6.059275 26.533146 7.562957
v 6.213111 25.802994 7.935235
v 6.848639 25.659786 7.200919
v 3.156431 29.169134 7.813496
v 5.948671 26.398371 7.200919
v 6.029362 25.579094 7.333781
v 6.848639 25.659786 6.799081
v 1.258016 30.321575 6.186504
v 5.948671 26.398371 6.799081
v 6.029363 25.579094 6.666219
v 6.959241 25.794559 6.437045
v 1.485148 29.179705 6.186504
v 6.059276 26.533146 6.437042
v 6.213112 25.802994 6.064766
v 7.158549 26.037415 6.186504
v 6.544215 26.206444 5.648547
v 6.258583 26.775995 6.186505
v 0.949886 30.260283 6.437044
v 7.967239 25.676725 6.097088
v 7.483226 26.000132 5.500000
v 6.999213 26.323540 6.097088
v 1.177018 29.118416 6.437044
v 8.184891 26.002457 6.186504
v 4.480185 29.113977 7.200918
v 7.216861 26.649277 6.186504
v 7.844805 26.541273 5.648547
v 8.359429 26.263680 6.437043
v 4.319109 29.047253 7.562956
v 7.391402 26.910494 6.437043
v 8.134770 26.975235 6.064765
v 8.456295 26.408644 6.799082
v 0.778887 30.226269 6.799083
v 7.488266 27.055460 6.799081
v 8.295687 27.216066 6.666219
v 8.456294 26.408644 7.200919
v 0.321521 29.541771 6.666219
v 7.488267 27.055460 7.200919
v 8.295687 27.216066 7.333781
v 8.359429 26.263680 7.562957
v 2.781542 29.055410 6.097088
v 7.391402 26.910494 7.562957
v 8.134770 26.975235 7.935236
v 8.184891 26.002457 7.813496
v 1.006019 29.084402 6.799083
v 7.216861 26.649275 7.813496
v 7.844806 26.541273 8.351454
v 7.967240 25.676723 7.902912
v 0.778887 30.226269 7.200917
v 6.999212 26.323540 7.902912
v 7.483226 26.000130 8.500000
v 7.749591 25.350988 7.813496
v 0.321521 29.541771 7.333781
v 6.781563 25.997805 7.813496
v 7.121647 25.458990 8.351454
v 7.575050 25.089769 7.562957
v 1.006019 29.084402 7.200917
v 6.607023 25.736584 7.562957
v 6.831683 25.025028 7.935236
v 7.478186 24.944803 7.200919
v 0.949886 30.260283 7.562956
v 6.510158 25.591619 7.200919
v 6.670765 24.784197 7.333781
v 7.478186 24.944803 6.799081
v 0.605600 29.598278 7.935235
v 6.510158 25.591619 6.799081
v 6.670765 24.784197 6.666219
v 7.575050 25.089769 6.437043
v 3.873575 30.122868 7.562956
v 6.607022 25.736586 6.437043
v 6.831682 25.025028 6.064764
v 7.749591 25.350986 6.186504
v 7.121647 25.458990 5.648547
v 6.781562 25.997805 6.186504
v 4.034651 30.189590 7.200918
v 8.450675 24.968161 6.097088
v 7.937291 25.242571 5.500000
v 7.423907 25.516981 6.097088
v 4.795225 29.874550 7.333781
v 8.635347 25.313662 6.186504
v 4.527628 29.763710 7.935235
v 7.608584 25.862480 6.186504
v 8.244088 25.816547 5.648547
v 8.783443 25.590733 6.437044
v 1.177018 29.118416 7.562956
v 7.756679 26.139549 6.437044
v 8.490120 26.276842 6.064764
v 8.865633 25.744495 6.799086
v 4.028856 28.927032 6.186505
v 7.838866 26.293312 6.799084
v 8.626657 26.532284 6.666218
v 8.865633 25.744495 7.200914
v 4.319109 29.047253 6.437043
v 7.838866 26.293312 7.200916
v 8.626657 26.532284 7.333782
v 8.783442 25.590733 7.562956
v 1.258016 30.321575 7.813496
v 7.756679 26.139549 7.562956
v 8.490120 26.276840 7.935235
v 8.635347 25.313662 7.813496
v 1.117492 29.700100 8.351454
v 7.608584 25.862480 7.813496
v 8.244088 25.816547 8.351454
v 8.450676 24.968161 7.902912
v 2.443582 30.169516 6.097088
v 7.423907 25.516981 7.902912
v 7.937291 25.242571 8.500000
v 8.265998 24.622662 7.813496
v 1.485148 29.179705 7.813496
v 7.239234 25.171480 7.813496
v 7.630494 24.668594 8.351454
v 8.117904 24.345592 7.562957
v 3.623911 29.310942 6.799083
v 7.091137 24.894409 7.562954
v 7.384462 24.208302 7.935234
v 8.035716 24.191830 7.200916
v 1.642248 30.397999 7.902912
v 7.008949 24.740646 7.200914
v 7.247924 23.952856 7.333781
v 8.035716 24.191830 6.799084
v 1.755813 29.827068 8.500000
v 7.008949 24.740646 6.799086
v 7.247924 23.952856 6.666219
v 8.117905 24.345592 6.437042
v 1.869378 29.256138 7.902912
v 7.091138 24.894409 6.437043
v 7.384462 24.208302 6.064765
v 8.265998 24.622662 6.186504
v 7.630494 24.668594 5.648547
v 7.239234 25.171480 6.186504
v 5.263680 29.359428 6.437043
v 8.852723 24.221384 6.097088
v 8.314916 24.444151 5.500000
v 7.777109 24.666918 6.097088
v 5.002458 29.184893 6.186504
v 9.002641 24.583323 6.186505
v 5.975235 29.134769 6.064765
v 7.927026 25.028856 6.186505
v 8.563976 25.045435 5.648547
v 9.122870 24.873571 6.437043
v 2.026477 30.474432 7.813496
v 8.047256 25.319105 6.437043
v 8.763706 25.527628 6.064764
v 9.189589 25.034651 6.799081
v 2.394133 29.954037 8.351454
v 8.113974 25.480185 6.799081
v 8.874549 25.795225 6.666219
v 9.189589 25.034651 7.200919
v 2.253610 29.332561 7.813496
v 8.113974 25.480185 7.200919
v 8.874550 25.795227 7.333781
v 9.122870 24.873571 7.562957
v 3.285952 30.425045 6.799084
v 8.047256 25.319105 7.562957
v 8.763706 25.527628 7.935235
v 9.002641 24.583323 7.813496
v 4.011984 30.036972 6.666219
v 7.927025 25.028856 7.813496
v 8.563976 25.045435 8.351454
v 8.852723 24.221384 7.902912
v 0.435224 30.497580 6.186504
v 7.777109 24.666918 7.902912
v 8.314916 24.444151 8.500000
v 8.702806 23.859446 7.813496
v 0.549339 29.338951 6.186504
v 7.627190 24.304981 7.813496
v 8.065855 23.842867 8.351454
v 8.582576 23.569197 7.562957
v 0.122571 30.466784 6.437043
v 7.506962 24.014727 7.562955
v 7.866125 23.360676 7.935235
v 8.515858 23.408117 7.200919
v 0.236686 29.308155 6.437043
v 7.440242 23.853651 7.200919
v 7.755282 23.093075 7.333782
v 8.515858 23.408117 6.799081
v 3.119110 30.374435 7.562956
v 7.440241 23.853651 6.799081
v 7.755282 23.093079 6.666219
v 8.582576 23.569197 6.437043
v 3.285952 30.425047 7.200916
v 7.506962 24.014727 6.437045
v 7.866125 23.360676 6.064767
v 8.702806 23.859446 6.186505
v 8.065855 23.842867 5.648547
v 7.627189 24.304981 6.186504
v 4.011984 30.036972 7.333781
v 9.169516 23.443583 6.097088
v 8.612463 23.612562 5.500000
v 8.055410 23.781542 6.097088
v 3.734811 29.952894 7.935235
v 9.283237 23.818472 6.186504
v -0.050939 30.449697 6.799084
v 8.169130 24.156431 6.186504
v 8.801388 24.235363 5.648547
v 9.374434 24.119110 6.437043
v -0.573196 29.813324 6.666219
v 8.260331 24.457069 6.437043
v 8.952893 24.734810 6.064765
v 9.425046 24.285952 6.799083
v 0.063177 29.291063 6.799083
v 8.310940 24.623911 6.799081
v 9.036973 25.011984 6.666219
v 9.425046 24.285952 7.200917
v 1.869378 29.256138 6.097088
v 8.310940 24.623911 7.200919
v 9.036972 25.011982 7.333781
v 9.374434 24.119110 7.562957
v -0.050939 30.449699 7.200916
v 8.260331 24.457067 7.562958
v 8.952893 24.734810 7.935235
v 9.283236 23.818472 7.813496
v -0.573196 29.813324 7.333781
v 8.169130 24.156433 7.813496
v 8.801388 24.235363 8.351454
v 9.169516 23.443583 7.902912
v 0.063177 29.291063 7.200917
v 8.055410 23.781542 7.902912
v 8.612463 23.612562 8.500000
v 9.055796 23.068691 7.813496
v 0.122571 30.466784 7.562957
v 7.941689 23.406652 7.813496
v 8.423538 22.989761 8.351454
v 8.964595 22.768057 7.562958
v -0.284946 29.841713 7.935235
v 7.850492 23.106014 7.562957
v 8.272033 22.490314 7.935235
v 8.913986 22.601213 7.200919
v 4.590732 29.783445 6.437043
v 7.799880 22.939173 7.200917
v 8.187954 22.213142 7.333781
v 8.913986 22.601213 6.799081
v 4.313662 29.635349 6.186504
v 7.799879 22.939173 6.799083
v 8.187954 22.213142 6.666219
v 8.964595 22.768055 6.437043
v 5.276841 29.490120 6.064765
v 7.850492 23.106014 6.437044
v 8.272033 22.490314 6.064766
v 9.055796 23.068693 6.186504
v 8.423538 22.989761 5.648547
v 7.941689 23.406652 6.186505
v 0.236686 29.308157 7.562956
v 9.398001 22.642248 6.097088
v 8.827067 22.755814 5.500000
v 8.256134 22.869379 6.097088
v 0.435225 30.497580 7.813496
v 9.474426 23.026482 6.186505
v 0.234463 29.892872 8.351454
v 8.332561 23.253613 6.186505
v 8.954038 23.394135 5.648546
v 9.535723 23.334608 6.437044
v 2.732738 29.427868 6.799083
v 8.393855 23.561739 6.437042
v 9.055859 23.906029 6.064765
v 9.569733 23.505608 6.799084
v 0.549340 29.338951 7.813496
v 8.427866 23.732738 6.799084
v 9.112366 24.190105 6.666219
v 9.569733 23.505608 7.200916
v 1.642248 30.397999 6.097088
v 8.427866 23.732738 7.200916
v 9.112366 24.190105 7.333781
v 9.535722 23.334608 7.562957
v 0.825096 30.535982 7.902912
v 8.393855 23.561739 7.562956
v 9.055859 23.906029 7.935236
v 9.474425 23.026478 7.813496
v 0.882154 29.956663 8.500000
v 8.332561 23.253611 7.813496
v 8.954038 23.394133 8.351454
v 9.398002 22.642248 7.902912
v 3.156432 29.169134 6.186505
v 8.256133 22.869379 7.902912
v 8.827067 22.755814 8.500000
v 9.321574 22.258017 7.813496
v 3.457071 29.260326 6.437043
v 8.179709 22.485149 7.813496
v 8.700097 22.117495 8.351453
v 9.260280 21.949888 7.562956
v 0.939212 29.377344 7.902912
v 8.118413 22.177019 7.562957
v 8.598276 21.605600 7.935235
v 9.226269 21.778889 7.200916
v 1.214969 30.574375 7.813496
v 8.084402 22.006020 7.200916
v 8.541769 21.321522 7.333781
v 9.226269 21.778889 6.799084
v 1.529846 30.020454 8.351454
v 8.084402 22.006020 6.799084
v 8.541769 21.321522 6.666219
v 9.260280 21.949888 6.437042
v 2.505607 30.569735 6.799084
v 8.118412 22.177019 6.437044
v 8.598276 21.605600 6.064765
v 9.321573 22.258015 6.186505
v 8.700097 22.117493 5.648547
v 8.179708 22.485146 6.186505
v 3.190105 30.112366 6.666219
v 9.535979 21.825096 6.097088
v 8.956662 21.882154 5.500000
v 8.377345 21.939213 6.097088
v 1.329084 29.415747 7.813496
v 9.574375 22.214968 6.186505
v -0.391759 30.582119 6.186504
v 8.415749 22.329086 6.186505
v 9.020453 22.529846 5.648546
v 9.605172 22.527624 6.437045
v -0.391759 29.417881 6.186504
v 8.446537 22.641739 6.437043
v 9.071611 23.049255 6.064767
v 9.622258 22.701132 6.799081
v 3.623911 29.310944 7.200917
v 8.463629 22.815247 6.799081
v 9.100002 23.337503 6.666218
v 9.622258 22.701132 7.200919
v 3.457071 29.260324 7.562957
v 8.463629 22.815247 7.200919
v 9.100002 23.337505 7.333782
v 9.605172 22.527624 7.562956
v -0.705925 30.582119 6.437043
v 8.446538 22.641737 7.562957
v 9.071611 23.049255 7.935233
v 9.574376 22.214970 7.813496
v 2.732738 29.427868 7.200917
v 8.415749 22.329084 7.813496
v 9.020454 22.529846 8.351454
v 9.535979 21.825096 7.902912
v 2.561740 29.393854 7.562956
v 8.377345 21.939213 7.902912
v 8.956662 21.882154 8.500000
v 9.497576 21.435225 7.813496
v -0.705925 29.417881 6.437043
v 8.338948 21.549339 7.813496
v 8.892870 21.234463 8.351454
v 9.466786 21.122572 7.562957
v -0.880274 30.582119 6.799084
v 8.308152 21.236685 7.562956
v 8.841713 20.715054 7.935233
v 9.449696 20.949062 7.200919
v -1.462392 30.000000 6.666219
v 8.291066 21.063177 7.200919
v 8.813322 20.426804 7.333783
v 9.449696 20.949062 6.799081
v -0.880274 29.417881 6.799084
v 8.291066 21.063177 6.799081
v 8.813322 20.426805 6.666218
v 9.466787 21.122570 6.437043
v 0.939212 29.377344 6.097088
v 8.308152 21.236685 6.437045
v 8.841713 20.715054 6.064766
v 9.497576 21.435223 6.186505
v 8.892871 21.234463 5.648546
v 8.338949 21.549341 6.186505
v -0.880274 30.582119 7.200916
v 9.582119 21.000000 6.097088
v 9.000000 21.000000 5.500000
v 8.417881 21.000000 6.097088
v -1.462392 30.000000 7.333781
v 9.582119 21.391760 6.186505
v -0.880274 29.417881 7.200916
v 8.417881 21.391760 6.186505
v 9.000000 21.650826 5.648547
v 9.582119 21.705925 6.437043
v -0.705925 30.582119 7.562957
v 8.417881 21.705925 6.437043
v 9.000000 22.172747 6.064765
v 9.582119 21.880274 6.799087
v -1.172747 30.000000 7.935235
v 8.417881 21.880274 6.799087
v 9.000000 22.462391 6.666219
v 9.582119 21.880274 7.200913
v 2.253610 29.332561 6.186504
v 8.417881 21.880274 7.200913
v 9.000000 22.462391 7.333781
v 9.582119 21.705925 7.562955
v 2.561740 29.393854 6.437044
v 8.417881 21.705925 7.562955
v 9.000000 22.172747 7.935235
v 9.582119 21.391758 7.813496
v -0.705925 29.417881 7.562957
v 8.417881 21.391758 7.813496
v 9.000000 21.650826 8.351454
v 9.582119 21.000000 7.902912
v 2.334608 30.535721 7.562956
v 8.417881 21.000000 7.902912
v 9.000000 21.000000 8.500000
v 9.582119 20.608242 7.813496
v 2.505607 30.569735 7.200916
v 8.417881 20.608242 7.813496
v 9.000000 20.349174 8.351454
v 9.582119 20.294075 7.562955
v 3.190105 30.112366 7.333781
v 8.417881 20.294075 7.562955
v 9.000000 19.827253 7.935235
v 9.582119 20.119726 7.200913
v 2.906025 30.055859 7.935235
v 8.417881 20.119726 7.200913
v 9.000000 19.537609 7.333781
v 9.582119 20.119726 6.799087
v -0.391758 30.582119 7.813496
v 8.417881 20.119726 6.799087
v 9.000000 19.537609 6.666219
v 9.582119 20.294075 6.437043
v -0.650826 30.000000 8.351454
v 8.417881 20.294075 6.437043
v 9.000000 19.827253 6.064765
v 9.582119 20.608240 6.186505
v 9.000000 20.349174 5.648547
v 8.417881 20.608240 6.186505
v 1.815247 29.463629 6.799084
v 0.000000 0.000000 -7.902912
v 0.000000 0.582118 -8.500000
v 0.000000 30.000000 -7.902912
v 0.000000 29.417883 -8.500000
v 0.391758 0.000000 -7.813496
v 0.650826 0.582118 -8.351454
v 0.391758 30.000000 -7.813496
v 0.650826 29.417883 -8.351454
v 0.705925 0.000000 -7.562957
v 1.172747 0.582118 -7.935235
v 0.705925 30.000000 -7.562957
v 1.172747 29.417883 -7.935235
v 0.880274 0.000000 -7.200916
v 1.462392 0.582118 -7.333781
v 0.880274 30.000000 -7.200916
v 1.462392 29.417883 -7.333781
v 0.880274 0.000000 -6.799084
v 1.462392 0.582118 -6.666219
v 0.880274 30.000000 -6.799084
v 1.462392 29.417883 -6.666219
v 0.705925 0.000000 -6.437043
v 1.172747 0.582118 -6.064765
v 0.705925 30.000000 -6.437043
v 1.172747 29.417883 -6.064765
v 0.391759 0.000000 -6.186504
v 0.650826 0.582118 -5.648547
v 0.391759 30.000000 -6.186504
v 0.650826 29.417883 -5.648547
v 0.000000 0.000000 -6.097088
v 0.000000 0.582118 -5.500000
v 0.000000 30.000000 -6.097088
v 0.000000 29.417883 -5.500000
v -0.391759 0.000000 -6.186504
v -0.650826 0.582118 -5.648547
v -0.391759 30.000000 -6.186504
v -0.650826 29.417883 -5.648547
v -0.705925 0.000000 -6.437043
v -1.172747 0.582118 -6.064765
v -0.705925 30.000000 -6.437043
v -1.172747 29.417883 -6.064765
v -0.880274 0.000000 -6.799084
v -1.462392 0.582118 -6.666219
v -0.880274 30.000000 -6.799084
v -1.462392 29.417883 -6.666219
v -0.880274 0.000000 -7.200916
v -1.462392 0.582118 -7.333781
v -0.880274 30.000000 -7.200916
v -1.462392 29.417883 -7.333781
v -0.705925 0.000000 -7.562957
v -1.172747 0.582118 -7.935235
v -0.705925 30.000000 -7.562957
v -1.172747 29.417883 -7.935235
v -0.391758 0.000000 -7.813496
v -0.650826 0.582118 -8.351454
v -0.391758 30.000000 -7.813496
v -0.650826 29.417883 -8.351454
v 0.000000 29.417881 -7.902912
v 0.000000 30.000000 -8.500000
v 0.000000 30.582119 -7.902912
v -0.391758 29.417881 7.813496
v 0.391758 29.417881 -7.813496
v 0.825096 30.535982 6.097088
v 0.391758 30.582119 -7.813496
v 0.650826 30.000000 -8.351454
v 0.705925 29.417881 -7.562957
v 0.000000 30.582119 7.902912
v 0.705925 30.582119 -7.562957
v 1.172747 30.000000 -7.935235
v 0.880274 29.417881 -7.200916
v 0.000000 30.000000 8.500000
v 0.880274 30.582119 -7.200916
v 1.462392 30.000000 -7.333781
v 0.880274 29.417881 -6.799084
v 0.000000 29.417881 7.902912
v 0.880274 30.582119 -6.799084
v 1.462392 30.000000 -6.666219
v 0.705925 29.417881 -6.437043
v 0.391758 30.582119 7.813496
v 0.705925 30.582119 -6.437043
v 1.172747 30.000000 -6.064765
v 0.391759 29.417881 -6.186504
v 0.650826 30.000000 8.351454
v 0.391759 30.582119 -6.186504
v 0.650826 30.000000 -5.648547
v 0.000000 29.417881 -6.097088
v 1.701132 30.622263 6.799083
v 0.000000 30.582119 -6.097088
v 0.000000 30.000000 -5.500000
v -0.391759 29.417881 -6.186504
v 2.337505 30.100002 6.666219
v -0.391759 30.582119 -6.186504
v -0.650826 30.000000 -5.648547
v -0.705925 29.417881 -6.437043
v 0.391758 29.417881 7.813496
v -0.705925 30.582119 -6.437043
v -1.172747 30.000000 -6.064765
v -0.880274 29.417881 -6.799084
v -0.391759 30.000000 6.186504
v -0.880274 30.582119 -6.799084
v -1.462392 30.000000 -6.666219
v -0.880274 29.417881 -7.200916
v -0.650826 29.417883 5.648547
v -0.880274 30.582119 -7.200916
v -1.462392 30.000000 -7.333781
v -0.705925 29.417881 -7.562957
v 3.119110 30.374434 6.437044
v -0.705925 30.582119 -7.562957
v -1.172747 30.000000 -7.935235
v -0.391758 29.417881 -7.813496
v -0.650826 30.000000 -8.351454
v -0.391758 30.582119 -7.813496
v 2.818471 30.283239 6.186504
v 0.939212 29.377344 -7.902912
v 0.882154 29.956663 -8.500000
v 0.825096 30.535982 -7.902912
v 3.734811 29.952894 6.064765
v 1.329084 29.415747 -7.813496
v -0.391759 0.000000 6.186504
v 1.214969 30.574375 -7.813496
v 1.529846 30.020454 -8.351454
v 1.641737 29.446543 -7.562956
v -0.650826 0.582118 5.648547
v 1.527623 30.605171 -7.562956
v 2.049254 30.071613 -7.935235
v 1.815247 29.463629 -7.200916
v -0.705925 30.000000 6.437043
v 1.701132 30.622263 -7.200917
v 2.337505 30.100002 -7.333781
v 1.815247 29.463627 -6.799084
v -1.172747 29.417883 6.064765
v 1.701132 30.622263 -6.799083
v 2.337505 30.100002 -6.666219
v 1.641737 29.446543 -6.437043
v -0.705925 0.000000 6.437043
v 1.527623 30.605169 -6.437043
v 2.049255 30.071613 -6.064765
v 1.329084 29.415747 -6.186505
v -1.172747 0.582118 6.064765
v 1.214970 30.574375 -6.186504
v 1.529846 30.020454 -5.648547
v 0.939212 29.377344 -6.097088
v 1.815247 29.463627 7.200916
v 0.825096 30.535982 -6.097088
v 0.882154 29.956663 -5.500000
v 0.549339 29.338951 -6.186504
v 1.641737 29.446543 7.562957
v 0.435224 30.497580 -6.186504
v 0.234463 29.892872 -5.648546
v 0.236686 29.308157 -6.437043
v -0.880274 30.000000 6.799084
v 0.122571 30.466784 -6.437043
v -0.284946 29.841713 -6.064765
v 0.063177 29.291063 -6.799083
v -1.462392 29.417883 6.666219
v -0.050939 30.449699 -6.799084
v -0.573196 29.813324 -6.666219
v 0.063177 29.291063 -7.200917
v 0.000000 29.417881 6.097088
v -0.050939 30.449697 -7.200916
v -0.573196 29.813324 -7.333781
v 0.236686 29.308155 -7.562956
v -0.880274 0.000000 6.799084
v 0.122571 30.466784 -7.562956
v -0.284946 29.841713 -7.935235
v 0.549340 29.338951 -7.813496
v 0.234463 29.892872 -8.351454
v 0.435225 30.497580 -7.813496
v -1.462392 0.582118 6.666219
v 1.869378 29.256138 -7.902912
v 1.755813 29.827068 -8.500000
v 1.642248 30.397999 -7.902912
v -0.880274 30.000000 7.200916
v 2.253610 29.332561 -7.813496
v -1.462392 29.417883 7.333781
v 2.026477 30.474432 -7.813496
v 2.394133 29.954037 -8.351454
v 2.561740 29.393854 -7.562956
v -0.880274 0.000000 7.200916
v 2.334608 30.535721 -7.562956
v 2.906025 30.055859 -7.935234
v 2.732738 29.427868 -7.200917
v -1.462392 0.582118 7.333781
v 2.505607 30.569735 -7.200916
v 3.190105 30.112366 -7.333781
v 2.732738 29.427868 -6.799083
v -0.705925 30.000000 7.562957
v 2.505607 30.569735 -6.799084
v 3.190105 30.112366 -6.666219
v 2.561740 29.393854 -6.437044
v -1.172747 29.417883 7.935235
v 2.334608 30.535721 -6.437044
v 2.906026 30.055859 -6.064765
v 2.253610 29.332561 -6.186504
v 1.527623 30.605169 7.562956
v 2.026478 30.474432 -6.186504
v 2.394133 29.954037 -5.648547
v 1.869378 29.256138 -6.097088
v 1.701132 30.622263 7.200917
v 1.642248 30.397999 -6.097088
v 1.755813 29.827068 -5.500000
v 1.485148 29.179705 -6.186504
v 2.337504 30.100002 7.333781
v 1.258016 30.321575 -6.186505
v 1.117493 29.700100 -5.648547
v 1.177018 29.118416 -6.437044
v 2.049254 30.071613 7.935235
v 0.949886 30.260283 -6.437044
v 0.605600 29.598278 -6.064765
v 1.006019 29.084402 -6.799083
v -0.705925 0.000000 7.562957
v 0.778887 30.226269 -6.799083
v 0.321521 29.541771 -6.666219
v 1.006019 29.084402 -7.200917
v -1.172747 0.582118 7.935235
v 0.778887 30.226269 -7.200917
v 0.321521 29.541771 -7.333781
v 1.177018 29.118416 -7.562956
v 1.329084 29.415747 6.186505
v 0.949886 30.260283 -7.562956
v 0.605600 29.598278 -7.935235
v 1.485148 29.179705 -7.813496
v 1.117492 29.700100 -8.351454
v 1.258016 30.321575 -7.813496
v 1.641737 29.446543 6.437043
v 2.781542 29.055410 -7.902912
v 2.612562 29.612463 -8.500000
v 2.443582 30.169516 -7.902912
v -0.391758 30.000000 7.813496
v 3.156432 29.169132 -7.813496
v -0.650826 29.417883 8.351454
v 2.818471 30.283239 -7.813496
v 3.235363 29.801388 -8.351454
v 3.457071 29.260324 -7.562957
v 0.000000 30.582119 6.097088
v 3.119110 30.374435 -7.562956
v 3.734812 29.952894 -7.935235
v 3.623911 29.310942 -7.200917
v -0.391758 0.000000 7.813496
v 3.285952 30.425045 -7.200916
v 4.011983 30.036972 -7.333781
v 3.623911 29.310944 -6.799083
v -0.650826 0.582118 8.351454
v 3.285952 30.425047 -6.799084
v 4.011984 30.036972 -6.666219
v 3.457071 29.260326 -6.437043
v 0.880274 29.417881 6.799084
v 3.119110 30.374435 -6.437044
v 3.734811 29.952894 -6.064765
v 3.156433 29.169132 -6.186505
v 0.000000 30.000000 7.902912
v 2.818471 30.283237 -6.186504
v 3.235363 29.801388 -5.648547
v 2.781542 29.055410 -6.097088
v 0.000000 29.417883 8.500000
v 2.443582 30.169516 -6.097088
v 2.612562 29.612463 -5.500000
v 2.406653 28.941689 -6.186504
v 0.000000 0.000000 7.902912
v 2.068692 30.055794 -6.186505
v 1.989761 29.423538 -5.648547
v 2.106014 28.850491 -6.437044
v 0.000000 0.582118 8.500000
v 1.768053 29.964600 -6.437043
v 1.490313 29.272032 -6.064765
v 1.939173 28.799879 -6.799084
v 0.391758 30.000000 7.813496
v 1.601214 29.913982 -6.799083
v 1.213140 29.187954 -6.666219
v 1.939172 28.799881 -7.200916
v 0.650826 29.417883 8.351454
v 1.601213 29.913984 -7.200917
v 1.213141 29.187954 -7.333781
v 2.106014 28.850491 -7.562956
v 0.391758 0.000000 7.813496
v 1.768053 29.964602 -7.562957
v 1.490313 29.272032 -7.935235
v 2.406653 28.941687 -7.813496
v 1.989761 29.423538 -8.351454
v 2.068693 30.055794 -7.813496
v 0.650826 0.582118 8.351454
v 3.666918 28.777109 -7.902912
v 3.444151 29.314917 -8.500000
v 3.221384 29.852724 -7.902912
v 0.880274 30.582119 6.799084
v 4.028855 28.927032 -7.813496
v 1.462392 30.000000 6.666219
v 3.583321 30.002645 -7.813496
v 4.045435 29.563976 -8.351454
v 4.319109 29.047253 -7.562956
v 0.705925 30.000000 7.562957
v 3.873575 30.122868 -7.562956
v 4.527629 29.763706 -7.935236
v 4.480185 29.113976 -7.200918
v 1.172747 29.417883 7.935235
v 4.034650 30.189592 -7.200918
v 4.795225 29.874550 -7.333781
v 4.480185 29.113977 -6.799082
v 1.527623 30.605171 6.437043
v 4.034651 30.189590 -6.799082
v 4.795225 29.874550 -6.666219
v 4.319109 29.047253 -6.437043
v 1.214970 30.574375 6.186504
v 3.873574 30.122868 -6.437043
v 4.527629 29.763708 -6.064765
v 4.028856 28.927031 -6.186505
v 2.049254 30.071613 6.064765
v 3.583321 30.002647 -6.186505
v 4.045436 29.563976 -5.648546
v 3.666918 28.777109 -6.097088
v 0.705925 0.000000 7.562957
v 3.221384 29.852724 -6.097088
v 3.444151 29.314917 -5.500000
v 3.304981 28.627186 -6.186505
v 1.172747 0.582118 7.935235
v 2.859446 29.702803 -6.186505
v 2.842866 29.065857 -5.648547
v 3.014727 28.506966 -6.437043
v 0.880274 30.000000 7.200916
v 2.569193 29.582581 -6.437043
v 2.360674 28.866125 -6.064766
v 2.853651 28.440243 -6.799082
v 1.462392 29.417883 7.333781
v 2.408117 29.515856 -6.799082
v 2.093077 28.755283 -6.666219
v 2.853652 28.440241 -7.200918
v 0.391759 29.417881 6.186504
v 2.408117 29.515858 -7.200918
v 2.093077 28.755283 -7.333781
v 3.014727 28.506966 -7.562956
v 0.705925 29.417881 6.437043
v 2.569193 29.582581 -7.562956
v 2.360673 28.866127 -7.935236
v 3.304981 28.627188 -7.813496
v 2.842866 29.065857 -8.351454
v 2.859447 29.702803 -7.813496
v 0.880274 0.000000 7.200916
v 4.516979 28.423910 -7.902912
v 4.242570 28.937292 -8.500000
v 3.968161 29.450674 -7.902912
v 1.462392 0.582118 7.333781
v 4.862481 28.608582 -7.813496
v 2.334608 30.535721 6.437044
v 4.313662 29.635349 -7.813496
v 4.816547 29.244089 -8.351454
v 5.139548 28.756683 -7.562956
v 2.026478 30.474432 6.186504
v 4.590732 29.783445 -7.562957
v 5.276841 29.490120 -7.935235
v 5.293312 28.838867 -7.200916
v 2.906026 30.055859 6.064765
v 4.744494 29.865633 -7.200916
v 5.532285 29.626659 -7.333781
v 5.293312 28.838867 -6.799084
v 0.880274 30.000000 6.799084
v 4.744494 29.865633 -6.799084
v 5.532285 29.626659 -6.666219
v 5.139549 28.756681 -6.437045
v 1.462392 29.417883 6.666219
v 4.590732 29.783445 -6.437043
v 5.276841 29.490120 -6.064765
v 4.862481 28.608582 -6.186504
v 0.880274 0.000000 6.799084
v 4.313662 29.635349 -6.186504
v 4.816547 29.244089 -5.648546
v 4.516979 28.423910 -6.097088
v 1.462392 0.582118 6.666219
v 3.968162 29.450674 -6.097088
v 4.242570 28.937292 -5.500000
v 4.171479 28.239235 -6.186504
v 0.880274 29.417881 7.200916
v 3.622660 29.266003 -6.186505
v 3.668594 28.630495 -5.648547
v 3.894409 28.091139 -6.437043
v 0.705925 29.417881 7.562957
v 3.345592 29.117903 -6.437044
v 3.208300 28.384464 -6.064765
v 3.740647 28.008951 -6.799084
v 0.705925 30.000000 6.437043
v 3.191829 29.035717 -6.799084
v 2.952856 28.247925 -6.666219
v 3.740646 28.008951 -7.200916
v 1.172747 29.417883 6.064765
v 3.191829 29.035717 -7.200916
v 2.952856 28.247925 -7.333781
v 3.894409 28.091139 -7.562957
v 0.705925 30.582119 6.437043
v 3.345592 29.117901 -7.562956
v 3.208300 28.384464 -7.935235
v 4.171479 28.239235 -7.813496
v 3.668593 28.630495 -8.351454
v 3.622660 29.266003 -7.813496
v 0.391759 30.582119 6.186504
v 5.323538 27.999214 -7.902912
v 5.000132 28.483227 -8.500000
v 4.676726 28.967239 -7.902912
v 1.172747 30.000000 6.064765
v 5.649275 28.216862 -7.813496
v 0.705925 0.000000 6.437043
v 5.002458 29.184893 -7.813496
v 5.541274 28.844807 -8.351452
v 5.910496 28.391403 -7.562957
v 1.172747 0.582118 6.064765
v 5.263680 29.359428 -7.562957
v 5.975236 29.134771 -7.935235
v 6.055460 28.488268 -7.200915
v 0.391759 30.000000 6.186504
v 5.408645 29.456295 -7.200915
v 6.216066 29.295687 -7.333781
v 6.055461 28.488268 -6.799085
v 0.000000 30.000000 6.097088
v 5.408645 29.456295 -6.799085
v 6.216067 29.295689 -6.666219
v 5.910496 28.391401 -6.437043
v 0.000000 29.417883 5.500000
v 5.263680 29.359430 -6.437043
v 5.975236 29.134769 -6.064765
v 5.649275 28.216864 -6.186504
v 0.650826 29.417883 5.648547
v 5.002458 29.184891 -6.186504
v 5.541274 28.844807 -5.648547
v 5.323539 27.999214 -6.097088
v 3.873575 30.122868 6.437043
v 4.676725 28.967239 -6.097088
v 5.000132 28.483227 -5.500000
v 4.997806 27.781563 -6.186504
v 3.583322 30.002645 6.186505
v 4.350989 28.749590 -6.186504
v 4.458991 28.121647 -5.648547
v 4.736584 27.607023 -6.437043
v 4.527629 29.763706 6.064765
v 4.089768 28.575052 -6.437043
v 4.025028 27.831684 -6.064765
v 4.591619 27.510159 -6.799085
v 0.000000 0.000000 6.097088
v 3.944803 28.478186 -6.799084
v 3.784198 27.670765 -6.666219
v 4.591619 27.510159 -7.200915
v 0.391759 0.000000 6.186504
v 3.944804 28.478186 -7.200916
v 3.784197 27.670765 -7.333781
v 4.736584 27.607025 -7.562957
v 0.650826 0.582118 5.648547
v 4.089768 28.575050 -7.562956
v 4.025029 27.831684 -7.935235
v 4.997806 27.781561 -7.813496
v 4.458990 28.121647 -8.351454
v 4.350989 28.749592 -7.813496
v 0.000000 0.582118 5.500000
v 6.078832 27.507111 -7.902912
v 5.709539 27.957094 -8.500000
v 5.340247 28.407078 -7.902912
v 0.705925 30.582119 7.562957
v 6.381668 27.755638 -7.813496
v 0.880274 30.582119 7.200916
v 5.643082 28.655605 -7.813496
v 6.212634 28.369974 -8.351454
v 6.624518 27.954945 -7.562957
v 1.462392 30.000000 7.333781
v 5.885932 28.854914 -7.562956
v 6.616085 28.701077 -7.935235
v 6.759292 28.065550 -7.200917
v 1.172747 30.000000 7.935235
v 6.020710 28.965517 -7.200916
v 6.839984 28.884827 -7.333781
v 6.759292 28.065550 -6.799083
v 0.000000 30.000000 5.500000
v 6.020710 28.965517 -6.799084
v 6.839985 28.884827 -6.666219
v 6.624518 27.954945 -6.437044
v 0.650826 30.000000 5.648547
v 5.885933 28.854914 -6.437043
v 6.616085 28.701077 -6.064765
v 6.381668 27.755638 -6.186505
v 1.755813 29.827068 5.500000
v 5.643082 28.655605 -6.186504
v 6.212635 28.369974 -5.648547
v 6.078831 27.507113 -6.097088
v 2.394133 29.954037 5.648546
v 5.340248 28.407076 -6.097088
v 5.709539 27.957094 -5.500000
v 5.775997 27.258583 -6.186504
v 0.234463 29.892872 5.648546
v 5.037411 28.158550 -6.186505
v 5.206445 27.544214 -5.648547
v 5.533146 27.059275 -6.437043
v -0.284946 29.841713 6.064765
v 4.794560 27.959244 -6.437044
v 4.802995 27.213112 -6.064765
v 5.398369 26.948671 -6.799084
v 2.612562 29.612463 5.500000
v 4.659787 27.848639 -6.799083
v 4.579094 27.029362 -6.666219
v 5.398369 26.948671 -7.200916
v 3.235363 29.801388 5.648547
v 4.659787 27.848639 -7.200917
v 4.579095 27.029362 -7.333780
v 5.533146 27.059275 -7.562956
v 0.882154 29.956663 5.500000
v 4.794561 27.959244 -7.562957
v 4.802994 27.213112 -7.935236
v 5.775997 27.258583 -7.813496
v 5.206445 27.544214 -8.351454
v 5.037411 28.158550 -7.813496
v 1.529846 30.020454 5.648546
v 6.775581 26.952341 -7.902912
v 6.363961 27.363960 -8.500000
v 5.952342 27.775579 -7.902912
v -0.650826 30.000000 5.648547
v 7.052598 27.229355 -7.813496
v -1.172747 30.000000 6.064765
v 6.229356 28.052595 -7.813496
v 6.824164 27.824163 -8.351454
v 7.274744 27.451508 -7.562956
v 1.989761 29.423538 5.648546
v 6.451506 28.274742 -7.562957
v 7.193218 28.193218 -7.935235
v 7.398030 27.574787 -7.200917
v 1.490313 29.272032 6.064765
v 6.574788 28.398027 -7.200919
v 7.398029 28.398029 -7.333781
v 7.398030 27.574787 -6.799083
v 4.242570 28.937292 5.500000
v 6.574788 28.398027 -6.799081
v 7.398028 28.398027 -6.666219
v 7.274745 27.451506 -6.437045
v 4.816547 29.244089 5.648546
v 6.451507 28.274744 -6.437044
v 7.193219 28.193218 -6.064765
v 7.052598 27.229355 -6.186504
v 3.444151 29.314917 5.500000
v 6.229356 28.052595 -6.186504
v 6.824164 27.824163 -5.648546
v 6.775581 26.952341 -6.097088
v 4.045435 29.563976 5.648546
v 5.952342 27.775579 -6.097088
v 6.363961 27.363960 -5.500000
v 6.498567 26.675325 -6.186504
v 2.842866 29.065857 5.648547
v 5.675325 27.498566 -6.186504
v 5.903758 26.903757 -5.648547
v 6.276416 26.453176 -6.437044
v 2.360673 28.866125 6.064765
v 5.453178 27.276415 -6.437045
v 5.534704 26.534702 -6.064765
v 6.153134 26.329893 -6.799081
v 5.000132 28.483227 5.500000
v 5.329893 27.153133 -6.799083
v 5.329895 26.329895 -6.666219
v 6.153135 26.329893 -7.200919
v 5.541274 28.844807 5.648547
v 5.329893 27.153133 -7.200917
v 5.329894 26.329893 -7.333781
v 6.276416 26.453178 -7.562957
v 3.668593 28.630495 5.648546
v 5.453179 27.276413 -7.562956
v 5.534704 26.534702 -7.935235
v 6.498567 26.675325 -7.813496
v 5.903759 26.903757 -8.351454
v 5.675325 27.498566 -7.813496
v 3.208300 28.384464 6.064765
v 7.407079 26.340246 -7.902912
v 6.957094 26.709539 -8.500000
v 6.507109 27.078833 -7.902912
v 1.117493 29.700100 5.648547
v 7.655605 26.643084 -7.813496
v 0.605600 29.598278 6.064765
v 6.755640 27.381666 -7.813496
v 7.369973 27.212633 -8.351454
v 7.854912 26.885933 -7.562958
v 4.458990 28.121647 5.648547
v 6.954947 27.624519 -7.562956
v 7.701077 27.616085 -7.935235
v 7.965518 27.020708 -7.200918
v 4.025028 27.831684 6.064764
v 7.065549 27.759293 -7.200919
v 7.884826 27.839985 -7.333781
v 7.965517 27.020708 -6.799082
v 6.363961 27.363960 5.500000
v 7.065550 27.759293 -6.799081
v 7.884827 27.839985 -6.666219
v 7.854912 26.885935 -6.437042
v 6.824164 27.824163 5.648546
v 6.954947 27.624519 -6.437045
v 7.701077 27.616085 -6.064765
v 7.655606 26.643082 -6.186505
v 5.206445 27.544214 5.648547
v 6.755639 27.381664 -6.186504
v 7.369974 27.212635 -5.648546
v 7.407080 26.340246 -6.097088
v 4.802994 27.213112 6.064765
v 6.507109 27.078833 -6.097088
v 6.957094 26.709539 -5.500000
v 7.158549 26.037415 -6.186504
v 5.709539 27.957094 5.500000
v 6.258583 26.775997 -6.186505
v 6.544215 26.206444 -5.648546
v 6.959241 25.794559 -6.437045
v 6.212634 28.369974 5.648547
v 6.059276 26.533144 -6.437042
v 6.213111 25.802994 -6.064765
v 6.848639 25.659786 -6.799081
v 7.483226 26.000132 5.500000
v 5.948671 26.398371 -6.799081
v 6.029362 25.579094 -6.666219
v 6.848639 25.659786 -7.200919
v 7.844805 26.541273 5.648547
v 5.948671 26.398371 -7.200919
v 6.029363 25.579094 -7.333781
v 6.959242 25.794559 -7.562956
v 6.544215 26.206444 5.648547
v 6.059275 26.533144 -7.562956
v 6.213112 25.802994 -7.935234
v 7.158549 26.037413 -7.813496
v 6.544215 26.206446 -8.351454
v 6.258583 26.775995 -7.813496
v 6.213112 25.802994 6.064766
v 7.967239 25.676723 -7.902912
v 7.483226 26.000132 -8.500000
v 6.999213 26.323540 -7.902912
v 7.937291 25.242571 5.500000
v 8.184891 26.002457 -7.813496
v 8.244088 25.816547 5.648547
v 7.216862 26.649275 -7.813496
v 7.844805 26.541273 -8.351454
v 8.359429 26.263680 -7.562957
v 5.903758 26.903757 5.648547
v 7.391402 26.910496 -7.562957
v 8.134771 26.975235 -7.935236
v 8.456295 26.408644 -7.200918
v 5.534704 26.534702 6.064765
v 7.488266 27.055460 -7.200919
v 8.295687 27.216066 -7.333781
v 8.456294 26.408644 -6.799081
v 8.314916 24.444151 5.500000
v 7.488267 27.055460 -6.799081
v 8.295687 27.216066 -6.666219
v 8.359429 26.263680 -6.437043
v 8.563976 25.045435 5.648547
v 7.391402 26.910494 -6.437043
v 8.134769 26.975235 -6.064765
v 8.184891 26.002457 -6.186504
v 7.630494 24.668594 5.648547
v 7.216862 26.649275 -6.186504
v 7.844805 26.541273 -5.648547
v 7.967240 25.676723 -6.097088
v 7.384462 24.208302 6.064765
v 6.999212 26.323540 -6.097088
v 7.483226 26.000132 -5.500000
v 7.749590 25.350988 -6.186504
v 6.957094 26.709539 5.500000
v 6.781563 25.997803 -6.186504
v 7.121647 25.458990 -5.648547
v 7.575050 25.089769 -6.437043
v 7.369973 27.212635 5.648547
v 6.607022 25.736586 -6.437043
v 6.831683 25.025028 -6.064765
v 7.478186 24.944803 -6.799081
v 8.612463 23.612562 5.500000
v 6.510158 25.591619 -6.799081
v 6.670765 24.784197 -6.666219
v 7.478186 24.944803 -7.200919
v 8.801388 24.235363 5.648547
v 6.510158 25.591619 -7.200919
v 6.670765 24.784197 -7.333781
v 7.575051 25.089767 -7.562957
v 8.065855 23.842867 5.648547
v 6.607022 25.736586 -7.562957
v 6.831682 25.025028 -7.935235
v 7.749591 25.350988 -7.813496
v 7.121647 25.458990 -8.351454
v 6.781563 25.997805 -7.813496
v 7.866125 23.360676 6.064767
v 8.450675 24.968161 -7.902912
v 7.937291 25.242571 -8.500000
v 7.423907 25.516981 -7.902912
v 8.827067 22.755814 5.500000
v 8.635347 25.313662 -7.813496
v 8.954038 23.394135 5.648546
v 7.608584 25.862480 -7.813496
v 8.244088 25.816547 -8.351454
v 8.783443 25.590733 -7.562957
v 7.121647 25.458990 5.648547
v 7.756679 26.139549 -7.562956
v 8.490120 26.276840 -7.935235
v 8.865633 25.744495 -7.200914
v 6.831682 25.025028 6.064764
v 7.838866 26.293312 -7.200916
v 8.626657 26.532284 -7.333782
v 8.865633 25.744495 -6.799086
v 8.700097 22.117493 5.648547
v 7.838866 26.293312 -6.799084
v 8.626657 26.532284 -6.666218
v 8.783442 25.590733 -6.437044
v 8.598276 21.605600 6.064765
v 7.756679 26.139549 -6.437044
v 8.490120 26.276840 -6.064766
v 8.635347 25.313662 -6.186504
v 9.000000 21.000000 5.500000
v 7.608584 25.862480 -6.186504
v 8.244088 25.816547 -5.648547
v 8.450676 24.968161 -6.097088
v 9.000000 21.650826 5.648547
v 7.423907 25.516981 -6.097088
v 7.937291 25.242571 -5.500000
v 8.265999 24.622662 -6.186504
v 8.956662 21.882154 5.500000
v 7.239234 25.171480 -6.186504
v 7.630494 24.668594 -5.648547
v 8.117904 24.345592 -6.437042
v 9.020453 22.529846 5.648546
v 7.091139 24.894409 -6.437043
v 7.384462 24.208302 -6.064765
v 8.035716 24.191830 -6.799084
v 8.892871 21.234463 5.648546
v 7.008949 24.740646 -6.799086
v 7.247924 23.952856 -6.666219
v 8.035716 24.191830 -7.200916
v 8.841713 20.715054 6.064766
v 7.008949 24.740646 -7.200914
v 7.247924 23.952856 -7.333781
v 8.117904 24.345592 -7.562957
v 0.882154 29.956663 -8.500000
v 7.091138 24.894407 -7.562954
v 7.384461 24.208300 -7.935235
v 8.265998 24.622662 -7.813496
v 7.630494 24.668594 -8.351454
v 7.239234 25.171480 -7.813496
v 1.529846 30.020454 -8.351454
v 8.852723 24.221384 -7.902912
v 8.314916 24.444151 -8.500000
v 7.777109 24.666918 -7.902912
v -0.650826 30.000000 -8.351454
v 9.002641 24.583323 -7.813496
v -1.172747 30.000000 -7.935235
v 7.927026 25.028856 -7.813496
v 8.563976 25.045435 -8.351454
v 9.122870 24.873571 -7.562957
v 1.755813 29.827068 -8.500000
v 8.047256 25.319105 -7.562957
v 8.763706 25.527628 -7.935235
v 9.189589 25.034651 -7.200919
v 2.394133 29.954037 -8.351454
v 8.113974 25.480185 -7.200919
v 8.874549 25.795225 -7.333781
v 9.189589 25.034651 -6.799081
v 1.117492 29.700100 -8.351454
v 8.113974 25.480185 -6.799081
v 8.874550 25.795227 -6.666219
v 9.122870 24.873571 -6.437043
v 0.605600 29.598278 -7.935235
v 8.047256 25.319105 -6.437043
v 8.763706 25.527628 -6.064765
v 9.002641 24.583323 -6.186505
v 9.000000 20.349174 5.648547
v 7.927025 25.028856 -6.186505
v 8.563976 25.045435 -5.648547
v 8.852723 24.221384 -6.097088
v 9.000000 19.827253 6.064765
v 7.777109 24.666918 -6.097088
v 8.314916 24.444151 -5.500000
v 8.702806 23.859446 -6.186505
v 3.444151 29.314917 -8.500000
v 7.627190 24.304981 -6.186504
v 8.065855 23.842867 -5.648547
v 8.582576 23.569197 -6.437043
v 4.045435 29.563976 -8.351454
v 7.506962 24.014727 -6.437045
v 7.866125 23.360674 -6.064765
v 8.515858 23.408117 -6.799081
v 0.234463 29.892872 -8.351454
v 7.440242 23.853651 -6.799081
v 7.755282 23.093077 -6.666219
v 8.515858 23.408117 -7.200919
v -0.284946 29.841713 -7.935235
v 7.440241 23.853651 -7.200919
v 7.755282 23.093077 -7.333781
v 8.582576 23.569197 -7.562957
v 0.000000 30.000000 -8.500000
v 7.506962 24.014727 -7.562955
v 7.866125 23.360674 -7.935235
v 8.702806 23.859446 -7.813496
v 8.065855 23.842867 -8.351454
v 7.627189 24.304981 -7.813496
v 0.650826 30.000000 -8.351454
v 9.169516 23.443583 -7.902912
v 8.612463 23.612562 -8.500000
v 8.055410 23.781542 -7.902912
v 1.989761 29.423538 -8.351454
v 9.283237 23.818472 -7.813496
v 1.490313 29.272032 -7.935235
v 8.169130 24.156433 -7.813496
v 8.801388 24.235363 -8.351454
v 9.374434 24.119110 -7.562957
v 3.668593 28.630495 -8.351454
v 8.260331 24.457067 -7.562958
v 8.952893 24.734810 -7.935235
v 9.425046 24.285952 -7.200917
v 3.208300 28.384464 -7.935235
v 8.310940 24.623911 -7.200919
v 9.036974 25.011986 -7.333782
v 9.425046 24.285952 -6.799083
v 5.709539 27.957094 -8.500000
v 8.310940 24.623911 -6.799081
v 9.036972 25.011982 -6.666219
v 9.374434 24.119110 -6.437043
v 6.212634 28.369974 -8.351454
v 8.260331 24.457069 -6.437043
v 8.952893 24.734812 -6.064764
v 9.283236 23.818472 -6.186504
v 8.423538 22.989761 5.648547
v 8.169130 24.156433 -6.186504
v 8.801388 24.235363 -5.648546
v 9.169516 23.443583 -6.097088
v 8.272033 22.490314 6.064766
v 8.055410 23.781542 -6.097088
v 8.612463 23.612562 -5.500000
v 9.055796 23.068691 -6.186504
v 5.000132 28.483227 -8.500000
v 7.941688 23.406652 -6.186505
v 8.423538 22.989761 -5.648547
v 8.964595 22.768055 -6.437043
v 5.541274 28.844807 -8.351452
v 7.850492 23.106014 -6.437044
v 8.272034 22.490314 -6.064765
v 8.913986 22.601213 -6.799081
v 2.842866 29.065857 -8.351454
v 7.799880 22.939173 -6.799083
v 8.187954 22.213142 -6.666219
v 8.913986 22.601213 -7.200919
v 2.360673 28.866127 -7.935236
v 7.799879 22.939173 -7.200917
v 8.187954 22.213142 -7.333781
v 8.964595 22.768057 -7.562958
v 5.206445 27.544214 -8.351454
v 7.850492 23.106014 -7.562957
v 8.272033 22.490314 -7.935235
v 9.055796 23.068691 -7.813496
v 8.423538 22.989761 -8.351454
v 7.941689 23.406652 -7.813496
v 4.802994 27.213112 -7.935236
v 9.398001 22.642248 -7.902912
v 8.827067 22.755814 -8.500000
v 8.256134 22.869379 -7.902912
v 6.957094 26.709539 -8.500000
v 9.474426 23.026478 -7.813496
v 7.369973 27.212633 -8.351454
v 8.332561 23.253611 -7.813496
v 8.954038 23.394135 -8.351454
v 9.535723 23.334608 -7.562957
v 6.363961 27.363960 -8.500000
v 8.393856 23.561739 -7.562956
v 9.055859 23.906027 -7.935235
v 9.569733 23.505608 -7.200916
v 6.824164 27.824163 -8.351454
v 8.427866 23.732738 -7.200916
v 9.112366 24.190105 -7.333781
v 9.569733 23.505608 -6.799084
v 4.242570 28.937292 -8.500000
v 8.427866 23.732738 -6.799084
v 9.112366 24.190105 -6.666218
v 9.535722 23.334610 -6.437044
v 4.816547 29.244089 -8.351454
v 8.393855 23.561739 -6.437042
v 9.055859 23.906025 -6.064765
v 9.474426 23.026482 -6.186505
v 5.903759 26.903757 -8.351454
v 8.332561 23.253613 -6.186505
v 8.954038 23.394135 -5.648547
v 9.398002 22.642248 -6.097088
v 5.534704 26.534702 -7.935235
v 8.256133 22.869379 -6.097088
v 8.827067 22.755814 -5.500000
v 9.321574 22.258015 -6.186505
v 7.483226 26.000132 -8.500000
v 8.179708 22.485146 -6.186505
v 8.700097 22.117493 -5.648547
v 9.260280 21.949888 -6.437042
v 7.844805 26.541273 -8.351454
v 8.118413 22.177017 -6.437044
v 8.598276 21.605602 -6.064765
v 9.226269 21.778889 -6.799084
v 6.544215 26.206446 -8.351454
v 8.084402 22.006020 -6.799084
v 8.541769 21.321522 -6.666219
v 9.226269 21.778889 -7.200916
v 6.213112 25.802994 -7.935234
v 8.084402 22.006020 -7.200916
v 8.541769 21.321522 -7.333781
v 9.260279 21.949888 -7.562956
v 4.458990 28.121647 -8.351454
v 8.118412 22.177019 -7.562957
v 8.598276 21.605600 -7.935236
v 9.321574 22.258017 -7.813496
v 8.700097 22.117493 -8.351454
v 8.179708 22.485149 -7.813496
v 4.025029 27.831684 -7.935235
v 9.535979 21.825094 -7.902912
v 8.956662 21.882154 -8.500000
v 8.377345 21.939215 -7.902912
v 7.121647 25.458990 -8.351454
v 9.574375 22.214970 -7.813496
v 6.831682 25.025028 -7.935235
v 8.415749 22.329084 -7.813496
v 9.020453 22.529846 -8.351454
v 9.605172 22.527624 -7.562956
v 8.314916 24.444151 -8.500000
v 8.446537 22.641737 -7.562957
v 9.071611 23.049255 -7.935234
v 9.622258 22.701132 -7.200919
v 8.563976 25.045435 -8.351454
v 8.463629 22.815247 -7.200919
v 9.100002 23.337505 -7.333783
v 9.622258 22.701132 -6.799081
v 2.612562 29.612463 -8.500000
v 8.463629 22.815247 -6.799081
v 9.100002 23.337505 -6.666218
v 9.605172 22.527624 -6.437045
v 3.235363 29.801388 -8.351454
v 8.446538 22.641739 -6.437043
v 9.071611 23.049255 -6.064766
v 9.574376 22.214968 -6.186505
v 7.630494 24.668594 -8.351454
v 8.415749 22.329086 -6.186505
v 9.020454 22.529846 -5.648546
v 9.535979 21.825096 -6.097088
v 7.384461 24.208300 -7.935235
v 8.377345 21.939213 -6.097088
v 8.956662 21.882154 -5.500000
v 9.497576 21.435223 -6.186505
v 7.937291 25.242571 -8.500000
v 8.338948 21.549341 -6.186505
v 8.892870 21.234463 -5.648547
v 9.466786 21.122570 -6.437043
v 8.244088 25.816547 -8.351454
v 8.308152 21.236685 -6.437045
v 8.841713 20.715054 -6.064767
v 9.449696 20.949062 -6.799081
v 8.827067 22.755814 -8.500000
v 8.291066 21.063177 -6.799081
v 8.813322 20.426804 -6.666217
v 9.449696 20.949062 -7.200919
v 8.954038 23.394135 -8.351454
v 8.291066 21.063177 -7.200919
v 8.813322 20.426804 -7.333783
v 9.466787 21.122572 -7.562957
v 8.423538 22.989761 -8.351454
v 8.308152 21.236685 -7.562956
v 8.841713 20.715054 -7.935234
v 9.497576 21.435225 -7.813496
v 8.892871 21.234463 -8.351454
v 8.338949 21.549339 -7.813496
v 8.272033 22.490314 -7.935235
v 9.582119 21.000000 -7.902912
v 9.000000 21.000000 -8.500000
v 8.417881 21.000000 -7.902912
v 8.956662 21.882154 -8.500000
v 9.582119 21.391758 -7.813496
v 9.020453 22.529846 -8.351454
v 8.417881 21.391758 -7.813496
v 9.000000 21.650826 -8.351454
v 9.582119 21.705925 -7.562955
v 8.065855 23.842867 -8.351454
v 8.417881 21.705925 -7.562955
v 9.000000 22.172747 -7.935235
v 9.582119 21.880274 -7.200913
v 7.866125 23.360674 -7.935235
v 8.417881 21.880274 -7.200913
v 9.000000 22.462391 -7.333781
v 9.582119 21.880274 -6.799087
v 9.000000 21.000000 -8.500000
v 8.417881 21.880274 -6.799087
v 9.000000 22.462391 -6.666219
v 9.582119 21.705925 -6.437043
v 9.000000 21.650826 -8.351454
v 8.417881 21.705925 -6.437043
v 9.000000 22.172747 -6.064765
v 9.582119 21.391760 -6.186505
v 8.612463 23.612562 -8.500000
v 8.417881 21.391760 -6.186505
v 9.000000 21.650826 -5.648547
v 9.582119 21.000000 -6.097088
v 8.801388 24.235363 -8.351454
v 8.417881 21.000000 -6.097088
v 9.000000 21.000000 -5.500000
v 9.582119 20.608240 -6.186505
v 9.000000 20.349174 -8.351454
v 8.417881 20.608240 -6.186505
v 9.000000 20.349174 -5.648547
v 9.582119 20.294075 -6.437043
v 9.000000 19.827253 -7.935235
v 8.417881 20.294075 -6.437043
v 9.000000 19.827253 -6.064765
v 9.582119 20.119726 -6.799087
v 8.892871 21.234463 -8.351454
v 8.417881 20.119726 -6.799087
v 9.000000 19.537609 -6.666219
v 9.582119 20.119726 -7.200913
v 8.841713 20.715054 -7.935234
v 8.417881 20.119726 -7.200913
v 9.000000 19.537609 -7.333781
v 9.582119 20.294075 -7.562955
v 8.700097 22.117493 -8.351454
v 8.417881 20.294075 -7.562955
v 9.000000 19.827253 -7.935235
v 9.582119 20.608242 -7.813496
v 9.000000 20.349174 -8.351454
v 8.417881 20.608242 -7.813496
v 8.598276 21.605600 -7.935236
v -1.917882 5.200000 -7.417882
v -2.500000 5.782118 -7.417882
v -1.917882 5.782118 -8.000000
v -1.917882 6.800000 -7.417882
v -1.917882 6.217882 -8.000000
v -2.500000 6.217882 -7.417882
v 3.917882 5.200000 7.417882
v 4.500000 5.782118 7.417882
v 3.917882 5.782118 8.000000
v 3.917882 6.800000 7.417882
v 3.917882 6.217882 8.000000
v 4.500000 6.217882 7.417882
v 3.917882 5.200000 -7.417882
v 3.917882 5.782118 -8.000000
v 4.500000 5.782118 -7.417882
v 3.917882 6.800000 -7.417882
v 4.500000 6.217882 -7.417882
v 3.917882 6.217882 -8.000000
v -1.917882 12.200000 7.417882
v -1.917882 12.782118 8.000000
v -2.500000 12.782118 7.417882
v -1.917882 13.217882 8.000000
v -1.917882 13.800000 7.417882
v -2.500000 13.217882 7.417882
v -1.917882 12.200000 -7.417882
v -2.500000 12.782118 -7.417882
v -1.917882 12.782118 -8.000000
v -1.917882 13.800000 -7.417882
v -1.917882 13.217882 -8.000000
v -2.500000 13.217882 -7.417882
v 3.917882 12.200000 7.417882
v 4.500000 12.782118 7.417882
v 3.917882 12.782118 8.000000
v 3.917882 13.800000 7.417882
v 3.917882 13.217882 8.000000
v 4.500000 13.217882 7.417882
v 3.917882 12.200000 -7.417882
v 3.917882 12.782118 -8.000000
v 4.500000 12.782118 -7.417882
v 3.917882 13.800000 -7.417882
v 4.500000 13.217882 -7.417882
v 3.917882 13.217882 -8.000000
v -1.917882 19.200001 7.417882
v -1.917882 19.782118 8.000000
v -2.500000 19.782118 7.417882
v -1.917882 20.217882 8.000000
v -1.917882 20.799999 7.417882
v -2.500000 20.217882 7.417882
v -1.917882 19.200001 -7.417882
v -2.500000 19.782118 -7.417882
v -1.917882 19.782118 -8.000000
v -1.917882 20.799999 -7.417882
v -1.917882 20.217882 -8.000000
v -2.500000 20.217882 -7.417882
v 3.917882 19.200001 7.417882
v 4.500000 19.782118 7.417882
v 3.917882 19.782118 8.000000
v 3.917882 20.799999 7.417882
v 3.917882 20.217882 8.000000
v 4.500000 20.217882 7.417882
v 3.917882 19.200001 -7.417882
v 3.917882 19.782118 -8.000000
v 4.500000 19.782118 -7.417882
v 3.917882 20.799999 -7.417882
v 4.500000 20.217882 -7.417882
v 3.917882 20.217882 -8.000000
v 9.321574 22.258017 -7.813496
v 8.179708 22.485149 -7.813496
v 9.574376 22.214968 -6.186505
v 9.000000 22.462391 -7.333781
v 8.417881 21.880274 -7.200913
v 9.020454 22.529846 -5.648546
v 8.415749 22.329086 -6.186505
v 9.535979 21.825096 -6.097088
v 3.917882 13.800000 7.417882
v -1.917882 13.800000 7.417882
v -1.917882 13.217882 8.000000
v 3.917882 13.217882 8.000000
v 8.956662 21.882154 -5.500000
v 8.377345 21.939213 -6.097088
v 8.417881 21.000000 -7.902912
v 9.497576 21.435223 -6.186505
v 9.582119 21.880274 -7.200913
v 8.892870 21.234463 -5.648547
v 8.338948 21.549341 -6.186505
v -1.917882 20.799999 7.417882
v -1.917882 20.799999 -7.417882
v -2.500000 20.217882 -7.417882
v 9.466786 21.122570 -6.437043
v 4.500000 5.782118 7.417882
v 8.841713 20.715054 -6.064767
v 8.308152 21.236685 -6.437045
v -1.917882 20.217882 -8.000000
v -1.917882 19.782118 -8.000000
v -2.500000 19.782118 -7.417882
v 9.449696 20.949062 -6.799081
v 8.813322 20.426804 -6.666217
v 8.291066 21.063177 -6.799081
v 9.582119 21.000000 -7.902912
v 9.449696 20.949062 -7.200919
v 8.813322 20.426804 -7.333783
v 8.291066 21.063177 -7.200919
v -1.917882 12.200000 -7.417882
v -2.500000 12.782118 7.417882
v -2.500000 12.782118 -7.417882
v 9.466787 21.122572 -7.562957
v -1.917882 19.200001 -7.417882
v -1.917882 19.200001 7.417882
v 8.308152 21.236685 -7.562956
v -2.500000 13.217882 7.417882
v 9.497576 21.435225 -7.813496
v 8.338949 21.549339 -7.813496
v 3.917882 5.200000 -7.417882
v 4.500000 5.782118 -7.417882
v 9.582119 21.391760 -6.186505
v 4.500000 12.782118 7.417882
v 4.500000 13.217882 7.417882
v 9.000000 21.650826 -5.648547
v 8.417881 21.391760 -6.186505
v 3.917882 5.782118 -8.000000
v 3.917882 6.217882 -8.000000
v 9.582119 21.000000 -6.097088
v 3.917882 13.800000 -7.417882
v 4.500000 13.217882 -7.417882
v 9.000000 21.000000 -5.500000
v 8.417881 21.000000 -6.097088
v -1.917882 6.800000 -7.417882
v -1.917882 6.217882 -8.000000
v 9.582119 20.608240 -6.186505
v 3.917882 12.200000 -7.417882
v 4.500000 12.782118 -7.417882
v 9.000000 20.349174 -5.648547
v 8.417881 20.608240 -6.186505
v -1.917882 5.200000 -7.417882
v -1.917882 5.782118 -8.000000
v 9.582119 20.294075 -6.437043
v 3.917882 12.782118 -8.000000
v 3.917882 13.217882 -8.000000
v 9.000000 19.827253 -6.064765
v 8.417881 20.294075 -6.437043
v -2.500000 5.782118 -7.417882
v -2.500000 6.217882 -7.417882
v 9.582119 20.119726 -6.799087
v -1.917882 13.800000 -7.417882
v -1.917882 13.217882 -8.000000
v 9.000000 19.537609 -6.666219
v 8.417881 20.119726 -6.799087
v -2.500000 6.217882 7.417882
v 9.582119 20.119726 -7.200913
v -1.917882 12.782118 -8.000000
v 9.000000 19.537609 -7.333781
v 8.417881 20.119726 -7.200913
v -2.500000 5.782118 7.417882
v 9.582119 20.294075 -7.562955
v -2.500000 13.217882 -7.417882
v 8.417881 20.294075 -7.562955
v 9.582119 20.608242 -7.813496
v 8.417881 20.608242 -7.813496
v 3.917882 19.200001 -7.417882
v 3.917882 19.782118 -8.000000
v 3.917882 20.799999 -7.417882
v 3.917882 20.217882 -8.000000
v 4.500000 20.217882 -7.417882
v 4.500000 19.782118 -7.417882
v 3.917882 19.200001 7.417882
v 4.500000 19.782118 7.417882
v 3.917882 20.799999 7.417882
v 4.500000 20.217882 7.417882
v 3.917882 20.217882 8.000000
v 3.917882 19.782118 8.000000
vn -0.4606 -0.4606 0.7588
vn 0.4606 -0.4606 0.7588
vn 0.4606 -0.7588 0.4606
vn -0.4606 -0.7588 0.4606
vn -0.8087 -0.3956 -0.4352
vn 1.0000 -0.0000 -0.0000
vn 0.9808 -0.1951 -0.0000
vn -0.8350 -0.5278 -0.1553
vn 0.7126 -0.0702 -0.6981
vn -0.8350 -0.5278 0.1553
vn -0.8087 -0.3956 0.4352
vn -0.7160 0.5458 0.4352
vn -0.7160 0.6806 0.1553
vn -0.7614 -0.1574 0.6289
vn 0.9952 -0.0980 -0.0000
vn -0.9952 0.0980 -0.0000
vn -0.7023 0.1397 0.6981
vn 0.7588 0.4606 -0.4606
vn 0.7588 0.4606 0.4606
vn 0.4606 0.7588 -0.4606
vn -0.6432 0.4368 0.6289
vn -0.6459 0.7475 -0.1553
vn -0.9569 0.2903 -0.0000
vn 0.5973 -0.4977 -0.6289
vn -0.7588 -0.4606 0.4606
vn -0.7588 0.4606 0.4606
vn -0.4606 0.4606 0.7588
vn -0.8436 -0.3144 -0.4352
vn 0.9569 -0.2903 -0.0000
vn -0.8828 -0.4434 -0.1553
vn 0.7023 -0.1397 -0.6981
vn -0.8828 -0.4434 0.1553
vn -0.8436 -0.3144 0.4352
vn -0.6591 0.6133 0.4352
vn -0.6459 0.7475 0.1553
vn -0.7731 -0.0820 0.6289
vn -0.9808 0.1951 -0.0000
vn -0.6852 0.2079 0.6981
vn 0.4606 0.4606 0.7588
vn -0.4606 0.7588 0.4606
vn 0.4606 0.7588 0.4606
vn -0.5973 0.4977 0.6289
vn -0.5695 0.8072 -0.1553
vn -0.9239 0.3827 -0.0000
vn 0.5456 -0.5538 -0.6289
vn -0.8704 -0.2302 -0.4352
vn 0.9239 -0.3827 -0.0000
vn -0.9220 -0.3548 -0.1553
vn 0.6852 -0.2079 -0.6981
vn -0.9220 -0.3548 0.1553
vn -0.8704 -0.2302 0.4352
vn -0.5958 0.6750 0.4352
vn -0.5695 0.8072 0.1553
vn -0.7774 -0.0058 0.6289
vn -0.6615 0.2740 0.6981
vn -0.7160 0.5458 -0.4352
vn -0.7160 0.3029 -0.6289
vn -0.5456 0.5538 0.6289
vn -0.4876 0.8591 -0.1553
vn -0.8819 0.4714 -0.0000
vn 0.4887 -0.6047 -0.6289
vn -0.8888 -0.1438 -0.4352
vn 0.8819 -0.4714 -0.0000
vn -0.9523 -0.2627 -0.1553
vn 0.6615 -0.2740 -0.6981
vn -0.9523 -0.2627 0.1553
vn -0.8888 -0.1438 0.4352
vn -0.5268 0.7301 0.4352
vn -0.4876 0.8591 0.1553
vn -0.7743 0.0704 0.6289
vn -0.6315 0.3375 0.6981
vn -0.6591 0.6133 -0.4352
vn -0.6829 0.3716 -0.6289
vn -0.4887 0.6047 0.6289
vn -0.4011 0.9028 -0.1553
vn -0.8315 0.5556 -0.0000
vn 0.4271 -0.6496 -0.6289
vn -0.8986 -0.0560 -0.4352
vn 0.8315 -0.5555 -0.0000
vn -0.9735 -0.1681 -0.1553
vn 0.8315 -0.5556 -0.0000
vn 0.6315 -0.3375 -0.6981
vn -0.9735 -0.1681 0.1553
vn -0.8986 -0.0560 0.4352
vn -0.4527 0.7782 0.4352
vn -0.4011 0.9028 0.1553
vn -0.7636 0.1460 0.6289
vn -0.5954 0.3978 0.6981
vn -0.5958 0.6750 -0.4352
vn -0.6432 0.4368 -0.6289
vn -0.4271 0.6496 0.6289
vn -0.3107 0.9377 -0.1553
vn -0.7730 0.6344 -0.0000
vn 0.3613 -0.6884 -0.6289
vn -0.8997 0.0323 -0.4352
vn 0.7730 -0.6344 -0.0000
vn -0.9852 -0.0718 -0.1553
vn 0.5954 -0.3978 -0.6981
vn -0.9852 -0.0718 0.1553
vn -0.8997 0.0324 0.4352
vn -0.3742 0.8189 0.4352
vn -0.3107 0.9377 0.1553
vn -0.7456 0.2201 0.6289
vn -0.5535 0.4542 0.6981
vn -0.5268 0.7301 -0.4352
vn -0.5973 0.4977 -0.6289
vn -0.3614 0.6884 0.6289
vn -0.3613 0.6884 0.6289
vn -0.2172 0.9637 -0.1553
vn -0.7071 0.7071 -0.0000
vn 0.2921 -0.7205 -0.6289
vn -0.8922 0.1204 -0.4352
vn 0.7071 -0.7071 -0.0000
vn -0.9875 0.0251 -0.1553
vn 0.5535 -0.4542 -0.6981
vn -0.9875 0.0251 0.1553
vn -0.8922 0.1204 0.4352
vn -0.2921 0.8516 0.4352
vn -0.2172 0.9637 0.1553
vn -0.2173 0.9637 0.1553
vn -0.7205 0.2921 0.6289
vn -0.5063 0.5063 0.6981
vn -0.4527 0.7782 -0.4352
vn -0.5456 0.5538 -0.6289
vn -0.2921 0.7205 0.6289
vn -0.1218 0.9803 -0.1553
vn -0.1217 0.9803 -0.1553
vn -0.6344 0.7730 -0.0000
vn 0.2201 -0.7456 -0.6289
vn -0.8761 0.2073 -0.4352
vn 0.6344 -0.7730 -0.0000
vn -0.9803 0.1217 -0.1553
vn 0.5063 -0.5063 -0.6981
vn -0.9803 0.1217 0.1553
vn -0.8761 0.2073 0.4352
vn -0.2073 0.8761 0.4352
vn -0.1217 0.9803 0.1553
vn -0.6884 0.3613 0.6289
vn -0.4542 0.5535 0.6981
vn -0.3742 0.8189 -0.4352
vn -0.4887 0.6047 -0.6289
vn -0.2201 0.7456 0.6289
vn -0.0251 0.9875 -0.1553
vn -0.5556 0.8315 -0.0000
vn 0.1460 -0.7636 -0.6289
vn -0.8516 0.2921 -0.4352
vn 0.5555 -0.8315 -0.0000
vn -0.9637 0.2172 -0.1553
vn 0.5556 -0.8315 -0.0000
vn 0.4542 -0.5535 -0.6981
vn -0.9637 0.2172 0.1553
vn -0.8516 0.2921 0.4352
vn 0.7072 -0.7071 -0.0000
vn -0.1204 0.8922 0.4352
vn -0.0251 0.9875 0.1553
vn -0.6496 0.4271 0.6289
vn -0.3978 0.5954 0.6981
vn -0.2921 0.8516 -0.4352
vn -0.4271 0.6496 -0.6289
vn -0.1460 0.7636 0.6289
vn 0.0719 0.9852 -0.1553
vn 0.0718 0.9852 -0.1553
vn -0.4714 0.8819 -0.0000
vn 0.0704 -0.7743 -0.6289
vn -0.8189 0.3742 -0.4352
vn 0.4714 -0.8819 -0.0000
vn -0.9377 0.3107 -0.1553
vn 0.3978 -0.5954 -0.6981
vn -0.9377 0.3107 0.1553
vn -0.8189 0.3742 0.4352
vn -0.0324 0.8997 0.4352
vn 0.0718 0.9852 0.1553
vn -0.0323 0.8997 0.4352
vn -0.6047 0.4887 0.6289
vn -0.6046 0.4887 0.6289
vn -0.3375 0.6315 0.6981
vn -0.2073 0.8761 -0.4352
vn -0.3613 0.6884 -0.6289
vn -0.0704 0.7743 0.6289
vn 0.1681 0.9735 -0.1553
vn -0.3827 0.9239 -0.0000
vn -0.0058 -0.7774 -0.6289
vn -0.7782 0.4527 -0.4352
vn 0.3827 -0.9239 -0.0000
vn -0.9028 0.4011 -0.1553
vn 0.3375 -0.6315 -0.6981
vn -0.9028 0.4011 0.1553
vn -0.7782 0.4527 0.4352
vn 0.0560 0.8986 0.4352
vn 0.1681 0.9735 0.1553
vn -0.5538 0.5456 0.6289
vn 0.3827 -0.9239 -0.0001
vn -0.2740 0.6615 0.6981
vn -0.1204 0.8922 -0.4352
vn -0.2921 0.7205 -0.6289
vn 0.0058 0.7774 0.6289
vn 0.2627 0.9523 -0.1553
vn -0.2903 0.9569 -0.0000
vn -0.0820 -0.7731 -0.6289
vn -0.7301 0.5268 -0.4352
vn 0.2903 -0.9569 -0.0000
vn -0.8591 0.4876 -0.1553
vn 0.2740 -0.6615 -0.6981
vn -0.8591 0.4876 0.1553
vn -0.7301 0.5268 0.4352
vn 0.1438 0.8888 0.4352
vn 0.2627 0.9523 0.1553
vn -0.4977 0.5973 0.6289
vn -0.2079 0.6852 0.6981
vn -0.0323 0.8997 -0.4352
vn -0.2201 0.7456 -0.6289
vn -0.0324 0.8997 -0.4352
vn 0.0820 0.7731 0.6289
vn -0.1951 0.9808 -0.0000
vn -0.1574 -0.7614 -0.6289
vn -0.6750 0.5958 -0.4352
vn 0.1951 -0.9808 -0.0000
vn -0.8072 0.5695 -0.1553
vn 0.2079 -0.6852 -0.6981
vn -0.8072 0.5695 0.1553
vn -0.6750 0.5958 0.4352
vn 0.3826 -0.9239 -0.0000
vn 0.2302 0.8704 0.4352
vn 0.3548 0.9220 0.1553
vn -0.4367 0.6432 0.6289
vn -0.4368 0.6432 0.6289
vn -0.1397 0.7023 0.6981
vn 0.0560 0.8986 -0.4352
vn -0.1460 0.7636 -0.6289
vn 0.1574 0.7614 0.6289
vn -0.0980 0.9952 -0.0000
vn -0.2312 -0.7423 -0.6289
vn -0.6133 0.6591 -0.4352
vn 0.4434 0.8828 -0.1553
vn 0.0980 -0.9952 -0.0000
vn -0.7475 0.6459 -0.1553
vn 0.1397 -0.7023 -0.6981
vn -0.7475 0.6459 0.1553
vn 0.0981 -0.9952 -0.0000
vn -0.6133 0.6591 0.4352
vn 0.2902 -0.9570 -0.0000
vn 0.3144 0.8436 0.4352
vn 0.4434 0.8828 0.1553
vn -0.3716 0.6829 0.6289
vn -0.0702 0.7126 0.6981
vn 0.1438 0.8888 -0.4352
vn -0.0704 0.7743 -0.6289
vn 0.2312 0.7423 0.6289
vn 0.5278 0.8350 -0.1553
vn -0.0000 1.0000 -0.0000
vn -0.3029 -0.7160 -0.6289
vn -0.5458 0.7160 -0.4352
vn -0.0000 -1.0000 -0.0000
vn -0.6806 0.7160 -0.1553
vn 0.0702 -0.7126 -0.6981
vn -0.6806 0.7160 0.1553
vn -0.5458 0.7160 0.4352
vn 0.3548 0.9220 -0.1553
vn 0.3956 0.8087 0.4352
vn 0.5278 0.8350 0.1553
vn -0.3029 0.7160 0.6289
vn -0.0000 0.7160 0.6981
vn 0.2302 0.8704 -0.4352
vn 0.0058 0.7774 -0.6289
vn 0.3029 0.7160 0.6289
vn 0.6071 0.7793 -0.1553
vn -0.3029 0.7160 -0.6289
vn -0.5458 -0.7160 -0.4352
vn -0.6806 -0.7160 -0.1553
vn -0.0000 -0.7160 -0.6981
vn -0.6806 -0.7160 0.1553
vn -0.5458 -0.7160 0.4352
vn 0.4730 0.7661 0.4352
vn 0.6071 0.7793 0.1553
vn -0.3029 -0.7160 0.6289
vn 0.3144 0.8436 -0.4352
vn 0.0820 0.7731 -0.6289
vn -0.0000 -0.7160 0.6981
vn 0.6806 0.7160 -0.1553
vn 0.3029 -0.7160 0.6289
vn -1.0000 -0.0000 -0.0000
vn 0.7160 -0.3029 -0.6289
vn -0.7160 -0.5458 -0.4352
vn -0.7160 -0.6806 -0.1553
vn -0.7160 -0.6806 0.1553
vn -0.7160 -0.5458 0.4352
vn 0.5458 0.7160 0.4352
vn 0.6806 0.7160 0.1553
vn -0.7160 -0.3029 0.6289
vn 0.6806 -0.7160 -0.1553
vn -0.0000 0.7160 -0.6981
vn -0.7160 -0.0000 0.6981
vn 0.3956 0.8087 -0.4352
vn 0.1574 0.7614 -0.6289
vn -0.7160 0.3029 0.6289
vn 0.6829 -0.3716 -0.6289
vn -0.7661 -0.4730 -0.4352
vn 0.6806 -0.7160 0.1553
vn 0.5458 -0.7160 0.4352
vn -0.7793 -0.6071 -0.1553
vn 0.7160 -0.0000 -0.6981
vn -0.7793 -0.6071 0.1553
vn -0.7661 -0.4730 0.4352
vn 0.3029 -0.7160 -0.6289
vn 0.5458 -0.7160 -0.4352
vn -0.7423 -0.2312 0.6289
vn -0.7126 0.0702 0.6981
vn 0.4730 0.7661 -0.4352
vn 0.2312 0.7423 -0.6289
vn -0.6829 0.3716 0.6289
vn -0.7160 0.6806 -0.1553
vn -0.9808 0.1951 -0.0001
vn 0.6432 -0.4368 -0.6289
vn 0.5458 0.7160 -0.4352
vn 0.3029 0.7160 -0.6289
vn 0.9808 -0.1951 0.0001
vn -0.8997 0.0324 -0.4352
vn -0.2173 0.9637 -0.1553
vn -0.0000 -0.0000 1.0000
vn -0.0000 -0.0000 -1.0000
vn 0.4339 -0.0000 -0.9010
vn 0.7818 -0.0000 -0.6235
vn 0.9749 -0.0000 -0.2225
vn 0.9749 -0.0000 0.2225
vn 0.7818 -0.0000 0.6235
vn 0.4339 -0.0000 0.9010
vn -0.4339 -0.0000 0.9010
vn -0.7818 -0.0000 0.6235
vn -0.9749 -0.0000 0.2225
vn -0.9749 -0.0000 -0.2225
vn -0.7818 -0.0000 -0.6235
vn -0.4339 -0.0000 -0.9010
vn 0.0980 -0.9952 0.0001
vn -0.0702 0.7126 -0.6981
vn 0.3716 -0.6829 -0.6289
vn 0.6133 -0.6591 -0.4352
vn 0.7475 -0.6459 -0.1553
vn 0.7475 -0.6459 0.1553
vn 0.6133 -0.6591 0.4352
vn 0.3716 -0.6829 0.6289
vn 0.0702 -0.7126 0.6981
vn -0.2312 -0.7423 0.6289
vn -0.4730 -0.7661 0.4352
vn -0.6071 -0.7793 0.1553
vn -0.6071 -0.7793 -0.1553
vn -0.4730 -0.7661 -0.4352
vn -0.0981 0.9952 -0.0000
vn -0.3716 0.6829 -0.6289
vn 0.1951 -0.9808 -0.0001
vn -0.1397 0.7023 -0.6981
vn 0.4368 -0.6432 -0.6289
vn 0.6750 -0.5958 -0.4352
vn 0.8072 -0.5695 -0.1553
vn 0.8072 -0.5695 0.1553
vn 0.6750 -0.5958 0.4352
vn 0.4368 -0.6432 0.6289
vn 0.1397 -0.7023 0.6981
vn -0.1951 0.9808 0.0001
vn -0.1574 -0.7614 0.6289
vn -0.3956 -0.8087 0.4352
vn -0.5278 -0.8350 0.1553
vn -0.5278 -0.8350 -0.1553
vn -0.3956 -0.8087 -0.4352
vn -0.4368 0.6432 -0.6289
vn -0.4367 0.6432 -0.6289
vn -0.2079 0.6852 -0.6981
vn 0.0719 0.9852 0.1553
vn 0.4977 -0.5973 -0.6289
vn 0.7301 -0.5268 -0.4352
vn 0.8591 -0.4876 -0.1553
vn -0.2902 0.9570 -0.0000
vn 0.8591 -0.4876 0.1553
vn 0.7301 -0.5268 0.4352
vn 0.4977 -0.5973 0.6289
vn 0.2078 -0.6852 0.6981
vn 0.2079 -0.6852 0.6981
vn -0.0820 -0.7731 0.6289
vn -0.3144 -0.8436 0.4352
vn -0.2902 0.9570 -0.0001
vn -0.4434 -0.8828 0.1553
vn -0.4434 -0.8828 -0.1553
vn -0.3614 0.6884 -0.6289
vn -0.3144 -0.8436 -0.4352
vn -0.4977 0.5973 -0.6289
vn -0.2740 0.6615 -0.6981
vn 0.5538 -0.5456 -0.6289
vn 0.7782 -0.4527 -0.4352
vn 0.9028 -0.4011 -0.1553
vn 0.9028 -0.4011 0.1553
vn 0.7782 -0.4527 0.4352
vn -0.3827 0.9239 -0.0001
vn -0.3826 0.9239 -0.0000
vn 0.5538 -0.5456 0.6289
vn 0.2740 -0.6615 0.6981
vn -0.0058 -0.7774 0.6289
vn -0.2302 -0.8704 0.4352
vn -0.3548 -0.9220 0.1553
vn -0.3548 -0.9220 -0.1553
vn -0.2302 -0.8704 -0.4352
vn -0.5538 0.5456 -0.6289
vn -0.3375 0.6315 -0.6981
vn 0.6047 -0.4887 -0.6289
vn 0.8189 -0.3742 -0.4352
vn 0.9377 -0.3107 -0.1553
vn 0.9377 -0.3107 0.1553
vn 0.8189 -0.3742 0.4352
vn 0.6047 -0.4887 0.6289
vn 0.3375 -0.6315 0.6981
vn 0.0704 -0.7743 0.6289
vn -0.1438 -0.8888 0.4352
vn -0.2627 -0.9523 0.1553
vn -0.2627 -0.9523 -0.1553
vn -0.1438 -0.8888 -0.4352
vn -0.6047 0.4887 -0.6289
vn -0.3978 0.5954 -0.6981
vn 0.6496 -0.4271 -0.6289
vn -0.5556 0.8315 0.0001
vn 0.8516 -0.2921 -0.4352
vn 0.9637 -0.2172 -0.1553
vn 0.9637 -0.2172 0.1553
vn 0.8516 -0.2921 0.4352
vn -0.5555 0.8315 -0.0000
vn 0.6496 -0.4271 0.6289
vn 0.3978 -0.5954 0.6981
vn 0.1460 -0.7636 0.6289
vn -0.0560 -0.8986 0.4352
vn -0.1681 -0.9735 0.1553
vn -0.1681 -0.9735 -0.1553
vn -0.0560 -0.8986 -0.4352
vn -0.6496 0.4271 -0.6289
vn -0.4542 0.5535 -0.6981
vn 0.3827 -0.9239 0.0001
vn 0.6884 -0.3613 -0.6289
vn 0.8761 -0.2073 -0.4352
vn 0.9803 -0.1217 -0.1553
vn 0.9803 -0.1217 0.1553
vn 0.8761 -0.2073 0.4352
vn 0.6884 -0.3613 0.6289
vn 0.4542 -0.5535 0.6981
vn 0.2201 -0.7456 0.6289
vn 0.0324 -0.8997 0.4352
vn -0.0718 -0.9852 0.1553
vn -0.0718 -0.9852 -0.1553
vn 0.0324 -0.8997 -0.4352
vn -0.6884 0.3613 -0.6289
vn -0.5063 0.5063 -0.6981
vn 0.7205 -0.2921 -0.6289
vn 0.8922 -0.1204 -0.4352
vn 0.9875 -0.0251 -0.1553
vn 0.9875 -0.0251 0.1553
vn 0.8922 -0.1204 0.4352
vn 0.7205 -0.2921 0.6289
vn 0.5063 -0.5063 0.6981
vn 0.2921 -0.7205 0.6289
vn 0.1204 -0.8922 0.4352
vn 0.0251 -0.9875 0.1553
vn 0.0251 -0.9875 -0.1553
vn 0.1204 -0.8922 -0.4352
vn -0.7205 0.2921 -0.6289
vn -0.5535 0.4542 -0.6981
vn -0.2078 0.6852 0.6981
vn 0.7456 -0.2201 -0.6289
vn 0.8997 -0.0324 -0.4352
vn 0.9852 0.0718 -0.1553
vn 0.9852 0.0718 0.1553
vn 0.8997 -0.0324 0.4352
vn 0.7456 -0.2201 0.6289
vn 0.5535 -0.4542 0.6981
vn 0.3613 -0.6884 0.6289
vn 0.2073 -0.8761 0.4352
vn 0.1217 -0.9803 0.1553
vn 0.2903 -0.9569 0.0001
vn 0.1218 -0.9803 -0.1553
vn 0.1217 -0.9803 -0.1553
vn 0.2073 -0.8761 -0.4352
vn -0.7456 0.2201 -0.6289
vn -0.5954 0.3978 -0.6981
vn 0.7636 -0.1460 -0.6289
vn 0.8986 0.0560 -0.4352
vn 0.9735 0.1681 -0.1553
vn 0.9735 0.1681 0.1553
vn 0.8986 0.0560 0.4352
vn 0.7636 -0.1460 0.6289
vn 0.5954 -0.3978 0.6981
vn 0.4271 -0.6496 0.6289
vn 0.2921 -0.8516 0.4352
vn -0.8315 0.5555 -0.0000
vn 0.2172 -0.9637 0.1553
vn 0.2173 -0.9637 0.1553
vn 0.2172 -0.9637 -0.1553
vn 0.2173 -0.9637 -0.1553
vn 0.2921 -0.8516 -0.4352
vn -0.7636 0.1460 -0.6289
vn -0.6315 0.3375 -0.6981
vn 0.7743 -0.0704 -0.6289
vn 0.8888 0.1438 -0.4352
vn 0.9523 0.2627 -0.1553
vn 0.9523 0.2627 0.1553
vn 0.8888 0.1438 0.4352
vn 0.7743 -0.0704 0.6289
vn 0.6315 -0.3375 0.6981
vn 0.4887 -0.6047 0.6289
vn 0.3742 -0.8189 0.4352
vn 0.3107 -0.9377 0.1553
vn 0.3107 -0.9377 -0.1553
vn 0.3742 -0.8189 -0.4352
vn -0.7743 0.0704 -0.6289
vn -0.6615 0.2740 -0.6981
vn 0.7774 0.0058 -0.6289
vn 0.8704 0.2302 -0.4352
vn 0.9220 0.3548 -0.1553
vn 0.9220 0.3548 0.1553
vn 0.8704 0.2302 0.4352
vn 0.7774 0.0058 0.6289
vn 0.6615 -0.2740 0.6981
vn 0.5456 -0.5538 0.6289
vn 0.4527 -0.7782 0.4352
vn 0.4011 -0.9028 0.1553
vn 0.4011 -0.9028 -0.1553
vn 0.4527 -0.7782 -0.4352
vn -0.7774 -0.0058 -0.6289
vn -0.6852 0.2078 -0.6981
vn 0.7731 0.0820 -0.6289
vn 0.8436 0.3144 -0.4352
vn 0.8828 0.4434 -0.1553
vn 0.8828 0.4434 0.1553
vn 0.8436 0.3144 0.4352
vn 0.7731 0.0820 0.6289
vn 0.6852 -0.2079 0.6981
vn 0.5973 -0.4977 0.6289
vn 0.5268 -0.7301 0.4352
vn 0.4876 -0.8591 0.1553
vn 0.4876 -0.8591 -0.1553
vn 0.5268 -0.7301 -0.4352
vn -0.7731 -0.0820 -0.6289
vn -0.7023 0.1397 -0.6981
vn 0.7614 0.1574 -0.6289
vn 0.8087 0.3956 -0.4352
vn 0.8350 0.5278 -0.1553
vn 0.8350 0.5278 0.1553
vn 0.8087 0.3956 0.4352
vn 0.7614 0.1574 0.6289
vn 0.7023 -0.1397 0.6981
vn 0.6432 -0.4368 0.6289
vn 0.5958 -0.6750 0.4352
vn 0.5695 -0.8072 0.1553
vn 0.5695 -0.8072 -0.1553
vn 0.5958 -0.6750 -0.4352
vn -0.7614 -0.1574 -0.6289
vn -0.7126 0.0702 -0.6981
vn 0.7423 0.2312 -0.6289
vn 0.7661 0.4730 -0.4352
vn 0.7793 0.6071 -0.1553
vn 0.7793 0.6071 0.1553
vn 0.7661 0.4730 0.4352
vn 0.7423 0.2312 0.6289
vn 0.7126 -0.0702 0.6981
vn 0.6829 -0.3716 0.6289
vn 0.6591 -0.6133 0.4352
vn 0.6459 -0.7475 0.1553
vn 0.6459 -0.7475 -0.1553
vn 0.6591 -0.6133 -0.4352
vn -0.7423 -0.2312 -0.6289
vn -0.7160 -0.0000 -0.6981
vn 0.7160 0.3029 -0.6289
vn 0.7160 0.5458 -0.4352
vn 0.7160 0.6806 -0.1553
vn 0.7160 0.6806 0.1553
vn 0.7160 0.5458 0.4352
vn 0.7160 0.3029 0.6289
vn 0.7160 -0.0000 0.6981
vn 0.7160 -0.3029 0.6289
vn 0.7160 -0.5458 0.4352
vn 0.7160 -0.6806 0.1553
vn 0.7160 -0.6806 -0.1553
vn 0.7160 -0.5458 -0.4352
vn -0.7160 -0.3029 -0.6289
vn -0.0980 0.9952 0.0001
vn -0.0980 0.9952 -0.0001
vn 0.4367 -0.6432 -0.6289
vn -0.2078 0.6852 -0.6981
vn 0.6046 -0.4887 0.6289
vn -0.6046 0.4887 -0.6289
vn 0.2078 -0.6852 -0.6981
vn 0.3614 -0.6884 0.6289
vn 0.3614 -0.6884 -0.6289
vn -0.4887 0.6046 -0.6289
vn -0.6852 0.2079 -0.6981
vn -0.4606 0.7588 -0.4606
vn -0.7588 0.4606 -0.4606
vn 0.7588 -0.4606 0.4606
vn -0.4606 0.4606 -0.7588
vn -0.4606 -0.4606 -0.7588
vn -0.7588 -0.4606 -0.4606
vn -0.4606 -0.7588 -0.4606
vn 0.4606 -0.7588 -0.4606
vn 0.7588 -0.4606 -0.4606
vn 0.4606 -0.4606 -0.7588
vn 0.4606 0.4606 -0.7588
vt -0.400000 0.310894
vt -0.370894 0.340000
vt -0.370894 0.310894
vt -0.370894 0.260000
vt -0.370894 0.289106
vt -0.400000 0.289106
vt 0.370894 0.260000
vt 0.400000 0.289106
vt 0.370894 0.289106
vt 0.370894 0.340000
vt 0.400000 0.310894
vt 0.370894 0.310894
vt -0.370894 0.610000
vt -0.400000 0.639106
vt -0.370894 0.639106
vt -0.400000 0.660894
vt -0.370894 0.690000
vt -0.370894 0.660894
vt 0.370894 0.610000
vt 0.370894 0.639106
vt 0.400000 0.639106
vt 0.370894 0.690000
vt 0.400000 0.660894
vt 0.370894 0.660894
vt -0.095894 -0.370894
vt -0.095894 -0.400000
vt -0.125000 -0.370894
vt -0.095894 0.370894
vt -0.125000 0.370894
vt -0.095894 0.400000
vt 0.195894 -0.370894
vt 0.225000 -0.370894
vt 0.195894 -0.400000
vt 0.195894 0.370894
vt 0.195894 0.400000
vt 0.225000 0.370894
vt 0.073120 -0.366689
vt 0.035296 -0.378148
vt 0.058637 -0.396762
vt 0.032541 -0.282427
vt 0.000000 -0.304854
vt 0.000000 -0.275000
vt 0.202272 -0.282427
vt 0.193679 -0.321852
vt 0.226381 -0.303238
vt 0.019588 -0.309325
vt 0.058637 -0.303238
vt 0.019588 -0.309325
vt 0.035296 -0.321852
vt 0.035296 -0.378148
vt 0.044014 -0.360046
vt 0.073120 -0.333311
vt 0.035296 -0.321852
vt 0.044014 -0.339954
vt 0.119707 -0.282427
vt 0.116730 -0.321852
vt 0.145301 -0.303238
vt 0.102463 -0.303238
vt 0.060748 -0.309325
vt 0.076381 -0.321852
vt -0.333311 1.500000
vt -0.360046 1.529106
vt -0.366689 1.500000
vt 0.019588 -0.390675
vt 0.032541 -0.417573
vt 0.000000 -0.425000
vt 0.000000 -0.395146
vt -0.339954 1.470894
vt -0.019588 -0.390675
vt -0.032541 -0.417573
vt 0.076492 -0.282427
vt 0.082087 -0.321852
vt 0.066454 -0.309325
vt -0.035296 -0.378148
vt 0.116875 -0.366689
vt 0.076381 -0.378148
vt 0.102463 -0.396762
vt -0.035296 -0.378148
vt -0.058637 -0.396762
vt -0.073120 -0.366689
vt -0.044014 -0.360046
vt -0.073120 -0.333311
vt -0.044014 -0.339954
vt -0.366689 1.505000
vt -0.378148 1.472327
vt -0.360046 1.473181
vt -0.035296 -0.321852
vt -0.035296 -0.321852
vt -0.058637 -0.303238
vt -0.019588 -0.309325
vt 0.161768 -0.282427
vt 0.155956 -0.321852
vt 0.186741 -0.303238
vt -0.019588 -0.309325
vt -0.032541 -0.282427
vt 0.085057 -0.339954
vt 0.085057 -0.360046
vt 0.044108 -0.275000
vt -0.339954 1.473181
vt -0.333311 1.505000
vt 0.159505 -0.366689
vt 0.116730 -0.378148
vt 0.145301 -0.396762
vt 0.128087 -0.321852
vt 0.112681 -0.309325
vt 0.044108 1.497833
vt 0.066454 1.470787
vt 0.046961 1.468867
vt -0.360046 1.470894
vt 0.116875 -0.333311
vt -0.339954 1.529106
vt -0.366689 1.505618
vt -0.378148 1.469693
vt -0.360046 1.471393
vt -0.396762 1.497645
vt -0.360046 1.465547
vt -0.366689 1.501849
vt -0.321852 1.472327
vt -0.303238 1.503581
vt 0.076492 -0.417573
vt 0.082087 -0.378148
vt 0.159505 -0.333311
vt 0.125280 -0.360046
vt 0.060748 -0.390675
vt 0.066454 1.470787
vt 0.076492 1.501023
vt -0.303238 1.497645
vt -0.309325 1.458457
vt -0.282427 1.490069
vt 0.044108 -0.425000
vt 0.041255 -0.395146
vt 0.082112 -0.304854
vt 0.101324 -0.309325
vt 0.027467 -0.390675
vt 0.046961 -0.395146
vt -0.339954 1.471393
vt -0.333311 1.505618
vt 0.021761 1.524879
vt 0.011723 1.494644
vt -0.014247 -0.396762
vt 0.011723 -0.417573
vt 0.240827 -0.282427
vt 0.229537 -0.321852
vt 0.263842 -0.303238
vt 0.006129 -0.378148
vt -0.028660 -0.366689
vt 0.011834 -0.378148
vt -0.366689 1.490666
vt -0.378148 1.523339
vt -0.360046 1.522485
vt 0.119707 1.497702
vt 0.093469 1.462807
vt 0.087791 1.491353
vt -0.028660 -0.333311
vt 0.003159 -0.360046
vt 0.125280 -0.339954
vt -0.339954 1.522485
vt -0.333311 1.490666
vt 0.200599 -0.366689
vt 0.155956 -0.378148
vt 0.186741 -0.396762
vt 0.011834 -0.321852
vt 0.003159 -0.339954
vt -0.321852 1.523339
vt -0.303238 1.492086
vt -0.014247 -0.303238
vt 0.027467 -0.309325
vt -0.303238 1.502793
vt -0.321852 1.469693
vt 0.011723 -0.282427
vt 0.006129 -0.321852
vt 0.021761 -0.309325
vt 0.021761 1.524879
vt 0.041255 1.526799
vt 0.164298 -0.339954
vt 0.164298 -0.360046
vt 0.112680 -0.390675
vt 0.128087 -0.378148
vt 0.119707 -0.417573
vt 0.101324 -0.390675
vt 0.277064 -0.282427
vt 0.263184 -0.321852
vt 0.298762 -0.303238
vt 0.119707 1.497702
vt 0.112680 1.466628
vt 0.082112 -0.395146
vt 0.087791 -0.425000
vt -0.333311 1.501849
vt -0.339954 1.465547
vt 0.055875 -0.417573
vt 0.093469 -0.395146
vt 0.130628 -0.275000
vt 0.140924 -0.309325
vt 0.055875 1.485005
vt 0.082112 1.519900
vt 0.062901 1.516079
vt -0.303238 1.488185
vt -0.309325 1.446352
vt -0.282427 1.478199
vt 0.030280 -0.396762
vt 0.074257 -0.390675
vt 0.226381 -0.396762
vt 0.201733 -0.360046
vt 0.193679 -0.378148
vt 0.047494 -0.378148
vt 0.016076 -0.366689
vt 0.058851 -0.378148
vt -0.366689 1.477089
vt -0.378148 1.513014
vt -0.360046 1.511313
vt 0.200599 -0.333311
vt 0.016076 -0.333311
vt 0.050301 -0.360046
vt 0.130628 1.480623
vt 0.157822 1.458457
vt 0.139077 1.452770
vt -0.339954 1.511313
vt -0.333311 1.477089
vt -0.396762 1.488186
vt -0.360046 1.455699
vt -0.366689 1.493727
vt 0.058851 -0.321852
vt 0.050301 -0.339954
vt -0.321852 1.513014
vt -0.303238 1.479914
vt -0.321852 1.463016
vt 0.055875 -0.282427
vt 0.030280 -0.303238
vt 0.047494 -0.321852
vt 0.062901 -0.309325
vt 0.093469 -0.304854
vt 0.074257 -0.309325
vt 0.055875 1.485005
vt -0.390675 1.458457
vt -0.378148 1.463016
vt 0.239761 -0.333311
vt 0.239761 -0.366689
vt 0.161768 -0.417573
vt 0.140924 -0.390675
vt 0.157822 1.458457
vt 0.161768 1.490069
vt 0.330804 -0.303238
vt 0.282154 -0.309325
vt 0.294297 -0.321852
vt 0.130628 -0.425000
vt 0.122179 -0.395146
vt 0.161069 -0.304854
vt 0.179166 -0.309325
vt 0.120333 -0.390675
vt 0.139077 -0.395146
vt -0.333311 1.493727
vt -0.339954 1.455699
vt 0.103435 1.502790
vt 0.099488 1.471177
vt 0.276614 -0.366689
vt 0.229537 -0.378148
vt 0.263842 -0.396762
vt 0.099488 -0.417573
vt 0.105301 -0.378148
vt -0.282427 1.462204
vt -0.321852 1.437834
vt -0.309325 1.430429
vt -0.396762 1.463602
vt -0.390675 1.502790
vt -0.378148 1.498230
vt 0.060657 -0.366689
vt 0.074516 -0.396762
vt -0.360046 1.495699
vt -0.366689 1.459398
vt 0.172208 1.465746
vt 0.201443 1.446352
vt 0.183346 1.438855
vt 0.060657 -0.333311
vt 0.096959 -0.360046
vt 0.201733 -0.339954
vt -0.333311 1.459398
vt -0.339954 1.495699
vt 0.074516 -0.303238
vt 0.096959 -0.339954
vt -0.366689 1.481333
vt -0.378148 1.437834
vt -0.360046 1.441943
vt -0.303238 1.463602
vt -0.321852 1.498230
vt 0.099488 -0.282427
vt 0.105301 -0.321852
vt -0.321852 1.452363
vt -0.309325 1.502790
vt -0.282427 1.471177
vt 0.139077 -0.304854
vt 0.120333 -0.309325
vt 0.103435 1.502790
vt 0.122179 1.508476
vt -0.390675 1.446352
vt -0.378148 1.452363
vt 0.237225 -0.339954
vt 0.237225 -0.360046
vt 0.202272 -0.417573
vt 0.179166 -0.390675
vt 0.201443 1.446352
vt 0.202272 1.478199
vt 0.341208 -0.282427
vt 0.322575 -0.321852
vt 0.359661 -0.303238
vt 0.161069 -0.395146
vt 0.172208 -0.425000
vt 0.212129 -0.275000
vt 0.215683 -0.309325
vt 0.142143 -0.417573
vt 0.183346 -0.395146
vt -0.339954 1.441943
vt -0.333311 1.481333
vt 0.142972 1.485140
vt 0.142143 1.453293
vt 0.310803 -0.366689
vt 0.263184 -0.378148
vt 0.298762 -0.396762
vt 0.150736 -0.378148
vt 0.165249 -0.390675
vt -0.303238 1.456738
vt -0.309325 1.410843
vt -0.282427 1.442240
vt -0.396762 1.443306
vt -0.390675 1.485140
vt -0.378148 1.479129
vt 0.104654 -0.366689
vt 0.118034 -0.396762
vt -0.360046 1.475793
vt -0.366689 1.437764
vt 0.240827 1.462204
vt 0.225849 1.421196
vt 0.212129 1.446865
vt 0.104654 -0.333311
vt 0.142683 -0.360046
vt 0.276614 -0.333311
vt -0.333311 1.437764
vt -0.339954 1.475793
vt 0.150736 -0.321852
vt 0.142683 -0.339954
vt -0.396762 1.456738
vt -0.360046 1.424413
vt -0.366689 1.464784
vt -0.303238 1.443306
vt -0.321852 1.479129
vt 0.142143 -0.282427
vt 0.118034 -0.303238
vt -0.303238 1.474506
vt -0.309325 1.485140
vt -0.282427 1.453293
vt 0.183346 -0.304854
vt 0.165249 -0.309325
vt 0.142972 1.485140
vt 0.161069 1.492636
vt -0.417573 1.462204
vt -0.396762 1.474506
vt 0.270432 -0.339954
vt 0.270432 -0.360046
vt 0.240827 -0.417573
vt 0.215683 -0.390675
vt 0.243124 1.430429
vt 0.368499 -0.282427
vt 0.347747 -0.321852
vt 0.385054 -0.303238
vt 0.198408 -0.395146
vt 0.212129 -0.425000
vt 0.277064 1.442240
vt 0.233836 1.448362
vt 0.250123 1.459245
vt 0.208574 -0.390675
vt 0.225849 -0.395146
vt -0.339954 1.424413
vt -0.333311 1.464784
vt 0.183430 1.431525
vt 0.198408 1.472534
vt 0.181133 1.463300
vt 0.330804 -0.396762
vt 0.301035 -0.360046
vt 0.294297 -0.378148
vt 0.183430 -0.417573
vt 0.194720 -0.378148
vt -0.282427 1.418499
vt -0.321852 1.397747
vt -0.309325 1.387782
vt -0.417573 1.431525
vt -0.378148 1.455895
vt -0.396762 1.419223
vt 0.147643 -0.366689
vt 0.160415 -0.396762
vt -0.366689 1.412396
vt -0.360046 1.451786
vt 0.266177 1.399961
vt 0.250007 1.424161
vt 0.147643 -0.333311
vt 0.187032 -0.360046
vt 0.310803 -0.333311
vt -0.339954 1.451786
vt -0.333311 1.412396
vt 0.194720 -0.321852
vt 0.187032 -0.339954
vt -0.396762 1.435054
vt -0.360046 1.403278
vt -0.366689 1.444241
vt -0.321852 1.455895
vt -0.303238 1.419223
vt 0.183430 -0.282427
vt 0.160415 -0.303238
vt -0.321852 1.419570
vt -0.282427 1.431525
vt -0.309325 1.463300
vt 0.225849 -0.304854
vt 0.208574 -0.309325
vt -0.390675 1.410843
vt -0.378148 1.419570
vt 0.341999 -0.366689
vt 0.301035 -0.339954
vt 0.277064 -0.417573
vt 0.250123 -0.390675
vt 0.277064 1.442240
vt 0.266177 1.399961
vt 0.282464 1.410843
vt 0.392240 -0.282427
vt 0.369570 -0.321852
vt 0.406739 -0.303238
vt 0.233836 1.448362
vt 0.310632 1.418499
vt 0.267012 1.420354
vt 0.282154 1.432780
vt 0.222949 1.406082
vt -0.339954 1.403278
vt -0.333311 1.444241
vt 0.217549 1.437480
vt 0.359661 -0.396762
vt 0.328739 -0.360046
vt 0.322575 -0.378148
vt 0.222949 -0.417573
vt 0.236829 -0.378148
vt 0.249890 -0.390675
vt -0.282427 1.391208
vt -0.321852 1.372575
vt -0.309325 1.361468
vt -0.396762 1.391584
vt -0.390675 1.437480
vt -0.378148 1.428753
vt 0.189210 -0.366689
vt 0.201251 -0.396762
vt -0.360046 1.423909
vt -0.366689 1.383538
vt 0.303942 1.375355
vt 0.285477 1.397855
vt 0.229581 -0.339954
vt 0.229581 -0.360046
vt 0.341999 -0.333311
vt -0.339954 1.423909
vt -0.333311 1.383538
vt 0.189210 -0.333311
vt 0.236829 -0.321852
vt -0.366689 1.419901
vt -0.378148 1.372575
vt -0.360046 1.378739
vt -0.321852 1.428753
vt -0.303238 1.391584
vt 0.222950 -0.282427
vt 0.201251 -0.303238
vt -0.303238 1.435054
vt -0.309325 1.437480
vt -0.282427 1.406082
vt 0.222950 1.406082
vt 0.249890 1.389078
vt -0.417573 1.418499
vt -0.378148 1.397747
vt 0.369901 -0.366689
vt 0.328739 -0.339954
vt 0.282154 -0.390675
vt 0.310632 -0.417573
vt 0.303942 1.375356
vt 0.319083 1.387782
vt 0.424506 -0.303238
vt 0.380429 -0.309325
vt 0.387834 -0.321852
vt 0.267012 1.420354
vt 0.318198 1.368198
vt 0.311468 1.402630
vt 0.341208 1.391208
vt 0.288800 1.362929
vt -0.339954 1.378739
vt -0.333311 1.419901
vt 0.260322 1.377211
vt 0.251871 1.407928
vt 0.394241 -0.366689
vt 0.347747 -0.378148
vt 0.385054 -0.396762
vt 0.240150 -0.396762
vt 0.288800 -0.390675
vt 0.260322 -0.417573
vt -0.303238 1.380804
vt -0.309325 1.332154
vt -0.282427 1.360632
vt -0.417573 1.377211
vt -0.378148 1.397962
vt -0.396762 1.360656
vt 0.269918 -0.360046
vt 0.276657 -0.378148
vt -0.360046 1.392432
vt -0.366689 1.351468
vt 0.338779 1.347617
vt 0.228955 -0.333311
vt 0.228955 -0.366689
vt 0.369901 -0.333311
vt -0.333311 1.351468
vt -0.339954 1.392432
vt 0.240150 -0.303238
vt 0.269918 -0.339954
vt -0.396762 1.380804
vt -0.360046 1.351035
vt -0.366689 1.391999
vt -0.303238 1.360656
vt -0.321852 1.397962
vt 0.288800 -0.309325
vt 0.276657 -0.321852
vt -0.303238 1.409661
vt -0.282427 1.377211
vt -0.309325 1.407928
vt -0.417573 1.391208
vt -0.396762 1.409661
vt 0.394241 -0.333311
vt 0.353278 -0.360046
vt 0.341208 -0.417573
vt 0.311468 -0.390675
vt 0.341208 1.391208
vt 0.352630 1.361468
vt 0.428199 -0.282427
vt 0.402363 -0.321852
vt 0.438185 -0.303238
vt 0.297617 1.388779
vt 0.347855 1.335477
vt 0.337782 1.369083
vt 0.368499 1.360632
vt 0.324928 1.333766
vt -0.339954 1.351035
vt -0.333311 1.391999
vt 0.295188 1.345188
vt 0.283766 1.374928
vt 0.406739 -0.396762
vt 0.374413 -0.360046
vt 0.369570 -0.378148
vt 0.295188 -0.417573
vt 0.313821 -0.378148
vt 0.324928 -0.390675
vt -0.282427 1.327064
vt -0.321852 1.313184
vt -0.309325 1.300123
vt -0.417573 1.345188
vt -0.378148 1.363821
vt -0.396762 1.326735
vt 0.276735 -0.396762
vt 0.307657 -0.360046
vt -0.366689 1.316495
vt -0.360046 1.357657
vt 0.382780 1.332154
vt 0.370354 1.317012
vt 0.266495 -0.333311
vt 0.266495 -0.366689
vt 0.353277 -0.339954
vt -0.339954 1.357657
vt -0.333311 1.316495
vt 0.313821 -0.321852
vt 0.307657 -0.339954
vt -0.396762 1.348762
vt -0.360046 1.320432
vt -0.366689 1.360803
vt -0.321852 1.363821
vt -0.303238 1.326735
vt 0.295188 -0.282427
vt 0.276735 -0.303238
vt -0.321852 1.344297
vt -0.282427 1.345188
vt -0.309325 1.374928
vt -0.390675 1.332154
vt -0.378148 1.344297
vt 0.414784 -0.333311
vt 0.414784 -0.366689
vt 0.337782 -0.390675
vt 0.368499 -0.417573
vt 0.440069 -0.282427
vt 0.413017 -0.321852
vt 0.447645 -0.303238
vt 0.337782 1.369083
vt 0.325355 1.353942
vt 0.392240 1.327064
vt 0.349961 1.316177
vt 0.360843 1.332464
vt 0.327211 1.310322
vt 0.370354 1.317012
vt -0.339954 1.320432
vt -0.333311 1.360803
vt 0.312929 1.338800
vt 0.431333 -0.366689
vt 0.387834 -0.378148
vt 0.424506 -0.396762
vt 0.310656 -0.396762
vt 0.357927 -0.390675
vt 0.327211 -0.417573
vt -0.282427 1.290827
vt -0.321852 1.279537
vt -0.309325 1.265683
vt -0.396762 1.290150
vt -0.390675 1.338800
vt -0.378148 1.326657
vt 0.342432 -0.360046
vt 0.347962 -0.378148
vt -0.360046 1.319919
vt -0.366689 1.278955
vt 0.398362 1.283836
vt 0.374161 1.300007
vt 0.301468 -0.333311
vt 0.301468 -0.366689
vt 0.374413 -0.339954
vt -0.339954 1.319919
vt -0.333311 1.278955
vt 0.347962 -0.321852
vt 0.342432 -0.339954
vt -0.366689 1.326614
vt -0.378148 1.279537
vt -0.360046 1.287225
vt -0.303238 1.290150
vt -0.321852 1.326657
vt 0.327211 -0.282427
vt 0.310656 -0.303238
vt -0.303238 1.348762
vt -0.309325 1.338800
vt -0.282427 1.310322
vt 0.357927 1.301871
vt 0.327211 1.310322
vt 0.312929 1.338800
vt 0.325355 1.353942
vt -0.417573 1.327064
vt -0.378148 1.313184
vt 0.431333 -0.333311
vt 0.391943 -0.360046
vt 0.392240 -0.417573
vt 0.360843 -0.390675
vt 0.374161 1.300007
vt 0.409245 1.300123
vt 0.392240 1.327064
vt -0.282427 1.169707
vt -0.321852 1.178087
vt -0.303238 1.195301
vt 0.349961 1.316177
vt 0.396865 1.262129
vt 0.380429 1.293124
vt 0.412204 1.290827
vt 0.387480 1.267549
vt 0.398362 1.283836
vt -0.339954 1.287225
vt -0.333311 1.326614
vt 0.339078 1.299890
vt 0.356082 1.272949
vt 0.438185 -0.396762
vt 0.405699 -0.360046
vt 0.402363 -0.378148
vt 0.341584 -0.396762
vt 0.387480 -0.390675
vt 0.356082 -0.417573
vt -0.303238 1.276381
vt -0.309325 1.229166
vt -0.282427 1.252272
vt -0.417573 1.272949
vt -0.378148 1.286829
vt -0.396762 1.251251
vt 0.373909 -0.360046
vt 0.378753 -0.378148
vt -0.366689 1.239210
vt -0.360046 1.279581
vt -0.275000 1.262129
vt -0.304854 1.248408
vt 0.333538 -0.333311
vt 0.333538 -0.366689
vt 0.391943 -0.339954
vt -0.339954 1.279581
vt -0.333311 1.239210
vt 0.341584 -0.303238
vt 0.373909 -0.339954
vt -0.396762 1.276381
vt -0.360046 1.251733
vt -0.366689 1.289761
vt -0.303238 1.251251
vt -0.321852 1.286829
vt 0.387480 -0.309325
vt 0.378753 -0.321852
vt -0.303238 1.313842
vt -0.282427 1.272949
vt -0.309325 1.299890
vt 0.387480 1.267549
vt -0.417573 1.290827
vt -0.396762 1.313842
vt 0.443727 -0.333311
vt 0.443727 -0.366689
vt 0.380429 -0.390675
vt 0.412204 -0.417573
vt -0.425000 1.262129
vt -0.390675 1.265683
vt -0.303238 1.152463
vt -0.309325 1.116454
vt -0.321852 1.132087
vt 0.371195 1.275849
vt 0.428199 1.252272
vt 0.388855 1.233346
vt 0.396351 1.251443
vt 0.413300 1.231133
vt 0.422534 1.248408
vt -0.333311 1.289761
vt -0.339954 1.251733
vt -0.390675 1.258574
vt -0.417573 1.233430
vt 0.447645 -0.396762
vt 0.415547 -0.360046
vt 0.413017 -0.378148
vt 0.369223 -0.396762
vt 0.413300 -0.390675
vt 0.381525 -0.417573
vt -0.282427 1.211768
vt -0.321852 1.205956
vt -0.309325 1.190924
vt -0.396762 1.210415
vt -0.378148 1.244720
vt 0.401786 -0.360046
vt 0.405895 -0.378148
vt -0.366689 1.197643
vt -0.360046 1.237032
vt -0.304854 1.211069
vt -0.275000 1.222208
vt 0.362396 -0.333311
vt 0.362396 -0.366689
vt 0.405699 -0.339954
vt -0.339954 1.237032
vt -0.333311 1.197643
vt 0.369223 -0.303238
vt 0.401786 -0.339954
vt -0.366689 1.250599
vt -0.378148 1.205956
vt -0.360046 1.214298
vt -0.321852 1.244720
vt -0.303238 1.210415
vt 0.413300 -0.309325
vt 0.405895 -0.321852
vt -0.321852 1.243679
vt -0.282427 1.233430
vt -0.309325 1.258574
vt 0.381525 1.233430
vt -0.304854 1.275849
vt -0.390675 1.229166
vt -0.378148 1.243679
vt 0.451849 -0.366689
vt 0.415547 -0.339954
vt 0.428199 -0.417573
vt 0.396351 -0.390675
vt -0.417573 1.252272
vt -0.395146 1.211069
vt -0.282427 1.082541
vt -0.321852 1.085296
vt -0.303238 1.108637
vt 0.388855 1.233346
vt 0.415746 1.222208
vt 0.430623 1.180628
vt 0.408457 1.207822
vt 0.440069 1.211768
vt 0.403293 1.192143
vt 0.442636 1.211069
vt -0.339954 1.214298
vt -0.333311 1.250599
vt -0.425000 1.222208
vt -0.390675 1.215249
vt -0.417573 1.192143
vt 0.455618 -0.366689
vt 0.419693 -0.378148
vt 0.452793 -0.396762
vt 0.403293 -0.417573
vt 0.429129 -0.378148
vt 0.435140 -0.390675
vt -0.309325 1.151324
vt -0.396762 1.168034
vt -0.378148 1.200736
vt 0.393306 -0.396762
vt 0.425793 -0.360046
vt -0.366689 1.154654
vt -0.360046 1.192683
vt -0.304854 1.172179
vt -0.275000 1.180628
vt 0.387764 -0.333311
vt 0.387764 -0.366689
vt 0.451849 -0.333311
vt -0.333311 1.154654
vt -0.339954 1.192683
vt 0.393306 -0.303238
vt 0.425793 -0.339954
vt -0.366689 1.209505
vt -0.378148 1.166730
vt -0.360046 1.175280
vt -0.321852 1.200736
vt -0.303238 1.168034
vt 0.403293 -0.282427
vt 0.429129 -0.321852
vt -0.303238 1.236740
vt -0.282427 1.192143
vt -0.309325 1.215249
vt 0.435140 1.192972
vt -0.304854 1.233346
vt -0.396762 1.236740
vt -0.390675 1.190924
vt 0.455618 -0.333311
vt 0.421393 -0.360046
vt 0.440069 -0.417573
vt 0.408457 -0.390675
vt -0.425000 1.180628
vt -0.417573 1.211768
vt 0.032541 0.417573
vt 0.035296 0.378148
vt 0.058637 0.396762
vt 0.402771 1.189077
vt 0.447702 1.169707
vt 0.412807 1.143469
vt 0.416628 1.162681
vt 0.421177 1.149488
vt 0.458476 1.172179
vt -0.333311 1.209505
vt -0.339954 1.175280
vt -0.417573 1.149488
vt -0.395146 1.189077
vt -0.390675 1.170333
vt 0.453581 -0.396762
vt 0.423181 -0.360046
vt 0.422327 -0.378148
vt 0.421177 -0.417573
vt 0.448230 -0.378148
vt 0.452790 -0.390675
vt -0.309325 1.110748
vt -0.282427 1.126492
vt -0.378148 1.155301
vt -0.396762 1.124516
vt 0.413602 -0.396762
vt 0.445699 -0.360046
vt -0.366689 1.110657
vt -0.360046 1.146959
vt -0.275000 1.137791
vt -0.304854 1.132112
vt 0.409398 -0.333311
vt 0.409398 -0.366689
vt 0.419693 -0.321852
vt 0.421393 -0.339954
vt -0.333311 1.110657
vt -0.339954 1.146959
vt 0.448230 -0.321852
vt 0.445699 -0.339954
vt -0.396762 1.152463
vt -0.360046 1.135057
vt -0.366689 1.166875
vt -0.321852 1.155301
vt -0.303238 1.124516
vt 0.421177 -0.282427
vt 0.413602 -0.303238
vt -0.321852 1.166730
vt -0.282427 1.149488
vt -0.309325 1.170333
vt 0.452790 1.153435
vt -0.304854 1.189077
vt -0.396762 1.195301
vt -0.390675 1.151324
vt 0.455000 -0.333311
vt 0.455000 -0.366689
vt -0.417573 1.169707
vt -0.378148 1.178087
vt -0.390675 1.162681
vt -0.425000 1.137791
vt 0.447702 1.169707
vt 0.412807 1.143469
vt 0.441353 1.137791
vt 0.447833 1.094108
vt 0.420787 1.116454
vt 0.451023 1.126492
vt 0.435005 1.105875
vt 0.469900 1.132112
vt -0.333311 1.166875
vt -0.339954 1.135057
vt -0.390675 1.124257
vt -0.417573 1.105875
vt -0.366689 1.123120
vt -0.378148 1.085296
vt -0.396762 1.108637
vt -0.378148 1.097494
vt -0.390675 1.112901
vt -0.309325 1.069588
vt -0.378148 1.108851
vt -0.396762 1.080280
vt 0.427088 -0.366689
vt 0.463014 -0.378148
vt 0.429914 -0.396762
vt -0.360046 1.100301
vt -0.366689 1.066076
vt -0.275000 1.094108
vt -0.304854 1.091255
vt 0.427088 -0.333311
vt 0.461313 -0.360046
vt 0.453581 -0.303238
vt 0.423181 -0.339954
vt -0.339954 1.100301
vt -0.333311 1.066076
vt 0.463014 -0.321852
vt 0.461313 -0.339954
vt -0.360046 1.094014
vt -0.303238 1.080280
vt -0.321852 1.108851
vt -0.282427 1.105875
vt -0.321852 1.097494
vt -0.321852 1.126381
vt -0.309325 1.124257
vt 0.466079 1.112901
vt 0.435005 1.105875
vt -0.304854 1.143469
vt -0.390675 1.110749
vt -0.378148 1.126381
vt 0.450000 -0.333311
vt 0.420894 -0.360046
vt 0.450000 -0.366689
vt -0.390675 1.116454
vt -0.417573 1.126492
vt -0.425000 1.094108
vt 0.102463 0.396762
vt 0.060748 0.390675
vt 0.076381 0.378148
vt 0.420787 1.116454
vt 0.418867 1.096961
vt -0.304854 1.050000
vt 0.474879 1.071761
vt 0.476799 1.091255
vt 0.479106 -0.339954
vt -0.390675 1.077467
vt -0.417573 1.061723
vt 0.073120 0.333311
vt 0.035296 0.321852
vt 0.058637 0.303238
vt -0.396762 1.035753
vt -0.390675 1.071761
vt 0.035296 0.378148
vt 0.019588 0.390675
vt -0.378148 1.061834
vt 0.442086 -0.396762
vt 0.472485 -0.360046
vt 0.473339 -0.378148
vt -0.360046 1.053159
vt -0.366689 1.021340
vt -0.275000 1.050000
vt 0.440666 -0.333311
vt 0.440666 -0.366689
vt -0.333311 1.123120
vt -0.339954 1.094014
vt -0.333311 1.021340
vt -0.339954 1.053159
vt 0.442086 -0.303238
vt 0.472485 -0.339954
vt 0.035296 0.321852
vt 0.044014 0.339954
vt -0.303238 1.035753
vt -0.321852 1.061834
vt -0.309325 1.071761
vt -0.321852 1.056129
vt -0.309325 1.077467
vt -0.282427 1.061723
vt 0.474879 1.071761
vt 0.444644 1.061723
vt -0.304854 1.096961
vt -0.390675 1.069588
vt 0.073120 0.366689
vt -0.417573 1.082541
vt -0.425000 1.050000
vt 0.119707 0.417573
vt 0.116730 0.378148
vt 0.145301 0.396762
vt -0.395146 1.050000
vt 0.000000 0.425000
vt -0.390675 1.030412
vt 0.044014 0.360046
vt -0.417573 1.017459
vt -0.396762 0.991363
vt -0.378148 1.014704
vt -0.366689 0.976880
vt -0.360046 1.005986
vt 0.000000 0.395146
vt 0.479106 -0.360046
vt 0.420894 -0.339954
vt -0.333311 0.976880
vt -0.321852 1.014704
vt -0.339954 1.005986
vt -0.303238 0.991363
vt -0.309325 1.030412
vt -0.282427 1.017459
vt 0.019588 0.309325
vt 0.366689 1.500000
vt 0.339954 1.529106
vt 0.333311 1.500000
vt 0.019588 0.309325
vt 0.032541 0.282427
vt 0.000000 0.275000
vt 0.161768 0.417573
vt 0.155956 0.378148
vt 0.186741 0.396762
vt 0.000000 0.304854
vt -0.032541 0.282427
vt 0.360046 1.470894
vt -0.019588 0.309325
vt 0.116875 0.333311
vt 0.076381 0.321852
vt 0.102463 0.303238
vt -0.058637 0.303238
vt -0.019588 0.309325
vt 0.076492 0.417573
vt 0.082087 0.378148
vt 0.066454 0.390675
vt -0.035296 0.321852
vt -0.073120 0.333311
vt -0.035296 0.321852
vt -0.044014 0.339954
vt -0.073120 0.366689
vt -0.044014 0.360046
vt -0.035296 0.378148
vt 0.333311 1.505000
vt 0.321852 1.472327
vt 0.339954 1.473181
vt -0.035296 0.378148
vt -0.058637 0.396762
vt -0.019588 0.390675
vt -0.032541 0.417573
vt 0.085057 0.360046
vt 0.085057 0.339954
vt 0.202272 0.417573
vt 0.193679 0.378148
vt 0.226381 0.396762
vt 0.044108 0.425000
vt 0.360046 1.473181
vt 0.366689 1.505000
vt 0.159505 0.333311
vt 0.116730 0.321852
vt 0.145301 0.303238
vt 0.128087 0.378148
vt 0.112680 0.390675
vt 0.044108 1.497833
vt 0.339954 1.470894
vt 0.116875 0.366689
vt 0.360046 1.529106
vt 0.303238 1.502793
vt 0.339954 1.471393
vt 0.333311 1.505618
vt 0.378148 1.472327
vt 0.396762 1.503581
vt 0.076492 0.282427
vt 0.082087 0.321852
vt 0.159505 0.366689
vt 0.125280 0.339954
vt 0.060748 0.309325
vt 0.044108 1.497833
vt 0.240827 0.417573
vt 0.229537 0.378148
vt 0.263842 0.396762
vt 0.044108 0.275000
vt 0.041255 0.304854
vt 0.082112 0.395146
vt 0.101324 0.390675
vt 0.027467 0.309325
vt 0.046961 0.304854
vt 0.360046 1.471393
vt 0.366689 1.505618
vt 0.021761 1.524879
vt 0.011723 1.494644
vt 0.186741 0.303238
vt 0.164298 0.339954
vt 0.155956 0.321852
vt -0.014247 0.303238
vt 0.011723 0.282427
vt 0.396762 1.497645
vt 0.390675 1.458457
vt 0.417573 1.490069
vt 0.006129 0.321852
vt -0.028660 0.333311
vt 0.011834 0.321852
vt 0.333311 1.490666
vt 0.321852 1.523339
vt 0.339954 1.522485
vt 0.087791 1.491353
vt -0.028660 0.366689
vt 0.003159 0.339954
vt 0.125280 0.360046
vt 0.360046 1.522485
vt 0.366689 1.490666
vt 0.011834 0.378148
vt 0.003159 0.360046
vt 0.303238 1.497645
vt 0.339954 1.465547
vt 0.333311 1.501849
vt 0.378148 1.523339
vt 0.396762 1.492086
vt -0.014247 0.396762
vt 0.027467 0.390675
vt 0.378148 1.469693
vt 0.396762 1.502793
vt 0.011723 0.417573
vt 0.006129 0.378148
vt 0.021761 0.390675
vt 0.119707 0.282427
vt 0.128087 0.321852
vt 0.200599 0.333311
vt 0.164298 0.360046
vt 0.101324 0.309325
vt 0.119707 1.497702
vt 0.093469 1.462807
vt 0.112681 1.466628
vt 0.277064 0.417573
vt 0.263184 0.378148
vt 0.298762 0.396762
vt 0.082112 0.304854
vt 0.087791 0.275000
vt 0.122179 0.395146
vt 0.140924 0.390675
vt 0.055875 0.282427
vt 0.093469 0.304854
vt 0.366689 1.501849
vt 0.360046 1.465547
vt 0.062901 1.516079
vt 0.239761 0.333311
vt 0.193679 0.321852
vt 0.226381 0.303238
vt 0.058851 0.321852
vt 0.074257 0.309325
vt 0.396762 1.488185
vt 0.390675 1.446352
vt 0.417573 1.478199
vt 0.047494 0.321852
vt 0.030280 0.303238
vt 0.016076 0.333311
vt 0.333311 1.477089
vt 0.321852 1.513014
vt 0.339954 1.511313
vt 0.157822 1.458457
vt 0.050301 0.360046
vt 0.050301 0.339954
vt 0.200599 0.366689
vt 0.360046 1.511313
vt 0.366689 1.477089
vt 0.016076 0.366689
vt 0.058851 0.378148
vt 0.303238 1.488185
vt 0.339954 1.455699
vt 0.333311 1.493727
vt 0.378148 1.513014
vt 0.396762 1.479914
vt 0.030280 0.396762
vt 0.074257 0.390675
vt 0.378148 1.463016
vt 0.055875 0.417573
vt 0.047494 0.378148
vt 0.062901 0.390675
vt 0.093469 0.395146
vt 0.309325 1.458457
vt 0.321852 1.463016
vt 0.239761 0.366689
vt 0.201733 0.339954
vt 0.161768 0.282427
vt 0.140924 0.309325
vt 0.157822 1.458457
vt 0.330804 0.396762
vt 0.282154 0.390675
vt 0.294297 0.378148
vt 0.122179 0.304854
vt 0.130628 0.275000
vt 0.161069 0.395146
vt 0.179166 0.390675
vt 0.120333 0.309325
vt 0.139077 0.304854
vt 0.366689 1.493727
vt 0.360046 1.455699
vt 0.099488 1.471177
vt 0.103435 1.502790
vt 0.276614 0.333311
vt 0.229537 0.321852
vt 0.263842 0.303238
vt 0.099488 0.282427
vt 0.105301 0.321852
vt 0.417573 1.462204
vt 0.378148 1.437834
vt 0.390675 1.430429
vt 0.303238 1.463602
vt 0.309325 1.502790
vt 0.321852 1.498230
vt 0.060657 0.333311
vt 0.074516 0.303238
vt 0.339954 1.495699
vt 0.333311 1.459398
vt 0.201443 1.446352
vt 0.183346 1.438855
vt 0.096959 0.360046
vt 0.096959 0.339954
vt 0.201733 0.360046
vt 0.366689 1.459398
vt 0.360046 1.495699
vt 0.060657 0.366689
vt 0.105301 0.378148
vt 0.333311 1.481333
vt 0.321852 1.437834
vt 0.339954 1.441943
vt 0.396762 1.463602
vt 0.378148 1.498230
vt 0.074516 0.396762
vt 0.120333 0.390675
vt 0.378148 1.452363
vt 0.390675 1.502790
vt 0.417573 1.471177
vt 0.130628 0.425000
vt 0.099488 0.417573
vt 0.103435 1.502790
vt 0.309325 1.446352
vt 0.321852 1.452363
vt 0.237225 0.360046
vt 0.237225 0.339954
vt 0.202272 0.282427
vt 0.179166 0.309325
vt 0.201443 1.446352
vt 0.341208 0.417573
vt 0.322575 0.378148
vt 0.359661 0.396762
vt 0.161069 0.304854
vt 0.172208 0.275000
vt 0.198408 0.395146
vt 0.215683 0.390675
vt 0.142143 0.282427
vt 0.183346 0.304854
vt 0.360046 1.441943
vt 0.366689 1.481333
vt 0.142972 1.485140
vt 0.142143 1.453293
vt 0.310803 0.333311
vt 0.263184 0.321852
vt 0.298762 0.303238
vt 0.150736 0.321852
vt 0.165249 0.309325
vt 0.417573 1.442240
vt 0.378148 1.419570
vt 0.390675 1.410843
vt 0.303238 1.443306
vt 0.309325 1.485140
vt 0.321852 1.479129
vt 0.104654 0.333311
vt 0.118034 0.303238
vt 0.339954 1.475793
vt 0.333311 1.437764
vt 0.104654 0.366689
vt 0.142683 0.339954
vt 0.276614 0.366689
vt 0.366689 1.437764
vt 0.360046 1.475793
vt 0.150736 0.378148
vt 0.142683 0.360046
vt 0.303238 1.456738
vt 0.339954 1.424413
vt 0.333311 1.464784
vt 0.396762 1.443306
vt 0.378148 1.479129
vt 0.142143 0.417573
vt 0.118034 0.396762
vt 0.396762 1.474506
vt 0.390675 1.485140
vt 0.417573 1.453293
vt 0.172208 0.425000
vt 0.165249 0.390675
vt 0.282427 1.462204
vt 0.303238 1.474506
vt 0.310803 0.366689
vt 0.270432 0.339954
vt 0.240827 0.282427
vt 0.215683 0.309325
vt 0.368499 0.417573
vt 0.347747 0.378148
vt 0.385054 0.396762
vt 0.198408 0.304854
vt 0.212129 0.275000
vt 0.183430 0.282427
vt 0.225849 0.304854
vt 0.366689 1.464784
vt 0.360046 1.424413
vt 0.183430 1.431525
vt 0.181133 1.463300
vt 0.330804 0.303238
vt 0.301035 0.339954
vt 0.294297 0.321852
vt 0.194720 0.321852
vt 0.208574 0.309325
vt 0.396762 1.435054
vt 0.390675 1.387782
vt 0.417573 1.418499
vt 0.282427 1.431525
vt 0.321852 1.455895
vt 0.303238 1.419223
vt 0.147643 0.333311
vt 0.160415 0.303238
vt 0.333311 1.412396
vt 0.339954 1.451786
vt 0.187032 0.360046
vt 0.187032 0.339954
vt 0.270432 0.360046
vt 0.360046 1.451786
vt 0.366689 1.412396
vt 0.147643 0.366689
vt 0.194720 0.378148
vt 0.303238 1.435054
vt 0.339954 1.403278
vt 0.333311 1.444241
vt 0.378148 1.455895
vt 0.396762 1.419223
vt 0.183430 0.417573
vt 0.160415 0.396762
vt 0.396762 1.456739
vt 0.417573 1.431525
vt 0.390675 1.463300
vt 0.212129 0.425000
vt 0.208574 0.390675
vt 0.198408 1.472534
vt 0.309325 1.410843
vt 0.321852 1.419570
vt 0.341999 0.366689
vt 0.341999 0.333311
vt 0.277064 0.282427
vt 0.250123 0.309325
vt 0.277064 1.442240
vt 0.266177 1.399961
vt 0.392240 0.417573
vt 0.369570 0.378148
vt 0.406739 0.396762
vt 0.233836 1.448362
vt 0.267012 1.420354
vt 0.222950 1.406082
vt 0.360046 1.403278
vt 0.366689 1.444241
vt 0.217549 1.437479
vt 0.369901 0.333311
vt 0.322575 0.321852
vt 0.359661 0.303238
vt 0.222950 0.282427
vt 0.236829 0.321852
vt 0.249890 0.309325
vt 0.417573 1.391208
vt 0.378148 1.372575
vt 0.390675 1.361468
vt 0.303238 1.391584
vt 0.309325 1.437479
vt 0.321852 1.428753
vt 0.189210 0.333311
vt 0.201251 0.303238
vt 0.339954 1.423909
vt 0.333311 1.383538
vt 0.303942 1.375355
vt 0.229581 0.360046
vt 0.229581 0.339954
vt 0.301035 0.360046
vt 0.360046 1.423909
vt 0.366689 1.383538
vt 0.189210 0.366689
vt 0.236829 0.378148
vt 0.333311 1.419901
vt 0.321852 1.372575
vt 0.339954 1.378739
vt 0.396762 1.391584
vt 0.378148 1.428753
vt 0.222950 0.417573
vt 0.201251 0.396762
vt 0.378148 1.397747
vt 0.390675 1.437480
vt 0.417573 1.406082
vt 0.309325 1.387782
vt 0.321852 1.397747
vt 0.328739 0.360046
vt 0.328739 0.339954
vt 0.282154 0.309325
vt 0.310632 0.282427
vt 0.310632 1.418499
vt 0.319083 1.387782
vt 0.424506 0.396762
vt 0.380429 0.390675
vt 0.387834 0.378148
vt 0.341208 1.391208
vt 0.297617 1.388779
vt 0.360046 1.378739
vt 0.366689 1.419901
vt 0.251871 1.407928
vt 0.394241 0.333311
vt 0.347747 0.321852
vt 0.385054 0.303238
vt 0.240150 0.303238
vt 0.288800 0.309325
vt 0.260322 0.282427
vt 0.396762 1.380804
vt 0.390675 1.332154
vt 0.417573 1.360632
vt 0.282427 1.377211
vt 0.321852 1.397962
vt 0.303238 1.360656
vt 0.269918 0.339954
vt 0.276657 0.321852
vt 0.339954 1.392432
vt 0.333311 1.351468
vt 0.338779 1.347617
vt 0.228955 0.366689
vt 0.228955 0.333311
vt 0.369901 0.366689
vt 0.366689 1.351468
vt 0.360046 1.392432
vt 0.240150 0.396762
vt 0.269918 0.360046
vt 0.303238 1.380804
vt 0.339954 1.351035
vt 0.333311 1.391999
vt 0.378148 1.397962
vt 0.396762 1.360656
vt 0.288800 0.390675
vt 0.276657 0.378148
vt 0.396762 1.409661
vt 0.417573 1.377211
vt 0.390675 1.407928
vt 0.260322 1.377211
vt 0.282427 1.391208
vt 0.303238 1.409661
vt 0.394241 0.366689
vt 0.353278 0.339954
vt 0.311468 0.309325
vt 0.341208 0.282427
vt 0.428199 0.417573
vt 0.402363 0.378148
vt 0.438185 0.396762
vt 0.360046 1.351035
vt 0.366689 1.391999
vt 0.406738 0.303238
vt 0.374413 0.339954
vt 0.369570 0.321852
vt 0.295188 0.282427
vt 0.313821 0.321852
vt 0.324928 0.309325
vt 0.417573 1.327064
vt 0.378148 1.313184
vt 0.390675 1.300123
vt 0.282427 1.345188
vt 0.321852 1.363821
vt 0.303238 1.326735
vt 0.266495 0.333311
vt 0.276735 0.303238
vt 0.333311 1.316495
vt 0.339954 1.357657
vt 0.266495 0.366689
vt 0.307657 0.339954
vt 0.353277 0.360046
vt 0.360046 1.357657
vt 0.366689 1.316495
vt 0.276735 0.396762
vt 0.307657 0.360046
vt 0.333311 1.360803
vt 0.321852 1.313184
vt 0.339954 1.320432
vt 0.378148 1.363821
vt 0.396762 1.326735
vt 0.295188 0.417573
vt 0.313821 0.378148
vt 0.378148 1.344297
vt 0.417573 1.345188
vt 0.390675 1.374928
vt 0.295188 1.345188
vt 0.282427 1.360632
vt 0.321852 1.344297
vt 0.414784 0.366689
vt 0.414784 0.333311
vt 0.368499 0.282427
vt 0.337782 0.309325
vt 0.382780 1.332154
vt 0.368499 1.360632
vt 0.440069 0.417573
vt 0.413017 0.378148
vt 0.447645 0.396762
vt 0.360843 1.332464
vt 0.360046 1.320432
vt 0.366689 1.360803
vt 0.312929 1.338800
vt 0.327211 1.310322
vt 0.424506 0.303238
vt 0.391943 0.339954
vt 0.387834 0.321852
vt 0.327211 0.282427
vt 0.347962 0.321852
vt 0.357927 0.309325
vt 0.417573 1.290827
vt 0.378148 1.279537
vt 0.390675 1.265683
vt 0.303238 1.290150
vt 0.309325 1.338800
vt 0.321852 1.326657
vt 0.301468 0.333311
vt 0.310656 0.303238
vt 0.339954 1.319919
vt 0.333311 1.278955
vt 0.398362 1.283836
vt 0.301468 0.366689
vt 0.342432 0.339954
vt 0.374413 0.360046
vt 0.360046 1.319919
vt 0.366689 1.278955
vt 0.347962 0.378148
vt 0.342432 0.360046
vt 0.333311 1.326614
vt 0.321852 1.279537
vt 0.339954 1.287225
vt 0.396762 1.290150
vt 0.378148 1.326657
vt 0.327211 0.417573
vt 0.310656 0.396762
vt 0.396762 1.348762
vt 0.390675 1.338800
vt 0.417573 1.310322
vt 0.357927 1.301871
vt 0.327211 1.310322
vt 0.282427 1.327064
vt 0.303238 1.348762
vt 0.431333 0.366689
vt 0.431333 0.333311
vt 0.360843 0.309325
vt 0.392240 0.282427
vt 0.417573 1.169707
vt 0.378148 1.178087
vt 0.396762 1.195301
vt 0.360843 1.332464
vt 0.387480 1.267549
vt 0.360046 1.287225
vt 0.366689 1.326614
vt 0.339078 1.299890
vt 0.438185 0.303238
vt 0.405699 0.339954
vt 0.402363 0.321852
vt 0.341584 0.303238
vt 0.387480 0.309325
vt 0.356082 0.282427
vt 0.396762 1.276381
vt 0.390675 1.229166
vt 0.417573 1.252272
vt 0.303238 1.251251
vt 0.309325 1.299890
vt 0.321852 1.286829
vt 0.373909 0.339954
vt 0.378753 0.321852
vt 0.339954 1.279581
vt 0.333311 1.239210
vt 0.425000 1.262129
vt 0.395146 1.248408
vt 0.333538 0.366689
vt 0.333538 0.333311
vt 0.391943 0.360046
vt 0.360046 1.279581
vt 0.366689 1.239210
vt 0.341584 0.396762
vt 0.373909 0.360046
vt 0.303238 1.276381
vt 0.339954 1.251733
vt 0.333311 1.289761
vt 0.396762 1.251251
vt 0.378148 1.286829
vt 0.387480 0.390675
vt 0.378753 0.378148
vt 0.396762 1.313842
vt 0.417573 1.272949
vt 0.390675 1.299890
vt 0.339078 1.299890
vt 0.282427 1.290827
vt 0.303238 1.313842
vt 0.443727 0.333311
vt 0.405699 0.360046
vt 0.380429 0.309325
vt 0.412204 0.282427
vt 0.275000 1.262129
vt 0.309325 1.265683
vt 0.396762 1.152463
vt 0.390675 1.116454
vt 0.378148 1.132087
vt 0.413300 1.231133
vt 0.366689 1.289761
vt 0.360046 1.251733
vt 0.309325 1.258574
vt 0.282427 1.233430
vt 0.451849 0.333311
vt 0.413017 0.321852
vt 0.447645 0.303238
vt 0.369223 0.303238
vt 0.413300 0.309325
vt 0.381525 0.282427
vt 0.396762 1.236740
vt 0.390675 1.190924
vt 0.417573 1.211768
vt 0.321852 1.244720
vt 0.303238 1.210415
vt 0.401786 0.339954
vt 0.405895 0.321852
vt 0.333311 1.197643
vt 0.339954 1.237032
vt 0.395146 1.211069
vt 0.425000 1.222208
vt 0.362396 0.366689
vt 0.362396 0.333311
vt 0.443727 0.366689
vt 0.360046 1.237032
vt 0.366689 1.197643
vt 0.405895 0.378148
vt 0.401786 0.360046
vt 0.333311 1.250599
vt 0.321852 1.205956
vt 0.339954 1.214298
vt 0.378148 1.244720
vt 0.396762 1.210415
vt 0.369223 0.396762
vt 0.413300 0.390675
vt 0.378148 1.243679
vt 0.390675 1.258574
vt 0.417573 1.233430
vt 0.395146 1.275849
vt 0.309325 1.229166
vt 0.321852 1.243679
vt 0.415547 0.360046
vt 0.415547 0.339954
vt 0.428199 0.282427
vt 0.396351 0.309325
vt 0.275000 1.222208
vt 0.282427 1.252272
vt 0.396762 1.108637
vt 0.390675 1.069588
vt 0.378148 1.085296
vt 0.366689 1.250599
vt 0.360046 1.214298
vt 0.309325 1.215249
vt 0.282427 1.192143
vt 0.455618 0.333311
vt 0.419693 0.321852
vt 0.452793 0.303238
vt 0.403293 0.282427
vt 0.429129 0.321852
vt 0.435140 0.309325
vt 0.390675 1.151324
vt 0.303238 1.168034
vt 0.321852 1.200736
vt 0.393306 0.303238
vt 0.425793 0.339954
vt 0.339954 1.192683
vt 0.333311 1.154654
vt 0.425000 1.180628
vt 0.395146 1.172179
vt 0.387764 0.366689
vt 0.387764 0.333311
vt 0.451849 0.366689
vt 0.360046 1.192683
vt 0.366689 1.154654
vt 0.393306 0.396762
vt 0.425793 0.360046
vt 0.333311 1.209505
vt 0.321852 1.166731
vt 0.339954 1.175280
vt 0.396762 1.168034
vt 0.378148 1.200736
vt 0.403293 0.417573
vt 0.429129 0.378148
vt 0.378148 1.205956
vt 0.390675 1.215249
vt 0.417573 1.192143
vt 0.395146 1.233346
vt 0.282427 1.211768
vt 0.303238 1.236741
vt 0.455618 0.366689
vt 0.421393 0.339954
vt 0.440069 0.282427
vt 0.408457 0.309325
vt 0.275000 1.180628
vt 0.309325 1.190924
vt 0.416628 1.162681
vt 0.366689 1.209505
vt 0.360046 1.175280
vt 0.282427 1.149488
vt 0.304854 1.189077
vt 0.309325 1.170333
vt 0.453581 0.303238
vt 0.423181 0.339954
vt 0.422327 0.321852
vt 0.413602 0.303238
vt 0.452790 0.309325
vt 0.421177 0.282427
vt 0.390675 1.110749
vt 0.417573 1.126492
vt 0.321852 1.155301
vt 0.303238 1.124516
vt 0.409398 0.333311
vt 0.448230 0.321852
vt 0.333311 1.110657
vt 0.339954 1.146959
vt 0.425000 1.137791
vt 0.395146 1.132112
vt 0.409398 0.366689
vt 0.445699 0.339954
vt 0.419693 0.378148
vt 0.421393 0.360046
vt 0.366689 1.110657
vt 0.360046 1.146959
vt 0.413602 0.396762
vt 0.445699 0.360046
vt 0.303238 1.152463
vt 0.339954 1.135057
vt 0.333311 1.166875
vt 0.378148 1.155301
vt 0.396762 1.124516
vt -0.400000 1.010894
vt -0.370894 0.989106
vt -0.400000 0.989106
vt 0.421177 0.417573
vt 0.448230 0.378148
vt 0.378148 1.166730
vt 0.417573 1.149488
vt 0.390675 1.170333
vt 0.452790 1.153435
vt 0.395146 1.189077
vt 0.303238 1.195301
vt 0.309325 1.151324
vt 0.455000 0.333311
vt 0.423181 0.360046
vt 0.282427 1.169707
vt 0.321852 1.178087
vt 0.309325 1.162681
vt 0.275000 1.137791
vt 0.360046 1.135057
vt 0.366689 1.166875
vt 0.309325 1.124257
vt 0.282427 1.105875
vt 0.333311 1.123120
vt 0.321852 1.085296
vt 0.303238 1.108637
vt 0.321852 1.097494
vt 0.309325 1.112901
vt 0.417573 1.082541
vt 0.303238 1.080280
vt 0.321852 1.108851
vt 0.427088 0.333311
vt 0.463014 0.321852
vt 0.429914 0.303238
vt 0.339954 1.100301
vt 0.333311 1.066076
vt 0.425000 1.094108
vt 0.395146 1.091255
vt 0.427088 0.366689
vt 0.461313 0.339954
vt 0.453581 0.396762
vt 0.455000 0.366689
vt 0.360046 1.100301
vt 0.366689 1.066076
vt 0.463014 0.378148
vt 0.461313 0.360046
vt 0.339954 1.094014
vt 0.396762 1.080280
vt 0.378148 1.108851
vt 0.417573 1.105875
vt 0.378148 1.097494
vt 0.378148 1.126381
vt 0.390675 1.124257
vt 0.469900 1.132112
vt 0.466079 1.112901
vt 0.395146 1.143469
vt 0.309325 1.110748
vt 0.321852 1.126381
vt 0.450000 0.366689
vt 0.420894 0.339954
vt 0.450000 0.333311
vt 0.309325 1.116454
vt 0.282427 1.126492
vt 0.275000 1.094108
vt 0.425000 1.050000
vt 0.479106 0.360046
vt 0.309325 1.077467
vt 0.282427 1.061723
vt 0.303238 1.035753
vt 0.309325 1.071761
vt 0.321852 1.061834
vt 0.400000 0.989106
vt 0.370894 1.010894
vt 0.400000 1.010894
vt 0.442086 0.303238
vt 0.472485 0.339954
vt 0.473339 0.321852
vt 0.339954 1.053159
vt 0.333311 1.021340
vt 0.395146 1.050000
vt 0.440666 0.366689
vt 0.440666 0.333311
vt 0.366689 1.123120
vt 0.360046 1.094014
vt 0.366689 1.021340
vt 0.360046 1.053159
vt 0.442086 0.396762
vt 0.472485 0.360046
vt 0.396762 1.035753
vt 0.378148 1.061834
vt 0.390675 1.071761
vt 0.378148 1.056129
vt 0.390675 1.077467
vt 0.417573 1.061723
vt 0.395146 1.096961
vt 0.282427 1.082541
vt 0.309325 1.069588
vt 0.304854 1.050000
vt 0.275000 1.050000
vt 0.282427 1.017459
vt 0.309325 1.030412
vt 0.303238 0.991363
vt 0.321852 1.014704
vt 0.333311 0.976880
vt 0.339954 1.005986
vt 0.479106 0.339954
vt 0.420894 0.360046
vt 0.366689 0.976880
vt 0.378148 1.014704
vt 0.360046 1.005986
vt 0.396762 0.991363
vt 0.390675 1.030412
vt 0.417573 1.017459
vt 0.370894 0.989106
vt -0.370894 1.010894
vt 0.195894 0.310894
vt -0.095894 0.289106
vt 0.195894 0.289106
vt 0.000000 1.470894
vt 0.032541 0.029106
vt 0.000000 0.029106
vt -0.032541 1.470894
vt -0.032541 0.029106
vt 0.032541 1.470894
vt 0.058637 0.029106
vt -0.303238 1.470894
vt -0.333311 0.029106
vt -0.303238 0.029106
vt -0.333311 1.470894
vt -0.366689 0.029106
vt -0.366689 1.470894
vt -0.396762 0.029106
vt 0.058637 1.470894
vt -0.058637 0.029106
vt -0.396762 1.470894
vt -0.058637 1.470894
vt 0.090762 -0.339954
vt -0.002547 -0.339954
vt 0.136637 -0.339954
vt 0.038944 -0.360046
vt 0.172854 -0.378148
vt 0.122179 -0.304854
vt 0.080061 -0.360046
vt 0.224009 -0.339954
vt 0.120406 -0.360046
vt 0.256977 -0.378148
vt 0.198408 -0.304854
vt 0.159591 -0.360046
vt 0.249890 -0.309325
vt 0.302773 -0.339954
vt 0.233836 -0.304854
vt 0.197240 -0.360046
vt 0.331226 -0.378148
vt 0.267012 -0.304854
vt 0.232989 -0.360046
vt -0.378148 1.322659
vt -0.309325 1.333766
vt -0.360046 1.419901
vt -0.304854 1.388779
vt -0.378148 1.289728
vt -0.309325 1.301871
vt -0.360046 1.387965
vt -0.304854 1.353942
vt -0.378148 1.254488
vt -0.309325 1.267549
vt -0.360046 1.352773
vt -0.304854 1.316177
vt -0.378148 1.217280
vt -0.309325 1.231133
vt -0.360046 1.314666
vt -0.378148 1.178460
vt -0.309325 1.192972
vt -0.360046 1.274009
vt -0.378148 1.138403
vt -0.309325 1.153435
vt -0.360046 1.231196
vt -0.309325 1.112901
vt -0.360046 1.186637
vt -0.378148 1.056129
vt -0.360046 1.140762
vt 0.396762 1.470894
vt 0.366689 0.029106
vt 0.396762 0.029106
vt 0.366689 1.470894
vt 0.333311 0.029106
vt 0.333311 1.470894
vt 0.303238 0.029106
vt 0.303238 1.470894
vt 0.041255 0.395146
vt -0.002547 0.339954
vt 0.136637 0.360046
vt 0.038944 0.339954
vt 0.172854 0.321852
vt 0.080061 0.339954
vt 0.224009 0.360046
vt 0.120406 0.339954
vt 0.256977 0.321852
vt 0.159591 0.339954
vt 0.249890 0.390675
vt 0.302773 0.360046
vt 0.233836 0.395146
vt 0.197240 0.339954
vt 0.331226 0.321852
vt 0.267012 0.395146
vt 0.232989 0.339954
vt 0.324928 0.390675
vt 0.369901 0.360046
vt 0.297617 0.395146
vt 0.266495 0.339954
vt 0.321852 1.289728
vt 0.390675 1.301871
vt 0.339954 1.387965
vt 0.395146 1.353942
vt 0.321852 1.254488
vt 0.390675 1.267549
vt 0.339954 1.352773
vt 0.395146 1.316177
vt 0.321852 1.217280
vt 0.390675 1.231133
vt 0.339954 1.314666
vt 0.321852 1.178460
vt 0.390675 1.192972
vt 0.339954 1.274009
vt 0.321852 1.138403
vt 0.390675 1.153435
vt 0.339954 1.231196
vt 0.390675 1.112901
vt 0.339954 1.186637
vt 0.321852 1.056129
vt 0.339954 1.140762
vt -0.095894 0.310894
vt 0.195894 0.660894
vt -0.095894 0.639106
vt 0.195894 0.639106
vt -0.095894 0.660894
vt 0.195894 1.010894
vt -0.095894 0.989106
vt 0.195894 0.989106
vt -0.095894 1.010894
vt -0.396762 1.503581
vt 0.041255 -0.304854
vt -0.396762 1.502793
vt 0.066454 -0.390675
vt 0.046961 1.468867
vt 0.087791 -0.275000
vt 0.041255 1.526799
vt 0.021761 -0.390675
vt -0.396762 1.492086
vt 0.046961 -0.304854
vt 0.011723 1.494644
vt 0.250123 -0.309325
vt 0.062901 -0.390675
vt -0.396762 1.479914
vt -0.417573 1.490069
vt 0.310632 -0.282427
vt 0.172208 -0.275000
vt -0.417573 1.471177
vt 0.202272 1.478199
vt -0.417573 1.478199
vt 0.311468 -0.309325
vt -0.417573 1.453293
vt 0.243124 1.430429
vt -0.390675 1.430429
vt 0.337782 -0.309325
vt -0.390675 1.463300
vt 0.181133 1.463300
vt -0.417573 1.442240
vt 0.360843 -0.309325
vt 0.250123 1.459244
vt 0.249890 1.389078
vt -0.417573 1.406082
vt 0.319083 1.387782
vt -0.390675 1.387782
vt 0.412204 -0.282427
vt -0.390675 1.407928
vt 0.260322 -0.282427
vt -0.390675 1.361468
vt 0.396351 -0.309325
vt -0.390675 1.374928
vt 0.324928 -0.309325
vt -0.417573 1.360632
vt 0.408457 -0.309325
vt -0.417573 1.310322
vt 0.357927 -0.309325
vt -0.390675 1.300123
vt -0.309325 1.162681
vt 0.360843 1.332464
vt -0.390675 1.299890
vt 0.356082 -0.282427
vt -0.395146 1.248408
vt -0.395146 1.275849
vt 0.381525 -0.282427
vt 0.422534 1.248408
vt -0.395146 1.233346
vt 0.435140 -0.309325
vt -0.395146 1.172179
vt 0.452793 -0.303238
vt 0.452790 -0.309325
vt -0.395146 1.132112
vt -0.395146 1.143469
vt 0.422327 -0.321852
vt 0.429914 -0.303238
vt -0.378148 1.132087
vt -0.395146 1.091255
vt 0.451023 1.126492
vt 0.444643 1.061723
vt -0.395146 1.096961
vt 0.473339 -0.321852
vt 0.303238 1.503581
vt 0.076492 1.501023
vt 0.321852 1.469693
vt 0.066454 0.309325
vt 0.087791 0.425000
vt 0.041255 1.526799
vt 0.021761 0.309325
vt 0.303238 1.492086
vt 0.112680 1.466628
vt 0.046961 0.395146
vt 0.112681 0.309325
vt 0.250123 0.390675
vt 0.062901 0.309325
vt 0.303238 1.479914
vt 0.062901 1.516079
vt 0.282427 1.490069
vt 0.310632 0.417573
vt 0.282427 1.471177
vt 0.202272 1.478199
vt 0.139077 0.395146
vt 0.282427 1.478199
vt 0.311468 0.390675
vt 0.282427 1.453293
vt 0.183346 0.395146
vt 0.142143 1.453293
vt 0.309325 1.430429
vt 0.337782 0.390675
vt 0.309325 1.463300
vt 0.225849 0.395146
vt 0.282427 1.442240
vt 0.360843 0.390675
vt 0.282427 1.406082
vt 0.282427 1.418499
vt 0.412204 0.417573
vt 0.309325 1.407928
vt 0.260322 0.417573
vt 0.309325 1.361468
vt 0.396351 0.390675
vt 0.309325 1.374928
vt 0.309325 1.332154
vt 0.408457 0.390675
vt 0.282427 1.310322
vt 0.357927 0.390675
vt 0.309325 1.300123
vt 0.390675 1.162681
vt 0.282427 1.272949
vt 0.356082 0.417573
vt 0.304854 1.248408
vt 0.304854 1.275849
vt 0.381525 0.417573
vt 0.304854 1.211069
vt 0.304854 1.233346
vt 0.435140 0.390675
vt 0.304854 1.172179
vt 0.452793 0.396762
vt 0.452790 0.390675
vt 0.304854 1.132112
vt 0.416628 1.162681
vt 0.418867 1.096961
vt 0.466079 1.112901
vt 0.304854 1.143469
vt 0.422327 0.378148
vt 0.429914 0.396762
vt 0.321852 1.132087
vt 0.304854 1.091255
vt 0.304854 1.096961
vt 0.473339 0.378148
vt 0.476799 1.091255
vt 0.090762 -0.360046
vt -0.002547 -0.360046
vt 0.136637 -0.360046
vt 0.038944 -0.339954
vt 0.157822 -0.309325
vt 0.172854 -0.321852
vt 0.181196 -0.339954
vt 0.181196 -0.360046
vt 0.157822 -0.390675
vt 0.103435 -0.390675
vt 0.103435 -0.309325
vt 0.088403 -0.321852
vt 0.080061 -0.339954
vt 0.088403 -0.378148
vt 0.215955 -0.378148
vt 0.201443 -0.390675
vt 0.201443 -0.309325
vt 0.215955 -0.321852
vt 0.224009 -0.360046
vt 0.142972 -0.390675
vt 0.142972 -0.309325
vt 0.128460 -0.321852
vt 0.120406 -0.339954
vt 0.128460 -0.378148
vt 0.243124 -0.309325
vt 0.256977 -0.321852
vt 0.264666 -0.339954
vt 0.264666 -0.360046
vt 0.243124 -0.390675
vt 0.181133 -0.390675
vt 0.181133 -0.309325
vt 0.167280 -0.321852
vt 0.159591 -0.339954
vt 0.167280 -0.378148
vt 0.295525 -0.378148
vt 0.282464 -0.390675
vt 0.266177 -0.395146
vt 0.266177 -0.304854
vt 0.282464 -0.309325
vt 0.295525 -0.321852
vt 0.302773 -0.360046
vt 0.217549 -0.390675
vt 0.233836 -0.395146
vt 0.217549 -0.309325
vt 0.204488 -0.321852
vt 0.197240 -0.339954
vt 0.204488 -0.378148
vt 0.319083 -0.309325
vt 0.331226 -0.321852
vt 0.337965 -0.339954
vt 0.337965 -0.360046
vt 0.319083 -0.390675
vt 0.303942 -0.395146
vt 0.303942 -0.304854
vt 0.251871 -0.390675
vt 0.267012 -0.395146
vt 0.251871 -0.309325
vt 0.239728 -0.321852
vt 0.232989 -0.339954
vt 0.239728 -0.378148
vt -0.395146 1.347617
vt -0.390675 1.333766
vt -0.360046 1.316495
vt -0.339954 1.316495
vt -0.321852 1.322659
vt -0.304854 1.347617
vt -0.395146 1.388779
vt -0.390675 1.402630
vt -0.378148 1.413737
vt -0.339954 1.419901
vt -0.321852 1.413737
vt -0.309325 1.402630
vt -0.395146 1.317012
vt -0.390675 1.301871
vt -0.360046 1.282989
vt -0.339954 1.282989
vt -0.321852 1.289728
vt -0.304854 1.317012
vt -0.395146 1.353942
vt -0.390675 1.369083
vt -0.378148 1.381226
vt -0.339954 1.387965
vt -0.321852 1.381226
vt -0.309325 1.369083
vt -0.395146 1.283836
vt -0.390675 1.267549
vt -0.360046 1.247240
vt -0.339954 1.247240
vt -0.321852 1.254488
vt -0.304854 1.283836
vt -0.395146 1.316177
vt -0.390675 1.332464
vt -0.378148 1.345525
vt -0.339954 1.352773
vt -0.321852 1.345525
vt -0.309325 1.332464
vt -0.390675 1.231133
vt -0.360046 1.209592
vt -0.339954 1.209592
vt -0.321852 1.217280
vt -0.390675 1.293124
vt -0.378148 1.306978
vt -0.339954 1.314666
vt -0.321852 1.306978
vt -0.309325 1.293124
vt -0.390675 1.192972
vt -0.360046 1.170406
vt -0.339954 1.170406
vt -0.321852 1.178460
vt -0.390675 1.251443
vt -0.378148 1.265955
vt -0.339954 1.274009
vt -0.321852 1.265955
vt -0.309325 1.251443
vt -0.390675 1.153435
vt -0.360046 1.130061
vt -0.339954 1.130061
vt -0.321852 1.138403
vt -0.390675 1.207822
vt -0.378148 1.222853
vt -0.339954 1.231196
vt -0.321852 1.222853
vt -0.309325 1.207822
vt -0.360046 1.088944
vt -0.339954 1.088944
vt -0.339954 1.186637
vt -0.360046 1.047453
vt -0.339954 1.047453
vt -0.339954 1.140762
vt 0.090762 0.360046
vt 0.090762 0.339954
vt -0.002547 0.360046
vt 0.136637 0.339954
vt 0.038944 0.360046
vt 0.157822 0.390675
vt 0.172854 0.378148
vt 0.181196 0.360046
vt 0.181196 0.339954
vt 0.157822 0.309325
vt 0.103435 0.309325
vt 0.103435 0.390675
vt 0.088403 0.378148
vt 0.080061 0.360046
vt 0.088403 0.321852
vt 0.215955 0.321852
vt 0.201443 0.309325
vt 0.201443 0.390675
vt 0.215955 0.378148
vt 0.224009 0.339954
vt 0.142972 0.309325
vt 0.142972 0.390675
vt 0.128460 0.378148
vt 0.120406 0.360046
vt 0.128460 0.321852
vt 0.243124 0.390675
vt 0.256977 0.378148
vt 0.264666 0.360046
vt 0.264666 0.339954
vt 0.243124 0.309325
vt 0.181133 0.309325
vt 0.181133 0.390675
vt 0.167280 0.378148
vt 0.159591 0.360046
vt 0.167280 0.321852
vt 0.295525 0.321852
vt 0.282464 0.309325
vt 0.266177 0.304854
vt 0.266177 0.395146
vt 0.282464 0.390675
vt 0.295525 0.378148
vt 0.302773 0.339954
vt 0.217549 0.309325
vt 0.233836 0.304854
vt 0.217549 0.390675
vt 0.204488 0.378148
vt 0.197240 0.360046
vt 0.204488 0.321852
vt 0.319083 0.390675
vt 0.331226 0.378148
vt 0.337965 0.360046
vt 0.337965 0.339954
vt 0.319083 0.309325
vt 0.303942 0.304854
vt 0.303942 0.395146
vt 0.251871 0.309325
vt 0.267012 0.304854
vt 0.251871 0.390675
vt 0.239728 0.378148
vt 0.232989 0.360046
vt 0.239728 0.321852
vt 0.363737 0.321852
vt 0.352630 0.309325
vt 0.338779 0.304854
vt 0.338779 0.395146
vt 0.352630 0.390675
vt 0.363737 0.378148
vt 0.369901 0.339954
vt 0.283766 0.309325
vt 0.297617 0.304854
vt 0.283766 0.390675
vt 0.272659 0.378148
vt 0.266495 0.360046
vt 0.272659 0.321852
vt 0.304854 1.317012
vt 0.309325 1.301871
vt 0.339954 1.282989
vt 0.360046 1.282989
vt 0.378148 1.289728
vt 0.395146 1.317012
vt 0.304854 1.353942
vt 0.309325 1.369083
vt 0.321852 1.381226
vt 0.360046 1.387965
vt 0.378148 1.381226
vt 0.390675 1.369083
vt 0.304854 1.283836
vt 0.309325 1.267549
vt 0.339954 1.247240
vt 0.360046 1.247240
vt 0.378148 1.254488
vt 0.395146 1.283836
vt 0.304854 1.316177
vt 0.309325 1.332464
vt 0.321852 1.345525
vt 0.360046 1.352773
vt 0.378148 1.345525
vt 0.390675 1.332464
vt 0.309325 1.231133
vt 0.339954 1.209592
vt 0.360046 1.209592
vt 0.378148 1.217280
vt 0.309325 1.293124
vt 0.321852 1.306978
vt 0.360046 1.314666
vt 0.378148 1.306978
vt 0.390675 1.293124
vt 0.309325 1.192972
vt 0.339954 1.170406
vt 0.360046 1.170406
vt 0.378148 1.178460
vt 0.309325 1.251443
vt 0.321852 1.265955
vt 0.360046 1.274009
vt 0.378148 1.265955
vt 0.390675 1.251443
vt 0.309325 1.153435
vt 0.339954 1.130061
vt 0.360046 1.130061
vt 0.378148 1.138403
vt 0.309325 1.207822
vt 0.321852 1.222853
vt 0.360046 1.231196
vt 0.378148 1.222853
vt 0.390675 1.207822
vt 0.339954 1.088944
vt 0.360046 1.088944
vt 0.360046 1.186637
vt 0.339954 1.047453
vt 0.360046 1.047453
vt 0.360046 1.140762
s 1
f 75/1/27 76/2/40 3202/3/26
f 3/4/3 3144/5/591 2/6/2
f 4/4/4 1/6/1 3207/5/25
f 3167/7/596 3174/8/598 3168/9/597
f 3181/10/589 3182/11/592 3196/12/590
f 77/2/41 74/1/39 33/3/19
f 3188/7/595 3195/9/594 3189/8/593
f 34/10/20 32/12/18 3175/11/599
f 89/13/4 86/14/1 3158/15/25
f 3131/16/27 3130/17/40 3164/18/26
f 3157/19/595 3159/20/594 3204/21/593
f 3198/22/589 3199/23/592 3209/24/590
f 88/13/3 3170/15/591 87/14/2
f 3129/17/41 3132/16/39 3171/18/19
f 3184/19/596 3191/21/598 3185/20/597
f 3177/22/20 3178/24/18 3192/23/599
f 3162/25/4 46/26/1 43/27/25
f 45/26/27 3140/25/40 44/27/26
f 3161/28/595 3149/29/594 3148/30/593
f 3141/28/589 3147/30/592 3142/29/590
f 3219/31/3 3220/32/591 3224/33/2
f 3221/31/41 3223/33/39 3222/32/19
f 3213/34/596 3214/35/598 3218/36/597
f 3215/34/20 3217/36/18 3216/35/599
f 2504/37/288 2498/38/287 2508/39/287
f 2488/40/304 2480/41/270 2494/42/270
f 2580/43/264 2468/44/263 2476/45/263
f 2460/42/291 2452/46/315 2464/40/315
f 2448/47/305 2484/48/304 2488/40/304
f 2516/40/315 2432/49/314 2442/47/314
f 2464/40/315 2424/49/314 2428/47/314
f 1114/37/298 1115/50/299 1111/51/298
f 2412/52/290 2444/53/305 2448/47/305
f 2428/47/314 2400/54/279 2404/52/279
f 2524/55/294 2388/56/293 2396/57/293
f 2386/37/298 2408/54/290 2412/52/290
f 1106/47/305 1099/48/304 1102/40/304
f 2404/52/279 2364/51/288 2368/37/288
f 2386/37/298 2356/50/299 2382/51/298
f 2352/58/308 2348/59/309 2344/60/308
f 2368/37/288 2336/38/287 2340/39/287
f 2332/61/279 2500/62/288 2504/63/288
f 2360/39/299 2320/64/280 2356/50/299
f 2316/65/265 2336/38/287 2312/64/265
f 2308/66/278 2320/64/280 2326/65/280
f 2300/66/262 2312/64/265 2296/67/262
f 1114/63/298 1107/68/290 1110/61/290
f 2308/66/278 2284/69/275 2304/67/278
f 1096/42/291 2438/46/315 2516/40/315
f 2300/66/262 2274/69/261 2276/70/261
f 1158/71/335 1159/72/336 1155/73/335
f 2288/70/275 2256/74/272 2284/69/275
f 2248/75/274 2240/76/273 2252/77/273
f 2276/70/261 2232/78/257 2236/79/257
f 2228/80/271 2256/74/272 2260/79/272
f 2220/80/256 2232/78/257 2218/81/256
f 2332/52/279 2432/49/314 2330/54/279
f 2214/82/269 2224/81/271 2228/80/271
f 2512/42/270 1099/48/304 2204/41/270
f 2220/80/256 2196/83/254 2200/82/254
f 1170/84/338 1171/85/339 1167/86/338
f 2214/82/269 2180/87/268 2208/83/269
f 2200/82/254 2172/88/252 2176/89/252
f 1110/52/290 1103/53/305 1106/47/305
f 2184/89/268 2164/90/251 2180/87/268
f 2540/91/277 2152/92/276 2162/93/276
f 2176/89/252 2144/94/267 2148/95/267
f 2494/42/270 2164/90/251 2168/95/251
f 2148/95/267 2456/41/291 2460/42/291
f 1122/65/280 1115/50/299 1118/39/299
f 2248/75/274 2132/96/266 2244/97/274
f 2128/65/265 2498/38/287 2124/64/265
f 1126/66/278 1119/64/280 1122/65/280
f 2116/66/262 2124/64/265 2112/67/262
f 1152/98/334 2348/59/309 2550/71/309
f 1126/66/278 1127/69/275 1123/67/278
f 1170/84/338 1163/99/337 1166/100/337
f 2116/66/262 2036/69/261 2040/70/261
f 2028/101/260 2020/102/259 2032/103/259
f 1130/70/275 1131/74/272 1127/69/275
f 1214/55/351 1215/104/352 1211/105/351
f 2040/70/261 2000/78/257 2004/79/257
f 1138/80/271 1131/74/272 1134/79/272
f 1994/80/256 2000/78/257 1990/81/256
f 2544/106/255 1155/107/335 1984/108/255
f 1142/61/269 1135/109/271 1138/63/271
f 2136/110/266 2344/60/308 2132/96/266
f 1994/63/256 1972/111/254 1976/61/254
f 1142/82/269 1143/87/268 1139/83/269
f 1226/112/354 1227/113/355 1223/114/354
f 1976/82/254 1956/88/252 2556/89/252
f 1286/115/373 1279/116/372 1282/117/372
f 2554/95/251 1143/87/268 1146/89/268
f 1166/100/337 1159/118/336 1162/119/336
f 2556/89/252 1149/94/267 1148/95/267
f 2512/42/270 1944/90/251 2554/95/251
f 1096/42/291 1149/94/267 1097/41/291
f 1178/120/340 1171/121/339 1174/77/339
f 1934/122/249 2024/123/260 2028/101/260
f 2252/77/273 1920/124/248 1924/120/248
f 1182/106/341 1175/125/340 1178/126/340
f 1274/127/369 1267/128/368 1270/129/368
f 1904/130/245 1920/124/248 1900/131/245
f 2524/55/294 1209/132/350 2392/133/294
f 1182/130/341 1183/134/342 1179/135/341
f 1226/112/354 1219/136/353 1222/137/353
f 1904/106/245 1882/138/244 1884/139/244
f 1190/140/343 1183/134/342 1186/141/342
f 2572/142/247 1864/143/246 1872/144/246
f 1884/141/244 1856/145/240 1860/140/240
f 1194/146/344 1187/147/343 1190/140/343
f 1848/148/238 1856/149/240 1844/150/238
f 1214/151/351 1840/152/237 2520/153/237
f 1198/154/345 1191/155/344 1194/146/344
f 1934/122/249 2388/56/293 1928/156/249
f 1848/148/238 1828/157/236 1832/158/236
f 1822/159/243 1812/160/242 1826/161/242
f 1198/154/345 1199/162/346 1195/163/345
f 1832/158/236 1804/164/233 2532/165/233
f 1202/166/346 1800/167/232 1199/162/346
f 1218/168/352 1219/136/353 1215/169/352
f 1204/170/348 1804/171/233 1205/172/348
f 2544/98/255 1800/167/232 2528/170/232
f 1152/106/334 1205/173/348 1153/174/334
f 1822/159/243 1788/175/234 1816/176/243
f 1230/103/355 1231/177/356 1227/178/355
f 1780/179/230 2020/102/259 1776/180/230
f 2596/181/229 1766/182/228 1772/183/228
f 1234/184/356 1235/152/357 1231/185/356
f 1780/179/230 1752/186/227 1756/187/227
f 1278/188/370 1279/116/372 1275/189/370
f 1242/190/359 1235/191/357 1238/187/357
f 1264/192/366 2158/193/277 2540/91/277
f 1736/194/226 1752/195/227 1732/196/226
f 1330/197/387 1323/198/386 1326/199/386
f 1246/200/360 1239/201/359 1242/190/359
f 1716/202/223 1710/203/224 1704/204/223
f 1736/190/226 1696/205/221 1700/200/221
f 1250/206/361 1243/207/360 1246/200/360
f 1688/208/220 1696/209/221 1684/210/220
f 1792/211/234 2152/92/276 1788/175/234
f 1254/212/362 1247/213/361 1250/206/361
f 2536/214/584 1267/215/368 1676/216/219
f 1688/208/220 1668/217/218 1672/218/218
f 1342/219/390 1335/220/389 1338/221/389
f 1254/212/362 1255/222/363 1251/223/362
f 1672/218/218 1654/224/216 2612/225/216
f 1274/127/369 1275/189/370 1271/226/369
f 2610/227/215 1255/222/363 1258/228/363
f 1260/227/364 1654/229/216 1261/230/365
f 2610/227/215 1840/231/237 1648/232/215
f 1260/233/364 1209/195/350 1208/153/350
f 1286/115/373 1287/234/374 1283/235/373
f 1636/236/258 1710/203/224 1714/237/224
f 1628/238/213 1812/160/242 1624/239/213
f 1294/214/376 1287/240/374 1290/241/374
f 1616/242/212 1612/243/211 1608/244/212
f 1604/245/209 1624/239/213 1602/246/461
f 2580/43/264 1321/247/385 2472/248/264
f 1294/245/376 1295/249/377 1291/250/375
f 1334/251/388 1335/220/389 1331/252/388
f 1604/214/209 1580/253/208 1584/254/208
f 1572/255/207 1564/256/206 1576/257/206
f 1298/258/377 1299/259/378 1295/249/377
f 1382/260/402 1383/261/403 1379/262/402
f 1548/263/205 1580/264/208 1546/265/205
f 1306/266/380 1299/259/378 1302/267/378
f 1548/263/205 1532/268/204 1536/269/204
f 2576/270/203 1323/271/386 1528/272/203
f 1310/273/381 1303/274/380 1306/266/380
f 1636/236/258 2468/44/263 1632/275/258
f 1520/276/202 1532/268/204 1516/277/202
f 1314/278/383 1307/279/381 1310/273/381
f 1394/280/405 1395/281/406 1391/282/405
f 2564/283/200 1516/277/202 1500/284/200
f 2560/285/199 1311/286/383 1314/278/383
f 1330/197/387 1331/252/388 1327/287/387
f 2564/283/200 1317/288/384 1316/289/384
f 2560/285/199 1676/290/219 1496/291/199
f 1264/214/366 1317/292/384 1265/293/366
f 1342/219/390 1343/294/393 1339/295/390
f 1572/255/207 1480/296/197 1568/297/207
f 1476/298/196 1704/204/223 1472/299/196
f 1350/270/394 1343/300/393 1346/301/393
f 2628/302/195 1456/303/194 1464/304/194
f 1476/298/196 1448/305/193 1452/306/193
f 1376/307/401 1868/308/247 2572/142/247
f 1354/309/395 1347/310/394 1350/306/394
f 1394/280/405 1387/311/404 1390/312/404
f 1452/270/193 1430/313/191 1434/314/191
f 1420/315/190 1412/316/189 1424/317/189
f 1354/309/395 1355/318/396 1351/319/395
f 1442/320/418 1435/321/416 1438/322/416
f 1396/323/188 1430/324/191 1392/325/188
f 1362/326/397 1355/318/396 1358/327/396
f 1396/323/188 1380/328/187 1384/329/187
f 1382/330/402 1378/331/186 2568/332/186
f 1366/333/398 1359/334/397 1362/326/397
f 1872/144/246 1480/296/197 1486/335/197
f 1368/336/185 1380/328/187 1364/337/185
f 1366/333/398 1367/338/399 1363/339/398
f 1454/340/421 1447/341/420 1450/342/420
f 2588/343/183 1364/337/185 1348/344/183
f 2584/345/182 1367/338/399 1370/346/399
f 1390/312/404 1383/261/403 1386/347/403
f 2588/343/183 1373/348/400 1372/349/400
f 2584/345/182 1528/350/203 1344/351/182
f 1320/270/385 1373/352/400 1321/353/385
f 1402/354/407 1395/281/406 1398/355/406
f 1420/315/190 1328/356/180 1416/357/190
f 1324/358/179 1564/256/206 1322/359/179
f 1402/330/407 1403/331/408 1399/360/407
f 2700/361/382 1304/362/177 1312/363/177
f 1324/358/179 1296/364/176 1300/365/176
f 2596/366/229 1433/367/415 1770/368/229
f 1406/365/408 1407/369/409 1403/370/408
f 1450/342/420 1443/371/419 1446/372/419
f 1280/373/174 1296/374/176 1276/375/175
f 1272/376/171 1266/377/367 1262/378/173
f 1410/379/409 1411/380/410 1407/369/409
f 1494/381/433 1495/382/434 1491/383/433
f 1280/384/174 1240/385/170 1244/386/170
f 1418/387/411 1411/380/410 1414/388/410
f 1232/389/169 1240/385/170 1228/390/169
f 1438/366/416 1224/391/168 2592/392/168
f 1422/393/412 1415/394/411 1418/387/411
f 1332/395/180 1766/182/228 1328/356/180
f 1232/389/169 1212/396/167 1216/397/167
f 1422/393/412 1423/398/413 1419/399/412
f 1510/400/437 1503/401/436 1506/402/436
f 1216/397/167 1196/403/165 2606/404/165
f 2600/405/164 1423/398/413 1426/406/413
f 1442/320/418 1443/371/419 1439/407/418
f 1428/408/414 1196/403/165 1429/409/414
f 2600/405/164 1378/410/186 1192/411/164
f 1428/373/414 1377/374/401 1376/332/401
f 1454/340/421 1455/412/423 1451/413/421
f 1268/414/172 1176/415/162 1266/377/367
f 1172/416/160 1412/316/189 1168/417/160
f 1458/418/423 1459/419/424 1455/420/423
f 2652/421/159 1154/422/158 1160/423/158
f 1172/418/160 1144/424/157 1150/392/157
f 2644/425/211 1489/426/431 1612/427/211
f 1466/428/425 1459/419/424 1462/392/424
f 1506/402/436 1499/429/435 1502/430/435
f 1150/392/157 1124/431/156 1128/428/156
f 1120/432/154 1112/433/155 1108/434/154
f 1466/435/425 1467/436/426 1463/437/425
f 1550/438/447 1551/439/448 1547/440/447
f 1032/441/152 1124/442/156 1031/443/152
f 1474/444/427 1467/436/426 1470/445/426
f 1032/441/152 1028/446/151 1029/447/151
f 1494/425/433 1027/448/150 2640/449/150
f 1474/444/427 1475/450/428 1471/451/427
f 1616/242/212 1176/415/162 1180/452/162
f 1029/447/151 1024/453/148 1025/454/148
f 1478/455/428 1479/456/429 1475/450/428
f 1562/457/450 1563/458/451 1559/459/450
f 1025/454/148 1020/460/146 2620/461/146
f 2616/462/145 1479/456/429 1482/463/429
f 1502/430/435 1495/382/434 1498/464/434
f 2620/461/146 1485/465/430 1484/466/430
f 2616/467/145 1224/391/168 1019/468/145
f 1432/392/415 1485/431/430 1433/367/415
f 1514/469/438 1507/470/437 1510/400/437
f 1116/471/155 1015/472/143 1112/433/155
f 1272/376/171 1013/473/142 1014/474/142
f 1514/425/438 1515/475/439 1511/476/438
f 1011/477/140 1010/478/141 1009/479/140
f 1008/449/139 1013/427/142 1007/480/139
f 1544/481/446 1460/482/195 2628/483/195
f 1518/449/439 1519/484/440 1515/475/439
f 1562/457/450 1555/485/449 1558/486/449
f 1003/487/138 1007/480/139 1002/488/138
f 1000/489/137 998/490/136 1001/491/136
f 1526/492/441 1519/493/440 1522/494/440
f 1610/495/463 1603/496/462 1606/497/462
f 1003/498/138 993/499/135 994/500/135
f 1526/492/441 1527/501/442 1523/502/441
f 994/500/135 990/503/134 991/504/134
f 1550/483/447 989/505/133 2624/481/133
f 1534/506/443 1527/501/442 1530/507/442
f 1464/304/194 1015/472/143 1016/508/143
f 987/509/132 990/503/134 986/510/132
f 1538/511/444 1531/512/443 1534/506/443
f 1622/513/466 1615/514/465 1618/515/465
f 2636/516/130 986/510/132 982/517/130
f 1538/511/444 981/518/129 1535/519/444
f 1558/486/449 1551/439/448 1554/520/448
f 1540/521/445 982/517/130 1541/522/445
f 2632/487/129 1027/448/150 981/484/129
f 1540/487/445 1489/426/431 1488/449/431
f 1570/523/452 1563/458/451 1566/524/451
f 978/525/127 999/526/137 1000/489/137
f 976/527/125 1108/434/154 975/528/125
f 1570/529/452 1571/505/453 1567/530/452
f 2684/531/124 971/532/123 973/533/123
f 976/529/125 969/534/122 970/481/122
f 1600/535/460 1308/536/382 2700/537/382
f 1574/481/453 1575/538/454 1571/505/453
f 1618/515/465 1611/539/464 1614/540/464
f 965/541/121 969/534/122 964/542/121
f 963/543/118 961/544/119 960/545/118
f 1578/546/454 1579/547/455 1575/548/454
f 1662/549/478 1663/550/479 1659/551/478
f 965/552/121 955/553/117 956/554/117
f 1582/555/455 1583/556/456 1579/547/455
f 953/557/116 955/553/117 952/558/116
f 2696/535/115 1603/559/462 951/560/115
f 1590/561/457 1583/556/456 1586/562/456
f 978/525/127 1304/362/177 977/563/126
f 953/557/116 948/564/114 949/565/114
f 1590/561/457 1591/566/458 1587/567/457
f 1678/568/482 1671/569/481 1674/570/481
f 949/565/114 944/571/112 2676/572/112
f 2672/573/111 1591/566/458 1594/574/458
f 1610/495/463 1611/539/464 1607/575/463
f 1596/576/459 944/571/112 1597/577/459
f 2672/541/111 989/505/133 943/538/111
f 1596/541/459 1545/534/446 1544/481/446
f 1622/513/466 1623/578/467 1619/579/466
f 940/580/318 961/544/119 962/581/119
f 1001/491/136 937/582/108 938/583/108
f 1630/535/468 1623/559/467 1626/537/467
f 2708/584/106 933/585/105 935/586/105
f 932/535/104 937/587/108 931/588/104
f 2652/589/159 1657/590/477 1156/591/159
f 1634/592/469 1627/593/468 1630/535/468
f 1674/570/481 1667/594/480 1670/595/480
f 932/535/104 926/596/103 927/592/103
f 924/597/102 922/598/101 925/599/101
f 1638/600/470 1631/601/469 1634/602/469
f 1718/603/495 1719/604/496 1715/605/495
f 918/606/100 926/607/103 917/608/100
f 1638/600/470 1639/609/471 1635/610/470
f 918/606/100 914/611/99 915/612/99
f 1662/589/478 913/613/98 2648/614/98
f 1646/615/474 1639/609/471 1642/616/471
f 1160/423/158 939/617/318 940/580/318
f 915/612/99 910/618/97 911/619/97
f 1646/615/474 1647/620/475 1643/621/473
f 1730/622/498 1731/623/499 1727/624/498
f 2662/625/317 910/618/97 906/626/317
f 2656/627/586 1647/620/475 1650/628/475
f 1670/595/480 1663/550/479 1666/629/479
f 2662/625/317 1653/630/476 1652/631/476
f 2696/535/115 905/632/94 2656/633/586
f 1600/535/460 1653/634/476 1601/635/460
f 1682/636/483 1675/637/482 1678/568/482
f 902/638/92 923/639/102 924/597/102
f 900/640/91 960/545/118 899/641/91
f 1686/642/484 1679/643/483 1682/644/483
f 2724/645/90 895/646/89 897/647/89
f 900/644/91 893/648/88 894/642/88
f 1712/649/494 1010/650/141 2668/651/587
f 1686/642/484 1687/652/485 1683/653/484
f 1730/622/498 1723/654/497 1726/655/497
f 894/642/88 888/656/87 889/657/87
f 887/658/85 885/659/86 884/660/85
f 1694/661/486 1687/662/485 1690/663/485
f 1778/664/510 1771/665/509 1774/666/509
f 889/667/87 879/668/84 880/669/84
f 1694/661/486 1695/670/488 1691/671/486
f 877/672/83 879/668/84 876/673/83
f 2666/674/82 1715/605/495 875/675/82
f 1702/676/491 1695/670/488 1698/677/489
f 902/638/92 1009/479/140 901/678/92
f 877/672/83 872/679/80 873/680/80
f 1706/681/492 1699/682/490 1702/676/491
f 1790/683/513 1783/684/512 1786/685/512
f 2732/686/78 872/679/80 868/687/78
f 1706/681/492 867/688/77 1703/689/492
f 1726/655/497 1719/604/496 1722/690/496
f 1708/691/493 868/687/78 1709/692/493
f 2728/657/77 913/613/98 867/693/77
f 1708/657/493 1657/590/477 1656/614/477
f 1738/694/500 1731/623/499 1734/695/499
f 864/696/75 885/659/86 886/697/86
f 925/599/101 861/698/74 862/699/74
f 1742/700/501 1735/701/500 1738/694/500
f 859/702/72 858/703/73 857/704/72
f 856/649/71 861/650/74 855/705/71
f 2684/706/124 1769/707/508 972/708/124
f 1742/649/501 1743/709/502 1739/710/501
f 1782/711/511 1783/684/512 1779/712/511
f 856/700/71 850/713/70 851/714/70
f 849/715/68 847/716/69 846/717/68
f 1750/718/503 1743/719/502 1746/720/502
f 1830/721/523 1831/722/524 1827/723/523
f 842/724/67 850/713/70 841/725/67
f 1750/718/503 1751/726/504 1747/727/503
f 839/728/66 841/725/67 838/729/66
f 1774/666/509 837/730/65 2680/731/65
f 1758/732/505 1751/726/504 1754/733/504
f 864/696/75 971/532/123 863/734/75
f 839/728/66 834/735/64 835/736/64
f 1762/737/506 1755/738/505 1758/732/505
f 1842/739/526 1843/740/527 1839/741/526
f 835/736/64 830/742/62 2692/743/62
f 1762/737/506 829/744/61 1759/745/506
f 1778/664/510 1779/712/511 1775/746/510
f 1764/747/507 830/742/62 1765/748/507
f 2666/649/82 829/709/61 2688/749/61
f 1712/674/494 1765/748/507 1713/750/494
f 1790/683/513 1791/751/514 1787/752/513
f 848/753/69 825/754/59 847/716/69
f 824/755/58 884/660/85 823/756/58
f 1794/757/514 1795/758/515 1791/751/514
f 2748/759/57 819/760/56 821/761/56
f 824/706/58 817/762/55 818/763/55
f 1824/764/522 934/765/106 2708/766/106
f 1802/767/516 1795/768/515 1798/763/515
f 1842/739/526 1835/769/525 1838/770/525
f 818/771/55 812/772/54 813/773/54
f 810/774/53 808/775/52 811/776/52
f 1802/777/516 1803/778/517 1799/779/516
f 1890/647/538 1883/780/537 1886/645/537
f 804/781/51 812/772/54 803/782/51
f 1806/783/517 1807/784/518 1803/778/517
f 801/785/50 803/782/51 800/786/50
f 1830/721/523 799/787/49 2704/788/49
f 1814/789/519 1807/784/518 1810/790/518
f 826/791/59 933/585/105 825/754/59
f 797/792/48 800/786/50 796/793/48
f 1818/794/520 1811/795/519 1814/789/519
f 1898/796/540 1899/797/541 1895/798/540
f 797/792/48 792/799/46 2718/800/46
f 2712/801/45 1815/802/520 1818/794/520
f 1834/803/524 1835/769/525 1831/722/524
f 1820/804/521 792/799/46 1821/805/521
f 2712/767/45 837/768/65 791/806/45
f 1820/804/521 1769/807/508 1768/731/508
f 1846/808/527 1847/809/528 1843/740/527
f 788/810/43 809/811/53 810/774/53
f 786/812/42 846/717/68 785/813/42
f 1854/814/529 1847/809/528 1850/815/528
f 782/816/315 780/817/314 783/818/314
f 786/766/42 778/819/38 779/764/38
f 2724/820/90 1881/821/536 896/822/90
f 1858/823/530 1851/824/529 1854/764/529
f 1894/825/539 1895/798/540 1891/826/539
f 774/827/36 778/828/38 773/829/36
f 772/830/34 770/831/35 769/832/34
f 1858/833/530 1859/834/531 1855/835/530
f 1946/702/552 1939/836/551 1942/837/551
f 774/827/36 764/838/33 765/839/33
f 1862/840/531 1863/841/532 1859/834/531
f 762/842/32 764/838/33 761/843/32
f 2722/844/31 1883/780/537 760/845/31
f 1870/846/533 1863/841/532 1866/847/532
f 788/810/43 895/848/89 787/849/43
f 758/850/30 761/843/32 757/851/30
f 1870/846/533 1871/852/534 1867/853/533
f 1958/854/555 1951/855/554 1954/856/554
f 758/850/30 753/857/28 2860/858/28
f 2856/859/24 1871/852/534 1874/860/534
f 1890/647/538 1891/826/539 1887/861/538
f 1876/862/535 753/857/28 1877/863/535
f 2856/823/24 799/824/49 752/864/24
f 1876/862/535 1825/865/522 1824/788/522
f 1902/866/541 1903/867/542 1899/797/541
f 749/868/22 770/831/35 771/869/35
f 747/870/21 808/871/52 746/872/21
f 1910/873/543 1903/867/542 1906/870/542
f 2830/816/315 742/817/314 744/818/314
f 747/874/21 740/875/17 741/876/17
f 1936/877/550 858/878/73 2756/879/73
f 1914/880/544 1907/881/543 1910/876/543
f 1950/882/553 1951/855/554 1947/883/553
f 741/873/17 735/884/14 736/885/14
f 733/886/13 731/887/12 734/888/12
f 1914/885/544 1915/889/545 1911/890/544
f 1998/759/565 1999/760/566 1995/891/565
f 736/885/14 726/892/11 727/893/11
f 1922/894/546 1915/895/545 1918/896/545
f 727/893/11 723/897/10 724/898/10
f 2752/899/9 1939/836/551 722/900/9
f 1926/901/547 1919/902/546 1922/894/546
f 859/903/72 748/904/22 749/868/22
f 724/898/10 719/905/8 720/906/8
f 1926/901/547 1927/907/548 1923/908/547
f 2010/886/568 2011/887/569 2007/909/568
f 2740/910/5 719/905/8 715/911/5
f 2736/912/313 1927/913/548 1930/910/548
f 1946/702/552 1947/883/553 1943/914/552
f 2740/910/5 1933/915/549 1932/912/549
f 2722/876/31 714/916/313 2736/917/313
f 1880/844/536 1933/915/549 1881/918/536
f 1958/854/555 1959/919/556 1955/920/555
f 711/921/311 732/922/13 733/923/13
f 772/854/34 708/924/310 709/925/310
f 1966/926/557 1959/919/556 1962/925/556
f 706/927/308 705/928/309 704/929/308
f 703/877/307 708/930/310 702/931/307
f 2748/759/57 1993/932/564 820/891/57
f 1966/877/557 1967/933/558 1963/934/557
f 2010/923/568 2003/935/567 2006/921/567
f 703/926/307 697/936/306 698/937/306
f 695/938/288 693/939/287 696/940/287
f 1974/941/559 1967/942/558 1970/937/558
f 691/816/304 689/943/305 688/944/304
f 687/941/303 697/936/306 686/945/303
f 1974/946/559 1975/947/560 1971/948/559
f 687/941/303 683/949/302 684/950/302
f 1998/759/565 682/932/301 2744/951/301
f 1982/952/561 1975/947/560 1978/953/560
f 711/954/311 819/760/56 710/955/311
f 680/956/300 683/949/302 679/957/300
f 1986/958/562 1979/959/561 1982/952/561
f 677/938/298 675/960/299 674/961/298
f 2764/962/297 679/957/300 673/963/297
f 1986/962/562 672/964/296 1983/965/562
f 2006/954/567 1999/760/566 2002/761/566
f 2764/962/297 1989/966/563 1988/967/563
f 2752/877/9 672/968/296 2760/969/296
f 1936/899/550 1989/966/563 1937/970/550
f 2014/888/569 2015/971/570 2011/887/569
f 669/972/279 694/961/288 695/938/288
f 734/888/12 666/971/295 667/973/295
f 2022/974/571 2015/971/570 2018/973/570
f 2788/975/294 662/976/293 664/977/293
f 661/974/292 666/971/295 660/978/292
f 659/979/291 781/944/315 782/816/315
f 2022/974/571 2023/980/572 2019/978/571
f 677/938/298 655/981/290 656/972/290
f 661/974/292 653/980/289 654/982/289
f 651/938/288 649/939/287 652/940/287
f 2030/983/573 2023/980/572 2026/982/572
f 2110/816/304 2111/943/305 2107/944/304
f 645/983/286 653/980/289 644/984/286
f 2034/985/574 2027/984/573 2030/983/573
f 642/985/285 644/984/286 641/986/285
f 640/979/270 688/944/304 639/987/270
f 2038/921/575 2031/988/574 2034/923/574
f 669/972/279 780/817/314 668/981/279
f 642/923/285 636/989/284 637/921/284
f 2038/990/575 2039/991/576 2035/992/575
f 2122/938/298 2123/960/299 2119/961/298
f 637/990/284 632/991/283 2804/993/283
f 2042/993/576 631/994/282 2039/991/576
f 656/972/290 689/943/305 690/818/305
f 2804/993/283 2045/994/577 2044/995/577
f 2800/995/282 682/932/301 631/994/282
f 2044/995/577 1993/932/564 1992/951/564
f 676/940/299 628/996/280 675/960/299
f 627/997/279 650/998/288 651/999/288
f 696/940/287 624/1000/265 625/1001/265
f 623/1002/278 628/996/280 629/1001/280
f 2964/1003/277 619/1004/276 621/1005/276
f 625/1001/265 617/1006/262 618/1002/262
f 2104/979/291 743/944/315 2830/816/315
f 615/1007/275 622/1006/278 623/1002/278
f 2122/999/298 2115/1008/290 2118/997/290
f 618/1002/262 611/1009/261 612/1007/261
f 609/1010/274 607/1011/273 610/1012/273
f 606/1013/272 614/1014/275 615/1007/275
f 2166/1015/335 2167/1016/336 2163/1017/335
f 612/1007/261 601/1018/257 602/1013/257
f 600/1019/271 605/1020/272 606/1013/272
f 602/1013/257 597/1021/256 598/1019/256
f 2824/979/270 2107/944/304 596/987/270
f 595/1022/269 599/1021/271 600/1019/271
f 627/972/279 742/817/314 626/981/279
f 598/1019/256 592/1023/254 593/1022/254
f 595/1022/269 590/1024/268 594/1023/269
f 2178/1025/338 2179/1026/339 2175/1027/338
f 593/1022/254 586/1028/252 587/1029/252
f 591/1029/268 584/1030/251 590/1024/268
f 2118/972/290 2111/943/305 2114/818/305
f 583/1031/267 586/1028/252 582/1030/267
f 640/979/270 584/1030/251 585/1031/251
f 659/979/291 582/1030/267 658/987/291
f 2130/1001/280 2123/960/299 2126/940/299
f 609/1010/274 579/1032/266 608/1033/274
f 652/940/287 577/1000/265 578/1001/265
f 2134/1002/278 2127/996/280 2130/1001/280
f 2812/1034/264 573/1035/263 575/1036/263
f 572/1002/262 577/1000/265 571/1006/262
f 2160/1037/334 705/928/309 2774/1015/309
f 2134/1002/278 2135/1014/275 2131/1006/278
f 2178/1025/338 2171/1038/337 2174/1039/337
f 572/1002/262 570/1009/261 568/1007/261
f 562/1040/260 560/1041/259 563/1042/259
f 2142/1013/272 2135/1014/275 2138/1007/275
f 2222/975/351 2223/1043/352 2219/1044/580
f 568/1007/261 554/1018/257 555/1013/257
f 2146/1019/271 2139/1020/272 2142/1013/272
f 552/1019/256 554/1018/257 551/1021/256
f 2768/1045/255 2163/125/335 550/108/255
f 2150/997/269 2143/1046/271 2146/999/271
f 706/927/308 579/1032/266 580/1047/266
f 552/999/256 546/1048/254 547/997/254
f 2150/1022/269 2151/1024/268 2147/1023/269
f 2238/1049/355 2231/1050/354 2234/1051/354
f 547/1022/254 542/1028/252 2780/1029/252
f 2778/1031/251 2151/1024/268 2154/1029/268
f 2174/1039/337 2167/1052/336 2170/1053/336
f 2156/1031/267 542/1028/252 2157/1030/267
f 2824/979/270 541/1030/251 2778/1031/251
f 2104/979/291 2157/1030/267 2105/987/291
f 2186/1054/340 2179/1055/339 2182/1012/339
f 539/1056/249 561/1057/260 562/1040/260
f 610/1012/273 536/1058/248 537/1054/248
f 2190/1059/341 2183/107/340 2186/126/340
f 2908/1060/247 532/1061/246 534/1062/246
f 531/1063/245 536/1058/248 530/1064/245
f 2788/975/294 2217/1065/350 663/1066/294
f 2190/1063/341 2191/1067/342 2187/1068/341
f 2234/1051/354 2227/1069/353 2230/1070/353
f 531/1059/245 525/1071/244 526/1072/244
f 524/1073/242 522/1074/243 521/1075/242
f 2198/1076/343 2191/1067/342 2194/1077/342
f 2282/1078/369 2275/1079/368 2278/1080/368
f 526/1077/244 516/1081/240 517/1076/240
f 2202/1082/344 2195/1083/343 2198/1076/343
f 514/1084/238 516/1085/240 513/1086/238
f 2222/184/351 512/152/237 2784/1087/237
f 2206/1088/345 2199/1089/344 2202/1082/344
f 539/1056/249 662/976/293 538/1090/249
f 514/1084/238 509/1091/236 510/1092/236
f 2206/1088/345 2207/1093/346 2203/1094/345
f 2294/1095/373 2287/1096/372 2290/1097/372
f 510/1092/236 502/1098/233 2820/1099/233
f 2210/1100/346 501/1101/232 2207/1093/346
f 2230/1070/353 2223/1102/352 2226/1103/352
f 2212/1104/348 502/1105/233 2213/1106/348
f 2768/1037/255 501/1101/232 2816/1104/232
f 2160/1045/334 2213/138/348 2161/174/334
f 2242/1107/356 2235/1108/355 2238/1042/355
f 523/1109/243 508/1110/234 522/1074/243
f 563/1042/259 497/1111/230 498/1107/230
f 2242/1112/356 2243/1113/357 2239/1114/356
f 2868/1115/229 493/1116/228 495/1117/228
f 498/1107/230 491/1118/227 492/1119/227
f 2964/1003/277 2273/1120/366 620/1121/277
f 2250/1122/359 2243/1123/357 2246/1119/357
f 2286/1124/370 2287/1096/372 2283/1125/370
f 488/233/226 491/195/227 487/1126/225
f 485/1127/224 483/1128/223 486/1129/223
f 2250/1122/359 2251/1130/360 2247/1131/359
f 2338/1132/387 2331/1133/386 2334/1134/386
f 488/1122/226 478/1135/221 479/1136/221
f 2258/1137/361 2251/1130/360 2254/1136/360
f 476/1138/220 478/1139/221 475/1140/220
f 2960/214/219 2275/1141/368 474/216/219
f 2258/1137/361 2259/1142/362 2255/1143/361
f 621/1005/276 508/1110/234 505/1144/234
f 476/1138/220 471/1145/218 472/1146/218
f 2262/1147/362 2263/1148/363 2259/1142/362
f 2350/1149/390 2343/1150/389 2346/1151/389
f 472/1146/218 467/1152/216 2796/1153/216
f 2266/1154/363 466/1155/215 2263/1148/363
f 2282/1078/369 2283/1125/370 2279/1156/369
f 2268/1157/364 467/1158/216 2269/1159/364
f 2792/1157/215 512/1160/237 466/1155/215
f 2268/194/364 2217/195/350 2216/1087/350
f 2294/1095/373 2295/1161/374 2291/1162/373
f 559/1163/258 484/1164/224 485/1127/224
f 463/1165/213 521/1075/242 462/1166/213
f 2298/241/374 2299/216/376 2295/1167/374
f 460/1168/212 459/1169/211 458/1170/210
f 463/1165/213 456/1171/209 457/1172/209
f 2812/1034/264 2329/1173/385 574/1174/264
f 2302/1172/376 2303/1175/377 2299/1176/376
f 2342/1177/388 2343/1150/389 2339/1178/388
f 453/1179/208 456/293/209 452/1180/208
f 450/1181/207 448/1182/206 451/1183/206
f 2306/1184/377 2307/1185/378 2303/1175/377
f 2390/1186/402 2391/1187/403 2387/1188/402
f 444/1189/205 452/1190/208 443/1191/205
f 2314/1192/380 2307/1185/378 2310/1193/378
f 444/1189/205 440/1194/204 441/1195/204
f 2808/270/203 2331/1196/386 439/1197/203
f 2314/1192/380 2315/1198/381 2311/1199/380
f 559/1163/258 573/1035/263 567/1200/258
f 437/1201/202 440/1194/204 436/1202/202
f 2318/1203/381 2319/1204/383 2315/1198/381
f 2402/1205/405 2403/1206/406 2399/1207/405
f 2836/1208/200 436/1202/202 432/1209/200
f 2322/1210/383 431/1211/199 2319/1204/383
f 2338/1132/387 2339/1178/388 2335/1212/387
f 2836/1208/200 2325/1213/384 2324/1214/384
f 2960/1215/219 431/1211/199 2834/1216/199
f 2272/214/581 2325/1217/384 2273/293/366
f 2350/1149/390 2351/1218/393 2347/1219/390
f 450/1181/207 427/1220/197 449/1221/207
f 426/1222/196 483/1128/223 425/1223/196
f 2358/270/394 2351/1224/393 2354/301/393
f 2900/1225/195 421/1226/194 423/1227/194
f 426/1222/196 419/1228/193 420/1229/193
f 2908/1060/247 2385/1230/401 533/1231/247
f 2362/1232/395 2355/1233/394 2358/1229/394
f 2402/1205/405 2395/1234/404 2398/1235/404
f 420/270/193 414/1236/191 415/1237/191
f 412/1238/190 410/1239/189 413/1240/189
f 2362/1232/395 2363/1241/396 2359/1242/395
f 2446/1243/416 2447/1244/418 2443/1245/416
f 406/1246/188 414/1247/191 405/1248/188
f 2370/1249/397 2363/1241/396 2366/1250/396
f 406/1246/188 402/1251/187 403/1252/187
f 2390/330/402 401/331/186 2904/332/186
f 2374/1253/398 2367/1254/397 2370/1249/397
f 428/1255/197 532/1061/246 427/1220/197
f 399/1256/185 402/1251/187 398/1257/185
f 2374/1253/398 2375/1258/399 2371/1259/398
f 2462/1260/421 2455/1261/420 2458/1262/420
f 2876/1263/183 398/1257/185 394/1264/183
f 2872/1265/182 2375/1258/399 2378/1266/399
f 2398/1235/404 2391/1187/403 2394/1267/403
f 2876/1263/183 2381/1268/400 2380/1269/400
f 2808/1270/203 393/1271/182 2872/1265/182
f 2328/270/385 2381/313/400 2329/353/385
f 2410/1272/582 2403/1206/406 2406/1273/406
f 390/1274/180 411/1275/190 412/1238/190
f 388/1276/179 448/1182/206 387/1277/179
f 2410/330/582 2411/331/408 2407/360/407
f 2892/1278/178 383/1279/177 385/1280/177
f 388/1276/179 381/1281/176 382/1282/176
f 2868/366/229 2441/424/415 494/368/229
f 2418/1283/409 2411/1284/408 2414/1282/408
f 2454/1285/419 2455/1261/420 2451/1286/419
f 377/1287/175 381/374/176 376/1288/174
f 375/1289/173 373/1290/172 372/1291/171
f 2418/1283/409 2419/1292/410 2415/1293/409
f 2506/1294/434 2499/1295/433 2502/1296/433
f 377/1297/175 367/1298/170 368/1299/170
f 2426/1300/411 2419/1292/410 2422/1301/410
f 365/1302/169 367/1298/170 364/1303/169
f 2446/366/416 363/419/168 2864/392/168
f 2426/1300/411 2427/1304/412 2423/1305/411
f 390/1274/180 493/1116/228 389/1306/180
f 365/1302/169 360/1307/167 361/1308/167
f 2430/1309/412 2431/1310/413 2427/1304/412
f 2518/1311/437 2511/1312/436 2514/1313/436
f 361/1308/167 356/1314/165 2844/1315/165
f 2840/1316/164 2431/1310/413 2434/1317/413
f 2454/1285/419 2447/1244/418 2450/1318/418
f 2436/1319/414 356/1314/165 2437/1320/583
f 2904/1321/186 355/1322/164 2840/1316/164
f 2436/373/414 2385/1323/401 2384/332/401
f 2462/1260/421 2463/1324/423 2459/1325/421
f 352/1326/162 373/1290/172 374/1327/172
f 350/1328/160 410/1239/189 349/1329/160
f 2466/1330/423 2467/1331/424 2463/420/423
f 2924/1332/159 345/1333/158 347/1334/158
f 350/1330/160 343/1335/157 344/392/157
f 2852/425/211 2497/1336/431 459/427/211
f 2474/1337/425 2467/1331/424 2470/392/424
f 2514/1313/436 2507/1338/435 2510/1339/435
f 339/1337/156 343/1335/157 338/1340/156
f 336/1341/155 334/1342/154 337/1343/154
f 2474/1344/425 2475/1345/426 2471/1346/425
f 2558/1347/447 2559/1348/448 2555/1349/447
f 330/1350/152 338/1351/156 329/1352/152
f 2482/1353/427 2475/1345/426 2478/1354/426
f 330/1350/152 326/1355/151 327/1356/151
f 2502/425/433 325/1357/150 2848/449/150
f 2482/1353/427 2483/1358/428 2479/1359/427
f 460/1168/212 351/1360/161 352/1326/162
f 327/1356/151 322/1361/148 323/1362/148
f 2486/1363/428 2487/1364/429 2483/1358/428
f 2570/1365/450 2571/1366/451 2567/1367/450
f 2942/1368/146 322/1361/148 318/1369/146
f 2936/1370/145 2487/1364/429 2490/1371/429
f 2506/1294/434 2507/1338/435 2503/1372/434
f 2942/1368/146 2493/1373/430 2492/1374/430
f 2936/467/145 363/419/168 317/468/145
f 2440/392/415 2493/431/430 2441/424/415
f 2518/1311/437 2519/1375/438 2515/1376/437
f 336/1341/155 313/1377/143 335/1378/155
f 375/1289/173 311/1379/142 312/1380/142
f 2522/1381/438 2523/475/439 2519/1382/438
f 309/1383/140 308/1384/141 307/1385/140
f 306/449/139 311/427/142 305/480/139
f 2900/1386/195 2553/1387/446 422/482/195
f 2526/449/439 2527/484/440 2523/475/439
f 2570/1365/450 2563/1388/449 2566/1389/449
f 301/487/138 305/480/139 300/1390/138
f 298/1391/137 296/1392/136 299/1393/136
f 2534/1394/441 2527/1395/440 2530/1396/440
f 2618/1397/463 2611/1398/462 2614/1399/462
f 301/1400/138 291/1401/135 292/1402/135
f 2534/1394/441 2535/1403/442 2531/1404/441
f 292/1402/135 288/1405/134 289/1406/134
f 2558/1386/447 287/1407/133 2896/481/133
f 2542/1408/443 2535/1403/442 2538/1409/442
f 423/1227/194 313/1377/143 314/1410/143
f 285/1411/132 288/1405/134 284/1412/132
f 2546/1413/444 2539/1414/443 2542/1408/443
f 2630/1415/466 2623/1416/465 2626/1417/465
f 285/1411/132 280/1418/130 2886/1419/130
f 2546/1413/444 279/1420/129 2543/1421/444
f 2566/1389/449 2559/1348/448 2562/1422/448
f 2548/1423/445 280/1418/130 2549/1424/445
f 2848/449/150 279/484/129 2880/1425/129
f 2548/1425/445 2497/1336/431 2496/449/431
f 2578/1426/452 2571/1366/451 2574/1427/451
f 276/1428/127 297/1429/137 298/1391/137
f 337/1343/154 273/1430/125 274/1431/125
f 2578/483/452 2579/1407/453 2575/530/452
f 2956/1432/124 269/1433/123 271/1434/123
f 274/483/125 267/1387/122 268/481/122
f 2892/537/178 2609/635/460 384/587/178
f 2586/541/454 2579/1407/453 2582/481/453
f 2626/1417/465 2619/1435/464 2622/1436/464
f 263/541/121 267/1387/122 262/542/121
f 261/1437/118 259/1438/119 258/1439/118
f 2586/1440/454 2587/1441/455 2583/1442/454
f 2670/1443/478 2671/1444/479 2667/1445/478
f 263/1446/121 253/1447/117 254/1448/117
f 2594/1449/456 2587/1441/455 2590/1450/455
f 251/1451/116 253/1447/117 250/1452/116
f 2890/535/115 2611/559/462 249/560/115
f 2598/1453/457 2591/1454/456 2594/1449/456
f 276/1428/127 383/1279/177 275/1455/126
f 251/1451/116 246/1456/114 247/1457/114
f 2602/1458/458 2595/1459/457 2598/1453/457
f 2682/1460/481 2683/1461/482 2679/1462/481
f 247/1457/114 242/1463/112 2916/1464/112
f 2912/1465/111 2599/1466/458 2602/1458/458
f 2618/1397/463 2619/1435/464 2615/1467/463
f 2604/1468/459 242/1463/112 2605/1469/459
f 2896/481/133 241/538/111 2912/1470/111
f 2604/1470/459 2553/1387/446 2552/481/446
f 2634/1471/467 2627/1472/466 2630/1415/466
f 238/1473/109 259/1438/119 260/1474/120
f 236/1475/108 296/1392/136 235/1476/107
f 2638/535/468 2631/1477/467 2634/1478/467
f 3028/1479/106 231/1480/105 233/1481/105
f 230/535/104 235/536/107 229/588/104
f 2664/614/477 346/1482/159 2924/589/159
f 2638/535/468 2639/632/469 2635/593/468
f 2682/1460/481 2675/1483/480 2678/1484/480
f 230/535/104 224/1485/103 225/1486/103
f 223/1487/101 221/1488/102 220/1489/101
f 2642/1490/585 2643/1491/470 2639/1492/469
f 2726/1493/495 2727/1494/496 2723/1495/495
f 216/1496/100 224/1497/103 215/1498/100
f 2650/1499/471 2643/1491/470 2646/1500/470
f 216/1496/100 212/1501/99 213/1502/99
f 2920/614/98 2667/643/478 211/1503/98
f 2654/1504/474 2647/1505/471 2650/1499/471
f 347/1334/158 237/1506/109 238/1473/109
f 213/1502/99 208/1507/97 209/1508/97
f 2654/1504/474 2655/1509/475 2651/1510/474
f 2738/1511/498 2739/1512/499 2735/1513/498
f 2932/1514/317 208/1507/97 204/1515/95
f 2928/1516/586 2655/1509/475 2658/1517/475
f 2678/1484/480 2671/1444/479 2674/1518/479
f 2932/1514/317 2661/1519/476 2660/1520/476
f 2890/535/115 203/1521/94 2928/1522/586
f 2608/535/460 2661/634/476 2609/635/460
f 2690/1523/483 2683/1461/482 2686/1524/482
f 200/1525/92 221/1488/102 222/1526/102
f 261/1437/118 197/1527/91 198/1528/91
f 2690/589/483 2691/1503/484 2687/643/483
f 2988/1529/90 193/1530/89 195/1531/89
f 192/614/88 197/1532/91 191/648/88
f 2720/649/494 308/650/141 2980/651/141
f 2694/614/484 2695/1533/485 2691/1503/484
f 2738/1511/498 2731/1534/497 2734/1535/497
f 192/614/88 186/1536/87 187/657/87
f 185/1537/85 183/1538/86 182/1539/85
f 2702/1540/486 2695/1541/485 2698/1542/485
f 2786/1543/510 2779/1544/509 2782/1545/509
f 178/1546/84 186/1547/87 177/1548/84
f 2702/1540/486 2703/1549/488 2699/1550/486
f 178/1546/84 174/1551/83 175/1552/83
f 2976/1553/82 2723/1495/495 173/1554/82
f 2710/1555/490 2703/1549/488 2706/1556/488
f 200/1525/92 307/1385/140 199/1557/92
f 175/1552/83 170/1558/80 171/1559/80
f 2714/1560/492 2707/1561/490 2710/1555/490
f 2798/1562/513 2791/1563/512 2794/1564/512
f 2948/1565/78 170/1558/80 166/1566/78
f 2714/1560/492 165/1567/77 2711/1568/492
f 2734/1535/497 2727/1494/496 2730/1569/496
f 2716/1570/493 166/1566/78 2717/1571/493
f 2920/614/98 165/652/77 2946/657/77
f 2664/614/477 2717/1572/493 2665/590/477
f 2746/1573/500 2739/1512/499 2742/1574/499
f 184/1575/86 161/1576/75 183/1538/86
f 223/1487/101 159/1577/74 160/1578/74
f 2750/1579/501 2743/1580/500 2746/1573/500
f 157/1581/72 156/1582/73 155/1583/72
f 160/651/74 153/705/71 154/649/71
f 2956/706/124 2777/707/508 270/708/124
f 2750/649/501 2751/1584/502 2747/710/501
f 2790/1585/511 2791/1563/512 2787/1586/511
f 154/1579/71 148/1587/70 149/1588/70
f 146/1589/69 144/1590/68 147/1591/68
f 2758/1592/503 2751/1593/502 2754/1594/502
f 2842/1595/524 2835/1596/523 2838/1597/523
f 149/1588/70 139/1598/67 140/1599/67
f 2758/1592/503 2759/1600/504 2755/1601/503
f 137/1602/66 139/1598/67 136/1603/66
f 2782/1545/509 135/1604/65 2952/1605/65
f 2766/1606/505 2759/1600/504 2762/1607/504
f 271/1434/123 161/1576/75 162/1608/75
f 137/1602/66 132/1609/64 133/1610/64
f 2766/1606/505 2767/1611/506 2763/1612/505
f 2850/1613/526 2851/1614/527 2847/1615/526
f 133/1610/64 128/1616/62 2972/1617/62
f 2770/1618/506 127/1619/61 2767/1611/506
f 2786/1543/510 2787/1586/511 2783/1620/510
f 2972/1617/62 2773/1621/507 2772/1622/507
f 2976/649/82 127/709/61 2968/749/61
f 2720/1553/494 2773/1621/507 2721/1623/494
f 2798/1562/513 2799/1624/514 2795/1625/513
f 146/1589/69 123/1626/59 145/1627/69
f 122/1628/58 182/1539/85 121/1629/58
f 2806/1630/515 2799/1624/514 2802/1631/514
f 119/1632/56 118/1633/57 117/1634/56
f 122/706/58 115/762/55 116/763/55
f 3028/766/106 2833/819/588 232/765/106
f 2810/767/516 2803/768/515 2806/763/515
f 2846/1635/525 2847/1615/526 2843/1636/525
f 116/1630/55 110/1637/54 111/1638/54
f 108/1639/53 106/1640/52 109/1641/52
f 2810/1642/516 2811/1643/517 2807/1644/516
f 2898/1531/538 2891/1645/537 2894/1529/537
f 102/1646/51 110/1637/54 101/1647/51
f 2814/1648/517 2815/1649/518 2811/1643/517
f 102/1646/51 98/1650/50 99/1651/50
f 3024/1652/49 2835/1596/523 97/1653/49
f 2822/1654/519 2815/1649/518 2818/1655/518
f 233/1481/105 123/1626/59 124/1656/59
f 99/1651/50 94/1657/48 95/1658/48
f 2826/1659/520 2819/1660/519 2822/1654/519
f 2906/1661/540 2907/1662/541 2903/1663/540
f 3012/1664/46 94/1657/48 90/1665/46
f 88/31/3 86/26/1 89/25/4
f 3008/1666/45 2823/1667/520 2826/1659/520
f 2842/1595/524 2843/1636/525 2839/1668/524
f 3012/1664/46 2829/1669/521 2828/1670/521
f 3008/767/45 135/768/65 85/806/45
f 2828/1670/521 2777/1671/508 2776/1605/508
f 2858/1672/528 2851/1614/527 2854/1673/527
f 82/1674/43 107/1675/53 108/1639/53
f 80/1676/42 144/1590/68 79/1677/42
f 2862/1678/529 2855/1679/528 2858/1672/528
f 76/25/40 74/33/39 77/31/41
f 80/766/42 72/819/38 73/764/38
f 2988/820/90 2889/821/536 194/1680/90
f 2866/823/530 2859/824/529 2862/764/529
f 2902/1681/539 2903/1663/540 2899/1682/539
f 68/1683/36 72/1684/38 67/1685/36
f 66/1686/34 64/1687/35 63/1688/34
f 2870/1689/531 2863/1690/530 2866/1691/530
f 2954/1581/552 2947/1692/551 2950/1693/551
f 68/1683/36 58/1694/33 59/1695/33
f 2874/1696/532 2867/1697/531 2870/1689/531
f 56/1698/32 58/1694/33 55/1699/32
f 2984/1700/31 2891/1645/537 54/1701/31
f 2878/1702/533 2871/1703/532 2874/1696/532
f 82/1674/43 193/1704/89 81/1705/43
f 52/1706/30 55/1699/32 51/1707/30
f 2882/1708/534 2875/1709/533 2878/1702/533
f 2966/1710/555 2959/1711/554 2962/1712/554
f 52/1706/30 47/1713/28 2998/1714/28
f 45/1715/27 43/1716/25 46/1717/1
f 2992/1718/24 2879/1719/534 2882/1708/534
f 2898/1531/538 2899/1682/539 2895/1720/538
f 2884/1721/535 47/1713/28 2885/1722/535
f 2992/823/24 97/824/49 42/1723/24
f 2884/1721/535 2833/1724/588 2832/1652/588
f 2910/1725/541 2911/1726/542 2907/1662/541
f 65/1727/35 38/1728/22 64/1687/35
f 37/1729/21 106/1730/52 36/1731/21
f 2918/1732/543 2911/1726/542 2914/1729/542
f 77/2/41 32/12/18 34/10/20
f 37/820/21 30/875/17 31/876/17
f 2944/877/550 156/930/73 3004/879/73
f 2922/917/544 2915/881/543 2918/876/543
f 2962/1712/554 2955/1733/553 2958/1734/553
f 31/1732/17 25/1735/14 26/1736/14
f 23/1737/13 21/1738/12 24/1739/12
f 2922/1736/544 2923/1740/545 2919/1741/544
f 3010/1632/566 3003/1633/565 3006/1742/565
f 17/1743/11 25/1735/14 16/1744/11
f 2930/1745/546 2923/1746/545 2926/1747/545
f 17/1743/11 13/1748/10 14/1749/10
f 3002/1750/9 2947/1692/551 12/1751/9
f 2934/1752/547 2927/1753/546 2930/1745/546
f 157/1754/72 38/1728/22 39/1755/22
f 14/1749/10 9/1756/8 10/1757/8
f 2934/1752/547 2935/1758/548 2931/1759/547
f 3018/1737/568 3019/1738/569 3015/1760/568
f 3054/1761/5 9/1756/8 5/1762/5
f 3/31/3 1/26/1 4/25/4
f 3048/1763/313 2935/1764/548 2938/1761/548
f 2954/1581/552 2955/1733/553 2951/1765/552
f 3054/1761/5 2941/1766/549 2940/1763/549
f 3048/917/313 54/1767/31 3121/1768/313
f 2888/1700/536 2941/1766/549 2889/1769/536
f 2966/1710/555 2967/1770/556 2963/1771/555
f 3124/1772/311 22/1773/13 23/1774/13
f 66/1710/34 3127/1775/310 3126/1776/310
f 2974/1777/557 2967/1770/556 2970/1776/556
f 3130/25/40 3132/33/39 3129/31/41
f 3133/877/307 3127/878/310 3134/931/307
f 3000/1778/564 118/1633/57 3020/1742/57
f 2974/877/557 2975/968/558 2971/934/557
f 3018/1774/568 3011/1779/567 3014/1772/567
f 3133/1777/307 3139/1780/306 3138/1781/306
f 3141/28/589 44/27/26 3140/25/40
f 2982/1782/559 2975/1783/558 2978/1781/558
f 2/6/2 33/3/19 74/1/39
f 3145/1782/303 3139/1780/306 3146/1784/303
f 3148/1785/593 3142/1786/590 3147/1787/592
f 2982/1788/559 2983/1789/560 2979/1790/559
f 3145/1782/303 3152/1791/302 3151/1792/302
f 3016/1778/301 3003/1633/565 3153/1793/301
f 2990/1794/561 2983/1789/560 2986/1795/560
f 3124/1796/311 117/1634/56 3125/1797/311
f 3155/1798/300 3152/1791/302 3156/1799/300
f 89/13/4 3159/20/594 3157/19/595
f 2994/1800/562 2987/1801/561 2990/1794/561
f 3162/25/4 3149/29/594 3161/28/595
f 3044/1802/297 3156/1799/300 3163/1803/297
f 3131/16/27 3158/15/25 86/14/1
f 2994/1802/562 3165/1804/296 2991/1805/562
f 3014/1796/567 3007/1634/566 3010/1632/566
f 3044/1802/297 2997/1806/563 2996/1807/563
f 3002/877/9 3165/933/296 3040/969/296
f 2944/1750/550 2997/1806/563 2945/1808/550
f 3167/7/596 3144/5/591 3/4/3
f 3026/1809/570 3019/1738/569 3022/1739/569
f 87/14/2 3171/18/19 3132/16/39
f 3172/1809/295 21/1738/12 3173/1810/295
f 3168/9/597 3175/11/599 32/12/18
f 3026/1809/570 3027/1811/571 3023/1810/570
f 3129/17/41 3178/24/18 3177/22/20
f 3172/1809/295 3180/1811/292 3179/1812/292
f 34/34/20 3182/30/592 3181/28/589
f 3034/1813/572 3027/1811/571 3030/1812/571
f 3184/19/596 3170/15/591 88/13/3
f 3186/1813/289 3180/1811/292 3187/1814/289
f 3188/28/595 3174/35/598 3167/34/596
f 3038/1815/573 3031/1814/572 3034/1813/572
f 3185/20/597 3192/23/599 3178/24/18
f 3193/1815/286 3187/1814/289 3194/1816/286
f 3189/8/593 3196/12/590 3182/11/592
f 3042/1817/574 3035/1816/573 3038/1815/573
f 3177/34/20 3199/30/592 3198/28/589
f 3200/1817/285 3194/1816/286 3201/1818/285
f 3181/10/589 3202/3/26 76/2/40
f 3046/1772/575 3039/1819/574 3042/1774/574
f 3157/28/595 3191/35/598 3184/34/596
f 3200/1774/285 3206/1820/284 3205/1772/284
f 75/1/27 3207/5/25 1/6/1
f 3046/1821/575 3047/1822/576 3043/1823/575
f 3204/21/593 3209/24/590 3199/23/592
f 3205/1821/284 3210/1822/283 3036/1824/283
f 4/4/4 3195/9/594 3188/7/595
f 3050/1824/576 3211/1825/282 3047/1822/576
f 3198/22/589 3164/18/26 3130/17/40
f 3036/1824/283 3053/1825/577 3052/1826/577
f 3016/1778/301 3211/1825/282 3032/1826/282
f 3000/1778/564 3053/1825/577 3001/1793/564
f 3161/28/595 3214/35/598 3213/34/596
f 3215/34/20 3147/30/592 3141/28/589
f 3218/1827/597 3216/1787/599 3217/1786/18
f 3213/34/596 3220/32/591 3219/31/3
f 3221/31/41 3217/36/18 3215/34/20
f 3224/1717/2 3222/1828/19 3223/1715/39
f 3219/31/3 46/26/1 3162/25/4
f 3140/25/40 3223/33/39 3221/31/41
f 3067/34/253 1033/25/253 3055/28/253
f 1038/3/281 3056/9/281 1035/5/281
f 3065/1829/319 1034/1830/319 3063/1831/319
f 3058/28/250 3064/31/250 3070/34/250
f 1051/54/253 1067/67/253 1083/83/253
f 1042/1832/320 1044/1833/321 1040/1834/320
f 1094/1835/332 1040/1834/320 1092/1836/332
f 1089/88/250 1073/69/250 1057/51/250
f 1046/1837/321 1048/1838/322 1044/1833/321
f 1050/1839/322 1052/1840/323 1048/1841/322
f 1054/1842/323 1056/1843/324 1052/1840/323
f 1058/1844/324 1060/1845/325 1056/1843/324
f 1062/1846/325 1064/1833/326 1060/1838/325
f 1066/1837/326 1068/1834/319 1064/1833/326
f 1070/1832/319 1072/1836/327 1068/1834/319
f 1074/1835/327 1076/1847/328 1072/1836/327
f 1078/1848/328 1080/1843/329 1076/1845/328
f 1082/1844/329 1084/1840/330 1080/1843/329
f 1086/1842/330 1088/1841/331 1084/1840/330
f 1090/1849/331 1092/1836/332 1088/1847/331
f 2120/67/253 1980/83/253 2372/48/253
f 1121/64/250 1105/49/250 1145/88/250
f 1878/147/235 1203/167/235 2046/1850/235
f 1173/76/231 1157/59/231 1197/1851/231
f 1720/207/217 1259/232/217 1888/1852/217
f 1225/123/214 1896/132/214 1249/1853/214
f 1952/1854/201 1560/259/201 1315/291/201
f 1281/176/198 1740/1855/198 1305/1856/198
f 1408/318/184 1371/351/184 1588/1857/184
f 1337/203/181 1598/247/181 1361/1858/181
f 1508/1859/166 1256/380/166 1427/411/166
f 1393/297/163 1444/1860/163 1417/1861/163
f 1104/436/149 1483/1862/149 1284/1863/149
f 1449/357/144 1292/1864/144 1473/1865/144
f 1206/1866/131 997/502/131 1539/518/131
f 1505/377/128 1140/1867/128 1529/1868/128
f 959/1869/113 1595/1870/113 1004/485/113
f 1561/1871/110 1006/1872/110 1585/558/110
f 984/579/96 921/1873/96 1651/1874/96
f 1617/1875/93 968/1876/93 1641/611/93
f 883/1877/81 1707/1878/81 928/594/81
f 1673/1879/76 930/1880/76 1697/673/76
f 908/623/63 845/1881/63 1763/1882/63
f 1729/1883/60 892/750/60 1753/729/60
f 807/1884/47 1819/1885/47 852/712/47
f 1785/1886/44 854/807/44 1809/786/44
f 832/740/29 768/1887/29 1875/1888/29
f 1841/1889/23 816/865/23 1865/843/23
f 730/889/7 1931/1890/7 775/826/7
f 1897/1891/37 777/918/37 1921/897/37
f 755/920/15 692/1892/15 1987/964/15
f 1953/1893/16 739/970/16 1977/949/16
f 648/984/6 2043/994/6 699/955/6
f 2009/909/281 701/932/281 2033/986/281
f 2067/960/253 2083/1020/253 2099/1030/253
f 2050/1832/320 2052/1833/321 2048/1834/320
f 2102/1835/332 2048/1834/320 2100/1836/332
f 2065/961/250 2049/987/250 2089/1021/250
f 2054/1837/321 2056/1838/322 2052/1833/321
f 2058/1894/322 2060/1895/323 2056/1896/322
f 2062/1897/323 2064/1898/324 2060/1895/323
f 2066/1899/324 2068/1900/325 2064/1898/324
f 2070/1846/325 2072/1833/326 2068/1838/325
f 2074/1837/326 2076/1834/319 2072/1833/326
f 2078/1832/319 2080/1836/327 2076/1834/319
f 2082/1835/327 2084/1847/328 2080/1836/327
f 2086/1901/328 2088/1898/329 2084/1900/328
f 2090/1899/329 2092/1895/330 2088/1898/329
f 2094/1897/330 2096/1896/331 2092/1895/330
f 2098/1849/331 2100/1836/332 2096/1847/331
f 558/1020/253 2155/1030/253 613/981/253
f 2121/961/250 616/987/250 2145/1021/250
f 589/1055/235 520/1083/235 2211/1101/235
f 2177/1033/231 569/1902/231 2201/1903/231
f 482/1130/217 2267/1155/217 527/1904/217
f 2233/1057/214 529/1065/214 2257/1905/214
f 504/1906/201 447/1185/201 2323/1211/201
f 2289/1074/198 506/1120/198 2313/1907/198
f 409/1241/184 2379/1271/184 454/1908/184
f 2345/1164/181 565/1173/181 2369/1909/181
f 434/1910/166 371/1292/166 2435/1322/166
f 2401/1221/163 418/1230/163 2425/1911/163
f 333/1345/149 2491/1912/149 378/1913/149
f 2457/1275/144 380/1914/144 2481/1915/144
f 358/1916/131 295/1404/131 2547/1420/131
f 2513/1290/128 342/1917/128 2537/1918/128
f 257/1441/113 2603/1919/113 302/1920/113
f 2569/1378/110 304/1921/110 2593/1922/110
f 282/1472/96 219/1923/96 2659/1924/96
f 2625/1925/93 266/1926/93 2649/1501/93
f 181/1927/81 2715/1928/81 226/1483/81
f 2681/1929/76 228/1930/76 2705/1551/76
f 206/1512/63 143/1931/63 2771/1932/63
f 2737/1933/60 190/1623/60 2761/1603/60
f 105/1934/47 2827/1935/47 150/1586/47
f 2793/1936/44 152/1671/44 2817/1650/44
f 130/1614/29 62/1937/29 2883/1938/29
f 2849/1939/23 114/1724/23 2873/1699/23
f 20/1740/7 2939/1940/7 69/1682/7
f 2905/1941/37 71/1769/37 2929/1748/37
f 49/1771/15 3143/1942/15 2995/1804/15
f 2961/1943/16 29/1808/16 2985/1791/16
f 3190/1816/6 3051/1825/6 3137/1797/6
f 3017/1760/281 3135/1793/281 3041/1818/281
f 3059/1944/320 3068/1831/320 3057/1830/320
f 3071/12/6 3062/5/6 3069/9/6
f 3091/34/253 3073/25/253 3079/28/253
f 3078/18/281 3080/20/281 3075/15/281
f 3089/1945/319 3074/1946/319 3087/1947/319
f 3082/28/250 3088/31/250 3094/34/250
f 3083/1948/320 3092/1947/320 3081/1946/320
f 3095/24/6 3086/15/6 3093/20/6
f 3115/34/253 3097/25/253 3103/28/253
f 3102/1828/281 3104/1827/281 3099/1716/281
f 3113/1949/319 3098/1950/319 3111/1951/319
f 3106/28/250 3112/31/250 3118/34/250
f 3107/1952/320 3116/1951/320 3105/1950/320
f 3119/1786/6 3110/1716/6 3117/1827/6
f 2504/37/288 2500/51/288 2498/38/287
f 2488/40/304 2484/48/304 2480/41/270
f 2580/43/264 2472/248/264 2468/44/263
f 2460/42/291 2456/41/291 2452/46/315
f 2448/47/305 2444/53/305 2484/48/304
f 2516/40/315 2438/46/315 2432/49/314
f 2464/40/315 2452/46/315 2424/49/314
f 1114/37/298 1118/39/299 1115/50/299
f 2412/52/290 2408/54/290 2444/53/305
f 2428/47/314 2424/49/314 2400/54/279
f 2524/55/294 2392/133/294 2388/56/293
f 2386/37/298 2382/51/298 2408/54/290
f 1106/47/305 1103/53/305 1099/48/304
f 2404/52/279 2400/54/279 2364/51/288
f 2386/37/298 2360/39/299 2356/50/299
f 2352/58/308 2550/71/309 2348/59/309
f 2368/37/288 2364/51/288 2336/38/287
f 2332/61/279 2330/111/279 2500/62/288
f 2360/39/299 2326/65/280 2320/64/280
f 2316/65/265 2340/39/287 2336/38/287
f 2308/66/278 2304/67/278 2320/64/280
f 2300/66/262 2316/65/265 2312/64/265
f 1114/63/298 1111/109/298 1107/68/290
f 2308/66/278 2288/70/275 2284/69/275
f 1096/42/291 1097/41/291 2438/46/315
f 2300/66/262 2296/67/262 2274/69/261
f 1158/71/335 1162/58/336 1159/72/336
f 2288/70/275 2260/79/272 2256/74/272
f 2248/75/274 2244/97/274 2240/76/273
f 2276/70/261 2274/69/261 2232/78/257
f 2228/80/271 2224/81/271 2256/74/272
f 2220/80/256 2236/79/257 2232/78/257
f 2332/52/279 2442/47/314 2432/49/314
f 2214/82/269 2208/83/269 2224/81/271
f 2512/42/270 1102/40/304 1099/48/304
f 2220/80/256 2218/81/256 2196/83/254
f 1170/84/338 1174/1953/339 1171/85/339
f 2214/82/269 2184/89/268 2180/87/268
f 2200/82/254 2196/83/254 2172/88/252
f 1110/52/290 1107/54/290 1103/53/305
f 2184/89/268 2168/95/251 2164/90/251
f 2540/91/277 2158/193/277 2152/92/276
f 2176/89/252 2172/88/252 2144/94/267
f 2494/42/270 2480/41/270 2164/90/251
f 2148/95/267 2144/94/267 2456/41/291
f 1122/65/280 1119/64/280 1115/50/299
f 2248/75/274 2136/110/266 2132/96/266
f 2128/65/265 2508/39/287 2498/38/287
f 1126/66/278 1123/67/278 1119/64/280
f 2116/66/262 2128/65/265 2124/64/265
f 1152/98/334 1153/1954/334 2348/59/309
f 1126/66/278 1130/70/275 1127/69/275
f 1170/84/338 1167/86/338 1163/99/337
f 2116/66/262 2112/67/262 2036/69/261
f 2028/101/260 2024/123/260 2020/102/259
f 1130/70/275 1134/79/272 1131/74/272
f 1214/55/351 1218/57/352 1215/104/352
f 2040/70/261 2036/69/261 2000/78/257
f 1138/80/271 1135/81/271 1131/74/272
f 1994/80/256 2004/79/257 2000/78/257
f 2544/106/255 1158/126/335 1155/107/335
f 1142/61/269 1139/68/269 1135/109/271
f 2136/110/266 2352/58/308 2344/60/308
f 1994/63/256 1990/62/256 1972/111/254
f 1142/82/269 1146/89/268 1143/87/268
f 1226/112/354 1230/1955/355 1227/113/355
f 1976/82/254 1972/83/254 1956/88/252
f 1286/115/373 1283/235/373 1279/116/372
f 2554/95/251 1944/90/251 1143/87/268
f 1166/100/337 1163/99/337 1159/118/336
f 2556/89/252 1956/88/252 1149/94/267
f 2512/42/270 2204/41/270 1944/90/251
f 1096/42/291 1148/95/267 1149/94/267
f 1178/120/340 1175/1956/340 1171/121/339
f 1934/122/249 1928/156/249 2024/123/260
f 2252/77/273 2240/76/273 1920/124/248
f 1182/106/341 1179/1957/341 1175/125/340
f 1274/127/369 1271/226/369 1267/128/368
f 1904/130/245 1924/120/248 1920/124/248
f 2524/55/294 1208/1958/350 1209/132/350
f 1182/130/341 1186/141/342 1183/134/342
f 1226/112/354 1223/114/354 1219/136/353
f 1904/106/245 1900/1959/245 1882/138/244
f 1190/140/343 1187/147/343 1183/134/342
f 2572/142/247 1868/308/247 1864/143/246
f 1884/141/244 1882/1960/244 1856/145/240
f 1194/146/344 1191/155/344 1187/147/343
f 1848/148/238 1860/1961/240 1856/149/240
f 1214/151/351 1211/1114/351 1840/152/237
f 1198/154/345 1195/163/345 1191/155/344
f 1934/122/249 2396/57/293 2388/56/293
f 1848/148/238 1844/150/238 1828/157/236
f 1822/159/243 1816/176/243 1812/160/242
f 1198/154/345 1202/166/346 1199/162/346
f 1832/158/236 1828/157/236 1804/164/233
f 1202/166/346 2528/170/232 1800/167/232
f 1218/168/352 1222/137/353 1219/136/353
f 1204/170/348 2532/166/233 1804/171/233
f 2544/98/255 1984/1962/255 1800/167/232
f 1152/106/334 1204/1963/348 1205/173/348
f 1822/159/243 1792/211/234 1788/175/234
f 1230/103/355 1234/179/356 1231/177/356
f 1780/179/230 2032/103/259 2020/102/259
f 2596/181/229 1770/1964/229 1766/182/228
f 1234/184/356 1238/1087/357 1235/152/357
f 1780/179/230 1776/180/230 1752/186/227
f 1278/188/370 1282/117/372 1279/116/372
f 1242/190/359 1239/201/359 1235/191/357
f 1264/192/366 1265/1855/366 2158/193/277
f 1736/194/226 1756/1087/227 1752/195/227
f 1330/197/387 1327/287/387 1323/198/386
f 1246/200/360 1243/207/360 1239/201/359
f 1716/202/223 1714/237/224 1710/203/224
f 1736/190/226 1732/1965/226 1696/205/221
f 1250/206/361 1247/213/361 1243/207/360
f 1688/208/220 1700/1966/221 1696/209/221
f 1792/211/234 2162/93/276 2152/92/276
f 1254/212/362 1251/223/362 1247/213/361
f 2536/214/584 1270/241/368 1267/215/368
f 1688/208/220 1684/210/220 1668/217/218
f 1342/219/390 1339/295/390 1335/220/389
f 1254/212/362 1258/228/363 1255/222/363
f 1672/218/218 1668/217/218 1654/224/216
f 1274/127/369 1278/188/370 1275/189/370
f 2610/227/215 1648/232/215 1255/222/363
f 1260/227/364 2612/228/216 1654/229/216
f 2610/227/215 2520/1958/237 1840/231/237
f 1260/233/364 1261/1126/365 1209/195/350
f 1286/115/373 1290/1967/374 1287/234/374
f 1636/236/258 1632/275/258 1710/203/224
f 1628/238/213 1826/161/242 1812/160/242
f 1294/214/376 1291/216/375 1287/240/374
f 1616/242/212 2644/1968/211 1612/243/211
f 1604/245/209 1628/238/213 1624/239/213
f 2580/43/264 1320/1969/385 1321/247/385
f 1294/245/376 1298/258/377 1295/249/377
f 1334/251/388 1338/221/389 1335/220/389
f 1604/214/209 1602/293/461 1580/253/208
f 1572/255/207 1568/297/207 1564/256/206
f 1298/258/377 1302/267/378 1299/259/378
f 1382/260/402 1386/347/403 1383/261/403
f 1548/263/205 1584/1970/208 1580/264/208
f 1306/266/380 1303/274/380 1299/259/378
f 1548/263/205 1546/265/205 1532/268/204
f 2576/270/203 1326/1971/386 1323/271/386
f 1310/273/381 1307/279/381 1303/274/380
f 1636/236/258 2476/45/263 2468/44/263
f 1520/276/202 1536/269/204 1532/268/204
f 1314/278/383 1311/286/383 1307/279/381
f 1394/280/405 1398/355/406 1395/281/406
f 2564/283/200 1520/276/202 1516/277/202
f 2560/285/199 1496/291/199 1311/286/383
f 1330/197/387 1334/251/388 1331/252/388
f 2564/283/200 1500/284/200 1317/288/384
f 2560/285/199 2536/192/584 1676/290/219
f 1264/214/366 1316/254/384 1317/292/384
f 1342/219/390 1346/1972/393 1343/294/393
f 1572/255/207 1486/335/197 1480/296/197
f 1476/298/196 1716/202/223 1704/204/223
f 1350/270/394 1347/1197/394 1343/300/393
f 2628/302/195 1460/1973/195 1456/303/194
f 1476/298/196 1472/299/196 1448/305/193
f 1376/307/401 1377/1860/401 1868/308/247
f 1354/309/395 1351/319/395 1347/310/394
f 1394/280/405 1391/282/405 1387/311/404
f 1452/270/193 1448/353/193 1430/313/191
f 1420/315/190 1416/357/190 1412/316/189
f 1354/309/395 1358/327/396 1355/318/396
f 1442/320/418 1439/407/418 1435/321/416
f 1396/323/188 1434/1974/191 1430/324/191
f 1362/326/397 1359/334/397 1355/318/396
f 1396/323/188 1392/325/188 1380/328/187
f 1382/330/402 1379/1975/402 1378/331/186
f 1366/333/398 1363/339/398 1359/334/397
f 1872/144/246 1864/143/246 1480/296/197
f 1368/336/185 1384/329/187 1380/328/187
f 1366/333/398 1370/346/399 1367/338/399
f 1454/340/421 1451/413/421 1447/341/420
f 2588/343/183 1368/336/185 1364/337/185
f 2584/345/182 1344/351/182 1367/338/399
f 1390/312/404 1387/311/404 1383/261/403
f 2588/343/183 1348/344/183 1373/348/400
f 2584/345/182 2576/1969/203 1528/350/203
f 1320/270/385 1372/1237/400 1373/352/400
f 1402/354/407 1399/1976/407 1395/281/406
f 1420/315/190 1332/395/180 1328/356/180
f 1324/358/179 1576/257/206 1564/256/206
f 1402/330/407 1406/332/408 1403/331/408
f 2700/361/382 1308/1977/382 1304/362/177
f 1324/358/179 1322/359/179 1296/364/176
f 2596/366/229 1432/392/415 1433/367/415
f 1406/365/408 1410/379/409 1407/369/409
f 1450/342/420 1447/341/420 1443/371/419
f 1280/373/174 1300/332/176 1296/374/176
f 1272/376/171 1268/414/172 1266/377/367
f 1410/379/409 1414/388/410 1411/380/410
f 1494/381/433 1498/464/434 1495/382/434
f 1280/384/174 1276/1978/175 1240/385/170
f 1418/387/411 1415/394/411 1411/380/410
f 1232/389/169 1244/386/170 1240/385/170
f 1438/366/416 1435/420/416 1224/391/168
f 1422/393/412 1419/399/412 1415/394/411
f 1332/395/180 1772/183/228 1766/182/228
f 1232/389/169 1228/390/169 1212/396/167
f 1422/393/412 1426/406/413 1423/398/413
f 1510/400/437 1507/470/437 1503/401/436
f 1216/397/167 1212/396/167 1196/403/165
f 2600/405/164 1192/411/164 1423/398/413
f 1442/320/418 1446/372/419 1443/371/419
f 1428/408/414 2606/404/165 1196/403/165
f 2600/405/164 2568/307/186 1378/410/186
f 1428/373/414 1429/1979/414 1377/374/401
f 1454/340/421 1458/1980/423 1455/412/423
f 1268/414/172 1180/452/162 1176/415/162
f 1172/416/160 1424/317/189 1412/316/189
f 1458/418/423 1462/392/424 1459/419/424
f 2652/421/159 1156/1981/159 1154/422/158
f 1172/418/160 1168/1982/160 1144/424/157
f 2644/425/211 1488/449/431 1489/426/431
f 1466/428/425 1463/1983/425 1459/419/424
f 1506/402/436 1503/401/436 1499/429/435
f 1150/392/157 1144/424/157 1124/431/156
f 1120/432/154 1116/471/155 1112/433/155
f 1466/435/425 1470/445/426 1467/436/426
f 1550/438/447 1554/520/448 1551/439/448
f 1032/441/152 1128/1984/156 1124/442/156
f 1474/444/427 1471/451/427 1467/436/426
f 1032/441/152 1031/443/152 1028/446/151
f 1494/425/433 1491/1985/433 1027/448/150
f 1474/444/427 1478/455/428 1475/450/428
f 1616/242/212 1608/244/212 1176/415/162
f 1029/447/151 1028/446/151 1024/453/148
f 1478/455/428 1482/463/429 1479/456/429
f 1562/457/450 1566/524/451 1563/458/451
f 1025/454/148 1024/453/148 1020/460/146
f 2616/462/145 1019/1862/145 1479/456/429
f 1502/430/435 1499/429/435 1495/382/434
f 2620/461/146 1020/460/146 1485/465/430
f 2616/467/145 2592/392/168 1224/391/168
f 1432/392/415 1484/467/430 1485/431/430
f 1514/469/438 1511/1986/438 1507/470/437
f 1116/471/155 1016/508/143 1015/472/143
f 1272/376/171 1262/378/173 1013/473/142
f 1514/425/438 1518/449/439 1515/475/439
f 1011/477/140 2668/1987/587 1010/478/141
f 1008/449/139 1014/425/142 1013/427/142
f 1544/481/446 1545/534/446 1460/482/195
f 1518/449/439 1522/487/440 1519/484/440
f 1562/457/450 1559/459/450 1555/485/449
f 1003/487/138 1008/449/139 1007/480/139
f 1000/489/137 999/526/137 998/490/136
f 1526/492/441 1523/502/441 1519/493/440
f 1610/495/463 1607/575/463 1603/496/462
f 1003/498/138 1002/1988/138 993/499/135
f 1526/492/441 1530/507/442 1527/501/442
f 994/500/135 993/499/135 990/503/134
f 1550/483/447 1547/530/447 989/505/133
f 1534/506/443 1531/512/443 1527/501/442
f 1464/304/194 1456/303/194 1015/472/143
f 987/509/132 991/504/134 990/503/134
f 1538/511/444 1535/519/444 1531/512/443
f 1622/513/466 1619/579/466 1615/514/465
f 2636/516/130 987/509/132 986/510/132
f 1538/511/444 2632/1989/129 981/518/129
f 1558/486/449 1555/485/449 1551/439/448
f 1540/521/445 2636/516/130 982/517/130
f 2632/487/129 2640/449/150 1027/448/150
f 1540/487/445 1541/1390/445 1489/426/431
f 1570/523/452 1567/1990/452 1563/458/451
f 978/525/127 977/563/126 999/526/137
f 976/527/125 1120/432/154 1108/434/154
f 1570/529/452 1574/481/453 1571/505/453
f 2684/531/124 972/1991/124 971/532/123
f 976/529/125 975/482/125 969/534/122
f 1600/535/460 1601/635/460 1308/536/382
f 1574/481/453 1578/541/454 1575/538/454
f 1618/515/465 1615/514/465 1611/539/464
f 965/541/121 970/481/122 969/534/122
f 963/543/118 962/581/119 961/544/119
f 1578/546/454 1582/555/455 1579/547/455
f 1662/549/478 1666/629/479 1663/550/479
f 965/552/121 964/1992/121 955/553/117
f 1582/555/455 1586/562/456 1583/556/456
f 953/557/116 956/554/117 955/553/117
f 2696/535/115 1606/537/462 1603/559/462
f 1590/561/457 1587/567/457 1583/556/456
f 978/525/127 1312/363/177 1304/362/177
f 953/557/116 952/558/116 948/564/114
f 1590/561/457 1594/574/458 1591/566/458
f 1678/568/482 1675/637/482 1671/569/481
f 949/565/114 948/564/114 944/571/112
f 2672/573/111 943/1993/111 1591/566/458
f 1610/495/463 1614/540/464 1611/539/464
f 1596/576/459 2676/572/112 944/571/112
f 2672/541/111 2624/481/133 989/505/133
f 1596/541/459 1597/542/459 1545/534/446
f 1622/513/466 1626/1994/467 1623/578/467
f 940/580/318 939/617/318 961/544/119
f 1001/491/136 998/490/136 937/582/108
f 1630/535/468 1627/593/468 1623/559/467
f 2708/584/106 934/1995/106 933/585/105
f 932/535/104 938/537/108 937/587/108
f 2652/589/159 1656/614/477 1657/590/477
f 1634/592/469 1631/1521/469 1627/593/468
f 1674/570/481 1671/569/481 1667/594/480
f 932/535/104 931/588/104 926/596/103
f 924/597/102 923/639/102 922/598/101
f 1638/600/470 1635/610/470 1631/601/469
f 1718/603/495 1722/690/496 1719/604/496
f 918/606/100 927/1996/103 926/607/103
f 1638/600/470 1642/616/471 1639/609/471
f 918/606/100 917/608/100 914/611/99
f 1662/589/478 1659/643/478 913/613/98
f 1646/615/474 1643/621/473 1639/609/471
f 1160/423/158 1154/422/158 939/617/318
f 915/612/99 914/611/99 910/618/97
f 1646/615/474 1650/628/475 1647/620/475
f 1730/622/498 1734/695/499 1731/623/499
f 2662/625/317 911/619/97 910/618/97
f 2656/627/586 905/1997/94 1647/620/475
f 1670/595/480 1667/594/480 1663/550/479
f 2662/625/317 906/626/317 1653/630/476
f 2696/535/115 951/560/115 905/632/94
f 1600/535/460 1652/633/476 1653/634/476
f 1682/636/483 1679/1998/483 1675/637/482
f 902/638/92 901/678/92 923/639/102
f 900/640/91 963/543/118 960/545/118
f 1686/642/484 1683/653/484 1679/643/483
f 2724/645/90 896/1999/90 895/646/89
f 900/644/91 899/2000/91 893/648/88
f 1712/649/494 1713/705/494 1010/650/141
f 1686/642/484 1690/657/485 1687/652/485
f 1730/622/498 1727/624/498 1723/654/497
f 894/642/88 893/648/88 888/656/87
f 887/658/85 886/697/86 885/659/86
f 1694/661/486 1691/671/486 1687/662/485
f 1778/664/510 1775/746/510 1771/665/509
f 889/667/87 888/2001/87 879/668/84
f 1694/661/486 1698/677/489 1695/670/488
f 877/672/83 880/669/84 879/668/84
f 2666/674/82 1718/603/495 1715/605/495
f 1702/676/491 1699/682/490 1695/670/488
f 902/638/92 1011/477/140 1009/479/140
f 877/672/83 876/673/83 872/679/80
f 1706/681/492 1703/689/492 1699/682/490
f 1790/683/513 1787/752/513 1783/684/512
f 2732/686/78 873/680/80 872/679/80
f 1706/681/492 2728/2002/77 867/688/77
f 1726/655/497 1723/654/497 1719/604/496
f 1708/691/493 2732/686/78 868/687/78
f 2728/657/77 2648/614/98 913/613/98
f 1708/657/493 1709/656/493 1657/590/477
f 1738/694/500 1735/701/500 1731/623/499
f 864/696/75 863/734/75 885/659/86
f 925/599/101 922/598/101 861/698/74
f 1742/700/501 1739/2003/501 1735/701/500
f 859/702/72 2756/837/73 858/703/73
f 856/649/71 862/651/74 861/650/74
f 2684/706/124 1768/763/508 1769/707/508
f 1742/649/501 1746/749/502 1743/709/502
f 1782/711/511 1786/685/512 1783/684/512
f 856/700/71 855/2004/71 850/713/70
f 849/715/68 848/753/69 847/716/69
f 1750/718/503 1747/727/503 1743/719/502
f 1830/721/523 1834/803/524 1831/722/524
f 842/724/67 851/714/70 850/713/70
f 1750/718/503 1754/733/504 1751/726/504
f 839/728/66 842/724/67 841/725/67
f 1774/666/509 1771/665/509 837/730/65
f 1758/732/505 1755/738/505 1751/726/504
f 864/696/75 973/533/123 971/532/123
f 839/728/66 838/729/66 834/735/64
f 1762/737/506 1759/745/506 1755/738/505
f 1842/739/526 1846/808/527 1843/740/527
f 835/736/64 834/735/64 830/742/62
f 1762/737/506 2688/2005/61 829/744/61
f 1778/664/510 1782/711/511 1779/712/511
f 1764/747/507 2692/743/62 830/742/62
f 2666/649/82 875/2006/82 829/709/61
f 1712/674/494 1764/747/507 1765/748/507
f 1790/683/513 1794/757/514 1791/751/514
f 848/753/69 826/791/59 825/754/59
f 824/755/58 887/658/85 884/660/85
f 1794/757/514 1798/771/515 1795/758/515
f 2748/759/57 820/891/57 819/760/56
f 824/706/58 823/708/58 817/762/55
f 1824/764/522 1825/819/522 934/765/106
f 1802/767/516 1799/806/516 1795/768/515
f 1842/739/526 1839/741/526 1835/769/525
f 818/771/55 817/2007/55 812/772/54
f 810/774/53 809/811/53 808/775/52
f 1802/777/516 1806/783/517 1803/778/517
f 1890/647/538 1887/861/538 1883/780/537
f 804/781/51 813/773/54 812/772/54
f 1806/783/517 1810/790/518 1807/784/518
f 801/785/50 804/781/51 803/782/51
f 1830/721/523 1827/723/523 799/787/49
f 1814/789/519 1811/795/519 1807/784/518
f 826/791/59 935/586/105 933/585/105
f 797/792/48 801/785/50 800/786/50
f 1818/794/520 1815/802/520 1811/795/519
f 1898/796/540 1902/866/541 1899/797/541
f 797/792/48 796/793/48 792/799/46
f 2712/801/45 791/2008/45 1815/802/520
f 1834/803/524 1838/770/525 1835/769/525
f 1820/804/521 2718/800/46 792/799/46
f 2712/767/45 2680/763/65 837/768/65
f 1820/804/521 1821/805/521 1769/807/508
f 1846/808/527 1850/815/528 1847/809/528
f 788/810/43 787/849/43 809/811/53
f 786/812/42 849/715/68 846/717/68
f 1854/814/529 1851/2009/529 1847/809/528
f 782/816/315 781/944/315 780/817/314
f 786/766/42 785/765/42 778/819/38
f 2724/820/90 1880/876/536 1881/821/536
f 1858/823/530 1855/1723/530 1851/824/529
f 1894/825/539 1898/796/540 1895/798/540
f 774/827/36 779/814/38 778/828/38
f 772/830/34 771/869/35 770/831/35
f 1858/833/530 1862/840/531 1859/834/531
f 1946/702/552 1943/914/552 1939/836/551
f 774/827/36 773/829/36 764/838/33
f 1862/840/531 1866/847/532 1863/841/532
f 762/842/32 765/839/33 764/838/33
f 2722/844/31 1886/645/537 1883/780/537
f 1870/846/533 1867/853/533 1863/841/532
f 788/810/43 897/2010/89 895/848/89
f 758/850/30 762/842/32 761/843/32
f 1870/846/533 1874/860/534 1871/852/534
f 1958/854/555 1955/920/555 1951/855/554
f 758/850/30 757/851/30 753/857/28
f 2856/859/24 752/2011/24 1871/852/534
f 1890/647/538 1894/825/539 1891/826/539
f 1876/862/535 2860/858/28 753/857/28
f 2856/823/24 2704/764/49 799/824/49
f 1876/862/535 1877/863/535 1825/865/522
f 1902/866/541 1906/870/542 1903/867/542
f 749/868/22 748/904/22 770/831/35
f 747/870/21 811/866/52 808/871/52
f 1910/873/543 1907/2012/543 1903/867/542
f 2830/816/315 743/944/315 742/817/314
f 747/874/21 746/1680/21 740/875/17
f 1936/877/550 1937/931/550 858/878/73
f 1914/880/544 1911/1768/544 1907/881/543
f 1950/882/553 1954/856/554 1951/855/554
f 741/873/17 740/2013/17 735/884/14
f 733/886/13 732/909/13 731/887/12
f 1914/885/544 1918/893/545 1915/889/545
f 1998/759/565 2002/761/566 1999/760/566
f 736/885/14 735/884/14 726/892/11
f 1922/894/546 1919/902/546 1915/895/545
f 727/893/11 726/892/11 723/897/10
f 2752/899/9 1942/837/551 1939/836/551
f 1926/901/547 1923/908/547 1919/902/546
f 859/903/72 857/2014/72 748/904/22
f 724/898/10 723/897/10 719/905/8
f 1926/901/547 1930/2015/548 1927/907/548
f 2010/886/568 2014/888/569 2011/887/569
f 2740/910/5 720/906/8 719/905/8
f 2736/912/313 714/1890/313 1927/913/548
f 1946/702/552 1950/882/553 1947/883/553
f 2740/910/5 715/911/5 1933/915/549
f 2722/876/31 760/1767/31 714/916/313
f 1880/844/536 1932/912/549 1933/915/549
f 1958/854/555 1962/925/556 1959/919/556
f 711/921/311 710/989/311 732/922/13
f 772/854/34 769/2016/34 708/924/310
f 1966/926/557 1963/2017/557 1959/919/556
f 706/927/308 2774/1015/309 705/928/309
f 703/877/307 709/2018/310 708/930/310
f 2748/759/57 1992/951/564 1993/932/564
f 1966/877/557 1970/2019/558 1967/933/558
f 2010/923/568 2007/988/568 2003/935/567
f 703/926/307 702/2020/307 697/936/306
f 695/938/288 694/961/288 693/939/287
f 1974/941/559 1971/1892/559 1967/942/558
f 691/816/304 690/818/305 689/943/305
f 687/941/303 698/937/306 697/936/306
f 1974/946/559 1978/953/560 1975/947/560
f 687/941/303 686/945/303 683/949/302
f 1998/759/565 1995/891/565 682/932/301
f 1982/952/561 1979/959/561 1975/947/560
f 711/954/311 821/761/56 819/760/56
f 680/956/300 684/950/302 683/949/302
f 1986/958/562 1983/2021/562 1979/959/561
f 677/938/298 676/940/299 675/960/299
f 2764/962/297 680/956/300 679/957/300
f 1986/962/562 2760/967/296 672/964/296
f 2006/954/567 2003/955/567 1999/760/566
f 2764/962/297 673/963/297 1989/966/563
f 2752/877/9 722/934/9 672/968/296
f 1936/899/550 1988/967/563 1989/966/563
f 2014/888/569 2018/973/570 2015/971/570
f 669/972/279 668/981/279 694/961/288
f 734/888/12 731/887/12 666/971/295
f 2022/974/571 2019/978/571 2015/971/570
f 2788/975/294 663/1066/294 662/976/293
f 661/974/292 667/973/295 666/971/295
f 659/979/291 658/987/291 781/944/315
f 2022/974/571 2026/982/572 2023/980/572
f 677/938/298 674/961/298 655/981/290
f 661/974/292 660/978/292 653/980/289
f 651/938/288 650/961/288 649/939/287
f 2030/983/573 2027/984/573 2023/980/572
f 2110/816/304 2114/818/305 2111/943/305
f 645/983/286 654/982/289 653/980/289
f 2034/985/574 2031/986/574 2027/984/573
f 642/985/285 645/983/286 644/984/286
f 640/979/270 691/816/304 688/944/304
f 2038/921/575 2035/935/575 2031/988/574
f 669/972/279 783/818/314 780/817/314
f 642/923/285 641/922/285 636/989/284
f 2038/990/575 2042/993/576 2039/991/576
f 2122/938/298 2126/940/299 2123/960/299
f 637/990/284 636/992/284 632/991/283
f 2042/993/576 2800/995/282 631/994/282
f 656/972/290 655/981/290 689/943/305
f 2804/993/283 632/991/283 2045/994/577
f 2800/995/282 2744/951/301 682/932/301
f 2044/995/577 2045/994/577 1993/932/564
f 676/940/299 629/1001/280 628/996/280
f 627/997/279 626/1048/279 650/998/288
f 696/940/287 693/939/287 624/1000/265
f 623/1002/278 622/1006/278 628/996/280
f 2964/1003/277 620/1121/277 619/1004/276
f 625/1001/265 624/1000/265 617/1006/262
f 2104/979/291 2105/987/291 743/944/315
f 615/1007/275 614/1014/275 622/1006/278
f 2122/999/298 2119/1046/298 2115/1008/290
f 618/1002/262 617/1006/262 611/1009/261
f 609/1010/274 608/1033/274 607/1011/273
f 606/1013/272 605/1020/272 614/1014/275
f 2166/1015/335 2170/927/336 2167/1016/336
f 612/1007/261 611/1009/261 601/1018/257
f 600/1019/271 599/1021/271 605/1020/272
f 602/1013/257 601/1018/257 597/1021/256
f 2824/979/270 2110/816/304 2107/944/304
f 595/1022/269 594/1023/269 599/1021/271
f 627/972/279 744/818/314 742/817/314
f 598/1019/256 597/1021/256 592/1023/254
f 595/1022/269 591/1029/268 590/1024/268
f 2178/1025/338 2182/2022/339 2179/1026/339
f 593/1022/254 592/1023/254 586/1028/252
f 591/1029/268 585/1031/251 584/1030/251
f 2118/972/290 2115/981/290 2111/943/305
f 583/1031/267 587/1029/252 586/1028/252
f 640/979/270 639/987/270 584/1030/251
f 659/979/291 583/1031/267 582/1030/267
f 2130/1001/280 2127/996/280 2123/960/299
f 609/1010/274 580/1047/266 579/1032/266
f 652/940/287 649/939/287 577/1000/265
f 2134/1002/278 2131/1006/278 2127/996/280
f 2812/1034/264 574/1174/264 573/1035/263
f 572/1002/262 578/1001/265 577/1000/265
f 2160/1037/334 2161/1902/334 705/928/309
f 2134/1002/278 2138/1007/275 2135/1014/275
f 2178/1025/338 2175/1027/338 2171/1038/337
f 572/1002/262 571/1006/262 570/1009/261
f 562/1040/260 561/1057/260 560/1041/259
f 2142/1013/272 2139/1020/272 2135/1014/275
f 2222/975/351 2226/977/352 2223/1043/352
f 568/1007/261 570/1009/261 554/1018/257
f 2146/1019/271 2143/1021/271 2139/1020/272
f 552/1019/256 555/1013/257 554/1018/257
f 2768/1045/255 2166/2023/335 2163/125/335
f 2150/997/269 2147/1008/269 2143/1046/271
f 706/927/308 704/929/308 579/1032/266
f 552/999/256 551/998/256 546/1048/254
f 2150/1022/269 2154/1029/268 2151/1024/268
f 2238/1049/355 2235/2024/355 2231/1050/354
f 547/1022/254 546/1023/254 542/1028/252
f 2778/1031/251 541/1030/251 2151/1024/268
f 2174/1039/337 2171/1038/337 2167/1052/336
f 2156/1031/267 2780/1029/252 542/1028/252
f 2824/979/270 596/987/270 541/1030/251
f 2104/979/291 2156/1031/267 2157/1030/267
f 2186/1054/340 2183/2025/340 2179/1055/339
f 539/1056/249 538/1090/249 561/1057/260
f 610/1012/273 607/1011/273 536/1058/248
f 2190/1059/341 2187/1957/341 2183/107/340
f 2908/1060/247 533/1231/247 532/1061/246
f 531/1063/245 537/1054/248 536/1058/248
f 2788/975/294 2216/2026/350 2217/1065/350
f 2190/1063/341 2194/1077/342 2191/1067/342
f 2234/1051/354 2231/1050/354 2227/1069/353
f 531/1059/245 530/2027/245 525/1071/244
f 524/1073/242 523/1109/243 522/1074/243
f 2198/1076/343 2195/1083/343 2191/1067/342
f 2282/1078/369 2279/1156/369 2275/1079/368
f 526/1077/244 525/2028/244 516/1081/240
f 2202/1082/344 2199/1089/344 2195/1083/343
f 514/1084/238 517/2029/240 516/1085/240
f 2222/184/351 2219/2030/580 512/152/237
f 2206/1088/345 2203/1094/345 2199/1089/344
f 539/1056/249 664/977/293 662/976/293
f 514/1084/238 513/1086/238 509/1091/236
f 2206/1088/345 2210/1100/346 2207/1093/346
f 2294/1095/373 2291/1162/373 2287/1096/372
f 510/1092/236 509/1091/236 502/1098/233
f 2210/1100/346 2816/1104/232 501/1101/232
f 2230/1070/353 2227/1069/353 2223/1102/352
f 2212/1104/348 2820/1100/233 502/1105/233
f 2768/1037/255 550/2031/255 501/1101/232
f 2160/1045/334 2212/1072/348 2213/138/348
f 2242/1107/356 2239/2032/356 2235/1108/355
f 523/1109/243 505/1144/234 508/1110/234
f 563/1042/259 560/1041/259 497/1111/230
f 2242/1112/356 2246/1087/357 2243/1113/357
f 2868/1115/229 494/2033/229 493/1116/228
f 498/1107/230 497/1111/230 491/1118/227
f 2964/1003/277 2272/1215/581 2273/1120/366
f 2250/1122/359 2247/1131/359 2243/1123/357
f 2286/1124/370 2290/1097/372 2287/1096/372
f 488/233/226 492/1087/227 491/195/227
f 485/1127/224 484/1164/224 483/1128/223
f 2250/1122/359 2254/1136/360 2251/1130/360
f 2338/1132/387 2335/1212/387 2331/1133/386
f 488/1122/226 487/2034/225 478/1135/221
f 2258/1137/361 2255/1143/361 2251/1130/360
f 476/1138/220 479/2035/221 478/1139/221
f 2960/214/219 2278/241/368 2275/1141/368
f 2258/1137/361 2262/1147/362 2259/1142/362
f 621/1005/276 619/1004/276 508/1110/234
f 476/1138/220 475/1140/220 471/1145/218
f 2262/1147/362 2266/1154/363 2263/1148/363
f 2350/1149/390 2347/1219/390 2343/1150/389
f 472/1146/218 471/1145/218 467/1152/216
f 2266/1154/363 2792/1157/215 466/1155/215
f 2282/1078/369 2286/1124/370 2283/1125/370
f 2268/1157/364 2796/1154/216 467/1158/216
f 2792/1157/215 2784/2026/237 512/1160/237
f 2268/194/364 2269/2036/364 2217/195/350
f 2294/1095/373 2298/2037/374 2295/1161/374
f 559/1163/258 567/1200/258 484/1164/224
f 463/1165/213 524/1073/242 521/1075/242
f 2298/241/374 2302/214/376 2299/216/376
f 460/1168/212 2852/2038/211 459/1169/211
f 463/1165/213 462/1166/213 456/1171/209
f 2812/1034/264 2328/1270/385 2329/1173/385
f 2302/1172/376 2306/1184/377 2303/1175/377
f 2342/1177/388 2346/1151/389 2343/1150/389
f 453/1179/208 457/214/209 456/293/209
f 450/1181/207 449/1221/207 448/1182/206
f 2306/1184/377 2310/1193/378 2307/1185/378
f 2390/1186/402 2394/1267/403 2391/1187/403
f 444/1189/205 453/2039/208 452/1190/208
f 2314/1192/380 2311/1199/380 2307/1185/378
f 444/1189/205 443/1191/205 440/1194/204
f 2808/270/203 2334/2040/386 2331/1196/386
f 2314/1192/380 2318/1203/381 2315/1198/381
f 559/1163/258 575/1036/263 573/1035/263
f 437/1201/202 441/1195/204 440/1194/204
f 2318/1203/381 2322/1210/383 2319/1204/383
f 2402/1205/405 2406/1273/406 2403/1206/406
f 2836/1208/200 437/1201/202 436/1202/202
f 2322/1210/383 2834/1216/199 431/1211/199
f 2338/1132/387 2342/1177/388 2339/1178/388
f 2836/1208/200 432/1209/200 2325/1213/384
f 2960/1215/219 474/2041/219 431/1211/199
f 2272/214/581 2324/254/384 2325/1217/384
f 2350/1149/390 2354/2042/393 2351/1218/393
f 450/1181/207 428/1255/197 427/1220/197
f 426/1222/196 486/1129/223 483/1128/223
f 2358/270/394 2355/1197/394 2351/1224/393
f 2900/1225/195 422/2043/195 421/1226/194
f 426/1222/196 425/1223/196 419/1228/193
f 2908/1060/247 2384/1321/401 2385/1230/401
f 2362/1232/395 2359/1242/395 2355/1233/394
f 2402/1205/405 2399/1207/405 2395/1234/404
f 420/270/193 419/353/193 414/1236/191
f 412/1238/190 411/1275/190 410/1239/189
f 2362/1232/395 2366/1250/396 2363/1241/396
f 2446/1243/416 2450/1318/418 2447/1244/418
f 406/1246/188 415/2044/191 414/1247/191
f 2370/1249/397 2367/1254/397 2363/1241/396
f 406/1246/188 405/1248/188 402/1251/187
f 2390/330/402 2387/360/402 401/331/186
f 2374/1253/398 2371/1259/398 2367/1254/397
f 428/1255/197 534/1062/246 532/1061/246
f 399/1256/185 403/1252/187 402/1251/187
f 2374/1253/398 2378/1266/399 2375/1258/399
f 2462/1260/421 2459/1325/421 2455/1261/420
f 2876/1263/183 399/1256/185 398/1257/185
f 2872/1265/182 393/1271/182 2375/1258/399
f 2398/1235/404 2395/1234/404 2391/1187/403
f 2876/1263/183 394/1264/183 2381/1268/400
f 2808/1270/203 439/2045/203 393/1271/182
f 2328/270/385 2380/2046/400 2381/313/400
f 2410/1272/582 2407/2047/407 2403/1206/406
f 390/1274/180 389/1306/180 411/1275/190
f 388/1276/179 451/1183/206 448/1182/206
f 2410/330/582 2414/332/408 2411/331/408
f 2892/1278/178 384/2048/178 383/1279/177
f 388/1276/179 387/1277/179 381/1281/176
f 2868/366/229 2440/392/415 2441/424/415
f 2418/1283/409 2415/1293/409 2411/1284/408
f 2454/1285/419 2458/1262/420 2455/1261/420
f 377/1287/175 382/332/176 381/374/176
f 375/1289/173 374/1327/172 373/1290/172
f 2418/1283/409 2422/1301/410 2419/1292/410
f 2506/1294/434 2503/1372/434 2499/1295/433
f 377/1297/175 376/2049/174 367/1298/170
f 2426/1300/411 2423/1305/411 2419/1292/410
f 365/1302/169 368/1299/170 367/1298/170
f 2446/366/416 2443/420/416 363/419/168
f 2426/1300/411 2430/1309/412 2427/1304/412
f 390/1274/180 495/1117/228 493/1116/228
f 365/1302/169 364/1303/169 360/1307/167
f 2430/1309/412 2434/1317/413 2431/1310/413
f 2518/1311/437 2515/1376/437 2511/1312/436
f 361/1308/167 360/1307/167 356/1314/165
f 2840/1316/164 355/1322/164 2431/1310/413
f 2454/1285/419 2451/1286/419 2447/1244/418
f 2436/1319/414 2844/1315/165 356/1314/165
f 2904/1321/186 401/2050/186 355/1322/164
f 2436/373/414 2437/375/583 2385/1323/401
f 2462/1260/421 2466/2051/423 2463/1324/423
f 352/1326/162 351/1360/161 373/1290/172
f 350/1328/160 413/1240/189 410/1239/189
f 2466/1330/423 2470/392/424 2467/1331/424
f 2924/1332/159 346/2052/159 345/1333/158
f 350/1330/160 349/1982/160 343/1335/157
f 2852/425/211 2496/449/431 2497/1336/431
f 2474/1337/425 2471/1983/425 2467/1331/424
f 2514/1313/436 2511/1312/436 2507/1338/435
f 339/1337/156 344/392/157 343/1335/157
f 336/1341/155 335/1378/155 334/1342/154
f 2474/1344/425 2478/1354/426 2475/1345/426
f 2558/1347/447 2562/1422/448 2559/1348/448
f 330/1350/152 339/2053/156 338/1351/156
f 2482/1353/427 2479/1359/427 2475/1345/426
f 330/1350/152 329/1352/152 326/1355/151
f 2502/425/433 2499/1382/433 325/1357/150
f 2482/1353/427 2486/1363/428 2483/1358/428
f 460/1168/212 458/1170/210 351/1360/161
f 327/1356/151 326/1355/151 322/1361/148
f 2486/1363/428 2490/1371/429 2487/1364/429
f 2570/1365/450 2574/1427/451 2571/1366/451
f 2942/1368/146 323/1362/148 322/1361/148
f 2936/1370/145 317/1912/145 2487/1364/429
f 2506/1294/434 2510/1339/435 2507/1338/435
f 2942/1368/146 318/1369/146 2493/1373/430
f 2936/467/145 2864/392/168 363/419/168
f 2440/392/415 2492/467/430 2493/431/430
f 2518/1311/437 2522/2054/438 2519/1375/438
f 336/1341/155 314/1410/143 313/1377/143
f 375/1289/173 372/1291/171 311/1379/142
f 2522/1381/438 2526/449/439 2523/475/439
f 309/1383/140 2980/2055/141 308/1384/141
f 306/449/139 312/1381/142 311/427/142
f 2900/1386/195 2552/481/446 2553/1387/446
f 2526/449/439 2530/487/440 2527/484/440
f 2570/1365/450 2567/1367/450 2563/1388/449
f 301/487/138 306/449/139 305/480/139
f 298/1391/137 297/1429/137 296/1392/136
f 2534/1394/441 2531/1404/441 2527/1395/440
f 2618/1397/463 2615/1467/463 2611/1398/462
f 301/1400/138 300/2056/138 291/1401/135
f 2534/1394/441 2538/1409/442 2535/1403/442
f 292/1402/135 291/1401/135 288/1405/134
f 2558/1386/447 2555/530/447 287/1407/133
f 2542/1408/443 2539/1414/443 2535/1403/442
f 423/1227/194 421/1226/194 313/1377/143
f 285/1411/132 289/1406/134 288/1405/134
f 2546/1413/444 2543/1421/444 2539/1414/443
f 2630/1415/466 2627/1472/466 2623/1416/465
f 285/1411/132 284/1412/132 280/1418/130
f 2546/1413/444 2880/2057/129 279/1420/129
f 2566/1389/449 2563/1388/449 2559/1348/448
f 2548/1423/445 2886/1419/130 280/1418/130
f 2848/449/150 325/1357/150 279/484/129
f 2548/1425/445 2549/1390/445 2497/1336/431
f 2578/1426/452 2575/2058/452 2571/1366/451
f 276/1428/127 275/1455/126 297/1429/137
f 337/1343/154 334/1342/154 273/1430/125
f 2578/483/452 2582/481/453 2579/1407/453
f 2956/1432/124 270/2059/124 269/1433/123
f 274/483/125 273/482/125 267/1387/122
f 2892/537/178 2608/535/460 2609/635/460
f 2586/541/454 2583/538/454 2579/1407/453
f 2626/1417/465 2623/1416/465 2619/1435/464
f 263/541/121 268/481/122 267/1387/122
f 261/1437/118 260/1474/120 259/1438/119
f 2586/1440/454 2590/1450/455 2587/1441/455
f 2670/1443/478 2674/1518/479 2671/1444/479
f 263/1446/121 262/2060/121 253/1447/117
f 2594/1449/456 2591/1454/456 2587/1441/455
f 251/1451/116 254/1448/117 253/1447/117
f 2890/535/115 2614/537/462 2611/559/462
f 2598/1453/457 2595/1459/457 2591/1454/456
f 276/1428/127 385/1280/177 383/1279/177
f 251/1451/116 250/1452/116 246/1456/114
f 2602/1458/458 2599/1466/458 2595/1459/457
f 2682/1460/481 2686/1524/482 2683/1461/482
f 247/1457/114 246/1456/114 242/1463/112
f 2912/1465/111 241/1919/111 2599/1466/458
f 2618/1397/463 2622/1436/464 2619/1435/464
f 2604/1468/459 2916/1464/112 242/1463/112
f 2896/481/133 287/1407/133 241/538/111
f 2604/1470/459 2605/542/459 2553/1387/446
f 2634/1471/467 2631/2061/467 2627/1472/466
f 238/1473/109 237/1506/109 259/1438/119
f 236/1475/108 299/1393/136 296/1392/136
f 2638/535/468 2635/593/468 2631/1477/467
f 3028/1479/106 232/2062/106 231/1480/105
f 230/535/104 236/1478/108 235/536/107
f 2664/614/477 2665/590/477 346/1482/159
f 2638/535/468 2642/1486/585 2639/632/469
f 2682/1460/481 2679/1462/481 2675/1483/480
f 230/535/104 229/588/104 224/1485/103
f 223/1487/101 222/1526/102 221/1488/102
f 2642/1490/585 2646/1500/470 2643/1491/470
f 2726/1493/495 2730/1569/496 2727/1494/496
f 216/1496/100 225/2063/103 224/1497/103
f 2650/1499/471 2647/1505/471 2643/1491/470
f 216/1496/100 215/1498/100 212/1501/99
f 2920/614/98 2670/589/478 2667/643/478
f 2654/1504/474 2651/1510/474 2647/1505/471
f 347/1334/158 345/1333/158 237/1506/109
f 213/1502/99 212/1501/99 208/1507/97
f 2654/1504/474 2658/1517/475 2655/1509/475
f 2738/1511/498 2742/1574/499 2739/1512/499
f 2932/1514/317 209/1508/97 208/1507/97
f 2928/1516/586 203/2064/94 2655/1509/475
f 2678/1484/480 2675/1483/480 2671/1444/479
f 2932/1514/317 204/1515/95 2661/1519/476
f 2890/535/115 249/560/115 203/1521/94
f 2608/535/460 2660/1522/476 2661/634/476
f 2690/1523/483 2687/2065/483 2683/1461/482
f 200/1525/92 199/1557/92 221/1488/102
f 261/1437/118 258/1439/118 197/1527/91
f 2690/589/483 2694/614/484 2691/1503/484
f 2988/1529/90 194/2066/90 193/1530/89
f 192/614/88 198/589/91 197/1532/91
f 2720/649/494 2721/705/494 308/650/141
f 2694/614/484 2698/657/485 2695/1533/485
f 2738/1511/498 2735/1513/498 2731/1534/497
f 192/614/88 191/648/88 186/1536/87
f 185/1537/85 184/1575/86 183/1538/86
f 2702/1540/486 2699/1550/486 2695/1541/485
f 2786/1543/510 2783/1620/510 2779/1544/509
f 178/1546/84 187/2067/87 186/1547/87
f 2702/1540/486 2706/1556/488 2703/1549/488
f 178/1546/84 177/1548/84 174/1551/83
f 2976/1553/82 2726/1493/495 2723/1495/495
f 2710/1555/490 2707/1561/490 2703/1549/488
f 200/1525/92 309/1383/140 307/1385/140
f 175/1552/83 174/1551/83 170/1558/80
f 2714/1560/492 2711/1568/492 2707/1561/490
f 2798/1562/513 2795/1625/513 2791/1563/512
f 2948/1565/78 171/1559/80 170/1558/80
f 2714/1560/492 2946/2068/77 165/1567/77
f 2734/1535/497 2731/1534/497 2727/1494/496
f 2716/1570/493 2948/1565/78 166/1566/78
f 2920/614/98 211/1503/98 165/652/77
f 2664/614/477 2716/657/493 2717/1572/493
f 2746/1573/500 2743/1580/500 2739/1512/499
f 184/1575/86 162/1608/75 161/1576/75
f 223/1487/101 220/1489/101 159/1577/74
f 2750/1579/501 2747/2069/501 2743/1580/500
f 157/1581/72 3004/1693/73 156/1582/73
f 160/651/74 159/650/74 153/705/71
f 2956/706/124 2776/763/508 2777/707/508
f 2750/649/501 2754/749/502 2751/1584/502
f 2790/1585/511 2794/1564/512 2791/1563/512
f 154/1579/71 153/2070/71 148/1587/70
f 146/1589/69 145/1627/69 144/1590/68
f 2758/1592/503 2755/1601/503 2751/1593/502
f 2842/1595/524 2839/1668/524 2835/1596/523
f 149/1588/70 148/1587/70 139/1598/67
f 2758/1592/503 2762/1607/504 2759/1600/504
f 137/1602/66 140/1599/67 139/1598/67
f 2782/1545/509 2779/1544/509 135/1604/65
f 2766/1606/505 2763/1612/505 2759/1600/504
f 271/1434/123 269/1433/123 161/1576/75
f 137/1602/66 136/1603/66 132/1609/64
f 2766/1606/505 2770/1618/506 2767/1611/506
f 2850/1613/526 2854/1673/527 2851/1614/527
f 133/1610/64 132/1609/64 128/1616/62
f 2770/1618/506 2968/2071/61 127/1619/61
f 2786/1543/510 2790/1585/511 2787/1586/511
f 2972/1617/62 128/1616/62 2773/1621/507
f 2976/649/82 173/2006/82 127/709/61
f 2720/1553/494 2772/1622/507 2773/1621/507
f 2798/1562/513 2802/1631/514 2799/1624/514
f 146/1589/69 124/1656/59 123/1626/59
f 122/1628/58 185/1537/85 182/1539/85
f 2806/1630/515 2803/2072/515 2799/1624/514
f 119/1632/56 3020/1742/57 118/1633/57
f 122/706/58 121/708/58 115/762/55
f 3028/766/106 2832/764/588 2833/819/588
f 2810/767/516 2807/806/516 2803/768/515
f 2846/1635/525 2850/1613/526 2847/1615/526
f 116/1630/55 115/2073/55 110/1637/54
f 108/1639/53 107/1675/53 106/1640/52
f 2810/1642/516 2814/1648/517 2811/1643/517
f 2898/1531/538 2895/1720/538 2891/1645/537
f 102/1646/51 111/1638/54 110/1637/54
f 2814/1648/517 2818/1655/518 2815/1649/518
f 102/1646/51 101/1647/51 98/1650/50
f 3024/1652/49 2838/1597/523 2835/1596/523
f 2822/1654/519 2819/1660/519 2815/1649/518
f 233/1481/105 231/1480/105 123/1626/59
f 99/1651/50 98/1650/50 94/1657/48
f 2826/1659/520 2823/1667/520 2819/1660/519
f 2906/1661/540 2910/1725/541 2907/1662/541
f 3012/1664/46 95/1658/48 94/1657/48
f 88/31/3 87/33/2 86/26/1
f 3008/1666/45 85/2074/45 2823/1667/520
f 2842/1595/524 2846/1635/525 2843/1636/525
f 3012/1664/46 90/1665/46 2829/1669/521
f 3008/767/45 2952/763/65 135/768/65
f 2828/1670/521 2829/1669/521 2777/1671/508
f 2858/1672/528 2855/1679/528 2851/1614/527
f 82/1674/43 81/1705/43 107/1675/53
f 80/1676/42 147/1591/68 144/1590/68
f 2862/1678/529 2859/2075/529 2855/1679/528
f 76/25/40 75/26/27 74/33/39
f 80/766/42 79/765/42 72/819/38
f 2988/820/90 2888/876/536 2889/821/536
f 2866/823/530 2863/1723/530 2859/824/529
f 2902/1681/539 2906/1661/540 2903/1663/540
f 68/1683/36 73/1678/38 72/1684/38
f 66/1686/34 65/1727/35 64/1687/35
f 2870/1689/531 2867/1697/531 2863/1690/530
f 2954/1581/552 2951/1765/552 2947/1692/551
f 68/1683/36 67/1685/36 58/1694/33
f 2874/1696/532 2871/1703/532 2867/1697/531
f 56/1698/32 59/1695/33 58/1694/33
f 2984/1700/31 2894/1529/537 2891/1645/537
f 2878/1702/533 2875/1709/533 2871/1703/532
f 82/1674/43 195/2076/89 193/1704/89
f 52/1706/30 56/1698/32 55/1699/32
f 2882/1708/534 2879/1719/534 2875/1709/533
f 2966/1710/555 2963/1771/555 2959/1711/554
f 52/1706/30 51/1707/30 47/1713/28
f 45/1715/27 44/1828/26 43/1716/25
f 2992/1718/24 42/2077/24 2879/1719/534
f 2898/1531/538 2902/1681/539 2899/1682/539
f 2884/1721/535 2998/1714/28 47/1713/28
f 2992/823/24 3024/764/49 97/824/49
f 2884/1721/535 2885/1722/535 2833/1724/588
f 2910/1725/541 2914/1729/542 2911/1726/542
f 65/1727/35 39/1755/22 38/1728/22
f 37/1729/21 109/1725/52 106/1730/52
f 2918/1732/543 2915/2078/543 2911/1726/542
f 77/2/41 33/3/19 32/12/18
f 37/820/21 36/2079/21 30/875/17
f 2944/877/550 2945/2080/550 156/930/73
f 2922/917/544 2919/2081/544 2915/881/543
f 2962/1712/554 2959/1711/554 2955/1733/553
f 31/1732/17 30/2082/17 25/1735/14
f 23/1737/13 22/1760/13 21/1738/12
f 2922/1736/544 2926/1743/545 2923/1740/545
f 3010/1632/566 3007/1634/566 3003/1633/565
f 17/1743/11 26/1736/14 25/1735/14
f 2930/1745/546 2927/1753/546 2923/1746/545
f 17/1743/11 16/1744/11 13/1748/10
f 3002/1750/9 2950/1693/551 2947/1692/551
f 2934/1752/547 2931/1759/547 2927/1753/546
f 157/1754/72 155/2083/72 38/1728/22
f 14/1749/10 13/1748/10 9/1756/8
f 2934/1752/547 2938/2084/548 2935/1758/548
f 3018/1737/568 3022/1739/569 3019/1738/569
f 3054/1761/5 10/1757/8 9/1756/8
f 3/31/3 2/33/2 1/26/1
f 3048/1763/313 3121/1940/313 2935/1764/548
f 2954/1581/552 2958/1734/553 2955/1733/553
f 3054/1761/5 5/1762/5 2941/1766/549
f 3048/917/313 2984/876/31 54/1767/31
f 2888/1700/536 2940/1763/549 2941/1766/549
f 2966/1710/555 2970/1776/556 2967/1770/556
f 3124/1772/311 3125/1820/311 22/1773/13
f 66/1710/34 63/2085/34 3127/1775/310
f 2974/1777/557 2971/2086/557 2967/1770/556
f 3130/25/40 3131/26/27 3132/33/39
f 3133/877/307 3126/2018/310 3127/878/310
f 3000/1778/564 3001/1793/564 118/1633/57
f 2974/877/557 2978/2019/558 2975/968/558
f 3018/1774/568 3015/1819/568 3011/1779/567
f 3133/1777/307 3134/2087/307 3139/1780/306
f 3141/28/589 3142/29/590 44/27/26
f 2982/1782/559 2979/1942/559 2975/1783/558
f 2/6/2 3144/5/591 33/3/19
f 3145/1782/303 3138/1781/306 3139/1780/306
f 3148/1785/593 3149/1827/594 3142/1786/590
f 2982/1788/559 2986/1795/560 2983/1789/560
f 3145/1782/303 3146/1784/303 3152/1791/302
f 3016/1778/301 3006/1742/565 3003/1633/565
f 2990/1794/561 2987/1801/561 2983/1789/560
f 3124/1796/311 119/1632/56 117/1634/56
f 3155/1798/300 3151/1792/302 3152/1791/302
f 89/13/4 3158/15/25 3159/20/594
f 2994/1800/562 2991/2088/562 2987/1801/561
f 3162/25/4 43/27/25 3149/29/594
f 3044/1802/297 3155/1798/300 3156/1799/300
f 3131/16/27 3164/18/26 3158/15/25
f 2994/1802/562 3040/1807/296 3165/1804/296
f 3014/1796/567 3011/1797/567 3007/1634/566
f 3044/1802/297 3163/1803/297 2997/1806/563
f 3002/877/9 12/2089/9 3165/933/296
f 2944/1750/550 2996/1807/563 2997/1806/563
f 3167/7/596 3168/9/597 3144/5/591
f 3026/1809/570 3023/1810/570 3019/1738/569
f 87/14/2 3170/15/591 3171/18/19
f 3172/1809/295 24/1739/12 21/1738/12
f 3168/9/597 3174/8/598 3175/11/599
f 3026/1809/570 3030/1812/571 3027/1811/571
f 3129/17/41 3171/18/19 3178/24/18
f 3172/1809/295 3173/1810/295 3180/1811/292
f 34/34/20 3175/35/599 3182/30/592
f 3034/1813/572 3031/1814/572 3027/1811/571
f 3184/19/596 3185/20/597 3170/15/591
f 3186/1813/289 3179/1812/292 3180/1811/292
f 3188/28/595 3189/30/593 3174/35/598
f 3038/1815/573 3035/1816/573 3031/1814/572
f 3185/20/597 3191/21/598 3192/23/599
f 3193/1815/286 3186/1813/289 3187/1814/289
f 3189/8/593 3195/9/594 3196/12/590
f 3042/1817/574 3039/1818/574 3035/1816/573
f 3177/34/20 3192/35/599 3199/30/592
f 3200/1817/285 3193/1815/286 3194/1816/286
f 3181/10/589 3196/12/590 3202/3/26
f 3046/1772/575 3043/1779/575 3039/1819/574
f 3157/28/595 3204/30/593 3191/35/598
f 3200/1774/285 3201/1773/285 3206/1820/284
f 75/1/27 3202/3/26 3207/5/25
f 3046/1821/575 3050/1824/576 3047/1822/576
f 3204/21/593 3159/20/594 3209/24/590
f 3205/1821/284 3206/1823/284 3210/1822/283
f 4/4/4 3207/5/25 3195/9/594
f 3050/1824/576 3032/1826/282 3211/1825/282
f 3198/22/589 3209/24/590 3164/18/26
f 3036/1824/283 3210/1822/283 3053/1825/577
f 3016/1778/301 3153/1793/301 3211/1825/282
f 3000/1778/564 3052/1826/577 3053/1825/577
f 3161/28/595 3148/30/593 3214/35/598
f 3215/34/20 3216/35/599 3147/30/592
f 3218/1827/597 3214/1785/598 3216/1787/599
f 3213/34/596 3218/36/597 3220/32/591
f 3221/31/41 3222/32/19 3217/36/18
f 3224/1717/2 3220/1716/591 3222/1828/19
f 3219/31/3 3224/33/2 46/26/1
f 3140/25/40 45/26/27 3223/33/39
f 3067/34/253 3061/31/253 1033/25/253
f 1038/3/281 3060/12/281 3056/9/281
f 3065/1829/319 1036/1944/319 1034/1830/319
f 3058/28/250 1037/25/250 3064/31/250
f 1091/90/253 1039/41/253 1043/48/253
f 1043/48/253 1047/53/253 1051/54/253
f 1051/54/253 1055/51/253 1059/50/253
f 1059/50/253 1063/64/253 1067/67/253
f 1067/67/253 1071/69/253 1075/74/253
f 1075/74/253 1079/81/253 1083/83/253
f 1083/83/253 1087/87/253 1091/90/253
f 1091/90/253 1043/48/253 1051/54/253
f 1051/54/253 1059/50/253 1067/67/253
f 1067/67/253 1075/74/253 1083/83/253
f 1083/83/253 1091/90/253 1051/54/253
f 1042/1832/320 1046/1837/321 1044/1833/321
f 1094/1835/332 1042/1832/320 1040/1834/320
f 1049/49/250 1045/46/250 1041/41/250
f 1041/41/250 1093/94/250 1089/88/250
f 1089/88/250 1085/83/250 1081/81/250
f 1081/81/250 1077/78/250 1073/69/250
f 1073/69/250 1069/67/250 1065/64/250
f 1065/64/250 1061/38/250 1057/51/250
f 1057/51/250 1053/54/250 1049/49/250
f 1049/49/250 1041/41/250 1089/88/250
f 1089/88/250 1081/81/250 1073/69/250
f 1073/69/250 1065/64/250 1057/51/250
f 1057/51/250 1049/49/250 1089/88/250
f 1046/1837/321 1050/1846/322 1048/1838/322
f 1050/1839/322 1054/1842/323 1052/1840/323
f 1054/1842/323 1058/1844/324 1056/1843/324
f 1058/1844/324 1062/1848/325 1060/1845/325
f 1062/1846/325 1066/1837/326 1064/1833/326
f 1066/1837/326 1070/1832/319 1068/1834/319
f 1070/1832/319 1074/1835/327 1072/1836/327
f 1074/1835/327 1078/1849/328 1076/1847/328
f 1078/1848/328 1082/1844/329 1080/1843/329
f 1082/1844/329 1086/1842/330 1084/1840/330
f 1086/1842/330 1090/1839/331 1088/1841/331
f 1090/1849/331 1094/1835/332 1092/1836/332
f 2292/54/253 2416/51/253 2420/50/253
f 2420/50/253 2140/64/253 2120/67/253
f 2120/67/253 2106/69/253 2016/74/253
f 2016/74/253 1996/81/253 1980/83/253
f 1980/83/253 1968/87/253 1147/90/253
f 1147/90/253 1095/41/253 2372/48/253
f 2372/48/253 2376/53/253 2292/54/253
f 2292/54/253 2420/50/253 2120/67/253
f 2120/67/253 2016/74/253 1980/83/253
f 1980/83/253 1147/90/253 2372/48/253
f 2372/48/253 2292/54/253 2120/67/253
f 1137/81/250 1133/78/250 1129/69/250
f 1129/69/250 1125/67/250 1121/64/250
f 1121/64/250 1117/38/250 1113/51/250
f 1113/51/250 1109/54/250 1105/49/250
f 1105/49/250 1101/46/250 2280/41/250
f 2280/41/250 1940/94/250 1145/88/250
f 1145/88/250 1141/83/250 1137/81/250
f 1137/81/250 1129/69/250 1121/64/250
f 1121/64/250 1113/51/250 1105/49/250
f 1105/49/250 2280/41/250 1145/88/250
f 1145/88/250 1137/81/250 1121/64/250
f 2192/121/235 1938/1956/235 1916/135/235
f 1916/135/235 1892/134/235 1878/147/235
f 1878/147/235 1852/155/235 1836/163/235
f 1836/163/235 1808/162/235 1203/167/235
f 1203/167/235 1151/1962/333 2264/73/235
f 2264/73/235 2270/72/239 2046/1850/235
f 2046/1850/235 2188/2090/235 2192/121/235
f 2192/121/235 1916/135/235 1878/147/235
f 1878/147/235 1836/163/235 1203/167/235
f 1203/167/235 2264/73/235 2046/1850/235
f 2046/1850/235 2192/121/235 1878/147/235
f 1189/145/231 1185/1960/231 1181/131/231
f 1181/131/231 1177/124/231 1173/76/231
f 1173/76/231 1169/97/231 1165/96/231
f 1165/96/231 1161/60/231 1157/59/231
f 1157/59/231 2108/1954/578 1796/172/231
f 1796/172/231 1201/171/347 1197/1851/231
f 1197/1851/231 1193/2091/231 1189/145/231
f 1189/145/231 1181/131/231 1173/76/231
f 1173/76/231 1165/96/231 1157/59/231
f 1157/59/231 1796/172/231 1197/1851/231
f 1197/1851/231 1189/145/231 1173/76/231
f 1964/178/217 1784/177/217 1760/191/217
f 1760/191/217 1744/201/217 1720/207/217
f 1720/207/217 1692/213/217 1680/223/217
f 1680/223/217 1658/222/217 1259/232/217
f 1259/232/217 1207/231/349 2008/105/217
f 2008/105/217 2012/104/217 1888/1852/217
f 1888/1852/217 1960/2092/217 1964/178/217
f 1964/178/217 1760/191/217 1720/207/217
f 1720/207/217 1680/223/217 1259/232/217
f 1259/232/217 2008/105/217 1888/1852/217
f 1888/1852/217 1964/178/217 1720/207/217
f 1241/1965/214 1237/186/358 1233/180/214
f 1233/180/214 1229/102/214 1225/123/214
f 1225/123/214 1221/156/214 1217/56/214
f 1217/56/214 1213/133/214 1896/132/214
f 1896/132/214 1644/230/214 1257/229/214
f 1257/229/214 1253/2093/214 1249/1853/214
f 1249/1853/214 1245/205/214 1241/1965/214
f 1241/1965/214 1233/180/214 1225/123/214
f 1225/123/214 1217/56/214 1896/132/214
f 1896/132/214 1257/229/214 1249/1853/214
f 1249/1853/214 1241/1965/214 1225/123/214
f 1908/2094/201 1912/2095/241 1748/2096/201
f 1748/2096/201 1948/2097/201 1952/1854/201
f 1952/1854/201 1640/2098/472 1620/250/201
f 1620/250/201 1592/249/201 1560/259/201
f 1560/259/201 1542/274/201 1524/279/201
f 1524/279/201 1512/286/241 1315/291/201
f 1315/291/201 1263/290/201 1908/2094/201
f 1908/2094/201 1748/2096/201 1952/1854/201
f 1952/1854/201 1620/250/201 1560/259/201
f 1560/259/201 1524/279/201 1315/291/201
f 1315/291/201 1908/2094/201 1952/1854/201
f 1297/2099/198 1293/246/198 1289/239/198
f 1289/239/198 1285/160/198 1281/176/198
f 1281/176/198 1277/175/371 1273/92/198
f 1273/92/198 1269/193/198 1740/1855/198
f 1740/1855/198 1492/2100/198 1313/2101/198
f 1313/2101/198 1309/2102/198 1305/1856/198
f 1305/1856/198 1301/2103/379 1297/2099/198
f 1297/2099/198 1289/239/198 1281/176/198
f 1281/176/198 1273/92/198 1740/1855/198
f 1740/1855/198 1313/2101/198 1305/1856/198
f 1305/1856/198 1297/2099/198 1281/176/198
f 1664/2104/184 1490/2105/432 1468/310/184
f 1468/310/184 1440/319/184 1408/318/184
f 1408/318/184 1388/334/184 1374/339/184
f 1374/339/184 1360/338/222 1371/351/184
f 1371/351/184 1319/350/184 1724/2106/184
f 1724/2106/184 1728/2107/222 1588/1857/184
f 1588/1857/184 1660/2108/184 1664/2104/184
f 1664/2104/184 1468/310/184 1408/318/184
f 1408/318/184 1374/339/184 1371/351/184
f 1371/351/184 1724/2106/184 1588/1857/184
f 1588/1857/184 1664/2104/184 1408/318/184
f 1353/2109/181 1349/305/181 1345/299/181
f 1345/299/181 1341/204/392 1337/203/181
f 1337/203/181 1333/275/181 1329/44/181
f 1329/44/181 1325/248/181 1598/247/181
f 1598/247/181 1340/2110/391 1369/2111/181
f 1369/2111/181 1365/2112/181 1361/1858/181
f 1361/1858/181 1357/2113/392 1353/2109/181
f 1353/2109/181 1345/299/181 1337/203/181
f 1337/203/181 1329/44/181 1598/247/181
f 1598/247/181 1369/2111/181 1361/1858/181
f 1361/1858/181 1353/2109/181 1337/203/181
f 1552/2114/166 1556/2115/166 1436/2116/166
f 1436/2116/166 1504/2117/166 1508/1859/166
f 1508/1859/166 1336/2118/166 1318/370/166
f 1318/370/166 1288/369/166 1256/380/166
f 1256/380/166 1236/394/166 1220/399/166
f 1220/399/166 1210/398/166 1427/411/166
f 1427/411/166 1375/410/166 1552/2114/166
f 1552/2114/166 1436/2116/166 1508/1859/166
f 1508/1859/166 1318/370/166 1256/380/166
f 1256/380/166 1220/399/166 1427/411/166
f 1427/411/166 1552/2114/166 1508/1859/166
f 1409/2119/163 1405/364/163 1401/359/163
f 1401/359/163 1397/256/163 1393/297/163
f 1393/297/163 1389/296/163 1385/143/163
f 1385/143/163 1381/308/163 1444/1860/163
f 1444/1860/163 1188/2120/163 1425/2121/163
f 1425/2121/163 1421/2122/163 1417/1861/163
f 1417/1861/163 1413/2123/163 1409/2119/163
f 1409/2119/163 1401/359/163 1393/297/163
f 1393/297/163 1385/143/163 1444/1860/163
f 1444/1860/163 1425/2121/163 1417/1861/163
f 1417/1861/163 1409/2119/163 1393/297/163
f 1356/2124/149 1184/2125/149 1164/2126/149
f 1164/2126/149 1136/437/149 1104/436/149
f 1104/436/149 1030/451/149 1026/450/149
f 1026/450/149 1023/456/147 1483/1862/149
f 1483/1862/149 1431/2127/149 1400/2128/149
f 1400/2128/149 1404/2129/147 1284/1863/149
f 1284/1863/149 1352/2130/149 1356/2124/149
f 1356/2124/149 1164/2126/149 1104/436/149
f 1104/436/149 1026/450/149 1483/1862/149
f 1483/1862/149 1400/2128/149 1284/1863/149
f 1284/1863/149 1356/2124/149 1104/436/149
f 1465/2131/144 1461/2132/144 1457/417/144
f 1457/417/144 1453/316/422 1449/357/144
f 1449/357/144 1445/356/144 1441/182/144
f 1441/182/144 1437/1964/417 1292/1864/144
f 1292/1864/144 1018/2133/144 1481/2134/144
f 1481/2134/144 1477/2135/144 1473/1865/144
f 1473/1865/144 1469/2136/422 1465/2131/144
f 1465/2131/144 1457/417/144 1449/357/144
f 1449/357/144 1441/182/144 1292/1864/144
f 1292/1864/144 1481/2134/144 1473/1865/144
f 1473/1865/144 1465/2131/144 1449/357/144
f 1248/2137/131 1252/2138/131 1132/2139/131
f 1132/2139/131 1200/2140/131 1206/1866/131
f 1206/1866/131 1017/2141/131 1012/2142/131
f 1012/2142/131 1005/493/131 997/502/131
f 997/502/131 992/501/131 988/512/131
f 988/512/131 985/519/131 1539/518/131
f 1539/518/131 1487/2143/131 1248/2137/131
f 1248/2137/131 1132/2139/131 1206/1866/131
f 1206/1866/131 1012/2142/131 997/502/131
f 997/502/131 988/512/131 1539/518/131
f 1539/518/131 1248/2137/131 1206/1866/131
f 1521/2144/128 1517/2145/128 1513/473/128
f 1513/473/128 1509/378/128 1505/377/128
f 1505/377/128 1501/415/128 1497/244/128
f 1497/244/128 1493/243/128 1140/1867/128
f 1140/1867/128 980/2146/128 1537/2147/128
f 1537/2147/128 1533/2148/128 1529/1868/128
f 1529/1868/128 1525/2149/128 1521/2144/128
f 1521/2144/128 1513/473/128 1505/377/128
f 1505/377/128 1497/244/128 1140/1867/128
f 1140/1867/128 1537/2147/128 1529/1868/128
f 1529/1868/128 1521/2144/128 1505/377/128
f 1022/458/113 979/1990/113 974/2150/113
f 974/2150/113 967/2151/113 959/1869/113
f 959/1869/113 954/2152/113 950/2153/113
f 950/2153/113 947/2154/113 1595/1870/113
f 1595/1870/113 1543/2155/113 1098/440/113
f 1098/440/113 1100/439/113 1004/485/113
f 1004/485/113 1021/459/113 1022/458/113
f 1022/458/113 974/2150/113 959/1869/113
f 959/1869/113 950/2153/113 1595/1870/113
f 1595/1870/113 1098/440/113 1004/485/113
f 1004/485/113 1022/458/113 959/1869/113
f 1577/1992/110 1573/2156/110 1569/2157/110
f 1569/2157/110 1565/2158/110 1561/1871/110
f 1561/1871/110 1557/2159/110 1553/2160/110
f 1553/2160/110 1549/2161/110 1006/1872/110
f 1006/1872/110 942/577/110 1593/571/110
f 1593/571/110 1589/564/110 1585/558/110
f 1585/558/110 1581/553/110 1577/1992/110
f 1577/1992/110 1569/2157/110 1561/1871/110
f 1561/1871/110 1553/2160/110 1006/1872/110
f 1006/1872/110 1593/571/110 1585/558/110
f 1585/558/110 1577/1992/110 1561/1871/110
f 995/496/96 996/575/96 966/539/96
f 966/539/96 983/514/96 984/579/96
f 984/579/96 941/578/96 936/2162/96
f 936/2162/96 929/2163/96 921/1873/96
f 921/1873/96 916/2164/96 912/2165/96
f 912/2165/96 909/2166/96 1651/1874/96
f 1651/1874/96 1599/2167/96 995/496/96
f 995/496/96 966/539/96 984/579/96
f 984/579/96 936/2162/96 921/1873/96
f 921/1873/96 912/2165/96 1651/1874/96
f 1651/1874/96 995/496/96 984/579/96
f 1633/607/93 1629/2168/93 1625/2169/93
f 1625/2169/93 1621/2170/93 1617/1875/93
f 1617/1875/93 1613/2171/93 1609/2172/93
f 1609/2172/93 1605/2173/93 968/1876/93
f 968/1876/93 904/630/93 1649/626/93
f 1649/626/93 1645/618/93 1641/611/93
f 1641/611/93 1637/608/93 1633/607/93
f 1633/607/93 1625/2169/93 1617/1875/93
f 1617/1875/93 1609/2172/93 968/1876/93
f 968/1876/93 1649/626/93 1641/611/93
f 1641/611/93 1633/607/93 1617/1875/93
f 946/637/81 903/1998/81 898/2174/81
f 898/2174/81 891/2175/81 883/1877/81
f 883/1877/81 878/2176/81 874/2177/81
f 874/2177/81 871/2178/81 1707/1878/81
f 1707/1878/81 1655/2179/81 957/551/81
f 957/551/81 958/550/79 928/594/81
f 928/594/81 945/569/81 946/637/81
f 946/637/81 898/2174/81 883/1877/81
f 883/1877/81 874/2177/81 1707/1878/81
f 1707/1878/81 957/551/81 928/594/81
f 928/594/81 946/637/81 883/1877/81
f 1689/2001/76 1685/2180/76 1681/2181/76
f 1681/2181/76 1677/2182/76 1673/1879/76
f 1673/1879/76 1669/2183/76 1665/2184/76
f 1665/2184/76 1661/2185/76 930/1880/76
f 930/1880/76 866/692/76 1705/687/76
f 1705/687/76 1701/679/76 1697/673/76
f 1697/673/76 1693/668/487 1689/2001/76
f 1689/2001/76 1681/2181/76 1673/1879/76
f 1673/1879/76 1665/2184/76 930/1880/76
f 930/1880/76 1705/687/76 1697/673/76
f 1697/673/76 1689/2001/76 1673/1879/76
f 919/605/63 920/604/63 890/654/63
f 890/654/63 907/624/63 908/623/63
f 908/623/63 865/701/63 860/2003/63
f 860/2003/63 853/2186/63 845/1881/63
f 845/1881/63 840/2187/63 836/2188/63
f 836/2188/63 833/2189/63 1763/1882/63
f 1763/1882/63 1711/675/63 919/605/63
f 919/605/63 890/654/63 908/623/63
f 908/623/63 860/2003/63 845/1881/63
f 845/1881/63 836/2188/63 1763/1882/63
f 1763/1882/63 919/605/63 908/623/63
f 1745/713/60 1741/2004/60 1737/2190/60
f 1737/2190/60 1733/2191/60 1729/1883/60
f 1729/1883/60 1725/2192/60 1721/2193/60
f 1721/2193/60 1717/2194/60 892/750/60
f 892/750/60 828/748/60 1761/742/60
f 1761/742/60 1757/735/60 1753/729/60
f 1753/729/60 1749/725/60 1745/713/60
f 1745/713/60 1737/2190/60 1729/1883/60
f 1729/1883/60 1721/2193/60 892/750/60
f 892/750/60 1761/742/60 1753/729/60
f 1753/729/60 1745/713/60 1729/1883/60
f 870/752/47 827/751/47 822/758/47
f 822/758/47 815/2195/47 807/1884/47
f 807/1884/47 802/2196/47 798/2197/47
f 798/2197/47 795/2198/47 1819/1885/47
f 1819/1885/47 1767/730/47 881/665/47
f 881/665/47 882/746/47 852/712/47
f 852/712/47 869/684/47 870/752/47
f 870/752/47 822/758/47 807/1884/47
f 807/1884/47 798/2197/47 1819/1885/47
f 1819/1885/47 881/665/47 852/712/47
f 852/712/47 870/752/47 807/1884/47
f 1801/772/44 1797/2007/44 1793/2199/44
f 1793/2199/44 1789/2200/44 1785/1886/44
f 1785/1886/44 1781/2201/44 1777/2202/44
f 1777/2202/44 1773/2203/44 854/807/44
f 854/807/44 790/805/44 1817/799/44
f 1817/799/44 1813/793/44 1809/786/44
f 1809/786/44 1805/782/44 1801/772/44
f 1801/772/44 1793/2199/44 1785/1886/44
f 1785/1886/44 1777/2202/44 854/807/44
f 854/807/44 1817/799/44 1809/786/44
f 1809/786/44 1801/772/44 1785/1886/44
f 843/723/29 844/722/29 814/769/29
f 814/769/29 831/741/29 832/740/29
f 832/740/29 789/809/29 784/2009/29
f 784/2009/29 776/2204/29 768/1887/29
f 768/1887/29 763/2205/29 759/2206/29
f 759/2206/29 756/2207/29 1875/1888/29
f 1875/1888/29 1823/787/29 843/723/29
f 843/723/29 814/769/29 832/740/29
f 832/740/29 784/2009/29 768/1887/29
f 768/1887/29 759/2206/29 1875/1888/29
f 1875/1888/29 843/723/29 832/740/29
f 1857/829/23 1853/828/23 1849/2208/23
f 1849/2208/23 1845/2209/23 1841/1889/23
f 1841/1889/23 1837/2210/23 1833/2211/23
f 1833/2211/23 1829/2212/23 816/865/23
f 816/865/23 751/863/23 1873/857/23
f 1873/857/23 1869/851/23 1865/843/23
f 1865/843/23 1861/838/23 1857/829/23
f 1857/829/23 1849/2208/23 1841/1889/23
f 1841/1889/23 1833/2211/23 816/865/23
f 816/865/23 1873/857/23 1865/843/23
f 1865/843/23 1857/829/23 1841/1889/23
f 794/797/7 750/867/316 745/2012/7
f 745/2012/7 738/890/7 730/889/7
f 730/889/7 725/2213/7 721/2214/7
f 721/2214/7 718/913/7 1931/1890/7
f 1931/1890/7 1879/845/7 805/780/7
f 805/780/7 806/861/7 775/826/7
f 775/826/7 793/798/7 794/797/7
f 794/797/7 745/2012/7 730/889/7
f 730/889/7 721/2214/7 1931/1890/7
f 1931/1890/7 805/780/7 775/826/7
f 775/826/7 794/797/7 730/889/7
f 1913/884/37 1909/2013/37 1905/872/37
f 1905/872/37 1901/871/37 1897/1891/37
f 1897/1891/37 1893/2215/37 1889/646/37
f 1889/646/37 1885/1999/37 777/918/37
f 777/918/37 713/915/312 1929/911/37
f 1929/911/37 1925/905/37 1921/897/37
f 1921/897/37 1917/892/37 1913/884/37
f 1913/884/37 1905/872/37 1897/1891/37
f 1897/1891/37 1889/646/37 777/918/37
f 777/918/37 1929/911/37 1921/897/37
f 1921/897/37 1913/884/37 1897/1891/37
f 766/836/15 767/914/15 737/883/15
f 737/883/15 754/855/15 755/920/15
f 755/920/15 712/919/15 707/2017/15
f 707/2017/15 700/942/15 692/1892/15
f 692/1892/15 685/2216/15 681/2217/15
f 681/2217/15 678/965/15 1987/964/15
f 1987/964/15 1935/900/15 766/836/15
f 766/836/15 737/883/15 755/920/15
f 755/920/15 707/2017/15 692/1892/15
f 692/1892/15 681/2217/15 1987/964/15
f 1987/964/15 766/836/15 755/920/15
f 1969/936/16 1965/2020/16 1961/924/16
f 1961/924/16 1957/2016/16 1953/1893/16
f 1953/1893/16 1949/2218/16 1945/704/16
f 1945/704/16 1941/703/16 739/970/16
f 739/970/16 671/966/16 1985/963/16
f 1985/963/16 1981/957/16 1977/949/16
f 1977/949/16 1973/945/16 1969/936/16
f 1969/936/16 1961/924/16 1953/1893/16
f 1953/1893/16 1945/704/16 739/970/16
f 739/970/16 1985/963/16 1977/949/16
f 1977/949/16 1969/936/16 1953/1893/16
f 717/887/6 670/971/6 665/978/6
f 665/978/6 657/980/6 648/984/6
f 648/984/6 643/986/6 638/992/6
f 638/992/6 635/991/6 2043/994/6
f 2043/994/6 1991/932/6 728/891/6
f 728/891/6 729/760/6 699/955/6
f 699/955/6 716/909/6 717/887/6
f 717/887/6 665/978/6 648/984/6
f 648/984/6 638/992/6 2043/994/6
f 2043/994/6 728/891/6 699/955/6
f 699/955/6 717/887/6 648/984/6
f 2025/980/281 2021/978/281 2017/971/281
f 2017/971/281 2013/887/281 2009/909/281
f 2009/909/281 2005/955/281 2001/760/281
f 2001/760/281 1997/891/281 701/932/281
f 701/932/281 630/994/281 2041/991/281
f 2041/991/281 2037/992/281 2033/986/281
f 2033/986/281 2029/984/281 2025/980/281
f 2025/980/281 2017/971/281 2009/909/281
f 2009/909/281 2001/760/281 701/932/281
f 701/932/281 2041/991/281 2033/986/281
f 2033/986/281 2025/980/281 2009/909/281
f 2051/944/253 2055/943/253 2059/981/253
f 2059/981/253 2063/961/253 2067/960/253
f 2067/960/253 2071/996/253 2075/1006/253
f 2075/1006/253 2079/1014/253 2083/1020/253
f 2083/1020/253 2087/1021/253 2091/1023/253
f 2091/1023/253 2095/1024/253 2099/1030/253
f 2099/1030/253 2047/987/253 2051/944/253
f 2051/944/253 2059/981/253 2067/960/253
f 2067/960/253 2075/1006/253 2083/1020/253
f 2083/1020/253 2091/1023/253 2099/1030/253
f 2099/1030/253 2051/944/253 2067/960/253
f 2050/1832/320 2054/1837/321 2052/1833/321
f 2102/1835/332 2050/1832/320 2048/1834/320
f 2081/1009/250 2077/1006/250 2073/1000/250
f 2073/1000/250 2069/939/250 2065/961/250
f 2065/961/250 2061/981/250 2057/817/250
f 2057/817/250 2053/944/250 2049/987/250
f 2049/987/250 2101/1030/250 2097/1028/250
f 2097/1028/250 2093/1023/250 2089/1021/250
f 2089/1021/250 2085/1018/250 2081/1009/250
f 2081/1009/250 2073/1000/250 2065/961/250
f 2065/961/250 2057/817/250 2049/987/250
f 2049/987/250 2097/1028/250 2089/1021/250
f 2089/1021/250 2081/1009/250 2065/961/250
f 2054/1837/321 2058/1846/322 2056/1838/322
f 2058/1894/322 2062/1897/323 2060/1895/323
f 2062/1897/323 2066/1899/324 2064/1898/324
f 2066/1899/324 2070/1901/325 2068/1900/325
f 2070/1846/325 2074/1837/326 2072/1833/326
f 2074/1837/326 2078/1832/319 2076/1834/319
f 2078/1832/319 2082/1835/327 2080/1836/327
f 2082/1835/327 2086/1849/328 2084/1847/328
f 2086/1901/328 2090/1899/329 2088/1898/329
f 2090/1899/329 2094/1897/330 2092/1895/330
f 2094/1897/330 2098/1894/331 2096/1896/331
f 2098/1849/331 2102/1835/332 2100/1836/332
f 634/960/253 581/996/253 576/1006/253
f 576/1006/253 566/1014/253 558/1020/253
f 558/1020/253 553/1021/253 548/1023/253
f 548/1023/253 545/1024/253 2155/1030/253
f 2155/1030/253 2103/987/253 646/944/253
f 646/944/253 647/943/253 613/981/253
f 613/981/253 633/961/253 634/960/253
f 634/960/253 576/1006/253 558/1020/253
f 558/1020/253 548/1023/253 2155/1030/253
f 2155/1030/253 646/944/253 613/981/253
f 613/981/253 634/960/253 558/1020/253
f 2137/1009/250 2133/1006/250 2129/1000/250
f 2129/1000/250 2125/939/250 2121/961/250
f 2121/961/250 2117/981/250 2113/817/250
f 2113/817/250 2109/944/250 616/987/250
f 616/987/250 540/1030/250 2153/1028/250
f 2153/1028/250 2149/1023/250 2145/1021/250
f 2145/1021/250 2141/1018/250 2137/1009/250
f 2137/1009/250 2129/1000/250 2121/961/250
f 2121/961/250 2113/817/250 616/987/250
f 616/987/250 2153/1028/250 2145/1021/250
f 2145/1021/250 2137/1009/250 2121/961/250
f 603/1017/235 604/1016/235 564/2219/235
f 564/2219/235 588/2220/235 589/1055/235
f 589/1055/235 549/2025/235 535/1068/235
f 535/1068/235 528/1067/235 520/1083/235
f 520/1083/235 515/1089/239 511/1094/235
f 511/1094/235 507/1093/235 2211/1101/235
f 2211/1101/235 2159/2031/333 603/1017/235
f 603/1017/235 564/2219/235 589/1055/235
f 589/1055/235 535/1068/235 520/1083/235
f 520/1083/235 511/1094/235 2211/1101/235
f 2211/1101/235 603/1017/235 589/1055/235
f 2193/2028/231 2189/1064/579 2185/1058/231
f 2185/1058/231 2181/1011/231 2177/1033/231
f 2177/1033/231 2173/1032/231 2169/929/231
f 2169/929/231 2165/928/231 569/1902/231
f 569/1902/231 500/1106/231 2209/1105/231
f 2209/1105/231 2205/2221/231 2201/1903/231
f 2201/1903/231 2197/1081/347 2193/2028/231
f 2193/2028/231 2185/1058/231 2177/1033/231
f 2177/1033/231 2169/929/231 569/1902/231
f 569/1902/231 2209/1105/231 2201/1903/231
f 2201/1903/231 2193/2028/231 2177/1033/231
f 544/1108/217 499/2032/217 496/1123/217
f 496/1123/217 490/1131/217 482/1130/217
f 482/1130/217 477/1143/217 473/1142/217
f 473/1142/217 470/1148/217 2267/1155/217
f 2267/1155/217 2215/1160/349 556/1044/217
f 556/1044/217 557/1043/217 527/1904/217
f 527/1904/217 543/2222/217 544/1108/217
f 544/1108/217 496/1123/217 482/1130/217
f 482/1130/217 473/1142/217 2267/1155/217
f 2267/1155/217 556/1044/217 527/1904/217
f 527/1904/217 544/1108/217 482/1130/217
f 2249/2034/214 2245/1118/358 2241/1111/214
f 2241/1111/214 2237/1041/214 2233/1057/214
f 2233/1057/214 2229/1090/214 2225/976/214
f 2225/976/214 2221/1066/214 529/1065/214
f 529/1065/214 465/1159/214 2265/1158/214
f 2265/1158/214 2261/2223/214 2257/1905/214
f 2257/1905/214 2253/1135/214 2249/2034/214
f 2249/2034/214 2241/1111/214 2233/1057/214
f 2233/1057/214 2225/976/214 529/1065/214
f 529/1065/214 2265/1158/214 2257/1905/214
f 2257/1905/214 2249/2034/214 2233/1057/214
f 518/2224/201 519/2225/241 489/2226/201
f 489/2226/201 503/2227/201 504/1906/201
f 504/1906/201 464/2228/201 461/1176/201
f 461/1176/201 455/1175/201 447/1185/201
f 447/1185/201 442/1199/201 438/1198/201
f 438/1198/201 435/1204/201 2323/1211/201
f 2323/1211/201 2271/2041/201 518/2224/201
f 518/2224/201 489/2226/201 504/1906/201
f 504/1906/201 461/1176/201 447/1185/201
f 447/1185/201 438/1198/201 2323/1211/201
f 2323/1211/201 518/2224/201 504/1906/201
f 2305/2229/198 2301/1171/198 2297/1166/198
f 2297/1166/198 2293/1075/198 2289/1074/198
f 2289/1074/198 2285/1110/371 2281/1004/198
f 2281/1004/198 2277/1121/198 506/1120/198
f 506/1120/198 430/2230/198 2321/2231/198
f 2321/2231/198 2317/2232/198 2313/1907/198
f 2313/1907/198 2309/2233/371 2305/2229/198
f 2305/2229/198 2297/1166/198 2289/1074/198
f 2289/1074/198 2281/1004/198 506/1120/198
f 506/1120/198 2321/2231/198 2313/1907/198
f 2313/1907/198 2305/2229/198 2289/1074/198
f 469/2234/184 429/2235/184 424/1233/184
f 424/1233/184 417/1242/192 409/1241/184
f 409/1241/184 404/1254/184 400/1259/184
f 400/1259/184 397/1258/184 2379/1271/184
f 2379/1271/184 2327/2045/184 480/2236/184
f 480/2236/184 481/2237/222 454/1908/184
f 454/1908/184 468/2238/184 469/2234/184
f 469/2234/184 424/1233/184 409/1241/184
f 409/1241/184 400/1259/184 2379/1271/184
f 2379/1271/184 480/2236/184 454/1908/184
f 454/1908/184 469/2234/184 409/1241/184
f 2361/2239/181 2357/1228/181 2353/1223/181
f 2353/1223/181 2349/1128/181 2345/1164/181
f 2345/1164/181 2341/1200/181 2337/1035/181
f 2337/1035/181 2333/1174/181 565/1173/181
f 565/1173/181 392/2240/181 2377/2241/181
f 2377/2241/181 2373/2242/181 2369/1909/181
f 2369/1909/181 2365/2243/392 2361/2239/181
f 2361/2239/181 2353/1223/181 2345/1164/181
f 2345/1164/181 2337/1035/181 565/1173/181
f 565/1173/181 2377/2241/181 2369/1909/181
f 2369/1909/181 2361/2239/181 2345/1164/181
f 445/2244/166 446/2245/166 416/2246/166
f 416/2246/166 433/2247/166 434/1910/166
f 434/1910/166 391/2248/166 386/1284/166
f 386/1284/166 379/1293/166 371/1292/166
f 371/1292/166 366/1305/166 362/1304/166
f 362/1304/166 359/1310/166 2435/1322/166
f 2435/1322/166 2383/2050/166 445/2244/166
f 445/2244/166 416/2246/166 434/1910/166
f 434/1910/166 386/1284/166 371/1292/166
f 371/1292/166 362/1304/166 2435/1322/166
f 2435/1322/166 445/2244/166 434/1910/166
f 2417/2249/163 2413/1281/163 2409/1277/163
f 2409/1277/163 2405/1182/163 2401/1221/163
f 2401/1221/163 2397/1220/163 2393/1061/163
f 2393/1061/163 2389/1231/163 418/1230/163
f 418/1230/163 354/2250/163 2433/2251/163
f 2433/2251/163 2429/2252/163 2425/1911/163
f 2425/1911/163 2421/2253/163 2417/2249/163
f 2417/2249/163 2409/1277/163 2401/1221/163
f 2401/1221/163 2393/1061/163 418/1230/163
f 418/1230/163 2433/2251/163 2425/1911/163
f 2425/1911/163 2417/2249/163 2401/1221/163
f 396/2254/149 353/2255/149 348/2256/149
f 348/2256/149 341/1346/149 333/1345/149
f 333/1345/149 328/1359/149 324/1358/149
f 324/1358/149 321/1364/147 2491/1912/149
f 2491/1912/149 2439/2257/149 407/2258/149
f 407/2258/149 408/2259/147 378/1913/149
f 378/1913/149 395/2260/149 396/2254/149
f 396/2254/149 348/2256/149 333/1345/149
f 333/1345/149 324/1358/149 2491/1912/149
f 2491/1912/149 407/2258/149 378/1913/149
f 378/1913/149 396/2254/149 333/1345/149
f 2473/2261/144 2469/2262/144 2465/1329/144
f 2465/1329/144 2461/1239/422 2457/1275/144
f 2457/1275/144 2453/1306/144 2449/1116/144
f 2449/1116/144 2445/2033/417 380/1914/144
f 380/1914/144 316/2263/144 2489/2264/144
f 2489/2264/144 2485/2265/144 2481/1915/144
f 2481/1915/144 2477/2266/422 2473/2261/144
f 2473/2261/144 2465/1329/144 2457/1275/144
f 2457/1275/144 2449/1116/144 380/1914/144
f 380/1914/144 2489/2264/144 2481/1915/144
f 2481/1915/144 2473/2261/144 2457/1275/144
f 369/2267/131 370/2268/131 340/2269/131
f 340/2269/131 357/2270/131 358/1916/131
f 358/1916/131 315/2271/131 310/2272/131
f 310/2272/131 303/1395/131 295/1404/131
f 295/1404/131 290/1403/131 286/1414/131
f 286/1414/131 283/1421/131 2547/1420/131
f 2547/1420/131 2495/2273/131 369/2267/131
f 369/2267/131 340/2269/131 358/1916/131
f 358/1916/131 310/2272/131 295/1404/131
f 295/1404/131 286/1414/131 2547/1420/131
f 2547/1420/131 369/2267/131 358/1916/131
f 2529/2274/128 2525/2275/128 2521/1379/128
f 2521/1379/128 2517/1291/128 2513/1290/128
f 2513/1290/128 2509/1360/128 2505/1170/128
f 2505/1170/128 2501/1169/128 342/1917/128
f 342/1917/128 278/2276/128 2545/2277/128
f 2545/2277/128 2541/2278/128 2537/1918/128
f 2537/1918/128 2533/2279/128 2529/2274/128
f 2529/2274/128 2521/1379/128 2513/1290/128
f 2513/1290/128 2505/1170/128 342/1917/128
f 342/1917/128 2545/2277/128 2537/1918/128
f 2537/1918/128 2529/2274/128 2513/1290/128
f 320/2280/113 277/2281/113 272/2282/113
f 272/2282/113 265/1442/113 257/1441/113
f 257/1441/113 252/1454/113 248/1459/113
f 248/1459/113 245/1466/113 2603/1919/113
f 2603/1919/113 2551/2283/113 331/2284/113
f 331/2284/113 332/2285/153 302/1920/113
f 302/1920/113 319/2286/113 320/2280/113
f 320/2280/113 272/2282/113 257/1441/113
f 257/1441/113 248/1459/113 2603/1919/113
f 2603/1919/113 331/2284/113 302/1920/113
f 302/1920/113 320/2280/113 257/1441/113
f 2585/2287/110 2581/2288/110 2577/1430/110
f 2577/1430/110 2573/1342/110 2569/1378/110
f 2569/1378/110 2565/1377/110 2561/1226/110
f 2561/1226/110 2557/2043/110 304/1921/110
f 304/1921/110 240/2289/110 2601/2290/110
f 2601/2290/110 2597/2291/110 2593/1922/110
f 2593/1922/110 2589/2292/110 2585/2287/110
f 2585/2287/110 2577/1430/110 2569/1378/110
f 2569/1378/110 2561/1226/110 304/1921/110
f 304/1921/110 2601/2290/110 2593/1922/110
f 2593/1922/110 2585/2287/110 2569/1378/110
f 293/1398/96 294/1467/96 264/1435/96
f 264/1435/96 281/1416/96 282/1472/96
f 282/1472/96 239/2061/96 234/2293/96
f 234/2293/96 227/2294/96 219/1923/96
f 219/1923/96 214/2295/96 210/2296/96
f 210/2296/96 207/2297/96 2659/1924/96
f 2659/1924/96 2607/2298/96 293/1398/96
f 293/1398/96 264/1435/96 282/1472/96
f 282/1472/96 234/2293/96 219/1923/96
f 219/1923/96 210/2296/96 2659/1924/96
f 2659/1924/96 293/1398/96 282/1472/96
f 2641/1497/93 2637/2299/93 2633/2300/93
f 2633/2300/93 2629/2301/93 2625/1925/93
f 2625/1925/93 2621/2302/93 2617/2303/93
f 2617/2303/93 2613/2304/93 266/1926/93
f 266/1926/93 202/1519/93 2657/1515/93
f 2657/1515/93 2653/1507/93 2649/1501/93
f 2649/1501/93 2645/1498/93 2641/1497/93
f 2641/1497/93 2633/2300/93 2625/1925/93
f 2625/1925/93 2617/2303/93 266/1926/93
f 266/1926/93 2657/1515/93 2649/1501/93
f 2649/1501/93 2641/1497/93 2625/1925/93
f 244/1461/81 201/2065/81 196/2305/81
f 196/2305/81 189/2306/81 181/1927/81
f 181/1927/81 176/2307/81 172/2308/81
f 172/2308/81 169/2309/79 2715/1928/81
f 2715/1928/81 2663/2310/81 255/1445/81
f 255/1445/81 256/1444/81 226/1483/81
f 226/1483/81 243/1462/81 244/1461/81
f 244/1461/81 196/2305/81 181/1927/81
f 181/1927/81 172/2308/81 2715/1928/81
f 2715/1928/81 255/1445/81 226/1483/81
f 226/1483/81 244/1461/81 181/1927/81
f 2697/1547/76 2693/2311/76 2689/2312/76
f 2689/2312/76 2685/2313/76 2681/1929/76
f 2681/1929/76 2677/2314/76 2673/2315/76
f 2673/2315/76 2669/2316/76 228/1930/76
f 228/1930/76 164/1571/76 2713/1566/76
f 2713/1566/76 2709/1558/76 2705/1551/76
f 2705/1551/76 2701/1548/76 2697/1547/76
f 2697/1547/76 2689/2312/76 2681/1929/76
f 2681/1929/76 2673/2315/76 228/1930/76
f 228/1930/76 2713/1566/76 2705/1551/76
f 2705/1551/76 2697/1547/76 2681/1929/76
f 217/1495/63 218/1494/63 188/1534/63
f 188/1534/63 205/1513/63 206/1512/63
f 206/1512/63 163/1580/63 158/2069/63
f 158/2069/63 151/2317/63 143/1931/63
f 143/1931/63 138/2318/63 134/2319/63
f 134/2319/63 131/2320/63 2771/1932/63
f 2771/1932/63 2719/1554/63 217/1495/63
f 217/1495/63 188/1534/63 206/1512/63
f 206/1512/63 158/2069/63 143/1931/63
f 143/1931/63 134/2319/63 2771/1932/63
f 2771/1932/63 217/1495/63 206/1512/63
f 2753/1587/60 2749/2070/60 2745/2321/60
f 2745/2321/60 2741/2322/60 2737/1933/60
f 2737/1933/60 2733/2323/60 2729/2324/60
f 2729/2324/60 2725/2325/60 190/1623/60
f 190/1623/60 126/1621/60 2769/1616/60
f 2769/1616/60 2765/1609/60 2761/1603/60
f 2761/1603/60 2757/1598/60 2753/1587/60
f 2753/1587/60 2745/2321/60 2737/1933/60
f 2737/1933/60 2729/2324/60 190/1623/60
f 190/1623/60 2769/1616/60 2761/1603/60
f 2761/1603/60 2753/1587/60 2737/1933/60
f 168/1625/47 125/1624/47 120/2072/47
f 120/2072/47 113/2326/47 105/1934/47
f 105/1934/47 100/2327/47 96/2328/47
f 96/2328/47 93/2329/47 2827/1935/47
f 2827/1935/47 2775/1604/47 179/1544/47
f 179/1544/47 180/1620/47 150/1586/47
f 150/1586/47 167/1563/47 168/1625/47
f 168/1625/47 120/2072/47 105/1934/47
f 105/1934/47 96/2328/47 2827/1935/47
f 2827/1935/47 179/1544/47 150/1586/47
f 150/1586/47 168/1625/47 105/1934/47
f 2809/1637/44 2805/2073/44 2801/2330/44
f 2801/2330/44 2797/2331/44 2793/1936/44
f 2793/1936/44 2789/2332/44 2785/2333/44
f 2785/2333/44 2781/2334/44 152/1671/44
f 152/1671/44 84/1669/44 2825/1665/44
f 2825/1665/44 2821/1657/44 2817/1650/44
f 2817/1650/44 2813/1647/44 2809/1637/44
f 2809/1637/44 2801/2330/44 2793/1936/44
f 2793/1936/44 2785/2333/44 152/1671/44
f 152/1671/44 2825/1665/44 2817/1650/44
f 2817/1650/44 2809/1637/44 2793/1936/44
f 141/1596/29 142/1668/29 112/1636/29
f 112/1636/29 129/1615/29 130/1614/29
f 130/1614/29 83/1679/29 78/2075/29
f 78/2075/29 70/2335/29 62/1937/29
f 62/1937/29 57/2336/29 53/2337/29
f 53/2337/29 50/2338/29 2883/1938/29
f 2883/1938/29 2831/1653/29 141/1596/29
f 141/1596/29 112/1636/29 130/1614/29
f 130/1614/29 78/2075/29 62/1937/29
f 62/1937/29 53/2337/29 2883/1938/29
f 2883/1938/29 141/1596/29 130/1614/29
f 2865/1685/23 2861/1684/23 2857/2339/23
f 2857/2339/23 2853/2340/23 2849/1939/23
f 2849/1939/23 2845/2341/23 2841/2342/23
f 2841/2342/23 2837/2343/23 114/1724/23
f 114/1724/23 41/1722/23 2881/1713/23
f 2881/1713/23 2877/1707/23 2873/1699/23
f 2873/1699/23 2869/1694/23 2865/1685/23
f 2865/1685/23 2857/2339/23 2849/1939/23
f 2849/1939/23 2841/2342/23 114/1724/23
f 114/1724/23 2881/1713/23 2873/1699/23
f 2873/1699/23 2865/1685/23 2849/1939/23
f 92/1662/7 40/1726/7 35/2078/7
f 35/2078/7 28/1741/7 20/1740/7
f 20/1740/7 15/2344/7 11/2345/7
f 11/2345/7 8/1764/7 2939/1940/7
f 2939/1940/7 2887/1701/7 103/1645/7
f 103/1645/7 104/1720/7 69/1682/7
f 69/1682/7 91/1663/7 92/1662/7
f 92/1662/7 35/2078/7 20/1740/7
f 20/1740/7 11/2345/7 2939/1940/7
f 2939/1940/7 103/1645/7 69/1682/7
f 69/1682/7 92/1662/7 20/1740/7
f 2921/1735/37 2917/2082/37 2913/1731/37
f 2913/1731/37 2909/1730/37 2905/1941/37
f 2905/1941/37 2901/2346/37 2897/1530/37
f 2897/1530/37 2893/2066/37 71/1769/37
f 71/1769/37 3122/1766/37 2937/1762/37
f 2937/1762/37 2933/1756/37 2929/1748/37
f 2929/1748/37 2925/1744/37 2921/1735/37
f 2921/1735/37 2913/1731/37 2905/1941/37
f 2905/1941/37 2897/1530/37 71/1769/37
f 71/1769/37 2937/1762/37 2929/1748/37
f 2929/1748/37 2921/1735/37 2905/1941/37
f 60/1692/15 61/1765/15 27/1733/15
f 27/1733/15 48/1711/15 49/1771/15
f 49/1771/15 3123/1770/15 3128/2086/15
f 3128/2086/15 3136/1783/15 3143/1942/15
f 3143/1942/15 3150/2347/15 3154/2348/15
f 3154/2348/15 3160/1805/15 2995/1804/15
f 2995/1804/15 2943/1751/15 60/1692/15
f 60/1692/15 27/1733/15 49/1771/15
f 49/1771/15 3128/2086/15 3143/1942/15
f 3143/1942/15 3154/2348/15 2995/1804/15
f 2995/1804/15 60/1692/15 49/1771/15
f 2977/1780/16 2973/2087/16 2969/1775/16
f 2969/1775/16 2965/2085/16 2961/1943/16
f 2961/1943/16 2957/2349/16 2953/1583/16
f 2953/1583/16 2949/1582/16 29/1808/16
f 29/1808/16 3166/1806/16 2993/1803/16
f 2993/1803/16 2989/1799/16 2985/1791/16
f 2985/1791/16 2981/1784/16 2977/1780/16
f 2977/1780/16 2969/1775/16 2961/1943/16
f 2961/1943/16 2953/1583/16 29/1808/16
f 29/1808/16 2993/1803/16 2985/1791/16
f 2985/1791/16 2977/1780/16 2961/1943/16
f 7/1738/6 3169/1810/6 3176/1811/6
f 3176/1811/6 3183/1814/6 3190/1816/6
f 3190/1816/6 3197/1818/6 3203/1823/6
f 3203/1823/6 3208/1822/6 3051/1825/6
f 3051/1825/6 2999/1793/6 18/1633/6
f 18/1633/6 19/1634/6 3137/1797/6
f 3137/1797/6 6/1760/6 7/1738/6
f 7/1738/6 3176/1811/6 3190/1816/6
f 3190/1816/6 3203/1823/6 3051/1825/6
f 3051/1825/6 18/1633/6 3137/1797/6
f 3137/1797/6 7/1738/6 3190/1816/6
f 3033/1814/281 3029/1811/281 3025/1810/281
f 3025/1810/281 3021/1738/281 3017/1760/281
f 3017/1760/281 3013/1797/281 3009/1634/281
f 3009/1634/281 3005/1633/281 3135/1793/281
f 3135/1793/281 3212/1825/281 3049/1822/281
f 3049/1822/281 3045/1823/281 3041/1818/281
f 3041/1818/281 3037/1816/281 3033/1814/281
f 3033/1814/281 3025/1810/281 3017/1760/281
f 3017/1760/281 3009/1634/281 3135/1793/281
f 3135/1793/281 3049/1822/281 3041/1818/281
f 3041/1818/281 3033/1814/281 3017/1760/281
f 3059/1944/320 3072/1829/320 3068/1831/320
f 3071/12/6 3066/3/6 3062/5/6
f 3091/34/253 3085/31/253 3073/25/253
f 3078/18/281 3084/24/281 3080/20/281
f 3089/1945/319 3076/1948/319 3074/1946/319
f 3082/28/250 3077/25/250 3088/31/250
f 3083/1948/320 3096/1945/320 3092/1947/320
f 3095/24/6 3090/18/6 3086/15/6
f 3115/34/253 3109/31/253 3097/25/253
f 3102/1828/281 3108/1786/281 3104/1827/281
f 3113/1949/319 3100/1952/319 3098/1950/319
f 3106/28/250 3101/25/250 3112/31/250
f 3107/1952/320 3120/1949/320 3116/1951/320
f 3119/1786/6 3114/1828/6 3110/1716/6
