# Blender 5.2.0 LTS
# www.blender.org
o Backdrop_FloatRing_Detail
v 15.000000 -0.000000 1.193520
v 16.094933 -0.000000 2.273520
v -27.070831 -0.971939 -6.822279
v -28.313862 -1.152162 -5.934772
v -16.414886 -1.917371 -2.273521
v -15.379279 -2.272897 -1.193521
v -27.196680 -2.810499 -2.233365
v -27.968748 -3.331631 -3.457134
v -22.487637 -5.884898 -2.273520
v -22.578056 -6.976091 -1.193520
v -26.448261 -2.810500 -6.718392
v -27.575853 -3.331631 -5.811619
v -18.140024 -4.943524 5.331992
v -17.727083 -5.860166 4.168150
v -16.263695 1.917373 -3.179569
v -14.933523 2.272897 -3.864791
v -14.787271 1.917372 -7.480239
v -14.158452 2.272897 -6.122496
v -17.138752 3.626967 -3.479977
v -15.970837 4.299489 -4.220901
v -15.662329 3.626966 -7.780647
v -15.195766 4.299489 -6.478606
v -18.491423 4.943524 -3.944350
v -17.574324 5.860167 -4.771380
v -17.015003 4.943525 -8.245022
v -16.799253 5.860166 -7.029084
v -15.501211 -0.000000 -4.891652
v -14.598974 -0.000000 -3.646161
v -20.175127 5.724373 -4.522367
v -19.570225 6.785803 -5.456573
v -18.698706 5.724373 -8.823036
v -18.795153 6.785802 -7.714278
v -22.007406 5.884898 -5.151389
v -21.742250 6.976091 -6.202230
v -24.413847 -5.407702 1.768994
v -26.019003 -4.344501 2.036847
v -26.572706 -5.150067 3.224178
v -24.669914 -6.410412 2.906657
v -20.530983 5.884898 -9.452060
v -20.967178 6.976092 -8.459936
v -25.999392 -4.344500 2.273521
v -26.740971 -5.150067 1.193522
v -23.789703 5.407703 -5.763253
v -23.855028 6.410413 -6.927548
v -19.895905 -5.724373 -5.624996
v -19.808540 -6.785802 -4.515484
v -22.313282 5.407702 -10.063923
v -23.079956 6.410413 -9.185254
v -16.249630 0.000000 -0.406626
v -14.991868 0.000000 -1.291675
v -25.328886 4.344498 -6.291654
v -25.679607 5.150067 -7.553928
v -23.852463 4.344497 -10.592325
v -24.904535 5.150066 -9.811633
v -26.458153 2.810500 -6.679332
v -27.018265 3.331632 -8.013489
v -20.644320 -5.724373 -1.139969
v -20.201433 -6.785802 -2.160998
v -24.981726 2.810504 -10.980002
v -26.243193 3.331632 -10.271194
v -27.055132 0.971938 -6.884276
v -27.725939 1.152162 -8.256433
v -25.578707 0.971944 -11.184945
v -26.950865 1.152162 -10.514139
v -18.770235 -4.943523 2.273520
v -18.171364 -5.860166 1.193521
v -27.055132 -0.971943 -6.884275
v -27.725939 -1.152162 -8.256433
v -25.578707 -0.971945 -11.184945
v -26.950867 -1.152163 -10.514140
v -15.816799 -1.917372 -4.944314
v -14.973079 -2.272897 -3.708588
v -26.458153 -2.810499 -6.679332
v -27.018263 -3.331631 -8.013488
v -21.806726 -5.884898 -5.943856
v -22.073675 -6.976091 -4.893468
v -24.981730 -2.810500 -10.980002
v -26.243195 -3.331633 -10.271195
v -16.729368 -3.626967 5.096594
v -15.816799 -1.917372 4.944313
v -14.973080 -2.272896 3.708588
v -16.054857 -4.299490 3.889105
v -15.518540 1.917374 -5.813118
v -14.093726 2.272897 -6.270056
v -13.354386 1.917374 -9.812120
v -12.957619 2.272896 -8.369396
v -17.340073 -3.626965 -2.273520
v -18.770235 -4.943523 -2.273521
v -18.171364 -5.860166 -1.193521
v -16.476017 -4.299489 -1.193521
v -16.332216 3.626966 -6.253460
v -15.058279 4.299489 -6.792046
v -17.340073 -3.626965 2.273521
v -16.414886 -1.917371 2.273520
v -15.379279 -2.272896 1.193521
v -16.476017 -4.299489 1.193521
v -14.168062 3.626967 -10.252464
v -13.922173 4.299489 -8.891386
v -17.590008 4.943524 -6.934141
v -16.549290 5.860167 -7.598941
v -15.425853 4.943523 -10.933144
v -15.413183 5.860166 -9.698282
v -14.484655 0.000000 -7.376350
v -13.799724 0.000000 -5.999344
v -19.155607 5.724373 -7.781404
v -18.405191 6.785802 -8.603305
v -16.991457 5.724373 -11.780408
v -17.269083 6.785802 -10.702645
v -20.859364 5.884898 -8.703430
v -20.424862 6.976091 -9.696297
v -18.179417 -5.407702 16.391277
v -19.281593 -4.344499 17.588562
v -18.989269 -5.150067 18.865622
v -17.682724 -6.410412 17.446335
v -18.695208 5.884898 -12.702435
v -19.288755 6.976091 -11.795637
v -26.019003 -4.344500 -2.036845
v -26.572706 -5.150067 -3.224176
v -22.516644 5.407702 -9.600307
v -22.389441 6.410413 -10.759474
v -18.698706 -5.724373 -8.823033
v -18.795153 -6.785801 -7.714277
v -20.352493 5.407702 -13.599309
v -21.253330 6.410414 -12.858814
v -15.961078 0.000001 -3.075680
v -14.574795 -0.000000 -3.741639
v -23.947863 4.344497 -10.374843
v -24.086037 5.150065 -11.677627
v -21.783709 4.344497 -14.373847
v -22.949930 5.150068 -13.776968
v -24.997915 2.810503 -10.943104
v -25.330797 3.331633 -12.351258
v -20.175129 -5.724373 -4.522365
v -19.570225 -6.785802 -5.456573
v -22.833761 2.810503 -14.942107
v -24.194685 3.331631 -14.450597
v -25.553020 0.971941 -11.243512
v -25.988829 1.152162 -12.707367
v -23.388866 0.971941 -15.242516
v -24.852720 1.152162 -14.806707
v -18.888443 -4.943524 -0.846966
v -18.119976 -5.860165 -1.813664
v -25.553020 -0.971941 -11.243511
v -25.988829 -1.152162 -12.707367
v -23.388866 -0.971941 -15.242515
v -24.852718 -1.152161 -14.806706
v -14.787272 -1.917373 -7.480240
v -14.158453 -2.272897 -6.122495
v -24.997917 -2.810498 -10.943106
v -25.330793 -3.331630 -12.351255
v -20.530983 -5.884898 -9.452059
v -20.967178 -6.976091 -8.459934
v -22.833763 -2.810498 -14.942108
v -24.194689 -3.331635 -14.450598
v -14.350080 1.917375 -8.288104
v -12.869493 2.272896 -8.504292
v -16.729366 -3.626964 -5.096594
v -18.140026 -4.943524 -5.331992
v -17.727083 -5.860166 -4.168150
v -16.054859 -4.299489 -3.889105
v -11.557228 1.917372 -11.876356
v -11.403337 2.272896 -10.388003
v -15.080182 3.626967 -8.856365
v -13.734970 4.299489 -9.177923
v -12.287329 3.626967 -12.444620
v -12.268818 4.299489 -11.061634
v -17.477785 -3.626964 -0.611568
v -16.565218 -1.917374 -0.459288
v -15.365973 -2.272896 -1.354102
v -16.447752 -4.299489 -1.534620
v -16.208778 4.943522 -9.734787
v -15.072836 5.860166 -10.219227
v -13.072995 0.000000 -9.659842
v -12.624055 -0.000000 -8.188879
v -13.415929 4.943524 -13.323043
v -13.606684 5.860166 -12.102938
v -17.613573 5.724373 -10.828185
v -16.738111 6.785803 -11.515363
v -14.820721 5.724373 -14.416440
v -15.271958 6.785802 -13.399073
v -19.142332 5.884898 -12.018065
v -18.550335 6.976091 -12.925875
v -25.328886 -4.344497 -6.291654
v -25.679607 -5.150067 -7.553927
v -16.349480 5.884898 -15.606319
v -17.084181 6.976092 -14.809585
v -24.372038 -5.407703 -2.273520
v -25.999392 -4.344500 -2.273521
v -26.740971 -5.150067 -1.193520
v -24.811869 -6.410413 -1.193520
v -20.629389 5.407702 -13.175490
v -20.313128 6.410413 -14.297911
v -15.237149 0.000000 -5.660840
v -13.760161 0.000000 -6.089539
v -17.836538 5.407702 -16.763744
v -18.846973 6.410414 -16.181622
v -16.991453 -5.724373 -11.780407
v -17.269083 -6.785802 -10.702644
v -21.913601 4.344497 -14.175035
v -21.835457 5.150071 -15.482790
v -19.120747 4.344498 -17.763288
v -20.369308 5.150066 -17.366501
v -22.855803 2.810497 -14.908378
v -22.952368 3.331630 -16.352118
v -20.062948 2.810502 -18.496630
v -21.486214 3.331631 -18.235825
v -19.155607 -5.724373 -7.781403
v -18.405191 -6.785802 -8.603304
v -23.353888 0.971943 -15.296055
v -23.542809 1.152157 -16.811674
v -18.491425 -4.943525 -3.944350
v -17.574326 -5.860166 -4.771379
v -20.561035 0.971943 -18.884308
v -22.076656 1.152162 -18.695387
v -23.353889 -0.971937 -15.296056
v -23.542810 -1.152158 -16.811676
v -13.354386 -1.917373 -9.812121
v -12.957621 -2.272897 -8.369395
v -20.561035 -0.971943 -18.884308
v -22.076658 -1.152163 -18.695389
v -22.855801 -2.810502 -14.908377
v -22.952368 -3.331629 -16.352116
v -24.372040 -5.407702 2.273522
v -22.487637 -5.884898 2.273521
v -22.578054 -6.976091 1.193521
v -24.811869 -6.410413 1.193522
v -20.062948 -2.810502 -18.496630
v -21.486212 -3.331635 -18.235823
v -18.695210 -5.884898 -12.702433
v -19.288754 -6.976091 -11.795636
v -12.790186 1.917372 -10.537010
v -11.294207 2.272897 -10.506552
v -9.444817 1.917372 -13.616636
v -9.538003 2.272896 -12.123252
v -13.416799 3.626966 -11.217691
v -12.037006 4.299489 -11.313449
v -23.947863 -4.344497 -10.374842
v -24.086037 -5.150067 -11.677626
v -10.071429 3.626967 -14.297318
v -10.280802 4.299489 -12.930148
v -14.168063 -3.626966 -10.252462
v -15.425853 -4.943524 -10.933145
v -15.413185 -5.860166 -9.698282
v -13.922172 -4.299489 -8.891386
v -14.385419 4.943524 -12.269897
v -13.185232 5.860165 -12.560756
v -11.304740 -0.000000 -11.679838
v -11.104033 0.000000 -10.155045
v -11.040050 4.943524 -15.349522
v -11.429028 5.860166 -14.177455
v -15.591085 5.724373 -13.579602
v -14.614457 6.785802 -14.113310
v -15.662330 -3.626967 -7.780647
v -17.015001 -4.943525 -8.245020
v -16.799253 -5.860166 -7.029083
v -15.195766 -4.299489 -6.478605
v -12.245716 5.724373 -16.659229
v -12.858253 6.785802 -15.730008
v -16.903145 5.884898 -15.004880
v -16.169802 6.976091 -15.802867
v -13.557777 5.884898 -18.084503
v -14.413598 6.976091 -17.419565
v -18.179417 5.407702 -16.391281
v -17.682722 6.410413 -17.446339
v -14.097592 -0.000000 -8.091584
v -12.570186 0.000000 -8.271334
v -14.834045 5.407702 -19.470907
v -15.926517 6.410413 -19.063034
v -14.820723 -5.724373 -14.416439
v -15.271958 -6.785802 -13.399073
v -19.281593 4.344497 -17.588566
v -18.989267 5.150067 -18.865625
v -15.936224 4.344498 -20.668190
v -17.233063 5.150067 -20.482323
v -23.665428 -5.407702 -6.254018
v -25.270588 -4.344498 -6.521872
v -26.179813 -5.150067 -5.578662
v -24.277021 -6.410413 -5.261142
v -20.090239 2.810504 -18.466986
v -19.947851 3.331632 -19.906927
v -16.744869 2.810501 -21.546614
v -18.191648 3.331631 -21.523626
v -17.613575 -5.724373 -10.828185
v -16.738110 -6.785802 -11.515361
v -20.517723 0.971942 -18.931362
v -20.454607 1.152162 -20.457409
v -24.413847 -5.407702 -1.768993
v -22.555145 -5.884898 -1.458830
v -22.466568 -6.976091 -2.538982
v -24.669916 -6.410415 -2.906656
v -17.172352 0.971942 -22.010986
v -18.698400 1.152162 -22.074106
v -20.517723 -0.971942 -18.931362
v -20.454605 -1.152161 -20.457407
v -11.557226 -1.917371 -11.876357
v -11.403338 -2.272897 -10.388002
v -17.172354 -0.971943 -22.010984
v -18.698397 -1.152165 -22.074102
v -22.516645 -5.407702 -9.600306
v -20.859364 -5.884898 -8.703430
v -20.424862 -6.976091 -9.696295
v -22.389441 -6.410412 -10.759472
v -20.090239 -2.810501 -18.466986
v -19.947853 -3.331633 -19.906929
v -17.590008 -4.943525 -6.934141
v -16.549292 -5.860166 -7.598941
v -16.744867 -2.810500 -21.546616
v -18.191650 -3.331633 -21.523626
v -16.349480 -5.884898 -15.606319
v -17.084183 -6.976091 -14.809585
v -10.881409 1.917373 -12.498494
v -9.410846 2.272897 -12.222223
v -7.074777 1.917372 -14.985489
v -7.412494 2.272896 -13.527809
v -11.387438 3.626969 -13.273030
v -10.010704 4.299489 -13.140374
v -21.913601 -4.344498 -14.175033
v -21.835459 -5.150071 -15.482789
v -7.580806 3.626967 -15.760025
v -8.012352 4.299489 -14.445962
v -12.287330 -3.626966 -12.444617
v -13.415927 -4.943524 -13.323044
v -13.606686 -5.860165 -12.102936
v -12.268817 -4.299489 -11.061631
v -12.169662 4.943524 -14.470313
v -10.937969 5.860165 -14.559663
v -9.228119 -0.000000 -13.381240
v -9.281124 -0.000000 -11.844207
v -8.363031 4.943524 -16.957310
v -8.939619 5.860166 -15.865250
v -13.143314 5.724373 -15.960602
v -12.092161 6.785802 -16.326283
v -17.138754 -3.626967 -3.479977
v -16.263695 -1.917372 -3.179569
v -14.933524 -2.272896 -3.864790
v -15.970839 -4.299489 -4.220901
v -9.336684 5.724373 -18.447596
v -10.093809 6.785802 -17.631870
v -14.202887 5.884898 -17.582396
v -13.348202 6.976091 -18.248796
v -10.396254 5.884898 -20.069393
v -11.349850 6.976091 -19.554384
v -15.233556 5.407702 -19.159958
v -14.569981 6.410413 -20.118870
v -12.573488 0.000000 -10.301614
v -11.037329 0.000000 -10.227508
v -11.426927 5.407702 -21.646952
v -12.571629 6.410413 -21.424458
v -12.245717 -5.724373 -16.659227
v -12.858253 -6.785802 -15.730008
v -16.123634 4.344498 -20.522322
v -15.625099 5.150067 -21.733850
v -12.317004 4.344498 -23.009317
v -13.626748 5.150067 -23.039438
v -20.352489 -5.407702 -13.599310
v -21.783709 -4.344497 -14.373845
v -22.949928 -5.150067 -13.776966
v -21.253332 -6.410413 -12.858814
v -16.776667 2.810500 -21.521864
v -16.399220 3.331633 -22.918732
v -12.970037 2.810499 -24.008860
v -14.400869 3.331632 -24.224319
v -15.591086 -5.724373 -13.579601
v -14.614458 -6.785802 -14.113309
v -17.121889 0.971940 -22.050264
v -16.808451 1.152162 -23.545107
v -16.332216 -3.626965 -6.253459
v -15.518539 -1.917371 -5.813118
v -14.093726 -2.272894 -6.270055
v -15.058279 -4.299489 -6.792045
v -13.315258 0.971946 -24.537260
v -14.810102 1.152162 -24.850695
v -17.121891 -0.971940 -22.050264
v -16.808453 -1.152162 -23.545109
v -9.444818 -1.917374 -13.616635
v -9.538002 -2.272897 -12.123251
v -13.315259 -0.971946 -24.537260
v -14.810102 -1.152162 -24.850697
v -20.629389 -5.407702 -13.175490
v -19.142332 -5.884898 -12.018064
v -18.550335 -6.976091 -12.925874
v -20.313128 -6.410413 -14.297911
v -16.776667 -2.810504 -21.521862
v -16.399221 -3.331633 -22.918732
v -16.208780 -4.943525 -9.734792
v -15.072836 -5.860165 -10.219225
v -12.970037 -2.810504 -24.008858
v -14.400868 -3.331630 -24.224316
v -13.557775 -5.884898 -18.084503
v -14.413598 -6.976091 -17.419563
v -8.675816 1.917372 -14.119051
v -7.270781 2.272897 -13.604500
v -4.511755 1.917372 -15.945576
v -5.084793 2.272897 -14.563363
v -9.047458 3.626966 -14.966312
v -7.711337 4.299490 -14.608866
v -19.281591 -4.344499 -17.588562
v -18.989267 -5.150067 -18.865625
v -4.883399 3.626969 -16.792839
v -5.525347 4.299489 -15.567728
v -10.071429 -3.626967 -14.297318
v -11.040051 -4.943524 -15.349523
v -11.429029 -5.860166 -14.177455
v -10.280803 -4.299489 -12.930148
v -9.621947 4.943524 -16.276016
v -8.392348 5.860166 -16.161417
v -6.899781 -0.000000 -14.717635
v -7.205048 -0.000000 -13.210290
v -5.457888 4.943523 -18.102541
v -6.206359 5.860167 -17.120281
v -10.337030 5.724373 -17.906239
v -9.240021 6.785801 -18.093918
v -23.789703 -5.407703 -5.763252
v -22.007406 -5.884898 -5.151389
v -21.742250 -6.976092 -6.202229
v -23.855026 -6.410412 -6.927547
v -6.172968 5.724373 -19.732763
v -7.054032 6.785802 -19.052782
v -11.115211 5.884898 -19.680315
v -10.162496 6.976091 -20.196949
v -6.951151 5.884898 -21.506840
v -7.976506 6.976091 -21.155813
v -11.872166 5.407702 -21.406000
v -11.059808 6.410413 -22.242615
v -10.706411 -0.000000 -12.230639
v -9.203400 0.000000 -11.904702
v -7.708105 5.407702 -23.232525
v -8.873818 6.410413 -23.201479
v -9.336686 -5.724373 -18.447598
v -10.093810 -6.785802 -17.631870
v -12.525867 4.344498 -22.896288
v -11.834719 5.150067 -24.009235
v -8.361806 4.344497 -24.722816
v -9.648729 5.150066 -24.968100
v -17.836536 -5.407703 -16.763742
v -19.120747 -4.344498 -17.763288
v -20.369308 -5.150064 -17.366503
v -18.846973 -6.410413 -16.181622
v -13.005474 2.810504 -23.989681
v -12.403257 3.331633 -25.305374
v -8.841414 2.810501 -25.816208
v -10.217267 3.331631 -26.264236
v -13.143316 -5.724373 -15.960602
v -12.092162 -6.785802 -16.326283
v -13.259014 0.971944 -24.567699
v -12.703810 1.152162 -25.990564
v -15.080183 -3.626966 -8.856363
v -14.350079 -1.917371 -8.288104
v -12.869491 -2.272896 -8.504292
v -13.734970 -4.299489 -9.177923
v -9.094954 0.971943 -26.394224
v -10.517821 1.152163 -26.949429
v -13.259014 -0.971943 -24.567699
v -12.703811 -1.152162 -25.990566
v -7.074777 -1.917372 -14.985489
v -7.412494 -2.272897 -13.527808
v -9.094954 -0.971944 -26.394224
v -10.517821 -1.152162 -26.949429
v -18.179417 -5.407702 -16.391279
v -16.903147 -5.884898 -15.004879
v -16.169804 -6.976091 -15.802866
v -17.682722 -6.410413 -17.446337
v -13.005475 -2.810499 -23.989683
v -12.403257 -3.331633 -25.305374
v -14.385420 -4.943524 -12.269897
v -13.185233 -5.860165 -12.560756
v -8.841414 -2.810501 -25.816208
v -10.217268 -3.331631 -26.264236
v -10.396255 -5.884898 -20.069393
v -11.349852 -6.976091 -19.554384
v -6.233568 1.917372 -15.354478
v -4.932388 2.272897 -14.615685
v -1.825663 1.917371 -16.470711
v -2.618390 2.272897 -15.201669
v -6.460687 3.626967 -16.251354
v -5.201622 4.299489 -15.678863
v -7.580808 -3.626968 -15.760025
v -8.363031 -4.943525 -16.957308
v -8.939618 -5.860165 -15.865249
v -8.012353 -4.299489 -14.445962
v -2.052784 3.626967 -17.367588
v -2.887623 4.299489 -16.264847
v -16.123634 -4.344497 -20.522324
v -15.625102 -5.150064 -21.733850
v -6.811772 4.943525 -17.637754
v -5.617804 5.860164 -17.322329
v -2.403868 4.943524 -18.753988
v -3.303806 5.860166 -17.908316
v -4.383232 -0.000000 -15.652572
v -4.932439 -0.000000 -14.216029
v -7.248774 5.724373 -19.363438
v -6.135838 6.785802 -19.367998
v -2.840871 5.724373 -20.479671
v -3.821839 6.785802 -19.953981
v -7.724339 5.884898 -21.241404
v -6.699584 6.976091 -21.594181
v -3.316436 5.884898 -22.357637
v -4.385585 6.976091 -22.180164
v -8.186934 5.407703 -23.068140
v -7.247953 6.410413 -23.759642
v -6.172967 -5.724373 -19.732763
v -7.054033 -6.785803 -19.052782
v -3.779030 5.407702 -24.184378
v -4.933954 6.410413 -24.345623
v -8.547292 0.000000 -13.826046
v -7.118427 -0.000000 -13.257167
v -8.586425 4.344499 -24.645700
v -7.721520 5.150067 -25.629713
v -14.834046 -5.407702 -19.470905
v -15.936225 -4.344496 -20.668190
v -17.233063 -5.150066 -20.482323
v -15.926517 -6.410413 -19.063034
v -4.178523 4.344497 -25.761936
v -5.407521 5.150068 -26.215698
v -8.879526 2.810503 -25.803123
v -8.068967 3.331632 -27.001747
v -10.337031 -5.724373 -17.906239
v -9.240022 -6.785802 -18.093918
v -4.471621 2.810500 -26.919357
v -5.754968 3.331628 -27.587734
v -9.034470 0.971942 -26.414989
v -8.252643 1.152162 -27.727064
v -4.626567 0.971940 -27.531223
v -5.938644 1.152162 -28.313051
v -13.416799 -3.626966 -11.217690
v -12.790186 -1.917372 -10.537010
v -11.294207 -2.272896 -10.506552
v -12.037006 -4.299489 -11.313449
v -9.034471 -0.971940 -26.414989
v -8.252643 -1.152162 -27.727066
v -15.233560 -5.407702 -19.159954
v -14.202888 -5.884898 -17.582397
v -13.348202 -6.976091 -18.248796
v -14.569982 -6.410415 -20.118868
v -4.626567 -0.971946 -27.531221
v -5.938643 -1.152162 -28.313049
v -4.511756 -1.917372 -15.945576
v -5.084793 -2.272896 -14.563364
v -8.879525 -2.810500 -25.803123
v -8.068967 -3.331631 -27.001745
v -6.951153 -5.884898 -21.506840
v -7.976507 -6.976091 -21.155813
v -4.471622 -2.810498 -26.919359
v -5.754969 -3.331633 -27.587732
v -12.169662 -4.943524 -14.470312
v -10.937971 -5.860166 -14.559661
v -3.621286 1.917370 -16.171074
v -2.459455 2.272897 -15.228191
v 0.910225 1.917374 -16.546566
v -0.080566 2.272896 -15.425311
v -3.697687 3.626965 -17.093100
v -2.550023 4.299489 -16.321182
v 0.833824 3.626967 -17.468594
v -0.171134 4.299489 -16.518303
v -3.815789 4.943525 -18.518381
v -2.690023 5.860166 -18.010738
v 0.715722 4.943525 -18.893869
v -0.311135 5.860165 -18.207857
v -1.747121 0.000000 -16.160549
v -2.525282 -0.000000 -14.833995
v -3.962793 5.724373 -20.292456
v -2.864285 6.785801 -20.113770
v 0.568718 5.724373 -20.667948
v -0.485397 6.785802 -20.310888
v -4.122770 5.884898 -22.223083
v -3.053925 6.976092 -22.402380
v -11.426927 -5.407702 -21.646952
v -12.317003 -4.344500 -23.009317
v -13.626750 -5.150068 -23.039438
v -12.571630 -6.410413 -21.424458
v 0.408742 5.884898 -22.598574
v -0.675036 6.976091 -22.599499
v -12.525865 -4.344498 -22.896288
v -11.834720 -5.150066 -24.009235
v -4.278382 5.407702 -24.101049
v -3.238392 6.410413 -24.628563
v -2.840872 -5.724373 -20.479671
v -3.821839 -6.785803 -19.953983
v 0.253129 5.407702 -24.476540
v -0.859503 6.410413 -24.825682
v -6.155024 0.000000 -15.044315
v -4.839281 0.000000 -14.248012
v -4.412768 4.344500 -25.722843
v -3.397696 5.150067 -26.551077
v 0.118743 4.344499 -26.098337
v -1.018807 5.150067 -26.748198
v -4.511364 2.810500 -26.912725
v -3.514575 3.331632 -27.961588
v -7.248775 -5.724373 -19.363438
v -6.135839 -6.785802 -19.367998
v 0.020147 2.810499 -27.288219
v -1.135685 3.331630 -28.158707
v -4.563487 0.971942 -27.541748
v -3.576362 1.152162 -28.707245
v -0.031975 0.971942 -27.917238
v -1.197473 1.152162 -28.904366
v -9.621947 -4.943522 -16.276016
v -8.392349 -5.860165 -16.161417
v -4.563488 -0.971941 -27.541748
v -3.576362 -1.152162 -28.707245
v -0.031976 -0.971941 -27.917238
v -1.197472 -1.152162 -28.904362
v -1.825663 -1.917371 -16.470711
v -2.618390 -2.272897 -15.201669
v -4.511365 -2.810499 -26.912725
v -3.514575 -3.331631 -27.961588
v -3.316437 -5.884898 -22.357637
v -4.385586 -6.976091 -22.180164
v 0.020147 -2.810501 -27.288216
v -1.135686 -3.331633 -28.158709
v -11.387439 -3.626967 -13.273029
v -10.881409 -1.917371 -12.498493
v -9.410846 -2.272896 -12.222221
v -10.010705 -4.299489 -13.140374
v -0.910225 1.917375 -16.546566
v 0.080567 2.272897 -15.425310
v -4.883400 -3.626968 -16.792839
v -5.457890 -4.943524 -18.102543
v -6.206360 -5.860166 -17.120281
v -5.525348 -4.299491 -15.567728
v 3.621286 1.917374 -16.171074
v 2.459456 2.272895 -15.228190
v -0.833823 3.626967 -17.468594
v 0.171135 4.299489 -16.518303
v 3.697689 3.626966 -17.093100
v 2.550024 4.299489 -16.321182
v -9.047461 -3.626966 -14.966312
v -8.675816 -1.917368 -14.119050
v -7.270783 -2.272896 -13.604501
v -7.711337 -4.299489 -14.608864
v -0.715722 4.943523 -18.893867
v 0.311136 5.860167 -18.207859
v 0.936646 -0.000000 -16.227707
v -0.049246 -0.000000 -15.047327
v 3.815789 4.943523 -18.518379
v 2.690024 5.860166 -18.010736
v -0.568717 5.724373 -20.667948
v 0.485398 6.785802 -20.310888
v 3.962794 5.724373 -20.292456
v 2.864286 6.785802 -20.113770
v -0.408741 5.884898 -22.598574
v 0.675037 6.976091 -22.599499
v -8.586426 -4.344499 -24.645700
v -7.721520 -5.150067 -25.629711
v 4.122771 5.884898 -22.223083
v 3.053926 6.976091 -22.402380
v -22.313284 -5.407702 -10.063924
v -23.852463 -4.344498 -10.592324
v -24.904535 -5.150067 -9.811632
v -23.079956 -6.410414 -9.185253
v -0.253128 5.407702 -24.476540
v 0.859504 6.410414 -24.825682
v -3.594865 -0.000000 -15.852215
v -2.428135 0.000000 -14.850206
v 4.278383 5.407702 -24.101049
v 3.238393 6.410413 -24.628563
v 0.568717 -5.724373 -20.667948
v -0.485398 -6.785802 -20.310888
v -0.118742 4.344499 -26.098337
v 1.018808 5.150067 -26.748198
v 4.412768 4.344500 -25.722843
v 3.397697 5.150067 -26.551077
v -0.020147 2.810501 -27.288216
v 1.135686 3.331633 -28.158709
v 4.511365 2.810499 -26.912725
v 3.514575 3.331631 -27.961588
v -3.962794 -5.724373 -20.292456
v -2.864286 -6.785802 -20.113770
v 0.031976 0.971941 -27.917238
v 1.197472 1.152162 -28.904362
v -6.811771 -4.943523 -17.637753
v -5.617806 -5.860166 -17.322332
v 4.563488 0.971941 -27.541748
v 3.576362 1.152162 -28.707245
v 0.031975 -0.971942 -27.917238
v 1.197473 -1.152162 -28.904366
v 0.910225 -1.917375 -16.546566
v -0.080567 -2.272897 -15.425310
v 4.563487 -0.971942 -27.541748
v 3.576362 -1.152162 -28.707245
v -0.020147 -2.810499 -27.288219
v 1.135685 -3.331630 -28.158707
v 4.511364 -2.810500 -26.912725
v 3.514575 -3.331632 -27.961588
v 0.408741 -5.884898 -22.598574
v -0.675037 -6.976091 -22.599499
v 1.825663 1.917371 -16.470711
v 2.618390 2.272897 -15.201669
v 6.233567 1.917373 -15.354479
v 4.932389 2.272896 -14.615685
v 2.052786 3.626968 -17.367588
v 2.887623 4.299489 -16.264847
v 0.833823 -3.626967 -17.468594
v 0.715722 -4.943523 -18.893867
v -0.311136 -5.860167 -18.207859
v -0.171135 -4.299489 -16.518303
v 6.460689 3.626967 -16.251354
v 5.201622 4.299489 -15.678863
v -4.412768 -4.344500 -25.722843
v -3.397697 -5.150067 -26.551077
v 2.403867 4.943524 -18.753984
v 3.303806 5.860165 -17.908314
v 6.811771 4.943523 -17.637753
v 5.617806 5.860166 -17.322332
v 3.594865 0.000000 -15.852215
v 2.428135 -0.000000 -14.850206
v 2.840872 5.724373 -20.479671
v 3.821839 6.785803 -19.953983
v 7.248775 5.724373 -19.363438
v 6.135839 6.785802 -19.367998
v -2.052786 -3.626968 -17.367588
v -2.403867 -4.943524 -18.753984
v -3.303806 -5.860165 -17.908314
v -2.887623 -4.299489 -16.264847
v 3.316437 5.884898 -22.357637
v 4.385586 6.976091 -22.180164
v 7.724340 5.884898 -21.241404
v 6.699585 6.976091 -21.594181
v 3.779030 5.407702 -24.184376
v 4.933954 6.410413 -24.345621
v 3.962793 -5.724373 -20.292456
v 2.864285 -6.785801 -20.113770
v 8.186934 5.407702 -23.068144
v 7.247953 6.410413 -23.759638
v -0.936646 0.000000 -16.227707
v 0.049246 0.000000 -15.047327
v 4.178522 4.344500 -25.761932
v 5.407523 5.150064 -26.215698
v -7.708106 -5.407702 -23.232525
v -8.361807 -4.344497 -24.722816
v -9.648731 -5.150066 -24.968100
v -8.873819 -6.410413 -23.201479
v 8.586426 4.344499 -24.645700
v 7.721520 5.150067 -25.629711
v 4.471622 2.810498 -26.919359
v 5.754969 3.331633 -27.587732
v -0.568718 -5.724373 -20.667948
v 0.485397 -6.785802 -20.310888
v 8.879525 2.810500 -25.803123
v 8.068967 3.331631 -27.001745
v 4.626567 0.971946 -27.531221
v 5.938643 1.152162 -28.313049
v 9.034471 0.971940 -26.414989
v 8.252643 1.152162 -27.727066
v -11.872167 -5.407703 -21.405998
v -11.115211 -5.884898 -19.680315
v -10.162497 -6.976091 -20.196949
v -11.059808 -6.410415 -22.242617
v 4.626567 -0.971940 -27.531223
v 5.938644 -1.152162 -28.313051
v -4.278383 -5.407702 -24.101049
v -4.122771 -5.884898 -22.223083
v -3.053926 -6.976091 -22.402380
v -3.238393 -6.410413 -24.628563
v 9.034470 -0.971942 -26.414989
v 8.252643 -1.152162 -27.727064
v 3.621286 -1.917370 -16.171074
v 2.459455 -2.272897 -15.228191
v 4.471621 -2.810500 -26.919357
v 5.754968 -3.331628 -27.587734
v 4.122770 -5.884898 -22.223083
v 3.053925 -6.976092 -22.402380
v 8.879526 -2.810503 -25.803123
v 8.068967 -3.331632 -27.001747
v -3.815789 -4.943523 -18.518379
v -2.690024 -5.860166 -18.010736
v 4.511753 1.917372 -15.945578
v 5.084791 2.272897 -14.563366
v 8.675812 1.917374 -14.119053
v 7.270780 2.272896 -13.604500
v -6.460689 -3.626967 -16.251354
v -6.233567 -1.917373 -15.354479
v -4.932389 -2.272896 -14.615685
v -5.201622 -4.299489 -15.678863
v 4.883399 3.626966 -16.792839
v 5.525345 4.299489 -15.567729
v -8.186934 -5.407702 -23.068144
v -7.724340 -5.884898 -21.241404
v -6.699585 -6.976091 -21.594181
v -7.247953 -6.410413 -23.759638
v 9.047460 3.626967 -14.966312
v 7.711334 4.299490 -14.608866
v 5.457887 4.943524 -18.102545
v 6.206358 5.860165 -17.120279
v 9.621945 4.943524 -16.276018
v 8.392347 5.860165 -16.161417
v 6.155024 -0.000000 -15.044315
v 4.839281 -0.000000 -14.248012
v 6.172971 5.724373 -19.732765
v 7.054032 6.785802 -19.052782
v 10.337028 5.724373 -17.906237
v 9.240021 6.785802 -18.093916
v 6.951151 5.884898 -21.506840
v 7.976508 6.976091 -21.155811
v 0.253128 -5.407702 -24.476540
v 0.118742 -4.344499 -26.098337
v -1.018808 -5.150067 -26.748198
v -0.859504 -6.410414 -24.825682
v 11.115211 5.884898 -19.680313
v 10.162497 6.976092 -20.196949
v -0.118743 -4.344499 -26.098337
v 1.018807 -5.150067 -26.748198
v 7.708107 5.407702 -23.232525
v 8.873821 6.410412 -23.201481
v 7.248774 -5.724373 -19.363438
v 6.135838 -6.785802 -19.367998
v 11.872167 5.407702 -21.405998
v 11.059809 6.410413 -22.242615
v 1.747121 -0.000000 -16.160549
v 2.525282 0.000000 -14.833995
v 8.361811 4.344497 -24.722816
v 9.648731 5.150070 -24.968098
v 12.525867 4.344497 -22.896290
v 11.834722 5.150070 -24.009235
v 8.841416 2.810501 -25.816210
v 10.217271 3.331634 -26.264236
v 2.840871 -5.724373 -20.479671
v 3.821839 -6.785802 -19.953981
v 13.005477 2.810501 -23.989681
v 12.403259 3.331628 -25.305374
v 9.094957 0.971944 -26.394224
v 10.517825 1.152157 -26.949430
v 13.259016 0.971943 -24.567698
v 12.703814 1.152168 -25.990564
v -0.715722 -4.943525 -18.893869
v 0.311135 -5.860165 -18.207857
v 9.094957 -0.971943 -26.394224
v 10.517824 -1.152162 -26.949429
v 13.259016 -0.971943 -24.567698
v 12.703812 -1.152167 -25.990561
v 6.233568 -1.917372 -15.354478
v 4.932388 -2.272897 -14.615685
v 8.841415 -2.810500 -25.816210
v 10.217270 -3.331632 -26.264235
v 7.724339 -5.884898 -21.241404
v 6.699584 -6.976091 -21.594181
v 13.005476 -2.810501 -23.989681
v 12.403259 -3.331632 -25.305372
v -3.697689 -3.626966 -17.093100
v -3.621286 -1.917374 -16.171074
v -2.459456 -2.272895 -15.228190
v -2.550024 -4.299489 -16.321182
v 7.074775 1.917372 -14.985492
v 7.412491 2.272897 -13.527812
v 10.881405 1.917370 -12.498493
v 9.410843 2.272896 -12.222222
v 3.697687 -3.626965 -17.093100
v 3.815789 -4.943525 -18.518381
v 2.690023 -5.860166 -18.010738
v 2.550023 -4.299489 -16.321182
v 7.580805 3.626966 -15.760026
v 8.012350 4.299488 -14.445963
v -0.833824 -3.626967 -17.468594
v -0.910225 -1.917374 -16.546566
v 0.080566 -2.272896 -15.425311
v 0.171134 -4.299489 -16.518303
v 11.387436 3.626966 -13.273027
v 10.010701 4.299489 -13.140375
v 8.363029 4.943523 -16.957310
v 8.939618 5.860166 -15.865249
v 12.169659 4.943524 -14.470313
v 10.937969 5.860165 -14.559661
v 8.547291 -0.000000 -13.826047
v 7.118425 -0.000000 -13.257169
v 9.336684 5.724373 -18.447596
v 10.093809 6.785802 -17.631870
v 13.143315 5.724373 -15.960598
v 12.092160 6.785802 -16.326283
v 10.396256 5.884898 -20.069393
v 11.349851 6.976091 -19.554384
v -3.779030 -5.407702 -24.184376
v -4.178522 -4.344500 -25.761932
v -5.407523 -5.150064 -26.215698
v -4.933954 -6.410413 -24.345621
v 14.202885 5.884898 -17.582396
v 13.348203 6.976091 -18.248795
v 4.178523 -4.344497 -25.761936
v 5.407521 -5.150068 -26.215698
v 11.426927 5.407703 -21.646948
v 12.571631 6.410414 -21.424458
v 10.337028 -5.724373 -17.906237
v 9.240021 -6.785802 -18.093918
v 15.233560 5.407702 -19.159952
v 14.569983 6.410413 -20.118868
v 4.383232 0.000000 -15.652574
v 4.932436 0.000000 -14.216032
v 12.317006 4.344499 -23.009317
v 13.626752 5.150067 -23.039438
v 16.123638 4.344497 -20.522322
v 15.625104 5.150066 -21.733849
v 12.970040 2.810504 -24.008858
v 14.400872 3.331631 -24.224318
v 6.172968 -5.724373 -19.732763
v 7.054031 -6.785802 -19.052780
v 16.776672 2.810500 -21.521862
v 16.399223 3.331631 -22.918728
v 13.315261 0.971943 -24.537260
v 14.810105 1.152163 -24.850695
v 17.121895 0.971940 -22.050262
v 16.808458 1.152162 -23.545109
v 2.403868 -4.943524 -18.753988
v 3.303806 -5.860166 -17.908316
v 13.315260 -0.971942 -24.537260
v 14.810106 -1.152163 -24.850697
v 17.121891 -0.971939 -22.050264
v 16.808458 -1.152162 -23.545109
v 8.675813 -1.917372 -14.119051
v 7.270779 -2.272897 -13.604501
v 12.970041 -2.810499 -24.008858
v 14.400872 -3.331631 -24.224319
v 11.115209 -5.884898 -19.680313
v 10.162496 -6.976091 -20.196947
v 16.776670 -2.810504 -21.521860
v 16.399221 -3.331634 -22.918730
v 9.444817 1.917372 -13.616636
v 9.537999 2.272896 -12.123252
v 6.460687 -3.626967 -16.251354
v 6.811772 -4.943525 -17.637754
v 5.617804 -5.860164 -17.322329
v 5.201622 -4.299489 -15.678863
v 12.790184 1.917373 -10.537010
v 11.294204 2.272897 -10.506553
v 10.071426 3.626967 -14.297322
v 10.280803 4.299490 -12.930151
v 13.416795 3.626967 -11.217693
v 12.037004 4.299489 -11.313450
v 2.052784 -3.626967 -17.367588
v 1.825663 -1.917371 -16.470711
v 2.618390 -2.272897 -15.201669
v 2.887623 -4.299489 -16.264847
v 11.040051 4.943525 -15.349524
v 11.429026 5.860165 -14.177455
v 10.706408 -0.000000 -12.230640
v 9.203397 0.000000 -11.904703
v 14.385419 4.943525 -12.269897
v 13.185232 5.860167 -12.560758
v 12.245717 5.724373 -16.659229
v 12.858253 6.785802 -15.730009
v 15.591084 5.724373 -13.579601
v 14.614456 6.785802 -14.113310
v 13.557778 5.884898 -18.084505
v 14.413599 6.976091 -17.419565
v 8.361809 -4.344500 -24.722813
v 9.648730 -5.150069 -24.968098
v 16.903145 5.884898 -15.004878
v 16.169802 6.976091 -15.802866
v 4.278382 -5.407702 -24.101049
v 4.412768 -4.344500 -25.722843
v 3.397696 -5.150067 -26.551077
v 3.238392 -6.410413 -24.628563
v 14.834047 5.407703 -19.470903
v 15.926518 6.410413 -19.063034
v 6.899778 0.000000 -14.717638
v 7.205045 0.000000 -13.210293
v 18.179413 5.407703 -16.391275
v 17.682722 6.410413 -17.446335
v 13.143314 -5.724373 -15.960600
v 12.092159 -6.785802 -16.326283
v 15.936226 4.344499 -20.668190
v 17.233067 5.150067 -20.482323
v 19.281593 4.344499 -17.588562
v 18.989269 5.150067 -18.865623
v 16.744869 2.810502 -21.546614
v 18.191652 3.331632 -21.523624
v 20.090237 2.810502 -18.466986
v 19.947857 3.331632 -19.906927
v 9.336686 -5.724373 -18.447598
v 10.093809 -6.785802 -17.631872
v 17.172358 0.971946 -22.010984
v 18.698402 1.152162 -22.074104
v 5.457888 -4.943524 -18.102545
v 6.206359 -5.860167 -17.120285
v 20.517725 0.971946 -18.931356
v 20.454605 1.152163 -20.457405
v 17.172358 -0.971946 -22.010984
v 18.698402 -1.152161 -22.074104
v 10.881406 -1.917372 -12.498493
v 9.410843 -2.272894 -12.222223
v 20.517723 -0.971943 -18.931358
v 20.454605 -1.152163 -20.457405
v 16.744869 -2.810501 -21.546616
v 18.191652 -3.331633 -21.523624
v -0.253129 -5.407702 -24.476540
v -0.408742 -5.884898 -22.598574
v 0.675036 -6.976091 -22.599499
v 0.859503 -6.410413 -24.825682
v 20.090239 -2.810500 -18.466988
v 19.947857 -3.331633 -19.906929
v 14.202886 -5.884898 -17.582397
v 13.348202 -6.976091 -18.248796
v 11.557227 1.917373 -11.876359
v 11.403337 2.272896 -10.388005
v 14.350078 1.917373 -8.288106
v 12.869488 2.272897 -8.504293
v 12.287329 3.626967 -12.444621
v 12.268817 4.299489 -11.061635
v 11.387434 -3.626967 -13.273029
v 12.169660 -4.943524 -14.470314
v 10.937968 -5.860166 -14.559662
v 10.010701 -4.299489 -13.140374
v 15.080181 3.626969 -8.856367
v 13.734969 4.299489 -9.177924
v 12.317005 -4.344500 -23.009317
v 13.626752 -5.150068 -23.039440
v 13.415928 4.943524 -13.323047
v 13.606682 5.860165 -12.102938
v 16.208776 4.943522 -9.734788
v 15.072834 5.860166 -10.219227
v 12.573484 -0.000000 -10.301614
v 11.037325 0.000000 -10.227509
v 14.820723 5.724373 -14.416438
v 15.271958 6.785802 -13.399074
v 17.613573 5.724373 -10.828184
v 16.738110 6.785802 -11.515362
v 9.047457 -3.626967 -14.966313
v 9.621947 -4.943524 -16.276018
v 8.392345 -5.860163 -16.161415
v 7.711334 -4.299489 -14.608865
v 16.349480 5.884898 -15.606320
v 17.084183 6.976091 -14.809584
v 19.142330 5.884898 -12.018064
v 18.550335 6.976091 -12.925873
v 17.836536 5.407702 -16.763744
v 18.846977 6.410413 -16.181620
v 15.591085 -5.724373 -13.579602
v 14.614457 -6.785802 -14.113311
v 20.629387 5.407703 -13.175488
v 20.313128 6.410413 -14.297909
v 9.228117 0.000000 -13.381243
v 9.281121 0.000000 -11.844209
v 19.120749 4.344501 -17.763283
v 20.369308 5.150068 -17.366499
v 8.186934 -5.407703 -23.068140
v 8.586425 -4.344499 -24.645700
v 7.721520 -5.150067 -25.629713
v 7.247953 -6.410413 -23.759642
v 21.913601 4.344497 -14.175031
v 21.835461 5.150067 -15.482788
v 20.062950 2.810503 -18.496630
v 21.486214 3.331632 -18.235823
v 12.245717 -5.724373 -16.659231
v 12.858253 -6.785802 -15.730009
v 22.855801 2.810502 -14.908372
v 22.952364 3.331631 -16.352110
v 20.561039 0.971942 -18.884308
v 22.076662 1.152164 -18.695387
v 23.353889 0.971942 -15.296053
v 23.542810 1.152162 -16.811672
v 3.779030 -5.407702 -24.184378
v 3.316436 -5.884898 -22.357637
v 4.385585 -6.976091 -22.180164
v 4.933954 -6.410413 -24.345623
v 20.561039 -0.971942 -18.884308
v 22.076662 -1.152162 -18.695387
v 11.426929 -5.407702 -21.646950
v 10.396255 -5.884898 -20.069395
v 11.349852 -6.976091 -19.554384
v 12.571630 -6.410413 -21.424458
v 23.353889 -0.971942 -15.296053
v 23.542810 -1.152161 -16.811672
v 12.790184 -1.917372 -10.537009
v 11.294204 -2.272897 -10.506556
v 21.486214 -3.331632 -18.235823
v 16.903143 -5.884898 -15.004880
v 16.169802 -6.976091 -15.802866
v 22.855801 -2.810503 -14.908374
v 22.952366 -3.331632 -16.352112
v 8.363029 -4.943524 -16.957312
v 8.939617 -5.860166 -15.865252
v 13.354386 1.917373 -9.812121
v 12.957621 2.272897 -8.369395
v 15.518539 1.917371 -5.813118
v 14.093726 2.272894 -6.270055
v 4.883398 -3.626965 -16.792837
v 4.511753 -1.917374 -15.945579
v 5.084790 -2.272897 -14.563365
v 5.525345 -4.299489 -15.567729
v 14.168063 3.626966 -10.252462
v 13.922172 4.299489 -8.891386
v 7.708106 -5.407702 -23.232525
v 6.951150 -5.884898 -21.506840
v 7.976507 -6.976091 -21.155811
v 8.873821 -6.410412 -23.201481
v 16.332216 3.626965 -6.253459
v 15.058279 4.299489 -6.792045
v 15.425853 4.943524 -10.933145
v 15.413185 5.860166 -9.698282
v 17.590008 4.943525 -6.934141
v 16.549292 5.860166 -7.598941
v 14.097589 -0.000000 -8.091586
v 12.570185 -0.000000 -8.271337
v 16.991453 5.724373 -11.780407
v 17.269083 6.785802 -10.702644
v 19.155607 5.724373 -7.781403
v 18.405191 6.785802 -8.603304
v 18.695210 5.884898 -12.702433
v 19.288754 6.976091 -11.795636
v 15.233556 -5.407703 -19.159950
v 16.123634 -4.344499 -20.522320
v 15.625102 -5.150067 -21.733849
v 14.569982 -6.410413 -20.118868
v 20.859364 5.884898 -8.703430
v 20.424862 6.976091 -9.696295
v 15.936228 -4.344498 -20.668188
v 17.233067 -5.150065 -20.482325
v 20.352489 5.407702 -13.599310
v 21.253332 6.410413 -12.858814
v 17.613573 -5.724373 -10.828186
v 16.738110 -6.785803 -11.515363
v 22.516645 5.407702 -9.600306
v 22.389441 6.410412 -10.759472
v 11.304737 0.000000 -11.679844
v 11.104033 -0.000000 -10.155046
v 21.783709 4.344497 -14.373845
v 22.949928 5.150067 -13.776966
v 23.947863 4.344497 -10.374842
v 24.086037 5.150067 -11.677626
v 22.833763 2.810498 -14.942108
v 24.194689 3.331635 -14.450598
v 24.997917 2.810498 -10.943106
v 25.330793 3.331630 -12.351255
v 23.388866 0.971941 -15.242515
v 24.852718 1.152161 -14.806706
v 25.553020 0.971941 -11.243511
v 25.988829 1.152162 -12.707367
v 11.040052 -4.943525 -15.349525
v 11.429026 -5.860165 -14.177456
v 23.388866 -0.971941 -15.242516
v 24.852720 -1.152162 -14.806707
v 25.553020 -0.971941 -11.243512
v 25.988829 -1.152162 -12.707367
v 14.350077 -1.917371 -8.288104
v 12.869488 -2.272895 -8.504295
v 22.833761 -2.810503 -14.942107
v 24.194685 -3.331631 -14.450597
v 19.142330 -5.884898 -12.018065
v 18.550335 -6.976091 -12.925874
v 24.997915 -2.810503 -10.943104
v 25.330797 -3.331633 -12.351258
v 7.580804 -3.626967 -15.760027
v 7.074775 -1.917372 -14.985492
v 7.412491 -2.272898 -13.527812
v 8.012350 -4.299489 -14.445964
v 14.787272 1.917373 -7.480240
v 14.158453 2.272897 -6.122495
v 13.416795 -3.626966 -11.217693
v 14.385418 -4.943524 -12.269897
v 13.185231 -5.860166 -12.560758
v 12.037004 -4.299489 -11.313450
v 16.263695 1.917372 -3.179569
v 14.933524 2.272896 -3.864790
v 15.662330 3.626967 -7.780647
v 15.195766 4.299489 -6.478605
v 17.138754 3.626967 -3.479977
v 15.970839 4.299489 -4.220901
v 10.071426 -3.626966 -14.297320
v 9.444817 -1.917372 -13.616637
v 9.538000 -2.272896 -12.123253
v 10.280801 -4.299489 -12.930149
v 17.015001 4.943525 -8.245020
v 16.799253 5.860166 -7.029083
v 15.237149 -0.000000 -5.660840
v 13.760161 -0.000000 -6.089539
v 18.491425 4.943525 -3.944350
v 17.574326 5.860166 -4.771379
v 18.698706 5.724373 -8.823033
v 18.795153 6.785801 -7.714277
v 20.175129 5.724373 -4.522365
v 19.570225 6.785802 -5.456573
v 20.530983 5.884898 -9.452059
v 20.967178 6.976091 -8.459934
v 22.007406 5.884898 -5.151389
v 21.742250 6.976092 -6.202229
v 11.872166 -5.407702 -21.405998
v 12.525868 -4.344497 -22.896290
v 11.834721 -5.150067 -24.009237
v 11.059809 -6.410412 -22.242617
v 22.313284 5.407702 -10.063924
v 23.079956 6.410414 -9.185253
v 13.072995 -0.000000 -9.659842
v 12.624055 0.000000 -8.188879
v 23.789703 5.407703 -5.763252
v 23.855026 6.410412 -6.927547
v 19.155607 -5.724373 -7.781404
v 18.405191 -6.785802 -8.603305
v 23.852463 4.344498 -10.592324
v 24.904535 5.150067 -9.811632
v 25.328886 4.344497 -6.291654
v 25.679607 5.150067 -7.553927
v 24.981730 2.810500 -10.980002
v 26.243195 3.331633 -10.271195
v 26.458153 2.810499 -6.679332
v 27.018263 3.331631 -8.013488
v 16.991457 -5.724373 -11.780408
v 17.269083 -6.785802 -10.702645
v 25.578707 0.971945 -11.184945
v 26.950867 1.152163 -10.514140
v 13.415927 -4.943524 -13.323046
v 13.606683 -5.860166 -12.102939
v 27.055132 0.971943 -6.884275
v 27.725939 1.152162 -8.256433
v 25.578707 -0.971944 -11.184945
v 26.950865 -1.152162 -10.514139
v 15.518540 -1.917374 -5.813118
v 14.093726 -2.272897 -6.270056
v 27.055132 -0.971938 -6.884276
v 27.725939 -1.152162 -8.256433
v 24.981726 -2.810504 -10.980002
v 26.243193 -3.331632 -10.271194
v 26.458153 -2.810500 -6.679332
v 27.018265 -3.331632 -8.013489
v 20.859364 -5.884898 -8.703430
v 20.424862 -6.976091 -9.696297
v 15.816799 1.917372 -4.944314
v 14.973079 2.272897 -3.708588
v 16.565218 1.917374 -0.459288
v 15.365973 2.272896 -1.354102
v 16.729366 3.626964 -5.096594
v 16.054859 4.299489 -3.889105
v 21.783709 -4.344497 -14.373847
v 22.949930 -5.150068 -13.776968
v 17.477785 3.626964 -0.611568
v 16.447752 4.299489 -1.534620
v 16.332216 -3.626966 -6.253460
v 17.590008 -4.943524 -6.934141
v 16.549290 -5.860167 -7.598941
v 15.058279 -4.299489 -6.792046
v 18.140026 4.943524 -5.331992
v 17.727083 5.860166 -4.168150
v 15.961078 -0.000001 -3.075680
v 14.574795 0.000000 -3.741639
v 18.888443 4.943524 -0.846966
v 18.119976 5.860165 -1.813664
v 19.895905 5.724373 -5.624996
v 19.808540 6.785802 -4.515484
v 15.080178 -3.626966 -8.856366
v 16.208776 -4.943522 -9.734788
v 15.072834 -5.860166 -10.219228
v 13.734969 -4.299490 -9.177924
v 20.644320 5.724373 -1.139969
v 20.201433 6.785802 -2.160998
v 21.806726 5.884898 -5.943856
v 22.073675 6.976091 -4.893468
v 22.555145 5.884898 -1.458830
v 22.466568 6.976091 -2.538982
v 23.665428 5.407702 -6.254018
v 24.277021 6.410413 -5.261142
v 14.484655 -0.000000 -7.376350
v 24.413847 5.407702 -1.768993
v 24.669916 6.410415 -2.906656
v 20.175127 -5.724373 -4.522367
v 19.570225 -6.785803 -5.456573
v 25.270588 4.344498 -6.521872
v 26.179813 5.150067 -5.578662
v 26.019003 4.344500 -2.036845
v 26.572706 5.150067 -3.224176
v 18.179417 -5.407702 -16.391279
v 19.281593 -4.344499 -17.588562
v 18.989267 -5.150067 -18.865623
v 17.682722 -6.410413 -17.446337
v 26.448261 2.810500 -6.718392
v 27.575853 3.331631 -5.811619
v 27.196680 2.810499 -2.233365
v 27.968748 3.331631 -3.457134
v 18.698706 -5.724373 -8.823036
v 18.795153 -6.785802 -7.714278
v 27.070831 0.971939 -6.822279
v 28.313862 1.152162 -5.934772
v 14.834047 -5.407702 -19.470907
v 13.557778 -5.884898 -18.084505
v 14.413599 -6.976091 -17.419565
v 15.926519 -6.410413 -19.063034
v 27.819250 0.971939 -2.337254
v 28.706757 1.152162 -3.580287
v 27.070831 -0.971939 -6.822281
v 28.313864 -1.152162 -5.934772
v 16.263695 -1.917373 -3.179569
v 14.933523 -2.272897 -3.864791
v 27.819250 -0.971939 -2.337254
v 28.706757 -1.152162 -3.580287
v 20.352493 -5.407702 -13.599309
v 18.695208 -5.884898 -12.702435
v 19.288755 -6.976091 -11.795637
v 21.253330 -6.410414 -12.858814
v 26.448261 -2.810499 -6.718392
v 27.575855 -3.331632 -5.811621
v 15.425853 -4.943523 -10.933144
v 15.413183 -5.860166 -9.698282
v 22.007406 -5.884898 -5.151389
v 21.742250 -6.976091 -6.202230
v 16.414886 1.917371 2.273520
v 15.379279 2.272896 1.193521
v 16.476017 4.299489 -1.193521
v 23.852463 -4.344497 -10.592325
v 24.904535 -5.150066 -9.811633
v 17.340073 3.626965 2.273521
v 16.476017 4.299489 1.193521
v 17.138752 -3.626967 -3.479977
v 18.491423 -4.943524 -3.944350
v 17.574324 -5.860167 -4.771380
v 15.970837 -4.299489 -4.220901
v 18.770235 4.943523 -2.273521
v 18.171364 5.860166 -1.193521
v 16.249630 -0.000000 -0.406626
v 14.991868 -0.000000 -1.291675
v 18.770235 4.943523 2.273520
v 18.171364 5.860166 1.193521
v 20.550392 5.724373 -2.273520
v 20.281601 6.785802 -1.193521
v 12.287328 -3.626967 -12.444623
v 11.557227 -1.917371 -11.876358
v 11.403337 -2.272897 -10.388008
v 12.268816 -4.299488 -11.061635
v 20.550392 5.724373 2.273521
v 20.281601 6.785802 1.193521
v 22.487637 5.884898 -2.273520
v 22.578056 6.976091 -1.193520
v 22.487637 5.884898 2.273521
v 22.578054 6.976091 1.193521
v 24.372038 5.407703 -2.273520
v 24.811869 6.410413 -1.193520
v 15.501211 0.000000 -4.891652
v 14.598974 0.000000 -3.646161
v 24.372040 5.407702 2.273522
v 24.811869 6.410413 1.193522
v 20.644320 -5.724373 -1.139970
v 20.201433 -6.785802 -2.160999
v 25.999392 4.344500 -2.273521
v 26.740971 5.150067 -1.193520
v 25.999392 4.344500 2.273521
v 26.740971 5.150067 1.193522
v 22.516644 -5.407702 -9.600307
v 23.947863 -4.344497 -10.374843
v 24.086037 -5.150065 -11.677627
v 22.389441 -6.410413 -10.759474
v 27.193352 2.810499 -2.273520
v 28.156317 3.331631 -1.193520
v 27.193352 2.810499 2.273522
v 28.156317 3.331632 1.193522
v 19.895901 -5.724373 -5.624996
v 19.808540 -6.785802 -4.515485
v 27.824530 0.971942 -2.273520
v 28.904530 1.152162 -1.193520
v 14.168062 -3.626967 -10.252464
v 13.354386 -1.917374 -9.812120
v 12.957619 -2.272896 -8.369396
v 13.922173 -4.299489 -8.891386
v 27.824530 0.971942 2.273522
v 28.904530 1.152162 1.193521
v 27.824530 -0.971942 -2.273521
v 28.904530 -1.152162 -1.193520
v 16.565218 -1.917374 -0.459288
v 15.365973 -2.272897 -1.354103
v 27.824530 -0.971942 2.273521
v 28.904530 -1.152162 1.193521
v 22.313282 -5.407702 -10.063923
v 20.530983 -5.884898 -9.452060
v 20.967178 -6.976092 -8.459936
v 23.079956 -6.410413 -9.185254
v 27.193352 -2.810499 -2.273521
v 28.156317 -3.331632 -1.193521
v 17.015003 -4.943525 -8.245022
v 27.193352 -2.810499 2.273521
v 28.156317 -3.331631 1.193521
v 25.999392 -4.344500 -2.273521
v 26.740971 -5.150067 -1.193521
v 15.816799 -1.917372 -4.944314
v 14.973079 -2.272896 -3.708589
v 25.999392 -4.344500 2.273521
v 26.740971 -5.150067 1.193521
v 24.372038 -5.407703 -2.273521
v 24.811869 -6.410413 -1.193521
v 24.372038 -5.407702 2.273521
v 24.811869 -6.410413 1.193521
v 21.806726 -5.884898 -5.943858
v 22.073675 -6.976091 -4.893469
v 22.487637 -5.884898 -2.273521
v 22.578056 -6.976091 -1.193521
v 23.789703 -5.407703 -5.763253
v 25.328886 -4.344498 -6.291654
v 25.679607 -5.150067 -7.553928
v 23.855028 -6.410413 -6.927548
v 22.487637 -5.884898 2.273520
v 22.578054 -6.976091 1.193520
v 20.550392 -5.724373 -2.273521
v 20.281601 -6.785802 -1.193522
v 17.477787 -3.626967 -0.611569
v 18.888443 -4.943524 -0.846966
v 18.119976 -5.860166 -1.813665
v 16.447752 -4.299489 -1.534620
v 20.629387 -5.407703 -13.175489
v 21.913601 -4.344497 -14.175031
v 21.835461 -5.150067 -15.482790
v 20.313128 -6.410413 -14.297909
v 20.062950 -2.810503 -18.496630
v 17.340073 3.626965 -2.273520
v 22.466568 -6.976091 -2.538983
v 15.662329 -3.626966 -7.780647
v 14.787271 -1.917372 -7.480239
v 27.968748 -3.331632 -3.457135
v 20.281601 -6.785802 1.193520
v 24.277021 -6.410413 -5.261143
v 26.179811 -5.150066 -5.578662
v 16.414886 1.917371 -2.273521
v 14.820723 -5.724373 -14.416442
v 19.120750 -4.344498 -17.763287
v 25.270588 -4.344498 -6.521873
v 23.665428 -5.407702 -6.254020
v 20.550392 -5.724373 2.273520
v 16.054857 -4.299490 -3.889106
v 17.727083 -5.860166 -4.168151
v 15.379279 2.272897 -1.193521
v 15.379279 -2.272897 1.193520
v 15.000000 -0.000000 1.193520
v 16.799253 -5.860166 -7.029084
v 13.799724 -0.000000 -5.999344
v 27.196680 -2.810500 -2.233366
v 18.140024 -4.943524 -5.331992
v 16.729368 -3.626967 -5.096595
v 22.555145 -5.884898 -1.458831
v 16.094933 -0.000000 2.273520
v 16.414886 -1.917371 2.273520
v 18.770235 -4.943523 -2.273522
v 20.369310 -5.150068 -17.366501
v 15.271958 -6.785802 -13.399076
v 18.171364 -5.860166 -1.193522
v 16.476017 -4.299489 -1.193522
v 17.084183 -6.976092 -14.809586
v 18.846975 -6.410413 -16.181622
v 17.340073 -3.626965 -2.273522
v 24.413847 -5.407702 -1.768993
v 26.019003 -4.344500 -2.036846
v 14.158452 -2.272897 -6.122496
v 15.195766 -4.299489 -6.478606
v 15.000000 0.000000 -1.193521
v 15.379279 -2.272896 -1.193522
v 17.340073 -3.626965 2.273520
v 18.770235 -4.943523 2.273520
v 17.836538 -5.407702 -16.763746
v 16.349480 -5.884898 -15.606321
v 16.414886 -1.917371 -2.273521
v 16.094933 0.000000 -2.273521
v 18.171364 -5.860166 1.193520
v 16.476017 -4.299489 1.193520
v 26.572708 -5.150068 -3.224177
v 24.669914 -6.410414 -2.906657
v 16.094933 0.000000 -2.273521
v 15.000000 0.000000 -1.193521
v 16.414886 -1.917371 2.273520
v 15.379279 -2.272897 1.193520
v 16.414886 -1.917371 -2.273521
v 15.379279 -2.272896 -1.193522
v 17.340073 -3.626965 2.273520
v 16.476017 -4.299489 1.193520
v 17.340073 -3.626965 -2.273522
v 16.476017 -4.299489 -1.193522
v 18.770235 -4.943523 2.273520
v 18.171364 -5.860166 1.193520
v 18.770235 -4.943523 -2.273522
v 18.171364 -5.860166 -1.193522
v 20.550392 -5.724373 2.273520
v 20.281601 -6.785802 1.193520
v 20.550392 -5.724373 -2.273521
v 20.281601 -6.785802 -1.193522
v 22.487637 -5.884898 2.273520
v 22.578054 -6.976091 1.193520
v 22.487637 -5.884898 -2.273521
v 22.578056 -6.976091 -1.193521
v 24.372038 -5.407702 2.273521
v 24.811869 -6.410413 1.193521
v 24.372038 -5.407703 -2.273521
v 24.811869 -6.410413 -1.193521
v 25.999392 -4.344500 2.273521
v 26.740971 -5.150067 1.193521
v 25.999392 -4.344500 -2.273521
v 26.740971 -5.150067 -1.193521
v 27.193352 -2.810499 2.273521
v 28.156317 -3.331631 1.193521
v 27.193352 -2.810499 -2.273521
v 28.156317 -3.331632 -1.193521
v 27.824530 -0.971942 2.273521
v 28.904530 -1.152162 1.193521
v 27.824530 -0.971942 -2.273521
v 28.904530 -1.152162 -1.193520
v 27.824530 0.971942 2.273522
v 28.904530 1.152162 1.193521
v 27.824530 0.971942 -2.273520
v 28.904530 1.152162 -1.193520
v 27.193352 2.810499 2.273522
v 28.156317 3.331632 1.193522
v 27.193352 2.810499 -2.273520
v 28.156317 3.331631 -1.193520
v 25.999392 4.344500 2.273521
v 26.740971 5.150067 1.193522
v 25.999392 4.344500 -2.273521
v 26.740971 5.150067 -1.193520
v 24.372040 5.407702 2.273522
v 24.811869 6.410413 1.193522
v 24.372038 5.407703 -2.273520
v 24.811869 6.410413 -1.193520
v 22.487637 5.884898 2.273521
v 22.578054 6.976091 1.193521
v 22.487637 5.884898 -2.273520
v 22.578056 6.976091 -1.193520
v 20.550392 5.724373 2.273521
v 20.281601 6.785802 1.193521
v 20.550392 5.724373 -2.273520
v 20.281601 6.785802 -1.193521
v 18.770235 4.943523 2.273520
v 18.171364 5.860166 1.193521
v 18.770235 4.943523 -2.273521
v 18.171364 5.860166 -1.193521
v 17.340073 3.626965 2.273521
v 16.476017 4.299489 1.193521
v 17.340073 3.626965 -2.273520
v 16.476017 4.299489 -1.193521
v 16.414886 1.917371 2.273520
v 15.379279 2.272896 1.193521
v 16.414886 1.917371 -2.273521
v 15.379279 2.272897 -1.193521
v 16.249630 -0.000000 -0.406626
v 14.991868 -0.000000 -1.291675
v 15.501211 0.000000 -4.891652
v 14.598974 0.000000 -3.646161
v 16.565218 -1.917374 -0.459288
v 15.365973 -2.272897 -1.354103
v 15.816799 -1.917372 -4.944314
v 14.973079 -2.272896 -3.708589
v 17.477787 -3.626967 -0.611569
v 16.447752 -4.299489 -1.534620
v 16.729368 -3.626967 -5.096595
v 16.054857 -4.299490 -3.889106
v 18.888443 -4.943524 -0.846966
v 18.119976 -5.860166 -1.813665
v 18.140024 -4.943524 -5.331992
v 17.727083 -5.860166 -4.168151
v 20.644320 -5.724373 -1.139970
v 20.201433 -6.785802 -2.160999
v 19.895901 -5.724373 -5.624996
v 19.808540 -6.785802 -4.515485
v 22.555145 -5.884898 -1.458831
v 22.466568 -6.976091 -2.538983
v 21.806726 -5.884898 -5.943858
v 22.073675 -6.976091 -4.893469
v 24.413847 -5.407702 -1.768993
v 24.669914 -6.410414 -2.906657
v 23.665428 -5.407702 -6.254020
v 24.277021 -6.410413 -5.261143
v 26.019003 -4.344500 -2.036846
v 26.572708 -5.150068 -3.224177
v 25.270588 -4.344498 -6.521873
v 26.179811 -5.150066 -5.578662
v 27.196680 -2.810500 -2.233366
v 27.968748 -3.331632 -3.457135
v 26.448261 -2.810499 -6.718392
v 27.575855 -3.331632 -5.811621
v 27.819250 -0.971939 -2.337254
v 28.706757 -1.152162 -3.580287
v 27.070831 -0.971939 -6.822281
v 28.313864 -1.152162 -5.934772
v 27.819250 0.971939 -2.337254
v 28.706757 1.152162 -3.580287
v 27.070831 0.971939 -6.822279
v 28.313862 1.152162 -5.934772
v 27.196680 2.810499 -2.233365
v 27.968748 3.331631 -3.457134
v 26.448261 2.810500 -6.718392
v 27.575853 3.331631 -5.811619
v 26.019003 4.344500 -2.036845
v 26.572706 5.150067 -3.224176
v 25.270588 4.344498 -6.521872
v 26.179813 5.150067 -5.578662
v 24.413847 5.407702 -1.768993
v 24.669916 6.410415 -2.906656
v 23.665428 5.407702 -6.254018
v 24.277021 6.410413 -5.261142
v 22.555145 5.884898 -1.458830
v 22.466568 6.976091 -2.538982
v 21.806726 5.884898 -5.943856
v 22.073675 6.976091 -4.893468
v 20.644320 5.724373 -1.139969
v 20.201433 6.785802 -2.160998
v 19.895905 5.724373 -5.624996
v 19.808540 6.785802 -4.515484
v 18.888443 4.943524 -0.846966
v 18.119976 5.860165 -1.813664
v 18.140026 4.943524 -5.331992
v 17.727083 5.860166 -4.168150
v 17.477785 3.626964 -0.611568
v 16.447752 4.299489 -1.534620
v 16.729366 3.626964 -5.096594
v 16.054859 4.299489 -3.889105
v 16.565218 1.917374 -0.459288
v 15.365973 2.272896 -1.354102
v 15.816799 1.917372 -4.944314
v 14.973079 2.272897 -3.708588
v 15.961078 -0.000001 -3.075680
v 14.574795 0.000000 -3.741639
v 14.484655 -0.000000 -7.376350
v 13.799724 -0.000000 -5.999344
v 16.263695 -1.917373 -3.179569
v 14.933523 -2.272897 -3.864791
v 14.787271 -1.917372 -7.480239
v 14.158452 -2.272897 -6.122496
v 17.138752 -3.626967 -3.479977
v 15.970837 -4.299489 -4.220901
v 15.662329 -3.626966 -7.780647
v 15.195766 -4.299489 -6.478606
v 18.491423 -4.943524 -3.944350
v 17.574324 -5.860167 -4.771380
v 17.015003 -4.943525 -8.245022
v 16.799253 -5.860166 -7.029084
v 20.175127 -5.724373 -4.522367
v 19.570225 -6.785803 -5.456573
v 18.698706 -5.724373 -8.823036
v 18.795153 -6.785802 -7.714278
v 22.007406 -5.884898 -5.151389
v 21.742250 -6.976091 -6.202230
v 20.530983 -5.884898 -9.452060
v 20.967178 -6.976092 -8.459936
v 23.789703 -5.407703 -5.763253
v 23.855028 -6.410413 -6.927548
v 22.313282 -5.407702 -10.063923
v 23.079956 -6.410413 -9.185254
v 25.328886 -4.344498 -6.291654
v 25.679607 -5.150067 -7.553928
v 23.852463 -4.344497 -10.592325
v 24.904535 -5.150066 -9.811633
v 26.458153 -2.810500 -6.679332
v 27.018265 -3.331632 -8.013489
v 24.981726 -2.810504 -10.980002
v 26.243193 -3.331632 -10.271194
v 27.055132 -0.971938 -6.884276
v 27.725939 -1.152162 -8.256433
v 25.578707 -0.971944 -11.184945
v 26.950865 -1.152162 -10.514139
v 27.055132 0.971943 -6.884275
v 27.725939 1.152162 -8.256433
v 25.578707 0.971945 -11.184945
v 26.950867 1.152163 -10.514140
v 26.458153 2.810499 -6.679332
v 27.018263 3.331631 -8.013488
v 24.981730 2.810500 -10.980002
v 26.243195 3.331633 -10.271195
v 25.328886 4.344497 -6.291654
v 25.679607 5.150067 -7.553927
v 23.852463 4.344498 -10.592324
v 24.904535 5.150067 -9.811632
v 23.789703 5.407703 -5.763252
v 23.855026 6.410412 -6.927547
v 22.313284 5.407702 -10.063924
v 23.079956 6.410414 -9.185253
v 22.007406 5.884898 -5.151389
v 21.742250 6.976092 -6.202229
v 20.530983 5.884898 -9.452059
v 20.967178 6.976091 -8.459934
v 20.175129 5.724373 -4.522365
v 19.570225 6.785802 -5.456573
v 18.698706 5.724373 -8.823033
v 18.795153 6.785801 -7.714277
v 18.491425 4.943525 -3.944350
v 17.574326 5.860166 -4.771379
v 17.015001 4.943525 -8.245020
v 16.799253 5.860166 -7.029083
v 17.138754 3.626967 -3.479977
v 15.970839 4.299489 -4.220901
v 15.662330 3.626967 -7.780647
v 15.195766 4.299489 -6.478605
v 16.263695 1.917372 -3.179569
v 14.933524 2.272896 -3.864790
v 14.787272 1.917373 -7.480240
v 14.158453 2.272897 -6.122495
v 15.237149 -0.000000 -5.660840
v 13.760161 -0.000000 -6.089539
v 13.072995 -0.000000 -9.659842
v 12.624055 0.000000 -8.188879
v 15.518540 -1.917374 -5.813118
v 14.093726 -2.272897 -6.270056
v 13.354386 -1.917374 -9.812120
v 12.957619 -2.272896 -8.369396
v 16.332216 -3.626966 -6.253460
v 15.058279 -4.299489 -6.792046
v 14.168062 -3.626967 -10.252464
v 13.922173 -4.299489 -8.891386
v 17.590008 -4.943524 -6.934141
v 16.549290 -5.860167 -7.598941
v 15.425853 -4.943523 -10.933144
v 15.413183 -5.860166 -9.698282
v 19.155607 -5.724373 -7.781404
v 18.405191 -6.785802 -8.603305
v 16.991457 -5.724373 -11.780408
v 17.269083 -6.785802 -10.702645
v 20.859364 -5.884898 -8.703430
v 20.424862 -6.976091 -9.696297
v 18.695208 -5.884898 -12.702435
v 19.288755 -6.976091 -11.795637
v 22.516644 -5.407702 -9.600307
v 22.389441 -6.410413 -10.759474
v 20.352493 -5.407702 -13.599309
v 21.253330 -6.410414 -12.858814
v 23.947863 -4.344497 -10.374843
v 24.086037 -5.150065 -11.677627
v 21.783709 -4.344497 -14.373847
v 22.949930 -5.150068 -13.776968
v 24.997915 -2.810503 -10.943104
v 25.330797 -3.331633 -12.351258
v 22.833761 -2.810503 -14.942107
v 24.194685 -3.331631 -14.450597
v 25.553020 -0.971941 -11.243512
v 25.988829 -1.152162 -12.707367
v 23.388866 -0.971941 -15.242516
v 24.852720 -1.152162 -14.806707
v 25.553020 0.971941 -11.243511
v 25.988829 1.152162 -12.707367
v 23.388866 0.971941 -15.242515
v 24.852718 1.152161 -14.806706
v 24.997917 2.810498 -10.943106
v 25.330793 3.331630 -12.351255
v 22.833763 2.810498 -14.942108
v 24.194689 3.331635 -14.450598
v 23.947863 4.344497 -10.374842
v 24.086037 5.150067 -11.677626
v 21.783709 4.344497 -14.373845
v 22.949928 5.150067 -13.776966
v 22.516645 5.407702 -9.600306
v 22.389441 6.410412 -10.759472
v 20.352489 5.407702 -13.599310
v 21.253332 6.410413 -12.858814
v 20.859364 5.884898 -8.703430
v 20.424862 6.976091 -9.696295
v 18.695210 5.884898 -12.702433
v 19.288754 6.976091 -11.795636
v 19.155607 5.724373 -7.781403
v 18.405191 6.785802 -8.603304
v 16.991453 5.724373 -11.780407
v 17.269083 6.785802 -10.702644
v 17.590008 4.943525 -6.934141
v 16.549292 5.860166 -7.598941
v 15.425853 4.943524 -10.933145
v 15.413185 5.860166 -9.698282
v 16.332216 3.626965 -6.253459
v 15.058279 4.299489 -6.792045
v 14.168063 3.626966 -10.252462
v 13.922172 4.299489 -8.891386
v 15.518539 1.917371 -5.813118
v 14.093726 2.272894 -6.270055
v 13.354386 1.917373 -9.812121
v 12.957621 2.272897 -8.369395
v 14.097589 -0.000000 -8.091586
v 12.570185 -0.000000 -8.271337
v 11.304737 0.000000 -11.679844
v 11.104033 -0.000000 -10.155046
v 14.350077 -1.917371 -8.288104
v 12.869488 -2.272895 -8.504295
v 11.557227 -1.917371 -11.876358
v 11.403337 -2.272897 -10.388008
v 15.080178 -3.626966 -8.856366
v 13.734969 -4.299490 -9.177924
v 12.287328 -3.626967 -12.444623
v 12.268816 -4.299488 -11.061635
v 16.208776 -4.943522 -9.734788
v 15.072834 -5.860166 -10.219228
v 13.415927 -4.943524 -13.323046
v 13.606683 -5.860166 -12.102939
v 17.613573 -5.724373 -10.828186
v 16.738110 -6.785803 -11.515363
v 14.820723 -5.724373 -14.416442
v 15.271958 -6.785802 -13.399076
v 19.142330 -5.884898 -12.018065
v 18.550335 -6.976091 -12.925874
v 16.349480 -5.884898 -15.606321
v 17.084183 -6.976092 -14.809586
v 20.629387 -5.407703 -13.175489
v 20.313128 -6.410413 -14.297909
v 17.836538 -5.407702 -16.763746
v 18.846975 -6.410413 -16.181622
v 21.913601 -4.344497 -14.175031
v 21.835461 -5.150067 -15.482790
v 19.120750 -4.344498 -17.763287
v 20.369310 -5.150068 -17.366501
v 22.855801 -2.810503 -14.908374
v 22.952366 -3.331632 -16.352112
v 20.062950 -2.810503 -18.496630
v 21.486214 -3.331632 -18.235823
v 23.353889 -0.971942 -15.296053
v 23.542810 -1.152161 -16.811672
v 20.561039 -0.971942 -18.884308
v 22.076662 -1.152162 -18.695387
v 23.353889 0.971942 -15.296053
v 23.542810 1.152162 -16.811672
v 20.561039 0.971942 -18.884308
v 22.076662 1.152164 -18.695387
v 22.855801 2.810502 -14.908372
v 22.952364 3.331631 -16.352110
v 20.062950 2.810503 -18.496630
v 21.486214 3.331632 -18.235823
v 21.913601 4.344497 -14.175031
v 21.835461 5.150067 -15.482788
v 19.120749 4.344501 -17.763283
v 20.369308 5.150068 -17.366499
v 20.629387 5.407703 -13.175488
v 20.313128 6.410413 -14.297909
v 17.836536 5.407702 -16.763744
v 18.846977 6.410413 -16.181620
v 19.142330 5.884898 -12.018064
v 18.550335 6.976091 -12.925873
v 16.349480 5.884898 -15.606320
v 17.084183 6.976091 -14.809584
v 17.613573 5.724373 -10.828184
v 16.738110 6.785802 -11.515362
v 14.820723 5.724373 -14.416438
v 15.271958 6.785802 -13.399074
v 16.208776 4.943522 -9.734788
v 15.072834 5.860166 -10.219227
v 13.415928 4.943524 -13.323047
v 13.606682 5.860165 -12.102938
v 15.080181 3.626969 -8.856367
v 13.734969 4.299489 -9.177924
v 12.287329 3.626967 -12.444621
v 12.268817 4.299489 -11.061635
v 14.350078 1.917373 -8.288106
v 12.869488 2.272897 -8.504293
v 11.557227 1.917373 -11.876359
v 11.403337 2.272896 -10.388005
v 12.573484 -0.000000 -10.301614
v 11.037325 0.000000 -10.227509
v 9.228117 0.000000 -13.381243
v 9.281121 0.000000 -11.844209
v 12.790184 -1.917372 -10.537009
v 11.294204 -2.272897 -10.506556
v 9.444817 -1.917372 -13.616637
v 9.538000 -2.272896 -12.123253
v 13.416795 -3.626966 -11.217693
v 12.037004 -4.299489 -11.313450
v 10.071426 -3.626966 -14.297320
v 10.280801 -4.299489 -12.930149
v 14.385418 -4.943524 -12.269897
v 13.185231 -5.860166 -12.560758
v 11.040052 -4.943525 -15.349525
v 11.429026 -5.860165 -14.177456
v 15.591085 -5.724373 -13.579602
v 14.614457 -6.785802 -14.113311
v 12.245717 -5.724373 -16.659231
v 12.858253 -6.785802 -15.730009
v 16.903143 -5.884898 -15.004880
v 16.169802 -6.976091 -15.802866
v 13.557778 -5.884898 -18.084505
v 14.413599 -6.976091 -17.419565
v 18.179417 -5.407702 -16.391279
v 17.682722 -6.410413 -17.446337
v 14.834047 -5.407702 -19.470907
v 15.926519 -6.410413 -19.063034
v 19.281593 -4.344499 -17.588562
v 18.989267 -5.150067 -18.865623
v 15.936228 -4.344498 -20.668188
v 17.233067 -5.150065 -20.482325
v 20.090239 -2.810500 -18.466988
v 19.947857 -3.331633 -19.906929
v 16.744869 -2.810501 -21.546616
v 18.191652 -3.331633 -21.523624
v 20.517723 -0.971943 -18.931358
v 20.454605 -1.152163 -20.457405
v 17.172358 -0.971946 -22.010984
v 18.698402 -1.152161 -22.074104
v 20.517725 0.971946 -18.931356
v 20.454605 1.152163 -20.457405
v 17.172358 0.971946 -22.010984
v 18.698402 1.152162 -22.074104
v 20.090237 2.810502 -18.466986
v 19.947857 3.331632 -19.906927
v 16.744869 2.810502 -21.546614
v 18.191652 3.331632 -21.523624
v 19.281593 4.344499 -17.588562
v 18.989269 5.150067 -18.865623
v 15.936226 4.344499 -20.668190
v 17.233067 5.150067 -20.482323
v 18.179413 5.407703 -16.391275
v 17.682722 6.410413 -17.446335
v 14.834047 5.407703 -19.470903
v 15.926518 6.410413 -19.063034
v 16.903145 5.884898 -15.004878
v 16.169802 6.976091 -15.802866
v 13.557778 5.884898 -18.084505
v 14.413599 6.976091 -17.419565
v 15.591084 5.724373 -13.579601
v 14.614456 6.785802 -14.113310
v 12.245717 5.724373 -16.659229
v 12.858253 6.785802 -15.730009
v 14.385419 4.943525 -12.269897
v 13.185232 5.860167 -12.560758
v 11.040051 4.943525 -15.349524
v 11.429026 5.860165 -14.177455
v 13.416795 3.626967 -11.217693
v 12.037004 4.299489 -11.313450
v 10.071426 3.626967 -14.297322
v 10.280803 4.299490 -12.930151
v 12.790184 1.917373 -10.537010
v 11.294204 2.272897 -10.506553
v 9.444817 1.917372 -13.616636
v 9.537999 2.272896 -12.123252
v 10.706408 -0.000000 -12.230640
v 9.203397 0.000000 -11.904703
v 6.899778 0.000000 -14.717638
v 7.205045 0.000000 -13.210293
v 10.881406 -1.917372 -12.498493
v 9.410843 -2.272894 -12.222223
v 7.074775 -1.917372 -14.985492
v 7.412491 -2.272898 -13.527812
v 11.387434 -3.626967 -13.273029
v 10.010701 -4.299489 -13.140374
v 7.580804 -3.626967 -15.760027
v 8.012350 -4.299489 -14.445964
v 12.169660 -4.943524 -14.470314
v 10.937968 -5.860166 -14.559662
v 8.363029 -4.943524 -16.957312
v 8.939617 -5.860166 -15.865252
v 13.143314 -5.724373 -15.960600
v 12.092159 -6.785802 -16.326283
v 9.336686 -5.724373 -18.447598
v 10.093809 -6.785802 -17.631872
v 14.202886 -5.884898 -17.582397
v 13.348202 -6.976091 -18.248796
v 10.396255 -5.884898 -20.069395
v 11.349852 -6.976091 -19.554384
v 15.233556 -5.407703 -19.159950
v 14.569982 -6.410413 -20.118868
v 11.426929 -5.407702 -21.646950
v 12.571630 -6.410413 -21.424458
v 16.123634 -4.344499 -20.522320
v 15.625102 -5.150067 -21.733849
v 12.317005 -4.344500 -23.009317
v 13.626752 -5.150068 -23.039440
v 16.776670 -2.810504 -21.521860
v 16.399221 -3.331634 -22.918730
v 12.970041 -2.810499 -24.008858
v 14.400872 -3.331631 -24.224319
v 17.121891 -0.971939 -22.050264
v 16.808458 -1.152162 -23.545109
v 13.315260 -0.971942 -24.537260
v 14.810106 -1.152163 -24.850697
v 17.121895 0.971940 -22.050262
v 16.808458 1.152162 -23.545109
v 13.315261 0.971943 -24.537260
v 14.810105 1.152163 -24.850695
v 16.776672 2.810500 -21.521862
v 16.399223 3.331631 -22.918728
v 12.970040 2.810504 -24.008858
v 14.400872 3.331631 -24.224318
v 16.123638 4.344497 -20.522322
v 15.625104 5.150066 -21.733849
v 12.317006 4.344499 -23.009317
v 13.626752 5.150067 -23.039438
v 15.233560 5.407702 -19.159952
v 14.569983 6.410413 -20.118868
v 11.426927 5.407703 -21.646948
v 12.571631 6.410414 -21.424458
v 14.202885 5.884898 -17.582396
v 13.348203 6.976091 -18.248795
v 10.396256 5.884898 -20.069393
v 11.349851 6.976091 -19.554384
v 13.143315 5.724373 -15.960598
v 12.092160 6.785802 -16.326283
v 9.336684 5.724373 -18.447596
v 10.093809 6.785802 -17.631870
v 12.169659 4.943524 -14.470313
v 10.937969 5.860165 -14.559661
v 8.363029 4.943523 -16.957310
v 8.939618 5.860166 -15.865249
v 11.387436 3.626966 -13.273027
v 10.010701 4.299489 -13.140375
v 7.580805 3.626966 -15.760026
v 8.012350 4.299488 -14.445963
v 10.881405 1.917370 -12.498493
v 9.410843 2.272896 -12.222222
v 7.074775 1.917372 -14.985492
v 7.412491 2.272897 -13.527812
v 8.547291 -0.000000 -13.826047
v 7.118425 -0.000000 -13.257169
v 4.383232 0.000000 -15.652574
v 4.932436 0.000000 -14.216032
v 8.675813 -1.917372 -14.119051
v 7.270779 -2.272897 -13.604501
v 4.511753 -1.917374 -15.945579
v 5.084790 -2.272897 -14.563365
v 9.047457 -3.626967 -14.966313
v 7.711334 -4.299489 -14.608865
v 4.883398 -3.626965 -16.792837
v 5.525345 -4.299489 -15.567729
v 9.621947 -4.943524 -16.276018
v 8.392345 -5.860163 -16.161415
v 5.457888 -4.943524 -18.102545
v 6.206359 -5.860167 -17.120285
v 10.337028 -5.724373 -17.906237
v 9.240021 -6.785802 -18.093918
v 6.172968 -5.724373 -19.732763
v 7.054031 -6.785802 -19.052780
v 11.115209 -5.884898 -19.680313
v 10.162496 -6.976091 -20.196947
v 6.951150 -5.884898 -21.506840
v 7.976507 -6.976091 -21.155811
v 11.872166 -5.407702 -21.405998
v 11.059809 -6.410412 -22.242617
v 7.708106 -5.407702 -23.232525
v 8.873821 -6.410412 -23.201481
v 12.525868 -4.344497 -22.896290
v 11.834721 -5.150067 -24.009237
v 8.361809 -4.344500 -24.722813
v 9.648730 -5.150069 -24.968098
v 13.005476 -2.810501 -23.989681
v 12.403259 -3.331632 -25.305372
v 8.841415 -2.810500 -25.816210
v 10.217270 -3.331632 -26.264235
v 13.259016 -0.971943 -24.567698
v 12.703812 -1.152167 -25.990561
v 9.094957 -0.971943 -26.394224
v 10.517824 -1.152162 -26.949429
v 13.259016 0.971943 -24.567698
v 12.703814 1.152168 -25.990564
v 9.094957 0.971944 -26.394224
v 10.517825 1.152157 -26.949430
v 13.005477 2.810501 -23.989681
v 12.403259 3.331628 -25.305374
v 8.841416 2.810501 -25.816210
v 10.217271 3.331634 -26.264236
v 12.525867 4.344497 -22.896290
v 11.834722 5.150070 -24.009235
v 8.361811 4.344497 -24.722816
v 9.648731 5.150070 -24.968098
v 11.872167 5.407702 -21.405998
v 11.059809 6.410413 -22.242615
v 7.708107 5.407702 -23.232525
v 8.873821 6.410412 -23.201481
v 11.115211 5.884898 -19.680313
v 10.162497 6.976092 -20.196949
v 6.951151 5.884898 -21.506840
v 7.976508 6.976091 -21.155811
v 10.337028 5.724373 -17.906237
v 9.240021 6.785802 -18.093916
v 6.172971 5.724373 -19.732765
v 7.054032 6.785802 -19.052782
v 9.621945 4.943524 -16.276018
v 8.392347 5.860165 -16.161417
v 5.457887 4.943524 -18.102545
v 6.206358 5.860165 -17.120279
v 9.047460 3.626967 -14.966312
v 7.711334 4.299490 -14.608866
v 4.883399 3.626966 -16.792839
v 5.525345 4.299489 -15.567729
v 8.675812 1.917374 -14.119053
v 7.270780 2.272896 -13.604500
v 4.511753 1.917372 -15.945578
v 5.084791 2.272897 -14.563366
v 6.155024 -0.000000 -15.044315
v 4.839281 -0.000000 -14.248012
v 1.747121 -0.000000 -16.160549
v 2.525282 0.000000 -14.833995
v 6.233568 -1.917372 -15.354478
v 4.932388 -2.272897 -14.615685
v 1.825663 -1.917371 -16.470711
v 2.618390 -2.272897 -15.201669
v 6.460687 -3.626967 -16.251354
v 5.201622 -4.299489 -15.678863
v 2.052784 -3.626967 -17.367588
v 2.887623 -4.299489 -16.264847
v 6.811772 -4.943525 -17.637754
v 5.617804 -5.860164 -17.322329
v 2.403868 -4.943524 -18.753988
v 3.303806 -5.860166 -17.908316
v 7.248774 -5.724373 -19.363438
v 6.135838 -6.785802 -19.367998
v 2.840871 -5.724373 -20.479671
v 3.821839 -6.785802 -19.953981
v 7.724339 -5.884898 -21.241404
v 6.699584 -6.976091 -21.594181
v 3.316436 -5.884898 -22.357637
v 4.385585 -6.976091 -22.180164
v 8.186934 -5.407703 -23.068140
v 7.247953 -6.410413 -23.759642
v 3.779030 -5.407702 -24.184378
v 4.933954 -6.410413 -24.345623
v 8.586425 -4.344499 -24.645700
v 7.721520 -5.150067 -25.629713
v 4.178523 -4.344497 -25.761936
v 5.407521 -5.150068 -26.215698
v 8.879526 -2.810503 -25.803123
v 8.068967 -3.331632 -27.001747
v 4.471621 -2.810500 -26.919357
v 5.754968 -3.331628 -27.587734
v 9.034470 -0.971942 -26.414989
v 8.252643 -1.152162 -27.727064
v 4.626567 -0.971940 -27.531223
v 5.938644 -1.152162 -28.313051
v 9.034471 0.971940 -26.414989
v 8.252643 1.152162 -27.727066
v 4.626567 0.971946 -27.531221
v 5.938643 1.152162 -28.313049
v 8.879525 2.810500 -25.803123
v 8.068967 3.331631 -27.001745
v 4.471622 2.810498 -26.919359
v 5.754969 3.331633 -27.587732
v 8.586426 4.344499 -24.645700
v 7.721520 5.150067 -25.629711
v 4.178522 4.344500 -25.761932
v 5.407523 5.150064 -26.215698
v 8.186934 5.407702 -23.068144
v 7.247953 6.410413 -23.759638
v 3.779030 5.407702 -24.184376
v 4.933954 6.410413 -24.345621
v 7.724340 5.884898 -21.241404
v 6.699585 6.976091 -21.594181
v 3.316437 5.884898 -22.357637
v 4.385586 6.976091 -22.180164
v 7.248775 5.724373 -19.363438
v 6.135839 6.785802 -19.367998
v 2.840872 5.724373 -20.479671
v 3.821839 6.785803 -19.953983
v 6.811771 4.943523 -17.637753
v 5.617806 5.860166 -17.322332
v 2.403867 4.943524 -18.753984
v 3.303806 5.860165 -17.908314
v 6.460689 3.626967 -16.251354
v 5.201622 4.299489 -15.678863
v 2.052786 3.626968 -17.367588
v 2.887623 4.299489 -16.264847
v 6.233567 1.917373 -15.354479
v 4.932389 2.272896 -14.615685
v 1.825663 1.917371 -16.470711
v 2.618390 2.272897 -15.201669
v 3.594865 0.000000 -15.852215
v 2.428135 -0.000000 -14.850206
v -0.936646 0.000000 -16.227707
v 0.049246 0.000000 -15.047327
v 3.621286 -1.917370 -16.171074
v 2.459455 -2.272897 -15.228191
v -0.910225 -1.917374 -16.546566
v 0.080566 -2.272896 -15.425311
v 3.697687 -3.626965 -17.093100
v 2.550023 -4.299489 -16.321182
v -0.833824 -3.626967 -17.468594
v 0.171134 -4.299489 -16.518303
v 3.815789 -4.943525 -18.518381
v 2.690023 -5.860166 -18.010738
v -0.715722 -4.943525 -18.893869
v 0.311135 -5.860165 -18.207857
v 3.962793 -5.724373 -20.292456
v 2.864285 -6.785801 -20.113770
v -0.568718 -5.724373 -20.667948
v 0.485397 -6.785802 -20.310888
v 4.122770 -5.884898 -22.223083
v 3.053925 -6.976092 -22.402380
v -0.408742 -5.884898 -22.598574
v 0.675036 -6.976091 -22.599499
v 4.278382 -5.407702 -24.101049
v 3.238392 -6.410413 -24.628563
v -0.253129 -5.407702 -24.476540
v 0.859503 -6.410413 -24.825682
v 4.412768 -4.344500 -25.722843
v 3.397696 -5.150067 -26.551077
v -0.118743 -4.344499 -26.098337
v 1.018807 -5.150067 -26.748198
v 4.511364 -2.810500 -26.912725
v 3.514575 -3.331632 -27.961588
v -0.020147 -2.810499 -27.288219
v 1.135685 -3.331630 -28.158707
v 4.563487 -0.971942 -27.541748
v 3.576362 -1.152162 -28.707245
v 0.031975 -0.971942 -27.917238
v 1.197473 -1.152162 -28.904366
v 4.563488 0.971941 -27.541748
v 3.576362 1.152162 -28.707245
v 0.031976 0.971941 -27.917238
v 1.197472 1.152162 -28.904362
v 4.511365 2.810499 -26.912725
v 3.514575 3.331631 -27.961588
v -0.020147 2.810501 -27.288216
v 1.135686 3.331633 -28.158709
v 4.412768 4.344500 -25.722843
v 3.397697 5.150067 -26.551077
v -0.118742 4.344499 -26.098337
v 1.018808 5.150067 -26.748198
v 4.278383 5.407702 -24.101049
v 3.238393 6.410413 -24.628563
v -0.253128 5.407702 -24.476540
v 0.859504 6.410414 -24.825682
v 4.122771 5.884898 -22.223083
v 3.053926 6.976091 -22.402380
v -0.408741 5.884898 -22.598574
v 0.675037 6.976091 -22.599499
v 3.962794 5.724373 -20.292456
v 2.864286 6.785802 -20.113770
v -0.568717 5.724373 -20.667948
v 0.485398 6.785802 -20.310888
v 3.815789 4.943523 -18.518379
v 2.690024 5.860166 -18.010736
v -0.715722 4.943523 -18.893867
v 0.311136 5.860167 -18.207859
v 3.697689 3.626966 -17.093100
v 2.550024 4.299489 -16.321182
v -0.833823 3.626967 -17.468594
v 0.171135 4.299489 -16.518303
v 3.621286 1.917374 -16.171074
v 2.459456 2.272895 -15.228190
v -0.910225 1.917375 -16.546566
v 0.080567 2.272897 -15.425310
v 0.936646 -0.000000 -16.227707
v -0.049246 -0.000000 -15.047327
v -3.594865 -0.000000 -15.852215
v -2.428135 0.000000 -14.850206
v 0.910225 -1.917375 -16.546566
v -0.080567 -2.272897 -15.425310
v -3.621286 -1.917374 -16.171074
v -2.459456 -2.272895 -15.228190
v 0.833823 -3.626967 -17.468594
v -0.171135 -4.299489 -16.518303
v -3.697689 -3.626966 -17.093100
v -2.550024 -4.299489 -16.321182
v 0.715722 -4.943523 -18.893867
v -0.311136 -5.860167 -18.207859
v -3.815789 -4.943523 -18.518379
v -2.690024 -5.860166 -18.010736
v 0.568717 -5.724373 -20.667948
v -0.485398 -6.785802 -20.310888
v -3.962794 -5.724373 -20.292456
v -2.864286 -6.785802 -20.113770
v 0.408741 -5.884898 -22.598574
v -0.675037 -6.976091 -22.599499
v -4.122771 -5.884898 -22.223083
v -3.053926 -6.976091 -22.402380
v 0.253128 -5.407702 -24.476540
v -0.859504 -6.410414 -24.825682
v -4.278383 -5.407702 -24.101049
v -3.238393 -6.410413 -24.628563
v 0.118742 -4.344499 -26.098337
v -1.018808 -5.150067 -26.748198
v -4.412768 -4.344500 -25.722843
v -3.397697 -5.150067 -26.551077
v 0.020147 -2.810501 -27.288216
v -1.135686 -3.331633 -28.158709
v -4.511365 -2.810499 -26.912725
v -3.514575 -3.331631 -27.961588
v -0.031976 -0.971941 -27.917238
v -1.197472 -1.152162 -28.904362
v -4.563488 -0.971941 -27.541748
v -3.576362 -1.152162 -28.707245
v -0.031975 0.971942 -27.917238
v -1.197473 1.152162 -28.904366
v -4.563487 0.971942 -27.541748
v -3.576362 1.152162 -28.707245
v 0.020147 2.810499 -27.288219
v -1.135685 3.331630 -28.158707
v -4.511364 2.810500 -26.912725
v -3.514575 3.331632 -27.961588
v 0.118743 4.344499 -26.098337
v -1.018807 5.150067 -26.748198
v -4.412768 4.344500 -25.722843
v -3.397696 5.150067 -26.551077
v 0.253129 5.407702 -24.476540
v -0.859503 6.410413 -24.825682
v -4.278382 5.407702 -24.101049
v -3.238392 6.410413 -24.628563
v 0.408742 5.884898 -22.598574
v -0.675036 6.976091 -22.599499
v -4.122770 5.884898 -22.223083
v -3.053925 6.976092 -22.402380
v 0.568718 5.724373 -20.667948
v -0.485397 6.785802 -20.310888
v -3.962793 5.724373 -20.292456
v -2.864285 6.785801 -20.113770
v 0.715722 4.943525 -18.893869
v -0.311135 5.860165 -18.207857
v -3.815789 4.943525 -18.518381
v -2.690023 5.860166 -18.010738
v 0.833824 3.626967 -17.468594
v -0.171134 4.299489 -16.518303
v -3.697687 3.626965 -17.093100
v -2.550023 4.299489 -16.321182
v 0.910225 1.917374 -16.546566
v -0.080566 2.272896 -15.425311
v -3.621286 1.917370 -16.171074
v -2.459455 2.272897 -15.228191
v -1.747121 0.000000 -16.160549
v -2.525282 -0.000000 -14.833995
v -6.155024 0.000000 -15.044315
v -4.839281 0.000000 -14.248012
v -1.825663 -1.917371 -16.470711
v -2.618390 -2.272897 -15.201669
v -6.233567 -1.917373 -15.354479
v -4.932389 -2.272896 -14.615685
v -2.052786 -3.626968 -17.367588
v -2.887623 -4.299489 -16.264847
v -6.460689 -3.626967 -16.251354
v -5.201622 -4.299489 -15.678863
v -2.403867 -4.943524 -18.753984
v -3.303806 -5.860165 -17.908314
v -6.811771 -4.943523 -17.637753
v -5.617806 -5.860166 -17.322332
v -2.840872 -5.724373 -20.479671
v -3.821839 -6.785803 -19.953983
v -7.248775 -5.724373 -19.363438
v -6.135839 -6.785802 -19.367998
v -3.316437 -5.884898 -22.357637
v -4.385586 -6.976091 -22.180164
v -7.724340 -5.884898 -21.241404
v -6.699585 -6.976091 -21.594181
v -3.779030 -5.407702 -24.184376
v -4.933954 -6.410413 -24.345621
v -8.186934 -5.407702 -23.068144
v -7.247953 -6.410413 -23.759638
v -4.178522 -4.344500 -25.761932
v -5.407523 -5.150064 -26.215698
v -8.586426 -4.344499 -24.645700
v -7.721520 -5.150067 -25.629711
v -4.471622 -2.810498 -26.919359
v -5.754969 -3.331633 -27.587732
v -8.879525 -2.810500 -25.803123
v -8.068967 -3.331631 -27.001745
v -4.626567 -0.971946 -27.531221
v -5.938643 -1.152162 -28.313049
v -9.034471 -0.971940 -26.414989
v -8.252643 -1.152162 -27.727066
v -4.626567 0.971940 -27.531223
v -5.938644 1.152162 -28.313051
v -9.034470 0.971942 -26.414989
v -8.252643 1.152162 -27.727064
v -4.471621 2.810500 -26.919357
v -5.754968 3.331628 -27.587734
v -8.879526 2.810503 -25.803123
v -8.068967 3.331632 -27.001747
v -4.178523 4.344497 -25.761936
v -5.407521 5.150068 -26.215698
v -8.586425 4.344499 -24.645700
v -7.721520 5.150067 -25.629713
v -3.779030 5.407702 -24.184378
v -4.933954 6.410413 -24.345623
v -8.186934 5.407703 -23.068140
v -7.247953 6.410413 -23.759642
v -3.316436 5.884898 -22.357637
v -4.385585 6.976091 -22.180164
v -7.724339 5.884898 -21.241404
v -6.699584 6.976091 -21.594181
v -2.840871 5.724373 -20.479671
v -3.821839 6.785802 -19.953981
v -7.248774 5.724373 -19.363438
v -6.135838 6.785802 -19.367998
v -2.403868 4.943524 -18.753988
v -3.303806 5.860166 -17.908316
v -6.811772 4.943525 -17.637754
v -5.617804 5.860164 -17.322329
v -2.052784 3.626967 -17.367588
v -2.887623 4.299489 -16.264847
v -6.460687 3.626967 -16.251354
v -5.201622 4.299489 -15.678863
v -1.825663 1.917371 -16.470711
v -2.618390 2.272897 -15.201669
v -6.233568 1.917372 -15.354478
v -4.932388 2.272897 -14.615685
v -4.383232 -0.000000 -15.652572
v -4.932439 -0.000000 -14.216029
v -8.547292 0.000000 -13.826046
v -7.118427 -0.000000 -13.257167
v -4.511756 -1.917372 -15.945576
v -5.084793 -2.272896 -14.563364
v -8.675816 -1.917368 -14.119050
v -7.270783 -2.272896 -13.604501
v -4.883400 -3.626968 -16.792839
v -5.525348 -4.299491 -15.567728
v -9.047461 -3.626966 -14.966312
v -7.711337 -4.299489 -14.608864
v -5.457890 -4.943524 -18.102543
v -6.206360 -5.860166 -17.120281
v -9.621947 -4.943522 -16.276016
v -8.392349 -5.860165 -16.161417
v -6.172967 -5.724373 -19.732763
v -7.054033 -6.785803 -19.052782
v -10.337031 -5.724373 -17.906239
v -9.240022 -6.785802 -18.093918
v -6.951153 -5.884898 -21.506840
v -7.976507 -6.976091 -21.155813
v -11.115211 -5.884898 -19.680315
v -10.162497 -6.976091 -20.196949
v -7.708106 -5.407702 -23.232525
v -8.873819 -6.410413 -23.201479
v -11.872167 -5.407703 -21.405998
v -11.059808 -6.410415 -22.242617
v -8.361807 -4.344497 -24.722816
v -9.648731 -5.150066 -24.968100
v -12.525865 -4.344498 -22.896288
v -11.834720 -5.150066 -24.009235
v -8.841414 -2.810501 -25.816208
v -10.217268 -3.331631 -26.264236
v -13.005475 -2.810499 -23.989683
v -12.403257 -3.331633 -25.305374
v -9.094954 -0.971944 -26.394224
v -10.517821 -1.152162 -26.949429
v -13.259014 -0.971943 -24.567699
v -12.703811 -1.152162 -25.990566
v -9.094954 0.971943 -26.394224
v -10.517821 1.152163 -26.949429
v -13.259014 0.971944 -24.567699
v -12.703810 1.152162 -25.990564
v -8.841414 2.810501 -25.816208
v -10.217267 3.331631 -26.264236
v -13.005474 2.810504 -23.989681
v -12.403257 3.331633 -25.305374
v -8.361806 4.344497 -24.722816
v -9.648729 5.150066 -24.968100
v -12.525867 4.344498 -22.896288
v -11.834719 5.150067 -24.009235
v -7.708105 5.407702 -23.232525
v -8.873818 6.410413 -23.201479
v -11.872166 5.407702 -21.406000
v -11.059808 6.410413 -22.242615
v -6.951151 5.884898 -21.506840
v -7.976506 6.976091 -21.155813
v -11.115211 5.884898 -19.680315
v -10.162496 6.976091 -20.196949
v -6.172968 5.724373 -19.732763
v -7.054032 6.785802 -19.052782
v -10.337030 5.724373 -17.906239
v -9.240021 6.785801 -18.093918
v -5.457888 4.943523 -18.102541
v -6.206359 5.860167 -17.120281
v -9.621947 4.943524 -16.276016
v -8.392348 5.860166 -16.161417
v -4.883399 3.626969 -16.792839
v -5.525347 4.299489 -15.567728
v -9.047458 3.626966 -14.966312
v -7.711337 4.299490 -14.608866
v -4.511755 1.917372 -15.945576
v -5.084793 2.272897 -14.563363
v -8.675816 1.917372 -14.119051
v -7.270781 2.272897 -13.604500
v -6.899781 -0.000000 -14.717635
v -7.205048 -0.000000 -13.210290
v -10.706411 -0.000000 -12.230639
v -9.203400 0.000000 -11.904702
v -7.074777 -1.917372 -14.985489
v -7.412494 -2.272897 -13.527808
v -10.881409 -1.917371 -12.498493
v -9.410846 -2.272896 -12.222221
v -7.580808 -3.626968 -15.760025
v -8.012353 -4.299489 -14.445962
v -11.387439 -3.626967 -13.273029
v -10.010705 -4.299489 -13.140374
v -8.363031 -4.943525 -16.957308
v -8.939618 -5.860165 -15.865249
v -12.169662 -4.943524 -14.470312
v -10.937971 -5.860166 -14.559661
v -9.336686 -5.724373 -18.447598
v -10.093810 -6.785802 -17.631870
v -13.143316 -5.724373 -15.960602
v -12.092162 -6.785802 -16.326283
v -10.396255 -5.884898 -20.069393
v -11.349852 -6.976091 -19.554384
v -14.202888 -5.884898 -17.582397
v -13.348202 -6.976091 -18.248796
v -11.426927 -5.407702 -21.646952
v -12.571630 -6.410413 -21.424458
v -15.233560 -5.407702 -19.159954
v -14.569982 -6.410415 -20.118868
v -12.317003 -4.344500 -23.009317
v -13.626750 -5.150068 -23.039438
v -16.123634 -4.344497 -20.522324
v -15.625102 -5.150064 -21.733850
v -12.970037 -2.810504 -24.008858
v -14.400868 -3.331630 -24.224316
v -16.776667 -2.810504 -21.521862
v -16.399221 -3.331633 -22.918732
v -13.315259 -0.971946 -24.537260
v -14.810102 -1.152162 -24.850697
v -17.121891 -0.971940 -22.050264
v -16.808453 -1.152162 -23.545109
v -13.315258 0.971946 -24.537260
v -14.810102 1.152162 -24.850695
v -17.121889 0.971940 -22.050264
v -16.808451 1.152162 -23.545107
v -12.970037 2.810499 -24.008860
v -14.400869 3.331632 -24.224319
v -16.776667 2.810500 -21.521864
v -16.399220 3.331633 -22.918732
v -12.317004 4.344498 -23.009317
v -13.626748 5.150067 -23.039438
v -16.123634 4.344498 -20.522322
v -15.625099 5.150067 -21.733850
v -11.426927 5.407702 -21.646952
v -12.571629 6.410413 -21.424458
v -15.233556 5.407702 -19.159958
v -14.569981 6.410413 -20.118870
v -10.396254 5.884898 -20.069393
v -11.349850 6.976091 -19.554384
v -14.202887 5.884898 -17.582396
v -13.348202 6.976091 -18.248796
v -9.336684 5.724373 -18.447596
v -10.093809 6.785802 -17.631870
v -13.143314 5.724373 -15.960602
v -12.092161 6.785802 -16.326283
v -8.363031 4.943524 -16.957310
v -8.939619 5.860166 -15.865250
v -12.169662 4.943524 -14.470313
v -10.937969 5.860165 -14.559663
v -7.580806 3.626967 -15.760025
v -8.012352 4.299489 -14.445962
v -11.387438 3.626969 -13.273030
v -10.010704 4.299489 -13.140374
v -7.074777 1.917372 -14.985489
v -7.412494 2.272896 -13.527809
v -10.881409 1.917373 -12.498494
v -9.410846 2.272897 -12.222223
v -9.228119 -0.000000 -13.381240
v -9.281124 -0.000000 -11.844207
v -12.573488 0.000000 -10.301614
v -11.037329 0.000000 -10.227508
v -9.444818 -1.917374 -13.616635
v -9.538002 -2.272897 -12.123251
v -12.790186 -1.917372 -10.537010
v -11.294207 -2.272896 -10.506552
v -10.071429 -3.626967 -14.297318
v -10.280803 -4.299489 -12.930148
v -13.416799 -3.626966 -11.217690
v -12.037006 -4.299489 -11.313449
v -11.040051 -4.943524 -15.349523
v -11.429029 -5.860166 -14.177455
v -14.385420 -4.943524 -12.269897
v -13.185233 -5.860165 -12.560756
v -12.245717 -5.724373 -16.659227
v -12.858253 -6.785802 -15.730008
v -15.591086 -5.724373 -13.579601
v -14.614458 -6.785802 -14.113309
v -13.557775 -5.884898 -18.084503
v -14.413598 -6.976091 -17.419563
v -16.903147 -5.884898 -15.004879
v -16.169804 -6.976091 -15.802866
v -14.834046 -5.407702 -19.470905
v -15.926517 -6.410413 -19.063034
v -18.179417 -5.407702 -16.391279
v -17.682722 -6.410413 -17.446337
v -15.936225 -4.344496 -20.668190
v -17.233063 -5.150066 -20.482323
v -19.281591 -4.344499 -17.588562
v -18.989267 -5.150067 -18.865625
v -16.744867 -2.810500 -21.546616
v -18.191650 -3.331633 -21.523626
v -20.090239 -2.810501 -18.466986
v -19.947853 -3.331633 -19.906929
v -17.172354 -0.971943 -22.010984
v -18.698397 -1.152165 -22.074102
v -20.517723 -0.971942 -18.931362
v -20.454605 -1.152161 -20.457407
v -17.172352 0.971942 -22.010986
v -18.698400 1.152162 -22.074106
v -20.517723 0.971942 -18.931362
v -20.454607 1.152162 -20.457409
v -16.744869 2.810501 -21.546614
v -18.191648 3.331631 -21.523626
v -20.090239 2.810504 -18.466986
v -19.947851 3.331632 -19.906927
v -15.936224 4.344498 -20.668190
v -17.233063 5.150067 -20.482323
v -19.281593 4.344497 -17.588566
v -18.989267 5.150067 -18.865625
v -14.834045 5.407702 -19.470907
v -15.926517 6.410413 -19.063034
v -18.179417 5.407702 -16.391281
v -17.682722 6.410413 -17.446339
v -13.557777 5.884898 -18.084503
v -14.413598 6.976091 -17.419565
v -16.903145 5.884898 -15.004880
v -16.169802 6.976091 -15.802867
v -12.245716 5.724373 -16.659229
v -12.858253 6.785802 -15.730008
v -15.591085 5.724373 -13.579602
v -14.614457 6.785802 -14.113310
v -11.040050 4.943524 -15.349522
v -11.429028 5.860166 -14.177455
v -14.385419 4.943524 -12.269897
v -13.185232 5.860165 -12.560756
v -10.071429 3.626967 -14.297318
v -10.280802 4.299489 -12.930148
v -13.416799 3.626966 -11.217691
v -12.037006 4.299489 -11.313449
v -9.444817 1.917372 -13.616636
v -9.538003 2.272896 -12.123252
v -12.790186 1.917372 -10.537010
v -11.294207 2.272897 -10.506552
v -11.304740 -0.000000 -11.679838
v -11.104033 0.000000 -10.155045
v -14.097592 -0.000000 -8.091584
v -12.570186 0.000000 -8.271334
v -11.557226 -1.917371 -11.876357
v -11.403338 -2.272897 -10.388002
v -14.350079 -1.917371 -8.288104
v -12.869491 -2.272896 -8.504292
v -12.287330 -3.626966 -12.444617
v -12.268817 -4.299489 -11.061631
v -15.080183 -3.626966 -8.856363
v -13.734970 -4.299489 -9.177923
v -13.415927 -4.943524 -13.323044
v -13.606686 -5.860165 -12.102936
v -16.208780 -4.943525 -9.734792
v -15.072836 -5.860165 -10.219225
v -14.820723 -5.724373 -14.416439
v -15.271958 -6.785802 -13.399073
v -17.613575 -5.724373 -10.828185
v -16.738110 -6.785802 -11.515361
v -16.349480 -5.884898 -15.606319
v -17.084183 -6.976091 -14.809585
v -19.142332 -5.884898 -12.018064
v -18.550335 -6.976091 -12.925874
v -17.836536 -5.407703 -16.763742
v -18.846973 -6.410413 -16.181622
v -20.629389 -5.407702 -13.175490
v -20.313128 -6.410413 -14.297911
v -19.120747 -4.344498 -17.763288
v -20.369308 -5.150064 -17.366503
v -21.913601 -4.344498 -14.175033
v -21.835459 -5.150071 -15.482789
v -20.062948 -2.810502 -18.496630
v -21.486212 -3.331635 -18.235823
v -22.855801 -2.810502 -14.908377
v -22.952368 -3.331629 -16.352116
v -20.561035 -0.971943 -18.884308
v -22.076658 -1.152163 -18.695389
v -23.353889 -0.971937 -15.296056
v -23.542810 -1.152158 -16.811676
v -20.561035 0.971943 -18.884308
v -22.076656 1.152162 -18.695387
v -23.353888 0.971943 -15.296055
v -23.542809 1.152157 -16.811674
v -20.062948 2.810502 -18.496630
v -21.486214 3.331631 -18.235825
v -22.855803 2.810497 -14.908378
v -22.952368 3.331630 -16.352118
v -19.120747 4.344498 -17.763288
v -20.369308 5.150066 -17.366501
v -21.913601 4.344497 -14.175035
v -21.835457 5.150071 -15.482790
v -17.836538 5.407702 -16.763744
v -18.846973 6.410414 -16.181622
v -20.629389 5.407702 -13.175490
v -20.313128 6.410413 -14.297911
v -16.349480 5.884898 -15.606319
v -17.084181 6.976092 -14.809585
v -19.142332 5.884898 -12.018065
v -18.550335 6.976091 -12.925875
v -14.820721 5.724373 -14.416440
v -15.271958 6.785802 -13.399073
v -17.613573 5.724373 -10.828185
v -16.738111 6.785803 -11.515363
v -13.415929 4.943524 -13.323043
v -13.606684 5.860166 -12.102938
v -16.208778 4.943522 -9.734787
v -15.072836 5.860166 -10.219227
v -12.287329 3.626967 -12.444620
v -12.268818 4.299489 -11.061634
v -15.080182 3.626967 -8.856365
v -13.734970 4.299489 -9.177923
v -11.557228 1.917372 -11.876356
v -11.403337 2.272896 -10.388003
v -14.350080 1.917375 -8.288104
v -12.869493 2.272896 -8.504292
v -13.072995 0.000000 -9.659842
v -12.624055 -0.000000 -8.188879
v -15.237149 0.000000 -5.660840
v -13.760161 0.000000 -6.089539
v -13.354386 -1.917373 -9.812121
v -12.957621 -2.272897 -8.369395
v -15.518539 -1.917371 -5.813118
v -14.093726 -2.272894 -6.270055
v -14.168063 -3.626966 -10.252462
v -13.922172 -4.299489 -8.891386
v -16.332216 -3.626965 -6.253459
v -15.058279 -4.299489 -6.792045
v -15.425853 -4.943524 -10.933145
v -15.413185 -5.860166 -9.698282
v -17.590008 -4.943525 -6.934141
v -16.549292 -5.860166 -7.598941
v -16.991453 -5.724373 -11.780407
v -17.269083 -6.785802 -10.702644
v -19.155607 -5.724373 -7.781403
v -18.405191 -6.785802 -8.603304
v -18.695210 -5.884898 -12.702433
v -19.288754 -6.976091 -11.795636
v -20.859364 -5.884898 -8.703430
v -20.424862 -6.976091 -9.696295
v -20.352489 -5.407702 -13.599310
v -21.253332 -6.410413 -12.858814
v -22.516645 -5.407702 -9.600306
v -22.389441 -6.410412 -10.759472
v -21.783709 -4.344497 -14.373845
v -22.949928 -5.150067 -13.776966
v -23.947863 -4.344497 -10.374842
v -24.086037 -5.150067 -11.677626
v -22.833763 -2.810498 -14.942108
v -24.194689 -3.331635 -14.450598
v -24.997917 -2.810498 -10.943106
v -25.330793 -3.331630 -12.351255
v -23.388866 -0.971941 -15.242515
v -24.852718 -1.152161 -14.806706
v -25.553020 -0.971941 -11.243511
v -25.988829 -1.152162 -12.707367
v -23.388866 0.971941 -15.242516
v -24.852720 1.152162 -14.806707
v -25.553020 0.971941 -11.243512
v -25.988829 1.152162 -12.707367
v -22.833761 2.810503 -14.942107
v -24.194685 3.331631 -14.450597
v -24.997915 2.810503 -10.943104
v -25.330797 3.331633 -12.351258
v -21.783709 4.344497 -14.373847
v -22.949930 5.150068 -13.776968
v -23.947863 4.344497 -10.374843
v -24.086037 5.150065 -11.677627
v -20.352493 5.407702 -13.599309
v -21.253330 6.410414 -12.858814
v -22.516644 5.407702 -9.600307
v -22.389441 6.410413 -10.759474
v -18.695208 5.884898 -12.702435
v -19.288755 6.976091 -11.795637
v -20.859364 5.884898 -8.703430
v -20.424862 6.976091 -9.696297
v -16.991457 5.724373 -11.780408
v -17.269083 6.785802 -10.702645
v -19.155607 5.724373 -7.781404
v -18.405191 6.785802 -8.603305
v -15.425853 4.943523 -10.933144
v -15.413183 5.860166 -9.698282
v -17.590008 4.943524 -6.934141
v -16.549290 5.860167 -7.598941
v -14.168062 3.626967 -10.252464
v -13.922173 4.299489 -8.891386
v -16.332216 3.626966 -6.253460
v -15.058279 4.299489 -6.792046
v -13.354386 1.917374 -9.812120
v -12.957619 2.272896 -8.369396
v -15.518540 1.917374 -5.813118
v -14.093726 2.272897 -6.270056
v -14.484655 0.000000 -7.376350
v -13.799724 0.000000 -5.999344
v -15.961078 0.000001 -3.075680
v -14.574795 -0.000000 -3.741639
v -14.787272 -1.917373 -7.480240
v -14.158453 -2.272897 -6.122495
v -16.263695 -1.917372 -3.179569
v -14.933524 -2.272896 -3.864790
v -15.662330 -3.626967 -7.780647
v -15.195766 -4.299489 -6.478605
v -17.138754 -3.626967 -3.479977
v -15.970839 -4.299489 -4.220901
v -17.015001 -4.943525 -8.245020
v -16.799253 -5.860166 -7.029083
v -18.491425 -4.943525 -3.944350
v -17.574326 -5.860166 -4.771379
v -18.698706 -5.724373 -8.823033
v -18.795153 -6.785801 -7.714277
v -20.175129 -5.724373 -4.522365
v -19.570225 -6.785802 -5.456573
v -20.530983 -5.884898 -9.452059
v -20.967178 -6.976091 -8.459934
v -22.007406 -5.884898 -5.151389
v -21.742250 -6.976092 -6.202229
v -22.313284 -5.407702 -10.063924
v -23.079956 -6.410414 -9.185253
v -23.789703 -5.407703 -5.763252
v -23.855026 -6.410412 -6.927547
v -23.852463 -4.344498 -10.592324
v -24.904535 -5.150067 -9.811632
v -25.328886 -4.344497 -6.291654
v -25.679607 -5.150067 -7.553927
v -24.981730 -2.810500 -10.980002
v -26.243195 -3.331633 -10.271195
v -26.458153 -2.810499 -6.679332
v -27.018263 -3.331631 -8.013488
v -25.578707 -0.971945 -11.184945
v -26.950867 -1.152163 -10.514140
v -27.055132 -0.971943 -6.884275
v -27.725939 -1.152162 -8.256433
v -25.578707 0.971944 -11.184945
v -26.950865 1.152162 -10.514139
v -27.055132 0.971938 -6.884276
v -27.725939 1.152162 -8.256433
v -24.981726 2.810504 -10.980002
v -26.243193 3.331632 -10.271194
v -26.458153 2.810500 -6.679332
v -27.018265 3.331632 -8.013489
v -23.852463 4.344497 -10.592325
v -24.904535 5.150066 -9.811633
v -25.328886 4.344498 -6.291654
v -25.679607 5.150067 -7.553928
v -22.313282 5.407702 -10.063923
v -23.079956 6.410413 -9.185254
v -23.789703 5.407703 -5.763253
v -23.855028 6.410413 -6.927548
v -20.530983 5.884898 -9.452060
v -20.967178 6.976092 -8.459936
v -22.007406 5.884898 -5.151389
v -21.742250 6.976091 -6.202230
v -18.698706 5.724373 -8.823036
v -18.795153 6.785802 -7.714278
v -20.175127 5.724373 -4.522367
v -19.570225 6.785803 -5.456573
v -17.015003 4.943525 -8.245022
v -16.799253 5.860166 -7.029084
v -18.491423 4.943524 -3.944350
v -17.574324 5.860167 -4.771380
v -15.662329 3.626966 -7.780647
v -15.195766 4.299489 -6.478606
v -17.138752 3.626967 -3.479977
v -15.970837 4.299489 -4.220901
v -14.787271 1.917372 -7.480239
v -14.158452 2.272897 -6.122496
v -16.263695 1.917373 -3.179569
v -14.933523 2.272897 -3.864791
v -15.501211 -0.000000 -4.891652
v -14.598974 -0.000000 -3.646161
v -16.249630 0.000000 -0.406626
v -14.991868 0.000000 -1.291675
v -15.816799 -1.917372 -4.944314
v -14.973079 -2.272897 -3.708588
v -16.565218 -1.917374 -0.459288
v -15.365973 -2.272896 -1.354102
v -16.729366 -3.626964 -5.096594
v -16.054859 -4.299489 -3.889105
v -17.477785 -3.626964 -0.611568
v -16.447752 -4.299489 -1.534620
v -18.140026 -4.943524 -5.331992
v -17.727083 -5.860166 -4.168150
v -18.888443 -4.943524 -0.846966
v -18.119976 -5.860165 -1.813664
v -19.895905 -5.724373 -5.624996
v -19.808540 -6.785802 -4.515484
v -20.644320 -5.724373 -1.139969
v -20.201433 -6.785802 -2.160998
v -21.806726 -5.884898 -5.943856
v -22.073675 -6.976091 -4.893468
v -22.555145 -5.884898 -1.458830
v -22.466568 -6.976091 -2.538982
v -23.665428 -5.407702 -6.254018
v -24.277021 -6.410413 -5.261142
v -24.413847 -5.407702 -1.768993
v -24.669916 -6.410415 -2.906656
v -25.270588 -4.344498 -6.521872
v -26.179813 -5.150067 -5.578662
v -26.019003 -4.344500 -2.036845
v -26.572706 -5.150067 -3.224176
v -26.448261 -2.810500 -6.718392
v -27.575853 -3.331631 -5.811619
v -27.196680 -2.810499 -2.233365
v -27.968748 -3.331631 -3.457134
v -27.070831 -0.971939 -6.822279
v -28.313862 -1.152162 -5.934772
v -27.819250 -0.971939 -2.337254
v -28.706757 -1.152162 -3.580287
v -27.070831 0.971939 -6.822281
v -28.313864 1.152162 -5.934772
v -27.819250 0.971939 -2.337254
v -28.706757 1.152162 -3.580287
v -26.448261 2.810499 -6.718392
v -27.575855 3.331632 -5.811621
v -27.196680 2.810500 -2.233366
v -27.968748 3.331632 -3.457135
v -25.270588 4.344498 -6.521873
v -26.179811 5.150066 -5.578662
v -26.019003 4.344500 -2.036846
v -26.572708 5.150068 -3.224177
v -23.665428 5.407702 -6.254020
v -24.277021 6.410413 -5.261143
v -24.413847 5.407702 -1.768993
v -24.669914 6.410414 -2.906657
v -21.806726 5.884898 -5.943858
v -22.073675 6.976091 -4.893469
v -22.555145 5.884898 -1.458831
v -22.466568 6.976091 -2.538983
v -19.895901 5.724373 -5.624996
v -19.808540 6.785802 -4.515485
v -20.644320 5.724373 -1.139970
v -20.201433 6.785802 -2.160999
v -18.140024 4.943524 -5.331992
v -17.727083 5.860166 -4.168151
v -18.888443 4.943524 -0.846966
v -18.119976 5.860166 -1.813665
v -16.729368 3.626967 -5.096595
v -16.054857 4.299490 -3.889106
v -17.477787 3.626967 -0.611569
v -16.447752 4.299489 -1.534620
v -15.816799 1.917372 -4.944314
v -14.973079 2.272896 -3.708589
v -16.565218 1.917374 -0.459288
v -15.365973 2.272897 -1.354103
v -16.094933 -0.000000 -2.273521
v -15.000000 -0.000000 -1.193521
v -16.094933 0.000000 2.273520
v -15.000000 0.000000 1.193520
v -16.414886 -1.917371 -2.273521
v -15.379279 -2.272897 -1.193521
v -16.414886 -1.917371 2.273520
v -15.379279 -2.272896 1.193521
v -17.340073 -3.626965 -2.273520
v -16.476017 -4.299489 -1.193521
v -17.340073 -3.626965 2.273521
v -16.476017 -4.299489 1.193521
v -18.770235 -4.943523 -2.273521
v -18.171364 -5.860166 -1.193521
v -18.770235 -4.943523 2.273520
v -18.171364 -5.860166 1.193521
v -20.550392 -5.724373 -2.273520
v -20.281601 -6.785802 -1.193521
v -20.550392 -5.724373 2.273521
v -20.281601 -6.785802 1.193521
v -22.487637 -5.884898 -2.273520
v -22.578056 -6.976091 -1.193520
v -22.487637 -5.884898 2.273521
v -22.578054 -6.976091 1.193521
v -24.372038 -5.407703 -2.273520
v -24.811869 -6.410413 -1.193520
v -24.372040 -5.407702 2.273522
v -24.811869 -6.410413 1.193522
v -25.999392 -4.344500 -2.273521
v -26.740971 -5.150067 -1.193520
v -25.999392 -4.344500 2.273521
v -26.740971 -5.150067 1.193522
v -27.193352 -2.810499 -2.273520
v -28.156317 -3.331631 -1.193520
v -27.193352 -2.810499 2.273522
v -28.156317 -3.331632 1.193522
v -27.824530 -0.971942 -2.273520
v -28.904530 -1.152162 -1.193520
v -27.824530 -0.971942 2.273522
v -28.904530 -1.152162 1.193521
v -27.824530 0.971942 -2.273521
v -28.904530 1.152162 -1.193520
v -27.824530 0.971942 2.273521
v -28.904530 1.152162 1.193521
v -27.193352 2.810499 -2.273521
v -28.156317 3.331632 -1.193521
v -27.193352 2.810499 2.273521
v -28.156317 3.331631 1.193521
v -25.999392 4.344500 -2.273521
v -26.740971 5.150067 -1.193521
v -25.999392 4.344500 2.273521
v -26.740971 5.150067 1.193521
v -24.372038 5.407703 -2.273521
v -24.811869 6.410413 -1.193521
v -24.372038 5.407702 2.273521
v -24.811869 6.410413 1.193521
v -22.487637 5.884898 -2.273521
v -22.578056 6.976091 -1.193521
v -22.487637 5.884898 2.273520
v -22.578054 6.976091 1.193520
v -20.550392 5.724373 -2.273521
v -20.281601 6.785802 -1.193522
v -20.550392 5.724373 2.273520
v -20.281601 6.785802 1.193520
v -18.770235 4.943523 -2.273522
v -18.171364 5.860166 -1.193522
v -18.770235 4.943523 2.273520
v -18.171364 5.860166 1.193520
v -17.340073 3.626965 -2.273522
v -16.476017 4.299489 -1.193522
v -17.340073 3.626965 2.273520
v -16.476017 4.299489 1.193520
v -16.414886 1.917371 -2.273521
v -15.379279 2.272896 -1.193522
v -16.414886 1.917371 2.273520
v -15.379279 2.272897 1.193520
v -16.249630 -0.000000 0.406625
v -14.991868 -0.000000 1.291675
v -15.501211 0.000000 4.891651
v -14.598974 0.000000 3.646160
v -16.565220 -1.917375 0.459287
v -15.365974 -2.272897 1.354102
v -15.816799 -1.917372 4.944313
v -14.973080 -2.272896 3.708588
v -17.477789 -3.626970 0.611569
v -16.447752 -4.299489 1.534620
v -16.729368 -3.626967 5.096594
v -16.054857 -4.299490 3.889105
v -18.888445 -4.943524 0.846965
v -18.119976 -5.860165 1.813665
v -18.140024 -4.943524 5.331992
v -17.727083 -5.860166 4.168150
v -20.644323 -5.724373 1.139971
v -20.201435 -6.785802 2.160999
v -19.895901 -5.724373 5.624996
v -19.808540 -6.785802 4.515485
v -22.555145 -5.884898 1.458830
v -22.466568 -6.976091 2.538984
v -21.806725 -5.884898 5.943856
v -22.073673 -6.976090 4.893469
v -24.413847 -5.407702 1.768994
v -24.669914 -6.410412 2.906657
v -23.665428 -5.407702 6.254020
v -24.277020 -6.410412 5.261143
v -26.019003 -4.344501 2.036847
v -26.572706 -5.150067 3.224178
v -25.270584 -4.344500 6.521873
v -26.179813 -5.150067 5.578663
v -27.196680 -2.810500 2.233367
v -27.968750 -3.331633 3.457136
v -26.448257 -2.810501 6.718392
v -27.575853 -3.331632 5.811622
v -27.819250 -0.971939 2.337255
v -28.706758 -1.152163 3.580288
v -27.070829 -0.971939 6.822281
v -28.313860 -1.152162 5.934773
v -27.819250 0.971939 2.337255
v -28.706757 1.152162 3.580288
v -27.070829 0.971939 6.822280
v -28.313862 1.152162 5.934773
v -27.196680 2.810499 2.233366
v -27.968746 3.331631 3.457135
v -26.448259 2.810501 6.718391
v -27.575851 3.331631 5.811621
v -26.019003 4.344500 2.036846
v -26.572706 5.150067 3.224177
v -25.270584 4.344501 6.521873
v -26.179811 5.150066 5.578662
v -24.413847 5.407702 1.768993
v -24.669914 6.410413 2.906657
v -23.665428 5.407702 6.254019
v -24.277021 6.410413 5.261142
v -22.555145 5.884898 1.458830
v -22.466568 6.976092 2.538983
v -21.806725 5.884898 5.943855
v -22.073673 6.976091 4.893468
v -20.644321 5.724373 1.139970
v -20.201435 6.785802 2.160998
v -19.895901 5.724373 5.624995
v -19.808540 6.785803 4.515484
v -18.888445 4.943524 0.846965
v -18.119976 5.860165 1.813664
v -18.140026 4.943525 5.331992
v -17.727085 5.860167 4.168149
v -17.477789 3.626967 0.611568
v -16.447754 4.299489 1.534619
v -16.729370 3.626968 5.096594
v -16.054859 4.299489 3.889104
v -16.565220 1.917373 0.459287
v -15.365974 2.272897 1.354102
v -15.816799 1.917371 4.944313
v -14.973080 2.272896 3.708588
v -15.961074 -0.000000 3.075684
v -14.574793 -0.000000 3.741644
v -14.484654 0.000000 7.376355
v -13.799722 0.000000 5.999349
v -16.263693 -1.917372 3.179573
v -14.933520 -2.272897 3.864795
v -14.787271 -1.917372 7.480244
v -14.158452 -2.272896 6.122501
v -17.138750 -3.626967 3.479981
v -15.970836 -4.299489 4.220905
v -15.662331 -3.626967 7.780652
v -15.195765 -4.299489 6.478611
v -18.491419 -4.943523 3.944350
v -17.574322 -5.860166 4.771382
v -17.014999 -4.943523 8.245023
v -16.799253 -5.860166 7.029088
v -20.175125 -5.724373 4.522367
v -19.570223 -6.785802 5.456574
v -18.698706 -5.724373 8.823038
v -18.795155 -6.785802 7.714280
v -22.007404 -5.884898 5.151387
v -21.742250 -6.976091 6.202230
v -20.530985 -5.884898 9.452058
v -20.967178 -6.976091 8.459936
v -23.789705 -5.407702 5.763252
v -23.855026 -6.410414 6.927546
v -22.313286 -5.407702 10.063924
v -23.079962 -6.410412 9.185252
v -25.328886 -4.344497 6.291651
v -25.679607 -5.150067 7.553924
v -23.852467 -4.344498 10.592322
v -24.904539 -5.150067 9.811630
v -26.458153 -2.810500 6.679327
v -27.018265 -3.331632 8.013485
v -24.981730 -2.810504 10.979999
v -26.243196 -3.331632 10.271191
v -27.055132 -0.971938 6.884271
v -27.725939 -1.152162 8.256428
v -25.578711 -0.971938 11.184942
v -26.950869 -1.152162 10.514134
v -27.055132 0.971938 6.884271
v -27.725939 1.152162 8.256428
v -25.578711 0.971939 11.184942
v -26.950869 1.152162 10.514134
v -26.458153 2.810500 6.679327
v -27.018265 3.331632 8.013484
v -24.981733 2.810499 10.980000
v -26.243196 3.331631 10.271191
v -25.328886 4.344497 6.291650
v -25.679609 5.150068 7.553924
v -23.852467 4.344497 10.592322
v -24.904539 5.150067 9.811629
v -23.789705 5.407702 5.763251
v -23.855026 6.410414 6.927545
v -22.313286 5.407702 10.063923
v -23.079962 6.410412 9.185251
v -22.007404 5.884898 5.151386
v -21.742250 6.976091 6.202229
v -20.530985 5.884898 9.452058
v -20.967178 6.976091 8.459934
v -20.175125 5.724373 4.522367
v -19.570223 6.785802 5.456573
v -18.698706 5.724373 8.823038
v -18.795155 6.785802 7.714279
v -18.491421 4.943523 3.944351
v -17.574322 5.860165 4.771381
v -17.015001 4.943524 8.245023
v -16.799253 5.860166 7.029087
v -17.138750 3.626968 3.479980
v -15.970836 4.299489 4.220904
v -15.662331 3.626967 7.780652
v -15.195765 4.299489 6.478610
v -16.263689 1.917367 3.179572
v -14.933521 2.272896 3.864795
v -14.787271 1.917372 7.480244
v -14.158452 2.272897 6.122501
v -15.237146 -0.000000 5.660841
v -13.760158 0.000000 6.089543
v -13.072996 0.000000 9.659846
v -12.624053 0.000000 8.188885
v -15.518536 -1.917372 5.813122
v -14.093723 -2.272897 6.270060
v -13.354384 -1.917371 9.812128
v -12.957620 -2.272897 8.369401
v -16.332216 -3.626968 6.253462
v -15.058276 -4.299489 6.792049
v -14.168063 -3.626967 10.252466
v -13.922171 -4.299489 8.891391
v -17.590004 -4.943524 6.934144
v -16.549290 -5.860166 7.598944
v -15.425852 -4.943524 10.933149
v -15.413184 -5.860166 9.698285
v -19.155605 -5.724373 7.781404
v -18.405190 -6.785802 8.603306
v -16.991455 -5.724373 11.780408
v -17.269083 -6.785802 10.702647
v -20.859362 -5.884898 8.703428
v -20.424860 -6.976091 9.696296
v -18.695211 -5.884898 12.702435
v -19.288755 -6.976092 11.795637
v -22.516645 -5.407702 9.600306
v -22.389441 -6.410413 10.759472
v -20.352495 -5.407702 13.599311
v -21.253336 -6.410412 12.858812
v -23.947863 -4.344498 10.374838
v -24.086037 -5.150067 11.677623
v -21.783709 -4.344501 14.373842
v -22.949932 -5.150067 13.776964
v -24.997915 -2.810503 10.943098
v -25.330795 -3.331632 12.351252
v -22.833767 -2.810498 14.942106
v -24.194691 -3.331631 14.450593
v -25.553020 -0.971946 11.243507
v -25.988832 -1.152162 12.707362
v -23.388870 -0.971941 15.242512
v -24.852726 -1.152162 14.806704
v -25.553020 0.971946 11.243506
v -25.988831 1.152162 12.707361
v -23.388870 0.971941 15.242512
v -24.852726 1.152163 14.806704
v -24.997915 2.810503 10.943098
v -25.330797 3.331632 12.351253
v -22.833765 2.810503 14.942103
v -24.194693 3.331632 14.450594
v -23.947863 4.344497 10.374838
v -24.086037 5.150067 11.677623
v -21.783710 4.344497 14.373844
v -22.949932 5.150067 13.776963
v -22.516642 5.407702 9.600305
v -22.389442 6.410411 10.759471
v -20.352495 5.407702 13.599310
v -21.253336 6.410413 12.858812
v -20.859362 5.884898 8.703428
v -20.424860 6.976090 9.696295
v -18.695211 5.884898 12.702433
v -19.288755 6.976091 11.795636
v -19.155605 5.724373 7.781404
v -18.405190 6.785802 8.603305
v -16.991455 5.724373 11.780409
v -17.269085 6.785802 10.702646
v -17.590006 4.943524 6.934143
v -16.549290 5.860166 7.598944
v -15.425854 4.943524 10.933147
v -15.413185 5.860165 9.698284
v -16.332216 3.626969 6.253462
v -15.058278 4.299489 6.792049
v -14.168064 3.626967 10.252466
v -13.922172 4.299489 8.891390
v -15.518537 1.917374 5.813123
v -14.093724 2.272896 6.270060
v -13.354384 1.917371 9.812126
v -12.957619 2.272897 8.369401
v -14.097587 -0.000000 8.091588
v -12.570181 -0.000000 8.271337
v -11.304739 0.000000 11.679843
v -11.104030 0.000000 10.155048
v -14.350075 -1.917370 8.288104
v -12.869485 -2.272897 8.504294
v -11.557225 -1.917372 11.876363
v -11.403337 -2.272896 10.388008
v -15.080176 -3.626967 8.856370
v -13.734967 -4.299489 9.177925
v -12.287329 -3.626967 12.444624
v -12.268816 -4.299489 11.061638
v -16.208780 -4.943524 9.734789
v -15.072833 -5.860166 10.219230
v -13.415928 -4.943524 13.323046
v -13.606682 -5.860166 12.102941
v -17.613571 -5.724373 10.828185
v -16.738108 -6.785801 11.515362
v -14.820721 -5.724373 14.416443
v -15.271957 -6.785802 13.399075
v -19.142328 -5.884898 12.018066
v -18.550335 -6.976092 12.925873
v -16.349480 -5.884898 15.606321
v -17.084183 -6.976091 14.809586
v -20.629389 -5.407702 13.175486
v -20.313126 -6.410414 14.297908
v -17.836538 -5.407703 16.763742
v -18.846975 -6.410413 16.181622
v -21.913603 -4.344497 14.175030
v -21.835461 -5.150067 15.482788
v -19.120750 -4.344499 17.763287
v -20.369310 -5.150066 17.366501
v -22.855801 -2.810501 14.908374
v -22.952368 -3.331631 16.352110
v -20.062950 -2.810500 18.496632
v -21.486217 -3.331634 18.235823
v -23.353889 -0.971943 15.296049
v -23.542812 -1.152162 16.811670
v -20.561039 -0.971943 18.884304
v -22.076660 -1.152162 18.695383
v -23.353889 0.971943 15.296049
v -23.542812 1.152162 16.811670
v -20.561039 0.971943 18.884304
v -22.076660 1.152162 18.695383
v -22.855803 2.810496 14.908375
v -22.952370 3.331632 16.352112
v -20.062952 2.810499 18.496628
v -21.486216 3.331632 18.235821
v -21.913601 4.344499 14.175028
v -21.835459 5.150066 15.482786
v -19.120750 4.344499 17.763285
v -20.369310 5.150067 17.366499
v -20.629387 5.407703 13.175487
v -20.313128 6.410413 14.297908
v -17.836538 5.407702 16.763742
v -18.846975 6.410414 16.181620
v -19.142332 5.884898 12.018064
v -18.550335 6.976091 12.925873
v -16.349480 5.884898 15.606319
v -17.084183 6.976091 14.809585
v -17.613569 5.724373 10.828186
v -16.738110 6.785802 11.515362
v -14.820723 5.724373 14.416441
v -15.271958 6.785803 13.399075
v -16.208776 4.943524 9.734789
v -15.072834 5.860166 10.219228
v -13.415929 4.943524 13.323047
v -13.606684 5.860165 12.102940
v -15.080177 3.626967 8.856368
v -13.734966 4.299489 9.177925
v -12.287329 3.626967 12.444623
v -12.268816 4.299489 11.061637
v -14.350075 1.917370 8.288104
v -12.869487 2.272896 8.504296
v -11.557225 1.917371 11.876362
v -11.403336 2.272897 10.388007
v -12.573483 -0.000000 10.301616
v -11.037323 0.000000 10.227509
v -9.228116 -0.000000 13.381243
v -9.281120 0.000000 11.844211
v -12.790182 -1.917371 10.537010
v -11.294202 -2.272897 10.506556
v -9.444814 -1.917370 13.616639
v -9.537999 -2.272896 12.123256
v -13.416792 -3.626966 11.217693
v -12.037003 -4.299489 11.313451
v -10.071426 -3.626966 14.297322
v -10.280799 -4.299489 12.930151
v -14.385418 -4.943525 12.269897
v -13.185229 -5.860166 12.560758
v -11.040051 -4.943524 15.349526
v -11.429026 -5.860166 14.177458
v -15.591084 -5.724373 13.579602
v -14.614456 -6.785802 14.113310
v -12.245718 -5.724373 16.659231
v -12.858253 -6.785802 15.730011
v -16.903145 -5.884898 15.004877
v -16.169802 -6.976091 15.802866
v -13.557776 -5.884898 18.084505
v -14.413598 -6.976091 17.419565
v -18.179417 -5.407702 16.391277
v -17.682724 -6.410412 17.446335
v -14.834047 -5.407702 19.470907
v -15.926519 -6.410414 19.063034
v -19.281593 -4.344499 17.588562
v -18.989269 -5.150067 18.865622
v -15.936230 -4.344498 20.668188
v -17.233067 -5.150065 20.482325
v -20.090240 -2.810503 18.466984
v -19.947857 -3.331632 19.906925
v -16.744873 -2.810501 21.546612
v -18.191654 -3.331632 21.523624
v -20.517725 -0.971944 18.931356
v -20.454609 -1.152162 20.457401
v -17.172359 -0.971942 22.010986
v -18.698404 -1.152162 22.074100
v -20.517725 0.971943 18.931356
v -20.454607 1.152162 20.457399
v -17.172359 0.971942 22.010986
v -18.698406 1.152163 22.074102
v -20.090240 2.810503 18.466982
v -19.947857 3.331632 19.906925
v -16.744875 2.810500 21.546612
v -18.191654 3.331631 21.523624
v -19.281593 4.344499 17.588562
v -18.989271 5.150068 18.865623
v -15.936226 4.344499 20.668188
v -17.233067 5.150067 20.482321
v -18.179415 5.407703 16.391273
v -17.682724 6.410413 17.446335
v -14.834049 5.407702 19.470905
v -15.926519 6.410413 19.063034
v -16.903143 5.884898 15.004879
v -16.169802 6.976092 15.802865
v -13.557779 5.884898 18.084505
v -14.413599 6.976091 17.419565
v -15.591085 5.724373 13.579599
v -14.614456 6.785802 14.113310
v -12.245717 5.724373 16.659229
v -12.858253 6.785802 15.730009
v -14.385416 4.943524 12.269897
v -13.185230 5.860166 12.560757
v -11.040051 4.943525 15.349527
v -11.429027 5.860165 14.177457
v -13.416794 3.626966 11.217693
v -12.037004 4.299489 11.313451
v -10.071428 3.626966 14.297320
v -10.280799 4.299487 12.930151
v -12.790183 1.917372 10.537011
v -11.294203 2.272897 10.506556
v -9.444815 1.917373 13.616641
v -9.538000 2.272897 12.123256
v -10.706409 -0.000000 12.230640
v -9.203398 0.000000 11.904703
v -6.899778 0.000000 14.717636
v -7.205046 0.000000 13.210291
v -10.881407 -1.917372 12.498493
v -9.410843 -2.272897 12.222222
v -7.074775 -1.917372 14.985491
v -7.412492 -2.272897 13.527811
v -11.387436 -3.626967 13.273030
v -10.010702 -4.299489 13.140374
v -7.580806 -3.626966 15.760026
v -8.012351 -4.299489 14.445964
v -12.169662 -4.943524 14.470312
v -10.937968 -5.860166 14.559662
v -8.363029 -4.943523 16.957310
v -8.939618 -5.860166 15.865251
v -13.143313 -5.724373 15.960602
v -12.092160 -6.785802 16.326283
v -9.336684 -5.724373 18.447596
v -10.093808 -6.785802 17.631870
v -14.202886 -5.884898 17.582397
v -13.348202 -6.976091 18.248796
v -10.396255 -5.884898 20.069393
v -11.349851 -6.976090 19.554384
v -15.233558 -5.407702 19.159954
v -14.569982 -6.410413 20.118870
v -11.426926 -5.407703 21.646950
v -12.571630 -6.410413 21.424458
v -16.123638 -4.344497 20.522324
v -15.625102 -5.150066 21.733850
v -12.317006 -4.344498 23.009317
v -13.626751 -5.150068 23.039440
v -16.776669 -2.810502 21.521862
v -16.399221 -3.331633 22.918730
v -12.970040 -2.810499 24.008858
v -14.400870 -3.331631 24.224318
v -17.121891 -0.971939 22.050264
v -16.808456 -1.152162 23.545107
v -13.315259 -0.971942 24.537260
v -14.810103 -1.152163 24.850693
v -17.121893 0.971939 22.050264
v -16.808456 1.152162 23.545107
v -13.315260 0.971943 24.537260
v -14.810102 1.152161 24.850691
v -16.776670 2.810504 21.521860
v -16.399221 3.331632 22.918728
v -12.970039 2.810504 24.008858
v -14.400872 3.331633 24.224319
v -16.123638 4.344498 20.522320
v -15.625102 5.150067 21.733849
v -12.317007 4.344498 23.009317
v -13.626751 5.150067 23.039438
v -15.233557 5.407702 19.159956
v -14.569983 6.410413 20.118868
v -11.426927 5.407702 21.646954
v -12.571631 6.410413 21.424458
v -14.202888 5.884898 17.582396
v -13.348203 6.976091 18.248796
v -10.396256 5.884898 20.069393
v -11.349851 6.976091 19.554384
v -13.143313 5.724373 15.960600
v -12.092161 6.785802 16.326283
v -9.336684 5.724373 18.447596
v -10.093809 6.785801 17.631870
v -12.169661 4.943524 14.470312
v -10.937969 5.860165 14.559661
v -8.363030 4.943524 16.957310
v -8.939618 5.860166 15.865250
v -11.387436 3.626967 13.273029
v -10.010702 4.299489 13.140374
v -7.580806 3.626967 15.760026
v -8.012351 4.299489 14.445963
v -10.881406 1.917370 12.498493
v -9.410844 2.272896 12.222222
v -7.074776 1.917370 14.985490
v -7.412492 2.272897 13.527811
v -8.547290 -0.000000 13.826047
v -7.118426 -0.000000 13.257168
v -4.383231 0.000000 15.652573
v -4.932436 0.000000 14.216031
v -8.675814 -1.917372 14.119051
v -7.270780 -2.272897 13.604501
v -4.511755 -1.917372 15.945578
v -5.084791 -2.272897 14.563365
v -9.047456 -3.626966 14.966312
v -7.711334 -4.299489 14.608864
v -4.883399 -3.626966 16.792839
v -5.525345 -4.299489 15.567729
v -9.621949 -4.943525 16.276018
v -8.392345 -5.860163 16.161415
v -5.457886 -4.943522 18.102541
v -6.206358 -5.860166 17.120281
v -10.337028 -5.724373 17.906237
v -9.240021 -6.785802 18.093918
v -6.172969 -5.724373 19.732765
v -7.054032 -6.785802 19.052782
v -11.115208 -5.884898 19.680315
v -10.162496 -6.976091 20.196947
v -6.951150 -5.884898 21.506840
v -7.976507 -6.976091 21.155813
v -11.872167 -5.407703 21.405998
v -11.059808 -6.410413 22.242615
v -7.708106 -5.407702 23.232525
v -8.873819 -6.410412 23.201477
v -12.525868 -4.344495 22.896290
v -11.834722 -5.150064 24.009239
v -8.361807 -4.344500 24.722813
v -9.648729 -5.150070 24.968098
v -13.005474 -2.810501 23.989683
v -12.403257 -3.331636 25.305368
v -8.841415 -2.810501 25.816208
v -10.217268 -3.331636 26.264233
v -13.259016 -0.971944 24.567698
v -12.703812 -1.152169 25.990562
v -9.094955 -0.971943 26.394224
v -10.517823 -1.152156 26.949427
v -13.259016 0.971943 24.567698
v -12.703814 1.152168 25.990566
v -9.094956 0.971944 26.394224
v -10.517824 1.152156 26.949429
v -13.005476 2.810501 23.989681
v -12.403258 3.331627 25.305372
v -8.841415 2.810501 25.816210
v -10.217270 3.331632 26.264235
v -12.525867 4.344497 22.896290
v -11.834723 5.150067 24.009237
v -8.361809 4.344500 24.722813
v -9.648732 5.150065 24.968100
v -11.872168 5.407702 21.405998
v -11.059811 6.410411 22.242615
v -7.708107 5.407702 23.232525
v -8.873820 6.410413 23.201479
v -11.115211 5.884898 19.680313
v -10.162497 6.976091 20.196947
v -6.951151 5.884898 21.506840
v -7.976508 6.976091 21.155813
v -10.337029 5.724373 17.906237
v -9.240023 6.785802 18.093918
v -6.172970 5.724373 19.732765
v -7.054032 6.785802 19.052782
v -9.621948 4.943525 16.276018
v -8.392348 5.860165 16.161417
v -5.457887 4.943524 18.102545
v -6.206358 5.860164 17.120279
v -9.047458 3.626966 14.966312
v -7.711336 4.299489 14.608865
v -4.883399 3.626966 16.792839
v -5.525346 4.299489 15.567730
v -8.675816 1.917372 14.119051
v -7.270780 2.272897 13.604500
v -4.511754 1.917372 15.945577
v -5.084791 2.272897 14.563365
v -6.155025 -0.000000 15.044315
v -4.839282 -0.000000 14.248013
v -1.747120 0.000000 16.160547
v -2.525283 -0.000000 14.833994
v -6.233568 -1.917371 15.354477
v -4.932389 -2.272897 14.615684
v -1.825665 -1.917372 16.470711
v -2.618390 -2.272896 15.201670
v -6.460688 -3.626967 16.251354
v -5.201622 -4.299489 15.678862
v -2.052784 -3.626967 17.367586
v -2.887623 -4.299489 16.264847
v -6.811772 -4.943525 17.637754
v -5.617805 -5.860165 17.322330
v -2.403869 -4.943525 18.753986
v -3.303807 -5.860167 17.908318
v -7.248774 -5.724373 19.363438
v -6.135838 -6.785802 19.367996
v -2.840870 -5.724373 20.479671
v -3.821838 -6.785802 19.953979
v -7.724339 -5.884898 21.241404
v -6.699584 -6.976091 21.594181
v -3.316437 -5.884898 22.357637
v -4.385585 -6.976091 22.180164
v -8.186933 -5.407702 23.068146
v -7.247952 -6.410414 23.759638
v -3.779029 -5.407703 24.184376
v -4.933953 -6.410413 24.345623
v -8.586427 -4.344497 24.645702
v -7.721519 -5.150065 25.629715
v -4.178521 -4.344498 25.761934
v -5.407520 -5.150064 26.215696
v -8.879524 -2.810498 25.803127
v -8.068965 -3.331635 27.001745
v -4.471621 -2.810498 26.919359
v -5.754967 -3.331632 27.587732
v -9.034469 -0.971942 26.414989
v -8.252642 -1.152162 27.727064
v -4.626566 -0.971940 27.531223
v -5.938643 -1.152162 28.313051
v -9.034470 0.971942 26.414988
v -8.252642 1.152162 27.727066
v -4.626566 0.971946 27.531221
v -5.938643 1.152162 28.313049
v -8.879525 2.810498 25.803127
v -8.068967 3.331632 27.001749
v -4.471621 2.810498 26.919359
v -5.754967 3.331632 27.587732
v -8.586425 4.344500 24.645700
v -7.721520 5.150067 25.629711
v -4.178522 4.344500 25.761932
v -5.407521 5.150067 26.215696
v -8.186934 5.407702 23.068144
v -7.247954 6.410415 23.759640
v -3.779030 5.407702 24.184376
v -4.933954 6.410413 24.345623
v -7.724340 5.884898 21.241404
v -6.699585 6.976091 21.594179
v -3.316437 5.884898 22.357635
v -4.385586 6.976091 22.180164
v -7.248775 5.724373 19.363438
v -6.135839 6.785802 19.367996
v -2.840871 5.724373 20.479670
v -3.821840 6.785802 19.953979
v -6.811773 4.943525 17.637754
v -5.617806 5.860166 17.322330
v -2.403869 4.943524 18.753986
v -3.303807 5.860168 17.908318
v -6.460689 3.626967 16.251354
v -5.201623 4.299489 15.678863
v -2.052785 3.626967 17.367586
v -2.887624 4.299489 16.264847
v -6.233568 1.917373 15.354479
v -4.932390 2.272897 14.615684
v -1.825665 1.917372 16.470711
v -2.618391 2.272897 15.201669
v -3.594865 -0.000000 15.852215
v -2.428136 -0.000000 14.850206
v 0.936646 -0.000000 16.227705
v -0.049247 0.000000 15.047326
v -3.621288 -1.917370 16.171074
v -2.459456 -2.272897 15.228191
v 0.910224 -1.917370 16.546566
v -0.080567 -2.272896 15.425310
v -3.697688 -3.626969 17.093103
v -2.550024 -4.299489 16.321182
v 0.833824 -3.626969 17.468594
v -0.171135 -4.299489 16.518301
v -3.815790 -4.943523 18.518379
v -2.690024 -5.860165 18.010738
v 0.715721 -4.943523 18.893869
v -0.311135 -5.860165 18.207857
v -3.962794 -5.724373 20.292456
v -2.864286 -6.785801 20.113770
v 0.568718 -5.724373 20.667948
v -0.485397 -6.785802 20.310888
v -4.122770 -5.884898 22.223083
v -3.053926 -6.976092 22.402380
v 0.408742 -5.884898 22.598574
v -0.675036 -6.976091 22.599499
v -4.278382 -5.407702 24.101049
v -3.238392 -6.410413 24.628563
v 0.253130 -5.407702 24.476540
v -0.859502 -6.410413 24.825682
v -4.412768 -4.344500 25.722843
v -3.397696 -5.150065 26.551075
v 0.118744 -4.344499 26.098337
v -1.018806 -5.150066 26.748196
v -4.511364 -2.810500 26.912725
v -3.514574 -3.331632 27.961588
v 0.020148 -2.810499 27.288218
v -1.135684 -3.331631 28.158707
v -4.563486 -0.971942 27.541748
v -3.576361 -1.152163 28.707247
v -0.031974 -0.971941 27.917240
v -1.197471 -1.152162 28.904366
v -4.563487 0.971941 27.541748
v -3.576360 1.152162 28.707243
v -0.031975 0.971941 27.917240
v -1.197471 1.152161 28.904364
v -4.511365 2.810500 26.912725
v -3.514574 3.331632 27.961588
v 0.020148 2.810500 27.288218
v -1.135685 3.331632 28.158709
v -4.412768 4.344500 25.722843
v -3.397697 5.150067 26.551079
v 0.118743 4.344499 26.098337
v -1.018807 5.150067 26.748198
v -4.278383 5.407702 24.101049
v -3.238393 6.410413 24.628563
v 0.253129 5.407702 24.476540
v -0.859503 6.410413 24.825682
v -4.122770 5.884898 22.223083
v -3.053926 6.976091 22.402380
v 0.408741 5.884898 22.598574
v -0.675037 6.976091 22.599499
v -3.962795 5.724373 20.292456
v -2.864287 6.785802 20.113770
v 0.568717 5.724373 20.667948
v -0.485398 6.785803 20.310888
v -3.815790 4.943523 18.518379
v -2.690025 5.860166 18.010738
v 0.715721 4.943523 18.893869
v -0.311136 5.860166 18.207857
v -3.697689 3.626965 17.093100
v -2.550025 4.299489 16.321182
v 0.833823 3.626969 17.468594
v -0.171135 4.299489 16.518301
v -3.621288 1.917369 16.171074
v -2.459457 2.272897 15.228189
v 0.910224 1.917370 16.546566
v -0.080568 2.272897 15.425310
v -0.936648 -0.000000 16.227707
v 0.049244 0.000000 15.047326
v 3.594863 0.000000 15.852215
v 2.428133 0.000000 14.850206
v -0.910227 -1.917370 16.546566
v 0.080565 -2.272897 15.425310
v 3.621284 -1.917374 16.171074
v 2.459454 -2.272896 15.228190
v -0.833825 -3.626965 17.468592
v 0.171133 -4.299489 16.518303
v 3.697687 -3.626967 17.093102
v 2.550022 -4.299489 16.321182
v -0.715723 -4.943523 18.893871
v 0.311134 -5.860166 18.207859
v 3.815788 -4.943523 18.518375
v 2.690023 -5.860166 18.010736
v -0.568717 -5.724373 20.667948
v 0.485397 -6.785803 20.310890
v 3.962794 -5.724373 20.292456
v 2.864286 -6.785802 20.113768
v -0.408741 -5.884898 22.598576
v 0.675037 -6.976091 22.599501
v 4.122771 -5.884898 22.223082
v 3.053926 -6.976091 22.402378
v -0.253127 -5.407702 24.476543
v 0.859505 -6.410413 24.825684
v 4.278384 -5.407702 24.101048
v 3.238394 -6.410413 24.628561
v -0.118742 -4.344501 26.098335
v 1.018809 -5.150067 26.748198
v 4.412770 -4.344499 25.722845
v 3.397698 -5.150067 26.551077
v -0.020145 -2.810500 27.288218
v 1.135688 -3.331632 28.158709
v 4.511366 -2.810501 26.912724
v 3.514577 -3.331632 27.961586
v 0.031978 -0.971941 27.917240
v 1.197475 -1.152162 28.904366
v 4.563489 -0.971941 27.541746
v 3.576363 -1.152162 28.707241
v 0.031977 0.971941 27.917240
v 1.197475 1.152162 28.904366
v 4.563488 0.971942 27.541746
v 3.576364 1.152163 28.707245
v -0.020145 2.810499 27.288218
v 1.135687 3.331631 28.158707
v 4.511365 2.810501 26.912724
v 3.514576 3.331631 27.961584
v -0.118742 4.344500 26.098335
v 1.018808 5.150066 26.748196
v 4.412770 4.344499 25.722845
v 3.397697 5.150067 26.551077
v -0.253128 5.407702 24.476543
v 0.859504 6.410413 24.825684
v 4.278383 5.407702 24.101048
v 3.238393 6.410413 24.628561
v -0.408742 5.884898 22.598576
v 0.675036 6.976090 22.599501
v 4.122769 5.884898 22.223082
v 3.053926 6.976091 22.402378
v -0.568718 5.724373 20.667948
v 0.485396 6.785802 20.310890
v 3.962793 5.724373 20.292456
v 2.864285 6.785802 20.113768
v -0.715723 4.943525 18.893873
v 0.311133 5.860166 18.207859
v 3.815788 4.943523 18.518375
v 2.690022 5.860165 18.010736
v -0.833826 3.626965 17.468592
v 0.171133 4.299489 16.518303
v 3.697686 3.626967 17.093102
v 2.550021 4.299489 16.321182
v -0.910227 1.917369 16.546566
v 0.080564 2.272896 15.425311
v 3.621284 1.917375 16.171074
v 2.459453 2.272897 15.228189
v 1.747123 -0.000000 16.160545
v 2.525286 0.000000 14.833993
v 6.155027 -0.000000 15.044316
v 4.839286 0.000000 14.248011
v 1.825668 -1.917372 16.470709
v 2.618394 -2.272897 15.201668
v 6.233572 -1.917374 15.354479
v 4.932393 -2.272897 14.615684
v 2.052786 -3.626966 17.367584
v 2.887626 -4.299489 16.264845
v 6.460691 -3.626967 16.251354
v 5.201625 -4.299488 15.678861
v 2.403871 -4.943525 18.753988
v 3.303809 -5.860166 17.908316
v 6.811772 -4.943522 17.637751
v 5.617808 -5.860165 17.322329
v 2.840872 -5.724373 20.479671
v 3.821841 -6.785802 19.953981
v 7.248778 -5.724373 19.363440
v 6.135840 -6.785802 19.367998
v 3.316437 -5.884898 22.357635
v 4.385585 -6.976091 22.180164
v 7.724340 -5.884898 21.241405
v 6.699585 -6.976091 21.594181
v 3.779028 -5.407702 24.184376
v 4.933953 -6.410412 24.345623
v 8.186934 -5.407702 23.068146
v 7.247952 -6.410413 23.759640
v 4.178519 -4.344499 25.761932
v 5.407518 -5.150065 26.215694
v 8.586422 -4.344499 24.645702
v 7.721518 -5.150066 25.629713
v 4.471618 -2.810498 26.919359
v 5.754964 -3.331633 27.587734
v 8.879524 -2.810503 25.803125
v 8.068962 -3.331631 27.001745
v 4.626563 -0.971946 27.531221
v 5.938638 -1.152162 28.313049
v 9.034467 -0.971940 26.414993
v 8.252639 -1.152162 27.727068
v 4.626562 0.971946 27.531221
v 5.938638 1.152162 28.313049
v 9.034467 0.971941 26.414993
v 8.252639 1.152163 27.727070
v 4.471618 2.810498 26.919359
v 5.754964 3.331631 27.587732
v 8.879521 2.810498 25.803129
v 8.068963 3.331632 27.001749
v 4.178518 4.344499 25.761932
v 5.407517 5.150067 26.215696
v 8.586425 4.344497 24.645704
v 7.721516 5.150067 25.629713
v 3.779027 5.407702 24.184376
v 4.933952 6.410413 24.345623
v 8.186932 5.407702 23.068148
v 7.247952 6.410413 23.759640
v 3.316436 5.884898 22.357635
v 4.385584 6.976090 22.180164
v 7.724340 5.884898 21.241405
v 6.699584 6.976091 21.594181
v 2.840871 5.724373 20.479671
v 3.821840 6.785802 19.953981
v 7.248776 5.724373 19.363440
v 6.135839 6.785802 19.367998
v 2.403871 4.943525 18.753988
v 3.303808 5.860166 17.908316
v 6.811774 4.943525 17.637756
v 5.617807 5.860166 17.322332
v 2.052785 3.626966 17.367584
v 2.887626 4.299489 16.264845
v 6.460689 3.626966 16.251354
v 5.201625 4.299489 15.678862
v 1.825668 1.917372 16.470709
v 2.618393 2.272896 15.201667
v 6.233572 1.917372 15.354479
v 4.932392 2.272897 14.615685
v 4.383233 -0.000001 15.652571
v 4.932439 -0.000000 14.216030
v 8.547295 0.000000 13.826046
v 7.118428 0.000000 13.257166
v 4.511758 -1.917373 15.945576
v 5.084794 -2.272896 14.563363
v 8.675817 -1.917368 14.119050
v 7.270784 -2.272896 13.604501
v 4.883398 -3.626965 16.792835
v 5.525348 -4.299490 15.567725
v 9.047461 -3.626966 14.966312
v 7.711338 -4.299489 14.608864
v 5.457889 -4.943524 18.102541
v 6.206360 -5.860166 17.120279
v 9.621949 -4.943524 16.276016
v 8.392350 -5.860166 16.161417
v 6.172969 -5.724373 19.732761
v 7.054033 -6.785802 19.052780
v 10.337030 -5.724373 17.906239
v 9.240023 -6.785802 18.093918
v 6.951149 -5.884898 21.506838
v 7.976507 -6.976091 21.155811
v 11.115211 -5.884898 19.680315
v 10.162497 -6.976091 20.196949
v 7.708107 -5.407702 23.232525
v 8.873818 -6.410413 23.201479
v 11.872167 -5.407702 21.406000
v 11.059808 -6.410415 22.242617
v 8.361806 -4.344497 24.722816
v 9.648730 -5.150067 24.968102
v 12.525867 -4.344497 22.896292
v 11.834720 -5.150067 24.009237
v 8.841412 -2.810506 25.816206
v 10.217268 -3.331633 26.264238
v 13.005472 -2.810501 23.989685
v 12.403257 -3.331632 25.305374
v 9.094954 -0.971944 26.394222
v 10.517818 -1.152162 26.949427
v 13.259015 -0.971942 24.567699
v 12.703809 -1.152163 25.990566
v 9.094953 0.971943 26.394224
v 10.517819 1.152162 26.949429
v 13.259014 0.971936 24.567701
v 12.703808 1.152162 25.990564
v 8.841413 2.810501 25.816208
v 10.217268 3.331632 26.264240
v 13.005471 2.810501 23.989685
v 12.403255 3.331631 25.305372
v 8.361806 4.344497 24.722816
v 9.648728 5.150066 24.968100
v 12.525867 4.344497 22.896290
v 11.834718 5.150067 24.009237
v 7.708105 5.407702 23.232525
v 8.873817 6.410413 23.201479
v 11.872164 5.407702 21.406000
v 11.059807 6.410413 22.242615
v 6.951151 5.884898 21.506840
v 7.976506 6.976091 21.155813
v 11.115211 5.884898 19.680315
v 10.162496 6.976091 20.196949
v 6.172966 5.724373 19.732761
v 7.054033 6.785802 19.052782
v 10.337029 5.724373 17.906239
v 9.240022 6.785801 18.093918
v 5.457889 4.943524 18.102543
v 6.206359 5.860166 17.120281
v 9.621948 4.943524 16.276016
v 8.392349 5.860166 16.161417
v 4.883400 3.626969 16.792839
v 5.525348 4.299489 15.567728
v 9.047461 3.626967 14.966313
v 7.711337 4.299489 14.608864
v 4.511756 1.917372 15.945576
v 5.084793 2.272897 14.563364
v 8.675816 1.917372 14.119052
v 7.270783 2.272897 13.604499
v 6.899781 -0.000000 14.717634
v 7.205049 -0.000000 13.210289
v 10.706411 0.000000 12.230639
v 9.203401 0.000000 11.904701
v 7.074777 -1.917372 14.985489
v 7.412495 -2.272897 13.527808
v 10.881410 -1.917370 12.498491
v 9.410847 -2.272897 12.222222
v 7.580808 -3.626968 15.760024
v 8.012353 -4.299489 14.445962
v 11.387438 -3.626967 13.273029
v 10.010706 -4.299489 13.140373
v 8.363030 -4.943523 16.957308
v 8.939620 -5.860165 15.865249
v 12.169663 -4.943525 14.470314
v 10.937972 -5.860166 14.559661
v 9.336684 -5.724373 18.447596
v 10.093810 -6.785802 17.631868
v 13.143317 -5.724373 15.960600
v 12.092161 -6.785802 16.326283
v 10.396257 -5.884898 20.069391
v 11.349850 -6.976091 19.554384
v 14.202888 -5.884898 17.582397
v 13.348202 -6.976091 18.248796
v 11.426925 -5.407702 21.646954
v 12.571630 -6.410413 21.424458
v 15.233556 -5.407703 19.159954
v 14.569981 -6.410413 20.118870
v 12.317004 -4.344498 23.009317
v 13.626749 -5.150067 23.039438
v 16.123634 -4.344499 20.522322
v 15.625099 -5.150066 21.733850
v 12.970037 -2.810504 24.008858
v 14.400868 -3.331632 24.224318
v 16.776667 -2.810503 21.521864
v 16.399220 -3.331632 22.918732
v 13.315258 -0.971946 24.537260
v 14.810102 -1.152162 24.850695
v 17.121891 -0.971940 22.050266
v 16.808451 -1.152162 23.545109
v 13.315256 0.971946 24.537260
v 14.810103 1.152162 24.850698
v 17.121889 0.971940 22.050266
v 16.808453 1.152162 23.545111
v 12.970037 2.810499 24.008860
v 14.400868 3.331632 24.224318
v 16.776667 2.810500 21.521866
v 16.399220 3.331633 22.918734
v 12.317004 4.344498 23.009317
v 13.626747 5.150066 23.039438
v 16.123636 4.344499 20.522322
v 15.625098 5.150066 21.733852
v 11.426925 5.407702 21.646954
v 12.571629 6.410413 21.424458
v 15.233555 5.407702 19.159956
v 14.569983 6.410413 20.118872
v 10.396255 5.884898 20.069391
v 11.349850 6.976091 19.554384
v 14.202887 5.884898 17.582396
v 13.348202 6.976091 18.248796
v 9.336685 5.724373 18.447598
v 10.093808 6.785802 17.631868
v 13.143314 5.724373 15.960600
v 12.092161 6.785802 16.326283
v 8.363029 4.943523 16.957306
v 8.939618 5.860165 15.865248
v 12.169662 4.943524 14.470313
v 10.937970 5.860165 14.559660
v 7.580806 3.626966 15.760023
v 8.012353 4.299489 14.445961
v 11.387437 3.626966 13.273028
v 10.010704 4.299488 13.140373
v 7.074777 1.917372 14.985488
v 7.412494 2.272896 13.527808
v 10.881410 1.917373 12.498493
v 9.410847 2.272897 12.222221
v 9.228120 0.000000 13.381239
v 9.281122 -0.000000 11.844209
v 12.573486 0.000000 10.301613
v 11.037326 0.000000 10.227509
v 9.444816 -1.917374 13.616639
v 9.538002 -2.272896 12.123252
v 12.790185 -1.917372 10.537010
v 11.294205 -2.272896 10.506554
v 10.071429 -3.626967 14.297319
v 10.280802 -4.299489 12.930149
v 13.416797 -3.626966 11.217691
v 12.037005 -4.299489 11.313450
v 11.040050 -4.943524 15.349524
v 11.429028 -5.860165 14.177455
v 14.385419 -4.943524 12.269897
v 13.185231 -5.860166 12.560757
v 12.245717 -5.724373 16.659229
v 12.858253 -6.785802 15.730009
v 15.591084 -5.724373 13.579601
v 14.614458 -6.785802 14.113310
v 13.557778 -5.884898 18.084505
v 14.413599 -6.976091 17.419565
v 16.903145 -5.884898 15.004878
v 16.169802 -6.976091 15.802865
v 14.834046 -5.407702 19.470907
v 15.926519 -6.410413 19.063034
v 18.179419 -5.407702 16.391277
v 17.682722 -6.410414 17.446337
v 15.936227 -4.344497 20.668188
v 17.233065 -5.150066 20.482323
v 19.281591 -4.344499 17.588564
v 18.989269 -5.150063 18.865623
v 16.744869 -2.810499 21.546614
v 18.191650 -3.331632 21.523624
v 20.090240 -2.810501 18.466986
v 19.947855 -3.331632 19.906927
v 17.172356 -0.971941 22.010986
v 18.698402 -1.152162 22.074104
v 20.517723 -0.971942 18.931358
v 20.454605 -1.152162 20.457405
v 17.172356 0.971941 22.010986
v 18.698402 1.152162 22.074104
v 20.517723 0.971942 18.931360
v 20.454605 1.152162 20.457405
v 16.744869 2.810502 21.546612
v 18.191650 3.331632 21.523624
v 20.090239 2.810504 18.466984
v 19.947853 3.331633 19.906927
v 15.936226 4.344498 20.668190
v 17.233065 5.150067 20.482323
v 19.281591 4.344499 17.588564
v 18.989267 5.150066 18.865623
v 14.834046 5.407702 19.470907
v 15.926517 6.410413 19.063034
v 18.179415 5.407702 16.391279
v 17.682722 6.410412 17.446337
v 13.557779 5.884898 18.084505
v 14.413597 6.976092 17.419565
v 16.903145 5.884898 15.004878
v 16.169802 6.976091 15.802867
v 12.245716 5.724373 16.659231
v 12.858253 6.785802 15.730009
v 15.591085 5.724373 13.579602
v 14.614456 6.785802 14.113311
v 11.040051 4.943525 15.349525
v 11.429028 5.860166 14.177456
v 14.385420 4.943525 12.269897
v 13.185230 5.860166 12.560757
v 10.071428 3.626967 14.297321
v 10.280803 4.299489 12.930150
v 13.416795 3.626966 11.217692
v 12.037005 4.299491 11.313450
v 9.444816 1.917371 13.616638
v 9.538001 2.272896 12.123252
v 12.790184 1.917373 10.537011
v 11.294205 2.272897 10.506554
v 11.304741 0.000000 11.679841
v 11.104034 -0.000002 10.155047
v 14.097591 0.000000 8.091585
v 12.570185 0.000000 8.271336
v 11.557227 -1.917373 11.876360
v 11.403338 -2.272895 10.388005
v 14.350078 -1.917371 8.288104
v 12.869490 -2.272897 8.504293
v 12.287330 -3.626967 12.444621
v 12.268818 -4.299489 11.061634
v 15.080181 -3.626968 8.856367
v 13.734969 -4.299489 9.177923
v 13.415928 -4.943524 13.323045
v 13.606685 -5.860166 12.102938
v 16.208778 -4.943523 9.734788
v 15.072835 -5.860166 10.219226
v 14.820723 -5.724373 14.416439
v 15.271958 -6.785802 13.399073
v 17.613573 -5.724373 10.828187
v 16.738111 -6.785802 11.515362
v 16.349480 -5.884898 15.606320
v 17.084183 -6.976091 14.809584
v 19.142332 -5.884898 12.018064
v 18.550335 -6.976091 12.925874
v 17.836536 -5.407702 16.763742
v 18.846973 -6.410413 16.181620
v 20.629387 -5.407703 13.175488
v 20.313128 -6.410413 14.297909
v 19.120750 -4.344497 17.763285
v 20.369308 -5.150067 17.366501
v 21.913601 -4.344497 14.175033
v 21.835461 -5.150067 15.482790
v 20.062948 -2.810503 18.496630
v 21.486216 -3.331634 18.235823
v 22.855803 -2.810497 14.908375
v 22.952364 -3.331631 16.352110
v 20.561039 -0.971939 18.884306
v 22.076660 -1.152163 18.695387
v 23.353889 -0.971936 15.296055
v 23.542812 -1.152161 16.811674
v 20.561037 0.971943 18.884308
v 22.076658 1.152163 18.695385
v 23.353889 0.971936 15.296054
v 23.542812 1.152162 16.811674
v 20.062950 2.810504 18.496628
v 21.486216 3.331631 18.235826
v 22.855803 2.810498 14.908375
v 22.952364 3.331631 16.352112
v 19.120749 4.344497 17.763288
v 20.369308 5.150069 17.366501
v 21.913599 4.344497 14.175034
v 21.835461 5.150066 15.482790
v 17.836538 5.407703 16.763741
v 18.846973 6.410414 16.181622
v 20.629389 5.407703 13.175486
v 20.313126 6.410414 14.297911
v 16.349478 5.884898 15.606322
v 17.084185 6.976091 14.809586
v 19.142328 5.884898 12.018067
v 18.550333 6.976091 12.925873
v 14.820723 5.724373 14.416439
v 15.271958 6.785802 13.399075
v 17.613573 5.724373 10.828183
v 16.738110 6.785802 11.515363
v 13.415928 4.943524 13.323046
v 13.606685 5.860166 12.102939
v 16.208780 4.943524 9.734792
v 15.072835 5.860166 10.219228
v 12.287330 3.626966 12.444619
v 12.268816 4.299488 11.061634
v 15.080180 3.626966 8.856365
v 13.734967 4.299490 9.177923
v 11.557227 1.917374 11.876361
v 11.403337 2.272897 10.388003
v 14.350077 1.917371 8.288105
v 12.869489 2.272896 8.504293
v 13.072995 0.000000 9.659844
v 12.624053 0.000000 8.188881
v 15.237148 0.000000 5.660840
v 13.760159 -0.000000 6.089540
v 13.354386 -1.917373 9.812124
v 12.957620 -2.272897 8.369398
v 15.518539 -1.917372 5.813120
v 14.093727 -2.272896 6.270057
v 14.168063 -3.626967 10.252464
v 13.922173 -4.299489 8.891387
v 16.332218 -3.626968 6.253460
v 15.058280 -4.299489 6.792047
v 15.425854 -4.943524 10.933147
v 15.413183 -5.860165 9.698282
v 17.590006 -4.943524 6.934144
v 16.549292 -5.860166 7.598942
v 16.991455 -5.724373 11.780407
v 17.269083 -6.785802 10.702646
v 19.155607 -5.724373 7.781401
v 18.405190 -6.785802 8.603305
v 18.695210 -5.884898 12.702433
v 19.288754 -6.976091 11.795636
v 20.859362 -5.884898 8.703430
v 20.424862 -6.976091 9.696296
v 20.352491 -5.407702 13.599310
v 21.253334 -6.410412 12.858813
v 22.516644 -5.407702 9.600305
v 22.389441 -6.410413 10.759473
v 21.783710 -4.344497 14.373846
v 22.949930 -5.150067 13.776965
v 23.947863 -4.344497 10.374841
v 24.086037 -5.150067 11.677625
v 22.833763 -2.810503 14.942105
v 24.194691 -3.331633 14.450596
v 24.997917 -2.810498 10.943104
v 25.330795 -3.331632 12.351254
v 23.388868 -0.971941 15.242514
v 24.852722 -1.152162 14.806705
v 25.553020 -0.971941 11.243509
v 25.988827 -1.152162 12.707364
v 23.388866 0.971946 15.242514
v 24.852722 1.152163 14.806705
v 25.553020 0.971941 11.243509
v 25.988827 1.152162 12.707364
v 22.833761 2.810503 14.942104
v 24.194689 3.331632 14.450596
v 24.997913 2.810503 10.943104
v 25.330797 3.331632 12.351255
v 21.783707 4.344498 14.373845
v 22.949930 5.150068 13.776966
v 23.947863 4.344497 10.374841
v 24.086037 5.150066 11.677625
v 20.352493 5.407702 13.599310
v 21.253334 6.410413 12.858814
v 22.516644 5.407702 9.600307
v 22.389441 6.410413 10.759474
v 18.695210 5.884898 12.702435
v 19.288754 6.976091 11.795636
v 20.859362 5.884898 8.703429
v 20.424860 6.976091 9.696297
v 16.991453 5.724373 11.780408
v 17.269083 6.785802 10.702645
v 19.155605 5.724373 7.781404
v 18.405190 6.785802 8.603306
v 15.425853 4.943524 10.933145
v 15.413183 5.860165 9.698283
v 17.590006 4.943524 6.934142
v 16.549290 5.860166 7.598942
v 14.168061 3.626966 10.252465
v 13.922171 4.299488 8.891386
v 16.332214 3.626965 6.253461
v 15.058277 4.299489 6.792047
v 13.354386 1.917373 9.812123
v 12.957620 2.272895 8.369398
v 15.518538 1.917372 5.813120
v 14.093725 2.272895 6.270058
v 14.484655 -0.000000 7.376353
v 13.799723 -0.000000 5.999345
v 15.961077 -0.000003 3.075681
v 14.574795 0.000000 3.741641
v 14.787271 -1.917372 7.480240
v 14.158452 -2.272897 6.122498
v 16.263693 -1.917372 3.179571
v 14.933522 -2.272896 3.864792
v 15.662330 -3.626967 7.780649
v 15.195766 -4.299489 6.478607
v 17.138752 -3.626967 3.479978
v 15.970836 -4.299489 4.220902
v 17.015001 -4.943525 8.245022
v 16.799253 -5.860166 7.029085
v 18.491423 -4.943524 3.944349
v 17.574324 -5.860166 4.771379
v 18.698706 -5.724373 8.823035
v 18.795153 -6.785802 7.714278
v 20.175127 -5.724373 4.522367
v 19.570225 -6.785802 5.456573
v 20.530985 -5.884898 9.452061
v 20.967180 -6.976091 8.459935
v 22.007406 -5.884898 5.151388
v 21.742250 -6.976091 6.202229
v 22.313286 -5.407701 10.063922
v 23.079958 -6.410413 9.185253
v 23.789703 -5.407703 5.763250
v 23.855028 -6.410413 6.927547
v 23.852465 -4.344497 10.592324
v 24.904537 -5.150067 9.811631
v 25.328886 -4.344497 6.291654
v 25.679607 -5.150067 7.553926
v 24.981731 -2.810499 10.980001
v 26.243195 -3.331632 10.271193
v 26.458153 -2.810499 6.679330
v 27.018265 -3.331632 8.013487
v 25.578711 -0.971944 11.184944
v 26.950869 -1.152162 10.514137
v 27.055132 -0.971943 6.884274
v 27.725939 -1.152162 8.256432
v 25.578711 0.971943 11.184944
v 26.950869 1.152162 10.514137
v 27.055132 0.971944 6.884274
v 27.725939 1.152162 8.256432
v 24.981728 2.810504 10.980001
v 26.243195 3.331632 10.271193
v 26.458149 2.810504 6.679330
v 27.018265 3.331631 8.013487
v 23.852463 4.344501 10.592321
v 24.904537 5.150066 9.811632
v 25.328886 4.344497 6.291653
v 25.679607 5.150067 7.553926
v 22.313284 5.407702 10.063925
v 23.079958 6.410413 9.185253
v 23.789705 5.407702 5.763253
v 23.855028 6.410413 6.927547
v 20.530983 5.884898 9.452058
v 20.967178 6.976091 8.459936
v 22.007404 5.884898 5.151389
v 21.742249 6.976091 6.202230
v 18.698706 5.724373 8.823037
v 18.795153 6.785802 7.714279
v 20.175127 5.724373 4.522366
v 19.570223 6.785802 5.456573
v 17.015001 4.943525 8.245022
v 16.799253 5.860166 7.029086
v 18.491423 4.943525 3.944351
v 17.574324 5.860165 4.771380
v 15.662330 3.626967 7.780649
v 15.195765 4.299489 6.478608
v 17.138752 3.626967 3.479979
v 15.970837 4.299489 4.220902
v 14.787271 1.917372 7.480241
v 14.158452 2.272897 6.122498
v 16.263693 1.917373 3.179570
v 14.933522 2.272897 3.864792
v 15.501211 -0.000000 4.891654
v 14.598973 -0.000000 3.646163
v 16.249628 -0.000000 0.406628
v 14.991867 0.000000 1.291678
v 15.816800 -1.917371 4.944316
v 14.973080 -2.272897 3.708591
v 16.565218 -1.917373 0.459290
v 15.365973 -2.272896 1.354105
v 16.729368 -3.626965 5.096596
v 16.054859 -4.299489 3.889107
v 17.477785 -3.626964 0.611570
v 16.447754 -4.299489 1.534621
v 18.140026 -4.943524 5.331993
v 17.727085 -5.860168 4.168152
v 18.888447 -4.943525 0.846967
v 18.119976 -5.860165 1.813666
v 19.895905 -5.724373 5.624997
v 19.808540 -6.785802 4.515485
v 20.644320 -5.724373 1.139970
v 20.201435 -6.785802 2.160999
v 21.806726 -5.884898 5.943856
v 22.073673 -6.976091 4.893468
v 22.555143 -5.884898 1.458829
v 22.466568 -6.976091 2.538982
v 23.665428 -5.407702 6.254017
v 24.277020 -6.410413 5.261141
v 24.413845 -5.407702 1.768991
v 24.669914 -6.410413 2.906655
v 25.270586 -4.344500 6.521872
v 26.179815 -5.150068 5.578660
v 26.019003 -4.344499 2.036845
v 26.572708 -5.150067 3.224174
v 26.448263 -2.810500 6.718390
v 27.575855 -3.331632 5.811618
v 27.196680 -2.810499 2.233365
v 27.968750 -3.331631 3.457132
v 27.070831 -0.971940 6.822278
v 28.313862 -1.152162 5.934770
v 27.819248 -0.971940 2.337251
v 28.706757 -1.152162 3.580284
v 27.070831 0.971940 6.822278
v 28.313862 1.152162 5.934770
v 27.819248 0.971940 2.337252
v 28.706755 1.152162 3.580284
v 26.448263 2.810499 6.718391
v 27.575857 3.331633 5.811619
v 27.196680 2.810500 2.233365
v 27.968750 3.331631 3.457133
v 25.270588 4.344499 6.521872
v 26.179813 5.150067 5.578661
v 26.019003 4.344499 2.036845
v 26.572706 5.150065 3.224175
v 23.665428 5.407702 6.254018
v 24.277020 6.410413 5.261142
v 24.413845 5.407702 1.768992
v 24.669914 6.410413 2.906656
v 21.806726 5.884898 5.943857
v 22.073673 6.976091 4.893469
v 22.555143 5.884898 1.458830
v 22.466568 6.976091 2.538983
v 19.895905 5.724373 5.624998
v 19.808540 6.785802 4.515486
v 20.644320 5.724373 1.139971
v 20.201435 6.785803 2.161000
v 18.140026 4.943524 5.331993
v 17.727085 5.860167 4.168153
v 18.888445 4.943525 0.846967
v 18.119974 5.860164 1.813667
v 16.729368 3.626965 5.096598
v 16.054859 4.299489 3.889108
v 17.477787 3.626967 0.611571
v 16.447754 4.299489 1.534622
v 15.816800 1.917370 4.944316
v 14.973080 2.272896 3.708591
v 16.565218 1.917373 0.459289
v 15.365973 2.272897 1.354105
v -24.277020 -6.410412 5.261143
v -22.073673 -6.976090 4.893469
v -21.806725 -5.884898 5.943856
v -23.665428 -5.407702 6.254020
v -28.706757 -1.152162 -3.580287
v -27.819250 -0.971939 -2.337254
v -15.195765 -4.299489 6.478611
v -14.158452 -2.272896 6.122501
v -14.787271 -1.917372 7.480244
v -15.662331 -3.626967 7.780652
v -28.313864 1.152162 -5.934772
v -27.070831 0.971939 -6.822281
v -28.706757 1.152162 -3.580287
v -27.819250 0.971939 -2.337254
v -27.575855 3.331632 -5.811621
v -26.448261 2.810499 -6.718392
v -20.281601 -6.785802 1.193521
v -20.550392 -5.724373 2.273521
v -27.968748 3.331632 -3.457135
v -27.196680 2.810500 -2.233366
v -26.179811 5.150066 -5.578662
v -25.270588 4.344498 -6.521873
v -23.855026 -6.410414 6.927546
v -25.679607 -5.150067 7.553924
v -25.328886 -4.344497 6.291651
v -23.789705 -5.407702 5.763252
v -26.572708 5.150068 -3.224177
v -26.019003 4.344500 -2.036846
v -15.000000 0.000000 1.193520
v -16.094933 0.000000 2.273520
v -24.277021 6.410413 -5.261143
v -23.665428 5.407702 -6.254020
v -20.281601 -6.785802 -1.193521
v -20.550392 -5.724373 -2.273520
v -24.669914 6.410414 -2.906657
v -24.413847 5.407702 -1.768993
v -22.073675 6.976091 -4.893469
v -21.806726 5.884898 -5.943858
v -22.466568 6.976091 -2.538983
v -22.555145 5.884898 -1.458831
v -19.808540 6.785802 -4.515485
v -19.895901 5.724373 -5.624996
v -20.201433 6.785802 -2.160999
v -20.644320 5.724373 -1.139970
v -15.000000 -0.000000 -1.193521
v -16.094933 -0.000000 -2.273521
v -17.727083 5.860166 -4.168151
v -18.140024 4.943524 -5.331992
v -18.119976 5.860166 -1.813665
v -18.888443 4.943524 -0.846966
v -26.179813 -5.150067 5.578663
v -25.270584 -4.344500 6.521873
v -16.054857 4.299490 -3.889106
v -16.729368 3.626967 -5.096595
v -16.447752 -4.299489 1.534620
v -18.119976 -5.860165 1.813665
v -18.888445 -4.943524 0.846965
v -17.477789 -3.626970 0.611569
v -16.447752 4.299489 -1.534620
v -17.477787 3.626967 -0.611569
v -14.973079 2.272896 -3.708589
v -15.816799 1.917372 -4.944314
v -15.365973 2.272897 -1.354103
v -16.565218 1.917374 -0.459288
v -22.466568 -6.976091 2.538984
v -22.555145 -5.884898 1.458830
v -28.156317 -3.331631 -1.193520
v -27.193352 -2.810499 -2.273520
v -16.799253 -5.860166 7.029088
v -17.014999 -4.943523 8.245023
v -28.156317 -3.331632 1.193522
v -27.193352 -2.810499 2.273522
v -23.079962 -6.410412 9.185252
v -20.967178 -6.976091 8.459936
v -20.530985 -5.884898 9.452058
v -22.313286 -5.407702 10.063924
v -28.904530 -1.152162 -1.193520
v -27.824530 -0.971942 -2.273520
v -15.365974 -2.272897 1.354102
v -16.565220 -1.917375 0.459287
v -28.904530 -1.152162 1.193521
v -27.824530 -0.971942 2.273522
v -28.904530 1.152162 -1.193520
v -27.824530 0.971942 -2.273521
v -13.922171 -4.299489 8.891391
v -12.957620 -2.272897 8.369401
v -13.354384 -1.917371 9.812128
v -14.168063 -3.626967 10.252466
v -28.904530 1.152162 1.193521
v -27.824530 0.971942 2.273521
v -19.808540 -6.785802 4.515485
v -19.895901 -5.724373 5.624996
v -28.156317 3.331632 -1.193521
v -27.193352 2.810499 -2.273521
v -28.156317 3.331631 1.193521
v -27.193352 2.810499 2.273521
v -22.389441 -6.410413 10.759472
v -24.086037 -5.150067 11.677623
v -23.947863 -4.344498 10.374838
v -22.516645 -5.407702 9.600306
v -26.740971 5.150067 -1.193521
v -25.999392 4.344500 -2.273521
v -26.740971 5.150067 1.193521
v -25.999392 4.344500 2.273521
v -20.201435 -6.785802 2.160999
v -20.644323 -5.724373 1.139971
v -24.811869 6.410413 -1.193521
v -24.372038 5.407703 -2.273521
v -14.598974 0.000000 3.646160
v -15.501211 0.000000 4.891651
v -24.811869 6.410413 1.193521
v -24.372038 5.407702 2.273521
v -22.578056 6.976091 -1.193521
v -22.487637 5.884898 -2.273521
v -22.578054 6.976091 1.193520
v -22.487637 5.884898 2.273520
v -20.281601 6.785802 -1.193522
v -20.550392 5.724373 -2.273521
v -15.926519 -6.410414 19.063034
v -14.413598 -6.976091 17.419565
v -13.557776 -5.884898 18.084505
v -14.834047 -5.407702 19.470907
v -20.281601 6.785802 1.193520
v -20.550392 5.724373 2.273520
v -18.171364 5.860166 -1.193522
v -18.770235 4.943523 -2.273522
v -14.991868 -0.000000 1.291675
v -16.249630 -0.000000 0.406625
v -18.171364 5.860166 1.193520
v -18.770235 4.943523 2.273520
v -15.970836 -4.299489 4.220905
v -17.574322 -5.860166 4.771382
v -18.491419 -4.943523 3.944350
v -17.138750 -3.626967 3.479981
v -16.476017 4.299489 -1.193522
v -17.340073 3.626965 -2.273522
v -24.904539 -5.150067 9.811630
v -23.852467 -4.344498 10.592322
v -16.476017 4.299489 1.193520
v -17.340073 3.626965 2.273520
v -15.379279 2.272896 -1.193522
v -16.414886 1.917371 -2.273521
v -15.379279 2.272897 1.193520
v -16.414886 1.917371 2.273520
v -21.742250 -6.976091 6.202230
v -22.007404 -5.884898 5.151387
v -27.968750 -3.331633 3.457136
v -27.196680 -2.810500 2.233367
v -15.413184 -5.860166 9.698285
v -15.425852 -4.943524 10.933149
v -27.575853 -3.331632 5.811622
v -26.448257 -2.810501 6.718392
v -21.253336 -6.410412 12.858812
v -19.288755 -6.976092 11.795637
v -18.695211 -5.884898 12.702435
v -20.352495 -5.407702 13.599311
v -28.706758 -1.152163 3.580288
v -27.819250 -0.971939 2.337255
v -14.933520 -2.272897 3.864795
v -16.263693 -1.917372 3.179573
v -28.313860 -1.152162 5.934773
v -27.070829 -0.971939 6.822281
v -28.706757 1.152162 3.580288
v -27.819250 0.971939 2.337255
v -12.268816 -4.299489 11.061638
v -11.403337 -2.272896 10.388008
v -11.557225 -1.917372 11.876363
v -12.287329 -3.626967 12.444624
v -28.313862 1.152162 5.934773
v -27.070829 0.971939 6.822280
v -18.795155 -6.785802 7.714280
v -18.698706 -5.724373 8.823038
v -27.968746 3.331631 3.457135
v -27.196680 2.810499 2.233366
v -27.575851 3.331631 5.811621
v -26.448259 2.810501 6.718391
v -20.313126 -6.410414 14.297908
v -21.835461 -5.150067 15.482788
v -21.913603 -4.344497 14.175030
v -20.629389 -5.407702 13.175486
v -26.572706 5.150067 3.224177
v -26.019003 4.344500 2.036846
v -26.179811 5.150066 5.578662
v -25.270584 4.344501 6.521873
v -19.570223 -6.785802 5.456574
v -20.175125 -5.724373 4.522367
v -24.669914 6.410413 2.906657
v -24.413847 5.407702 1.768993
v -13.799722 0.000000 5.999349
v -14.484654 0.000000 7.376355
v -24.277021 6.410413 5.261142
v -23.665428 5.407702 6.254019
v -22.466568 6.976092 2.538983
v -22.555145 5.884898 1.458830
v -22.073673 6.976091 4.893468
v -21.806725 5.884898 5.943855
v -20.201435 6.785802 2.160998
v -20.644321 5.724373 1.139970
v -10.280799 -4.299489 12.930151
v -9.537999 -2.272896 12.123256
v -9.444814 -1.917370 13.616639
v -10.071426 -3.626966 14.297322
v -19.808540 6.785803 4.515484
v -19.895901 5.724373 5.624995
v -18.119976 5.860165 1.813664
v -18.888445 4.943524 0.846965
v -14.574793 -0.000000 3.741644
v -15.961074 -0.000000 3.075684
v -17.727085 5.860167 4.168149
v -18.140026 4.943525 5.331992
v -15.058276 -4.299489 6.792049
v -16.549290 -5.860166 7.598944
v -17.590004 -4.943524 6.934144
v -16.332216 -3.626968 6.253462
v -16.447754 4.299489 1.534619
v -17.477789 3.626967 0.611568
v -22.949932 -5.150067 13.776964
v -21.783709 -4.344501 14.373842
v -16.054859 4.299489 3.889104
v -16.729370 3.626968 5.096594
v -15.365974 2.272897 1.354102
v -16.565220 1.917373 0.459287
v -14.973080 2.272896 3.708588
v -15.816799 1.917371 4.944313
v -20.424860 -6.976091 9.696296
v -20.859362 -5.884898 8.703428
v -27.018265 -3.331632 8.013485
v -26.458153 -2.810500 6.679327
v -13.606682 -5.860166 12.102941
v -13.415928 -4.943524 13.323046
v -26.243196 -3.331632 10.271191
v -24.981730 -2.810504 10.979999
v -18.846975 -6.410413 16.181622
v -17.084183 -6.976091 14.809586
v -16.349480 -5.884898 15.606321
v -17.836538 -5.407703 16.763742
v -27.725939 -1.152162 8.256428
v -27.055132 -0.971938 6.884271
v -14.093723 -2.272897 6.270060
v -15.518536 -1.917372 5.813122
v -26.950869 -1.152162 10.514134
v -25.578711 -0.971938 11.184942
v -27.725939 1.152162 8.256428
v -27.055132 0.971938 6.884271
v -26.950869 1.152162 10.514134
v -25.578711 0.971939 11.184942
v -17.269083 -6.785802 10.702647
v -16.991455 -5.724373 11.780408
v -27.018265 3.331632 8.013484
v -26.458153 2.810500 6.679327
v -26.243196 3.331631 10.271191
v -24.981733 2.810499 10.980000
v -3.238392 -6.410413 24.628563
v -3.397696 -5.150065 26.551075
v -4.412768 -4.344500 25.722843
v -4.278382 -5.407702 24.101049
v -25.679609 5.150068 7.553924
v -25.328886 4.344497 6.291650
v -24.904539 5.150067 9.811629
v -23.852467 4.344497 10.592322
v -18.405190 -6.785802 8.603306
v -19.155605 -5.724373 7.781404
v -23.855026 6.410414 6.927545
v -23.789705 5.407702 5.763251
v -12.624053 0.000000 8.188885
v -13.072996 0.000000 9.659846
v -23.079962 6.410412 9.185251
v -22.313286 5.407702 10.063923
v -21.742250 6.976091 6.202229
v -22.007404 5.884898 5.151386
v -20.967178 6.976091 8.459934
v -20.530985 5.884898 9.452058
v -19.570223 6.785802 5.456573
v -20.175125 5.724373 4.522367
v -12.037003 -4.299489 11.313451
v -13.185229 -5.860166 12.560758
v -14.385418 -4.943525 12.269897
v -13.416792 -3.626966 11.217693
v -18.795155 6.785802 7.714279
v -18.698706 5.724373 8.823038
v -17.574322 5.860165 4.771381
v -18.491421 4.943523 3.944351
v -13.760158 0.000000 6.089543
v -15.237146 -0.000000 5.660841
v -16.799253 5.860166 7.029087
v -17.015001 4.943524 8.245023
v -13.734967 -4.299489 9.177925
v -15.072833 -5.860166 10.219230
v -16.208780 -4.943524 9.734789
v -15.080176 -3.626967 8.856370
v -15.970836 4.299489 4.220904
v -17.138750 3.626968 3.479980
v -20.369310 -5.150066 17.366501
v -19.120750 -4.344499 17.763287
v -15.195765 4.299489 6.478610
v -15.662331 3.626967 7.780652
v -14.933521 2.272896 3.864795
v -16.263689 1.917367 3.179572
v -14.158452 2.272897 6.122501
v -14.787271 1.917372 7.480244
v -18.550335 -6.976092 12.925873
v -19.142328 -5.884898 12.018066
v -25.330795 -3.331632 12.351252
v -24.997915 -2.810503 10.943098
v -8.012351 -4.299489 14.445964
v -7.412492 -2.272897 13.527811
v -7.074775 -1.917372 14.985491
v -7.580806 -3.626966 15.760026
v -24.194691 -3.331631 14.450593
v -22.833767 -2.810498 14.942106
v -25.988832 -1.152162 12.707362
v -25.553020 -0.971946 11.243507
v -12.869485 -2.272897 8.504294
v -14.350075 -1.917370 8.288104
v -24.852726 -1.152162 14.806704
v -23.388870 -0.971941 15.242512
v -25.988831 1.152162 12.707361
v -25.553020 0.971946 11.243506
v -11.429026 -5.860166 14.177458
v -11.040051 -4.943524 15.349526
v -24.852726 1.152163 14.806704
v -23.388870 0.971941 15.242512
v -15.271957 -6.785802 13.399075
v -14.820721 -5.724373 14.416443
v -25.330797 3.331632 12.351253
v -24.997915 2.810503 10.943098
v -24.194693 3.331632 14.450594
v -22.833765 2.810503 14.942103
v -24.086037 5.150067 11.677623
v -23.947863 4.344497 10.374838
v -22.949932 5.150067 13.776963
v -21.783710 4.344497 14.373844
v -16.738108 -6.785801 11.515362
v -17.613571 -5.724373 10.828185
v -22.389442 6.410411 10.759471
v -22.516642 5.407702 9.600305
v -11.104030 0.000000 10.155048
v -11.304739 0.000000 11.679843
v -21.253336 6.410413 12.858812
v -20.352495 5.407702 13.599310
v -14.569982 -6.410413 20.118870
v -15.625102 -5.150066 21.733850
v -16.123638 -4.344497 20.522324
v -15.233558 -5.407702 19.159954
v -20.424860 6.976090 9.696295
v -20.859362 5.884898 8.703428
v -17.233067 -5.150065 20.482325
v -15.936230 -4.344498 20.668188
v -19.288755 6.976091 11.795636
v -18.695211 5.884898 12.702433
v -18.405190 6.785802 8.603305
v -19.155605 5.724373 7.781404
v -17.269085 6.785802 10.702646
v -16.991455 5.724373 11.780409
v -16.549290 5.860166 7.598944
v -17.590006 4.943524 6.934143
v -12.570181 -0.000000 8.271337
v -14.097587 -0.000000 8.091588
v -15.413185 5.860165 9.698284
v -15.425854 4.943524 10.933147
v -15.058278 4.299489 6.792049
v -16.332216 3.626969 6.253462
v -13.922172 4.299489 8.891390
v -14.168064 3.626967 10.252466
v -14.093724 2.272896 6.270060
v -15.518537 1.917374 5.813123
v -12.957619 2.272897 8.369401
v -13.354384 1.917371 9.812126
v -8.939618 -5.860166 15.865251
v -8.363029 -4.943523 16.957310
v -22.952368 -3.331631 16.352110
v -22.855801 -2.810501 14.908374
v -16.169802 -6.976091 15.802866
v -16.903145 -5.884898 15.004877
v -21.486217 -3.331634 18.235823
v -20.062950 -2.810500 18.496632
v -11.294202 -2.272897 10.506556
v -12.790182 -1.917371 10.537010
v -23.542812 -1.152162 16.811670
v -23.353889 -0.971943 15.296049
v -12.571630 -6.410413 21.424458
v -11.349851 -6.976090 19.554384
v -10.396255 -5.884898 20.069393
v -11.426926 -5.407703 21.646950
v -22.076660 -1.152162 18.695383
v -20.561039 -0.971943 18.884304
v -5.525345 -4.299489 15.567729
v -5.084791 -2.272897 14.563365
v -4.511755 -1.917372 15.945578
v -4.883399 -3.626966 16.792839
v -23.542812 1.152162 16.811670
v -23.353889 0.971943 15.296049
v -22.076660 1.152162 18.695383
v -20.561039 0.971943 18.884304
v -22.952370 3.331632 16.352112
v -22.855803 2.810496 14.908375
v -12.858253 -6.785802 15.730011
v -12.245718 -5.724373 16.659231
v -21.486216 3.331632 18.235821
v -20.062952 2.810499 18.496628
v -21.835459 5.150066 15.482786
v -21.913601 4.344499 14.175028
v -11.059808 -6.410413 22.242615
v -11.834722 -5.150064 24.009239
v -12.525868 -4.344495 22.896290
v -11.872167 -5.407703 21.405998
v -20.369310 5.150067 17.366499
v -19.120750 4.344499 17.763285
v -9.281120 0.000000 11.844211
v -9.228116 -0.000000 13.381243
v -20.313128 6.410413 14.297908
v -20.629387 5.407703 13.175487
v -14.614456 -6.785802 14.113310
v -15.591084 -5.724373 13.579602
v -18.846975 6.410414 16.181620
v -17.836538 5.407702 16.763742
v -18.550335 6.976091 12.925873
v -19.142332 5.884898 12.018064
v -17.084183 6.976091 14.809585
v -16.349480 5.884898 15.606319
v -0.859502 -6.410413 24.825682
v -0.675036 -6.976091 22.599499
v 0.408742 -5.884898 22.598574
v 0.253130 -5.407702 24.476540
v -16.738110 6.785802 11.515362
v -17.613569 5.724373 10.828186
v -15.271958 6.785803 13.399075
v -14.820723 5.724373 14.416441
v -11.037323 0.000000 10.227509
v -12.573483 -0.000000 10.301616
v -15.072834 5.860166 10.219228
v -16.208776 4.943524 9.734789
v -13.606684 5.860165 12.102940
v -13.415929 4.943524 13.323047
v -13.626751 -5.150068 23.039440
v -12.317006 -4.344498 23.009317
v -13.734966 4.299489 9.177925
v -15.080177 3.626967 8.856368
v -10.010702 -4.299489 13.140374
v -10.937968 -5.860166 14.559662
v -12.169662 -4.943524 14.470312
v -11.387436 -3.626967 13.273030
v -12.268816 4.299489 11.061637
v -12.287329 3.626967 12.444623
v -12.869487 2.272896 8.504296
v -14.350075 1.917370 8.288104
v -11.403336 2.272897 10.388007
v -11.557225 1.917371 11.876362
v -13.348202 -6.976091 18.248796
v -14.202886 -5.884898 17.582397
v -19.947857 -3.331632 19.906925
v -20.090240 -2.810503 18.466984
v -6.206358 -5.860166 17.120281
v -5.457886 -4.943522 18.102541
v -18.191654 -3.331632 21.523624
v -16.744873 -2.810501 21.546612
v -8.873819 -6.410412 23.201477
v -7.976507 -6.976091 21.155813
v -6.951150 -5.884898 21.506840
v -7.708106 -5.407702 23.232525
v -20.454609 -1.152162 20.457401
v -20.517725 -0.971944 18.931356
v -9.410843 -2.272897 12.222222
v -10.881407 -1.917372 12.498493
v -18.698404 -1.152162 22.074100
v -17.172359 -0.971942 22.010986
v -20.454607 1.152162 20.457399
v -20.517725 0.971943 18.931356
v -2.887623 -4.299489 16.264847
v -2.618390 -2.272896 15.201670
v -1.825665 -1.917372 16.470711
v -2.052784 -3.626967 17.367586
v -18.698406 1.152163 22.074102
v -17.172359 0.971942 22.010986
v -10.093808 -6.785802 17.631870
v -9.336684 -5.724373 18.447596
v -19.947857 3.331632 19.906925
v -20.090240 2.810503 18.466982
v -18.191654 3.331631 21.523624
v -16.744875 2.810500 21.546612
v -7.247952 -6.410414 23.759638
v -7.721519 -5.150065 25.629715
v -8.586427 -4.344497 24.645702
v -8.186933 -5.407702 23.068146
v -18.989271 5.150068 18.865623
v -19.281593 4.344499 17.588562
v -17.233067 5.150067 20.482321
v -15.936226 4.344499 20.668188
v -12.092160 -6.785802 16.326283
v -13.143313 -5.724373 15.960602
v -17.682724 6.410413 17.446335
v -18.179415 5.407703 16.391273
v -7.205046 0.000000 13.210291
v -6.899778 0.000000 14.717636
v -15.926519 6.410413 19.063034
v -14.834049 5.407702 19.470905
v -16.169802 6.976092 15.802865
v -16.903143 5.884898 15.004879
v -14.413599 6.976091 17.419565
v -13.557779 5.884898 18.084505
v -14.614456 6.785802 14.113310
v -15.591085 5.724373 13.579599
v -0.171135 -4.299489 16.518301
v -0.080567 -2.272896 15.425310
v 0.910224 -1.917370 16.546566
v 0.833824 -3.626969 17.468594
v -12.858253 6.785802 15.730009
v -12.245717 5.724373 16.659229
v -13.185230 5.860166 12.560757
v -14.385416 4.943524 12.269897
v -9.203398 0.000000 11.904703
v -10.706409 -0.000000 12.230640
v -11.429027 5.860165 14.177457
v -11.040051 4.943525 15.349527
v -7.711334 -4.299489 14.608864
v -8.392345 -5.860163 16.161415
v -9.621949 -4.943525 16.276018
v -9.047456 -3.626966 14.966312
v -12.037004 4.299489 11.313451
v -13.416794 3.626966 11.217693
v -9.648729 -5.150070 24.968098
v -8.361807 -4.344500 24.722813
v -10.280799 4.299487 12.930151
v -10.071428 3.626966 14.297320
v -11.294203 2.272897 10.506556
v -12.790183 1.917372 10.537011
v -9.538000 2.272897 12.123256
v -9.444815 1.917373 13.616641
v -10.162496 -6.976091 20.196947
v -11.115208 -5.884898 19.680315
v -16.399221 -3.331633 22.918730
v -16.776669 -2.810502 21.521862
v -3.303807 -5.860167 17.908318
v -2.403869 -4.943525 18.753986
v -14.400870 -3.331631 24.224318
v -12.970040 -2.810499 24.008858
v -4.933953 -6.410413 24.345623
v -4.385585 -6.976091 22.180164
v -3.316437 -5.884898 22.357637
v -3.779029 -5.407703 24.184376
v -16.808456 -1.152162 23.545107
v -17.121891 -0.971939 22.050264
v -7.270780 -2.272897 13.604501
v -8.675814 -1.917372 14.119051
v -14.810103 -1.152163 24.850693
v -13.315259 -0.971942 24.537260
v -16.808456 1.152162 23.545107
v -17.121893 0.971939 22.050264
v -14.810102 1.152161 24.850691
v -13.315260 0.971943 24.537260
v -7.054032 -6.785802 19.052782
v -6.172969 -5.724373 19.732765
v -16.399221 3.331632 22.918728
v -16.776670 2.810504 21.521860
v -14.400872 3.331633 24.224319
v -12.970039 2.810504 24.008858
v 12.571630 -6.410413 21.424458
v 13.626749 -5.150067 23.039438
v 12.317004 -4.344498 23.009317
v 11.426925 -5.407702 21.646954
v -15.625102 5.150067 21.733849
v -16.123638 4.344498 20.522320
v -13.626751 5.150067 23.039438
v -12.317007 4.344498 23.009317
v -9.240021 -6.785802 18.093918
v -10.337028 -5.724373 17.906237
v -14.569983 6.410413 20.118868
v -15.233557 5.407702 19.159956
v -4.932436 0.000000 14.216031
v -4.383231 0.000000 15.652573
v -12.571631 6.410413 21.424458
v -11.426927 5.407702 21.646954
v -13.348203 6.976091 18.248796
v -14.202888 5.884898 17.582396
v -11.349851 6.976091 19.554384
v -10.396256 5.884898 20.069393
v -12.092161 6.785802 16.326283
v -13.143313 5.724373 15.960600
v -2.550024 -4.299489 16.321182
v -2.690024 -5.860165 18.010738
v -3.815790 -4.943523 18.518379
v -3.697688 -3.626969 17.093103
v -10.093809 6.785801 17.631870
v -9.336684 5.724373 18.447596
v -10.937969 5.860165 14.559661
v -12.169661 4.943524 14.470312
v -7.118426 -0.000000 13.257168
v -8.547290 -0.000000 13.826047
v -8.939618 5.860166 15.865250
v -8.363030 4.943524 16.957310
v -5.201622 -4.299489 15.678862
v -5.617805 -5.860165 17.322330
v -6.811772 -4.943525 17.637754
v -6.460688 -3.626967 16.251354
v -10.010702 4.299489 13.140374
v -11.387436 3.626967 13.273029
v -5.407520 -5.150064 26.215696
v -4.178521 -4.344498 25.761934
v -8.012351 4.299489 14.445963
v -7.580806 3.626967 15.760026
v -9.410844 2.272896 12.222222
v -10.881406 1.917370 12.498493
v -7.412492 2.272897 13.527811
v -7.074776 1.917370 14.985490
v -6.699584 -6.976091 21.594181
v -7.724339 -5.884898 21.241404
v -12.403257 -3.331636 25.305368
v -13.005474 -2.810501 23.989683
v 2.550022 -4.299489 16.321182
v 2.459454 -2.272896 15.228190
v 3.621284 -1.917374 16.171074
v 3.697687 -3.626967 17.093102
v -10.217268 -3.331636 26.264233
v -8.841415 -2.810501 25.816208
v -12.703812 -1.152169 25.990562
v -13.259016 -0.971944 24.567698
v -4.932389 -2.272897 14.615684
v -6.233568 -1.917371 15.354477
v -10.517823 -1.152156 26.949427
v -9.094955 -0.971943 26.394224
v -12.703814 1.152168 25.990566
v -13.259016 0.971943 24.567698
v -0.311135 -5.860165 18.207857
v 0.715721 -4.943523 18.893869
v -10.517824 1.152156 26.949429
v -9.094956 0.971944 26.394224
v -3.821838 -6.785802 19.953979
v -2.840870 -5.724373 20.479671
v -12.403258 3.331627 25.305372
v -13.005476 2.810501 23.989681
v -10.217270 3.331632 26.264235
v -8.841415 2.810501 25.816210
v -11.834723 5.150067 24.009237
v -12.525867 4.344497 22.896290
v -9.648732 5.150065 24.968100
v -8.361809 4.344500 24.722813
v -6.135838 -6.785802 19.367996
v -7.248774 -5.724373 19.363438
v -11.059811 6.410411 22.242615
v -11.872168 5.407702 21.405998
v -2.525283 -0.000000 14.833994
v -1.747120 0.000000 16.160547
v -8.873820 6.410413 23.201479
v -7.708107 5.407702 23.232525
v 0.859505 -6.410413 24.825684
v 1.018809 -5.150067 26.748198
v -0.118742 -4.344501 26.098335
v -0.253127 -5.407702 24.476543
v -10.162497 6.976091 20.196947
v -11.115211 5.884898 19.680313
v -1.018806 -5.150066 26.748196
v 0.118744 -4.344499 26.098337
v -7.976508 6.976091 21.155813
v -6.951151 5.884898 21.506840
v -9.240023 6.785802 18.093918
v -10.337029 5.724373 17.906237
v -7.054032 6.785802 19.052782
v -6.172970 5.724373 19.732765
v -8.392348 5.860165 16.161417
v -9.621948 4.943525 16.276018
v -4.839282 -0.000000 14.248013
v -6.155025 -0.000000 15.044315
v -6.206358 5.860164 17.120279
v -5.457887 4.943524 18.102545
v -7.711336 4.299489 14.608865
v -9.047458 3.626966 14.966312
v -5.525346 4.299489 15.567730
v -4.883399 3.626966 16.792839
v -7.270780 2.272897 13.604500
v -8.675816 1.917372 14.119051
v -5.084791 2.272897 14.563365
v -4.511754 1.917372 15.945577
v 2.690023 -5.860166 18.010736
v 3.815788 -4.943523 18.518375
v -8.068965 -3.331635 27.001745
v -8.879524 -2.810498 25.803127
v -3.053926 -6.976092 22.402380
v -4.122770 -5.884898 22.223083
v -5.754967 -3.331632 27.587732
v -4.471621 -2.810498 26.919359
v -2.459456 -2.272897 15.228191
v -3.621288 -1.917370 16.171074
v -8.252642 -1.152162 27.727064
v -9.034469 -0.971942 26.414989
v 3.238394 -6.410413 24.628561
v 3.053926 -6.976091 22.402378
v 4.122771 -5.884898 22.223082
v 4.278384 -5.407702 24.101048
v -5.938643 -1.152162 28.313051
v -4.626566 -0.971940 27.531223
v 5.201625 -4.299488 15.678861
v 4.932393 -2.272897 14.615684
v 6.233572 -1.917374 15.354479
v 6.460691 -3.626967 16.251354
v -8.252642 1.152162 27.727066
v -9.034470 0.971942 26.414988
v -5.938643 1.152162 28.313049
v -4.626566 0.971946 27.531221
v -8.068967 3.331632 27.001749
v -8.879525 2.810498 25.803127
v -0.485397 -6.785802 20.310888
v 0.568718 -5.724373 20.667948
v -5.754967 3.331632 27.587732
v -4.471621 2.810498 26.919359
v -7.721520 5.150067 25.629711
v -8.586425 4.344500 24.645700
v 4.933953 -6.410412 24.345623
v 5.407518 -5.150065 26.215694
v 4.178519 -4.344499 25.761932
v 3.779028 -5.407702 24.184376
v -5.407521 5.150067 26.215696
v -4.178522 4.344500 25.761932
v -0.049247 0.000000 15.047326
v 0.936646 -0.000000 16.227705
v -7.247954 6.410415 23.759640
v -8.186934 5.407702 23.068144
v -2.864286 -6.785801 20.113770
v -3.962794 -5.724373 20.292456
v -4.933954 6.410413 24.345623
v -3.779030 5.407702 24.184376
v -6.699585 6.976091 21.594179
v -7.724340 5.884898 21.241404
v -4.385586 6.976091 22.180164
v -3.316437 5.884898 22.357635
v 14.569981 -6.410413 20.118870
v 13.348202 -6.976091 18.248796
v 14.202888 -5.884898 17.582397
v 15.233556 -5.407703 19.159954
v -6.135839 6.785802 19.367996
v -7.248775 5.724373 19.363438
v -3.821840 6.785802 19.953979
v -2.840871 5.724373 20.479670
v -2.428136 -0.000000 14.850206
v -3.594865 -0.000000 15.852215
v -5.617806 5.860166 17.322330
v -6.811773 4.943525 17.637754
v -3.303807 5.860168 17.908318
v -2.403869 4.943524 18.753986
v 3.397698 -5.150067 26.551077
v 4.412770 -4.344499 25.722845
v -5.201623 4.299489 15.678863
v -6.460689 3.626967 16.251354
v 0.171133 -4.299489 16.518303
v 0.311134 -5.860166 18.207859
v -0.715723 -4.943523 18.893871
v -0.833825 -3.626965 17.468592
v -2.887624 4.299489 16.264847
v -2.052785 3.626967 17.367586
v -4.932390 2.272897 14.615684
v -6.233568 1.917373 15.354479
v -2.618391 2.272897 15.201669
v -1.825665 1.917372 16.470711
v 0.675037 -6.976091 22.599501
v -0.408741 -5.884898 22.598576
v -3.514574 -3.331632 27.961588
v -4.511364 -2.810500 26.912725
v 5.617808 -5.860165 17.322329
v 6.811772 -4.943522 17.637751
v -1.135684 -3.331631 28.158707
v 0.020148 -2.810499 27.288218
v 7.247952 -6.410413 23.759640
v 6.699585 -6.976091 21.594181
v 7.724340 -5.884898 21.241405
v 8.186934 -5.407702 23.068146
v -3.576361 -1.152163 28.707247
v -4.563486 -0.971942 27.541748
v 0.080565 -2.272897 15.425310
v -0.910227 -1.917370 16.546566
v -1.197471 -1.152162 28.904366
v -0.031974 -0.971941 27.917240
v -3.576360 1.152162 28.707243
v -4.563487 0.971941 27.541748
v 7.711338 -4.299489 14.608864
v 7.270784 -2.272896 13.604501
v 8.675817 -1.917368 14.119050
v 9.047461 -3.626966 14.966312
v -1.197471 1.152161 28.904364
v -0.031975 0.971941 27.917240
v 2.864286 -6.785802 20.113768
v 3.962794 -5.724373 20.292456
v -3.514574 3.331632 27.961588
v -4.511365 2.810500 26.912725
v -1.135685 3.331632 28.158709
v 0.020148 2.810500 27.288218
v 8.873818 -6.410413 23.201479
v 9.648730 -5.150067 24.968102
v 8.361806 -4.344497 24.722816
v 7.708107 -5.407702 23.232525
v -3.397697 5.150067 26.551079
v -4.412768 4.344500 25.722843
v -1.018807 5.150067 26.748198
v 0.118743 4.344499 26.098337
v 0.485397 -6.785803 20.310890
v -0.568717 -5.724373 20.667948
v -3.238393 6.410413 24.628563
v -4.278383 5.407702 24.101049
v 2.428133 0.000000 14.850206
v 3.594863 0.000000 15.852215
v -0.859503 6.410413 24.825682
v 0.253129 5.407702 24.476540
v -3.053926 6.976091 22.402380
v -4.122770 5.884898 22.223083
v -0.675037 6.976091 22.599499
v 0.408741 5.884898 22.598574
v -2.864287 6.785802 20.113770
v -3.962795 5.724373 20.292456
v 10.010706 -4.299489 13.140373
v 9.410847 -2.272897 12.222222
v 10.881410 -1.917370 12.498491
v 11.387438 -3.626967 13.273029
v -0.485398 6.785803 20.310888
v 0.568717 5.724373 20.667948
v -2.690025 5.860166 18.010738
v -3.815790 4.943523 18.518379
v 0.049244 0.000000 15.047326
v -0.936648 -0.000000 16.227707
v -0.311136 5.860166 18.207857
v 0.715721 4.943523 18.893869
v 2.887626 -4.299489 16.264845
v 3.303809 -5.860166 17.908316
v 2.403871 -4.943525 18.753988
v 2.052786 -3.626966 17.367584
v -2.550025 4.299489 16.321182
v -3.697689 3.626965 17.093100
v 7.721518 -5.150066 25.629713
v 8.586422 -4.344499 24.645702
v -0.171135 4.299489 16.518301
v 0.833823 3.626969 17.468594
v -2.459457 2.272897 15.228189
v -3.621288 1.917369 16.171074
v -0.080568 2.272897 15.425310
v 0.910224 1.917370 16.546566
v 4.385585 -6.976091 22.180164
v 3.316437 -5.884898 22.357635
v 1.135688 -3.331632 28.158709
v -0.020145 -2.810500 27.288218
v 8.392350 -5.860166 16.161417
v 9.621949 -4.943524 16.276016
v 3.514577 -3.331632 27.961586
v 4.511366 -2.810501 26.912724
v 11.059808 -6.410415 22.242617
v 10.162497 -6.976091 20.196949
v 11.115211 -5.884898 19.680315
v 11.872167 -5.407702 21.406000
v 1.197475 -1.152162 28.904366
v 0.031978 -0.971941 27.917240
v 2.618394 -2.272897 15.201668
v 1.825668 -1.917372 16.470709
v 3.576363 -1.152162 28.707241
v 4.563489 -0.971941 27.541746
v 1.197475 1.152162 28.904366
v 0.031977 0.971941 27.917240
v 3.576364 1.152163 28.707245
v 4.563488 0.971942 27.541746
v 6.135840 -6.785802 19.367998
v 7.248778 -5.724373 19.363440
v 1.135687 3.331631 28.158707
v -0.020145 2.810499 27.288218
v 3.514576 3.331631 27.961584
v 4.511365 2.810501 26.912724
v 18.846973 -6.410413 16.181620
v 20.369308 -5.150067 17.366501
v 19.120750 -4.344497 17.763285
v 17.836536 -5.407702 16.763742
v 1.018808 5.150066 26.748196
v -0.118742 4.344500 26.098335
v 3.397697 5.150067 26.551077
v 4.412770 4.344499 25.722845
v 3.821841 -6.785802 19.953981
v 2.840872 -5.724373 20.479671
v 0.859504 6.410413 24.825684
v -0.253128 5.407702 24.476543
v 4.839286 0.000000 14.248011
v 6.155027 -0.000000 15.044316
v 3.238393 6.410413 24.628561
v 4.278383 5.407702 24.101048
v 0.675036 6.976090 22.599501
v -0.408742 5.884898 22.598576
v 3.053926 6.976091 22.402378
v 4.122769 5.884898 22.223082
v 0.485396 6.785802 20.310890
v -0.568718 5.724373 20.667948
v 8.012353 -4.299489 14.445962
v 8.939620 -5.860165 15.865249
v 8.363030 -4.943523 16.957308
v 7.580808 -3.626968 15.760024
v 2.864285 6.785802 20.113768
v 3.962793 5.724373 20.292456
v 0.311133 5.860166 18.207859
v -0.715723 4.943525 18.893873
v 2.525286 0.000000 14.833993
v 1.747123 -0.000000 16.160545
v 2.690022 5.860165 18.010736
v 3.815788 4.943523 18.518375
v 5.525348 -4.299490 15.567725
v 6.206360 -5.860166 17.120279
v 5.457889 -4.943524 18.102541
v 4.883398 -3.626965 16.792835
v 0.171133 4.299489 16.518303
v -0.833826 3.626965 17.468592
v 11.834720 -5.150067 24.009237
v 12.525867 -4.344497 22.896292
v 2.550021 4.299489 16.321182
v 3.697686 3.626967 17.093102
v 0.080564 2.272896 15.425311
v -0.910227 1.917369 16.546566
v 2.459453 2.272897 15.228189
v 3.621284 1.917375 16.171074
v 7.976507 -6.976091 21.155811
v 6.951149 -5.884898 21.506838
v 5.754964 -3.331633 27.587734
v 4.471618 -2.810498 26.919359
v 12.037005 -4.299489 11.313450
v 11.294205 -2.272896 10.506554
v 12.790185 -1.917372 10.537010
v 13.416797 -3.626966 11.217691
v 8.068962 -3.331631 27.001745
v 8.879524 -2.810503 25.803125
v 5.938638 -1.152162 28.313049
v 4.626563 -0.971946 27.531221
v 5.084794 -2.272896 14.563363
v 4.511758 -1.917373 15.945576
v 8.252639 -1.152162 27.727068
v 9.034467 -0.971940 26.414993
v 5.938638 1.152162 28.313049
v 4.626562 0.971946 27.531221
v 10.937972 -5.860166 14.559661
v 12.169663 -4.943525 14.470314
v 8.252639 1.152163 27.727070
v 9.034467 0.971941 26.414993
v 9.240023 -6.785802 18.093918
v 10.337030 -5.724373 17.906239
v 5.754964 3.331631 27.587732
v 4.471618 2.810498 26.919359
v 8.068963 3.331632 27.001749
v 8.879521 2.810498 25.803129
v 5.407517 5.150067 26.215696
v 4.178518 4.344499 25.761932
v 7.721516 5.150067 25.629713
v 8.586425 4.344497 24.645704
v 7.054033 -6.785802 19.052780
v 6.172969 -5.724373 19.732761
v 4.933952 6.410413 24.345623
v 3.779027 5.407702 24.184376
v 7.118428 0.000000 13.257166
v 8.547295 0.000000 13.826046
v 7.247952 6.410413 23.759640
v 8.186932 5.407702 23.068148
v 15.926519 -6.410413 19.063034
v 17.233065 -5.150066 20.482323
v 15.936227 -4.344497 20.668188
v 14.834046 -5.407702 19.470907
v 4.385584 6.976090 22.180164
v 3.316436 5.884898 22.357635
v 15.625099 -5.150066 21.733850
v 16.123634 -4.344499 20.522322
v 6.699584 6.976091 21.594181
v 7.724340 5.884898 21.241405
v 3.821840 6.785802 19.953981
v 2.840871 5.724373 20.479671
v 6.135839 6.785802 19.367998
v 7.248776 5.724373 19.363440
v 3.303808 5.860166 17.908316
v 2.403871 4.943525 18.753988
v 4.932439 -0.000000 14.216030
v 4.383233 -0.000001 15.652571
v 5.617807 5.860166 17.322332
v 6.811774 4.943525 17.637756
v 20.313128 -6.410413 14.297909
v 18.550335 -6.976091 12.925874
v 19.142332 -5.884898 12.018064
v 20.629387 -5.407703 13.175488
v 2.887626 4.299489 16.264845
v 2.052785 3.626966 17.367584
v 5.201625 4.299489 15.678862
v 6.460689 3.626966 16.251354
v 2.618393 2.272896 15.201667
v 1.825668 1.917372 16.470709
v 13.734969 -4.299489 9.177923
v 12.869490 -2.272897 8.504293
v 14.350078 -1.917371 8.288104
v 15.080181 -3.626968 8.856367
v 4.932392 2.272897 14.615685
v 6.233572 1.917372 15.354479
v 13.185231 -5.860166 12.560757
v 14.385419 -4.943524 12.269897
v 10.217268 -3.331633 26.264238
v 8.841412 -2.810506 25.816206
v 11.349850 -6.976091 19.554384
v 10.396257 -5.884898 20.069391
v 12.403257 -3.331632 25.305374
v 13.005472 -2.810501 23.989685
v 7.412495 -2.272897 13.527808
v 7.074777 -1.917372 14.985489
v 10.517818 -1.152162 26.949427
v 9.094954 -0.971944 26.394222
v 17.682722 -6.410414 17.446337
v 16.169802 -6.976091 15.802865
v 16.903145 -5.884898 15.004878
v 18.179419 -5.407702 16.391277
v 12.703809 -1.152163 25.990566
v 13.259015 -0.971942 24.567699
v 22.389441 -6.410413 10.759473
v 20.424862 -6.976091 9.696296
v 20.859362 -5.884898 8.703430
v 22.516644 -5.407702 9.600305
v 10.517819 1.152162 26.949429
v 9.094953 0.971943 26.394224
v 12.703808 1.152162 25.990564
v 13.259014 0.971936 24.567701
v 10.217268 3.331632 26.264240
v 8.841413 2.810501 25.816208
v 12.092161 -6.785802 16.326283
v 13.143317 -5.724373 15.960600
v 12.403255 3.331631 25.305372
v 13.005471 2.810501 23.989685
v 9.648728 5.150066 24.968100
v 8.361806 4.344497 24.722816
v 21.253334 -6.410412 12.858813
v 22.949930 -5.150067 13.776965
v 21.783710 -4.344497 14.373846
v 20.352491 -5.407702 13.599310
v 11.834718 5.150067 24.009237
v 12.525867 4.344497 22.896290
v 9.203401 0.000000 11.904701
v 10.706411 0.000000 12.230639
v 8.873817 6.410413 23.201479
v 7.708105 5.407702 23.232525
v 10.093810 -6.785802 17.631868
v 9.336684 -5.724373 18.447596
v 11.059807 6.410413 22.242615
v 11.872164 5.407702 21.406000
v 7.976506 6.976091 21.155813
v 6.951151 5.884898 21.506840
v 10.162496 6.976091 20.196949
v 11.115211 5.884898 19.680315
v 12.268818 -4.299489 11.061634
v 13.606685 -5.860166 12.102938
v 13.415928 -4.943524 13.323045
v 12.287330 -3.626967 12.444621
v 7.054033 6.785802 19.052782
v 6.172966 5.724373 19.732761
v 9.240022 6.785801 18.093918
v 10.337029 5.724373 17.906239
v 7.205049 -0.000000 13.210289
v 6.899781 -0.000000 14.717634
v 6.206359 5.860166 17.120281
v 5.457889 4.943524 18.102543
v 8.392349 5.860166 16.161417
v 9.621948 4.943524 16.276016
v 18.989269 -5.150063 18.865623
v 19.281591 -4.344499 17.588564
v 5.525348 4.299489 15.567728
v 4.883400 3.626969 16.792839
v 10.280802 -4.299489 12.930149
v 11.429028 -5.860165 14.177455
v 11.040050 -4.943524 15.349524
v 10.071429 -3.626967 14.297319
v 7.711337 4.299489 14.608864
v 9.047461 3.626967 14.966313
v 5.084793 2.272897 14.563364
v 4.511756 1.917372 15.945576
v 7.270783 2.272897 13.604499
v 8.675816 1.917372 14.119052
v 14.413599 -6.976091 17.419565
v 13.557778 -5.884898 18.084505
v 14.400868 -3.331632 24.224318
v 12.970037 -2.810504 24.008858
v 16.399220 -3.331632 22.918732
v 16.776667 -2.810503 21.521864
v 14.810102 -1.152162 24.850695
v 13.315258 -0.971946 24.537260
v 9.538002 -2.272896 12.123252
v 9.444816 -1.917374 13.616639
v 16.808451 -1.152162 23.545109
v 17.121891 -0.971940 22.050266
v 14.810103 1.152162 24.850698
v 13.315256 0.971946 24.537260
v 15.072835 -5.860166 10.219226
v 16.208778 -4.943523 9.734788
v 16.808453 1.152162 23.545111
v 17.121889 0.971940 22.050266
v 14.614458 -6.785802 14.113310
v 15.591084 -5.724373 13.579601
v 14.400868 3.331632 24.224318
v 12.970037 2.810499 24.008860
v 16.399220 3.331633 22.918734
v 16.776667 2.810500 21.521866
v 13.626747 5.150066 23.039438
v 12.317004 4.344498 23.009317
v 15.625098 5.150066 21.733852
v 16.123636 4.344499 20.522322
v 12.858253 -6.785802 15.730009
v 12.245717 -5.724373 16.659229
v 12.571629 6.410413 21.424458
v 11.426925 5.407702 21.646954
v 11.037326 0.000000 10.227509
v 12.573486 0.000000 10.301613
v 14.569983 6.410413 20.118872
v 15.233555 5.407702 19.159956
v 24.277020 -6.410413 5.261141
v 26.179815 -5.150068 5.578660
v 25.270586 -4.344500 6.521872
v 23.665428 -5.407702 6.254017
v 11.349850 6.976091 19.554384
v 10.396255 5.884898 20.069391
v 21.835461 -5.150067 15.482790
v 21.913601 -4.344497 14.175033
v 13.348202 6.976091 18.248796
v 14.202887 5.884898 17.582396
v 10.093808 6.785802 17.631868
v 9.336685 5.724373 18.447598
v 12.092161 6.785802 16.326283
v 13.143314 5.724373 15.960600
v 8.939618 5.860165 15.865248
v 8.363029 4.943523 16.957306
v 9.281122 -0.000000 11.844209
v 9.228120 0.000000 13.381239
v 10.937970 5.860165 14.559660
v 12.169662 4.943524 14.470313
v 15.058280 -4.299489 6.792047
v 14.093727 -2.272896 6.270057
v 15.518539 -1.917372 5.813120
v 16.332218 -3.626968 6.253460
v 8.012353 4.299489 14.445961
v 7.580806 3.626966 15.760023
v 10.010704 4.299488 13.140373
v 11.387437 3.626966 13.273028
v 7.412494 2.272896 13.527808
v 7.074777 1.917372 14.985488
v 13.922173 -4.299489 8.891387
v 15.413183 -5.860165 9.698282
v 15.425854 -4.943524 10.933147
v 14.168063 -3.626967 10.252464
v 9.410847 2.272897 12.222221
v 10.881410 1.917373 12.498493
v 15.970836 -4.299489 4.220902
v 14.933522 -2.272896 3.864792
v 16.263693 -1.917372 3.179571
v 17.138752 -3.626967 3.479978
v 18.191650 -3.331632 21.523624
v 16.744869 -2.810499 21.546614
v 17.084183 -6.976091 14.809584
v 16.349480 -5.884898 15.606320
v 19.947855 -3.331632 19.906927
v 20.090240 -2.810501 18.466986
v 11.403338 -2.272895 10.388005
v 11.557227 -1.917373 11.876360
v 18.698402 -1.152162 22.074104
v 17.172356 -0.971941 22.010986
v 20.454605 -1.152162 20.457405
v 20.517723 -0.971942 18.931358
v 16.549292 -5.860166 7.598942
v 17.590006 -4.943524 6.934144
v 18.698402 1.152162 22.074104
v 17.172356 0.971941 22.010986
v 20.454605 1.152162 20.457405
v 20.517723 0.971942 18.931360
v 18.191650 3.331632 21.523624
v 16.744869 2.810502 21.546612
v 16.738111 -6.785802 11.515362
v 17.613573 -5.724373 10.828187
v 19.947853 3.331633 19.906927
v 20.090239 2.810504 18.466984
v 17.233065 5.150067 20.482323
v 15.936226 4.344498 20.668190
v 18.989267 5.150066 18.865623
v 19.281591 4.344499 17.588564
v 12.570185 0.000000 8.271336
v 14.097591 0.000000 8.091585
v 15.926517 6.410413 19.063034
v 14.834046 5.407702 19.470907
v 15.271958 -6.785802 13.399073
v 14.820723 -5.724373 14.416439
v 17.682722 6.410412 17.446337
v 18.179415 5.407702 16.391279
v 24.086037 -5.150067 11.677625
v 23.947863 -4.344497 10.374841
v 14.413597 6.976092 17.419565
v 13.557779 5.884898 18.084505
v 23.079958 -6.410413 9.185253
v 24.904537 -5.150067 9.811631
v 23.852465 -4.344497 10.592324
v 22.313286 -5.407701 10.063922
v 16.169802 6.976091 15.802867
v 16.903145 5.884898 15.004878
v 12.858253 6.785802 15.730009
v 12.245716 5.724373 16.659231
v 14.614456 6.785802 14.113311
v 15.591085 5.724373 13.579602
v 11.104034 -0.000002 10.155047
v 11.304741 0.000000 11.679841
v 11.429028 5.860166 14.177456
v 11.040051 4.943525 15.349525
v 13.185230 5.860166 12.560757
v 14.385420 4.943525 12.269897
v 10.280803 4.299489 12.930150
v 10.071428 3.626967 14.297321
v 24.669914 -6.410413 2.906655
v 22.466568 -6.976091 2.538982
v 22.555143 -5.884898 1.458829
v 24.413845 -5.407702 1.768991
v 12.037005 4.299491 11.313450
v 13.416795 3.626966 11.217692
v 16.447754 -4.299489 1.534621
v 15.365973 -2.272896 1.354105
v 16.565218 -1.917373 0.459290
v 17.477785 -3.626964 0.611570
v 9.538001 2.272896 12.123252
v 9.444816 1.917371 13.616638
v 11.294205 2.272897 10.506554
v 12.790184 1.917373 10.537011
v 17.574324 -5.860166 4.771379
v 18.491423 -4.943524 3.944349
v 21.486216 -3.331634 18.235823
v 20.062948 -2.810503 18.496630
v 19.288754 -6.976091 11.795636
v 18.695210 -5.884898 12.702433
v 22.952364 -3.331631 16.352110
v 22.855803 -2.810497 14.908375
v 12.957620 -2.272897 8.369398
v 13.354386 -1.917373 9.812124
v 22.076660 -1.152163 18.695387
v 20.561039 -0.971939 18.884306
v 23.855028 -6.410413 6.927547
v 21.742250 -6.976091 6.202229
v 22.007406 -5.884898 5.151388
v 23.789703 -5.407703 5.763250
v 23.542812 -1.152161 16.811674
v 23.353889 -0.971936 15.296055
v 22.076658 1.152163 18.695385
v 20.561037 0.971943 18.884308
v 23.542812 1.152162 16.811674
v 23.353889 0.971936 15.296054
v 21.486216 3.331631 18.235826
v 20.062950 2.810504 18.496628
v 18.405190 -6.785802 8.603305
v 19.155607 -5.724373 7.781401
v 22.952364 3.331631 16.352112
v 22.855803 2.810498 14.908375
v 20.369308 5.150069 17.366501
v 19.120749 4.344497 17.763288
v 21.835461 5.150066 15.482790
v 21.913599 4.344497 14.175034
v 13.760159 -0.000000 6.089540
v 15.237148 0.000000 5.660840
v 18.846973 6.410414 16.181622
v 17.836538 5.407703 16.763741
v 17.269083 -6.785802 10.702646
v 16.991455 -5.724373 11.780407
v 20.313126 6.410414 14.297911
v 20.629389 5.407703 13.175486
v 17.084185 6.976091 14.809586
v 16.349478 5.884898 15.606322
v 18.550333 6.976091 12.925873
v 19.142328 5.884898 12.018067
v 16.054859 -4.299489 3.889107
v 17.727085 -5.860168 4.168152
v 18.140026 -4.943524 5.331993
v 16.729368 -3.626965 5.096596
v 15.271958 6.785802 13.399075
v 14.820723 5.724373 14.416439
v 16.738110 6.785802 11.515363
v 17.613573 5.724373 10.828183
v 12.624053 0.000000 8.188881
v 13.072995 0.000000 9.659844
v 13.606685 5.860166 12.102939
v 13.415928 4.943524 13.323046
v 15.072835 5.860166 10.219228
v 16.208780 4.943524 9.734792
v 25.679607 -5.150067 7.553926
v 25.328886 -4.344497 6.291654
v 12.268816 4.299488 11.061634
v 12.287330 3.626966 12.444619
v 15.195766 -4.299489 6.478607
v 16.799253 -5.860166 7.029085
v 17.015001 -4.943525 8.245022
v 15.662330 -3.626967 7.780649
v 13.734967 4.299490 9.177923
v 15.080180 3.626966 8.856365
v 11.403337 2.272897 10.388003
v 11.557227 1.917374 11.876361
v 12.869489 2.272896 8.504293
v 14.350077 1.917371 8.288105
v 20.967180 -6.976091 8.459935
v 20.530985 -5.884898 9.452061
v 24.194691 -3.331633 14.450596
v 22.833763 -2.810503 14.942105
v 25.330795 -3.331632 12.351254
v 24.997917 -2.810498 10.943104
v 24.852722 -1.152162 14.806705
v 23.388868 -0.971941 15.242514
v 14.158452 -2.272897 6.122498
v 14.787271 -1.917372 7.480240
v 25.988827 -1.152162 12.707364
v 25.553020 -0.971941 11.243509
v 24.852722 1.152163 14.806705
v 23.388866 0.971946 15.242514
v 18.119976 -5.860165 1.813666
v 18.888447 -4.943525 0.846967
v 25.988827 1.152162 12.707364
v 25.553020 0.971941 11.243509
v 19.570225 -6.785802 5.456573
v 20.175127 -5.724373 4.522367
v 24.194689 3.331632 14.450596
v 22.833761 2.810503 14.942104
v 25.330797 3.331632 12.351255
v 24.997913 2.810503 10.943104
v 22.949930 5.150068 13.776966
v 21.783707 4.344498 14.373845
v 24.086037 5.150066 11.677625
v 23.947863 4.344497 10.374841
v 18.795153 -6.785802 7.714278
v 18.698706 -5.724373 8.823035
v 21.253334 6.410413 12.858814
v 20.352493 5.407702 13.599310
v 14.574795 0.000000 3.741641
v 15.961077 -0.000003 3.075681
v 22.389441 6.410413 10.759474
v 22.516644 5.407702 9.600307
v 19.288754 6.976091 11.795636
v 18.695210 5.884898 12.702435
v 26.572708 -5.150067 3.224174
v 26.019003 -4.344499 2.036845
v 20.424860 6.976091 9.696297
v 20.859362 5.884898 8.703429
v 17.269083 6.785802 10.702645
v 16.991453 5.724373 11.780408
v 18.405190 6.785802 8.603306
v 19.155605 5.724373 7.781404
v 15.413183 5.860165 9.698283
v 15.425853 4.943524 10.933145
v 13.799723 -0.000000 5.999345
v 14.484655 -0.000000 7.376353
v 16.549290 5.860166 7.598942
v 17.590006 4.943524 6.934142
v 13.922171 4.299488 8.891386
v 14.168061 3.626966 10.252465
v 15.058277 4.299489 6.792047
v 16.332214 3.626965 6.253461
v 12.957620 2.272895 8.369398
v 13.354386 1.917373 9.812123
v 14.093725 2.272895 6.270058
v 15.518538 1.917372 5.813120
v 26.243195 -3.331632 10.271193
v 24.981731 -2.810499 10.980001
v 22.073673 -6.976091 4.893468
v 21.806726 -5.884898 5.943856
v 27.018265 -3.331632 8.013487
v 26.458153 -2.810499 6.679330
v 14.973080 -2.272897 3.708591
v 15.816800 -1.917371 4.944316
v 26.950869 -1.152162 10.514137
v 25.578711 -0.971944 11.184944
v 27.725939 -1.152162 8.256432
v 27.055132 -0.971943 6.884274
v 26.950869 1.152162 10.514137
v 25.578711 0.971943 11.184944
v 27.725939 1.152162 8.256432
v 27.055132 0.971944 6.884274
v 26.243195 3.331632 10.271193
v 24.981728 2.810504 10.980001
v 20.201435 -6.785802 2.160999
v 20.644320 -5.724373 1.139970
v 27.018265 3.331631 8.013487
v 26.458149 2.810504 6.679330
v 24.904537 5.150066 9.811632
v 23.852463 4.344501 10.592321
v 25.679607 5.150067 7.553926
v 25.328886 4.344497 6.291653
v 14.991867 0.000000 1.291678
v 16.249628 -0.000000 0.406628
v 23.079958 6.410413 9.185253
v 22.313284 5.407702 10.063925
v 19.808540 -6.785802 4.515485
v 19.895905 -5.724373 5.624997
v 23.855028 6.410413 6.927547
v 23.789705 5.407702 5.763253
v 20.967178 6.976091 8.459936
v 20.530983 5.884898 9.452058
v 21.742249 6.976091 6.202230
v 22.007404 5.884898 5.151389
v 18.795153 6.785802 7.714279
v 18.698706 5.724373 8.823037
v 19.570223 6.785802 5.456573
v 20.175127 5.724373 4.522366
v 14.598973 -0.000000 3.646163
v 15.501211 -0.000000 4.891654
v 16.799253 5.860166 7.029086
v 17.015001 4.943525 8.245022
v 17.574324 5.860165 4.771380
v 18.491423 4.943525 3.944351
v 15.195765 4.299489 6.478608
v 15.662330 3.626967 7.780649
v 15.970837 4.299489 4.220902
v 17.138752 3.626967 3.479979
v 14.158452 2.272897 6.122498
v 14.787271 1.917372 7.480241
v 14.933522 2.272897 3.864792
v 16.263693 1.917373 3.179570
v 27.575855 -3.331632 5.811618
v 26.448263 -2.810500 6.718390
v 27.968750 -3.331631 3.457132
v 27.196680 -2.810499 2.233365
v 28.313862 -1.152162 5.934770
v 27.070831 -0.971940 6.822278
v 28.706757 -1.152162 3.580284
v 27.819248 -0.971940 2.337251
v 28.313862 1.152162 5.934770
v 27.070831 0.971940 6.822278
v 28.706755 1.152162 3.580284
v 27.819248 0.971940 2.337252
v 27.575857 3.331633 5.811619
v 26.448263 2.810499 6.718391
v 27.968750 3.331631 3.457133
v 27.196680 2.810500 2.233365
v 26.179813 5.150067 5.578661
v 25.270588 4.344499 6.521872
v 26.572706 5.150065 3.224175
v 26.019003 4.344499 2.036845
v 24.277020 6.410413 5.261142
v 23.665428 5.407702 6.254018
v 24.669914 6.410413 2.906656
v 24.413845 5.407702 1.768992
v 22.073673 6.976091 4.893469
v 21.806726 5.884898 5.943857
v 22.466568 6.976091 2.538983
v 22.555143 5.884898 1.458830
v 19.808540 6.785802 4.515486
v 19.895905 5.724373 5.624998
v 20.201435 6.785803 2.161000
v 20.644320 5.724373 1.139971
v 17.727085 5.860167 4.168153
v 18.140026 4.943524 5.331993
v 18.119974 5.860164 1.813667
v 18.888445 4.943525 0.846967
v 16.054859 4.299489 3.889108
v 16.729368 3.626965 5.096598
v 16.447754 4.299489 1.534622
v 17.477787 3.626967 0.611571
v 14.973080 2.272896 3.708591
v 15.816800 1.917370 4.944316
v 15.365973 2.272897 1.354105
v 16.565218 1.917373 0.459289
vn -1.0000 -0.0000 -0.0000
vn -0.0000 -0.0000 1.0000
vn -0.5660 -0.1156 -0.8162
vn 0.6642 -0.2280 -0.7119
vn -0.7264 -0.3342 0.6006
vn -0.0580 -0.6998 -0.7119
vn -0.4920 -0.3342 -0.8039
vn 0.4960 -0.5879 0.6390
vn 0.3970 0.2280 0.8890
vn 0.8594 0.2280 -0.4577
vn 0.2930 0.4313 0.8533
vn 0.7553 0.4313 -0.4934
vn 0.1321 0.5879 0.7981
vn 0.5944 0.5879 -0.5487
vn 0.8098 -0.0000 -0.5867
vn -0.0681 0.6807 0.7293
vn 0.3942 0.6807 -0.6174
vn -0.2860 0.6998 0.6545
vn -0.3954 -0.6431 -0.6558
vn -0.5863 -0.5167 -0.6240
vn 0.1763 0.6998 -0.6922
vn -0.4756 -0.5167 0.7119
vn -0.4756 -0.5166 0.7119
vn -0.4980 0.6431 0.5818
vn 0.2872 -0.6807 -0.6739
vn -0.0356 0.6431 -0.7650
vn 0.5755 -0.0000 0.8178
vn -0.6810 0.5167 0.5189
vn -0.2187 0.5167 -0.8278
vn -0.8153 0.3342 0.4728
vn 0.0529 -0.6807 0.7306
vn -0.3530 0.3342 -0.8739
vn -0.8863 0.1156 0.4485
vn -0.4240 0.1156 -0.8983
vn 0.3841 -0.5879 0.7119
vn -0.8863 -0.1156 0.4485
vn -0.4240 -0.1156 -0.8983
vn 0.7723 -0.2280 -0.5929
vn -0.8153 -0.3342 0.4728
vn 0.0600 -0.6998 -0.7118
vn -0.3530 -0.3342 -0.8739
vn 0.6638 -0.4313 0.6110
vn 0.7723 -0.2280 0.5929
vn 0.2453 0.2280 0.9423
vn 0.9230 0.2280 -0.3100
vn 0.5542 -0.4313 -0.7119
vn 0.3841 -0.5879 -0.7119
vn 0.1485 0.4313 0.8899
vn 0.5542 -0.4313 0.7119
vn 0.6642 -0.2280 0.7119
vn 0.8262 0.4313 -0.3624
vn -0.0011 0.5879 0.8089
vn 0.6766 0.5879 -0.4433
vn 0.8954 -0.0000 -0.4454
vn -0.1872 0.6807 0.7082
vn 0.4905 0.6807 -0.5441
vn -0.3898 0.6998 0.5985
vn -0.3899 0.6998 0.5985
vn -0.7148 -0.6431 -0.2747
vn -0.8459 -0.5167 -0.1323
vn 0.2878 0.6998 -0.6537
vn -0.5863 -0.5167 0.6240
vn -0.5869 0.6431 0.4919
vn 0.3942 -0.6807 -0.6174
vn 0.0908 0.6431 -0.7604
vn 0.4330 -0.0000 0.9014
vn -0.7571 0.5167 0.3998
vn -0.0794 0.5166 -0.8525
vn -0.0794 0.5167 -0.8525
vn -0.8820 0.3342 0.3322
vn -0.0681 -0.6807 0.7293
vn -0.2043 0.3342 -0.9201
vn -0.9480 0.1156 0.2965
vn -0.2703 0.1156 -0.9558
vn 0.2617 -0.5879 0.7655
vn -0.9480 -0.1156 0.2965
vn -0.2703 -0.1156 -0.9558
vn 0.8594 -0.2280 -0.4577
vn -0.8820 -0.3342 0.3322
vn 0.1763 -0.6998 -0.6922
vn -0.2043 -0.3342 -0.9201
vn 0.0869 0.2280 0.9698
vn 0.6638 -0.4313 -0.6110
vn 0.4960 -0.5879 -0.6390
vn 0.9614 0.2280 -0.1539
vn -0.0000 0.4313 0.9022
vn 0.8746 0.4313 -0.2215
vn 0.4294 -0.4313 0.7934
vn 0.5379 -0.2280 0.8116
vn -0.1342 0.5879 0.7977
vn 0.9564 -0.0000 -0.2919
vn 0.7404 0.5879 -0.3259
vn -0.3012 0.6807 0.6677
vn 0.5733 0.6807 -0.4559
vn -0.4830 0.6998 0.5262
vn -0.6810 -0.5167 0.5189
vn 0.3915 0.6998 -0.5974
vn -0.2821 -0.6431 -0.7119
vn -0.4756 -0.5167 -0.7119
vn -0.6599 0.6431 0.3886
vn 0.2787 -0.0000 0.9604
vn 0.2147 0.6431 -0.7351
vn 0.4905 -0.6807 -0.5441
vn -0.8126 0.5166 0.2697
vn -0.8126 0.5167 0.2697
vn 0.0620 0.5167 -0.8540
vn -0.9247 0.3342 0.1825
vn -0.0501 0.3342 -0.9412
vn -0.1872 -0.6807 0.7082
vn -0.9839 0.1156 0.1364
vn 0.1321 -0.5879 0.7981
vn -0.1093 0.1156 -0.9873
vn -0.9839 -0.1156 0.1364
vn 0.9230 -0.2280 -0.3100
vn -0.1093 -0.1156 -0.9873
vn -0.9247 -0.3342 0.1825
vn -0.2821 -0.6431 0.7119
vn -0.0580 -0.6998 0.7119
vn -0.0501 -0.3342 -0.9412
vn 0.2878 -0.6998 -0.6537
vn -0.0740 0.2280 0.9708
vn 0.9736 0.2280 0.0065
vn -0.1485 0.4313 0.8899
vn -0.7571 -0.5167 0.3998
vn 0.8991 0.4313 -0.0745
vn 0.8262 -0.4313 -0.3624
vn 0.6766 -0.5879 -0.4433
vn -0.2637 0.5879 0.7648
vn 0.9914 -0.0000 -0.1305
vn 0.7839 0.5879 -0.1996
vn -0.4070 0.6807 0.6090
vn 0.7553 -0.4313 -0.4934
vn 0.5944 -0.5879 -0.5487
vn 0.6406 0.6807 -0.3554
vn -0.5631 0.6998 0.4395
vn 0.4845 0.6998 -0.5248
vn 0.4845 0.6998 -0.5249
vn -0.7148 0.6431 0.2746
vn -0.7148 0.6431 0.2747
vn 0.1169 -0.0000 0.9931
vn 0.3327 0.6431 -0.6897
vn 0.5733 -0.6807 -0.4559
vn -0.8459 0.5166 0.1323
vn -0.8459 0.5167 0.1323
vn 0.2017 0.5166 -0.8321
vn 0.2017 0.5167 -0.8321
vn -0.1611 -0.6431 -0.7487
vn -0.3519 -0.5166 -0.7805
vn -0.3519 -0.5167 -0.7805
vn -0.9421 0.3342 0.0278
vn 0.1055 0.3342 -0.9366
vn -0.3012 -0.6807 0.6677
vn -0.9929 0.1156 -0.0274
vn -0.3954 -0.6431 0.6558
vn -0.1744 -0.6998 0.6927
vn 0.0547 0.1156 -0.9918
vn -0.9929 -0.1156 -0.0274
vn 0.9614 -0.2280 -0.1539
vn 0.0547 -0.1156 -0.9918
vn -0.5869 -0.6431 0.4919
vn -0.3899 -0.6998 0.5985
vn -0.3898 -0.6998 0.5985
vn -0.9421 -0.3342 0.0278
vn -0.0011 -0.5879 0.8089
vn 0.1055 -0.3342 -0.9366
vn 0.3915 -0.6998 -0.5974
vn -0.2327 0.2280 0.9454
vn 0.9593 0.2280 0.1666
vn -0.2929 0.4313 0.8533
vn -0.8126 -0.5167 0.2697
vn 0.8991 0.4313 0.0745
vn 0.8746 -0.4313 -0.2215
vn 0.7404 -0.5879 -0.3259
vn -0.3859 0.5879 0.7109
vn 0.9994 -0.0000 0.0345
vn 0.8061 0.5879 -0.0679
vn -0.5017 0.6807 0.5337
vn 0.2930 -0.4313 0.8533
vn 0.3970 -0.2280 0.8890
vn 0.6903 0.6807 -0.2451
vn -0.6277 0.6998 0.3408
vn 0.5643 0.6998 -0.4379
vn -0.7503 0.6431 0.1532
vn -0.0482 -0.0000 0.9988
vn 0.4417 0.6431 -0.6255
vn 0.6406 -0.6807 -0.3554
vn -0.8562 0.5167 -0.0088
vn 0.3359 0.5167 -0.7876
vn 0.0908 -0.6431 -0.7604
vn -0.0794 -0.5167 -0.8525
vn -0.9338 0.3342 -0.1276
vn 0.2582 0.3342 -0.9064
vn -0.4070 -0.6807 0.6090
vn -0.9749 0.1156 -0.1905
vn 0.1485 -0.4313 0.8899
vn 0.2453 -0.2280 0.9423
vn 0.2172 0.1156 -0.9693
vn -0.9749 -0.1156 -0.1905
vn 0.9736 -0.2280 0.0065
vn 0.2172 -0.1156 -0.9693
vn -0.6599 -0.6431 0.3886
vn -0.4830 -0.6998 0.5262
vn -0.9338 -0.3342 -0.1276
vn -0.1342 -0.5879 0.7977
vn 0.2582 -0.3342 -0.9064
vn 0.4845 -0.6998 -0.5249
vn -0.3852 0.2280 0.8942
vn 0.9188 0.2280 0.3223
vn -0.4294 0.4313 0.7935
vn -0.8459 -0.5167 0.1323
vn 0.8746 0.4313 0.2215
vn 0.8991 -0.4313 -0.0745
vn 0.7839 -0.5879 -0.1996
vn -0.4977 0.5879 0.6377
vn 0.9801 -0.0000 0.1985
vn 0.8063 0.5879 0.0658
vn 0.8063 0.5879 0.0657
vn -0.5827 0.6807 0.4439
vn -0.4980 -0.6431 0.5818
vn -0.2860 -0.6998 0.6545
vn 0.7212 0.6807 -0.1281
vn -0.6753 0.6998 0.2329
vn 0.6287 0.6998 -0.3391
vn -0.7653 0.6431 0.0277
vn -0.2119 -0.0000 0.9773
vn 0.5387 0.6431 -0.5443
vn 0.6903 -0.6807 -0.2451
vn -0.8430 0.5167 -0.1496
vn 0.4609 0.5167 -0.7215
vn 0.2147 -0.6431 -0.7351
vn 0.0620 -0.5167 -0.8540
vn -0.9001 0.3342 -0.2796
vn 0.4039 0.3342 -0.8516
vn -0.5017 -0.6807 0.5337
vn -0.9302 0.1156 -0.3483
vn -0.0000 -0.4313 0.9022
vn 0.0869 -0.2280 0.9698
vn 0.0868 -0.2280 0.9698
vn 0.3737 0.1156 -0.9203
vn -0.9302 -0.1156 -0.3483
vn 0.9593 -0.2280 0.1666
vn 0.3737 -0.1156 -0.9203
vn -0.7148 -0.6431 0.2747
vn -0.5631 -0.6998 0.4395
vn -0.7148 -0.6431 0.2746
vn -0.9001 -0.3342 -0.2796
vn -0.2637 -0.5879 0.7648
vn 0.4039 -0.3342 -0.8516
vn 0.5643 -0.6998 -0.4379
vn -0.5271 0.2280 0.8186
vn 0.8532 0.2280 0.4691
vn -0.5541 0.4313 0.7120
vn 0.8991 -0.4313 0.0745
vn 0.8061 -0.5879 -0.0679
vn 0.8262 0.4313 0.3624
vn -0.8562 -0.5167 -0.0088
vn -0.5959 0.5879 0.5471
vn 0.7844 0.5879 0.1976
vn 0.9341 -0.0000 0.3571
vn -0.6478 0.6807 0.3419
vn 0.7325 0.6807 -0.0077
vn -0.7044 0.6998 0.1186
vn 0.6759 0.6998 -0.2310
vn -0.7594 0.6431 -0.0987
vn 0.7212 -0.6807 -0.1281
vn 0.6209 0.6431 -0.4482
vn -0.3699 -0.0000 0.9291
vn -0.8069 0.5167 -0.2863
vn -0.8069 0.5166 -0.2863
vn 0.3327 -0.6431 -0.6897
vn 0.2017 -0.5166 -0.8321
vn 0.2017 -0.5167 -0.8321
vn 0.5734 0.5166 -0.6358
vn 0.5734 0.5167 -0.6358
vn -0.8418 0.3342 -0.4239
vn -0.5827 -0.6807 0.4439
vn 0.5385 0.3342 -0.7735
vn -0.8602 0.1156 -0.4967
vn 0.5201 0.1156 -0.8462
vn -0.1485 -0.4313 0.8899
vn -0.0740 -0.2280 0.9708
vn -0.8602 -0.1156 -0.4967
vn -0.7503 -0.6431 0.1532
vn -0.6277 -0.6998 0.3408
vn -0.6277 -0.6998 0.3409
vn 0.5201 -0.1156 -0.8462
vn 0.9188 -0.2280 0.3223
vn -0.8418 -0.3342 -0.4239
vn 0.6287 -0.6998 -0.3391
vn 0.5385 -0.3342 -0.7735
vn -0.3859 -0.5879 0.7109
vn -0.6547 0.2280 0.7207
vn 0.7644 0.2280 0.6031
vn -0.6638 0.4313 0.6111
vn 0.7553 0.4313 0.4935
vn -0.6778 0.5879 0.4416
vn 0.7412 0.5879 0.3240
vn 0.8625 -0.0000 0.5060
vn -0.6953 0.6807 0.2306
vn 0.7237 0.6807 0.1130
vn -0.7143 0.6998 0.0010
vn 0.4417 -0.6431 -0.6255
vn 0.3359 -0.5167 -0.7876
vn 0.7047 0.6998 -0.1166
vn -0.8430 -0.5167 -0.1496
vn -0.7328 0.6431 -0.2223
vn 0.7325 -0.6807 -0.0077
vn 0.6862 0.6431 -0.3399
vn -0.5178 -0.0000 0.8555
vn -0.7488 0.5167 -0.4152
vn 0.6702 0.5167 -0.5328
vn -0.7605 0.3342 -0.5567
vn -0.6478 -0.6807 0.3419
vn 0.6585 0.3342 -0.6743
vn -0.7667 0.1156 -0.6315
vn 0.6523 0.1156 -0.7491
vn -0.4977 -0.5879 0.6377
vn -0.7667 -0.1156 -0.6315
vn 0.6523 -0.1156 -0.7491
vn 0.8532 -0.2280 0.4691
vn -0.7605 -0.3342 -0.5567
vn 0.6759 -0.6998 -0.2310
vn 0.6585 -0.3342 -0.6743
vn -0.2929 -0.4313 0.8533
vn -0.2327 -0.2280 0.9454
vn -0.7644 0.2280 0.6031
vn 0.8746 -0.4313 0.2215
vn 0.8063 -0.5879 0.0658
vn 0.6547 0.2280 0.7207
vn -0.7553 0.4313 0.4935
vn 0.6638 0.4313 0.6111
vn -0.4294 -0.4313 0.7935
vn -0.3852 -0.2280 0.8942
vn -0.7412 0.5879 0.3240
vn 0.7675 -0.0000 0.6410
vn 0.6778 0.5879 0.4416
vn -0.7237 0.6807 0.1130
vn 0.6953 0.6807 0.2306
vn -0.7047 0.6998 -0.1166
vn -0.8069 -0.5167 -0.2863
vn 0.7143 0.6998 0.0010
vn -0.0356 -0.6431 -0.7650
vn -0.2187 -0.5166 -0.8278
vn -0.2187 -0.5167 -0.8278
vn -0.6862 0.6431 -0.3399
vn -0.6515 -0.0000 0.7586
vn 0.7328 0.6431 -0.2223
vn 0.7237 -0.6807 0.1130
vn -0.6702 0.5166 -0.5328
vn -0.6702 0.5167 -0.5328
vn 0.7488 0.5167 -0.4152
vn -0.6585 0.3342 -0.6743
vn 0.7605 0.3342 -0.5567
vn -0.6953 -0.6807 0.2306
vn -0.6523 0.1156 -0.7491
vn -0.5959 -0.5879 0.5471
vn 0.7667 0.1156 -0.6315
vn -0.6523 -0.1156 -0.7491
vn 0.7644 -0.2280 0.6031
vn 0.7667 -0.1156 -0.6315
vn -0.6585 -0.3342 -0.6743
vn 0.7605 -0.3342 -0.5567
vn 0.7047 -0.6998 -0.1166
vn -0.8532 0.2280 0.4691
vn 0.5271 0.2280 0.8186
vn -0.8262 0.4313 0.3624
vn 0.7553 -0.4313 0.4935
vn 0.7412 -0.5879 0.3240
vn 0.5541 0.4313 0.7120
vn -0.7488 -0.5167 -0.4152
vn -0.7844 0.5879 0.1976
vn 0.5959 0.5879 0.5471
vn 0.6515 -0.0000 0.7586
vn -0.7325 0.6807 -0.0077
vn 0.6478 0.6807 0.3419
vn 0.8262 -0.4313 0.3624
vn 0.7844 -0.5879 0.1976
vn -0.6759 0.6998 -0.2310
vn 0.7044 0.6998 0.1186
vn -0.6209 0.6431 -0.4482
vn 0.6953 -0.6807 0.2306
vn 0.7594 0.6431 -0.0987
vn -0.7675 -0.0000 0.6410
vn -0.5734 0.5167 -0.6358
vn 0.5387 -0.6431 -0.5443
vn 0.4609 -0.5167 -0.7215
vn 0.8069 0.5167 -0.2863
vn -0.5385 0.3342 -0.7735
vn -0.7237 -0.6807 0.1130
vn 0.8418 0.3342 -0.4239
vn -0.5201 0.1156 -0.8462
vn 0.8602 0.1156 -0.4967
vn -0.7653 -0.6431 0.0277
vn -0.6753 -0.6998 0.2329
vn -0.5201 -0.1156 -0.8462
vn -0.7328 -0.6431 -0.2223
vn -0.7143 -0.6998 0.0010
vn 0.8602 -0.1156 -0.4967
vn 0.6547 -0.2280 0.7207
vn -0.5385 -0.3342 -0.7735
vn 0.7143 -0.6998 0.0010
vn 0.8418 -0.3342 -0.4239
vn -0.6778 -0.5879 0.4416
vn -0.9188 0.2280 0.3223
vn 0.3852 0.2280 0.8942
vn -0.5541 -0.4313 0.7120
vn -0.5271 -0.2280 0.8186
vn -0.8746 0.4313 0.2215
vn -0.7594 -0.6431 -0.0987
vn -0.7044 -0.6998 0.1186
vn 0.4294 0.4313 0.7935
vn -0.8063 0.5879 0.0657
vn -0.8063 0.5879 0.0658
vn 0.4977 0.5879 0.6377
vn 0.5178 -0.0000 0.8555
vn -0.7212 0.6807 -0.1281
vn 0.5827 0.6807 0.4439
vn -0.6287 0.6998 -0.3391
vn 0.6862 -0.6431 -0.3399
vn 0.6702 -0.5166 -0.5328
vn 0.6702 -0.5167 -0.5328
vn 0.6753 0.6998 0.2329
vn -0.6702 -0.5167 -0.5328
vn -0.5387 0.6431 -0.5443
vn 0.6478 -0.6807 0.3419
vn 0.7653 0.6431 0.0277
vn -0.8625 -0.0000 0.5060
vn -0.4609 0.5166 -0.7215
vn -0.4609 0.5167 -0.7215
vn 0.8430 0.5167 -0.1496
vn -0.4039 0.3342 -0.8516
vn -0.7325 -0.6807 -0.0077
vn 0.9001 0.3342 -0.2796
vn -0.3737 0.1156 -0.9203
vn 0.9302 0.1156 -0.3483
vn -0.7412 -0.5879 0.3240
vn -0.3737 -0.1156 -0.9203
vn 0.9302 -0.1156 -0.3483
vn 0.5271 -0.2280 0.8186
vn -0.4039 -0.3342 -0.8516
vn 0.7044 -0.6998 0.1186
vn 0.9001 -0.3342 -0.2796
vn -0.6638 -0.4313 0.6111
vn -0.6547 -0.2280 0.7207
vn -0.9593 0.2280 0.1666
vn 0.2327 0.2280 0.9454
vn 0.6638 -0.4313 0.6111
vn 0.6778 -0.5879 0.4416
vn -0.8991 0.4313 0.0745
vn -0.7553 -0.4313 0.4935
vn -0.7644 -0.2280 0.6031
vn 0.2929 0.4313 0.8533
vn -0.8061 0.5879 -0.0679
vn 0.3859 0.5879 0.7109
vn 0.3699 -0.0000 0.9291
vn -0.6903 0.6807 -0.2451
vn 0.5017 0.6807 0.5337
vn -0.5643 0.6998 -0.4379
vn 0.6209 -0.6431 -0.4482
vn 0.5734 -0.5167 -0.6358
vn 0.6277 0.6998 0.3409
vn -0.5734 -0.5166 -0.6358
vn -0.5734 -0.5167 -0.6358
vn -0.4417 0.6431 -0.6255
vn -0.4417 0.6431 -0.6256
vn 0.5827 -0.6807 0.4439
vn 0.7503 0.6431 0.1532
vn -0.9341 -0.0000 0.3571
vn -0.3359 0.5167 -0.7876
vn 0.8562 0.5167 -0.0088
vn -0.2582 0.3342 -0.9064
vn -0.7212 -0.6807 -0.1281
vn 0.9338 0.3342 -0.1276
vn -0.2172 0.1156 -0.9693
vn 0.9749 0.1156 -0.1905
vn -0.7844 -0.5879 0.1976
vn -0.2172 -0.1156 -0.9693
vn 0.9749 -0.1156 -0.1905
vn 0.3852 -0.2280 0.8942
vn -0.2582 -0.3342 -0.9064
vn 0.6753 -0.6998 0.2329
vn 0.9338 -0.3342 -0.1276
vn -0.9736 0.2280 0.0065
vn 0.5541 -0.4313 0.7120
vn 0.5959 -0.5879 0.5471
vn 0.0740 0.2280 0.9708
vn -0.8991 0.4313 -0.0745
vn -0.8262 -0.4313 0.3624
vn -0.8532 -0.2280 0.4691
vn -0.7839 0.5879 -0.1996
vn 0.2119 -0.0000 0.9773
vn 0.2637 0.5879 0.7648
vn -0.6406 0.6807 -0.3554
vn 0.4070 0.6807 0.6090
vn -0.4845 0.6998 -0.5249
vn -0.4609 -0.5167 -0.7215
vn 0.5631 0.6998 0.4395
vn 0.7328 -0.6431 -0.2223
vn 0.7488 -0.5167 -0.4152
vn -0.3327 0.6431 -0.6897
vn -0.9801 -0.0000 0.1985
vn 0.7148 0.6431 0.2747
vn 0.5017 -0.6807 0.5337
vn -0.2017 0.5167 -0.8321
vn 0.8459 0.5167 0.1323
vn -0.1055 0.3342 -0.9366
vn 0.9421 0.3342 0.0278
vn -0.6903 -0.6807 -0.2451
vn -0.0547 0.1156 -0.9918
vn -0.8063 -0.5879 0.0658
vn -0.8063 -0.5879 0.0657
vn 0.9929 0.1156 -0.0274
vn -0.0547 -0.1156 -0.9918
vn 0.2327 -0.2280 0.9454
vn 0.9929 -0.1156 -0.0274
vn -0.1055 -0.3342 -0.9366
vn -0.6862 -0.6431 -0.3399
vn -0.7047 -0.6998 -0.1166
vn 0.9421 -0.3342 0.0278
vn 0.6277 -0.6998 0.3409
vn 0.6277 -0.6998 0.3408
vn -0.9614 0.2280 -0.1539
vn -0.0869 0.2280 0.9698
vn -0.0868 0.2280 0.9698
vn -0.8746 0.4313 -0.2215
vn 0.2929 -0.4313 0.8533
vn 0.3859 -0.5879 0.7109
vn -0.3359 -0.5167 -0.7876
vn -0.3359 -0.5166 -0.7876
vn -0.7404 0.5879 -0.3259
vn 0.1342 0.5879 0.7977
vn 0.0482 -0.0000 0.9988
vn -0.5733 0.6807 -0.4559
vn 0.3012 0.6807 0.6677
vn 0.4294 -0.4313 0.7935
vn 0.4977 -0.5879 0.6377
vn -0.3915 0.6998 -0.5974
vn 0.4830 0.6998 0.5262
vn -0.2147 0.6431 -0.7351
vn 0.4070 -0.6807 0.6090
vn 0.6599 0.6431 0.3886
vn -0.9994 -0.0000 0.0345
vn -0.0620 0.5167 -0.8540
vn 0.7594 -0.6431 -0.0987
vn 0.8069 -0.5167 -0.2863
vn 0.8069 -0.5166 -0.2863
vn 0.8126 0.5167 0.2697
vn 0.0501 0.3342 -0.9412
vn -0.6405 -0.6807 -0.3554
vn -0.6406 -0.6807 -0.3554
vn 0.9247 0.3342 0.1825
vn 0.1093 0.1156 -0.9873
vn 0.9839 0.1156 0.1364
vn -0.6209 -0.6431 -0.4482
vn -0.6759 -0.6998 -0.2310
vn 0.1093 -0.1156 -0.9873
vn -0.4417 -0.6431 -0.6255
vn -0.5643 -0.6998 -0.4379
vn 0.9839 -0.1156 0.1364
vn 0.0740 -0.2280 0.9708
vn 0.0501 -0.3342 -0.9412
vn 0.5631 -0.6998 0.4395
vn 0.9247 -0.3342 0.1825
vn -0.8061 -0.5879 -0.0679
vn -0.9230 0.2280 -0.3100
vn -0.2453 0.2280 0.9423
vn -0.8746 -0.4313 0.2215
vn -0.9188 -0.2280 0.3223
vn -0.8262 0.4313 -0.3624
vn -0.5387 -0.6431 -0.5443
vn -0.6287 -0.6998 -0.3391
vn -0.6766 0.5879 -0.4433
vn 0.0011 0.5879 0.8089
vn -0.1169 -0.0000 0.9931
vn -0.4905 0.6807 -0.5441
vn 0.1872 0.6807 0.7082
vn -0.2878 0.6998 -0.6537
vn 0.7503 -0.6431 0.1532
vn 0.8562 -0.5167 -0.0088
vn 0.3899 0.6998 0.5985
vn 0.3898 0.6998 0.5985
vn -0.2017 -0.5167 -0.8321
vn -0.0908 0.6431 -0.7604
vn 0.3012 -0.6807 0.6677
vn 0.5869 0.6431 0.4919
vn -0.9914 -0.0000 -0.1305
vn 0.0794 0.5167 -0.8525
vn 0.7571 0.5167 0.3998
vn 0.2043 0.3342 -0.9201
vn 0.8820 0.3342 0.3322
vn 0.2703 0.1156 -0.9558
vn 0.9480 0.1156 0.2965
vn -0.7839 -0.5879 -0.1996
vn 0.2703 -0.1156 -0.9558
vn 0.9480 -0.1156 0.2965
vn -0.0869 -0.2280 0.9698
vn 0.2043 -0.3342 -0.9201
vn 0.4830 -0.6998 0.5262
vn 0.8820 -0.3342 0.3322
vn -0.8991 -0.4313 0.0745
vn -0.9593 -0.2280 0.1666
vn -0.8594 0.2280 -0.4577
vn 0.2637 -0.5879 0.7648
vn -0.3970 0.2280 0.8890
vn -0.7553 0.4313 -0.4934
vn -0.2930 0.4313 0.8533
vn -0.8991 -0.4313 -0.0745
vn -0.9736 -0.2280 0.0065
vn -0.5944 0.5879 -0.5487
vn -0.2787 -0.0000 0.9604
vn -0.1321 0.5879 0.7981
vn -0.3942 0.6807 -0.6174
vn 0.0681 0.6807 0.7293
vn -0.1763 0.6998 -0.6922
vn 0.2860 0.6998 0.6545
vn 0.7653 -0.6431 0.0277
vn 0.8430 -0.5167 -0.1496
vn 0.0356 0.6431 -0.7650
vn -0.9564 -0.0000 -0.2919
vn 0.4980 0.6431 0.5818
vn 0.1872 -0.6807 0.7082
vn 0.2187 0.5166 -0.8278
vn 0.2187 0.5167 -0.8278
vn 0.6810 0.5167 0.5189
vn 0.3530 0.3342 -0.8739
vn 0.8153 0.3342 0.4728
vn -0.4905 -0.6807 -0.5441
vn 0.4240 0.1156 -0.8983
vn -0.7404 -0.5879 -0.3259
vn 0.8863 0.1156 0.4485
vn 0.4240 -0.1156 -0.8983
vn -0.2453 -0.2280 0.9423
vn 0.8863 -0.1156 0.4485
vn 0.3530 -0.3342 -0.8739
vn 0.8153 -0.3342 0.4728
vn 0.3898 -0.6998 0.5985
vn 0.3899 -0.6998 0.5985
vn -0.7723 0.2280 -0.5929
vn -0.5379 0.2280 0.8116
vn -0.6638 0.4313 -0.6110
vn 0.0794 -0.5166 -0.8525
vn 0.0794 -0.5167 -0.8525
vn -0.4294 0.4313 0.7934
vn 0.0011 -0.5879 0.8089
vn -0.4960 0.5879 -0.6390
vn -0.4330 -0.0000 0.9014
vn -0.2617 0.5879 0.7655
vn -0.2872 0.6807 -0.6739
vn 0.1342 -0.5879 0.7977
vn -0.0529 0.6807 0.7306
vn -0.0600 0.6998 -0.7118
vn 0.1744 0.6998 0.6927
vn 0.1611 0.6431 -0.7487
vn -0.8954 -0.0000 -0.4454
vn 0.3954 0.6431 0.6558
vn 0.0681 -0.6807 0.7293
vn 0.3519 0.5166 -0.7805
vn 0.3519 0.5167 -0.7805
vn 0.5863 0.5167 0.6240
vn 0.7148 -0.6431 0.2746
vn 0.8459 -0.5167 0.1323
vn 0.7148 -0.6431 0.2747
vn 0.4920 0.3342 -0.8039
vn 0.7264 0.3342 0.6006
vn -0.3942 -0.6807 -0.6174
vn 0.5660 0.1156 -0.8162
vn -0.3327 -0.6431 -0.6897
vn -0.4845 -0.6998 -0.5249
vn 0.8004 0.1156 0.5882
vn 0.5660 -0.1156 -0.8162
vn -0.3970 -0.2280 0.8890
vn 0.8004 -0.1156 0.5882
vn -0.0908 -0.6431 -0.7604
vn -0.2878 -0.6998 -0.6537
vn 0.4920 -0.3342 -0.8039
vn -0.6766 -0.5879 -0.4433
vn 0.2860 -0.6998 0.6545
vn -0.6642 0.2280 0.7119
vn -0.5542 0.4313 -0.7119
vn 0.2187 -0.5167 -0.8278
vn -0.5542 0.4313 0.7119
vn -0.2930 -0.4313 0.8533
vn -0.1321 -0.5879 0.7981
vn -0.3841 0.5879 -0.7119
vn -0.5755 -0.0000 0.8178
vn -0.3841 0.5879 0.7119
vn -0.1724 0.6807 -0.7119
vn -0.8746 -0.4313 -0.2215
vn -0.9614 -0.2280 -0.1539
vn -0.1724 0.6807 0.7119
vn 0.0580 0.6998 -0.7119
vn 0.0580 0.6998 0.7119
vn 0.2821 0.6431 -0.7119
vn -0.8098 -0.0000 -0.5867
vn 0.2821 0.6431 0.7119
vn -0.0529 -0.6807 0.7306
vn 0.4756 0.5167 -0.7119
vn 0.4756 0.5167 0.7119
vn 0.4756 0.5166 0.7119
vn 0.5869 -0.6431 0.4919
vn 0.7571 -0.5167 0.3998
vn 0.6176 0.3342 -0.7119
vn 0.6176 0.3342 0.7119
vn -0.2872 -0.6807 -0.6739
vn 0.6927 0.1156 -0.7119
vn -0.8262 -0.4313 -0.3624
vn -0.9230 -0.2280 -0.3100
vn 0.6927 0.1156 0.7119
vn 0.6927 -0.1156 -0.7119
vn -0.5379 -0.2280 0.8116
vn 0.6927 -0.1156 0.7119
vn 0.0356 -0.6431 -0.7650
vn -0.1763 -0.6998 -0.6922
vn 0.6176 -0.3342 -0.7119
vn -0.5944 -0.5879 -0.5487
vn 0.6176 -0.3342 0.7119
vn 0.4756 -0.5167 -0.7119
vn -0.7723 -0.2280 -0.5929
vn 0.4756 -0.5167 0.7119
vn 0.2821 -0.6431 -0.7119
vn 0.2821 -0.6431 0.7119
vn -0.0600 -0.6998 -0.7118
vn 0.0580 -0.6998 -0.7119
vn 0.4980 -0.6431 0.5818
vn 0.6810 -0.5167 0.5189
vn 0.0580 -0.6998 0.7119
vn -0.1724 -0.6807 -0.7119
vn -0.4294 -0.4313 0.7934
vn -0.2617 -0.5879 0.7655
vn 0.6599 -0.6431 0.3886
vn 0.8126 -0.5167 0.2697
vn 0.1744 -0.6998 0.6927
vn -0.7553 -0.4313 -0.4934
vn -0.8594 -0.2280 -0.4577
vn 0.7264 -0.3342 0.6006
vn -0.1724 -0.6807 0.7119
vn 0.1611 -0.6431 -0.7487
vn 0.3519 -0.5167 -0.7805
vn -0.6642 0.2280 -0.7119
vn -0.5733 -0.6807 -0.4559
vn -0.0620 -0.5166 -0.8540
vn -0.6638 -0.4313 -0.6110
vn -0.4960 -0.5879 -0.6390
vn -0.6642 -0.2280 0.7119
vn -0.7022 -0.0000 0.7119
vn -0.3841 -0.5879 -0.7119
vn -0.0620 -0.5167 -0.8540
vn -0.5542 -0.4313 -0.7119
vn -0.3915 -0.6998 -0.5974
vn -0.2147 -0.6431 -0.7351
vn 0.3954 -0.6431 0.6558
vn 0.5863 -0.5167 0.6240
vn -0.7022 -0.0000 -0.7119
vn -0.6642 -0.2280 -0.7119
vn -0.5542 -0.4313 0.7119
vn -0.3841 -0.5879 0.7119
vn -0.0000 -0.0000 -1.0000
vn -0.9458 -0.3247 -0.0000
vn -0.7891 -0.6142 -0.0000
vn -0.5470 -0.8372 -0.0000
vn -0.5469 -0.8372 -0.0000
vn -0.2455 -0.9694 -0.0000
vn 0.0826 -0.9966 -0.0000
vn 0.4017 -0.9158 -0.0000
vn 0.6773 -0.7357 -0.0000
vn 0.8795 -0.4760 -0.0000
vn 0.8795 -0.4759 -0.0000
vn 0.9864 -0.1646 -0.0000
vn 0.9864 0.1646 -0.0000
vn 0.8795 0.4759 -0.0000
vn 0.8795 0.4760 -0.0000
vn 0.6773 0.7357 -0.0000
vn 0.4017 0.9158 -0.0000
vn 0.0826 0.9966 -0.0000
vn -0.2455 0.9694 -0.0000
vn -0.5469 0.8372 -0.0000
vn -0.5470 0.8372 -0.0000
vn -0.7891 0.6142 -0.0000
vn -0.9458 0.3247 -0.0000
vn 0.1646 -0.0000 0.9864
vn -0.9864 -0.0000 0.1646
vn -0.1646 -0.0000 -0.9864
vn -0.9329 -0.3247 0.1557
vn -0.7784 -0.6142 0.1299
vn -0.5395 -0.8372 0.0900
vn -0.2421 -0.9694 0.0404
vn 0.0814 -0.9966 -0.0136
vn 0.0815 -0.9966 -0.0136
vn 0.3962 -0.9158 -0.0661
vn 0.6680 -0.7357 -0.1115
vn 0.8675 -0.4760 -0.1448
vn 0.8675 -0.4759 -0.1448
vn 0.9729 -0.1646 -0.1624
vn 0.9729 -0.1646 -0.1623
vn 0.9729 0.1646 -0.1623
vn 0.8675 0.4760 -0.1448
vn 0.8675 0.4759 -0.1448
vn 0.6680 0.7357 -0.1115
vn 0.3962 0.9158 -0.0661
vn 0.0815 0.9966 -0.0136
vn 0.0814 0.9966 -0.0136
vn -0.2421 0.9694 0.0404
vn -0.5395 0.8372 0.0900
vn -0.7784 0.6142 0.1299
vn -0.9329 0.3247 0.1557
vn 0.3247 -0.0000 0.9458
vn -0.9458 -0.0000 0.3247
vn -0.3247 -0.0000 -0.9458
vn -0.8946 -0.3247 0.3071
vn -0.7464 -0.6142 0.2562
vn -0.5173 -0.8372 0.1776
vn -0.2322 -0.9694 0.0797
vn 0.0781 -0.9966 -0.0268
vn 0.3799 -0.9158 -0.1304
vn 0.6406 -0.7357 -0.2199
vn 0.8318 -0.4759 -0.2856
vn 0.9329 -0.1646 -0.3203
vn 0.9329 0.1646 -0.3203
vn 0.8318 0.4759 -0.2856
vn 0.6406 0.7357 -0.2199
vn 0.3799 0.9158 -0.1304
vn 0.0781 0.9966 -0.0268
vn -0.2322 0.9694 0.0797
vn -0.5173 0.8372 0.1776
vn -0.7464 0.6142 0.2562
vn -0.8946 0.3247 0.3071
vn 0.4759 -0.0000 0.8795
vn -0.8795 -0.0000 0.4759
vn -0.4759 -0.0000 -0.8795
vn -0.8318 -0.3247 0.4502
vn -0.4760 -0.0000 -0.8795
vn -0.6940 -0.6142 0.3756
vn -0.4810 -0.8372 0.2603
vn -0.2159 -0.9694 0.1168
vn 0.0726 -0.9966 -0.0393
vn 0.4760 -0.0000 0.8795
vn 0.3533 -0.9158 -0.1912
vn 0.5957 -0.7357 -0.3224
vn 0.5956 -0.7357 -0.3223
vn 0.7735 -0.4759 -0.4186
vn 0.8675 -0.1646 -0.4695
vn 0.8675 0.1646 -0.4695
vn 0.7735 0.4759 -0.4186
vn 0.5957 0.7357 -0.3224
vn 0.3533 0.9158 -0.1912
vn 0.0726 0.9966 -0.0393
vn -0.2159 0.9694 0.1168
vn -0.4810 0.8372 0.2603
vn -0.6940 0.6142 0.3756
vn -0.8318 0.3247 0.4502
vn 0.6142 -0.0000 0.7891
vn -0.7891 -0.0000 0.6142
vn -0.6142 -0.0000 -0.7891
vn -0.7464 -0.3247 0.5809
vn -0.6227 -0.6142 0.4847
vn -0.4316 -0.8372 0.3359
vn -0.1937 -0.9694 0.1508
vn 0.0652 -0.9966 -0.0507
vn 0.3170 -0.9158 -0.2467
vn 0.5345 -0.7357 -0.4160
vn 0.6940 -0.4759 -0.5402
vn 0.7784 -0.1646 -0.6058
vn 0.7784 0.1646 -0.6058
vn 0.6940 0.4760 -0.5402
vn 0.6940 0.4759 -0.5402
vn 0.5345 0.7357 -0.4160
vn 0.3170 0.9158 -0.2467
vn 0.0652 0.9966 -0.0507
vn -0.1937 0.9694 0.1508
vn -0.4316 0.8372 0.3359
vn -0.6227 0.6142 0.4847
vn -0.7464 0.3247 0.5809
vn 0.7357 -0.0000 0.6773
vn -0.6773 -0.0000 0.7357
vn -0.7357 -0.0000 -0.6773
vn -0.6406 -0.3247 0.6959
vn -0.5345 -0.6142 0.5806
vn -0.3704 -0.8372 0.4024
vn -0.1663 -0.9694 0.1806
vn 0.0559 -0.9966 -0.0608
vn 0.2721 -0.9158 -0.2955
vn 0.4587 -0.7357 -0.4983
vn 0.5957 -0.4759 -0.6471
vn 0.6680 -0.1646 -0.7257
vn 0.6680 0.1646 -0.7257
vn 0.5956 0.4760 -0.6470
vn 0.5957 0.4759 -0.6471
vn 0.4587 0.7357 -0.4983
vn 0.2721 0.9158 -0.2955
vn 0.0559 0.9966 -0.0608
vn -0.1663 0.9694 0.1806
vn -0.3704 0.8372 0.4024
vn -0.5345 0.6142 0.5806
vn -0.6406 0.3247 0.6959
vn 0.8372 -0.0000 0.5469
vn -0.5469 -0.0000 0.8372
vn -0.8372 -0.0000 -0.5469
vn -0.5173 -0.3247 0.7918
vn -0.4316 -0.6142 0.6606
vn -0.2992 -0.8372 0.4579
vn -0.8372 -0.0000 -0.5470
vn -0.1343 -0.9694 0.2055
vn 0.0452 -0.9966 -0.0691
vn 0.2197 -0.9158 -0.3363
vn 0.3704 -0.7357 -0.5670
vn 0.4810 -0.4759 -0.7363
vn 0.5395 -0.1646 -0.8257
vn 0.5395 0.1646 -0.8257
vn 0.4810 0.4759 -0.7363
vn 0.3704 0.7357 -0.5670
vn 0.2197 0.9158 -0.3363
vn 0.0452 0.9966 -0.0691
vn -0.1343 0.9694 0.2055
vn -0.2992 0.8372 0.4579
vn -0.4316 0.6142 0.6606
vn -0.5173 0.3247 0.7918
vn 0.9158 -0.0000 0.4017
vn -0.4017 -0.0000 0.9158
vn -0.9158 -0.0000 -0.4017
vn -0.3799 -0.3247 0.8662
vn -0.3170 -0.6142 0.7227
vn -0.2197 -0.8372 0.5009
vn -0.0986 -0.9694 0.2248
vn 0.0332 -0.9966 -0.0756
vn 0.1614 -0.9158 -0.3679
vn 0.2721 -0.7357 -0.6202
vn 0.3533 -0.4759 -0.8054
vn 0.3962 -0.1646 -0.9033
vn 0.3962 0.1646 -0.9033
vn 0.3533 0.4759 -0.8054
vn 0.2721 0.7357 -0.6202
vn 0.1614 0.9158 -0.3679
vn 0.0332 0.9966 -0.0756
vn -0.0986 0.9694 0.2248
vn -0.2197 0.8372 0.5009
vn -0.3170 0.6142 0.7227
vn -0.3799 0.3247 0.8662
vn 0.9694 -0.0000 0.2455
vn -0.2455 -0.0000 0.9694
vn -0.9694 -0.0000 -0.2455
vn -0.2322 -0.3247 0.9169
vn -0.1937 -0.6142 0.7650
vn -0.1343 -0.8372 0.5302
vn -0.0603 -0.9694 0.2380
vn 0.0203 -0.9966 -0.0801
vn 0.0986 -0.9158 -0.3894
vn 0.1663 -0.7357 -0.6566
vn 0.2159 -0.4760 -0.8526
vn 0.2159 -0.4759 -0.8526
vn 0.2421 -0.1646 -0.9562
vn 0.2421 0.1646 -0.9562
vn 0.2159 0.4759 -0.8526
vn 0.1663 0.7357 -0.6566
vn 0.0986 0.9158 -0.3894
vn 0.0203 0.9966 -0.0801
vn -0.0603 0.9694 0.2380
vn -0.1343 0.8372 0.5302
vn -0.1937 0.6142 0.7650
vn -0.2322 0.3247 0.9169
vn 0.9966 -0.0000 0.0826
vn -0.0826 -0.0000 0.9966
vn -0.9966 -0.0000 -0.0826
vn -0.0781 -0.3247 0.9426
vn -0.0652 -0.6142 0.7864
vn -0.0452 -0.8372 0.5451
vn -0.0203 -0.9694 0.2446
vn -0.0203 -0.9694 0.2447
vn 0.0068 -0.9966 -0.0823
vn 0.0332 -0.9158 -0.4003
vn 0.0559 -0.7357 -0.6750
vn 0.0726 -0.4760 -0.8765
vn 0.0726 -0.4759 -0.8765
vn 0.0815 -0.1646 -0.9830
vn 0.0815 0.1646 -0.9830
vn 0.0726 0.4759 -0.8765
vn 0.0559 0.7357 -0.6750
vn 0.0332 0.9158 -0.4003
vn 0.0068 0.9966 -0.0823
vn -0.0203 0.9694 0.2446
vn -0.0203 0.9694 0.2447
vn -0.0452 0.8372 0.5451
vn -0.0652 0.6142 0.7864
vn -0.0781 0.3247 0.9426
vn 0.9966 -0.0000 -0.0826
vn 0.0826 -0.0000 0.9966
vn -0.9966 -0.0000 0.0826
vn 0.0781 -0.3247 0.9426
vn 0.0652 -0.6142 0.7864
vn 0.0452 -0.8372 0.5451
vn 0.0203 -0.9694 0.2447
vn 0.0203 -0.9694 0.2446
vn -0.0068 -0.9966 -0.0823
vn -0.0332 -0.9158 -0.4003
vn -0.0559 -0.7357 -0.6750
vn -0.0726 -0.4760 -0.8765
vn -0.0726 -0.4759 -0.8765
vn -0.0815 -0.1646 -0.9830
vn -0.0815 0.1646 -0.9830
vn -0.0726 0.4759 -0.8765
vn -0.0726 0.4760 -0.8765
vn -0.0559 0.7357 -0.6750
vn -0.0332 0.9158 -0.4003
vn -0.0068 0.9966 -0.0823
vn 0.0203 0.9694 0.2447
vn 0.0203 0.9694 0.2446
vn 0.0452 0.8372 0.5451
vn 0.0652 0.6142 0.7864
vn 0.0781 0.3247 0.9426
vn 0.9694 -0.0000 -0.2455
vn 0.2455 -0.0000 0.9694
vn -0.9694 -0.0000 0.2455
vn 0.2322 -0.3247 0.9169
vn 0.1937 -0.6142 0.7650
vn 0.1343 -0.8372 0.5302
vn 0.0603 -0.9694 0.2380
vn -0.0203 -0.9966 -0.0800
vn -0.0203 -0.9966 -0.0801
vn -0.0986 -0.9158 -0.3894
vn -0.1663 -0.7357 -0.6566
vn -0.2159 -0.4759 -0.8526
vn -0.2421 -0.1646 -0.9562
vn -0.2421 0.1646 -0.9562
vn -0.2159 0.4759 -0.8526
vn -0.2159 0.4760 -0.8526
vn -0.1663 0.7357 -0.6566
vn -0.0986 0.9158 -0.3894
vn -0.0203 0.9966 -0.0801
vn 0.0603 0.9694 0.2380
vn 0.1343 0.8372 0.5302
vn 0.1937 0.6142 0.7650
vn 0.2322 0.3247 0.9169
vn 0.9158 -0.0000 -0.4017
vn 0.4017 -0.0000 0.9158
vn -0.9158 -0.0000 0.4017
vn 0.3799 -0.3247 0.8662
vn 0.3170 -0.6142 0.7227
vn 0.2197 -0.8372 0.5009
vn 0.0986 -0.9694 0.2248
vn -0.0332 -0.9966 -0.0756
vn -0.1614 -0.9158 -0.3679
vn -0.2721 -0.7357 -0.6202
vn -0.3533 -0.4759 -0.8054
vn -0.3962 -0.1646 -0.9033
vn -0.3962 0.1646 -0.9033
vn -0.3533 0.4759 -0.8054
vn -0.3533 0.4760 -0.8054
vn -0.2721 0.7357 -0.6202
vn -0.1614 0.9158 -0.3679
vn -0.0332 0.9966 -0.0756
vn 0.0986 0.9694 0.2248
vn 0.2197 0.8372 0.5009
vn 0.3170 0.6142 0.7227
vn 0.3799 0.3247 0.8662
vn 0.8372 -0.0000 -0.5469
vn 0.5469 -0.0000 0.8372
vn -0.8372 -0.0000 0.5469
vn 0.8372 -0.0000 -0.5470
vn 0.5173 -0.3247 0.7918
vn 0.4316 -0.6142 0.6606
vn 0.2992 -0.8372 0.4579
vn 0.2991 -0.8372 0.4579
vn 0.1343 -0.9694 0.2055
vn -0.0452 -0.9966 -0.0691
vn -0.2197 -0.9158 -0.3363
vn -0.3704 -0.7357 -0.5670
vn -0.4810 -0.4759 -0.7363
vn -0.5395 -0.1646 -0.8257
vn -0.8372 -0.0000 0.5470
vn -0.5395 0.1646 -0.8257
vn -0.4810 0.4759 -0.7363
vn -0.3704 0.7357 -0.5670
vn -0.2197 0.9158 -0.3363
vn -0.0452 0.9966 -0.0691
vn 0.1343 0.9694 0.2055
vn 0.2992 0.8372 0.4579
vn 0.4316 0.6142 0.6606
vn 0.5173 0.3247 0.7918
vn 0.7357 -0.0000 -0.6773
vn 0.6773 -0.0000 0.7357
vn -0.7357 -0.0000 0.6773
vn 0.6406 -0.3247 0.6959
vn 0.5345 -0.6142 0.5806
vn 0.3704 -0.8372 0.4024
vn 0.1663 -0.9694 0.1806
vn -0.0559 -0.9966 -0.0608
vn -0.2721 -0.9158 -0.2955
vn -0.4587 -0.7357 -0.4983
vn -0.5957 -0.4759 -0.6470
vn -0.5957 -0.4759 -0.6471
vn -0.6680 -0.1646 -0.7257
vn -0.6680 0.1646 -0.7257
vn -0.5957 0.4759 -0.6471
vn -0.5957 0.4759 -0.6470
vn -0.4587 0.7357 -0.4983
vn -0.2721 0.9158 -0.2955
vn -0.0559 0.9966 -0.0608
vn 0.1663 0.9694 0.1806
vn 0.3704 0.8372 0.4024
vn 0.5345 0.6142 0.5806
vn 0.6406 0.3247 0.6959
vn 0.6142 -0.0000 -0.7891
vn 0.7891 -0.0000 0.6142
vn -0.6142 -0.0000 0.7891
vn 0.7464 -0.3247 0.5809
vn 0.6227 -0.6142 0.4847
vn 0.4316 -0.8372 0.3359
vn 0.1937 -0.9694 0.1508
vn -0.0652 -0.9966 -0.0507
vn -0.3170 -0.9158 -0.2467
vn -0.5345 -0.7357 -0.4160
vn -0.6940 -0.4760 -0.5402
vn -0.6940 -0.4759 -0.5402
vn -0.7784 -0.1646 -0.6058
vn -0.7784 0.1646 -0.6058
vn -0.6940 0.4759 -0.5402
vn -0.5345 0.7357 -0.4160
vn -0.3170 0.9158 -0.2467
vn -0.0652 0.9966 -0.0507
vn 0.1937 0.9694 0.1508
vn 0.4316 0.8372 0.3359
vn 0.6227 0.6142 0.4847
vn 0.7464 0.3247 0.5809
vn 0.4759 -0.0000 -0.8795
vn 0.8795 -0.0000 0.4759
vn -0.4759 -0.0000 0.8795
vn 0.4760 -0.0000 -0.8795
vn 0.8318 -0.3247 0.4502
vn -0.4760 -0.0000 0.8795
vn 0.6940 -0.6142 0.3756
vn 0.4810 -0.8372 0.2603
vn 0.2159 -0.9694 0.1168
vn -0.0726 -0.9966 -0.0393
vn -0.3533 -0.9158 -0.1912
vn -0.5956 -0.7357 -0.3223
vn -0.5957 -0.7357 -0.3224
vn -0.7735 -0.4760 -0.4186
vn -0.7735 -0.4759 -0.4186
vn -0.8675 -0.1646 -0.4695
vn -0.8675 0.1646 -0.4695
vn -0.7735 0.4760 -0.4186
vn -0.7735 0.4759 -0.4186
vn -0.5956 0.7357 -0.3223
vn -0.5957 0.7357 -0.3224
vn -0.3533 0.9158 -0.1912
vn -0.0726 0.9966 -0.0393
vn 0.2159 0.9694 0.1168
vn 0.4810 0.8372 0.2603
vn 0.6940 0.6142 0.3756
vn 0.8318 0.3247 0.4502
vn 0.3247 -0.0000 -0.9458
vn 0.9458 -0.0000 0.3247
vn -0.3247 -0.0000 0.9458
vn 0.8946 -0.3247 0.3071
vn 0.7464 -0.6142 0.2562
vn 0.5173 -0.8372 0.1776
vn 0.2322 -0.9694 0.0797
vn -0.0781 -0.9966 -0.0268
vn -0.3799 -0.9158 -0.1304
vn -0.6406 -0.7357 -0.2199
vn -0.8318 -0.4759 -0.2856
vn -0.9329 -0.1646 -0.3203
vn -0.9329 0.1646 -0.3203
vn -0.8318 0.4759 -0.2856
vn -0.6406 0.7357 -0.2199
vn -0.3799 0.9158 -0.1304
vn -0.0781 0.9966 -0.0268
vn 0.2322 0.9694 0.0797
vn 0.5173 0.8372 0.1776
vn 0.7464 0.6142 0.2562
vn 0.8946 0.3247 0.3071
vn 0.1646 -0.0000 -0.9864
vn 0.9864 -0.0000 0.1646
vn -0.1646 -0.0000 0.9864
vn 0.9329 -0.3247 0.1557
vn 0.7784 -0.6142 0.1299
vn 0.5395 -0.8372 0.0900
vn 0.2421 -0.9694 0.0404
vn -0.0815 -0.9966 -0.0136
vn -0.3962 -0.9158 -0.0661
vn -0.6680 -0.7357 -0.1115
vn -0.8675 -0.4759 -0.1448
vn -0.8675 -0.4760 -0.1448
vn -0.9729 -0.1646 -0.1623
vn -0.9729 -0.1646 -0.1624
vn -0.9729 0.1646 -0.1624
vn -0.8675 0.4759 -0.1448
vn -0.8675 0.4760 -0.1448
vn -0.6680 0.7357 -0.1115
vn -0.3962 0.9158 -0.0661
vn -0.0815 0.9966 -0.0136
vn -0.0814 0.9966 -0.0136
vn 0.2421 0.9694 0.0404
vn 0.5395 0.8372 0.0900
vn 0.7784 0.6142 0.1299
vn 0.9329 0.3247 0.1557
vn 1.0000 -0.0000 -0.0000
vn 0.9458 -0.3247 -0.0000
vn 0.7891 -0.6142 -0.0000
vn 0.5470 -0.8372 -0.0000
vn 0.5469 -0.8372 -0.0000
vn 0.2455 -0.9694 -0.0000
vn -0.0826 -0.9966 -0.0000
vn -0.4017 -0.9158 -0.0000
vn -0.6773 -0.7357 -0.0000
vn -0.8795 -0.4760 -0.0000
vn -0.8795 -0.4759 -0.0000
vn -0.9864 -0.1646 -0.0000
vn -0.9864 0.1646 -0.0000
vn -0.8795 0.4759 -0.0000
vn -0.8795 0.4760 -0.0000
vn -0.6773 0.7357 -0.0000
vn -0.4017 0.9158 -0.0000
vn -0.0826 0.9966 -0.0000
vn 0.2455 0.9694 -0.0000
vn 0.5469 0.8372 -0.0000
vn 0.5470 0.8372 -0.0000
vn 0.7891 0.6142 -0.0000
vn 0.9458 0.3247 -0.0000
vn 0.9864 -0.0000 -0.1646
vn 0.9329 -0.3247 -0.1557
vn 0.7784 -0.6142 -0.1299
vn 0.5395 -0.8372 -0.0900
vn 0.2421 -0.9694 -0.0404
vn -0.0815 -0.9966 0.0136
vn -0.3962 -0.9158 0.0661
vn -0.6680 -0.7357 0.1115
vn -0.8675 -0.4759 0.1448
vn -0.8675 -0.4760 0.1448
vn -0.9729 -0.1646 0.1624
vn -0.9729 -0.1646 0.1623
vn -0.9729 0.1646 0.1623
vn -0.8675 0.4759 0.1448
vn -0.8675 0.4760 0.1448
vn -0.6680 0.7357 0.1115
vn -0.3962 0.9158 0.0661
vn -0.0814 0.9966 0.0136
vn -0.0815 0.9966 0.0136
vn 0.2421 0.9694 -0.0404
vn 0.5395 0.8372 -0.0900
vn 0.7784 0.6142 -0.1299
vn 0.9329 0.3247 -0.1557
vn 0.9458 -0.0000 -0.3247
vn 0.8946 -0.3247 -0.3071
vn 0.7464 -0.6142 -0.2562
vn 0.5173 -0.8372 -0.1776
vn 0.2322 -0.9694 -0.0797
vn -0.0781 -0.9966 0.0268
vn -0.3799 -0.9158 0.1304
vn -0.6406 -0.7357 0.2199
vn -0.8318 -0.4759 0.2856
vn -0.9329 -0.1646 0.3203
vn -0.9329 0.1646 0.3203
vn -0.8318 0.4760 0.2856
vn -0.8318 0.4759 0.2856
vn -0.6406 0.7357 0.2199
vn -0.3799 0.9158 0.1304
vn -0.0781 0.9966 0.0268
vn 0.2322 0.9694 -0.0797
vn 0.5173 0.8372 -0.1776
vn 0.7464 0.6142 -0.2562
vn 0.8946 0.3247 -0.3071
vn 0.8795 -0.0000 -0.4759
vn 0.8318 -0.3247 -0.4502
vn 0.6940 -0.6142 -0.3756
vn 0.4810 -0.8372 -0.2603
vn 0.2159 -0.9694 -0.1168
vn -0.0726 -0.9966 0.0393
vn -0.3533 -0.9158 0.1912
vn -0.5956 -0.7357 0.3223
vn -0.5957 -0.7357 0.3224
vn -0.7735 -0.4760 0.4186
vn -0.7735 -0.4759 0.4186
vn -0.8675 -0.1646 0.4695
vn -0.8675 0.1646 0.4695
vn -0.7735 0.4759 0.4186
vn -0.7735 0.4760 0.4186
vn -0.5957 0.7357 0.3224
vn -0.5956 0.7357 0.3223
vn -0.3533 0.9158 0.1912
vn -0.0726 0.9966 0.0393
vn 0.2159 0.9694 -0.1168
vn 0.4810 0.8372 -0.2603
vn 0.6940 0.6142 -0.3756
vn 0.8318 0.3247 -0.4502
vn 0.7891 -0.0000 -0.6142
vn 0.7464 -0.3247 -0.5809
vn 0.6227 -0.6142 -0.4847
vn 0.4316 -0.8372 -0.3359
vn 0.1937 -0.9694 -0.1508
vn -0.0652 -0.9966 0.0507
vn -0.3170 -0.9158 0.2467
vn -0.5345 -0.7357 0.4160
vn -0.6940 -0.4759 0.5402
vn -0.6940 -0.4760 0.5402
vn -0.7784 -0.1646 0.6058
vn -0.7784 0.1646 0.6058
vn -0.6940 0.4759 0.5402
vn -0.6940 0.4760 0.5402
vn -0.5345 0.7357 0.4160
vn -0.3170 0.9158 0.2467
vn -0.0652 0.9966 0.0507
vn 0.1937 0.9694 -0.1508
vn 0.4316 0.8372 -0.3359
vn 0.6227 0.6142 -0.4847
vn 0.7464 0.3247 -0.5809
vn 0.6773 -0.0000 -0.7357
vn 0.6406 -0.3247 -0.6959
vn 0.5345 -0.6142 -0.5806
vn 0.3704 -0.8372 -0.4024
vn 0.1663 -0.9694 -0.1806
vn -0.0559 -0.9966 0.0608
vn -0.2721 -0.9158 0.2955
vn -0.4587 -0.7357 0.4983
vn -0.5957 -0.4759 0.6470
vn -0.5957 -0.4759 0.6471
vn -0.6680 -0.1646 0.7257
vn -0.6680 0.1646 0.7257
vn -0.5957 0.4759 0.6470
vn -0.4587 0.7357 0.4983
vn -0.2721 0.9158 0.2955
vn -0.0559 0.9966 0.0608
vn 0.1663 0.9694 -0.1806
vn 0.3704 0.8372 -0.4024
vn 0.5345 0.6142 -0.5806
vn 0.6406 0.3247 -0.6959
vn 0.5469 -0.0000 -0.8372
vn 0.5173 -0.3247 -0.7918
vn 0.8372 -0.0000 0.5470
vn 0.4316 -0.6142 -0.6606
vn 0.2992 -0.8372 -0.4579
vn 0.1343 -0.9694 -0.2055
vn -0.0452 -0.9966 0.0691
vn -0.2197 -0.9158 0.3363
vn -0.3704 -0.7357 0.5670
vn -0.4810 -0.4759 0.7363
vn -0.5395 -0.1646 0.8258
vn -0.5395 -0.1646 0.8257
vn -0.5395 0.1646 0.8258
vn -0.5395 0.1646 0.8257
vn -0.4810 0.4759 0.7363
vn -0.3704 0.7357 0.5670
vn -0.2197 0.9158 0.3363
vn -0.0452 0.9966 0.0691
vn 0.1343 0.9694 -0.2055
vn 0.2992 0.8372 -0.4579
vn 0.4316 0.6142 -0.6606
vn 0.5173 0.3247 -0.7918
vn 0.4017 -0.0000 -0.9158
vn 0.3799 -0.3247 -0.8662
vn 0.3170 -0.6142 -0.7227
vn 0.2197 -0.8372 -0.5009
vn 0.0986 -0.9694 -0.2248
vn -0.0332 -0.9966 0.0756
vn -0.1614 -0.9158 0.3679
vn -0.2721 -0.7357 0.6202
vn -0.3533 -0.4759 0.8054
vn -0.3962 -0.1646 0.9033
vn -0.3962 0.1646 0.9033
vn -0.3533 0.4759 0.8054
vn -0.2721 0.7357 0.6202
vn -0.1614 0.9158 0.3679
vn -0.0332 0.9966 0.0756
vn 0.0986 0.9694 -0.2248
vn 0.2197 0.8372 -0.5009
vn 0.3170 0.6142 -0.7227
vn 0.3799 0.3247 -0.8662
vn 0.2455 -0.0000 -0.9694
vn 0.2322 -0.3247 -0.9169
vn 0.1937 -0.6142 -0.7650
vn 0.1343 -0.8372 -0.5302
vn 0.0603 -0.9694 -0.2380
vn -0.0203 -0.9966 0.0801
vn -0.0203 -0.9966 0.0800
vn -0.0986 -0.9158 0.3894
vn -0.1663 -0.7357 0.6566
vn -0.2159 -0.4760 0.8526
vn -0.2159 -0.4759 0.8526
vn -0.2421 -0.1646 0.9562
vn -0.2421 0.1646 0.9562
vn -0.2159 0.4759 0.8526
vn -0.1663 0.7357 0.6566
vn -0.0986 0.9158 0.3894
vn -0.0203 0.9966 0.0801
vn 0.0603 0.9694 -0.2380
vn 0.1343 0.8372 -0.5302
vn 0.1937 0.6142 -0.7650
vn 0.2322 0.3247 -0.9169
vn 0.0826 -0.0000 -0.9966
vn 0.0781 -0.3247 -0.9426
vn 0.0652 -0.6142 -0.7864
vn 0.0452 -0.8372 -0.5451
vn 0.0203 -0.9694 -0.2446
vn 0.0203 -0.9694 -0.2447
vn -0.0068 -0.9966 0.0823
vn -0.0332 -0.9158 0.4003
vn -0.0559 -0.7357 0.6750
vn -0.0726 -0.4760 0.8765
vn -0.0726 -0.4759 0.8765
vn -0.0815 -0.1646 0.9830
vn -0.0815 0.1646 0.9830
vn -0.0726 0.4760 0.8765
vn -0.0726 0.4759 0.8765
vn -0.0559 0.7357 0.6750
vn -0.0332 0.9158 0.4003
vn -0.0068 0.9966 0.0823
vn 0.0203 0.9694 -0.2446
vn 0.0203 0.9694 -0.2447
vn 0.0452 0.8372 -0.5451
vn 0.0652 0.6142 -0.7864
vn 0.0781 0.3247 -0.9426
vn -0.0826 -0.0000 -0.9966
vn -0.0781 -0.3247 -0.9426
vn -0.0652 -0.6142 -0.7864
vn -0.0452 -0.8372 -0.5451
vn -0.0203 -0.9694 -0.2446
vn -0.0203 -0.9694 -0.2447
vn 0.0068 -0.9966 0.0823
vn 0.0332 -0.9158 0.4003
vn 0.0559 -0.7357 0.6750
vn 0.0726 -0.4759 0.8765
vn 0.0726 -0.4760 0.8765
vn 0.0815 -0.1646 0.9830
vn 0.0815 0.1646 0.9830
vn 0.0726 0.4759 0.8765
vn 0.0559 0.7357 0.6750
vn 0.0332 0.9158 0.4003
vn 0.0068 0.9966 0.0823
vn -0.0203 0.9694 -0.2446
vn -0.0203 0.9694 -0.2447
vn -0.0452 0.8372 -0.5451
vn -0.0652 0.6142 -0.7864
vn -0.0781 0.3247 -0.9426
vn -0.2455 -0.0000 -0.9694
vn -0.2322 -0.3247 -0.9169
vn -0.1937 -0.6142 -0.7650
vn -0.1343 -0.8372 -0.5302
vn -0.0603 -0.9694 -0.2380
vn 0.0203 -0.9966 0.0801
vn 0.0203 -0.9966 0.0800
vn 0.0986 -0.9158 0.3894
vn 0.1663 -0.7357 0.6566
vn 0.2159 -0.4759 0.8526
vn 0.2421 -0.1646 0.9562
vn 0.2421 0.1646 0.9562
vn 0.2159 0.4759 0.8526
vn 0.2159 0.4760 0.8526
vn 0.1663 0.7357 0.6566
vn 0.0986 0.9158 0.3894
vn 0.0203 0.9966 0.0801
vn 0.0203 0.9966 0.0800
vn -0.0603 0.9694 -0.2380
vn -0.1343 0.8372 -0.5302
vn -0.1937 0.6142 -0.7650
vn -0.2322 0.3247 -0.9169
vn -0.4017 -0.0000 -0.9158
vn -0.3799 -0.3247 -0.8662
vn -0.3170 -0.6142 -0.7227
vn -0.2197 -0.8372 -0.5009
vn -0.0986 -0.9694 -0.2248
vn 0.0332 -0.9966 0.0756
vn 0.1614 -0.9158 0.3679
vn 0.2721 -0.7357 0.6202
vn 0.3533 -0.4759 0.8054
vn 0.3533 -0.4760 0.8054
vn 0.3962 -0.1646 0.9033
vn 0.3962 0.1646 0.9033
vn 0.3533 0.4759 0.8054
vn 0.3533 0.4760 0.8054
vn 0.2721 0.7357 0.6202
vn 0.1614 0.9158 0.3679
vn 0.0332 0.9966 0.0756
vn -0.0986 0.9694 -0.2248
vn -0.2197 0.8372 -0.5009
vn -0.3170 0.6142 -0.7227
vn -0.3799 0.3247 -0.8662
vn -0.5469 -0.0000 -0.8372
vn -0.5173 -0.3247 -0.7918
vn -0.4316 -0.6142 -0.6606
vn -0.2992 -0.8372 -0.4579
vn -0.1343 -0.9694 -0.2055
vn 0.0452 -0.9966 0.0691
vn 0.2197 -0.9158 0.3363
vn 0.3704 -0.7357 0.5670
vn 0.4810 -0.4759 0.7363
vn 0.5395 -0.1646 0.8257
vn 0.5395 0.1646 0.8257
vn 0.4810 0.4759 0.7363
vn 0.3704 0.7357 0.5670
vn 0.2197 0.9158 0.3363
vn 0.0452 0.9966 0.0691
vn -0.1343 0.9694 -0.2055
vn -0.2991 0.8372 -0.4579
vn -0.2992 0.8372 -0.4579
vn -0.4316 0.6142 -0.6606
vn -0.5173 0.3247 -0.7918
vn -0.6773 -0.0000 -0.7357
vn -0.6406 -0.3247 -0.6959
vn -0.5345 -0.6142 -0.5806
vn -0.3704 -0.8372 -0.4024
vn -0.1663 -0.9694 -0.1806
vn 0.0559 -0.9966 0.0608
vn 0.2721 -0.9158 0.2955
vn 0.4587 -0.7357 0.4983
vn 0.5956 -0.4760 0.6470
vn 0.5957 -0.4759 0.6471
vn 0.6680 -0.1646 0.7257
vn 0.6680 0.1646 0.7257
vn 0.5957 0.4759 0.6471
vn 0.5956 0.4760 0.6470
vn 0.4587 0.7357 0.4983
vn 0.2721 0.9158 0.2955
vn 0.0559 0.9966 0.0608
vn -0.1663 0.9694 -0.1806
vn -0.3704 0.8372 -0.4024
vn -0.5345 0.6142 -0.5806
vn -0.6406 0.3247 -0.6959
vn -0.7891 -0.0000 -0.6142
vn -0.7464 -0.3247 -0.5809
vn -0.6227 -0.6142 -0.4847
vn -0.4316 -0.8372 -0.3359
vn -0.1937 -0.9694 -0.1508
vn 0.0652 -0.9966 0.0507
vn 0.3170 -0.9158 0.2467
vn 0.5345 -0.7357 0.4160
vn 0.6940 -0.4760 0.5402
vn 0.6940 -0.4759 0.5402
vn 0.7784 -0.1646 0.6058
vn 0.7784 0.1646 0.6058
vn 0.6940 0.4759 0.5402
vn 0.5345 0.7357 0.4160
vn 0.3170 0.9158 0.2467
vn 0.0652 0.9966 0.0507
vn -0.1937 0.9694 -0.1508
vn -0.4316 0.8372 -0.3359
vn -0.6227 0.6142 -0.4847
vn -0.7464 0.3247 -0.5809
vn -0.8795 -0.0000 -0.4759
vn -0.8318 -0.3247 -0.4502
vn -0.6940 -0.6142 -0.3756
vn -0.4810 -0.8372 -0.2603
vn -0.2159 -0.9694 -0.1168
vn 0.0726 -0.9966 0.0393
vn 0.3533 -0.9158 0.1912
vn 0.5957 -0.7357 0.3224
vn 0.5956 -0.7357 0.3223
vn 0.7735 -0.4759 0.4186
vn 0.8675 -0.1646 0.4695
vn 0.8675 0.1646 0.4695
vn 0.7735 0.4759 0.4186
vn 0.5956 0.7357 0.3223
vn 0.5957 0.7357 0.3224
vn 0.3533 0.9158 0.1912
vn 0.0726 0.9966 0.0393
vn -0.2159 0.9694 -0.1168
vn -0.4810 0.8372 -0.2603
vn -0.6940 0.6142 -0.3756
vn -0.8318 0.3247 -0.4502
vn -0.9458 -0.0000 -0.3247
vn -0.8946 -0.3247 -0.3071
vn -0.7464 -0.6142 -0.2562
vn -0.5173 -0.8372 -0.1776
vn -0.2322 -0.9694 -0.0797
vn 0.0781 -0.9966 0.0268
vn 0.3799 -0.9158 0.1304
vn 0.6406 -0.7357 0.2199
vn 0.8318 -0.4759 0.2856
vn 0.9329 -0.1646 0.3203
vn 0.9329 0.1646 0.3203
vn 0.8318 0.4759 0.2856
vn 0.6406 0.7357 0.2199
vn 0.3799 0.9158 0.1304
vn 0.0781 0.9966 0.0268
vn -0.2322 0.9694 -0.0797
vn -0.5173 0.8372 -0.1776
vn -0.7464 0.6142 -0.2562
vn -0.8946 0.3247 -0.3071
vn -0.9864 -0.0000 -0.1646
vn -0.9329 -0.3247 -0.1557
vn -0.7784 -0.6142 -0.1299
vn -0.5395 -0.8372 -0.0900
vn -0.2421 -0.9694 -0.0404
vn 0.0814 -0.9966 0.0136
vn 0.0815 -0.9966 0.0136
vn 0.3962 -0.9158 0.0661
vn 0.6680 -0.7357 0.1115
vn 0.8675 -0.4760 0.1448
vn 0.8675 -0.4759 0.1448
vn 0.9729 -0.1646 0.1623
vn 0.9729 -0.1646 0.1624
vn 0.9729 0.1646 0.1623
vn 0.9729 0.1646 0.1624
vn 0.8675 0.4759 0.1448
vn 0.6680 0.7357 0.1115
vn 0.3962 0.9158 0.0661
vn 0.0815 0.9966 0.0136
vn -0.2421 0.9694 -0.0404
vn -0.5395 0.8372 -0.0900
vn -0.7784 0.6142 -0.1299
vn -0.9329 0.3247 -0.1557
vn -0.1611 -0.6431 0.7487
vn 0.0600 -0.6998 0.7118
vn -0.8004 -0.1156 0.5882
vn 0.7553 -0.4313 0.4934
vn 0.8594 -0.2280 0.4577
vn -0.5660 0.1156 -0.8162
vn -0.8004 0.1156 0.5882
vn -0.4920 0.3342 -0.8039
vn 0.1724 -0.6807 0.7119
vn -0.7264 0.3342 0.6006
vn -0.3519 0.5167 -0.7805
vn -0.4980 -0.6431 -0.5818
vn -0.6810 -0.5167 -0.5189
vn -0.5863 0.5167 0.6240
vn 0.7022 -0.0000 0.7119
vn -0.1611 0.6431 -0.7487
vn 0.1724 -0.6807 -0.7119
vn -0.3954 0.6431 0.6558
vn 0.0600 0.6998 -0.7118
vn -0.1744 0.6998 0.6927
vn 0.2872 0.6807 -0.6739
vn 0.0529 0.6807 0.7306
vn 0.7022 -0.0000 -0.7119
vn 0.4960 0.5879 -0.6390
vn 0.2617 0.5879 0.7655
vn -0.3519 -0.5167 0.7805
vn 0.6638 0.4313 -0.6110
vn 0.4294 -0.4313 -0.7934
vn 0.2617 -0.5879 -0.7655
vn 0.4294 0.4313 0.7934
vn 0.7723 0.2280 -0.5929
vn 0.5379 0.2280 0.8116
vn -0.1744 -0.6998 -0.6927
vn -0.6176 -0.3342 -0.7119
vn 0.5944 -0.5879 0.5487
vn -0.6176 -0.3342 0.7119
vn -0.0356 -0.6431 0.7650
vn 0.1763 -0.6998 0.6922
vn -0.6927 -0.1156 -0.7119
vn 0.5379 -0.2280 -0.8116
vn -0.6927 -0.1156 0.7119
vn -0.6927 0.1156 -0.7119
vn 0.9230 -0.2280 0.3100
vn -0.6927 0.1156 0.7119
vn 0.2872 -0.6807 0.6739
vn -0.6176 0.3342 -0.7119
vn -0.6176 0.3342 0.7119
vn -0.5869 -0.6431 -0.4919
vn -0.7571 -0.5167 -0.3998
vn -0.4756 0.5167 -0.7119
vn -0.4756 0.5167 0.7119
vn 0.0529 -0.6807 -0.7306
vn -0.2821 0.6431 -0.7119
vn 0.8098 -0.0000 0.5867
vn -0.2821 0.6431 0.7119
vn -0.0580 0.6998 -0.7119
vn -0.0580 0.6998 0.7119
vn 0.1724 0.6807 -0.7119
vn 0.3327 -0.6431 0.6897
vn 0.4845 -0.6998 0.5249
vn 0.1724 0.6807 0.7119
vn 0.3841 0.5879 -0.7119
vn 0.5755 -0.0000 -0.8178
vn 0.3841 0.5879 0.7119
vn 0.2930 -0.4313 -0.8533
vn 0.1321 -0.5879 -0.7981
vn 0.5542 0.4313 -0.7119
vn -0.2187 -0.5167 0.8278
vn 0.5542 0.4313 0.7119
vn 0.6642 0.2280 -0.7119
vn 0.6642 0.2280 0.7119
vn -0.2860 -0.6998 -0.6545
vn -0.7264 -0.3342 -0.6006
vn 0.6766 -0.5879 0.4433
vn -0.4920 -0.3342 0.8039
vn 0.0908 -0.6431 0.7604
vn 0.2878 -0.6998 0.6537
vn -0.8004 -0.1156 -0.5882
vn 0.3970 -0.2280 -0.8890
vn -0.5660 -0.1156 0.8162
vn -0.8004 0.1156 -0.5882
vn 0.9614 -0.2280 0.1539
vn -0.5660 0.1156 0.8162
vn 0.3942 -0.6807 0.6174
vn -0.7264 0.3342 -0.6006
vn -0.4920 0.3342 0.8039
vn -0.6599 -0.6431 -0.3886
vn -0.8126 -0.5167 -0.2697
vn -0.5863 0.5167 -0.6240
vn -0.3519 0.5167 0.7805
vn -0.0681 -0.6807 -0.7293
vn -0.3954 0.6431 -0.6558
vn 0.8954 -0.0000 0.4454
vn -0.1611 0.6431 0.7487
vn -0.1744 0.6998 -0.6927
vn 0.0600 0.6998 0.7118
vn 0.0529 0.6807 -0.7306
vn 0.9736 -0.2280 -0.0065
vn 0.2872 0.6807 0.6739
vn 0.2617 0.5879 -0.7655
vn 0.4330 -0.0000 -0.9014
vn 0.4960 0.5879 0.6390
vn 0.1485 -0.4313 -0.8899
vn -0.0011 -0.5879 -0.8089
vn 0.4294 0.4313 -0.7934
vn -0.0794 -0.5167 0.8525
vn 0.6638 0.4313 0.6110
vn 0.5379 0.2280 -0.8116
vn 0.7723 0.2280 0.5929
vn -0.3898 -0.6998 -0.5985
vn -0.8153 -0.3342 -0.4728
vn 0.7404 -0.5879 0.3259
vn -0.3530 -0.3342 0.8739
vn 0.2147 -0.6431 0.7351
vn 0.3915 -0.6998 0.5974
vn -0.8863 -0.1156 -0.4485
vn 0.2453 -0.2280 -0.9423
vn -0.4240 -0.1156 0.8983
vn -0.8863 0.1156 -0.4485
vn -0.4240 0.1156 0.8983
vn 0.4905 -0.6807 0.5441
vn -0.8153 0.3342 -0.4728
vn -0.3530 0.3342 0.8739
vn -0.7328 -0.6431 0.2223
vn -0.7488 -0.5167 0.4152
vn -0.6810 0.5167 -0.5189
vn -0.6810 0.5166 -0.5189
vn -0.2187 0.5167 0.8278
vn -0.2187 0.5166 0.8278
vn -0.1872 -0.6807 -0.7082
vn -0.4980 0.6431 -0.5818
vn 0.9564 -0.0000 0.2919
vn -0.0356 0.6431 0.7650
vn -0.2860 0.6998 -0.6545
vn 0.1763 0.6998 0.6922
vn -0.0681 0.6807 -0.7293
vn -0.1485 -0.4313 -0.8899
vn -0.2637 -0.5879 -0.7648
vn 0.3942 0.6807 0.6174
vn 0.1321 0.5879 -0.7981
vn 0.2787 -0.0000 -0.9604
vn 0.5944 0.5879 0.5487
vn -0.0000 -0.4313 -0.9022
vn -0.1342 -0.5879 -0.7977
vn 0.2930 0.4313 -0.8533
vn 0.0620 -0.5167 0.8540
vn 0.0620 -0.5167 0.8539
vn 0.7553 0.4313 0.4934
vn 0.3970 0.2280 -0.8890
vn 0.8594 0.2280 0.4577
vn -0.4830 -0.6998 -0.5262
vn -0.8820 -0.3342 -0.3322
vn 0.9593 -0.2280 -0.1666
vn -0.2043 -0.3342 0.9201
vn -0.9480 -0.1156 -0.2965
vn 0.0869 -0.2280 -0.9698
vn -0.2703 -0.1156 0.9558
vn -0.9480 0.1156 -0.2965
vn 0.7839 -0.5879 0.1996
vn -0.2703 0.1156 0.9558
vn 0.5733 -0.6807 0.4559
vn -0.8820 0.3342 -0.3322
vn -0.2043 0.3342 0.9201
vn -0.7571 0.5167 -0.3998
vn -0.0794 0.5167 0.8525
vn -0.3012 -0.6807 -0.6677
vn -0.5869 0.6431 -0.4919
vn 0.9914 -0.0000 0.1305
vn 0.0908 0.6431 0.7604
vn -0.7503 -0.6431 -0.1532
vn -0.8562 -0.5167 0.0088
vn -0.3898 0.6998 -0.5985
vn 0.2017 -0.5167 0.8321
vn 0.2878 0.6998 0.6537
vn -0.1872 0.6807 -0.7082
vn 0.4905 0.6807 0.5441
vn -0.0011 0.5879 -0.8089
vn 0.1169 -0.0000 -0.9931
vn 0.6766 0.5879 0.4433
vn 0.1485 0.4313 -0.8899
vn 0.2453 0.2280 -0.9423
vn 0.9230 0.2280 0.3100
vn 0.8061 -0.5879 0.0679
vn -0.9247 -0.3342 -0.1825
vn -0.5631 -0.6998 -0.4395
vn -0.0501 -0.3342 0.9412
vn -0.0740 -0.2280 -0.9708
vn -0.9839 -0.1156 -0.1364
vn 0.4417 -0.6431 0.6256
vn 0.5643 -0.6998 0.4379
vn 0.4417 -0.6431 0.6255
vn -0.1093 -0.1156 0.9873
vn 0.9188 -0.2280 -0.3223
vn -0.9839 0.1156 -0.1364
vn -0.1093 0.1156 0.9873
vn -0.9247 0.3342 -0.1825
vn 0.6406 -0.6807 0.3554
vn 0.6405 -0.6807 0.3554
vn -0.0501 0.3342 0.9412
vn -0.8126 0.5167 -0.2697
vn -0.7653 -0.6431 -0.0277
vn -0.8430 -0.5167 0.1496
vn 0.0620 0.5167 0.8540
vn 0.9994 -0.0000 -0.0345
vn -0.6599 0.6431 -0.3886
vn -0.4070 -0.6807 -0.6090
vn 0.2147 0.6431 0.7351
vn -0.4830 0.6998 -0.5262
vn 0.3915 0.6998 0.5974
vn 0.6862 -0.6431 0.3399
vn 0.7047 -0.6998 0.1166
vn -0.3012 0.6807 -0.6677
vn 0.5733 0.6807 0.4559
vn -0.0482 -0.0000 -0.9988
vn -0.1342 0.5879 -0.7977
vn 0.7404 0.5879 0.3259
vn 0.3359 -0.5167 0.7876
vn -0.0000 0.4313 -0.9022
vn -0.2929 -0.4313 -0.8533
vn -0.3859 -0.5879 -0.7109
vn 0.0869 0.2280 -0.9698
vn 0.9614 0.2280 0.1539
vn -0.6277 -0.6998 -0.3408
vn -0.9421 -0.3342 -0.0278
vn 0.8063 -0.5879 -0.0657
vn 0.8063 -0.5879 -0.0658
vn 0.1055 -0.3342 0.9366
vn 0.5387 -0.6431 0.5443
vn 0.6287 -0.6998 0.3391
vn -0.9929 -0.1156 0.0274
vn -0.2327 -0.2280 -0.9454
vn 0.0547 -0.1156 0.9918
vn -0.9929 0.1156 0.0274
vn 0.8532 -0.2280 -0.4691
vn 0.0547 0.1156 0.9918
vn 0.6903 -0.6807 0.2451
vn -0.9421 0.3342 -0.0278
vn 0.1055 0.3342 0.9366
vn -0.7594 -0.6431 0.0987
vn -0.8069 -0.5167 0.2863
vn -0.8459 0.5167 -0.1323
vn 0.2017 0.5167 0.8321
vn -0.5017 -0.6807 -0.5337
vn -0.7148 0.6431 -0.2747
vn 0.9801 -0.0000 -0.1985
vn 0.3327 0.6431 0.6897
vn -0.5631 0.6998 -0.4395
vn 0.4845 0.6998 0.5249
vn -0.4070 0.6807 -0.6090
vn 0.7553 -0.4313 -0.4935
vn 0.7644 -0.2280 -0.6031
vn 0.6406 0.6807 0.3554
vn 0.6405 0.6807 0.3554
vn -0.2637 0.5879 -0.7648
vn -0.2119 -0.0000 -0.9773
vn 0.7839 0.5879 0.1996
vn -0.4294 -0.4313 -0.7935
vn -0.4977 -0.5879 -0.6377
vn -0.1485 0.4313 -0.8899
vn 0.4609 -0.5167 0.7215
vn 0.4609 -0.5166 0.7215
vn -0.0740 0.2280 -0.9708
vn 0.9736 0.2280 -0.0065
vn -0.6753 -0.6998 -0.2329
vn -0.9338 -0.3342 0.1276
vn 0.7844 -0.5879 -0.1976
vn 0.2582 -0.3342 0.9064
vn 0.6209 -0.6431 0.4482
vn 0.6759 -0.6998 0.2310
vn -0.9749 -0.1156 0.1905
vn -0.3852 -0.2280 -0.8942
vn 0.2172 -0.1156 0.9693
vn -0.9749 0.1156 0.1905
vn 0.2172 0.1156 0.9693
vn 0.7212 -0.6807 0.1281
vn -0.9338 0.3342 0.1276
vn 0.2582 0.3342 0.9064
vn -0.4417 -0.6431 0.6255
vn -0.3359 -0.5167 0.7876
vn -0.8562 0.5167 0.0088
vn 0.3359 0.5167 0.7876
vn -0.5827 -0.6807 -0.4439
vn -0.7503 0.6431 -0.1532
vn 0.9341 -0.0000 -0.3571
vn 0.4417 0.6431 0.6255
vn 0.4417 0.6431 0.6256
vn -0.6277 0.6998 -0.3408
vn 0.5643 0.6998 0.4379
vn -0.5017 0.6807 -0.5337
vn -0.6638 -0.4313 -0.6111
vn -0.6778 -0.5879 -0.4416
vn 0.6903 0.6807 0.2451
vn -0.3859 0.5879 -0.7109
vn -0.3699 -0.0000 -0.9291
vn 0.8061 0.5879 0.0679
vn -0.5541 -0.4313 -0.7120
vn -0.5959 -0.5879 -0.5471
vn -0.2929 0.4313 -0.8533
vn 0.5734 -0.5167 0.6358
vn -0.2327 0.2280 -0.9454
vn 0.9593 0.2280 -0.1666
vn -0.7044 -0.6998 -0.1186
vn -0.9001 -0.3342 0.2796
vn 0.6638 -0.4313 -0.6111
vn 0.6547 -0.2280 -0.7207
vn 0.4039 -0.3342 0.8516
vn -0.9302 -0.1156 0.3483
vn -0.5271 -0.2280 -0.8186
vn 0.3737 -0.1156 0.9203
vn -0.9302 0.1156 0.3483
vn 0.7412 -0.5879 -0.3240
vn 0.3737 0.1156 0.9203
vn 0.7325 -0.6807 0.0077
vn -0.9001 0.3342 0.2796
vn 0.4039 0.3342 0.8516
vn -0.8430 0.5166 0.1496
vn -0.8430 0.5167 0.1496
vn 0.4609 0.5167 0.7215
vn -0.6478 -0.6807 -0.3419
vn -0.7653 0.6431 -0.0277
vn 0.8625 -0.0000 -0.5060
vn 0.5387 0.6431 0.5443
vn -0.6862 -0.6431 0.3399
vn -0.6702 -0.5167 0.5328
vn -0.6753 0.6998 -0.2329
vn 0.6702 -0.5167 0.5328
vn 0.6287 0.6998 0.3391
vn -0.5827 0.6807 -0.4439
vn 0.7212 0.6807 0.1281
vn -0.4977 0.5879 -0.6377
vn -0.5178 -0.0000 -0.8555
vn 0.8063 0.5879 -0.0658
vn 0.8063 0.5879 -0.0657
vn -0.4294 0.4313 -0.7935
vn -0.3852 0.2280 -0.8942
vn 0.9188 0.2280 -0.3223
vn 0.6778 -0.5879 -0.4416
vn -0.8418 -0.3342 0.4239
vn -0.7143 -0.6998 -0.0010
vn 0.5385 -0.3342 0.7735
vn -0.6547 -0.2280 -0.7207
vn -0.8602 -0.1156 0.4967
vn 0.7328 -0.6431 0.2223
vn 0.7143 -0.6998 -0.0010
vn 0.5201 -0.1156 0.8462
vn 0.5541 -0.4313 -0.7120
vn 0.5271 -0.2280 -0.8186
vn -0.8602 0.1156 0.4967
vn 0.5201 0.1156 0.8462
vn -0.8418 0.3342 0.4239
vn 0.7237 -0.6807 -0.1130
vn 0.5385 0.3342 0.7735
vn -0.8069 0.5167 0.2863
vn -0.6209 -0.6431 0.4482
vn -0.5734 -0.5167 0.6358
vn 0.5734 0.5167 0.6358
vn 0.7675 -0.0000 -0.6410
vn -0.7594 0.6431 0.0987
vn -0.6953 -0.6807 -0.2306
vn 0.6209 0.6431 0.4482
vn -0.7044 0.6998 -0.1186
vn 0.6759 0.6998 0.2310
vn 0.7503 -0.6431 -0.1532
vn 0.6277 -0.6998 -0.3408
vn -0.6478 0.6807 -0.3419
vn 0.7325 0.6807 0.0077
vn -0.6515 -0.0000 -0.7586
vn -0.5959 0.5879 -0.5471
vn 0.7844 0.5879 -0.1976
vn 0.7488 -0.5167 0.4152
vn -0.5541 0.4313 -0.7120
vn -0.7553 -0.4313 -0.4935
vn -0.7412 -0.5879 -0.3240
vn -0.5271 0.2280 -0.8186
vn 0.8532 0.2280 -0.4691
vn -0.7047 -0.6998 0.1166
vn -0.7605 -0.3342 0.5567
vn 0.5959 -0.5879 -0.5471
vn 0.6585 -0.3342 0.6743
vn 0.7594 -0.6431 0.0987
vn 0.7044 -0.6998 -0.1186
vn -0.7667 -0.1156 0.6315
vn -0.7644 -0.2280 -0.6031
vn 0.6523 -0.1156 0.7491
vn -0.7667 0.1156 0.6315
vn 0.4294 -0.4313 -0.7935
vn 0.3852 -0.2280 -0.8942
vn 0.6523 0.1156 0.7491
vn 0.6953 -0.6807 -0.2306
vn -0.7605 0.3342 0.5567
vn 0.6585 0.3342 0.6743
vn -0.5387 -0.6431 0.5443
vn -0.4609 -0.5167 0.7215
vn -0.7488 0.5166 0.4152
vn -0.7488 0.5167 0.4152
vn 0.6702 0.5167 0.5328
vn 0.6702 0.5166 0.5328
vn -0.7237 -0.6807 -0.1130
vn -0.7328 0.6431 0.2223
vn 0.6515 -0.0000 -0.7586
vn 0.6862 0.6431 0.3399
vn -0.7143 0.6998 -0.0010
vn 0.7047 0.6998 0.1166
vn -0.6953 0.6807 -0.2306
vn 0.2929 -0.4313 -0.8533
vn 0.2327 -0.2280 -0.9454
vn 0.7237 0.6807 -0.1130
vn -0.6778 0.5879 -0.4416
vn -0.7675 -0.0000 -0.6410
vn 0.7412 0.5879 -0.3240
vn -0.7844 -0.5879 -0.1976
vn -0.6638 0.4313 -0.6111
vn 0.8069 -0.5166 0.2863
vn 0.8069 -0.5167 0.2863
vn 0.7553 0.4313 -0.4935
vn -0.6547 0.2280 -0.7207
vn 0.7644 0.2280 -0.6031
vn -0.6759 -0.6998 0.2310
vn -0.6585 -0.3342 0.6743
vn 0.4977 -0.5879 -0.6377
vn 0.7605 -0.3342 0.5567
vn 0.7653 -0.6431 -0.0277
vn 0.6753 -0.6998 -0.2329
vn -0.6523 -0.1156 0.7491
vn -0.8532 -0.2280 -0.4691
vn 0.7667 -0.1156 0.6315
vn -0.6523 0.1156 0.7491
vn 0.7667 0.1156 0.6315
vn 0.6478 -0.6807 -0.3419
vn -0.6585 0.3342 0.6743
vn 0.7605 0.3342 0.5567
vn -0.2147 -0.6431 0.7351
vn -0.0620 -0.5167 0.8540
vn -0.6702 0.5167 0.5328
vn 0.7488 0.5167 0.4152
vn -0.7325 -0.6807 0.0077
vn -0.6862 0.6431 0.3399
vn 0.5178 -0.0000 -0.8555
vn 0.7328 0.6431 0.2223
vn -0.7047 0.6998 0.1166
vn 0.7143 0.6998 -0.0010
vn -0.7237 0.6807 -0.1130
vn -0.8061 -0.5879 0.0679
vn 0.6953 0.6807 -0.2306
vn -0.7412 0.5879 -0.3240
vn -0.8625 -0.0000 -0.5060
vn 0.6778 0.5879 -0.4416
vn -0.8063 -0.5879 -0.0658
vn -0.7553 0.4313 -0.4935
vn 0.8430 -0.5167 0.1496
vn 0.8430 -0.5166 0.1496
vn 0.6638 0.4313 -0.6111
vn -0.7644 0.2280 -0.6031
vn 0.6547 0.2280 -0.7207
vn -0.6287 -0.6998 0.3391
vn -0.5385 -0.3342 0.7735
vn 0.0740 -0.2280 -0.9708
vn 0.8418 -0.3342 0.4239
vn -0.5201 -0.1156 0.8462
vn -0.9188 -0.2280 -0.3223
vn 0.8602 -0.1156 0.4967
vn -0.5201 0.1156 0.8462
vn 0.3859 -0.5879 -0.7109
vn 0.8602 0.1156 0.4967
vn 0.5827 -0.6807 -0.4439
vn -0.5385 0.3342 0.7735
vn 0.8418 0.3342 0.4239
vn -0.5734 0.5167 0.6358
vn 0.8069 0.5167 0.2863
vn -0.7212 -0.6807 0.1281
vn -0.6209 0.6431 0.4482
vn 0.3699 -0.0000 -0.9291
vn 0.7594 0.6431 0.0987
vn -0.3327 -0.6431 0.6897
vn -0.2017 -0.5167 0.8321
vn -0.6759 0.6998 0.2310
vn 0.8562 -0.5167 0.0088
vn 0.7044 0.6998 -0.1186
vn -0.7325 0.6807 0.0077
vn 0.6478 0.6807 -0.3419
vn -0.7844 0.5879 -0.1976
vn -0.9341 -0.0000 -0.3571
vn 0.5959 0.5879 -0.5471
vn 0.6599 -0.6431 -0.3886
vn 0.4830 -0.6998 -0.5262
vn 0.5541 0.4313 -0.7120
vn -0.8532 0.2280 -0.4691
vn -0.0869 -0.2280 -0.9698
vn 0.5271 0.2280 -0.8186
vn 0.2637 -0.5879 -0.7648
vn -0.4039 -0.3342 0.8516
vn -0.5643 -0.6998 0.4379
vn 0.9001 -0.3342 0.2796
vn -0.9593 -0.2280 -0.1666
vn -0.3737 -0.1156 0.9203
vn 0.7148 -0.6431 -0.2746
vn 0.5631 -0.6998 -0.4395
vn 0.9302 -0.1156 0.3483
vn 0.5869 -0.6431 -0.4919
vn 0.3899 -0.6998 -0.5985
vn 0.3898 -0.6998 -0.5985
vn -0.3737 0.1156 0.9203
vn 0.9302 0.1156 0.3483
vn -0.4039 0.3342 0.8516
vn 0.5017 -0.6807 -0.5337
vn 0.9001 0.3342 0.2796
vn -0.4609 0.5167 0.7215
vn -0.0908 -0.6431 0.7604
vn 0.0794 -0.5167 0.8525
vn 0.8430 0.5167 0.1496
vn 0.2119 -0.0000 -0.9773
vn -0.5387 0.6431 0.5443
vn -0.6903 -0.6807 0.2451
vn 0.7653 0.6431 -0.0277
vn -0.6287 0.6998 0.3391
vn 0.6753 0.6998 -0.2329
vn -0.8746 -0.4313 0.2214
vn -0.7404 -0.5879 0.3259
vn -0.7212 0.6807 0.1281
vn 0.5827 0.6807 -0.4439
vn -0.9801 -0.0000 -0.1985
vn -0.8063 0.5879 -0.0658
vn 0.4977 0.5879 -0.6377
vn 0.8459 -0.5167 -0.1323
vn -0.7839 -0.5879 0.1996
vn 0.4294 0.4313 -0.7935
vn -0.9188 0.2280 -0.3223
vn 0.3852 0.2280 -0.8942
vn -0.4845 -0.6998 0.5249
vn -0.2582 -0.3342 0.9064
vn 0.9338 -0.3342 0.1276
vn -0.2172 -0.1156 0.9693
vn -0.9736 -0.2280 -0.0065
vn 0.9749 -0.1156 0.1905
vn -0.2172 0.1156 0.9693
vn 0.1342 -0.5879 -0.7977
vn 0.9749 0.1156 0.1905
vn 0.4070 -0.6807 -0.6090
vn -0.2582 0.3342 0.9064
vn 0.9338 0.3342 0.1276
vn -0.3359 0.5167 0.7876
vn -0.3359 0.5166 0.7876
vn 0.8562 0.5167 0.0088
vn -0.6406 -0.6807 0.3554
vn -0.6405 -0.6807 0.3554
vn -0.4417 0.6431 0.6255
vn -0.4417 0.6431 0.6256
vn 0.0482 -0.0000 -0.9988
vn 0.7503 0.6431 -0.1532
vn 0.1611 -0.6431 0.7487
vn 0.3519 -0.5167 0.7805
vn -0.5643 0.6998 0.4379
vn 0.8126 -0.5167 -0.2697
vn 0.6277 0.6998 -0.3408
vn 0.6277 0.6998 -0.3409
vn -0.6903 0.6807 0.2451
vn 0.5017 0.6807 -0.5337
vn -0.8061 0.5879 0.0679
vn -0.9994 -0.0000 -0.0345
vn 0.3859 0.5879 -0.7109
vn -0.2453 -0.2280 -0.9423
vn 0.2929 0.4313 -0.8533
vn -0.9593 0.2280 -0.1666
vn -0.6766 -0.5879 0.4433
vn 0.2327 0.2280 -0.9454
vn -0.2930 -0.4313 -0.8533
vn -0.3970 -0.2280 -0.8890
vn -0.1055 -0.3342 0.9366
vn -0.3915 -0.6998 0.5974
vn 0.9421 -0.3342 -0.0278
vn -0.9614 -0.2280 0.1539
vn -0.0547 -0.1156 0.9918
vn 0.9929 -0.1156 0.0274
vn 0.0011 -0.5879 -0.8089
vn -0.0547 0.1156 0.9918
vn 0.9929 0.1156 0.0274
vn -0.1055 0.3342 0.9366
vn 0.3012 -0.6807 -0.6677
vn 0.9421 0.3342 -0.0278
vn -0.2017 0.5167 0.8321
vn 0.8459 0.5167 -0.1323
vn -0.1169 -0.0000 -0.9931
vn -0.3327 0.6431 0.6897
vn -0.5733 -0.6807 0.4559
vn 0.7148 0.6431 -0.2747
vn 0.7571 -0.5167 -0.3998
vn -0.4845 0.6998 0.5249
vn 0.0356 -0.6431 0.7650
vn 0.2187 -0.5167 0.8278
vn 0.2187 -0.5166 0.8278
vn 0.5631 0.6998 -0.4395
vn -0.6406 0.6807 0.3554
vn -0.6405 0.6807 0.3554
vn 0.4070 0.6807 -0.6090
vn -0.9914 -0.0000 0.1305
vn -0.7839 0.5879 0.1996
vn 0.2637 0.5879 -0.7648
vn 0.3954 -0.6431 -0.6558
vn 0.1744 -0.6998 -0.6927
vn -0.4294 -0.4313 -0.7934
vn -0.5379 -0.2280 -0.8116
vn -0.9736 0.2280 -0.0065
vn 0.0740 0.2280 -0.9708
vn -0.1321 -0.5879 -0.7981
vn 0.0501 -0.3342 0.9412
vn -0.2878 -0.6998 0.6537
vn 0.9247 -0.3342 -0.1825
vn -0.9230 -0.2280 0.3100
vn 0.1093 -0.1156 0.9873
vn 0.4980 -0.6431 -0.5818
vn 0.2860 -0.6998 -0.6545
vn 0.9839 -0.1156 -0.1364
vn 0.1093 0.1156 0.9873
vn 0.9839 0.1156 -0.1364
vn 0.0501 0.3342 0.9412
vn 0.1872 -0.6807 -0.7082
vn 0.9247 0.3342 -0.1825
vn -0.0620 0.5167 0.8540
vn 0.8126 0.5166 -0.2697
vn 0.8126 0.5167 -0.2697
vn -0.2787 -0.0000 -0.9604
vn -0.2147 0.6431 0.7351
vn -0.4905 -0.6807 0.5441
vn 0.6599 0.6431 -0.3886
vn -0.3915 0.6998 0.5974
vn 0.4830 0.6998 -0.5262
vn -0.6638 -0.4313 0.6110
vn -0.4960 -0.5879 0.6390
vn -0.5733 0.6807 0.4559
vn 0.3012 0.6807 -0.6677
vn -0.9564 -0.0000 0.2919
vn -0.7404 0.5879 0.3259
vn 0.1342 0.5879 -0.7977
vn 0.6810 -0.5167 -0.5189
vn -0.7553 -0.4313 0.4934
vn -0.5944 -0.5879 0.5487
vn -0.9614 0.2280 0.1539
vn -0.0868 0.2280 -0.9698
vn -0.0869 0.2280 -0.9698
vn -0.1763 -0.6998 0.6922
vn 0.2043 -0.3342 0.9201
vn 0.8820 -0.3342 -0.3322
vn 0.2703 -0.1156 0.9558
vn -0.8594 -0.2280 0.4577
vn 0.9480 -0.1156 -0.2965
vn 0.2703 0.1156 0.9558
vn -0.2617 -0.5879 -0.7655
vn 0.9480 0.1156 -0.2965
vn 0.0681 -0.6807 -0.7293
vn 0.2043 0.3342 0.9201
vn 0.8820 0.3342 -0.3322
vn 0.0794 0.5167 0.8525
vn 0.7571 0.5167 -0.3998
vn -0.3942 -0.6807 0.6174
vn -0.0908 0.6431 0.7604
vn -0.4330 -0.0000 -0.9014
vn 0.5869 0.6431 -0.4919
vn -0.2878 0.6998 0.6537
vn 0.5863 -0.5167 -0.6240
vn 0.3898 0.6998 -0.5985
vn -0.4905 0.6807 0.5441
vn 0.1872 0.6807 -0.7082
vn -0.6766 0.5879 0.4433
vn -0.8954 -0.0000 0.4454
vn 0.0011 0.5879 -0.8089
vn -0.9230 0.2280 0.3100
vn -0.2453 0.2280 -0.9423
vn 0.3530 -0.3342 0.8739
vn -0.0600 -0.6998 0.7118
vn 0.8153 -0.3342 -0.4728
vn -0.7723 -0.2280 0.5929
vn 0.4240 -0.1156 0.8983
vn 0.8863 -0.1156 -0.4485
vn 0.4240 0.1156 0.8983
vn 0.8863 0.1156 -0.4485
vn 0.3530 0.3342 0.8739
vn -0.0529 -0.6807 -0.7306
vn 0.8153 0.3342 -0.4728
vn 0.2187 0.5166 0.8278
vn 0.2187 0.5167 0.8278
vn 0.6810 0.5167 -0.5189
vn -0.5755 -0.0000 -0.8178
vn 0.0356 0.6431 0.7650
vn -0.2872 -0.6807 0.6739
vn 0.4980 0.6431 -0.5818
vn -0.1763 0.6998 0.6922
vn 0.2860 0.6998 -0.6545
vn -0.3942 0.6807 0.6174
vn 0.0681 0.6807 -0.7293
vn -0.8098 -0.0000 0.5867
vn -0.5944 0.5879 0.5487
vn -0.1321 0.5879 -0.7981
vn -0.7553 0.4313 0.4934
vn -0.2930 0.4313 -0.8533
vn -0.8594 0.2280 0.4577
vn -0.3970 0.2280 -0.8890
vn 0.4920 -0.3342 0.8039
vn 0.7264 -0.3342 -0.6006
vn 0.5660 -0.1156 0.8162
vn 0.8004 -0.1156 -0.5882
vn 0.5660 0.1156 0.8162
vn 0.8004 0.1156 -0.5882
vn 0.4920 0.3342 0.8039
vn 0.7264 0.3342 -0.6006
vn 0.3519 0.5167 0.7805
vn 0.5863 0.5167 -0.6240
vn 0.1611 0.6431 0.7487
vn 0.3954 0.6431 -0.6558
vn -0.0600 0.6998 0.7118
vn 0.1744 0.6998 -0.6927
vn -0.2872 0.6807 0.6739
vn -0.0529 0.6807 -0.7306
vn -0.4960 0.5879 0.6390
vn -0.2617 0.5879 -0.7655
vn -0.6638 0.4313 0.6110
vn -0.4294 0.4313 -0.7934
vn -0.7723 0.2280 0.5929
vn -0.5379 0.2280 -0.8116
vt 1.407816 -0.166582
vt 1.299970 -0.217225
vt 1.337049 -0.257503
vt 1.014080 -0.339290
vt 1.124382 -0.294245
vt 1.027520 -0.286219
vt 0.444569 -0.214974
vt 0.490606 -0.095869
vt 0.512623 -0.181348
vt 0.908568 -0.293008
vt 1.407816 -0.166582
vt 1.359668 -0.140525
vt 0.905999 -0.293008
vt 0.873889 -0.181348
vt 0.822388 -0.214974
vt 0.802743 -0.214975
vt 0.907001 -0.247176
vt 0.886354 -0.293008
vt 0.938512 -0.247176
vt 1.328635 -0.257503
vt 1.220692 -0.270385
vt 1.233496 -0.320521
vt 0.768964 -0.113645
vt 0.867004 -0.181348
vt 0.823801 -0.214974
vt 1.445226 -0.057608
vt 1.391227 -0.048597
vt 0.351454 -0.293008
vt 0.389032 -0.181348
vt 0.412251 -0.247176
vt 1.233496 0.145333
vt 1.127757 0.072942
vt 1.123328 0.126949
vt -0.059676 0.057608
vt -0.113676 -0.048597
vt -0.059676 -0.057608
vt 0.059676 -0.057608
vt 0.113676 0.048597
vt 0.059676 0.057608
vt 1.048359 -0.348805
vt 1.115664 -0.270385
vt 1.153998 -0.320521
vt 1.103684 -0.348805
vt 1.183271 -0.270385
vt 1.213851 -0.320521
vt 0.714895 -0.320521
vt 0.708752 -0.217225
vt 0.658774 -0.270385
vt 0.990427 0.225774
vt 1.090336 0.297193
vt 1.103684 0.244673
vt 1.359668 -0.140525
vt 1.128903 -0.348805
vt 0.828261 -0.095869
vt 0.768299 -0.113645
vt 0.768964 -0.113645
vt 0.820744 -0.095869
vt 1.240593 -0.320521
vt 0.306125 -0.113645
vt 0.323930 -0.214974
vt 0.194455 -0.214975
vt 0.247216 -0.095869
vt 0.254830 -0.181348
vt 0.804747 0.000000
vt 0.820744 -0.095869
vt 1.218602 -0.270385
vt 0.942349 0.809081
vt 0.817474 0.780316
vt 0.891827 0.838187
vt 1.218602 -0.270385
vt 0.804747 -0.000000
vt 0.750000 -0.000000
vt 1.128903 -0.348805
vt 1.308991 -0.257503
vt 1.263529 -0.217225
vt 0.377696 -0.257503
vt 0.288163 -0.270385
vt 0.346377 -0.320521
vt 1.445226 0.057608
vt 1.359668 0.140525
vt 1.391227 0.048597
vt 1.359668 0.140525
vt 1.407816 0.166582
vt 0.583881 -0.257503
vt 0.480015 -0.270385
vt 0.537974 -0.320521
vt 1.337049 0.257503
vt 1.407816 0.166582
vt 1.299970 0.217225
vt 1.123328 -0.348805
vt 1.032216 -0.286219
vt 1.010072 -0.339290
vt 1.240593 0.320521
vt 0.182308 0.000000
vt 0.185429 -0.113645
vt 1.218602 0.270385
vt 1.124382 0.294245
vt 1.218602 0.270385
vt 1.128903 0.348805
vt 1.014080 0.339290
vt 1.128903 0.348805
vt 0.519400 -0.113645
vt 0.622231 -0.181348
vt 0.553082 -0.214974
vt 1.027520 0.286219
vt 0.994795 -0.286219
vt 0.990427 -0.339290
vt 0.908568 0.293008
vt 0.749593 -0.000000
vt 0.812482 -0.000000
vt 0.938512 0.247176
vt 0.878716 -0.293008
vt 0.856938 -0.181348
vt 0.798542 -0.214974
vt 0.823801 0.214974
vt 1.245227 -0.257503
vt 1.192623 -0.217225
vt 0.867004 0.181348
vt 0.944422 -0.247176
vt 0.768964 0.113645
vt 0.768964 0.113645
vt 0.820744 0.095869
vt 0.820744 0.095869
vt 0.750000 0.000000
vt 1.087113 0.310112
vt 1.189485 0.288163
vt 1.100370 0.257569
vt 0.161209 -0.257503
vt 0.111668 -0.140525
vt 0.101842 -0.217225
vt 0.546657 -0.247176
vt 0.484914 -0.293008
vt 1.378793 -0.166582
vt 1.322413 -0.140525
vt 0.964438 -0.348805
vt 1.017625 -0.270385
vt 1.062667 -0.320521
vt 0.179014 -0.057608
vt 0.172857 -0.166582
vt 0.813185 -0.095869
vt 0.746676 -0.113645
vt 1.415693 -0.057608
vt 1.353542 -0.048597
vt 0.179014 0.057608
vt 0.116863 -0.048597
vt 0.796326 0.953152
vt 0.677889 0.904225
vt 0.741702 0.973545
vt 1.415693 0.057608
vt 1.353542 0.048597
vt 1.048359 0.422997
vt 0.934935 0.441152
vt 1.026549 0.472603
vt 0.111668 0.140525
vt 0.116863 0.048597
vt 1.322413 0.140525
vt 1.378793 0.166582
vt 0.943281 -0.257503
vt 0.819564 -0.270385
vt 0.872317 -0.320521
vt 0.161209 0.257503
vt 0.172857 0.166582
vt 1.263529 0.217225
vt 1.308991 0.257503
vt 0.978511 0.272829
vt 1.008756 0.226118
vt 1.328635 0.257503
vt 1.220692 0.270385
vt 1.300950 0.217225
vt 0.299967 -0.000000
vt 0.374012 -0.095869
vt 1.183271 0.270385
vt 1.213851 0.320521
vt 1.123328 0.126949
vt 1.220692 0.088450
vt 1.233496 0.145333
vt 1.103684 0.348805
vt 1.090336 0.294245
vt 1.010072 0.339290
vt 1.127757 0.294245
vt 1.123328 0.348805
vt 0.686748 -0.214975
vt 0.810439 -0.247176
vt 0.754009 -0.181348
vt 0.990427 0.225774
vt 1.090336 0.297193
vt 0.994795 0.281250
vt 0.939758 0.385714
vt 0.850750 0.412251
vt 0.944422 0.247176
vt 1.032216 0.286219
vt 0.798054 -0.000000
vt 0.728740 0.000000
vt 0.990427 0.339290
vt 0.907001 0.247176
vt 0.886354 0.293008
vt 0.752914 -0.214974
vt 0.879500 -0.247176
vt 0.816611 -0.181348
vt 0.822388 0.214974
vt 0.905999 0.293008
vt 1.147496 -0.257503
vt 1.089185 -0.217225
vt 0.802743 0.214974
vt 0.836468 0.181348
vt 0.978511 -0.339290
vt 0.924571 -0.247176
vt 0.768299 0.113645
vt 0.873889 0.181348
vt 0.185429 0.113645
vt 0.254830 0.181348
vt 0.247216 0.095869
vt 0.828261 0.095869
vt 0.244583 0.000000
vt 1.021243 0.484815
vt 1.125832 0.480015
vt 1.042968 0.435172
vt 0.400674 -0.166582
vt 0.314583 -0.217225
vt 1.249086 -0.140525
vt 1.312160 -0.166582
vt 0.412822 -0.057608
vt 0.333967 -0.140525
vt 0.775927 -0.095869
vt 0.704686 -0.113645
vt 1.278935 -0.048597
vt 1.347543 -0.057608
vt 0.412822 0.057608
vt 0.344214 -0.048597
vt 0.666152 -0.247176
vt 0.605147 -0.293008
vt 1.278935 0.048597
vt 1.347543 0.057608
vt 0.863454 0.535132
vt 0.934760 0.635122
vt 0.964438 0.589782
vt 0.400674 0.166582
vt 0.344214 0.048597
vt 1.249086 0.140525
vt 1.312160 0.166582
vt 0.314583 0.217225
vt 0.333967 0.140525
vt 1.192623 0.217225
vt 1.245227 0.257503
vt 0.920260 0.430165
vt 0.957780 0.389070
vt 0.346377 0.320521
vt 0.377696 0.257503
vt 0.418470 -0.113645
vt 0.482992 -0.000000
vt 1.115664 0.270385
vt 1.153998 0.320521
vt 1.112131 -0.320521
vt 1.144814 -0.217225
vt 1.070300 -0.270385
vt 1.087113 0.310111
vt 1.189485 0.288163
vt 1.192751 0.346377
vt 1.018466 -0.257503
vt 0.891827 -0.270385
vt 0.956038 -0.217225
vt 1.026549 0.294245
vt 1.048359 0.348805
vt 1.100370 0.257569
vt 1.048359 0.422997
vt 0.934935 0.441152
vt 0.939758 0.385714
vt 0.770659 0.484914
vt 0.849573 0.589020
vt 0.978511 0.339290
vt 0.924571 0.247176
vt 1.008756 0.286219
vt 0.761857 -0.000000
vt 0.688008 -0.000000
vt 0.850750 0.412251
vt 0.839963 0.351454
vt 0.606163 -0.113645
vt 0.714866 -0.181348
vt 0.646507 -0.214974
vt 0.798542 0.214974
vt 0.878716 0.293008
vt 0.351454 0.293008
vt 0.389032 0.181348
vt 0.323930 0.214974
vt 0.920260 -0.339290
vt 0.827464 -0.293008
vt 0.813185 0.095869
vt 0.856938 0.181348
vt 0.659262 -0.293008
vt 0.670840 -0.181348
vt 0.601850 -0.214974
vt 0.374012 0.095869
vt 0.306125 0.113645
vt 0.746676 0.113645
vt 0.368818 -0.000000
vt 0.676391 -0.113645
vt 0.788001 -0.181348
vt 0.722298 -0.214974
vt 0.547155 -0.140525
vt 0.518742 -0.217225
vt 0.927517 0.646294
vt 1.031469 0.658774
vt 0.957116 0.600903
vt 1.209734 -0.166582
vt 1.141688 -0.140525
vt 0.643474 -0.113645
vt 0.717504 -0.095869
vt 0.617563 -0.166582
vt 0.562176 -0.048597
vt 1.169443 -0.048597
vt 1.242636 -0.057608
vt 0.708873 -0.293008
vt 0.767476 -0.247176
vt 0.635368 -0.057608
vt 0.562176 0.048597
vt 1.242636 0.057608
vt 1.169443 0.048597
vt 0.635368 0.057608
vt 0.547155 0.140525
vt 0.854209 0.740479
vt 0.741036 0.720822
vt 1.141688 0.140525
vt 1.209734 0.166582
vt 0.617563 0.166582
vt 0.518742 0.217225
vt 1.089185 0.217225
vt 1.147496 0.257503
vt 0.507752 -0.000000
vt 0.593818 -0.095869
vt 0.537974 0.320521
vt 0.583881 0.257503
vt 0.880679 0.541409
vt 0.836905 0.575768
vt 1.062667 0.320521
vt 1.017624 0.270385
vt 0.796326 -0.320521
vt 0.796811 -0.217225
vt 0.861653 -0.257503
vt 1.119472 0.537974
vt 1.125832 0.480015
vt 1.005943 -0.320521
vt 1.026116 -0.217225
vt 0.957998 -0.270385
vt 0.934760 0.294245
vt 0.964438 0.348805
vt 1.021243 0.484815
vt 0.957780 0.389070
vt 0.863454 0.535132
vt 0.934760 0.635122
vt 0.849573 0.589020
vt 0.628509 -0.000000
vt 0.704879 -0.000000
vt 0.920260 0.339290
vt 0.879500 0.247176
vt 0.957780 0.286219
vt 0.720822 -0.286219
vt 0.669954 -0.339290
vt 0.770659 0.484914
vt 0.771293 0.546657
vt 0.752914 0.214974
vt 0.827465 0.293008
vt 0.398825 1.057791
vt 0.385405 1.161626
vt 0.443691 1.160074
vt 0.444569 0.214974
vt 0.546657 0.247176
vt 0.512623 0.181348
vt 0.728168 -0.113645
vt 0.839642 -0.181348
vt 0.778386 -0.214974
vt 0.704686 0.113645
vt 0.816611 0.181348
vt 0.753642 -0.293008
vt 0.880679 -0.286219
vt 0.490606 0.095869
vt 0.418470 0.113645
vt 0.775927 0.095869
vt 0.409444 0.000000
vt 0.793263 -0.293008
vt 0.847866 -0.247176
vt 0.774140 -0.257503
vt 0.745419 -0.140525
vt 0.884136 0.872317
vt 0.845157 0.750244
vt 0.808490 0.790143
vt 1.074311 -0.166582
vt 1.003147 -0.140525
vt 0.564710 -0.113645
vt 0.639509 -0.095869
vt 0.817606 -0.166582
vt 0.764803 -0.048597
vt 0.628582 1.071223
vt 0.519813 1.003470
vt 0.571346 1.082348
vt 1.028052 -0.048597
vt 1.103833 -0.057608
vt 0.246698 1.217281
vt 0.165822 1.117882
vt 0.188952 1.209219
vt 0.840584 -0.057608
vt 0.764803 0.048597
vt 1.028052 0.048597
vt 1.103833 0.057608
vt 0.817605 0.166582
vt 0.840584 0.057608
vt 0.720680 0.870978
vt 0.612286 0.832962
vt 1.074311 0.166582
vt 1.003147 0.140525
vt 0.708752 0.217225
vt 0.745419 0.140525
vt 1.187982 -0.320521
vt 1.232285 -0.217225
vt 1.153407 -0.270385
vt 1.018465 0.257503
vt 0.956037 0.217225
vt 0.592210 0.000000
vt 0.680832 -0.095869
vt 0.774139 0.257503
vt 0.658774 0.270385
vt 0.730723 0.705666
vt 0.779554 0.678980
vt 0.942349 0.320521
vt 0.891827 0.270385
vt 0.927517 0.646294
vt 1.031469 0.658774
vt 1.015656 0.714895
vt 0.854209 0.740479
vt 0.891827 0.838187
vt 0.817474 0.780316
vt 0.419617 -0.293008
vt 0.452373 -0.181348
vt 0.385567 -0.214974
vt 0.957116 0.600903
vt 0.741036 0.720822
vt 0.763598 0.669954
vt 0.628674 -0.000000
vt 0.551866 0.000000
vt 0.753642 0.293008
vt 0.880679 0.286219
vt 0.836905 0.339290
vt 0.786500 -0.339290
vt 0.832962 -0.286219
vt 0.605147 0.293008
vt 0.720822 0.286219
vt 0.666152 0.247176
vt 0.628582 -0.320521
vt 0.615850 -0.217225
vt 0.681338 -0.257503
vt 0.754009 0.181348
vt 0.810439 0.247176
vt 0.546898 -0.293008
vt 0.569372 -0.181348
vt 0.500535 -0.214974
vt 0.622231 0.181348
vt 0.553082 0.214974
vt 0.686748 0.214974
vt 0.717504 0.095869
vt 0.730723 -0.339290
vt 0.719271 -0.247176
vt 0.593818 0.095869
vt 0.519400 0.113645
vt 0.643474 0.113645
vt 0.583992 0.000000
vt 0.912440 -0.348805
vt 0.879120 -0.294245
vt 0.923349 -0.140525
vt 0.879428 -0.217225
vt 1.241284 -0.320521
vt 1.129929 -0.294245
vt 1.223827 -0.270385
vt 0.909583 -0.166582
vt 0.837243 -0.140525
vt 1.022870 -0.057608
vt 0.995346 -0.166582
vt 0.470542 -0.113645
vt 0.544070 -0.095869
vt 0.858618 -0.048597
vt 0.934920 -0.057608
vt 1.022870 0.057608
vt 0.946568 -0.048597
vt 0.905127 -0.247176
vt 0.856014 -0.293008
vt 0.858618 0.048597
vt 0.934920 0.057608
vt 0.567493 0.977719
vt 0.466834 0.922380
vt 0.995346 0.166582
vt 0.946568 0.048597
vt 0.909583 0.166582
vt 0.837243 0.140525
vt 0.943281 0.257503
vt 0.923349 0.140525
vt 0.796811 0.217225
vt 0.861653 0.257503
vt 0.604608 0.816314
vt 0.710144 0.879120
vt 0.657166 0.798030
vt 0.872317 0.320521
vt 0.879428 0.217225
vt 0.660515 0.000000
vt 0.749275 -0.095869
vt 0.796326 0.320521
vt 0.741702 0.270385
vt 1.231428 -0.320521
vt 1.286142 -0.217225
vt 1.205052 -0.270385
vt 0.908971 0.819564
vt 0.884136 0.872317
vt 0.443691 -0.320521
vt 0.418090 -0.217225
vt 0.482437 -0.257503
vt 0.741702 0.973545
vt 0.779554 0.678980
vt 0.845157 0.750244
vt 0.642913 0.786500
vt 0.612286 0.832961
vt 0.922380 -0.286219
vt 0.881594 -0.339290
vt 0.659262 0.293008
vt 0.779554 0.286219
vt 0.730723 0.339290
vt 0.535320 -0.000000
vt 0.460170 0.000000
vt 0.786500 0.339290
vt 0.767476 0.247176
vt 0.708873 0.293008
vt 0.760083 -0.113645
vt 0.868379 -0.181348
vt 0.813242 -0.214974
vt 0.601850 0.214974
vt 0.719271 0.247176
vt 0.646508 0.214974
vt 0.714866 0.181348
vt 0.608483 0.723516
vt 0.546898 0.727983
vt 0.639509 0.095869
vt 0.670840 0.181348
vt 0.280890 -0.293008
vt 0.323034 -0.181348
vt 0.260081 -0.214974
vt 0.680832 0.095869
vt 0.606163 0.113645
vt 0.564710 0.113645
vt 0.669062 0.000000
vt 1.086692 -0.257503
vt 1.076093 -0.140525
vt 1.009847 -0.348805
vt 0.984016 -0.294245
vt 0.648502 -0.140525
vt 0.720044 -0.166582
vt 0.433791 -0.095869
vt 0.363539 -0.113645
vt 1.145936 -0.166582
vt 1.102513 -0.048597
vt 0.740505 -0.057608
vt 0.665763 -0.048597
vt 0.895416 -0.293008
vt 0.937699 -0.247176
vt 1.177255 0.057608
vt 1.177255 -0.057608
vt 0.740505 0.057608
vt 0.665763 0.048597
vt 1.076093 0.140525
vt 1.102513 0.048597
vt 0.308648 0.986638
vt 0.347558 1.075342
vt 0.720044 0.166582
vt 0.648502 0.140525
vt 1.145936 0.166582
vt 1.026116 0.217225
vt 0.681338 0.257503
vt 0.615850 0.217225
vt 0.782629 0.000000
vt 0.797279 -0.095869
vt 1.005943 0.320521
vt 1.086692 0.257503
vt 0.462001 0.904696
vt 0.555760 0.984016
vt 0.516851 0.895312
vt 0.628582 0.320521
vt 0.571346 0.270385
vt 0.270376 1.310785
vt 0.208926 1.288097
vt 0.879120 0.294245
vt 0.957998 0.270385
vt -0.246698 1.217281
vt -0.208926 1.288097
vt -0.188952 1.209219
vt 0.567493 0.977719
vt 0.571346 1.082347
vt 0.519813 1.003470
vt 0.604608 0.816314
vt 0.710144 0.879120
vt 0.667410 0.912440
vt 0.466834 0.922380
vt 0.504690 0.881594
vt 0.355921 -0.000000
vt 0.427365 -0.000000
vt 0.546898 0.727983
vt 0.657166 0.798030
vt 0.986638 -0.286219
vt 0.952639 -0.339290
vt 0.793262 0.293008
vt 0.922380 0.286219
vt 0.847865 0.247176
vt 0.500535 0.214974
vt 0.608483 0.247176
vt 0.546898 0.293008
vt 0.825915 -0.214974
vt 0.827328 -0.095869
vt 0.873430 -0.181348
vt 0.722298 0.214974
vt 0.788001 0.181348
vt 0.900537 -0.293008
vt 0.854655 -0.181348
vt 0.816059 -0.214974
vt 0.470542 0.113645
vt 0.569372 0.181348
vt 0.481097 0.813801
vt 0.419617 0.808071
vt 0.749275 0.095869
vt 0.676391 0.113645
vt 0.544070 0.095869
vt 0.735882 0.000000
vt -0.127501 -0.214974
vt -0.181064 -0.095869
vt -0.184884 -0.181348
vt 1.265269 -0.166582
vt 1.200462 -0.257503
vt 1.079709 -0.348805
vt 1.062070 -0.294245
vt 0.510863 -0.166582
vt 0.442071 -0.140525
vt 0.246619 -0.113645
vt 0.311678 -0.095869
vt 1.299528 -0.057608
vt 1.199484 -0.140525
vt 0.454748 -0.048597
vt 0.525891 -0.057608
vt 0.944693 -0.247176
vt 0.910393 -0.293008
vt 1.228385 0.048597
vt 1.228385 -0.048597
vt 0.525891 0.057608
vt 0.454748 0.048597
vt 1.265269 0.166581
vt 1.299528 0.057608
vt 0.219279 1.109008
vt 0.142044 1.023984
vt 0.510864 0.166582
vt 0.442071 0.140525
vt 1.144814 0.217225
vt 1.199484 0.140525
vt 0.418091 0.217225
vt 0.482437 0.257503
vt 0.741700 0.000000
vt 0.823536 -0.095869
vt 1.112131 0.320521
vt 1.200462 0.257504
vt 0.306792 0.968400
vt 0.386217 1.062070
vt 0.362439 0.968172
vt 0.385405 0.270385
vt 0.443691 0.320521
vt 1.304917 -0.217225
vt 1.337410 -0.257503
vt 1.009847 0.348805
vt 1.070300 0.270385
vt 1.241284 -0.320521
vt 0.398825 1.057791
vt 0.385405 1.161626
vt 0.347558 1.075342
vt 0.508125 1.009847
vt 0.555761 0.984016
vt 0.308649 0.986638
vt 0.352702 0.952639
vt 0.307751 -0.000000
vt 0.241964 -0.000000
vt 0.462001 0.904696
vt 0.481097 0.813801
vt 0.997699 -0.339290
vt 1.023984 -0.286219
vt 0.952639 0.339290
vt 0.905127 0.247176
vt 0.856014 0.293008
vt 0.385567 0.214975
vt 0.481097 0.247176
vt 0.419617 0.293008
vt 1.153407 -0.270385
vt 1.187982 -0.320521
vt 0.839642 0.181348
vt 0.778386 0.214974
vt -0.260081 -0.214974
vt -0.311678 -0.095869
vt -0.323034 -0.181348
vt 0.433791 0.095869
vt 0.452373 0.181348
vt 0.340589 0.881888
vt 0.280890 0.866116
vt 0.728168 0.113645
vt 0.797279 0.095869
vt 0.363539 0.113645
vt 0.710802 0.000000
vt 0.925919 -0.247176
vt 0.900537 -0.293008
vt 1.281486 -0.257503
vt 1.290156 -0.140525
vt 1.111154 -0.294245
vt 1.120119 -0.348805
vt 0.270376 -0.257503
vt 0.223581 -0.140525
vt 0.287748 -0.166581
vt 0.122973 -0.113645
vt 0.184884 -0.181348
vt 0.181064 -0.095869
vt 1.350087 -0.166582
vt 1.320750 -0.048597
vt 1.120119 -0.348805
vt 0.231328 -0.048597
vt 0.296932 -0.057608
vt 1.070300 -0.270385
vt 1.112131 -0.320521
vt 1.386353 -0.057608
vt 1.320750 0.048597
vt 0.296932 0.057608
vt 0.231328 0.048597
vt 1.386353 0.057608
vt 1.290156 0.140525
vt 1.129975 -0.348805
vt 1.033397 -0.286219
vt 0.223581 0.140525
vt 0.287748 0.166582
vt 1.350087 0.166582
vt 1.232285 0.217225
vt -0.482437 -0.257503
vt -0.385405 -0.270385
vt -0.443691 -0.320521
vt 0.270376 0.257503
vt 0.208926 0.217225
vt 0.771266 -0.113645
vt 0.811385 0.000000
vt 1.187982 0.320521
vt 1.281486 0.257503
vt 0.143214 1.005688
vt 0.206138 1.111154
vt 0.198140 1.014623
vt 0.246698 1.217281
vt 0.208926 1.288097
vt 0.188952 1.209219
vt 1.079709 0.348805
vt 1.153407 0.270385
vt 0.165822 1.117882
vt 0.219279 1.109008
vt 0.895416 -0.293008
vt 0.868379 -0.181348
vt 0.306792 0.968400
vt 0.386217 1.062070
vt 0.334979 1.079709
vt 0.142044 1.023984
vt 0.191092 0.997699
vt 0.121407 -0.000000
vt 0.179743 0.000000
vt 0.280890 0.866117
vt 0.362439 0.968172
vt 1.015544 -0.339290
vt 0.895416 0.293008
vt 1.023984 0.286219
vt 0.937699 0.247176
vt 1.286142 -0.217225
vt 1.327554 -0.257503
vt 0.260081 0.214974
vt 0.340589 0.247176
vt 0.280890 0.293008
vt 0.825915 -0.214974
vt 0.944693 -0.247176
vt 0.873430 -0.181348
vt 0.868379 0.181348
vt 0.813242 0.214974
vt 0.311678 0.095869
vt 0.323034 0.181348
vt 1.005688 -0.339290
vt 0.925919 -0.247176
vt 0.760083 0.113645
vt 0.823536 0.095869
vt 0.246619 0.113645
vt 0.808027 -0.000000
vt 1.129975 -0.348805
vt 1.345636 -0.140525
vt 1.407935 -0.166582
vt 1.364411 -0.140525
vt 1.435362 -0.057608
vt 1.398079 -0.166582
vt 0.827328 -0.095869
vt 0.771266 -0.113645
vt 0.059874 -0.057608
vt -0.001007 -0.140525
vt 0.001599 -0.048597
vt 1.435362 0.057608
vt 1.377087 -0.048597
vt -0.340589 -0.247176
vt -0.280890 -0.293008
vt 0.001599 0.048597
vt 0.059874 0.057608
vt -0.143214 1.005688
vt -0.206139 1.111154
vt -0.152696 1.120119
vt 1.345636 0.140525
vt 1.377087 0.048597
vt -0.001007 0.140525
vt 0.056784 0.166582
vt 1.327554 0.257503
vt 1.398079 0.166582
vt 1.407935 0.166582
vt 1.304917 0.217225
vt 1.337410 0.257503
vt 1.231428 0.320521
vt 1.286142 0.217225
vt -0.122973 -0.113645
vt -0.179743 -0.000000
vt 1.223827 0.270385
vt 1.241284 0.320521
vt -1.245227 -0.257503
vt -1.115664 -0.270385
vt -1.153998 -0.320521
vt 1.120119 0.348805
vt 1.205052 0.270385
vt 1.281486 -0.257503
vt 1.129929 0.294245
vt 1.129975 0.348805
vt 0.143214 1.005688
vt 0.206139 1.111154
vt 0.152696 1.120119
vt 1.033397 0.286219
vt 1.015544 0.339290
vt 1.005688 -0.339290
vt 1.014623 -0.286219
vt 1.005688 0.339290
vt 0.925919 0.247176
vt 1.014623 0.286219
vt 0.811385 -0.000000
vt 0.752366 -0.000000
vt 0.910393 0.293008
vt 0.944693 0.247176
vt -0.363539 -0.113645
vt -0.452373 -0.181348
vt -0.385567 -0.214974
vt 0.816059 0.214974
vt 0.900537 0.293008
vt 0.825915 0.214974
vt 0.873430 0.181348
vt 0.910393 -0.293008
vt 0.127501 0.214974
vt 0.181064 0.095869
vt 0.184884 0.181348
vt 0.856014 -0.293008
vt 0.839642 -0.181348
vt 0.778386 -0.214975
vt 0.827328 0.095869
vt 0.771266 0.113645
vt 0.122973 0.113645
vt 0.752366 0.000000
vt -0.500535 -0.214974
vt -0.544070 -0.095869
vt -0.569372 -0.181348
vt 1.407935 -0.166582
vt 1.304917 -0.217225
vt -0.165822 1.117882
vt -0.219279 1.109008
vt 1.345636 -0.140525
vt 1.398079 -0.166582
vt 0.760083 -0.113645
vt -0.059874 -0.057608
vt 0.001007 -0.140525
vt -0.056784 -0.166582
vt 1.377087 -0.048597
vt -0.481097 -0.247176
vt -0.419617 -0.293008
vt -0.059874 0.057608
vt -0.001599 -0.048597
vt 1.377087 0.048597
vt 0.001007 0.140525
vt -0.001599 0.048597
vt -0.306792 0.968400
vt -0.386217 1.062070
vt -0.334979 1.079709
vt 1.345636 0.140525
vt 1.398079 0.166582
vt 1.407935 0.166582
vt 1.304917 0.217225
vt 1.364411 0.140525
vt 1.286142 0.217225
vt -0.246619 -0.113645
vt -0.307751 0.000000
vt 1.241284 0.320521
vt -0.142044 1.023984
vt -0.191092 0.997699
vt 1.144814 -0.217225
vt 1.200462 -0.257503
vt -0.681337 -0.257503
vt -0.571346 -0.270385
vt -0.628582 -0.320521
vt 1.111154 0.294245
vt 1.120119 0.348805
vt 1.129975 0.348805
vt -0.143214 1.005688
vt -0.206138 1.111154
vt -0.198140 1.014623
vt 0.808027 0.000000
vt 0.741700 -0.000000
vt 0.944693 0.247176
vt -0.280890 0.866117
vt -0.362439 0.968172
vt 1.005688 0.339290
vt 0.925919 0.247176
vt 0.900537 0.293008
vt 0.825915 0.214974
vt 0.910393 0.293008
vt 0.854655 0.181348
vt 0.827328 0.095869
vt 0.873430 0.181348
vt 0.937699 -0.247176
vt -0.122973 0.113645
vt -0.184884 0.181348
vt -0.181064 0.095869
vt 0.771266 0.113645
vt -0.121407 0.000000
vt -0.608483 -0.247176
vt -0.546899 -0.293008
vt -0.270376 -0.257503
vt -0.223581 -0.140525
vt -0.208926 -0.217225
vt -0.443691 1.160074
vt -0.347558 1.075342
vt -0.398825 1.057791
vt 1.350087 -0.166582
vt 1.290156 -0.140525
vt 0.728168 -0.113645
vt 0.797279 -0.095869
vt -0.296932 -0.057608
vt -0.287748 -0.166582
vt 1.005943 -0.320521
vt 0.957998 -0.270385
vt 1.386353 -0.057608
vt 1.320750 -0.048597
vt -0.564710 -0.113645
vt -0.670840 -0.181348
vt -0.601850 -0.214974
vt -0.231328 0.048597
vt -0.231328 -0.048597
vt 1.386353 0.057608
vt 1.320750 0.048597
vt -0.287748 0.166581
vt -0.296932 0.057608
vt -0.508125 1.009847
vt -0.516852 0.895312
vt -0.555761 0.984016
vt 1.350087 0.166582
vt 1.290156 0.140525
vt -0.270376 0.257503
vt -0.223581 0.140525
vt -0.861653 -0.257503
vt -0.741702 -0.270385
vt -0.796326 -0.320521
vt 1.281486 0.257503
vt -0.355921 -0.000000
vt -0.433791 -0.095868
vt -0.270376 1.310785
vt -0.188952 1.209219
vt -0.208926 1.288097
vt -0.352702 0.952639
vt -0.308648 0.986638
vt 1.187982 0.320521
vt 1.153407 0.270385
vt -0.246698 1.217281
vt -0.165822 1.117882
vt 1.062070 0.294245
vt -0.219279 1.109008
vt -0.142044 1.023984
vt -0.306792 0.968400
vt -0.386217 1.062070
vt -0.362439 0.968172
vt 0.782629 -0.000000
vt 0.710801 -0.000000
vt 0.997699 0.339290
vt 0.937699 0.247176
vt -0.462001 0.904696
vt -0.481097 0.813801
vt -0.340589 0.881888
vt -0.280890 0.866116
vt 1.026116 -0.217225
vt 1.086693 -0.257503
vt 0.895416 0.293008
vt 0.868379 0.181348
vt 0.793262 -0.293008
vt 0.788001 -0.181348
vt 0.722298 -0.214974
vt -0.280890 0.293008
vt -0.323034 0.181348
vt -0.260081 0.214974
vt 0.760083 0.113645
vt 0.905127 -0.247176
vt -0.246619 0.113645
vt -0.311678 0.095869
vt -0.241964 0.000000
vt -0.567493 0.977719
vt -0.571346 1.082348
vt -0.519813 1.003470
vt -0.510863 -0.166582
vt -0.418090 -0.217225
vt -0.719271 -0.247176
vt -0.659262 -0.293008
vt 1.265269 -0.166582
vt 1.199484 -0.140525
vt -0.808490 0.790143
vt -0.908971 0.819564
vt -0.884136 0.872317
vt -0.454748 -0.048597
vt -0.442071 -0.140525
vt 0.749274 -0.095869
vt 0.676390 -0.113645
vt 1.299528 -0.057608
vt 1.228385 -0.048597
vt -0.525891 0.057608
vt -0.525891 -0.057608
vt -0.643475 -0.113645
vt -0.754009 -0.181348
vt -0.686749 -0.214974
vt 1.299528 0.057608
vt 1.228385 0.048597
vt -0.604608 0.816314
vt -0.710144 0.879120
vt -0.667410 0.912440
vt -0.510863 0.166582
vt -0.454748 0.048597
vt 1.265269 0.166582
vt 1.199484 0.140525
vt -1.018465 -0.257503
vt -0.891827 -0.270385
vt -0.942349 -0.320521
vt -0.482436 0.257503
vt -0.442071 0.140525
vt 1.200462 0.257503
vt 1.144814 0.217225
vt -0.466834 0.922380
vt -0.504691 0.881594
vt -0.385405 0.270385
vt -0.418090 0.217225
vt -0.460170 0.000000
vt -0.470542 -0.113645
vt 1.070300 0.270385
vt -0.398825 1.057791
vt -0.385405 1.161626
vt -0.443691 1.160074
vt 1.009847 0.348805
vt 0.984016 0.294245
vt -0.352702 0.952639
vt -0.347558 1.075342
vt -1.087113 0.310111
vt -1.189485 0.288163
vt -1.192751 0.346377
vt -0.508125 1.009847
vt -0.462001 0.904696
vt -0.546899 0.727983
vt -0.657166 0.798030
vt 0.856014 0.293008
vt 0.986638 0.286219
vt 0.660514 -0.000000
vt 0.735882 -0.000000
vt -0.419617 0.808071
vt 0.708873 -0.293008
vt 0.714866 -0.181348
vt 0.646507 -0.214974
vt 0.778386 0.214974
vt 0.905127 0.247176
vt 0.943281 -0.257503
vt -0.385567 0.214975
vt -0.481097 0.247176
vt -0.452373 0.181348
vt 0.881594 -0.339290
vt 0.847865 -0.247176
vt 0.797279 0.095869
vt 0.839642 0.181348
vt -0.363539 0.113645
vt -0.433791 0.095869
vt 0.728168 0.113645
vt -0.427365 0.000000
vt -0.720680 0.870978
vt -0.741702 0.973545
vt -0.677889 0.904225
vt -0.648502 -0.140525
vt -0.615850 -0.217225
vt -0.810439 -0.247176
vt -0.753642 -0.293008
vt 1.076093 -0.140525
vt 1.145937 -0.166582
vt -0.927517 0.646294
vt -1.031469 0.658774
vt -1.015656 0.714896
vt -0.720043 -0.166582
vt -0.665763 -0.048597
vt 0.680832 -0.095869
vt 0.606163 -0.113645
vt 1.177255 -0.057608
vt 1.102513 -0.048597
vt -0.740505 0.057608
vt -0.740505 -0.057608
vt -0.704686 -0.113645
vt -0.816611 -0.181348
vt -0.752914 -0.214974
vt 1.177255 0.057608
vt 1.102513 0.048597
vt -0.730723 0.705665
vt -0.845157 0.750244
vt -0.648502 0.140525
vt -0.665763 0.048597
vt 1.076093 0.140525
vt 1.145937 0.166582
vt -1.062667 -0.320521
vt -1.089185 -0.217225
vt -1.017624 -0.270385
vt -0.720043 0.166582
vt -0.615850 0.217225
vt 1.086693 0.257503
vt 1.026116 0.217225
vt -0.642913 0.786500
vt -0.612286 0.832961
vt -0.681337 0.257503
vt -0.571346 0.270385
vt -0.551866 0.000000
vt -0.639509 -0.095869
vt 0.957998 0.270385
vt 1.005944 0.320521
vt -0.567492 0.977719
vt -0.628581 1.071223
vt 0.912440 0.348805
vt -0.466834 0.922380
vt -0.519813 1.003470
vt -0.798542 -0.214974
vt -0.813185 -0.095869
vt -0.856938 -0.181348
vt -0.657166 0.798030
vt -0.604608 0.816314
vt -0.730723 -0.339290
vt -0.779554 -0.286219
vt 0.881594 0.339290
vt 0.847865 0.247176
vt 0.669062 -0.000000
vt 0.592210 -0.000000
vt -0.546898 0.727983
vt -0.608483 0.723516
vt 0.605147 -0.293008
vt 0.622231 -0.181348
vt 0.553082 -0.214974
vt 0.793262 0.293008
vt 0.788001 0.181348
vt 0.774139 -0.257504
vt 0.658774 -0.270385
vt 0.708752 -0.217225
vt -0.546898 0.293008
vt -0.569372 0.181348
vt -0.500535 0.214974
vt 0.786500 -0.339290
vt 0.767476 -0.247176
vt 0.722298 0.214974
vt 0.749274 0.095869
vt -0.544070 0.095869
vt -0.470542 0.113645
vt 0.676390 0.113645
vt -0.535321 -0.000000
vt -0.854209 0.740479
vt -0.891827 0.838187
vt -0.817474 0.780316
vt -0.909582 -0.166582
vt -0.796811 -0.217225
vt -0.879500 -0.247176
vt -0.827465 -0.293008
vt 0.923349 -0.140525
vt -1.119472 0.537974
vt -1.042968 0.435172
vt -1.125832 0.480015
vt -0.934920 -0.057608
vt -0.837243 -0.140525
vt 0.519400 -0.113645
vt 0.593818 -0.095869
vt 0.946568 -0.048597
vt 1.022870 -0.057608
vt -0.934920 0.057608
vt -0.858618 -0.048597
vt -1.123328 0.126949
vt -1.220692 0.088450
vt -1.233496 0.145333
vt 0.946568 0.048597
vt 1.022870 0.057608
vt -0.880679 0.541409
vt -0.957117 0.600903
vt -0.909582 0.166582
vt -0.858618 0.048597
vt 0.923349 0.140525
vt -1.308991 -0.257503
vt -1.183271 -0.270385
vt -1.213851 -0.320521
vt -0.796811 0.217225
vt -0.837243 0.140525
vt 0.879428 0.217225
vt 0.943281 0.257503
vt -0.741036 0.720822
vt -0.763598 0.669954
vt -0.861653 0.257503
vt -0.741702 0.270385
vt -0.628509 0.000000
vt -0.717504 -0.095869
vt 0.819564 0.270385
vt 0.872317 0.320521
vt -0.720680 0.870978
vt -0.741702 0.973545
vt -0.796326 0.953152
vt -0.884136 0.872317
vt -0.845157 0.750244
vt -0.808490 0.790143
vt -0.642913 0.786500
vt -0.677889 0.904225
vt 0.351454 -0.293008
vt 0.389032 -0.181348
vt 0.323930 -0.214974
vt -0.779554 0.678980
vt -0.730723 0.705665
vt -0.836905 -0.339290
vt -0.880679 -0.286219
vt 0.786500 0.339290
vt 0.767476 0.247176
vt 0.832961 0.286219
vt 0.507752 0.000000
vt 0.583992 -0.000000
vt -0.730723 0.339290
vt -0.719271 0.247176
vt -0.659262 0.293008
vt 0.546657 -0.247176
vt 0.512623 -0.181348
vt 0.646507 0.214974
vt 0.537974 -0.320521
vt 0.518742 -0.217225
vt 0.583881 -0.257503
vt -0.601850 0.214974
vt -0.670840 0.181348
vt 0.720822 -0.286219
vt 0.666152 -0.247176
vt 0.606163 0.113645
vt 0.714866 0.181348
vt -0.639509 0.095869
vt -0.564710 0.113645
vt -0.628674 0.000000
vt -0.934760 -0.294245
vt -0.964438 -0.348805
vt -1.003147 -0.140525
vt -0.956037 -0.217225
vt -1.240593 -0.320521
vt -1.124382 -0.294245
vt -1.218602 -0.270385
vt 0.745419 -0.140525
vt 0.817606 -0.166581
vt -1.103833 -0.057608
vt -1.074311 -0.166582
vt 0.490606 -0.095869
vt 0.418470 -0.113645
vt 0.764803 -0.048597
vt 0.840584 -0.057608
vt -1.103833 0.057608
vt -1.028052 -0.048597
vt -0.924571 -0.247176
vt -0.878716 -0.293008
vt 0.840584 0.057608
vt 0.764803 0.048597
vt -1.021243 0.484815
vt -0.957780 0.389070
vt -1.074311 0.166582
vt -1.028052 0.048597
vt 0.745419 0.140525
vt 0.817606 0.166582
vt -1.018465 0.257503
vt -1.003147 0.140525
vt 0.708752 0.217225
vt 0.774140 0.257504
vt -0.863454 0.535132
vt -0.934760 0.635122
vt -0.849573 0.589020
vt -0.891827 0.270385
vt -0.956037 0.217225
vt -0.761857 0.000000
vt -0.775927 -0.095869
vt 0.658774 0.270385
vt 0.714896 0.320521
vt -1.299970 -0.217225
vt -1.218602 -0.270385
vt -0.942349 0.809081
vt -0.891827 0.838187
vt 0.346377 -0.320521
vt 0.314583 -0.217225
vt 0.377696 -0.257503
vt -0.957117 0.600903
vt -0.927517 0.646294
vt -0.854209 0.740479
vt -0.741036 0.720822
vt -0.836906 0.575768
vt -0.880679 0.541409
vt -0.920260 -0.339290
vt -0.957780 -0.286219
vt 0.669954 0.339290
vt 0.666152 0.247176
vt 0.720822 0.286219
vt 0.409444 -0.000000
vt 0.482992 0.000000
vt -0.753642 0.293008
vt -0.880679 0.286219
vt -0.810439 0.247176
vt -0.768299 -0.113645
vt -0.873889 -0.181348
vt -0.822388 -0.214974
vt 0.553082 0.214974
vt 0.605147 0.293008
vt -0.686749 0.214974
vt -0.754009 0.181348
vt -0.770659 0.484914
vt -0.771293 0.546657
vt 0.593818 0.095869
vt 0.622231 0.181348
vt -0.802743 -0.214974
vt -0.907001 -0.247176
vt -0.836468 -0.181348
vt -0.717504 0.095869
vt -0.643475 0.113645
vt 0.519400 0.113645
vt -0.704880 -0.000000
vt -1.209734 -0.166582
vt -1.147496 -0.257503
vt -1.026549 -0.294245
vt -1.048359 -0.348805
vt 0.617563 -0.166582
vt 0.547155 -0.140525
vt 0.374012 -0.095869
vt 0.306125 -0.113645
vt -1.242636 -0.057608
vt -1.141688 -0.140525
vt 0.635368 -0.057608
vt 0.562176 -0.048597
vt -0.944422 -0.247176
vt -0.905999 -0.293008
vt -1.169443 0.048597
vt -1.169443 -0.048597
vt 0.635368 0.057608
vt 0.562176 0.048597
vt -1.209734 0.166582
vt -1.242636 0.057608
vt -0.978511 0.272829
vt -1.100370 0.257569
vt 0.617563 0.166582
vt 0.547155 0.140525
vt -1.089185 0.217225
vt -1.141688 0.140525
vt 0.583881 0.257503
vt 0.518742 0.217225
vt -0.728740 -0.000000
vt -0.746676 -0.113645
vt -1.147496 0.257503
vt -1.017625 0.270385
vt -1.048359 0.422997
vt -0.934935 0.441152
vt -0.939758 0.385714
vt 0.480015 0.270385
vt 0.537974 0.320521
vt -1.328635 -0.257503
vt -1.220692 -0.270385
vt -1.300950 -0.217225
vt -0.964438 0.348805
vt -1.062667 0.320521
vt -0.872317 -0.320521
vt -0.879428 -0.217225
vt -0.819564 -0.270385
vt -1.021243 0.484815
vt -1.125832 0.480015
vt -0.863454 0.535132
vt -0.934760 0.635122
vt -0.964438 0.589782
vt -0.920260 0.430165
vt -0.957780 0.389070
vt 0.368818 0.000000
vt 0.299967 0.000000
vt -0.770659 0.484914
vt -0.849573 0.589020
vt -0.978511 -0.339290
vt -1.008756 -0.286219
vt -0.920260 0.339290
vt -0.879500 0.247176
vt -0.827464 0.293008
vt 0.546657 0.247176
vt 0.484914 0.293008
vt -0.768964 -0.113645
vt -0.867004 -0.181348
vt -0.823801 -0.214974
vt -0.752914 0.214974
vt -0.816611 0.181348
vt -0.908568 -0.293008
vt 0.490606 0.095869
vt 0.512623 0.181348
vt -0.850750 0.412251
vt -0.839963 0.351454
vt -0.775927 0.095869
vt -0.704686 0.113645
vt 0.418470 0.113645
vt -0.688008 0.000000
vt -0.194455 -0.214975
vt -0.247216 -0.095869
vt -0.254830 -0.181348
vt -1.312160 -0.166582
vt -1.192623 -0.217225
vt -1.103684 -0.348805
vt -1.090336 -0.294245
vt 0.400674 -0.166582
vt 0.333967 -0.140525
vt 0.185429 -0.113645
vt 0.254830 -0.181348
vt 0.247216 -0.095869
vt -1.347543 -0.057608
vt -1.249086 -0.140525
vt 0.344214 -0.048597
vt -0.938512 -0.247176
vt -1.347543 0.057608
vt -1.278935 -0.048597
vt 0.344214 0.048597
vt -1.312160 0.166582
vt -1.278935 0.048597
vt -1.010072 -0.339290
vt -1.127757 -0.294245
vt -1.123328 -0.348805
vt 0.333967 0.140525
vt 0.400674 0.166582
vt -1.245227 0.257503
vt -1.249086 0.140525
vt 0.314583 0.217225
vt 0.377696 0.257503
vt -0.749593 0.000000
vt -0.828261 -0.095869
vt -1.115664 0.270385
vt -1.192623 0.217225
vt -0.990427 0.225774
vt -1.090336 0.297193
vt -0.994795 0.281250
vt 0.288163 0.270385
vt 0.346377 0.320521
vt -1.337049 -0.257503
vt -1.048359 0.348805
vt -1.153998 0.320521
vt -1.233496 -0.320521
vt -1.300950 -0.217225
vt -1.087113 0.310112
vt -1.189485 0.288163
vt -1.100370 0.257569
vt -1.048359 0.422997
vt -0.934935 0.441152
vt -1.026549 0.472603
vt -1.008756 0.226118
vt 0.182308 -0.000000
vt 0.244583 -0.000000
vt -0.939758 0.385714
vt -0.850750 0.412251
vt -1.032216 -0.286219
vt -0.978511 0.339290
vt -0.924571 0.247176
vt -0.878716 0.293008
vt 0.351454 0.293008
vt 0.389032 0.181348
vt 0.412251 0.247176
vt -0.856938 0.181348
vt -0.798542 0.214974
vt 0.306125 0.113645
vt 0.323930 0.214974
vt -0.990427 -0.339290
vt -0.886354 -0.293008
vt -0.813185 0.095869
vt -0.746676 0.113645
vt 0.374012 0.095869
vt -0.798054 0.000000
vt -0.836468 -0.181348
vt -0.907001 -0.247176
vt -1.378793 -0.166582
vt -1.263529 -0.217225
vt -1.128903 -0.348805
vt 0.161209 -0.257503
vt 0.111668 -0.140525
vt 0.172857 -0.166582
vt -0.768964 -0.113645
vt -0.820744 -0.095869
vt -1.415693 -0.057608
vt -1.322413 -0.140525
vt -1.103684 -0.348805
vt -1.213851 -0.320521
vt 0.116863 -0.048597
vt -0.323931 -0.214974
vt -0.374012 -0.095869
vt -0.389033 -0.181348
vt -1.353542 0.048597
vt -1.353542 -0.048597
vt 0.116863 0.048597
vt -1.415693 0.057608
vt -1.322413 0.140525
vt -1.014080 -0.339290
vt -1.128903 -0.348805
vt 0.111668 0.140525
vt 0.172857 0.166582
vt -1.378793 0.166582
vt -1.263529 0.217225
vt -0.377696 -0.257503
vt -0.288163 -0.270385
vt -0.346377 -0.320521
vt 0.161209 0.257503
vt 0.101842 0.217225
vt -0.750000 0.000000
vt -0.820744 -0.095869
vt -1.308991 0.257503
vt -1.183271 0.270385
vt -1.027520 -0.286219
vt -1.328635 0.257503
vt -1.220692 0.270385
vt -1.233496 0.320521
vt -1.103684 0.348805
vt -1.213851 0.320521
vt -1.233496 0.145333
vt -1.127757 0.072942
vt -1.123328 0.126949
vt -0.990427 0.225774
vt -1.090336 0.297193
vt -1.103684 0.244673
vt -1.123328 0.348805
vt -1.032216 0.286219
vt -1.010072 0.339290
vt -0.804747 -0.000000
vt -0.750000 -0.000000
vt -0.886354 0.293008
vt -0.994795 0.286219
vt -0.990427 0.339290
vt -0.944422 0.247176
vt -0.905999 0.293008
vt -1.263529 -0.217225
vt -0.802743 0.214975
vt -0.907001 0.247176
vt -0.873889 -0.181349
vt -0.873889 0.181348
vt -0.822388 0.214974
vt 0.194455 0.214975
vt 0.247216 0.095869
vt 0.254830 0.181348
vt -0.828261 0.095869
vt -0.768299 0.113645
vt 0.185429 0.113645
vt -0.812482 0.000000
vt -1.233496 -0.145333
vt -1.127757 -0.072942
vt -1.123328 -0.126949
vt -1.407816 -0.166582
vt -0.412251 -0.247176
vt -0.351454 -0.293008
vt -1.359668 -0.140525
vt -1.407816 -0.166582
vt -1.153998 -0.320521
vt -1.445226 -0.057608
vt -1.359668 -0.140525
vt -0.828261 -0.095869
vt -0.768299 -0.113645
vt -1.391227 -0.048597
vt 0.113676 -0.048597
vt -0.418470 -0.113645
vt -0.512623 -0.181348
vt -0.444570 -0.214974
vt -0.113676 0.048597
vt -0.990427 -0.225774
vt -1.090336 -0.297193
vt -1.103684 -0.244673
vt -1.445226 0.057608
vt -1.359668 0.140525
vt -1.391227 0.048597
vt -1.359668 0.140525
vt -1.407816 0.166582
vt -0.583881 -0.257503
vt -0.480015 -0.270385
vt -0.537974 -0.320521
vt -1.407816 0.166582
vt -1.299970 0.217225
vt -1.337049 0.257503
vt -1.032216 -0.286219
vt -1.010072 -0.339290
vt -1.240593 0.320521
vt -0.182308 0.000000
vt -0.185429 -0.113645
vt -1.218602 0.270385
vt -1.128903 0.348805
vt -1.218602 0.270385
vt -1.124382 0.294245
vt -1.128903 0.348805
vt -1.014080 0.339290
vt -0.796326 -0.953152
vt -0.677889 -0.904225
vt -0.741702 -0.973545
vt -1.027520 0.286219
vt -0.994795 -0.286219
vt -0.908568 0.293008
vt -0.812482 -0.000000
vt -0.749593 -0.000000
vt -0.938512 0.247176
vt -0.798542 -0.214974
vt -0.924571 -0.247176
vt -0.856938 -0.181348
vt -0.823801 0.214974
vt -1.192623 -0.217225
vt -1.245227 -0.257503
vt -0.867004 0.181348
vt -0.944422 -0.247176
vt -0.768964 0.113645
vt -0.768964 0.113645
vt -0.820744 0.095869
vt -0.820744 0.095869
vt -0.804747 0.000000
vt -1.087113 -0.310112
vt -1.189485 -0.288163
vt -1.100370 -0.257569
vt -0.161209 -0.257503
vt -0.111668 -0.140525
vt -0.101842 -0.217225
vt -0.484914 -0.293008
vt -0.546657 -0.247176
vt -1.322413 -0.140525
vt -1.378793 -0.166582
vt -0.964438 -0.348805
vt -1.017625 -0.270385
vt -1.062667 -0.320521
vt -0.179014 -0.057608
vt -0.172857 -0.166582
vt -0.813185 -0.095869
vt -0.746676 -0.113645
vt -1.415693 -0.057608
vt -1.353541 -0.048597
vt -0.179014 0.057608
vt -0.116863 -0.048597
vt -0.519400 -0.113645
vt -0.622231 -0.181348
vt -0.553082 -0.214974
vt -1.415693 0.057608
vt -1.353541 0.048597
vt -0.939758 -0.385714
vt -1.026549 -0.472603
vt -1.048359 -0.422997
vt -0.111668 0.140525
vt -0.116863 0.048597
vt -1.322413 0.140525
vt -1.378793 0.166582
vt -0.774139 -0.257503
vt -0.658774 -0.270385
vt -0.714895 -0.320521
vt -0.161209 0.257503
vt -0.172857 0.166582
vt -1.263529 0.217225
vt -1.008756 -0.226118
vt -0.978511 -0.272829
vt -1.233496 0.320521
vt -1.300950 0.217225
vt -1.328635 0.257503
vt -0.306125 -0.113645
vt -0.368818 0.000000
vt -1.233496 -0.145333
vt -1.127757 -0.072941
vt -1.220692 -0.088450
vt -1.090336 0.294245
vt -1.123328 0.348805
vt -1.032216 0.286219
vt -1.127757 0.294245
vt -0.606163 -0.113645
vt -0.714866 -0.181348
vt -0.646508 -0.214974
vt -0.990427 -0.225774
vt -1.090336 -0.297193
vt -0.994795 -0.281250
vt -0.839963 -0.351454
vt -0.934935 -0.441152
vt -0.905999 0.293008
vt -1.010072 0.339290
vt -0.798054 -0.000000
vt -0.728740 -0.000000
vt -0.990427 0.339290
vt -0.907001 0.247176
vt -0.886354 0.293008
vt -0.827464 -0.293008
vt -0.816611 -0.181348
vt -0.752914 -0.214974
vt -0.873889 0.181348
vt -0.944422 0.247176
vt -1.089185 -0.217225
vt -1.147497 -0.257503
vt -0.836469 0.181348
vt -0.802743 0.214974
vt -0.978511 -0.339290
vt -0.878716 -0.293008
vt -0.822388 0.214974
vt -0.828261 0.095869
vt -0.185429 0.113645
vt -0.254830 0.181348
vt -0.247216 0.095869
vt -0.768299 0.113645
vt -0.244583 0.000000
vt -1.119472 -0.537974
vt -1.042968 -0.435171
vt -1.021243 -0.484815
vt -0.400674 -0.166582
vt -0.314583 -0.217225
vt -0.666152 -0.247176
vt -0.605147 -0.293008
vt -1.249086 -0.140525
vt -1.312160 -0.166582
vt -0.854209 -0.740479
vt -0.891827 -0.838187
vt -0.942349 -0.809081
vt -0.412821 -0.057608
vt -0.333966 -0.140525
vt -0.775927 -0.095869
vt -0.704686 -0.113645
vt -1.347543 -0.057608
vt -1.278936 -0.048597
vt -0.344214 0.048597
vt -0.344214 -0.048597
vt -1.278936 0.048597
vt -1.347543 0.057608
vt -0.964438 -0.589782
vt -0.849573 -0.589020
vt -0.934761 -0.635122
vt -0.412821 0.057608
vt -0.333966 0.140525
vt -1.249087 0.140525
vt -1.312160 0.166582
vt -1.231428 -0.320521
vt -1.286142 -0.217225
vt -1.205052 -0.270385
vt -0.400674 0.166582
vt -0.314583 0.217225
vt -1.192623 0.217225
vt -1.245227 0.257503
vt -0.920259 -0.430165
vt -0.957780 -0.389070
vt -0.377696 0.257503
vt -0.288163 0.270385
vt -0.409444 0.000000
vt -0.490606 -0.095869
vt -1.115664 0.270385
vt -1.153998 0.320521
vt -1.087113 -0.310111
vt -1.189485 -0.288163
vt -1.192751 -0.346377
vt -1.026549 0.294245
vt -1.048359 0.348805
vt -0.978511 -0.272829
vt -1.100370 -0.257569
vt -0.601850 -0.214974
vt -0.719271 -0.247176
vt -0.670840 -0.181348
vt -0.939758 -0.385714
vt -0.770659 -0.484914
vt -0.863454 -0.535132
vt -0.878716 0.293008
vt -1.008756 0.286219
vt -0.978511 0.339290
vt -0.688008 0.000000
vt -0.761857 -0.000000
vt -0.839963 -0.351454
vt -0.850750 -0.412251
vt -0.753642 -0.293008
vt -0.754009 -0.181348
vt -0.686748 -0.214974
vt -0.856938 0.181348
vt -0.924571 0.247176
vt -0.942349 -0.320521
vt -0.956038 -0.217225
vt -1.018466 -0.257503
vt -0.323931 0.214974
vt -0.412251 0.247176
vt -0.389033 0.181348
vt -0.957780 -0.286219
vt -0.879500 -0.247176
vt -0.746676 0.113645
vt -0.798542 0.214974
vt -0.374012 0.095869
vt -0.306125 0.113645
vt -0.813184 0.095868
vt -0.299967 0.000000
vt -0.927517 -0.646294
vt -1.031469 -0.658774
vt -0.957116 -0.600903
vt -0.617563 -0.166582
vt -0.518742 -0.217225
vt -0.676391 -0.113645
vt -0.788001 -0.181348
vt -0.722298 -0.214974
vt -1.141688 -0.140525
vt -1.209735 -0.166582
vt -0.562175 -0.048597
vt -0.547155 -0.140525
vt -0.643474 -0.113645
vt -0.717504 -0.095869
vt -1.242636 -0.057608
vt -1.169443 -0.048597
vt -0.635368 0.057608
vt -0.635368 -0.057608
vt -0.708873 -0.293008
vt -0.767476 -0.247176
vt -1.169443 0.048597
vt -1.242636 0.057608
vt -0.763598 -0.669954
vt -0.817474 -0.780316
vt -0.617563 0.166582
vt -0.562175 0.048597
vt -1.141688 0.140525
vt -1.209735 0.166582
vt -0.518742 0.217225
vt -0.547155 0.140525
vt -1.147497 0.257503
vt -0.836905 -0.575768
vt -0.880679 -0.541409
vt -0.537974 0.320521
vt -0.583881 0.257503
vt -0.583992 0.000000
vt -0.593818 -0.095869
vt -1.017625 0.270385
vt -1.062667 0.320521
vt -1.086693 -0.257503
vt -0.957998 -0.270385
vt -1.005944 -0.320521
vt -1.021243 -0.484815
vt -1.125832 -0.480015
vt -1.119472 -0.537974
vt -0.796326 -0.320521
vt -0.796811 -0.217225
vt -0.861653 -0.257503
vt -0.934761 0.294245
vt -0.957780 -0.389070
vt -0.863454 -0.535132
vt -0.934761 -0.635122
vt -0.849573 -0.589020
vt -0.669954 -0.339290
vt -0.720822 -0.286219
vt -0.827464 0.293008
vt -0.957780 0.286219
vt -0.920259 0.339290
vt -0.628509 -0.000000
vt -0.704879 -0.000000
vt -0.771293 -0.546657
vt -0.770659 -0.484914
vt -0.752914 0.214974
vt -0.879500 0.247176
vt -0.484914 0.293008
vt -0.512623 0.181348
vt -0.444569 0.214974
vt -0.836905 -0.339290
vt -0.810439 -0.247176
vt -0.775927 0.095869
vt -0.816611 0.181348
vt -0.418470 0.113645
vt -0.490606 0.095869
vt -0.704686 0.113645
vt -0.482992 0.000000
vt -0.847865 -0.247176
vt -0.793263 -0.293008
vt -0.817605 -0.166582
vt -0.708751 -0.217225
vt -0.884136 -0.872317
vt -0.845157 -0.750244
vt -0.808490 -0.790143
vt -1.003147 -0.140525
vt -1.074311 -0.166582
vt -0.564710 -0.113645
vt -0.639509 -0.095869
vt -0.840584 -0.057608
vt -0.745419 -0.140525
vt -0.567493 -0.977719
vt -0.571346 -1.082348
vt -0.628582 -1.071223
vt -1.028052 -0.048597
vt -1.103833 -0.057608
vt -0.728168 -0.113645
vt -0.839642 -0.181348
vt -0.778386 -0.214974
vt -0.840584 0.057608
vt -0.764802 -0.048597
vt -1.103833 0.057608
vt -1.028052 0.048597
vt -0.745419 0.140525
vt -0.764802 0.048597
vt -0.720680 -0.870978
vt -0.612286 -0.832962
vt -1.003148 0.140525
vt -1.074311 0.166582
vt -0.817606 0.166582
vt -0.708751 0.217225
vt -1.112131 -0.320521
vt -1.144814 -0.217225
vt -1.070300 -0.270385
vt -0.956038 0.217225
vt -1.018466 0.257503
vt -0.592211 0.000000
vt -0.680832 -0.095868
vt -0.774139 0.257503
vt -0.658774 0.270385
vt -0.779554 -0.678980
vt -0.730723 -0.705665
vt -0.942349 0.320521
vt -1.031469 -0.658774
vt -1.015656 -0.714895
vt -0.854209 -0.740479
vt -0.817474 -0.780316
vt -1.241284 -0.320521
vt -1.129929 -0.294245
vt -1.223827 -0.270385
vt -0.880678 -0.541409
vt -0.957117 -0.600903
vt -0.763598 -0.669954
vt -0.741036 -0.720822
vt -0.628674 -0.000000
vt -0.551866 0.000000
vt -0.753642 0.293008
vt -0.880678 0.286219
vt -0.836905 0.339290
vt -0.786501 -0.339290
vt -0.832962 -0.286219
vt -0.669954 0.339290
vt -0.666152 0.247176
vt -0.605147 0.293008
vt -0.615850 -0.217225
vt -0.681338 -0.257503
vt -0.686748 0.214974
vt -0.810439 0.247176
vt -0.500535 -0.214974
vt -0.608483 -0.247176
vt -0.569372 -0.181348
vt -0.622231 0.181348
vt -0.553082 0.214974
vt -0.643474 0.113645
vt -0.754009 0.181348
vt -0.730723 -0.339290
vt -0.659261 -0.293008
vt -0.519400 0.113645
vt -0.593818 0.095869
vt -0.717504 0.095869
vt -0.507752 0.000000
vt -0.879120 -0.294245
vt -0.912440 -0.348805
vt -0.995346 -0.166582
vt -0.943281 -0.257503
vt -0.905127 -0.247176
vt -0.856014 -0.293008
vt -0.837244 -0.140525
vt -0.909583 -0.166582
vt -0.443691 -1.160074
vt -0.347557 -1.075342
vt -0.385405 -1.161626
vt -0.946568 -0.048597
vt -0.923349 -0.140525
vt -0.544070 -0.095869
vt -0.470542 -0.113645
vt -0.934920 -0.057608
vt -0.858618 -0.048597
vt -1.022870 0.057608
vt -1.022870 -0.057608
vt -0.760083 -0.113645
vt -0.868379 -0.181348
vt -0.813242 -0.214974
vt -0.858618 0.048597
vt -0.934920 0.057608
vt -0.504690 -0.881594
vt -0.519813 -1.003470
vt -0.995346 0.166582
vt -0.946568 0.048597
vt -0.837244 0.140525
vt -0.909583 0.166582
vt -1.281486 -0.257503
vt -1.153407 -0.270385
vt -1.187982 -0.320521
vt -0.879428 0.217225
vt -0.923349 0.140525
vt -0.861653 0.257503
vt -0.796811 0.217225
vt -0.604608 -0.816314
vt -0.710144 -0.879120
vt -0.657166 -0.798030
vt -0.872317 0.320521
vt -0.943281 0.257503
vt -0.660515 0.000000
vt -0.749275 -0.095869
vt -0.796326 0.320521
vt -0.741702 0.270385
vt -0.808490 -0.790143
vt -0.908971 -0.819564
vt -0.677889 -0.904225
vt -0.720680 -0.870978
vt -0.845157 -0.750244
vt -0.825915 -0.214974
vt -0.827328 -0.095869
vt -0.873430 -0.181348
vt -0.642913 -0.786500
vt -0.612286 -0.832961
vt -0.922380 -0.286219
vt -0.881594 -0.339290
vt -0.659262 0.293008
vt -0.779554 0.286219
vt -0.730723 0.339290
vt -0.535320 -0.000000
vt -0.460170 0.000000
vt -0.786500 0.339290
vt -0.767476 0.247176
vt -0.708873 0.293008
vt -0.419617 -0.293008
vt -0.452373 -0.181348
vt -0.385567 -0.214974
vt -0.601850 0.214974
vt -0.719271 0.247176
vt -0.482436 -0.257503
vt -0.418090 -0.217225
vt -0.714866 0.181348
vt -0.646508 0.214974
vt -0.546898 -0.727983
vt -0.608483 -0.723516
vt -0.564710 0.113645
vt -0.670840 0.181348
vt -0.606163 0.113645
vt -0.680832 0.095869
vt -0.639509 0.095869
vt -0.669062 -0.000000
vt -0.984016 -0.294245
vt -1.009847 -0.348805
vt -1.076093 -0.140525
vt -1.026116 -0.217225
vt -0.937699 -0.247176
vt -0.895416 -0.293008
vt -0.720044 -0.166582
vt -0.648502 -0.140525
vt -0.219279 -1.109008
vt -0.188951 -1.209219
vt -0.246698 -1.217281
vt -1.177255 -0.057608
vt -1.145936 -0.166582
vt -0.363539 -0.113645
vt -0.433791 -0.095869
vt -0.740505 -0.057608
vt -0.665763 -0.048597
vt -1.177255 0.057608
vt -1.102513 -0.048597
vt -0.740505 0.057608
vt -0.665763 0.048597
vt -0.398825 -1.057791
vt -0.308648 -0.986638
vt -1.145936 0.166582
vt -1.102513 0.048597
vt -0.648502 0.140525
vt -0.720044 0.166582
vt 0.615850 -0.217225
vt 0.571346 -0.270385
vt -1.086692 0.257503
vt -1.076093 0.140525
vt -0.681338 0.257503
vt -0.615850 0.217225
vt -0.508125 -1.009847
vt -0.516851 -0.895312
vt -0.462001 -0.904696
vt -0.957998 0.270385
vt -1.026116 0.217225
vt -0.782629 0.000000
vt -0.797279 -0.095869
vt -0.628582 0.320521
vt -0.912440 0.348805
vt -1.005943 0.320521
vt -0.628582 -1.071223
vt -0.519813 -1.003470
vt -0.667410 -0.912440
vt -0.657166 -0.798030
vt -0.710144 -0.879120
vt -0.900537 -0.293008
vt -0.854655 -0.181348
vt -0.816059 -0.214974
vt -0.466834 -0.922380
vt -0.504690 -0.881594
vt -0.986638 -0.286219
vt -0.952639 -0.339290
vt -0.546898 -0.727983
vt -0.604608 -0.816314
vt -0.355921 -0.000000
vt -0.427364 -0.000000
vt -0.881594 0.339290
vt -0.847865 0.247176
vt -0.793262 0.293008
vt -0.280890 -0.293008
vt -0.323034 -0.181348
vt -0.260081 -0.214974
vt -0.569372 0.181348
vt -0.608483 0.247176
vt -0.270376 -1.310785
vt -0.208926 -1.288097
vt -0.788001 0.181348
vt -0.722298 0.214974
vt -0.481097 -0.813801
vt -0.419617 -0.808071
vt -0.470542 0.113645
vt -0.500535 0.214974
vt -0.676391 0.113645
vt -0.749274 0.095869
vt -0.544070 0.095869
vt -0.735882 0.000000
vt -1.062070 -0.294245
vt -1.079709 -0.348805
vt -1.265268 -0.166582
vt -1.200462 -0.257503
vt 0.127501 -0.214974
vt 0.181064 -0.095869
vt 0.184884 -0.181348
vt -0.510863 -0.166582
vt -0.442071 -0.140525
vt -1.299528 -0.057608
vt -1.199484 -0.140525
vt -0.246619 -0.113645
vt -0.311678 -0.095869
vt -0.454748 -0.048597
vt -0.525891 -0.057608
vt -1.299528 0.057608
vt -1.228385 -0.048597
vt -0.910393 -0.293008
vt -0.944693 -0.247176
vt -0.454748 0.048597
vt -0.525891 0.057608
vt -0.142043 -1.023984
vt -0.165822 -1.117882
vt -1.265269 0.166581
vt -1.228385 0.048597
vt -0.510863 0.166582
vt -0.442071 0.140525
vt -1.200462 0.257503
vt -1.199484 0.140525
vt -0.482437 0.257503
vt -0.418090 0.217225
vt -0.306792 -0.968400
vt -0.386217 -1.062070
vt -0.362439 -0.968172
vt -1.112131 0.320521
vt -1.144814 0.217225
vt -0.741700 -0.000000
vt -0.823536 -0.095869
vt -0.443691 0.320521
vt -0.385405 0.270385
vt -1.337410 -0.257503
vt -1.223827 -0.270385
vt -1.009847 0.348805
vt -1.070300 0.270385
vt -1.337410 -0.257503
vt -1.304917 -0.217225
vt -0.398825 -1.057791
vt -0.385405 -1.161626
vt -0.347558 -1.075342
vt -0.462001 -0.904696
vt -0.555761 -0.984016
vt -0.508125 -1.009847
vt -0.352702 -0.952639
vt -0.308648 -0.986638
vt -0.997699 -0.339290
vt -1.023984 -0.286219
vt -0.481097 -0.813801
vt -0.516851 -0.895312
vt -0.241964 -0.000000
vt -0.307751 -0.000000
vt -0.952639 0.339290
vt -0.905127 0.247176
vt -0.856014 0.293008
vt -0.419617 0.293008
vt -0.452373 0.181348
vt -0.481097 0.247176
vt -0.839642 0.181348
vt -0.778386 0.214974
vt -0.340589 -0.881888
vt -0.280890 -0.866117
vt -0.363539 0.113645
vt -0.385567 0.214974
vt -0.797279 0.095869
vt -0.728168 0.113645
vt -0.433791 0.095869
vt -0.710802 0.000000
vt -0.816059 -0.214974
vt -0.925919 -0.247176
vt -0.900537 -0.293008
vt -1.350087 -0.166582
vt -1.232285 -0.217225
vt -1.120119 -0.348805
vt -1.111154 -0.294245
vt -0.270376 -0.257503
vt -0.223581 -0.140525
vt -0.287748 -0.166582
vt -0.122973 -0.113645
vt -0.184884 -0.181348
vt -0.181064 -0.095869
vt -1.386353 -0.057608
vt -1.290156 -0.140525
vt -1.120119 -0.348805
vt -1.205052 -0.270385
vt -1.231428 -0.320521
vt -0.231328 -0.048597
vt 0.260081 -0.214974
vt 0.311679 -0.095869
vt 0.323035 -0.181348
vt -1.386353 0.057608
vt -1.320750 -0.048597
vt -0.296932 0.057608
vt -0.231328 0.048597
vt -1.290156 0.140525
vt -1.320749 0.048597
vt -1.129975 -0.348805
vt -1.033397 -0.286219
vt -0.287748 0.166582
vt -0.223581 0.140525
vt -1.350087 0.166582
vt -1.232285 0.217225
vt 0.246698 -1.217281
vt 0.208926 -1.288097
vt 0.188951 -1.209219
vt -0.208926 0.217225
vt -0.270376 0.257503
vt -0.752366 0.000000
vt -0.771266 -0.113645
vt -1.187982 0.320521
vt -1.281486 0.257503
vt -0.143214 -1.005688
vt -0.206138 -1.111154
vt -0.198140 -1.014623
vt -0.246698 -1.217281
vt -0.208926 -1.288097
vt -0.188952 -1.209219
vt -1.079709 0.348805
vt -1.153407 0.270385
vt -0.165822 -1.117882
vt -0.219279 -1.109008
vt -0.957998 -0.270385
vt -0.334979 -1.079709
vt -0.362439 -0.968172
vt -0.386217 -1.062070
vt -0.142044 -1.023983
vt -0.191092 -0.997699
vt -0.121407 -0.000000
vt -0.179743 -0.000000
vt -0.306792 -0.968400
vt -1.015544 -0.339290
vt -0.895416 0.293008
vt -1.023983 0.286219
vt -0.937699 0.247176
vt -1.286142 -0.217225
vt -1.327554 -0.257503
vt -0.280890 0.293008
vt -0.323034 0.181348
vt -0.340589 0.247176
vt -0.825915 -0.214974
vt -0.944694 -0.247176
vt -0.873430 -0.181348
vt -0.813242 0.214974
vt -0.868379 0.181348
vt -0.260081 0.214974
vt -0.311678 0.095869
vt -1.014623 -0.286219
vt -0.925919 -0.247176
vt -0.760083 0.113645
vt -0.823536 0.095869
vt -0.246619 0.113645
vt -0.808027 0.000000
vt -1.129975 -0.348805
vt -1.129929 -0.294245
vt -1.327554 -0.257503
vt -1.345636 -0.140525
vt 0.340589 -0.247176
vt 0.280890 -0.293008
vt -1.364411 -0.140525
vt -1.407935 -0.166582
vt -1.187982 -0.320521
vt -1.062070 -0.294245
vt -1.153407 -0.270385
vt -1.435362 -0.057608
vt -1.398079 -0.166582
vt -0.771266 -0.113645
vt -0.827328 -0.095868
vt -0.056784 -0.166582
vt -0.001599 -0.048597
vt -0.059874 -0.057608
vt -1.435362 0.057608
vt -1.377087 -0.048597
vt 0.363539 -0.113645
vt 0.452373 -0.181348
vt 0.385567 -0.214974
vt -0.059874 0.057608
vt -0.001599 0.048597
vt 0.143214 -1.005688
vt 0.206139 -1.111154
vt 0.152696 -1.120119
vt -1.345636 0.140525
vt -1.377087 0.048597
vt 0.001007 0.140525
vt -0.056784 0.166582
vt 0.482437 -0.257503
vt 0.385405 -0.270385
vt 0.443691 -0.320521
vt -1.327554 0.257503
vt -1.398079 0.166582
vt -1.407935 0.166582
vt -1.304917 0.217225
vt -1.337410 0.257503
vt -1.015545 -0.339290
vt -1.231428 0.320521
vt -1.286142 0.217225
vt 0.122973 -0.113645
vt 0.179743 0.000000
vt -1.223827 0.270385
vt -1.241284 0.320521
vt -1.120119 0.348805
vt -1.205052 0.270385
vt -1.129929 0.294245
vt -1.129975 0.348805
vt -0.143214 -1.005688
vt -0.206139 -1.111154
vt -0.152696 -1.120119
vt 0.470542 -0.113645
vt 0.569372 -0.181348
vt 0.500535 -0.214974
vt -1.033397 0.286219
vt -1.015544 0.339290
vt -1.005688 -0.339290
vt -0.900537 0.293008
vt -1.014623 0.286219
vt -1.005688 0.339290
vt -0.752366 0.000000
vt -0.811385 -0.000000
vt -0.944693 0.247176
vt -0.910393 0.293008
vt -0.895416 -0.293008
vt -0.868379 -0.181348
vt -0.813242 -0.214974
vt -0.816059 0.214974
vt -0.925919 0.247176
vt -1.232285 -0.217225
vt -1.281486 -0.257503
vt -0.873430 0.181348
vt -0.825915 0.214974
vt -0.910393 -0.293008
vt -0.122973 0.113645
vt -0.184884 0.181348
vt -0.127501 0.214974
vt -0.827328 0.095869
vt -0.771266 0.113645
vt -0.181064 0.095868
vt -0.811385 -0.000000
vt 0.165822 -1.117882
vt 0.219279 -1.109008
vt -1.364411 -0.140525
vt -1.304917 -0.217225
vt 0.481097 -0.247176
vt 0.419618 -0.293008
vt -1.398079 -0.166582
vt -1.345636 -0.140525
vt -1.070300 -0.270385
vt -1.112131 -0.320521
vt 0.059874 -0.057608
vt -0.001007 -0.140525
vt 0.056784 -0.166582
vt -0.760083 -0.113645
vt -0.823535 -0.095869
vt -1.435362 -0.057608
vt -1.377087 -0.048597
vt 0.059874 0.057608
vt 0.001599 -0.048597
vt -1.377087 0.048597
vt -1.435362 0.057608
vt 0.306792 -0.968400
vt 0.386217 -1.062070
vt 0.334979 -1.079709
vt 0.056784 0.166582
vt 0.001599 0.048597
vt -1.345636 0.140525
vt -1.398079 0.166582
vt 0.942349 -0.320521
vt 0.956038 -0.217225
vt 0.891827 -0.270385
vt -1.337410 0.257503
vt -1.364411 0.140525
vt -1.407935 0.166582
vt -1.286142 0.217225
vt -1.327554 0.257503
vt 0.142044 -1.023984
vt 0.191092 -0.997699
vt -1.223827 0.270385
vt -1.304917 0.217225
vt 0.246620 -0.113645
vt 0.307751 -0.000000
vt -1.205052 0.270385
vt -1.231428 0.320521
vt -1.129975 0.348805
vt -1.111154 0.294245
vt -1.120119 0.348805
vt -1.015545 0.339290
vt -1.129929 0.294245
vt -0.793262 -0.293008
vt -0.788001 -0.181348
vt -0.722298 -0.214974
vt 0.152696 -1.120119
vt 0.198140 -1.014623
vt 0.143214 -1.005688
vt 0.280890 -0.866116
vt 0.362439 -0.968172
vt -0.944694 0.247176
vt -0.808027 -0.000000
vt -0.741700 0.000000
vt -0.900537 0.293008
vt -0.925919 0.247176
vt -0.778386 -0.214974
vt -0.905127 -0.247176
vt -0.839642 -0.181348
vt -0.825915 0.214974
vt -0.910393 0.293008
vt -1.200462 -0.257503
vt -1.144815 -0.217225
vt -0.816059 0.214974
vt -0.854655 0.181348
vt -0.997699 -0.339290
vt -0.937699 -0.247176
vt -0.771266 0.113645
vt -0.873430 0.181348
vt 0.127501 0.214974
vt 0.181064 0.095869
vt 0.122973 0.113645
vt -0.827328 0.095868
vt 0.121407 0.000000
vt 0.443691 -1.160074
vt 0.347557 -1.075342
vt 0.398825 -1.057791
vt 0.287748 -0.166582
vt 0.208926 -0.217225
vt 0.270376 -0.257503
vt 0.564710 -0.113645
vt 0.670840 -0.181348
vt 0.601850 -0.214974
vt -1.290156 -0.140525
vt -1.350087 -0.166582
vt 0.231328 -0.048597
vt 0.223581 -0.140525
vt -0.797279 -0.095869
vt -0.728168 -0.113645
vt -1.320750 -0.048597
vt -1.386353 -0.057608
vt 0.296932 -0.057608
vt 0.231328 0.048597
vt 0.546899 -0.293008
vt 0.608483 -0.247176
vt -1.320750 0.048597
vt -1.386353 0.057608
vt 0.508125 -1.009847
vt 0.516852 -0.895312
vt 0.555761 -0.984016
vt 0.296932 0.057608
vt 0.223581 0.140525
vt -1.290156 0.140525
vt -1.350087 0.166582
vt 0.287748 0.166582
vt 0.208926 0.217225
vt -1.232285 0.217225
vt -1.281486 0.257503
vt 0.352702 -0.952639
vt 0.308648 -0.986638
vt 0.246698 -1.217281
vt 0.208926 -1.288097
vt 0.270376 -1.310785
vt 0.355921 0.000000
vt 0.433791 -0.095868
vt -1.153407 0.270385
vt -1.187982 0.320521
vt 0.796811 -0.217225
vt 0.741702 -0.270385
vt 0.219279 -1.109008
vt 0.188951 -1.209219
vt -1.026116 -0.217225
vt -1.062070 0.294245
vt -1.079709 0.348805
vt 0.191092 -0.997699
vt 0.165822 -1.117882
vt 0.334979 -1.079709
vt 0.362439 -0.968172
vt 0.306792 -0.968400
vt 0.462001 -0.904696
vt 0.481097 -0.813801
vt -0.997699 0.339290
vt -0.937699 0.247176
vt -1.023984 0.286219
vt -0.782629 -0.000000
vt -0.710801 -0.000000
vt 0.340589 -0.881888
vt 0.280890 -0.866117
vt 0.927517 -0.646294
vt 1.031469 -0.658774
vt 1.015656 -0.714895
vt -0.895416 0.293008
vt -0.868379 0.181348
vt 0.280890 0.293008
vt 0.323034 0.181348
vt 0.260081 0.214974
vt -0.952639 -0.339290
vt -0.856014 -0.293008
vt -0.813242 0.214974
vt -0.823535 0.095869
vt 0.643474 -0.113645
vt 0.754009 -0.181348
vt 0.686748 -0.214974
vt 0.246620 0.113645
vt 0.311679 0.095869
vt -0.760083 0.113645
vt 0.241964 0.000000
vt 0.719271 -0.247176
vt 0.442071 -0.140525
vt 0.418090 -0.217225
vt 0.628582 -1.071223
vt 0.519813 -1.003470
vt 0.567492 -0.977719
vt -1.265269 -0.166582
vt -1.199484 -0.140525
vt -0.749274 -0.095869
vt -0.676390 -0.113645
vt 0.510863 -0.166582
vt 0.454748 -0.048597
vt 0.884136 -0.872317
vt 0.845157 -0.750244
vt 0.908971 -0.819564
vt -1.299528 -0.057608
vt -1.228385 -0.048597
vt 1.021243 -0.484815
vt 1.125832 -0.480015
vt 1.119472 -0.537974
vt 0.525891 -0.057608
vt 0.454748 0.048597
vt -1.228385 0.048597
vt -1.299528 0.057608
vt 0.525891 0.057608
vt 0.442071 0.140525
vt 0.667410 -0.912440
vt 0.657166 -0.798030
vt 0.710144 -0.879120
vt -1.199484 0.140525
vt -1.265269 0.166582
vt 0.482436 0.257503
vt 0.510863 0.166582
vt 1.147496 -0.257503
vt 1.062667 -0.320521
vt -1.200462 0.257503
vt 0.460170 0.000000
vt 0.544070 -0.095868
vt 0.385405 0.270385
vt 0.418090 0.217225
vt 0.466834 -0.922380
vt 0.504691 -0.881593
vt -1.070300 0.270385
vt -1.112131 0.320521
vt 0.398825 -1.057791
vt 0.385405 -1.161626
vt 0.443691 -1.160074
vt -1.009847 0.348805
vt -0.984016 0.294245
vt -0.605147 -0.293008
vt -0.622231 -0.181348
vt -0.553082 -0.214974
vt 0.352702 -0.952639
vt 0.347558 -1.075342
vt 0.508125 -1.009847
vt 0.516851 -0.895312
vt 0.462001 -0.904696
vt -0.735882 -0.000000
vt -0.660514 -0.000000
vt -0.856014 0.293008
vt -0.986638 0.286219
vt 0.604608 -0.816314
vt 0.608483 -0.723516
vt 0.481097 -0.813801
vt 0.419617 -0.808071
vt -0.872317 -0.320521
vt -0.879428 -0.217225
vt -0.943281 -0.257503
vt -0.839642 0.181348
vt -0.905127 0.247176
vt -0.708873 -0.293008
vt -0.714866 -0.181348
vt -0.646507 -0.214974
vt 0.385567 0.214974
vt 0.481097 0.247176
vt 0.452373 0.181348
vt -0.778386 0.214974
vt -0.797279 0.095869
vt -0.847865 -0.247176
vt 0.433791 0.095869
vt 0.363539 0.113645
vt -0.728168 0.113645
vt 0.427365 0.000000
vt 0.796326 -0.953152
vt 0.677889 -0.904225
vt 0.720680 -0.870978
vt 0.681337 -0.257503
vt 0.648502 -0.140525
vt -1.076093 -0.140525
vt -1.145937 -0.166582
vt 0.720043 -0.166582
vt 0.665763 -0.048597
vt -0.680832 -0.095869
vt -0.606163 -0.113645
vt -1.177255 -0.057608
vt -1.102513 -0.048597
vt 0.740505 -0.057608
vt 0.665763 0.048597
vt 0.810439 -0.247176
vt -1.102513 0.048597
vt -1.177256 0.057608
vt 0.808490 -0.790143
vt 0.779554 -0.678980
vt 0.720043 0.166582
vt 0.740505 0.057608
vt -1.076093 0.140525
vt -1.145937 0.166582
vt 0.615850 0.217225
vt 0.648502 0.140525
vt -1.086693 0.257503
vt -1.026116 0.217225
vt 0.642913 -0.786500
vt 0.612286 -0.832961
vt 0.681337 0.257503
vt 0.571346 0.270385
vt 0.551866 0.000000
vt 0.639509 -0.095869
vt -1.005944 0.320521
vt -0.957998 0.270385
vt 1.213851 -0.320521
vt 1.263529 -0.217225
vt 1.183271 -0.270385
vt 0.628581 -1.071223
vt 0.519813 -1.003470
vt 0.571346 -1.082348
vt -0.714895 -0.320521
vt -0.708752 -0.217225
vt -0.774140 -0.257503
vt -0.879120 0.294245
vt 0.466834 -0.922380
vt 0.710144 -0.879120
vt 0.657166 -0.798030
vt 0.779554 -0.286219
vt 0.730723 -0.339290
vt -0.881593 0.339290
vt -0.847865 0.247176
vt -0.922380 0.286219
vt -0.669062 0.000000
vt -0.592210 -0.000000
vt 0.546898 -0.727983
vt 0.608483 -0.723516
vt 0.752914 -0.214974
vt 0.775927 -0.095869
vt 0.816611 -0.181348
vt -0.722298 0.214974
vt -0.793262 0.293008
vt 0.546898 0.293008
vt 0.569372 0.181348
vt 0.500535 0.214974
vt -0.786500 -0.339290
vt -0.767476 -0.247176
vt -0.749274 0.095869
vt -0.788001 0.181348
vt -0.484914 -0.293008
vt -0.512623 -0.181348
vt -0.444569 -0.214974
vt 0.470542 0.113645
vt 0.544070 0.095869
vt -0.676390 0.113645
vt 0.535321 0.000000
vt 0.798542 -0.214974
vt 0.813185 -0.095869
vt 0.909582 -0.166582
vt 0.861653 -0.257503
vt 0.942349 -0.809081
vt 0.817474 -0.780316
vt 0.854209 -0.740479
vt -0.923349 -0.140525
vt -0.995346 -0.166582
vt -0.593818 -0.095869
vt -0.519400 -0.113645
vt 0.934920 -0.057608
vt 0.837243 -0.140525
vt -1.022870 -0.057608
vt -0.946568 -0.048597
vt 0.879500 -0.247176
vt 0.827465 -0.293008
vt 0.858618 0.048597
vt 0.858618 -0.048597
vt -0.946568 0.048597
vt -1.022870 0.057608
vt 0.909582 0.166582
vt 0.934920 0.057608
vt 0.880679 -0.541409
vt 0.957117 -0.600903
vt -0.995346 0.166582
vt -0.923349 0.140525
vt 0.796811 0.217225
vt 0.837243 0.140525
vt -0.943281 0.257503
vt -0.879428 0.217225
vt 0.628509 0.000000
vt 0.717504 -0.095869
vt 0.796326 0.320521
vt 0.861653 0.257503
vt 0.741036 -0.720822
vt 0.763598 -0.669954
vt -0.872317 0.320521
vt -0.819564 0.270385
vt -0.537974 -0.320521
vt -0.518742 -0.217225
vt -0.583881 -0.257503
vt 0.796326 -0.953152
vt 0.677889 -0.904225
vt 0.741702 -0.973545
vt 1.245227 -0.257503
vt 1.115664 -0.270385
vt 1.153998 -0.320521
vt 0.808490 -0.790143
vt 0.908971 -0.819564
vt 0.720680 -0.870978
vt 0.612286 -0.832962
vt 0.730723 -0.705666
vt 0.779554 -0.678980
vt -0.583992 0.000000
vt -0.507752 -0.000000
vt -0.767476 0.247176
vt -0.832962 0.286219
vt 0.836906 -0.339290
vt 0.719271 0.247176
vt 0.659262 0.293008
vt -0.646508 0.214974
vt -0.708873 0.293008
vt 1.123328 -0.126949
vt 1.220692 -0.088450
vt 1.233496 -0.145333
vt 0.670840 0.181348
vt 0.601850 0.214975
vt 0.768299 -0.113645
vt 0.873889 -0.181348
vt 0.822388 -0.214974
vt -0.680832 0.095869
vt -0.714866 0.181348
vt -0.669954 -0.339290
vt -0.666152 -0.247176
vt 0.564710 0.113645
vt 0.639509 0.095869
vt -0.606163 0.113645
vt 0.628674 0.000000
vt 0.878716 -0.293008
vt 1.074311 -0.166582
vt 1.018465 -0.257503
vt 0.964438 -0.348805
vt 0.934760 -0.294245
vt -0.817605 -0.166582
vt -0.745419 -0.140525
vt -0.490606 -0.095869
vt -0.418470 -0.113645
vt 1.103833 -0.057608
vt 1.003147 -0.140525
vt 1.087113 -0.310111
vt 1.189485 -0.288163
vt 1.192751 -0.346377
vt -0.840584 -0.057608
vt -0.764803 -0.048597
vt 1.103833 0.057608
vt 1.028052 -0.048597
vt -0.764803 0.048597
vt -0.840584 0.057608
vt 1.074311 0.166582
vt 1.028052 0.048597
vt 0.920259 -0.430165
vt 1.042968 -0.435172
vt -0.745419 0.140525
vt -0.817606 0.166582
vt 1.018465 0.257503
vt 1.003147 0.140525
vt -0.708752 0.217225
vt -0.774140 0.257503
vt 0.704686 -0.113645
vt 0.761857 0.000000
vt 0.891827 0.270385
vt 0.956037 0.217225
vt 0.964438 -0.589782
vt 0.849573 -0.589020
vt 0.863454 -0.535132
vt -0.714896 0.320521
vt -0.658774 0.270385
vt 0.854209 -0.740479
vt 0.891827 -0.838187
vt 0.942349 -0.809081
vt 1.015656 -0.714896
vt 0.957116 -0.600903
vt 0.927517 -0.646294
vt 0.802743 -0.214974
vt 0.907001 -0.247176
vt 0.836468 -0.181348
vt 0.817474 -0.780316
vt 0.836905 -0.575768
vt 0.880679 -0.541409
vt -0.482992 0.000000
vt -0.409444 0.000000
vt -0.605147 0.293008
vt -0.720822 0.286219
vt -0.669954 0.339290
vt 0.957780 -0.286219
vt 0.920259 -0.339290
vt 0.810439 0.247176
vt -0.346377 -0.320521
vt -0.314583 -0.217225
vt -0.377696 -0.257503
vt -0.622231 0.181348
vt -0.666152 0.247176
vt -0.323930 -0.214974
vt -0.412251 -0.247176
vt -0.389032 -0.181348
vt 0.754009 0.181348
vt 0.686748 0.214974
vt -0.553082 0.214974
vt -0.593818 0.095869
vt 0.771293 -0.546657
vt 0.770659 -0.484914
vt 0.643474 0.113645
vt 0.717504 0.095869
vt -0.519400 0.113645
vt 0.704880 0.000000
vt 1.026549 -0.294245
vt 1.048359 -0.348805
vt 1.089185 -0.217225
vt -0.617563 -0.166582
vt -0.547155 -0.140525
vt 1.242636 -0.057608
vt 1.209735 -0.166582
vt -0.306125 -0.113645
vt -0.374012 -0.095869
vt -0.635368 -0.057608
vt -0.562175 -0.048597
vt 1.242636 0.057608
vt 1.169443 -0.048597
vt 0.944422 -0.247176
vt -0.635368 0.057608
vt -0.562175 0.048597
vt 1.008756 -0.226118
vt 1.100370 -0.257569
vt 1.209734 0.166582
vt 1.169443 0.048597
vt -0.547155 0.140525
vt -0.617563 0.166582
vt 1.147496 0.257503
vt 1.141688 0.140525
vt -0.583881 0.257503
vt -0.518742 0.217225
vt 1.048359 -0.422997
vt 0.934935 -0.441152
vt 0.939758 -0.385714
vt 1.017625 0.270385
vt 1.089185 0.217225
vt 0.728740 0.000000
vt 0.746676 -0.113645
vt -0.480015 0.270385
vt -0.537974 0.320521
vt 1.233496 -0.320521
vt 1.300950 -0.217225
vt 1.328635 -0.257503
vt 1.021243 -0.484815
vt 1.125832 -0.480015
vt 1.042968 -0.435171
vt 0.934760 -0.635122
vt 0.957780 -0.389070
vt 0.920259 -0.430165
vt 1.008756 -0.286219
vt 0.978511 -0.339290
vt 0.771293 -0.546657
vt 0.849573 -0.589020
vt -0.368818 -0.000000
vt -0.299967 -0.000000
vt 0.827464 0.293008
vt 0.957780 0.286219
vt 0.879500 0.247176
vt -0.444569 0.214974
vt -0.546657 0.247176
vt -0.484914 0.293008
vt 0.752914 0.214974
vt 0.816611 0.181348
vt 0.850750 -0.412251
vt 0.839963 -0.351454
vt -0.490606 0.095869
vt -0.512623 0.181348
vt 0.775927 0.095869
vt 0.704686 0.113645
vt -0.418470 0.113645
vt 0.688008 -0.000000
vt 1.312160 -0.166582
vt 1.192623 -0.217225
vt 1.090336 -0.294245
vt -0.400674 -0.166582
vt -0.333967 -0.140525
vt -0.185430 -0.113645
vt -0.254830 -0.181348
vt -0.247216 -0.095869
vt 1.347543 -0.057608
vt 1.249087 -0.140525
vt -0.344214 -0.048597
vt -0.412822 -0.057608
vt 1.347543 0.057608
vt 1.278936 -0.048597
vt -0.344214 0.048597
vt -0.412822 0.057608
vt 1.312160 0.166582
vt 1.278936 0.048597
vt 1.010072 -0.339290
vt 1.127757 -0.294245
vt -0.400674 0.166582
vt -0.333967 0.140525
vt 1.245227 0.257503
vt 1.249086 0.140525
vt -0.377696 0.257503
vt -0.314583 0.217225
vt 0.812481 -0.000000
vt 0.828261 -0.095869
vt 1.153998 0.320521
vt 1.192623 0.217225
vt 1.103684 -0.244673
vt 0.994795 -0.281250
vt 0.990427 -0.225774
vt -0.288163 0.270385
vt -0.346377 0.320521
vt 1.192751 -0.346377
vt 1.100370 -0.257569
vt 1.087112 -0.310112
vt 0.939758 -0.385714
vt 1.026549 -0.472603
vt 1.048359 -0.422997
vt 1.008756 -0.226118
vt 0.978511 -0.272829
vt -0.182308 -0.000000
vt -0.244583 -0.000000
vt 0.934935 -0.441152
vt 0.978511 0.339290
vt 0.924571 0.247176
vt 0.878716 0.293008
vt -0.323930 0.214974
vt -0.412251 0.247176
vt -0.351454 0.293008
vt 0.856938 0.181348
vt 0.798542 0.214974
vt -0.306125 0.113645
vt -0.389032 0.181348
vt 0.886354 -0.293008
vt 0.813185 0.095869
vt 0.746676 0.113645
vt -0.374012 0.095869
vt 0.798054 -0.000000
vt 1.378793 -0.166582
vt 1.308991 -0.257503
vt -0.161209 -0.257503
vt -0.111668 -0.140525
vt -0.172857 -0.166582
vt 1.415693 -0.057608
vt 1.322413 -0.140525
vt -0.179014 -0.057608
vt -0.116863 -0.048597
vt 1.415693 0.057608
vt 1.353542 -0.048597
vt -0.179014 0.057608
vt -0.116863 0.048597
vt 1.322413 0.140525
vt 1.353542 0.048597
vt -0.111668 0.140525
vt -0.172857 0.166582
vt 1.378793 0.166582
vt 1.263529 0.217225
vt -0.161209 0.257503
vt -0.101842 0.217225
vt 1.183271 0.270385
vt 1.233496 0.320521
vt 1.300950 0.217225
vt 1.220692 0.270385
vt 1.213851 0.320521
vt 1.123328 -0.126949
vt 1.220692 -0.088450
vt 1.127757 -0.072941
vt 1.103684 -0.244673
vt 0.994795 -0.281250
vt 1.090336 -0.297193
vt 1.010072 0.339290
vt 1.127757 0.294245
vt 0.994795 0.286219
vt 0.944422 0.247176
vt 0.905999 0.293008
vt 0.802743 0.214974
vt 0.886354 0.293008
vt 0.873889 0.181348
vt 0.822388 0.214974
vt -0.185430 0.113645
vt -0.254830 0.181348
vt -0.194455 0.214974
vt 0.828261 0.095869
vt 0.768299 0.113645
vt -0.247216 0.095869
vt 0.749593 0.000000
vt 0.059676 0.000000
vt -0.059676 -0.113645
vt -0.059676 -0.000000
vt 0.059676 0.113645
vt -0.059676 0.113645
vt 0.059676 -0.113645
vt -0.059676 -0.214974
vt 0.823801 0.059676
vt 0.908568 -0.059676
vt 0.823801 -0.059676
vt 0.908568 0.059676
vt 1.014080 -0.059676
vt 1.014080 0.059676
vt 1.128903 -0.059676
vt 1.128903 0.059676
vt 1.240593 -0.059676
vt 1.337049 0.059676
vt 1.337049 -0.059676
vt 0.059676 -0.257503
vt -0.059676 -0.166582
vt -0.059676 -0.257503
vt 0.059676 -0.166582
vt -0.059676 0.166582
vt 0.059676 0.166582
vt -0.059676 0.257503
vt 1.337049 0.059676
vt 1.240593 -0.059676
vt 1.337049 -0.059676
vt 1.128903 0.059676
vt 1.128903 -0.059676
vt 1.014080 0.059676
vt 1.014080 -0.059676
vt 0.908568 -0.059676
vt 0.908568 0.059676
vt 0.823801 -0.059676
vt 0.059676 0.214974
vt -0.059676 0.214974
vt 1.390962 0.048597
vt 0.064584 -0.000000
vt 0.067705 -0.113645
vt 0.067705 0.113645
vt 0.790840 -0.095869
vt 0.076731 -0.214974
vt 0.802743 0.194455
vt 0.905999 0.090683
vt 0.822388 0.076731
vt 0.886354 0.208408
vt 1.010072 0.108050
vt 1.308991 0.278933
vt 1.328635 0.161209
vt 0.278933 -0.257503
vt 0.290581 -0.166582
vt 0.296739 0.057608
vt 0.290581 0.166582
vt 0.278933 0.257503
vt 1.308991 0.278933
vt 1.328635 0.161209
vt 1.213851 0.263057
vt 1.103684 0.244673
vt 1.010072 0.108050
vt 0.886354 0.208407
vt 0.905999 0.090683
vt 0.802743 0.194455
vt 0.822388 0.076731
vt 0.076731 0.214974
vt 1.352757 -0.048597
vt 0.187082 0.000000
vt 0.193240 -0.113645
vt 0.193239 0.113645
vt 0.783116 0.181348
vt 1.026549 -0.294245
vt 0.211045 -0.214974
vt 0.759788 0.323930
vt 0.878716 0.238569
vt 0.798542 0.211045
vt 0.839963 0.351454
vt 1.153998 0.459263
vt 1.192751 0.346377
vt 1.245227 0.490582
vt 1.283980 0.377696
vt 0.490582 -0.257503
vt 0.525707 -0.057608
vt 0.525707 0.057608
vt 0.490582 0.257503
vt 1.245227 0.490582
vt 1.283980 0.377696
vt 0.878716 0.238569
vt 0.798542 0.211045
vt 0.211045 0.214974
vt 1.042968 0.294245
vt 1.197393 -0.217225
vt 0.313503 -0.113645
vt 0.304477 -0.000000
vt 0.313503 0.113645
vt 0.708403 0.181348
vt 0.339602 -0.214974
vt 0.752914 0.339602
vt 0.827464 0.379947
vt 1.119472 0.537974
vt 1.147496 0.688848
vt 1.204302 0.583881
vt 0.722530 -0.166582
vt 0.740335 -0.057608
vt 0.740335 0.057608
vt 0.688848 0.257503
vt 1.147496 0.688848
vt 1.204302 0.583881
vt 1.062667 0.642941
vt 0.964438 0.589782
vt 0.920260 0.430165
vt 0.827465 0.379947
vt 0.752914 0.339602
vt 0.339602 0.214974
vt 0.957116 0.294245
vt 1.095680 -0.217225
vt 0.425215 -0.113645
vt 0.413567 -0.000000
vt 0.425215 0.113645
vt 0.741036 -0.286219
vt 0.741036 0.286219
vt 0.458896 -0.214975
vt 0.686748 0.458896
vt 0.680334 0.605147
vt 0.753642 0.510961
vt 0.763598 0.669954
vt 1.018466 0.868325
vt 1.091773 0.774140
vt 0.911791 -0.166582
vt 0.934769 -0.057608
vt 0.911791 0.166582
vt 0.868325 0.257503
vt 1.091773 0.774139
vt 0.942349 0.809081
vt 0.753642 0.510961
vt 0.680334 0.605147
vt 0.458896 0.214974
vt 0.750244 0.294245
vt 0.613495 -0.247176
vt 0.464056 0.000000
vt 1.077331 0.140525
vt 1.033409 -0.217225
vt 0.514040 -0.214974
vt 0.601850 0.565673
vt 0.571451 0.708873
vt 0.659262 0.628038
vt 0.949463 0.943281
vt 0.909583 1.076181
vt 0.997393 0.995346
vt 1.022730 -0.057608
vt 0.997393 -0.166582
vt 1.022730 0.057608
vt 0.997393 0.166582
vt 0.997393 0.995346
vt 0.861653 1.024116
vt 0.949463 0.943281
vt 0.796326 0.953152
vt 0.730723 0.705665
vt 0.571451 0.708873
vt 0.601850 0.565673
vt 0.476900 0.113645
vt 0.723516 0.247176
vt 0.624925 -0.095869
vt 0.360252 0.000000
vt 1.200443 0.140525
vt 1.150466 -0.217225
vt 0.370625 -0.113645
vt 0.400618 0.722298
vt 0.500535 0.657019
vt 0.446981 0.793263
vt 0.667410 0.912440
vt 0.728499 1.005943
vt 0.781255 1.086692
vt 0.819961 -0.166582
vt 0.781255 -0.257503
vt 0.840423 -0.057608
vt 0.840423 0.057608
vt 0.819961 0.166582
vt 0.781255 0.257503
vt 0.681338 1.151972
vt 0.728499 1.005943
vt 0.781255 1.086692
vt 0.446981 0.793262
vt 0.500535 0.657019
vt 0.370625 0.113645
vt 0.895312 0.286219
vt 0.691302 -0.000000
vt 0.254239 -0.113645
vt 0.254240 0.113645
vt 1.161626 -0.270385
vt 1.161626 0.270385
vt 0.276267 0.778386
vt 0.385567 0.730443
vt 0.310318 0.856014
vt 0.508125 1.009847
vt 0.552990 1.112131
vt 0.482437 1.248405
vt 0.591736 1.200462
vt 0.591736 -0.257503
vt 0.620163 -0.166582
vt 0.635191 -0.057608
vt 0.635191 0.057608
vt 0.620163 0.166581
vt 0.591736 0.257504
vt 0.482437 1.248405
vt 0.552990 1.112131
vt 0.591736 1.200462
vt 0.419617 0.808071
vt 0.310318 0.856014
vt 0.385567 0.730443
vt 0.767724 0.095869
vt 0.881888 -0.247176
vt 0.130919 -0.113645
vt 0.130919 0.113645
vt 1.345968 0.140525
vt 0.144381 -0.214974
vt 0.144381 0.813242
vt 0.260081 0.783943
vt 0.165190 0.895416
vt 0.191092 0.997699
vt 0.334979 1.079709
vt 0.362398 1.187982
vt 0.386076 1.281486
vt 0.403448 -0.166582
vt 0.386076 -0.257503
vt 0.412632 -0.057608
vt 0.412632 0.057608
vt 0.403448 0.166582
vt 0.386076 0.257503
vt 0.386076 1.281486
vt 0.362398 1.187982
vt 0.165190 0.895416
vt 0.002462 0.000000
vt 0.004028 -0.113645
vt 0.127501 -0.214974
vt 0.127501 0.816059
vt 0.015557 0.910393
vt 0.134501 0.900537
vt 0.024270 1.015544
vt 0.033752 1.129975
vt 0.152696 1.120119
vt 0.161920 1.231428
vt 0.050940 1.337410
vt 0.169885 1.327554
vt 0.050940 -0.257503
vt 0.175729 -0.166582
vt 0.169885 -0.257503
vt 0.056784 -0.166582
vt 0.178818 -0.057608
vt 0.178818 0.057608
vt 0.175729 0.166582
vt 0.050940 0.257503
vt 0.169885 0.257503
vt 0.050940 1.337410
vt 0.161920 1.231428
vt 0.169885 1.327554
vt 0.042975 1.241284
vt 0.033752 1.129975
vt 0.024270 1.015544
vt 0.134501 0.900537
vt 0.008557 0.825915
vt 0.127501 0.816059
vt 0.004028 0.113645
vt 1.364411 -0.140525
vt -0.004028 -0.113645
vt -0.002462 -0.000000
vt -0.004028 0.113645
vt -0.008557 -0.214974
vt -0.008557 0.825915
vt -0.134501 0.900537
vt -0.015557 0.910393
vt -0.024270 1.015544
vt -0.033752 1.129975
vt -0.042975 1.241284
vt -0.161920 1.231428
vt -0.050940 1.337410
vt -0.169885 -0.257503
vt -0.050940 -0.257503
vt -0.175729 -0.166582
vt -0.178818 -0.057608
vt -0.178818 0.057608
vt -0.056784 0.166582
vt -0.175729 0.166582
vt -0.050940 0.257503
vt -0.050940 1.337410
vt -0.161920 1.231428
vt -0.042975 1.241284
vt -0.033752 1.129975
vt -0.024270 1.015544
vt -0.134501 0.900537
vt -0.015557 0.910393
vt -0.127501 0.816059
vt -0.008557 0.825915
vt -0.127501 0.214974
vt -0.008557 0.214974
vt 1.288097 -0.217225
vt -0.130919 -0.113645
vt -0.126264 -0.000000
vt -0.130919 0.113645
vt 0.968172 -0.286219
vt 0.968172 0.286219
vt -0.144381 -0.214974
vt -0.260081 0.783943
vt -0.165190 0.895416
vt -0.144381 0.813242
vt -0.386076 1.281486
vt -0.270376 1.310785
vt -0.403448 -0.166582
vt -0.412632 -0.057608
vt -0.412632 0.057608
vt -0.403448 0.166582
vt -0.362398 1.187982
vt -0.334979 1.079709
vt -0.191092 0.997699
vt -0.165190 0.895416
vt -0.144381 0.813242
vt -0.144381 0.214974
vt 1.075342 0.294245
vt 1.236141 -0.217225
vt -0.254240 -0.113645
vt -0.246622 -0.000000
vt -0.254240 0.113645
vt 0.895312 -0.286219
vt 0.895312 0.286219
vt -0.276267 -0.214975
vt -0.276267 0.778386
vt -0.419617 0.808071
vt -0.310318 0.856014
vt -0.552990 1.112131
vt -0.591736 1.200462
vt -0.482437 1.248405
vt -0.620163 -0.166582
vt -0.635191 -0.057608
vt -0.635190 0.057608
vt -0.620163 0.166582
vt -0.482436 1.248405
vt -0.310318 0.856014
vt -0.276267 0.778386
vt -0.276267 0.214974
vt 1.082348 0.270385
vt 1.082348 -0.270385
vt -0.370625 -0.113645
vt -0.360252 -0.000000
vt -0.370625 0.113645
vt 0.611532 -0.000000
vt -0.400618 -0.214974
vt -0.500535 0.657019
vt -0.446981 0.793262
vt -0.400618 0.722298
vt -0.628582 1.071223
vt -0.728499 1.005943
vt -0.681337 1.151972
vt -0.781255 -0.257503
vt -0.840423 -0.057608
vt -0.840423 0.057608
vt -0.781255 0.257503
vt -0.681337 1.151972
vt -0.728499 1.005944
vt -0.504690 0.881594
vt -0.446981 0.793262
vt -0.400618 0.722298
vt -0.400618 0.214974
vt 0.904225 0.294245
vt 1.033409 -0.217225
vt -0.464056 -0.000000
vt -0.476900 -0.113645
vt -0.476900 0.113645
vt 0.678980 -0.286219
vt 0.678980 0.286219
vt -0.514040 -0.214974
vt -0.601850 0.565672
vt -0.571451 0.708873
vt -0.514040 0.646507
vt -0.659262 0.628038
vt -0.949463 0.943281
vt -0.861653 1.024116
vt -0.997393 0.995346
vt -0.909582 1.076181
vt -0.997393 -0.166582
vt -1.022730 -0.057608
vt -0.997393 0.166582
vt -0.997393 0.995346
vt -0.909582 1.076181
vt -0.571451 0.708873
vt -0.659262 0.628038
vt -0.514040 0.214974
vt -0.670796 0.247176
vt -0.577861 -0.095869
vt 0.413567 0.000000
vt -1.142790 0.140525
vt -1.095680 -0.217225
vt 0.425215 -0.113645
vt -0.686749 0.458896
vt -0.680334 0.605147
vt -0.613441 0.553082
vt -0.836905 0.575768
vt -1.091773 0.774139
vt -1.018465 0.868325
vt 0.911791 -0.166582
vt 0.868325 -0.257503
vt 0.934769 -0.057608
vt 0.934769 0.057608
vt 0.911791 0.166582
vt 0.868325 0.257503
vt -1.091773 0.774140
vt -1.018465 0.868325
vt -0.753642 0.510961
vt -0.680334 0.605147
vt -0.613441 0.553082
vt 0.425215 0.113645
vt -0.849573 0.286219
vt -0.849573 -0.286219
vt 0.313503 -0.113645
vt 0.313503 0.113645
vt -1.249896 0.140525
vt -1.197393 -0.217225
vt 0.339602 -0.214974
vt -0.752914 0.339602
vt -0.696109 0.444569
vt -0.827465 0.379947
vt -0.920260 0.430165
vt -0.964438 0.589782
vt -1.062667 0.642941
vt -1.147496 0.688848
vt 0.722530 -0.166582
vt 0.688848 -0.257503
vt 0.740335 -0.057608
vt 0.740335 0.057608
vt 0.722530 0.166582
vt 0.688848 0.257503
vt -1.147496 0.688848
vt -1.119472 0.537974
vt -1.062667 0.642941
vt -0.827464 0.379947
vt -0.696109 0.444569
vt -1.026549 0.294245
vt -0.850750 -0.247176
vt 0.193239 -0.113645
vt 0.193240 0.113645
vt -1.189485 -0.270385
vt -1.189485 0.270385
vt -0.798542 0.211045
vt -0.759788 0.323930
vt -0.878716 0.238569
vt -1.153998 0.459263
vt -1.245227 0.490582
vt 0.490582 -0.257503
vt 0.513560 -0.166582
vt 0.525707 -0.057608
vt 0.525707 0.057608
vt 0.513560 0.166582
vt 0.490582 0.257503
vt -1.245227 0.490582
vt -1.192751 0.346377
vt -1.153998 0.459263
vt -0.839963 0.351454
vt -0.878716 0.238569
vt -0.759788 0.323930
vt 0.211045 0.214974
vt 0.064584 0.000000
vt 0.067705 0.113645
vt -1.359834 0.140525
vt 0.076731 -0.214974
vt 0.194455 -0.214974
vt -0.802743 0.194455
vt -0.905999 0.090683
vt -0.886354 0.208407
vt -1.010072 0.108050
vt -1.103684 0.244673
vt -1.213851 0.263057
vt -1.308991 0.278933
vt 0.278933 -0.257503
vt 0.290581 -0.166582
vt 0.296739 -0.057608
vt 0.296739 0.057608
vt 0.290581 0.166582
vt 0.278933 0.257503
vt -1.328635 0.161209
vt -1.213851 0.263057
vt -1.308991 0.278933
vt -1.010072 0.108050
vt -0.886354 0.208408
vt -0.905999 0.090683
vt -0.802743 0.194455
vt 0.076731 0.214974
vt -0.059676 0.000000
vt 0.059676 -0.113645
vt 0.059676 -0.000000
vt -0.059676 0.113645
vt 0.059676 0.113645
vt -0.059676 -0.113645
vt 0.059676 -0.214974
vt -0.823801 -0.059676
vt -0.908568 0.059676
vt -0.823801 0.059676
vt -0.908568 -0.059676
vt -1.014080 0.059676
vt -1.128903 -0.059676
vt -1.128903 0.059676
vt -1.240593 -0.059676
vt -1.240593 0.059676
vt -1.337049 0.059676
vt -0.059676 -0.257503
vt 0.059676 -0.166582
vt 0.059676 -0.257503
vt -0.059676 -0.166582
vt 0.059676 0.166582
vt -0.059676 0.166582
vt 0.059676 0.257503
vt -1.337049 0.059676
vt -1.240593 -0.059676
vt -1.240593 0.059676
vt -1.128903 0.059676
vt -1.128903 -0.059676
vt -1.014080 0.059676
vt -1.014080 -0.059676
vt -0.908568 0.059676
vt -0.908568 -0.059676
vt -0.823801 0.059676
vt -0.059676 0.214974
vt 0.059676 0.214974
vt -1.390962 -0.048597
vt -0.064584 -0.000000
vt -0.067705 -0.113645
vt -0.067705 0.113645
vt -1.090336 -0.294245
vt -0.076731 -0.214974
vt -0.802743 -0.194455
vt -0.905999 -0.090683
vt -0.822388 -0.076731
vt -0.886354 -0.208407
vt -1.010072 -0.108050
vt -1.213851 -0.263057
vt -1.328635 -0.161209
vt -0.290581 -0.166582
vt -0.296739 -0.057608
vt -0.296739 0.057608
vt -0.290581 0.166582
vt -1.328635 -0.161209
vt -1.213851 -0.263057
vt -1.103684 -0.244673
vt -1.123328 -0.126949
vt -1.010072 -0.108050
vt -0.886354 -0.208407
vt -0.905999 -0.090683
vt -0.802743 -0.194455
vt -0.822388 -0.076731
vt -0.194455 0.214974
vt -0.076731 0.214974
vt -1.189485 0.270385
vt -1.189485 -0.270385
vt -0.193240 -0.113645
vt -0.187082 -0.000000
vt -0.193240 0.113645
vt -0.934935 -0.286219
vt -0.934935 0.286219
vt -0.211045 -0.214974
vt -0.798542 -0.211045
vt -0.878716 -0.238569
vt -1.192751 -0.346377
vt -1.153998 -0.459263
vt -1.283980 -0.377696
vt -0.490582 -0.257503
vt -0.525707 -0.057608
vt -0.513560 0.166582
vt -0.490581 0.257503
vt -1.283980 -0.377696
vt -1.153998 -0.459263
vt -1.048359 -0.422997
vt -0.878716 -0.238569
vt -0.798542 -0.211045
vt -0.211045 0.214974
vt -1.042968 0.294245
vt -1.197393 -0.217225
vt -0.313503 -0.113645
vt -0.304477 0.000000
vt -0.313503 0.113645
vt -0.653650 0.000000
vt -0.339602 -0.214974
vt -0.752914 -0.339602
vt -0.827464 -0.379947
vt -1.062667 -0.642941
vt -1.204302 -0.583881
vt -0.688848 -0.257503
vt -0.722530 -0.166582
vt -0.740335 -0.057608
vt -0.740335 0.057608
vt -0.722530 0.166582
vt -1.147497 -0.688848
vt -0.964438 -0.589782
vt -0.920259 -0.430165
vt -0.752914 -0.339602
vt -0.339602 0.214974
vt -0.880679 -0.286219
vt -1.142790 -0.140525
vt -0.413567 -0.000000
vt -0.425215 -0.113645
vt -0.425215 0.113645
vt -0.741036 -0.286219
vt -0.741036 0.286219
vt -0.458896 -0.214974
vt -0.613441 -0.553082
vt -0.753642 -0.510961
vt -0.686748 -0.458896
vt -1.015656 -0.714895
vt -1.091773 -0.774139
vt -0.911791 -0.166582
vt -0.934769 -0.057608
vt -0.934769 0.057608
vt -0.911791 0.166582
vt -1.091773 -0.774139
vt -0.942349 -0.809081
vt -0.836905 -0.575768
vt -0.680334 -0.605147
vt -0.753642 -0.510961
vt -0.686748 -0.458896
vt -0.458896 0.214974
vt -0.750244 0.294245
vt -0.613495 -0.247176
vt -0.464056 0.000000
vt -0.476900 0.113645
vt -1.100549 -0.048597
vt -0.904225 -0.294245
vt -0.514040 -0.214974
vt -0.514040 -0.646508
vt -0.659261 -0.628038
vt -0.601850 -0.565673
vt -0.571451 -0.708873
vt -0.642913 -0.786501
vt -0.949463 -0.943281
vt -0.861653 -1.024116
vt -0.997393 -0.995346
vt -0.997393 -0.166582
vt -1.022730 -0.057608
vt -1.022730 0.057608
vt -0.997393 0.166582
vt -0.861653 -1.024116
vt -0.949464 -0.943281
vt -0.571451 -0.708873
vt -0.659262 -0.628038
vt -0.514040 0.214974
vt -0.624925 0.095869
vt -0.723516 -0.247176
vt -0.360252 0.000000
vt -0.370625 0.113645
vt -1.226863 -0.048597
vt -1.003470 -0.294245
vt -0.400618 -0.214974
vt -0.400618 -0.722298
vt -0.500535 -0.657019
vt -0.446981 -0.793263
vt -0.667410 -0.912440
vt -0.728499 -1.005944
vt -0.781255 -1.086693
vt -0.819961 -0.166582
vt -0.781255 -0.257503
vt -0.840423 -0.057608
vt -0.840423 0.057608
vt -0.819961 0.166582
vt -0.781255 0.257503
vt -0.781255 -1.086692
vt -0.728499 -1.005943
vt -0.446981 -0.793262
vt -0.400618 0.214974
vt -0.895312 0.286219
vt -0.895312 -0.286219
vt -0.246622 0.000000
vt -0.254240 0.113645
vt -1.319711 -0.048597
vt -1.075342 -0.294245
vt -0.254240 -0.113645
vt -0.276267 -0.778386
vt -0.385567 -0.730443
vt -0.310318 -0.856014
vt -0.552990 -1.112131
vt -0.482436 -1.248405
vt -0.591736 -1.200462
vt -0.591736 -0.257503
vt -0.620163 -0.166582
vt -0.635191 -0.057608
vt -0.635191 0.057608
vt -0.620163 0.166581
vt -0.591736 0.257503
vt -0.591736 -1.200462
vt -0.443691 -1.160074
vt -0.552991 -1.112131
vt -0.419617 -0.808071
vt -0.310318 -0.856014
vt -0.385567 -0.730443
vt -0.968172 0.286219
vt -0.968172 -0.286219
vt -0.126264 -0.000000
vt -0.130920 0.113645
vt -1.345968 0.140525
vt -0.130920 -0.113645
vt -0.144381 -0.813242
vt -0.260081 -0.783943
vt -0.165190 -0.895416
vt -0.334979 -1.079709
vt -0.362398 -1.187982
vt -0.386076 -1.281486
vt -0.403448 -0.166582
vt -0.386076 -0.257503
vt -0.412632 -0.057608
vt -0.412632 0.057608
vt -0.386076 0.257503
vt -0.270376 -1.310785
vt -0.362398 -1.187982
vt -0.386076 -1.281486
vt -0.165190 -0.895416
vt -0.280890 -0.866117
vt -0.144381 -0.813242
vt -0.260081 -0.783943
vt -1.111154 0.294245
vt -0.002462 0.000000
vt -1.395862 -0.048597
vt -0.008557 -0.214974
vt -0.127501 -0.214974
vt -0.127501 -0.816059
vt -0.015557 -0.910393
vt -0.134501 -0.900537
vt -0.024270 -1.015544
vt -0.033752 -1.129975
vt -0.152696 -1.120119
vt -0.161920 -1.231428
vt -0.050940 -1.337410
vt -0.169885 -1.327554
vt -0.050940 -0.257503
vt -0.175729 -0.166582
vt -0.169885 -0.257503
vt -0.178818 -0.057608
vt -0.178818 0.057608
vt -0.175729 0.166582
vt -0.050940 0.257503
vt -0.169885 0.257503
vt -0.050940 -1.337410
vt -0.161920 -1.231428
vt -0.169885 -1.327554
vt -0.042975 -1.241284
vt -0.033752 -1.129975
vt -0.024270 -1.015544
vt -0.134501 -0.900537
vt -0.015557 -0.910393
vt -0.127501 -0.816059
vt -0.008557 0.214974
vt -1.395862 0.048597
vt 0.004028 -0.113645
vt 0.002462 0.000000
vt 0.004028 0.113645
vt 0.008557 -0.214974
vt 0.127501 -0.816059
vt 0.015557 -0.910393
vt 0.008557 -0.825915
vt 0.024270 -1.015545
vt 0.033752 -1.129975
vt 0.161920 -1.231428
vt 0.042975 -1.241284
vt 0.050940 -1.337410
vt 0.050940 -0.257503
vt 0.175729 -0.166582
vt 0.178818 -0.057608
vt 0.175729 0.166582
vt 0.050940 0.257503
vt 0.169885 -1.327554
vt 0.042975 -1.241284
vt 0.050940 -1.337410
vt 0.161920 -1.231428
vt 0.033752 -1.129975
vt 0.024270 -1.015545
vt 0.015557 -0.910393
vt 0.127501 -0.816059
vt 0.008557 -0.825915
vt 0.008557 0.214974
vt -1.345968 -0.140525
vt 0.126264 0.000000
vt 0.130920 -0.113645
vt 0.130920 0.113645
vt -0.812568 0.181348
vt 0.144381 -0.214974
vt 0.144381 -0.813242
vt 0.165190 -0.895416
vt 0.362398 -1.187982
vt 0.386076 -1.281486
vt 0.270376 -1.310785
vt 0.403448 -0.166582
vt 0.412632 -0.057608
vt 0.412632 0.057608
vt 0.403448 0.166582
vt 0.270376 0.257503
vt 0.386076 -1.281486
vt 0.362398 -1.187982
vt 0.165190 -0.895416
vt 0.144381 0.214974
vt -1.319711 0.048597
vt 0.254240 -0.113645
vt 0.246622 -0.000000
vt 0.254240 0.113645
vt -0.895312 -0.286219
vt -0.895312 0.286219
vt 0.276267 -0.214974
vt 0.385567 -0.730443
vt 0.310318 -0.856014
vt 0.276267 -0.778386
vt 0.419618 -0.808071
vt 0.552990 -1.112131
vt 0.482437 -1.248405
vt 0.620163 -0.166582
vt 0.635190 -0.057608
vt 0.635190 0.057608
vt 0.620163 0.166582
vt 0.591736 -1.200462
vt 0.482436 -1.248405
vt 0.552990 -1.112131
vt 0.310318 -0.856014
vt 0.276267 -0.778386
vt 0.276267 0.214974
vt -1.003470 0.294245
vt -1.150466 -0.217225
vt 0.370625 -0.113645
vt 0.360252 -0.000000
vt 0.370625 0.113645
vt -0.663651 0.181348
vt 0.400618 -0.214974
vt 0.500535 -0.657019
vt 0.446981 -0.793262
vt 0.400618 -0.722298
vt 0.728499 -1.005944
vt 0.681337 -1.151972
vt 0.819961 -0.166582
vt 0.840423 -0.057608
vt 0.840423 0.057608
vt 0.781255 0.257503
vt 0.681337 -1.151972
vt 0.728499 -1.005944
vt 0.504690 -0.881593
vt 0.446981 -0.793262
vt 0.400618 -0.722298
vt 0.400618 0.214974
vt -1.100549 0.048597
vt 0.476900 -0.113645
vt 0.464056 -0.000000
vt 0.476900 0.113645
vt -0.560885 0.181348
vt 0.514040 -0.214974
vt 0.601850 -0.565673
vt 0.571451 -0.708873
vt 0.514040 -0.646507
vt 0.659262 -0.628038
vt 0.861653 -1.024116
vt 0.949463 -0.943281
vt 0.909582 -1.076181
vt 0.997393 -0.166582
vt 1.022730 0.057608
vt 0.997393 -0.995346
vt 0.642913 -0.786500
vt 0.571451 -0.708873
vt 0.659262 -0.628038
vt 0.514040 -0.646508
vt 0.514040 0.214974
vt 0.614366 0.181348
vt 0.614366 -0.181348
vt -0.413567 0.000000
vt 1.142790 0.140525
vt -0.425215 -0.113645
vt 0.686748 -0.458896
vt 0.680334 -0.605147
vt 0.613441 -0.553082
vt 0.753642 -0.510961
vt 0.836906 -0.575768
vt 1.018465 -0.868325
vt -0.911791 -0.166582
vt -0.868325 -0.257503
vt -0.934769 -0.057608
vt -0.934769 0.057608
vt -0.911791 0.166582
vt -0.868325 0.257503
vt 0.763598 -0.669954
vt 0.680334 -0.605147
vt 0.686748 -0.458896
vt 0.613441 -0.553082
vt -0.458896 0.214974
vt 0.771293 -0.247176
vt -0.304477 -0.000000
vt -0.313503 0.113645
vt 1.249896 0.140525
vt -0.313503 -0.113645
vt 0.752914 -0.339602
vt 0.696109 -0.444569
vt 1.062667 -0.642941
vt 1.204302 -0.583881
vt 1.147496 -0.688848
vt -0.688848 -0.257503
vt -0.722530 -0.166582
vt -0.740335 -0.057608
vt -0.740335 0.057608
vt -0.722530 0.166582
vt -0.688848 0.257503
vt 1.147496 -0.688848
vt 1.119472 -0.537974
vt 1.062667 -0.642941
vt 0.827464 -0.379947
vt 0.770659 -0.484914
vt 0.752914 -0.339602
vt 0.696109 -0.444569
vt -0.339602 0.214974
vt 0.850750 0.247176
vt -0.193240 -0.113645
vt -0.193240 0.113645
vt 1.322907 0.140525
vt 1.266444 -0.217225
vt 0.759788 -0.323930
vt 0.878716 -0.238569
vt 1.153998 -0.459263
vt 1.245227 -0.490582
vt -0.513560 -0.166582
vt -0.490582 -0.257503
vt -0.525707 -0.057608
vt -0.525707 0.057608
vt -0.513560 0.166582
vt -0.490582 0.257503
vt 1.283980 -0.377696
vt 1.245227 -0.490582
vt 0.839963 -0.351454
vt 0.878716 -0.238569
vt 0.759788 -0.323930
vt -0.211045 0.214974
vt 0.775061 -0.000000
vt -0.064584 0.000000
vt -0.067705 0.113645
vt 1.220692 -0.270385
vt -0.067705 -0.113645
vt -0.194455 -0.214974
vt 0.802743 -0.194455
vt 0.905999 -0.090683
vt 0.886354 -0.208408
vt 1.010072 -0.108050
vt 1.213851 -0.263057
vt 1.308991 -0.278933
vt -0.290581 -0.166582
vt -0.278933 -0.257503
vt -0.296738 -0.057608
vt -0.296738 0.057608
vt -0.290581 0.166582
vt -0.278933 0.257503
vt 1.308991 -0.278933
vt 1.233496 -0.145333
vt 1.213851 -0.263057
vt 0.990427 -0.225774
vt 1.010072 -0.108050
vt 0.886354 -0.208408
vt 0.905999 -0.090683
vt 0.802743 -0.194455
vt 0.836468 -0.181348
vt 1.300950 -0.217225
vt 1.220692 0.088450
vt -0.113676 0.048597
vt 0.113676 -0.048597
vt 0.994795 0.281250
vt 1.391227 -0.048597
vt 1.391227 0.048597
vt 1.127757 -0.294245
vt 0.934760 -0.294245
vt 0.101842 0.217225
vt 1.233496 0.320521
vt 1.127757 0.072942
vt 0.194455 0.214974
vt 0.288163 0.270385
vt 0.942349 -0.320521
vt 1.008756 0.226118
vt 1.026549 0.472603
vt 0.412251 0.247176
vt 0.480015 0.270385
vt 0.741702 -0.270385
vt 0.836905 -0.339290
vt 0.908971 0.819564
vt 0.714895 0.320521
vt 0.481097 -0.247176
vt 0.880679 0.541409
vt 0.669954 0.339290
vt 0.571346 -0.270385
vt 0.608483 -0.247176
vt 0.504690 0.881594
vt 0.819564 0.270385
vt 0.385405 -0.270385
vt 0.340589 -0.247176
vt 0.352702 0.952639
vt 0.912440 0.348805
vt 0.628582 1.071223
vt 0.608483 0.723516
vt 0.984016 0.294245
vt 0.986638 0.286219
vt 0.854655 -0.181348
vt 0.208926 -0.217225
vt 0.984016 -0.294245
vt 0.270376 1.310785
vt 0.340589 0.881888
vt 0.997699 0.339290
vt -0.198140 1.014623
vt 1.364411 0.140525
vt 0.198140 1.014623
vt 0.854655 0.181348
vt -0.152696 1.120119
vt -0.340589 0.881888
vt 0.997699 -0.339290
vt -0.385405 1.161626
vt -0.208926 0.217225
vt -0.340589 0.247176
vt 0.952639 -0.339290
vt -0.443691 0.320521
vt -0.308648 0.986638
vt 0.819564 -0.270385
vt -0.779554 0.678980
vt -0.628581 0.320521
vt -0.710144 0.879120
vt 0.714896 -0.320521
vt -0.608483 0.247176
vt 0.832961 -0.286219
vt -1.127757 0.072942
vt -0.796326 0.320521
vt -0.908971 0.819564
vt -0.612286 0.832961
vt 0.412251 -0.247176
vt 0.480015 -0.270385
vt 0.669954 -0.339290
vt -0.942349 0.320521
vt 0.288163 -0.270385
vt -0.836906 0.339290
vt -1.008756 0.226118
vt -1.026549 0.472603
vt -1.233496 -0.320521
vt -0.934760 0.294245
vt -0.957780 0.286219
vt -1.008756 0.286219
vt -0.994795 -0.286219
vt -0.802743 -0.214975
vt 0.101842 -0.217225
vt -1.090336 0.294245
vt -1.220692 0.088450
vt -0.994795 0.281250
vt -0.836468 0.181348
vt -1.220692 -0.088450
vt -1.026549 -0.294245
vt -1.391227 -0.048597
vt 0.113676 0.048597
vt -0.113676 -0.048597
vt -0.994795 -0.281250
vt -1.391227 0.048597
vt -0.934761 -0.294245
vt -0.101842 0.217225
vt -0.850750 -0.412251
vt -1.008756 -0.286219
vt -1.125832 -0.480015
vt -0.346377 0.320521
vt -1.008756 -0.226118
vt -0.771293 -0.546657
vt -0.891827 -0.270385
vt -0.351454 0.293008
vt -0.920259 -0.339290
vt -0.741036 -0.720822
vt -0.480015 0.270385
vt -0.741702 -0.270385
vt -0.546657 0.247176
vt -0.908971 -0.819564
vt -0.714895 0.320521
vt -0.720822 0.286219
vt -0.571346 -0.270385
vt -0.546898 -0.293008
vt -0.779554 -0.286219
vt -0.819564 0.270385
vt -0.741702 -0.973545
vt -0.779554 -0.678980
vt -0.832961 0.286219
vt -0.481097 -0.247176
vt -0.443691 -0.320521
vt -0.555760 -0.984016
vt -0.571346 -1.082348
vt -0.608483 -0.723516
vt -0.922380 0.286219
vt -0.340589 -0.247176
vt -0.191092 -0.997699
vt -0.984016 0.294245
vt -0.986638 0.286219
vt -0.854655 -0.181348
vt -0.208926 -0.217225
vt -1.111154 -0.294245
vt -1.062070 0.294245
vt -0.997699 0.339290
vt -1.005688 -0.339290
vt 0.001007 -0.140525
vt 0.198140 -1.014623
vt -1.364411 0.140525
vt -0.198140 -1.014623
vt -0.854655 0.181348
vt -1.407935 -0.166582
vt -0.001007 0.140525
vt 0.206138 -1.111154
vt 0.340589 -0.881888
vt 0.184884 0.181348
vt 0.385405 -1.161626
vt 0.142044 -1.023984
vt 0.386217 -1.062070
vt 0.340589 0.247176
vt -0.986638 -0.286219
vt 0.443691 0.320521
vt 0.308648 -0.986638
vt 0.555761 -0.984016
vt 0.546899 -0.727983
vt 0.419617 0.293008
vt -0.881593 -0.339290
vt 0.730723 -0.705665
vt 0.628581 0.320521
vt -0.658774 -0.270385
vt 0.608483 0.247176
vt -0.832961 -0.286219
vt -0.546657 -0.247176
vt 0.891827 -0.838187
vt 0.741702 0.270385
vt -0.480015 -0.270385
vt 1.127757 -0.072941
vt -0.720822 -0.286219
vt 0.957780 -0.389070
vt 0.942349 0.320521
vt 0.934760 -0.635122
vt 1.031469 -0.658774
vt -0.288163 -0.270385
vt -0.351454 -0.293008
vt 0.978511 -0.272829
vt 1.026549 -0.472603
vt 0.920259 0.339290
vt 1.090336 -0.297193
vt 1.189485 -0.288163
vt 0.994795 -0.286219
vt -0.101842 -0.217225
vt 1.328635 0.257503
vt 0.836468 0.181348
vt 0.059676 -0.214974
vt 1.240593 0.059676
vt 0.059676 0.257503
vt 1.240593 0.059676
vt 0.823801 0.059676
vt 1.359834 0.140525
vt 1.359834 -0.140525
vt 1.390962 -0.048597
vt 0.775061 0.000000
vt 0.790840 0.095869
vt 1.213851 0.263057
vt 0.296739 -0.057608
vt 1.100370 -0.294245
vt 1.189485 -0.270385
vt 1.266444 -0.217225
vt 1.322908 -0.140525
vt 1.352757 0.048597
vt 1.322908 0.140525
vt 1.266444 0.217225
vt 1.189485 0.270385
vt 1.100370 0.294245
vt 0.934935 -0.286219
vt 0.850750 -0.247176
vt 0.783116 -0.181348
vt 0.739364 -0.095869
vt 0.724233 -0.000000
vt 0.739364 0.095869
vt 0.934935 0.286219
vt 0.513560 -0.166582
vt 0.513560 0.166582
vt 1.153998 0.459263
vt 0.759788 0.323930
vt 1.249896 -0.140525
vt 1.277651 -0.048597
vt 1.277651 0.048597
vt 1.249896 0.140525
vt 1.197393 0.217225
vt 1.125832 0.270385
vt 1.042968 -0.294245
vt 1.125832 -0.270385
vt 0.849573 -0.286219
vt 0.771293 -0.247176
vt 0.708403 -0.181348
vt 0.667719 -0.095869
vt 0.653650 -0.000000
vt 0.667719 0.095869
vt 0.771293 0.247176
vt 0.849573 0.286219
vt 0.696109 0.444569
vt 1.062667 0.642941
vt 0.688848 -0.257503
vt 0.722530 0.166582
vt 0.696109 0.444569
vt 1.142790 -0.140525
vt 1.167694 -0.048597
vt 1.167694 0.048597
vt 1.142790 0.140525
vt 1.095680 0.217225
vt 1.031469 0.270385
vt 0.957116 -0.294245
vt 1.031469 -0.270385
vt 0.817474 -0.294245
vt 0.670796 -0.247176
vt 0.614366 -0.181348
vt 0.577861 -0.095869
vt 0.565237 0.000000
vt 0.577861 0.095869
vt 0.614366 0.181348
vt 0.670796 0.247176
vt 0.817474 0.294245
vt 0.613441 0.553082
vt 0.868325 -0.257503
vt 0.934769 0.057608
vt 1.018465 0.868325
vt 0.613441 0.553082
vt 0.678980 0.286219
vt 0.613495 0.247176
vt 0.560885 0.181348
vt 0.526851 0.095869
vt 0.515081 -0.000000
vt 0.526850 -0.095869
vt 0.560885 -0.181348
vt 0.678980 -0.286219
vt 0.750244 -0.294245
vt 0.476900 -0.113645
vt 0.973545 -0.270385
vt 0.904225 -0.294245
vt 0.904225 0.294245
vt 0.973545 0.270385
vt 1.033409 0.217225
vt 1.100549 0.048597
vt 1.100549 -0.048597
vt 1.077331 -0.140525
vt 0.514040 0.646507
vt 0.861653 1.024116
vt 0.514040 0.646508
vt 0.514040 0.214974
vt 0.663651 -0.181348
vt 0.723516 -0.247176
vt 0.798030 -0.286219
vt 0.798030 0.286219
vt 0.663651 0.181348
vt 0.624925 0.095869
vt 0.611532 -0.000000
vt 1.082348 -0.270385
vt 1.003470 -0.294245
vt 1.003470 0.294245
vt 1.082347 0.270385
vt 1.150466 0.217225
vt 1.226863 0.048597
vt 1.226863 -0.048597
vt 1.200443 -0.140525
vt 0.400618 -0.214974
vt 0.681338 1.151972
vt 0.400618 0.722298
vt 0.400618 0.214974
vt 0.705953 -0.095869
vt 0.748316 -0.181348
vt 0.813801 -0.247176
vt 0.895312 -0.286219
vt 0.813801 0.247176
vt 0.748316 0.181348
vt 0.705953 0.095869
vt 0.246622 0.000000
vt 1.236141 0.217225
vt 1.290810 0.140525
vt 1.319711 0.048597
vt 1.319711 -0.048597
vt 1.290810 -0.140525
vt 1.236141 -0.217225
vt 1.075342 -0.294245
vt 0.276267 -0.214974
vt 0.276267 0.778386
vt 0.276267 0.214974
vt 0.881888 0.247176
vt 0.812568 0.181348
vt 0.752216 -0.000000
vt 0.767724 -0.095869
vt 0.812568 -0.181348
vt 0.126264 0.000000
vt 1.376561 0.048597
vt 1.376561 -0.048597
vt 1.345968 -0.140525
vt 1.288097 -0.217225
vt 1.209219 -0.270385
vt 1.117882 -0.294245
vt 1.117882 0.294245
vt 1.209219 0.270385
vt 1.288097 0.217225
vt 0.144381 0.813242
vt 0.144381 0.214974
vt 0.808554 0.095869
vt 0.792611 0.000000
vt 0.808554 -0.095869
vt 1.395862 0.048597
vt 1.395862 -0.048597
vt 0.008557 -0.214974
vt 0.008557 0.825915
vt 0.042975 1.241284
vt 0.015557 0.910393
vt 0.008557 0.214974
vt 1.395862 -0.048597
vt 1.395862 0.048597
vt 0.808554 -0.095869
vt 0.792611 -0.000000
vt 0.808554 0.095869
vt -0.127501 0.816059
vt -0.169885 1.327554
vt -0.169885 0.257503
vt -0.169885 1.327554
vt 1.209219 -0.270385
vt 1.345968 -0.140525
vt 1.376561 -0.048597
vt 1.376561 0.048597
vt 1.345968 0.140525
vt 1.288097 0.217225
vt 1.209219 0.270385
vt 0.881888 -0.247176
vt 0.767724 -0.095869
vt 0.752216 0.000000
vt 0.767724 0.095869
vt 0.881888 0.247176
vt -0.362398 1.187982
vt -0.386076 -0.257503
vt -0.386076 1.281486
vt 1.290810 -0.140525
vt 1.319711 -0.048597
vt 1.319711 0.048597
vt 1.290810 0.140525
vt 0.813801 -0.247176
vt 0.748316 -0.181348
vt 0.705953 -0.095868
vt 0.691302 0.000000
vt 0.705953 0.095869
vt 0.748316 0.181348
vt 0.813801 0.247176
vt -0.385567 0.730443
vt -0.591736 -0.257503
vt -0.591736 0.257503
vt -0.552990 1.112131
vt -0.385567 0.730443
vt 1.200443 -0.140525
vt 1.226863 -0.048597
vt 1.226863 0.048597
vt 1.200443 0.140525
vt 1.150466 0.217225
vt 0.798030 -0.286219
vt 0.723516 -0.247176
vt 0.624925 -0.095869
vt 0.624925 0.095869
vt 0.663652 0.181348
vt 0.723516 0.247176
vt 0.798030 0.286219
vt -0.781255 1.086693
vt -0.819961 0.166582
vt -0.781255 1.086693
vt -0.500535 0.657019
vt 1.077331 -0.140525
vt 1.100549 -0.048597
vt 1.100549 0.048597
vt 1.077331 0.140525
vt 1.033409 0.217225
vt 0.973545 0.270385
vt 0.904225 -0.294245
vt 0.973545 -0.270385
vt 0.750244 -0.294245
vt 0.560885 -0.181348
vt 0.526851 -0.095869
vt 0.515081 0.000000
vt 0.526851 0.095869
vt 0.560885 0.181348
vt 0.613495 0.247176
vt 0.750244 0.294245
vt -1.022730 0.057608
vt -0.614366 -0.181348
vt -0.670796 -0.247176
vt -0.741036 -0.286219
vt -0.817474 -0.294245
vt -0.817474 0.294245
vt -0.741036 0.286219
vt -0.614366 0.181348
vt -0.577861 0.095869
vt -0.565237 -0.000000
vt -1.031469 -0.270385
vt -0.957117 -0.294245
vt -0.957117 0.294245
vt -1.031469 0.270385
vt -1.095680 0.217225
vt -1.167694 0.048597
vt -1.167694 -0.048597
vt 0.458896 -0.214974
vt -0.753642 0.510961
vt 0.458896 0.214974
vt -0.771293 0.247176
vt -0.708403 0.181348
vt -0.667719 0.095869
vt -0.653650 0.000000
vt -0.667719 -0.095869
vt -0.708403 -0.181348
vt -0.771293 -0.247176
vt 0.304477 0.000000
vt -1.125832 -0.270385
vt -1.042968 -0.294245
vt -1.042968 0.294245
vt -1.125832 0.270385
vt -1.197393 0.217225
vt -1.277651 0.048597
vt -1.277651 -0.048597
vt -1.249896 -0.140525
vt -1.204302 0.583881
vt -1.204302 0.583881
vt -0.752914 0.339602
vt 0.339602 0.214974
vt -0.850750 0.247176
vt -0.783116 0.181348
vt -0.739364 0.095869
vt -0.724233 0.000000
vt -0.739364 -0.095869
vt -0.783116 -0.181348
vt 0.187082 -0.000000
vt -1.266444 0.217225
vt -1.322908 0.140525
vt -1.352757 0.048597
vt -1.352757 -0.048597
vt -1.322908 -0.140525
vt -1.266444 -0.217225
vt -1.100370 -0.294245
vt -1.100370 0.294245
vt 0.211045 -0.214974
vt -1.283980 0.377696
vt -1.283980 0.377696
vt -0.798542 0.211045
vt -0.790840 0.095869
vt -0.775061 -0.000000
vt -0.790840 -0.095869
vt 0.067705 -0.113645
vt -1.390962 0.048597
vt -1.390962 -0.048597
vt -1.359834 -0.140525
vt -0.822388 0.076731
vt -1.328635 0.161209
vt -0.822388 0.076731
vt -0.059676 -0.214974
vt -1.014080 -0.059676
vt -1.337049 -0.059676
vt -0.059676 0.257503
vt -1.337049 -0.059676
vt -0.823801 -0.059676
vt -1.390962 0.048597
vt -1.359834 0.140525
vt -1.359834 -0.140525
vt -0.790840 -0.095869
vt -0.775061 0.000000
vt -0.790840 0.095869
vt -1.308991 -0.278933
vt -0.278933 -0.257503
vt -0.278933 0.257503
vt -1.308991 -0.278933
vt -1.322908 -0.140525
vt -1.352757 -0.048597
vt -1.352757 0.048597
vt -1.322908 0.140525
vt -1.266444 0.217225
vt -1.100370 0.294245
vt -1.100370 -0.294245
vt -0.850750 -0.247176
vt -0.783117 -0.181348
vt -0.739364 -0.095869
vt -0.724233 0.000000
vt -0.783117 0.181348
vt -0.850750 0.247176
vt -0.759788 -0.323931
vt -1.245227 -0.490582
vt -0.513560 -0.166582
vt -0.525707 0.057608
vt -1.245227 -0.490581
vt -0.759788 -0.323931
vt -1.249896 -0.140525
vt -1.277651 -0.048597
vt -1.277651 0.048597
vt -1.125832 0.270385
vt -1.042968 -0.294245
vt -0.849573 -0.286219
vt -0.771293 -0.247176
vt -0.708403 -0.181348
vt -0.667719 -0.095869
vt -0.667719 0.095869
vt -0.708403 0.181348
vt -0.771293 0.247176
vt -0.849573 0.286219
vt -0.696109 -0.444570
vt -1.147497 -0.688848
vt -0.688848 0.257503
vt -0.696109 -0.444569
vt -1.167694 -0.048597
vt -1.167694 0.048597
vt -1.142790 0.140525
vt -1.095680 0.217225
vt -1.031469 0.270385
vt -0.957116 -0.294245
vt -1.095680 -0.217225
vt -0.670796 -0.247176
vt -0.614366 -0.181348
vt -0.577861 -0.095869
vt -0.565237 0.000000
vt -0.577861 0.095869
vt -0.680334 -0.605147
vt -1.018466 -0.868325
vt -0.868325 0.257503
vt -1.018466 -0.868325
vt -0.678980 0.286219
vt -0.613495 0.247176
vt -0.560885 0.181348
vt -0.526851 0.095869
vt -0.515081 -0.000000
vt -0.526851 -0.095869
vt -0.560885 -0.181348
vt -0.678980 -0.286219
vt -0.750244 -0.294245
vt -0.476900 -0.113645
vt -0.904225 0.294245
vt -0.973545 0.270385
vt -1.033409 0.217225
vt -1.077331 0.140525
vt -1.100549 0.048597
vt -1.077331 -0.140525
vt -1.033409 -0.217225
vt -0.973545 -0.270385
vt -0.909583 -1.076181
vt -0.798030 -0.286219
vt -0.798030 0.286219
vt -0.723516 0.247176
vt -0.663651 0.181348
vt -0.611532 -0.000000
vt -0.624925 -0.095869
vt -0.663652 -0.181348
vt -0.370625 -0.113645
vt -1.003470 0.294245
vt -1.082348 0.270385
vt -1.150466 0.217225
vt -1.200443 0.140525
vt -1.226863 0.048597
vt -1.200443 -0.140525
vt -1.082348 -0.270385
vt -0.681338 -1.151972
vt -0.681338 -1.151972
vt -0.400618 -0.722298
vt -0.813801 0.247176
vt -0.748316 0.181348
vt -0.705953 0.095869
vt -0.691302 -0.000000
vt -0.705953 -0.095869
vt -0.748316 -0.181348
vt -0.813801 -0.247176
vt -1.075342 0.294245
vt -1.161626 0.270385
vt -1.236141 0.217225
vt -1.290810 0.140525
vt -1.319711 0.048597
vt -1.290810 -0.140525
vt -1.236141 -0.217225
vt -1.161626 -0.270385
vt -0.276267 -0.214974
vt -0.482437 -1.248405
vt -0.276267 -0.778386
vt -0.276267 0.214974
vt -0.881888 0.247176
vt -0.812568 0.181348
vt -0.767724 0.095869
vt -0.752216 -0.000000
vt -0.767724 -0.095869
vt -0.812568 -0.181348
vt -0.881888 -0.247176
vt -1.376561 0.048597
vt -1.376561 -0.048597
vt -1.345968 -0.140525
vt -1.288097 -0.217225
vt -1.209219 -0.270385
vt -1.117882 -0.294245
vt -1.117882 0.294245
vt -1.209219 0.270385
vt -1.288097 0.217225
vt -0.144381 -0.214974
vt -0.144381 0.214974
vt -0.808554 0.095868
vt -0.792611 -0.000000
vt -0.808554 -0.095869
vt -0.004028 -0.113645
vt -0.004028 0.113645
vt -1.395862 0.048597
vt -0.008557 -0.825915
vt -0.042975 -1.241284
vt -0.008557 -0.825915
vt -1.395862 -0.048597
vt -0.808554 -0.095869
vt -0.792611 0.000000
vt -0.808554 0.095869
vt 0.134501 -0.900537
vt 0.169885 -1.327554
vt 0.169885 -0.257503
vt 0.178818 0.057608
vt 0.169885 0.257503
vt 0.134501 -0.900537
vt -1.376561 -0.048597
vt -1.376561 0.048597
vt -1.345968 0.140525
vt -1.288097 0.217225
vt -1.209219 0.270385
vt -1.117882 -0.294245
vt -1.209219 -0.270385
vt -1.288097 -0.217225
vt -0.968172 -0.286219
vt -0.881888 -0.247176
vt -0.767724 -0.095869
vt -0.752216 -0.000000
vt -0.767724 0.095869
vt -0.881888 0.247176
vt -0.968172 0.286219
vt 0.260081 -0.783943
vt 0.386076 -0.257503
vt 0.386076 0.257503
vt 0.260081 -0.783943
vt -1.236141 -0.217225
vt -1.290810 -0.140525
vt -1.319711 -0.048597
vt -1.290810 0.140525
vt -1.236141 0.217225
vt -0.813801 -0.247176
vt -0.705953 -0.095868
vt -0.691302 0.000000
vt -0.705953 0.095869
vt -0.748316 0.181348
vt -0.813801 0.247176
vt 0.591736 -1.200462
vt 0.591736 -0.257503
vt 0.591736 0.257503
vt 0.385567 -0.730443
vt -1.200443 -0.140525
vt -1.226863 -0.048597
vt -1.226863 0.048597
vt -1.200443 0.140525
vt -1.003470 -0.294245
vt -1.082348 -0.270385
vt -0.798030 -0.286219
vt -0.723516 -0.247176
vt -0.663651 -0.181348
vt -0.624925 -0.095868
vt -0.611532 0.000000
vt -0.624925 0.095869
vt 0.781255 -1.086693
vt 0.781255 -0.257503
vt 0.819961 0.166582
vt 0.781255 -1.086693
vt 0.500535 -0.657019
vt -1.033409 -0.217225
vt -1.077331 -0.140525
vt -1.100549 -0.048597
vt -1.077331 0.140525
vt -1.033409 0.217225
vt -0.973545 0.270385
vt -0.750244 -0.294245
vt -0.678980 -0.286219
vt -0.613495 -0.247176
vt -0.560885 -0.181348
vt -0.526851 -0.095869
vt -0.515081 0.000000
vt -0.526851 0.095869
vt -0.613495 0.247176
vt -0.678980 0.286219
vt -0.750244 0.294245
vt 0.997393 -0.995346
vt 1.022730 -0.057608
vt 0.997393 0.166582
vt 0.949463 -0.943281
vt 0.670796 -0.247176
vt 0.817474 0.294245
vt 0.577861 0.095869
vt 0.565237 0.000000
vt 0.577861 -0.095869
vt -0.425215 0.113645
vt 1.167694 0.048597
vt 1.167694 -0.048597
vt 1.142790 -0.140525
vt 0.957117 -0.294245
vt 0.957116 0.294245
vt 1.031469 0.270385
vt 1.095680 0.217225
vt -0.458896 -0.214974
vt 1.091773 -0.774140
vt 0.753642 -0.510961
vt 0.708403 0.181348
vt 0.653650 0.000000
vt 0.667719 -0.095869
vt 0.708403 -0.181348
vt 0.849573 -0.286219
vt 1.042968 -0.294245
vt 1.042968 0.294245
vt 1.125832 0.270385
vt 1.277651 0.048597
vt 1.277651 -0.048597
vt 1.249896 -0.140525
vt -0.339602 -0.214974
vt 0.827465 -0.379947
vt 0.783116 0.181348
vt 0.739364 0.095869
vt 0.724233 -0.000000
vt 0.783116 -0.181348
vt 0.850750 -0.247176
vt -0.187082 0.000000
vt 1.100370 0.294245
vt 1.189485 0.270385
vt 1.352757 0.048597
vt 1.352757 -0.048597
vt 1.322908 -0.140525
vt -0.211045 -0.214974
vt 0.798542 -0.211045
vt 1.283980 -0.377696
vt 0.798542 -0.211045
vt 0.790840 -0.095869
vt 0.790840 0.095869
vt 1.359834 0.140525
vt 1.390962 0.048597
vt 1.390962 -0.048597
vt 1.359834 -0.140525
vt -0.076731 -0.214974
vt 0.822388 -0.076731
vt 1.328635 -0.161209
vt 1.328635 -0.161209
vt 0.822388 -0.076731
vt -0.076731 0.214974
s 1
f 1364/1/716 1369/2/719 1370/3/719
f 1401/4/736 1383/5/726 1409/6/736
f 1347/7/706 1345/8/707 1344/9/706
f 1426/10/746 1385/6/727 1386/4/727
f 1361/11/714 1365/2/717 1360/12/714
f 1389/13/729 1387/14/728 1390/15/728
f 1410/16/742 1418/17/743 1411/18/743
f 1443/10/756 1409/6/736 1438/19/756
f 1445/20/752 1431/21/751 1446/22/751
f 1436/23/754 1430/24/748 1427/25/748
f 1351/26/709 1360/12/714 1350/27/709
f 1415/28/715 1398/29/733 1362/30/715
f 1446/31/751 1420/32/732 1397/33/732
f 1349/34/708 1354/35/711 1355/36/711
f 1427/25/748 1423/19/746 1426/10/746
f 1444/25/755 1438/19/756 1437/24/755
f 1351/37/709 1342/38/705 1343/39/705
f 1358/40/713 1356/41/712 1359/42/712
f 1376/43/722 1408/44/737 1402/45/737
f 1394/46/730 1392/47/731 1391/48/730
f 1341/49/704 1375/50/722 1376/51/722
f 1355/26/711 1363/52/716 1364/1/716
f 1386/4/727 1377/5/723 1378/53/723
f 1390/15/728 1352/54/710 1353/55/710
f 1413/56/744 1437/24/755 1422/57/744
f 1372/58/720 1365/2/717 1366/3/717
f 1433/59/734 1398/29/733 1434/60/733
f 1410/61/742 1367/62/718 1419/63/742
f 1436/23/754 1442/64/753 1441/65/754
f 1374/58/721 1369/2/719 1373/66/721
f 1429/67/750 1440/68/749 1439/69/750
f 1378/53/723 1371/70/720 1372/58/720
f 1413/56/744 1421/71/745 1414/72/745
f 1374/58/721 1383/5/726 1384/73/726
f 1403/74/738 1408/44/737 1407/75/738
f 1381/76/725 1379/77/724 1382/78/724
f 1349/79/708 1338/80/703 1348/81/708
f 1343/79/705 1336/82/702 1337/83/702
f 1334/84/701 1332/85/700 1335/86/700
f 1331/87/699 1338/80/703 1339/88/703
f 1337/83/702 1328/89/697 1329/87/697
f 1397/90/732 1326/91/696 1327/92/696
f 1325/93/695 1330/89/698 1331/87/699
f 1323/94/694 1367/62/718 1368/95/718
f 1321/93/693 1328/89/697 1320/96/693
f 1325/93/695 1318/97/692 1324/98/695
f 1321/93/693 1316/97/691 1317/99/691
f 1315/100/690 1318/97/692 1319/101/692
f 1312/102/689 1310/103/688 1313/104/688
f 1309/100/687 1316/97/691 1308/105/687
f 1411/18/743 1340/106/704 1341/107/704
f 1307/108/686 1314/105/690 1315/100/690
f 1305/109/685 1352/54/710 1304/110/685
f 1303/108/684 1308/105/687 1302/111/684
f 1300/112/683 1298/113/682 1301/114/682
f 1297/115/681 1306/111/686 1307/108/686
f 1295/116/680 1356/41/712 1294/117/680
f 1303/108/684 1396/118/679 1293/115/679
f 1327/92/696 1388/119/729 1389/13/729
f 1292/120/678 1296/118/681 1297/115/681
f 1412/121/739 1396/118/679 1404/122/739
f 1414/72/745 1291/123/678 1292/120/678
f 1412/121/739 1442/64/753 1435/124/753
f 1290/125/677 1379/126/724 1289/127/677
f 1445/128/752 1417/129/735 1432/130/752
f 1347/7/706 1287/131/676 1288/132/676
f 1286/133/675 1407/75/738 1285/134/675
f 1283/135/674 1281/136/673 1284/137/673
f 1280/138/672 1417/129/735 1400/139/735
f 1301/114/682 1277/140/671 1278/141/671
f 1276/142/670 1285/134/675 1275/143/670
f 1274/144/669 1279/145/672 1280/138/672
f 1272/146/667 1270/147/668 1269/148/667
f 1268/149/666 1275/143/670 1267/150/666
f 1358/151/713 1265/152/665 1357/153/713
f 1274/144/669 1263/154/664 1273/155/669
f 1268/149/666 1261/156/663 1262/157/663
f 1259/158/661 1257/159/660 1260/160/662
f 1256/161/659 1263/154/664 1264/162/664
f 1262/157/663 1253/163/657 1254/164/658
f 1252/165/656 1289/127/677 1251/166/656
f 1256/167/659 1249/168/655 1255/169/659
f 1416/170/654 1399/171/734 1433/59/734
f 1254/164/658 1246/172/653 1247/173/653
f 1245/174/652 1249/175/655 1250/176/655
f 1243/177/651 1246/172/653 1242/178/651
f 1241/179/650 1244/180/652 1245/181/652
f 1239/182/236 1237/183/649 1236/184/236
f 1235/185/648 1242/186/651 1234/187/648
f 1266/188/665 1362/189/715 1265/152/665
f 1241/179/650 1232/190/647 1240/191/650
f 1278/141/671 1230/192/646 1231/193/646
f 1235/194/648 1228/195/645 1229/196/645
f 1227/197/280 1225/198/644 1224/199/280
f 1223/200/643 1232/190/647 1233/201/647
f 1221/202/642 1281/136/673 1220/203/641
f 1219/204/640 1228/195/645 1218/205/640
f 1252/206/656 1299/207/683 1300/112/683
f 1217/208/639 1222/209/643 1223/200/643
f 1215/210/638 1218/211/640 1214/212/638
f 1305/109/685 1216/213/639 1217/208/639
f 1323/94/694 1214/212/638 1322/214/694
f 1213/215/637 1332/216/700 1212/217/636
f 1211/218/635 1380/219/725 1381/76/725
f 1295/116/680 1208/220/634 1209/221/634
f 1207/222/633 1210/223/635 1211/218/635
f 1227/197/280 1204/224/632 1205/225/632
f 1209/221/634 1202/226/631 1203/227/631
f 1201/228/630 1206/229/633 1207/222/633
f 1313/104/688 1198/230/629 1199/231/629
f 1203/227/631 1196/232/628 1197/233/628
f 1195/234/627 1282/235/674 1283/236/674
f 1193/237/626 1200/238/630 1201/228/630
f 1197/233/628 1190/239/625 1191/240/625
f 1193/237/626 1188/241/624 1192/242/626
f 1191/240/625 1186/243/622 1187/244/623
f 1185/245/621 1212/217/636 1184/246/621
f 1183/247/620 1188/241/624 1189/248/624
f 1346/249/707 1180/250/619 1345/8/707
f 1187/244/623 1178/251/618 1179/252/618
f 1177/253/616 1175/254/617 1174/255/616
f 1173/256/615 1182/257/620 1183/258/620
f 1424/259/747 1439/260/750 1406/261/741
f 1179/252/618 1170/262/614 1171/263/614
f 1169/165/613 1172/264/615 1173/256/615
f 1171/265/614 1166/266/612 1167/267/612
f 1288/268/676 1194/269/627 1195/234/627
f 1169/270/613 1164/271/611 1168/272/613
f 1205/225/632 1162/273/610 1163/274/610
f 1167/267/612 1160/275/609 1161/276/609
f 1158/277/608 1156/278/607 1159/279/607
f 1155/280/606 1164/271/611 1165/281/611
f 1161/282/609 1152/283/605 1153/284/605
f 1185/285/621 1225/198/644 1226/286/644
f 1155/280/606 1150/287/604 1154/288/606
f 1148/289/603 1146/290/195 1149/291/195
f 1153/284/605 1144/292/602 1145/293/602
f 1231/193/646 1150/287/604 1151/294/604
f 1145/293/602 1248/295/654 1416/170/654
f 1142/296/601 1140/297/600 1143/298/600
f 1334/84/701 1138/299/599 1333/300/701
f 1137/301/598 1391/302/730 1136/303/598
f 1135/304/597 1220/203/641 1134/305/597
f 1133/306/596 1236/184/236 1132/307/596
f 1139/308/599 1130/309/595 1138/299/599
f 1135/304/597 1128/310/594 1129/311/594
f 1127/312/593 1156/278/607 1126/313/593
f 1131/314/595 1124/315/592 1130/309/595
f 1123/316/591 1128/310/594 1122/317/591
f 1125/318/592 1120/319/590 1124/315/592
f 1428/320/749 1405/321/740 1440/68/749
f 1123/316/591 1118/322/589 1119/323/589
f 1121/324/590 1116/325/588 1120/319/590
f 1119/323/589 1114/326/587 1115/327/587
f 1113/328/586 1311/329/689 1312/102/689
f 1111/330/585 1116/325/588 1117/331/588
f 1137/301/598 1108/332/584 1109/333/584
f 1107/334/583 1114/326/587 1106/335/583
f 1272/336/667 1104/337/582 1105/338/582
f 1111/339/585 1102/217/580 1110/340/585
f 1101/341/578 1099/342/579 1098/343/578
f 1107/334/583 1096/344/577 1097/345/577
f 1103/346/581 1094/347/576 1102/217/580
f 1093/348/575 1096/349/577 1092/350/575
f 1091/351/574 1132/307/596 1090/352/574
f 1095/353/576 1088/354/573 1094/355/576
f 1199/231/629 1405/356/740 1425/357/740
f 1087/358/572 1092/350/575 1086/359/572
f 1085/360/123 1088/354/573 1089/361/573
f 1082/362/571 1080/363/570 1083/364/570
f 1079/365/569 1086/366/572 1078/367/569
f 1076/368/568 1074/369/567 1077/370/567
f 1073/371/566 1084/372/123 1085/360/123
f 1238/373/649 1108/374/584 1237/183/649
f 1079/365/569 1070/375/565 1071/376/565
f 1073/371/566 1162/273/610 1072/377/566
f 1181/378/619 1070/375/565 1180/250/619
f 1069/379/564 1140/297/600 1068/380/564
f 1393/381/731 1066/382/563 1392/47/731
f 1260/383/662 1064/384/562 1065/385/562
f 1063/386/561 1406/261/741 1395/387/561
f 1062/388/560 1146/290/195 1061/389/560
f 1067/390/563 1059/391/559 1066/382/563
f 1058/392/557 1056/393/558 1055/394/557
f 1063/386/561 1053/395/556 1054/396/556
f 1052/397/554 1050/398/555 1049/399/554
f 1060/400/559 1047/401/553 1059/391/559
f 1054/396/556 1045/402/552 1046/403/552
f 1044/404/551 1047/401/553 1048/405/553
f 1271/406/668 1041/407/549 1270/147/668
f 1040/408/548 1045/402/552 1039/409/548
f 1044/404/551 1037/410/547 1043/411/551
f 1036/412/544 1034/413/545 1033/414/544
f 1032/415/543 1039/409/548 1031/416/543
f 1030/417/542 1157/418/608 1158/277/608
f 1038/419/547 1027/420/541 1037/410/547
f 1026/421/540 1064/384/562 1025/422/540
f 1024/423/539 1031/416/543 1023/424/539
f 1022/425/538 1027/426/541 1028/427/541
f 1020/428/537 1023/429/539 1019/430/537
f 1017/431/536 1015/432/535 1018/433/535
f 1014/333/534 1021/434/538 1022/425/538
f 1020/428/537 1011/435/533 1012/436/533
f 1062/388/560 1009/437/532 1010/438/532
f 1008/439/531 1013/440/534 1014/441/534
f 1042/442/550 1126/313/593 1041/443/549
f 1006/444/530 1011/445/533 1005/446/530
f 1058/447/557 1003/448/528 1004/449/529
f 1008/439/531 1001/450/86 1007/451/531
f 999/452/527 997/453/526 1000/454/526
f 1006/444/530 995/455/525 996/456/525
f 1002/457/86 993/458/523 1001/450/86
f 1026/459/540 1147/460/603 1148/289/603
f 996/456/525 991/461/522 992/462/522
f 1091/351/574 993/458/523 994/463/524
f 1113/328/586 991/461/522 1112/464/586
f 990/465/521 1098/343/578 989/466/520
f 1259/158/661 987/467/519 1258/468/661
f 986/469/517 984/470/518 983/471/517
f 982/472/516 1104/337/582 981/473/516
f 980/474/515 987/467/519 988/475/519
f 978/476/514 997/453/526 977/477/514
f 982/472/516 975/478/513 976/479/513
f 974/480/512 979/481/515 980/474/515
f 1077/370/567 971/482/510 972/483/511
f 976/479/513 969/484/509 970/485/509
f 1057/486/558 967/487/508 1056/393/558
f 966/488/507 973/489/512 974/480/512
f 964/490/506 969/484/509 963/491/506
f 962/492/505 965/493/507 966/488/507
f 964/490/506 959/494/504 960/495/504
f 958/496/503 989/497/520 957/498/503
f 956/499/502 961/500/505 962/492/505
f 954/501/501 1141/502/601 1142/296/601
f 952/503/500 959/494/504 951/504/500
f 950/505/498 948/506/499 947/507/498
f 946/385/497 955/508/502 956/509/502
f 1083/510/570 943/511/496 944/512/496
f 942/406/495 951/513/500 941/147/495
f 946/385/497 939/514/494 945/515/497
f 938/516/493 941/147/495 937/517/493
f 1069/379/564 967/518/508 968/519/508
f 936/520/492 939/521/494 940/522/494
f 978/476/514 933/523/491 934/524/491
f 938/525/493 931/526/490 932/527/490
f 929/528/489 927/529/488 930/530/488
f 926/531/48 935/532/492 936/520/492
f 924/533/487 931/526/490 923/534/487
f 958/496/503 998/535/527 999/536/527
f 926/531/48 921/537/486 925/538/48
f 919/539/485 917/540/484 920/541/484
f 924/533/487 915/542/483 916/543/483
f 922/544/486 1009/437/532 921/537/486
f 1030/417/542 915/542/483 1029/545/542
f 1100/546/579 913/547/482 1099/342/579
f 912/548/481 1174/255/616 911/549/481
f 1004/449/529 909/550/480 910/551/480
f 1018/433/535 907/552/479 908/553/479
f 914/554/482 905/555/478 913/547/482
f 904/556/477 909/550/480 903/557/477
f 902/558/476 927/529/488 901/559/476
f 900/560/475 905/555/478 906/561/478
f 898/562/474 903/557/477 897/563/474
f 900/560/475 895/564/473 899/565/475
f 1082/362/571 893/566/472 1081/567/571
f 892/568/471 897/563/474 891/569/471
f 896/570/473 889/571/470 895/564/473
f 888/572/469 891/569/471 887/573/469
f 1076/368/568 885/574/468 1075/575/568
f 884/576/467 889/571/470 890/577/470
f 882/578/466 911/579/481 881/580/466
f 880/581/465 887/573/469 879/582/464
f 878/583/463 1049/399/554 877/584/462
f 884/576/467 875/585/461 883/586/467
f 874/587/459 872/588/460 871/589/459
f 870/590/458 879/591/464 869/592/458
f 868/593/457 875/594/461 876/595/461
f 870/590/458 865/596/456 866/597/456
f 864/598/455 907/552/479 863/599/455
f 862/600/454 867/601/457 868/593/457
f 972/483/511 893/602/472 894/603/472
f 860/604/453 865/605/456 859/606/453
f 858/607/452 861/608/454 862/609/454
f 856/610/450 854/611/451 853/612/450
f 852/613/449 859/606/453 851/614/449
f 849/615/448 847/616/447 850/617/447
f 846/618/446 857/619/452 858/607/452
f 882/578/466 1016/620/536 1017/621/536
f 852/613/449 843/622/445 844/623/445
f 934/524/491 845/624/446 846/618/446
f 954/501/501 843/622/445 953/625/501
f 842/626/443 840/627/444 839/628/443
f 838/629/442 1175/254/617 1176/630/617
f 836/631/441 1033/414/544 835/632/441
f 834/633/440 943/511/496 833/634/440
f 832/635/439 917/540/484 831/636/439
f 830/637/438 837/638/442 838/629/442
f 834/633/440 827/639/437 828/640/437
f 856/610/450 825/641/436 826/642/436
f 830/637/438 823/643/435 829/644/438
f 822/645/434 827/639/437 821/646/434
f 820/647/433 823/643/435 824/648/435
f 1051/649/555 817/650/432 1050/398/555
f 816/651/431 821/646/434 815/652/431
f 820/647/433 813/653/430 819/654/433
f 816/651/431 811/655/428 812/656/429
f 810/657/427 928/658/489 929/528/489
f 808/659/426 813/653/430 814/660/430
f 806/661/425 835/662/441 805/663/425
f 812/656/429 803/664/424 804/665/424
f 986/469/517 801/666/423 802/667/423
f 800/668/422 807/669/426 808/659/426
f 797/667/421 795/471/419 798/670/419
f 794/671/418 803/672/424 793/673/418
f 800/674/422 791/580/417 799/675/422
f 794/671/418 789/676/416 790/677/416
f 832/635/439 787/678/415 788/679/415
f 792/680/417 785/681/414 791/580/417
f 818/682/432 901/559/476 817/683/432
f 790/684/416 783/685/412 784/686/413
f 782/687/411 785/688/414 786/689/414
f 779/631/410 777/690/409 780/691/409
f 784/686/413 775/692/408 776/693/408
f 774/694/406 772/695/407 771/696/406
f 782/687/411 769/697/405 781/698/411
f 806/661/425 918/699/485 919/700/485
f 768/701/404 775/692/408 767/702/404
f 864/598/455 769/697/405 770/703/405
f 886/704/468 767/702/404 885/574/468
f 842/617/443 765/705/403 766/706/403
f 1035/707/546 763/708/402 1034/413/545
f 950/505/498 761/709/401 762/710/401
f 878/711/463 759/712/400 760/713/400
f 758/714/399 847/715/447 757/716/399
f 764/717/402 755/718/398 763/708/402
f 753/719/397 751/507/396 754/505/396
f 760/713/400 749/720/395 750/721/395
f 747/548/394 745/722/393 748/723/393
f 756/724/398 743/725/392 755/718/398
f 742/726/391 749/720/395 741/727/391
f 744/728/392 739/729/390 743/725/392
f 985/730/518 737/731/389 984/470/518
f 742/726/391 735/732/388 736/733/388
f 740/734/390 733/735/387 739/729/390
f 731/736/386 729/737/385 732/738/385
f 728/739/384 735/732/388 727/740/384
f 855/741/451 725/742/383 854/611/451
f 724/743/382 733/735/387 734/744/387
f 722/745/381 761/746/401 721/747/381
f 720/748/380 727/749/384 719/750/380
f 718/751/379 723/752/382 724/743/382
f 720/748/380 715/753/378 716/754/378
f 713/755/377 711/756/376 714/530/376
f 710/757/375 717/758/379 718/759/379
f 716/754/378 707/760/374 708/761/374
f 706/762/373 757/716/399 705/763/373
f 704/764/372 709/765/375 710/757/375
f 738/766/389 825/641/436 737/731/389
f 702/767/371 707/768/374 701/769/371
f 754/505/396 699/770/370 700/771/370
f 698/772/369 703/773/372 704/774/372
f 696/775/367 694/776/368 693/777/367
f 702/767/371 691/778/366 692/779/366
f 698/772/369 689/780/365 697/781/369
f 722/782/381 848/783/448 849/615/448
f 688/784/364 691/778/366 687/785/364
f 690/786/365 787/678/415 689/780/365
f 688/784/364 809/787/427 810/657/427
f 798/670/419 685/470/363 686/788/363
f 949/771/499 683/789/362 948/506/499
f 682/790/361 801/666/423 681/791/361
f 680/792/360 683/789/362 684/793/362
f 696/775/367 677/794/359 678/795/359
f 676/796/358 681/797/361 675/798/358
f 674/799/357 679/800/360 680/792/360
f 774/694/406 671/801/356 672/802/356
f 676/796/358 669/803/355 670/804/355
f 668/805/354 752/806/397 753/807/397
f 674/799/357 665/808/353 673/809/357
f 670/804/355 663/810/352 664/811/352
f 662/812/351 665/808/353 666/813/353
f 664/814/352 659/815/349 660/816/350
f 686/788/363 657/731/348 658/766/348
f 656/817/347 661/818/351 662/812/351
f 841/819/444 653/820/346 840/627/444
f 660/816/350 651/821/345 652/822/345
f 649/823/344 647/824/342 650/825/342
f 646/826/341 655/827/347 656/817/347
f 780/691/409 643/413/340 644/828/340
f 652/822/345 641/829/339 642/830/339
f 640/831/338 645/832/341 646/833/341
f 642/830/339 637/834/337 638/835/337
f 668/836/354 765/705/403 667/837/354
f 640/838/338 635/839/336 639/840/338
f 678/795/359 633/841/335 634/842/335
f 632/843/334 637/834/337 631/844/334
f 629/845/333 627/846/332 630/847/332
f 626/848/331 635/839/336 636/849/336
f 624/850/330 631/844/334 623/851/330
f 695/852/368 657/731/348 694/776/368
f 626/853/331 621/854/329 625/855/331
f 619/856/328 617/857/327 620/858/327
f 624/850/330 615/859/326 616/860/326
f 622/861/329 705/763/373 621/854/329
f 616/860/326 725/742/383 726/862/383
f 614/863/324 612/864/325 611/865/324
f 610/866/323 796/867/420 797/667/421
f 874/587/459 607/868/322 608/869/322
f 700/771/370 605/870/321 606/871/321
f 604/872/320 711/756/376 603/658/320
f 602/873/319 609/874/323 610/875/323
f 600/792/318 605/870/321 599/876/318
f 630/847/332 597/877/317 598/878/317
f 596/879/316 601/880/319 602/873/319
f 600/792/318 593/881/315 594/799/315
f 596/879/316 591/882/314 595/883/316
f 590/884/313 778/885/410 779/886/410
f 594/799/315 587/887/312 588/888/312
f 592/889/314 585/890/311 591/891/314
f 584/812/310 587/887/312 583/892/310
f 773/893/407 581/894/309 772/695/407
f 580/895/308 585/890/311 586/816/311
f 608/869/322 577/896/307 578/897/307
f 576/817/306 583/892/310 575/827/306
f 748/723/393 573/898/305 574/899/305
f 580/895/308 571/829/304 579/821/308
f 569/900/303 567/901/302 570/902/302
f 576/817/306 565/903/301 566/904/301
f 572/905/304 563/834/300 571/829/304
f 562/906/299 565/907/301 561/908/299
f 604/872/320 559/909/298 560/910/298
f 564/835/300 557/911/297 563/834/300
f 672/912/356 589/913/313 590/884/313
f 562/914/299 555/915/296 556/916/296
f 554/917/295 557/911/297 558/918/297
f 556/916/296 551/919/294 552/848/294
f 554/917/295 549/920/293 553/921/295
f 713/755/377 577/683/307 712/922/377
f 548/923/292 551/924/294 547/925/292
f 550/926/293 633/841/335 549/920/293
f 654/927/346 547/925/292 653/820/346
f 614/863/324 545/928/291 546/929/291
f 873/930/460 543/931/290 872/932/460
f 732/933/385 541/934/289 542/935/289
f 540/936/288 643/413/340 539/937/288
f 538/938/287 617/857/327 537/939/287
f 536/940/286 543/931/290 544/941/290
f 534/942/283 532/466/284 531/943/283
f 530/944/282 539/937/288 529/945/282
f 527/946/281 525/947/280 528/948/280
f 536/940/286 523/949/279 535/950/286
f 522/951/278 529/945/282 521/952/278
f 520/953/277 523/949/279 524/954/279
f 747/955/394 517/956/276 746/957/394
f 516/958/275 521/952/278 515/959/275
f 514/960/274 519/961/277 520/953/277
f 511/962/272 509/963/270 512/964/270
f 508/965/269 515/959/275 507/735/268
f 506/966/267 628/967/333 629/845/333
f 514/968/274 503/969/266 513/970/273
f 502/971/265 541/934/289 501/972/265
f 500/973/264 507/735/268 499/974/264
f 504/975/266 497/976/263 503/969/266
f 496/751/262 499/974/264 495/977/262
f 498/978/263 493/979/261 497/976/263
f 492/980/260 495/981/262 491/982/260
f 538/938/287 489/983/259 490/984/259
f 494/985/261 487/986/258 493/768/261
f 518/987/276 597/988/317 517/956/276
f 492/980/260 485/989/257 486/990/257
f 534/942/283 483/991/256 484/992/256
f 488/993/258 481/994/255 487/986/258
f 479/995/254 477/996/253 480/997/253
f 486/998/257 475/999/252 476/1000/252
f 474/1001/251 481/994/255 482/779/255
f 619/856/328 501/602/265 618/1002/328
f 472/1003/250 475/999/252 471/1004/250
f 560/910/298 473/785/251 474/1001/251
f 472/1003/250 581/894/309 582/1005/309
f 470/1006/249 567/1007/302 469/1008/249
f 468/1009/248 730/1010/386 731/736/386
f 528/948/280 465/1011/247 466/1012/247
f 464/1013/246 573/898/305 463/1014/246
f 461/1015/244 459/1016/243 462/1017/245
f 468/1009/248 457/1018/242 467/1019/248
f 480/997/253 455/1020/241 456/1021/241
f 454/1022/240 463/1014/246 453/1023/240
f 452/1024/239 457/1018/242 458/1025/242
f 449/1026/238 447/1027/236 450/1028/236
f 446/1029/235 453/1023/240 445/1030/235
f 444/1031/234 532/1032/284 533/1033/285
f 442/1034/233 451/1035/239 452/1024/239
f 440/1036/232 445/1030/235 439/1037/232
f 437/1038/231 435/1039/230 438/1040/230
f 434/1041/229 441/1042/233 442/1034/233
f 432/1043/228 439/1037/232 431/1044/228
f 470/1006/249 429/1045/227 430/1046/227
f 434/1041/229 427/1047/226 433/1048/229
f 426/1049/225 612/864/325 613/1050/325
f 432/1043/228 423/1051/224 424/659/224
f 422/1052/223 427/1053/226 428/1054/226
f 420/1055/222 423/1051/224 419/1056/222
f 418/1057/221 421/1058/223 422/1052/223
f 415/1059/220 413/1060/219 416/1061/219
f 420/1062/222 411/956/218 412/1063/218
f 546/1064/291 443/1065/234 444/1031/234
f 410/1066/217 417/1067/221 418/684/221
f 408/1068/215 455/1020/241 407/1069/215
f 412/1063/218 405/988/214 406/1070/214
f 403/1071/213 401/1072/212 404/1073/212
f 400/1074/211 409/1075/216 410/1066/217
f 462/160/245 397/468/210 398/1076/210
f 396/1077/209 405/1078/214 395/1079/209
f 430/1080/227 478/1081/254 479/995/254
f 400/1074/211 393/1082/208 399/1083/211
f 392/1084/207 395/1079/209 391/1085/207
f 490/984/259 393/1082/208 394/1086/208
f 506/966/267 391/1085/207 505/1087/267
f 390/1088/206 509/1089/270 389/1090/206
f 569/900/303 387/1091/205 568/1092/303
f 450/1028/236 385/1093/204 386/1094/204
f 484/992/256 383/1095/203 384/1096/203
f 381/1097/202 379/1098/201 382/1099/201
f 388/1100/205 377/1101/200 387/1091/205
f 404/1073/212 375/1102/199 376/1103/199
f 374/1104/198 383/1095/203 373/1105/198
f 372/1106/197 377/1101/200 378/1107/200
f 369/1108/196 367/1109/195 370/1110/195
f 366/1111/194 373/1105/198 365/1112/194
f 364/1113/193 460/1114/244 461/1015/244
f 372/1106/197 361/1115/192 371/1116/197
f 366/1111/194 359/1117/191 360/1118/191
f 358/1119/189 356/1120/190 355/1121/189
f 362/1122/192 353/1123/188 361/1115/192
f 352/1124/187 359/1117/191 351/1125/187
f 350/1126/186 389/1090/206 349/1127/186
f 354/1128/188 347/1129/185 353/1123/188
f 346/1130/184 526/1131/281 527/946/281
f 352/1124/187 343/1132/183 344/1133/183
f 342/1134/182 347/1007/185 348/1135/185
f 340/1136/181 343/1132/183 339/585/181
f 342/1134/182 337/1137/180 341/1138/182
f 336/1139/178 334/1140/179 333/1141/178
f 340/1033/181 331/1142/177 332/1143/177
f 364/1144/193 465/1011/247 363/1145/193
f 338/1146/180 329/1147/176 337/605/180
f 376/1103/199 327/1148/175 328/1149/175
f 326/1150/174 331/1142/177 325/1151/174
f 323/1152/173 321/1153/172 324/1154/172
f 330/1155/176 319/1156/171 329/1147/176
f 318/1157/170 379/1158/201 317/1159/170
f 326/1160/174 315/1161/169 316/1162/169
f 350/1163/186 402/1164/213 403/1071/213
f 320/1165/171 313/1166/168 319/1156/171
f 316/1162/169 311/1167/167 312/1168/167
f 408/1068/215 313/1166/168 314/1169/168
f 312/1168/167 425/1170/225 426/1049/225
f 310/1171/166 435/1172/230 309/1173/166
f 308/1174/165 510/1175/271 511/962/272
f 370/1110/195 305/1176/164 306/1177/164
f 398/1076/210 303/1178/163 304/475/163
f 302/1179/160 300/1180/161 299/1181/160
f 298/1182/159 307/1183/165 308/1174/165
f 296/1184/158 321/1153/172 295/1185/158
f 304/475/163 293/1186/157 294/1187/157
f 292/1188/156 297/1189/159 298/1182/159
f 289/1190/155 287/1191/154 290/1192/154
f 294/1187/157 285/1193/153 286/1194/153
f 381/1097/202 283/1195/152 380/1196/202
f 282/1197/151 291/1198/156 292/1188/156
f 280/488/150 285/1193/153 279/1199/150
f 277/1200/149 275/1201/147 278/1202/147
f 282/1197/151 273/1203/145 281/1204/151
f 280/488/150 271/1205/143 272/1206/144
f 310/1171/166 269/1207/142 270/1208/142
f 274/1209/146 267/1210/141 273/1203/145
f 266/1211/140 448/1212/237 449/1026/238
f 272/1206/144 263/1213/138 264/1214/139
f 262/1215/137 267/1216/141 268/1217/141
f 264/1218/139 259/1219/135 260/1220/135
f 258/1221/134 261/1222/136 262/1215/137
f 255/1223/133 253/1224/132 256/1225/132
f 260/1220/135 251/1226/131 252/1227/131
f 284/1228/152 385/1093/204 283/1229/152
f 258/1230/134 249/1231/130 257/1232/134
f 248/1233/129 295/1185/158 247/1234/129
f 252/1235/131 245/1236/128 246/1237/128
f 244/7/126 242/1238/127 241/1239/126
f 240/1240/125 249/1231/130 250/527/130
f 302/1241/160 237/1242/124 238/1243/124
f 236/1244/123 245/1236/128 235/1245/123
f 323/1152/173 269/1246/142 322/1247/173
f 234/1248/122 239/1249/125 240/1240/125
f 236/1244/123 231/1250/121 232/1251/121
f 328/1149/175 233/542/122 234/1248/122
f 346/1130/184 231/1250/121 345/1252/184
f 358/1119/189 229/1253/120 230/1254/120
f 437/1038/231 227/1255/119 436/1256/231
f 226/1257/117 224/1258/118 223/1259/117
f 318/1157/170 221/1260/116 222/1261/116
f 220/1262/115 227/1255/119 228/1263/119
f 244/7/126 217/1264/114 218/1265/114
f 222/1261/116 215/1266/113 216/1267/113
f 214/1268/112 219/1269/115 220/1262/115
f 336/1139/178 211/1270/111 212/1271/111
f 210/1272/110 215/1266/113 209/1273/110
f 301/1274/162 207/1275/109 300/1180/161
f 206/1276/108 213/1277/112 214/1268/112
f 210/1272/110 203/1278/107 204/1279/107
f 202/1280/106 205/1281/108 206/1276/108
f 204/1279/107 199/1282/104 200/1283/105
f 198/1284/103 229/1285/120 197/1286/103
f 202/1280/106 195/1287/102 201/1288/106
f 369/1108/196 193/1289/101 368/1290/196
f 200/1283/105 191/1291/100 192/1292/100
f 190/1257/98 188/1293/99 187/1294/98
f 196/1295/102 185/1173/97 195/1296/102
f 416/1297/219 183/1298/96 184/1299/96
f 192/1099/100 181/1300/95 182/1301/95
f 186/1302/97 179/1303/94 185/1173/97
f 178/1304/93 181/1300/95 177/1305/93
f 208/1306/109 305/1176/164 207/1307/109
f 180/1308/94 175/1309/92 179/1310/94
f 174/1311/91 217/1264/114 173/1312/91
f 172/1313/90 177/1314/93 171/1315/90
f 169/1316/89 167/1317/88 170/1318/88
f 166/1319/87 175/1309/92 176/1320/92
f 164/1321/86 171/1315/90 163/1322/86
f 243/1323/127 197/1286/103 242/1324/127
f 166/1319/87 161/1325/85 165/1326/87
f 160/1327/83 158/1328/84 157/1329/83
f 164/1321/86 155/1330/82 156/1331/82
f 248/1233/129 161/1325/85 162/1332/85
f 156/1331/82 265/1333/140 266/1211/140
f 154/1334/81 356/1120/190 357/1335/190
f 650/825/342 151/1336/80 152/1337/80
f 150/1338/79 237/1242/124 149/1339/79
f 256/1225/132 147/1340/78 148/1341/78
f 146/1342/77 153/1343/81 154/1334/81
f 144/1344/76 149/1339/79 143/1345/76
f 170/1318/88 141/1346/75 142/1347/75
f 146/1342/77 139/1348/74 145/1349/77
f 138/1350/73 143/1345/76 137/1351/73
f 136/1352/72 139/1348/74 140/1353/74
f 134/1354/71 414/1355/220 415/1059/220
f 132/1356/70 137/1351/73 131/1357/70
f 136/1352/72 129/1358/68 135/1359/72
f 128/1360/67 131/1357/70 127/1361/67
f 126/1362/66 334/1140/179 335/1363/179
f 130/1364/69 123/1365/65 129/1358/68
f 152/1366/80 121/1367/64 122/1368/64
f 128/1360/67 119/1369/63 120/1370/63
f 118/1371/62 287/1372/154 117/1373/62
f 116/1374/61 123/1365/65 124/1375/65
f 114/1376/59 112/1377/60 111/1378/59
f 110/1379/58 119/1380/63 109/1180/57
f 108/1381/56 115/1382/61 116/1383/61
f 106/1384/55 109/1180/57 105/1385/55
f 148/1341/78 103/1386/54 104/1387/54
f 102/1388/53 107/1389/56 108/1381/56
f 134/1390/71 211/1270/111 133/1391/71
f 106/1392/55 99/1393/52 100/1394/52
f 98/365/51 101/1395/53 102/1396/53
f 95/1397/50 93/1398/49 96/1399/49
f 92/1400/48 99/1393/52 91/1401/48
f 89/1402/47 87/1398/46 90/1399/46
f 98/365/51 85/1403/45 97/1404/51
f 122/1368/64 254/1405/133 255/1406/133
f 92/1400/48 83/1407/44 84/1408/44
f 86/1409/45 173/1312/91 85/1403/45
f 84/1408/44 193/1289/101 194/1410/101
f 82/1411/42 80/1412/43 79/1413/42
f 78/1414/41 648/1415/343 649/823/344
f 76/1416/40 275/1201/147 75/1417/40
f 74/1418/39 183/1298/96 73/1419/39
f 72/1420/38 157/1421/83 71/1422/38
f 70/1423/37 77/1424/41 78/1414/41
f 74/1418/39 67/1425/36 68/222/36
f 96/1399/49 65/1426/35 66/1402/35
f 64/1427/34 69/1428/37 70/1423/37
f 68/222/36 61/1429/33 62/228/33
f 60/1430/32 63/1431/34 64/1427/34
f 58/1432/31 288/1433/155 289/1434/155
f 62/228/33 55/1435/30 56/1436/30
f 54/1437/29 59/1438/32 60/1430/32
f 56/1436/30 51/1439/28 52/1440/28
f 50/1441/27 168/1442/89 169/1316/89
f 54/1437/29 47/1443/26 53/1444/29
f 46/1445/25 75/1446/40 45/1447/25
f 52/1440/28 43/1448/24 44/1449/24
f 226/1257/117 41/1293/22 42/1450/23
f 40/1451/21 47/1443/26 48/1452/26
f 38/1453/19 36/1454/20 35/1372/19
f 34/1455/18 43/1456/24 33/1457/18
f 40/1458/21 31/1459/17 39/1460/21
f 30/1354/16 33/1457/18 29/1461/16
f 28/1462/15 71/1422/38 27/1463/15
f 32/1464/17 25/1465/14 31/1459/17
f 58/1432/31 141/1346/75 57/1466/31
f 30/1467/16 23/1468/13 24/1469/13
f 26/1470/14 21/1471/12 25/1472/14
f 24/1469/13 19/1473/11 20/1474/11
f 18/1475/10 21/1471/12 22/1476/12
f 46/1477/25 158/1328/84 159/1478/84
f 20/1474/11 15/1479/9 16/1480/9
f 104/1387/54 17/1481/10 18/1475/10
f 16/1480/9 125/1482/66 126/1362/66
f 14/1478/8 79/1483/42 13/1484/8
f 12/1485/7 276/1486/148 277/1200/149
f 190/1257/98 9/1258/6 10/1487/6
f 118/1488/62 7/1489/5 8/1490/5
f 6/1491/4 87/1398/46 5/1492/4
f 4/1493/3 11/1494/7 12/1485/7
f 4334/1495/1601 4336/1201/1600 4333/1496/1600
f 4337/138/1602 7/1489/5 4338/1497/1602
f 4339/1498/1603 4341/1499/1604 4342/1500/1603
f 4/1493/3 4344/1501/1605 3/1502/3
f 4337/138/1602 4346/1503/1606 4345/144/1606
f 4343/1504/1605 4348/1505/1607 4344/1501/1605
f 4349/1506/1608 224/1258/118 225/1507/118
f 4345/144/1606 4352/1508/1609 4351/1509/1609
f 4347/1510/1607 4354/1511/1610 4348/1505/1607
f 4356/1512/1612 4358/1513/1611 4355/1514/1611
f 4359/1515/1613 4352/1508/1609 4360/1516/1613
f 4361/1517/1614 94/1518/50 95/1397/50
f 4353/1519/1610 4364/1520/1615 4354/1511/1610
f 4365/1506/1616 9/1258/6 4366/1521/1616
f 4359/1522/1613 4368/1523/1617 4367/1524/1617
f 4369/1525/1618 4364/1520/1615 4363/1526/1615
f 4367/1527/1617 4372/1528/1619 4371/1529/1619
f 4373/1530/1620 4370/1531/1618 4369/1532/1618
f 4371/1533/1619 4376/1534/1621 4375/1535/1621
f 6/1491/4 4378/1536/1622 4377/1537/1622
f 4379/1538/1623 4374/1539/1620 4373/1540/1620
f 66/1402/35 4350/1521/1608 4349/1506/1608
f 4375/1535/1621 4382/1541/1624 4381/1542/1624
f 4333/1496/1600 4384/1543/1625 4383/1200/1625
f 4385/1544/1626 4380/1545/1623 4379/1538/1623
f 4388/1347/1628 4390/1546/1627 4387/1318/1627
f 4381/1542/1624 4392/1547/1629 4391/1548/1629
f 4385/1549/1626 4394/1550/1630 4386/1551/1626
f 89/1402/47 4366/1521/1616 88/1426/47
f 4391/1548/1629 4396/1552/1631 4395/1553/1631
f 28/1462/15 4394/1550/1630 4393/1554/1630
f 50/1441/27 4396/1552/1631 49/1555/27
f 38/1556/19 4398/1557/1632 4397/1558/1632
f 4399/1559/1633 188/1293/99 189/1450/99
f 4339/1498/1603 4402/1560/1634 4401/1561/1634
f 42/1450/23 4404/1562/1635 4403/1563/1635
f 4406/1337/1637 4408/824/1636 4405/1564/1636
f 4409/1565/1638 4400/1566/1633 4399/1559/1633
f 4387/1318/1627 4412/1567/1639 4411/1568/1639
f 4413/1565/1640 4404/1562/1635 4414/1569/1640
f 4415/39/1641 4410/1570/1638 4409/37/1638
f 4418/1571/1642 4420/1572/376 4417/1573/376
f 4413/36/1640 4422/1574/1643 4421/34/1643
f 4423/1575/1644 4335/1576/1601 4334/1577/1601
f 4415/1578/1641 4426/1579/1645 4416/1580/1641
f 4421/1578/1643 4428/1581/1646 4427/1582/1646
f 4430/1583/1648 4432/1584/1647 4429/1585/1647
f 4425/1586/1645 4434/1587/1649 4426/1579/1645
f 4427/1582/1646 4436/1587/1650 4435/1588/1650
f 4397/1434/1632 4438/1589/1651 4437/1590/1651
f 4439/1591/1652 4434/1587/1649 4433/1588/1649
f 4441/1592/1653 80/1412/43 81/1593/43
f 4443/1591/1654 4436/1587/1650 4444/1594/1654
f 4445/1595/1655 4440/1596/1652 4439/1591/1652
f 4443/1591/1654 4448/1597/1656 4447/1598/1656
f 4449/1599/1657 4446/1597/1655 4445/1595/1655
f 4451/1600/1658 4453/1601/1659 4454/1602/1658
f 4455/1599/1660 4448/1597/1656 4456/1603/1660
f 14/1478/8 4424/1604/1644 4423/1477/1644
f 4457/1605/1661 4450/1603/1657 4449/1599/1657
f 4411/1568/1639 4460/1606/1662 4459/1607/1662
f 4461/1605/1663 4456/1603/1660 4462/1608/1663
f 4463/1609/1664 4465/1610/1665 4466/1611/1664
f 4467/1612/1666 4458/1608/1661 4457/1605/1661
f 4405/1564/1636 4470/1613/1667 4469/1614/1667
f 4471/1612/1668 4462/1608/1663 4472/1615/1668
f 4437/1590/1651 4389/1616/1628 4388/1347/1628
f 4473/1617/1669 4468/1615/1666 4467/1612/1666
f 4475/1618/1670 4472/1615/1668 4476/1619/1670
f 4473/1617/1669 4378/1536/1622 4474/1620/1669
f 4475/1618/1670 4362/1621/1614 4361/1517/1614
f 4477/1622/1671 4358/1623/1611 4478/1624/1671
f 37/1625/20 4480/1626/1672 36/1627/20
f 4481/1628/1673 4420/1572/376 4482/1629/1673
f 4383/1200/1625 4484/1630/1674 4483/1631/1674
f 4486/1632/1676 4488/1633/1675 4485/1634/1675
f 4489/1635/1677 4480/1626/1672 4479/1636/1672
f 4463/1609/1664 4492/1637/1678 4491/1638/1678
f 4493/1639/1679 4484/1630/1674 4494/1640/1679
f 4495/1641/1680 4490/1642/1677 4489/1635/1677
f 4498/1643/1681 4500/1644/327 4497/1645/327
f 4501/1646/1682 4494/1640/1679 4502/1647/1682
f 4503/1648/1683 4407/1649/1637 4406/1650/1637
f 4495/1641/1680 4506/1651/1684 4496/1652/1680
f 4501/1646/1682 4508/1653/1685 4507/1654/1685
f 4510/1655/1687 4512/1656/1686 4509/1657/1686
f 4513/1658/1688 4506/1651/1684 4505/1659/1684
f 4515/1519/1689 4508/1653/1685 4516/1660/1689
f 4477/1622/1671 4518/1661/1690 4517/1662/1690
f 4519/1663/1691 4514/1664/1688 4513/1665/1688
f 4340/1666/1604 4522/1667/1692 4341/1499/1604
f 4523/1526/1693 4516/1660/1689 4524/1520/1693
f 4519/1668/1691 4526/1669/1694 4520/1670/1691
f 4527/1525/1695 4524/1520/1693 4528/1671/1695
f 4525/1672/1694 4530/1673/1696 4526/1674/1694
f 4532/1675/1697 4534/1676/253 4531/1677/253
f 4535/1678/1698 4528/1679/1695 4536/1680/1698
f 4401/1681/1634 4504/1682/1683 4503/1648/1683
f 4537/1683/1699 4530/1673/1696 4529/1684/1696
f 4491/1638/1678 4540/1685/1700 4539/1686/1700
f 4535/1687/1698 4542/1688/1701 4541/1689/1701
f 4544/1690/1703 4546/1691/1702 4543/1692/1702
f 4537/1683/1699 4548/1693/1704 4538/1694/1699
f 4485/1634/1675 4550/1695/1705 4549/1696/1705
f 4541/1689/1701 4552/1697/1706 4551/1698/1706
f 4517/1699/1690 4465/1610/1665 4464/1700/1665
f 4547/1701/1704 4554/1702/1707 4548/1693/1704
f 4555/1703/1708 4552/1704/1706 4556/1705/1708
f 4553/1706/1707 4460/1606/1662 4554/1702/1707
f 4441/1592/1653 4556/1705/1708 4442/1707/1653
f 4429/1708/1647 4558/1709/1709 4557/1710/1709
f 4559/1711/1710 4357/1712/1612 4356/1512/1612
f 4497/1645/327 4562/1713/1711 4561/1714/1711
f 4469/1614/1667 4564/1715/1712 4563/1716/1712
f 4566/1717/1714 4568/1718/1713 4565/1719/1713
f 4569/1720/1715 4560/1721/1710 4559/1711/1710
f 4543/1692/1702 4572/1722/1716 4571/1723/1716
f 4573/1724/1717 4564/1715/1712 4574/1725/1717
f 4569/1720/1715 4576/1726/1718 4570/1727/1715
f 4573/1724/1717 4578/1728/1719 4577/1729/1719
f 4486/1730/1676 4580/1731/1720 4487/1732/1676
f 4575/1733/1718 4582/1734/1721 4576/1726/1718
f 4577/1729/1719 4584/1735/1722 4583/1736/1722
f 4585/1737/1723 4587/1738/1724 4588/1739/1723
f 4581/1740/1721 4590/1741/1726 4582/1734/1721
f 4583/1736/1722 4592/1742/1728 4591/1743/1727
f 4593/1744/1729 4558/1709/1709 4594/1745/1729
f 4589/1746/1725 4596/1747/1730 4590/1741/1726
f 4597/1748/1731 4419/1749/1642 4418/1571/1642
f 4591/1743/1727 4600/1750/1732 4599/1751/1732
f 4601/1752/1733 4596/1753/1730 4595/1754/1730
f 4599/1751/1732 4604/1755/1734 4603/1756/1734
f 4605/1757/1735 4602/1758/1733 4601/1752/1733
f 4607/1759/1736 4609/1760/1737 4610/1761/1736
f 4611/1762/1738 4604/1649/1734 4612/1682/1738
f 4481/1763/1673 4580/1731/1720 4579/1764/1720
f 4613/1765/1739 4606/1766/1735 4605/1767/1735
f 4615/1768/1740 4572/1722/1716 4616/1769/1740
f 4617/1770/1741 4612/1682/1738 4618/1771/1741
f 4620/1772/1743 4622/1773/1742 4619/1774/1742
f 4613/1765/1739 4624/1775/1744 4614/1776/1739
f 4565/1777/1713 4626/1778/1746 4625/1779/1745
f 4627/1780/1747 4618/1781/1741 4628/1782/1747
f 4544/1690/1703 4594/1783/1729 4545/1784/1703
f 4629/1785/1748 4624/1775/1744 4623/1786/1744
f 4627/1780/1747 4632/1787/1749 4631/1788/1749
f 4539/1686/1700 4630/1789/1748 4629/1785/1748
f 4631/1788/1749 4522/1667/1692 4521/1790/1692
f 4633/1791/1750 4512/1792/1686 4634/1793/1750
f 4635/1794/1751 4431/1795/1648 4430/1583/1648
f 4638/1796/1752 4640/1797/212 4637/1798/212
f 4549/1696/1705 4642/1799/1753 4641/1800/1753
f 4635/1794/1751 4644/1801/1754 4636/1802/1751
f 4645/1803/1755 4622/1773/1742 4646/1804/1755
f 4647/1805/1756 4642/1799/1753 4648/1806/1756
f 4649/1807/1757 4644/1801/1754 4643/1808/1754
f 4651/1809/1758 4534/1676/253 4652/1810/1758
f 4647/1805/1756 4654/1811/1759 4653/1812/1759
f 4655/1813/1760 4567/1814/1714 4566/1717/1714
f 4657/1815/1761 4650/1816/1757 4649/1807/1757
f 4653/1812/1759 4660/1817/1762 4659/1818/1762
f 4657/1815/1761 4662/1819/1763 4658/1820/1761
f 4663/1821/1764 4660/1817/1762 4664/1358/1764
f 4665/1822/1765 4634/1793/1750 4666/1823/1765
f 4667/1824/1766 4662/1819/1763 4661/1825/1763
f 4498/1643/1681 4670/1826/1767 4499/1827/1681
f 4663/1821/1764 4672/1828/1768 4671/1829/1768
f 4674/1830/1770 4676/1831/1769 4673/1832/1769
f 4677/1833/1771 4668/1834/1766 4667/1835/1766
f 4451/1836/1658 4680/1837/1772 4679/1838/1772
f 4671/1829/1768 4682/1839/1773 4681/1374/1773
f 4677/1833/1771 4684/1840/1774 4678/1709/1771
f 4685/1841/1775 4682/1842/1773 4686/1843/1775
f 4655/1844/1760 4562/1713/1711 4656/1845/1760
f 4687/1846/1776 4684/1847/1774 4683/1848/1774
f 4689/1849/1777 4646/1804/1755 4690/1850/1777
f 4685/1841/1775 4692/1851/1778 4691/1852/1778
f 4693/1853/1779 4688/1854/1776 4687/1846/1776
f 4691/1855/1778 4696/1856/255 4695/1857/255
f 4665/1858/1765 4621/1859/1743 4620/1772/1743
f 4693/1853/1779 4698/1860/1780 4694/1861/1779
f 4699/1862/1781 4696/1856/255 4700/1863/1781
f 4697/1864/1780 4616/1769/1740 4698/1860/1780
f 4699/1862/1781 4598/1865/1731 4597/1748/1731
f 4637/1798/212 4702/1866/1782 4701/1867/1782
f 4703/1868/1783 4511/1869/1687 4510/1655/1687
f 114/1870/59 4706/1871/1784 4705/1872/1784
f 4625/1779/1745 4708/1873/1785 4707/1874/1785
f 4709/1875/1786 4610/1761/1736 4710/1876/1786
f 4711/1877/1787 4704/1878/1783 4703/1868/1783
f 4714/1879/1789 4716/1880/1790 4713/1881/1788
f 4707/1874/1785 4718/1882/1791 4717/1883/1791
f 4720/1884/1792 4722/1885/172 4719/1886/172
f 4723/1887/1793 4712/1888/1787 4711/1877/1787
f 4725/1889/1794 4718/1882/1791 4726/1890/1794
f 4723/1887/1793 4728/1891/1795 4724/1892/1793
f 4452/1893/1659 4730/1894/1797 4453/1601/1659
f 4725/1889/1794 4732/1895/1798 4731/1896/1798
f 4727/1897/1795 4734/1898/1799 4728/1891/1795
f 4735/1899/1800 4737/1900/1801 4738/1901/1800
f 4731/1896/1798 4740/1902/1802 4739/1903/1802
f 4741/1904/1803 4533/1905/1697 4532/1675/1697
f 4733/1906/1799 4744/1907/1804 4734/1898/1799
f 4705/1872/1784 4746/1908/1805 4745/1909/1805
f 4747/1910/1806 4740/1902/1802 4748/1287/1806
f 4749/1791/1807 4744/1911/1804 4743/1912/1804
f 4751/1913/1808 4748/1718/1806 4752/1914/1808
f 4753/1915/1809 4755/1916/1810 4756/1917/1809
f 4749/1791/1807 4758/1918/1811 4750/1919/1807
f 4759/1920/1812 4752/1914/1808 4760/1921/1812
f 4709/1875/1786 4762/1922/1813 4761/1923/1813
f 4763/1924/1814 4758/1925/1811 4757/1926/1811
f 4729/1927/1796 4652/1810/1758 4730/1928/1797
f 4759/1929/1812 4766/1930/1815 4765/1931/1815
f 4713/902/1788 4768/1932/1816 4767/1933/1816
f 4769/1934/1817 4764/1935/1814 4763/1924/1814
f 4771/1936/1818 4773/1937/1819 4774/1938/1818
f 4765/1931/1815 4776/1939/211 4775/1940/211
f 4777/1941/1820 4770/1942/1817 4769/1934/1817
f 4745/1943/1805 4609/1760/1737 4608/1944/1737
f 4779/1945/1821 4776/1939/211 4780/1946/1821
f 4777/1941/1820 4690/1850/1777 4778/1947/1820
f 4669/1948/1767 4780/1946/1821 4670/1826/1767
f 4673/1832/1769 4782/1949/1822 4781/1950/1822
f 4783/1951/1823 112/1377/60 113/1952/60
f 4719/1886/172 4786/1953/1825 4785/1954/1824
f 4679/1838/1772 4788/1955/1826 4787/1956/1826
f 4789/1957/1827 4791/1958/1828 4792/1959/1827
f 4783/1951/1823 4794/1960/1829 4784/1961/1823
f 4771/1936/1818 4796/1962/1830 4795/1963/1830
f 4797/1964/1831 4788/1955/1826 4798/1965/1831
f 4799/1966/1832 4794/1960/1829 4793/1967/1829
f 4802/1968/1833 4804/1969/126 4801/1970/126
f 4797/1964/1831 4806/1971/1834 4805/1972/1834
f 4807/1973/1835 4715/1974/1789 4714/1879/1789
f 4809/1975/1836 4800/1976/1832 4799/1966/1832
f 4805/1972/1834 4812/1977/1837 4811/1978/1837
f 4814/1979/1839 4816/1980/1838 4813/1981/1838
f 4809/1975/1836 4818/1982/1840 4810/1983/1836
f 4819/1984/1841 4812/1977/1837 4820/1985/1841
f 4821/1986/1842 4782/1987/1822 4822/1988/1842
f 4823/1989/1843 4818/1982/1840 4817/1990/1840
f 4825/1991/1844 4639/1992/1752 4638/1796/1752
f 4827/1993/1845 4820/1985/1841 4828/1994/1845
f 4829/1995/1846 4824/1996/1843 4823/1870/1843
f 4827/1600/1845 4832/1997/1847 4831/1998/1847
f 4833/1909/1848 4830/1999/1846 4829/1995/1846
f 4835/2000/1849 4837/2001/1850 4838/2002/1849
f 4839/2003/1851 4832/1997/1847 4840/2004/1852
f 4701/1867/1782 4808/2005/1835 4807/2006/1835
f 4841/2007/1853 4834/2008/1848 4833/2009/1848
f 4795/1963/1830 4844/2010/1854 4843/2011/1854
f 4839/2012/1851 4846/2013/1855 4845/2014/1855
f 4848/2015/1857 4850/2016/1856 4847/2017/1856
f 4851/2018/1858 4842/2019/1853 4841/2007/1853
f 4853/2020/1859 4792/737/1827 4854/2021/1860
f 4845/2014/1855 4856/2022/171 4855/2023/171
f 4772/2024/1819 4822/1988/1842 4773/2025/1819
f 4857/2026/1861 4852/2027/1858 4851/2018/1858
f 4859/2028/1862 4856/2022/171 4860/2029/1862
f 4857/2026/1861 4762/1922/1813 4858/2030/1861
f 4859/2028/1862 4742/2031/1803 4741/1904/1803
f 4735/1899/1800 4862/2032/1863 4861/2033/1863
f 4674/1830/1770 4864/2034/1864 4675/2035/1770
f 4801/1970/126 4866/2036/1865 4865/2037/1865
f 4867/2038/1866 4768/1932/1816 4868/2039/1866
f 4870/2040/1868 4872/2041/1867 4869/2042/1867
f 4873/2043/1869 4864/2034/1864 4863/2044/1864
f 4875/2045/1870 4850/2016/1856 4876/2046/1870
f 4877/2047/1871 4868/2039/1866 4878/2048/1871
f 4879/2049/1872 4874/2050/1869 4873/2043/1869
f 4881/2051/1873 4878/2048/1871 4882/2052/1873
f 4790/2053/1828 4884/2054/1874 4791/1958/1828
f 4885/2055/1875 4880/2056/1872 4879/2049/1872
f 4881/2051/1873 4888/2057/1876 4887/2058/1876
f 4889/447/1877 4891/2059/1878 4892/2060/1877
f 4893/2061/1879 4886/2062/1875 4885/2055/1875
f 4895/2063/1880 4888/2057/1876 4896/2064/1880
f 4861/2065/1863 4898/2066/1881 4897/2067/1881
f 4893/2061/1879 4900/2068/1882 4894/2069/1879
f 4720/1884/1792 4902/2070/1883 4721/2071/1792
f 4895/2063/1880 4904/1129/1885 4903/2072/1884
f 4905/2073/1886 4900/2068/1882 4899/2074/1882
f 4903/2075/1884 4908/2076/1887 4907/1879/1887
f 4905/2077/1886 4910/2078/1888 4906/2079/1886
f 4912/2080/1890 4914/2081/1889 4911/2082/1889
f 4907/1879/1887 4916/2083/1891 4915/2084/1891
f 4785/1954/1824 4884/2085/1874 4883/2086/1874
f 4917/2087/1892 4910/2078/1888 4909/2088/1888
f 4919/2089/1893 4876/2046/1870 4920/2090/1893
f 4915/2091/1891 4922/2092/1894 4921/2093/1894
f 4924/2094/1896 4926/2095/1895 4923/2096/1895
f 4917/1160/1892 4928/2097/1897 4918/2098/1892
f 4929/2099/1898 4872/2041/1867 4930/2100/1898
f 4921/2093/1894 4932/2101/125 4931/2102/125
f 4897/2067/1881 4849/2103/1857 4848/2104/1857
f 4933/2105/1899 4928/2097/1897 4927/2106/1897
f 4935/2107/1900 4932/2101/125 4936/2108/1900
f 4843/2011/1854 4934/2109/1899 4933/2105/1899
f 4825/1991/1844 4936/2108/1900 4826/2110/1844
f 4813/1981/1838 4938/2111/1901 4937/2112/1901
f 4939/2113/1902 4737/1900/1801 4736/2114/1801
f 4941/2115/1903 4943/2116/1904 4944/2117/1903
f 4945/2118/1905 4854/2021/1860 4946/2119/1905
f 4947/2120/1906 4940/2121/1902 4939/2113/1902
f 4949/2122/1907 4926/2095/1895 4950/2123/1907
f 4945/2118/1905 4952/2124/1908 4951/2125/1908
f 4953/2126/1909 4948/2127/1906 4947/2120/1906
f 4955/2128/1910 4838/2002/1849 4956/2129/1910
f 4951/2125/1908 4958/2130/1911 4957/2131/1911
f 4870/2040/1868 4960/2132/1912 4871/2133/1868
f 4961/2134/1913 4954/2135/1909 4953/2126/1909
f 4963/2136/1914 4958/2130/1911 4964/2137/1914
f 4965/2138/1915 4962/2139/1913 4961/2134/1913
f 4967/2140/1917 4964/2137/1914 4968/2141/1917
f 4969/2142/1918 4938/2143/1901 4970/2144/1918
f 4971/2145/1919 4966/2146/1916 4965/2138/1915
f 4973/2147/1920 4803/2148/1833 4802/1968/1833
f 4975/2149/1921 4968/2141/1917 4976/2150/1921
f 4978/2151/1923 4980/2152/1922 4977/1915/1922
f 4981/2153/1924 4972/2154/1919 4971/2145/1919
f 4983/2155/1925 4756/1917/1809 4984/2156/1925
f 4985/2157/1926 4976/2158/1921 4986/2159/1926
f 4987/2160/1927 4982/2161/1924 4981/2162/1924
f 4989/2163/1928 4986/2159/1926 4990/2164/1928
f 4959/2165/1912 4866/2036/1865 4960/2166/1912
f 4987/2160/1927 4992/2167/1929 4988/2168/1927
f 4993/2169/1930 4950/2123/1907 4994/2170/1930
f 4989/2171/1928 4996/2172/1932 4995/2173/1931
f 4991/2174/1929 4998/2175/1933 4992/2176/1929
f 4995/2173/1931 5000/2177/87 4999/2178/87
f 4969/2142/1918 4925/2179/1896 4924/2180/1896
f 5001/2181/1934 4998/2175/1933 4997/2182/1933
f 4999/2178/87 5004/2183/1935 5003/2184/1935
f 4919/2089/1893 5002/2185/1934 5001/2181/1934
f 4901/2186/1883 5004/2183/1935 4902/2070/1883
f 4941/2187/1903 5006/2188/1936 5005/2189/1936
f 5007/2190/1937 4815/2191/1839 4814/1979/1839
f 5009/2192/1938 4588/1739/1723 5010/2193/1938
f 4929/2194/1898 5012/2195/1939 5011/2196/1939
f 5013/2197/1940 4914/2198/1889 5014/2199/1940
f 5015/2200/1941 5008/2201/1937 5007/2190/1937
f 5018/2202/1943 5020/2203/1942 5017/2204/1942
f 5021/940/1944 5012/2195/1939 5022/2205/1944
f 5023/2206/1945 5025/2207/1946 5026/2208/1945
f 5027/2209/1947 5016/2210/1941 5015/2200/1941
f 5029/2211/1948 5022/2205/1944 5030/2212/1948
f 5027/2209/1947 5032/2213/1949 5028/2214/1947
f 4754/2215/1810 5034/2216/1950 4755/1916/1810
f 5035/2217/1951 5030/2212/1948 5036/2218/1951
f 5031/2219/1949 5038/2220/1952 5032/2213/1949
f 5039/2221/1953 5041/2222/1954 5042/2223/1953
f 5035/2217/1951 5044/2224/1955 5043/2225/1955
f 5045/2226/1956 4837/2001/1850 4836/2227/1850
f 5047/2228/1957 5038/2220/1952 5037/2229/1952
f 5049/2230/1958 5010/2231/1938 5050/2232/1958
f 5051/2233/1959 5044/2234/1955 5052/2235/1959
f 5053/2236/1960 5048/2237/1957 5047/2228/1957
f 5051/2233/1959 5056/2238/1961 5055/2239/1961
f 5058/1950/1963 5060/2240/1962 5057/1832/1962
f 5053/2241/1960 5062/2242/1964 5054/2243/1960
f 5055/2239/1961 5064/2244/1965 5063/2245/1965
f 5065/2246/1966 5014/2199/1940 5066/2247/1966
f 5061/2248/1964 5068/2179/1967 5062/2242/1964
f 5033/2249/1950 4956/2129/1910 5034/2216/1950
f 5069/2250/1968 5064/2251/1965 5070/2252/1968
f 5017/2204/1942 5072/2253/1969 5071/2254/1969
f 5067/2255/1967 5074/2256/1970 5068/2257/1967
f 5075/2258/1971 5077/2259/1972 5078/2260/1971
f 5079/2261/51 5070/2252/1968 5080/2262/51
f 5073/2263/1970 5082/2264/1973 5074/2256/1970
f 4912/2080/1890 5050/2265/1958 4913/2266/1890
f 5083/2267/1974 5080/2262/51 5084/2268/1974
f 5081/2269/1973 4994/2170/1930 5082/2264/1973
f 5083/2267/1974 4974/2270/1920 4973/2147/1920
f 5085/2271/1975 4980/2152/1922 5086/2272/1975
f 4586/2273/1724 5088/2274/1976 4587/1738/1724
f 5023/2206/1945 5090/2275/1977 5089/2276/1977
f 4983/2155/1925 5092/2277/1978 5091/2278/1978
f 5093/2279/1979 5095/2280/1980 5096/2281/1979
f 5097/2282/1981 5088/2274/1976 5087/2283/1976
f 5099/2284/1982 5078/2260/1971 5100/2285/1982
f 5091/2286/1978 5102/2287/1983 5101/2288/1983
f 5103/2289/1984 5098/2290/1981 5097/2282/1981
f 5106/2291/1986 5108/2292/1985 5105/2293/1985
f 5109/2294/1987 5102/2287/1983 5110/2295/1987
f 5111/2296/1988 5019/2297/1943 5018/2298/1943
f 5103/2289/1984 5114/2299/1989 5104/2300/1984
f 5109/2294/1987 5116/2301/1990 5115/2302/1990
f 5118/2303/1992 5120/2304/1991 5117/2305/1991
f 5121/2306/1993 5114/2299/1989 5113/2307/1989
f 5115/2308/1990 5124/2309/1996 5123/2310/1995
f 5125/2311/1997 5086/2272/1975 5126/2216/1997
f 5127/2312/1998 5122/2313/1994 5121/2306/1993
f 4942/2314/1904 5130/2315/1999 4943/2116/1904
f 5123/2310/1995 5132/2316/2000 5131/2317/2000
f 5133/2318/2001 5128/2319/1998 5127/2312/1998
f 5131/2317/2000 5136/2320/2002 5135/2321/2002
f 5137/2322/2003 5134/2323/2001 5133/2324/2001
f 5140/2325/2005 5142/2326/2004 5139/2327/2004
f 5135/2321/2002 5144/2328/2006 5143/2329/2006
f 5111/2330/1988 5006/2188/1936 5112/2265/1988
f 5145/2331/2007 5138/2332/2003 5137/2333/2003
f 5147/2334/2008 5100/2285/1982 5148/2335/2008
f 5143/2329/2006 5150/2336/2009 5149/2337/2009
f 5152/2338/2010 5154/2339/706 5151/2340/706
f 5155/2341/2011 5146/2342/2007 5145/2331/2007
f 5093/2279/1979 5158/2343/2013 5157/2344/2012
f 5149/2337/2009 5160/2345/2014 5159/2346/2014
f 5076/2347/1972 5126/2216/1997 5077/2259/1972
f 5161/2348/2015 5156/2349/2011 5155/2350/2011
f 5159/2346/2014 5164/2351/2016 5163/2352/2016
f 5065/2246/1966 5162/2353/2015 5161/2348/2015
f 5163/2352/2016 5046/2354/1956 5045/2226/1956
f 5039/2221/1953 5166/2355/2017 5165/2356/2017
f 4978/2151/1923 5168/2357/2018 4979/2358/1923
f 5105/2293/1985 5170/2359/2019 5169/2360/2019
f 5171/2361/2020 5072/2253/1969 5172/2362/2020
f 5174/2033/2022 5176/2363/2021 5173/2364/2021
f 5177/2365/2023 5168/2366/2018 5167/2367/2018
f 5179/2368/2024 5154/2339/706 5180/2369/2024
f 5181/2370/2025 5172/2362/2020 5182/2371/2025
f 5183/2372/2026 5178/2373/2023 5177/2365/2023
f 5181/2370/2025 5186/2374/2027 5185/2375/2027
f 5187/2376/2028 5095/2377/1980 5094/2378/1980
f 5189/2379/2029 5184/2380/2026 5183/2372/2026
f 5185/2375/2027 5192/2381/2030 5191/2382/2030
f 5193/2383/2031 5195/2384/2032 5196/2385/2031
f 5197/2386/2033 5190/2387/2029 5189/2388/2029
f 5191/2382/2030 5200/2389/2034 5199/2390/2034
f 5165/2356/2017 5202/2391/2035 5201/2392/2035
f 5197/2386/2033 5204/2393/2036 5198/2394/2033
f 5024/2395/1946 5206/2396/2037 5025/2207/1946
f 5199/2390/2034 5208/2397/2038 5207/2398/2038
f 5209/2399/2039 5204/2393/2036 5203/2317/2036
f 5207/2398/2038 5212/2400/2040 5211/2401/2040
f 5213/2402/2041 5210/2403/2039 5209/2399/2039
f 5216/2404/2042 5218/2405/607 5215/2406/607
f 5211/2407/2040 5220/2408/2043 5219/2409/2043
f 5089/2410/1977 5188/2411/2028 5187/2376/2028
f 5213/2402/2041 5222/2412/2044 5214/2328/2041
f 5179/2368/2024 5224/2413/2045 5223/2414/2045
f 5225/2415/2046 5220/2332/2043 5226/2416/2046
f 5227/2417/688 5229/2418/2047 5230/2419/688
f 5231/2420/2048 5222/2412/2044 5221/2421/2044
f 5233/2422/2049 5176/2363/2021 5234/2423/2050
f 5235/2424/2051 5226/2416/2046 5236/2425/2051
f 5201/2426/2035 5153/2427/2010 5152/2338/2010
f 5237/2428/2052 5232/2429/2048 5231/2420/2048
f 5235/2430/2051 5240/2431/2053 5239/2432/2053
f 5147/2334/2008 5238/2433/2052 5237/2428/2052
f 5239/2432/2053 5130/2315/1999 5129/2434/1999
f 5117/2435/1991 5242/2436/2054 5241/2437/2054
f 5243/2438/2055 5041/2439/1954 5040/2440/1954
f 5246/2441/2056 5248/2442/1702 5245/2443/1702
f 5157/2344/2012 5250/2444/2057 5249/2445/2057
f 5243/2438/2055 5252/2446/2058 5244/2447/2055
f 5227/2417/688 5254/2448/2059 5253/2449/2059
f 5249/2445/2057 5256/2450/2060 5255/2451/2060
f 5251/2452/2058 5258/2453/2061 5252/2446/2058
f 5259/2454/2062 5142/2326/2004 5260/2455/2062
f 5255/2451/2060 5262/2456/2063 5261/2457/2063
f 5174/2458/2022 5264/2459/2064 5175/2460/2022
f 5257/2461/2061 5266/2462/2065 5258/2453/2061
f 5261/2457/2063 5268/2463/2066 5267/2464/2066
f 5265/2465/2065 5270/2466/2067 5266/2462/2065
f 5267/2464/2066 5272/2467/2068 5271/2468/2068
f 5273/2469/2069 5242/2436/2054 5274/2470/2069
f 5275/2471/2070 5270/2472/2067 5269/2473/2067
f 5277/2474/2071 5107/2475/1986 5106/2291/1986
f 5271/2468/2068 5280/2476/2072 5279/2477/2072
f 5281/336/2073 5283/2478/2074 5284/2479/2073
f 5285/2480/2075 5276/2481/2070 5275/2471/2070
f 5057/1832/1962 5288/2482/2076 5287/1830/2076
f 5279/2477/2072 5290/2483/2077 5289/2484/2077
f 5291/2485/2078 5286/2486/2075 5285/2480/2075
f 5289/2487/2077 5294/2488/2079 5293/2489/2079
f 5263/2490/2064 5170/2491/2019 5264/2459/2064
f 5291/2492/2078 5296/2493/2080 5292/2494/2078
f 5253/2449/2059 5298/2495/2081 5297/2496/2081
f 5293/2489/2079 5300/2497/2082 5299/2498/2082
f 5302/2499/2084 5304/2500/2083 5301/2501/2083
f 5295/2502/2080 5306/2503/569 5296/2493/2080
f 5299/2504/2082 5308/2505/2085 5307/2506/2085
f 5273/2507/2069 5229/2418/2047 5228/2508/2047
f 5305/2509/569 5310/2510/2086 5306/2503/569
f 5312/2511/2087 5314/2512/1742 5311/2513/1742
f 5315/2514/2088 5308/2505/2085 5316/2515/2088
f 5223/2414/2045 5310/2510/2086 5309/2516/2086
f 5315/2514/2088 5206/2396/2037 5205/2517/2037
f 5245/2443/1702 5318/2518/2089 5317/289/2089
f 5118/2303/1992 5320/2519/2090 5119/2520/1992
f 4889/2521/1877 5322/2522/2091 5321/2523/2091
f 5323/2524/2092 5234/2423/2050 5324/2525/2092
f 5215/2406/607 5326/2526/2093 5325/2527/2093
f 5319/2528/2090 5328/2529/2094 5320/2519/2090
f 5329/2530/2095 5331/2531/2096 5332/2532/2095
f 5333/2533/2097 5324/2525/2092 5334/2534/2097
f 5336/2535/2099 5338/2536/2098 5335/2537/2098
f 5327/2538/2094 5340/2539/2101 5328/2529/2094
f 5333/2533/2097 5342/2540/2102 5341/2541/2102
f 5339/2542/2101 5344/2543/2103 5340/2539/2101
f 5058/2544/1963 5346/2545/2104 5059/2546/1963
f 5341/2541/2102 5348/2547/2105 5347/2548/2105
f 5349/2549/2106 5344/2543/2103 5343/2550/2103
f 5352/2551/2108 5354/136/2107 5351/2552/2107
f 5347/2548/2105 5356/2146/2109 5355/2553/2109
f 5357/2554/2110 5141/2555/2005 5140/2325/2005
f 5349/2549/2106 5360/2556/2111 5350/2557/2106
f 5321/2523/2091 5362/2558/2112 5361/2559/2112
f 5355/2553/2109 5364/2560/2113 5363/2561/2113
f 5365/2562/2114 5360/2563/2111 5359/2564/2111
f 5367/2565/2115 5364/2560/2113 5368/2566/2115
f 5370/2567/2117 5372/2568/567 5369/2569/2116
f 5373/2570/2118 5366/2571/2114 5365/2562/2114
f 5367/2572/2115 5376/2573/2119 5375/2574/2119
f 5325/2527/2093 5378/2575/2120 5377/2576/2120
f 5379/2577/2121 5374/2578/2118 5373/2171/2118
f 5345/2579/2104 5260/2580/2062 5346/2545/2104
f 5375/2574/2119 5382/2581/2122 5381/2582/2122
f 5329/2583/2095 5384/2584/2123 5383/2585/2123
f 5379/2577/2121 5386/2586/525 5380/2587/2121
f 5388/2588/2124 5390/2589/600 5387/2590/600
f 5391/2591/2125 5382/2592/2122 5392/2593/2125
f 5385/2594/525 5394/2595/2126 5386/2586/525
f 5216/2404/2042 5362/2005/2112 5217/2596/2042
f 5391/2591/2125 5396/2597/2127 5395/2598/2127
f 5297/2496/2081 5394/2595/2126 5393/2599/2126
f 5277/2474/2071 5396/2597/2127 5278/2600/2071
f 5281/2601/2073 5398/2602/2128 5397/2603/2128
f 4890/2604/1878 5400/2605/2129 4891/2059/1878
f 5287/1830/2076 5402/2606/2130 5401/2607/2130
f 5399/2608/2129 5404/2609/2131 5400/2605/2129
f 5387/2590/600 5406/2610/2132 5405/2611/2132
f 5407/2612/2133 5402/2606/2130 5408/2613/2133
f 5403/2614/2131 5410/2615/2134 5404/2609/2131
f 5311/2513/1742 5412/2616/2135 5411/373/2135
f 5407/2612/2133 5414/2617/2136 5413/2618/2136
f 5330/2619/2096 5416/2620/2137 5331/2531/2096
f 5417/2621/2138 5410/2615/2134 5409/2622/2134
f 5413/2618/2136 5420/2623/2139 5419/2624/2139
f 5417/2621/2138 5422/2625/2141 5418/2626/2138
f 5423/2627/2142 5420/2623/2139 5424/2628/2142
f 5425/2629/2143 5398/2602/2128 5426/2630/2144
f 5421/2631/2140 5428/2632/2146 5422/2625/2141
f 5429/2633/2147 5247/2634/2056 5246/2441/2056
f 5431/2635/2148 5424/2628/2142 5432/2636/2148
f 5433/2637/2149 5435/2638/2150 5436/2639/2149
f 5427/2640/2145 5438/2641/2151 5428/2642/2146
f 5301/2643/2083 5440/2644/2152 5439/2645/2152
f 5441/2073/2153 5432/2636/2148 5442/2646/2154
f 5437/2523/2151 5444/2647/2155 5438/2641/2151
f 5445/2579/2156 5442/2648/2154 5446/2649/2156
f 5317/289/2089 5416/2650/2137 5415/2651/2137
f 5443/2652/2155 5448/2653/2157 5444/2654/2155
f 5405/2611/2132 5450/2655/2158 5449/2656/2158
f 5451/2657/2159 5446/2649/2156 5452/2658/2159
f 5453/2659/1736 5455/2660/2160 5456/2661/1736
f 5457/2662/487 5448/2653/2157 5447/2663/2157
f 5451/2664/2159 5460/2665/2161 5459/2666/2161
f 5425/2667/2143 5389/2668/2124 5388/2588/2124
f 5457/2662/487 5462/2669/2162 5458/2670/487
f 5464/2671/2163 5466/2672/488 5463/2673/488
f 5467/2674/2164 5460/2665/2161 5468/2675/2164
f 5377/2576/2120 5462/2669/2162 5461/2676/2162
f 5467/2674/2164 5358/2677/2110 5357/2554/2110
f 5469/2678/2165 5471/2679/2166 5472/113/2165
f 5473/2680/2167 5283/2478/2074 5282/2681/2074
f 5193/2682/2031 5476/2683/2168 5475/2684/2168
f 5383/2585/2123 5478/2685/2169 5477/2686/2169
f 5369/2569/2116 5480/2687/2170 5479/2688/2170
f 5481/2689/2171 5474/2690/2167 5473/2680/2167
f 5483/2691/2172 5478/2685/2169 5484/2692/2172
f 5453/2659/1736 5486/2693/2173 5485/2694/2173
f 5481/2689/2171 5488/2695/2174 5482/2696/2171
f 5483/2691/2172 5490/2697/2175 5489/2698/2175
f 5491/2699/2176 5488/2695/2174 5487/2700/2174
f 5302/2499/2084 5494/2701/2177 5303/2702/2084
f 5495/2703/2178 5490/2697/2175 5496/2704/2178
f 5491/2699/2176 5498/2705/2179 5492/2706/2176
f 5499/2707/2180 5496/2704/2178 5500/2708/2180
f 5501/2709/2181 5313/2710/2087 5312/2511/2087
f 5503/2711/2182 5498/2705/2179 5497/2712/2179
f 5475/2684/2168 5506/2713/2183 5505/2714/2183
f 5507/2715/2184 5500/2708/2180 5508/2716/2184
f 5335/2717/2098 5510/2718/2185 5509/2719/2185
f 5503/2720/2182 5512/2721/2186 5504/2722/2182
f 5514/2723/2188 5516/2724/2187 5513/2725/2187
f 5517/2726/2190 5508/2727/2184 5518/2531/2190
f 5511/2728/2186 5520/2729/2192 5512/2721/2186
f 5521/2730/2193 5518/2531/2190 5522/2731/2193
f 5479/2688/2170 5524/2732/2194 5523/2733/2194
f 5519/2012/2191 5526/2734/2195 5520/2735/2192
f 5411/373/2135 5494/374/2177 5493/2736/2177
f 5521/522/2193 5528/2737/2196 5527/2738/2196
f 5529/2739/449 5526/2734/2195 5525/2740/2195
f 5532/2741/2198 5534/2742/2197 5531/2743/2197
f 5527/2738/2196 5536/2744/1779 5535/2745/1779
f 5538/2746/2200 5540/2747/2199 5537/2748/2199
f 5529/2739/449 5542/2749/2201 5530/2750/449
f 5505/2751/2183 5371/2752/2117 5370/2567/2117
f 5543/2753/2202 5536/2744/1779 5544/2754/2202
f 5541/2755/2201 5450/2655/2158 5542/2749/2201
f 5543/2753/2202 5430/2756/2147 5429/2633/2147
f 5469/2678/2165 5546/207/2203 5545/2757/2203
f 5547/2758/2204 5195/2384/2032 5194/2759/2032
f 5549/2760/2205 5354/136/2107 5550/2761/2205
f 5551/2762/2206 5440/2644/2152 5552/2763/2206
f 5463/2673/488 5554/2764/2207 5553/2765/2207
f 5555/2766/2208 5548/2767/2204 5547/2758/2204
f 5558/2768/2210 5560/2769/2209 5557/2770/2209
f 5561/2771/2211 5552/2763/2206 5562/2772/2211
f 5563/2773/2212 5556/2774/2208 5555/2766/2208
f 5561/2771/2211 5566/2775/2213 5565/2776/2213
f 5567/2777/2214 5564/2778/2212 5563/2773/2212
f 5569/2779/2215 5337/2780/2100 5336/2535/2099
f 5565/2776/2213 5572/2781/2216 5571/2782/2216
f 5573/2783/2217 5568/2784/2214 5567/2777/2214
f 5571/2782/2216 5576/2785/2219 5575/2786/2218
f 5454/2787/2160 5578/2788/2220 5455/2660/2160
f 5573/2783/2217 5580/2789/2221 5574/2790/2217
f 5549/2791/2205 5582/2792/2222 5581/2793/2222
f 5583/2794/2223 5576/2785/2219 5584/2795/2223
f 5585/2796/2224 5580/2797/2221 5579/2798/2221
f 5583/2799/2223 5588/2800/2225 5587/2801/2225
f 5589/2802/2226 5591/2803/2227 5592/2804/2226
f 5585/2796/2224 5594/2713/2228 5586/2805/2224
f 5595/2806/2229 5588/2800/2225 5596/2807/2229
f 5553/2765/2207 5598/2808/2230 5597/2809/2230
f 5599/2810/2231 5594/2811/2228 5593/2812/2228
f 5485/2694/2173 5570/2813/2215 5569/2814/2215
f 5595/441/2229 5602/2815/2232 5601/439/2232
f 5557/2816/2209 5604/2817/2233 5603/2818/2233
f 5599/2810/2231 5606/2819/408 5600/2820/2231
f 5607/2821/2234 5609/2822/2235 5610/2823/2234
f 5601/439/2232 5612/2824/1817 5611/2825/1817
f 5605/2826/408 5614/2827/2236 5606/2819/408
f 5581/2793/2222 5465/2828/2163 5464/2829/2163
f 5615/2830/2237 5612/2824/1817 5616/2831/2238
f 5613/2832/2236 5524/2732/2194 5614/2827/2236
f 5501/2709/2181 5616/2831/2238 5502/2833/2181
f 5513/2725/2187 5618/2834/2239 5617/2835/2239
f 5352/2551/2108 5620/305/2240 5353/2836/2108
f 5621/2837/2241 5510/2718/2185 5622/2838/2241
f 5623/2839/2242 5620/305/2240 5619/2840/2240
f 5625/2841/2243 5610/2823/2234 5626/2842/2243
f 5627/2843/2244 5622/2838/2241 5628/2844/2244
f 5629/2845/2245 5624/2846/2242 5623/2839/2242
f 5537/2748/2199 5632/2847/2246 5631/13/2246
f 5633/2848/2247 5628/2844/2244 5634/2849/2247
f 5558/2768/2210 5636/2850/2248 5559/2851/2210
f 5637/2852/2249 5630/2853/2245 5629/2845/2245
f 5633/2848/2247 5640/2854/2250 5639/2855/2250
f 5641/2856/2251 5638/2857/2249 5637/2852/2249
f 5643/2858/2252 5640/2854/2250 5644/2859/2252
f 5617/2860/2239 5646/2861/2253 5645/2862/2253
f 5641/2856/2251 5648/2863/2254 5642/2864/2251
f 5649/2865/2255 5471/2679/2166 5470/2866/2166
f 5643/2858/2252 5652/2867/2256 5651/2868/2256
f 5647/334/2254 5654/344/2257 5648/2863/2254
f 5531/2869/2197 5656/2870/2258 5655/2871/2258
f 5657/2872/2259 5652/2873/2256 5658/2874/2259
f 5659/2793/2260 5654/2875/2257 5653/2791/2257
f 5657/2872/2259 5662/2876/2261 5661/2877/2261
f 5545/2757/2203 5636/2878/2248 5635/2879/2248
f 5659/2793/2260 5664/2880/2262 5660/2881/2260
f 5625/2841/2243 5666/2882/2263 5665/2883/2263
f 5667/2884/2264 5662/2885/2261 5668/2886/2264
f 5669/2887/366 5664/2888/2262 5663/2889/2262
f 5671/2890/1858 5668/2886/2264 5672/2891/1858
f 5645/2862/2253 5609/2892/2235 5608/2893/2235
f 5669/2887/366 5674/2894/2265 5670/2895/366
f 5671/2890/1858 5676/2896/2266 5675/2897/2266
f 5597/2809/2230 5674/2894/2265 5673/2898/2265
f 5675/2897/2266 5578/2788/2220 5577/2899/2220
f 5677/2900/2267 5515/2901/2189 5514/2723/2188
f 5679/43/2268 5436/2639/2149 5680/2902/2268
f 5681/2903/2269 5604/2817/2233 5682/2904/2269
f 5683/2905/2270 5592/2906/2226 5684/2907/2270
f 5685/2908/2271 5678/2909/2267 5677/2900/2267
f 5681/2903/2269 5688/2910/2272 5687/2911/2272
f 5689/2912/2273 5686/2913/2271 5685/2908/2271
f 5687/2911/2272 5692/2914/2274 5691/2915/2274
f 5693/2916/2275 5690/2917/2273 5689/2912/2273
f 5695/2918/2276 5533/2919/2198 5532/90/2198
f 5697/2920/2277 5692/2914/2274 5698/2921/2277
f 5699/2922/2278 5694/2923/2275 5693/2916/2275
f 5701/2924/2280 5698/2921/2277 5702/2925/2280
f 5538/2746/2200 5704/2926/2281 5539/2927/2200
f 5705/2928/2282 5700/2929/2279 5699/2922/2278
f 5679/2930/2268 5708/2931/2283 5707/2932/2283
f 5701/2924/2280 5710/2933/2284 5709/2934/2284
f 5705/2928/2282 5712/262/2285 5706/251/2282
f 5709/2935/2284 5714/2936/2286 5713/2937/2286
f 5715/2938/2287 5712/2939/2285 5711/2940/2285
f 5713/2937/2286 5718/2941/2288 5717/2942/2288
f 5719/2943/2289 5684/2907/2270 5720/2944/2289
f 5715/2938/2287 5722/2892/2290 5716/2945/2287
f 5695/2918/2276 5632/2847/2246 5696/91/2276
f 5717/2946/2288 5724/2947/2291 5723/2948/2291
f 5725/2949/2292 5722/2950/2290 5721/2951/2290
f 5723/2948/2291 5728/2952/2293 5727/2953/2293
f 5729/2954/2294 5726/2955/2292 5725/2949/2292
f 5707/107/2283 5591/2803/2227 5590/2956/2227
f 5727/2953/2293 5732/2957/2295 5731/2958/2295
f 5665/2883/2263 5730/2959/2294 5729/2954/2294
f 5649/2865/2255 5732/2957/2295 5650/2960/2255
f 5733/2961/2296 5435/2638/2150 5434/2962/2150
f 5655/2963/2258 5736/2964/2297 5735/2965/2297
f 5737/2966/2298 5734/2967/2296 5733/2961/2296
f 5739/2968/2299 5736/2964/2297 5740/2969/2299
f 5741/2970/2300 5738/2971/2298 5737/2966/2298
f 5743/2972/2301 5740/2969/2299 5744/2973/2301
f 5741/2970/2300 5746/2974/2302 5742/2975/2300
f 5743/2972/2301 5748/2976/2303 5747/2977/2303
f 5745/2978/2302 5750/2979/2304 5746/2974/2302
f 5751/2980/2305 5748/2976/2303 5752/2981/2305
f 5749/164/2304 5754/2982/2306 5750/2979/2304
f 5755/2983/2307 5752/2984/2305 5756/2985/2307
f 5757/177/2308 5754/2982/2306 5753/2986/2306
f 5759/2987/2309 5756/2988/2307 5760/2989/2309
f 5757/2990/2308 5762/2991/2310 5758/2992/2308
f 5763/2993/2311 5760/2994/2309 5764/191/2311
f 5761/194/2310 5766/195/2312 5762/2995/2310
f 5763/2993/2311 5768/2996/2313 5767/2997/2313
f 5769/2998/2314 5766/195/2312 5765/2999/2312
f 5767/2997/2313 5772/3000/2315 5771/3001/2315
f 5773/3002/2316 5770/3003/2314 5769/3004/2314
f 5771/3001/2315 5776/3005/2317 5775/3006/2317
f 5719/2943/2289 5774/3007/2316 5773/3002/2316
f 5775/3006/2317 5704/2926/2281 5703/3008/2281
f 1465/5/2 1497/98/2 1513/118/2
f 1448/3009/1 1450/3010/758 1/3011/1
f 1520/3012/779 1/3011/1 1518/3013/779
f 1507/105/757 1475/2/757 1459/19/757
f 1452/3014/758 1454/3015/759 1450/3010/758
f 1456/3016/759 1458/3017/760 1454/3018/759
f 1460/3019/761 1462/3020/762 1458/3017/760
f 1464/3021/762 1466/3022/763 1462/3020/762
f 1468/3023/763 1470/3024/764 1466/3022/763
f 1470/3024/764 1476/3025/765 1474/3026/765
f 1476/3027/765 1478/3028/766 1474/3029/765
f 1480/3030/767 1482/36/768 1478/3028/766
f 1484/37/768 1486/34/769 1482/36/768
f 1488/39/769 1490/3031/770 1486/34/769
f 1492/3032/771 1494/3033/772 1490/3031/770
f 1496/3034/772 1498/3035/773 1494/3036/772
f 1498/3035/773 1504/3037/774 1502/3038/774
f 1502/3038/774 1508/3039/775 1506/3040/775
f 1508/3039/775 1510/3041/776 1506/3040/775
f 1512/3042/777 1514/3043/778 1510/3041/776
f 1516/3044/778 1518/3013/779 1514/3045/778
f 1589/209/780 1545/21/780 1561/3046/780
f 1522/3047/781 1528/95/783 1526/3048/783
f 1596/210/805 1522/3047/781 1594/3049/805
f 1527/3050/782 1571/163/782 1555/134/782
f 1528/95/783 1530/3051/784 1526/3048/783
f 1532/3052/784 1534/3053/785 1530/3054/784
f 1536/3055/785 1538/3056/786 1534/3053/785
f 1540/49/786 1542/33/787 1538/3056/786
f 1544/51/788 1546/31/789 1542/33/787
f 1546/31/789 1552/3057/790 1550/3058/790
f 1552/3059/790 1554/139/791 1550/128/790
f 1556/3060/792 1558/138/793 1554/139/791
f 1558/138/793 1564/3061/795 1562/144/795
f 1562/144/795 1568/3062/797 1566/162/796
f 1566/162/796 1572/3063/798 1570/161/798
f 1572/3064/798 1574/176/799 1570/3065/798
f 1576/3066/799 1578/174/800 1574/176/799
f 1580/3067/801 1582/3068/802 1578/174/800
f 1582/3068/802 1588/3069/803 1586/3070/803
f 1586/3070/803 1592/3071/804 1590/3072/804
f 1590/3073/804 1596/210/805 1594/3049/805
f 1633/3074/806 1665/288/806 1605/113/806
f 1598/3075/807 1604/59/809 1602/3076/809
f 1672/293/826 1598/3075/807 1670/3077/826
f 1667/3078/808 1635/226/808 1619/3079/808
f 1602/3076/809 1608/60/810 1606/3080/810
f 1608/3081/810 1610/3082/811 1606/3083/810
f 1612/3084/811 1614/165/812 1610/3082/811
f 1614/165/812 1620/151/813 1618/125/813
f 1618/125/813 1624/3085/814 1622/3086/814
f 1622/3086/814 1628/3087/815 1626/3088/815
f 1628/3089/815 1630/218/816 1626/76/815
f 1630/218/816 1636/3090/817 1634/222/817
f 1636/3090/817 1638/228/818 1634/222/817
f 1640/3091/818 1642/237/819 1638/228/818
f 1642/237/819 1648/3092/820 1646/248/820
f 1648/3093/820 1650/258/821 1646/3094/820
f 1650/258/821 1656/265/822 1654/256/822
f 1656/265/822 1658/165/823 1654/256/822
f 1660/267/823 1662/3095/824 1658/165/823
f 1664/276/824 1666/3096/825 1662/3095/824
f 1666/3097/825 1672/293/826 1670/3077/826
f 1729/3098/827 1685/198/827 1701/3099/827
f 1676/378/828 1678/3100/830 1674/3101/828
f 1746/3102/850 1676/378/828 1674/3101/828
f 1699/136/829 1743/3103/829 1727/335/829
f 1678/3100/830 1684/7/832 1682/3104/832
f 1682/3105/832 1688/268/833 1686/3106/833
f 1686/3106/833 1692/234/834 1690/245/834
f 1692/234/834 1694/215/835 1690/245/834
f 1696/236/835 1698/3107/837 1694/215/835
f 1698/3107/837 1704/3108/839 1702/3109/838
f 1702/84/838 1708/3110/840 1706/308/840
f 1708/3110/840 1710/314/841 1706/308/840
f 1712/3111/841 1714/318/842 1710/314/841
f 1716/3112/842 1718/324/843 1714/318/842
f 1718/324/843 1724/3113/844 1722/331/844
f 1724/3114/844 1726/339/845 1722/3115/844
f 1728/3116/845 1730/346/846 1726/339/845
f 1732/3117/846 1734/3118/847 1730/346/846
f 1734/3118/847 1740/358/848 1738/3119/848
f 1740/358/848 1742/3120/849 1738/3119/848
f 1742/3121/849 1748/376/850 1746/3102/850
f 1805/3122/851 1761/183/851 1777/3123/851
f 1752/328/852 1754/3124/854 1750/3125/852
f 1824/462/872 1750/3125/852 1822/3126/872
f 1767/3127/853 1811/3128/853 1795/409/853
f 1754/3124/854 1760/104/855 1758/3129/855
f 1758/3130/855 1764/3131/856 1762/3132/856
f 1764/3131/856 1766/333/857 1762/3132/856
f 1768/3133/857 1770/301/858 1766/333/857
f 1772/320/858 1774/427/859 1770/301/858
f 1774/427/859 1780/3134/860 1778/3135/860
f 1778/381/860 1784/3136/861 1782/390/861
f 1784/3136/861 1786/400/862 1782/390/861
f 1788/3137/862 1790/405/863 1786/400/862
f 1790/405/863 1796/3138/865 1794/404/864
f 1794/404/864 1800/3139/866 1798/419/866
f 1798/3140/866 1804/3141/867 1802/427/867
f 1802/427/867 1808/428/868 1806/425/868
f 1808/428/868 1810/333/869 1806/425/868
f 1812/436/869 1814/3142/870 1810/333/869
f 1816/3143/870 1818/3130/871 1814/3142/870
f 1820/456/871 1822/3126/872 1818/3144/871
f 1881/3145/873 1837/3146/873 1853/468/873
f 1828/3147/874 1830/388/876 1826/438/874
f 1898/544/894 1828/3147/874 1826/438/874
f 1827/545/875 1871/3148/875 1855/3149/875
f 1830/388/876 1836/3150/877 1834/291/877
f 1834/3151/877 1840/3152/878 1838/3153/878
f 1838/3153/878 1844/516/879 1842/421/879
f 1844/516/879 1846/385/880 1842/421/879
f 1846/385/880 1852/146/881 1850/383/881
f 1852/146/881 1854/3154/882 1850/383/881
f 1854/3154/882 1860/3155/883 1858/3156/883
f 1860/472/883 1862/3157/884 1858/3158/883
f 1864/479/884 1866/3159/885 1862/3157/884
f 1866/3159/885 1872/490/887 1870/3160/886
f 1870/3161/886 1876/3162/888 1874/3163/888
f 1876/3162/888 1878/509/889 1874/3163/888
f 1880/3164/889 1882/385/890 1878/509/889
f 1882/385/890 1888/516/891 1886/3165/891
f 1888/516/891 1890/3153/892 1886/3165/891
f 1892/3166/892 1894/3167/893 1890/3153/892
f 1894/531/893 1900/3168/894 1898/544/894
f 1933/547/895 1965/3169/895 1905/3170/895
f 1904/3171/896 1906/476/898 1902/524/896
f 1974/618/916 1904/3171/896 1902/524/896
f 1903/625/897 1947/3172/897 1931/3173/897
f 1908/3174/898 1910/454/899 1906/476/898
f 1912/3175/899 1914/536/900 1910/3176/899
f 1916/3177/900 1918/496/902 1914/536/900
f 1918/496/902 1924/486/903 1922/3178/903
f 1924/486/903 1926/3179/904 1922/3178/903
f 1928/392/904 1930/3180/905 1926/3179/904
f 1932/449/905 1934/3181/906 1930/3182/905
f 1934/3181/906 1940/556/907 1938/3183/907
f 1938/3183/907 1944/562/908 1942/3184/908
f 1944/562/908 1946/3185/909 1942/3184/908
f 1946/3185/909 1952/572/910 1950/3186/910
f 1952/3187/910 1954/3188/911 1950/3189/910
f 1954/3188/911 1960/590/912 1958/595/912
f 1960/590/912 1962/593/913 1958/595/912
f 1964/597/913 1966/600/914 1962/593/913
f 1968/3190/914 1970/3191/915 1966/600/914
f 1970/607/915 1976/3192/916 1974/618/916
f 2005/254/917 2037/3193/917 1977/3194/917
f 1978/598/918 1984/3195/920 1982/553/920
f 2052/3196/937 1978/598/918 2050/703/937
f 2003/3197/919 2047/692/919 2031/3198/919
f 1984/3195/920 1986/433/921 1982/553/920
f 1988/3199/921 1990/621/922 1986/3200/921
f 1992/3201/922 1994/578/923 1990/621/922
f 1994/578/923 2000/362/924 1998/3202/924
f 2000/362/924 2002/3203/925 1998/3202/924
f 2002/3203/925 2008/3204/926 2006/3205/926
f 2006/3206/926 2012/633/927 2010/3207/927
f 2012/633/927 2014/3208/928 2010/3207/927
f 2014/3208/928 2020/645/929 2018/3209/929
f 2018/3209/929 2024/651/930 2022/3210/930
f 2024/651/930 2026/3211/931 2022/3210/930
f 2028/3212/931 2030/3213/932 2026/3214/931
f 2030/3213/932 2036/671/933 2034/674/933
f 2034/674/933 2040/677/934 2038/680/934
f 2040/677/934 2042/3215/935 2038/680/934
f 2044/3216/935 2046/3217/936 2042/3215/935
f 2046/687/936 2052/3196/937 2050/703/937
f 2093/725/938 2125/3218/938 2065/3219/938
f 2054/679/939 2060/3220/941 2058/635/941
f 2128/3221/959 2054/679/939 2126/786/959
f 2071/683/940 2115/768/940 2099/3222/940
f 2058/635/941 2064/3223/942 2062/541/942
f 2064/3224/942 2066/700/943 2062/3225/942
f 2068/3226/943 2070/661/944 2066/700/943
f 2072/3227/944 2074/3228/945 2070/661/944
f 2074/3228/945 2080/397/946 2078/3229/946
f 2078/3229/946 2084/583/947 2082/3230/947
f 2084/711/947 2086/3231/948 2082/3232/947
f 2088/713/949 2090/3233/950 2086/3231/948
f 2092/721/950 2094/3234/951 2090/3233/950
f 2096/726/951 2098/3235/952 2094/3234/951
f 2098/3235/952 2104/739/953 2102/3236/953
f 2102/3237/953 2108/748/954 2106/3238/954
f 2106/3238/954 2112/754/955 2110/759/955
f 2112/754/955 2114/757/956 2110/759/955
f 2116/761/956 2118/764/957 2114/757/956
f 2120/3239/957 2122/3225/958 2118/764/957
f 2122/772/958 2128/3221/959 2126/786/959
f 2185/903/960 2141/783/960 2157/506/960
f 2132/3240/961 2134/714/963 2130/762/961
f 2202/861/983 2132/3240/961 2130/762/961
f 2155/471/962 2199/851/962 2183/821/962
f 2136/3241/963 2138/3242/964 2134/714/963
f 2138/3243/964 2144/3244/965 2142/3245/965
f 2142/3245/965 2148/3246/967 2146/745/966
f 2146/745/966 2152/3247/968 2150/3248/968
f 2152/3247/968 2154/3249/969 2150/3248/968
f 2154/3249/969 2160/3250/970 2158/3251/970
f 2160/3252/970 2162/3253/971 2158/3254/970
f 2164/3255/972 2166/3256/973 2162/3253/971
f 2168/796/973 2170/3257/974 2166/3256/973
f 2172/804/974 2174/3258/975 2170/3257/974
f 2174/3258/975 2180/3259/976 2178/3260/976
f 2180/3261/976 2182/3262/977 2178/3263/976
f 2184/3264/977 2186/833/978 2182/3262/977
f 2188/3265/978 2190/831/979 2186/833/978
f 2192/3266/980 2194/3267/981 2190/831/979
f 2194/3267/981 2200/3268/982 2198/3269/982
f 2198/853/982 2204/3270/983 2202/861/983
f 2265/834/984 2221/731/984 2237/3271/984
f 2208/927/985 2210/3272/987 2206/3273/985
f 2280/923/1008 2206/3273/985 2278/3274/1008
f 2231/507/986 2275/919/986 2259/827/986
f 2210/3272/987 2216/626/988 2214/3275/988
f 2214/3276/988 2220/3277/989 2218/3278/989
f 2220/3277/989 2222/3279/990 2218/3278/989
f 2224/805/991 2226/3280/992 2222/3279/990
f 2228/807/992 2230/3281/993 2226/3280/992
f 2232/3282/993 2234/3283/994 2230/3281/993
f 2236/3284/994 2238/875/995 2234/3285/994
f 2240/3286/996 2242/873/997 2238/875/995
f 2244/3287/997 2246/879/998 2242/873/997
f 2248/3288/998 2250/3289/999 2246/879/998
f 2252/3290/1000 2254/3291/1001 2250/3289/999
f 2254/3292/1001 2260/3293/1002 2258/3294/1002
f 2260/3293/1002 2262/3295/1003 2258/3294/1002
f 2262/3295/1003 2268/906/1005 2266/3296/1004
f 2266/3296/1004 2272/3297/1006 2270/3298/1006
f 2270/3298/1006 2276/3299/1007 2274/3300/1007
f 2276/3301/1007 2278/3274/1008 2274/3302/1007
f 2309/3303/1009 2341/768/1009 2281/909/1009
f 2284/1005/1010 2286/3304/1012 2282/3305/1010
f 2356/1003/1031 2282/3305/1010 2354/3306/1031
f 2299/3307/1011 2343/3308/1011 2327/959/1011
f 2288/893/1012 2290/3309/1013 2286/3304/1012
f 2292/3310/1013 2294/3311/1014 2290/3312/1013
f 2296/912/1014 2298/897/1015 2294/3311/1014
f 2300/884/1015 2302/869/1016 2298/897/1015
f 2304/886/1017 2306/587/1018 2302/869/1016
f 2306/587/1018 2312/3313/1019 2310/3314/1019
f 2310/930/1019 2316/3315/1020 2314/941/1020
f 2316/3315/1020 2318/940/1021 2314/941/1020
f 2320/3316/1021 2322/954/1022 2318/940/1021
f 2324/3317/1022 2326/953/1023 2322/954/1022
f 2328/3318/1024 2330/960/1025 2326/953/1023
f 2330/968/1025 2336/3319/1026 2334/975/1026
f 2334/975/1026 2340/3320/1027 2338/978/1027
f 2340/3320/1027 2342/3321/1028 2338/978/1027
f 2344/980/1028 2346/3322/1029 2342/3321/1028
f 2348/990/1029 2350/3323/1030 2346/3322/1029
f 2350/3324/1030 2356/1003/1031 2354/3306/1031
f 2413/3325/1032 2369/1002/1032 2385/3326/1032
f 2360/966/1033 2362/3327/1035 2358/3328/1033
f 2432/1084/1053 2358/3328/1033 2430/3329/1053
f 2375/3330/1034 2419/3331/1034 2403/1037/1034
f 2362/3327/1035 2368/847/1036 2366/3332/1036
f 2366/3333/1036 2372/3334/1037 2370/3335/1037
f 2370/3335/1037 2376/987/1038 2374/971/1038
f 2374/971/1038 2380/955/1039 2378/935/1039
f 2378/935/1039 2384/3336/1040 2382/933/1040
f 2382/933/1040 2388/3337/1041 2386/3338/1041
f 2386/736/1041 2392/3339/1042 2390/1009/1042
f 2392/3339/1042 2394/1025/1043 2390/1009/1042
f 2396/3340/1043 2398/1024/1044 2394/1025/1043
f 2400/3341/1044 2402/1034/1045 2398/1024/1044
f 2404/3342/1046 2406/1041/1047 2402/1034/1045
f 2408/3337/1047 2410/1054/1048 2406/3343/1047
f 2410/1054/1048 2416/1062/1049 2414/1052/1049
f 2416/1062/1049 2418/1057/1050 2414/1052/1049
f 2420/1063/1050 2422/3344/1051 2418/1057/1050
f 2424/1070/1051 2426/3345/1052 2422/3344/1051
f 2428/1077/1052 2430/3329/1053 2426/3346/1052
f 2485/3347/1054 2441/996/1054 2457/3348/1054
f 2436/1049/1055 2438/3349/1058 2434/3350/1055
f 2508/1168/1077 2434/3350/1055 2506/3351/1077
f 2435/3352/1056 2479/1117/1056 2463/991/1056
f 2440/1050/1058 2442/3353/1059 2438/3349/1058
f 2444/3354/1059 2446/3355/1060 2442/3356/1059
f 2448/1064/1061 2450/1046/1062 2446/3355/1060
f 2452/1031/1062 2454/1006/1063 2450/1046/1062
f 2456/1033/1063 2458/3357/1064 2454/1006/1063
f 2460/3358/1064 2462/3359/1065 2458/3357/1064
f 2464/3360/1065 2466/1100/1066 2462/900/1065
f 2466/1100/1066 2472/3361/1067 2470/1107/1067
f 2470/1107/1067 2476/3362/1069 2474/1106/1069
f 2476/3362/1069 2478/1122/1070 2474/1106/1069
f 2478/1122/1070 2484/3363/1071 2482/1128/1071
f 2482/3364/1071 2488/3365/1072 2486/1135/1072
f 2488/3365/1072 2490/1134/1073 2486/1135/1072
f 2490/1134/1073 2496/1143/1074 2494/3366/1074
f 2494/3366/1074 2500/1150/1075 2498/3367/1075
f 2500/1150/1075 2502/3368/1076 2498/3367/1075
f 2502/3369/1076 2508/1168/1077 2506/3351/1077
f 2565/3370/1078 2521/1164/1078 2537/3371/1078
f 2510/3372/1079 2516/946/1081 2514/3373/1081
f 2584/1251/1100 2510/3372/1079 2582/3374/1100
f 2527/3375/1080 2571/3376/1080 2555/1199/1080
f 2514/3373/1081 2520/948/1082 2518/3377/1082
f 2520/3378/1082 2522/3379/1083 2518/3380/1082
f 2524/3381/1083 2526/1126/1084 2522/3379/1083
f 2528/1113/1084 2530/1088/1085 2526/1126/1084
f 2532/1015/1085 2534/1217/1086 2530/1088/1085
f 2534/1217/1086 2540/3382/1087 2538/3383/1087
f 2538/3383/1087 2544/3384/1089 2542/3385/1088
f 2544/3386/1089 2546/1182/1090 2542/1174/1088
f 2548/3387/1090 2550/1188/1091 2546/1182/1090
f 2550/1188/1091 2556/3388/1093 2554/1197/1092
f 2556/3389/1093 2558/3383/1094 2554/3390/1092
f 2558/3383/1094 2564/1218/1095 2562/1217/1095
f 2562/1217/1095 2568/1220/1096 2566/1215/1096
f 2568/1220/1096 2570/1221/1097 2566/1215/1096
f 2572/1227/1097 2574/3391/1098 2570/1221/1097
f 2576/3392/1098 2578/3380/1099 2574/3391/1098
f 2580/1244/1099 2582/3374/1100 2578/3393/1099
f 2617/1255/1101 2649/3394/1101 2589/3395/1101
f 2588/3396/1102 2590/1184/1104 2586/1233/1102
f 2658/1332/1122 2588/3396/1102 2586/1233/1102
f 2587/1333/1103 2631/3397/1103 2615/3398/1103
f 2592/3399/1104 2594/1154/1105 2590/1184/1104
f 2596/3400/1105 2598/3401/1106 2594/3402/1105
f 2598/3401/1106 2604/3403/1107 2602/1208/1107
f 2602/1208/1107 2608/1097/1108 2606/1171/1108
f 2608/1097/1108 2610/1295/1109 2606/1171/1108
f 2610/1295/1109 2616/3404/1110 2614/3405/1110
f 2616/1157/1110 2618/3406/1111 2614/3407/1110
f 2620/1261/1112 2622/3408/1113 2618/3406/1111
f 2624/1267/1113 2626/3409/1114 2622/3408/1113
f 2626/3409/1114 2632/1279/1115 2630/3410/1115
f 2632/1279/1115 2634/3411/1116 2630/3410/1115
f 2636/3412/1116 2638/1295/1117 2634/3413/1116
f 2638/1295/1117 2644/1301/1118 2642/1302/1118
f 2642/1302/1118 2648/1304/1119 2646/1208/1119
f 2646/1208/1119 2652/3414/1120 2650/3415/1120
f 2652/3414/1120 2654/3416/1121 2650/3415/1120
f 2654/1319/1121 2660/3417/1122 2658/1332/1122
f 2721/3418/1123 2677/3419/1123 2693/1343/1123
f 2662/1311/1124 2668/3420/1127 2666/1265/1127
f 2736/3421/1149 2662/1311/1124 2734/1409/1149
f 2663/1289/1125 2707/3422/1125 2691/3423/1125
f 2666/1265/1127 2672/3424/1129 2670/7/1129
f 2672/3425/1129 2674/1323/1130 2670/3426/1129
f 2676/3427/1130 2678/1284/1131 2674/1323/1130
f 2680/3428/1131 2682/3429/1132 2678/1284/1131
f 2684/1274/1132 2686/3430/1133 2682/3429/1132
f 2688/1179/1133 2690/3431/1134 2686/3430/1133
f 2692/1243/1135 2694/3432/1136 2690/3433/1134
f 2696/1338/1137 2698/3434/1138 2694/3432/1136
f 2698/3434/1138 2704/1350/1139 2702/3435/1139
f 2702/3435/1139 2708/1356/1141 2706/3436/1140
f 2706/3436/1140 2712/1360/1143 2710/3437/1142
f 2710/3438/1142 2716/3439/1144 2714/3440/1144
f 2716/3439/1144 2718/1383/1145 2714/3440/1144
f 2720/1379/1145 2722/1381/1146 2718/1383/1145
f 2722/1381/1146 2728/3441/1147 2726/1388/1147
f 2728/3441/1147 2730/3442/1148 2726/1388/1147
f 2730/365/1148 2736/3421/1149 2734/1409/1149
f 2793/3443/1150 2749/3444/1150 2765/1415/1150
f 2738/1387/1151 2744/3445/1153 2742/1341/1153
f 2812/3446/1170 2738/1387/1151 2810/1475/1170
f 2763/3447/1152 2807/1473/1152 2791/3448/1152
f 2744/3445/1153 2746/1225/1154 2742/1341/1153
f 2748/3449/1154 2750/1406/1155 2746/3450/1154
f 2752/3451/1155 2754/1368/1156 2750/1406/1155
f 2756/1354/1156 2758/1366/1157 2754/1368/1156
f 2758/1366/1157 2764/1061/1158 2762/3452/1158
f 2764/1061/1158 2766/3453/1159 2762/3452/1158
f 2766/3454/1159 2772/1418/1160 2770/3455/1160
f 2772/1418/1160 2774/3456/1161 2770/3455/1160
f 2776/222/1161 2778/3457/1162 2774/3456/1161
f 2778/3457/1162 2784/1436/1163 2782/3458/1163
f 2784/1436/1163 2786/3459/1164 2782/3458/1163
f 2786/3460/1164 2792/3461/1165 2790/3462/1165
f 2790/3462/1165 2796/1455/1166 2794/1458/1166
f 2796/1455/1166 2798/1464/1167 2794/1458/1166
f 2800/1354/1167 2802/3463/1168 2798/1464/1167
f 2804/3464/1168 2806/3465/1169 2802/3463/1168
f 2808/3466/1169 2810/1475/1170 2806/1476/1169
f 2877/1545/1171 2833/1417/1171 2849/1502/1171
f 2816/3467/1172 2818/1420/1174 2814/1462/1172
f 2888/3468/1195 2814/1462/1172 2886/1554/1195
f 2831/1466/1173 2875/1534/1173 2859/3469/1173
f 2818/1420/1174 2824/3470/1175 2822/3471/1175
f 2822/3472/1175 2828/3473/1176 2826/3474/1176
f 2826/3474/1176 2832/3475/1177 2830/1445/1177
f 2832/3475/1177 2834/3476/1178 2830/1445/1177
f 2834/3476/1178 2840/1192/1179 2838/3477/1179
f 2840/1192/1179 2842/3478/1180 2838/3477/1179
f 2842/3479/1180 2848/1490/1182 2846/3480/1181
f 2846/3480/1181 2852/138/1184 2850/3481/1183
f 2850/3481/1183 2856/144/1185 2854/3482/1185
f 2856/144/1185 2858/3483/1186 2854/3482/1185
f 2860/1509/1187 2862/3484/1188 2858/3483/1186
f 2864/3485/1188 2866/3486/1189 2862/3487/1188
f 2868/1527/1189 2870/1532/1190 2866/3486/1189
f 2872/1529/1191 2874/1530/1192 2870/1532/1190
f 2876/3488/1192 2878/3489/1193 2874/1530/1192
f 2880/3490/1193 2882/3491/1194 2878/3489/1193
f 2884/3492/1194 2886/1554/1195 2882/1549/1194
f 2945/1597/757 2901/1426/757 2917/1293/757
f 2892/3493/1196 2894/3494/1197 2890/3495/1196
f 2964/3496/1218 2890/3495/1196 2962/3497/1218
f 2915/1259/2 2959/1615/2 2943/1594/2
f 2896/3498/1197 2898/3499/1198 2894/3494/1197
f 2900/3500/1198 2902/3501/1199 2898/3502/1198
f 2904/3503/1200 2906/3504/1201 2902/3501/1199
f 2906/3504/1201 2912/3505/1202 2910/3506/1202
f 2910/3506/1202 2916/3507/1203 2914/3508/1203
f 2916/3507/1203 2918/3509/1204 2914/3508/1203
f 2920/3510/1204 2922/3511/1205 2918/3512/1204
f 2924/3513/1206 2926/37/1207 2922/3511/1205
f 2928/36/1207 2930/39/1208 2926/37/1207
f 2932/34/1208 2934/3514/1209 2930/39/1208
f 2936/3515/1210 2938/3516/1211 2934/3514/1209
f 2938/3517/1211 2944/3518/1212 2942/3519/1212
f 2944/3518/1212 2946/3520/1213 2942/3519/1212
f 2948/3521/1213 2950/3522/1214 2946/3520/1213
f 2952/3523/1214 2954/3524/1215 2950/3522/1214
f 2956/3525/1216 2958/3526/1217 2954/3524/1215
f 2960/3527/1217 2962/3497/1218 2958/3528/1217
f 3029/1694/782 2985/1433/782 3001/3529/782
f 2966/3530/1219 2972/1593/1220 2970/3531/1220
f 3038/3532/1241 2968/1592/1219 2966/3530/1219
f 3035/1697/780 3003/1640/780 2987/3533/780
f 2972/1593/1220 2974/3534/1221 2970/3531/1220
f 2976/3535/1221 2978/3536/1222 2974/3537/1221
f 2980/3538/1222 2982/3539/1223 2978/3536/1222
f 2982/3539/1223 2988/1577/1224 2986/1558/1224
f 2988/1577/1224 2990/1556/1225 2986/1558/1224
f 2992/3540/1225 2994/3541/1226 2990/1556/1225
f 2994/1625/1226 3000/3542/1228 2998/1636/1227
f 2998/1636/1227 3004/3543/1230 3002/1635/1229
f 3004/3543/1230 3006/1641/1231 3002/1635/1229
f 3008/3544/1231 3010/1659/1232 3006/1641/1231
f 3012/3545/1233 3014/1658/1234 3010/1659/1232
f 3014/3546/1234 3020/3547/1235 3018/1668/1235
f 3018/1668/1235 3024/3548/1237 3022/3549/1236
f 3022/3549/1236 3028/1678/1238 3026/3550/1238
f 3026/3550/1238 3032/3551/1239 3030/3552/1239
f 3030/3552/1239 3036/3553/1240 3034/3554/1240
f 3036/3555/1240 3038/3532/1241 3034/3556/1240
f 3093/3557/808 3049/1611/808 3065/3558/808
f 3044/1790/1242 3046/3559/1243 3042/3560/1242
f 3114/3561/1261 3044/1790/1242 3042/3560/1242
f 3059/3562/806 3103/3563/806 3087/1735/806
f 3048/1666/1243 3050/3564/1244 3046/3559/1243
f 3050/3565/1244 3056/1681/1245 3054/3566/1245
f 3056/1681/1245 3058/1662/1246 3054/3566/1245
f 3058/1662/1246 3064/1650/1247 3062/1622/1247
f 3064/1650/1247 3066/3567/1248 3062/1622/1247
f 3068/3568/1248 3070/3569/1249 3066/3567/1248
f 3072/3570/1249 3074/1711/1250 3070/1512/1249
f 3074/1711/1250 3080/3571/1251 3078/1720/1251
f 3080/3571/1251 3082/1733/1252 3078/1720/1251
f 3082/1733/1252 3088/3572/1254 3086/1740/1253
f 3086/1740/1253 3092/3573/1255 3090/1746/1255
f 3090/3574/1255 3096/3575/1256 3094/1754/1256
f 3094/1754/1256 3100/3576/1257 3098/1752/1257
f 3100/3576/1257 3102/1757/1258 3098/1752/1257
f 3104/1762/1258 3106/3577/1259 3102/1757/1258
f 3108/1770/1259 3110/3578/1260 3106/3577/1259
f 3112/1780/1260 3114/3561/1261 3110/3579/1260
f 3173/3580/829 3129/1784/829 3145/3581/829
f 3120/1748/1262 3122/3582/1263 3118/3583/1262
f 3192/1862/1284 3118/3583/1262 3190/3584/1284
f 3119/3585/827 3163/1817/827 3147/1695/827
f 3124/1571/1263 3126/3586/1264 3122/3582/1263
f 3126/3587/1264 3132/1763/1265 3130/3588/1265
f 3132/1763/1265 3134/1744/1266 3130/3588/1265
f 3134/1744/1266 3140/1730/1267 3138/1710/1267
f 3140/1730/1267 3142/1708/1268 3138/1710/1267
f 3144/3589/1268 3146/3590/1269 3142/1708/1268
f 3148/3591/1270 3150/1794/1271 3146/1583/1269
f 3152/3592/1272 3154/1808/1273 3150/1794/1271
f 3156/3593/1273 3158/1807/1274 3154/1808/1273
f 3160/3594/1274 3162/1815/1275 3158/1807/1274
f 3164/3595/1276 3166/1825/1277 3162/1815/1275
f 3168/3596/1278 3170/1835/1279 3166/3590/1277
f 3172/3589/1279 3174/1833/1280 3170/1835/1279
f 3176/3597/1280 3178/3598/1281 3174/1833/1280
f 3178/3598/1281 3184/1852/1282 3182/3588/1282
f 3184/1852/1282 3186/3599/1283 3182/3588/1282
f 3186/3600/1283 3192/1862/1284 3190/3584/1284
f 3253/1925/853 3209/3601/853 3225/3602/853
f 3194/3603/1285 3200/1643/1286 3198/3604/1286
f 3266/3605/1305 3196/1948/1285 3194/3603/1285
f 3211/3606/851 3255/3607/851 3239/1895/851
f 3200/1643/1286 3202/3608/1287 3198/3604/1286
f 3204/3609/1287 3206/3610/1288 3202/3611/1287
f 3206/3610/1288 3212/1813/1289 3210/1822/1289
f 3212/1813/1289 3214/1791/1290 3210/1822/1289
f 3216/1717/1290 3218/3612/1291 3214/1791/1290
f 3220/1719/1291 3222/3613/1292 3218/3612/1291
f 3222/1655/1292 3228/3614/1294 3226/1868/1293
f 3226/1868/1293 3232/3615/1295 3230/1877/1295
f 3232/3615/1295 3234/1887/1296 3230/1877/1295
f 3236/3616/1296 3238/1897/1297 3234/1887/1296
f 3240/3617/1298 3242/1906/1299 3238/1897/1297
f 3242/3618/1299 3248/3619/1300 3246/1912/1300
f 3248/3619/1300 3250/1791/1301 3246/1912/1300
f 3252/1913/1301 3254/3620/1302 3250/1791/1301
f 3254/3620/1302 3260/3621/1303 3258/3622/1303
f 3260/3621/1303 3262/3623/1304 3258/3622/1303
f 3264/1940/1304 3266/3605/1305 3262/3624/1304
f 3325/3625/875 3281/3626/875 3297/1377/875
f 3272/3627/1306 3274/1875/1307 3270/1923/1306
f 3344/3628/1325 3270/1923/1306 3342/2026/1325
f 3339/2022/873 3307/3629/873 3291/3630/873
f 3274/1875/1307 3280/3631/1308 3278/1759/1308
f 3280/3632/1308 3282/3633/1309 3278/3634/1308
f 3284/3635/1309 3286/1909/1310 3282/3633/1309
f 3288/3636/1310 3290/1872/1311 3286/1909/1310
f 3290/1872/1311 3296/1600/1312 3294/1870/1312
f 3296/1600/1312 3298/3637/1313 3294/1870/1312
f 3300/3638/1313 3302/3639/1314 3298/3637/1313
f 3302/3640/1314 3308/1964/1316 3306/3641/1316
f 3308/1964/1316 3310/3642/1317 3306/3641/1316
f 3312/1972/1317 3314/3643/1318 3310/3642/1317
f 3314/3639/1318 3320/3644/1319 3318/3645/1319
f 3320/3644/1319 3322/1870/1320 3318/3645/1319
f 3324/1600/1320 3326/1995/1321 3322/1870/1320
f 3326/1995/1321 3332/2003/1322 3330/1909/1322
f 3330/1909/1322 3336/3646/1323 3334/3647/1323
f 3336/3646/1323 3338/3634/1324 3334/3647/1323
f 3340/3648/1324 3342/2026/1325 3338/2018/1324
f 3385/2056/897 3417/3649/897 3357/3650/897
f 3348/3651/1326 3350/1963/1327 3346/2011/1326
f 3420/3652/1347 3346/2011/1326 3418/2105/1347
f 3415/2101/895 3383/3653/895 3367/3654/895
f 3350/1963/1327 3356/3655/1329 3354/1936/1329
f 3356/3656/1329 3358/2024/1330 3354/3657/1329
f 3360/3658/1330 3362/1986/1331 3358/2024/1330
f 3362/1986/1331 3368/1879/1332 3366/3659/1332
f 3368/1879/1332 3370/3660/1333 3366/3659/1332
f 3372/1881/1333 3374/3661/1334 3370/3660/1333
f 3376/1933/1334 3378/3662/1335 3374/3663/1334
f 3378/3662/1335 3384/2047/1337 3382/3664/1336
f 3382/3664/1336 3388/2051/1339 3386/3665/1338
f 3388/2051/1339 3390/3666/1340 3386/3665/1338
f 3390/3666/1340 3396/2063/1341 3394/3667/1341
f 3394/3668/1341 3400/2075/1342 3398/3669/1342
f 3398/3669/1342 3404/1879/1343 3402/2077/1343
f 3404/1879/1343 3406/2088/1344 3402/2077/1343
f 3406/2088/1344 3412/3670/1345 3410/2087/1345
f 3412/3670/1345 3414/3657/1346 3410/2087/1345
f 3416/3671/1346 3418/2105/1347 3414/2106/1346
f 3481/3672/919 3437/3673/919 3453/2121/919
f 3424/3674/1348 3426/2045/1349 3422/2089/1348
f 3496/3675/1366 3422/2089/1348 3494/2181/1366
f 3491/2177/917 3459/3676/917 3443/3677/917
f 3428/3678/1349 3430/2017/1350 3426/2045/1349
f 3432/3679/1350 3434/2104/1351 3430/3680/1350
f 3436/3681/1351 3438/2067/1352 3434/2104/1351
f 3440/2163/1352 3442/2065/1353 3438/2067/1352
f 3444/2053/1353 3446/3682/1354 3442/2065/1353
f 3446/3682/1354 3452/3683/1355 3450/3684/1355
f 3450/3685/1355 3456/2118/1356 3454/3686/1356
f 3456/2118/1356 3458/3687/1357 3454/3686/1356
f 3460/2125/1357 3462/3688/1358 3458/3687/1357
f 3462/3688/1358 3468/2136/1359 3466/3689/1359
f 3468/2136/1359 3470/3690/1360 3466/3689/1359
f 3470/3691/1360 3476/3692/1361 3474/3693/1361
f 3474/3693/1361 3480/2157/1362 3478/2162/1362
f 3478/2162/1362 3484/2163/1363 3482/2160/1363
f 3484/2163/1363 3486/3694/1364 3482/2160/1363
f 3488/3695/1364 3490/3696/1365 3486/3694/1364
f 3490/2182/1365 3496/3675/1366 3494/2181/1366
f 3557/3697/940 3513/3698/940 3529/2201/940
f 3500/3699/1367 3502/2122/1368 3498/2169/1367
f 3572/3700/1387 3498/2169/1367 3570/2269/1387
f 3515/2166/938 3559/2251/938 3543/3701/938
f 3504/3702/1368 3506/2096/1369 3502/2122/1368
f 3508/3703/1369 3510/2180/1370 3506/3704/1369
f 3512/3705/1370 3514/2142/1371 3510/2180/1370
f 3514/2142/1371 3520/2040/1373 3518/3706/1372
f 3518/3706/1372 3524/2042/1374 3522/3707/1374
f 3522/3707/1374 3528/2099/1375 3526/3708/1375
f 3528/2194/1375 3530/3709/1376 3526/3710/1375
f 3532/2196/1377 3534/3711/1378 3530/3709/1376
f 3536/940/1378 3538/3712/1379 3534/3711/1378
f 3540/2211/1379 3542/3318/1380 3538/3712/1379
f 3542/3318/1380 3548/2225/1381 3546/3713/1381
f 3548/3714/1381 3550/3715/1382 3546/3716/1381
f 3550/3715/1382 3556/2239/1383 3554/2241/1383
f 3556/2239/1383 3558/2248/1384 3554/2241/1383
f 3558/2248/1384 3564/3717/1385 3562/3718/1385
f 3562/3718/1385 3568/3719/1386 3566/3720/1386
f 3566/2263/1386 3572/3700/1387 3570/2269/1387
f 3629/3721/962 3585/2266/962 3601/1738/962
f 3576/3722/1388 3578/2197/1389 3574/2246/1388
f 3646/2348/1410 3576/3722/1388 3574/2246/1388
f 3643/2345/960 3611/3723/960 3595/1916/960
f 3578/2197/1389 3584/3724/1390 3582/3725/1390
f 3582/3726/1390 3588/3727/1391 3586/3728/1391
f 3586/3728/1391 3592/3729/1393 3590/2230/1392
f 3590/2230/1392 3596/3730/1394 3594/3731/1394
f 3596/3730/1394 3598/3732/1395 3594/3731/1394
f 3598/3732/1395 3604/3733/1396 3602/3734/1396
f 3604/3735/1396 3606/3736/1397 3602/3737/1396
f 3608/2286/1398 3610/3738/1399 3606/3736/1397
f 3612/2288/1399 3614/3739/1400 3610/3738/1399
f 3614/3739/1400 3620/2302/1402 3618/3740/1401
f 3618/3740/1401 3624/3741/1403 3622/3742/1403
f 3624/3743/1403 3626/3744/1404 3622/3745/1403
f 3628/3746/1404 3630/2324/1405 3626/3744/1404
f 3632/3747/1405 3634/2322/1406 3630/2324/1405
f 3636/3748/1407 3638/3749/1408 3634/2322/1406
f 3640/3750/1408 3642/3751/1409 3638/3749/1408
f 3644/3752/1409 3646/2348/1410 3642/2350/1409
f 3689/3753/986 3721/2433/986 3661/2259/986
f 3652/2434/1411 3654/3754/1412 3650/3755/1411
f 3722/3756/1432 3652/2434/1411 3650/3755/1411
f 3675/2203/984 3719/2425/984 3703/2397/984
f 3656/2314/1412 3658/3757/1413 3654/3754/1412
f 3660/3758/1413 3662/3759/1414 3658/3760/1413
f 3662/3759/1414 3668/2296/1416 3666/3761/1415
f 3666/3761/1415 3672/2298/1417 3670/3762/1417
f 3670/3762/1417 3676/3763/1418 3674/3764/1418
f 3676/3763/1418 3678/3765/1419 3674/3764/1418
f 3678/3766/1419 3684/3767/1421 3682/2367/1420
f 3682/2367/1420 3688/3768/1422 3686/2365/1422
f 3688/3768/1422 3690/2372/1423 3686/2365/1422
f 3690/2372/1423 3696/3769/1424 3694/2379/1424
f 3696/3769/1424 3698/3770/1425 3694/2379/1424
f 3700/3771/1425 3702/3772/1426 3698/3773/1425
f 3704/3774/1426 3706/3775/1427 3702/3772/1426
f 3708/2407/1427 3710/3776/1428 3706/3775/1427
f 3712/2409/1429 3714/3777/1430 3710/3776/1428
f 3714/3777/1430 3720/3778/1431 3718/3779/1431
f 3720/2430/1431 3722/3756/1432 3718/3780/1431
f 3785/2494/1011 3741/2166/1011 3757/3781/1011
f 3726/3782/1433 3732/2395/1434 3730/3783/1434
f 3800/2514/1454 3726/3782/1433 3798/3784/1454
f 3795/3785/1009 3763/2450/1009 3747/2280/1009
f 3730/3783/1434 3736/2206/1435 3734/3786/1435
f 3734/3787/1435 3740/2410/1436 3738/3788/1436
f 3738/3788/1436 3744/2376/1437 3742/2392/1437
f 3742/2392/1437 3748/2378/1439 3746/2356/1438
f 3746/2356/1438 3752/3789/1440 3750/2221/1440
f 3750/2221/1440 3756/3790/1441 3754/3791/1441
f 3754/2440/1441 3760/3792/1442 3758/2438/1442
f 3760/3792/1442 3762/2452/1443 3758/2438/1442
f 3764/3793/1443 3766/2461/1444 3762/2452/1443
f 3768/3794/1444 3770/2465/1445 3766/2461/1444
f 3772/3795/1446 3774/3796/1447 3770/2465/1445
f 3776/3797/1447 3778/2471/1448 3774/2473/1447
f 3780/3798/1448 3782/2480/1449 3778/2471/1448
f 3784/2487/1450 3786/2485/1451 3782/2480/1449
f 3788/2489/1451 3790/3799/1452 3786/2485/1451
f 3792/2498/1452 3794/3787/1453 3790/3799/1452
f 3794/3800/1453 3800/2514/1454 3798/3784/1454
f 3841/3801/1034 3873/2595/1034 3813/2418/1034
f 3804/2474/1455 3806/3802/1456 3802/3803/1455
f 3876/2598/1475 3802/3803/1455 3874/3804/1475
f 3819/3805/1032 3863/3806/1032 3847/2547/1032
f 3808/2291/1456 3810/3807/1457 3806/3802/1456
f 3812/3808/1457 3814/3809/1458 3810/3810/1457
f 3816/3811/1458 3818/2469/1459 3814/3809/1458
f 3820/2490/1459 3822/2437/1460 3818/2469/1459
f 3822/2437/1460 3828/3812/1461 3826/2435/1461
f 3828/3812/1461 3830/3813/1462 3826/2435/1461
f 3830/2303/1462 3836/3814/1464 3834/2528/1463
f 3834/2528/1463 3840/3815/1465 3838/2538/1465
f 3838/2538/1465 3844/3816/1466 3842/2542/1466
f 3844/3816/1466 3846/2550/1467 3842/2542/1466
f 3848/3817/1468 3850/2549/1469 3846/2550/1467
f 3852/3818/1469 3854/2564/1470 3850/3819/1469
f 3856/3820/1470 3858/2562/1471 3854/2564/1470
f 3860/2572/1471 3862/2570/1472 3858/2562/1471
f 3864/2574/1472 3866/3821/1473 3862/2570/1472
f 3868/2582/1473 3870/3822/1474 3866/3821/1473
f 3872/2591/1474 3874/3804/1475 3870/3823/1474
f 3933/3824/1056 3889/2596/1056 3905/3825/1056
f 3880/2554/1476 3882/3826/1477 3878/3827/1476
f 3952/2674/1495 3878/3827/1476 3950/3828/1495
f 3947/3829/1054 3915/2613/1054 3899/1949/1054
f 3884/2325/1477 3886/3830/1478 3882/3826/1477
f 3888/3831/1478 3890/3832/1479 3886/3833/1478
f 3890/3832/1479 3896/2579/1480 3894/2559/1480
f 3894/2559/1480 3900/2544/1481 3898/2523/1481
f 3898/2523/1481 3904/3834/1482 3902/2521/1482
f 3904/3834/1482 3906/3835/1483 3902/2521/1482
f 3906/2604/1483 3912/3836/1484 3910/2608/1484
f 3912/3836/1484 3914/2614/1485 3910/2608/1484
f 3916/3837/1485 3918/2622/1486 3914/2614/1485
f 3920/3838/1486 3922/2621/1487 3918/2622/1486
f 3922/2621/1487 3928/3839/1488 3926/2631/1488
f 3926/3840/1488 3932/3841/1489 3930/2640/1489
f 3930/2640/1489 3936/2544/1490 3934/2523/1490
f 3934/2523/1490 3940/2579/1491 3938/3842/1491
f 3940/2579/1491 3942/3843/1492 3938/3842/1491
f 3944/2657/1493 3946/3844/1494 3942/3843/1492
f 3948/2666/1494 3950/3828/1495 3946/3845/1494
f 3993/3846/1080 4025/2749/1080 3965/2668/1080
f 3956/2633/1496 3958/3847/1497 3954/3848/1496
f 4026/3849/1516 3956/2633/1496 3954/3848/1496
f 3979/1378/1078 4023/3850/1078 4007/2716/1078
f 3960/2441/1497 3962/3851/1498 3958/3847/1497
f 3964/3852/1498 3966/3853/1499 3962/3854/1498
f 3968/3855/1499 3970/2629/1500 3966/3853/1499
f 3970/2629/1500 3976/2619/1501 3974/2603/1501
f 3974/2603/1501 3980/2530/1502 3978/2601/1502
f 3980/2530/1502 3982/3856/1503 3978/2601/1502
f 3984/3857/1503 3986/3858/1504 3982/3856/1503
f 3988/3859/1505 3990/2689/1506 3986/2680/1504
f 3990/2689/1506 3996/3860/1507 3994/2700/1507
f 3996/3860/1507 3998/2699/1508 3994/2700/1507
f 4000/3861/1509 4002/3856/1510 3998/3858/1508
f 4002/3856/1510 4008/2530/1511 4006/2720/1511
f 4006/2720/1511 4012/2726/1512 4010/2728/1512
f 4010/2728/1512 4016/2730/1513 4014/3862/1513
f 4016/2730/1513 4018/3863/1514 4014/3862/1513
f 4020/3864/1514 4022/3865/1515 4018/3863/1514
f 4022/3866/1515 4028/2753/1516 4026/3849/1516
f 4065/2774/1103 4097/3867/1103 4037/3868/1103
f 4032/3869/1517 4034/2688/1518 4030/2733/1517
f 4102/2832/1536 4032/3869/1517 4030/2733/1517
f 4047/374/1101 4091/440/1101 4075/3870/1101
f 4036/3871/1518 4038/2569/1519 4034/2688/1518
f 4040/3872/1519 4042/3873/1520 4038/3874/1519
f 4044/3875/1520 4046/2714/1521 4042/3873/1520
f 4048/3876/1521 4050/2684/1522 4046/2714/1521
f 4052/2499/1522 4054/2682/1523 4050/2684/1522
f 4056/2501/1523 4058/3877/1524 4054/2682/1523
f 4060/2645/1524 4062/3878/1525 4058/3879/1524
f 4064/2762/1526 4066/3880/1527 4062/3878/1525
f 4068/2771/1527 4070/3881/1528 4066/3880/1527
f 4070/3881/1528 4076/2782/1529 4074/3882/1529
f 4076/2782/1529 4078/3883/1530 4074/3882/1529
f 4078/3877/1530 4084/2799/1531 4082/2798/1531
f 4084/2799/1531 4086/2796/1532 4082/2798/1531
f 4086/2796/1532 4092/2806/1533 4090/3884/1533
f 4092/2806/1533 4094/3885/1534 4090/3884/1533
f 4094/3885/1534 4100/3886/1535 4098/3887/1535
f 4100/3888/1535 4102/2832/1536 4098/2826/1535
f 4161/344/1125 4117/3889/1125 4133/2836/1125
f 4108/3890/1537 4110/2765/1538 4106/2809/1537
f 4180/3891/1557 4106/2809/1537 4178/2898/1557
f 4107/2788/1123 4151/3892/1123 4135/3099/1123
f 4112/3893/1538 4114/2673/1539 4110/2765/1538
f 4116/3894/1539 4118/2829/1540 4114/3895/1539
f 4118/2829/1540 4124/2779/1541 4122/2793/1541
f 4124/2779/1541 4126/2791/1542 4122/2793/1541
f 4126/2791/1542 4132/2537/1543 4130/3896/1543
f 4130/3896/1543 4136/3897/1545 4134/3898/1544
f 4134/3899/1544 4140/2837/1546 4138/3900/1546
f 4140/2837/1546 4142/3901/1547 4138/3900/1546
f 4144/2843/1547 4146/3902/1548 4142/3901/1547
f 4148/2848/1548 4150/3903/1549 4146/3902/1548
f 4150/3903/1549 4156/2858/1551 4154/3904/1550
f 4154/3905/1550 4160/3906/1552 4158/3907/1552
f 4158/3907/1552 4164/2872/1553 4162/2791/1553
f 4162/2791/1553 4168/2877/1554 4166/2793/1554
f 4166/2793/1554 4172/3908/1555 4170/3909/1555
f 4170/3909/1555 4176/3910/1556 4174/3911/1556
f 4176/3912/1556 4178/2898/1557 4174/2887/1556
f 4245/3913/1152 4201/2834/1152 4217/2913/1152
f 4182/2883/1558 4188/3914/1559 4186/2841/1559
f 4256/3915/1576 4182/2883/1558 4254/2954/1576
f 4183/2960/1150 4227/3916/1150 4211/3917/1150
f 4188/3914/1559 4190/2821/1560 4186/2841/1559
f 4190/3918/1560 4196/3919/1561 4194/2893/1561
f 4196/3919/1561 4198/2862/1562 4194/2893/1561
f 4198/2862/1562 4204/2768/1563 4202/2860/1563
f 4202/2860/1563 4208/2770/1564 4206/3920/1564
f 4208/2770/1564 4210/3921/1565 4206/3920/1564
f 4212/2818/1565 4214/3922/1566 4210/3923/1565
f 4214/3922/1566 4220/2911/1567 4218/3924/1567
f 4220/2911/1567 4222/3925/1568 4218/3924/1567
f 4224/2915/1568 4226/3926/1569 4222/3925/1568
f 4226/3926/1569 4232/2924/1570 4230/3927/1570
f 4232/3928/1570 4234/3920/1571 4230/3929/1570
f 4236/2935/1571 4238/2940/1572 4234/3920/1571
f 4238/2940/1572 4244/2942/1573 4242/2938/1573
f 4244/2942/1573 4246/3930/1574 4242/2938/1573
f 4248/3931/1574 4250/3932/1575 4246/3930/1574
f 4252/3933/1575 4254/2954/1576 4250/2949/1575
f 4285/2638/1173 4317/2995/1173 4257/3934/1173
f 4260/3935/1577 4262/2905/1578 4258/2943/1577
f 4332/3936/1599 4258/2943/1577 4330/3002/1599
f 4283/3937/1171 4327/3000/1171 4311/2985/1171
f 4264/3938/1578 4266/3939/1579 4262/2905/1578
f 4266/3940/1579 4272/3941/1580 4270/3942/1580
f 4270/3942/1580 4276/3943/1581 4274/2932/1581
f 4276/3943/1581 4278/2930/1582 4274/2932/1581
f 4280/2741/1583 4282/3944/1584 4278/2930/1582
f 4284/2743/1584 4286/3945/1585 4282/3944/1584
f 4288/2963/1585 4290/3946/1586 4286/3947/1585
f 4292/2965/1587 4294/3948/1588 4290/3946/1586
f 4294/3948/1588 4300/2972/1591 4298/3949/1590
f 4300/2972/1591 4302/3950/1592 4298/3949/1590
f 4302/3950/1592 4308/2980/1593 4306/3951/1593
f 4306/3952/1593 4312/3953/1594 4310/3954/1594
f 4310/3954/1594 4316/2987/1595 4314/2990/1595
f 4316/2987/1595 4318/3955/1596 4314/2990/1595
f 4320/3956/1596 4322/3957/1597 4318/3955/1596
f 4324/3958/1597 4326/3959/1598 4322/3957/1597
f 4326/3004/1598 4332/3936/1599 4330/3002/1599
f 1364/1/716 1363/52/716 1369/2/719
f 1401/4/736 1384/73/726 1383/5/726
f 1347/7/706 1346/249/707 1345/8/707
f 1426/10/746 1423/19/746 1385/6/727
f 1361/11/714 1366/3/717 1365/2/717
f 1389/13/729 1388/119/729 1387/14/728
f 1410/16/742 1419/3960/742 1418/17/743
f 1443/10/756 1401/4/736 1409/6/736
f 1445/20/752 1432/3961/752 1431/21/751
f 1436/23/754 1441/65/754 1430/24/748
f 1351/26/709 1361/11/714 1360/12/714
f 1415/28/715 1434/60/733 1398/29/733
f 1446/31/751 1431/3962/751 1420/32/732
f 1349/34/708 1348/3963/708 1354/35/711
f 1427/25/748 1430/24/748 1423/19/746
f 1444/25/755 1443/10/756 1438/19/756
f 1351/37/709 1350/3964/709 1342/38/705
f 1358/40/713 1357/3079/713 1356/41/712
f 1376/43/722 1375/2902/722 1408/44/737
f 1394/46/730 1393/381/731 1392/47/731
f 1341/49/704 1340/3965/704 1375/50/722
f 1355/26/711 1354/3966/711 1363/52/716
f 1386/4/727 1385/6/727 1377/5/723
f 1390/15/728 1387/14/728 1352/54/710
f 1413/56/744 1444/25/755 1437/24/755
f 1372/58/720 1371/70/720 1365/2/717
f 1433/59/734 1399/171/734 1398/29/733
f 1410/61/742 1368/95/718 1367/62/718
f 1436/23/754 1435/124/753 1442/64/753
f 1374/58/721 1370/3/719 1369/2/719
f 1429/67/750 1428/320/749 1440/68/749
f 1378/53/723 1377/5/723 1371/70/720
f 1413/56/744 1422/57/744 1421/71/745
f 1374/58/721 1373/66/721 1383/5/726
f 1403/74/738 1402/45/737 1408/44/737
f 1381/76/725 1380/219/725 1379/77/724
f 1349/79/708 1339/88/703 1338/80/703
f 1343/79/705 1342/3967/705 1336/82/702
f 1334/84/701 1333/300/701 1332/85/700
f 1331/87/699 1330/89/698 1338/80/703
f 1337/83/702 1336/82/702 1328/89/697
f 1397/90/732 1420/3968/732 1326/91/696
f 1325/93/695 1324/98/695 1330/89/698
f 1323/94/694 1322/214/694 1367/62/718
f 1321/93/693 1329/87/697 1328/89/697
f 1325/93/695 1319/101/692 1318/97/692
f 1321/93/693 1320/96/693 1316/97/691
f 1315/100/690 1314/105/690 1318/97/692
f 1312/102/689 1311/329/689 1310/103/688
f 1309/100/687 1317/99/691 1316/97/691
f 1411/18/743 1418/17/743 1340/106/704
f 1307/108/686 1306/111/686 1314/105/690
f 1305/109/685 1353/55/710 1352/54/710
f 1303/108/684 1309/100/687 1308/105/687
f 1300/112/683 1299/207/683 1298/113/682
f 1297/115/681 1296/118/681 1306/111/686
f 1295/116/680 1359/42/712 1356/41/712
f 1303/108/684 1302/111/684 1396/118/679
f 1327/92/696 1326/91/696 1388/119/729
f 1292/120/678 1291/123/678 1296/118/681
f 1412/121/739 1293/115/679 1396/118/679
f 1414/72/745 1421/71/745 1291/123/678
f 1412/121/739 1404/122/739 1442/64/753
f 1290/125/677 1382/3086/724 1379/126/724
f 1445/128/752 1400/139/735 1417/129/735
f 1347/7/706 1344/9/706 1287/131/676
f 1286/133/675 1403/74/738 1407/75/738
f 1283/135/674 1282/3969/674 1281/136/673
f 1280/138/672 1279/145/672 1417/129/735
f 1301/114/682 1298/113/682 1277/140/671
f 1276/142/670 1286/133/675 1285/134/675
f 1274/144/669 1273/155/669 1279/145/672
f 1272/146/667 1271/406/668 1270/147/668
f 1268/149/666 1276/142/670 1275/143/670
f 1358/151/713 1266/188/665 1265/152/665
f 1274/144/669 1264/162/664 1263/154/664
f 1268/149/666 1267/150/666 1261/156/663
f 1259/158/661 1258/468/661 1257/159/660
f 1256/161/659 1255/3970/659 1263/154/664
f 1262/157/663 1261/156/663 1253/163/657
f 1252/165/656 1290/125/677 1289/127/677
f 1256/167/659 1250/3971/655 1249/168/655
f 1416/170/654 1248/295/654 1399/171/734
f 1254/164/658 1253/163/657 1246/172/653
f 1245/174/652 1244/3972/652 1249/175/655
f 1243/177/651 1247/173/653 1246/172/653
f 1241/179/650 1240/191/650 1244/180/652
f 1239/182/236 1238/373/649 1237/183/649
f 1235/185/648 1243/3067/651 1242/186/651
f 1266/188/665 1415/3084/715 1362/189/715
f 1241/179/650 1233/201/647 1232/190/647
f 1278/141/671 1277/140/671 1230/192/646
f 1235/194/648 1234/2995/648 1228/195/645
f 1227/197/280 1226/286/644 1225/198/644
f 1223/200/643 1222/209/643 1232/190/647
f 1221/202/642 1284/137/673 1281/136/673
f 1219/204/640 1229/196/645 1228/195/645
f 1252/206/656 1251/2878/656 1299/207/683
f 1217/208/639 1216/213/639 1222/209/643
f 1215/210/638 1219/3973/640 1218/211/640
f 1305/109/685 1304/110/685 1216/213/639
f 1323/94/694 1215/210/638 1214/212/638
f 1213/215/637 1335/3107/700 1332/216/700
f 1211/218/635 1210/223/635 1380/219/725
f 1295/116/680 1294/117/680 1208/220/634
f 1207/222/633 1206/229/633 1210/223/635
f 1227/197/280 1224/199/280 1204/224/632
f 1209/221/634 1208/220/634 1202/226/631
f 1201/228/630 1200/238/630 1206/229/633
f 1313/104/688 1310/103/688 1198/230/629
f 1203/227/631 1202/226/631 1196/232/628
f 1195/234/627 1194/269/627 1282/235/674
f 1193/237/626 1192/242/626 1200/238/630
f 1197/233/628 1196/232/628 1190/239/625
f 1193/237/626 1189/248/624 1188/241/624
f 1191/240/625 1190/239/625 1186/243/622
f 1185/245/621 1213/215/637 1212/217/636
f 1183/247/620 1182/3974/620 1188/241/624
f 1346/249/707 1181/378/619 1180/250/619
f 1187/244/623 1186/243/622 1178/251/618
f 1177/253/616 1176/630/617 1175/254/617
f 1173/256/615 1172/264/615 1182/257/620
f 1424/259/747 1429/3975/750 1439/260/750
f 1179/252/618 1178/251/618 1170/262/614
f 1169/165/613 1168/3976/613 1172/264/615
f 1171/265/614 1170/3977/614 1166/266/612
f 1288/268/676 1287/359/676 1194/269/627
f 1169/270/613 1165/281/611 1164/271/611
f 1205/225/632 1204/224/632 1162/273/610
f 1167/267/612 1166/266/612 1160/275/609
f 1158/277/608 1157/418/608 1156/278/607
f 1155/280/606 1154/288/606 1164/271/611
f 1161/282/609 1160/3978/609 1152/283/605
f 1185/285/621 1184/2813/621 1225/198/644
f 1155/280/606 1151/294/604 1150/287/604
f 1148/289/603 1147/460/603 1146/290/195
f 1153/284/605 1152/283/605 1144/292/602
f 1231/193/646 1230/192/646 1150/287/604
f 1145/293/602 1144/292/602 1248/295/654
f 1142/296/601 1141/502/601 1140/297/600
f 1334/84/701 1139/308/599 1138/299/599
f 1137/301/598 1394/427/730 1391/302/730
f 1135/304/597 1221/202/642 1220/203/641
f 1133/306/596 1239/182/236 1236/184/236
f 1139/308/599 1131/314/595 1130/309/595
f 1135/304/597 1134/305/597 1128/310/594
f 1127/312/593 1159/279/607 1156/278/607
f 1131/314/595 1125/318/592 1124/315/592
f 1123/316/591 1129/311/594 1128/310/594
f 1125/318/592 1121/324/590 1120/319/590
f 1428/320/749 1425/3133/740 1405/321/740
f 1123/316/591 1122/317/591 1118/322/589
f 1121/324/590 1117/331/588 1116/325/588
f 1119/323/589 1118/322/589 1114/326/587
f 1113/328/586 1112/464/586 1311/329/689
f 1111/330/585 1110/3979/585 1116/325/588
f 1137/301/598 1136/303/598 1108/332/584
f 1107/334/583 1115/327/587 1114/326/587
f 1272/336/667 1269/3980/667 1104/337/582
f 1111/339/585 1103/346/581 1102/217/580
f 1101/341/578 1100/546/579 1099/342/579
f 1107/334/583 1106/335/583 1096/344/577
f 1103/346/581 1095/3118/576 1094/347/576
f 1093/348/575 1097/3117/577 1096/349/577
f 1091/351/574 1133/306/596 1132/307/596
f 1095/353/576 1089/361/573 1088/354/573
f 1199/231/629 1198/230/629 1405/356/740
f 1087/358/572 1093/348/575 1092/350/575
f 1085/360/123 1084/372/123 1088/354/573
f 1082/362/571 1081/567/571 1080/363/570
f 1079/365/569 1087/1396/572 1086/366/572
f 1076/368/568 1075/575/568 1074/369/567
f 1073/371/566 1072/377/566 1084/372/123
f 1238/373/649 1109/3981/584 1108/374/584
f 1079/365/569 1078/367/569 1070/375/565
f 1073/371/566 1163/274/610 1162/273/610
f 1181/378/619 1071/376/565 1070/375/565
f 1069/379/564 1143/298/600 1140/297/600
f 1393/381/731 1067/390/563 1066/382/563
f 1260/383/662 1257/3982/660 1064/384/562
f 1063/386/561 1424/259/747 1406/261/741
f 1062/388/560 1149/291/195 1146/290/195
f 1067/390/563 1060/400/559 1059/391/559
f 1058/392/557 1057/486/558 1056/393/558
f 1063/386/561 1395/387/561 1053/395/556
f 1052/397/554 1051/649/555 1050/398/555
f 1060/400/559 1048/405/553 1047/401/553
f 1054/396/556 1053/395/556 1045/402/552
f 1044/404/551 1043/411/551 1047/401/553
f 1271/406/668 1042/516/550 1041/407/549
f 1040/408/548 1046/403/552 1045/402/552
f 1044/404/551 1038/419/547 1037/410/547
f 1036/412/544 1035/707/546 1034/413/545
f 1032/415/543 1040/408/548 1039/409/548
f 1030/417/542 1029/545/542 1157/418/608
f 1038/419/547 1028/3983/541 1027/420/541
f 1026/421/540 1065/385/562 1064/384/562
f 1024/423/539 1032/415/543 1031/416/543
f 1022/425/538 1021/434/538 1027/426/541
f 1020/428/537 1024/3141/539 1023/429/539
f 1017/431/536 1016/3984/536 1015/432/535
f 1014/333/534 1013/3985/534 1021/434/538
f 1020/428/537 1019/430/537 1011/435/533
f 1062/388/560 1061/389/560 1009/437/532
f 1008/439/531 1007/451/531 1013/440/534
f 1042/442/550 1127/312/593 1126/313/593
f 1006/444/530 1012/3986/533 1011/445/533
f 1058/447/557 1055/3987/557 1003/448/528
f 1008/439/531 1002/457/86 1001/450/86
f 999/452/527 998/3988/527 997/453/526
f 1006/444/530 1005/446/530 995/455/525
f 1002/457/86 994/463/524 993/458/523
f 1026/459/540 1025/2650/540 1147/460/603
f 996/456/525 995/455/525 991/461/522
f 1091/351/574 1090/352/574 993/458/523
f 1113/328/586 992/462/522 991/461/522
f 990/465/521 1101/341/578 1098/343/578
f 1259/158/661 988/475/519 987/467/519
f 986/469/517 985/730/518 984/470/518
f 982/472/516 1105/338/582 1104/337/582
f 980/474/515 979/481/515 987/467/519
f 978/476/514 1000/454/526 997/453/526
f 982/472/516 981/473/516 975/478/513
f 974/480/512 973/489/512 979/481/515
f 1077/370/567 1074/369/567 971/482/510
f 976/479/513 975/478/513 969/484/509
f 1057/486/558 968/3989/508 967/487/508
f 966/488/507 965/493/507 973/489/512
f 964/490/506 970/485/509 969/484/509
f 962/492/505 961/500/505 965/493/507
f 964/490/506 963/491/506 959/494/504
f 958/496/503 990/3178/521 989/497/520
f 956/499/502 955/3990/502 961/500/505
f 954/501/501 953/625/501 1141/502/601
f 952/503/500 960/495/504 959/494/504
f 950/505/498 949/771/499 948/506/499
f 946/385/497 945/515/497 955/508/502
f 1083/510/570 1080/3991/570 943/511/496
f 942/406/495 952/3164/500 951/513/500
f 946/385/497 940/3165/494 939/514/494
f 938/516/493 942/406/495 941/147/495
f 1069/379/564 1068/380/564 967/518/508
f 936/520/492 935/532/492 939/521/494
f 978/476/514 977/477/514 933/523/491
f 938/525/493 937/1232/493 931/526/490
f 929/528/489 928/658/489 927/529/488
f 926/531/48 925/538/48 935/532/492
f 924/533/487 932/527/490 931/526/490
f 958/496/503 957/498/503 998/535/527
f 926/531/48 922/544/486 921/537/486
f 919/539/485 918/3992/485 917/540/484
f 924/533/487 923/534/487 915/542/483
f 922/544/486 1010/438/532 1009/437/532
f 1030/417/542 916/543/483 915/542/483
f 1100/546/579 914/554/482 913/547/482
f 912/548/481 1177/253/616 1174/255/616
f 1004/449/529 1003/448/528 909/550/480
f 1018/433/535 1015/432/535 907/552/479
f 914/554/482 906/561/478 905/555/478
f 904/556/477 910/551/480 909/550/480
f 902/558/476 930/530/488 927/529/488
f 900/560/475 899/565/475 905/555/478
f 898/562/474 904/556/477 903/557/477
f 900/560/475 896/570/473 895/564/473
f 1082/362/571 894/3993/472 893/566/472
f 892/568/471 898/562/474 897/563/474
f 896/570/473 890/577/470 889/571/470
f 888/572/469 892/568/471 891/569/471
f 1076/368/568 886/704/468 885/574/468
f 884/576/467 883/586/467 889/571/470
f 882/578/466 912/3202/481 911/579/481
f 880/581/465 888/572/469 887/573/469
f 878/583/463 1052/397/554 1049/399/554
f 884/576/467 876/3994/461 875/585/461
f 874/587/459 873/3314/460 872/588/460
f 870/590/458 880/3995/465 879/591/464
f 868/593/457 867/601/457 875/594/461
f 870/590/458 869/592/458 865/596/456
f 864/598/455 908/553/479 907/552/479
f 862/600/454 861/3996/454 867/601/457
f 972/483/511 971/482/510 893/602/472
f 860/604/453 866/1146/456 865/605/456
f 858/607/452 857/619/452 861/608/454
f 856/610/450 855/741/451 854/611/451
f 852/613/449 860/604/453 859/606/453
f 849/615/448 848/783/448 847/616/447
f 846/618/446 845/624/446 857/619/452
f 882/578/466 881/580/466 1016/620/536
f 852/613/449 851/614/449 843/622/445
f 934/524/491 933/523/491 845/624/446
f 954/501/501 844/623/445 843/622/445
f 842/626/443 841/819/444 840/627/444
f 838/629/442 837/638/442 1175/254/617
f 836/631/441 1036/412/544 1033/414/544
f 834/633/440 944/512/496 943/511/496
f 832/635/439 920/541/484 917/540/484
f 830/637/438 829/644/438 837/638/442
f 834/633/440 833/634/440 827/639/437
f 856/610/450 853/612/450 825/641/436
f 830/637/438 824/648/435 823/643/435
f 822/645/434 828/640/437 827/639/437
f 820/647/433 819/654/433 823/643/435
f 1051/649/555 818/3227/432 817/650/432
f 816/651/431 822/645/434 821/646/434
f 820/647/433 814/660/430 813/653/430
f 816/651/431 815/652/431 811/655/428
f 810/657/427 809/787/427 928/658/489
f 808/659/426 807/669/426 813/653/430
f 806/661/425 836/3228/441 835/662/441
f 812/656/429 811/655/428 803/664/424
f 986/469/517 983/471/517 801/666/423
f 800/668/422 799/3997/422 807/669/426
f 797/667/421 796/867/420 795/471/419
f 794/671/418 804/364/424 803/672/424
f 800/674/422 792/680/417 791/580/417
f 794/671/418 793/673/418 789/676/416
f 832/635/439 831/636/439 787/678/415
f 792/680/417 786/3215/414 785/681/414
f 818/682/432 902/558/476 901/559/476
f 790/684/416 789/3998/416 783/685/412
f 782/687/411 781/698/411 785/688/414
f 779/631/410 778/632/410 777/690/409
f 784/686/413 783/685/412 775/692/408
f 774/694/406 773/893/407 772/695/407
f 782/687/411 770/703/405 769/697/405
f 806/661/425 805/663/425 918/699/485
f 768/701/404 776/693/408 775/692/408
f 864/598/455 863/599/455 769/697/405
f 886/704/468 768/701/404 767/702/404
f 842/617/443 839/3999/443 765/705/403
f 1035/707/546 764/717/402 763/708/402
f 950/505/498 947/507/498 761/709/401
f 878/711/463 877/4000/462 759/712/400
f 758/714/399 850/3242/447 847/715/447
f 764/717/402 756/724/398 755/718/398
f 753/719/397 752/709/397 751/507/396
f 760/713/400 759/712/400 749/720/395
f 747/548/394 746/4001/394 745/722/393
f 756/724/398 744/728/392 743/725/392
f 742/726/391 750/721/395 749/720/395
f 744/728/392 740/734/390 739/729/390
f 985/730/518 738/766/389 737/731/389
f 742/726/391 741/727/391 735/732/388
f 740/734/390 734/744/387 733/735/387
f 731/736/386 730/1010/386 729/737/385
f 728/739/384 736/733/388 735/732/388
f 855/741/451 726/862/383 725/742/383
f 724/743/382 723/752/382 733/735/387
f 722/745/381 762/3248/401 761/746/401
f 720/748/380 728/4002/384 727/749/384
f 718/751/379 717/977/379 723/752/382
f 720/748/380 719/750/380 715/753/378
f 713/755/377 712/922/377 711/756/376
f 710/757/375 709/765/375 717/758/379
f 716/754/378 715/753/378 707/760/374
f 706/762/373 758/714/399 757/716/399
f 704/764/372 703/4003/372 709/765/375
f 738/766/389 826/642/436 825/641/436
f 702/767/371 708/4004/374 707/768/374
f 754/505/396 751/507/396 699/770/370
f 698/772/369 697/781/369 703/773/372
f 696/775/367 695/852/368 694/776/368
f 702/767/371 701/769/371 691/778/366
f 698/772/369 690/786/365 689/780/365
f 722/782/381 721/837/381 848/783/448
f 688/784/364 692/779/366 691/778/366
f 690/786/365 788/679/415 787/678/415
f 688/784/364 687/785/364 809/787/427
f 798/670/419 795/471/419 685/470/363
f 949/771/499 684/793/362 683/789/362
f 682/790/361 802/667/423 801/666/423
f 680/792/360 679/800/360 683/789/362
f 696/775/367 693/777/367 677/794/359
f 676/796/358 682/3255/361 681/797/361
f 674/799/357 673/809/357 679/800/360
f 774/694/406 771/696/406 671/801/356
f 676/796/358 675/798/358 669/803/355
f 668/805/354 667/4005/354 752/806/397
f 674/799/357 666/813/353 665/808/353
f 670/804/355 669/803/355 663/810/352
f 662/812/351 661/818/351 665/808/353
f 664/814/352 663/4006/352 659/815/349
f 686/788/363 685/470/363 657/731/348
f 656/817/347 655/827/347 661/818/351
f 841/819/444 654/927/346 653/820/346
f 660/816/350 659/815/349 651/821/345
f 649/823/344 648/1415/343 647/824/342
f 646/826/341 645/903/341 655/827/347
f 780/691/409 777/690/409 643/413/340
f 652/822/345 651/821/345 641/829/339
f 640/831/338 639/4007/338 645/832/341
f 642/830/339 641/829/339 637/834/337
f 668/836/354 766/706/403 765/705/403
f 640/838/338 636/849/336 635/839/336
f 678/795/359 677/794/359 633/841/335
f 632/843/334 638/835/337 637/834/337
f 629/845/333 628/967/333 627/846/332
f 626/848/331 625/4008/331 635/839/336
f 624/850/330 632/843/334 631/844/334
f 695/852/368 658/766/348 657/731/348
f 626/853/331 622/861/329 621/854/329
f 619/856/328 618/1002/328 617/857/327
f 624/850/330 623/851/330 615/859/326
f 622/861/329 706/762/373 705/763/373
f 616/860/326 615/859/326 725/742/383
f 614/863/324 613/1050/325 612/864/325
f 610/866/323 609/3271/323 796/867/420
f 874/587/459 871/589/459 607/868/322
f 700/771/370 699/770/370 605/870/321
f 604/872/320 714/530/376 711/756/376
f 602/873/319 601/880/319 609/874/323
f 600/792/318 606/871/321 605/870/321
f 630/847/332 627/846/332 597/877/317
f 596/879/316 595/883/316 601/880/319
f 600/792/318 599/876/318 593/881/315
f 596/879/316 592/3289/314 591/882/314
f 590/884/313 589/913/313 778/885/410
f 594/799/315 593/881/315 587/887/312
f 592/889/314 586/816/311 585/890/311
f 584/812/310 588/888/312 587/887/312
f 773/893/407 582/1005/309 581/894/309
f 580/895/308 579/821/308 585/890/311
f 608/869/322 607/868/322 577/896/307
f 576/817/306 584/812/310 583/892/310
f 748/723/393 745/722/393 573/898/305
f 580/895/308 572/905/304 571/829/304
f 569/900/303 568/1092/303 567/901/302
f 576/817/306 575/827/306 565/903/301
f 572/905/304 564/835/300 563/834/300
f 562/906/299 566/4009/301 565/907/301
f 604/872/320 603/658/320 559/909/298
f 564/835/300 558/918/297 557/911/297
f 672/912/356 671/4010/356 589/913/313
f 562/914/299 561/840/299 555/915/296
f 554/917/295 553/921/295 557/911/297
f 556/916/296 555/915/296 551/919/294
f 554/917/295 550/926/293 549/920/293
f 713/755/377 578/4011/307 577/683/307
f 548/923/292 552/3301/294 551/924/294
f 550/926/293 634/842/335 633/841/335
f 654/927/346 548/923/292 547/925/292
f 614/863/324 611/865/324 545/928/291
f 873/930/460 544/941/290 543/931/290
f 732/933/385 729/4012/385 541/934/289
f 540/936/288 644/828/340 643/413/340
f 538/938/287 620/858/327 617/857/327
f 536/940/286 535/950/286 543/931/290
f 534/942/283 533/465/285 532/466/284
f 530/944/282 540/936/288 539/937/288
f 527/946/281 526/1131/281 525/947/280
f 536/940/286 524/954/279 523/949/279
f 522/951/278 530/944/282 529/945/282
f 520/953/277 519/961/277 523/949/279
f 747/955/394 518/987/276 517/956/276
f 516/958/275 522/951/278 521/952/278
f 514/960/274 513/4013/273 519/961/277
f 511/962/272 510/1175/271 509/963/270
f 508/965/269 516/958/275 515/959/275
f 506/966/267 505/1087/267 628/967/333
f 514/968/274 504/975/266 503/969/266
f 502/971/265 542/935/289 541/934/289
f 500/973/264 508/965/269 507/735/268
f 504/975/266 498/978/263 497/976/263
f 496/751/262 500/973/264 499/974/264
f 498/978/263 494/3321/261 493/979/261
f 492/980/260 496/3320/262 495/981/262
f 538/938/287 537/939/287 489/983/259
f 494/985/261 488/993/258 487/986/258
f 518/987/276 598/3334/317 597/988/317
f 492/980/260 491/982/260 485/989/257
f 534/942/283 531/943/283 483/991/256
f 488/993/258 482/779/255 481/994/255
f 479/995/254 478/1081/254 477/996/253
f 486/998/257 485/4014/257 475/999/252
f 474/1001/251 473/785/251 481/994/255
f 619/856/328 502/4015/265 501/602/265
f 472/1003/250 476/1000/252 475/999/252
f 560/910/298 559/909/298 473/785/251
f 472/1003/250 471/1004/250 581/894/309
f 470/1006/249 570/3357/302 567/1007/302
f 468/1009/248 467/1019/248 730/1010/386
f 528/948/280 525/947/280 465/1011/247
f 464/1013/246 574/899/305 573/898/305
f 461/1015/244 460/1114/244 459/1016/243
f 468/1009/248 458/1025/242 457/1018/242
f 480/997/253 477/996/253 455/1020/241
f 454/1022/240 464/1013/246 463/1014/246
f 452/1024/239 451/1035/239 457/1018/242
f 449/1026/238 448/1212/237 447/1027/236
f 446/1029/235 454/1022/240 453/1023/240
f 444/1031/234 443/1065/234 532/1032/284
f 442/1034/233 441/1042/233 451/1035/239
f 440/1036/232 446/1029/235 445/1030/235
f 437/1038/231 436/1256/231 435/1039/230
f 434/1041/229 433/1048/229 441/1042/233
f 432/1043/228 440/1036/232 439/1037/232
f 470/1006/249 469/1008/249 429/1045/227
f 434/1041/229 428/4016/226 427/1047/226
f 426/1049/225 425/1170/225 612/864/325
f 432/1043/228 431/1044/228 423/1051/224
f 422/1052/223 421/1058/223 427/1053/226
f 420/1055/222 424/659/224 423/1051/224
f 418/1057/221 417/4017/221 421/1058/223
f 415/1059/220 414/1355/220 413/1060/219
f 420/1062/222 419/957/222 411/956/218
f 546/1064/291 545/1151/291 443/1065/234
f 410/1066/217 409/1075/216 417/1067/221
f 408/1068/215 456/1021/241 455/1020/241
f 412/1063/218 411/956/218 405/988/214
f 403/1071/213 402/1164/213 401/1072/212
f 400/1074/211 399/1083/211 409/1075/216
f 462/160/245 459/4018/243 397/468/210
f 396/1077/209 406/2174/214 405/1078/214
f 430/1080/227 429/518/227 478/1081/254
f 400/1074/211 394/1086/208 393/1082/208
f 392/1084/207 396/1077/209 395/1079/209
f 490/984/259 489/983/259 393/1082/208
f 506/966/267 392/1084/207 391/1085/207
f 390/1088/206 512/1217/270 509/1089/270
f 569/900/303 388/1100/205 387/1091/205
f 450/1028/236 447/1027/236 385/1093/204
f 484/992/256 483/991/256 383/1095/203
f 381/1097/202 380/1196/202 379/1098/201
f 388/1100/205 378/1107/200 377/1101/200
f 404/1073/212 401/1072/212 375/1102/199
f 374/1104/198 384/1096/203 383/1095/203
f 372/1106/197 371/1116/197 377/1101/200
f 369/1108/196 368/1290/196 367/1109/195
f 366/1111/194 374/1104/198 373/1105/198
f 364/1113/193 363/4019/193 460/1114/244
f 372/1106/197 362/1122/192 361/1115/192
f 366/1111/194 365/1112/194 359/1117/191
f 358/1119/189 357/1335/190 356/1120/190
f 362/1122/192 354/1128/188 353/1123/188
f 352/1124/187 360/1118/191 359/1117/191
f 350/1126/186 390/1088/206 389/1090/206
f 354/1128/188 348/4020/185 347/1129/185
f 346/1130/184 345/1252/184 526/1131/281
f 352/1124/187 351/1125/187 343/1132/183
f 342/1134/182 341/1138/182 347/1007/185
f 340/1136/181 344/1133/183 343/1132/183
f 342/1134/182 338/3366/180 337/1137/180
f 336/1139/178 335/1363/179 334/1140/179
f 340/1033/181 339/4021/181 331/1142/177
f 364/1144/193 466/1012/247 465/1011/247
f 338/1146/180 330/1155/176 329/1147/176
f 376/1103/199 375/1102/199 327/1148/175
f 326/1150/174 332/1143/177 331/1142/177
f 323/1152/173 322/1247/173 321/1153/172
f 330/1155/176 320/1165/171 319/1156/171
f 318/1157/170 382/4022/201 379/1158/201
f 326/1160/174 325/4023/174 315/1161/169
f 350/1163/186 349/4024/186 402/1164/213
f 320/1165/171 314/1169/168 313/1166/168
f 316/1162/169 315/1161/169 311/1167/167
f 408/1068/215 407/1069/215 313/1166/168
f 312/1168/167 311/1167/167 425/1170/225
f 310/1171/166 438/1295/230 435/1172/230
f 308/1174/165 307/1183/165 510/1175/271
f 370/1110/195 367/1109/195 305/1176/164
f 398/1076/210 397/468/210 303/1178/163
f 302/1179/160 301/1274/162 300/1180/161
f 298/1182/159 297/1189/159 307/1183/165
f 296/1184/158 324/1154/172 321/1153/172
f 304/475/163 303/1178/163 293/1186/157
f 292/1188/156 291/1198/156 297/1189/159
f 289/1190/155 288/4025/155 287/1191/154
f 294/1187/157 293/1186/157 285/1193/153
f 381/1097/202 284/3403/152 283/1195/152
f 282/1197/151 281/1204/151 291/1198/156
f 280/488/150 286/1194/153 285/1193/153
f 277/1200/149 276/1486/148 275/1201/147
f 282/1197/151 274/1209/146 273/1203/145
f 280/488/150 279/1199/150 271/1205/143
f 310/1171/166 309/1173/166 269/1207/142
f 274/1209/146 268/4026/141 267/1210/141
f 266/1211/140 265/1333/140 448/1212/237
f 272/1206/144 271/1205/143 263/1213/138
f 262/1215/137 261/1222/136 267/1216/141
f 264/1218/139 263/4027/138 259/1219/135
f 258/1221/134 257/4028/134 261/1222/136
f 255/1223/133 254/4029/133 253/1224/132
f 260/1220/135 259/1219/135 251/1226/131
f 284/1228/152 386/1094/204 385/1093/204
f 258/1230/134 250/527/130 249/1231/130
f 248/1233/129 296/1184/158 295/1185/158
f 252/1235/131 251/2008/131 245/1236/128
f 244/7/126 243/132/127 242/1238/127
f 240/1240/125 239/1249/125 249/1231/130
f 302/1241/160 299/4030/160 237/1242/124
f 236/1244/123 246/1237/128 245/1236/128
f 323/1152/173 270/4031/142 269/1246/142
f 234/1248/122 233/542/122 239/1249/125
f 236/1244/123 235/1245/123 231/1250/121
f 328/1149/175 327/1148/175 233/542/122
f 346/1130/184 232/1251/121 231/1250/121
f 358/1119/189 355/1121/189 229/1253/120
f 437/1038/231 228/1263/119 227/1255/119
f 226/1257/117 225/1507/118 224/1258/118
f 318/1157/170 317/1159/170 221/1260/116
f 220/1262/115 219/1269/115 227/1255/119
f 244/7/126 241/1239/126 217/1264/114
f 222/1261/116 221/1260/116 215/1266/113
f 214/1268/112 213/1277/112 219/1269/115
f 336/1139/178 333/1141/178 211/1270/111
f 210/1272/110 216/1267/113 215/1266/113
f 301/1274/162 208/3428/109 207/1275/109
f 206/1276/108 205/1281/108 213/1277/112
f 210/1272/110 209/1273/110 203/1278/107
f 202/1280/106 201/1288/106 205/1281/108
f 204/1279/107 203/1278/107 199/1282/104
f 198/1284/103 230/3429/120 229/1285/120
f 202/1280/106 196/4032/102 195/1287/102
f 369/1108/196 194/1410/101 193/1289/101
f 200/1283/105 199/1282/104 191/1291/100
f 190/1257/98 189/1450/99 188/1293/99
f 196/1295/102 186/1302/97 185/1173/97
f 416/1297/219 413/4033/219 183/1298/96
f 192/1099/100 191/1098/100 181/1300/95
f 186/1302/97 180/1208/94 179/1303/94
f 178/1304/93 182/1301/95 181/1300/95
f 208/1306/109 306/1177/164 305/1176/164
f 180/1308/94 176/1320/92 175/1309/92
f 174/1311/91 218/1265/114 217/1264/114
f 172/1313/90 178/4034/93 177/1314/93
f 169/1316/89 168/1442/89 167/1317/88
f 166/1319/87 165/1326/87 175/1309/92
f 164/1321/86 172/1313/90 171/1315/90
f 243/1323/127 198/1284/103 197/1286/103
f 166/1319/87 162/1332/85 161/1325/85
f 160/1327/83 159/1478/84 158/1328/84
f 164/1321/86 163/1322/86 155/1330/82
f 248/1233/129 247/1234/129 161/1325/85
f 156/1331/82 155/1330/82 265/1333/140
f 154/1334/81 153/1343/81 356/1120/190
f 650/825/342 647/824/342 151/1336/80
f 150/1338/79 238/1243/124 237/1242/124
f 256/1225/132 253/1224/132 147/1340/78
f 146/1342/77 145/1349/77 153/1343/81
f 144/1344/76 150/1338/79 149/1339/79
f 170/1318/88 167/1317/88 141/1346/75
f 146/1342/77 140/1353/74 139/1348/74
f 138/1350/73 144/1344/76 143/1345/76
f 136/1352/72 135/1359/72 139/1348/74
f 134/1354/71 133/4035/71 414/1355/220
f 132/1356/70 138/1350/73 137/1351/73
f 136/1352/72 130/1364/69 129/1358/68
f 128/1360/67 132/1356/70 131/1357/70
f 126/1362/66 125/1482/66 334/1140/179
f 130/1364/69 124/1375/65 123/1365/65
f 152/1366/80 151/4036/80 121/1367/64
f 128/1360/67 127/1361/67 119/1369/63
f 118/1371/62 290/4037/154 287/1372/154
f 116/1374/61 115/4038/61 123/1365/65
f 114/1376/59 113/1952/60 112/1377/60
f 110/1379/58 120/3439/63 119/1380/63
f 108/1381/56 107/1389/56 115/1382/61
f 106/1384/55 110/1379/58 109/1180/57
f 148/1341/78 147/1340/78 103/1386/54
f 102/1388/53 101/1324/53 107/1389/56
f 134/1390/71 212/1271/111 211/1270/111
f 106/1392/55 105/4039/55 99/1393/52
f 98/365/51 97/1404/51 101/1395/53
f 95/1397/50 94/1518/50 93/1398/49
f 92/1400/48 100/1394/52 99/1393/52
f 89/1402/47 88/1426/47 87/1398/46
f 98/365/51 86/1409/45 85/1403/45
f 122/1368/64 121/1367/64 254/1405/133
f 92/1400/48 91/1401/48 83/1407/44
f 86/1409/45 174/1311/91 173/1312/91
f 84/1408/44 83/1407/44 193/1289/101
f 82/1411/42 81/1593/43 80/1412/43
f 78/1414/41 77/1424/41 648/1415/343
f 76/1416/40 278/1202/147 275/1201/147
f 74/1418/39 184/1299/96 183/1298/96
f 72/1420/38 160/3471/83 157/1421/83
f 70/1423/37 69/1428/37 77/1424/41
f 74/1418/39 73/1419/39 67/1425/36
f 96/1399/49 93/1398/49 65/1426/35
f 64/1427/34 63/1431/34 69/1428/37
f 68/222/36 67/1425/36 61/1429/33
f 60/1430/32 59/1438/32 63/1431/34
f 58/1432/31 57/1466/31 288/1433/155
f 62/228/33 61/1429/33 55/1435/30
f 54/1437/29 53/1444/29 59/1438/32
f 56/1436/30 55/1435/30 51/1439/28
f 50/1441/27 49/1555/27 168/1442/89
f 54/1437/29 48/1452/26 47/1443/26
f 46/1445/25 76/3476/40 75/1446/40
f 52/1440/28 51/1439/28 43/1448/24
f 226/1257/117 223/1259/117 41/1293/22
f 40/1451/21 39/3443/21 47/1443/26
f 38/1453/19 37/1371/20 36/1454/20
f 34/1455/18 44/3461/24 43/1456/24
f 40/1458/21 32/1464/17 31/1459/17
f 30/1354/16 34/1455/18 33/1457/18
f 28/1462/15 72/1420/38 71/1422/38
f 32/1464/17 26/3463/14 25/1465/14
f 58/1432/31 142/1347/75 141/1346/75
f 30/1467/16 29/4040/16 23/1468/13
f 26/1470/14 22/1476/12 21/1471/12
f 24/1469/13 23/1468/13 19/1473/11
f 18/1475/10 17/1481/10 21/1471/12
f 46/1477/25 45/4041/25 158/1328/84
f 20/1474/11 19/1473/11 15/1479/9
f 104/1387/54 103/1386/54 17/1481/10
f 16/1480/9 15/1479/9 125/1482/66
f 14/1478/8 82/4042/42 79/1483/42
f 12/1485/7 11/1494/7 276/1486/148
f 190/1257/98 187/1294/98 9/1258/6
f 118/1488/62 117/4043/62 7/1489/5
f 6/1491/4 90/1399/46 87/1398/46
f 4/1493/3 3/1502/3 11/1494/7
f 4334/1495/1601 4335/3533/1601 4336/1201/1600
f 4337/138/1602 8/1490/5 7/1489/5
f 4339/1498/1603 4340/1666/1604 4341/1499/1604
f 4/1493/3 4343/1504/1605 4344/1501/1605
f 4337/138/1602 4338/1497/1602 4346/1503/1606
f 4343/1504/1605 4347/1510/1607 4348/1505/1607
f 4349/1506/1608 4350/1521/1608 224/1258/118
f 4345/144/1606 4346/1503/1606 4352/1508/1609
f 4347/1510/1607 4353/1519/1610 4354/1511/1610
f 4356/1512/1612 4357/1712/1612 4358/1513/1611
f 4359/1515/1613 4351/1509/1609 4352/1508/1609
f 4361/1517/1614 4362/1621/1614 94/1518/50
f 4353/1519/1610 4363/1526/1615 4364/1520/1615
f 4365/1506/1616 10/1487/6 9/1258/6
f 4359/1522/1613 4360/1664/1613 4368/1523/1617
f 4369/1525/1618 4370/4044/1618 4364/1520/1615
f 4367/1527/1617 4368/4045/1617 4372/1528/1619
f 4373/1530/1620 4374/4046/1620 4370/1531/1618
f 4371/1533/1619 4372/1674/1619 4376/1534/1621
f 6/1491/4 5/1492/4 4378/1536/1622
f 4379/1538/1623 4380/1545/1623 4374/1539/1620
f 66/1402/35 65/1426/35 4350/1521/1608
f 4375/1535/1621 4376/1534/1621 4382/1541/1624
f 4333/1496/1600 4336/1201/1600 4384/1543/1625
f 4385/1544/1626 4386/4047/1626 4380/1545/1623
f 4388/1347/1628 4389/1616/1628 4390/1546/1627
f 4381/1542/1624 4382/1541/1624 4392/1547/1629
f 4385/1549/1626 4393/1554/1630 4394/1550/1630
f 89/1402/47 4365/1506/1616 4366/1521/1616
f 4391/1548/1629 4392/1547/1629 4396/1552/1631
f 28/1462/15 27/1463/15 4394/1550/1630
f 50/1441/27 4395/1553/1631 4396/1552/1631
f 38/1556/19 35/4048/19 4398/1557/1632
f 4399/1559/1633 4400/1566/1633 188/1293/99
f 4339/1498/1603 4342/1500/1603 4402/1560/1634
f 42/1450/23 41/1293/22 4404/1562/1635
f 4406/1337/1637 4407/4049/1637 4408/824/1636
f 4409/1565/1638 4410/4050/1638 4400/1566/1633
f 4387/1318/1627 4390/1546/1627 4412/1567/1639
f 4413/1565/1640 4403/1563/1635 4404/1562/1635
f 4415/39/1641 4416/4051/1641 4410/1570/1638
f 4418/1571/1642 4419/1749/1642 4420/1572/376
f 4413/36/1640 4414/4052/1640 4422/1574/1643
f 4423/1575/1644 4424/4053/1644 4335/1576/1601
f 4415/1578/1641 4425/1586/1645 4426/1579/1645
f 4421/1578/1643 4422/4054/1643 4428/1581/1646
f 4430/1583/1648 4431/1795/1648 4432/1584/1647
f 4425/1586/1645 4433/1588/1649 4434/1587/1649
f 4427/1582/1646 4428/1581/1646 4436/1587/1650
f 4397/1434/1632 4398/1433/1632 4438/1589/1651
f 4439/1591/1652 4440/1596/1652 4434/1587/1649
f 4441/1592/1653 4442/1707/1653 80/1412/43
f 4443/1591/1654 4435/1588/1650 4436/1587/1650
f 4445/1595/1655 4446/1597/1655 4440/1596/1652
f 4443/1591/1654 4444/1594/1654 4448/1597/1656
f 4449/1599/1657 4450/1603/1657 4446/1597/1655
f 4451/1600/1658 4452/1893/1659 4453/1601/1659
f 4455/1599/1660 4447/1598/1656 4448/1597/1656
f 14/1478/8 13/1484/8 4424/1604/1644
f 4457/1605/1661 4458/1608/1661 4450/1603/1657
f 4411/1568/1639 4412/1567/1639 4460/1606/1662
f 4461/1605/1663 4455/1599/1660 4456/1603/1660
f 4463/1609/1664 4464/1700/1665 4465/1610/1665
f 4467/1612/1666 4468/1615/1666 4458/1608/1661
f 4405/1564/1636 4408/824/1636 4470/1613/1667
f 4471/1612/1668 4461/1605/1663 4462/1608/1663
f 4437/1590/1651 4438/1589/1651 4389/1616/1628
f 4473/1617/1669 4474/1620/1669 4468/1615/1666
f 4475/1618/1670 4471/1612/1668 4472/1615/1668
f 4473/1617/1669 4377/1537/1622 4378/1536/1622
f 4475/1618/1670 4476/1619/1670 4362/1621/1614
f 4477/1622/1671 4355/3567/1611 4358/1623/1611
f 37/1625/20 4479/1636/1672 4480/1626/1672
f 4481/1628/1673 4417/1573/376 4420/1572/376
f 4383/1200/1625 4384/1543/1625 4484/1630/1674
f 4486/1632/1676 4487/4055/1676 4488/1633/1675
f 4489/1635/1677 4490/1642/1677 4480/1626/1672
f 4463/1609/1664 4466/1611/1664 4492/1637/1678
f 4493/1639/1679 4483/1631/1674 4484/1630/1674
f 4495/1641/1680 4496/1652/1680 4490/1642/1677
f 4498/1643/1681 4499/1827/1681 4500/1644/327
f 4501/1646/1682 4493/1639/1679 4494/1640/1679
f 4503/1648/1683 4504/1682/1683 4407/1649/1637
f 4495/1641/1680 4505/1659/1684 4506/1651/1684
f 4501/1646/1682 4502/1647/1682 4508/1653/1685
f 4510/1655/1687 4511/1869/1687 4512/1656/1686
f 4513/1658/1688 4514/4056/1688 4506/1651/1684
f 4515/1519/1689 4507/1654/1685 4508/1653/1685
f 4477/1622/1671 4478/1624/1671 4518/1661/1690
f 4519/1663/1691 4520/1523/1691 4514/1664/1688
f 4340/1666/1604 4521/1790/1692 4522/1667/1692
f 4523/1526/1693 4515/1519/1689 4516/1660/1689
f 4519/1668/1691 4525/3549/1694 4526/1669/1694
f 4527/1525/1695 4523/1526/1693 4524/1520/1693
f 4525/1672/1694 4529/1684/1696 4530/1673/1696
f 4532/1675/1697 4533/1905/1697 4534/1676/253
f 4535/1678/1698 4527/3548/1695 4528/1679/1695
f 4401/1681/1634 4402/4057/1634 4504/1682/1683
f 4537/1683/1699 4538/1694/1699 4530/1673/1696
f 4491/1638/1678 4492/1637/1678 4540/1685/1700
f 4535/1687/1698 4536/1539/1698 4542/1688/1701
f 4544/1690/1703 4545/1784/1703 4546/1691/1702
f 4537/1683/1699 4547/1701/1704 4548/1693/1704
f 4485/1634/1675 4488/1633/1675 4550/1695/1705
f 4541/1689/1701 4542/1688/1701 4552/1697/1706
f 4517/1699/1690 4518/4058/1690 4465/1610/1665
f 4547/1701/1704 4553/1706/1707 4554/1702/1707
f 4555/1703/1708 4551/3555/1706 4552/1704/1706
f 4553/1706/1707 4459/1607/1662 4460/1606/1662
f 4441/1592/1653 4555/1703/1708 4556/1705/1708
f 4429/1708/1647 4432/4059/1647 4558/1709/1709
f 4559/1711/1710 4560/1721/1710 4357/1712/1612
f 4497/1645/327 4500/1644/327 4562/1713/1711
f 4469/1614/1667 4470/1613/1667 4564/1715/1712
f 4566/1717/1714 4567/1814/1714 4568/1718/1713
f 4569/1720/1715 4570/1727/1715 4560/1721/1710
f 4543/1692/1702 4546/1691/1702 4572/1722/1716
f 4573/1724/1717 4563/1716/1712 4564/1715/1712
f 4569/1720/1715 4575/1733/1718 4576/1726/1718
f 4573/1724/1717 4574/1725/1717 4578/1728/1719
f 4486/1730/1676 4579/1764/1720 4580/1731/1720
f 4575/1733/1718 4581/1740/1721 4582/1734/1721
f 4577/1729/1719 4578/1728/1719 4584/1735/1722
f 4585/1737/1723 4586/2273/1724 4587/1738/1724
f 4581/1740/1721 4589/1746/1725 4590/1741/1726
f 4583/1736/1722 4584/1735/1722 4592/1742/1728
f 4593/1744/1729 4557/1710/1709 4558/1709/1709
f 4589/1746/1725 4595/4060/1730 4596/1747/1730
f 4597/1748/1731 4598/1865/1731 4419/1749/1642
f 4591/1743/1727 4592/1742/1728 4600/1750/1732
f 4601/1752/1733 4602/1758/1733 4596/1753/1730
f 4599/1751/1732 4600/1750/1732 4604/1755/1734
f 4605/1757/1735 4606/4061/1735 4602/1758/1733
f 4607/1759/1736 4608/1944/1737 4609/1760/1737
f 4611/1762/1738 4603/3576/1734 4604/1649/1734
f 4481/1763/1673 4482/4062/1673 4580/1731/1720
f 4613/1765/1739 4614/1776/1739 4606/1766/1735
f 4615/1768/1740 4571/1723/1716 4572/1722/1716
f 4617/1770/1741 4611/1762/1738 4612/1682/1738
f 4620/1772/1743 4621/1859/1743 4622/1773/1742
f 4613/1765/1739 4623/1786/1744 4624/1775/1744
f 4565/1777/1713 4568/4063/1713 4626/1778/1746
f 4627/1780/1747 4617/4064/1741 4618/1781/1741
f 4544/1690/1703 4593/4065/1729 4594/1783/1729
f 4629/1785/1748 4630/1789/1748 4624/1775/1744
f 4627/1780/1747 4628/1782/1747 4632/1787/1749
f 4539/1686/1700 4540/1685/1700 4630/1789/1748
f 4631/1788/1749 4632/1787/1749 4522/1667/1692
f 4633/1791/1750 4509/3612/1686 4512/1792/1686
f 4635/1794/1751 4636/1802/1751 4431/1795/1648
f 4638/1796/1752 4639/1992/1752 4640/1797/212
f 4549/1696/1705 4550/1695/1705 4642/1799/1753
f 4635/1794/1751 4643/1808/1754 4644/1801/1754
f 4645/1803/1755 4619/1774/1742 4622/1773/1742
f 4647/1805/1756 4641/1800/1753 4642/1799/1753
f 4649/1807/1757 4650/1816/1757 4644/1801/1754
f 4651/1809/1758 4531/1677/253 4534/1676/253
f 4647/1805/1756 4648/1806/1756 4654/1811/1759
f 4655/1813/1760 4656/4066/1760 4567/1814/1714
f 4657/1815/1761 4658/1820/1761 4650/1816/1757
f 4653/1812/1759 4654/1811/1759 4660/1817/1762
f 4657/1815/1761 4661/1825/1763 4662/1819/1763
f 4663/1821/1764 4659/1818/1762 4660/1817/1762
f 4665/1822/1765 4633/1791/1750 4634/1793/1750
f 4667/1824/1766 4668/4067/1766 4662/1819/1763
f 4498/1643/1681 4669/1948/1767 4670/1826/1767
f 4663/1821/1764 4664/1358/1764 4672/1828/1768
f 4674/1830/1770 4675/2035/1770 4676/1831/1769
f 4677/1833/1771 4678/1709/1771 4668/1834/1766
f 4451/1836/1658 4454/4068/1658 4680/1837/1772
f 4671/1829/1768 4672/1828/1768 4682/1839/1773
f 4677/1833/1771 4683/3598/1774 4684/1840/1774
f 4685/1841/1775 4681/3597/1773 4682/1842/1773
f 4655/1844/1760 4561/1714/1711 4562/1713/1711
f 4687/1846/1776 4688/1854/1776 4684/1847/1774
f 4689/1849/1777 4645/1803/1755 4646/1804/1755
f 4685/1841/1775 4686/1843/1775 4692/1851/1778
f 4693/1853/1779 4694/1861/1779 4688/1854/1776
f 4691/1855/1778 4692/4069/1778 4696/1856/255
f 4665/1858/1765 4666/3601/1765 4621/1859/1743
f 4693/1853/1779 4697/1864/1780 4698/1860/1780
f 4699/1862/1781 4695/1857/255 4696/1856/255
f 4697/1864/1780 4615/1768/1740 4616/1769/1740
f 4699/1862/1781 4700/1863/1781 4598/1865/1731
f 4637/1798/212 4640/1797/212 4702/1866/1782
f 4703/1868/1783 4704/1878/1783 4511/1869/1687
f 114/1870/59 111/4070/59 4706/1871/1784
f 4625/1779/1745 4626/1778/1746 4708/1873/1785
f 4709/1875/1786 4607/1759/1736 4610/1761/1736
f 4711/1877/1787 4712/1888/1787 4704/1878/1783
f 4714/1879/1789 4715/1974/1789 4716/1880/1790
f 4707/1874/1785 4708/1873/1785 4718/1882/1791
f 4720/1884/1792 4721/2071/1792 4722/1885/172
f 4723/1887/1793 4724/1892/1793 4712/1888/1787
f 4725/1889/1794 4717/1883/1791 4718/1882/1791
f 4723/1887/1793 4727/1897/1795 4728/1891/1795
f 4452/1893/1659 4729/3636/1796 4730/1894/1797
f 4725/1889/1794 4726/1890/1794 4732/1895/1798
f 4727/1897/1795 4733/1906/1799 4734/1898/1799
f 4735/1899/1800 4736/2114/1801 4737/1900/1801
f 4731/1896/1798 4732/1895/1798 4740/1902/1802
f 4741/1904/1803 4742/2031/1803 4533/1905/1697
f 4733/1906/1799 4743/4071/1804 4744/1907/1804
f 4705/1872/1784 4706/1871/1784 4746/1908/1805
f 4747/1910/1806 4739/1903/1802 4740/1902/1802
f 4749/1791/1807 4750/1919/1807 4744/1911/1804
f 4751/1913/1808 4747/3619/1806 4748/1718/1806
f 4753/1915/1809 4754/2215/1810 4755/1916/1810
f 4749/1791/1807 4757/3620/1811 4758/1918/1811
f 4759/1920/1812 4751/1913/1808 4752/1914/1808
f 4709/1875/1786 4710/1876/1786 4762/1922/1813
f 4763/1924/1814 4764/1935/1814 4758/1925/1811
f 4729/1927/1796 4651/1809/1758 4652/1810/1758
f 4759/1929/1812 4760/4072/1812 4766/1930/1815
f 4713/902/1788 4716/4073/1790 4768/1932/1816
f 4769/1934/1817 4770/1942/1817 4764/1935/1814
f 4771/1936/1818 4772/4074/1819 4773/1937/1819
f 4765/1931/1815 4766/1930/1815 4776/1939/211
f 4777/1941/1820 4778/1947/1820 4770/1942/1817
f 4745/1943/1805 4746/4075/1805 4609/1760/1737
f 4779/1945/1821 4775/1940/211 4776/1939/211
f 4777/1941/1820 4689/1849/1777 4690/1850/1777
f 4669/1948/1767 4779/1945/1821 4780/1946/1821
f 4673/1832/1769 4676/1831/1769 4782/1949/1822
f 4783/1951/1823 4784/1961/1823 112/1377/60
f 4719/1886/172 4722/1885/172 4786/1953/1825
f 4679/1838/1772 4680/1837/1772 4788/1955/1826
f 4789/1957/1827 4790/2053/1828 4791/1958/1828
f 4783/1951/1823 4793/1967/1829 4794/1960/1829
f 4771/1936/1818 4774/1938/1818 4796/1962/1830
f 4797/1964/1831 4787/1956/1826 4788/1955/1826
f 4799/1966/1832 4800/1976/1832 4794/1960/1829
f 4802/1968/1833 4803/2148/1833 4804/1969/126
f 4797/1964/1831 4798/1965/1831 4806/1971/1834
f 4807/1973/1835 4808/2083/1835 4715/1974/1789
f 4809/1975/1836 4810/1983/1836 4800/1976/1832
f 4805/1972/1834 4806/1971/1834 4812/1977/1837
f 4814/1979/1839 4815/2191/1839 4816/1980/1838
f 4809/1975/1836 4817/1990/1840 4818/1982/1840
f 4819/1984/1841 4811/1978/1837 4812/1977/1837
f 4821/1986/1842 4781/3659/1822 4782/1987/1822
f 4823/1989/1843 4824/4076/1843 4818/1982/1840
f 4825/1991/1844 4826/2110/1844 4639/1992/1752
f 4827/1993/1845 4819/1984/1841 4820/1985/1841
f 4829/1995/1846 4830/1999/1846 4824/1996/1843
f 4827/1600/1845 4828/4077/1845 4832/1997/1847
f 4833/1909/1848 4834/4078/1848 4830/1999/1846
f 4835/2000/1849 4836/2227/1850 4837/2001/1850
f 4839/2003/1851 4831/1998/1847 4832/1997/1847
f 4701/1867/1782 4702/1866/1782 4808/2005/1835
f 4841/2007/1853 4842/2019/1853 4834/2008/1848
f 4795/1963/1830 4796/1962/1830 4844/2010/1854
f 4839/2012/1851 4840/4079/1852 4846/2013/1855
f 4848/2015/1857 4849/4080/1857 4850/2016/1856
f 4851/2018/1858 4852/2027/1858 4842/2019/1853
f 4853/2020/1859 4789/4081/1827 4792/737/1827
f 4845/2014/1855 4846/2013/1855 4856/2022/171
f 4772/2024/1819 4821/1986/1842 4822/1988/1842
f 4857/2026/1861 4858/2030/1861 4852/2027/1858
f 4859/2028/1862 4855/2023/171 4856/2022/171
f 4857/2026/1861 4761/1923/1813 4762/1922/1813
f 4859/2028/1862 4860/2029/1862 4742/2031/1803
f 4735/1899/1800 4738/1901/1800 4862/2032/1863
f 4674/1830/1770 4863/2044/1864 4864/2034/1864
f 4801/1970/126 4804/1969/126 4866/2036/1865
f 4867/2038/1866 4767/1933/1816 4768/1932/1816
f 4870/2040/1868 4871/2133/1868 4872/2041/1867
f 4873/2043/1869 4874/2050/1869 4864/2034/1864
f 4875/2045/1870 4847/2017/1856 4850/2016/1856
f 4877/2047/1871 4867/2038/1866 4868/2039/1866
f 4879/2049/1872 4880/2056/1872 4874/2050/1869
f 4881/2051/1873 4877/2047/1871 4878/2048/1871
f 4790/2053/1828 4883/2163/1874 4884/2054/1874
f 4885/2055/1875 4886/2062/1875 4880/2056/1872
f 4881/2051/1873 4882/2052/1873 4888/2057/1876
f 4889/447/1877 4890/2604/1878 4891/2059/1878
f 4893/2061/1879 4894/2069/1879 4886/2062/1875
f 4895/2063/1880 4887/2058/1876 4888/2057/1876
f 4861/2065/1863 4862/4082/1863 4898/2066/1881
f 4893/2061/1879 4899/2074/1882 4900/2068/1882
f 4720/1884/1792 4901/2186/1883 4902/2070/1883
f 4895/2063/1880 4896/2064/1880 4904/1129/1885
f 4905/2073/1886 4906/2646/1886 4900/2068/1882
f 4903/2075/1884 4904/4083/1885 4908/2076/1887
f 4905/2077/1886 4909/2088/1888 4910/2078/1888
f 4912/2080/1890 4913/2266/1890 4914/2081/1889
f 4907/1879/1887 4908/2076/1887 4916/2083/1891
f 4785/1954/1824 4786/1953/1825 4884/2085/1874
f 4917/2087/1892 4918/4084/1892 4910/2078/1888
f 4919/2089/1893 4875/2045/1870 4876/2046/1870
f 4915/2091/1891 4916/4085/1891 4922/2092/1894
f 4924/2094/1896 4925/4086/1896 4926/2095/1895
f 4917/1160/1892 4927/2106/1897 4928/2097/1897
f 4929/2099/1898 4869/2042/1867 4872/2041/1867
f 4921/2093/1894 4922/2092/1894 4932/2101/125
f 4897/2067/1881 4898/2066/1881 4849/2103/1857
f 4933/2105/1899 4934/2109/1899 4928/2097/1897
f 4935/2107/1900 4931/2102/125 4932/2101/125
f 4843/2011/1854 4844/2010/1854 4934/2109/1899
f 4825/1991/1844 4935/2107/1900 4936/2108/1900
f 4813/1981/1838 4816/1980/1838 4938/2111/1901
f 4939/2113/1902 4940/2121/1902 4737/1900/1801
f 4941/2115/1903 4942/2314/1904 4943/2116/1904
f 4945/2118/1905 4853/2020/1859 4854/2021/1860
f 4947/2120/1906 4948/2127/1906 4940/2121/1902
f 4949/2122/1907 4923/2096/1895 4926/2095/1895
f 4945/2118/1905 4946/2119/1905 4952/2124/1908
f 4953/2126/1909 4954/2135/1909 4948/2127/1906
f 4955/2128/1910 4835/2000/1849 4838/2002/1849
f 4951/2125/1908 4952/2124/1908 4958/2130/1911
f 4870/2040/1868 4959/4087/1912 4960/2132/1912
f 4961/2134/1913 4962/2139/1913 4954/2135/1909
f 4963/2136/1914 4957/2131/1911 4958/2130/1911
f 4965/2138/1915 4966/2146/1916 4962/2139/1913
f 4967/2140/1917 4963/2136/1914 4964/2137/1914
f 4969/2142/1918 4937/3706/1901 4938/2143/1901
f 4971/2145/1919 4972/2154/1919 4966/2146/1916
f 4973/2147/1920 4974/2270/1920 4803/2148/1833
f 4975/2149/1921 4967/2140/1917 4968/2141/1917
f 4978/2151/1923 4979/2358/1923 4980/2152/1922
f 4981/2153/1924 4982/4088/1924 4972/2154/1919
f 4983/2155/1925 4753/1915/1809 4756/1917/1809
f 4985/2157/1926 4975/3692/1921 4976/2158/1921
f 4987/2160/1927 4988/2168/1927 4982/2161/1924
f 4989/2163/1928 4985/2157/1926 4986/2159/1926
f 4959/2165/1912 4865/2037/1865 4866/2036/1865
f 4987/2160/1927 4991/3694/1929 4992/2167/1929
f 4993/2169/1930 4949/2122/1907 4950/2123/1907
f 4989/2171/1928 4990/4089/1928 4996/2172/1932
f 4991/2174/1929 4997/2182/1933 4998/2175/1933
f 4995/2173/1931 4996/2172/1932 5000/2177/87
f 4969/2142/1918 4970/2144/1918 4925/2179/1896
f 5001/2181/1934 5002/2185/1934 4998/2175/1933
f 4999/2178/87 5000/2177/87 5004/2183/1935
f 4919/2089/1893 4920/2090/1893 5002/2185/1934
f 4901/2186/1883 5003/2184/1935 5004/2183/1935
f 4941/2187/1903 4944/4090/1903 5006/2188/1936
f 5007/2190/1937 5008/2201/1937 4815/2191/1839
f 5009/2192/1938 4585/1737/1723 4588/1739/1723
f 4929/2194/1898 4930/4091/1898 5012/2195/1939
f 5013/2197/1940 4911/3725/1889 4914/2198/1889
f 5015/2200/1941 5016/2210/1941 5008/2201/1937
f 5018/2202/1943 5019/4092/1943 5020/2203/1942
f 5021/940/1944 5011/2196/1939 5012/2195/1939
f 5023/2206/1945 5024/2395/1946 5025/2207/1946
f 5027/2209/1947 5028/2214/1947 5016/2210/1941
f 5029/2211/1948 5021/940/1944 5022/2205/1944
f 5027/2209/1947 5031/2219/1949 5032/2213/1949
f 4754/2215/1810 5033/2249/1950 5034/2216/1950
f 5035/2217/1951 5029/2211/1948 5030/2212/1948
f 5031/2219/1949 5037/2229/1952 5038/2220/1952
f 5039/2221/1953 5040/3791/1954 5041/2222/1954
f 5035/2217/1951 5036/2218/1951 5044/2224/1955
f 5045/2226/1956 5046/2354/1956 4837/2001/1850
f 5047/2228/1957 5048/2237/1957 5038/2220/1952
f 5049/2230/1958 5009/3731/1938 5010/2231/1938
f 5051/2233/1959 5043/3714/1955 5044/2234/1955
f 5053/2236/1960 5054/4093/1960 5048/2237/1957
f 5051/2233/1959 5052/2235/1959 5056/2238/1961
f 5058/1950/1963 5059/1949/1963 5060/2240/1962
f 5053/2241/1960 5061/2248/1964 5062/2242/1964
f 5055/2239/1961 5056/2238/1961 5064/2244/1965
f 5065/2246/1966 5013/2197/1940 5014/2199/1940
f 5061/2248/1964 5067/3718/1967 5068/2179/1967
f 5033/2249/1950 4955/2128/1910 4956/2129/1910
f 5069/2250/1968 5063/4094/1965 5064/2251/1965
f 5017/2204/1942 5020/2203/1942 5072/2253/1969
f 5067/2255/1967 5073/2263/1970 5074/2256/1970
f 5075/2258/1971 5076/2347/1972 5077/2259/1972
f 5079/2261/51 5069/2250/1968 5070/2252/1968
f 5073/2263/1970 5081/2269/1973 5082/2264/1973
f 4912/2080/1890 5049/4095/1958 5050/2265/1958
f 5083/2267/1974 5079/2261/51 5080/2262/51
f 5081/2269/1973 4993/2169/1930 4994/2170/1930
f 5083/2267/1974 5084/2268/1974 4974/2270/1920
f 5085/2271/1975 4977/1915/1922 4980/2152/1922
f 4586/2273/1724 5087/2283/1976 5088/2274/1976
f 5023/2206/1945 5026/2208/1945 5090/2275/1977
f 4983/2155/1925 4984/2156/1925 5092/2277/1978
f 5093/2279/1979 5094/2112/1980 5095/2280/1980
f 5097/2282/1981 5098/2290/1981 5088/2274/1976
f 5099/2284/1982 5075/2258/1971 5078/2260/1971
f 5091/2286/1978 5092/4096/1978 5102/2287/1983
f 5103/2289/1984 5104/2300/1984 5098/2290/1981
f 5106/2291/1986 5107/2475/1986 5108/2292/1985
f 5109/2294/1987 5101/2288/1983 5102/2287/1983
f 5111/2296/1988 5112/4097/1988 5019/2297/1943
f 5103/2289/1984 5113/2307/1989 5114/2299/1989
f 5109/2294/1987 5110/2295/1987 5116/2301/1990
f 5118/2303/1992 5119/2520/1992 5120/2304/1991
f 5121/2306/1993 5122/2313/1994 5114/2299/1989
f 5115/2308/1990 5116/4098/1990 5124/2309/1996
f 5125/2311/1997 5085/2271/1975 5086/2272/1975
f 5127/2312/1998 5128/2319/1998 5122/2313/1994
f 4942/2314/1904 5129/2434/1999 5130/2315/1999
f 5123/2310/1995 5124/2309/1996 5132/2316/2000
f 5133/2318/2001 5134/3721/2001 5128/2319/1998
f 5131/2317/2000 5132/2316/2000 5136/2320/2002
f 5137/2322/2003 5138/4099/2003 5134/2323/2001
f 5140/2325/2005 5141/2555/2005 5142/2326/2004
f 5135/2321/2002 5136/2320/2002 5144/2328/2006
f 5111/2330/1988 5005/2189/1936 5006/2188/1936
f 5145/2331/2007 5146/2342/2007 5138/2332/2003
f 5147/2334/2008 5099/2284/1982 5100/2285/1982
f 5143/2329/2006 5144/2328/2006 5150/2336/2009
f 5152/2338/2010 5153/2427/2010 5154/2339/706
f 5155/2341/2011 5156/4100/2011 5146/2342/2007
f 5093/2279/1979 5096/2281/1979 5158/2343/2013
f 5149/2337/2009 5150/2336/2009 5160/2345/2014
f 5076/2347/1972 5125/2311/1997 5126/2216/1997
f 5161/2348/2015 5162/2353/2015 5156/2349/2011
f 5159/2346/2014 5160/2345/2014 5164/2351/2016
f 5065/2246/1966 5066/2247/1966 5162/2353/2015
f 5163/2352/2016 5164/2351/2016 5046/2354/1956
f 5039/2221/1953 5042/2223/1953 5166/2355/2017
f 4978/2151/1923 5167/4101/2018 5168/2357/2018
f 5105/2293/1985 5108/2292/1985 5170/2359/2019
f 5171/2361/2020 5071/2254/1969 5072/2253/1969
f 5174/2033/2022 5175/2032/2022 5176/2363/2021
f 5177/2365/2023 5178/2373/2023 5168/2366/2018
f 5179/2368/2024 5151/2340/706 5154/2339/706
f 5181/2370/2025 5171/2361/2020 5172/2362/2020
f 5183/2372/2026 5184/2380/2026 5178/2373/2023
f 5181/2370/2025 5182/2371/2025 5186/2374/2027
f 5187/2376/2028 5188/2411/2028 5095/2377/1980
f 5189/2379/2029 5190/4102/2029 5184/2380/2026
f 5185/2375/2027 5186/2374/2027 5192/2381/2030
f 5193/2383/2031 5194/2759/2032 5195/2384/2032
f 5197/2386/2033 5198/2394/2033 5190/2387/2029
f 5191/2382/2030 5192/2381/2030 5200/2389/2034
f 5165/2356/2017 5166/2355/2017 5202/2391/2035
f 5197/2386/2033 5203/2317/2036 5204/2393/2036
f 5024/2395/1946 5205/2517/2037 5206/2396/2037
f 5199/2390/2034 5200/2389/2034 5208/2397/2038
f 5209/2399/2039 5210/2403/2039 5204/2393/2036
f 5207/2398/2038 5208/2397/2038 5212/2400/2040
f 5213/2402/2041 5214/2328/2041 5210/2403/2039
f 5216/2404/2042 5217/2596/2042 5218/2405/607
f 5211/2407/2040 5212/4103/2040 5220/2408/2043
f 5089/2410/1977 5090/4104/1977 5188/2411/2028
f 5213/2402/2041 5221/2421/2044 5222/2412/2044
f 5179/2368/2024 5180/2369/2024 5224/2413/2045
f 5225/2415/2046 5219/2333/2043 5220/2332/2043
f 5227/2417/688 5228/2508/2047 5229/2418/2047
f 5231/2420/2048 5232/2429/2048 5222/2412/2044
f 5233/2422/2049 5173/2364/2021 5176/2363/2021
f 5235/2424/2051 5225/2415/2046 5226/2416/2046
f 5201/2426/2035 5202/2166/2035 5153/2427/2010
f 5237/2428/2052 5238/2433/2052 5232/2429/2048
f 5235/2430/2051 5236/4105/2051 5240/2431/2053
f 5147/2334/2008 5148/2335/2008 5238/2433/2052
f 5239/2432/2053 5240/2431/2053 5130/2315/1999
f 5117/2435/1991 5120/4106/1991 5242/2436/2054
f 5243/2438/2055 5244/2447/2055 5041/2439/1954
f 5246/2441/2056 5247/2634/2056 5248/2442/1702
f 5157/2344/2012 5158/2343/2013 5250/2444/2057
f 5243/2438/2055 5251/2452/2058 5252/2446/2058
f 5227/2417/688 5230/2419/688 5254/2448/2059
f 5249/2445/2057 5250/2444/2057 5256/2450/2060
f 5251/2452/2058 5257/2461/2061 5258/2453/2061
f 5259/2454/2062 5139/2327/2004 5142/2326/2004
f 5255/2451/2060 5256/2450/2060 5262/2456/2063
f 5174/2458/2022 5263/2490/2064 5264/2459/2064
f 5257/2461/2061 5265/2465/2065 5266/2462/2065
f 5261/2457/2063 5262/2456/2063 5268/2463/2066
f 5265/2465/2065 5269/3796/2067 5270/2466/2067
f 5267/2464/2066 5268/2463/2066 5272/2467/2068
f 5273/2469/2069 5241/2437/2054 5242/2436/2054
f 5275/2471/2070 5276/2481/2070 5270/2472/2067
f 5277/2474/2071 5278/2600/2071 5107/2475/1986
f 5271/2468/2068 5272/2467/2068 5280/2476/2072
f 5281/336/2073 5282/2681/2074 5283/2478/2074
f 5285/2480/2075 5286/2486/2075 5276/2481/2070
f 5057/1832/1962 5060/2240/1962 5288/2482/2076
f 5279/2477/2072 5280/2476/2072 5290/2483/2077
f 5291/2485/2078 5292/4107/2078 5286/2486/2075
f 5289/2487/2077 5290/4108/2077 5294/2488/2079
f 5263/2490/2064 5169/3811/2019 5170/2491/2019
f 5291/2492/2078 5295/2502/2080 5296/2493/2080
f 5253/2449/2059 5254/2448/2059 5298/2495/2081
f 5293/2489/2079 5294/2488/2079 5300/2497/2082
f 5302/2499/2084 5303/2702/2084 5304/2500/2083
f 5295/2502/2080 5305/2509/569 5306/2503/569
f 5299/2504/2082 5300/4109/2082 5308/2505/2085
f 5273/2507/2069 5274/4110/2069 5229/2418/2047
f 5305/2509/569 5309/2516/2086 5310/2510/2086
f 5312/2511/2087 5313/2710/2087 5314/2512/1742
f 5315/2514/2088 5307/2506/2085 5308/2505/2085
f 5223/2414/2045 5224/2413/2045 5310/2510/2086
f 5315/2514/2088 5316/2515/2088 5206/2396/2037
f 5245/2443/1702 5248/2442/1702 5318/2518/2089
f 5118/2303/1992 5319/2528/2090 5320/2519/2090
f 4889/2521/1877 4892/2642/1877 5322/2522/2091
f 5323/2524/2092 5233/2422/2049 5234/2423/2050
f 5215/2406/607 5218/2405/607 5326/2526/2093
f 5319/2528/2090 5327/2538/2094 5328/2529/2094
f 5329/2530/2095 5330/2619/2096 5331/2531/2096
f 5333/2533/2097 5323/2524/2092 5324/2525/2092
f 5336/2535/2099 5337/2780/2100 5338/2536/2098
f 5327/2538/2094 5339/2542/2101 5340/2539/2101
f 5333/2533/2097 5334/2534/2097 5342/2540/2102
f 5339/2542/2101 5343/2550/2103 5344/2543/2103
f 5058/2544/1963 5345/2579/2104 5346/2545/2104
f 5341/2541/2102 5342/2540/2102 5348/2547/2105
f 5349/2549/2106 5350/2557/2106 5344/2543/2103
f 5352/2551/2108 5353/2836/2108 5354/136/2107
f 5347/2548/2105 5348/2547/2105 5356/2146/2109
f 5357/2554/2110 5358/2677/2110 5141/2555/2005
f 5349/2549/2106 5359/4111/2111 5360/2556/2111
f 5321/2523/2091 5322/2522/2091 5362/2558/2112
f 5355/2553/2109 5356/2146/2109 5364/2560/2113
f 5365/2562/2114 5366/2571/2114 5360/2563/2111
f 5367/2565/2115 5363/2561/2113 5364/2560/2113
f 5370/2567/2117 5371/2752/2117 5372/2568/567
f 5373/2570/2118 5374/4112/2118 5366/2571/2114
f 5367/2572/2115 5368/4113/2115 5376/2573/2119
f 5325/2527/2093 5326/2526/2093 5378/2575/2120
f 5379/2577/2121 5380/2587/2121 5374/2578/2118
f 5345/2579/2104 5259/4114/2062 5260/2580/2062
f 5375/2574/2119 5376/2573/2119 5382/2581/2122
f 5329/2583/2095 5332/1378/2095 5384/2584/2123
f 5379/2577/2121 5385/2594/525 5386/2586/525
f 5388/2588/2124 5389/2668/2124 5390/2589/600
f 5391/2591/2125 5381/4115/2122 5382/2592/2122
f 5385/2594/525 5393/2599/2126 5394/2595/2126
f 5216/2404/2042 5361/4116/2112 5362/2005/2112
f 5391/2591/2125 5392/2593/2125 5396/2597/2127
f 5297/2496/2081 5298/2495/2081 5394/2595/2126
f 5277/2474/2071 5395/2598/2127 5396/2597/2127
f 5281/2601/2073 5284/2722/2073 5398/2602/2128
f 4890/2604/1878 5399/2608/2129 5400/2605/2129
f 5287/1830/2076 5288/2482/2076 5402/2606/2130
f 5399/2608/2129 5403/2614/2131 5404/2609/2131
f 5387/2590/600 5390/2589/600 5406/2610/2132
f 5407/2612/2133 5401/2607/2130 5402/2606/2130
f 5403/2614/2131 5409/2622/2134 5410/2615/2134
f 5311/2513/1742 5314/2512/1742 5412/2616/2135
f 5407/2612/2133 5408/2613/2133 5414/2617/2136
f 5330/2619/2096 5415/4117/2137 5416/2620/2137
f 5417/2621/2138 5418/2626/2138 5410/2615/2134
f 5413/2618/2136 5414/2617/2136 5420/2623/2139
f 5417/2621/2138 5421/2631/2140 5422/2625/2141
f 5423/2627/2142 5419/2624/2139 5420/2623/2139
f 5425/2629/2143 5397/2603/2128 5398/2602/2128
f 5421/2631/2140 5427/4118/2145 5428/2632/2146
f 5429/2633/2147 5430/2756/2147 5247/2634/2056
f 5431/2635/2148 5423/2627/2142 5424/2628/2142
f 5433/2637/2149 5434/2962/2150 5435/2638/2150
f 5427/2640/2145 5437/2523/2151 5438/2641/2151
f 5301/2643/2083 5304/4119/2083 5440/2644/2152
f 5441/2073/2153 5431/2635/2148 5432/2636/2148
f 5437/2523/2151 5443/3842/2155 5444/2647/2155
f 5445/2579/2156 5441/2544/2153 5442/2648/2154
f 5317/289/2089 5318/2518/2089 5416/2650/2137
f 5443/2652/2155 5447/2663/2157 5448/2653/2157
f 5405/2611/2132 5406/2610/2132 5450/2655/2158
f 5451/2657/2159 5445/2579/2156 5446/2649/2156
f 5453/2659/1736 5454/2787/2160 5455/2660/2160
f 5457/2662/487 5458/2670/487 5448/2653/2157
f 5451/2664/2159 5452/4120/2159 5460/2665/2161
f 5425/2667/2143 5426/4121/2144 5389/2668/2124
f 5457/2662/487 5461/2676/2162 5462/2669/2162
f 5464/2671/2163 5465/4122/2163 5466/2672/488
f 5467/2674/2164 5459/2666/2161 5460/2665/2161
f 5377/2576/2120 5378/2575/2120 5462/2669/2162
f 5467/2674/2164 5468/2675/2164 5358/2677/2110
f 5469/2678/2165 5470/2866/2166 5471/2679/2166
f 5473/2680/2167 5474/2690/2167 5283/2478/2074
f 5193/2682/2031 5196/4123/2031 5476/2683/2168
f 5383/2585/2123 5384/2584/2123 5478/2685/2169
f 5369/2569/2116 5372/2568/567 5480/2687/2170
f 5481/2689/2171 5482/2696/2171 5474/2690/2167
f 5483/2691/2172 5477/2686/2169 5478/2685/2169
f 5453/2659/1736 5456/2661/1736 5486/2693/2173
f 5481/2689/2171 5487/2700/2174 5488/2695/2174
f 5483/2691/2172 5484/2692/2172 5490/2697/2175
f 5491/2699/2176 5492/2706/2176 5488/2695/2174
f 5302/2499/2084 5493/3876/2177 5494/2701/2177
f 5495/2703/2178 5489/2698/2175 5490/2697/2175
f 5491/2699/2176 5497/2712/2179 5498/2705/2179
f 5499/2707/2180 5495/2703/2178 5496/2704/2178
f 5501/2709/2181 5502/2833/2181 5313/2710/2087
f 5503/2711/2182 5504/4124/2182 5498/2705/2179
f 5475/2684/2168 5476/2683/2168 5506/2713/2183
f 5507/2715/2184 5499/2707/2180 5500/2708/2180
f 5335/2717/2098 5338/4125/2098 5510/2718/2185
f 5503/2720/2182 5511/2728/2186 5512/2721/2186
f 5514/2723/2188 5515/2901/2189 5516/2724/2187
f 5517/2726/2190 5507/2530/2184 5508/2727/2184
f 5511/2728/2186 5519/3862/2191 5520/2729/2192
f 5521/2730/2193 5517/2726/2190 5518/2531/2190
f 5479/2688/2170 5480/2687/2170 5524/2732/2194
f 5519/2012/2191 5525/2740/2195 5526/2734/2195
f 5411/373/2135 5412/2616/2135 5494/374/2177
f 5521/522/2193 5522/521/2193 5528/2737/2196
f 5529/2739/449 5530/2750/449 5526/2734/2195
f 5532/2741/2198 5533/4126/2198 5534/2742/2197
f 5527/2738/2196 5528/2737/2196 5536/2744/1779
f 5538/2746/2200 5539/2927/2200 5540/2747/2199
f 5529/2739/449 5541/2755/2201 5542/2749/2201
f 5505/2751/2183 5506/4127/2183 5371/2752/2117
f 5543/2753/2202 5535/2745/1779 5536/2744/1779
f 5541/2755/2201 5449/2656/2158 5450/2655/2158
f 5543/2753/2202 5544/2754/2202 5430/2756/2147
f 5469/2678/2165 5472/113/2165 5546/207/2203
f 5547/2758/2204 5548/2767/2204 5195/2384/2032
f 5549/2760/2205 5351/2552/2107 5354/136/2107
f 5551/2762/2206 5439/2645/2152 5440/2644/2152
f 5463/2673/488 5466/2672/488 5554/2764/2207
f 5555/2766/2208 5556/2774/2208 5548/2767/2204
f 5558/2768/2210 5559/2851/2210 5560/2769/2209
f 5561/2771/2211 5551/2762/2206 5552/2763/2206
f 5563/2773/2212 5564/2778/2212 5556/2774/2208
f 5561/2771/2211 5562/2772/2211 5566/2775/2213
f 5567/2777/2214 5568/2784/2214 5564/2778/2212
f 5569/2779/2215 5570/4128/2215 5337/2780/2100
f 5565/2776/2213 5566/2775/2213 5572/2781/2216
f 5573/2783/2217 5574/2790/2217 5568/2784/2214
f 5571/2782/2216 5572/2781/2216 5576/2785/2219
f 5454/2787/2160 5577/2899/2220 5578/2788/2220
f 5573/2783/2217 5579/4129/2221 5580/2789/2221
f 5549/2791/2205 5550/4130/2205 5582/2792/2222
f 5583/2794/2223 5575/2786/2218 5576/2785/2219
f 5585/2796/2224 5586/2805/2224 5580/2797/2221
f 5583/2799/2223 5584/4131/2223 5588/2800/2225
f 5589/2802/2226 5590/2956/2227 5591/2803/2227
f 5585/2796/2224 5593/3884/2228 5594/2713/2228
f 5595/2806/2229 5587/2801/2225 5588/2800/2225
f 5553/2765/2207 5554/2764/2207 5598/2808/2230
f 5599/2810/2231 5600/2820/2231 5594/2811/2228
f 5485/2694/2173 5486/2693/2173 5570/2813/2215
f 5595/441/2229 5596/440/2229 5602/2815/2232
f 5557/2816/2209 5560/4132/2209 5604/2817/2233
f 5599/2810/2231 5605/2826/408 5606/2819/408
f 5607/2821/2234 5608/4133/2235 5609/2822/2235
f 5601/439/2232 5602/2815/2232 5612/2824/1817
f 5605/2826/408 5613/2832/2236 5614/2827/2236
f 5581/2793/2222 5582/2792/2222 5465/2828/2163
f 5615/2830/2237 5611/2825/1817 5612/2824/1817
f 5613/2832/2236 5523/2733/2194 5524/2732/2194
f 5501/2709/2181 5615/2830/2237 5616/2831/2238
f 5513/2725/2187 5516/2724/2187 5618/2834/2239
f 5352/2551/2108 5619/2840/2240 5620/305/2240
f 5621/2837/2241 5509/2719/2185 5510/2718/2185
f 5623/2839/2242 5624/2846/2242 5620/305/2240
f 5625/2841/2243 5607/2821/2234 5610/2823/2234
f 5627/2843/2244 5621/2837/2241 5622/2838/2241
f 5629/2845/2245 5630/2853/2245 5624/2846/2242
f 5537/2748/2199 5540/2747/2199 5632/2847/2246
f 5633/2848/2247 5627/2843/2244 5628/2844/2244
f 5558/2768/2210 5635/4134/2248 5636/2850/2248
f 5637/2852/2249 5638/2857/2249 5630/2853/2245
f 5633/2848/2247 5634/2849/2247 5640/2854/2250
f 5641/2856/2251 5642/2864/2251 5638/2857/2249
f 5643/2858/2252 5639/2855/2250 5640/2854/2250
f 5617/2860/2239 5618/4135/2239 5646/2861/2253
f 5641/2856/2251 5647/334/2254 5648/2863/2254
f 5649/2865/2255 5650/2960/2255 5471/2679/2166
f 5643/2858/2252 5644/2859/2252 5652/2867/2256
f 5647/334/2254 5653/345/2257 5654/344/2257
f 5531/2869/2197 5534/3937/2197 5656/2870/2258
f 5657/2872/2259 5651/3906/2256 5652/2873/2256
f 5659/2793/2260 5660/2881/2260 5654/2875/2257
f 5657/2872/2259 5658/2874/2259 5662/2876/2261
f 5545/2757/2203 5546/207/2203 5636/2878/2248
f 5659/2793/2260 5663/3909/2262 5664/2880/2262
f 5625/2841/2243 5626/2842/2243 5666/2882/2263
f 5667/2884/2264 5661/4136/2261 5662/2885/2261
f 5669/2887/366 5670/2895/366 5664/2888/2262
f 5671/2890/1858 5667/2884/2264 5668/2886/2264
f 5645/2862/2253 5646/2861/2253 5609/2892/2235
f 5669/2887/366 5673/2898/2265 5674/2894/2265
f 5671/2890/1858 5672/2891/1858 5676/2896/2266
f 5597/2809/2230 5598/2808/2230 5674/2894/2265
f 5675/2897/2266 5676/2896/2266 5578/2788/2220
f 5677/2900/2267 5678/2909/2267 5515/2901/2189
f 5679/43/2268 5433/2637/2149 5436/2639/2149
f 5681/2903/2269 5603/2818/2233 5604/2817/2233
f 5683/2905/2270 5589/3939/2226 5592/2906/2226
f 5685/2908/2271 5686/2913/2271 5678/2909/2267
f 5681/2903/2269 5682/2904/2269 5688/2910/2272
f 5689/2912/2273 5690/2917/2273 5686/2913/2271
f 5687/2911/2272 5688/2910/2272 5692/2914/2274
f 5693/2916/2275 5694/2923/2275 5690/2917/2273
f 5695/2918/2276 5696/91/2276 5533/2919/2198
f 5697/2920/2277 5691/2915/2274 5692/2914/2274
f 5699/2922/2278 5700/2929/2279 5694/2923/2275
f 5701/2924/2280 5697/2920/2277 5698/2921/2277
f 5538/2746/2200 5703/3008/2281 5704/2926/2281
f 5705/2928/2282 5706/251/2282 5700/2929/2279
f 5679/2930/2268 5680/4137/2268 5708/2931/2283
f 5701/2924/2280 5702/2925/2280 5710/2933/2284
f 5705/2928/2282 5711/263/2285 5712/262/2285
f 5709/2935/2284 5710/4138/2284 5714/2936/2286
f 5715/2938/2287 5716/2945/2287 5712/2939/2285
f 5713/2937/2286 5714/2936/2286 5718/2941/2288
f 5719/2943/2289 5683/2905/2270 5684/2907/2270
f 5715/2938/2287 5721/3930/2290 5722/2892/2290
f 5695/2918/2276 5631/13/2246 5632/2847/2246
f 5717/2946/2288 5718/272/2288 5724/2947/2291
f 5725/2949/2292 5726/2955/2292 5722/2950/2290
f 5723/2948/2291 5724/2947/2291 5728/2952/2293
f 5729/2954/2294 5730/2959/2294 5726/2955/2292
f 5707/107/2283 5708/4139/2283 5591/2803/2227
f 5727/2953/2293 5728/2952/2293 5732/2957/2295
f 5665/2883/2263 5666/2882/2263 5730/2959/2294
f 5649/2865/2255 5731/2958/2295 5732/2957/2295
f 5733/2961/2296 5734/2967/2296 5435/2638/2150
f 5655/2963/2258 5656/4140/2258 5736/2964/2297
f 5737/2966/2298 5738/2971/2298 5734/2967/2296
f 5739/2968/2299 5735/2965/2297 5736/2964/2297
f 5741/2970/2300 5742/2975/2300 5738/2971/2298
f 5743/2972/2301 5739/2968/2299 5740/2969/2299
f 5741/2970/2300 5745/2978/2302 5746/2974/2302
f 5743/2972/2301 5744/2973/2301 5748/2976/2303
f 5745/2978/2302 5749/164/2304 5750/2979/2304
f 5751/2980/2305 5747/2977/2303 5748/2976/2303
f 5749/164/2304 5753/2986/2306 5754/2982/2306
f 5755/2983/2307 5751/4141/2305 5752/2984/2305
f 5757/177/2308 5758/178/2308 5754/2982/2306
f 5759/2987/2309 5755/3953/2307 5756/2988/2307
f 5757/2990/2308 5761/3955/2310 5762/2991/2310
f 5763/2993/2311 5759/181/2309 5760/2994/2309
f 5761/194/2310 5765/2999/2312 5766/195/2312
f 5763/2993/2311 5764/191/2311 5768/2996/2313
f 5769/2998/2314 5770/4142/2314 5766/195/2312
f 5767/2997/2313 5768/2996/2313 5772/3000/2315
f 5773/3002/2316 5774/3007/2316 5770/3003/2314
f 5771/3001/2315 5772/3000/2315 5776/3005/2317
f 5719/2943/2289 5720/2944/2289 5774/3007/2316
f 5775/3006/2317 5776/3005/2317 5704/2926/2281
f 1517/123/2 2/71/2 1449/57/2
f 1449/57/2 1453/24/2 1457/19/2
f 1457/19/2 1461/6/2 1465/5/2
f 1465/5/2 1469/66/2 1473/2/2
f 1473/2/2 1477/52/2 1481/3966/2
f 1481/3966/2 1485/81/2 1489/80/2
f 1489/80/2 1493/89/2 1497/98/2
f 1497/98/2 1501/97/2 1505/105/2
f 1505/105/2 1509/111/2 1513/118/2
f 1513/118/2 1517/123/2 1449/57/2
f 1449/57/2 1457/19/2 1465/5/2
f 1465/5/2 1473/2/2 1481/3966/2
f 1481/3966/2 1489/80/2 1497/98/2
f 1497/98/2 1505/105/2 1513/118/2
f 1513/118/2 1449/57/2 1465/5/2
f 1465/5/2 1481/3966/2 1497/98/2
f 1448/3009/1 1452/3014/758 1450/3010/758
f 1520/3012/779 1448/3009/1 1/3011/1
f 1455/24/757 1451/65/757 1447/64/757
f 1447/64/757 1519/122/757 1515/118/757
f 1515/118/757 1511/111/757 1507/105/757
f 1507/105/757 1503/97/757 1499/96/757
f 1499/96/757 1495/89/757 1491/82/757
f 1491/82/757 1487/3967/757 1483/27/757
f 1483/27/757 1479/12/757 1475/2/757
f 1475/2/757 1471/70/757 1467/5/757
f 1467/5/757 1463/6/757 1459/19/757
f 1459/19/757 1455/24/757 1447/64/757
f 1447/64/757 1515/118/757 1507/105/757
f 1507/105/757 1499/96/757 1491/82/757
f 1491/82/757 1483/27/757 1475/2/757
f 1475/2/757 1467/5/757 1459/19/757
f 1459/19/757 1447/64/757 1507/105/757
f 1507/105/757 1491/82/757 1475/2/757
f 1452/3014/758 1456/4143/759 1454/3015/759
f 1456/3016/759 1460/3019/761 1458/3017/760
f 1460/3019/761 1464/3021/762 1462/3020/762
f 1464/3021/762 1468/3023/763 1466/3022/763
f 1468/3023/763 1472/4144/764 1470/3024/764
f 1470/3024/764 1472/4144/764 1476/3025/765
f 1476/3027/765 1480/3030/767 1478/3028/766
f 1480/3030/767 1484/37/768 1482/36/768
f 1484/37/768 1488/39/769 1486/34/769
f 1488/39/769 1492/3032/771 1490/3031/770
f 1492/3032/771 1496/4145/772 1494/3033/772
f 1496/3034/772 1500/4146/773 1498/3035/773
f 1498/3035/773 1500/4146/773 1504/3037/774
f 1502/3038/774 1504/3037/774 1508/3039/775
f 1508/3039/775 1512/3042/777 1510/3041/776
f 1512/3042/777 1516/4147/778 1514/3043/778
f 1516/3044/778 1520/3012/779 1518/3013/779
f 1565/4148/780 1569/169/780 1573/168/780
f 1573/168/780 1577/180/780 1581/191/780
f 1581/191/780 1585/190/780 1589/209/780
f 1589/209/780 1593/213/780 1521/110/780
f 1521/110/780 1525/54/780 1529/14/780
f 1529/14/780 1533/119/780 1537/91/780
f 1537/91/780 1541/3968/780 1545/21/780
f 1545/21/780 1549/3961/780 1553/4149/780
f 1553/4149/780 1557/4150/780 1561/3046/780
f 1561/3046/780 1565/4148/780 1573/168/780
f 1573/168/780 1581/191/780 1589/209/780
f 1589/209/780 1521/110/780 1529/14/780
f 1529/14/780 1537/91/780 1545/21/780
f 1545/21/780 1553/4149/780 1561/3046/780
f 1561/3046/780 1573/168/780 1589/209/780
f 1589/209/780 1529/14/780 1545/21/780
f 1522/3047/781 1524/94/781 1528/95/783
f 1596/210/805 1524/94/781 1522/3047/781
f 1551/75/782 1547/44/782 1543/2902/782
f 1543/2902/782 1539/106/782 1535/17/782
f 1535/17/782 1531/3960/782 1527/3050/782
f 1527/3050/782 1523/4151/782 1595/4152/782
f 1595/4152/782 1591/205/782 1587/195/782
f 1587/195/782 1583/2995/782 1579/178/782
f 1579/178/782 1575/172/782 1571/163/782
f 1571/163/782 1567/156/782 1563/150/782
f 1563/150/782 1559/143/782 1555/134/782
f 1555/134/782 1551/75/782 1543/2902/782
f 1543/2902/782 1535/17/782 1527/3050/782
f 1527/3050/782 1595/4152/782 1587/195/782
f 1587/195/782 1579/178/782 1571/163/782
f 1571/163/782 1563/150/782 1555/134/782
f 1555/134/782 1543/2902/782 1527/3050/782
f 1527/3050/782 1587/195/782 1571/163/782
f 1528/95/783 1532/61/784 1530/3051/784
f 1532/3052/784 1536/3055/785 1534/3053/785
f 1536/3055/785 1540/49/786 1538/3056/786
f 1540/49/786 1544/51/788 1542/33/787
f 1544/51/788 1548/4153/789 1546/31/789
f 1546/31/789 1548/4153/789 1552/3057/790
f 1552/3059/790 1556/3060/792 1554/139/791
f 1556/3060/792 1560/4154/794 1558/138/793
f 1558/138/793 1560/4154/794 1564/3061/795
f 1562/144/795 1564/3061/795 1568/3062/797
f 1566/162/796 1568/3062/797 1572/3063/798
f 1572/3064/798 1576/3066/799 1574/176/799
f 1576/3066/799 1580/3067/801 1578/174/800
f 1580/3067/801 1584/185/802 1582/3068/802
f 1582/3068/802 1584/185/802 1588/3069/803
f 1586/3070/803 1588/3069/803 1592/3071/804
f 1590/3073/804 1592/3973/804 1596/210/805
f 1609/207/806 1613/2878/806 1617/4155/806
f 1617/4155/806 1621/4156/806 1625/4157/806
f 1625/4157/806 1629/4158/806 1633/3074/806
f 1633/3074/806 1637/4159/806 1641/4160/806
f 1641/4160/806 1645/4161/806 1649/4162/806
f 1649/4162/806 1653/4163/806 1657/272/806
f 1657/272/806 1661/271/806 1665/288/806
f 1665/288/806 1669/287/806 1597/192/806
f 1597/192/806 1601/140/806 1605/113/806
f 1605/113/806 1609/207/806 1617/4155/806
f 1617/4155/806 1625/4157/806 1633/3074/806
f 1633/3074/806 1641/4160/806 1649/4162/806
f 1649/4162/806 1657/272/806 1665/288/806
f 1665/288/806 1597/192/806 1605/113/806
f 1605/113/806 1617/4155/806 1633/3074/806
f 1633/3074/806 1649/4162/806 1665/288/806
f 1598/3075/807 1600/170/807 1604/59/809
f 1672/293/826 1600/170/807 1598/3075/807
f 1615/4164/808 1611/4165/808 1607/4166/808
f 1607/4166/808 1603/4167/808 1599/4168/808
f 1599/4168/808 1671/4169/808 1667/3078/808
f 1667/3078/808 1663/3913/808 1659/4170/808
f 1659/4170/808 1655/262/808 1651/251/808
f 1651/251/808 1647/243/808 1643/239/808
f 1643/239/808 1639/232/808 1635/226/808
f 1635/226/808 1631/220/808 1627/117/808
f 1627/117/808 1623/41/808 1619/3079/808
f 1619/3079/808 1615/4164/808 1607/4166/808
f 1607/4166/808 1599/4168/808 1667/3078/808
f 1667/3078/808 1659/4170/808 1651/251/808
f 1651/251/808 1643/239/808 1635/226/808
f 1635/226/808 1627/117/808 1619/3079/808
f 1619/3079/808 1607/4166/808 1667/3078/808
f 1667/3078/808 1651/251/808 1635/226/808
f 1602/3076/809 1604/59/809 1608/60/810
f 1608/3081/810 1612/3084/811 1610/3082/811
f 1612/3084/811 1616/188/812 1614/165/812
f 1614/165/812 1616/188/812 1620/151/813
f 1618/125/813 1620/151/813 1624/3085/814
f 1622/3086/814 1624/3085/814 1628/3087/815
f 1628/3089/815 1632/4171/816 1630/218/816
f 1630/218/816 1632/4171/816 1636/3090/817
f 1636/3090/817 1640/3091/818 1638/228/818
f 1640/3091/818 1644/4172/819 1642/237/819
f 1642/237/819 1644/4172/819 1648/3092/820
f 1648/3093/820 1652/4173/821 1650/258/821
f 1650/258/821 1652/4173/821 1656/265/822
f 1656/265/822 1660/267/823 1658/165/823
f 1660/267/823 1664/276/824 1662/3095/824
f 1664/276/824 1668/4174/825 1666/3096/825
f 1666/3097/825 1668/284/825 1672/293/826
f 1705/4175/827 1709/4176/827 1713/4177/827
f 1713/4177/827 1717/4178/836 1721/4179/827
f 1721/4179/827 1725/4180/827 1729/3098/827
f 1729/3098/827 1733/355/827 1737/354/827
f 1737/354/827 1741/372/827 1745/377/827
f 1745/377/827 1673/273/827 1677/224/827
f 1677/224/827 1681/199/827 1685/198/827
f 1685/198/827 1689/2813/827 1693/4181/827
f 1693/4181/827 1697/4182/836 1701/3099/827
f 1701/3099/827 1705/4175/827 1713/4177/827
f 1713/4177/827 1721/4179/827 1729/3098/827
f 1729/3098/827 1737/354/827 1745/377/827
f 1745/377/827 1677/224/827 1685/198/827
f 1685/198/827 1693/4181/827 1701/3099/827
f 1701/3099/827 1713/4177/827 1729/3098/827
f 1729/3098/827 1745/377/827 1685/198/827
f 1676/378/828 1680/249/830 1678/3100/830
f 1746/3102/850 1748/376/850 1676/378/828
f 1723/326/829 1719/322/831 1715/317/829
f 1715/317/829 1711/310/831 1707/305/829
f 1707/305/829 1703/203/831 1699/136/829
f 1699/136/829 1695/3969/829 1691/4183/829
f 1691/4183/829 1687/4184/831 1683/4185/829
f 1683/4185/829 1679/4186/831 1675/4187/829
f 1675/4187/829 1747/4188/831 1743/3103/829
f 1743/3103/829 1739/4189/831 1735/4190/829
f 1735/4190/829 1731/344/829 1727/335/829
f 1727/335/829 1723/326/829 1715/317/829
f 1715/317/829 1707/305/829 1699/136/829
f 1699/136/829 1691/4183/829 1683/4185/829
f 1683/4185/829 1675/4187/829 1743/3103/829
f 1743/3103/829 1735/4190/829 1727/335/829
f 1727/335/829 1715/317/829 1699/136/829
f 1699/136/829 1683/4185/829 1743/3103/829
f 1678/3100/830 1680/249/830 1684/7/832
f 1682/3105/832 1684/4191/832 1688/268/833
f 1686/3106/833 1688/268/833 1692/234/834
f 1692/234/834 1696/236/835 1694/215/835
f 1696/236/835 1700/4192/837 1698/3107/837
f 1698/3107/837 1700/4192/837 1704/3108/839
f 1702/84/838 1704/4193/839 1708/3110/840
f 1708/3110/840 1712/3111/841 1710/314/841
f 1712/3111/841 1716/3112/842 1714/318/842
f 1716/3112/842 1720/4194/843 1718/324/843
f 1718/324/843 1720/4194/843 1724/3113/844
f 1724/3114/844 1728/3116/845 1726/339/845
f 1728/3116/845 1732/3117/846 1730/346/846
f 1732/3117/846 1736/348/847 1734/3118/847
f 1734/3118/847 1736/348/847 1740/358/848
f 1740/358/848 1744/4195/849 1742/3120/849
f 1742/3121/849 1744/365/849 1748/376/850
f 1781/4196/851 1785/4197/851 1789/4198/851
f 1789/4198/851 1793/4199/851 1797/4200/851
f 1797/4200/851 1801/4201/851 1805/3122/851
f 1805/3122/851 1809/440/851 1813/451/851
f 1813/451/851 1817/450/851 1821/458/851
f 1821/458/851 1749/352/851 1753/307/851
f 1753/307/851 1757/184/851 1761/183/851
f 1761/183/851 1765/374/851 1769/4202/851
f 1769/4202/851 1773/4203/851 1777/3123/851
f 1777/3123/851 1781/4196/851 1789/4198/851
f 1789/4198/851 1797/4200/851 1805/3122/851
f 1805/3122/851 1813/451/851 1821/458/851
f 1821/458/851 1753/307/851 1761/183/851
f 1761/183/851 1769/4202/851 1777/3123/851
f 1777/3123/851 1789/4198/851 1805/3122/851
f 1805/3122/851 1821/458/851 1761/183/851
f 1752/328/852 1756/102/854 1754/3124/854
f 1824/462/872 1752/328/852 1750/3125/852
f 1791/402/853 1787/395/853 1783/387/853
f 1783/387/853 1779/261/853 1775/260/853
f 1775/260/853 1771/4204/853 1767/3127/853
f 1767/3127/853 1763/4205/853 1759/4206/853
f 1759/4206/853 1755/4207/853 1751/4208/853
f 1751/4208/853 1823/4209/853 1819/4210/853
f 1819/4210/853 1815/4211/853 1811/3128/853
f 1811/3128/853 1807/4212/853 1803/424/853
f 1803/424/853 1799/416/853 1795/409/853
f 1795/409/853 1791/402/853 1783/387/853
f 1783/387/853 1775/260/853 1767/3127/853
f 1767/3127/853 1759/4206/853 1751/4208/853
f 1751/4208/853 1819/4210/853 1811/3128/853
f 1811/3128/853 1803/424/853 1795/409/853
f 1795/409/853 1783/387/853 1767/3127/853
f 1767/3127/853 1751/4208/853 1811/3128/853
f 1754/3124/854 1756/102/854 1760/104/855
f 1758/3130/855 1760/4213/855 1764/3131/856
f 1764/3131/856 1768/3133/857 1766/333/857
f 1768/3133/857 1772/320/858 1770/301/858
f 1772/320/858 1776/67/859 1774/427/859
f 1774/427/859 1776/67/859 1780/3134/860
f 1778/381/860 1780/4214/860 1784/3136/861
f 1784/3136/861 1788/3137/862 1786/400/862
f 1788/3137/862 1792/4215/863 1790/405/863
f 1790/405/863 1792/4215/863 1796/3138/865
f 1794/404/864 1796/3138/865 1800/3139/866
f 1798/3140/866 1800/4216/866 1804/3141/867
f 1802/427/867 1804/3141/867 1808/428/868
f 1808/428/868 1812/436/869 1810/333/869
f 1812/436/869 1816/3143/870 1814/3142/870
f 1816/3143/870 1820/4217/871 1818/3130/871
f 1820/456/871 1824/462/872 1822/3126/872
f 1857/467/873 1861/481/873 1865/489/873
f 1865/489/873 1869/493/873 1873/500/873
f 1873/500/873 1877/3990/873 1881/3145/873
f 1881/3145/873 1885/4218/873 1889/4219/873
f 1889/4219/873 1893/4220/873 1897/4221/873
f 1897/4221/873 1825/4222/873 1829/4223/873
f 1829/4223/873 1833/4224/873 1837/3146/873
f 1837/3146/873 1841/4225/873 1845/4226/873
f 1845/4226/873 1849/159/873 1853/468/873
f 1853/468/873 1857/467/873 1865/489/873
f 1865/489/873 1873/500/873 1881/3145/873
f 1881/3145/873 1889/4219/873 1897/4221/873
f 1897/4221/873 1829/4223/873 1837/3146/873
f 1837/3146/873 1845/4226/873 1853/468/873
f 1853/468/873 1865/489/873 1881/3145/873
f 1881/3145/873 1897/4221/873 1837/3146/873
f 1828/3147/874 1832/4227/876 1830/388/876
f 1898/544/894 1900/3168/894 1828/3147/874
f 1851/4228/875 1847/4229/875 1843/443/875
f 1843/443/875 1839/313/875 1835/278/875
f 1835/278/875 1831/418/875 1827/545/875
f 1827/545/875 1899/542/875 1895/534/875
f 1895/534/875 1891/526/875 1887/1232/875
f 1887/1232/875 1883/4230/875 1879/4231/875
f 1879/4231/875 1875/4232/875 1871/3148/875
f 1871/3148/875 1867/4233/875 1863/4234/875
f 1863/4234/875 1859/4235/875 1855/3149/875
f 1855/3149/875 1851/4228/875 1843/443/875
f 1843/443/875 1835/278/875 1827/545/875
f 1827/545/875 1895/534/875 1887/1232/875
f 1887/1232/875 1879/4231/875 1871/3148/875
f 1871/3148/875 1863/4234/875 1855/3149/875
f 1855/3149/875 1843/443/875 1827/545/875
f 1827/545/875 1887/1232/875 1871/3148/875
f 1830/388/876 1832/4227/876 1836/3150/877
f 1834/3151/877 1836/4236/877 1840/3152/878
f 1838/3153/878 1840/3152/878 1844/516/879
f 1844/516/879 1848/406/880 1846/385/880
f 1846/385/880 1848/406/880 1852/146/881
f 1852/146/881 1856/4237/882 1854/3154/882
f 1854/3154/882 1856/4237/882 1860/3155/883
f 1860/472/883 1864/479/884 1862/3157/884
f 1864/479/884 1868/485/885 1866/3159/885
f 1866/3159/885 1868/485/885 1872/490/887
f 1870/3161/886 1872/3155/887 1876/3162/888
f 1876/3162/888 1880/3164/889 1878/509/889
f 1880/3164/889 1884/406/890 1882/385/890
f 1882/385/890 1884/406/890 1888/516/891
f 1888/516/891 1892/3166/892 1890/3153/892
f 1892/3166/892 1896/4238/893 1894/3167/893
f 1894/531/893 1896/4239/893 1900/3168/894
f 1909/4240/895 1913/4241/895 1917/4242/895
f 1917/4242/895 1921/466/895 1925/343/895
f 1925/343/895 1929/342/895 1933/547/895
f 1933/547/895 1937/555/895 1941/565/895
f 1941/565/895 1945/564/895 1949/571/895
f 1949/571/895 1953/586/895 1957/585/895
f 1957/585/895 1961/4243/895 1965/3169/895
f 1965/3169/895 1969/4244/895 1973/4245/895
f 1973/4245/895 1901/4246/895 1905/3170/895
f 1905/3170/895 1909/4240/895 1917/4242/895
f 1917/4242/895 1925/343/895 1933/547/895
f 1933/547/895 1941/565/895 1949/571/895
f 1949/571/895 1957/585/895 1965/3169/895
f 1965/3169/895 1973/4245/895 1905/3170/895
f 1905/3170/895 1917/4242/895 1933/547/895
f 1933/547/895 1949/571/895 1965/3169/895
f 1904/3171/896 1908/3174/898 1906/476/898
f 1974/618/916 1976/3192/916 1904/3171/896
f 1927/4247/897 1923/4248/897 1919/518/897
f 1919/518/897 1915/380/901 1911/297/897
f 1911/297/897 1907/502/897 1903/625/897
f 1903/625/897 1975/622/901 1971/614/897
f 1971/614/897 1967/606/901 1963/605/897
f 1963/605/897 1959/4249/897 1955/4250/897
f 1955/4250/897 1951/4251/897 1947/3172/897
f 1947/3172/897 1943/4252/897 1939/4253/897
f 1939/4253/897 1935/4254/901 1931/3173/897
f 1931/3173/897 1927/4247/897 1919/518/897
f 1919/518/897 1911/297/897 1903/625/897
f 1903/625/897 1971/614/897 1963/605/897
f 1963/605/897 1955/4250/897 1947/3172/897
f 1947/3172/897 1939/4253/897 1931/3173/897
f 1931/3173/897 1919/518/897 1903/625/897
f 1903/625/897 1963/605/897 1947/3172/897
f 1908/3174/898 1912/4255/899 1910/454/899
f 1912/3175/899 1916/3177/900 1914/536/900
f 1916/3177/900 1920/3989/902 1918/496/902
f 1918/496/902 1920/3989/902 1924/486/903
f 1924/486/903 1928/392/904 1926/3179/904
f 1928/392/904 1932/4256/905 1930/3180/905
f 1932/449/905 1936/551/906 1934/3181/906
f 1934/3181/906 1936/551/906 1940/556/907
f 1938/3183/907 1940/556/907 1944/562/908
f 1944/562/908 1948/568/909 1946/3185/909
f 1946/3185/909 1948/568/909 1952/572/910
f 1952/3187/910 1956/3995/911 1954/3188/911
f 1954/3188/911 1956/3995/911 1960/590/912
f 1960/590/912 1964/597/913 1962/593/913
f 1964/597/913 1968/3190/914 1966/600/914
f 1968/3190/914 1972/4257/915 1970/3191/915
f 1970/607/915 1972/4258/915 1976/3192/916
f 1981/4259/917 1985/4260/917 1989/4261/917
f 1989/4261/917 1993/4262/917 1997/549/917
f 1997/549/917 2001/255/917 2005/254/917
f 2005/254/917 2009/638/917 2013/644/917
f 2013/644/917 2017/643/917 2021/654/917
f 2021/654/917 2025/653/917 2029/669/917
f 2029/669/917 2033/3997/917 2037/3193/917
f 2037/3193/917 2041/4263/917 2045/4264/917
f 2045/4264/917 2049/4265/917 1977/3194/917
f 1977/3194/917 1981/4259/917 1989/4261/917
f 1989/4261/917 1997/549/917 2005/254/917
f 2005/254/917 2013/644/917 2021/654/917
f 2021/654/917 2029/669/917 2037/3193/917
f 2037/3193/917 2045/4264/917 1977/3194/917
f 1977/3194/917 1989/4261/917 2005/254/917
f 2005/254/917 2021/654/917 2037/3193/917
f 1978/598/918 1980/4266/918 1984/3195/920
f 2052/3196/937 1980/4266/918 1978/598/918
f 2027/4267/919 2023/4268/919 2019/4269/919
f 2019/4269/919 2015/4270/919 2011/4271/919
f 2011/4271/919 2007/4272/919 2003/3197/919
f 2003/3197/919 1999/4273/919 1995/602/919
f 1995/602/919 1991/482/919 1987/369/919
f 1987/369/919 1983/575/919 1979/574/919
f 1979/574/919 2051/702/919 2047/692/919
f 2047/692/919 2043/685/919 2039/3998/919
f 2039/3998/919 2035/3325/919 2031/3198/919
f 2031/3198/919 2027/4267/919 2019/4269/919
f 2019/4269/919 2011/4271/919 2003/3197/919
f 2003/3197/919 1995/602/919 1987/369/919
f 1987/369/919 1979/574/919 2047/692/919
f 2047/692/919 2039/3998/919 2031/3198/919
f 2031/3198/919 2019/4269/919 2003/3197/919
f 2003/3197/919 1987/369/919 2047/692/919
f 1984/3195/920 1988/4274/921 1986/433/921
f 1988/3199/921 1992/3201/922 1990/621/922
f 1992/3201/922 1996/3993/923 1994/578/923
f 1994/578/923 1996/3993/923 2000/362/924
f 2000/362/924 2004/364/925 2002/3203/925
f 2002/3203/925 2004/364/925 2008/3204/926
f 2006/3206/926 2008/512/926 2012/633/927
f 2012/633/927 2016/640/928 2014/3208/928
f 2014/3208/928 2016/640/928 2020/645/929
f 2018/3209/929 2020/645/929 2024/651/930
f 2024/651/930 2028/656/931 2026/3211/931
f 2028/3212/931 2032/364/932 2030/3213/932
f 2030/3213/932 2032/364/932 2036/671/933
f 2034/674/933 2036/671/933 2040/677/934
f 2040/677/934 2044/3216/935 2042/3215/935
f 2044/3216/935 2048/4275/936 2046/3217/936
f 2046/687/936 2048/4276/936 2052/3196/937
f 2069/3307/938 2073/632/938 2077/414/938
f 2077/414/938 2081/413/938 2085/708/938
f 2085/708/938 2089/718/938 2093/725/938
f 2093/725/938 2097/729/938 2101/735/938
f 2101/735/938 2105/752/938 2109/977/938
f 2109/977/938 2113/3308/938 2117/4277/938
f 2117/4277/938 2121/4278/938 2125/3218/938
f 2125/3218/938 2053/4279/938 2057/4280/938
f 2057/4280/938 2061/4281/938 2065/3219/938
f 2065/3219/938 2069/3307/938 2077/414/938
f 2077/414/938 2085/708/938 2093/725/938
f 2093/725/938 2101/735/938 2109/977/938
f 2109/977/938 2117/4277/938 2125/3218/938
f 2125/3218/938 2057/4280/938 2065/3219/938
f 2065/3219/938 2077/414/938 2093/725/938
f 2093/725/938 2109/977/938 2125/3218/938
f 2054/679/939 2056/4282/939 2060/3220/941
f 2128/3221/959 2056/4282/939 2054/679/939
f 2095/4283/940 2091/4284/940 2087/4285/940
f 2087/4285/940 2083/4286/940 2079/4287/940
f 2079/4287/940 2075/4288/940 2071/683/940
f 2071/683/940 2067/559/940 2063/529/940
f 2063/529/940 2059/658/940 2055/787/940
f 2055/787/940 2127/785/940 2123/778/940
f 2123/778/940 2119/769/940 2115/768/940
f 2115/768/940 2111/4289/940 2107/4290/940
f 2107/4290/940 2103/4291/940 2099/3222/940
f 2099/3222/940 2095/4283/940 2087/4285/940
f 2087/4285/940 2079/4287/940 2071/683/940
f 2071/683/940 2063/529/940 2055/787/940
f 2055/787/940 2123/778/940 2115/768/940
f 2115/768/940 2107/4290/940 2099/3222/940
f 2099/3222/940 2087/4285/940 2071/683/940
f 2071/683/940 2055/787/940 2115/768/940
f 2058/635/941 2060/3220/941 2064/3223/942
f 2064/3224/942 2068/3226/943 2066/700/943
f 2068/3226/943 2072/3227/944 2070/661/944
f 2072/3227/944 2076/649/945 2074/3228/945
f 2074/3228/945 2076/649/945 2080/397/946
f 2078/3229/946 2080/397/946 2084/583/947
f 2084/711/947 2088/713/949 2086/3231/948
f 2088/713/949 2092/721/950 2090/3233/950
f 2092/721/950 2096/726/951 2094/3234/951
f 2096/726/951 2100/733/952 2098/3235/952
f 2098/3235/952 2100/733/952 2104/739/953
f 2102/3237/953 2104/4002/953 2108/748/954
f 2106/3238/954 2108/748/954 2112/754/955
f 2112/754/955 2116/761/956 2114/757/956
f 2116/761/956 2120/3239/957 2118/764/957
f 2120/3239/957 2124/4292/958 2122/3225/958
f 2122/772/958 2124/4293/958 2128/3221/959
f 2161/789/960 2165/800/960 2169/809/960
f 2169/809/960 2173/808/960 2177/818/960
f 2177/818/960 2181/827/960 2185/903/960
f 2185/903/960 2189/840/960 2193/839/960
f 2193/839/960 2197/4008/960 2201/4294/960
f 2201/4294/960 2129/4295/960 2133/4296/960
f 2133/4296/960 2137/616/960 2141/783/960
f 2141/783/960 2145/837/960 2149/709/960
f 2149/709/960 2153/507/960 2157/506/960
f 2157/506/960 2161/789/960 2169/809/960
f 2169/809/960 2177/818/960 2185/903/960
f 2185/903/960 2193/839/960 2201/4294/960
f 2201/4294/960 2133/4296/960 2141/783/960
f 2141/783/960 2149/709/960 2157/506/960
f 2157/506/960 2169/809/960 2185/903/960
f 2185/903/960 2201/4294/960 2141/783/960
f 2132/3240/961 2136/3241/963 2134/714/963
f 2202/861/983 2204/3270/983 2132/3240/961
f 2179/815/962 2175/4006/962 2171/4297/962
f 2171/4297/962 2167/4298/962 2163/791/962
f 2163/791/962 2159/666/962 2155/471/962
f 2155/471/962 2151/470/962 2147/731/962
f 2147/731/962 2143/641/962 2139/612/962
f 2139/612/962 2135/611/962 2131/742/962
f 2131/742/962 2203/859/962 2199/851/962
f 2199/851/962 2195/844/962 2191/834/962
f 2191/834/962 2187/829/962 2183/821/962
f 2183/821/962 2179/815/962 2171/4297/962
f 2171/4297/962 2163/791/962 2155/471/962
f 2155/471/962 2147/731/962 2139/612/962
f 2139/612/962 2131/742/962 2199/851/962
f 2199/851/962 2191/834/962 2183/821/962
f 2183/821/962 2171/4297/962 2155/471/962
f 2155/471/962 2139/612/962 2199/851/962
f 2136/3241/963 2140/4299/964 2138/3242/964
f 2138/3243/964 2140/4300/964 2144/3244/965
f 2142/3245/965 2144/3244/965 2148/3246/967
f 2146/745/966 2148/3246/967 2152/3247/968
f 2152/3247/968 2156/4301/969 2154/3249/969
f 2154/3249/969 2156/4301/969 2160/3250/970
f 2160/3252/970 2164/3255/972 2162/3253/971
f 2164/3255/972 2168/796/973 2166/3256/973
f 2168/796/973 2172/804/974 2170/3257/974
f 2172/804/974 2176/811/975 2174/3258/975
f 2174/3258/975 2176/811/975 2180/3259/976
f 2180/3261/976 2184/3264/977 2182/3262/977
f 2184/3264/977 2188/3265/978 2186/833/978
f 2188/3265/978 2192/3266/980 2190/831/979
f 2192/3266/980 2196/4302/981 2194/3267/981
f 2194/3267/981 2196/4302/981 2200/3268/982
f 2198/853/982 2200/4303/982 2204/3270/983
f 2241/4304/984 2245/4305/984 2249/891/984
f 2249/891/984 2253/890/984 2257/821/984
f 2257/821/984 2261/829/984 2265/834/984
f 2265/834/984 2269/911/984 2273/921/984
f 2273/921/984 2277/920/984 2205/841/984
f 2205/841/984 2209/794/984 2213/777/984
f 2213/777/984 2217/776/984 2221/731/984
f 2221/731/984 2225/470/984 2229/471/984
f 2229/471/984 2233/867/984 2237/3271/984
f 2237/3271/984 2241/4304/984 2249/891/984
f 2249/891/984 2257/821/984 2265/834/984
f 2265/834/984 2273/921/984 2205/841/984
f 2205/841/984 2213/777/984 2221/731/984
f 2221/731/984 2229/471/984 2237/3271/984
f 2237/3271/984 2249/891/984 2265/834/984
f 2265/834/984 2205/841/984 2221/731/984
f 2208/927/985 2212/819/987 2210/3272/987
f 2280/923/1008 2208/927/985 2206/3273/985
f 2255/892/986 2251/887/986 2247/881/986
f 2247/881/986 2243/876/986 2239/870/986
f 2239/870/986 2235/770/986 2231/507/986
f 2231/507/986 2227/709/986 2223/837/986
f 2223/837/986 2219/705/986 2215/3999/986
f 2215/3999/986 2211/4306/986 2207/4307/986
f 2207/4307/986 2279/4308/986 2275/919/986
f 2275/919/986 2271/915/986 2267/840/986
f 2267/840/986 2263/903/986 2259/827/986
f 2259/827/986 2255/892/986 2247/881/986
f 2247/881/986 2239/870/986 2231/507/986
f 2231/507/986 2223/837/986 2215/3999/986
f 2215/3999/986 2207/4307/986 2275/919/986
f 2275/919/986 2267/840/986 2259/827/986
f 2259/827/986 2247/881/986 2231/507/986
f 2231/507/986 2215/3999/986 2275/919/986
f 2210/3272/987 2212/819/987 2216/626/988
f 2214/3276/988 2216/4309/988 2220/3277/989
f 2220/3277/989 2224/805/991 2222/3279/990
f 2224/805/991 2228/807/992 2226/3280/992
f 2228/807/992 2232/3282/993 2230/3281/993
f 2232/3282/993 2236/4310/994 2234/3283/994
f 2236/3284/994 2240/3286/996 2238/875/995
f 2240/3286/996 2244/3287/997 2242/873/997
f 2244/3287/997 2248/3288/998 2246/879/998
f 2248/3288/998 2252/3290/1000 2250/3289/999
f 2252/3290/1000 2256/4311/1001 2254/3291/1001
f 2254/3292/1001 2256/4312/1001 2260/3293/1002
f 2260/3293/1002 2264/4009/1003 2262/3295/1003
f 2262/3295/1003 2264/4009/1003 2268/906/1005
f 2266/3296/1004 2268/906/1005 2272/3297/1006
f 2270/3298/1006 2272/3297/1006 2276/3299/1007
f 2276/3301/1007 2280/923/1008 2278/3274/1008
f 2285/658/1009 2289/756/1009 2293/922/1009
f 2293/922/1009 2297/683/1009 2301/4288/1009
f 2301/4288/1009 2305/4313/1009 2309/3303/1009
f 2309/3303/1009 2313/4314/1009 2317/4315/1009
f 2317/4315/1009 2321/4316/1009 2325/4317/1009
f 2325/4317/1009 2329/4318/1009 2333/4319/1009
f 2333/4319/1009 2337/4289/1009 2341/768/1009
f 2341/768/1009 2345/986/1009 2349/994/1009
f 2349/994/1009 2353/785/1009 2281/909/1009
f 2281/909/1009 2285/658/1009 2293/922/1009
f 2293/922/1009 2301/4288/1009 2309/3303/1009
f 2309/3303/1009 2317/4315/1009 2325/4317/1009
f 2325/4317/1009 2333/4319/1009 2341/768/1009
f 2341/768/1009 2349/994/1009 2281/909/1009
f 2281/909/1009 2293/922/1009 2309/3303/1009
f 2309/3303/1009 2325/4317/1009 2341/768/1009
f 2284/1005/1010 2288/893/1012 2286/3304/1012
f 2356/1003/1031 2284/1005/1010 2282/3305/1010
f 2323/952/1011 2319/945/1011 2315/937/1011
f 2315/937/1011 2311/413/1011 2307/690/1011
f 2307/690/1011 2303/632/1011 2299/3307/1011
f 2299/3307/1011 2295/4320/1011 2291/4281/1011
f 2291/4281/1011 2287/4321/1011 2283/4322/1011
f 2283/4322/1011 2355/4323/1011 2351/4278/1011
f 2351/4278/1011 2347/4324/1011 2343/3308/1011
f 2343/3308/1011 2339/977/1011 2335/974/1011
f 2335/974/1011 2331/735/1011 2327/959/1011
f 2327/959/1011 2323/952/1011 2315/937/1011
f 2315/937/1011 2307/690/1011 2299/3307/1011
f 2299/3307/1011 2291/4281/1011 2283/4322/1011
f 2283/4322/1011 2351/4278/1011 2343/3308/1011
f 2343/3308/1011 2335/974/1011 2327/959/1011
f 2327/959/1011 2315/937/1011 2299/3307/1011
f 2299/3307/1011 2283/4322/1011 2343/3308/1011
f 2288/893/1012 2292/694/1013 2290/3309/1013
f 2292/3310/1013 2296/912/1014 2294/3311/1014
f 2296/912/1014 2300/884/1015 2298/897/1015
f 2300/884/1015 2304/886/1017 2302/869/1016
f 2304/886/1017 2308/4325/1018 2306/587/1018
f 2306/587/1018 2308/4325/1018 2312/3313/1019
f 2310/930/1019 2312/4326/1019 2316/3315/1020
f 2316/3315/1020 2320/3316/1021 2318/940/1021
f 2320/3316/1021 2324/3317/1022 2322/954/1022
f 2324/3317/1022 2328/3318/1024 2326/953/1023
f 2328/3318/1024 2332/3713/1025 2330/960/1025
f 2330/968/1025 2332/4327/1025 2336/3319/1026
f 2334/975/1026 2336/3319/1026 2340/3320/1027
f 2340/3320/1027 2344/980/1028 2342/3321/1028
f 2344/980/1028 2348/990/1029 2346/3322/1029
f 2348/990/1029 2352/3310/1030 2350/3323/1030
f 2350/3324/1030 2352/1000/1030 2356/1003/1031
f 2389/4328/1032 2393/4329/1032 2397/4330/1032
f 2397/4330/1032 2401/4331/1032 2405/4267/1032
f 2405/4267/1032 2409/3198/1032 2413/3325/1032
f 2413/3325/1032 2417/1067/1032 2421/1075/1032
f 2421/1075/1032 2425/1083/1032 2429/1082/1032
f 2429/1082/1032 2357/983/1032 2361/939/1032
f 2361/939/1032 2365/857/1032 2369/1002/1032
f 2369/1002/1032 2373/602/1032 2377/4273/1032
f 2377/4273/1032 2381/3197/1032 2385/3326/1032
f 2385/3326/1032 2389/4328/1032 2397/4330/1032
f 2397/4330/1032 2405/4267/1032 2413/3325/1032
f 2413/3325/1032 2421/1075/1032 2429/1082/1032
f 2429/1082/1032 2361/939/1032 2369/1002/1032
f 2369/1002/1032 2377/4273/1032 2385/3326/1032
f 2385/3326/1032 2397/4330/1032 2413/3325/1032
f 2413/3325/1032 2429/1082/1032 2369/1002/1032
f 2360/966/1033 2364/845/1035 2362/3327/1035
f 2432/1084/1053 2360/966/1033 2358/3328/1033
f 2399/1030/1034 2395/1023/1034 2391/1014/1034
f 2391/1014/1034 2387/898/1034 2383/722/1034
f 2383/722/1034 2379/4001/1034 2375/3330/1034
f 2375/3330/1034 2371/4332/1034 2367/4333/1034
f 2367/4333/1034 2363/4334/1034 2359/4335/1034
f 2359/4335/1034 2431/4336/1034 2427/4337/1034
f 2427/4337/1034 2423/4338/1034 2419/3331/1034
f 2419/3331/1034 2415/1056/1034 2411/1051/1034
f 2411/1051/1034 2407/1044/1034 2403/1037/1034
f 2403/1037/1034 2399/1030/1034 2391/1014/1034
f 2391/1014/1034 2383/722/1034 2375/3330/1034
f 2375/3330/1034 2367/4333/1034 2359/4335/1034
f 2359/4335/1034 2427/4337/1034 2419/3331/1034
f 2419/3331/1034 2411/1051/1034 2403/1037/1034
f 2403/1037/1034 2391/1014/1034 2375/3330/1034
f 2375/3330/1034 2359/4335/1034 2419/3331/1034
f 2362/3327/1035 2364/845/1035 2368/847/1036
f 2366/3333/1036 2368/4339/1036 2372/3334/1037
f 2370/3335/1037 2372/3334/1037 2376/987/1038
f 2374/971/1038 2376/987/1038 2380/955/1039
f 2378/935/1039 2380/955/1039 2384/3336/1040
f 2382/933/1040 2384/3336/1040 2388/3337/1041
f 2386/736/1041 2388/4340/1041 2392/3339/1042
f 2392/3339/1042 2396/3340/1043 2394/1025/1043
f 2396/3340/1043 2400/3341/1044 2398/1024/1044
f 2400/3341/1044 2404/3342/1046 2402/1034/1045
f 2404/3342/1046 2408/4341/1047 2406/1041/1047
f 2408/3337/1047 2412/4342/1048 2410/1054/1048
f 2410/1054/1048 2412/4342/1048 2416/1062/1049
f 2416/1062/1049 2420/1063/1050 2418/1057/1050
f 2420/1063/1050 2424/1070/1051 2422/3344/1051
f 2424/1070/1051 2428/4343/1052 2426/3345/1052
f 2428/1077/1052 2432/1084/1053 2430/3329/1053
f 2461/3173/1054 2465/4344/1054 2469/4345/1054
f 2469/4345/1054 2473/4346/1054 2477/4347/1054
f 2477/4347/1054 2481/4348/1054 2485/3347/1054
f 2485/3347/1054 2489/4249/1054 2493/605/1054
f 2493/605/1054 2497/1147/1054 2501/1156/1054
f 2501/1156/1054 2505/1166/1054 2433/1069/1054
f 2433/1069/1054 2437/1020/1057 2441/996/1054
f 2441/996/1054 2445/1081/1054 2449/518/1054
f 2449/518/1054 2453/4248/1054 2457/3348/1054
f 2457/3348/1054 2461/3173/1054 2469/4345/1054
f 2469/4345/1054 2477/4347/1054 2485/3347/1054
f 2485/3347/1054 2493/605/1054 2501/1156/1054
f 2501/1156/1054 2433/1069/1054 2441/996/1054
f 2441/996/1054 2449/518/1054 2457/3348/1054
f 2457/3348/1054 2469/4345/1054 2485/3347/1054
f 2485/3347/1054 2501/1156/1054 2441/996/1054
f 2436/1049/1055 2440/1050/1058 2438/3349/1058
f 2508/1168/1077 2436/1049/1055 2434/3350/1055
f 2459/943/1056 2455/466/1056 2451/4349/1056
f 2451/4349/1056 2447/4350/1056 2443/4240/1056
f 2443/4240/1056 2439/4351/1056 2435/3352/1056
f 2435/3352/1056 2507/4352/1056 2503/4353/1056
f 2503/4353/1056 2499/4354/1056 2495/4355/1056
f 2495/4355/1056 2491/585/1068 2487/1132/1056
f 2487/1132/1056 2483/1125/1056 2479/1117/1056
f 2479/1117/1056 2475/1112/1056 2471/1105/1068
f 2471/1105/1068 2467/1095/1056 2463/991/1056
f 2463/991/1056 2459/943/1056 2451/4349/1056
f 2451/4349/1056 2443/4240/1056 2435/3352/1056
f 2435/3352/1056 2503/4353/1056 2495/4355/1056
f 2495/4355/1056 2487/1132/1056 2479/1117/1056
f 2479/1117/1056 2471/1105/1068 2463/991/1056
f 2463/991/1056 2451/4349/1056 2435/3352/1056
f 2435/3352/1056 2495/4355/1056 2479/1117/1056
f 2440/1050/1058 2444/863/1059 2442/3353/1059
f 2444/3354/1059 2448/1064/1061 2446/3355/1060
f 2448/1064/1061 2452/1031/1062 2450/1046/1062
f 2452/1031/1062 2456/1033/1063 2454/1006/1063
f 2456/1033/1063 2460/3358/1064 2458/3357/1064
f 2460/3358/1064 2464/4356/1065 2462/3359/1065
f 2464/3360/1065 2468/3662/1066 2466/1100/1066
f 2466/1100/1066 2468/3662/1066 2472/3361/1067
f 2470/1107/1067 2472/3361/1067 2476/3362/1069
f 2476/3362/1069 2480/4357/1070 2478/1122/1070
f 2478/1122/1070 2480/4357/1070 2484/3363/1071
f 2482/3364/1071 2484/4358/1071 2488/3365/1072
f 2488/3365/1072 2492/1033/1073 2490/1134/1073
f 2490/1134/1073 2492/1033/1073 2496/1143/1074
f 2494/3366/1074 2496/1143/1074 2500/1150/1075
f 2500/1150/1075 2504/4359/1076 2502/3368/1076
f 2502/3369/1076 2504/1162/1076 2508/1168/1077
f 2541/4360/1078 2545/4361/1078 2549/4362/1078
f 2549/4362/1078 2553/4363/1078 2557/4364/1078
f 2557/4364/1078 2561/4365/1078 2565/3370/1078
f 2565/3370/1078 2569/1232/1078 2573/1231/1078
f 2573/1231/1078 2577/1249/1078 2581/542/1078
f 2581/542/1078 2509/1148/1078 2513/1102/1078
f 2513/1102/1078 2517/1072/1078 2521/1164/1078
f 2521/1164/1078 2525/4024/1078 2529/4366/1078
f 2529/4366/1078 2533/4367/1078 2537/3371/1078
f 2537/3371/1078 2541/4360/1078 2549/4362/1078
f 2549/4362/1078 2557/4364/1078 2565/3370/1078
f 2565/3370/1078 2573/1231/1078 2581/542/1078
f 2581/542/1078 2513/1102/1078 2521/1164/1078
f 2521/1164/1078 2529/4366/1078 2537/3371/1078
f 2537/3371/1078 2549/4362/1078 2565/3370/1078
f 2565/3370/1078 2581/542/1078 2521/1164/1078
f 2510/3372/1079 2512/1130/1079 2516/946/1081
f 2584/1251/1100 2512/1130/1079 2510/3372/1079
f 2551/1193/1080 2547/1186/1080 2543/1178/1080
f 2543/1178/1080 2539/468/1080 2535/4018/1080
f 2535/4018/1080 2531/4368/1080 2527/3375/1080
f 2527/3375/1080 2523/3146/1080 2519/4369/1080
f 2519/4369/1080 2515/4370/1080 2511/4371/1080
f 2511/4371/1080 2583/4372/1080 2579/4373/1080
f 2579/4373/1080 2575/4374/1080 2571/3376/1080
f 2571/3376/1080 2567/4375/1080 2563/1213/1080
f 2563/1213/1080 2559/1205/1080 2555/1199/1080
f 2555/1199/1080 2551/1193/1080 2543/1178/1080
f 2543/1178/1080 2535/4018/1080 2527/3375/1080
f 2527/3375/1080 2519/4369/1080 2511/4371/1080
f 2511/4371/1080 2579/4373/1080 2571/3376/1080
f 2571/3376/1080 2563/1213/1080 2555/1199/1080
f 2555/1199/1080 2543/1178/1080 2527/3375/1080
f 2527/3375/1080 2511/4371/1080 2571/3376/1080
f 2514/3373/1081 2516/946/1081 2520/948/1082
f 2520/3378/1082 2524/3381/1083 2522/3379/1083
f 2524/3381/1083 2528/1113/1084 2526/1126/1084
f 2528/1113/1084 2532/1015/1085 2530/1088/1085
f 2532/1015/1085 2536/1017/1086 2534/1217/1086
f 2534/1217/1086 2536/1017/1086 2540/3382/1087
f 2538/3383/1087 2540/3382/1087 2544/3384/1089
f 2544/3386/1089 2548/3387/1090 2546/1182/1090
f 2548/3387/1090 2552/4376/1091 2550/1188/1091
f 2550/1188/1091 2552/4376/1091 2556/3388/1093
f 2556/3389/1093 2560/3382/1094 2558/3383/1094
f 2558/3383/1094 2560/3382/1094 2564/1218/1095
f 2562/1217/1095 2564/1218/1095 2568/1220/1096
f 2568/1220/1096 2572/1227/1097 2570/1221/1097
f 2572/1227/1097 2576/3392/1098 2574/3391/1098
f 2576/3392/1098 2580/3378/1099 2578/3380/1099
f 2580/1244/1099 2584/1251/1100 2582/3374/1100
f 2593/4377/1101 2597/4378/1101 2601/4379/1101
f 2601/4379/1101 2605/4380/1101 2609/1039/1101
f 2609/1039/1101 2613/1256/1101 2617/1255/1101
f 2617/1255/1101 2621/1269/1101 2625/1277/1101
f 2625/1277/1101 2629/1281/1101 2633/1288/1101
f 2633/1288/1101 2637/1287/1101 2641/4381/1101
f 2641/4381/1101 2645/4382/1101 2649/3394/1101
f 2649/3394/1101 2653/4383/1101 2657/4384/1101
f 2657/4384/1101 2585/4385/1101 2589/3395/1101
f 2589/3395/1101 2593/4377/1101 2601/4379/1101
f 2601/4379/1101 2609/1039/1101 2617/1255/1101
f 2617/1255/1101 2625/1277/1101 2633/1288/1101
f 2633/1288/1101 2641/4381/1101 2649/3394/1101
f 2649/3394/1101 2657/4384/1101 2589/3395/1101
f 2589/3395/1101 2601/4379/1101 2617/1255/1101
f 2617/1255/1101 2633/1288/1101 2649/3394/1101
f 2588/3396/1102 2592/3399/1104 2590/1184/1104
f 2658/1332/1122 2660/3417/1122 2588/3396/1102
f 2611/4386/1103 2607/4387/1103 2603/1229/1103
f 2603/1229/1103 2599/1093/1103 2595/1027/1103
f 2595/1027/1103 2591/1212/1103 2587/1333/1103
f 2587/1333/1103 2659/1330/1103 2655/1322/1103
f 2655/1322/1103 2651/1315/1103 2647/1314/1103
f 2647/1314/1103 2643/4388/1103 2639/4389/1103
f 2639/4389/1103 2635/4390/1103 2631/3397/1103
f 2631/3397/1103 2627/4391/1103 2623/4392/1103
f 2623/4392/1103 2619/3602/1103 2615/3398/1103
f 2615/3398/1103 2611/4386/1103 2603/1229/1103
f 2603/1229/1103 2595/1027/1103 2587/1333/1103
f 2587/1333/1103 2655/1322/1103 2647/1314/1103
f 2647/1314/1103 2639/4389/1103 2631/3397/1103
f 2631/3397/1103 2623/4392/1103 2615/3398/1103
f 2615/3398/1103 2603/1229/1103 2587/1333/1103
f 2587/1333/1103 2647/1314/1103 2631/3397/1103
f 2592/3399/1104 2596/4393/1105 2594/1154/1105
f 2596/3400/1105 2600/4394/1106 2598/3401/1106
f 2598/3401/1106 2600/4394/1106 2604/3403/1107
f 2602/1208/1107 2604/3403/1107 2608/1097/1108
f 2608/1097/1108 2612/1099/1109 2610/1295/1109
f 2610/1295/1109 2612/1099/1109 2616/3404/1110
f 2616/1157/1110 2620/1261/1112 2618/3406/1111
f 2620/1261/1112 2624/1267/1113 2622/3408/1113
f 2624/1267/1113 2628/1272/1114 2626/3409/1114
f 2626/3409/1114 2628/1272/1114 2632/1279/1115
f 2632/1279/1115 2636/1283/1116 2634/3411/1116
f 2636/3412/1116 2640/1099/1117 2638/1295/1117
f 2638/1295/1117 2640/1099/1117 2644/1301/1118
f 2642/1302/1118 2644/1301/1118 2648/1304/1119
f 2646/1208/1119 2648/1304/1119 2652/3414/1120
f 2652/3414/1120 2656/3400/1121 2654/3416/1121
f 2654/1319/1121 2656/4395/1121 2660/3417/1122
f 2697/1349/1123 2701/1348/1126 2705/1359/1123
f 2705/1359/1123 2709/1358/1126 2713/1365/1123
f 2713/1365/1123 2717/4038/1123 2721/3418/1123
f 2721/3418/1123 2725/4396/1123 2729/4397/1123
f 2729/4397/1123 2733/4398/1126 2661/4399/1123
f 2661/4399/1123 2665/4400/1126 2669/4401/1123
f 2669/4401/1123 2673/4402/1126 2677/3419/1123
f 2677/3419/1123 2681/1253/1123 2685/1121/1123
f 2685/1121/1123 2689/1120/1123 2693/1343/1123
f 2693/1343/1123 2697/1349/1123 2705/1359/1123
f 2705/1359/1123 2713/1365/1123 2721/3418/1123
f 2721/3418/1123 2729/4397/1123 2661/4399/1123
f 2661/4399/1123 2669/4401/1123 2677/3419/1123
f 2677/3419/1123 2685/1121/1123 2693/1343/1123
f 2693/1343/1123 2705/1359/1123 2721/3418/1123
f 2721/3418/1123 2661/4399/1123 2677/3419/1123
f 2662/1311/1124 2664/4403/1124 2668/3420/1127
f 2736/3421/1149 2664/4403/1124 2662/1311/1124
f 2687/4404/1125 2683/4405/1125 2679/1307/1125
f 2679/1307/1125 2675/1176/1125 2671/1109/1125
f 2671/1109/1125 2667/1290/1128 2663/1289/1125
f 2663/1289/1125 2735/1407/1128 2731/1401/1125
f 2731/1401/1125 2727/1393/1128 2723/4039/1125
f 2723/4039/1125 2719/4406/1125 2715/4407/1125
f 2715/4407/1125 2711/4408/1125 2707/3422/1125
f 2707/3422/1125 2703/4409/1125 2699/4410/1125
f 2699/4410/1125 2695/4411/1128 2691/3423/1125
f 2691/3423/1125 2687/4404/1125 2679/1307/1125
f 2679/1307/1125 2671/1109/1125 2663/1289/1125
f 2663/1289/1125 2731/1401/1125 2723/4039/1125
f 2723/4039/1125 2715/4407/1125 2707/3422/1125
f 2707/3422/1125 2699/4410/1125 2691/3423/1125
f 2691/3423/1125 2679/1307/1125 2663/1289/1125
f 2663/1289/1125 2723/4039/1125 2707/3422/1125
f 2666/1265/1127 2668/3420/1127 2672/3424/1129
f 2672/3425/1129 2676/3427/1130 2674/1323/1130
f 2676/3427/1130 2680/3428/1131 2678/1284/1131
f 2680/3428/1131 2684/1274/1132 2682/3429/1132
f 2684/1274/1132 2688/1179/1133 2686/3430/1133
f 2688/1179/1133 2692/4412/1135 2690/3431/1134
f 2692/1243/1135 2696/1338/1137 2694/3432/1136
f 2696/1338/1137 2700/1344/1138 2698/3434/1138
f 2698/3434/1138 2700/1344/1138 2704/1350/1139
f 2702/3435/1139 2704/1350/1139 2708/1356/1141
f 2706/3436/1140 2708/1356/1141 2712/1360/1143
f 2710/3438/1142 2712/4413/1143 2716/3439/1144
f 2716/3439/1144 2720/1379/1145 2718/1383/1145
f 2720/1379/1145 2724/1384/1146 2722/1381/1146
f 2722/1381/1146 2724/1384/1146 2728/3441/1147
f 2728/3441/1147 2732/4414/1148 2730/3442/1148
f 2730/365/1148 2732/4415/1148 2736/3421/1149
f 2769/1424/1150 2773/1428/1150 2777/1431/1150
f 2777/1431/1150 2781/1438/1150 2785/1444/1150
f 2785/1444/1150 2789/1443/1150 2793/3443/1150
f 2793/3443/1150 2797/3563/1150 2801/4416/1150
f 2801/4416/1150 2805/4417/1150 2809/4418/1150
f 2809/4418/1150 2737/4419/1150 2741/4420/1150
f 2741/4420/1150 2745/4421/1150 2749/3444/1150
f 2749/3444/1150 2753/3562/1150 2757/1336/1150
f 2757/1336/1150 2761/824/1150 2765/1415/1150
f 2765/1415/1150 2769/1424/1150 2777/1431/1150
f 2777/1431/1150 2785/1444/1150 2793/3443/1150
f 2793/3443/1150 2801/4416/1150 2809/4418/1150
f 2809/4418/1150 2741/4420/1150 2749/3444/1150
f 2749/3444/1150 2757/1336/1150 2765/1415/1150
f 2765/1415/1150 2777/1431/1150 2793/3443/1150
f 2793/3443/1150 2809/4418/1150 2749/3444/1150
f 2738/1387/1151 2740/4422/1151 2744/3445/1153
f 2812/3446/1170 2740/4422/1151 2738/1387/1151
f 2787/4423/1152 2783/4424/1152 2779/4425/1152
f 2779/4425/1152 2775/4426/1152 2771/4427/1152
f 2771/4427/1152 2767/4428/1152 2763/3447/1152
f 2763/3447/1152 2759/4429/1152 2755/1391/1152
f 2755/1391/1152 2751/1270/1152 2747/1141/1152
f 2747/1141/1152 2743/1140/1152 2739/1482/1152
f 2739/1482/1152 2811/1479/1152 2807/1473/1152
f 2807/1473/1152 2803/1468/1152 2799/4040/1152
f 2799/4040/1152 2795/4430/1152 2791/3448/1152
f 2791/3448/1152 2787/4423/1152 2779/4425/1152
f 2779/4425/1152 2771/4427/1152 2763/3447/1152
f 2763/3447/1152 2755/1391/1152 2747/1141/1152
f 2747/1141/1152 2739/1482/1152 2807/1473/1152
f 2807/1473/1152 2799/4040/1152 2791/3448/1152
f 2791/3448/1152 2779/4425/1152 2763/3447/1152
f 2763/3447/1152 2747/1141/1152 2807/1473/1152
f 2744/3445/1153 2748/4431/1154 2746/1225/1154
f 2748/3449/1154 2752/3451/1155 2750/1406/1155
f 2752/3451/1155 2756/1354/1156 2754/1368/1156
f 2756/1354/1156 2760/1059/1157 2758/1366/1157
f 2758/1366/1157 2760/1059/1157 2764/1061/1158
f 2764/1061/1158 2768/4432/1159 2766/3453/1159
f 2766/3454/1159 2768/1299/1159 2772/1418/1160
f 2772/1418/1160 2776/222/1161 2774/3456/1161
f 2776/222/1161 2780/228/1162 2778/3457/1162
f 2778/3457/1162 2780/228/1162 2784/1436/1163
f 2784/1436/1163 2788/1440/1164 2786/3459/1164
f 2786/3460/1164 2788/4433/1164 2792/3461/1165
f 2790/3462/1165 2792/3461/1165 2796/1455/1166
f 2796/1455/1166 2800/1354/1167 2798/1464/1167
f 2800/1354/1167 2804/3464/1168 2802/3463/1168
f 2804/3464/1168 2808/4434/1169 2806/3465/1169
f 2808/3466/1169 2812/3446/1170 2810/1475/1170
f 2853/1501/1171 2857/1505/1171 2861/1511/1171
f 2861/1511/1171 2865/1520/1171 2869/4044/1171
f 2869/4044/1171 2873/1539/1171 2877/1545/1171
f 2877/1545/1171 2881/4047/1171 2885/4435/1171
f 2885/4435/1171 2813/4436/1171 2817/4437/1171
f 2817/4437/1171 2821/1329/1171 2825/1328/1171
f 2825/1328/1171 2829/4041/1171 2833/1417/1171
f 2833/1417/1171 2837/1201/1171 2841/1486/1171
f 2841/1486/1171 2845/1494/1171 2849/1502/1171
f 2849/1502/1171 2853/1501/1171 2861/1511/1171
f 2861/1511/1171 2869/4044/1171 2877/1545/1171
f 2877/1545/1171 2885/4435/1171 2817/4437/1171
f 2817/4437/1171 2825/1328/1171 2833/1417/1171
f 2833/1417/1171 2841/1486/1171 2849/1502/1171
f 2849/1502/1171 2861/1511/1171 2877/1545/1171
f 2877/1545/1171 2817/4437/1171 2833/1417/1171
f 2816/3467/1172 2820/4438/1174 2818/1420/1174
f 2888/3468/1195 2816/3467/1172 2814/1462/1172
f 2855/4439/1173 2851/4440/1173 2847/4441/1173
f 2847/4441/1173 2843/1373/1173 2839/1372/1173
f 2839/1372/1173 2835/1433/1173 2831/1466/1173
f 2831/1466/1173 2827/1346/1173 2823/1317/1173
f 2823/1317/1173 2819/1442/1173 2815/1555/1173
f 2815/1555/1173 2887/1552/1173 2883/1547/1173
f 2883/1547/1173 2879/1541/1173 2875/1534/1173
f 2875/1534/1173 2871/1674/1173 2867/1523/1173
f 2867/1523/1173 2863/1664/1173 2859/3469/1173
f 2859/3469/1173 2855/4439/1173 2847/4441/1173
f 2847/4441/1173 2839/1372/1173 2831/1466/1173
f 2831/1466/1173 2823/1317/1173 2815/1555/1173
f 2815/1555/1173 2883/1547/1173 2875/1534/1173
f 2875/1534/1173 2867/1523/1173 2859/3469/1173
f 2859/3469/1173 2847/4441/1173 2831/1466/1173
f 2831/1466/1173 2815/1555/1173 2875/1534/1173
f 2818/1420/1174 2820/4438/1174 2824/3470/1175
f 2822/3472/1175 2824/4442/1175 2828/3473/1176
f 2826/3474/1176 2828/3473/1176 2832/3475/1177
f 2832/3475/1177 2836/1190/1178 2834/3476/1178
f 2834/3476/1178 2836/1190/1178 2840/1192/1179
f 2840/1192/1179 2844/4443/1180 2842/3478/1180
f 2842/3479/1180 2844/1488/1180 2848/1490/1182
f 2846/3480/1181 2848/1490/1182 2852/138/1184
f 2850/3481/1183 2852/138/1184 2856/144/1185
f 2856/144/1185 2860/1509/1187 2858/3483/1186
f 2860/1509/1187 2864/1515/1188 2862/3484/1188
f 2864/3485/1188 2868/1527/1189 2866/3486/1189
f 2868/1527/1189 2872/1529/1191 2870/1532/1190
f 2872/1529/1191 2876/3488/1192 2874/1530/1192
f 2876/3488/1192 2880/3490/1193 2878/3489/1193
f 2880/3490/1193 2884/4444/1194 2882/3491/1194
f 2884/3492/1194 2888/3468/1195 2886/1554/1195
f 2921/1566/757 2925/4050/757 2929/1580/757
f 2929/1580/757 2933/1579/757 2937/1587/757
f 2937/1587/757 2941/1596/757 2945/1597/757
f 2945/1597/757 2949/1603/757 2953/1608/757
f 2953/1608/757 2957/1615/757 2961/1620/757
f 2961/1620/757 2889/1536/757 2893/1492/757
f 2893/1492/757 2897/1398/757 2901/1426/757
f 2901/1426/757 2905/1521/757 2909/1258/757
f 2909/1258/757 2913/1294/757 2917/1293/757
f 2917/1293/757 2921/1566/757 2929/1580/757
f 2929/1580/757 2937/1587/757 2945/1597/757
f 2945/1597/757 2953/1608/757 2961/1620/757
f 2961/1620/757 2893/1492/757 2901/1426/757
f 2901/1426/757 2909/1258/757 2917/1293/757
f 2917/1293/757 2929/1580/757 2945/1597/757
f 2945/1597/757 2961/1620/757 2901/1426/757
f 2892/3493/1196 2896/3498/1197 2894/3494/1197
f 2964/3496/1218 2892/3493/1196 2890/3495/1196
f 2939/1587/2 2935/1581/2 2931/4054/2
f 2931/4054/2 2927/1569/2 2923/1562/2
f 2923/1562/2 2919/1293/2 2915/1259/2
f 2915/1259/2 2911/1258/2 2907/1521/2
f 2907/1521/2 2903/1426/2 2899/1398/2
f 2899/1398/2 2895/1518/2 2891/1621/2
f 2891/1621/2 2963/1619/2 2959/1615/2
f 2959/1615/2 2955/1608/2 2951/1603/2
f 2951/1603/2 2947/1597/2 2943/1594/2
f 2943/1594/2 2939/1587/2 2931/4054/2
f 2931/4054/2 2923/1562/2 2915/1259/2
f 2915/1259/2 2907/1521/2 2899/1398/2
f 2899/1398/2 2891/1621/2 2959/1615/2
f 2959/1615/2 2951/1603/2 2943/1594/2
f 2943/1594/2 2931/4054/2 2915/1259/2
f 2915/1259/2 2899/1398/2 2959/1615/2
f 2896/3498/1197 2900/4445/1198 2898/3499/1198
f 2900/3500/1198 2904/3503/1200 2902/3501/1199
f 2904/3503/1200 2908/4446/1201 2906/3504/1201
f 2906/3504/1201 2908/4446/1201 2912/3505/1202
f 2910/3506/1202 2912/3505/1202 2916/3507/1203
f 2916/3507/1203 2920/4447/1204 2918/3509/1204
f 2920/3510/1204 2924/3513/1206 2922/3511/1205
f 2924/3513/1206 2928/36/1207 2926/37/1207
f 2928/36/1207 2932/34/1208 2930/39/1208
f 2932/34/1208 2936/3515/1210 2934/3514/1209
f 2936/3515/1210 2940/4448/1211 2938/3516/1211
f 2938/3517/1211 2940/4449/1211 2944/3518/1212
f 2944/3518/1212 2948/3521/1213 2946/3520/1213
f 2948/3521/1213 2952/3523/1214 2950/3522/1214
f 2952/3523/1214 2956/3525/1216 2954/3524/1215
f 2956/3525/1216 2960/4450/1217 2958/3526/1217
f 2960/3527/1217 2964/3496/1218 2962/3497/1218
f 3005/4451/782 3009/4452/782 3013/1664/782
f 3013/1664/782 3017/1523/782 3021/1674/782
f 3021/1674/782 3025/1673/782 3029/1694/782
f 3029/1694/782 3033/1693/782 3037/1702/782
f 3037/1702/782 2965/1606/782 2969/1567/782
f 2969/1567/782 2973/1546/782 2977/1616/782
f 2977/1616/782 2981/1589/782 2985/1433/782
f 2985/1433/782 2989/1372/782 2993/1454/782
f 2993/1454/782 2997/4453/782 3001/3529/782
f 3001/3529/782 3005/4451/782 3013/1664/782
f 3013/1664/782 3021/1674/782 3029/1694/782
f 3029/1694/782 3037/1702/782 2969/1567/782
f 2969/1567/782 2977/1616/782 2985/1433/782
f 2985/1433/782 2993/1454/782 3001/3529/782
f 3001/3529/782 3013/1664/782 3029/1694/782
f 3029/1694/782 2969/1567/782 2985/1433/782
f 2966/3530/1219 2968/1592/1219 2972/1593/1220
f 3038/3532/1241 3040/1703/1241 2968/1592/1219
f 2983/1604/780 2979/1484/780 2975/1483/780
f 2975/1483/780 2971/4454/780 2967/4455/780
f 2967/4455/780 3039/4456/780 3035/1697/780
f 3035/1697/780 3031/1688/780 3027/1539/780
f 3027/1539/780 3023/1671/780 3019/1520/780
f 3019/1520/780 3015/1660/780 3011/1653/780
f 3011/1653/780 3007/1647/780 3003/1640/780
f 3003/1640/780 2999/1630/780 2995/1543/780
f 2995/1543/780 2991/1201/780 2987/3533/780
f 2987/3533/780 2983/1604/780 2975/1483/780
f 2975/1483/780 2967/4455/780 3035/1697/780
f 3035/1697/780 3027/1539/780 3019/1520/780
f 3019/1520/780 3011/1653/780 3003/1640/780
f 3003/1640/780 2995/1543/780 2987/3533/780
f 2987/3533/780 2975/1483/780 3035/1697/780
f 3035/1697/780 3019/1520/780 3003/1640/780
f 2972/1593/1220 2976/1411/1221 2974/3534/1221
f 2976/3535/1221 2980/3538/1222 2978/3536/1222
f 2980/3538/1222 2984/1575/1223 2982/3539/1223
f 2982/3539/1223 2984/1575/1223 2988/1577/1224
f 2988/1577/1224 2992/3540/1225 2990/1556/1225
f 2992/3540/1225 2996/4457/1226 2994/3541/1226
f 2994/1625/1226 2996/4458/1226 3000/3542/1228
f 2998/1636/1227 3000/3542/1228 3004/3543/1230
f 3004/3543/1230 3008/3544/1231 3006/1641/1231
f 3008/3544/1231 3012/3545/1233 3010/1659/1232
f 3012/3545/1233 3016/4459/1234 3014/1658/1234
f 3014/3546/1234 3016/4460/1234 3020/3547/1235
f 3018/1668/1235 3020/3547/1235 3024/3548/1237
f 3022/3549/1236 3024/3548/1237 3028/1678/1238
f 3026/3550/1238 3028/1678/1238 3032/3551/1239
f 3030/3552/1239 3032/3551/1239 3036/3553/1240
f 3036/3555/1240 3040/1703/1241 3038/3532/1241
f 3069/4428/808 3073/4461/808 3077/4462/808
f 3077/4462/808 3081/4463/808 3085/4464/808
f 3085/4464/808 3089/4465/808 3093/3557/808
f 3093/3557/808 3097/4466/808 3101/1766/808
f 3101/1766/808 3105/1776/808 3109/1775/808
f 3109/1775/808 3113/1789/808 3041/1685/808
f 3041/1685/808 3045/1637/808 3049/1611/808
f 3049/1611/808 3053/1610/808 3057/4058/808
f 3057/4058/808 3061/4467/808 3065/3558/808
f 3065/3558/808 3069/4428/808 3077/4462/808
f 3077/4462/808 3085/4464/808 3093/3557/808
f 3093/3557/808 3101/1766/808 3109/1775/808
f 3109/1775/808 3041/1685/808 3049/1611/808
f 3049/1611/808 3057/4058/808 3065/3558/808
f 3065/3558/808 3077/4462/808 3093/3557/808
f 3093/3557/808 3109/1775/808 3049/1611/808
f 3044/1790/1242 3048/1666/1243 3046/3559/1243
f 3114/3561/1261 3116/1788/1261 3044/1790/1242
f 3083/1728/806 3079/1725/806 3075/1715/806
f 3075/1715/806 3071/1613/806 3067/824/806
f 3067/824/806 3063/4049/806 3059/3562/806
f 3059/3562/806 3055/4468/806 3051/4469/806
f 3051/4469/806 3047/4470/806 3043/4471/806
f 3043/4471/806 3115/4418/806 3111/4472/806
f 3111/4472/806 3107/4473/806 3103/3563/806
f 3103/3563/806 3099/1755/806 3095/1750/806
f 3095/1750/806 3091/1742/806 3087/1735/806
f 3087/1735/806 3083/1728/806 3075/1715/806
f 3075/1715/806 3067/824/806 3059/3562/806
f 3059/3562/806 3051/4469/806 3043/4471/806
f 3043/4471/806 3111/4472/806 3103/3563/806
f 3103/3563/806 3095/1750/806 3087/1735/806
f 3087/1735/806 3075/1715/806 3059/3562/806
f 3059/3562/806 3043/4471/806 3103/3563/806
f 3048/1666/1243 3052/1498/1244 3050/3564/1244
f 3050/3565/1244 3052/4474/1244 3056/1681/1245
f 3056/1681/1245 3060/1648/1246 3058/1662/1246
f 3058/1662/1246 3060/1648/1246 3064/1650/1247
f 3064/1650/1247 3068/3568/1248 3066/3567/1248
f 3068/3568/1248 3072/4475/1249 3070/3569/1249
f 3072/3570/1249 3076/4476/1250 3074/1711/1250
f 3074/1711/1250 3076/4476/1250 3080/3571/1251
f 3080/3571/1251 3084/4477/1252 3082/1733/1252
f 3082/1733/1252 3084/4477/1252 3088/3572/1254
f 3086/1740/1253 3088/3572/1254 3092/3573/1255
f 3090/3574/1255 3092/4478/1255 3096/3575/1256
f 3094/1754/1256 3096/3575/1256 3100/3576/1257
f 3100/3576/1257 3104/1762/1258 3102/1757/1258
f 3104/1762/1258 3108/1770/1259 3106/3577/1259
f 3108/1770/1259 3112/4479/1260 3110/3578/1260
f 3112/1780/1260 3116/1788/1261 3114/3561/1261
f 3149/4480/829 3153/4481/831 3157/4482/829
f 3157/4482/829 3161/3422/831 3165/4408/829
f 3165/4408/829 3169/4483/829 3173/3580/829
f 3173/3580/829 3177/1847/829 3181/1854/829
f 3181/1854/829 3185/1861/829 3189/1860/829
f 3189/1860/829 3117/1769/831 3121/1722/829
f 3121/1722/829 3125/1691/831 3129/1784/829
f 3129/1784/829 3133/1783/829 3137/4484/829
f 3137/4484/829 3141/4404/829 3145/3581/829
f 3145/3581/829 3149/4480/829 3157/4482/829
f 3157/4482/829 3165/4408/829 3173/3580/829
f 3173/3580/829 3181/1854/829 3189/1860/829
f 3189/1860/829 3121/1722/829 3129/1784/829
f 3129/1784/829 3137/4484/829 3145/3581/829
f 3145/3581/829 3157/4482/829 3173/3580/829
f 3173/3580/829 3189/1860/829 3129/1784/829
f 3120/1748/1262 3124/1571/1263 3122/3582/1263
f 3192/1862/1284 3120/1748/1262 3118/3583/1262
f 3143/1633/827 3139/4055/827 3135/4485/827
f 3135/4485/827 3131/4486/827 3127/4487/827
f 3127/4487/827 3123/4488/827 3119/3585/827
f 3119/3585/827 3191/4489/827 3187/4490/827
f 3187/4490/827 3183/4491/827 3179/4492/827
f 3179/4492/827 3175/1839/827 3171/1828/827
f 3171/1828/827 3167/1358/827 3163/1817/827
f 3163/1817/827 3159/1811/836 3155/1806/827
f 3155/1806/827 3151/1799/827 3147/1695/827
f 3147/1695/827 3143/1633/827 3135/4485/827
f 3135/4485/827 3127/4487/827 3119/3585/827
f 3119/3585/827 3187/4490/827 3179/4492/827
f 3179/4492/827 3171/1828/827 3163/1817/827
f 3163/1817/827 3155/1806/827 3147/1695/827
f 3147/1695/827 3135/4485/827 3119/3585/827
f 3119/3585/827 3179/4492/827 3163/1817/827
f 3124/1571/1263 3128/1573/1264 3126/3586/1264
f 3126/3587/1264 3128/4493/1264 3132/1763/1265
f 3132/1763/1265 3136/1764/1266 3134/1744/1266
f 3134/1744/1266 3136/1764/1266 3140/1730/1267
f 3140/1730/1267 3144/3589/1268 3142/1708/1268
f 3144/3589/1268 3148/4494/1270 3146/3590/1269
f 3148/3591/1270 3152/3592/1272 3150/1794/1271
f 3152/3592/1272 3156/3593/1273 3154/1808/1273
f 3156/3593/1273 3160/3594/1274 3158/1807/1274
f 3160/3594/1274 3164/3595/1276 3162/1815/1275
f 3164/3595/1276 3168/4495/1278 3166/1825/1277
f 3168/3596/1278 3172/3589/1279 3170/1835/1279
f 3172/3589/1279 3176/3597/1280 3174/1833/1280
f 3176/3597/1280 3180/1841/1281 3178/3598/1281
f 3178/3598/1281 3180/1841/1281 3184/1852/1282
f 3184/1852/1282 3188/4496/1283 3186/3599/1283
f 3186/3600/1283 3188/1857/1283 3192/1862/1284
f 3229/4497/853 3233/4498/853 3237/4499/853
f 3237/4499/853 3241/4500/853 3245/4501/853
f 3245/4501/853 3249/4388/853 3253/1925/853
f 3253/1925/853 3257/1935/853 3261/1942/853
f 3261/1942/853 3265/1947/853 3193/1850/853
f 3193/1850/853 3197/1804/853 3201/1773/853
f 3201/1773/853 3205/1859/853 3209/3601/853
f 3209/3601/853 3213/4502/853 3217/4386/853
f 3217/4386/853 3221/4503/853 3225/3602/853
f 3225/3602/853 3229/4497/853 3237/4499/853
f 3237/4499/853 3245/4501/853 3253/1925/853
f 3253/1925/853 3261/1942/853 3193/1850/853
f 3193/1850/853 3201/1773/853 3209/3601/853
f 3209/3601/853 3217/4386/853 3225/3602/853
f 3225/3602/853 3237/4499/853 3253/1925/853
f 3253/1925/853 3193/1850/853 3209/3601/853
f 3194/3603/1285 3196/1948/1285 3200/1643/1286
f 3266/3605/1305 3268/1945/1305 3196/1948/1285
f 3235/1890/851 3231/1882/851 3227/1873/851
f 3227/1873/851 3223/1778/851 3219/4063/851
f 3219/4063/851 3215/4380/851 3211/3606/851
f 3211/3606/851 3207/4504/851 3203/4505/851
f 3203/4505/851 3199/4506/851 3195/4507/851
f 3195/4507/851 3267/4508/851 3263/4383/851
f 3263/4383/851 3259/3394/851 3255/3607/851
f 3255/3607/851 3251/4381/851 3247/1287/851
f 3247/1287/851 3243/1902/851 3239/1895/851
f 3239/1895/851 3235/1890/851 3227/1873/851
f 3227/1873/851 3219/4063/851 3211/3606/851
f 3211/3606/851 3203/4505/851 3195/4507/851
f 3195/4507/851 3263/4383/851 3255/3607/851
f 3255/3607/851 3247/1287/851 3239/1895/851
f 3239/1895/851 3227/1873/851 3211/3606/851
f 3211/3606/851 3195/4507/851 3255/3607/851
f 3200/1643/1286 3204/1645/1287 3202/3608/1287
f 3204/3609/1287 3208/4509/1288 3206/3610/1288
f 3206/3610/1288 3208/4509/1288 3212/1813/1289
f 3212/1813/1289 3216/1717/1290 3214/1791/1290
f 3216/1717/1290 3220/1719/1291 3218/3612/1291
f 3220/1719/1291 3224/4510/1292 3222/3613/1292
f 3222/1655/1292 3224/3879/1292 3228/3614/1294
f 3226/1868/1293 3228/3614/1294 3232/3615/1295
f 3232/3615/1295 3236/3616/1296 3234/1887/1296
f 3236/3616/1296 3240/3617/1298 3238/1897/1297
f 3240/3617/1298 3244/4511/1299 3242/1906/1299
f 3242/3618/1299 3244/4512/1299 3248/3619/1300
f 3248/3619/1300 3252/1913/1301 3250/1791/1301
f 3252/1913/1301 3256/1920/1302 3254/3620/1302
f 3254/3620/1302 3256/1920/1302 3260/3621/1303
f 3260/3621/1303 3264/3609/1304 3262/3623/1304
f 3264/1940/1304 3268/1945/1305 3266/3605/1305
f 3301/1961/875 3305/1960/875 3309/1976/875
f 3309/1976/875 3313/1983/875 3317/1982/875
f 3317/1982/875 3321/4076/875 3325/3625/875
f 3325/3625/875 3329/4513/875 3333/4514/875
f 3333/4514/875 3337/4515/875 3341/4516/875
f 3341/4516/875 3269/4517/875 3273/4518/875
f 3273/4518/875 3277/4519/875 3281/3626/875
f 3281/3626/875 3285/4520/875 3289/4521/875
f 3289/4521/875 3293/1378/875 3297/1377/875
f 3297/1377/875 3301/1961/875 3309/1976/875
f 3309/1976/875 3317/1982/875 3325/3625/875
f 3325/3625/875 3333/4514/875 3341/4516/875
f 3341/4516/875 3273/4518/875 3281/3626/875
f 3281/3626/875 3289/4521/875 3297/1377/875
f 3297/1377/875 3309/1976/875 3325/3625/875
f 3325/3625/875 3341/4516/875 3281/3626/875
f 3272/3627/1306 3276/4522/1307 3274/1875/1307
f 3344/3628/1325 3272/3627/1306 3270/1923/1306
f 3287/1928/873 3283/1810/873 3279/1676/873
f 3279/1676/873 3275/1905/873 3271/2031/873
f 3271/2031/873 3343/2029/873 3339/2022/873
f 3339/2022/873 3335/2013/873 3331/4079/873
f 3331/4079/873 3327/4523/873 3323/4524/873
f 3323/4524/873 3319/4525/873 3315/4526/873
f 3315/4526/873 3311/4527/873 3307/3629/873
f 3307/3629/873 3303/4528/873 3299/4529/873
f 3299/4529/873 3295/4530/873 3291/3630/873
f 3291/3630/873 3287/1928/873 3279/1676/873
f 3279/1676/873 3271/2031/873 3339/2022/873
f 3339/2022/873 3331/4079/873 3323/4524/873
f 3323/4524/873 3315/4526/873 3307/3629/873
f 3307/3629/873 3299/4529/873 3291/3630/873
f 3291/3630/873 3279/1676/873 3339/2022/873
f 3339/2022/873 3323/4524/873 3307/3629/873
f 3274/1875/1307 3276/4522/1307 3280/3631/1308
f 3280/3632/1308 3284/3635/1309 3282/3633/1309
f 3284/3635/1309 3288/3636/1310 3286/1909/1310
f 3288/3636/1310 3292/1893/1311 3290/1872/1311
f 3290/1872/1311 3292/1893/1311 3296/1600/1312
f 3296/1600/1312 3300/3638/1313 3298/3637/1313
f 3300/3638/1313 3304/4531/1315 3302/3639/1314
f 3302/3640/1314 3304/1956/1315 3308/1964/1316
f 3308/1964/1316 3312/1972/1317 3310/3642/1317
f 3312/1972/1317 3316/1978/1318 3314/3643/1318
f 3314/3639/1318 3316/4531/1318 3320/3644/1319
f 3320/3644/1319 3324/1600/1320 3322/1870/1320
f 3324/1600/1320 3328/1998/1321 3326/1995/1321
f 3326/1995/1321 3328/1998/1321 3332/2003/1322
f 3330/1909/1322 3332/2003/1322 3336/3646/1323
f 3336/3646/1323 3340/3632/1324 3338/3634/1324
f 3340/3648/1324 3344/3628/1325 3342/2026/1325
f 3361/4532/897 3365/1949/897 3369/1831/897
f 3369/1831/897 3373/2035/897 3377/2034/897
f 3377/2034/897 3381/2050/901 3385/2056/897
f 3385/2056/897 3389/2062/897 3393/2069/897
f 3393/2069/897 3397/2068/897 3401/2646/897
f 3401/2646/897 3405/4533/897 3409/4534/897
f 3409/4534/897 3413/4535/901 3417/3649/897
f 3417/3649/897 3345/4536/897 3349/4537/897
f 3349/4537/897 3353/4538/897 3357/3650/897
f 3357/3650/897 3361/4532/897 3369/1831/897
f 3369/1831/897 3377/2034/897 3385/2056/897
f 3385/2056/897 3393/2069/897 3401/2646/897
f 3401/2646/897 3409/4534/897 3417/3649/897
f 3417/3649/897 3349/4537/897 3357/3650/897
f 3357/3650/897 3369/1831/897 3385/2056/897
f 3385/2056/897 3401/2646/897 3417/3649/897
f 3348/3651/1326 3352/4539/1327 3350/1963/1327
f 3420/3652/1347 3348/3651/1326 3346/2011/1326
f 3363/2005/895 3359/1866/1328 3355/1797/895
f 3355/1797/895 3351/1992/1328 3347/2110/895
f 3347/2110/895 3419/2108/895 3415/2101/895
f 3415/2101/895 3411/2092/1328 3407/4085/895
f 3407/4085/895 3403/4540/895 3399/4541/895
f 3399/4541/895 3395/4542/1328 3391/4543/895
f 3391/4543/895 3387/4544/1328 3383/3653/895
f 3383/3653/895 3379/4545/1328 3375/3825/895
f 3375/3825/895 3371/4546/895 3367/3654/895
f 3367/3654/895 3363/2005/895 3355/1797/895
f 3355/1797/895 3347/2110/895 3415/2101/895
f 3415/2101/895 3407/4085/895 3399/4541/895
f 3399/4541/895 3391/4543/895 3383/3653/895
f 3383/3653/895 3375/3825/895 3367/3654/895
f 3367/3654/895 3355/1797/895 3415/2101/895
f 3415/2101/895 3399/4541/895 3383/3653/895
f 3350/1963/1327 3352/4539/1327 3356/3655/1329
f 3356/3656/1329 3360/3658/1330 3358/2024/1330
f 3360/3658/1330 3364/1973/1331 3362/1986/1331
f 3362/1986/1331 3364/1973/1331 3368/1879/1332
f 3368/1879/1332 3372/1881/1333 3370/3660/1333
f 3372/1881/1333 3376/4547/1334 3374/3661/1334
f 3376/1933/1334 3380/2038/1335 3378/3662/1335
f 3378/3662/1335 3380/2038/1335 3384/2047/1337
f 3382/3664/1336 3384/2047/1337 3388/2051/1339
f 3388/2051/1339 3392/2058/1340 3390/3666/1340
f 3390/3666/1340 3392/2058/1340 3396/2063/1341
f 3394/3668/1341 3396/4548/1341 3400/2075/1342
f 3398/3669/1342 3400/2075/1342 3404/1879/1343
f 3404/1879/1343 3408/2084/1344 3406/2088/1344
f 3406/2088/1344 3408/2084/1344 3412/3670/1345
f 3412/3670/1345 3416/4549/1346 3414/3657/1346
f 3416/3671/1346 3420/3652/1347 3418/2105/1347
f 3457/2127/919 3461/2135/919 3465/2139/919
f 3465/2139/919 3469/2146/919 3473/2154/919
f 3473/2154/919 3477/4088/919 3481/3672/919
f 3481/3672/919 3485/4550/919 3489/4551/919
f 3489/4551/919 3493/4552/919 3421/4553/919
f 3421/4553/919 3425/4554/919 3429/4555/919
f 3429/4555/919 3433/4556/919 3437/3673/919
f 3437/3673/919 3441/2032/919 3445/1901/919
f 3445/1901/919 3449/1900/919 3453/2121/919
f 3453/2121/919 3457/2127/919 3465/2139/919
f 3465/2139/919 3473/2154/919 3481/3672/919
f 3481/3672/919 3489/4551/919 3421/4553/919
f 3421/4553/919 3429/4555/919 3437/3673/919
f 3437/3673/919 3445/1901/919 3453/2121/919
f 3453/2121/919 3465/2139/919 3481/3672/919
f 3481/3672/919 3421/4553/919 3437/3673/919
f 3424/3674/1348 3428/3678/1349 3426/2045/1349
f 3496/3675/1366 3424/3674/1348 3422/2089/1348
f 3439/2085/917 3435/1953/917 3431/1885/917
f 3431/1885/917 3427/2071/917 3423/2070/917
f 3423/2070/917 3495/2183/917 3491/2177/917
f 3491/2177/917 3487/2172/917 3483/4089/917
f 3483/4089/917 3479/4557/917 3475/4558/917
f 3475/4558/917 3471/4559/917 3467/4560/917
f 3467/4560/917 3463/4561/917 3459/3676/917
f 3459/3676/917 3455/4562/917 3451/4563/917
f 3451/4563/917 3447/4564/917 3443/3677/917
f 3443/3677/917 3439/2085/917 3431/1885/917
f 3431/1885/917 3423/2070/917 3491/2177/917
f 3491/2177/917 3483/4089/917 3475/4558/917
f 3475/4558/917 3467/4560/917 3459/3676/917
f 3459/3676/917 3451/4563/917 3443/3677/917
f 3443/3677/917 3431/1885/917 3491/2177/917
f 3491/2177/917 3475/4558/917 3459/3676/917
f 3428/3678/1349 3432/4565/1350 3430/2017/1350
f 3432/3679/1350 3436/3681/1351 3434/2104/1351
f 3436/3681/1351 3440/2163/1352 3438/2067/1352
f 3440/2163/1352 3444/2053/1353 3442/2065/1353
f 3444/2053/1353 3448/1957/1354 3446/3682/1354
f 3446/3682/1354 3448/1957/1354 3452/3683/1355
f 3450/3685/1355 3452/2020/1355 3456/2118/1356
f 3456/2118/1356 3460/2125/1357 3458/3687/1357
f 3460/2125/1357 3464/2131/1358 3462/3688/1358
f 3462/3688/1358 3464/2131/1358 3468/2136/1359
f 3468/2136/1359 3472/2140/1360 3470/3690/1360
f 3470/3691/1360 3472/4566/1360 3476/3692/1361
f 3474/3693/1361 3476/3692/1361 3480/2157/1362
f 3478/2162/1362 3480/2157/1362 3484/2163/1363
f 3484/2163/1363 3488/3695/1364 3486/3694/1364
f 3488/3695/1364 3492/4567/1365 3490/3696/1365
f 3490/2182/1365 3492/4568/1365 3496/3675/1366
f 3533/2210/940 3537/2214/940 3541/2213/940
f 3541/2213/940 3545/2220/940 3549/2237/940
f 3549/2237/940 3553/4093/940 3557/3697/940
f 3557/3697/940 3561/4569/940 3565/4570/940
f 3565/4570/940 3569/4571/940 3497/4572/940
f 3497/4572/940 3501/4573/940 3505/4574/940
f 3505/4574/940 3509/4575/940 3513/3698/940
f 3513/3698/940 3517/2111/940 3521/1980/940
f 3521/1980/940 3525/2191/940 3529/2201/940
f 3529/2201/940 3533/2210/940 3541/2213/940
f 3541/2213/940 3549/2237/940 3557/3697/940
f 3557/3697/940 3565/4570/940 3497/4572/940
f 3497/4572/940 3505/4574/940 3513/3698/940
f 3513/3698/940 3521/1980/940 3529/2201/940
f 3529/2201/940 3541/2213/940 3557/3697/940
f 3557/3697/940 3497/4572/940 3513/3698/940
f 3500/3699/1367 3504/3702/1368 3502/2122/1368
f 3572/3700/1387 3500/3699/1367 3498/2169/1367
f 3539/4576/938 3535/4577/938 3531/4578/938
f 3531/4578/938 3527/4579/938 3523/4580/938
f 3523/4580/938 3519/4581/938 3515/2166/938
f 3515/2166/938 3511/2036/938 3507/1969/938
f 3507/1969/938 3503/2148/938 3499/2270/938
f 3499/2270/938 3571/2268/938 3567/2262/938
f 3567/2262/938 3563/2252/938 3559/2251/938
f 3559/2251/938 3555/4582/938 3551/4583/938
f 3551/4583/938 3547/4584/938 3543/3701/938
f 3543/3701/938 3539/4576/938 3531/4578/938
f 3531/4578/938 3523/4580/938 3515/2166/938
f 3515/2166/938 3507/1969/938 3499/2270/938
f 3499/2270/938 3567/2262/938 3559/2251/938
f 3559/2251/938 3551/4583/938 3543/3701/938
f 3543/3701/938 3531/4578/938 3515/2166/938
f 3515/2166/938 3499/2270/938 3559/2251/938
f 3504/3702/1368 3508/4585/1369 3506/2096/1369
f 3508/3703/1369 3512/3705/1370 3510/2180/1370
f 3512/3705/1370 3516/4087/1371 3514/2142/1371
f 3514/2142/1371 3516/4087/1371 3520/2040/1373
f 3518/3706/1372 3520/2040/1373 3524/2042/1374
f 3522/3707/1374 3524/2042/1374 3528/2099/1375
f 3528/2194/1375 3532/2196/1377 3530/3709/1376
f 3532/2196/1377 3536/940/1378 3534/3711/1378
f 3536/940/1378 3540/2211/1379 3538/3712/1379
f 3540/2211/1379 3544/2217/1380 3542/3318/1380
f 3542/3318/1380 3544/2217/1380 3548/2225/1381
f 3548/3714/1381 3552/2233/1382 3550/3715/1382
f 3550/3715/1382 3552/2233/1382 3556/2239/1383
f 3556/2239/1383 3560/2245/1384 3558/2248/1384
f 3558/2248/1384 3560/2245/1384 3564/3717/1385
f 3562/3718/1385 3564/3717/1385 3568/3719/1386
f 3566/2263/1386 3568/4586/1386 3572/3700/1387
f 3605/2274/962 3609/2290/962 3613/2300/962
f 3613/2300/962 3617/2299/962 3621/2313/962
f 3621/2313/962 3625/2319/962 3629/3721/962
f 3629/3721/962 3633/2332/962 3637/2342/962
f 3637/2342/962 3641/4100/962 3645/4587/962
f 3645/4587/962 3573/4588/962 3577/4589/962
f 3577/4589/962 3581/2081/962 3585/2266/962
f 3585/2266/962 3589/2265/962 3593/2193/962
f 3593/2193/962 3597/1739/962 3601/1738/962
f 3601/1738/962 3605/2274/962 3613/2300/962
f 3613/2300/962 3621/2313/962 3629/3721/962
f 3629/3721/962 3637/2342/962 3645/4587/962
f 3645/4587/962 3577/4589/962 3585/2266/962
f 3585/2266/962 3593/2193/962 3601/1738/962
f 3601/1738/962 3613/2300/962 3629/3721/962
f 3629/3721/962 3645/4587/962 3585/2266/962
f 3576/3722/1388 3580/4590/1389 3578/2197/1389
f 3646/2348/1410 3648/4591/1410 3576/3722/1388
f 3591/2216/960 3587/2129/960 3583/2002/960
f 3583/2002/960 3579/2001/960 3575/2354/960
f 3575/2354/960 3647/2351/960 3643/2345/960
f 3643/2345/960 3639/2336/960 3635/2328/960
f 3635/2328/960 3631/2320/960 3627/2316/960
f 3627/2316/960 3623/2309/960 3619/4098/960
f 3619/4098/960 3615/4592/960 3611/3723/960
f 3611/3723/960 3607/2277/960 3603/2156/960
f 3603/2156/960 3599/1917/960 3595/1916/960
f 3595/1916/960 3591/2216/960 3583/2002/960
f 3583/2002/960 3575/2354/960 3643/2345/960
f 3643/2345/960 3635/2328/960 3627/2316/960
f 3627/2316/960 3619/4098/960 3611/3723/960
f 3611/3723/960 3603/2156/960 3595/1916/960
f 3595/1916/960 3583/2002/960 3643/2345/960
f 3643/2345/960 3627/2316/960 3611/3723/960
f 3578/2197/1389 3580/4590/1389 3584/3724/1390
f 3582/3726/1390 3584/4593/1390 3588/3727/1391
f 3586/3728/1391 3588/3727/1391 3592/3729/1393
f 3590/2230/1392 3592/3729/1393 3596/3730/1394
f 3596/3730/1394 3600/4594/1395 3598/3732/1395
f 3598/3732/1395 3600/4594/1395 3604/3733/1396
f 3604/3735/1396 3608/2286/1398 3606/3736/1397
f 3608/2286/1398 3612/2288/1399 3610/3738/1399
f 3612/2288/1399 3616/2294/1400 3614/3739/1400
f 3614/3739/1400 3616/2294/1400 3620/2302/1402
f 3618/3740/1401 3620/2302/1402 3624/3741/1403
f 3624/3743/1403 3628/3746/1404 3626/3744/1404
f 3628/3746/1404 3632/3747/1405 3630/2324/1405
f 3632/3747/1405 3636/3748/1407 3634/2322/1406
f 3636/3748/1407 3640/3750/1408 3638/3749/1408
f 3640/3750/1408 3644/4595/1409 3642/3751/1409
f 3644/3752/1409 3648/4591/1410 3646/2348/1410
f 3665/2216/986 3669/2272/986 3673/2152/986
f 3673/2152/986 3677/2358/986 3681/2357/986
f 3681/2357/986 3685/4596/986 3689/3753/986
f 3689/3753/986 3693/2387/986 3697/2394/986
f 3697/2394/986 3701/2393/986 3705/2403/986
f 3705/2403/986 3709/2328/986 3713/2412/986
f 3713/2412/986 3717/2429/986 3721/2433/986
f 3721/2433/986 3649/2335/986 3653/2285/986
f 3653/2285/986 3657/2260/986 3661/2259/986
f 3661/2259/986 3665/2216/986 3673/2152/986
f 3673/2152/986 3681/2357/986 3689/3753/986
f 3689/3753/986 3697/2394/986 3705/2403/986
f 3705/2403/986 3713/2412/986 3721/2433/986
f 3721/2433/986 3653/2285/986 3661/2259/986
f 3661/2259/986 3673/2152/986 3689/3753/986
f 3689/3753/986 3705/2403/986 3721/2433/986
f 3652/2434/1411 3656/2314/1412 3654/3754/1412
f 3722/3756/1432 3724/2432/1432 3652/2434/1411
f 3699/2389/984 3695/2381/984 3691/2374/984
f 3691/2374/984 3687/2371/984 3683/2362/984
f 3683/2362/984 3679/2253/984 3675/2203/984
f 3675/2203/984 3671/4092/984 3667/2265/984
f 3667/2265/984 3663/2188/984 3659/4090/984
f 3659/4090/984 3655/4597/984 3651/4598/984
f 3651/4598/984 3723/4599/984 3719/2425/984
f 3719/2425/984 3715/2416/984 3711/2332/984
f 3711/2332/984 3707/2400/984 3703/2397/984
f 3703/2397/984 3699/2389/984 3691/2374/984
f 3691/2374/984 3683/2362/984 3675/2203/984
f 3675/2203/984 3667/2265/984 3659/4090/984
f 3659/4090/984 3651/4598/984 3719/2425/984
f 3719/2425/984 3711/2332/984 3703/2397/984
f 3703/2397/984 3691/2374/984 3675/2203/984
f 3675/2203/984 3659/4090/984 3719/2425/984
f 3656/2314/1412 3660/2115/1413 3658/3757/1413
f 3660/3758/1413 3664/4600/1414 3662/3759/1414
f 3662/3759/1414 3664/4600/1414 3668/2296/1416
f 3666/3761/1415 3668/2296/1416 3672/2298/1417
f 3670/3762/1417 3672/2298/1417 3676/3763/1418
f 3676/3763/1418 3680/4601/1419 3678/3765/1419
f 3678/3766/1419 3680/4602/1419 3684/3767/1421
f 3682/2367/1420 3684/3767/1421 3688/3768/1422
f 3688/3768/1422 3692/4603/1423 3690/2372/1423
f 3690/2372/1423 3692/4603/1423 3696/3769/1424
f 3696/3769/1424 3700/4604/1425 3698/3770/1425
f 3700/3771/1425 3704/3774/1426 3702/3772/1426
f 3704/3774/1426 3708/2407/1427 3706/3775/1427
f 3708/2407/1427 3712/2409/1429 3710/3776/1428
f 3712/2409/1429 3716/4605/1430 3714/3777/1430
f 3714/3777/1430 3716/4605/1430 3720/3778/1431
f 3720/2430/1431 3724/2432/1432 3722/3756/1432
f 3761/4606/1011 3765/4607/1011 3769/4608/1011
f 3769/4608/1011 3773/4609/1011 3777/4610/1011
f 3777/4610/1011 3781/4582/1011 3785/2494/1011
f 3785/2494/1011 3789/2493/1011 3793/2503/1011
f 3793/2503/1011 3797/2510/1011 3725/2413/1011
f 3725/2413/1011 3729/2369/1011 3733/2339/1011
f 3733/2339/1011 3737/2427/1011 3741/2166/1011
f 3741/2166/1011 3745/4611/1011 3749/4612/1011
f 3749/4612/1011 3753/4613/1011 3757/3781/1011
f 3757/3781/1011 3761/4606/1011 3769/4608/1011
f 3769/4608/1011 3777/4610/1011 3785/2494/1011
f 3785/2494/1011 3793/2503/1011 3725/2413/1011
f 3725/2413/1011 3733/2339/1011 3741/2166/1011
f 3741/2166/1011 3749/4612/1011 3757/3781/1011
f 3757/3781/1011 3769/4608/1011 3785/2494/1011
f 3785/2494/1011 3725/2413/1011 3741/2166/1011
f 3726/3782/1433 3728/2517/1433 3732/2395/1434
f 3800/2514/1454 3728/2517/1433 3726/3782/1433
f 3743/4614/1009 3739/4615/1009 3735/4574/1009
f 3735/4574/1009 3731/4616/1009 3727/4617/1009
f 3727/4617/1009 3799/4618/1009 3795/3785/1009
f 3795/3785/1009 3791/4619/1009 3787/4620/1009
f 3787/4620/1009 3783/2483/1009 3779/2476/1009
f 3779/2476/1009 3775/2467/1009 3771/2463/1009
f 3771/2463/1009 3767/2456/1009 3763/2450/1009
f 3763/2450/1009 3759/2444/1009 3755/2343/1009
f 3755/2343/1009 3751/2281/1009 3747/2280/1009
f 3747/2280/1009 3743/4614/1009 3735/4574/1009
f 3735/4574/1009 3727/4617/1009 3795/3785/1009
f 3795/3785/1009 3787/4620/1009 3779/2476/1009
f 3779/2476/1009 3771/2463/1009 3763/2450/1009
f 3763/2450/1009 3755/2343/1009 3747/2280/1009
f 3747/2280/1009 3735/4574/1009 3795/3785/1009
f 3795/3785/1009 3779/2476/1009 3763/2450/1009
f 3730/3783/1434 3732/2395/1434 3736/2206/1435
f 3734/3787/1435 3736/4621/1435 3740/2410/1436
f 3738/3788/1436 3740/2410/1436 3744/2376/1437
f 3742/2392/1437 3744/2376/1437 3748/2378/1439
f 3746/2356/1438 3748/2378/1439 3752/3789/1440
f 3750/2221/1440 3752/3789/1440 3756/3790/1441
f 3754/2440/1441 3756/4622/1441 3760/3792/1442
f 3760/3792/1442 3764/3793/1443 3762/2452/1443
f 3764/3793/1443 3768/3794/1444 3766/2461/1444
f 3768/3794/1444 3772/3795/1446 3770/2465/1445
f 3772/3795/1446 3776/4623/1447 3774/3796/1447
f 3776/3797/1447 3780/3798/1448 3778/2471/1448
f 3780/3798/1448 3784/2487/1450 3782/2480/1449
f 3784/2487/1450 3788/2489/1451 3786/2485/1451
f 3788/2489/1451 3792/2498/1452 3790/3799/1452
f 3792/2498/1452 3796/4624/1453 3794/3787/1453
f 3794/3800/1453 3796/2506/1453 3800/2514/1454
f 3817/4110/1034 3821/3677/1034 3825/4564/1034
f 3825/4564/1034 3829/4625/1034 3833/4626/1034
f 3833/4626/1034 3837/4627/1034 3841/3801/1034
f 3841/3801/1034 3845/4628/1034 3849/4629/1034
f 3849/4629/1034 3853/4558/1034 3857/4557/1034
f 3857/4557/1034 3861/2578/1034 3865/2587/1034
f 3865/2587/1034 3869/2586/1034 3873/2595/1034
f 3873/2595/1034 3801/2495/1034 3805/2448/1034
f 3805/2448/1034 3809/2419/1034 3813/2418/1034
f 3813/2418/1034 3817/4110/1034 3825/4564/1034
f 3825/4564/1034 3833/4626/1034 3841/3801/1034
f 3841/3801/1034 3849/4629/1034 3857/4557/1034
f 3857/4557/1034 3865/2587/1034 3873/2595/1034
f 3873/2595/1034 3805/2448/1034 3813/2418/1034
f 3813/2418/1034 3825/4564/1034 3841/3801/1034
f 3841/3801/1034 3857/4557/1034 3873/2595/1034
f 3804/2474/1455 3808/2291/1456 3806/3802/1456
f 3876/2598/1475 3804/2474/1455 3802/3803/1455
f 3843/2540/1032 3839/2534/1032 3835/2525/1032
f 3835/2525/1032 3831/2423/1032 3827/2363/1032
f 3827/2363/1032 3823/2032/1032 3819/3805/1032
f 3819/3805/1032 3815/4630/1032 3811/4555/1032
f 3811/4555/1032 3807/4631/1032 3803/4632/1032
f 3803/4632/1032 3875/4633/1032 3871/4634/1032
f 3871/4634/1032 3867/4635/1032 3863/3806/1032
f 3863/3806/1032 3859/2566/1032 3855/2560/1032
f 3855/2560/1032 3851/2146/1032 3847/2547/1032
f 3847/2547/1032 3843/2540/1032 3835/2525/1032
f 3835/2525/1032 3827/2363/1032 3819/3805/1032
f 3819/3805/1032 3811/4555/1032 3803/4632/1032
f 3803/4632/1032 3871/4634/1032 3863/3806/1032
f 3863/3806/1032 3855/2560/1032 3847/2547/1032
f 3847/2547/1032 3835/2525/1032 3819/3805/1032
f 3819/3805/1032 3803/4632/1032 3863/3806/1032
f 3808/2291/1456 3812/2293/1457 3810/3807/1457
f 3812/3808/1457 3816/3811/1458 3814/3809/1458
f 3816/3811/1458 3820/2490/1459 3818/2469/1459
f 3820/2490/1459 3824/2458/1460 3822/2437/1460
f 3822/2437/1460 3824/2458/1460 3828/3812/1461
f 3828/3812/1461 3832/4636/1462 3830/3813/1462
f 3830/2303/1462 3832/4637/1462 3836/3814/1464
f 3834/2528/1463 3836/3814/1464 3840/3815/1465
f 3838/2538/1465 3840/3815/1465 3844/3816/1466
f 3844/3816/1466 3848/3817/1468 3846/2550/1467
f 3848/3817/1468 3852/4638/1469 3850/2549/1469
f 3852/3818/1469 3856/3820/1470 3854/2564/1470
f 3856/3820/1470 3860/2572/1471 3858/2562/1471
f 3860/2572/1471 3864/2574/1472 3862/2570/1472
f 3864/2574/1472 3868/2582/1473 3866/3821/1473
f 3868/2582/1473 3872/4639/1474 3870/3822/1474
f 3872/2591/1474 3876/2598/1475 3874/3804/1475
f 3909/4640/1056 3913/4641/1056 3917/4642/1056
f 3917/4642/1056 3921/4643/1068 3925/4542/1056
f 3925/4542/1056 3929/4541/1056 3933/3824/1056
f 3933/3824/1056 3937/2654/1056 3941/2653/1056
f 3941/2653/1056 3945/2670/1056 3949/2669/1056
f 3949/2669/1056 3877/2575/1056 3881/2526/1056
f 3881/2526/1056 3885/2405/1056 3889/2596/1056
f 3889/2596/1056 3893/2005/1056 3897/4644/1056
f 3897/4644/1056 3901/4645/1056 3905/3825/1056
f 3905/3825/1056 3909/4640/1056 3917/4642/1056
f 3917/4642/1056 3925/4542/1056 3933/3824/1056
f 3933/3824/1056 3941/2653/1056 3949/2669/1056
f 3949/2669/1056 3881/2526/1056 3889/2596/1056
f 3889/2596/1056 3897/4644/1056 3905/3825/1056
f 3905/3825/1056 3917/4642/1056 3933/3824/1056
f 3933/3824/1056 3949/2669/1056 3889/2596/1056
f 3880/2554/1476 3884/2325/1477 3882/3826/1477
f 3952/2674/1495 3880/2554/1476 3878/3827/1476
f 3895/4646/1054 3891/4647/1054 3887/4648/1054
f 3887/4648/1054 3883/4649/1054 3879/4650/1054
f 3879/4650/1054 3951/4651/1054 3947/3829/1054
f 3947/3829/1054 3943/4534/1054 3939/4533/1054
f 3939/4533/1054 3935/2646/1054 3931/2636/1054
f 3931/2636/1054 3927/2628/1057 3923/2623/1054
f 3923/2623/1054 3919/2617/1054 3915/2613/1054
f 3915/2613/1054 3911/2606/1054 3907/2482/1054
f 3907/2482/1054 3903/2240/1054 3899/1949/1054
f 3899/1949/1054 3895/4646/1054 3887/4648/1054
f 3887/4648/1054 3879/4650/1054 3947/3829/1054
f 3947/3829/1054 3939/4533/1054 3931/2636/1054
f 3931/2636/1054 3923/2623/1054 3915/2613/1054
f 3915/2613/1054 3907/2482/1054 3899/1949/1054
f 3899/1949/1054 3887/4648/1054 3947/3829/1054
f 3947/3829/1054 3931/2636/1054 3915/2613/1054
f 3884/2325/1477 3888/2327/1478 3886/3830/1478
f 3888/3831/1478 3892/4114/1479 3890/3832/1479
f 3890/3832/1479 3892/4114/1479 3896/2579/1480
f 3894/2559/1480 3896/2579/1480 3900/2544/1481
f 3898/2523/1481 3900/2544/1481 3904/3834/1482
f 3904/3834/1482 3908/4652/1483 3906/3835/1483
f 3906/2604/1483 3908/4653/1483 3912/3836/1484
f 3912/3836/1484 3916/3837/1485 3914/2614/1485
f 3916/3837/1485 3920/3838/1486 3918/2622/1486
f 3920/3838/1486 3924/4654/1487 3922/2621/1487
f 3922/2621/1487 3924/4654/1487 3928/3839/1488
f 3926/3840/1488 3928/4655/1488 3932/3841/1489
f 3930/2640/1489 3932/3841/1489 3936/2544/1490
f 3934/2523/1490 3936/2544/1490 3940/2579/1491
f 3940/2579/1491 3944/2657/1493 3942/3843/1492
f 3944/2657/1493 3948/4656/1494 3946/3844/1494
f 3948/2666/1494 3952/2674/1495 3950/3828/1495
f 3969/4121/1080 3973/3630/1080 3977/4530/1080
f 3977/4530/1080 3981/4657/1080 3985/4658/1080
f 3985/4658/1080 3989/4659/1080 3993/3846/1080
f 3993/3846/1080 3997/4660/1080 4001/4661/1080
f 4001/4661/1080 4005/4662/1080 4009/4523/1080
f 4009/4523/1080 4013/2735/1080 4017/2734/1080
f 4017/2734/1080 4021/2750/1080 4025/2749/1080
f 4025/2749/1080 3953/2655/1080 3957/2610/1080
f 3957/2610/1080 3961/2589/1080 3965/2668/1080
f 3965/2668/1080 3969/4121/1080 3977/4530/1080
f 3977/4530/1080 3985/4658/1080 3993/3846/1080
f 3993/3846/1080 4001/4661/1080 4009/4523/1080
f 4009/4523/1080 4017/2734/1080 4025/2749/1080
f 4025/2749/1080 3957/2610/1080 3965/2668/1080
f 3965/2668/1080 3977/4530/1080 3993/3846/1080
f 3993/3846/1080 4009/4523/1080 4025/2749/1080
f 3956/2633/1496 3960/2441/1497 3958/3847/1497
f 4026/3849/1516 4028/2753/1516 3956/2633/1496
f 4003/2708/1078 3999/2704/1078 3995/2697/1078
f 3995/2697/1078 3991/2692/1078 3987/2685/1078
f 3987/2685/1078 3983/2584/1078 3979/1378/1078
f 3979/1378/1078 3975/4663/1078 3971/4664/1078
f 3971/4664/1078 3967/4665/1078 3963/4666/1078
f 3963/4666/1078 3959/4667/1078 3955/4668/1078
f 3955/4668/1078 4027/4669/1078 4023/3850/1078
f 4023/3850/1078 4019/4670/1078 4015/4671/1078
f 4015/4671/1078 4011/4672/1078 4007/2716/1078
f 4007/2716/1078 4003/2708/1078 3995/2697/1078
f 3995/2697/1078 3987/2685/1078 3979/1378/1078
f 3979/1378/1078 3971/4664/1078 3963/4666/1078
f 3963/4666/1078 3955/4668/1078 4023/3850/1078
f 4023/3850/1078 4015/4671/1078 4007/2716/1078
f 4007/2716/1078 3995/2697/1078 3979/1378/1078
f 3979/1378/1078 3963/4666/1078 4023/3850/1078
f 3960/2441/1497 3964/2443/1498 3962/3851/1498
f 3964/3852/1498 3968/3855/1499 3966/3853/1499
f 3968/3855/1499 3972/4117/1500 3970/2629/1500
f 3970/2629/1500 3972/4117/1500 3976/2619/1501
f 3974/2603/1501 3976/2619/1501 3980/2530/1502
f 3980/2530/1502 3984/3857/1503 3982/3856/1503
f 3984/3857/1503 3988/4673/1505 3986/3858/1504
f 3988/3859/1505 3992/4674/1506 3990/2689/1506
f 3990/2689/1506 3992/4674/1506 3996/3860/1507
f 3996/3860/1507 4000/4675/1509 3998/2699/1508
f 4000/3861/1509 4004/4676/1510 4002/3856/1510
f 4002/3856/1510 4004/4676/1510 4008/2530/1511
f 4006/2720/1511 4008/2530/1511 4012/2726/1512
f 4010/2728/1512 4012/2726/1512 4016/2730/1513
f 4016/2730/1513 4020/3864/1514 4018/3863/1514
f 4020/3864/1514 4024/3852/1515 4022/3865/1515
f 4022/3866/1515 4024/2745/1515 4028/2753/1516
f 4041/4677/1103 4045/3127/1103 4049/4204/1103
f 4049/4204/1103 4053/2385/1103 4057/2384/1103
f 4057/2384/1103 4061/2767/1103 4065/2774/1103
f 4065/2774/1103 4069/2778/1103 4073/2784/1103
f 4073/2784/1103 4077/2790/1103 4081/2789/1103
f 4081/2789/1103 4085/4678/1103 4089/3128/1103
f 4089/3128/1103 4093/4211/1103 4097/3867/1103
f 4097/3867/1103 4101/4679/1103 4029/4680/1103
f 4029/4680/1103 4033/4681/1103 4037/3868/1103
f 4037/3868/1103 4041/4677/1103 4049/4204/1103
f 4049/4204/1103 4057/2384/1103 4065/2774/1103
f 4065/2774/1103 4073/2784/1103 4081/2789/1103
f 4081/2789/1103 4089/3128/1103 4097/3867/1103
f 4097/3867/1103 4029/4680/1103 4037/3868/1103
f 4037/3868/1103 4049/4204/1103 4065/2774/1103
f 4065/2774/1103 4081/2789/1103 4097/3867/1103
f 4032/3869/1517 4036/3871/1518 4034/2688/1518
f 4102/2832/1536 4104/4682/1536 4032/3869/1517
f 4071/4683/1101 4067/4684/1101 4063/4685/1101
f 4063/4685/1101 4059/3123/1101 4055/4203/1101
f 4055/4203/1101 4051/4686/1101 4047/374/1101
f 4047/374/1101 4043/2616/1101 4039/2512/1101
f 4039/2512/1101 4035/2710/1101 4031/2833/1101
f 4031/2833/1101 4103/2831/1101 4099/2824/1101
f 4099/2824/1101 4095/2815/1101 4091/440/1101
f 4091/440/1101 4087/4687/1101 4083/4688/1101
f 4083/4688/1101 4079/4689/1101 4075/3870/1101
f 4075/3870/1101 4071/4683/1101 4063/4685/1101
f 4063/4685/1101 4055/4203/1101 4047/374/1101
f 4047/374/1101 4039/2512/1101 4031/2833/1101
f 4031/2833/1101 4099/2824/1101 4091/440/1101
f 4091/440/1101 4083/4688/1101 4075/3870/1101
f 4075/3870/1101 4063/4685/1101 4047/374/1101
f 4047/374/1101 4031/2833/1101 4091/440/1101
f 4036/3871/1518 4040/4690/1519 4038/2569/1519
f 4040/3872/1519 4044/3875/1520 4042/3873/1520
f 4044/3875/1520 4048/3876/1521 4046/2714/1521
f 4048/3876/1521 4052/2499/1522 4050/2684/1522
f 4052/2499/1522 4056/2501/1523 4054/2682/1523
f 4056/2501/1523 4060/4691/1524 4058/3877/1524
f 4060/2645/1524 4064/2762/1526 4062/3878/1525
f 4064/2762/1526 4068/2771/1527 4066/3880/1527
f 4068/2771/1527 4072/2776/1528 4070/3881/1528
f 4070/3881/1528 4072/2776/1528 4076/2782/1529
f 4076/2782/1529 4080/2786/1530 4078/3883/1530
f 4078/3877/1530 4080/4691/1530 4084/2799/1531
f 4084/2799/1531 4088/2801/1532 4086/2796/1532
f 4086/2796/1532 4088/2801/1532 4092/2806/1533
f 4092/2806/1533 4096/4692/1534 4094/3885/1534
f 4094/3885/1534 4096/4692/1534 4100/3886/1535
f 4100/3888/1535 4104/4682/1536 4102/2832/1536
f 4137/305/1125 4141/2846/1125 4145/2853/1125
f 4145/2853/1125 4149/2857/1125 4153/2864/1125
f 4153/2864/1125 4157/2863/1125 4161/344/1125
f 4161/344/1125 4165/4190/1125 4169/4189/1125
f 4169/4189/1125 4173/4693/1125 4177/4188/1125
f 4177/4188/1125 4105/4694/1125 4109/4695/1125
f 4109/4695/1125 4113/4696/1125 4117/3889/1125
f 4117/3889/1125 4121/4697/1125 4125/2761/1125
f 4125/2761/1125 4129/136/1125 4133/2836/1125
f 4133/2836/1125 4137/305/1125 4145/2853/1125
f 4145/2853/1125 4153/2864/1125 4161/344/1125
f 4161/344/1125 4169/4189/1125 4177/4188/1125
f 4177/4188/1125 4109/4695/1125 4117/3889/1125
f 4117/3889/1125 4125/2761/1125 4133/2836/1125
f 4133/2836/1125 4145/2853/1125 4161/344/1125
f 4161/344/1125 4177/4188/1125 4117/3889/1125
f 4108/3890/1537 4112/3893/1538 4110/2765/1538
f 4180/3891/1557 4108/3890/1537 4106/2809/1537
f 4131/4182/1123 4127/4698/1123 4123/2813/1123
f 4123/2813/1123 4119/2693/1123 4115/2661/1123
f 4115/2661/1123 4111/2660/1123 4107/2788/1123
f 4107/2788/1123 4179/2896/1126 4175/2891/1123
f 4175/2891/1123 4171/2886/1123 4167/2885/1123
f 4167/2885/1123 4163/4699/1123 4159/4700/1123
f 4159/4700/1123 4155/4179/1123 4151/3892/1123
f 4151/3892/1123 4147/4701/1123 4143/4702/1123
f 4143/4702/1123 4139/4703/1126 4135/3099/1123
f 4135/3099/1123 4131/4182/1123 4123/2813/1123
f 4123/2813/1123 4115/2661/1123 4107/2788/1123
f 4107/2788/1123 4175/2891/1123 4167/2885/1123
f 4167/2885/1123 4159/4700/1123 4151/3892/1123
f 4151/3892/1123 4143/4702/1123 4135/3099/1123
f 4135/3099/1123 4123/2813/1123 4107/2788/1123
f 4107/2788/1123 4167/2885/1123 4151/3892/1123
f 4112/3893/1538 4116/4704/1539 4114/2673/1539
f 4116/3894/1539 4120/4705/1540 4118/2829/1540
f 4118/2829/1540 4120/4705/1540 4124/2779/1541
f 4124/2779/1541 4128/2535/1542 4126/2791/1542
f 4126/2791/1542 4128/2535/1542 4132/2537/1543
f 4130/3896/1543 4132/2537/1543 4136/3897/1545
f 4134/3899/1544 4136/2719/1545 4140/2837/1546
f 4140/2837/1546 4144/2843/1547 4142/3901/1547
f 4144/2843/1547 4148/2848/1548 4146/3902/1548
f 4148/2848/1548 4152/2855/1549 4150/3903/1549
f 4150/3903/1549 4152/2855/1549 4156/2858/1551
f 4154/3905/1550 4156/3897/1551 4160/3906/1552
f 4158/3907/1552 4160/3906/1552 4164/2872/1553
f 4162/2791/1553 4164/2872/1553 4168/2877/1554
f 4166/2793/1554 4168/2877/1554 4172/3908/1555
f 4170/3909/1555 4172/3908/1555 4176/3910/1556
f 4176/3912/1556 4180/3891/1557 4178/2898/1557
f 4221/2917/1152 4225/2923/1152 4229/2929/1152
f 4229/2929/1152 4233/251/1152 4237/262/1152
f 4237/262/1152 4241/4170/1152 4245/3913/1152
f 4245/3913/1152 4249/4706/1152 4253/4707/1152
f 4253/4707/1152 4181/4708/1152 4185/4167/1152
f 4185/4167/1152 4189/4709/1152 4193/4710/1152
f 4193/4710/1152 4197/4164/1152 4201/2834/1152
f 4201/2834/1152 4205/2724/1152 4209/2901/1152
f 4209/2901/1152 4213/2909/1152 4217/2913/1152
f 4217/2913/1152 4221/2917/1152 4229/2929/1152
f 4229/2929/1152 4237/262/1152 4245/3913/1152
f 4245/3913/1152 4253/4707/1152 4185/4167/1152
f 4185/4167/1152 4193/4710/1152 4201/2834/1152
f 4201/2834/1152 4209/2901/1152 4217/2913/1152
f 4217/2913/1152 4229/2929/1152 4245/3913/1152
f 4245/3913/1152 4185/4167/1152 4201/2834/1152
f 4182/2883/1558 4184/4711/1558 4188/3914/1559
f 4256/3915/1576 4184/4711/1558 4182/2883/1558
f 4207/4156/1150 4203/4155/1150 4199/2878/1150
f 4199/2878/1150 4195/207/1150 4191/113/1150
f 4191/113/1150 4187/2679/1150 4183/2960/1150
f 4183/2960/1150 4255/2957/1150 4251/2952/1150
f 4251/2952/1150 4247/2947/1150 4243/272/1150
f 4243/272/1150 4239/4712/1150 4235/4713/1150
f 4235/4713/1150 4231/4161/1150 4227/3916/1150
f 4227/3916/1150 4223/4714/1150 4219/4715/1150
f 4219/4715/1150 4215/4716/1150 4211/3917/1150
f 4211/3917/1150 4207/4156/1150 4199/2878/1150
f 4199/2878/1150 4191/113/1150 4183/2960/1150
f 4183/2960/1150 4251/2952/1150 4243/272/1150
f 4243/272/1150 4235/4713/1150 4227/3916/1150
f 4227/3916/1150 4219/4715/1150 4211/3917/1150
f 4211/3917/1150 4199/2878/1150 4183/2960/1150
f 4183/2960/1150 4243/272/1150 4227/3916/1150
f 4188/3914/1559 4192/4717/1560 4190/2821/1560
f 4190/3918/1560 4192/4718/1560 4196/3919/1561
f 4196/3919/1561 4200/4134/1562 4198/2862/1562
f 4198/2862/1562 4200/4134/1562 4204/2768/1563
f 4202/2860/1563 4204/2768/1563 4208/2770/1564
f 4208/2770/1564 4212/4719/1565 4210/3921/1565
f 4212/2818/1565 4216/2903/1566 4214/3922/1566
f 4214/3922/1566 4216/2903/1566 4220/2911/1567
f 4220/2911/1567 4224/2915/1568 4222/3925/1568
f 4224/2915/1568 4228/2920/1569 4226/3926/1569
f 4226/3926/1569 4228/2920/1569 4232/2924/1570
f 4232/3928/1570 4236/2935/1571 4234/3920/1571
f 4236/2935/1571 4240/2937/1572 4238/2940/1572
f 4238/2940/1572 4240/2937/1572 4244/2942/1573
f 4244/2942/1573 4248/3931/1574 4246/3930/1574
f 4248/3931/1574 4252/4720/1575 4250/3932/1575
f 4252/3933/1575 4256/3915/1576 4254/2954/1576
f 4261/4721/1173 4265/2804/1173 4269/2803/1173
f 4269/2803/1173 4273/4139/1173 4277/2902/1173
f 4277/2902/1173 4281/2639/1173 4285/2638/1173
f 4285/2638/1173 4289/2967/1173 4293/2971/1173
f 4293/2971/1173 4297/2975/1173 4301/2974/1173
f 4301/2974/1173 4305/2979/1173 4309/2982/1173
f 4309/2982/1173 4313/178/1173 4317/2995/1173
f 4317/2995/1173 4321/195/1173 4325/4142/1173
f 4325/4142/1173 4329/4722/1173 4257/3934/1173
f 4257/3934/1173 4261/4721/1173 4269/2803/1173
f 4269/2803/1173 4277/2902/1173 4285/2638/1173
f 4285/2638/1173 4293/2971/1173 4301/2974/1173
f 4301/2974/1173 4309/2982/1173 4317/2995/1173
f 4317/2995/1173 4325/4142/1173 4257/3934/1173
f 4257/3934/1173 4269/2803/1173 4285/2638/1173
f 4285/2638/1173 4301/2974/1173 4317/2995/1173
f 4260/3935/1577 4264/3938/1578 4262/2905/1578
f 4332/3936/1599 4260/3935/1577 4258/2943/1577
f 4307/2984/1171 4303/4723/1171 4299/4724/1171
f 4299/4724/1171 4295/4725/1171 4291/4726/1171
f 4291/4726/1171 4287/2870/1171 4283/3937/1171
f 4283/3937/1171 4279/2919/1171 4275/91/1171
f 4275/91/1171 4271/2847/1171 4267/2747/1171
f 4267/2747/1171 4263/2927/1171 4259/2926/1171
f 4259/2926/1171 4331/3005/1171 4327/3000/1171
f 4327/3000/1171 4323/2996/1171 4319/191/1171
f 4319/191/1171 4315/2994/1171 4311/2985/1171
f 4311/2985/1171 4307/2984/1171 4299/4724/1171
f 4299/4724/1171 4291/4726/1171 4283/3937/1171
f 4283/3937/1171 4275/91/1171 4267/2747/1171
f 4267/2747/1171 4259/2926/1171 4327/3000/1171
f 4327/3000/1171 4319/191/1171 4311/2985/1171
f 4311/2985/1171 4299/4724/1171 4283/3937/1171
f 4283/3937/1171 4267/2747/1171 4327/3000/1171
f 4264/3938/1578 4268/4727/1579 4266/3939/1579
f 4266/3940/1579 4268/4728/1579 4272/3941/1580
f 4270/3942/1580 4272/3941/1580 4276/3943/1581
f 4276/3943/1581 4280/2741/1583 4278/2930/1582
f 4280/2741/1583 4284/2743/1584 4282/3944/1584
f 4284/2743/1584 4288/4729/1585 4286/3945/1585
f 4288/2963/1585 4292/2965/1587 4290/3946/1586
f 4292/2965/1587 4296/2968/1589 4294/3948/1588
f 4294/3948/1588 4296/2968/1589 4300/2972/1591
f 4300/2972/1591 4304/2977/1592 4302/3950/1592
f 4302/3950/1592 4304/2977/1592 4308/2980/1593
f 4306/3952/1593 4308/4730/1593 4312/3953/1594
f 4310/3954/1594 4312/3953/1594 4316/2987/1595
f 4316/2987/1595 4320/3956/1596 4318/3955/1596
f 4320/3956/1596 4324/3958/1597 4322/3957/1597
f 4324/3958/1597 4328/4731/1598 4326/3959/1598
f 4326/3004/1598 4328/4732/1598 4332/3936/1599
