# Blender 5.2.0 LTS
# www.blender.org
o Backdrop_FloatRing
v 15.487077 -0.000000 5.399612
v 15.000000 -0.000000 4.949612
v -19.056252 -7.000000 12.056442
v -19.056252 -7.000000 12.056442
v -14.994707 4.605331 -22.630913
v -15.556442 4.949747 -22.556253
v -15.556442 4.949747 -22.556253
v -12.241851 -0.000000 -10.915238
v -14.004235 -4.605333 -11.645242
v -11.964059 -0.000000 -10.313097
v -11.964059 -0.000000 -10.313097
v -23.979784 -0.000001 -16.343580
v -22.391693 -6.512923 -3.430444
v -22.219486 -6.999999 -3.846190
v -22.219486 -6.999999 -3.846190
v -16.343576 0.000001 -23.979784
v -22.630913 -4.605332 -14.994710
v -22.556252 -4.949746 -15.556445
v -22.556252 -4.949746 -15.556445
v -11.645245 4.605333 -14.004237
v -18.136919 -4.605331 -1.668059
v -16.374537 0.000000 -0.938056
v -15.752327 0.000000 -1.167406
v -15.752327 0.000000 -1.167406
v -1.668061 4.605332 -18.136917
v -13.407627 6.512924 -18.259010
v -12.991881 7.000000 -18.431217
v -12.991881 7.000000 -18.431217
v -3.430443 6.512923 -22.391689
v -3.846189 7.000000 -22.219482
v -3.846189 7.000000 -22.219482
v -15.170011 4.605333 -22.513783
v -14.886066 4.949748 -23.004189
v -14.886066 4.949748 -23.004189
v -22.391693 -6.512924 3.430445
v -26.646465 -4.605332 5.192831
v -26.792456 -4.949748 5.740378
v -26.792456 -4.949748 5.740378
v -22.219486 -7.000000 3.846191
v -22.219486 -7.000000 3.846191
v -5.192826 4.605332 -26.646461
v -5.740374 4.949747 -26.792454
v -5.740374 4.949747 -26.792454
v -7.132914 -0.000000 -14.769117
v -8.481786 -4.605333 -16.117989
v -7.106697 -0.000000 -14.106503
v -7.106697 -0.000000 -14.106503
v -15.900015 0.000000 -24.276167
v -19.374453 -6.512923 -11.738247
v -19.056255 -7.000000 -12.056445
v -19.056255 -7.000000 -12.056445
v -5.922830 -0.000000 -28.408848
v -15.170012 -4.605332 -22.513783
v -14.886067 -4.949747 -23.004189
v -14.886067 -4.949747 -23.004189
v -5.399612 4.605334 -17.394669
v -16.117992 -4.605332 -8.481785
v -14.769121 0.000000 -7.132914
v -14.106508 0.000001 -7.106697
v -14.106508 0.000001 -7.106697
v 5.399612 4.605333 -17.394667
v -5.399612 6.512924 -22.000000
v -4.949612 7.000000 -22.000000
v -4.949612 7.000000 -22.000000
v 5.399613 6.512923 -22.000000
v 4.949613 7.000000 -22.000000
v 4.949613 7.000000 -22.000000
v -5.399611 4.605334 -26.605333
v -22.000000 -6.512924 -5.399612
v -26.605333 -4.605334 -5.399611
v -22.000000 -7.000000 -4.949612
v -22.000000 -7.000000 -4.949612
v 5.399613 4.605333 -26.605331
v -0.938058 -0.000000 -16.374533
v -1.668061 -4.605333 -18.136917
v -1.167408 -0.000001 -15.752324
v -1.167408 -0.000001 -15.752324
v -5.399612 0.000000 -28.512922
v -4.949612 0.000000 -29.000000
v -4.949612 0.000000 -29.000000
v -13.407629 -6.512923 -18.259010
v -12.991883 -7.000001 -18.431217
v -12.991883 -7.000001 -18.431217
v 5.399613 -0.000000 -28.512922
v 4.949613 -0.000000 -29.000000
v 4.949613 -0.000000 -29.000000
v -5.399612 -4.605333 -26.605333
v 1.668061 4.605333 -18.136921
v 1.952004 4.949748 -17.646515
v 1.952004 4.949748 -17.646515
v -11.645246 -4.605332 -14.004236
v -10.915242 0.000000 -12.241852
v -10.313101 -0.000000 -11.964059
v -10.313101 -0.000000 -11.964059
v 11.645243 4.605332 -14.004235
v 11.097695 4.949747 -13.858245
v 11.097695 4.949747 -13.858245
v 3.430446 6.512924 -22.391693
v 3.846191 7.000001 -22.219486
v 3.846191 7.000001 -22.219486
v 13.407627 6.512923 -18.259007
v 12.991881 7.000000 -18.431213
v 12.991881 7.000000 -18.431213
v 5.192830 4.605332 -26.646465
v -18.259007 -6.512924 -13.407627
v -22.513779 -4.605333 -15.170012
v -18.431213 -7.000000 -12.991881
v -18.431213 -7.000000 -12.991881
v 15.170013 4.605331 -22.513781
v 5.399612 -0.000000 -15.487077
v 5.399611 -4.605334 -17.394667
v 4.949612 -0.000000 -15.000000
v 4.949612 -0.000000 -15.000000
v 5.922833 0.000000 -28.408850
v 6.524975 0.000000 -28.686642
v 6.524975 0.000000 -28.686642
v -5.399613 -6.512923 -22.000000
v -4.949613 -7.000000 -22.000000
v -4.949613 -7.000000 -22.000000
v 15.900015 -0.000000 -24.276163
v 15.670666 -0.000001 -24.898373
v 15.670666 -0.000001 -24.898373
v 5.192830 -4.605331 -26.646465
v 8.481786 4.605333 -16.117989
v 16.117992 4.605332 -8.481785
v -5.399613 -4.605333 -17.394669
v -5.399613 0.000000 -15.487077
v -4.949613 0.000000 -15.000000
v -4.949613 0.000000 -15.000000
v 11.738246 6.512924 -19.374451
v 12.056444 7.000000 -19.056253
v 12.056444 7.000000 -19.056253
v 19.374453 6.512923 -11.738247
v 19.056255 7.000000 -12.056445
v 19.056255 7.000000 -12.056445
v 14.994707 4.605332 -22.630913
v 15.556443 4.949748 -22.556253
v 15.556443 4.949748 -22.556253
v 10.915238 -0.000000 -12.241851
v 11.645243 -4.605333 -14.004235
v 10.313097 -0.000000 -11.964059
v 10.313097 -0.000000 -11.964059
v 22.630913 4.605332 -14.994710
v 22.556252 4.949746 -15.556445
v 22.556252 4.949746 -15.556445
v -11.738246 -6.512924 -19.374451
v -14.994707 -4.605332 -22.630913
v -15.556443 -4.949748 -22.556253
v -15.556443 -4.949748 -22.556253
v -12.056444 -7.000000 -19.056253
v -12.056444 -7.000000 -19.056253
v 16.343576 -0.000001 -23.979784
v 23.979784 0.000001 -16.343580
v 3.430444 -6.512923 -22.391693
v 3.846190 -6.999999 -22.219486
v 3.846190 -6.999999 -22.219486
v 14.994707 -4.605331 -22.630913
v 15.556442 -4.949747 -22.556253
v 15.556442 -4.949747 -22.556253
v 14.004235 4.605333 -11.645242
v -3.430444 -6.512924 -22.391689
v -5.192827 -4.605333 -26.646461
v -5.740375 -4.949748 -26.792454
v -5.740375 -4.949748 -26.792454
v -3.846190 -7.000000 -22.219482
v -3.846190 -7.000000 -22.219482
v 18.136919 4.605331 -1.668059
v 18.259007 6.512924 -13.407627
v 18.431213 7.000000 -12.991881
v 18.431213 7.000000 -12.991881
v 22.391693 6.512923 -3.430444
v 22.219486 6.999999 -3.846190
v 22.219486 6.999999 -3.846190
v 13.407627 -6.512924 -18.259007
v 15.170012 -4.605333 -22.513779
v 12.991881 -7.000000 -18.431213
v 12.991881 -7.000000 -18.431213
v 22.513779 4.605333 -15.170012
v 1.668060 -4.605332 -18.136921
v 0.938056 0.000000 -16.374537
v 1.167406 0.000000 -15.752327
v 1.167406 0.000000 -15.752327
v 26.646465 4.605331 -5.192830
v 14.769121 -0.000000 -7.132914
v 16.117990 -4.605333 -8.481785
v 14.106508 -0.000001 -7.106697
v 14.106508 -0.000001 -7.106697
v 24.276163 0.000000 -15.900015
v 24.898373 0.000001 -15.670666
v 24.898373 0.000001 -15.670666
v 11.738245 -6.512923 -19.374451
v 12.056443 -7.000000 -19.056253
v 12.056443 -7.000000 -19.056253
v 28.408848 -0.000000 -5.922833
v 28.686642 -0.000000 -6.524975
v 28.686642 -0.000000 -6.524975
v 22.513781 -4.605331 -15.170014
v 17.394669 4.605334 -5.399612
v 17.394667 4.605333 5.399612
v 8.481785 -4.605332 -16.117989
v 7.132914 0.000000 -14.769117
v 7.106697 0.000000 -14.106503
v 7.106697 0.000000 -14.106503
v 22.000000 6.512924 -5.399612
v 22.000000 7.000000 -4.949612
v 22.000000 7.000000 -4.949612
v 22.000000 6.512923 5.399613
v 22.000000 7.000000 4.949613
v 22.000000 7.000000 4.949613
v 26.605333 4.605334 -5.399611
v 16.374537 -0.000000 -0.938056
v 18.136921 -4.605333 -1.668060
v 15.752327 -0.000000 -1.167406
v 15.752327 -0.000000 -1.167406
v 26.605331 4.605333 5.399613
v 28.512922 0.000000 -5.399612
v 29.000000 0.000000 -4.949612
v 29.000000 0.000000 -4.949612
v 5.399612 -6.512924 -22.000000
v 5.399612 -4.605334 -26.605331
v 4.949612 -7.000000 -22.000000
v 4.949612 -7.000000 -22.000000
v 28.512922 -0.000000 5.399613
v 29.000000 -0.000000 4.949613
v 29.000000 -0.000000 4.949613
v 18.259007 -6.512923 -13.407627
v 18.431213 -7.000000 -12.991881
v 18.431213 -7.000000 -12.991881
v 26.605333 -4.605333 -5.399612
v 19.374453 -6.512924 -11.738248
v 22.630913 -4.605333 -14.994710
v 22.556253 -4.949748 -15.556447
v 22.556253 -4.949748 -15.556447
v 19.056255 -7.000000 -12.056446
v 19.056255 -7.000000 -12.056446
v 26.605331 -4.605334 5.399612
v 22.000000 -6.512923 -5.399613
v 22.000000 -7.000000 -4.949613
v 22.000000 -7.000000 -4.949613
v 14.004235 -4.605332 -11.645243
v 12.241851 0.000000 -10.915238
v 11.964059 0.000000 -10.313097
v 11.964059 0.000000 -10.313097
v 22.000000 -6.512924 5.399612
v 22.000000 -7.000000 4.949612
v 22.000000 -7.000000 4.949612
v 17.394669 -4.605333 -5.399613
v 15.487077 0.000000 -5.399613
v 15.000000 0.000000 -4.949613
v 15.000000 0.000000 -4.949613
v 15.487077 -0.000000 5.399612
v 17.394667 -4.605334 5.399611
v 15.000000 -0.000000 4.949612
v 15.000000 -0.000000 4.949612
v 22.391693 -6.512924 -3.430445
v 26.646465 -4.605332 -5.192830
v 22.219486 -7.000001 -3.846191
v 22.219486 -7.000001 -3.846191
v 15.487077 0.000000 -5.399613
v 15.000000 0.000000 -4.949613
v 17.394667 -4.605334 5.399611
v 16.878044 -4.534002 4.949612
v 17.465998 -5.121955 4.949612
v 17.394669 -4.605333 -5.399613
v 17.466000 -5.121955 -4.949614
v 16.878046 -4.534001 -4.949614
v 22.000000 -6.512924 5.399612
v 22.000000 -7.000000 4.949612
v 22.000000 -6.512923 -5.399613
v 22.000000 -7.000000 -4.949613
v 26.605331 -4.605334 5.399612
v 26.534000 -5.121956 4.949613
v 27.121954 -4.534002 4.949613
v 26.605333 -4.605333 -5.399612
v 27.121956 -4.534001 -4.949613
v 26.534002 -5.121954 -4.949613
v 28.512922 -0.000000 5.399613
v 29.000000 -0.000000 4.949613
v 28.512922 0.000000 -5.399612
v 29.000000 0.000000 -4.949612
v 26.605331 4.605333 5.399613
v 27.121954 4.534001 4.949614
v 26.534000 5.121954 4.949614
v 26.605333 4.605334 -5.399611
v 26.534002 5.121956 -4.949612
v 27.121956 4.534002 -4.949612
v 22.000000 6.512923 5.399613
v 22.000000 7.000000 4.949613
v 22.000000 6.512924 -5.399612
v 22.000000 7.000000 -4.949612
v 17.394667 4.605333 5.399612
v 17.465998 5.121955 4.949613
v 16.878044 4.534001 4.949613
v 17.394669 4.605334 -5.399612
v 16.878046 4.534002 -4.949613
v 17.466000 5.121955 -4.949613
v 16.374537 -0.000000 -0.938056
v 15.752327 -0.000000 -1.167406
v 12.241851 0.000000 -10.915238
v 11.964059 0.000000 -10.313097
v 18.136921 -4.605333 -1.668060
v 17.487415 -4.534001 -1.886103
v 18.030615 -5.121955 -2.111103
v 14.004235 -4.605332 -11.645243
v 14.242344 -5.121954 -11.256794
v 13.699146 -4.534001 -11.031795
v 22.391693 -6.512924 -3.430445
v 22.219486 -7.000001 -3.846191
v 18.259007 -6.512923 -13.407627
v 18.431213 -7.000000 -12.991881
v 26.646465 -4.605332 -5.192830
v 26.408356 -5.121956 -5.581278
v 26.951555 -4.534002 -5.806279
v 22.513781 -4.605331 -15.170014
v 23.163284 -4.534000 -14.951970
v 22.620085 -5.121954 -14.726970
v 28.408848 -0.000000 -5.922833
v 28.686642 -0.000000 -6.524975
v 24.276163 0.000000 -15.900015
v 24.898373 0.000001 -15.670666
v 26.646465 4.605331 -5.192830
v 26.951555 4.534001 -5.806278
v 26.408356 5.121954 -5.581277
v 22.513779 4.605333 -15.170012
v 22.620085 5.121955 -14.726969
v 23.163284 4.534002 -14.951969
v 22.391693 6.512923 -3.430444
v 22.219486 6.999999 -3.846190
v 18.259007 6.512924 -13.407627
v 18.431213 7.000000 -12.991881
v 18.136919 4.605331 -1.668059
v 18.030615 5.121954 -2.111102
v 17.487415 4.534001 -1.886101
v 14.004235 4.605333 -11.645242
v 13.699146 4.534002 -11.031793
v 14.242344 5.121955 -11.256792
v 14.769121 -0.000000 -7.132914
v 14.106508 -0.000001 -7.106697
v 7.132914 0.000000 -14.769117
v 7.106697 0.000000 -14.106503
v 16.117990 -4.605333 -8.481785
v 15.434485 -4.534002 -8.434676
v 15.850230 -5.121955 -8.850421
v 8.481785 -4.605332 -16.117989
v 8.850421 -5.121955 -15.850228
v 8.434675 -4.534001 -15.434483
v 19.374453 -6.512924 -11.738248
v 19.056255 -7.000000 -12.056446
v 11.738245 -6.512923 -19.374451
v 12.056443 -7.000000 -19.056253
v 22.630913 -4.605333 -14.994710
v 22.556253 -4.949748 -15.556447
v 14.994707 -4.605331 -22.630913
v 15.556442 -4.949747 -22.556253
v 23.979784 0.000001 -16.343580
v 23.884233 -0.415746 -16.884424
v 23.884233 0.415745 -16.884424
v 16.343576 -0.000001 -23.979784
v 16.884420 0.415746 -23.884233
v 16.884420 -0.415745 -23.884233
v 22.630913 4.605332 -14.994710
v 22.556252 4.949746 -15.556445
v 14.994707 4.605332 -22.630913
v 15.556443 4.949748 -22.556253
v 19.374453 6.512923 -11.738247
v 19.056255 7.000000 -12.056445
v 11.738246 6.512924 -19.374451
v 12.056444 7.000000 -19.056253
v 16.117992 4.605332 -8.481785
v 15.850232 5.121954 -8.850421
v 15.434486 4.534001 -8.434675
v 8.481786 4.605333 -16.117989
v 8.434676 4.534002 -15.434482
v 8.850422 5.121955 -15.850227
v 10.915238 -0.000000 -12.241851
v 10.313097 -0.000000 -11.964059
v 0.938056 0.000000 -16.374537
v 1.167406 0.000000 -15.752327
v 11.645243 -4.605333 -14.004235
v 11.031794 -4.534002 -13.699146
v 11.256793 -5.121955 -14.242344
v 1.668060 -4.605332 -18.136921
v 2.111103 -5.121954 -18.030615
v 1.886102 -4.534001 -17.487415
v 13.407627 -6.512924 -18.259007
v 12.991881 -7.000000 -18.431213
v 3.430444 -6.512923 -22.391693
v 3.846190 -6.999999 -22.219486
v 15.170012 -4.605333 -22.513779
v 14.726969 -5.121955 -22.620085
v 14.951969 -4.534002 -23.163284
v 5.192830 -4.605331 -26.646465
v 5.806277 -4.534001 -26.951555
v 5.581277 -5.121954 -26.408356
v 15.900015 -0.000000 -24.276163
v 15.670666 -0.000001 -24.898373
v 5.922833 0.000000 -28.408850
v 6.524975 0.000000 -28.686642
v 15.170013 4.605331 -22.513781
v 14.951969 4.534000 -23.163284
v 14.726969 5.121954 -22.620085
v 5.192830 4.605332 -26.646465
v 5.581278 5.121956 -26.408356
v 5.806278 4.534002 -26.951555
v 13.407627 6.512923 -18.259007
v 12.991881 7.000000 -18.431213
v 3.430446 6.512924 -22.391693
v 3.846191 7.000001 -22.219486
v 11.645243 4.605332 -14.004235
v 11.097695 4.949747 -13.858245
v 1.668061 4.605333 -18.136921
v 1.952004 4.949748 -17.646515
v 5.399612 -0.000000 -15.487077
v 4.949612 -0.000000 -15.000000
v -5.399613 0.000000 -15.487077
v -4.949613 0.000000 -15.000000
v 5.399611 -4.605334 -17.394667
v 4.949612 -4.534002 -16.878044
v 4.949612 -5.121955 -17.465998
v -5.399613 -4.605333 -17.394669
v -4.949614 -5.121955 -17.466000
v -4.949614 -4.534001 -16.878046
v 5.399612 -6.512924 -22.000000
v 4.949612 -7.000000 -22.000000
v -5.399613 -6.512923 -22.000000
v -4.949613 -7.000000 -22.000000
v 5.399612 -4.605334 -26.605331
v 4.949613 -5.121956 -26.534000
v 4.949613 -4.534002 -27.121954
v -5.399612 -4.605333 -26.605333
v -4.949613 -4.534001 -27.121956
v -4.949613 -5.121954 -26.534002
v 5.399613 -0.000000 -28.512922
v 4.949613 -0.000000 -29.000000
v -5.399612 0.000000 -28.512922
v -4.949612 0.000000 -29.000000
v 5.399613 4.605333 -26.605331
v 4.949614 4.534001 -27.121954
v 4.949614 5.121954 -26.534000
v -5.399611 4.605334 -26.605333
v -4.949612 5.121956 -26.534002
v -4.949612 4.534002 -27.121956
v 5.399613 6.512923 -22.000000
v 4.949613 7.000000 -22.000000
v -5.399612 6.512924 -22.000000
v -4.949612 7.000000 -22.000000
v 5.399612 4.605333 -17.394667
v 4.949613 5.121955 -17.465998
v 4.949613 4.534001 -16.878044
v -5.399612 4.605334 -17.394669
v -4.949613 4.534002 -16.878046
v -4.949613 5.121955 -17.466000
v -0.938058 -0.000000 -16.374533
v -1.167408 -0.000001 -15.752324
v -10.915242 0.000000 -12.241852
v -10.313101 -0.000000 -11.964059
v -1.668061 -4.605333 -18.136917
v -1.886104 -4.534001 -17.487411
v -2.111104 -5.121955 -18.030611
v -11.645246 -4.605332 -14.004236
v -11.256797 -5.121954 -14.242345
v -11.031797 -4.534001 -13.699147
v -3.430444 -6.512924 -22.391689
v -3.846190 -7.000000 -22.219482
v -13.407629 -6.512923 -18.259010
v -12.991883 -7.000001 -18.431217
v -5.192827 -4.605333 -26.646461
v -5.740375 -4.949748 -26.792454
v -15.170012 -4.605332 -22.513783
v -14.886067 -4.949747 -23.004189
v -5.922830 -0.000000 -28.408848
v -6.459070 -0.415747 -28.527542
v -6.459070 0.415745 -28.527542
v -15.900015 0.000000 -24.276167
v -15.604764 0.415746 -24.739275
v -15.604764 -0.415745 -24.739275
v -5.192826 4.605332 -26.646461
v -5.740374 4.949747 -26.792454
v -15.170011 4.605333 -22.513783
v -14.886066 4.949748 -23.004189
v -3.430443 6.512923 -22.391689
v -3.846189 7.000000 -22.219482
v -13.407627 6.512924 -18.259010
v -12.991881 7.000000 -18.431217
v -1.668061 4.605332 -18.136917
v -2.111104 5.121955 -18.030611
v -1.886103 4.534001 -17.487411
v -11.645245 4.605333 -14.004237
v -11.031796 4.534003 -13.699147
v -11.256796 5.121955 -14.242345
v -7.132914 -0.000000 -14.769117
v -7.106697 -0.000000 -14.106503
v -14.769121 0.000000 -7.132914
v -14.106508 0.000001 -7.106697
v -8.481786 -4.605333 -16.117989
v -8.434676 -4.534002 -15.434482
v -8.850422 -5.121955 -15.850227
v -16.117992 -4.605332 -8.481785
v -15.850232 -5.121954 -8.850421
v -15.434486 -4.534001 -8.434675
v -11.738246 -6.512924 -19.374451
v -12.056444 -7.000000 -19.056253
v -19.374453 -6.512923 -11.738247
v -19.056255 -7.000000 -12.056445
v -14.994707 -4.605332 -22.630913
v -15.556443 -4.949748 -22.556253
v -22.630913 -4.605332 -14.994710
v -22.556252 -4.949746 -15.556445
v -16.343576 0.000001 -23.979784
v -16.884420 -0.415746 -23.884233
v -16.884420 0.415745 -23.884233
v -23.979784 -0.000001 -16.343580
v -23.884233 0.415746 -16.884424
v -23.884233 -0.415745 -16.884424
v -14.994707 4.605331 -22.630913
v -15.556442 4.949747 -22.556253
v -22.630913 4.605333 -14.994710
v -22.556253 4.949748 -15.556447
v -11.738245 6.512923 -19.374451
v -12.056443 7.000000 -19.056253
v -19.374453 6.512924 -11.738248
v -19.056255 7.000000 -12.056446
v -8.481785 4.605332 -16.117989
v -8.850421 5.121955 -15.850228
v -8.434675 4.534001 -15.434483
v -16.117990 4.605333 -8.481785
v -15.434485 4.534002 -8.434676
v -15.850230 5.121955 -8.850421
v -12.241851 -0.000000 -10.915238
v -11.964059 -0.000000 -10.313097
v -16.374537 0.000000 -0.938056
v -15.752327 0.000000 -1.167406
v -14.004235 -4.605333 -11.645242
v -13.699146 -4.534002 -11.031793
v -14.242344 -5.121955 -11.256792
v -18.136919 -4.605331 -1.668059
v -18.030615 -5.121954 -2.111102
v -17.487415 -4.534001 -1.886101
v -18.259007 -6.512924 -13.407627
v -18.431213 -7.000000 -12.991881
v -22.391693 -6.512923 -3.430444
v -22.219486 -6.999999 -3.846190
v -22.513779 -4.605333 -15.170012
v -22.620085 -5.121955 -14.726969
v -23.163284 -4.534002 -14.951969
v -26.646465 -4.605331 -5.192830
v -26.951555 -4.534001 -5.806278
v -26.408356 -5.121954 -5.581277
v -24.276163 -0.000000 -15.900015
v -24.898373 -0.000001 -15.670666
v -28.408848 0.000000 -5.922833
v -28.686642 0.000000 -6.524975
v -22.513781 4.605331 -15.170014
v -23.163284 4.534000 -14.951970
v -22.620085 5.121954 -14.726970
v -26.646465 4.605332 -5.192830
v -26.408356 5.121956 -5.581278
v -26.951555 4.534002 -5.806279
v -18.259007 6.512923 -13.407627
v -18.431213 7.000000 -12.991881
v -22.391693 6.512924 -3.430445
v -22.219486 7.000001 -3.846191
v -14.004235 4.605332 -11.645243
v -14.242344 5.121954 -11.256794
v -13.699146 4.534001 -11.031795
v -18.136921 4.605333 -1.668060
v -17.487415 4.534001 -1.886103
v -18.030615 5.121955 -2.111103
v -15.487077 -0.000000 -5.399613
v -15.000000 -0.000000 -4.949613
v -15.487077 0.000000 5.399612
v -15.000000 0.000000 4.949612
v -17.394669 -4.605334 -5.399612
v -16.878046 -4.534002 -4.949613
v -17.466000 -5.121955 -4.949613
v -17.394667 -4.605333 5.399612
v -17.465998 -5.121955 4.949613
v -16.878044 -4.534001 4.949613
v -22.000000 -6.512924 -5.399612
v -22.000000 -7.000000 -4.949612
v -22.000000 -6.512923 5.399613
v -22.000000 -7.000000 4.949613
v -26.605333 -4.605334 -5.399611
v -26.534002 -5.121956 -4.949612
v -27.121956 -4.534002 -4.949612
v -26.605331 -4.605333 5.399613
v -27.121954 -4.534001 4.949614
v -26.534000 -5.121954 4.949614
v -28.512922 -0.000000 -5.399612
v -29.000000 -0.000000 -4.949612
v -28.512922 0.000000 5.399613
v -29.000000 0.000000 4.949613
v -26.605333 4.605333 -5.399612
v -27.121956 4.534001 -4.949613
v -26.534002 5.121954 -4.949613
v -26.605331 4.605334 5.399612
v -26.534000 5.121956 4.949613
v -27.121954 4.534002 4.949613
v -22.000000 6.512923 -5.399613
v -22.000000 7.000000 -4.949613
v -22.000000 6.512924 5.399612
v -22.000000 7.000000 4.949612
v -17.394669 4.605333 -5.399613
v -17.466000 5.121955 -4.949614
v -16.878046 4.534001 -4.949614
v -17.394667 4.605334 5.399611
v -16.878044 4.534002 4.949612
v -17.465998 5.121955 4.949612
v -16.374537 -0.000000 0.938056
v -15.911429 0.415746 1.233306
v -15.911429 -0.415746 1.233306
v -12.241850 0.000000 10.915237
v -12.123157 -0.415745 10.378996
v -12.123157 0.415746 10.378996
v -18.136921 -4.605332 1.668059
v -17.487417 -4.534002 1.886102
v -18.030615 -5.121955 2.111102
v -14.004234 -4.605332 11.645242
v -14.242343 -5.121954 11.256793
v -13.699145 -4.534001 11.031793
v -22.391693 -6.512924 3.430445
v -22.219486 -7.000000 3.846191
v -18.259007 -6.512923 13.407627
v -18.431213 -7.000000 12.991881
v -26.646465 -4.605332 5.192831
v -26.792456 -4.949748 5.740378
v -22.513779 -4.605331 15.170013
v -23.004183 -4.949747 14.886069
v -28.408850 -0.000000 5.922835
v -28.686642 -0.000000 6.524977
v -24.276163 0.000000 15.900017
v -24.898371 0.000001 15.670668
v -26.646465 4.605332 5.192830
v -26.951557 4.534001 5.806279
v -26.408360 5.121954 5.581279
v -22.513779 4.605332 15.170012
v -22.620085 5.121955 14.726970
v -23.163282 4.534002 14.951970
v -22.391693 6.512923 3.430444
v -22.219486 7.000000 3.846190
v -18.259007 6.512924 13.407627
v -18.431213 7.000000 12.991881
v -18.136921 4.605331 1.668059
v -17.646517 4.949747 1.952003
v -14.004235 4.605333 11.645242
v -13.858245 4.949748 11.097693
v -14.769114 -0.000000 7.132915
v -14.106502 -0.000001 7.106699
v -7.132913 0.000000 14.769124
v -7.106696 0.000000 14.106511
v -16.117987 -4.605333 8.481785
v -15.434480 -4.534002 8.434675
v -15.850226 -5.121955 8.850421
v -8.481784 -4.605332 16.117994
v -8.850421 -5.121954 15.850234
v -8.434675 -4.534001 15.434488
v -19.374449 -6.512924 11.738244
v -19.056252 -7.000000 12.056442
v -11.738248 -6.512923 19.374454
v -12.056446 -7.000000 19.056255
v -22.630913 -4.605332 14.994705
v -22.262276 -5.121956 15.262464
v -22.678022 -4.534002 15.678210
v -14.994712 -4.605332 22.630915
v -15.678217 -4.534001 22.678022
v -15.262471 -5.121954 22.262278
v -23.979784 -0.000000 16.343575
v -24.006001 0.000000 17.006186
v -16.343584 0.000000 23.979784
v -17.006199 0.000001 24.006001
v -22.630913 4.605331 14.994705
v -22.556253 4.949747 15.556440
v -14.994713 4.605333 22.630913
v -15.556449 4.949748 22.556252
v -19.374451 6.512923 11.738244
v -19.056253 7.000000 12.056442
v -11.738249 6.512924 19.374453
v -12.056447 7.000000 19.056255
v -16.117987 4.605332 8.481784
v -15.850226 5.121955 8.850420
v -15.434481 4.534001 8.434674
v -8.481785 4.605333 16.117992
v -8.434676 4.534002 15.434487
v -8.850421 5.121955 15.850232
v -10.915236 -0.000000 12.241850
v -10.313094 -0.000000 11.964058
v -0.938055 0.000000 16.374538
v -1.167405 0.000001 15.752332
v -11.645240 -4.605333 14.004234
v -11.031791 -4.534002 13.699145
v -11.256791 -5.121955 14.242343
v -1.668058 -4.605331 18.136921
v -2.111101 -5.121954 18.030617
v -1.886101 -4.534001 17.487417
v -13.407627 -6.512924 18.259007
v -12.991880 -7.000000 18.431213
v -3.430444 -6.512923 22.391695
v -3.846190 -7.000000 22.219488
v -15.170012 -4.605332 22.513779
v -14.726971 -5.121955 22.620085
v -14.951971 -4.534002 23.163282
v -5.192831 -4.605332 26.646465
v -5.806280 -4.534001 26.951557
v -5.581280 -5.121954 26.408360
v -15.900018 -0.000000 24.276163
v -15.670669 -0.000000 24.898369
v -5.922836 0.000000 28.408850
v -6.524978 0.000000 28.686642
v -15.170013 4.605332 22.513777
v -14.951970 4.534001 23.163282
v -14.726970 5.121954 22.620083
v -5.192832 4.605333 26.646465
v -5.581281 5.121955 26.408360
v -5.806281 4.534002 26.951557
v -13.407627 6.512923 18.259005
v -12.991881 7.000000 18.431211
v -3.430446 6.512924 22.391693
v -3.846191 7.000000 22.219486
v -11.645241 4.605332 14.004233
v -11.256793 5.121954 14.242342
v -11.031793 4.534001 13.699144
v -1.668059 4.605333 18.136923
v -1.886102 4.534002 17.487417
v -2.111101 5.121955 18.030615
v -5.399611 -0.000000 15.487075
v -4.949611 0.415746 15.172206
v -4.949611 -0.415746 15.172206
v 5.399614 0.000000 15.487079
v 4.949615 -0.415745 15.172210
v 4.949615 0.415746 15.172210
v -5.399611 -4.605334 17.394667
v -4.949611 -4.949748 17.050251
v 5.399614 -4.605333 17.394670
v 4.949614 -4.949748 17.050255
v -5.399612 -6.512924 21.999998
v -4.949612 -7.000000 21.999998
v 5.399613 -6.512923 22.000002
v 4.949613 -7.000000 22.000002
v -5.399613 -4.605334 26.605330
v -4.949613 -4.949748 26.949745
v 5.399612 -4.605333 26.605333
v 4.949612 -4.949747 26.949749
v -5.399614 -0.000000 28.512920
v -4.949615 -0.415746 28.827791
v -4.949615 0.415745 28.827791
v 5.399611 0.000000 28.512924
v 4.949611 0.415746 28.827795
v 4.949611 -0.415745 28.827795
v -5.399614 4.605333 26.605330
v -4.949614 4.949747 26.949745
v 5.399611 4.605334 26.605333
v 4.949611 4.949748 26.949749
v -5.399613 6.512923 21.999998
v -4.949613 7.000000 21.999998
v 5.399612 6.512924 22.000002
v 4.949612 7.000000 22.000002
v -5.399612 4.605333 17.394667
v -4.949612 4.949747 17.050251
v 5.399613 4.605334 17.394670
v 4.949613 4.949748 17.050255
v 0.938056 -0.000000 16.374535
v 1.233307 0.415745 15.911426
v 1.233307 -0.415746 15.911426
v 10.915239 0.000000 12.241851
v 10.378999 -0.415745 12.123158
v 10.378999 0.415746 12.123158
v 1.668060 -4.605332 18.136919
v 1.952004 -4.949749 17.646513
v 11.645244 -4.605332 14.004235
v 11.097696 -4.949747 13.858245
v 3.430445 -6.512924 22.391691
v 3.846190 -7.000000 22.219484
v 13.407628 -6.512923 18.259008
v 12.991882 -7.000000 18.431215
v 5.192829 -4.605332 26.646463
v 5.740376 -4.949748 26.792454
v 15.170012 -4.605331 22.513781
v 14.886068 -4.949747 23.004185
v 5.922832 -0.000003 28.408848
v 6.459073 -0.415747 28.527542
v 6.459072 0.415745 28.527542
v 15.900015 0.000000 24.276165
v 15.604764 0.415746 24.739273
v 15.604764 -0.415745 24.739273
v 5.192828 4.605332 26.646463
v 5.740375 4.949746 26.792454
v 15.170012 4.605332 22.513781
v 14.886067 4.949748 23.004185
v 3.430443 6.512923 22.391691
v 3.846189 7.000000 22.219484
v 13.407627 6.512924 18.259008
v 12.991881 7.000000 18.431215
v 1.668060 4.605331 18.136919
v 1.952003 4.949747 17.646515
v 11.645243 4.605333 14.004236
v 11.097695 4.949749 13.858245
v 7.132914 -0.000000 14.769120
v 7.228466 0.415745 14.228275
v 7.228466 -0.415746 14.228275
v 14.769118 0.000000 7.132914
v 14.228273 -0.415745 7.228466
v 14.228273 0.415746 7.228466
v 8.481786 -4.605333 16.117990
v 8.556444 -4.949749 15.556252
v 16.117989 -4.605332 8.481784
v 15.556252 -4.949747 8.556444
v 11.738247 -6.512924 19.374451
v 12.056445 -7.000000 19.056253
v 19.374451 -6.512923 11.738246
v 19.056253 -7.000000 12.056444
v 14.994709 -4.605332 22.630913
v 15.556445 -4.949748 22.556253
v 22.630913 -4.605331 14.994708
v 22.556252 -4.949746 15.556442
v 16.343580 -0.000000 23.979784
v 16.884422 -0.415746 23.884233
v 16.884422 0.415745 23.884233
v 23.979784 0.000000 16.343578
v 23.884233 0.415746 16.884420
v 23.884233 -0.415745 16.884420
v 14.994709 4.605332 22.630913
v 15.556444 4.949746 22.556252
v 22.630913 4.605332 14.994708
v 22.556253 4.949748 15.556444
v 11.738246 6.512923 19.374453
v 12.056444 7.000000 19.056255
v 19.374451 6.512924 11.738246
v 19.056253 7.000000 12.056444
v 8.481784 4.605332 16.117990
v 8.556444 4.949747 15.556254
v 16.117989 4.605332 8.481784
v 15.556252 4.949748 8.556445
v 12.241851 -0.000000 10.915241
v 11.964059 -0.000000 10.313100
v 16.374535 0.000000 0.938058
v 15.752327 0.000001 1.167408
v 14.004236 -4.605333 11.645244
v 13.699147 -4.534002 11.031796
v 14.242345 -5.121955 11.256795
v 18.136919 -4.605332 1.668061
v 18.030613 -5.121955 2.111104
v 17.487413 -4.534001 1.886103
v 18.259008 -6.512924 13.407627
v 18.431215 -7.000000 12.991881
v 22.391691 -6.512923 3.430444
v 22.219484 -7.000000 3.846189
v 22.513781 -4.605333 15.170012
v 23.004187 -4.949748 14.886067
v 26.646463 -4.605331 5.192828
v 26.792454 -4.949747 5.740375
v 24.276165 -0.000000 15.900015
v 24.739273 -0.415746 15.604764
v 24.739273 0.415745 15.604764
v 28.408848 0.000000 5.922831
v 28.527542 0.415747 6.459072
v 28.527542 -0.415745 6.459071
v 22.513781 4.605332 15.170012
v 23.163286 4.534000 14.951968
v 22.620087 5.121954 14.726969
v 26.646463 4.605332 5.192828
v 26.408354 5.121956 5.581276
v 26.951553 4.534002 5.806276
v 18.259008 6.512923 13.407628
v 18.431215 7.000000 12.991882
v 22.391691 6.512924 3.430445
v 22.219484 7.000000 3.846190
v 14.004236 4.605332 11.645245
v 13.858246 4.949747 11.097697
v 18.136919 4.605333 1.668061
v 17.646513 4.949748 1.952005
v -22.630913 -4.605332 14.994705
v -19.374449 -6.512924 11.738244
v -22.556253 4.949748 -15.556447
v -22.556253 4.949748 -15.556447
v -22.630913 4.605333 -14.994710
v -12.056443 7.000000 -19.056253
v -12.056443 7.000000 -19.056253
v -11.738245 6.512923 -19.374451
v -19.056255 7.000000 -12.056446
v -19.056255 7.000000 -12.056446
v -19.374453 6.512924 -11.738248
v -8.481785 4.605332 -16.117989
v -15.000000 0.000000 4.949612
v -15.000000 0.000000 4.949612
v -15.487077 0.000000 5.399612
v -17.394667 -4.605333 5.399612
v -16.117990 4.605333 -8.481785
v -26.646465 -4.605331 -5.192830
v -24.898373 -0.000001 -15.670666
v -24.898373 -0.000001 -15.670666
v -24.276163 -0.000000 -15.900015
v -22.000000 -7.000000 4.949613
v -22.000000 -7.000000 4.949613
v -22.000000 -6.512923 5.399613
v -28.686642 0.000000 -6.524975
v -28.686642 0.000000 -6.524975
v -28.408848 0.000000 -5.922833
v -15.000000 -0.000000 -4.949613
v -15.000000 -0.000000 -4.949613
v -17.394669 -4.605334 -5.399612
v -15.487077 -0.000000 -5.399613
v -22.513781 4.605331 -15.170014
v -12.991880 -7.000000 18.431213
v -12.991880 -7.000000 18.431213
v -15.170012 -4.605332 22.513779
v -13.407627 -6.512924 18.259007
v -26.646465 4.605332 -5.192830
v -18.431213 7.000000 -12.991881
v -18.431213 7.000000 -12.991881
v -18.259007 6.512923 -13.407627
v -22.219486 7.000001 -3.846191
v -22.219486 7.000001 -3.846191
v -22.391693 6.512924 -3.430445
v -14.004235 4.605332 -11.645243
v -12.241850 0.000000 10.915237
v -14.004234 -4.605332 11.645242
v -18.136921 4.605333 -1.668060
v -26.605331 -4.605333 5.399613
v -29.000000 -0.000000 -4.949612
v -29.000000 -0.000000 -4.949612
v -28.512922 -0.000000 -5.399612
v -18.431213 -7.000000 12.991881
v -18.431213 -7.000000 12.991881
v -18.259007 -6.512923 13.407627
v -29.000000 0.000000 4.949613
v -29.000000 0.000000 4.949613
v -28.512922 0.000000 5.399613
v -18.136921 -4.605332 1.668059
v -16.374537 -0.000000 0.938056
v -26.605333 4.605333 -5.399612
v -4.949612 -7.000000 21.999998
v -4.949612 -7.000000 21.999998
v -4.949613 -4.949748 26.949745
v -4.949613 -4.949748 26.949745
v -5.399613 -4.605334 26.605330
v -5.399612 -6.512924 21.999998
v -26.605331 4.605334 5.399612
v -22.000000 7.000000 -4.949613
v -22.000000 7.000000 -4.949613
v -22.000000 6.512923 -5.399613
v -22.000000 7.000000 4.949612
v -22.000000 7.000000 4.949612
v -22.000000 6.512924 5.399612
v -17.394669 4.605333 -5.399613
v -7.106696 0.000000 14.106511
v -7.106696 0.000000 14.106511
v -7.132913 0.000000 14.769124
v -8.481784 -4.605332 16.117994
v -17.394667 4.605334 5.399611
v -23.004183 -4.949747 14.886069
v -23.004183 -4.949747 14.886069
v -22.513779 -4.605331 15.170013
v -28.686642 -0.000000 6.524977
v -28.686642 -0.000000 6.524977
v -28.408850 -0.000000 5.922835
v -12.056446 -7.000000 19.056255
v -12.056446 -7.000000 19.056255
v -11.738248 -6.512923 19.374454
v -24.898371 0.000001 15.670668
v -24.898371 0.000001 15.670668
v -24.276163 0.000000 15.900017
v -14.106502 -0.000001 7.106699
v -14.106502 -0.000001 7.106699
v -16.117987 -4.605333 8.481785
v -14.769114 -0.000000 7.132915
v -26.646465 4.605332 5.192830
v 3.846190 -7.000000 22.219484
v 3.846190 -7.000000 22.219484
v 5.740376 -4.949748 26.792454
v 5.740376 -4.949748 26.792454
v 5.192829 -4.605332 26.646463
v 3.430445 -6.512924 22.391691
v -22.513779 4.605332 15.170012
v -22.219486 7.000000 3.846190
v -22.219486 7.000000 3.846190
v -22.391693 6.512923 3.430444
v -18.431213 7.000000 12.991881
v -18.431213 7.000000 12.991881
v -18.259007 6.512924 13.407627
v -17.646517 4.949747 1.952003
v -17.646517 4.949747 1.952003
v -18.136921 4.605331 1.668059
v -1.167405 0.000001 15.752332
v -1.167405 0.000001 15.752332
v -0.938055 0.000000 16.374538
v -1.668058 -4.605331 18.136921
v -13.858245 4.949748 11.097693
v -13.858245 4.949748 11.097693
v -14.004235 4.605333 11.645242
v -14.994712 -4.605332 22.630915
v -24.006001 0.000000 17.006186
v -24.006001 0.000000 17.006186
v -23.979784 -0.000000 16.343575
v -3.846190 -7.000000 22.219488
v -3.846190 -7.000000 22.219488
v -3.430444 -6.512923 22.391695
v -17.006199 0.000001 24.006001
v -17.006199 0.000001 24.006001
v -16.343584 0.000000 23.979784
v -10.313094 -0.000000 11.964058
v -10.313094 -0.000000 11.964058
v -11.645240 -4.605333 14.004234
v -10.915236 -0.000000 12.241850
v -22.556253 4.949747 15.556440
v -22.556253 4.949747 15.556440
v -22.630913 4.605331 14.994705
v 12.056445 -7.000000 19.056253
v 12.056445 -7.000000 19.056253
v 15.556445 -4.949748 22.556253
v 15.556445 -4.949748 22.556253
v 14.994709 -4.605332 22.630913
v 11.738247 -6.512924 19.374451
v -15.556449 4.949748 22.556252
v -15.556449 4.949748 22.556252
v -14.994713 4.605333 22.630913
v -19.056253 7.000000 12.056442
v -19.056253 7.000000 12.056442
v -19.374451 6.512923 11.738244
v -12.056447 7.000000 19.056255
v -12.056447 7.000000 19.056255
v -11.738249 6.512924 19.374453
v -16.117987 4.605332 8.481784
v 4.949614 -4.949748 17.050255
v 4.949614 -4.949748 17.050255
v 5.399614 0.000000 15.487079
v 5.399614 -4.605333 17.394670
v -8.481785 4.605333 16.117992
v -5.192831 -4.605332 26.646465
v -15.670669 -0.000000 24.898369
v -15.670669 -0.000000 24.898369
v -15.900018 -0.000000 24.276163
v 4.949613 -7.000000 22.000002
v 4.949613 -7.000000 22.000002
v 5.399613 -6.512923 22.000002
v -6.524978 0.000000 28.686642
v -6.524978 0.000000 28.686642
v -5.922836 0.000000 28.408850
v -4.949611 -4.949748 17.050251
v -4.949611 -4.949748 17.050251
v -5.399611 -4.605334 17.394667
v -5.399611 -0.000000 15.487075
v -15.170013 4.605332 22.513777
v 18.431215 -7.000000 12.991881
v 18.431215 -7.000000 12.991881
v 23.004187 -4.949748 14.886067
v 23.004187 -4.949748 14.886067
v 22.513781 -4.605333 15.170012
v 18.259008 -6.512924 13.407627
v -5.192832 4.605333 26.646465
v -12.991881 7.000000 18.431211
v -12.991881 7.000000 18.431211
v -13.407627 6.512923 18.259005
v -3.846191 7.000000 22.219486
v -3.846191 7.000000 22.219486
v -3.430446 6.512924 22.391693
v -11.645241 4.605332 14.004233
v 11.097696 -4.949747 13.858245
v 11.097696 -4.949747 13.858245
v 10.915239 0.000000 12.241851
v 11.645244 -4.605332 14.004235
v -1.668059 4.605333 18.136923
v 4.949612 -4.949747 26.949749
v 4.949612 -4.949747 26.949749
v 5.399612 -4.605333 26.605333
v -5.399614 -0.000000 28.512920
v 12.991882 -7.000000 18.431215
v 12.991882 -7.000000 18.431215
v 13.407628 -6.512923 18.259008
v 5.399611 0.000000 28.512924
v 1.952004 -4.949749 17.646513
v 1.952004 -4.949749 17.646513
v 1.668060 -4.605332 18.136919
v 0.938056 -0.000000 16.374535
v -4.949614 4.949747 26.949745
v -4.949614 4.949747 26.949745
v -5.399614 4.605333 26.605330
v 4.949611 4.949748 26.949749
v 4.949611 4.949748 26.949749
v 5.399611 4.605334 26.605333
v -4.949613 7.000000 21.999998
v -4.949613 7.000000 21.999998
v -5.399613 6.512923 21.999998
v 4.949612 7.000000 22.000002
v 4.949612 7.000000 22.000002
v 5.399612 6.512924 22.000002
v -4.949612 4.949747 17.050251
v -4.949612 4.949747 17.050251
v -5.399612 4.605333 17.394667
v 15.556252 -4.949747 8.556444
v 15.556252 -4.949747 8.556444
v 14.769118 0.000000 7.132914
v 16.117989 -4.605332 8.481784
v 4.949613 4.949748 17.050255
v 4.949613 4.949748 17.050255
v 5.399613 4.605334 17.394670
v 14.886068 -4.949747 23.004185
v 14.886068 -4.949747 23.004185
v 15.170012 -4.605331 22.513781
v 5.922832 -0.000003 28.408848
v 19.056253 -7.000000 12.056444
v 19.056253 -7.000000 12.056444
v 19.374451 -6.512923 11.738246
v 15.900015 0.000000 24.276165
v 8.556444 -4.949749 15.556252
v 8.556444 -4.949749 15.556252
v 8.481786 -4.605333 16.117990
v 7.132914 -0.000000 14.769120
v 5.740375 4.949746 26.792454
v 5.740375 4.949746 26.792454
v 5.192828 4.605332 26.646463
v 14.886067 4.949748 23.004185
v 14.886067 4.949748 23.004185
v 15.170012 4.605332 22.513781
v 3.846189 7.000000 22.219484
v 3.846189 7.000000 22.219484
v 3.430443 6.512923 22.391691
v 12.991881 7.000000 18.431215
v 12.991881 7.000000 18.431215
v 13.407627 6.512924 18.259008
v 1.952003 4.949747 17.646515
v 1.952003 4.949747 17.646515
v 1.668060 4.605331 18.136919
v 15.752327 0.000001 1.167408
v 15.752327 0.000001 1.167408
v 16.374535 0.000000 0.938058
v 18.136919 -4.605332 1.668061
v 11.097695 4.949749 13.858245
v 11.097695 4.949749 13.858245
v 11.645243 4.605333 14.004236
v 22.556252 -4.949746 15.556442
v 22.556252 -4.949746 15.556442
v 22.630913 -4.605331 14.994708
v 16.343580 -0.000000 23.979784
v 22.219484 -7.000000 3.846189
v 22.219484 -7.000000 3.846189
v 22.391691 -6.512923 3.430444
v 23.979784 0.000000 16.343578
v 11.964059 -0.000000 10.313100
v 11.964059 -0.000000 10.313100
v 14.004236 -4.605333 11.645244
v 12.241851 -0.000000 10.915241
v 15.556444 4.949746 22.556252
v 15.556444 4.949746 22.556252
v 14.994709 4.605332 22.630913
v 22.556253 4.949748 15.556444
v 22.556253 4.949748 15.556444
v 22.630913 4.605332 14.994708
v 12.056444 7.000000 19.056255
v 12.056444 7.000000 19.056255
v 11.738246 6.512923 19.374453
v 19.056253 7.000000 12.056444
v 19.056253 7.000000 12.056444
v 19.374451 6.512924 11.738246
v 8.556444 4.949747 15.556254
v 8.556444 4.949747 15.556254
v 8.481784 4.605332 16.117990
v 15.556252 4.949748 8.556445
v 15.556252 4.949748 8.556445
v 16.117989 4.605332 8.481784
v 26.792454 -4.949747 5.740375
v 26.792454 -4.949747 5.740375
v 26.646463 -4.605331 5.192828
v 24.276165 -0.000000 15.900015
v 28.408848 0.000000 5.922831
v 22.513781 4.605332 15.170012
v 26.646463 4.605332 5.192828
v 18.431215 7.000000 12.991882
v 18.431215 7.000000 12.991882
v 18.259008 6.512923 13.407628
v 22.219484 7.000000 3.846190
v 22.219484 7.000000 3.846190
v 22.391691 6.512924 3.430445
v 13.858246 4.949747 11.097697
v 13.858246 4.949747 11.097697
v 14.004236 4.605332 11.645245
v 17.646513 4.949748 1.952005
v 17.646513 4.949748 1.952005
v 18.136919 4.605333 1.668061
vn -0.0000 -0.0000 1.0000
vn -0.9239 0.3827 -0.0000
vn 0.2706 -0.9239 -0.2706
vn -0.5194 -0.6786 -0.5194
vn 0.1801 0.4798 -0.8587
vn -0.6533 0.3827 -0.6533
vn 0.9080 -0.0000 -0.4189
vn 0.7393 -0.5188 -0.4292
vn 0.8536 -0.3827 0.3536
vn -0.9993 -0.0000 -0.0383
vn -0.2811 -0.6786 0.6786
vn 0.3536 -0.9239 0.1464
vn -0.0383 -0.0000 -0.9993
vn -0.8587 -0.4798 0.1801
vn -0.2706 -0.9239 -0.2706
vn -0.4293 0.5188 0.7393
vn 0.2193 -0.5188 0.8263
vn 0.3459 -0.0000 0.9383
vn 0.8263 0.5188 0.2193
vn -0.6786 0.6786 0.2811
vn -0.1464 0.9239 -0.3536
vn 0.6786 0.6786 -0.2811
vn -0.8622 0.4798 -0.1622
vn -0.3536 0.3827 -0.8536
vn -0.2811 -0.6786 -0.6786
vn -0.7244 -0.4798 -0.4950
vn -0.3536 -0.9239 0.1464
vn 0.3536 -0.9239 -0.1464
vn 0.4950 0.4798 -0.7244
vn 0.9992 -0.0000 -0.0395
vn 0.8473 -0.5188 -0.1136
vn 0.6533 -0.3827 0.6533
vn -0.9085 -0.0000 -0.4178
vn -0.5194 -0.6786 0.5194
vn 0.2706 -0.9239 0.2706
vn 0.3470 -0.0000 -0.9379
vn -0.8622 -0.4798 -0.1622
vn -0.1464 -0.9239 -0.3536
vn -0.6795 0.5188 0.5188
vn -0.1136 -0.5188 0.8473
vn -0.0395 -0.0000 0.9992
vn 0.6795 0.5188 0.5188
vn -0.7345 0.6786 -0.0000
vn -0.0000 0.9239 -0.3827
vn 0.7345 0.6786 -0.0000
vn -0.6795 0.5188 -0.5188
vn -0.0000 -0.6786 -0.7345
vn -0.5188 -0.5188 -0.6795
vn 0.3827 -0.9239 -0.0000
vn 0.6795 0.5188 -0.5188
vn 0.9383 -0.0000 0.3459
vn 0.8263 -0.5188 0.2193
vn 0.3536 -0.3827 0.8536
vn -0.7345 -0.0000 -0.6786
vn -0.0000 -0.3827 -0.9239
vn -0.6786 -0.6786 0.2811
vn 0.1464 -0.9239 0.3536
vn 0.7345 -0.0000 -0.6786
vn -0.6795 -0.5188 -0.5188
vn -0.8622 0.4798 0.1622
vn -0.3536 0.3827 0.8536
vn -0.4293 -0.5188 0.7393
vn -0.4189 -0.0000 0.9080
vn 0.4950 0.4798 0.7244
vn -0.6786 0.6786 -0.2811
vn 0.1464 0.9239 -0.3536
vn 0.6786 0.6786 0.2811
vn -0.4293 0.5188 -0.7393
vn 0.2811 -0.6786 -0.6786
vn -0.2193 -0.5188 -0.8263
vn 0.8263 0.5188 -0.2193
vn 0.7345 -0.0000 0.6786
vn 0.6795 -0.5188 0.5188
vn -0.0000 -0.3827 0.9239
vn -0.4189 -0.0000 -0.9080
vn 0.3536 -0.3827 -0.8536
vn -0.7345 -0.6786 -0.0000
vn -0.0000 -0.9239 0.3827
vn 0.9383 -0.0000 -0.3459
vn -0.4293 -0.5188 -0.7393
vn -0.8473 0.5188 -0.1136
vn 0.1136 0.5188 0.8473
vn -0.6795 -0.5188 0.5188
vn -0.7345 -0.0000 0.6786
vn -0.5194 0.6786 -0.5194
vn 0.2706 0.9239 -0.2706
vn 0.5194 0.6786 0.5194
vn -0.1801 0.4798 -0.8587
vn 0.6533 0.3827 -0.6533
vn 0.4189 -0.0000 0.9080
vn 0.4293 -0.5188 0.7393
vn -0.3536 -0.3827 0.8536
vn 0.8587 0.4798 0.1801
vn 0.5194 -0.6786 -0.5194
vn 0.1801 -0.4798 -0.8587
vn 0.0383 -0.0000 -0.9993
vn 0.9993 -0.0000 -0.0383
vn -0.6786 -0.6786 -0.2811
vn -0.1464 -0.9239 0.3536
vn -0.1801 -0.4798 -0.8587
vn -0.7393 0.5188 -0.4292
vn 0.6786 -0.6786 -0.2811
vn 0.4950 -0.4798 -0.7244
vn -0.2193 0.5188 0.8263
vn -0.2811 0.6786 -0.6786
vn 0.3536 0.9239 -0.1464
vn 0.2811 0.6786 0.6786
vn 0.6786 -0.6786 0.2811
vn 0.8263 -0.5188 -0.2193
vn 0.2193 0.5188 -0.8263
vn -0.8263 -0.5188 0.2193
vn -0.9383 -0.0000 0.3459
vn 0.7393 0.5188 0.4293
vn 0.0395 -0.0000 0.9992
vn 0.1136 -0.5188 0.8473
vn -0.6533 -0.3827 0.6533
vn 0.3459 -0.0000 -0.9383
vn 0.8536 -0.3827 -0.3536
vn -0.2706 -0.9239 0.2706
vn 0.9080 -0.0000 0.4189
vn 0.2193 -0.5188 -0.8263
vn -0.5188 0.5188 -0.6795
vn -0.5188 0.5188 0.6795
vn -0.8473 -0.5188 -0.1136
vn -0.9992 -0.0000 -0.0395
vn -0.0000 0.6786 -0.7345
vn 0.3827 0.9239 -0.0000
vn -0.0000 0.6786 0.7345
vn 0.5188 0.5188 -0.6795
vn -0.3459 -0.0000 0.9383
vn -0.2193 -0.5188 0.8263
vn -0.8536 -0.3827 0.3536
vn 0.5188 0.5188 0.6795
vn 0.6786 -0.0000 -0.7345
vn 0.9239 -0.3827 -0.0000
vn 0.7345 -0.6786 -0.0000
vn 0.6795 -0.5188 -0.5188
vn 0.6786 -0.0000 0.7345
vn 0.5188 -0.5188 -0.6795
vn 0.5194 -0.6786 0.5194
vn 0.8587 -0.4798 0.1801
vn 0.5188 -0.5188 0.6795
vn -0.3827 -0.9239 -0.0000
vn -0.7393 -0.5188 -0.4293
vn -0.9080 -0.0000 -0.4189
vn -0.0000 -0.6786 0.7345
vn -0.6786 -0.0000 -0.7345
vn -0.9239 -0.3827 -0.0000
vn -0.6786 -0.0000 0.7345
vn -0.5188 -0.5188 0.6795
vn 0.2811 -0.6786 0.6786
vn 0.7393 -0.5188 0.4293
vn -0.0000 -0.0000 -1.0000
vn -0.7920 -0.5024 0.3468
vn -0.5024 -0.7920 0.3468
vn -0.5024 -0.7920 -0.3468
vn -0.7920 -0.5024 -0.3468
vn 0.5024 -0.7920 0.3468
vn 0.7920 -0.5024 0.3468
vn 0.7920 -0.5024 -0.3468
vn 0.5024 -0.7920 -0.3468
vn 0.9239 0.3827 -0.0000
vn 0.7920 0.5024 0.3468
vn 0.5024 0.7920 0.3468
vn 0.5024 0.7920 -0.3468
vn 0.7920 0.5024 -0.3468
vn -0.3827 0.9239 -0.0000
vn -0.5024 0.7920 0.3468
vn -0.7920 0.5024 0.3468
vn -0.7920 0.5024 -0.3468
vn -0.5024 0.7920 -0.3468
vn 0.3827 -0.0000 0.9239
vn -0.8536 0.3827 0.3536
vn -0.3827 -0.0000 -0.9239
vn -0.5990 -0.5024 0.6235
vn -0.3314 -0.7920 0.5127
vn -0.5969 -0.7920 -0.1281
vn -0.8645 -0.5024 -0.0173
vn 0.5969 -0.7920 0.1281
vn 0.8645 -0.5024 0.0173
vn 0.5990 -0.5024 -0.6235
vn 0.3314 -0.7920 -0.5127
vn 0.8536 0.3827 -0.3536
vn 0.8645 0.5024 0.0173
vn 0.5969 0.7920 0.1281
vn 0.3314 0.7920 -0.5127
vn 0.5990 0.5024 -0.6235
vn -0.3536 0.9239 0.1464
vn -0.3314 0.7920 0.5127
vn -0.5990 0.5024 0.6235
vn -0.8645 0.5024 -0.0173
vn -0.5969 0.7920 -0.1281
vn 0.7071 -0.0000 0.7071
vn -0.6533 0.3827 0.6533
vn -0.7071 -0.0000 -0.7071
vn -0.3148 -0.5024 0.8053
vn -0.1100 -0.7920 0.6005
vn -0.6005 -0.7920 0.1100
vn -0.8053 -0.5024 0.3148
vn 0.6533 -0.3827 -0.6533
vn 0.8924 -0.2048 -0.4020
vn 0.8924 0.2048 -0.4020
vn 0.4020 0.2048 -0.8924
vn 0.4020 -0.2048 -0.8924
vn -0.2706 0.9239 0.2706
vn -0.1100 0.7920 0.6005
vn -0.3148 0.5024 0.8053
vn -0.8053 0.5024 0.3148
vn -0.6005 0.7920 0.1100
vn 0.9239 -0.0000 0.3827
vn -0.9239 -0.0000 -0.3827
vn 0.0173 -0.5024 0.8645
vn 0.1281 -0.7920 0.5969
vn -0.5127 -0.7920 0.3314
vn -0.6235 -0.5024 0.5990
vn 0.1464 -0.9239 -0.3536
vn 0.5127 -0.7920 -0.3314
vn 0.6235 -0.5024 -0.5990
vn -0.0173 -0.5024 -0.8645
vn -0.1281 -0.7920 -0.5969
vn 0.3536 0.3827 -0.8536
vn 0.6235 0.5024 -0.5990
vn 0.5127 0.7920 -0.3314
vn -0.1281 0.7920 -0.5969
vn -0.0173 0.5024 -0.8645
vn -0.1464 0.9239 0.3536
vn 1.0000 -0.0000 -0.0000
vn -0.0000 0.3827 0.9239
vn -1.0000 -0.0000 -0.0000
vn 0.3468 -0.5024 0.7920
vn 0.3468 -0.7920 0.5024
vn -0.3468 -0.7920 0.5024
vn -0.3468 -0.5024 0.7920
vn -0.0000 -0.9239 -0.3827
vn 0.3468 -0.7920 -0.5024
vn 0.3468 -0.5024 -0.7920
vn -0.3468 -0.5024 -0.7920
vn -0.3468 -0.7920 -0.5024
vn -0.0000 0.3827 -0.9239
vn 0.3468 0.5024 -0.7920
vn 0.3468 0.7920 -0.5024
vn -0.3468 0.7920 -0.5024
vn -0.3468 0.5024 -0.7920
vn -0.0000 0.9239 0.3827
vn 0.3468 0.7920 0.5024
vn 0.3468 0.5024 0.7920
vn -0.3468 0.5024 0.7920
vn -0.3468 0.7920 0.5024
vn 0.9239 -0.0000 -0.3827
vn 0.3536 0.3827 0.8536
vn -0.9239 -0.0000 0.3827
vn 0.6235 -0.5024 0.5990
vn 0.5127 -0.7920 0.3314
vn -0.1281 -0.7920 0.5969
vn -0.0173 -0.5024 0.8645
vn -0.3536 -0.3827 -0.8536
vn -0.0299 -0.2048 -0.9783
vn -0.0299 0.2048 -0.9783
vn -0.6707 0.2048 -0.7129
vn -0.6707 -0.2048 -0.7129
vn 0.1464 0.9239 0.3536
vn 0.5127 0.7920 0.3314
vn 0.6235 0.5024 0.5990
vn -0.0173 0.5024 0.8645
vn -0.1281 0.7920 0.5969
vn 0.7071 -0.0000 -0.7071
vn 0.6533 0.3827 0.6533
vn -0.7071 -0.0000 0.7071
vn 0.8053 -0.5024 0.3148
vn 0.6005 -0.7920 0.1100
vn 0.1100 -0.7920 0.6005
vn 0.3148 -0.5024 0.8053
vn -0.6533 -0.3827 -0.6533
vn -0.4020 -0.2048 -0.8924
vn -0.4020 0.2048 -0.8924
vn -0.8924 0.2048 -0.4020
vn -0.8924 -0.2048 -0.4020
vn -0.2706 0.9239 -0.2706
vn 0.2706 0.9239 0.2706
vn 0.6005 0.7920 0.1100
vn 0.8053 0.5024 0.3148
vn 0.3148 0.5024 0.8053
vn 0.1100 0.7920 0.6005
vn 0.3827 -0.0000 -0.9239
vn 0.8536 0.3827 0.3536
vn -0.3827 -0.0000 0.9239
vn 0.8645 -0.5024 -0.0173
vn 0.5969 -0.7920 -0.1281
vn 0.3314 -0.7920 0.5127
vn 0.5990 -0.5024 0.6235
vn -0.3536 -0.9239 -0.1464
vn -0.3314 -0.7920 -0.5127
vn -0.5990 -0.5024 -0.6235
vn -0.8645 -0.5024 0.0173
vn -0.5969 -0.7920 0.1281
vn -0.8536 0.3827 -0.3536
vn -0.5990 0.5024 -0.6235
vn -0.3314 0.7920 -0.5127
vn -0.5969 0.7920 0.1281
vn -0.8645 0.5024 0.0173
vn 0.3536 0.9239 0.1464
vn 0.5969 0.7920 -0.1281
vn 0.8645 0.5024 -0.0173
vn 0.5990 0.5024 0.6235
vn 0.3314 0.7920 0.5127
vn 0.7129 0.2048 -0.6707
vn 0.7129 -0.2048 -0.6707
vn 0.9783 -0.2048 -0.0299
vn 0.9783 0.2048 -0.0299
vn 0.3148 -0.5024 -0.8053
vn 0.1100 -0.7920 -0.6005
vn 0.6005 -0.7920 -0.1100
vn 0.8053 -0.5024 -0.3148
vn 0.1100 0.7920 -0.6005
vn 0.3148 0.5024 -0.8053
vn 0.8053 0.5024 -0.3148
vn 0.6005 0.7920 -0.1100
vn -0.6235 0.5024 0.5990
vn -0.5127 0.7920 0.3314
vn 0.1281 0.7920 0.5969
vn 0.0173 0.5024 0.8645
vn -0.3468 0.2048 -0.9153
vn -0.3468 -0.2048 -0.9153
vn 0.3468 -0.2048 -0.9153
vn 0.3468 0.2048 -0.9153
vn -0.3468 -0.2048 0.9153
vn -0.3468 0.2048 0.9153
vn 0.3468 0.2048 0.9153
vn 0.3468 -0.2048 0.9153
vn 0.0299 -0.2048 0.9783
vn 0.0299 0.2048 0.9783
vn 0.6707 0.2048 0.7129
vn 0.6707 -0.2048 0.7129
vn 0.4020 -0.2048 0.8924
vn 0.4020 0.2048 0.8924
vn 0.8924 0.2048 0.4020
vn 0.8924 -0.2048 0.4020
vn 0.7129 -0.2048 0.6707
vn 0.7129 0.2048 0.6707
vn 0.9783 0.2048 0.0299
vn 0.9783 -0.2048 0.0299
vn -0.3536 0.9239 -0.1464
vn -0.8473 -0.5188 -0.1137
vn -0.8587 0.4798 0.1801
vn 0.5194 0.6786 -0.5194
vn -0.5194 0.6786 0.5194
vn 0.8473 0.5188 -0.1136
vn -0.1136 0.5188 0.8473
vn -0.7393 -0.5188 0.4293
vn -0.3459 -0.0000 -0.9383
vn -0.8536 -0.3827 -0.3536
vn -0.9080 -0.0000 0.4189
vn -0.2193 0.5188 -0.8263
vn -0.7393 0.5188 0.4293
vn 0.2811 0.6786 -0.6786
vn -0.2811 0.6786 0.6786
vn 0.7393 0.5188 -0.4293
vn 0.9379 -0.0000 0.3470
vn 0.2193 0.5188 0.8263
vn 0.4178 -0.0000 -0.9085
vn -0.7345 -0.4798 0.4798
vn 0.9992 -0.0000 0.0395
vn 0.8473 -0.5188 0.1136
vn -0.1622 -0.4798 0.8622
vn -0.0395 -0.0000 -0.9992
vn -0.1136 -0.5188 -0.8473
vn -0.7393 0.5188 -0.4293
vn -0.4950 -0.4798 0.7244
vn 0.1622 0.4798 -0.8622
vn 0.7244 0.4798 0.4950
vn -0.8587 0.4798 -0.1801
vn -0.1801 -0.4798 0.8587
vn 0.1801 0.4798 0.8587
vn -0.1136 0.5188 -0.8473
vn 0.7345 -0.4798 -0.4798
vn 0.6795 -0.0000 -0.7337
vn 0.8473 0.5188 0.1136
vn -0.7345 -0.4798 -0.4798
vn -0.6795 -0.0000 -0.7337
vn -0.8263 0.5188 0.2193
vn 0.1622 -0.4798 0.8622
vn 0.4293 0.5188 0.7393
vn 0.7345 -0.4798 0.4798
vn -0.6795 -0.0000 0.7337
vn 0.6795 -0.0000 0.7337
vn -0.7345 0.4798 0.4798
vn 0.7345 0.4798 0.4798
vn -0.7345 0.4798 -0.4798
vn 0.7345 0.4798 -0.4798
vn 0.8622 -0.4798 0.1622
vn -0.3470 -0.0000 0.9379
vn 0.9085 -0.0000 0.4178
vn -0.4950 0.4798 0.7244
vn 0.8622 0.4798 0.1622
vn 0.8587 -0.4798 -0.1801
vn 0.0383 -0.0000 0.9993
vn 0.9993 -0.0000 0.0383
vn -0.7393 -0.5188 0.4292
vn -0.1801 0.4798 0.8587
vn 0.8587 0.4798 -0.1801
vn 0.7244 -0.4798 -0.4950
vn 0.4178 -0.0000 0.9085
vn 0.9379 -0.0000 -0.3470
vn -0.7244 0.4798 0.4950
vn -0.1622 0.4798 -0.8622
vt 0.259641 -0.230267
vt 0.279064 -0.256098
vt 0.290314 -0.226700
vt 1.125689 -0.230267
vt 1.158164 -0.226700
vt 1.131004 -0.256098
vt 0.869733 0.269981
vt 0.843902 0.247481
vt 0.873300 0.247481
vt 1.330267 -0.269981
vt 1.326700 -0.247481
vt 1.356098 -0.247481
vt 1.330267 0.269981
vt 1.356098 0.247481
vt 1.326700 0.247481
vt 0.259641 0.230267
vt 0.290314 0.226700
vt 0.279064 0.256098
vt 0.582262 -0.230267
vt 0.562840 -0.256098
vt 0.551590 -0.226700
vt 1.330267 -0.269981
vt 1.356098 -0.247481
vt 1.326700 -0.247481
vt 1.125689 0.230267
vt 1.131004 0.256098
vt 1.158164 0.226700
vt 0.869733 -0.269981
vt 0.873300 -0.247481
vt 0.843902 -0.247481
vt 0.869733 0.269981
vt 0.873300 0.247481
vt 0.843902 0.247481
vt 0.906846 -0.230267
vt 0.874371 -0.226700
vt 0.901531 -0.256098
vt 0.869733 -0.269981
vt 0.843902 -0.247481
vt 0.873300 -0.247481
vt 1.330267 0.269981
vt 1.326700 0.247481
vt 1.356098 0.247481
vt 0.906846 0.230267
vt 0.901531 0.256098
vt 0.874371 0.226700
vt 0.582262 0.230267
vt 0.551590 0.226700
vt 0.562840 0.256098
vt 0.805900 -0.230267
vt 0.771724 -0.226700
vt 0.792512 -0.256098
vt 0.805899 -0.230267
vt 0.792511 -0.256098
vt 0.771724 -0.226700
vt 0.817179 0.000000
vt 0.844221 -0.020787
vt 0.844221 0.020787
vt 0.817179 -0.000000
vt 0.844221 0.020787
vt 0.844221 -0.020787
vt 0.805900 0.230267
vt 0.792512 0.256098
vt 0.771724 0.226700
vt 0.805899 0.230267
vt 0.771724 0.226700
vt 0.792511 0.256098
vt 0.582262 -0.230267
vt 0.551590 -0.226700
vt 0.562840 -0.256098
vt 0.906846 -0.230267
vt 0.901531 -0.256098
vt 1.125689 -0.230267
vt 1.131004 -0.256098
vt 1.158164 -0.226700
vt 0.259641 -0.230267
vt 0.290314 -0.226700
vt 0.279064 -0.256098
vt 1.125689 0.230267
vt 1.158164 0.226700
vt 1.131004 0.256098
vt 0.259641 0.230267
vt 0.279064 0.256098
vt 0.290314 0.226700
vt 0.269981 0.869733
vt 0.247481 0.843902
vt 0.247481 0.873300
vt -0.269981 0.869733
vt -0.247481 0.873300
vt -0.247481 0.843902
vt 0.269981 1.330267
vt 0.247481 1.326700
vt 0.247481 1.356098
vt -0.269981 1.330267
vt -0.247481 1.356098
vt -0.247481 1.326700
vt 0.269981 1.330267
vt 0.247481 1.356098
vt 0.247481 1.326700
vt -0.269981 1.330267
vt -0.247481 1.326700
vt -0.247481 1.356098
vt 0.269981 0.869733
vt 0.247481 0.873300
vt 0.247481 0.843902
vt -0.269981 0.869733
vt -0.247481 0.843902
vt -0.247481 0.873300
vt 0.906846 -0.230267
vt 0.874371 -0.226700
vt 0.901531 -0.256098
vt -0.582262 -0.230267
vt -0.562840 -0.256098
vt -0.551590 -0.226700
vt -0.296141 -0.000000
vt -0.322954 -0.020787
vt -0.322953 0.020787
vt 1.213808 0.000000
vt 1.236964 0.020787
vt 1.236964 -0.020787
vt 0.906846 0.230267
vt 0.901531 0.256098
vt 0.874371 0.226700
vt -0.582262 0.230267
vt -0.551590 0.226700
vt -0.562840 0.256098
vt 0.805899 -0.230267
vt 0.771724 -0.226700
vt 0.792511 -0.256098
vt -0.805900 -0.230267
vt -0.792512 -0.256098
vt -0.771724 -0.226700
vt -0.817179 0.000000
vt -0.844221 -0.020787
vt -0.844221 0.020787
vt 0.817179 -0.000000
vt 0.844221 0.020787
vt 0.844221 -0.020787
vt 0.805899 0.230267
vt 0.792511 0.256098
vt 0.771724 0.226700
vt -0.805900 0.230267
vt -0.771724 0.226700
vt -0.792512 0.256098
vt 0.582262 -0.230267
vt 0.551590 -0.226700
vt -0.906846 -0.230267
vt -0.901531 -0.256098
vt -0.874371 -0.226700
vt -1.125689 -0.230267
vt -1.131004 -0.256098
vt -1.158164 -0.226700
vt 0.259641 -0.230267
vt 0.290314 -0.226700
vt 0.279064 -0.256098
vt -1.125689 0.230267
vt -1.158164 0.226700
vt -1.131004 0.256098
vt 0.259641 0.230267
vt 0.279064 0.256098
vt 0.290314 0.226700
vt 0.582262 0.230267
vt 0.562840 0.256098
vt 0.551590 0.226700
vt -0.906846 0.230267
vt -0.874371 0.226700
vt -0.901531 0.256098
vt -0.869733 0.269981
vt -0.843902 0.247481
vt -0.873300 0.247481
vt -0.869733 -0.269981
vt -0.873300 -0.247481
vt -0.843902 -0.247481
vt -1.330267 0.269981
vt -1.326700 0.247481
vt -1.356098 0.247481
vt -1.330267 -0.269981
vt -1.356098 -0.247481
vt -1.326700 -0.247481
vt -1.330267 0.269981
vt -1.356098 0.247481
vt -1.326700 0.247481
vt -1.330267 -0.269981
vt -1.326700 -0.247481
vt -1.356098 -0.247481
vt -0.869733 0.269981
vt -0.873300 0.247481
vt -0.843902 0.247481
vt -0.869733 -0.269981
vt -0.843902 -0.247481
vt -0.873300 -0.247481
vt -0.818727 -0.000000
vt -0.795571 0.020787
vt -0.795571 -0.020787
vt -0.545762 0.000000
vt -0.518950 -0.020787
vt -0.518950 0.020787
vt -0.906846 -0.230267
vt -0.874371 -0.226700
vt -0.901531 -0.256098
vt -0.582262 -0.230267
vt -0.562840 -0.256098
vt -0.551590 -0.226700
vt -0.259641 0.230267
vt -0.290314 0.226700
vt -0.279064 0.256098
vt -1.125689 0.230267
vt -1.158164 0.226700
vt -0.805899 -0.230267
vt -0.771724 -0.226700
vt -0.792511 -0.256098
vt -0.805900 -0.230267
vt -0.792512 -0.256098
vt -0.771724 -0.226700
vt -0.749735 -0.230267
vt -0.763123 -0.256098
vt -0.783911 -0.226700
vt -0.749736 -0.230267
vt -0.783911 -0.226700
vt -0.763124 -0.256098
vt -0.805899 0.230267
vt -0.792511 0.256098
vt -0.771724 0.226700
vt -0.805900 0.230267
vt -0.771724 0.226700
vt -0.792512 0.256098
vt -0.582262 -0.230267
vt -0.551590 -0.226700
vt -0.562840 -0.256098
vt -0.906846 -0.230267
vt -0.901531 -0.256098
vt -0.874371 -0.226700
vt -1.125689 -0.230267
vt -1.131004 -0.256098
vt -1.158164 -0.226700
vt -0.259642 -0.230267
vt -0.290314 -0.226700
vt -0.279064 -0.256098
vt -1.125689 0.230267
vt -1.158164 0.226700
vt -1.131004 0.256098
vt -0.259642 0.230267
vt -0.279064 0.256098
vt -0.290314 0.226700
vt -0.582262 0.230267
vt -0.562840 0.256098
vt -0.551590 0.226700
vt -0.906846 0.230267
vt -0.874371 0.226700
vt -0.269981 -0.000000
vt -0.247481 0.020787
vt -0.247481 -0.020787
vt 0.269981 0.000000
vt 0.247481 -0.020787
vt 0.247481 0.020787
vt -0.269981 -0.000000
vt -0.247481 -0.020787
vt -0.247481 0.020787
vt 0.269981 0.000000
vt 0.247481 0.020787
vt 0.247481 -0.020787
vt -0.818727 -0.000000
vt -0.795571 0.020787
vt -0.795571 -0.020787
vt 0.545762 0.000000
vt 0.518950 -0.020787
vt 0.518950 0.020787
vt 0.296142 -0.000000
vt 0.322954 -0.020787
vt 0.322954 0.020787
vt -1.213808 0.000000
vt -1.236964 0.020787
vt -1.236964 -0.020787
vt -0.738456 -0.000000
vt -0.711414 0.020787
vt -0.711414 -0.020787
vt 0.738456 0.000000
vt 0.711414 -0.020787
vt 0.711414 0.020787
vt 0.817179 -0.000000
vt 0.844221 -0.020787
vt 0.844221 0.020787
vt -0.817179 0.000000
vt -0.844221 0.020787
vt -0.844221 -0.020787
vt -0.582262 -0.230267
vt -0.551590 -0.226700
vt -0.562840 -0.256098
vt 0.906846 -0.230267
vt 0.901531 -0.256098
vt 0.874371 -0.226700
vt 1.213808 -0.000000
vt 1.236964 -0.020787
vt 1.236964 0.020787
vt -0.296142 0.000000
vt -0.322954 0.020787
vt -0.322954 -0.020787
vt 1.125689 0.230267
vt 1.131004 0.256098
vt -0.259641 0.230267
vt -0.279064 0.256098
vt -0.290314 0.226700
vt 1.320418 0.279064
vt 1.119585 0.171522
vt 1.110974 0.192310
vt 0.843902 -0.226700
vt 0.774354 -0.000000
vt 0.750000 -0.000000
vt 0.901531 0.105555
vt 0.684957 0.551590
vt 0.712117 0.562840
vt 0.843902 -0.226700
vt 0.774354 0.000000
vt 0.869733 -0.230267
vt 0.873300 -0.256098
vt 1.100000 -0.325646
vt 0.869733 -0.230267
vt 0.545762 0.000000
vt 0.873300 -0.256098
vt 1.100000 -0.325646
vt 1.100000 -0.350000
vt 1.326700 -0.256098
vt 1.100000 -0.350000
vt 0.777822 -0.247487
vt 0.586912 -0.325646
vt 0.602822 -0.350000
vt 1.326700 -0.256098
vt 1.330267 -0.230267
vt 0.912950 0.670381
vt 0.921561 0.649594
vt 1.356098 -0.226700
vt 1.425646 -0.000000
vt 1.330267 -0.230267
vt 1.356098 -0.226700
vt 1.425646 0.000000
vt 1.450000 0.000000
vt 1.356098 0.226700
vt 1.450000 -0.000000
vt 0.818727 -0.000000
vt 0.787616 -0.000000
vt 1.356098 0.226700
vt 1.330267 0.230267
vt 1.119585 -0.325646
vt 1.326700 0.256098
vt 1.100000 0.325646
vt 1.330267 0.230267
vt 1.326700 0.256098
vt 1.100000 0.325646
vt 1.100000 0.350000
vt 0.738456 0.000000
vt 0.873300 0.256098
vt 1.100000 0.350000
vt 0.792512 0.442521
vt 0.421734 0.771724
vt 0.442521 0.792511
vt 0.873300 0.256098
vt 0.869733 0.230267
vt 0.843902 0.226700
vt 0.869733 0.230267
vt 0.843902 0.226700
vt 0.750000 0.000000
vt 0.912950 -0.325646
vt 1.158164 0.747599
vt 1.131004 0.736349
vt 0.562840 0.712117
vt 0.094305 0.874371
vt 0.105555 0.901531
vt 0.296142 -0.000000
vt 0.968723 -0.325646
vt 0.952813 -0.350000
vt 1.213808 0.000000
vt 1.244919 0.000000
vt 0.738456 -0.000000
vt 0.705325 -0.000000
vt 0.326249 -0.000000
vt 0.818727 0.000000
vt 1.320418 0.279064
vt 1.158164 0.747598
vt 1.131004 0.736348
vt 0.912950 -0.325646
vt 0.921561 -0.350000
vt 1.119585 0.171522
vt 1.332323 0.259641
vt 0.968723 -0.325646
vt 0.912950 0.325646
vt 0.921561 0.350000
vt 1.119585 0.325646
vt 1.110974 0.350000
vt -0.287019 1.339623
vt -0.171522 1.119584
vt -0.192309 1.110974
vt 0.712117 0.562840
vt 0.700212 0.582262
vt 0.684957 0.551590
vt 0.901531 0.105555
vt 0.515655 0.000000
vt 0.602822 -0.350000
vt 0.749735 -0.230267
vt 0.777822 -0.247487
vt 1.119585 -0.325646
vt 1.110974 -0.350000
vt 0.749735 -0.230267
vt 1.194212 0.020787
vt -0.777822 -0.247487
vt -0.586912 -0.325646
vt -0.602822 -0.350000
vt 0.749735 0.230267
vt 0.545762 -0.000000
vt 0.515655 -0.000000
vt 0.749735 0.230267
vt 0.777822 0.247487
vt 0.670381 0.912950
vt 0.582262 0.700212
vt 0.777822 0.247487
vt 0.586912 0.325646
vt 0.586912 0.325646
vt 0.602822 0.350000
vt 0.968723 0.325646
vt 0.952813 0.350000
vt 0.968723 0.325646
vt 0.771724 0.421734
vt 0.442521 0.792511
vt 0.421734 0.771724
vt 0.705325 0.000000
vt 0.279064 1.320418
vt 0.171522 1.119585
vt 0.259641 1.332323
vt 0.747598 1.158164
vt 0.290314 1.347578
vt 1.213808 -0.000000
vt 0.296142 0.000000
vt 0.326249 0.000000
vt 1.244919 -0.000000
vt -0.912950 -0.325646
vt -0.921561 -0.350000
vt 0.279064 1.320418
vt 0.290314 1.347578
vt 0.912950 0.325646
vt 0.171522 1.119585
vt 0.192310 1.110974
vt -0.105555 0.901531
vt -0.551590 0.684957
vt -0.562840 0.712117
vt 0.649594 0.921561
vt -0.545762 0.000000
vt 0.882326 0.247487
vt 1.119585 0.325646
vt 0.906846 0.230267
vt 0.554885 0.247487
vt 0.787616 0.000000
vt -0.670381 0.912951
vt -0.649594 0.921561
vt 0.818727 -0.000000
vt 0.787616 -0.000000
vt -1.326700 -0.256098
vt -1.100000 -0.325646
vt -1.100000 -0.350000
vt 1.119584 -0.325646
vt -0.442521 0.792511
vt -0.771724 0.421734
vt -0.792512 0.442521
vt -0.738456 0.000000
vt 0.921561 -0.350000
vt 1.125689 -0.230267
vt 1.150209 -0.247487
vt -0.259641 -0.230267
vt -0.287019 -0.247487
vt -0.968723 -0.325646
vt -0.952813 -0.350000
vt -0.780238 -0.020787
vt -0.780238 0.020787
vt 0.738456 -0.000000
vt 0.705325 -0.000000
vt -0.259641 0.230267
vt -1.110974 -0.192310
vt -1.332323 -0.259642
vt -1.119585 -0.171522
vt 1.125689 0.230267
vt 1.150209 0.247487
vt -0.192309 1.110974
vt -0.259641 1.332323
vt -0.287019 1.339623
vt 0.968723 -0.325646
vt 0.921561 0.350000
vt 0.912951 0.325646
vt -0.712117 0.562840
vt -0.874371 0.094305
vt -0.901531 0.105555
vt 1.119584 0.325646
vt 1.110974 0.350000
vt -0.818727 0.000000
vt -0.562840 0.712117
vt -0.670381 0.912951
vt -0.582262 0.700212
vt -0.094305 0.874371
vt -0.515655 -0.000000
vt 0.777822 -0.247487
vt 0.586912 -0.325646
vt 0.749735 -0.230267
vt -0.749735 -0.230267
vt -1.119585 -0.325646
vt -1.110974 -0.350000
vt -1.194212 -0.020787
vt -1.194212 0.020787
vt 0.545762 -0.000000
vt 0.515655 -0.000000
vt -0.749735 0.230267
vt -0.586912 -0.325646
vt -0.602822 -0.350000
vt 0.749735 0.230267
vt 0.777822 0.247487
vt -0.602822 0.350000
vt -0.777822 0.247487
vt -0.912950 0.670381
vt -0.700212 0.582262
vt 0.586912 0.325646
vt 0.602822 0.350000
vt 0.968723 0.325646
vt 0.952813 0.350000
vt -0.843902 -0.226700
vt -0.774354 0.000000
vt -0.869733 -0.230267
vt -0.968723 0.325646
vt -0.421734 0.771724
vt -0.792512 0.442521
vt -0.771724 0.421734
vt -0.705325 0.000000
vt -1.320418 0.279064
vt -1.119585 0.171522
vt -1.332323 0.259641
vt -1.158164 0.747598
vt -1.347578 0.290314
vt -1.213808 -0.000000
vt -0.873300 -0.256098
vt -1.100000 -0.325646
vt -1.100000 -0.350000
vt 0.296142 0.000000
vt 0.326249 0.000000
vt -0.843902 -0.226700
vt -0.774354 -0.000000
vt -0.750000 -0.000000
vt -1.244919 -0.000000
vt -0.921561 -0.350000
vt -1.320418 0.279064
vt -1.158164 0.747599
vt -1.347578 0.290314
vt -0.061665 -0.020787
vt -0.061665 0.020787
vt -0.912950 0.325646
vt -0.873300 -0.256098
vt -0.869733 -0.230267
vt -1.119585 0.171522
vt -1.110974 0.192310
vt -0.901531 -0.105555
vt -0.684957 -0.551590
vt -0.712117 -0.562840
vt -0.712117 0.562840
vt -0.921561 0.649594
vt -1.119585 0.325646
vt -0.684957 0.551590
vt -0.901531 0.105555
vt -0.874371 0.094305
vt -0.787616 0.000000
vt -1.326700 -0.256098
vt -1.330267 -0.230267
vt -1.356098 -0.226700
vt -1.425646 -0.000000
vt -1.330267 -0.230267
vt -0.912950 -0.670381
vt -0.921561 -0.649594
vt -1.356098 -0.226700
vt -1.425646 0.000000
vt -1.450000 0.000000
vt -1.356098 0.226700
vt -1.450000 -0.000000
vt -1.347487 -0.247487
vt -1.100000 -0.325646
vt -1.100000 -0.350000
vt -1.356098 0.226700
vt -1.330267 0.230267
vt -1.326700 0.256098
vt -1.100000 0.325646
vt -1.330267 0.230267
vt -1.119585 -0.325646
vt -1.326700 0.256098
vt -1.100000 0.325646
vt -1.100000 0.350000
vt -0.792511 -0.442521
vt -0.421734 -0.771724
vt -0.442521 -0.792512
vt -0.873300 0.256098
vt -1.100000 0.350000
vt -0.738456 0.000000
vt -0.873300 0.256098
vt -0.869733 0.230267
vt -0.843902 0.226700
vt -0.869733 0.230267
vt -0.843902 0.226700
vt -0.750000 0.000000
vt -1.150209 -0.247487
vt -0.912950 -0.325646
vt -1.125689 -0.230267
vt -0.326249 -0.000000
vt -0.259642 -0.230267
vt -0.287019 -0.247487
vt -0.968723 -0.325646
vt -1.244919 0.000000
vt -1.213808 0.000000
vt -0.738456 -0.000000
vt -0.705325 -0.000000
vt -0.296142 -0.000000
vt 0.287019 -1.339623
vt 0.171522 -1.119585
vt 0.192310 -1.110974
vt -1.320418 -0.279064
vt -1.158164 -0.747599
vt -1.131004 -0.736349
vt -1.119585 -0.171522
vt -1.332323 -0.259641
vt -0.968722 -0.325646
vt -0.912950 0.325646
vt -0.921561 0.350000
vt -0.562840 -0.712117
vt -0.094305 -0.874371
vt -0.105555 -0.901531
vt -0.882326 0.247487
vt -1.119585 0.325646
vt -1.110974 0.350000
vt -0.818727 0.000000
vt -0.700212 -0.582262
vt -0.692912 -0.554885
vt -0.906846 0.230267
vt -0.582262 0.230267
vt -0.586912 -0.325646
vt -1.133901 -0.783911
vt -0.763124 -1.113114
vt -0.783911 -1.133901
vt -0.817179 -0.000000
vt -1.119585 -0.325646
vt -1.110974 -0.350000
vt -0.817179 0.000000
vt -0.850310 0.000000
vt -0.545762 -0.000000
vt -0.515655 -0.000000
vt -0.850309 0.000000
vt -0.749735 0.230267
vt 0.777822 -0.247487
vt 0.586912 -0.325646
vt 0.602822 -0.350000
vt -0.777822 0.247487
vt -0.749736 0.230267
vt -0.602822 0.350000
vt -0.777822 0.247487
vt -0.670381 -0.912950
vt -0.582262 -0.700212
vt -0.602822 0.350000
vt -0.586912 0.325646
vt -0.968723 0.325646
vt -0.952813 0.350000
vt -0.758610 -0.020787
vt -0.869734 -0.230267
vt -0.852513 -0.247487
vt -0.421734 -0.771724
vt -0.792511 -0.442521
vt -0.442521 -0.792512
vt -0.705326 0.000000
vt -0.279064 -1.320418
vt -0.171522 -1.119585
vt -0.259642 -1.332323
vt -0.747599 -1.158164
vt -0.290314 -1.347578
vt -1.213808 -0.000000
vt -1.100000 -0.350000
vt -1.100000 -0.325646
vt -0.296142 0.000000
vt -0.326249 0.000000
vt -0.758610 -0.020787
vt -0.869733 -0.230267
vt -0.774354 -0.000000
vt -1.244918 -0.000000
vt 0.921561 -0.350000
vt 1.125689 -0.230267
vt 0.912950 -0.325646
vt -0.736349 -1.131004
vt -0.279064 -1.320418
vt 0.061665 0.020787
vt 0.061665 -0.020787
vt -0.912950 0.325646
vt -0.852513 -0.247487
vt -0.171522 -1.119585
vt -0.192310 -1.110974
vt -0.562840 -0.712117
vt -0.670381 -0.912950
vt -0.649594 -0.921561
vt 0.554885 -0.247487
vt -0.551590 -0.684957
vt -0.105555 -0.901531
vt -0.094305 -0.874371
vt -0.787617 0.000000
vt -1.330267 -0.230267
vt -1.347487 -0.247487
vt -1.441390 -0.020787
vt -1.330266 -0.230267
vt 0.554885 -0.692912
vt 0.670381 -0.912950
vt 0.649594 -0.921561
vt -1.441390 -0.020787
vt -1.425646 0.000000
vt -0.906846 -0.230267
vt -1.441390 0.020787
vt -1.330266 0.230267
vt -1.425646 -0.000000
vt -1.441390 0.020787
vt -1.330267 0.230267
vt -1.347487 0.247487
vt -0.361423 0.020787
vt -1.100000 0.350000
vt -1.347487 0.247487
vt -1.110974 -0.350000
vt -0.882326 -0.247487
vt -1.100000 0.350000
vt -1.100000 0.325646
vt -0.869733 0.230267
vt -1.100000 0.325646
vt 0.805899 -0.230267
vt 0.777813 -0.247487
vt -0.869734 0.230267
vt -0.852513 0.247487
vt -0.758610 0.020787
vt -0.852513 0.247487
vt -0.758610 0.020787
vt -0.774354 0.000000
vt -0.912950 -0.325646
vt -1.125689 -0.230267
vt 0.259641 -0.230267
vt 0.287019 -0.247487
vt 0.780238 -0.020787
vt 0.780238 0.020787
vt -0.805900 -0.230267
vt 0.259641 0.230267
vt -1.125689 0.230267
vt -1.150209 0.247487
vt 0.192309 -1.110974
vt 0.259641 -1.332323
vt 0.287019 -1.339623
vt -0.952813 -0.350000
vt -0.777813 -0.247487
vt -0.912950 0.325646
vt -0.921561 0.350000
vt 0.712117 -0.562840
vt 0.874371 -0.094305
vt 0.901531 -0.105555
vt -0.882326 0.247487
vt -1.119585 0.325646
vt -1.110974 0.350000
vt 0.818727 0.000000
vt 0.670381 -0.912950
vt 0.582262 -0.700212
vt -0.906846 0.230267
vt 0.582262 0.230267
vt -0.777822 -0.247487
vt -0.586912 -0.325646
vt -0.749735 -0.230267
vt 0.749735 -0.230267
vt 1.119585 -0.325646
vt 1.110974 -0.350000
vt -1.194212 0.020787
vt -0.545762 -0.000000
vt -0.515655 -0.000000
vt -0.749735 0.230267
vt -0.777822 0.247487
vt 0.777822 0.247487
vt 0.586912 0.325646
vt 0.912950 -0.670381
vt 0.700212 -0.582262
vt -0.602822 0.350000
vt -0.586912 0.325646
vt -0.777813 0.247487
vt -0.968723 0.325646
vt -0.952813 0.350000
vt 0.777813 0.247487
vt -0.805900 0.230267
vt 1.339623 -0.287019
vt 1.119585 -0.171522
vt 1.332323 -0.259641
vt 1.150209 -0.247487
vt -0.259641 -0.230267
vt -0.780238 -0.020787
vt 1.320418 -0.279064
vt 1.158164 -0.747598
vt 1.347578 -0.290314
vt 0.912950 0.325646
vt 1.119585 -0.171522
vt 1.110974 -0.192309
vt 0.692912 -0.554885
vt 0.912950 -0.670381
vt 0.921561 -0.649594
vt 1.110974 0.350000
vt 0.906846 0.230267
vt 0.882326 0.247487
vt -0.582262 0.230267
vt -0.554885 0.247487
vt 0.787616 0.000000
vt 0.247481 0.000000
vt -0.247481 -0.226700
vt -0.247481 -0.000000
vt 0.247481 0.226700
vt -0.247481 0.226700
vt 1.100000 0.247481
vt 1.100000 -0.247481
vt 0.247481 -0.226700
vt -0.247481 -0.000000
vt -0.247481 -0.226700
vt 0.247481 0.000000
vt -0.247481 0.226700
vt 1.100000 -0.247481
vt 1.100000 0.247481
vt 1.332323 0.230267
vt 0.094305 -0.226700
vt 0.058370 -0.000000
vt 0.094305 0.226700
vt 0.612093 0.000000
vt 0.783533 0.000000
vt 1.110974 0.192309
vt 0.356646 -0.000000
vt 0.421734 -0.226700
vt 0.421734 0.226700
vt 1.131546 0.230267
vt 1.131546 -0.230267
vt 0.952813 0.602822
vt 0.602822 0.952813
vt 1.127813 0.777822
vt 1.194212 -0.020787
vt 1.127813 -0.247487
vt 1.127813 0.247487
vt 1.127813 0.777822
vt 0.952813 0.602822
vt 0.792512 0.442521
vt 0.612093 -0.000000
vt 0.058370 0.000000
vt 0.097600 0.247487
vt 1.332323 0.230267
vt 0.192309 1.110974
vt 0.736348 1.131004
vt 0.783533 -0.000000
vt 0.747598 -0.226700
vt 0.747598 0.226700
vt 0.554885 0.692912
vt -0.247481 0.000000
vt 0.247481 -0.226700
vt 0.247481 -0.000000
vt -0.247481 0.226700
vt 0.247481 0.226700
vt -0.247481 1.100000
vt 0.247481 1.100000
vt -0.247481 -0.226700
vt 0.247481 -0.000000
vt 0.247481 -0.226700
vt -0.247481 0.000000
vt 0.247481 0.226700
vt 0.247481 1.100000
vt -0.247481 1.100000
vt 1.332323 -0.230267
vt -0.094305 -0.226700
vt -0.058370 -0.000000
vt -0.094305 0.226700
vt 0.700212 -0.230267
vt 0.700212 0.230267
vt -0.744303 -0.247487
vt -0.287019 0.247487
vt -0.744303 1.150209
vt -0.649594 0.921561
vt -0.105555 0.901531
vt 1.198989 0.000000
vt -0.421734 -0.226700
vt -0.355335 -0.000000
vt -0.421734 0.226700
vt 0.424089 -0.230267
vt 0.424089 0.230267
vt -0.602822 0.952813
vt -1.127813 0.777822
vt -0.777822 1.127813
vt -1.127813 -0.247487
vt -1.127813 0.777822
vt -0.442521 0.792511
vt -0.612093 -0.000000
vt 0.058370 0.000000
vt 0.094305 0.226700
vt -1.332323 0.230267
vt -1.110974 0.192309
vt -1.131004 0.736348
vt 0.783533 -0.000000
vt 0.747599 0.226700
vt -1.131004 0.736349
vt -1.100000 0.247481
vt -1.100000 -0.247481
vt -1.100000 -0.247481
vt -1.100000 0.247481
vt -1.420442 -0.000000
vt -0.094305 -0.226700
vt -0.554885 0.247487
vt -0.097600 0.247487
vt -0.700212 -0.230267
vt -0.700212 0.230267
vt -1.339623 -0.287019
vt -0.783533 0.000000
vt -0.747599 0.226700
vt -1.110974 -0.192310
vt -0.882326 -0.097600
vt -1.198989 -0.000000
vt -0.355335 -0.000000
vt -0.421734 -0.226700
vt -0.421734 0.226700
vt -0.424089 -0.230267
vt -0.424089 0.230267
vt -0.602822 -0.952813
vt -0.952813 -0.602822
vt -1.113114 -0.763123
vt -1.133901 -0.226700
vt -1.200300 0.000000
vt -0.777822 -1.127813
vt -0.952813 -0.602822
vt -1.127813 -0.777822
vt -0.602822 -0.952813
vt -0.612092 -0.000000
vt -0.058370 0.000000
vt -0.094305 0.226700
vt -1.332323 0.230267
vt -0.649594 -0.921561
vt -0.192310 -1.110974
vt -0.736349 -1.131004
vt -0.747599 -0.226700
vt -0.783533 -0.000000
vt -0.747599 0.226700
vt -0.247481 -0.247487
vt 0.247481 0.247487
vt -0.247481 0.247487
vt 0.247481 -0.852513
vt -0.247481 -1.100000
vt -0.247481 -0.852513
vt 0.247481 -1.100000
vt -0.247481 -1.347487
vt -0.247481 -0.247487
vt 0.247481 0.247487
vt -0.247481 0.247487
vt -0.247481 -1.347487
vt 0.247481 -1.100000
vt -0.247481 -1.100000
vt 0.247481 -0.852513
vt -0.247481 -0.852513
vt -1.420442 -0.000000
vt 0.097600 -0.247487
vt 0.554885 0.247487
vt 0.097600 0.247487
vt -0.700212 -0.230267
vt -0.700212 0.230267
vt 0.097600 -0.882326
vt 0.744303 -0.247487
vt 0.287019 0.247487
vt 0.744303 -1.150209
vt 0.649594 -0.921561
vt 0.097600 -0.882326
vt 0.356646 -0.000000
vt -0.361423 -0.020787
vt -0.427822 0.247487
vt -0.424089 -0.230267
vt -0.424089 0.230267
vt 0.777813 -0.427822
vt 0.602822 -0.952813
vt 0.427822 -0.777813
vt 1.127813 -0.777822
vt 0.777822 -1.127813
vt -1.194212 -0.020787
vt -1.127813 -0.247487
vt 1.194212 0.020787
vt 0.777822 -1.127813
vt 0.952813 -0.602822
vt 0.602822 -0.952813
vt 0.427822 -0.777813
vt -0.058370 0.000000
vt -0.097600 0.247487
vt 1.332323 0.230267
vt 1.110974 -0.192309
vt 0.921561 -0.649594
vt 1.150209 -0.744303
vt -0.744303 -0.247487
vt -0.747598 0.226700
vt -0.780238 0.020787
vt 1.131004 -0.736348
vt 0.882326 -0.097600
vt 0.874371 0.094305
vt 0.700212 0.582262
vt 1.110974 -0.350000
vt 0.771724 0.421734
vt 0.921561 -0.350000
vt 1.347578 0.290314
vt 0.551590 0.684957
vt 1.347578 0.290314
vt 0.952813 -0.350000
vt -0.259641 1.332323
vt 0.874371 0.094305
vt 0.586912 -0.325646
vt 0.602822 0.350000
vt -0.094305 0.874371
vt 1.110974 0.350000
vt -0.582262 0.700212
vt 1.110974 -0.350000
vt -0.421734 0.771724
vt 0.912951 -0.325646
vt -0.171522 1.119584
vt -0.684957 0.551590
vt 0.602822 -0.350000
vt -0.586912 0.325646
vt -0.952813 0.350000
vt -0.874371 -0.094305
vt -0.700212 0.582262
vt -1.110974 0.350000
vt -0.700212 -0.582262
vt -1.110974 -0.350000
vt -0.771724 -0.421734
vt 0.259641 -1.332323
vt -1.347578 -0.290314
vt -0.952813 -0.350000
vt -0.551590 -0.684957
vt -0.602822 -0.350000
vt -0.586912 0.325646
vt -0.771724 -0.421734
vt -0.921561 0.350000
vt -0.259642 -1.332323
vt -0.582262 -0.700212
vt -1.110974 0.350000
vt 0.582262 -0.700212
vt -1.119585 -0.325646
vt -0.921561 -0.350000
vt 0.171522 -1.119585
vt -0.968723 -0.325646
vt 0.684957 -0.551590
vt 0.952813 0.350000
vt -0.287019 -0.247487
vt 0.921561 0.350000
vt 0.700212 -0.582262
vt 1.119585 0.325646
vt 0.247481 -0.226700
vt 0.247481 0.226700
vt 1.332323 -0.230267
vt 1.420442 -0.000000
vt 0.700212 -0.230267
vt 0.700212 0.230267
vt 0.747599 -0.226700
vt 0.747598 0.226700
vt 0.424089 0.230267
vt 0.424089 -0.230267
vt 0.355335 0.000000
vt 1.198989 -0.000000
vt 0.777822 1.127813
vt 0.700212 0.230267
vt 0.700212 -0.230267
vt 0.094305 -0.226700
vt 1.420442 0.000000
vt 1.332323 -0.230267
vt 0.097600 0.882326
vt -0.247481 -0.226700
vt -0.247481 0.226700
vt 1.420442 -0.000000
vt 1.332323 0.230267
vt 0.612093 0.000000
vt -0.744303 0.247487
vt 1.131546 -0.230267
vt 1.131546 0.230267
vt 0.356646 0.000000
vt -0.952813 0.602822
vt -1.127813 0.247487
vt -0.952813 0.602822
vt -0.700212 -0.230267
vt -0.700212 0.230267
vt 0.094305 -0.226700
vt -1.420442 0.000000
vt -1.332323 -0.230267
vt -1.332323 -0.230267
vt -0.612092 0.000000
vt -1.150209 -0.744303
vt -0.744303 -0.247487
vt -1.131546 -0.230267
vt -1.131546 0.230267
vt -0.356646 0.000000
vt -0.700212 -0.230267
vt -0.700212 0.230267
vt -0.094305 -0.226700
vt -1.420442 0.000000
vt 0.247481 -0.247487
vt 0.247481 -1.347487
vt 0.247481 -0.247487
vt 0.247481 -1.347487
vt -1.332323 -0.230267
vt -1.332323 0.230267
vt -0.612093 0.000000
vt 0.744303 -1.150209
vt 0.744303 0.247487
vt 0.424089 -0.230267
vt 0.424089 0.230267
vt -0.427822 -0.247487
vt -0.356646 0.000000
vt 1.127813 0.247487
vt 1.127813 -0.777822
vt 0.777813 -0.427822
vt 0.700212 -0.230267
vt 0.700212 0.230267
vt -0.094305 -0.226700
vt 1.420442 0.000000
vt 1.332323 -0.230267
s 1
f 256/1/152 312/2/179 313/3/180
f 197/4/121 315/5/181 316/6/182
f 198/7/122 295/8/170 296/9/171
f 236/10/142 272/11/158 273/12/159
f 229/13/139 275/14/160 276/15/161
f 183/16/113 322/17/184 323/18/185
f 240/19/144 305/20/177 306/21/178
f 215/22/133 282/23/163 283/24/164
f 178/25/110 325/26/186 326/27/187
f 199/28/123 292/29/168 293/30/169
f 247/31/48 265/32/156 266/33/157
f 212/34/131 302/35/175 303/36/176
f 252/37/150 262/38/154 263/39/155
f 210/40/129 285/41/165 286/42/166
f 167/43/104 332/44/189 333/45/190
f 160/46/101 335/47/191 336/48/192
f 185/49/115 342/50/196 343/51/197
f 200/52/124 345/53/198 346/54/199
f 153/55/97 356/56/201 357/57/202
f 152/58/96 359/59/203 360/60/204
f 125/61/82 370/62/206 371/63/207
f 124/64/81 373/65/208 374/66/209
f 140/67/91 380/68/212 381/69/213
f 179/70/111 383/71/214 384/35/215
f 175/72/109 390/73/217 391/74/218
f 123/75/80 393/76/219 394/77/220
f 109/78/71 400/79/222 401/80/223
f 104/81/68 403/82/224 404/83/225
f 111/84/73 418/85/230 419/86/231
f 126/87/83 421/88/232 422/89/233
f 220/90/137 428/91/235 429/92/236
f 87/93/59 431/94/237 432/95/238
f 73/96/50 438/97/240 439/98/241
f 68/99/46 441/100/242 442/101/243
f 61/102/42 448/103/245 449/104/246
f 56/105/39 451/106/247 452/107/248
f 75/108/52 458/109/252 459/110/253
f 91/111/62 461/112/254 462/113/255
f 52/114/36 472/115/257 473/116/258
f 48/117/33 475/118/259 476/119/260
f 25/120/19 486/121/262 487/122/263
f 20/123/16 489/124/264 490/125/265
f 45/126/31 496/127/269 497/128/270
f 57/129/40 499/130/271 500/131/272
f 16/132/13 510/133/274 511/134/275
f 12/135/10 513/136/276 514/137/277
f 882/138/347 524/139/280 525/140/281
f 887/141/348 527/142/282 528/143/283
f 9/144/8 534/145/287 535/69/288
f 21/146/17 537/147/289 538/148/290
f 106/149/70 544/150/292 545/151/293
f 888/152/349 547/153/294 548/154/295
f 902/155/353 554/156/297 555/157/298
f 907/158/354 557/159/299 558/160/300
f 914/161/357 564/162/302 565/163/303
f 917/164/359 567/165/304 568/166/305
f 900/167/139 574/168/160 575/169/161
f 886/170/142 577/171/158 578/172/159
f 70/173/48 584/174/156 585/175/157
f 918/176/150 587/177/154 588/178/155
f 930/179/122 594/180/170 595/181/171
f 937/182/123 597/183/168 598/184/169
f 944/185/129 604/186/165 605/187/166
f 949/188/133 607/189/163 608/190/164
f 929/191/360 610/192/306 611/193/307
f 915/194/358 613/195/308 614/196/309
f 928/197/121 616/198/181 617/199/182
f 916/200/152 619/201/179 620/202/180
f 966/203/367 634/204/191 635/205/192
f 973/206/104 637/157/189 638/207/190
f 964/208/366 652/209/310 653/210/311
f 948/211/363 655/212/312 656/213/313
f 871/214/343 662/215/198 663/216/199
f 990/217/115 665/218/196 666/219/197
f 1022/220/374 680/221/314 681/222/315
f 1027/223/377 683/224/316 684/225/317
f 1002/226/80 690/227/219 691/228/220
f 986/229/109 693/230/217 694/231/218
f 905/232/111 700/233/214 701/234/215
f 1028/235/91 703/236/212 704/237/213
f 1042/238/380 710/239/318 711/240/319
f 1049/241/382 713/242/320 714/243/321
f 1056/244/68 720/245/224 721/246/225
f 1061/247/71 723/248/222 724/166/223
f 1041/249/379 726/250/322 727/251/323
f 1025/252/376 729/253/324 730/254/325
f 1065/255/384 744/256/326 745/257/327
f 1069/258/385 747/259/328 748/260/329
f 1073/261/33 762/262/259 763/263/260
f 1059/264/36 765/265/257 766/266/258
f 1099/267/391 780/268/330 781/269/331
f 1103/270/392 783/271/332 784/272/333
f 1107/273/10 798/274/276 799/275/277
f 1091/276/13 801/277/274 802/278/275
f 1133/279/396 816/280/334 817/281/335
f 1137/282/397 819/283/336 820/284/337
f 1140/285/398 838/286/294 839/287/295
f 1126/288/70 841/289/292 842/290/293
f 1163/291/402 852/292/338 853/293/339
f 1164/294/403 855/295/340 856/296/341
f 1165/297/359 858/79/304 859/298/305
f 1166/299/357 861/300/302 862/301/303
f 312/302/179 255/303/151 258/304/151
f 262/305/154 251/306/149 254/307/149
f 303/308/176 306/309/178 305/310/177
f 266/311/157 248/312/147 247/313/48
f 263/39/155 266/33/157 265/32/156
f 263/314/155 244/315/146 252/316/150
f 306/21/178 241/317/145 240/19/144
f 265/318/156 237/319/47 239/320/47
f 272/321/158 244/315/146 246/322/146
f 233/323/141 230/324/140 235/325/140
f 276/326/161 237/319/47 229/327/139
f 273/12/159 276/15/161 275/14/160
f 305/310/177 226/328/25 228/329/25
f 273/330/159 223/331/138 236/332/142
f 428/321/235 219/315/136 222/322/136
f 275/333/160 216/334/134 218/335/134
f 282/336/163 223/331/138 225/337/138
f 302/35/175 211/338/130 214/339/130
f 286/340/166 216/334/134 210/341/129
f 283/24/164 286/42/166 285/41/165
f 303/36/176 255/342/151 212/34/131
f 283/343/164 207/344/128 215/345/133
f 285/346/165 204/347/126 206/348/126
f 346/54/199 201/349/125 200/52/124
f 292/350/168 207/344/128 209/351/128
f 343/352/197 346/353/199 345/354/198
f 296/355/171 204/347/126 198/356/122
f 295/8/170 292/29/168 296/9/171
f 293/357/169 251/306/149 199/358/123
f 295/359/170 248/312/147 250/360/147
f 316/6/182 226/361/25 197/4/121
f 315/362/181 312/302/179 316/363/182
f 381/364/213 384/365/215 383/366/214
f 313/3/180 194/367/120 256/1/152
f 345/53/198 191/368/4 193/369/4
f 315/5/181 188/370/117 190/371/117
f 342/50/196 184/372/114 187/373/114
f 322/17/184 194/367/120 196/374/120
f 384/35/215 180/375/112 179/70/111
f 326/27/187 188/370/117 178/25/110
f 323/376/185 326/377/187 325/378/186
f 390/73/217 174/379/108 177/380/108
f 323/376/185 171/381/107 183/382/113
f 343/51/197 230/383/140 185/49/115
f 325/26/186 168/384/105 170/385/105
f 332/44/189 171/386/107 173/387/107
f 164/388/103 161/389/102 166/390/102
f 336/391/192 168/328/105 160/392/101
f 335/393/191 332/394/189 336/391/192
f 333/45/190 211/338/130 167/43/104
f 335/47/191 241/317/145 243/395/145
f 193/396/4 157/397/100 159/398/100
f 383/71/214 154/399/98 156/400/98
f 356/56/201 231/401/141 233/323/141
f 360/60/204 157/397/100 152/58/96
f 357/402/202 360/60/204 359/59/203
f 149/403/95 146/404/94 151/405/94
f 357/57/202 143/406/93 153/55/97
f 380/68/212 139/407/90 142/408/90
f 359/59/203 136/409/88 138/410/88
f 381/364/213 174/411/108 140/412/91
f 145/413/93 133/414/87 143/406/93
f 138/410/88 130/415/85 132/416/85
f 422/311/233 127/312/84 126/313/83
f 370/62/206 133/417/87 135/418/87
f 419/86/231 422/89/233 421/88/232
f 374/66/209 130/419/85 124/64/81
f 371/420/207 374/421/209 373/422/208
f 371/63/207 184/372/114 125/61/82
f 373/65/208 201/349/125 203/423/125
f 394/424/220 154/425/98 123/426/80
f 391/427/218 394/424/220 393/428/219
f 391/74/218 120/429/79 175/72/109
f 421/318/232 117/319/77 119/320/77
f 393/76/219 114/430/75 116/431/75
f 418/305/230 110/306/72 113/307/72
f 400/79/222 120/429/79 122/432/79
f 544/150/292 105/433/69 108/434/69
f 404/83/225 114/430/75 104/81/68
f 403/435/224 400/427/222 404/436/225
f 401/80/223 101/437/67 109/78/71
f 419/314/231 219/315/136 111/316/73
f 403/435/224 98/438/65 100/439/65
f 459/440/253 462/441/255 461/442/254
f 103/443/67 95/412/64 101/411/67
f 462/113/255 92/444/63 91/111/62
f 90/445/60 98/446/65 88/447/60
f 142/408/90 95/161/64 97/448/64
f 90/445/60 180/375/112 182/449/112
f 432/326/238 117/319/77 87/327/59
f 429/92/236 432/95/238 431/94/237
f 429/330/236 84/331/58 220/332/137
f 461/442/254 81/450/56 83/451/56
f 431/333/237 78/334/54 80/335/54
f 458/109/252 74/452/51 77/453/51
f 438/336/240 84/331/58 86/337/58
f 584/454/156 69/455/47 72/456/47
f 442/340/243 78/334/54 68/341/46
f 439/98/241 442/101/243 441/100/242
f 439/343/241 65/344/45 73/345/50
f 459/110/253 161/457/102 75/108/52
f 441/346/242 62/347/43 64/348/43
f 497/458/270 500/459/272 499/460/271
f 448/350/245 65/344/45 67/351/45
f 500/131/272 58/461/41 57/129/40
f 452/355/248 62/347/43 56/356/39
f 451/106/247 448/103/245 452/107/248
f 449/357/246 110/306/72 61/358/42
f 451/359/247 127/312/84 129/360/84
f 83/462/56 53/463/37 55/464/37
f 472/115/257 162/465/103 164/466/103
f 499/130/271 49/467/34 51/468/34
f 476/119/260 53/463/37 48/117/33
f 473/116/258 476/469/260 475/470/259
f 496/127/269 44/471/30 47/472/30
f 473/116/258 41/473/29 52/114/36
f 40/474/25 36/475/26 35/476/25
f 475/118/259 32/477/23 34/478/23
f 31/479/22 41/480/29 43/481/29
f 497/128/270 146/482/94 45/126/31
f 28/483/20 32/477/23 26/484/20
f 535/485/288 538/486/290 537/487/289
f 486/121/262 29/488/22 31/489/22
f 538/148/290 22/490/18 21/146/17
f 490/491/265 26/492/20 20/493/16
f 487/494/263 490/491/265 489/441/264
f 487/122/263 74/452/51 25/120/19
f 489/124/264 92/444/63 94/495/63
f 19/496/14 49/497/34 17/498/14
f 510/133/274 147/499/95 149/403/95
f 537/147/289 13/500/11 15/501/11
f 514/137/277 17/498/14 12/135/10
f 511/134/275 514/502/277 513/503/276
f 534/145/287 8/504/7 11/505/7
f 511/134/275 5/506/5 16/132/13
f 662/215/198 872/507/4 4/508/4
f 513/136/276 875/509/344 873/510/344
f 876/511/345 5/506/5 7/512/5
f 535/485/288 105/513/69 9/514/8
f 873/510/344 881/515/346 879/516/346
f 577/171/158 574/168/160 578/172/159
f 524/139/280 878/517/345 876/518/345
f 578/519/159 885/520/138 886/521/142
f 528/143/283 881/522/346 887/141/348
f 525/523/281 528/524/283 527/525/282
f 525/140/281 44/471/30 882/138/347
f 527/142/282 58/461/41 60/526/41
f 548/527/295 13/528/11 888/529/349
f 545/530/293 548/527/295 547/531/294
f 545/151/293 891/532/350 106/149/70
f 577/533/158 894/534/146 892/535/146
f 547/153/294 897/536/352 895/537/352
f 574/538/160 901/539/134 898/540/134
f 554/156/297 891/532/350 889/541/350
f 700/233/214 906/433/98 903/542/98
f 558/160/300 897/536/352 907/158/354
f 557/543/299 554/544/297 558/545/300
f 614/196/309 611/546/307 610/547/306
f 555/157/298 910/548/355 902/155/353
f 575/549/161 69/455/47 900/550/139
f 557/543/299 913/551/356 911/552/356
f 617/553/182 620/554/180 619/555/179
f 564/556/302 910/513/355 908/557/355
f 613/195/308 916/200/152 620/202/180
f 568/166/305 913/558/356 917/164/359
f 565/559/303 568/560/305 567/561/304
f 565/163/303 8/504/7 914/161/357
f 567/165/304 22/490/18 24/562/18
f 588/563/155 894/534/146 918/564/150
f 585/175/157 588/178/155 587/177/154
f 585/565/157 921/566/147 70/567/48
f 619/555/179 924/568/151 922/569/151
f 587/570/154 927/571/149 925/572/149
f 616/198/181 929/191/360 611/193/307
f 594/573/170 921/566/147 919/574/147
f 933/575/361 936/576/77 931/577/77
f 598/578/169 927/571/149 937/579/123
f 595/181/171 598/184/169 597/183/168
f 595/580/171 940/581/126 930/582/122
f 617/199/182 35/583/25 928/197/121
f 597/584/168 943/585/128 941/586/128
f 653/587/311 656/588/313 655/589/312
f 604/590/165 940/581/126 938/591/126
f 656/213/313 947/592/362 948/211/363
f 608/593/164 943/585/128 949/594/133
f 605/187/166 608/190/164 607/189/163
f 605/595/166 901/539/134 944/596/129
f 607/597/163 885/520/138 883/598/138
f 950/599/364 924/600/151 952/601/364
f 953/602/145 36/603/26 38/604/26
f 655/212/312 958/605/140 956/468/140
f 959/606/130 952/601/364 961/607/130
f 652/209/310 965/608/365 962/609/365
f 634/204/191 955/610/145 953/602/145
f 969/611/368 972/612/56 967/613/56
f 638/207/190 961/607/130 973/206/104
f 635/614/192 638/615/190 637/616/189
f 635/614/192 976/617/105 966/618/367
f 653/210/311 872/619/4 964/208/366
f 637/157/189 979/620/107 977/621/107
f 691/622/220 694/623/218 693/624/217
f 980/625/369 976/626/105 974/627/105
f 694/231/218 985/628/79 986/229/109
f 977/569/107 989/629/370 987/630/370
f 610/192/306 982/631/369 980/625/369
f 614/196/309 989/632/370 915/194/358
f 666/219/197 958/633/140 990/217/115
f 663/634/199 666/635/197 665/636/196
f 663/216/199 993/637/125 871/214/343
f 693/230/217 996/638/108 994/639/108
f 665/218/196 999/640/114 997/641/114
f 690/227/219 1003/642/75 1000/643/75
f 991/644/125 1006/645/371 993/637/125
f 1009/646/372 1012/647/34 1007/648/34
f 1013/649/373 999/640/114 1015/650/373
f 730/254/325 727/251/323 726/250/322
f 1016/651/85 1006/645/371 1004/652/371
f 691/622/220 906/653/98 1002/654/80
f 1019/655/87 1015/650/373 1021/656/87
f 680/221/314 1018/657/85 1016/658/85
f 729/659/324 1026/660/375 1023/661/375
f 684/225/317 1021/522/87 1027/223/377
f 683/662/316 680/663/314 684/664/317
f 681/222/315 965/608/365 1022/220/374
f 683/224/316 947/592/362 945/665/362
f 704/666/213 996/667/108 1028/668/91
f 701/669/215 704/666/213 703/670/212
f 701/234/215 1031/671/112 905/232/111
f 1032/672/136 1026/660/375 1034/673/136
f 703/236/212 1037/674/90 1035/675/90
f 727/676/323 1040/677/378 1041/678/379
f 710/239/318 1031/671/112 1029/679/112
f 1043/680/11 1047/681/381 1048/682/11
f 714/243/321 1037/674/90 1049/241/382
f 711/683/319 714/670/321 713/684/320
f 762/685/259 765/265/257 763/686/260
f 711/240/319 1052/687/65 1042/238/380
f 931/577/77 1040/677/378 1038/688/378
f 713/684/320 1055/689/67 1053/690/67
f 720/691/224 1052/692/65 1050/693/65
f 765/265/257 1060/19/103 1057/694/103
f 724/166/223 1055/558/67 1061/247/71
f 721/695/225 724/696/223 723/697/222
f 721/246/225 1003/642/75 1056/244/68
f 723/248/222 985/628/79 983/698/79
f 1032/672/136 1064/699/383 1062/700/383
f 744/701/326 935/702/361 933/575/361
f 1057/703/103 1068/704/102 1066/705/102
f 748/706/329 1064/699/383 1069/707/385
f 745/257/327 748/260/329 747/259/328
f 763/263/260 1072/708/37 1073/261/33
f 745/709/327 1076/710/386 1065/711/384
f 747/712/328 1079/713/387 1077/714/387
f 802/715/275 799/275/277 798/274/276
f 1080/716/43 1076/710/386 1074/717/386
f 967/718/56 1072/708/37 1070/719/37
f 1083/720/45 1079/713/387 1085/721/45
f 1080/716/43 1088/722/388 1082/723/43
f 801/277/274 1092/724/95 1089/725/95
f 1083/720/45 1095/726/389 1093/727/389
f 726/728/322 1088/722/388 1086/729/388
f 730/730/325 1095/726/389 1025/731/376
f 1096/599/390 1068/732/102 1098/733/390
f 780/268/330 971/734/368 969/735/368
f 1089/725/95 1102/368/94 1100/369/94
f 784/272/333 1098/733/390 1103/270/392
f 781/269/331 784/736/333 783/737/332
f 799/275/277 1106/738/14 1107/273/10
f 781/269/331 1110/739/393 1099/267/391
f 783/271/332 1113/740/394 1111/741/394
f 1114/742/20 1110/743/393 1108/744/393
f 1007/745/34 1106/738/14 1104/746/14
f 1111/741/394 1119/747/22 1117/748/22
f 839/749/295 842/750/293 841/751/292
f 1120/752/23 1116/753/20 1114/754/20
f 842/290/293 1125/755/350 1126/288/70
f 1127/703/29 1119/756/22 1129/757/29
f 762/262/259 1122/758/23 1120/752/23
f 766/266/258 1129/759/29 1059/264/36
f 1130/760/395 1102/761/94 1132/762/395
f 816/280/334 1011/763/372 1009/646/372
f 841/289/292 1136/764/69 1134/765/69
f 820/284/337 1132/762/395 1137/282/397
f 817/766/335 820/284/337 819/283/336
f 838/286/294 1141/767/352 1138/768/352
f 817/281/335 1144/406/399 1133/279/396
f 819/283/336 1147/769/400 1145/770/400
f 1142/771/399 1150/772/346 1144/406/399
f 839/749/295 1048/773/11 1140/774/398
f 1151/775/345 1147/769/400 1153/776/345
f 1154/777/344 1150/778/346 1148/779/346
f 1157/780/5 1153/419/345 1159/138/5
f 798/274/276 1156/781/344 1154/777/344
f 802/278/275 1159/138/5 1091/276/13
f 1160/782/401 1136/783/69 1162/784/401
f 852/292/338 1047/681/381 1045/785/381
f 856/296/341 1162/786/401 1164/294/403
f 855/295/340 852/787/338 856/296/341
f 858/79/304 1163/291/402 853/293/339
f 855/295/340 1166/299/357 862/301/303
f 861/788/302 858/789/304 862/790/303
f 859/298/305 1169/791/356 1165/297/359
f 861/788/302 1172/792/355 1170/793/355
f 1173/794/404 1169/795/356 1167/796/356
f 1170/797/355 1178/798/405 1176/799/405
f 1138/768/352 1175/800/404 1173/801/404
f 1176/799/405 1125/755/350 1123/802/350
f 271/332/1 281/345/1 291/358/1
f 249/803/148 262/804/154 253/805/148
f 295/806/170 2/805/2 293/807/169
f 289/347/153 279/334/153 269/319/153
f 263/39/155 238/808/143 245/809/143
f 268/809/49 276/15/161 272/11/158
f 275/810/160 224/811/135 273/812/159
f 280/813/162 282/814/163 278/811/162
f 285/41/165 208/815/127 283/24/164
f 290/816/167 292/29/168 288/815/167
f 321/817/172 331/43/172 301/34/172
f 242/395/132 302/818/175 213/819/132
f 335/47/191 298/819/173 333/820/190
f 309/361/174 299/821/174 329/384/174
f 303/308/176 227/329/27 257/304/27
f 310/329/28 312/302/179 308/304/28
f 313/3/180 189/822/118 195/374/118
f 320/822/183 322/17/184 318/374/183
f 325/378/186 172/823/106 323/376/185
f 328/823/188 336/391/192 332/394/189
f 365/414/193 337/824/193 347/324/193
f 186/373/116 346/825/199 342/50/196
f 373/826/208 338/373/194 371/63/207
f 372/64/195 363/827/195 353/828/195
f 345/354/198 234/829/119 343/352/197
f 350/830/3 232/831/3 348/829/3
f 354/398/200 356/832/201 352/833/200
f 359/59/203 144/834/89 357/402/202
f 362/835/86 131/830/86 134/836/86
f 368/830/205 370/837/206 366/836/205
f 405/437/210 375/838/210 385/379/210
f 181/839/92 380/68/212 141/408/92
f 89/840/61 376/408/61 96/448/61
f 382/70/211 411/447/211 402/841/211
f 383/366/214 176/443/99 381/364/213
f 388/842/216 390/843/217 386/443/216
f 393/76/219 121/844/76 391/845/218
f 398/431/221 400/846/222 396/844/221
f 401/843/223 99/439/66 102/443/66
f 408/439/226 410/847/226 406/443/226
f 433/331/227 443/344/227 413/306/227
f 128/848/74 418/849/230 112/850/74
f 451/851/247 414/850/228 449/852/246
f 420/313/229 450/356/229 440/341/229
f 419/86/231 118/853/78 221/854/78
f 424/854/234 432/95/238 428/91/235
f 431/855/237 85/856/55 429/857/236
f 436/858/239 438/859/240 434/856/239
f 441/100/242 66/860/44 439/98/241
f 446/861/244 448/103/245 444/860/244
f 485/120/249 457/108/249 467/862/249
f 93/495/53 458/863/252 76/864/53
f 487/865/263 456/495/250 454/864/250
f 460/866/251 488/867/251 479/477/251
f 461/442/254 165/390/57 459/440/253
f 466/451/38 163/388/38 464/390/38
f 470/868/256 472/115/257 468/466/256
f 475/470/259 42/869/24 473/116/258
f 480/870/21 30/479/21 478/481/21
f 484/871/261 486/872/262 482/479/261
f 509/873/266 519/517/266 491/471/266
f 59/526/32 496/874/269 46/875/32
f 525/876/281 494/526/267 492/875/267
f 498/877/268 526/878/268 517/509/268
f 499/460/271 150/879/35 497/458/270
f 502/879/15 18/880/15 148/881/15
f 508/882/273 510/133/274 506/403/273
f 513/503/276 6/512/6 511/134/275
f 518/883/278 877/879/278 516/881/278
f 520/879/279 528/524/283 524/884/280
f 549/532/284 559/548/284 529/885/284
f 23/886/9 534/145/287 10/505/9
f 567/887/304 530/505/285 565/163/303
f 536/146/286 566/164/286 556/888/286
f 537/487/289 107/557/12 535/485/288
f 542/889/291 544/890/292 540/557/291
f 547/153/294 890/891/351 545/845/293
f 550/891/296 558/160/300 554/892/297
f 557/543/299 909/557/342 555/893/298
f 560/557/301 568/560/305 564/556/302
f 589/566/153 599/581/153 569/539/153
f 884/858/135 574/857/160 899/856/135
f 605/859/166 572/858/162 570/856/162
f 576/521/1 606/594/1 596/579/1
f 577/171/158 71/894/49 575/169/161
f 582/895/143 584/174/156 580/894/143
f 585/849/157 926/848/148 920/850/148
f 592/848/2 594/852/170 590/850/2
f 595/181/171 942/896/167 939/897/167
f 600/897/127 608/190/164 604/186/165
f 629/898/174 639/626/174 609/191/174
f 611/546/307 620/202/180 616/899/181
f 988/900/183 610/547/306 981/901/183
f 618/902/172 645/903/172 636/206/172
f 617/553/182 923/569/28 39/474/28
f 624/569/27 37/904/27 622/474/27
f 626/604/132 960/905/132 954/602/132
f 630/602/173 638/906/190 634/204/191
f 637/616/189 975/907/188 635/614/192
f 640/907/106 646/630/106 644/908/106
f 667/909/195 675/657/195 647/608/195
f 963/910/200 656/213/313 652/911/310
f 683/224/316 648/910/89 681/912/315
f 654/913/193 682/914/193 673/650/193
f 653/587/311 957/915/3 3/916/3
f 660/915/119 662/917/198 658/916/119
f 665/918/196 992/644/116 663/216/199
f 670/919/194 1005/652/194 668/644/194
f 674/920/205 1017/921/205 672/922/205
f 678/923/86 680/663/314 676/921/86
f 705/671/211 715/687/211 685/924/211
f 984/925/76 690/227/219 1001/643/76
f 723/926/222 686/643/221 721/246/225
f 692/229/210 722/247/210 712/927/210
f 693/624/217 904/928/216 691/622/220
f 698/929/99 700/930/214 696/928/99
f 701/931/215 1036/675/92 1030/932/92
f 708/675/61 710/933/318 706/932/61
f 711/683/319 1054/690/226 1051/693/226
f 718/690/66 720/691/224 716/693/66
f 743/711/229 753/723/229 725/678/229
f 729/253/324 1039/934/55 727/251/323
f 1094/935/239 726/250/322 1087/936/239
f 733/660/227 759/726/227 751/713/227
f 734/937/234 932/938/234 732/939/234
f 738/940/78 934/941/78 736/938/78
f 740/942/74 748/260/329 744/256/326
f 745/257/327 1078/943/228 1075/944/228
f 750/945/244 1084/946/244 1081/947/244
f 754/947/44 760/948/44 758/949/44
f 779/950/251 789/753/251 761/261/251
f 763/686/260 1058/694/256 1071/951/256
f 1128/952/24 762/685/259 1121/953/24
f 769/954/249 795/955/249 787/740/249
f 770/703/38 968/613/38 768/956/38
f 774/705/57 970/611/57 772/613/57
f 778/957/53 780/268/330 776/735/53
f 783/737/332 1109/958/250 781/269/331
f 788/959/261 1115/742/261 786/744/261
f 792/960/21 794/961/21 790/742/21
f 815/279/268 825/772/268 797/962/268
f 801/963/274 1105/746/273 799/275/277
f 1158/964/6 798/274/276 1155/777/6
f 805/965/266 831/966/266 823/769/266
f 806/967/15 1008/968/15 804/969/15
f 808/968/35 1131/970/35 1010/971/35
f 814/760/32 816/972/334 812/973/32
f 819/974/336 1143/771/267 817/281/335
f 822/975/279 1152/976/279 1149/977/279
f 828/976/278 830/978/278 826/977/278
f 851/291/286 863/791/286 833/838/286
f 1124/979/351 838/286/294 1139/768/351
f 1177/980/296 834/768/296 1174/801/296
f 840/288/284 869/798/284 860/981/284
f 839/749/295 1135/982/291 1044/983/291
f 846/982/12 1046/984/12 844/983/12
f 848/985/9 856/296/341 852/787/338
f 855/295/340 858/986/304 853/987/339
f 859/988/305 1171/793/301 1168/796/301
f 864/796/342 870/989/342 868/794/342
f 312/302/179 256/382/152 255/303/151
f 262/305/154 252/316/150 251/306/149
f 303/308/176 302/990/175 306/309/178
f 266/311/157 250/360/147 248/312/147
f 263/39/155 262/38/154 266/33/157
f 263/314/155 246/322/146 244/315/146
f 306/21/178 243/395/145 241/317/145
f 265/318/156 247/313/48 237/319/47
f 272/321/158 236/332/142 244/315/146
f 233/323/141 231/401/141 230/324/140
f 276/326/161 239/320/47 237/319/47
f 273/12/159 272/11/158 276/15/161
f 305/310/177 240/991/144 226/328/25
f 273/330/159 225/337/138 223/331/138
f 428/321/235 220/332/137 219/315/136
f 275/333/160 229/327/139 216/334/134
f 282/336/163 215/345/133 223/331/138
f 302/35/175 212/34/131 211/338/130
f 286/340/166 218/335/134 216/334/134
f 283/24/164 282/23/163 286/42/166
f 303/36/176 258/992/151 255/342/151
f 283/343/164 209/351/128 207/344/128
f 285/346/165 210/341/129 204/347/126
f 346/54/199 203/423/125 201/349/125
f 292/350/168 199/358/123 207/344/128
f 343/352/197 342/993/196 346/353/199
f 296/355/171 206/348/126 204/347/126
f 295/8/170 293/30/169 292/29/168
f 293/357/169 254/307/149 251/306/149
f 295/359/170 198/356/122 248/312/147
f 316/6/182 228/994/25 226/361/25
f 315/362/181 313/995/180 312/302/179
f 381/364/213 380/996/212 384/365/215
f 313/3/180 196/374/120 194/367/120
f 345/53/198 200/52/124 191/368/4
f 315/5/181 197/4/121 188/370/117
f 342/50/196 185/49/115 184/372/114
f 322/17/184 183/16/113 194/367/120
f 384/35/215 182/449/112 180/375/112
f 326/27/187 190/371/117 188/370/117
f 323/376/185 322/997/184 326/377/187
f 390/73/217 175/72/109 174/379/108
f 323/376/185 173/823/107 171/381/107
f 343/51/197 235/998/140 230/383/140
f 325/26/186 178/25/110 168/384/105
f 332/44/189 167/43/104 171/386/107
f 164/388/103 162/999/103 161/389/102
f 336/391/192 170/329/105 168/328/105
f 335/393/191 333/1000/190 332/394/189
f 333/45/190 214/339/130 211/338/130
f 335/47/191 160/46/101 241/317/145
f 193/396/4 191/1001/4 157/397/100
f 383/71/214 179/70/111 154/399/98
f 356/56/201 153/55/97 231/401/141
f 360/60/204 159/398/100 157/397/100
f 357/402/202 356/832/201 360/60/204
f 149/403/95 147/499/95 146/404/94
f 357/57/202 145/413/93 143/406/93
f 380/68/212 140/67/91 139/407/90
f 359/59/203 152/58/96 136/409/88
f 381/364/213 177/443/108 174/411/108
f 145/413/93 135/1002/87 133/414/87
f 138/410/88 136/409/88 130/415/85
f 422/311/233 129/360/84 127/312/84
f 370/62/206 125/61/82 133/417/87
f 419/86/231 418/85/230 422/89/233
f 374/66/209 132/518/85 130/419/85
f 371/420/207 370/837/206 374/421/209
f 371/63/207 187/373/114 184/372/114
f 373/65/208 124/64/81 201/349/125
f 394/424/220 156/842/98 154/425/98
f 391/427/218 390/843/217 394/424/220
f 391/74/218 122/432/79 120/429/79
f 421/318/232 126/313/83 117/319/77
f 393/76/219 123/75/80 114/430/75
f 418/305/230 111/316/73 110/306/72
f 400/79/222 109/78/71 120/429/79
f 544/150/292 106/149/70 105/433/69
f 404/83/225 116/431/75 114/430/75
f 403/435/224 401/843/223 400/427/222
f 401/80/223 103/385/67 101/437/67
f 419/314/231 222/322/136 219/315/136
f 403/435/224 104/426/68 98/438/65
f 459/440/253 458/1003/252 462/441/255
f 103/443/67 97/847/64 95/412/64
f 462/113/255 94/495/63 92/444/63
f 90/445/60 100/1004/65 98/446/65
f 142/408/90 139/407/90 95/161/64
f 90/445/60 88/447/60 180/375/112
f 432/326/238 119/320/77 117/319/77
f 429/92/236 428/91/235 432/95/238
f 429/330/236 86/337/58 84/331/58
f 461/442/254 91/1005/62 81/450/56
f 431/333/237 87/327/59 78/334/54
f 458/109/252 75/108/52 74/452/51
f 438/336/240 73/345/50 84/331/58
f 584/454/156 70/567/48 69/455/47
f 442/340/243 80/335/54 78/334/54
f 439/98/241 438/97/240 442/101/243
f 439/343/241 67/351/45 65/344/45
f 459/110/253 166/1006/102 161/457/102
f 441/346/242 68/341/46 62/347/43
f 497/458/270 496/1007/269 500/459/272
f 448/350/245 61/358/42 65/344/45
f 500/131/272 60/526/41 58/461/41
f 452/355/248 64/348/43 62/347/43
f 451/106/247 449/104/246 448/103/245
f 449/357/246 113/307/72 110/306/72
f 451/359/247 56/356/39 127/312/84
f 83/462/56 81/1008/56 53/463/37
f 472/115/257 52/114/36 162/465/103
f 499/130/271 57/129/40 49/467/34
f 476/119/260 55/464/37 53/463/37
f 473/116/258 472/115/257 476/469/260
f 496/127/269 45/126/31 44/471/30
f 473/116/258 43/869/29 41/473/29
f 40/474/25 38/904/26 36/475/26
f 475/118/259 48/117/33 32/477/23
f 31/479/22 29/1009/22 41/480/29
f 497/128/270 151/369/94 146/482/94
f 28/483/20 34/478/23 32/477/23
f 535/485/288 534/1010/287 538/486/290
f 486/121/262 25/120/19 29/488/22
f 538/148/290 24/562/18 22/490/18
f 490/491/265 28/871/20 26/492/20
f 487/494/263 486/872/262 490/491/265
f 487/122/263 77/453/51 74/452/51
f 489/124/264 20/123/16 92/444/63
f 19/496/14 51/1011/34 49/497/34
f 510/133/274 16/132/13 147/499/95
f 537/147/289 21/146/17 13/500/11
f 514/137/277 19/496/14 17/498/14
f 511/134/275 510/133/274 514/502/277
f 534/145/287 9/144/8 8/504/7
f 511/134/275 7/512/5 5/506/5
f 662/215/198 871/214/343 872/507/4
f 513/136/276 12/135/10 875/509/344
f 876/511/345 878/1012/345 5/506/5
f 535/485/288 108/557/69 105/513/69
f 873/510/344 875/509/344 881/515/346
f 577/171/158 575/169/161 574/168/160
f 524/139/280 882/138/347 878/517/345
f 578/519/159 883/598/138 885/520/138
f 528/143/283 879/1013/346 881/522/346
f 525/523/281 524/884/280 528/524/283
f 525/140/281 47/472/30 44/471/30
f 527/142/282 887/141/348 58/461/41
f 548/527/295 15/889/11 13/528/11
f 545/530/293 544/890/292 548/527/295
f 545/151/293 889/541/350 891/532/350
f 577/533/158 886/521/142 894/534/146
f 547/153/294 888/152/349 897/536/352
f 574/538/160 900/550/139 901/539/134
f 554/156/297 902/155/353 891/532/350
f 700/233/214 905/232/111 906/433/98
f 558/160/300 895/537/352 897/536/352
f 557/543/299 555/893/298 554/544/297
f 614/196/309 613/195/308 611/546/307
f 555/157/298 908/621/355 910/548/355
f 575/549/161 72/456/47 69/455/47
f 557/543/299 907/529/354 913/551/356
f 617/553/182 616/1014/181 620/554/180
f 564/556/302 914/1015/357 910/513/355
f 613/195/308 915/194/358 916/200/152
f 568/166/305 911/1016/356 913/558/356
f 565/559/303 564/556/302 568/560/305
f 565/163/303 11/505/7 8/504/7
f 567/165/304 917/164/359 22/490/18
f 588/563/155 892/535/146 894/534/146
f 585/175/157 584/174/156 588/178/155
f 585/565/157 919/574/147 921/566/147
f 619/555/179 916/1017/152 924/568/151
f 587/570/154 918/564/150 927/571/149
f 616/198/181 928/197/121 929/191/360
f 594/573/170 930/582/122 921/566/147
f 933/575/361 935/702/361 936/576/77
f 598/578/169 925/572/149 927/571/149
f 595/181/171 594/180/170 598/184/169
f 595/580/171 938/591/126 940/581/126
f 617/199/182 40/1018/25 35/583/25
f 597/584/168 937/579/123 943/585/128
f 653/587/311 652/1019/310 656/588/313
f 604/590/165 944/596/129 940/581/126
f 656/213/313 945/665/362 947/592/362
f 608/593/164 941/586/128 943/585/128
f 605/187/166 604/186/165 608/190/164
f 605/595/166 898/540/134 901/539/134
f 607/597/163 949/594/133 885/520/138
f 950/599/364 922/434/151 924/600/151
f 953/602/145 955/610/145 36/603/26
f 655/212/312 948/211/363 958/605/140
f 959/606/130 950/599/364 952/601/364
f 652/209/310 964/208/366 965/608/365
f 634/204/191 966/203/367 955/610/145
f 969/611/368 971/1020/368 972/612/56
f 638/207/190 959/606/130 961/607/130
f 635/614/192 634/1021/191 638/615/190
f 635/614/192 974/907/105 976/617/105
f 653/210/311 4/1022/4 872/619/4
f 637/157/189 973/206/104 979/620/107
f 691/622/220 690/1023/219 694/623/218
f 980/625/369 982/631/369 976/626/105
f 694/231/218 983/698/79 985/628/79
f 977/569/107 979/568/107 989/629/370
f 610/192/306 929/191/360 982/631/369
f 614/196/309 987/900/370 989/632/370
f 666/219/197 956/1024/140 958/633/140
f 663/634/199 662/917/198 666/635/197
f 663/216/199 991/644/125 993/637/125
f 693/230/217 986/229/109 996/638/108
f 665/218/196 990/217/115 999/640/114
f 690/227/219 1002/226/80 1003/642/75
f 991/644/125 1004/652/371 1006/645/371
f 1009/646/372 1011/763/372 1012/647/34
f 1013/649/373 997/641/114 999/640/114
f 730/254/325 729/253/324 727/251/323
f 1016/651/85 1018/1025/85 1006/645/371
f 691/622/220 903/928/98 906/653/98
f 1019/655/87 1013/649/373 1015/650/373
f 680/221/314 1022/220/374 1018/657/85
f 729/659/324 1025/731/376 1026/660/375
f 684/225/317 1019/1013/87 1021/522/87
f 683/662/316 681/1026/315 680/663/314
f 681/222/315 962/609/365 965/608/365
f 683/224/316 1027/223/377 947/592/362
f 704/666/213 994/929/108 996/667/108
f 701/669/215 700/930/214 704/666/213
f 701/234/215 1029/679/112 1031/671/112
f 1032/672/136 1023/661/375 1026/660/375
f 703/236/212 1028/235/91 1037/674/90
f 727/676/323 1038/688/378 1040/677/378
f 710/239/318 1042/238/380 1031/671/112
f 1043/680/11 1045/785/381 1047/681/381
f 714/243/321 1035/675/90 1037/674/90
f 711/683/319 710/669/318 714/670/321
f 762/685/259 766/266/258 765/265/257
f 711/240/319 1050/1027/65 1052/687/65
f 931/577/77 936/576/77 1040/677/378
f 713/684/320 1049/1028/382 1055/689/67
f 720/691/224 1056/1029/68 1052/692/65
f 765/265/257 1059/264/36 1060/19/103
f 724/166/223 1053/1030/67 1055/558/67
f 721/695/225 720/691/224 724/696/223
f 721/246/225 1000/643/75 1003/642/75
f 723/248/222 1061/247/71 985/628/79
f 1032/672/136 1034/673/136 1064/699/383
f 744/701/326 1065/711/384 935/702/361
f 1057/703/103 1060/1031/103 1068/704/102
f 748/706/329 1062/700/383 1064/699/383
f 745/257/327 744/256/326 748/260/329
f 763/263/260 1070/719/37 1072/708/37
f 745/709/327 1074/717/386 1076/710/386
f 747/712/328 1069/707/385 1079/713/387
f 802/715/275 801/963/274 799/275/277
f 1080/716/43 1082/723/43 1076/710/386
f 967/718/56 972/1032/56 1072/708/37
f 1083/720/45 1077/714/387 1079/713/387
f 1080/716/43 1086/729/388 1088/722/388
f 801/277/274 1091/276/13 1092/724/95
f 1083/720/45 1085/721/45 1095/726/389
f 726/728/322 1041/678/379 1088/722/388
f 730/730/325 1093/727/389 1095/726/389
f 1096/599/390 1066/1033/102 1068/732/102
f 780/268/330 1099/267/391 971/734/368
f 1089/725/95 1092/724/95 1102/368/94
f 784/272/333 1096/599/390 1098/733/390
f 781/269/331 780/268/330 784/736/333
f 799/275/277 1104/746/14 1106/738/14
f 781/269/331 1108/958/393 1110/739/393
f 783/271/332 1103/270/392 1113/740/394
f 1114/742/20 1116/1034/20 1110/743/393
f 1007/745/34 1012/1035/34 1106/738/14
f 1111/741/394 1113/740/394 1119/747/22
f 839/749/295 838/1036/294 842/750/293
f 1120/752/23 1122/758/23 1116/753/20
f 842/290/293 1123/802/350 1125/755/350
f 1127/703/29 1117/960/22 1119/756/22
f 762/262/259 1073/261/33 1122/758/23
f 766/266/258 1127/952/29 1129/759/29
f 1130/760/395 1100/405/94 1102/761/94
f 816/280/334 1133/279/396 1011/763/372
f 841/289/292 1126/288/70 1136/764/69
f 820/284/337 1130/760/395 1132/762/395
f 817/766/335 816/972/334 820/284/337
f 838/286/294 1140/285/398 1141/767/352
f 817/281/335 1142/771/399 1144/406/399
f 819/283/336 1137/282/397 1147/769/400
f 1142/771/399 1148/416/346 1150/772/346
f 839/749/295 1043/983/11 1048/773/11
f 1151/775/345 1145/770/400 1147/769/400
f 1154/777/344 1156/781/344 1150/778/346
f 1157/780/5 1151/1037/345 1153/419/345
f 798/274/276 1107/273/10 1156/781/344
f 802/278/275 1157/780/5 1159/138/5
f 1160/782/401 1134/982/69 1136/783/69
f 852/292/338 1163/291/402 1047/681/381
f 856/296/341 1160/1038/401 1162/786/401
f 855/295/340 853/987/339 852/787/338
f 858/79/304 1165/297/359 1163/291/402
f 855/295/340 1164/294/403 1166/299/357
f 861/788/302 859/988/305 858/789/304
f 859/298/305 1167/1039/356 1169/791/356
f 861/788/302 1166/784/357 1172/792/355
f 1173/794/404 1175/1040/404 1169/795/356
f 1170/797/355 1172/1041/355 1178/798/405
f 1138/768/352 1141/767/352 1175/800/404
f 1176/799/405 1178/798/405 1125/755/350
f 291/358/1 1/306/1 261/316/1
f 261/316/1 267/315/1 271/332/1
f 271/332/1 277/331/1 281/345/1
f 281/345/1 287/344/1 291/358/1
f 291/358/1 261/316/1 271/332/1
f 249/803/148 266/1042/157 262/804/154
f 295/806/170 260/803/2 2/805/2
f 269/319/153 264/313/153 259/312/153
f 259/312/153 294/356/153 289/347/153
f 289/347/153 284/341/153 279/334/153
f 279/334/153 274/327/153 269/319/153
f 269/319/153 259/312/153 289/347/153
f 263/39/155 265/32/156 238/808/143
f 268/809/49 270/808/49 276/15/161
f 275/810/160 217/813/135 224/811/135
f 280/813/162 286/1043/166 282/814/163
f 285/41/165 205/816/127 208/815/127
f 290/816/167 296/9/171 292/29/168
f 301/34/172 307/342/172 311/1044/172
f 311/1044/172 317/1045/172 321/817/172
f 321/817/172 327/386/172 331/43/172
f 331/43/172 297/338/172 301/34/172
f 301/34/172 311/1044/172 321/817/172
f 242/395/132 306/21/178 302/818/175
f 335/47/191 300/395/173 298/819/173
f 329/384/174 324/25/174 319/370/174
f 319/370/174 314/4/174 309/361/174
f 309/361/174 304/1046/174 299/821/174
f 299/821/174 334/1047/174 329/384/174
f 329/384/174 319/370/174 309/361/174
f 303/308/176 305/310/177 227/329/27
f 310/329/28 316/363/182 312/302/179
f 313/3/180 315/1048/181 189/822/118
f 320/822/183 326/1049/187 322/17/184
f 325/378/186 169/329/106 172/823/106
f 328/823/188 330/329/188 336/391/192
f 347/324/193 351/401/193 355/55/193
f 355/55/193 361/406/193 365/414/193
f 365/414/193 369/1050/193 337/824/193
f 337/824/193 341/1051/193 347/324/193
f 347/324/193 355/55/193 365/414/193
f 186/373/116 202/1052/116 346/825/199
f 373/826/208 340/1052/194 338/373/194
f 353/828/195 349/368/195 344/52/195
f 344/52/195 339/349/195 372/64/195
f 372/64/195 367/419/195 363/827/195
f 363/827/195 358/1053/195 353/828/195
f 353/828/195 344/52/195 372/64/195
f 345/354/198 192/830/119 234/829/119
f 350/830/3 158/1054/3 232/831/3
f 354/398/200 360/60/204 356/832/201
f 359/59/203 137/410/89 144/834/89
f 362/835/86 364/1054/86 131/830/86
f 368/830/205 374/421/209 370/837/206
f 385/379/210 389/72/210 395/429/210
f 395/429/210 399/78/210 405/437/210
f 405/437/210 409/1055/210 375/838/210
f 375/838/210 379/1056/210 385/379/210
f 385/379/210 395/429/210 405/437/210
f 181/839/92 384/1057/215 380/68/212
f 89/840/61 378/839/61 376/408/61
f 402/841/211 397/1058/211 392/1059/211
f 392/1059/211 387/399/211 382/70/211
f 382/70/211 377/375/211 411/447/211
f 411/447/211 407/446/211 402/841/211
f 402/841/211 392/1059/211 382/70/211
f 383/366/214 155/842/99 176/443/99
f 388/842/216 394/424/220 390/843/217
f 393/76/219 115/431/76 121/844/76
f 398/431/221 404/83/225 400/846/222
f 401/843/223 403/435/224 99/439/66
f 408/439/226 412/1060/226 410/847/226
f 413/306/227 417/316/227 423/315/227
f 423/315/227 427/332/227 433/331/227
f 433/331/227 437/345/227 443/344/227
f 443/344/227 447/358/227 413/306/227
f 413/306/227 423/315/227 433/331/227
f 128/848/74 422/1061/233 418/849/230
f 451/851/247 416/848/228 414/850/228
f 440/341/229 435/334/229 430/327/229
f 430/327/229 425/319/229 420/313/229
f 420/313/229 415/312/229 450/356/229
f 450/356/229 445/347/229 440/341/229
f 440/341/229 430/327/229 420/313/229
f 419/86/231 421/88/232 118/853/78
f 424/854/234 426/853/234 432/95/238
f 431/855/237 79/858/55 85/856/55
f 436/858/239 442/1062/243 438/859/240
f 441/100/242 63/861/44 66/860/44
f 446/861/244 452/107/248 448/103/245
f 467/862/249 471/1063/249 477/1064/249
f 477/1064/249 481/488/249 485/120/249
f 485/120/249 453/452/249 457/108/249
f 457/108/249 463/457/249 467/862/249
f 467/862/249 477/1064/249 485/120/249
f 93/495/53 462/113/255 458/863/252
f 487/865/263 489/124/264 456/495/250
f 479/477/251 474/117/251 469/463/251
f 469/463/251 465/1008/251 460/866/251
f 460/866/251 455/1065/251 488/867/251
f 488/867/251 483/484/251 479/477/251
f 479/477/251 469/463/251 460/866/251
f 461/442/254 82/451/57 165/390/57
f 466/451/38 54/870/38 163/388/38
f 470/868/256 476/469/260 472/115/257
f 475/470/259 33/1066/24 42/869/24
f 480/870/21 27/871/21 30/479/21
f 484/871/261 490/491/265 486/872/262
f 491/471/266 495/126/266 501/482/266
f 501/482/266 505/1067/266 509/873/266
f 509/873/266 515/1068/266 519/517/266
f 519/517/266 523/138/266 491/471/266
f 491/471/266 501/482/266 509/873/266
f 59/526/32 500/131/272 496/874/269
f 525/876/281 527/142/282 494/526/267
f 517/509/268 512/135/268 507/498/268
f 507/498/268 503/497/268 498/877/268
f 498/877/268 493/1069/268 526/878/268
f 526/878/268 521/515/268 517/509/268
f 517/509/268 507/498/268 498/877/268
f 499/460/271 50/1070/35 150/879/35
f 502/879/15 504/1070/15 18/880/15
f 508/882/273 514/502/277 510/133/274
f 513/503/276 874/1071/6 6/512/6
f 518/883/278 880/1072/278 877/879/278
f 520/879/279 522/1072/279 528/524/283
f 529/885/284 533/1073/284 539/433/284
f 539/433/284 543/149/284 549/532/284
f 549/532/284 553/155/284 559/548/284
f 559/548/284 563/1074/284 529/885/284
f 529/885/284 539/433/284 549/532/284
f 23/886/9 538/1075/290 534/145/287
f 567/887/304 532/886/285 530/505/285
f 556/888/286 551/1076/286 546/1077/286
f 546/1077/286 541/500/286 536/146/286
f 536/146/286 531/490/286 566/164/286
f 566/164/286 561/558/286 556/888/286
f 556/888/286 546/1077/286 536/146/286
f 537/487/289 14/889/12 107/557/12
f 542/889/291 548/527/295 544/890/292
f 547/153/294 896/537/351 890/891/351
f 550/891/296 552/537/296 558/160/300
f 557/543/299 912/552/342 909/557/342
f 560/557/301 562/552/301 568/560/305
f 569/539/153 573/550/153 579/455/153
f 579/455/153 583/567/153 589/566/153
f 589/566/153 593/582/153 599/581/153
f 599/581/153 603/596/153 569/539/153
f 569/539/153 579/455/153 589/566/153
f 884/858/135 578/855/159 574/857/160
f 605/859/166 607/1062/163 572/858/162
f 596/579/1 591/571/1 586/564/1
f 586/564/1 581/534/1 576/521/1
f 576/521/1 571/520/1 606/594/1
f 606/594/1 601/585/1 596/579/1
f 596/579/1 586/564/1 576/521/1
f 577/171/158 893/895/49 71/894/49
f 582/895/143 588/178/155 584/174/156
f 585/849/157 587/1061/154 926/848/148
f 592/848/2 598/851/169 594/852/170
f 595/181/171 597/183/168 942/896/167
f 600/897/127 602/896/127 608/190/164
f 609/191/174 615/197/174 621/583/174
f 621/583/174 625/1078/174 629/898/174
f 629/898/174 633/888/174 639/626/174
f 639/626/174 643/631/174 609/191/174
f 609/191/174 621/583/174 629/898/174
f 611/546/307 613/195/308 620/202/180
f 988/900/183 614/196/309 610/547/306
f 636/206/172 631/607/172 627/601/172
f 627/601/172 623/600/172 618/902/172
f 618/902/172 612/1079/172 645/903/172
f 645/903/172 641/620/172 636/206/172
f 636/206/172 627/601/172 618/902/172
f 617/553/182 619/555/179 923/569/28
f 624/569/27 951/1080/27 37/904/27
f 626/604/132 628/1081/132 960/905/132
f 630/602/173 632/905/173 638/906/190
f 637/616/189 978/569/188 975/907/188
f 640/907/106 642/569/106 646/630/106
f 647/608/195 651/208/195 657/619/195
f 657/619/195 661/1082/195 667/909/195
f 667/909/195 671/1083/195 675/657/195
f 675/657/195 679/220/195 647/608/195
f 647/608/195 657/619/195 667/909/195
f 963/910/200 946/665/200 656/213/313
f 683/224/316 650/665/89 648/910/89
f 673/650/193 669/640/193 664/217/193
f 664/217/193 659/633/193 654/913/193
f 654/913/193 649/1084/193 682/914/193
f 682/914/193 677/656/193 673/650/193
f 673/650/193 664/217/193 654/913/193
f 653/587/311 655/589/312 957/915/3
f 660/915/119 666/635/197 662/917/198
f 665/918/196 998/919/116 992/644/116
f 670/919/194 1014/1071/194 1005/652/194
f 674/920/205 1020/923/205 1017/921/205
f 678/923/86 684/664/317 680/663/314
f 685/924/211 689/1085/211 695/433/211
f 695/433/211 699/232/211 705/671/211
f 705/671/211 709/238/211 715/687/211
f 715/687/211 719/1086/211 685/924/211
f 685/924/211 695/433/211 705/671/211
f 984/925/76 694/1087/218 690/227/219
f 723/926/222 688/925/221 686/643/221
f 712/927/210 707/1088/210 702/1078/210
f 702/1078/210 697/638/210 692/229/210
f 692/229/210 687/628/210 722/247/210
f 722/247/210 717/558/210 712/927/210
f 712/927/210 702/1078/210 692/229/210
f 693/624/217 995/929/216 904/928/216
f 698/929/99 704/666/213 700/930/214
f 701/931/215 703/236/212 1036/675/92
f 708/675/61 714/243/321 710/933/318
f 711/683/319 713/684/320 1054/690/226
f 718/690/66 724/696/223 720/691/224
f 725/678/229 731/677/229 735/576/229
f 735/576/229 739/702/229 743/711/229
f 743/711/229 749/710/229 753/723/229
f 753/723/229 757/722/229 725/678/229
f 725/678/229 735/576/229 743/711/229
f 729/253/324 1024/1089/55 1039/934/55
f 1094/935/239 730/254/325 726/250/322
f 751/713/227 746/707/227 741/699/227
f 741/699/227 737/673/227 733/660/227
f 733/660/227 728/731/227 759/726/227
f 759/726/227 755/721/227 751/713/227
f 751/713/227 741/699/227 733/660/227
f 734/937/234 1033/940/234 932/938/234
f 738/940/78 1063/1090/78 934/941/78
f 740/942/74 742/1091/74 748/260/329
f 745/257/327 747/259/328 1078/943/228
f 750/945/244 752/1092/244 1084/946/244
f 754/947/44 756/946/44 760/948/44
f 761/261/251 767/708/251 771/1032/251
f 771/1032/251 775/1093/251 779/950/251
f 779/950/251 785/1094/251 789/753/251
f 789/753/251 793/758/251 761/261/251
f 761/261/251 771/1032/251 779/950/251
f 763/686/260 765/265/257 1058/694/256
f 1128/952/24 766/266/258 762/685/259
f 787/740/249 782/270/249 777/733/249
f 777/733/249 773/732/249 769/954/249
f 769/954/249 764/1095/249 795/955/249
f 795/955/249 791/747/249 787/740/249
f 787/740/249 777/733/249 769/954/249
f 770/703/38 1067/705/38 968/613/38
f 774/705/57 1097/1096/57 970/611/57
f 778/957/53 784/736/333 780/268/330
f 783/737/332 1112/1097/250 1109/958/250
f 788/959/261 1118/960/261 1115/742/261
f 792/960/21 796/703/21 794/961/21
f 797/962/268 803/1098/268 807/647/268
f 807/647/268 811/763/268 815/279/268
f 815/279/268 821/406/268 825/772/268
f 825/772/268 829/1099/268 797/962/268
f 797/962/268 807/647/268 815/279/268
f 801/963/274 1090/1100/273 1105/746/273
f 1158/964/6 802/715/275 798/274/276
f 823/769/266 818/282/266 813/762/266
f 813/762/266 809/761/266 805/965/266
f 805/965/266 800/1101/266 831/966/266
f 831/966/266 827/776/266 823/769/266
f 823/769/266 813/762/266 805/965/266
f 806/967/15 1101/976/15 1008/968/15
f 808/968/35 810/976/35 1131/970/35
f 814/760/32 820/284/337 816/972/334
f 819/974/336 1146/1102/267 1143/771/267
f 822/975/279 824/1103/279 1152/976/279
f 828/976/278 832/1104/278 830/978/278
f 833/838/286 837/1105/286 843/682/286
f 843/682/286 847/681/286 851/291/286
f 851/291/286 857/297/286 863/791/286
f 863/791/286 867/1106/286 833/838/286
f 833/838/286 843/682/286 851/291/286
f 1124/979/351 842/1107/293 838/286/294
f 1177/980/296 836/979/296 834/768/296
f 860/981/284 854/1108/284 849/1109/284
f 849/1109/284 845/764/284 840/288/284
f 840/288/284 835/755/284 869/798/284
f 869/798/284 865/1041/284 860/981/284
f 860/981/284 849/1109/284 840/288/284
f 839/749/295 841/751/292 1135/982/291
f 846/982/12 1161/782/12 1046/984/12
f 848/985/9 850/1038/9 856/296/341
f 855/295/340 862/301/303 858/986/304
f 859/988/305 861/788/302 1171/793/301
f 864/796/342 866/793/342 870/989/342
