# Blender 5.2.0 LTS
# www.blender.org
o Backdrop_Keyboard
v 27.850025 7.000000 -9.850024
v 27.904066 7.447084 -9.451170
v -37.678551 11.552916 -8.079126
v -36.937866 7.447084 -8.548830
v -36.479931 7.442852 -8.096471
v 32.095932 7.447084 -9.451171
v 31.626230 11.552916 -9.920874
v 31.577980 12.000000 -10.422019
v 32.079124 11.552916 -10.373771
v 32.149975 7.000000 -9.850025
v -47.049999 0.450000 17.500000
v 32.548828 7.447084 -9.904069
v -44.062134 7.447084 -8.548828
v -43.321453 11.552916 -8.079126
v -47.049999 0.000000 17.049999
v -44.520069 7.442852 -8.096470
v -47.049999 6.550000 17.500000
v -47.500000 0.450000 17.049999
v 21.451170 7.447084 -9.904068
v 21.920874 11.552916 -10.373771
v 22.422020 12.000000 -10.422019
v 22.373770 11.552916 -9.920873
v -31.373770 11.552916 -8.079127
v -30.904066 7.447084 -8.548830
v -30.451170 7.447084 -8.095932
v -30.920874 11.552916 -7.626230
v 21.850025 7.000000 -9.850024
v 21.904066 7.447084 -9.451170
v 34.985168 11.552916 -14.079126
v 26.095934 7.447084 -9.451171
v 25.626230 11.552916 -9.920874
v 25.577980 12.000000 -10.422019
v 26.079126 11.552916 -10.373771
v 33.973499 7.447084 -14.548828
v 26.149975 7.000000 -9.850025
v 26.548830 7.447084 -9.904069
v 31.577980 12.000000 -13.577981
v 28.422020 12.000000 -13.577981
v 15.451171 7.447084 -9.904068
v 15.920874 11.552916 -10.373771
v 16.422020 12.000000 -10.422019
v 16.373770 11.552916 -9.920873
v 27.850025 7.000000 -14.149975
v 32.149975 7.000000 -14.149976
v 15.850025 7.000000 -9.850024
v 15.904069 7.447084 -9.451170
v 31.626230 11.552916 -14.079127
v 32.095932 7.447084 -14.548830
v 32.548828 7.447084 -14.095932
v 32.079128 11.552916 -13.626229
v 20.095934 7.447084 -9.451171
v 19.626230 11.552916 -9.920874
v 19.577980 12.000000 -10.422019
v 20.079126 11.552916 -10.373771
v 25.577980 12.000000 -13.577981
v 22.422020 12.000000 -13.577981
v 20.149975 7.000000 -9.850025
v 20.548830 7.447084 -9.904069
v 27.904066 7.447084 -14.548829
v 28.373770 11.552916 -14.079126
v 27.920874 11.552916 -13.626229
v 27.451170 7.447084 -14.095931
v 9.451171 7.447084 -9.904068
v 9.920874 11.552916 -10.373771
v 10.422019 12.000000 -10.422019
v 10.373771 11.552916 -9.920873
v 43.014832 11.552916 -14.079126
v 44.026501 7.447084 -14.548830
v 9.850025 7.000000 -9.850024
v 9.904069 7.447084 -9.451170
v 22.373770 11.552916 -14.079126
v 21.920874 11.552916 -13.626229
v 21.451170 7.447084 -14.095931
v 14.095932 7.447084 -9.451171
v 13.626229 11.552916 -9.920874
v 13.577981 12.000000 -10.422019
v 14.079127 11.552916 -10.373771
v 21.850025 7.000000 -14.149975
v 26.149975 7.000000 -14.149976
v 21.904066 7.447084 -14.548829
v 14.149976 7.000000 -9.850025
v 14.548830 7.447084 -9.904069
v 19.577980 12.000000 -13.577981
v 16.422020 12.000000 -13.577981
v 3.451171 7.447084 -9.904068
v 3.920874 11.552916 -10.373771
v 4.422019 12.000000 -10.422019
v 4.373771 11.552916 -9.920873
v 15.850024 7.000000 -14.149975
v 20.149975 7.000000 -14.149976
v 3.850025 7.000000 -9.850024
v 3.904068 7.447084 -9.451170
v 19.626230 11.552916 -14.079127
v 20.095934 7.447084 -14.548830
v 20.548830 7.447084 -14.095932
v 20.079126 11.552916 -13.626229
v 8.095932 7.447084 -9.451171
v 7.626230 11.552916 -9.920874
v 7.577981 12.000000 -10.422019
v 8.079127 11.552916 -10.373771
v 13.577981 12.000000 -13.577981
v 10.422019 12.000000 -13.577981
v 8.149976 7.000000 -9.850025
v 8.548830 7.447084 -9.904069
v 15.904068 7.447084 -14.548829
v 16.373770 11.552916 -14.079126
v 15.920873 11.552916 -13.626229
v 15.451170 7.447084 -14.095931
v -2.548829 7.447084 -9.904068
v -2.079126 11.552916 -10.373771
v -1.577980 12.000000 -10.422019
v -1.626229 11.552916 -9.920873
v 25.626230 11.552916 -14.079127
v 26.095934 7.447084 -14.548830
v 26.548830 7.447084 -14.095932
v 26.079126 11.552916 -13.626229
v -2.149975 7.000000 -9.850024
v -2.095932 7.447084 -9.451170
v 10.373771 11.552916 -14.079126
v 9.920873 11.552916 -13.626229
v 9.451170 7.447084 -14.095931
v 2.095932 7.447084 -9.451171
v 1.626230 11.552916 -9.920874
v 1.577981 12.000000 -10.422019
v 2.079127 11.552916 -10.373771
v 9.850024 7.000000 -14.149975
v 14.149975 7.000000 -14.149976
v 9.904068 7.447084 -14.548829
v 2.149975 7.000000 -9.850025
v 2.548829 7.447084 -9.904069
v 7.577981 12.000000 -13.577981
v 4.422019 12.000000 -13.577981
v -8.548829 7.447084 -9.904068
v -8.079126 11.552916 -10.373771
v -7.577981 12.000000 -10.422019
v -7.626230 11.552916 -9.920873
v 3.850025 7.000000 -14.149975
v 8.149975 7.000000 -14.149976
v -8.149975 7.000000 -9.850024
v -8.095931 7.447084 -9.451170
v 7.626230 11.552916 -14.079127
v 8.095931 7.447084 -14.548830
v 8.548829 7.447084 -14.095932
v 8.079126 11.552916 -13.626229
v -3.904068 7.447084 -9.451171
v -4.373770 11.552916 -9.920874
v -4.422019 12.000000 -10.422019
v -3.920873 11.552916 -10.373771
v 1.577980 12.000000 -13.577981
v -1.577981 12.000000 -13.577981
v -3.850025 7.000000 -9.850025
v -3.451171 7.447084 -9.904069
v 3.904068 7.447084 -14.548829
v 4.373770 11.552916 -14.079126
v 3.920873 11.552916 -13.626229
v 3.451171 7.447084 -14.095931
v -14.548829 7.447084 -9.904068
v -14.079126 11.552916 -10.373771
v -13.577981 12.000000 -10.422019
v -13.626229 11.552916 -9.920873
v 13.626229 11.552916 -14.079127
v 14.095931 7.447084 -14.548830
v 14.548829 7.447084 -14.095932
v 14.079126 11.552916 -13.626229
v -14.149975 7.000000 -9.850024
v -14.095931 7.447084 -9.451170
v -1.626230 11.552916 -14.079126
v -2.079127 11.552916 -13.626229
v -2.548829 7.447084 -14.095931
v -9.904068 7.447084 -9.451171
v -10.373771 11.552916 -9.920874
v -10.422019 12.000000 -10.422019
v -9.920873 11.552916 -10.373771
v -2.149975 7.000000 -14.149975
v 2.149975 7.000000 -14.149976
v -2.095932 7.447084 -14.548829
v -9.850024 7.000000 -9.850025
v -9.451170 7.447084 -9.904069
v -4.422019 12.000000 -13.577981
v -7.577981 12.000000 -13.577981
v -20.548830 7.447084 -9.904068
v -20.079126 11.552916 -10.373771
v -19.577980 12.000000 -10.422019
v -19.626230 11.552916 -9.920873
v -8.149976 7.000000 -14.149975
v -3.850025 7.000000 -14.149976
v -20.149975 7.000000 -9.850024
v -20.095934 7.447084 -9.451170
v -4.373771 11.552916 -14.079127
v -3.904068 7.447084 -14.548830
v -3.451171 7.447084 -14.095932
v -3.920874 11.552916 -13.626229
v -15.904068 7.447084 -9.451171
v -16.373770 11.552916 -9.920874
v -16.422020 12.000000 -10.422019
v -15.920873 11.552916 -10.373771
v -10.422019 12.000000 -13.577981
v -13.577981 12.000000 -13.577981
v -15.850024 7.000000 -9.850025
v -15.451170 7.447084 -9.904069
v -8.095932 7.447084 -14.548829
v -7.626230 11.552916 -14.079126
v -8.079127 11.552916 -13.626229
v -8.548830 7.447084 -14.095931
v -26.548830 7.447084 -9.904068
v -26.079126 11.552916 -10.373771
v -25.577980 12.000000 -10.422019
v -25.626230 11.552916 -9.920873
v 1.626229 11.552916 -14.079127
v 2.095932 7.447084 -14.548830
v 2.548829 7.447084 -14.095932
v 2.079126 11.552916 -13.626229
v -26.149975 7.000000 -9.850024
v -26.095934 7.447084 -9.451170
v -13.626229 11.552916 -14.079126
v -14.079127 11.552916 -13.626229
v -14.548830 7.447084 -14.095931
v -21.904066 7.447084 -9.451171
v -22.373770 11.552916 -9.920874
v -22.422020 12.000000 -10.422019
v -21.920874 11.552916 -10.373771
v -14.149976 7.000000 -14.149975
v -9.850025 7.000000 -14.149976
v -14.095932 7.447084 -14.548829
v -21.850025 7.000000 -9.850025
v -21.451170 7.447084 -9.904069
v -16.422020 12.000000 -13.577981
v -19.577980 12.000000 -13.577981
v -32.548828 7.447084 -9.904068
v -32.079128 11.552916 -10.373771
v -31.577980 12.000000 -10.422019
v -31.626230 11.552916 -9.920873
v -20.149975 7.000000 -14.149975
v -15.850025 7.000000 -14.149976
v -32.149975 7.000000 -9.850024
v -32.095932 7.447084 -9.451170
v -16.373770 11.552916 -14.079127
v -15.904069 7.447084 -14.548830
v -15.451171 7.447084 -14.095932
v -15.920874 11.552916 -13.626229
v -27.904066 7.447084 -9.451171
v -28.373770 11.552916 -9.920874
v -28.422020 12.000000 -10.422019
v -27.920874 11.552916 -10.373771
v -22.422020 12.000000 -13.577981
v -25.577980 12.000000 -13.577981
v -27.850025 7.000000 -9.850025
v -27.451170 7.447084 -9.904069
v -20.095934 7.447084 -14.548829
v -19.626230 11.552916 -14.079126
v -20.079126 11.552916 -13.626229
v -20.548830 7.447084 -14.095931
v -38.548828 7.447084 -9.904068
v -38.079128 11.552916 -10.373771
v -37.577980 12.000000 -10.422019
v -37.626228 11.552916 -9.920873
v -10.373771 11.552916 -14.079127
v -9.904069 7.447084 -14.548830
v -9.451171 7.447084 -14.095932
v -9.920874 11.552916 -13.626229
v -38.149975 7.000000 -9.850024
v -38.095932 7.447084 -9.451170
v -25.626230 11.552916 -14.079126
v -26.079126 11.552916 -13.626229
v -26.548830 7.447084 -14.095931
v -33.904068 7.447084 -9.451171
v -34.373772 11.552916 -9.920874
v -34.422020 12.000000 -10.422019
v -33.920876 11.552916 -10.373771
v -26.149975 7.000000 -14.149975
v -21.850025 7.000000 -14.149976
v -26.095934 7.447084 -14.548829
v -33.850025 7.000000 -9.850025
v -33.451172 7.447084 -9.904069
v -28.422020 12.000000 -13.577981
v -31.577980 12.000000 -13.577981
v -44.548828 7.447084 -9.904068
v -44.079128 11.552916 -10.373771
v -43.577980 12.000000 -10.422019
v -43.626228 11.552916 -9.920873
v -28.373770 11.552916 -14.079127
v -27.451170 7.447084 -14.095932
v -27.920874 11.552916 -13.626229
v -44.149975 7.000000 -9.850024
v -44.095932 7.447084 -9.451170
v -32.149975 7.000000 -14.149975
v -27.850025 7.000000 -14.149976
v -27.904066 7.447084 -14.548830
v -39.904068 7.447084 -9.451171
v -40.373772 11.552916 -9.920874
v -40.422020 12.000000 -10.422019
v -39.920876 11.552916 -10.373771
v -32.095932 7.447084 -14.548829
v -31.626230 11.552916 -14.079126
v -32.079124 11.552916 -13.626229
v -32.548828 7.447084 -14.095931
v -39.850025 7.000000 -9.850025
v -39.451172 7.447084 -9.904069
v -34.422020 12.000000 -13.577981
v -37.577980 12.000000 -13.577981
v -39.451172 7.447084 -14.095932
v -39.920872 11.552916 -13.626229
v -44.079124 11.552916 -13.626229
v -44.548828 7.447084 -14.095931
v -40.422020 12.000000 -13.577981
v -43.577980 12.000000 -13.577981
v -43.626228 11.552916 -14.079126
v -40.373772 11.552916 -14.079127
v -38.149975 7.000000 -14.149975
v -33.850025 7.000000 -14.149976
v -22.373770 11.552916 -14.079127
v -21.904066 7.447084 -14.548830
v -21.451170 7.447084 -14.095932
v -21.920874 11.552916 -13.626229
v -44.149975 7.000000 -14.149975
v -39.850025 7.000000 -14.149976
v -39.904068 7.447084 -14.548830
v -44.095932 7.447084 -14.548829
v -38.095932 7.447084 -14.548829
v -37.626228 11.552916 -14.079126
v -38.079124 11.552916 -13.626229
v -38.548828 7.447084 -14.095931
v -34.373772 11.552916 -14.079127
v -33.904068 7.447084 -14.548830
v -33.451172 7.447084 -14.095932
v -33.920872 11.552916 -13.626229
v 47.049999 0.000000 -14.349999
v -47.049999 0.000000 -14.349999
v 47.500000 0.450000 -14.349999
v 47.049999 0.450000 -13.900000
v 47.049999 12.550000 -13.900000
v 47.500000 12.550000 -17.049999
v 47.500000 12.550000 -14.349999
v 47.049999 13.000000 -14.349999
v 47.049999 12.550000 -17.500000
v 47.049999 13.000000 -17.049999
v -47.049999 13.000000 -17.049999
v -47.049999 13.000000 -14.349999
v -47.500000 12.550000 -14.349999
v -47.049999 12.550000 -13.900000
v -47.049999 0.450000 -13.900000
v 47.049999 0.450000 17.500000
v 47.049999 6.550000 17.500000
v 47.500000 6.550000 17.049999
v 47.049999 7.000000 17.049999
v 47.049999 6.550000 -17.500000
v 47.049999 7.000000 -17.049999
v -47.049999 6.550000 -17.500000
v -47.049999 7.000000 -17.049999
v -47.049999 7.000000 17.049999
v -47.500000 6.550000 17.049999
v -47.049999 6.550000 17.500000
v -47.049999 0.450000 17.500000
v 47.049999 0.000000 17.049999
v -21.161963 7.447084 14.548830
v -21.161963 7.447084 14.548830
v -21.649822 7.000000 14.149976
v -21.649822 7.000000 14.149976
v -21.649822 7.000000 14.149976
v -21.817135 7.350125 14.108143
v -21.817135 7.350125 14.108143
v 14.317137 7.350125 14.108142
v 14.317137 7.350125 14.108142
v 14.149825 7.000000 14.149975
v 14.149825 7.000000 14.149975
v 14.149825 7.000000 14.149975
v 13.661964 7.447084 14.548829
v 13.661964 7.447084 14.548829
v 13.661962 7.447084 9.451170
v 13.661962 7.447084 9.451170
v 14.149823 7.000000 9.850024
v 14.149823 7.000000 9.850024
v 14.149823 7.000000 9.850024
v 14.317135 7.350125 9.891857
v 14.317135 7.350125 9.891857
v -21.817137 7.350125 9.891858
v -21.817137 7.350125 9.891858
v -21.649824 7.000000 9.850025
v -21.649824 7.000000 9.850025
v -21.649824 7.000000 9.850025
v -21.161964 7.447084 9.451171
v -21.161964 7.447084 9.451171
v 29.530256 7.447084 8.548830
v 29.530256 7.447084 8.548830
v 29.350077 7.000000 8.149976
v 29.350077 7.000000 8.149976
v 29.350077 7.000000 8.149976
v 29.046988 7.425343 8.098693
v 29.046988 7.425343 8.098693
v 44.453014 7.425343 8.098693
v 44.453014 7.425343 8.098693
v 44.149925 7.000000 8.149975
v 44.149925 7.000000 8.149975
v 44.149925 7.000000 8.149975
v 43.969746 7.447084 8.548828
v 43.969746 7.447084 8.548828
v 43.969742 7.447084 3.451171
v 43.969742 7.447084 3.451171
v 44.149921 7.000000 3.850025
v 44.149921 7.000000 3.850025
v 44.149921 7.000000 3.850025
v 44.453011 7.425342 3.901307
v 44.453011 7.425342 3.901307
v 29.046986 7.425343 3.901307
v 29.046986 7.425343 3.901307
v 29.350075 7.000000 3.850025
v 29.350075 7.000000 3.850025
v 29.350075 7.000000 3.850025
v 29.530254 7.447084 3.451171
v 29.530254 7.447084 3.451171
v -44.008007 7.447084 8.548830
v -44.008007 7.447084 8.548830
v -44.149937 7.000000 8.149976
v -44.149937 7.000000 8.149976
v -44.149937 7.000000 8.149976
v -44.478844 7.433401 8.097672
v -44.478844 7.433401 8.097672
v -32.021152 7.433402 8.097671
v -32.021152 7.433402 8.097671
v -32.350060 7.000000 8.149975
v -32.350060 7.000000 8.149975
v -32.350060 7.000000 8.149975
v -32.491989 7.447084 8.548829
v -32.491989 7.447084 8.548829
v -32.491989 7.447084 3.451171
v -32.491989 7.447084 3.451171
v -32.350060 7.000000 3.850025
v -32.350060 7.000000 3.850025
v -32.350060 7.000000 3.850025
v -32.021152 7.433402 3.902329
v -32.021152 7.433402 3.902329
v -44.478848 7.433402 3.902329
v -44.478848 7.433402 3.902329
v -44.149937 7.000000 3.850025
v -44.149937 7.000000 3.850025
v -44.149937 7.000000 3.850025
v -44.008007 7.447084 3.451171
v -44.008007 7.447084 3.451171
v 32.491989 7.447084 2.548829
v 32.491989 7.447084 2.548829
v 32.350060 7.000000 2.149975
v 32.350060 7.000000 2.149975
v 32.350060 7.000000 2.149975
v 32.021152 7.433402 2.097671
v 32.021152 7.433402 2.097671
v 44.478848 7.433402 2.097671
v 44.478848 7.433402 2.097671
v 44.149937 7.000000 2.149975
v 44.149937 7.000000 2.149975
v 44.149937 7.000000 2.149975
v 44.008007 7.447084 2.548829
v 44.008007 7.447084 2.548829
v 44.008007 7.447084 -2.548829
v 44.008007 7.447084 -2.548829
v 44.149937 7.000000 -2.149975
v 44.149937 7.000000 -2.149975
v 44.149937 7.000000 -2.149975
v 44.478844 7.433401 -2.097671
v 44.478844 7.433401 -2.097671
v 32.021152 7.433402 -2.097671
v 32.021152 7.433402 -2.097671
v 32.350060 7.000000 -2.149975
v 32.350060 7.000000 -2.149975
v 32.350060 7.000000 -2.149975
v 32.491989 7.447084 -2.548829
v 32.491989 7.447084 -2.548829
v -44.149952 7.000000 2.149975
v -44.149952 7.000000 2.149975
v -44.506039 7.440090 2.096822
v -44.506039 7.440090 2.096822
v -34.993961 7.440091 2.096821
v -34.993961 7.440091 2.096821
v -35.350048 7.000000 2.149975
v -35.350048 7.000000 2.149975
v -35.350048 7.000000 -2.149975
v -35.350048 7.000000 -2.149975
v -34.993961 7.440090 -2.096822
v -34.993961 7.440090 -2.096822
v -44.506039 7.440091 -2.096821
v -44.506039 7.440091 -2.096821
v -44.149952 7.000000 -2.149975
v -44.149952 7.000000 -2.149975
v 33.850056 7.000000 -9.850024
v 33.850056 7.000000 -9.850024
v 33.507713 7.436932 -9.902777
v 33.507713 7.436932 -9.902777
v 44.492287 7.436932 -9.902778
v 44.492287 7.436932 -9.902778
v 44.149944 7.000000 -9.850025
v 44.149944 7.000000 -9.850025
v 44.149944 7.000000 -14.149976
v 44.149944 7.000000 -14.149976
v 44.492287 7.436932 -14.097223
v 44.492287 7.436932 -14.097223
v 33.507713 7.436932 -14.097222
v 33.507713 7.436932 -14.097222
v 33.850056 7.000000 -14.149975
v 33.850056 7.000000 -14.149975
v -47.500000 12.550000 -17.049999
v -47.049999 12.550000 -17.500000
v -47.049999 12.550000 -17.500000
v -47.500000 0.450000 -14.349999
v -47.500000 6.550000 -17.049999
v -47.500000 0.450000 -17.049999
v -47.049999 0.000000 17.049999
v -47.049999 0.000000 17.049999
v -47.049999 7.000000 17.049999
v -47.500000 6.550000 17.049999
v -47.500000 -0.450000 -17.950001
v -47.500000 0.450000 17.049999
v -47.049999 0.000000 -17.500000
v -47.500000 0.450000 -17.049999
v -47.049999 7.000000 -17.049999
v -47.049999 6.550000 -17.500000
v -47.500000 6.550000 -17.049999
v 47.049999 0.000000 17.049999
v 47.500000 0.450000 17.049999
v 47.049999 0.450000 17.500000
v 47.049999 7.000000 17.049999
v 47.049999 6.550000 17.500000
v 47.500000 6.550000 17.049999
v 47.500000 0.450000 -17.500000
v 47.500000 0.450000 -17.049999
v 47.500000 0.000000 -17.049999
v 47.500000 -0.450000 -17.950001
v 47.049999 7.000000 -17.049999
v 47.500000 6.550000 -17.049999
v 47.049999 6.550000 -17.500000
v -47.500000 0.450000 -14.349999
v -47.049999 0.000000 -14.349999
v -47.049999 0.450000 -13.900000
v -47.049999 12.550000 -13.900000
v -47.049999 13.000000 -14.349999
v -47.500000 12.550000 -14.349999
v -47.500000 12.550000 -17.049999
v -47.049999 13.000000 -17.049999
v -47.049999 12.550000 -17.500000
v 47.500000 0.450000 -14.349999
v 47.049999 0.450000 -13.900000
v 47.049999 0.000000 -14.349999
v 47.049999 13.000000 -14.349999
v 47.049999 12.550000 -13.900000
v 47.500000 12.550000 -14.349999
v 47.049999 12.550000 -17.500000
v 47.049999 13.000000 -17.049999
v 47.500000 12.550000 -17.049999
v -44.149975 7.000000 -14.149975
v -44.548828 7.447084 -14.095931
v -44.095932 7.447084 -14.548829
v -43.577980 12.000000 -13.577981
v -43.626228 11.552916 -14.079126
v -44.079124 11.552916 -13.626229
v -39.850025 7.000000 -14.149976
v -39.904068 7.447084 -14.548830
v -39.451172 7.447084 -14.095932
v -40.422020 12.000000 -13.577981
v -39.920872 11.552916 -13.626229
v -40.373772 11.552916 -14.079127
v -39.850025 7.000000 -9.850025
v -39.451172 7.447084 -9.904069
v -39.904068 7.447084 -9.451171
v -40.422020 12.000000 -10.422019
v -40.373772 11.552916 -9.920874
v -39.920876 11.552916 -10.373771
v -44.149975 7.000000 -9.850024
v -44.095932 7.447084 -9.451170
v -44.548828 7.447084 -9.904068
v -43.577980 12.000000 -10.422019
v -44.079128 11.552916 -10.373771
v -43.626228 11.552916 -9.920873
v -38.149975 7.000000 -14.149975
v -38.548828 7.447084 -14.095931
v -38.095932 7.447084 -14.548829
v -37.577980 12.000000 -13.577981
v -37.626228 11.552916 -14.079126
v -38.079124 11.552916 -13.626229
v -33.850025 7.000000 -14.149976
v -33.904068 7.447084 -14.548830
v -33.451172 7.447084 -14.095932
v -34.422020 12.000000 -13.577981
v -33.920872 11.552916 -13.626229
v -34.373772 11.552916 -14.079127
v -33.850025 7.000000 -9.850025
v -33.451172 7.447084 -9.904069
v -33.904068 7.447084 -9.451171
v -34.422020 12.000000 -10.422019
v -34.373772 11.552916 -9.920874
v -33.920876 11.552916 -10.373771
v -38.149975 7.000000 -9.850024
v -38.095932 7.447084 -9.451170
v -38.548828 7.447084 -9.904068
v -37.577980 12.000000 -10.422019
v -38.079128 11.552916 -10.373771
v -37.626228 11.552916 -9.920873
v -32.149975 7.000000 -14.149975
v -32.548828 7.447084 -14.095931
v -32.095932 7.447084 -14.548829
v -31.577980 12.000000 -13.577981
v -31.626230 11.552916 -14.079126
v -32.079124 11.552916 -13.626229
v -27.850025 7.000000 -14.149976
v -27.904066 7.447084 -14.548830
v -27.451170 7.447084 -14.095932
v -28.422020 12.000000 -13.577981
v -27.920874 11.552916 -13.626229
v -28.373770 11.552916 -14.079127
v -27.850025 7.000000 -9.850025
v -27.451170 7.447084 -9.904069
v -27.904066 7.447084 -9.451171
v -28.422020 12.000000 -10.422019
v -28.373770 11.552916 -9.920874
v -27.920874 11.552916 -10.373771
v -32.149975 7.000000 -9.850024
v -32.095932 7.447084 -9.451170
v -32.548828 7.447084 -9.904068
v -31.577980 12.000000 -10.422019
v -32.079128 11.552916 -10.373771
v -31.626230 11.552916 -9.920873
v -26.149975 7.000000 -14.149975
v -26.548830 7.447084 -14.095931
v -26.095934 7.447084 -14.548829
v -25.577980 12.000000 -13.577981
v -25.626230 11.552916 -14.079126
v -26.079126 11.552916 -13.626229
v -21.850025 7.000000 -14.149976
v -21.904066 7.447084 -14.548830
v -21.451170 7.447084 -14.095932
v -22.422020 12.000000 -13.577981
v -21.920874 11.552916 -13.626229
v -22.373770 11.552916 -14.079127
v -21.850025 7.000000 -9.850025
v -21.451170 7.447084 -9.904069
v -21.904066 7.447084 -9.451171
v -22.422020 12.000000 -10.422019
v -22.373770 11.552916 -9.920874
v -21.920874 11.552916 -10.373771
v -26.149975 7.000000 -9.850024
v -26.095934 7.447084 -9.451170
v -26.548830 7.447084 -9.904068
v -25.577980 12.000000 -10.422019
v -26.079126 11.552916 -10.373771
v -25.626230 11.552916 -9.920873
v -20.149975 7.000000 -14.149975
v -20.548830 7.447084 -14.095931
v -20.095934 7.447084 -14.548829
v -19.577980 12.000000 -13.577981
v -19.626230 11.552916 -14.079126
v -20.079126 11.552916 -13.626229
v -15.850025 7.000000 -14.149976
v -15.904069 7.447084 -14.548830
v -15.451171 7.447084 -14.095932
v -16.422020 12.000000 -13.577981
v -15.920874 11.552916 -13.626229
v -16.373770 11.552916 -14.079127
v -15.850024 7.000000 -9.850025
v -15.451170 7.447084 -9.904069
v -15.904068 7.447084 -9.451171
v -16.422020 12.000000 -10.422019
v -16.373770 11.552916 -9.920874
v -15.920873 11.552916 -10.373771
v -20.149975 7.000000 -9.850024
v -20.095934 7.447084 -9.451170
v -20.548830 7.447084 -9.904068
v -19.577980 12.000000 -10.422019
v -20.079126 11.552916 -10.373771
v -19.626230 11.552916 -9.920873
v -14.149976 7.000000 -14.149975
v -14.548830 7.447084 -14.095931
v -14.095932 7.447084 -14.548829
v -13.577981 12.000000 -13.577981
v -13.626229 11.552916 -14.079126
v -14.079127 11.552916 -13.626229
v -9.850025 7.000000 -14.149976
v -9.904069 7.447084 -14.548830
v -9.451171 7.447084 -14.095932
v -10.422019 12.000000 -13.577981
v -9.920874 11.552916 -13.626229
v -10.373771 11.552916 -14.079127
v -9.850024 7.000000 -9.850025
v -9.451170 7.447084 -9.904069
v -9.904068 7.447084 -9.451171
v -10.422019 12.000000 -10.422019
v -10.373771 11.552916 -9.920874
v -9.920873 11.552916 -10.373771
v -14.149975 7.000000 -9.850024
v -14.095931 7.447084 -9.451170
v -14.548829 7.447084 -9.904068
v -13.577981 12.000000 -10.422019
v -14.079126 11.552916 -10.373771
v -13.626229 11.552916 -9.920873
v -8.149976 7.000000 -14.149975
v -8.548830 7.447084 -14.095931
v -8.095932 7.447084 -14.548829
v -7.577981 12.000000 -13.577981
v -7.626230 11.552916 -14.079126
v -8.079127 11.552916 -13.626229
v -3.850025 7.000000 -14.149976
v -3.904068 7.447084 -14.548830
v -3.451171 7.447084 -14.095932
v -4.422019 12.000000 -13.577981
v -3.920874 11.552916 -13.626229
v -4.373771 11.552916 -14.079127
v -3.850025 7.000000 -9.850025
v -3.451171 7.447084 -9.904069
v -3.904068 7.447084 -9.451171
v -4.422019 12.000000 -10.422019
v -4.373770 11.552916 -9.920874
v -3.920873 11.552916 -10.373771
v -8.149975 7.000000 -9.850024
v -8.095931 7.447084 -9.451170
v -8.548829 7.447084 -9.904068
v -7.577981 12.000000 -10.422019
v -8.079126 11.552916 -10.373771
v -7.626230 11.552916 -9.920873
v -2.149975 7.000000 -14.149975
v -2.548829 7.447084 -14.095931
v -2.095932 7.447084 -14.548829
v -1.577981 12.000000 -13.577981
v -1.626230 11.552916 -14.079126
v -2.079127 11.552916 -13.626229
v 2.149975 7.000000 -14.149976
v 2.095932 7.447084 -14.548830
v 2.548829 7.447084 -14.095932
v 1.577980 12.000000 -13.577981
v 2.079126 11.552916 -13.626229
v 1.626229 11.552916 -14.079127
v 2.149975 7.000000 -9.850025
v 2.548829 7.447084 -9.904069
v 2.095932 7.447084 -9.451171
v 1.577981 12.000000 -10.422019
v 1.626230 11.552916 -9.920874
v 2.079127 11.552916 -10.373771
v -2.149975 7.000000 -9.850024
v -2.095932 7.447084 -9.451170
v -2.548829 7.447084 -9.904068
v -1.577980 12.000000 -10.422019
v -2.079126 11.552916 -10.373771
v -1.626229 11.552916 -9.920873
v 3.850025 7.000000 -14.149975
v 3.451171 7.447084 -14.095931
v 3.904068 7.447084 -14.548829
v 4.422019 12.000000 -13.577981
v 4.373770 11.552916 -14.079126
v 3.920873 11.552916 -13.626229
v 8.149975 7.000000 -14.149976
v 8.095931 7.447084 -14.548830
v 8.548829 7.447084 -14.095932
v 7.577981 12.000000 -13.577981
v 8.079126 11.552916 -13.626229
v 7.626230 11.552916 -14.079127
v 8.149976 7.000000 -9.850025
v 8.548830 7.447084 -9.904069
v 8.095932 7.447084 -9.451171
v 7.577981 12.000000 -10.422019
v 7.626230 11.552916 -9.920874
v 8.079127 11.552916 -10.373771
v 3.850025 7.000000 -9.850024
v 3.904068 7.447084 -9.451170
v 3.451171 7.447084 -9.904068
v 4.422019 12.000000 -10.422019
v 3.920874 11.552916 -10.373771
v 4.373771 11.552916 -9.920873
v 9.850024 7.000000 -14.149975
v 9.451170 7.447084 -14.095931
v 9.904068 7.447084 -14.548829
v 10.422019 12.000000 -13.577981
v 10.373771 11.552916 -14.079126
v 9.920873 11.552916 -13.626229
v 14.149975 7.000000 -14.149976
v 14.095931 7.447084 -14.548830
v 14.548829 7.447084 -14.095932
v 13.577981 12.000000 -13.577981
v 14.079126 11.552916 -13.626229
v 13.626229 11.552916 -14.079127
v 14.149976 7.000000 -9.850025
v 14.548830 7.447084 -9.904069
v 14.095932 7.447084 -9.451171
v 13.577981 12.000000 -10.422019
v 13.626229 11.552916 -9.920874
v 14.079127 11.552916 -10.373771
v 9.850025 7.000000 -9.850024
v 9.904069 7.447084 -9.451170
v 9.451171 7.447084 -9.904068
v 10.422019 12.000000 -10.422019
v 9.920874 11.552916 -10.373771
v 10.373771 11.552916 -9.920873
v 15.850024 7.000000 -14.149975
v 15.451170 7.447084 -14.095931
v 15.904068 7.447084 -14.548829
v 16.422020 12.000000 -13.577981
v 16.373770 11.552916 -14.079126
v 15.920873 11.552916 -13.626229
v 20.149975 7.000000 -14.149976
v 20.095934 7.447084 -14.548830
v 20.548830 7.447084 -14.095932
v 19.577980 12.000000 -13.577981
v 20.079126 11.552916 -13.626229
v 19.626230 11.552916 -14.079127
v 20.149975 7.000000 -9.850025
v 20.548830 7.447084 -9.904069
v 20.095934 7.447084 -9.451171
v 19.577980 12.000000 -10.422019
v 19.626230 11.552916 -9.920874
v 20.079126 11.552916 -10.373771
v 15.850025 7.000000 -9.850024
v 15.904069 7.447084 -9.451170
v 15.451171 7.447084 -9.904068
v 16.422020 12.000000 -10.422019
v 15.920874 11.552916 -10.373771
v 16.373770 11.552916 -9.920873
v 21.850025 7.000000 -14.149975
v 21.451170 7.447084 -14.095931
v 21.904066 7.447084 -14.548829
v 22.422020 12.000000 -13.577981
v 22.373770 11.552916 -14.079126
v 21.920874 11.552916 -13.626229
v 26.149975 7.000000 -14.149976
v 26.095934 7.447084 -14.548830
v 26.548830 7.447084 -14.095932
v 25.577980 12.000000 -13.577981
v 26.079126 11.552916 -13.626229
v 25.626230 11.552916 -14.079127
v 26.149975 7.000000 -9.850025
v 26.548830 7.447084 -9.904069
v 26.095934 7.447084 -9.451171
v 25.577980 12.000000 -10.422019
v 25.626230 11.552916 -9.920874
v 26.079126 11.552916 -10.373771
v 21.850025 7.000000 -9.850024
v 21.904066 7.447084 -9.451170
v 21.451170 7.447084 -9.904068
v 22.422020 12.000000 -10.422019
v 21.920874 11.552916 -10.373771
v 22.373770 11.552916 -9.920873
v 27.850025 7.000000 -14.149975
v 27.451170 7.447084 -14.095931
v 27.904066 7.447084 -14.548829
v 28.422020 12.000000 -13.577981
v 28.373770 11.552916 -14.079126
v 27.920874 11.552916 -13.626229
v 32.149975 7.000000 -14.149976
v 32.095932 7.447084 -14.548830
v 32.548828 7.447084 -14.095932
v 31.577980 12.000000 -13.577981
v 32.079128 11.552916 -13.626229
v 31.626230 11.552916 -14.079127
v 32.149975 7.000000 -9.850025
v 32.548828 7.447084 -9.904069
v 32.095932 7.447084 -9.451171
v 31.577980 12.000000 -10.422019
v 31.626230 11.552916 -9.920874
v 32.079124 11.552916 -10.373771
v 27.850025 7.000000 -9.850024
v 27.904066 7.447084 -9.451170
v 27.451170 7.447084 -9.904068
v 28.422020 12.000000 -10.422019
v 27.920874 11.552916 -10.373771
v 28.373770 11.552916 -9.920873
v 33.850056 7.000000 -14.149975
v 33.507713 7.436932 -14.097222
v 33.973499 7.447084 -14.548828
v 35.082043 12.000000 -13.577981
v 34.985168 11.552916 -14.079126
v 34.524384 11.563068 -13.625197
v 44.149944 7.000000 -14.149976
v 44.026501 7.447084 -14.548830
v 44.492287 7.436932 -14.097223
v 42.917957 12.000000 -13.577981
v 43.475616 11.563068 -13.625197
v 43.014832 11.552916 -14.079126
v 44.149944 7.000000 -9.850025
v 44.492287 7.436932 -9.902778
v 44.026501 7.447084 -9.451172
v 42.917957 12.000000 -10.422019
v 43.014832 11.552916 -9.920874
v 43.475616 11.563068 -10.374803
v 33.850056 7.000000 -9.850024
v 33.973499 7.447084 -9.451170
v 33.507713 7.436932 -9.902777
v 35.082043 12.000000 -10.422019
v 34.524384 11.563068 -10.374803
v 34.985168 11.552916 -9.920874
v -44.149960 7.000000 -8.149975
v -44.520069 7.442852 -8.096470
v -44.062134 7.447084 -8.548828
v -43.247971 12.000000 -7.577981
v -43.321453 11.552916 -8.079126
v -43.777863 11.557148 -7.625800
v -36.850040 7.000000 -8.149976
v -36.937866 7.447084 -8.548830
v -36.479931 7.442852 -8.096471
v -37.752033 12.000000 -7.577981
v -37.222141 11.557148 -7.625800
v -37.678551 11.552916 -8.079126
v -36.850040 7.000000 -3.850025
v -36.479931 7.442852 -3.903530
v -36.937866 7.447084 -3.451171
v -37.752029 12.000000 -4.422019
v -37.678547 11.552916 -3.920874
v -37.222137 11.557148 -4.374201
v -44.149960 7.000000 -3.850025
v -44.062134 7.447084 -3.451171
v -44.520069 7.442852 -3.903529
v -43.247967 12.000000 -4.422019
v -43.777859 11.557148 -4.374200
v -43.321449 11.552916 -3.920873
v -35.149975 7.000000 -8.149975
v -35.548828 7.447084 -8.095931
v -35.095932 7.447084 -8.548829
v -34.577980 12.000000 -7.577981
v -34.626228 11.552916 -8.079126
v -35.079124 11.552916 -7.626230
v -30.850025 7.000000 -8.149976
v -30.904066 7.447084 -8.548830
v -30.451170 7.447084 -8.095932
v -31.422020 12.000000 -7.577981
v -30.920874 11.552916 -7.626230
v -31.373770 11.552916 -8.079127
v -30.850025 7.000000 -3.850025
v -30.451170 7.447084 -3.904068
v -30.904066 7.447084 -3.451171
v -31.422020 12.000000 -4.422019
v -31.373770 11.552916 -3.920874
v -30.920874 11.552916 -4.373771
v -35.149975 7.000000 -3.850025
v -35.095932 7.447084 -3.451171
v -35.548828 7.447084 -3.904068
v -34.577980 12.000000 -4.422019
v -35.079128 11.552916 -4.373770
v -34.626228 11.552916 -3.920873
v -29.149975 7.000000 -8.149975
v -29.548830 7.447084 -8.095931
v -29.095934 7.447084 -8.548829
v -28.577980 12.000000 -7.577981
v -28.626230 11.552916 -8.079126
v -29.079126 11.552916 -7.626230
v -24.850025 7.000000 -8.149976
v -24.904066 7.447084 -8.548830
v -24.451170 7.447084 -8.095932
v -25.422020 12.000000 -7.577981
v -24.920874 11.552916 -7.626230
v -25.373770 11.552916 -8.079127
v -24.850025 7.000000 -3.850025
v -24.451170 7.447084 -3.904068
v -24.904066 7.447084 -3.451171
v -25.422020 12.000000 -4.422019
v -25.373770 11.552916 -3.920874
v -24.920874 11.552916 -4.373771
v -29.149975 7.000000 -3.850025
v -29.095934 7.447084 -3.451171
v -29.548830 7.447084 -3.904068
v -28.577980 12.000000 -4.422019
v -29.079126 11.552916 -4.373770
v -28.626230 11.552916 -3.920873
v -23.149975 7.000000 -8.149975
v -23.548830 7.447084 -8.095931
v -23.095934 7.447084 -8.548829
v -22.577980 12.000000 -7.577981
v -22.626230 11.552916 -8.079126
v -23.079126 11.552916 -7.626230
v -18.850025 7.000000 -8.149976
v -18.904066 7.447084 -8.548830
v -18.451170 7.447084 -8.095932
v -19.422020 12.000000 -7.577981
v -18.920874 11.552916 -7.626230
v -19.373770 11.552916 -8.079127
v -18.850025 7.000000 -3.850025
v -18.451170 7.447084 -3.904068
v -18.904066 7.447084 -3.451171
v -19.422020 12.000000 -4.422019
v -19.373770 11.552916 -3.920874
v -18.920874 11.552916 -4.373771
v -23.149975 7.000000 -3.850025
v -23.095934 7.447084 -3.451171
v -23.548830 7.447084 -3.904068
v -22.577980 12.000000 -4.422019
v -23.079126 11.552916 -4.373770
v -22.626230 11.552916 -3.920873
v -17.149975 7.000000 -8.149975
v -17.548830 7.447084 -8.095931
v -17.095934 7.447084 -8.548829
v -16.577980 12.000000 -7.577981
v -16.626230 11.552916 -8.079126
v -17.079126 11.552916 -7.626230
v -12.850025 7.000000 -8.149976
v -12.904069 7.447084 -8.548830
v -12.451171 7.447084 -8.095932
v -13.422019 12.000000 -7.577981
v -12.920874 11.552916 -7.626230
v -13.373771 11.552916 -8.079127
v -12.850024 7.000000 -3.850025
v -12.451170 7.447084 -3.904068
v -12.904068 7.447084 -3.451171
v -13.422019 12.000000 -4.422019
v -13.373771 11.552916 -3.920874
v -12.920873 11.552916 -4.373771
v -17.149975 7.000000 -3.850025
v -17.095934 7.447084 -3.451171
v -17.548830 7.447084 -3.904068
v -16.577980 12.000000 -4.422019
v -17.079126 11.552916 -4.373770
v -16.626230 11.552916 -3.920873
v -11.149976 7.000000 -8.149975
v -11.548830 7.447084 -8.095931
v -11.095932 7.447084 -8.548829
v -10.577981 12.000000 -7.577981
v -10.626229 11.552916 -8.079126
v -11.079127 11.552916 -7.626230
v -6.850025 7.000000 -8.149976
v -6.904068 7.447084 -8.548830
v -6.451171 7.447084 -8.095932
v -7.422019 12.000000 -7.577981
v -6.920874 11.552916 -7.626230
v -7.373771 11.552916 -8.079127
v -6.850025 7.000000 -3.850025
v -6.451171 7.447084 -3.904068
v -6.904068 7.447084 -3.451171
v -7.422019 12.000000 -4.422019
v -7.373770 11.552916 -3.920874
v -6.920873 11.552916 -4.373771
v -11.149975 7.000000 -3.850025
v -11.095931 7.447084 -3.451171
v -11.548829 7.447084 -3.904068
v -10.577981 12.000000 -4.422019
v -11.079126 11.552916 -4.373770
v -10.626229 11.552916 -3.920873
v -5.149975 7.000000 -8.149975
v -5.548829 7.447084 -8.095931
v -5.095932 7.447084 -8.548829
v -4.577981 12.000000 -7.577981
v -4.626230 11.552916 -8.079126
v -5.079127 11.552916 -7.626230
v -0.850025 7.000000 -8.149976
v -0.904068 7.447084 -8.548830
v -0.451171 7.447084 -8.095932
v -1.422020 12.000000 -7.577981
v -0.920874 11.552916 -7.626230
v -1.373771 11.552916 -8.079127
v -0.850025 7.000000 -3.850025
v -0.451171 7.447084 -3.904068
v -0.904068 7.447084 -3.451171
v -1.422019 12.000000 -4.422019
v -1.373770 11.552916 -3.920874
v -0.920873 11.552916 -4.373771
v -5.149975 7.000000 -3.850025
v -5.095932 7.447084 -3.451171
v -5.548829 7.447084 -3.904068
v -4.577981 12.000000 -4.422019
v -5.079126 11.552916 -4.373770
v -4.626229 11.552916 -3.920873
v 0.850025 7.000000 -8.149975
v 0.451171 7.447084 -8.095931
v 0.904068 7.447084 -8.548829
v 1.422019 12.000000 -7.577981
v 1.373770 11.552916 -8.079126
v 0.920873 11.552916 -7.626230
v 5.149975 7.000000 -8.149976
v 5.095932 7.447084 -8.548830
v 5.548829 7.447084 -8.095932
v 4.577981 12.000000 -7.577981
v 5.079126 11.552916 -7.626230
v 4.626229 11.552916 -8.079127
v 5.149975 7.000000 -3.850025
v 5.548829 7.447084 -3.904068
v 5.095932 7.447084 -3.451171
v 4.577981 12.000000 -4.422019
v 4.626230 11.552916 -3.920874
v 5.079127 11.552916 -4.373771
v 0.850025 7.000000 -3.850025
v 0.904068 7.447084 -3.451171
v 0.451171 7.447084 -3.904068
v 1.422020 12.000000 -4.422019
v 0.920874 11.552916 -4.373770
v 1.373771 11.552916 -3.920873
v 6.850025 7.000000 -8.149975
v 6.451171 7.447084 -8.095931
v 6.904068 7.447084 -8.548829
v 7.422019 12.000000 -7.577981
v 7.373770 11.552916 -8.079126
v 6.920873 11.552916 -7.626230
v 11.149975 7.000000 -8.149976
v 11.095931 7.447084 -8.548830
v 11.548829 7.447084 -8.095932
v 10.577981 12.000000 -7.577981
v 11.079126 11.552916 -7.626230
v 10.626229 11.552916 -8.079127
v 11.149976 7.000000 -3.850025
v 11.548830 7.447084 -3.904068
v 11.095932 7.447084 -3.451171
v 10.577981 12.000000 -4.422019
v 10.626229 11.552916 -3.920874
v 11.079127 11.552916 -4.373771
v 6.850025 7.000000 -3.850025
v 6.904068 7.447084 -3.451171
v 6.451171 7.447084 -3.904068
v 7.422019 12.000000 -4.422019
v 6.920874 11.552916 -4.373770
v 7.373771 11.552916 -3.920873
v 12.850024 7.000000 -8.149975
v 12.451170 7.447084 -8.095931
v 12.904068 7.447084 -8.548829
v 13.422019 12.000000 -7.577981
v 13.373771 11.552916 -8.079126
v 12.920873 11.552916 -7.626230
v 17.149975 7.000000 -8.149976
v 17.095934 7.447084 -8.548830
v 17.548830 7.447084 -8.095932
v 16.577980 12.000000 -7.577981
v 17.079126 11.552916 -7.626230
v 16.626230 11.552916 -8.079127
v 17.149975 7.000000 -3.850025
v 17.548830 7.447084 -3.904068
v 17.095934 7.447084 -3.451171
v 16.577980 12.000000 -4.422019
v 16.626230 11.552916 -3.920874
v 17.079126 11.552916 -4.373771
v 12.850025 7.000000 -3.850025
v 12.904069 7.447084 -3.451171
v 12.451171 7.447084 -3.904068
v 13.422019 12.000000 -4.422019
v 12.920874 11.552916 -4.373770
v 13.373771 11.552916 -3.920873
v 18.850025 7.000000 -8.149975
v 18.451170 7.447084 -8.095931
v 18.904066 7.447084 -8.548829
v 19.422020 12.000000 -7.577981
v 19.373770 11.552916 -8.079126
v 18.920874 11.552916 -7.626230
v 23.149975 7.000000 -8.149976
v 23.095934 7.447084 -8.548830
v 23.548830 7.447084 -8.095932
v 22.577980 12.000000 -7.577981
v 23.079126 11.552916 -7.626230
v 22.626230 11.552916 -8.079127
v 23.149975 7.000000 -3.850025
v 23.548830 7.447084 -3.904068
v 23.095934 7.447084 -3.451171
v 22.577980 12.000000 -4.422019
v 22.626230 11.552916 -3.920874
v 23.079126 11.552916 -4.373771
v 18.850025 7.000000 -3.850025
v 18.904066 7.447084 -3.451171
v 18.451170 7.447084 -3.904068
v 19.422020 12.000000 -4.422019
v 18.920874 11.552916 -4.373770
v 19.373770 11.552916 -3.920873
v 24.850025 7.000000 -8.149975
v 24.451170 7.447084 -8.095931
v 24.904066 7.447084 -8.548829
v 25.422020 12.000000 -7.577981
v 25.373770 11.552916 -8.079126
v 24.920874 11.552916 -7.626230
v 29.149975 7.000000 -8.149976
v 29.095934 7.447084 -8.548830
v 29.548830 7.447084 -8.095932
v 28.577980 12.000000 -7.577981
v 29.079126 11.552916 -7.626230
v 28.626230 11.552916 -8.079127
v 29.149975 7.000000 -3.850025
v 29.548830 7.447084 -3.904068
v 29.095934 7.447084 -3.451171
v 28.577980 12.000000 -4.422019
v 28.626230 11.552916 -3.920874
v 29.079126 11.552916 -4.373771
v 24.850025 7.000000 -3.850025
v 24.904066 7.447084 -3.451171
v 24.451170 7.447084 -3.904068
v 25.422020 12.000000 -4.422019
v 24.920874 11.552916 -4.373770
v 25.373770 11.552916 -3.920873
v 30.850025 7.000000 -8.149975
v 30.451170 7.447084 -8.095931
v 30.904066 7.447084 -8.548829
v 31.422020 12.000000 -7.577981
v 31.373770 11.552916 -8.079126
v 30.920874 11.552916 -7.626230
v 35.149975 7.000000 -8.149976
v 35.095932 7.447084 -8.548830
v 35.548828 7.447084 -8.095932
v 34.577980 12.000000 -7.577981
v 35.079128 11.552916 -7.626230
v 34.626228 11.552916 -8.079127
v 35.149975 7.000000 -3.850025
v 35.548828 7.447084 -3.904068
v 35.095932 7.447084 -3.451171
v 34.577980 12.000000 -4.422019
v 34.626228 11.552916 -3.920874
v 35.079124 11.552916 -4.373771
v 30.850025 7.000000 -3.850025
v 30.904066 7.447084 -3.451171
v 30.451170 7.447084 -3.904068
v 31.422020 12.000000 -4.422019
v 30.920874 11.552916 -4.373770
v 31.373770 11.552916 -3.920873
v 36.850040 7.000000 -8.149975
v 36.479931 7.442852 -8.096470
v 36.937866 7.447084 -8.548828
v 37.752029 12.000000 -7.577981
v 37.678547 11.552916 -8.079126
v 37.222137 11.557148 -7.625800
v 44.149960 7.000000 -8.149976
v 44.062134 7.447084 -8.548830
v 44.520069 7.442852 -8.096471
v 43.247967 12.000000 -7.577981
v 43.777859 11.557148 -7.625800
v 43.321449 11.552916 -8.079126
v 44.149960 7.000000 -3.850025
v 44.520069 7.442852 -3.903530
v 44.062134 7.447084 -3.451171
v 43.247971 12.000000 -4.422019
v 43.321453 11.552916 -3.920874
v 43.777863 11.557148 -4.374201
v 36.850040 7.000000 -3.850025
v 36.937866 7.447084 -3.451171
v 36.479931 7.442852 -3.903529
v 37.752033 12.000000 -4.422019
v 37.222141 11.557148 -4.374200
v 37.678551 11.552916 -3.920873
v -44.149952 7.000000 -2.149975
v -44.506039 7.440091 -2.096821
v -44.044540 7.447084 -2.548829
v -43.082962 12.000000 -1.577980
v -43.168365 11.552916 -2.079126
v -43.626877 11.559909 -1.625519
v -35.350048 7.000000 -2.149975
v -35.455460 7.447084 -2.548829
v -34.993961 7.440090 -2.096822
v -36.417038 12.000000 -1.577981
v -35.873123 11.559909 -1.625519
v -36.331635 11.552916 -2.079127
v -35.350048 7.000000 2.149975
v -34.993961 7.440091 2.096821
v -35.455460 7.447084 2.548829
v -36.417038 12.000000 1.577980
v -36.331635 11.552916 2.079126
v -35.873123 11.559909 1.625519
v -44.149952 7.000000 2.149975
v -44.044540 7.447084 2.548829
v -44.506039 7.440090 2.096822
v -43.082962 12.000000 1.577981
v -43.626877 11.559909 1.625519
v -43.168365 11.552916 2.079127
v -33.649975 7.000000 -2.149975
v -34.048828 7.447084 -2.095932
v -33.595932 7.447084 -2.548829
v -33.077980 12.000000 -1.577980
v -33.126228 11.552916 -2.079126
v -33.579124 11.552916 -1.626229
v -29.350025 7.000000 -2.149975
v -29.404066 7.447084 -2.548829
v -28.951170 7.447084 -2.095932
v -29.922020 12.000000 -1.577981
v -29.420874 11.552916 -1.626230
v -29.873770 11.552916 -2.079127
v -29.350025 7.000000 2.149975
v -28.951170 7.447084 2.095932
v -29.404066 7.447084 2.548829
v -29.922020 12.000000 1.577980
v -29.873770 11.552916 2.079126
v -29.420874 11.552916 1.626229
v -33.649975 7.000000 2.149975
v -33.595932 7.447084 2.548829
v -34.048828 7.447084 2.095932
v -33.077980 12.000000 1.577981
v -33.579128 11.552916 1.626230
v -33.126228 11.552916 2.079127
v -27.649975 7.000000 -2.149975
v -28.048830 7.447084 -2.095932
v -27.595934 7.447084 -2.548829
v -27.077980 12.000000 -1.577980
v -27.126230 11.552916 -2.079126
v -27.579126 11.552916 -1.626229
v -23.350025 7.000000 -2.149975
v -23.404066 7.447084 -2.548829
v -22.951170 7.447084 -2.095932
v -23.922020 12.000000 -1.577981
v -23.420874 11.552916 -1.626230
v -23.873770 11.552916 -2.079127
v -23.350025 7.000000 2.149975
v -22.951170 7.447084 2.095932
v -23.404066 7.447084 2.548829
v -23.922020 12.000000 1.577980
v -23.873770 11.552916 2.079126
v -23.420874 11.552916 1.626229
v -27.649975 7.000000 2.149975
v -27.595934 7.447084 2.548829
v -28.048830 7.447084 2.095932
v -27.077980 12.000000 1.577981
v -27.579126 11.552916 1.626230
v -27.126230 11.552916 2.079127
v -21.649975 7.000000 -2.149975
v -22.048830 7.447084 -2.095932
v -21.595934 7.447084 -2.548829
v -21.077980 12.000000 -1.577980
v -21.126230 11.552916 -2.079126
v -21.579126 11.552916 -1.626229
v -17.350025 7.000000 -2.149975
v -17.404066 7.447084 -2.548829
v -16.951170 7.447084 -2.095932
v -17.922020 12.000000 -1.577981
v -17.420874 11.552916 -1.626230
v -17.873770 11.552916 -2.079127
v -17.350025 7.000000 2.149975
v -16.951170 7.447084 2.095932
v -17.404066 7.447084 2.548829
v -17.922020 12.000000 1.577980
v -17.873770 11.552916 2.079126
v -17.420874 11.552916 1.626229
v -21.649975 7.000000 2.149975
v -21.595934 7.447084 2.548829
v -22.048830 7.447084 2.095932
v -21.077980 12.000000 1.577981
v -21.579126 11.552916 1.626230
v -21.126230 11.552916 2.079127
v -15.649976 7.000000 -2.149975
v -16.048830 7.447084 -2.095932
v -15.595932 7.447084 -2.548829
v -15.077981 12.000000 -1.577980
v -15.126229 11.552916 -2.079126
v -15.579127 11.552916 -1.626229
v -11.350025 7.000000 -2.149975
v -11.404069 7.447084 -2.548829
v -10.951171 7.447084 -2.095932
v -11.922019 12.000000 -1.577981
v -11.420874 11.552916 -1.626230
v -11.873771 11.552916 -2.079127
v -11.350024 7.000000 2.149975
v -10.951170 7.447084 2.095932
v -11.404068 7.447084 2.548829
v -11.922019 12.000000 1.577980
v -11.873771 11.552916 2.079126
v -11.420873 11.552916 1.626229
v -15.649976 7.000000 2.149975
v -15.595932 7.447084 2.548829
v -16.048830 7.447084 2.095932
v -15.077981 12.000000 1.577981
v -15.579126 11.552916 1.626230
v -15.126229 11.552916 2.079127
v -9.649976 7.000000 -2.149975
v -10.048830 7.447084 -2.095932
v -9.595932 7.447084 -2.548829
v -9.077981 12.000000 -1.577980
v -9.126229 11.552916 -2.079126
v -9.579127 11.552916 -1.626229
v -5.350025 7.000000 -2.149975
v -5.404068 7.447084 -2.548829
v -4.951171 7.447084 -2.095932
v -5.922019 12.000000 -1.577981
v -5.420874 11.552916 -1.626230
v -5.873771 11.552916 -2.079127
v -5.350025 7.000000 2.149975
v -4.951171 7.447084 2.095932
v -5.404068 7.447084 2.548829
v -5.922019 12.000000 1.577980
v -5.873770 11.552916 2.079126
v -5.420873 11.552916 1.626229
v -9.649975 7.000000 2.149975
v -9.595931 7.447084 2.548829
v -10.048829 7.447084 2.095932
v -9.077981 12.000000 1.577981
v -9.579126 11.552916 1.626230
v -9.126229 11.552916 2.079127
v -3.649975 7.000000 -2.149975
v -4.048829 7.447084 -2.095932
v -3.595932 7.447084 -2.548829
v -3.077981 12.000000 -1.577980
v -3.126230 11.552916 -2.079126
v -3.579127 11.552916 -1.626229
v 0.649975 7.000000 -2.149975
v 0.595932 7.447084 -2.548829
v 1.048829 7.447084 -2.095932
v 0.077980 12.000000 -1.577981
v 0.579126 11.552916 -1.626230
v 0.126229 11.552916 -2.079127
v 0.649975 7.000000 2.149975
v 1.048829 7.447084 2.095932
v 0.595932 7.447084 2.548829
v 0.077981 12.000000 1.577980
v 0.126230 11.552916 2.079126
v 0.579127 11.552916 1.626229
v -3.649975 7.000000 2.149975
v -3.595932 7.447084 2.548829
v -4.048829 7.447084 2.095932
v -3.077980 12.000000 1.577981
v -3.579126 11.552916 1.626230
v -3.126229 11.552916 2.079127
v 2.350025 7.000000 -2.149975
v 1.951171 7.447084 -2.095932
v 2.404068 7.447084 -2.548829
v 2.922019 12.000000 -1.577980
v 2.873770 11.552916 -2.079126
v 2.420873 11.552916 -1.626229
v 6.649975 7.000000 -2.149975
v 6.595932 7.447084 -2.548829
v 7.048829 7.447084 -2.095932
v 6.077981 12.000000 -1.577981
v 6.579126 11.552916 -1.626230
v 6.126229 11.552916 -2.079127
v 6.649975 7.000000 2.149975
v 7.048829 7.447084 2.095932
v 6.595932 7.447084 2.548829
v 6.077981 12.000000 1.577980
v 6.126230 11.552916 2.079126
v 6.579127 11.552916 1.626229
v 2.350025 7.000000 2.149975
v 2.404068 7.447084 2.548829
v 1.951171 7.447084 2.095932
v 2.922020 12.000000 1.577981
v 2.420874 11.552916 1.626230
v 2.873771 11.552916 2.079127
v 8.350025 7.000000 -2.149975
v 7.951171 7.447084 -2.095932
v 8.404068 7.447084 -2.548829
v 8.922019 12.000000 -1.577980
v 8.873771 11.552916 -2.079126
v 8.420873 11.552916 -1.626229
v 12.649975 7.000000 -2.149975
v 12.595931 7.447084 -2.548829
v 13.048829 7.447084 -2.095932
v 12.077981 12.000000 -1.577981
v 12.579126 11.552916 -1.626230
v 12.126229 11.552916 -2.079127
v 12.649976 7.000000 2.149975
v 13.048830 7.447084 2.095932
v 12.595932 7.447084 2.548829
v 12.077981 12.000000 1.577980
v 12.126229 11.552916 2.079126
v 12.579127 11.552916 1.626229
v 8.350025 7.000000 2.149975
v 8.404069 7.447084 2.548829
v 7.951171 7.447084 2.095932
v 8.922019 12.000000 1.577981
v 8.420874 11.552916 1.626230
v 8.873771 11.552916 2.079127
v 14.350024 7.000000 -2.149975
v 13.951170 7.447084 -2.095932
v 14.404068 7.447084 -2.548829
v 14.922019 12.000000 -1.577980
v 14.873771 11.552916 -2.079126
v 14.420873 11.552916 -1.626229
v 18.649975 7.000000 -2.149975
v 18.595934 7.447084 -2.548829
v 19.048830 7.447084 -2.095932
v 18.077980 12.000000 -1.577981
v 18.579126 11.552916 -1.626230
v 18.126230 11.552916 -2.079127
v 18.649975 7.000000 2.149975
v 19.048830 7.447084 2.095932
v 18.595934 7.447084 2.548829
v 18.077980 12.000000 1.577980
v 18.126230 11.552916 2.079126
v 18.579126 11.552916 1.626229
v 14.350025 7.000000 2.149975
v 14.404069 7.447084 2.548829
v 13.951171 7.447084 2.095932
v 14.922019 12.000000 1.577981
v 14.420874 11.552916 1.626230
v 14.873771 11.552916 2.079127
v 20.350025 7.000000 -2.149975
v 19.951170 7.447084 -2.095932
v 20.404066 7.447084 -2.548829
v 20.922020 12.000000 -1.577980
v 20.873770 11.552916 -2.079126
v 20.420874 11.552916 -1.626229
v 24.649975 7.000000 -2.149975
v 24.595934 7.447084 -2.548829
v 25.048830 7.447084 -2.095932
v 24.077980 12.000000 -1.577981
v 24.579126 11.552916 -1.626230
v 24.126230 11.552916 -2.079127
v 24.649975 7.000000 2.149975
v 25.048830 7.447084 2.095932
v 24.595934 7.447084 2.548829
v 24.077980 12.000000 1.577980
v 24.126230 11.552916 2.079126
v 24.579126 11.552916 1.626229
v 20.350025 7.000000 2.149975
v 20.404066 7.447084 2.548829
v 19.951170 7.447084 2.095932
v 20.922020 12.000000 1.577981
v 20.420874 11.552916 1.626230
v 20.873770 11.552916 2.079127
v 26.350025 7.000000 -2.149975
v 25.951170 7.447084 -2.095932
v 26.404066 7.447084 -2.548829
v 26.922020 12.000000 -1.577980
v 26.873770 11.552916 -2.079126
v 26.420874 11.552916 -1.626229
v 30.649975 7.000000 -2.149975
v 30.595934 7.447084 -2.548829
v 31.048830 7.447084 -2.095932
v 30.077980 12.000000 -1.577981
v 30.579126 11.552916 -1.626230
v 30.126230 11.552916 -2.079127
v 30.649975 7.000000 2.149975
v 31.048830 7.447084 2.095932
v 30.595934 7.447084 2.548829
v 30.077980 12.000000 1.577980
v 30.126230 11.552916 2.079126
v 30.579126 11.552916 1.626229
v 26.350025 7.000000 2.149975
v 26.404066 7.447084 2.548829
v 25.951170 7.447084 2.095932
v 26.922020 12.000000 1.577981
v 26.420874 11.552916 1.626230
v 26.873770 11.552916 2.079127
v 32.350060 7.000000 -2.149975
v 32.021152 7.433402 -2.097671
v 32.491989 7.447084 -2.548829
v 33.747047 12.000000 -1.577980
v 33.639149 11.552916 -2.079126
v 33.175957 11.566599 -1.624838
v 44.149937 7.000000 -2.149975
v 44.008007 7.447084 -2.548829
v 44.478844 7.433401 -2.097671
v 42.752953 12.000000 -1.577981
v 43.324043 11.566599 -1.624838
v 42.860851 11.552916 -2.079127
v 44.149937 7.000000 2.149975
v 44.478848 7.433402 2.097671
v 44.008007 7.447084 2.548829
v 42.752953 12.000000 1.577980
v 42.860851 11.552916 2.079126
v 43.324043 11.566599 1.624838
v 32.350060 7.000000 2.149975
v 32.491989 7.447084 2.548829
v 32.021152 7.433402 2.097671
v 33.747047 12.000000 1.577981
v 33.175957 11.566599 1.624838
v 33.639149 11.552916 2.079127
v -44.149937 7.000000 3.850025
v -44.478848 7.433402 3.902329
v -44.008007 7.447084 3.451171
v -42.752953 12.000000 4.422019
v -42.860851 11.552916 3.920874
v -43.324043 11.566599 4.375162
v -32.350060 7.000000 3.850025
v -32.491989 7.447084 3.451171
v -32.021152 7.433402 3.902329
v -33.747047 12.000000 4.422019
v -33.175957 11.566599 4.375162
v -33.639149 11.552916 3.920873
v -32.350060 7.000000 8.149975
v -32.021152 7.433402 8.097671
v -32.491989 7.447084 8.548829
v -33.747047 12.000000 7.577981
v -33.639149 11.552916 8.079126
v -33.175957 11.566599 7.624838
v -44.149937 7.000000 8.149976
v -44.008007 7.447084 8.548830
v -44.478844 7.433401 8.097672
v -42.752953 12.000000 7.577981
v -43.324043 11.566599 7.624838
v -42.860851 11.552916 8.079127
v -30.649975 7.000000 3.850025
v -31.048830 7.447084 3.904068
v -30.595934 7.447084 3.451171
v -30.077980 12.000000 4.422019
v -30.126230 11.552916 3.920874
v -30.579126 11.552916 4.373771
v -26.350025 7.000000 3.850025
v -26.404066 7.447084 3.451171
v -25.951170 7.447084 3.904068
v -26.922020 12.000000 4.422019
v -26.420874 11.552916 4.373770
v -26.873770 11.552916 3.920873
v -26.350025 7.000000 8.149975
v -25.951170 7.447084 8.095931
v -26.404066 7.447084 8.548829
v -26.922020 12.000000 7.577981
v -26.873770 11.552916 8.079126
v -26.420874 11.552916 7.626230
v -30.649975 7.000000 8.149976
v -30.595934 7.447084 8.548830
v -31.048830 7.447084 8.095932
v -30.077980 12.000000 7.577981
v -30.579126 11.552916 7.626230
v -30.126230 11.552916 8.079127
v -24.649975 7.000000 3.850025
v -25.048830 7.447084 3.904068
v -24.595934 7.447084 3.451171
v -24.077980 12.000000 4.422019
v -24.126230 11.552916 3.920874
v -24.579126 11.552916 4.373771
v -20.350025 7.000000 3.850025
v -20.404066 7.447084 3.451171
v -19.951170 7.447084 3.904068
v -20.922020 12.000000 4.422019
v -20.420874 11.552916 4.373770
v -20.873770 11.552916 3.920873
v -20.350025 7.000000 8.149975
v -19.951170 7.447084 8.095931
v -20.404066 7.447084 8.548829
v -20.922020 12.000000 7.577981
v -20.873770 11.552916 8.079126
v -20.420874 11.552916 7.626230
v -24.649975 7.000000 8.149976
v -24.595934 7.447084 8.548830
v -25.048830 7.447084 8.095932
v -24.077980 12.000000 7.577981
v -24.579126 11.552916 7.626230
v -24.126230 11.552916 8.079127
v -18.649975 7.000000 3.850025
v -19.048830 7.447084 3.904068
v -18.595934 7.447084 3.451171
v -18.077980 12.000000 4.422019
v -18.126230 11.552916 3.920874
v -18.579126 11.552916 4.373771
v -14.350025 7.000000 3.850025
v -14.404069 7.447084 3.451171
v -13.951171 7.447084 3.904068
v -14.922019 12.000000 4.422019
v -14.420874 11.552916 4.373770
v -14.873771 11.552916 3.920873
v -14.350024 7.000000 8.149975
v -13.951170 7.447084 8.095931
v -14.404068 7.447084 8.548829
v -14.922019 12.000000 7.577981
v -14.873771 11.552916 8.079126
v -14.420873 11.552916 7.626230
v -18.649975 7.000000 8.149976
v -18.595934 7.447084 8.548830
v -19.048830 7.447084 8.095932
v -18.077980 12.000000 7.577981
v -18.579126 11.552916 7.626230
v -18.126230 11.552916 8.079127
v -12.649976 7.000000 3.850025
v -13.048830 7.447084 3.904068
v -12.595932 7.447084 3.451171
v -12.077981 12.000000 4.422019
v -12.126229 11.552916 3.920874
v -12.579127 11.552916 4.373771
v -8.350025 7.000000 3.850025
v -8.404069 7.447084 3.451171
v -7.951171 7.447084 3.904068
v -8.922019 12.000000 4.422019
v -8.420874 11.552916 4.373770
v -8.873771 11.552916 3.920873
v -8.350025 7.000000 8.149975
v -7.951171 7.447084 8.095931
v -8.404068 7.447084 8.548829
v -8.922019 12.000000 7.577981
v -8.873771 11.552916 8.079126
v -8.420874 11.552916 7.626230
v -12.649975 7.000000 8.149976
v -12.595931 7.447084 8.548830
v -13.048829 7.447084 8.095932
v -12.077981 12.000000 7.577981
v -12.579126 11.552916 7.626230
v -12.126229 11.552916 8.079127
v -6.649975 7.000000 3.850025
v -7.048829 7.447084 3.904068
v -6.595932 7.447084 3.451171
v -6.077981 12.000000 4.422019
v -6.126230 11.552916 3.920874
v -6.579127 11.552916 4.373771
v -2.350025 7.000000 3.850025
v -2.404068 7.447084 3.451171
v -1.951171 7.447084 3.904068
v -2.922020 12.000000 4.422019
v -2.420874 11.552916 4.373770
v -2.873771 11.552916 3.920873
v -2.350025 7.000000 8.149975
v -1.951171 7.447084 8.095931
v -2.404068 7.447084 8.548829
v -2.922019 12.000000 7.577981
v -2.873770 11.552916 8.079126
v -2.420873 11.552916 7.626230
v -6.649975 7.000000 8.149976
v -6.595932 7.447084 8.548830
v -7.048829 7.447084 8.095932
v -6.077981 12.000000 7.577981
v -6.579126 11.552916 7.626230
v -6.126229 11.552916 8.079127
v -0.649975 7.000000 3.850025
v -1.048829 7.447084 3.904068
v -0.595932 7.447084 3.451171
v -0.077981 12.000000 4.422019
v -0.126230 11.552916 3.920874
v -0.579127 11.552916 4.373771
v 3.649975 7.000000 3.850025
v 3.595932 7.447084 3.451171
v 4.048829 7.447084 3.904068
v 3.077980 12.000000 4.422019
v 3.579126 11.552916 4.373770
v 3.126229 11.552916 3.920873
v 3.649975 7.000000 8.149975
v 4.048829 7.447084 8.095931
v 3.595932 7.447084 8.548829
v 3.077981 12.000000 7.577981
v 3.126230 11.552916 8.079126
v 3.579127 11.552916 7.626230
v -0.649975 7.000000 8.149976
v -0.595932 7.447084 8.548830
v -1.048829 7.447084 8.095932
v -0.077980 12.000000 7.577981
v -0.579126 11.552916 7.626230
v -0.126229 11.552916 8.079127
v 5.350025 7.000000 3.850025
v 4.951171 7.447084 3.904068
v 5.404068 7.447084 3.451171
v 5.922019 12.000000 4.422019
v 5.873770 11.552916 3.920874
v 5.420873 11.552916 4.373771
v 9.649975 7.000000 3.850025
v 9.595931 7.447084 3.451171
v 10.048829 7.447084 3.904068
v 9.077981 12.000000 4.422019
v 9.579126 11.552916 4.373770
v 9.126229 11.552916 3.920873
v 9.649976 7.000000 8.149975
v 10.048830 7.447084 8.095931
v 9.595932 7.447084 8.548829
v 9.077981 12.000000 7.577981
v 9.126229 11.552916 8.079126
v 9.579127 11.552916 7.626230
v 5.350025 7.000000 8.149976
v 5.404068 7.447084 8.548830
v 4.951171 7.447084 8.095932
v 5.922019 12.000000 7.577981
v 5.420874 11.552916 7.626230
v 5.873771 11.552916 8.079127
v 11.350024 7.000000 3.850025
v 10.951170 7.447084 3.904068
v 11.404068 7.447084 3.451171
v 11.922019 12.000000 4.422019
v 11.873771 11.552916 3.920874
v 11.420873 11.552916 4.373771
v 15.649976 7.000000 3.850025
v 15.595932 7.447084 3.451171
v 16.048830 7.447084 3.904068
v 15.077981 12.000000 4.422019
v 15.579126 11.552916 4.373770
v 15.126229 11.552916 3.920873
v 15.649976 7.000000 8.149975
v 16.048830 7.447084 8.095931
v 15.595932 7.447084 8.548829
v 15.077981 12.000000 7.577981
v 15.126229 11.552916 8.079126
v 15.579127 11.552916 7.626230
v 11.350025 7.000000 8.149976
v 11.404069 7.447084 8.548830
v 10.951171 7.447084 8.095932
v 11.922019 12.000000 7.577981
v 11.420874 11.552916 7.626230
v 11.873771 11.552916 8.079127
v 17.350025 7.000000 3.850025
v 16.951170 7.447084 3.904068
v 17.404066 7.447084 3.451171
v 17.922020 12.000000 4.422019
v 17.873770 11.552916 3.920874
v 17.420874 11.552916 4.373771
v 21.649975 7.000000 3.850025
v 21.595934 7.447084 3.451171
v 22.048830 7.447084 3.904068
v 21.077980 12.000000 4.422019
v 21.579126 11.552916 4.373770
v 21.126230 11.552916 3.920873
v 21.649975 7.000000 8.149975
v 22.048830 7.447084 8.095931
v 21.595934 7.447084 8.548829
v 21.077980 12.000000 7.577981
v 21.126230 11.552916 8.079126
v 21.579126 11.552916 7.626230
v 17.350025 7.000000 8.149976
v 17.404066 7.447084 8.548830
v 16.951170 7.447084 8.095932
v 17.922020 12.000000 7.577981
v 17.420874 11.552916 7.626230
v 17.873770 11.552916 8.079127
v 23.350025 7.000000 3.850025
v 22.951170 7.447084 3.904068
v 23.404066 7.447084 3.451171
v 23.922020 12.000000 4.422019
v 23.873770 11.552916 3.920874
v 23.420874 11.552916 4.373771
v 27.649975 7.000000 3.850025
v 27.595934 7.447084 3.451171
v 28.048830 7.447084 3.904068
v 27.077980 12.000000 4.422019
v 27.579126 11.552916 4.373770
v 27.126230 11.552916 3.920873
v 27.649975 7.000000 8.149975
v 28.048830 7.447084 8.095931
v 27.595934 7.447084 8.548829
v 27.077980 12.000000 7.577981
v 27.126230 11.552916 8.079126
v 27.579126 11.552916 7.626230
v 23.350025 7.000000 8.149976
v 23.404066 7.447084 8.548830
v 22.951170 7.447084 8.095932
v 23.922020 12.000000 7.577981
v 23.420874 11.552916 7.626230
v 23.873770 11.552916 8.079127
v 29.350075 7.000000 3.850025
v 29.046986 7.425343 3.901307
v 29.530254 7.447084 3.451171
v 31.077059 12.000000 4.422019
v 30.948395 11.552916 3.920874
v 30.480146 11.574656 4.375984
v 44.149921 7.000000 3.850025
v 43.969742 7.447084 3.451171
v 44.453011 7.425342 3.901307
v 42.422939 12.000000 4.422019
v 43.019852 11.574656 4.375983
v 42.551605 11.552916 3.920873
v 44.149925 7.000000 8.149975
v 44.453014 7.425343 8.098693
v 43.969746 7.447084 8.548828
v 42.422939 12.000000 7.577981
v 42.551601 11.552916 8.079126
v 43.019852 11.574656 7.624017
v 29.350077 7.000000 8.149976
v 29.530256 7.447084 8.548830
v 29.046988 7.425343 8.098693
v 31.077061 12.000000 7.577981
v 30.480148 11.574656 7.624017
v 30.948397 11.552916 8.079126
v -44.149967 7.000000 9.850025
v -44.534348 7.445190 9.903828
v -44.079269 7.447084 9.451171
v -43.412975 12.000000 10.422019
v -43.474075 11.552916 9.920874
v -43.928593 11.554811 10.373963
v -38.350033 7.000000 9.850024
v -38.420731 7.447084 9.451170
v -37.965649 7.445190 9.903827
v -39.087025 12.000000 10.422019
v -38.571404 11.554811 10.373962
v -39.025925 11.552916 9.920873
v -38.350033 7.000000 14.149975
v -37.965652 7.445190 14.096172
v -38.420731 7.447084 14.548829
v -39.087025 12.000000 13.577981
v -39.025925 11.552916 14.079126
v -38.571407 11.554811 13.626037
v -44.149967 7.000000 14.149976
v -44.079269 7.447084 14.548830
v -44.534351 7.445190 14.096173
v -43.412975 12.000000 13.577981
v -43.928596 11.554811 13.626038
v -43.474075 11.552916 14.079127
v -36.649967 7.000000 9.850025
v -37.034348 7.445190 9.903828
v -36.579269 7.447084 9.451171
v -35.912975 12.000000 10.422019
v -35.974075 11.552916 9.920874
v -36.428593 11.554811 10.373963
v -30.850033 7.000000 9.850024
v -30.920732 7.447084 9.451170
v -30.465652 7.445190 9.903827
v -31.587027 12.000000 10.422019
v -31.071405 11.554811 10.373962
v -31.525927 11.552916 9.920873
v -30.850033 7.000000 14.149975
v -30.465652 7.445190 14.096172
v -30.920732 7.447084 14.548829
v -31.587025 12.000000 13.577981
v -31.525925 11.552916 14.079126
v -31.071404 11.554811 13.626037
v -36.649967 7.000000 14.149976
v -36.579269 7.447084 14.548830
v -37.034351 7.445190 14.096173
v -35.912975 12.000000 13.577981
v -36.428596 11.554811 13.626038
v -35.974075 11.552916 14.079127
v -29.149967 7.000000 9.850025
v -29.534348 7.445190 9.903828
v -29.079268 7.447084 9.451171
v -28.412975 12.000000 10.422019
v -28.474075 11.552916 9.920874
v -28.928596 11.554811 10.373963
v -23.350033 7.000000 9.850024
v -23.420732 7.447084 9.451170
v -22.965652 7.445190 9.903827
v -24.087027 12.000000 10.422019
v -23.571405 11.554811 10.373962
v -24.025927 11.552916 9.920873
v -23.350033 7.000000 14.149975
v -22.965652 7.445190 14.096172
v -23.420732 7.447084 14.548829
v -24.087025 12.000000 13.577981
v -24.025925 11.552916 14.079126
v -23.571404 11.554811 13.626037
v -29.149967 7.000000 14.149976
v -29.079268 7.447084 14.548830
v -29.534348 7.445190 14.096173
v -28.412973 12.000000 13.577981
v -28.928595 11.554811 13.626038
v -28.474073 11.552916 14.079127
v -21.649824 7.000000 9.850025
v -21.817137 7.350125 9.891858
v -21.161964 7.447084 9.451171
v -17.612865 12.000000 10.422019
v -17.846951 11.552916 9.920874
v -18.345554 11.649875 10.383744
v 14.149823 7.000000 9.850024
v 13.661962 7.447084 9.451170
v 14.317135 7.350125 9.891857
v 10.112862 12.000000 10.422019
v 10.845550 11.649876 10.383744
v 10.346946 11.552916 9.920873
v 14.149825 7.000000 14.149975
v 14.317137 7.350125 14.108142
v 13.661964 7.447084 14.548829
v 10.112865 12.000000 13.577981
v 10.346949 11.552916 14.079126
v 10.845553 11.649875 13.616256
v -21.649822 7.000000 14.149976
v -21.161963 7.447084 14.548830
v -21.817135 7.350125 14.108143
v -17.612862 12.000000 13.577981
v -18.345551 11.649875 13.616256
v -17.846947 11.552916 14.079127
v 15.850032 7.000000 9.850025
v 15.465652 7.445190 9.903828
v 15.920731 7.447084 9.451171
v 16.587025 12.000000 10.422019
v 16.525925 11.552916 9.920874
v 16.071404 11.554811 10.373963
v 21.649967 7.000000 9.850024
v 21.579268 7.447084 9.451170
v 22.034348 7.445190 9.903827
v 20.912973 12.000000 10.422019
v 21.428595 11.554811 10.373962
v 20.974073 11.552916 9.920873
v 21.649967 7.000000 14.149975
v 22.034348 7.445190 14.096172
v 21.579268 7.447084 14.548829
v 20.912975 12.000000 13.577981
v 20.974075 11.552916 14.079126
v 21.428596 11.554811 13.626037
v 15.850032 7.000000 14.149976
v 15.920731 7.447084 14.548830
v 15.465652 7.445190 14.096173
v 16.587027 12.000000 13.577981
v 16.071405 11.554811 13.626038
v 16.525927 11.552916 14.079127
v 23.350033 7.000000 9.850025
v 22.965652 7.445190 9.903828
v 23.420732 7.447084 9.451171
v 24.087025 12.000000 10.422019
v 24.025925 11.552916 9.920874
v 23.571404 11.554811 10.373963
v 29.149967 7.000000 9.850024
v 29.079268 7.447084 9.451170
v 29.534348 7.445190 9.903827
v 28.412973 12.000000 10.422019
v 28.928595 11.554811 10.373962
v 28.474073 11.552916 9.920873
v 29.149967 7.000000 14.149975
v 29.534348 7.445190 14.096172
v 29.079268 7.447084 14.548829
v 28.412975 12.000000 13.577981
v 28.474075 11.552916 14.079126
v 28.928596 11.554811 13.626037
v 23.350033 7.000000 14.149976
v 23.420732 7.447084 14.548830
v 22.965652 7.445190 14.096173
v 24.087027 12.000000 13.577981
v 23.571405 11.554811 13.626038
v 24.025927 11.552916 14.079127
v 30.850033 7.000000 9.850025
v 30.465652 7.445190 9.903828
v 30.920732 7.447084 9.451171
v 31.587025 12.000000 10.422019
v 31.525925 11.552916 9.920874
v 31.071404 11.554811 10.373963
v 36.649967 7.000000 9.850024
v 36.579269 7.447084 9.451170
v 37.034351 7.445190 9.903827
v 35.912975 12.000000 10.422019
v 36.428596 11.554811 10.373962
v 35.974075 11.552916 9.920873
v 36.649967 7.000000 14.149975
v 37.034348 7.445190 14.096172
v 36.579269 7.447084 14.548829
v 35.912975 12.000000 13.577981
v 35.974075 11.552916 14.079126
v 36.428593 11.554811 13.626037
v 30.850033 7.000000 14.149976
v 30.920732 7.447084 14.548830
v 30.465652 7.445190 14.096173
v 31.587027 12.000000 13.577981
v 31.071405 11.554811 13.626038
v 31.525927 11.552916 14.079127
v 38.350033 7.000000 9.850025
v 37.965652 7.445190 9.903828
v 38.420731 7.447084 9.451171
v 39.087025 12.000000 10.422019
v 39.025925 11.552916 9.920874
v 38.571407 11.554811 10.373963
v 44.149967 7.000000 9.850024
v 44.079269 7.447084 9.451170
v 44.534351 7.445190 9.903827
v 43.412975 12.000000 10.422019
v 43.928596 11.554811 10.373962
v 43.474075 11.552916 9.920873
v 44.149967 7.000000 14.149975
v 44.534348 7.445190 14.096172
v 44.079269 7.447084 14.548829
v 43.412975 12.000000 13.577981
v 43.474075 11.552916 14.079126
v 43.928593 11.554811 13.626037
v 38.350033 7.000000 14.149976
v 38.420731 7.447084 14.548830
v 37.965649 7.445190 14.096173
v 39.087025 12.000000 13.577981
v 38.571404 11.554811 13.626038
v 39.025925 11.552916 14.079127
v -36.850040 7.000000 -8.149976
v -44.149960 7.000000 -8.149975
v 28.373770 11.552916 -9.920873
v 28.422020 12.000000 -10.422019
v 27.920874 11.552916 -10.373771
v 27.451170 7.447084 -9.904068
v -35.095932 7.447084 -8.548829
v -30.850025 7.000000 -8.149976
v -35.149975 7.000000 -8.149975
v 43.014832 11.552916 -9.920874
v 44.026501 7.447084 -9.451172
v -35.548828 7.447084 -8.095931
v -35.079124 11.552916 -7.626230
v -34.626228 11.552916 -8.079126
v 33.973499 7.447084 -9.451170
v -18.920874 11.552916 -7.626230
v -18.451170 7.447084 -8.095932
v -18.904066 7.447084 -8.548830
v -19.373770 11.552916 -8.079127
v 34.985168 11.552916 -9.920874
v -29.548830 7.447084 -8.095931
v -29.079126 11.552916 -7.626230
v -28.626230 11.552916 -8.079126
v -29.095934 7.447084 -8.548829
v -36.479931 7.442852 -3.903530
v -36.850040 7.000000 -3.850025
v -34.577980 12.000000 -7.577981
v -31.422020 12.000000 -7.577981
v -37.678547 11.552916 -3.920874
v -36.937866 7.447084 -3.451171
v -24.920874 11.552916 -7.626230
v -24.451170 7.447084 -8.095932
v -24.904066 7.447084 -8.548830
v -25.373770 11.552916 -8.079127
v -44.062134 7.447084 -3.451171
v -44.149960 7.000000 -3.850025
v -24.850025 7.000000 -8.149976
v -29.149975 7.000000 -8.149975
v -43.321449 11.552916 -3.920873
v -44.520069 7.442852 -3.903529
v -28.577980 12.000000 -7.577981
v -25.422020 12.000000 -7.577981
v -30.451170 7.447084 -3.904068
v -30.850025 7.000000 -3.850025
v -23.095934 7.447084 -8.548829
v -18.850025 7.000000 -8.149976
v -23.149975 7.000000 -8.149975
v -30.920874 11.552916 -4.373771
v -31.422020 12.000000 -4.422019
v -31.373770 11.552916 -3.920874
v -30.904066 7.447084 -3.451171
v -23.548830 7.447084 -8.095931
v -23.079126 11.552916 -7.626230
v -22.626230 11.552916 -8.079126
v -35.095932 7.447084 -3.451171
v -35.149975 7.000000 -3.850025
v -6.920874 11.552916 -7.626230
v -6.451171 7.447084 -8.095932
v -6.904068 7.447084 -8.548830
v -7.373771 11.552916 -8.079127
v -34.626228 11.552916 -3.920873
v -34.577980 12.000000 -4.422019
v -35.079128 11.552916 -4.373770
v -35.548828 7.447084 -3.904068
v -17.548830 7.447084 -8.095931
v -17.079126 11.552916 -7.626230
v -16.626230 11.552916 -8.079126
v -17.095934 7.447084 -8.548829
v -24.451170 7.447084 -3.904068
v -24.850025 7.000000 -3.850025
v -22.577980 12.000000 -7.577981
v -19.422020 12.000000 -7.577981
v -24.920874 11.552916 -4.373771
v -25.422020 12.000000 -4.422019
v -25.373770 11.552916 -3.920874
v -24.904066 7.447084 -3.451171
v -12.920874 11.552916 -7.626230
v -12.451171 7.447084 -8.095932
v -12.904069 7.447084 -8.548830
v -13.373771 11.552916 -8.079127
v -29.095934 7.447084 -3.451171
v -29.149975 7.000000 -3.850025
v -12.850025 7.000000 -8.149976
v -17.149975 7.000000 -8.149975
v -28.626230 11.552916 -3.920873
v -28.577980 12.000000 -4.422019
v -29.079126 11.552916 -4.373770
v -29.548830 7.447084 -3.904068
v -16.577980 12.000000 -7.577981
v -13.422019 12.000000 -7.577981
v -18.451170 7.447084 -3.904068
v -18.850025 7.000000 -3.850025
v -11.095932 7.447084 -8.548829
v -6.850025 7.000000 -8.149976
v -11.149976 7.000000 -8.149975
v -18.920874 11.552916 -4.373771
v -19.422020 12.000000 -4.422019
v -19.373770 11.552916 -3.920874
v -18.904066 7.447084 -3.451171
v -11.548830 7.447084 -8.095931
v -11.079127 11.552916 -7.626230
v -10.626229 11.552916 -8.079126
v -23.095934 7.447084 -3.451171
v -23.149975 7.000000 -3.850025
v 5.079126 11.552916 -7.626230
v 5.548829 7.447084 -8.095932
v 5.095932 7.447084 -8.548830
v 4.626229 11.552916 -8.079127
v -22.626230 11.552916 -3.920873
v -22.577980 12.000000 -4.422019
v -23.079126 11.552916 -4.373770
v -23.548830 7.447084 -3.904068
v -5.548829 7.447084 -8.095931
v -5.079127 11.552916 -7.626230
v -4.626230 11.552916 -8.079126
v -5.095932 7.447084 -8.548829
v -12.451170 7.447084 -3.904068
v -12.850024 7.000000 -3.850025
v -10.577981 12.000000 -7.577981
v -7.422019 12.000000 -7.577981
v -12.920873 11.552916 -4.373771
v -13.422019 12.000000 -4.422019
v -13.373771 11.552916 -3.920874
v -12.904068 7.447084 -3.451171
v -0.920874 11.552916 -7.626230
v -0.451171 7.447084 -8.095932
v -0.904068 7.447084 -8.548830
v -1.373771 11.552916 -8.079127
v -17.095934 7.447084 -3.451171
v -17.149975 7.000000 -3.850025
v -0.850025 7.000000 -8.149976
v -5.149975 7.000000 -8.149975
v -16.626230 11.552916 -3.920873
v -16.577980 12.000000 -4.422019
v -17.079126 11.552916 -4.373770
v -17.548830 7.447084 -3.904068
v -4.577981 12.000000 -7.577981
v -1.422020 12.000000 -7.577981
v -6.451171 7.447084 -3.904068
v -6.850025 7.000000 -3.850025
v 0.904068 7.447084 -8.548829
v 5.149975 7.000000 -8.149976
v 0.850025 7.000000 -8.149975
v -6.920873 11.552916 -4.373771
v -7.422019 12.000000 -4.422019
v -7.373770 11.552916 -3.920874
v -6.904068 7.447084 -3.451171
v 0.451171 7.447084 -8.095931
v 0.920873 11.552916 -7.626230
v 1.373770 11.552916 -8.079126
v -11.095931 7.447084 -3.451171
v -11.149975 7.000000 -3.850025
v 17.079126 11.552916 -7.626230
v 17.548830 7.447084 -8.095932
v 17.095934 7.447084 -8.548830
v 16.626230 11.552916 -8.079127
v -10.626229 11.552916 -3.920873
v -10.577981 12.000000 -4.422019
v -11.079126 11.552916 -4.373770
v -11.548829 7.447084 -3.904068
v 6.451171 7.447084 -8.095931
v 6.920873 11.552916 -7.626230
v 7.373770 11.552916 -8.079126
v 6.904068 7.447084 -8.548829
v -0.451171 7.447084 -3.904068
v -0.850025 7.000000 -3.850025
v 1.422019 12.000000 -7.577981
v 4.577981 12.000000 -7.577981
v -0.920873 11.552916 -4.373771
v -1.422019 12.000000 -4.422019
v -1.373770 11.552916 -3.920874
v -0.904068 7.447084 -3.451171
v 11.079126 11.552916 -7.626230
v 11.548829 7.447084 -8.095932
v 11.095931 7.447084 -8.548830
v 10.626229 11.552916 -8.079127
v -5.095932 7.447084 -3.451171
v -5.149975 7.000000 -3.850025
v 11.149975 7.000000 -8.149976
v 6.850025 7.000000 -8.149975
v -4.626229 11.552916 -3.920873
v -4.577981 12.000000 -4.422019
v -5.079126 11.552916 -4.373770
v -5.548829 7.447084 -3.904068
v 7.422019 12.000000 -7.577981
v 10.577981 12.000000 -7.577981
v 5.548829 7.447084 -3.904068
v 5.149975 7.000000 -3.850025
v 12.904068 7.447084 -8.548829
v 17.149975 7.000000 -8.149976
v 12.850024 7.000000 -8.149975
v 5.079127 11.552916 -4.373771
v 4.577981 12.000000 -4.422019
v 4.626230 11.552916 -3.920874
v 5.095932 7.447084 -3.451171
v 12.451170 7.447084 -8.095931
v 12.920873 11.552916 -7.626230
v 13.373771 11.552916 -8.079126
v 0.904068 7.447084 -3.451171
v 0.850025 7.000000 -3.850025
v 29.079126 11.552916 -7.626230
v 29.548830 7.447084 -8.095932
v 29.095934 7.447084 -8.548830
v 28.626230 11.552916 -8.079127
v 1.373771 11.552916 -3.920873
v 1.422020 12.000000 -4.422019
v 0.920874 11.552916 -4.373770
v 0.451171 7.447084 -3.904068
v 18.451170 7.447084 -8.095931
v 18.920874 11.552916 -7.626230
v 19.373770 11.552916 -8.079126
v 18.904066 7.447084 -8.548829
v 11.548830 7.447084 -3.904068
v 11.149976 7.000000 -3.850025
v 13.422019 12.000000 -7.577981
v 16.577980 12.000000 -7.577981
v 11.079127 11.552916 -4.373771
v 10.577981 12.000000 -4.422019
v 10.626229 11.552916 -3.920874
v 11.095932 7.447084 -3.451171
v 23.079126 11.552916 -7.626230
v 23.548830 7.447084 -8.095932
v 23.095934 7.447084 -8.548830
v 22.626230 11.552916 -8.079127
v 6.904068 7.447084 -3.451171
v 6.850025 7.000000 -3.850025
v 23.149975 7.000000 -8.149976
v 18.850025 7.000000 -8.149975
v 7.373771 11.552916 -3.920873
v 7.422019 12.000000 -4.422019
v 6.920874 11.552916 -4.373770
v 6.451171 7.447084 -3.904068
v 19.422020 12.000000 -7.577981
v 22.577980 12.000000 -7.577981
v 17.548830 7.447084 -3.904068
v 17.149975 7.000000 -3.850025
v 24.904066 7.447084 -8.548829
v 29.149975 7.000000 -8.149976
v 24.850025 7.000000 -8.149975
v 17.079126 11.552916 -4.373771
v 16.577980 12.000000 -4.422019
v 16.626230 11.552916 -3.920874
v 17.095934 7.447084 -3.451171
v 24.451170 7.447084 -8.095931
v 24.920874 11.552916 -7.626230
v 25.373770 11.552916 -8.079126
v 12.904069 7.447084 -3.451171
v 12.850025 7.000000 -3.850025
v 44.520069 7.442852 -8.096471
v 44.062134 7.447084 -8.548830
v 43.321449 11.552916 -8.079126
v 13.373771 11.552916 -3.920873
v 13.422019 12.000000 -4.422019
v 12.920874 11.552916 -4.373770
v 12.451171 7.447084 -3.904068
v 30.451170 7.447084 -8.095931
v 30.920874 11.552916 -7.626230
v 31.373770 11.552916 -8.079126
v 30.904066 7.447084 -8.548829
v 23.548830 7.447084 -3.904068
v 23.149975 7.000000 -3.850025
v 25.422020 12.000000 -7.577981
v 28.577980 12.000000 -7.577981
v 23.079126 11.552916 -4.373771
v 22.577980 12.000000 -4.422019
v 22.626230 11.552916 -3.920874
v 23.095934 7.447084 -3.451171
v 35.079128 11.552916 -7.626230
v 35.548828 7.447084 -8.095932
v 35.095932 7.447084 -8.548830
v 34.626228 11.552916 -8.079127
v 18.904066 7.447084 -3.451171
v 18.850025 7.000000 -3.850025
v 35.149975 7.000000 -8.149976
v 30.850025 7.000000 -8.149975
v 19.373770 11.552916 -3.920873
v 19.422020 12.000000 -4.422019
v 18.920874 11.552916 -4.373770
v 18.451170 7.447084 -3.904068
v 31.422020 12.000000 -7.577981
v 34.577980 12.000000 -7.577981
v 29.548830 7.447084 -3.904068
v 29.149975 7.000000 -3.850025
v 36.937866 7.447084 -8.548828
v 44.149960 7.000000 -8.149976
v 36.850040 7.000000 -8.149975
v 29.079126 11.552916 -4.373771
v 28.577980 12.000000 -4.422019
v 28.626230 11.552916 -3.920874
v 29.095934 7.447084 -3.451171
v 36.479931 7.442852 -8.096470
v 37.678547 11.552916 -8.079126
v 24.904066 7.447084 -3.451171
v 24.850025 7.000000 -3.850025
v -29.420874 11.552916 -1.626230
v -28.951170 7.447084 -2.095932
v -29.404066 7.447084 -2.548829
v -29.873770 11.552916 -2.079127
v 25.373770 11.552916 -3.920873
v 25.422020 12.000000 -4.422019
v 24.920874 11.552916 -4.373770
v 24.451170 7.447084 -3.904068
v -43.168365 11.552916 -2.079126
v -44.044540 7.447084 -2.548829
v 35.548828 7.447084 -3.904068
v 35.149975 7.000000 -3.850025
v 35.079124 11.552916 -4.373771
v 34.577980 12.000000 -4.422019
v 34.626228 11.552916 -3.920874
v 35.095932 7.447084 -3.451171
v -35.455460 7.447084 -2.548829
v -36.331635 11.552916 -2.079127
v 30.904066 7.447084 -3.451171
v 30.850025 7.000000 -3.850025
v 31.373770 11.552916 -3.920873
v 31.422020 12.000000 -4.422019
v 30.920874 11.552916 -4.373770
v 30.451170 7.447084 -3.904068
v 44.520069 7.442852 -3.903530
v 44.149960 7.000000 -3.850025
v -33.595932 7.447084 -2.548829
v -29.350025 7.000000 -2.149975
v -33.649975 7.000000 -2.149975
v 43.321453 11.552916 -3.920874
v 44.062134 7.447084 -3.451171
v -34.048828 7.447084 -2.095932
v -33.579124 11.552916 -1.626229
v -33.126228 11.552916 -2.079126
v 36.937866 7.447084 -3.451171
v 36.850040 7.000000 -3.850025
v -17.420874 11.552916 -1.626230
v -16.951170 7.447084 -2.095932
v -17.404066 7.447084 -2.548829
v -17.873770 11.552916 -2.079127
v 37.678551 11.552916 -3.920873
v 36.479931 7.442852 -3.903529
v -28.048830 7.447084 -2.095932
v -27.579126 11.552916 -1.626229
v -27.126230 11.552916 -2.079126
v -27.595934 7.447084 -2.548829
v -33.077980 12.000000 -1.577980
v -29.922020 12.000000 -1.577981
v -36.331635 11.552916 2.079126
v -35.455460 7.447084 2.548829
v -23.420874 11.552916 -1.626230
v -22.951170 7.447084 -2.095932
v -23.404066 7.447084 -2.548829
v -23.873770 11.552916 -2.079127
v -44.044540 7.447084 2.548829
v -23.350025 7.000000 -2.149975
v -27.649975 7.000000 -2.149975
v -43.168365 11.552916 2.079127
v -27.077980 12.000000 -1.577980
v -23.922020 12.000000 -1.577981
v -28.951170 7.447084 2.095932
v -29.350025 7.000000 2.149975
v -21.595934 7.447084 -2.548829
v -17.350025 7.000000 -2.149975
v -21.649975 7.000000 -2.149975
v -29.420874 11.552916 1.626229
v -29.922020 12.000000 1.577980
v -29.873770 11.552916 2.079126
v -29.404066 7.447084 2.548829
v -22.048830 7.447084 -2.095932
v -21.579126 11.552916 -1.626229
v -21.126230 11.552916 -2.079126
v -33.595932 7.447084 2.548829
v -33.649975 7.000000 2.149975
v -5.420874 11.552916 -1.626230
v -4.951171 7.447084 -2.095932
v -5.404068 7.447084 -2.548829
v -5.873771 11.552916 -2.079127
v -33.126228 11.552916 2.079127
v -33.077980 12.000000 1.577981
v -33.579128 11.552916 1.626230
v -34.048828 7.447084 2.095932
v -16.048830 7.447084 -2.095932
v -15.579127 11.552916 -1.626229
v -15.126229 11.552916 -2.079126
v -15.595932 7.447084 -2.548829
v -22.951170 7.447084 2.095932
v -23.350025 7.000000 2.149975
v -21.077980 12.000000 -1.577980
v -17.922020 12.000000 -1.577981
v -23.420874 11.552916 1.626229
v -23.922020 12.000000 1.577980
v -23.873770 11.552916 2.079126
v -23.404066 7.447084 2.548829
v -11.420874 11.552916 -1.626230
v -10.951171 7.447084 -2.095932
v -11.404069 7.447084 -2.548829
v -11.873771 11.552916 -2.079127
v -27.595934 7.447084 2.548829
v -27.649975 7.000000 2.149975
v -11.350025 7.000000 -2.149975
v -15.649976 7.000000 -2.149975
v -27.126230 11.552916 2.079127
v -27.077980 12.000000 1.577981
v -27.579126 11.552916 1.626230
v -28.048830 7.447084 2.095932
v -15.077981 12.000000 -1.577980
v -11.922019 12.000000 -1.577981
v -16.951170 7.447084 2.095932
v -17.350025 7.000000 2.149975
v -9.595932 7.447084 -2.548829
v -5.350025 7.000000 -2.149975
v -9.649976 7.000000 -2.149975
v -17.420874 11.552916 1.626229
v -17.922020 12.000000 1.577980
v -17.873770 11.552916 2.079126
v -17.404066 7.447084 2.548829
v -10.048830 7.447084 -2.095932
v -9.579127 11.552916 -1.626229
v -9.126229 11.552916 -2.079126
v -21.595934 7.447084 2.548829
v -21.649975 7.000000 2.149975
v 6.579126 11.552916 -1.626230
v 7.048829 7.447084 -2.095932
v 6.595932 7.447084 -2.548829
v 6.126229 11.552916 -2.079127
v -21.126230 11.552916 2.079127
v -21.077980 12.000000 1.577981
v -21.579126 11.552916 1.626230
v -22.048830 7.447084 2.095932
v -4.048829 7.447084 -2.095932
v -3.579127 11.552916 -1.626229
v -3.126230 11.552916 -2.079126
v -3.595932 7.447084 -2.548829
v -10.951170 7.447084 2.095932
v -11.350024 7.000000 2.149975
v -9.077981 12.000000 -1.577980
v -5.922019 12.000000 -1.577981
v -11.420873 11.552916 1.626229
v -11.922019 12.000000 1.577980
v -11.873771 11.552916 2.079126
v -11.404068 7.447084 2.548829
v 0.579126 11.552916 -1.626230
v 1.048829 7.447084 -2.095932
v 0.595932 7.447084 -2.548829
v 0.126229 11.552916 -2.079127
v -15.595932 7.447084 2.548829
v -15.649976 7.000000 2.149975
v 0.649975 7.000000 -2.149975
v -3.649975 7.000000 -2.149975
v -15.126229 11.552916 2.079127
v -15.077981 12.000000 1.577981
v -15.579126 11.552916 1.626230
v -16.048830 7.447084 2.095932
v -3.077981 12.000000 -1.577980
v 0.077980 12.000000 -1.577981
v -4.951171 7.447084 2.095932
v -5.350025 7.000000 2.149975
v 2.404068 7.447084 -2.548829
v 6.649975 7.000000 -2.149975
v 2.350025 7.000000 -2.149975
v -5.420873 11.552916 1.626229
v -5.922019 12.000000 1.577980
v -5.873770 11.552916 2.079126
v -5.404068 7.447084 2.548829
v 1.951171 7.447084 -2.095932
v 2.420873 11.552916 -1.626229
v 2.873770 11.552916 -2.079126
v -9.595931 7.447084 2.548829
v -9.649975 7.000000 2.149975
v 18.579126 11.552916 -1.626230
v 19.048830 7.447084 -2.095932
v 18.595934 7.447084 -2.548829
v 18.126230 11.552916 -2.079127
v -9.126229 11.552916 2.079127
v -9.077981 12.000000 1.577981
v -9.579126 11.552916 1.626230
v -10.048829 7.447084 2.095932
v 7.951171 7.447084 -2.095932
v 8.420873 11.552916 -1.626229
v 8.873771 11.552916 -2.079126
v 8.404068 7.447084 -2.548829
v 1.048829 7.447084 2.095932
v 0.649975 7.000000 2.149975
v 2.922019 12.000000 -1.577980
v 6.077981 12.000000 -1.577981
v 0.579127 11.552916 1.626229
v 0.077981 12.000000 1.577980
v 0.126230 11.552916 2.079126
v 0.595932 7.447084 2.548829
v 12.579126 11.552916 -1.626230
v 13.048829 7.447084 -2.095932
v 12.595931 7.447084 -2.548829
v 12.126229 11.552916 -2.079127
v -3.595932 7.447084 2.548829
v -3.649975 7.000000 2.149975
v 12.649975 7.000000 -2.149975
v 8.350025 7.000000 -2.149975
v -3.126229 11.552916 2.079127
v -3.077980 12.000000 1.577981
v -3.579126 11.552916 1.626230
v -4.048829 7.447084 2.095932
v 8.922019 12.000000 -1.577980
v 12.077981 12.000000 -1.577981
v 7.048829 7.447084 2.095932
v 6.649975 7.000000 2.149975
v 14.404068 7.447084 -2.548829
v 18.649975 7.000000 -2.149975
v 14.350024 7.000000 -2.149975
v 6.579127 11.552916 1.626229
v 6.077981 12.000000 1.577980
v 6.126230 11.552916 2.079126
v 6.595932 7.447084 2.548829
v 13.951170 7.447084 -2.095932
v 14.420873 11.552916 -1.626229
v 14.873771 11.552916 -2.079126
v 2.404068 7.447084 2.548829
v 2.350025 7.000000 2.149975
v 30.579126 11.552916 -1.626230
v 31.048830 7.447084 -2.095932
v 30.595934 7.447084 -2.548829
v 30.126230 11.552916 -2.079127
v 2.873771 11.552916 2.079127
v 2.922020 12.000000 1.577981
v 2.420874 11.552916 1.626230
v 1.951171 7.447084 2.095932
v 19.951170 7.447084 -2.095932
v 20.420874 11.552916 -1.626229
v 20.873770 11.552916 -2.079126
v 20.404066 7.447084 -2.548829
v 13.048830 7.447084 2.095932
v 12.649976 7.000000 2.149975
v 14.922019 12.000000 -1.577980
v 18.077980 12.000000 -1.577981
v 12.579127 11.552916 1.626229
v 12.077981 12.000000 1.577980
v 12.126229 11.552916 2.079126
v 12.595932 7.447084 2.548829
v 24.579126 11.552916 -1.626230
v 25.048830 7.447084 -2.095932
v 24.595934 7.447084 -2.548829
v 24.126230 11.552916 -2.079127
v 8.404069 7.447084 2.548829
v 8.350025 7.000000 2.149975
v 24.649975 7.000000 -2.149975
v 20.350025 7.000000 -2.149975
v 8.873771 11.552916 2.079127
v 8.922019 12.000000 1.577981
v 8.420874 11.552916 1.626230
v 7.951171 7.447084 2.095932
v 20.922020 12.000000 -1.577980
v 24.077980 12.000000 -1.577981
v 19.048830 7.447084 2.095932
v 18.649975 7.000000 2.149975
v 26.404066 7.447084 -2.548829
v 30.649975 7.000000 -2.149975
v 26.350025 7.000000 -2.149975
v 18.579126 11.552916 1.626229
v 18.077980 12.000000 1.577980
v 18.126230 11.552916 2.079126
v 18.595934 7.447084 2.548829
v 25.951170 7.447084 -2.095932
v 26.420874 11.552916 -1.626229
v 26.873770 11.552916 -2.079126
v 14.404069 7.447084 2.548829
v 14.350025 7.000000 2.149975
v -33.639149 11.552916 3.920873
v 14.873771 11.552916 2.079127
v 14.922019 12.000000 1.577981
v 14.420874 11.552916 1.626230
v 13.951171 7.447084 2.095932
v 33.639149 11.552916 -2.079126
v 25.048830 7.447084 2.095932
v 24.649975 7.000000 2.149975
v 26.922020 12.000000 -1.577980
v 30.077980 12.000000 -1.577981
v 24.579126 11.552916 1.626229
v 24.077980 12.000000 1.577980
v 24.126230 11.552916 2.079126
v 24.595934 7.447084 2.548829
v 42.860851 11.552916 -2.079127
v 20.404066 7.447084 2.548829
v 20.350025 7.000000 2.149975
v 20.873770 11.552916 2.079127
v 20.922020 12.000000 1.577981
v 20.420874 11.552916 1.626230
v 19.951170 7.447084 2.095932
v 31.048830 7.447084 2.095932
v 30.649975 7.000000 2.149975
v 30.579126 11.552916 1.626229
v 30.077980 12.000000 1.577980
v 30.126230 11.552916 2.079126
v 30.595934 7.447084 2.548829
v -42.860851 11.552916 3.920874
v 26.404066 7.447084 2.548829
v 26.350025 7.000000 2.149975
v -20.420874 11.552916 4.373770
v -19.951170 7.447084 3.904068
v -20.404066 7.447084 3.451171
v -20.873770 11.552916 3.920873
v 26.873770 11.552916 2.079127
v 26.922020 12.000000 1.577981
v 26.420874 11.552916 1.626230
v 25.951170 7.447084 2.095932
v -31.048830 7.447084 3.904068
v -30.579126 11.552916 4.373771
v -30.126230 11.552916 3.920874
v -30.595934 7.447084 3.451171
v 42.860851 11.552916 2.079126
v -26.420874 11.552916 4.373770
v -25.951170 7.447084 3.904068
v -26.404066 7.447084 3.451171
v -26.873770 11.552916 3.920873
v -26.350025 7.000000 3.850025
v -30.649975 7.000000 3.850025
v 33.639149 11.552916 2.079127
v -30.077980 12.000000 4.422019
v -26.922020 12.000000 4.422019
v -24.595934 7.447084 3.451171
v -20.350025 7.000000 3.850025
v -24.649975 7.000000 3.850025
v -33.639149 11.552916 8.079126
v -25.048830 7.447084 3.904068
v -24.579126 11.552916 4.373771
v -24.126230 11.552916 3.920874
v -8.420874 11.552916 4.373770
v -7.951171 7.447084 3.904068
v -8.404069 7.447084 3.451171
v -8.873771 11.552916 3.920873
v -42.860851 11.552916 8.079127
v -19.048830 7.447084 3.904068
v -18.579126 11.552916 4.373771
v -18.126230 11.552916 3.920874
v -18.595934 7.447084 3.451171
v -25.951170 7.447084 8.095931
v -26.350025 7.000000 8.149975
v -24.077980 12.000000 4.422019
v -20.922020 12.000000 4.422019
v -26.420874 11.552916 7.626230
v -26.922020 12.000000 7.577981
v -26.873770 11.552916 8.079126
v -26.404066 7.447084 8.548829
v -14.420874 11.552916 4.373770
v -13.951171 7.447084 3.904068
v -14.404069 7.447084 3.451171
v -14.873771 11.552916 3.920873
v -30.595934 7.447084 8.548830
v -30.649975 7.000000 8.149976
v -14.350025 7.000000 3.850025
v -18.649975 7.000000 3.850025
v -30.126230 11.552916 8.079127
v -30.077980 12.000000 7.577981
v -30.579126 11.552916 7.626230
v -31.048830 7.447084 8.095932
v -18.077980 12.000000 4.422019
v -14.922019 12.000000 4.422019
v -19.951170 7.447084 8.095931
v -20.350025 7.000000 8.149975
v -12.595932 7.447084 3.451171
v -8.350025 7.000000 3.850025
v -12.649976 7.000000 3.850025
v -20.420874 11.552916 7.626230
v -20.922020 12.000000 7.577981
v -20.873770 11.552916 8.079126
v -20.404066 7.447084 8.548829
v -13.048830 7.447084 3.904068
v -12.579127 11.552916 4.373771
v -12.126229 11.552916 3.920874
v -24.595934 7.447084 8.548830
v -24.649975 7.000000 8.149976
v 3.579126 11.552916 4.373770
v 4.048829 7.447084 3.904068
v 3.595932 7.447084 3.451171
v 3.126229 11.552916 3.920873
v -24.126230 11.552916 8.079127
v -24.077980 12.000000 7.577981
v -24.579126 11.552916 7.626230
v -25.048830 7.447084 8.095932
v -7.048829 7.447084 3.904068
v -6.579127 11.552916 4.373771
v -6.126230 11.552916 3.920874
v -6.595932 7.447084 3.451171
v -13.951170 7.447084 8.095931
v -14.350024 7.000000 8.149975
v -12.077981 12.000000 4.422019
v -8.922019 12.000000 4.422019
v -14.420873 11.552916 7.626230
v -14.922019 12.000000 7.577981
v -14.873771 11.552916 8.079126
v -14.404068 7.447084 8.548829
v -2.420874 11.552916 4.373770
v -1.951171 7.447084 3.904068
v -2.404068 7.447084 3.451171
v -2.873771 11.552916 3.920873
v -18.595934 7.447084 8.548830
v -18.649975 7.000000 8.149976
v -2.350025 7.000000 3.850025
v -6.649975 7.000000 3.850025
v -18.126230 11.552916 8.079127
v -18.077980 12.000000 7.577981
v -18.579126 11.552916 7.626230
v -19.048830 7.447084 8.095932
v -6.077981 12.000000 4.422019
v -2.922020 12.000000 4.422019
v -7.951171 7.447084 8.095931
v -8.350025 7.000000 8.149975
v -0.595932 7.447084 3.451171
v 3.649975 7.000000 3.850025
v -0.649975 7.000000 3.850025
v -8.420874 11.552916 7.626230
v -8.922019 12.000000 7.577981
v -8.873771 11.552916 8.079126
v -8.404068 7.447084 8.548829
v -1.048829 7.447084 3.904068
v -0.579127 11.552916 4.373771
v -0.126230 11.552916 3.920874
v -12.595931 7.447084 8.548830
v -12.649975 7.000000 8.149976
v 15.579126 11.552916 4.373770
v 16.048830 7.447084 3.904068
v 15.595932 7.447084 3.451171
v 15.126229 11.552916 3.920873
v -12.126229 11.552916 8.079127
v -12.077981 12.000000 7.577981
v -12.579126 11.552916 7.626230
v -13.048829 7.447084 8.095932
v 4.951171 7.447084 3.904068
v 5.420873 11.552916 4.373771
v 5.873770 11.552916 3.920874
v 5.404068 7.447084 3.451171
v -1.951171 7.447084 8.095931
v -2.350025 7.000000 8.149975
v -0.077981 12.000000 4.422019
v 3.077980 12.000000 4.422019
v -2.420873 11.552916 7.626230
v -2.922019 12.000000 7.577981
v -2.873770 11.552916 8.079126
v -2.404068 7.447084 8.548829
v 9.579126 11.552916 4.373770
v 10.048829 7.447084 3.904068
v 9.595931 7.447084 3.451171
v 9.126229 11.552916 3.920873
v -6.595932 7.447084 8.548830
v -6.649975 7.000000 8.149976
v 9.649975 7.000000 3.850025
v 5.350025 7.000000 3.850025
v -6.126229 11.552916 8.079127
v -6.077981 12.000000 7.577981
v -6.579126 11.552916 7.626230
v -7.048829 7.447084 8.095932
v 5.922019 12.000000 4.422019
v 9.077981 12.000000 4.422019
v 4.048829 7.447084 8.095931
v 3.649975 7.000000 8.149975
v 11.404068 7.447084 3.451171
v 15.649976 7.000000 3.850025
v 11.350024 7.000000 3.850025
v 3.579127 11.552916 7.626230
v 3.077981 12.000000 7.577981
v 3.126230 11.552916 8.079126
v 3.595932 7.447084 8.548829
v 10.951170 7.447084 3.904068
v 11.420873 11.552916 4.373771
v 11.873771 11.552916 3.920874
v -0.595932 7.447084 8.548830
v -0.649975 7.000000 8.149976
v 27.579126 11.552916 4.373770
v 28.048830 7.447084 3.904068
v 27.595934 7.447084 3.451171
v 27.126230 11.552916 3.920873
v -0.126229 11.552916 8.079127
v -0.077980 12.000000 7.577981
v -0.579126 11.552916 7.626230
v -1.048829 7.447084 8.095932
v 16.951170 7.447084 3.904068
v 17.420874 11.552916 4.373771
v 17.873770 11.552916 3.920874
v 17.404066 7.447084 3.451171
v 10.048830 7.447084 8.095931
v 9.649976 7.000000 8.149975
v 11.922019 12.000000 4.422019
v 15.077981 12.000000 4.422019
v 9.579127 11.552916 7.626230
v 9.077981 12.000000 7.577981
v 9.126229 11.552916 8.079126
v 9.595932 7.447084 8.548829
v 21.579126 11.552916 4.373770
v 22.048830 7.447084 3.904068
v 21.595934 7.447084 3.451171
v 21.126230 11.552916 3.920873
v 5.404068 7.447084 8.548830
v 5.350025 7.000000 8.149976
v 21.649975 7.000000 3.850025
v 17.350025 7.000000 3.850025
v 5.873771 11.552916 8.079127
v 5.922019 12.000000 7.577981
v 5.420874 11.552916 7.626230
v 4.951171 7.447084 8.095932
v 17.922020 12.000000 4.422019
v 21.077980 12.000000 4.422019
v 16.048830 7.447084 8.095931
v 15.649976 7.000000 8.149975
v 23.404066 7.447084 3.451171
v 27.649975 7.000000 3.850025
v 23.350025 7.000000 3.850025
v 15.579127 11.552916 7.626230
v 15.077981 12.000000 7.577981
v 15.126229 11.552916 8.079126
v 15.595932 7.447084 8.548829
v 22.951170 7.447084 3.904068
v 23.420874 11.552916 4.373771
v 23.873770 11.552916 3.920874
v 11.404069 7.447084 8.548830
v 11.350025 7.000000 8.149976
v -38.571404 11.554811 10.373962
v -37.965649 7.445190 9.903827
v -38.420731 7.447084 9.451170
v -39.025925 11.552916 9.920873
v 11.873771 11.552916 8.079127
v 11.922019 12.000000 7.577981
v 11.420874 11.552916 7.626230
v 10.951171 7.447084 8.095932
v 30.948395 11.552916 3.920874
v 22.048830 7.447084 8.095931
v 21.649975 7.000000 8.149975
v 23.922020 12.000000 4.422019
v 27.077980 12.000000 4.422019
v 21.579126 11.552916 7.626230
v 21.077980 12.000000 7.577981
v 21.126230 11.552916 8.079126
v 21.595934 7.447084 8.548829
v 42.551605 11.552916 3.920873
v 17.404066 7.447084 8.548830
v 17.350025 7.000000 8.149976
v 17.873770 11.552916 8.079127
v 17.922020 12.000000 7.577981
v 17.420874 11.552916 7.626230
v 16.951170 7.447084 8.095932
v 28.048830 7.447084 8.095931
v 27.649975 7.000000 8.149975
v -44.079269 7.447084 9.451171
v -38.350033 7.000000 9.850024
v -44.149967 7.000000 9.850025
v 27.579126 11.552916 7.626230
v 27.077980 12.000000 7.577981
v 27.126230 11.552916 8.079126
v 27.595934 7.447084 8.548829
v -44.534348 7.445190 9.903828
v -43.928593 11.554811 10.373963
v -43.474075 11.552916 9.920874
v 23.404066 7.447084 8.548830
v 23.350025 7.000000 8.149976
v -23.571405 11.554811 10.373962
v -22.965652 7.445190 9.903827
v -23.420732 7.447084 9.451170
v -24.025927 11.552916 9.920873
v 23.873770 11.552916 8.079127
v 23.922020 12.000000 7.577981
v 23.420874 11.552916 7.626230
v 22.951170 7.447084 8.095932
v -37.034348 7.445190 9.903828
v -36.428593 11.554811 10.373963
v -35.974075 11.552916 9.920874
v -36.579269 7.447084 9.451171
v -43.412975 12.000000 10.422019
v -39.087025 12.000000 10.422019
v 42.551601 11.552916 8.079126
v -31.071405 11.554811 10.373962
v -30.465652 7.445190 9.903827
v -30.920732 7.447084 9.451170
v -31.525927 11.552916 9.920873
v -30.850033 7.000000 9.850024
v -36.649967 7.000000 9.850025
v 30.948397 11.552916 8.079126
v -35.912975 12.000000 10.422019
v -31.587027 12.000000 10.422019
v -37.965652 7.445190 14.096172
v -38.350033 7.000000 14.149975
v -29.079268 7.447084 9.451171
v -23.350033 7.000000 9.850024
v -29.149967 7.000000 9.850025
v -38.571407 11.554811 13.626037
v -39.087025 12.000000 13.577981
v -39.025925 11.552916 14.079126
v -38.420731 7.447084 14.548829
v -29.534348 7.445190 9.903828
v -28.928596 11.554811 10.373963
v -28.474075 11.552916 9.920874
v -44.079269 7.447084 14.548830
v -44.149967 7.000000 14.149976
v 21.428595 11.554811 10.373962
v 22.034348 7.445190 9.903827
v 21.579268 7.447084 9.451170
v 20.974073 11.552916 9.920873
v -43.474075 11.552916 14.079127
v -43.412975 12.000000 13.577981
v -43.928596 11.554811 13.626038
v -44.534351 7.445190 14.096173
v -17.846951 11.552916 9.920874
v -30.465652 7.445190 14.096172
v -30.850033 7.000000 14.149975
v -28.412975 12.000000 10.422019
v -24.087027 12.000000 10.422019
v -31.071404 11.554811 13.626037
v -31.587025 12.000000 13.577981
v -31.525925 11.552916 14.079126
v -30.920732 7.447084 14.548829
v 10.346946 11.552916 9.920873
v -36.579269 7.447084 14.548830
v -36.649967 7.000000 14.149976
v -35.974075 11.552916 14.079127
v -35.912975 12.000000 13.577981
v -36.428596 11.554811 13.626038
v -37.034351 7.445190 14.096173
v -22.965652 7.445190 14.096172
v -23.350033 7.000000 14.149975
v 15.920731 7.447084 9.451171
v 21.649967 7.000000 9.850024
v 15.850032 7.000000 9.850025
v -23.571404 11.554811 13.626037
v -24.087025 12.000000 13.577981
v -24.025925 11.552916 14.079126
v -23.420732 7.447084 14.548829
v 15.465652 7.445190 9.903828
v 16.071404 11.554811 10.373963
v 16.525925 11.552916 9.920874
v -29.079268 7.447084 14.548830
v -29.149967 7.000000 14.149976
v 36.428596 11.554811 10.373962
v 37.034351 7.445190 9.903827
v 36.579269 7.447084 9.451170
v 35.974075 11.552916 9.920873
v -28.474073 11.552916 14.079127
v -28.412973 12.000000 13.577981
v -28.928595 11.554811 13.626038
v -29.534348 7.445190 14.096173
v 22.965652 7.445190 9.903828
v 23.571404 11.554811 10.373963
v 24.025925 11.552916 9.920874
v 23.420732 7.447084 9.451171
v 16.587025 12.000000 10.422019
v 20.912973 12.000000 10.422019
v 10.346949 11.552916 14.079126
v 28.928595 11.554811 10.373962
v 29.534348 7.445190 9.903827
v 29.079268 7.447084 9.451170
v 28.474073 11.552916 9.920873
v 29.149967 7.000000 9.850024
v 23.350033 7.000000 9.850025
v -17.846947 11.552916 14.079127
v 24.087025 12.000000 10.422019
v 28.412973 12.000000 10.422019
v 22.034348 7.445190 14.096172
v 21.649967 7.000000 14.149975
v 30.920732 7.447084 9.451171
v 36.649967 7.000000 9.850024
v 30.850033 7.000000 9.850025
v 21.428596 11.554811 13.626037
v 20.912975 12.000000 13.577981
v 20.974075 11.552916 14.079126
v 21.579268 7.447084 14.548829
v 30.465652 7.445190 9.903828
v 31.071404 11.554811 10.373963
v 31.525925 11.552916 9.920874
v 15.920731 7.447084 14.548830
v 15.850032 7.000000 14.149976
v 16.525927 11.552916 14.079127
v 16.587027 12.000000 13.577981
v 16.071405 11.554811 13.626038
v 15.465652 7.445190 14.096173
v 37.965652 7.445190 9.903828
v 38.571407 11.554811 10.373963
v 39.025925 11.552916 9.920874
v 38.420731 7.447084 9.451171
v 29.534348 7.445190 14.096172
v 29.149967 7.000000 14.149975
v 31.587025 12.000000 10.422019
v 35.912975 12.000000 10.422019
v 28.928596 11.554811 13.626037
v 28.412975 12.000000 13.577981
v 28.474075 11.552916 14.079126
v 29.079268 7.447084 14.548829
v 43.928596 11.554811 10.373962
v 44.534351 7.445190 9.903827
v 44.079269 7.447084 9.451170
v 43.474075 11.552916 9.920873
v 23.420732 7.447084 14.548830
v 23.350033 7.000000 14.149976
v 44.149967 7.000000 9.850024
v 38.350033 7.000000 9.850025
v 24.025927 11.552916 14.079127
v 24.087027 12.000000 13.577981
v 23.571405 11.554811 13.626038
v 22.965652 7.445190 14.096173
v 39.087025 12.000000 10.422019
v 43.412975 12.000000 10.422019
v 37.034348 7.445190 14.096172
v 36.649967 7.000000 14.149975
v 47.500000 -0.450000 -17.950001
v 36.428593 11.554811 13.626037
v 35.912975 12.000000 13.577981
v 35.974075 11.552916 14.079126
v 36.579269 7.447084 14.548829
v 30.920732 7.447084 14.548830
v 30.850033 7.000000 14.149976
v 31.525927 11.552916 14.079127
v 31.587027 12.000000 13.577981
v 31.071405 11.554811 13.626038
v 30.465652 7.445190 14.096173
v 44.534348 7.445190 14.096172
v 44.149967 7.000000 14.149975
v 43.928593 11.554811 13.626037
v 43.412975 12.000000 13.577981
v 43.474075 11.552916 14.079126
v 44.079269 7.447084 14.548829
v 38.420731 7.447084 14.548830
v 38.350033 7.000000 14.149976
v 39.025925 11.552916 14.079127
v 39.087025 12.000000 13.577981
v 38.571404 11.554811 13.626038
v 37.965649 7.445190 14.096173
vn -0.5039 -0.7016 0.5039
vn -0.4684 -0.3637 0.8052
vn 0.4325 0.5718 -0.6971
vn 0.4660 -0.3359 -0.8185
vn 0.8160 -0.3348 -0.4712
vn 0.4684 -0.3637 0.8052
vn 0.4430 0.5503 0.7077
vn 0.4206 0.8039 0.4206
vn 0.7077 0.5503 0.4430
vn 0.5039 -0.7016 0.5039
vn -0.0000 -0.0000 1.0000
vn 0.8052 -0.3637 0.4684
vn -0.4660 -0.3359 -0.8185
vn -0.4326 0.5718 -0.6971
vn -0.0083 -1.0000 -0.0000
vn -0.8160 -0.3348 -0.4712
vn -0.9239 -0.3827 -0.0000
vn -0.8052 -0.3637 0.4684
vn -0.7077 0.5503 0.4430
vn -0.4206 0.8039 0.4206
vn -0.4430 0.5503 0.7077
vn 0.4430 0.5503 -0.7077
vn 0.4684 -0.3637 -0.8052
vn 0.8052 -0.3637 -0.4684
vn 0.7077 0.5503 -0.4430
vn -0.4207 0.5917 -0.6877
vn -0.4613 -0.3084 -0.8319
vn 0.4206 0.8039 -0.4206
vn -0.4206 0.8039 -0.4206
vn -0.5039 -0.7016 -0.5039
vn 0.5039 -0.7016 -0.5039
vn -0.4684 -0.3637 -0.8052
vn -0.4430 0.5503 -0.7077
vn -0.7077 0.5503 -0.4430
vn -0.8052 -0.3637 -0.4684
vn 0.4207 0.5917 -0.6877
vn 0.4613 -0.3084 -0.8319
vn 0.4606 -0.7319 0.5022
vn -0.4606 -0.7588 0.4606
vn 0.7397 -0.4395 0.5096
vn 0.4606 -0.4606 0.7588
vn 0.4606 0.4606 0.7588
vn 0.7545 0.4720 -0.4560
vn 0.7588 0.4606 0.4606
vn 0.4606 0.7588 0.4606
vn 0.4630 0.4700 -0.7515
vn 0.4606 0.7588 -0.4606
vn -0.4606 0.7588 -0.4606
vn -0.4606 0.7588 0.4606
vn -0.7588 0.4606 0.4606
vn -0.4606 0.4606 0.7588
vn -0.4606 -0.4606 0.7588
vn 0.4514 0.4830 -0.7503
vn -0.4606 0.4606 -0.7588
vn 0.4589 -0.7573 0.4646
vn -0.0000 -0.6657 0.7462
vn -0.5521 0.3962 0.7336
vn -0.9023 -0.4312 -0.0000
vn -0.5352 -0.1566 0.8301
vn -0.5668 0.1408 0.8117
vn 0.9023 -0.4312 -0.0000
vn 0.5668 0.1408 0.8117
vn 0.5352 -0.1566 0.8301
vn 0.5521 0.3962 0.7336
vn -0.0000 -0.6657 -0.7462
vn 0.5521 0.3962 -0.7336
vn 0.5352 -0.1566 -0.8301
vn 0.5668 0.1408 -0.8117
vn -0.5668 0.1408 -0.8117
vn -0.5352 -0.1566 -0.8301
vn -0.5521 0.3962 -0.7336
vn -0.6808 0.0951 0.7263
vn -0.8144 -0.5803 -0.0000
vn -0.6263 -0.3631 0.6899
vn -0.6818 0.0104 0.7315
vn 0.8144 -0.5803 -0.0000
vn 0.6818 0.0104 0.7315
vn 0.6263 -0.3631 0.6899
vn 0.6808 0.0951 0.7263
vn 0.6808 0.0951 -0.7263
vn 0.6263 -0.3631 -0.6899
vn 0.6818 0.0104 -0.7315
vn -0.6818 0.0104 -0.7315
vn -0.6263 -0.3631 -0.6899
vn -0.6808 0.0951 -0.7263
vn -0.6919 0.0416 0.7208
vn -0.7966 -0.6045 -0.0000
vn -0.6291 -0.3967 0.6685
vn -0.6915 -0.0173 0.7222
vn 0.7966 -0.6045 -0.0000
vn 0.6915 -0.0172 0.7222
vn 0.6291 -0.3967 0.6685
vn 0.6919 0.0416 0.7208
vn 0.6919 0.0416 -0.7208
vn 0.6291 -0.3967 -0.6685
vn 0.6915 -0.0173 -0.7222
vn -0.6915 -0.0173 -0.7222
vn -0.6291 -0.3967 -0.6685
vn -0.6919 0.0416 -0.7208
vn 0.6915 -0.0173 0.7222
vn -0.7774 -0.6290 -0.0000
vn -0.3029 -0.5937 0.7455
vn -0.6986 -0.0470 0.7140
vn 0.7774 -0.6290 -0.0000
vn 0.6986 -0.0470 0.7140
vn 0.3029 -0.5937 0.7455
vn 0.3029 -0.5937 -0.7455
vn 0.6986 -0.0470 -0.7140
vn -0.6986 -0.0470 -0.7140
vn -0.3029 -0.5937 -0.7455
vn -0.7872 -0.6167 -0.0000
vn -0.3090 -0.5842 0.7505
vn -0.6954 -0.0319 0.7179
vn 0.7872 -0.6168 -0.0000
vn 0.6954 -0.0319 0.7179
vn 0.3090 -0.5842 0.7505
vn 0.7872 -0.6167 -0.0000
vn 0.3090 -0.5842 -0.7505
vn 0.6954 -0.0319 -0.7179
vn -0.7872 -0.6168 -0.0000
vn -0.6954 -0.0319 -0.7179
vn -0.3090 -0.5842 -0.7505
vn -0.6861 0.6861 -0.2418
vn -0.7288 0.0016 -0.6848
vn -0.2418 0.6861 -0.6861
vn -0.7588 -0.4606 0.4606
vn -0.7588 0.4606 -0.4606
vn -0.9999 0.0050 -0.0114
vn -0.7152 -0.6989 0.0002
vn -0.2418 -0.6861 0.6861
vn -0.0000 1.0000 -0.0000
vn -1.0000 -0.0000 -0.0000
vn -0.9999 0.0111 -0.0111
vn -0.6861 -0.2418 0.6861
vn -0.3872 -0.5650 -0.7286
vn -0.7174 -0.3819 -0.5827
vn 0.0046 -0.0030 -1.0000
vn -0.0000 -1.0000 -0.0000
vn 0.8754 -0.3397 0.3439
vn 1.0000 -0.0000 -0.0000
vn 0.9987 0.0168 -0.0489
vn 0.8989 -0.0151 -0.4378
vn 0.7571 -0.6512 -0.0521
vn 0.8747 0.3541 -0.3310
vn -0.0000 -0.0736 -0.9973
vn -0.9239 -0.0000 -0.3827
vn -0.0000 -0.0372 -0.9993
vn -0.0084 0.0286 -0.9996
vn -0.9935 0.1137 -0.0000
vn -0.0000 0.1137 -0.9935
vn 0.9935 0.1137 -0.0000
vn -0.0000 0.1137 0.9935
vn -0.9710 0.2392 -0.0000
vn -0.2817 0.9078 -0.3107
vn -0.7956 0.5146 -0.3197
vn 0.9710 0.2392 -0.0000
vn 0.2817 0.9078 -0.3107
vn 0.7956 0.5146 -0.3197
vn 0.2817 0.9078 0.3107
vn 0.7956 0.5146 0.3197
vn -0.2817 0.9078 0.3107
vn -0.7956 0.5146 0.3197
vn -0.9841 0.1775 -0.0000
vn -0.2965 0.9030 -0.3110
vn -0.8181 0.4772 -0.3210
vn 0.9841 0.1775 -0.0000
vn 0.2965 0.9030 -0.3110
vn 0.8181 0.4772 -0.3210
vn 0.2965 0.9030 0.3110
vn 0.8181 0.4772 0.3210
vn -0.2965 0.9030 0.3110
vn -0.8181 0.4772 0.3210
vn -0.9780 0.2087 -0.0000
vn -0.2890 0.9055 -0.3108
vn -0.8070 0.4962 -0.3203
vn 0.9780 0.2087 -0.0000
vn 0.2890 0.9055 -0.3108
vn 0.8070 0.4961 -0.3203
vn 0.2890 0.9055 0.3108
vn 0.8070 0.4962 0.3203
vn -0.2890 0.9055 0.3108
vn -0.8070 0.4961 0.3203
vn -0.9631 0.2691 -0.0000
vn -0.2745 0.9100 -0.3107
vn -0.7839 0.5326 -0.3192
vn 0.9631 0.2691 -0.0000
vn 0.2745 0.9100 -0.3107
vn 0.7839 0.5326 -0.3192
vn 0.2745 0.9100 0.3107
vn 0.7839 0.5326 0.3192
vn -0.2745 0.9100 0.3107
vn -0.7839 0.5326 0.3192
vn 0.7838 0.5326 -0.3192
vn -0.9452 0.3265 -0.0000
vn -0.2606 0.9140 -0.3109
vn -0.7597 0.5669 -0.3185
vn 0.9452 0.3265 -0.0000
vn 0.2606 0.9140 -0.3109
vn 0.7597 0.5669 -0.3185
vn 0.2606 0.9140 0.3109
vn 0.7597 0.5669 0.3185
vn -0.2606 0.9140 0.3109
vn -0.7597 0.5669 0.3186
vn -0.9893 0.1458 -0.0000
vn 0.9893 0.1458 -0.0000
vn -0.7781 0.6282 -0.0000
vn -0.1827 0.9307 -0.3170
vn -0.5893 0.7415 -0.3207
vn 0.7781 0.6282 -0.0000
vn 0.1827 0.9307 -0.3170
vn 0.5893 0.7415 -0.3208
vn 0.1827 0.9307 0.3170
vn 0.5893 0.7415 0.3207
vn -0.1827 0.9307 0.3170
vn -0.5893 0.7415 0.3208
vn 0.5249 -0.6824 -0.5088
vn -0.5250 -0.6824 -0.5087
vn 0.4207 0.5917 0.6877
vn 0.4613 -0.3084 0.8319
vn -0.4613 -0.3084 0.8319
vn -0.4207 0.5917 0.6877
vn 0.8160 -0.3348 0.4712
vn 0.5250 -0.6824 0.5087
vn 0.4326 0.5718 0.6971
vn 0.4660 -0.3359 0.8185
vn -0.4660 -0.3359 0.8185
vn -0.5249 -0.6824 0.5088
vn -0.4325 0.5718 0.6971
vn -0.8160 -0.3348 0.4712
vn -0.4268 0.5819 -0.6923
vn -0.4639 -0.3221 -0.8252
vn 0.4640 -0.3221 -0.8252
vn 0.4268 0.5819 -0.6923
vn 0.4268 0.5819 0.6923
vn 0.4639 -0.3221 0.8252
vn -0.4639 -0.3221 0.8252
vn -0.4268 0.5819 0.6923
vn 0.4143 0.6010 -0.6835
vn -0.4143 0.6010 -0.6835
vn 0.4143 0.6010 0.6835
vn -0.4143 0.6010 0.6835
vn 0.6980 0.5635 -0.4417
vn 0.8109 -0.3491 -0.4697
vn 0.4675 -0.3498 -0.8118
vn 0.4380 0.5612 -0.7023
vn -0.4010 0.6184 -0.6758
vn 0.4010 0.6184 -0.6758
vn -0.4675 -0.3498 -0.8118
vn 0.5145 -0.6922 -0.5062
vn -0.5145 -0.6922 -0.5062
vn -0.8109 -0.3491 -0.4697
vn -0.6981 0.5635 -0.4417
vn -0.4380 0.5612 -0.7023
vn -0.6981 0.5635 -0.4418
vn -0.4102 0.8095 -0.4200
vn 0.4102 0.8095 -0.4200
vn 0.4010 0.6184 0.6758
vn 0.6980 0.5635 -0.4418
vn -0.4010 0.6184 0.6758
vn 0.8109 -0.3491 0.4697
vn 0.5145 -0.6922 0.5062
vn 0.6981 0.5635 0.4418
vn 0.4102 0.8095 0.4200
vn 0.4380 0.5612 0.7023
vn 0.4675 -0.3498 0.8118
vn -0.6980 0.5635 -0.4418
vn -0.4675 -0.3498 0.8118
vn -0.5145 -0.6922 0.5062
vn -0.4380 0.5612 0.7023
vn -0.4102 0.8095 0.4200
vn -0.6980 0.5635 0.4418
vn -0.8109 -0.3491 0.4697
vn -0.3049 0.6980 -0.6480
vn 0.6980 0.5635 0.4417
vn 0.3049 0.6980 -0.6480
vn -0.6980 0.5636 0.4417
vn 0.6980 0.5635 0.4418
vn 0.6980 0.5636 -0.4417
vn -0.6980 0.5635 0.4417
vn 0.3049 0.6980 0.6480
vn -0.3049 0.6980 0.6480
vn -0.6980 0.5635 -0.4417
vn 0.6447 -0.6672 -0.3732
vn 0.6981 0.5635 0.4417
vt 2.352500 -0.852500
vt 2.352500 -0.875000
vt 2.375000 -0.852500
vt -2.352500 -0.852500
vt -2.352500 -0.875000
vt -2.375000 -0.852500
vt -2.352500 0.852500
vt -2.352500 0.875000
vt -2.375000 0.852500
vt 0.875000 0.022500
vt 0.852500 0.000000
vt 0.897500 -0.022500
vt 2.352500 0.852500
vt 2.375000 0.852500
vt 2.352500 0.875000
vt -2.375000 0.022500
vt -2.352500 0.000000
vt -2.352500 0.022500
vt -2.352500 0.695000
vt -2.352500 0.717500
vt -2.375000 0.717500
vt 2.375000 0.022500
vt 2.352500 0.022500
vt 2.352500 0.000000
vt 2.352500 0.717500
vt 2.352500 0.695000
vt 2.375000 0.717500
vt 0.707499 0.350000
vt 0.704797 0.372354
vt 0.727441 0.372354
vt -2.178899 0.678899
vt -2.181311 0.703956
vt -2.203956 0.681311
vt 0.707499 0.350000
vt 0.727441 0.372354
vt 0.704797 0.372354
vt -2.021101 0.678899
vt -1.996044 0.681311
vt -2.018689 0.703956
vt 0.492501 0.350000
vt 0.495203 0.372354
vt 0.472559 0.372354
vt -2.021101 0.521101
vt -2.018689 0.496044
vt -1.996044 0.518689
vt 0.492501 0.350000
vt 0.472558 0.372354
vt 0.495203 0.372354
vt -2.178899 0.521101
vt -2.203956 0.518689
vt -2.181311 0.496044
vt -1.878899 0.678899
vt -1.881311 0.703956
vt -1.903956 0.681311
vt -1.721101 0.678899
vt -1.696044 0.681311
vt -1.718689 0.703956
vt -1.721101 0.521101
vt -1.718689 0.496044
vt -1.696044 0.518689
vt -1.878899 0.521101
vt -1.903956 0.518689
vt -1.881311 0.496044
vt -1.578899 0.678899
vt -1.581311 0.703956
vt -1.603956 0.681311
vt -1.421101 0.678899
vt -1.396044 0.681311
vt -1.418689 0.703956
vt -1.421101 0.521101
vt -1.418689 0.496044
vt -1.396044 0.518689
vt -1.578899 0.521101
vt -1.603956 0.518689
vt -1.581311 0.496044
vt -1.278899 0.678899
vt -1.281312 0.703956
vt -1.303956 0.681311
vt -1.121101 0.678899
vt -1.096044 0.681311
vt -1.118688 0.703956
vt -1.121101 0.521101
vt -1.118688 0.496044
vt -1.096044 0.518689
vt -1.278899 0.521101
vt -1.303956 0.518689
vt -1.281312 0.496044
vt -0.978899 0.678899
vt -0.981312 0.703956
vt -1.003956 0.681311
vt -0.821101 0.678899
vt -0.796044 0.681311
vt -0.818689 0.703956
vt -0.821101 0.521101
vt -0.818689 0.496044
vt -0.796044 0.518689
vt -0.978899 0.521101
vt -1.003956 0.518689
vt -0.981312 0.496044
vt -0.678899 0.678899
vt -0.681311 0.703956
vt -0.703956 0.681311
vt -0.521101 0.678899
vt -0.496044 0.681311
vt -0.518689 0.703956
vt -0.521101 0.521101
vt -0.518689 0.496044
vt -0.496044 0.518689
vt -0.678899 0.521101
vt -0.703956 0.518689
vt -0.681311 0.496044
vt -0.378899 0.678899
vt -0.381311 0.703956
vt -0.403956 0.681311
vt -0.221101 0.678899
vt -0.196044 0.681311
vt -0.218689 0.703956
vt -0.221101 0.521101
vt -0.218689 0.496044
vt -0.196044 0.518689
vt -0.378899 0.521101
vt -0.403956 0.518689
vt -0.381311 0.496044
vt -0.078899 0.678899
vt -0.081311 0.703956
vt -0.103956 0.681311
vt 0.078899 0.678899
vt 0.103956 0.681311
vt 0.081311 0.703956
vt 0.078899 0.521101
vt 0.081311 0.496044
vt 0.103956 0.518689
vt -0.078899 0.521101
vt -0.103956 0.518689
vt -0.081311 0.496044
vt 0.221101 0.678899
vt 0.218689 0.703956
vt 0.196044 0.681311
vt 0.378899 0.678899
vt 0.403956 0.681311
vt 0.381311 0.703956
vt 0.378899 0.521101
vt 0.381311 0.496044
vt 0.403956 0.518689
vt 0.221101 0.521101
vt 0.196044 0.518689
vt 0.218689 0.496044
vt 0.521101 0.678899
vt 0.518689 0.703956
vt 0.496044 0.681311
vt 0.678899 0.678899
vt 0.703956 0.681311
vt 0.681311 0.703956
vt 0.678899 0.521101
vt 0.681311 0.496044
vt 0.703956 0.518689
vt 0.521101 0.521101
vt 0.496044 0.518689
vt 0.518689 0.496044
vt 0.821101 0.678899
vt 0.818689 0.703956
vt 0.796044 0.681311
vt 0.978899 0.678899
vt 1.003956 0.681311
vt 0.981312 0.703956
vt 0.978899 0.521101
vt 0.981312 0.496044
vt 1.003956 0.518689
vt 0.821101 0.521101
vt 0.796044 0.518689
vt 0.818689 0.496044
vt 1.121101 0.678899
vt 1.118688 0.703956
vt 1.096044 0.681311
vt 1.278899 0.678899
vt 1.303956 0.681311
vt 1.281312 0.703956
vt 1.278899 0.521101
vt 1.281312 0.496044
vt 1.303956 0.518689
vt 1.121101 0.521101
vt 1.096044 0.518689
vt 1.118688 0.496044
vt 1.421101 0.678899
vt 1.418689 0.703956
vt 1.396044 0.681311
vt 1.578899 0.678899
vt 1.603956 0.681311
vt 1.581311 0.703956
vt 1.578899 0.521101
vt 1.581311 0.496044
vt 1.603956 0.518689
vt 1.421101 0.521101
vt 1.396044 0.518689
vt 1.418689 0.496044
vt 1.692503 0.350000
vt 1.675386 0.371847
vt 1.698675 0.372354
vt 1.754102 0.678899
vt 1.749258 0.703956
vt 1.726219 0.681260
vt 2.207497 0.350000
vt 2.201325 0.372354
vt 2.224614 0.371847
vt 2.145898 0.678899
vt 2.173781 0.681260
vt 2.150742 0.703956
vt 2.145898 0.521101
vt 2.150742 0.496044
vt 2.173781 0.518740
vt 1.754102 0.521101
vt 1.726219 0.518740
vt 1.749258 0.496044
vt -2.207498 0.350000
vt -2.226003 0.372143
vt -2.203107 0.372354
vt -2.162399 0.378899
vt -2.166073 0.403956
vt -2.188893 0.381290
vt -1.842502 0.350000
vt -1.846893 0.372354
vt -1.823997 0.372143
vt -1.887602 0.378899
vt -1.861107 0.381290
vt -1.883928 0.403956
vt -1.887601 0.221101
vt -1.883927 0.196044
vt -1.861107 0.218710
vt -2.162398 0.221101
vt -2.188893 0.218710
vt -2.166072 0.196044
vt 0.407499 0.350000
vt 0.404797 0.372354
vt 0.427441 0.372354
vt -1.728899 0.378899
vt -1.731311 0.403956
vt -1.753956 0.381311
vt 0.407499 0.350000
vt 0.427442 0.372354
vt 0.404797 0.372354
vt -1.571101 0.378899
vt -1.546044 0.381311
vt -1.568689 0.403956
vt 0.192501 0.350000
vt 0.195203 0.372354
vt 0.172559 0.372354
vt -1.571101 0.221101
vt -1.568689 0.196044
vt -1.546044 0.218689
vt 0.192501 0.350000
vt 0.172559 0.372354
vt -1.728899 0.221101
vt -1.753956 0.218689
vt -1.731311 0.196044
vt -1.428899 0.378899
vt -1.431311 0.403956
vt -1.453956 0.381311
vt -1.271101 0.378899
vt -1.246044 0.381311
vt -1.268688 0.403956
vt -1.271101 0.221101
vt -1.268688 0.196044
vt -1.246044 0.218689
vt 0.195203 0.372354
vt -1.428899 0.221101
vt -1.453956 0.218689
vt -1.431311 0.196044
vt -1.128899 0.378899
vt -1.131312 0.403956
vt -1.153956 0.381311
vt -0.971101 0.378899
vt -0.946044 0.381311
vt -0.968688 0.403956
vt -0.971101 0.221101
vt -0.968688 0.196044
vt -0.946044 0.218689
vt -1.128899 0.221101
vt -1.153956 0.218689
vt -1.131312 0.196044
vt -0.828899 0.378899
vt -0.831312 0.403956
vt -0.853956 0.381311
vt -0.671101 0.378899
vt -0.646044 0.381311
vt -0.668689 0.403956
vt -0.642501 0.350000
vt -0.622558 0.372354
vt -0.645203 0.372354
vt -0.671101 0.221101
vt -0.668689 0.196044
vt -0.646044 0.218689
vt -0.828899 0.221101
vt -0.853956 0.218689
vt -0.831312 0.196044
vt -0.528899 0.378899
vt -0.531311 0.403956
vt -0.553956 0.381311
vt -0.371101 0.378899
vt -0.346044 0.381311
vt -0.368689 0.403956
vt -0.371101 0.221101
vt -0.368689 0.196044
vt -0.346044 0.218689
vt -0.557499 0.350000
vt -0.554797 0.372354
vt -0.577441 0.372354
vt -0.528899 0.221101
vt -0.553956 0.218689
vt -0.531311 0.196044
vt -0.228899 0.378899
vt -0.231311 0.403956
vt -0.253956 0.381311
vt -0.071101 0.378899
vt -0.046044 0.381311
vt -0.068689 0.403956
vt -0.042501 0.350000
vt -0.022559 0.372354
vt -0.045203 0.372354
vt -0.071101 0.221101
vt -0.068689 0.196044
vt -0.046044 0.218689
vt -0.228899 0.221101
vt -0.253956 0.218689
vt -0.231311 0.196044
vt 0.071101 0.378899
vt 0.068689 0.403956
vt 0.046044 0.381311
vt 0.228899 0.378899
vt 0.253956 0.381311
vt 0.231311 0.403956
vt 0.228899 0.221101
vt 0.231311 0.196044
vt 0.253956 0.218689
vt 0.071101 0.221101
vt 0.046044 0.218689
vt 0.068689 0.196044
vt 0.371101 0.378899
vt 0.368689 0.403956
vt 0.346044 0.381311
vt 0.528899 0.378899
vt 0.553956 0.381311
vt 0.531311 0.403956
vt 0.557499 0.350000
vt 0.577442 0.372354
vt 0.554797 0.372354
vt 0.528899 0.221101
vt 0.531311 0.196044
vt 0.553956 0.218689
vt 0.371101 0.221101
vt 0.346044 0.218689
vt 0.368689 0.196044
vt 0.671101 0.378899
vt 0.668689 0.403956
vt 0.646044 0.381311
vt 0.828899 0.378899
vt 0.853956 0.381311
vt 0.831312 0.403956
vt 0.828899 0.221101
vt 0.831312 0.196044
vt 0.853956 0.218689
vt 0.642501 0.350000
vt 0.645203 0.372354
vt 0.622559 0.372354
vt 0.671101 0.221101
vt 0.646044 0.218689
vt 0.668689 0.196044
vt 0.971101 0.378899
vt 0.968688 0.403956
vt 0.946044 0.381311
vt 1.128899 0.378899
vt 1.153956 0.381311
vt 1.131312 0.403956
vt 1.128899 0.221101
vt 1.131312 0.196044
vt 1.153956 0.218689
vt 0.971101 0.221101
vt 0.946044 0.218689
vt 0.968688 0.196044
vt 1.271101 0.378899
vt 1.268688 0.403956
vt 1.246044 0.381311
vt 1.428899 0.378899
vt 1.453956 0.381311
vt 1.431311 0.403956
vt 1.428899 0.221101
vt 1.431311 0.196044
vt 1.453956 0.218689
vt 1.271101 0.221101
vt 1.246044 0.218689
vt 1.268688 0.196044
vt 1.571101 0.378899
vt 1.568689 0.403956
vt 1.546044 0.381311
vt 1.728899 0.378899
vt 1.753956 0.381311
vt 1.731311 0.403956
vt 0.195203 0.372354
vt 1.728899 0.221101
vt 1.731311 0.196044
vt 1.753956 0.218689
vt 1.571101 0.221101
vt 1.546044 0.218689
vt 1.568689 0.196044
vt 1.842502 0.350000
vt 1.823997 0.372143
vt 1.846893 0.372354
vt 1.887601 0.378899
vt 1.883927 0.403956
vt 1.861107 0.381290
vt 2.207498 0.350000
vt 2.203107 0.372354
vt 2.226003 0.372143
vt 2.162398 0.378899
vt 2.188893 0.381290
vt 2.166072 0.403956
vt 2.162399 0.221101
vt 2.166073 0.196044
vt 2.188893 0.218710
vt 1.887602 0.221101
vt 1.861107 0.218710
vt 1.883928 0.196044
vt -2.207498 0.350000
vt -2.225302 0.372005
vt -2.202227 0.372354
vt -2.154148 0.078899
vt -2.158418 0.103956
vt -2.181344 0.081276
vt -1.767502 0.350000
vt -1.772773 0.372354
vt -1.749698 0.372005
vt -1.820852 0.078899
vt -1.793656 0.081276
vt -1.816582 0.103956
vt -1.749698 0.372005
vt -1.820852 -0.078899
vt -1.816582 -0.103956
vt -1.793656 -0.081276
vt -2.225302 0.372005
vt -2.154148 -0.078899
vt -2.181344 -0.081276
vt -2.158418 -0.103956
vt 0.107499 0.350000
vt 0.104797 0.372354
vt 0.127441 0.372354
vt -1.653899 0.078899
vt -1.656311 0.103956
vt -1.678956 0.081311
vt 0.107499 0.350000
vt 0.127441 0.372354
vt 0.104797 0.372354
vt -1.496101 0.078899
vt -1.471044 0.081311
vt -1.493688 0.103956
vt -0.107499 0.350000
vt -0.104797 0.372354
vt -0.127441 0.372354
vt -1.496101 -0.078899
vt -1.493688 -0.103956
vt -1.471044 -0.081311
vt -0.107499 0.350000
vt -0.127441 0.372354
vt -0.104797 0.372354
vt -1.653899 -0.078899
vt -1.678956 -0.081311
vt -1.656311 -0.103956
vt 0.104797 0.372354
vt -1.353899 0.078899
vt -1.356312 0.103956
vt -1.378956 0.081311
vt -1.196101 0.078899
vt -1.171044 0.081311
vt -1.193689 0.103956
vt -1.196101 -0.078899
vt -1.193689 -0.103956
vt -1.171044 -0.081311
vt -1.353899 -0.078899
vt -1.378956 -0.081311
vt -1.356312 -0.103956
vt -1.053899 0.078899
vt -1.056311 0.103956
vt -1.078956 0.081311
vt -0.896101 0.078899
vt -0.871044 0.081311
vt -0.893688 0.103956
vt -0.896101 -0.078899
vt -0.893688 -0.103956
vt -0.871044 -0.081311
vt -1.053899 -0.078899
vt -1.078956 -0.081311
vt -1.056311 -0.103956
vt -0.782499 0.350000
vt -0.802441 0.372354
vt -0.779797 0.372354
vt -0.753899 0.078899
vt -0.756311 0.103956
vt -0.778956 0.081311
vt -0.567501 0.350000
vt -0.570203 0.372354
vt -0.547559 0.372354
vt -0.596101 0.078899
vt -0.571044 0.081311
vt -0.593689 0.103956
vt -0.567501 0.350000
vt -0.547558 0.372354
vt -0.596101 -0.078899
vt -0.593689 -0.103956
vt -0.571044 -0.081311
vt -0.753899 -0.078899
vt -0.778956 -0.081311
vt -0.756311 -0.103956
vt -0.482499 0.350000
vt -0.502442 0.372354
vt -0.479797 0.372354
vt -0.453899 0.078899
vt -0.456311 0.103956
vt -0.478956 0.081311
vt -0.296101 0.078899
vt -0.271044 0.081311
vt -0.293689 0.103956
vt -0.296101 -0.078899
vt -0.293689 -0.103956
vt -0.271044 -0.081311
vt -0.482499 0.350000
vt -0.479797 0.372354
vt -0.502441 0.372354
vt -0.453899 -0.078899
vt -0.478956 -0.081311
vt -0.456311 -0.103956
vt -0.153899 0.078899
vt -0.156311 0.103956
vt -0.178956 0.081311
vt 0.003899 0.078899
vt 0.028956 0.081311
vt 0.006311 0.103956
vt 0.032499 0.350000
vt 0.052441 0.372354
vt 0.029797 0.372354
vt 0.003899 -0.078899
vt 0.006311 -0.103956
vt 0.028956 -0.081311
vt -0.153899 -0.078899
vt -0.178956 -0.081311
vt -0.156311 -0.103956
vt 0.117501 0.350000
vt 0.097559 0.372354
vt 0.120203 0.372354
vt 0.146101 0.078899
vt 0.143689 0.103956
vt 0.121044 0.081311
vt 0.303899 0.078899
vt 0.328956 0.081311
vt 0.306311 0.103956
vt 0.303899 -0.078899
vt 0.306311 -0.103956
vt 0.328956 -0.081311
vt 0.146101 -0.078899
vt 0.121044 -0.081311
vt 0.143689 -0.103956
vt 0.446101 0.078899
vt 0.443689 0.103956
vt 0.421044 0.081311
vt 0.632499 0.350000
vt 0.629797 0.372354
vt 0.652441 0.372354
vt 0.603899 0.078899
vt 0.628956 0.081311
vt 0.606311 0.103956
vt 0.632499 0.350000
vt 0.652442 0.372354
vt 0.629797 0.372354
vt 0.603899 -0.078899
vt 0.606311 -0.103956
vt 0.628956 -0.081311
vt 0.417501 0.350000
vt 0.420203 0.372354
vt 0.397559 0.372354
vt 0.446101 -0.078899
vt 0.421044 -0.081311
vt 0.443689 -0.103956
vt 0.717501 0.350000
vt 0.697559 0.372354
vt 0.720203 0.372354
vt 0.746101 0.078899
vt 0.743689 0.103956
vt 0.721044 0.081311
vt 0.903899 0.078899
vt 0.928956 0.081311
vt 0.906312 0.103956
vt 0.903899 -0.078899
vt 0.906312 -0.103956
vt 0.928956 -0.081311
vt 0.717501 0.350000
vt 0.720203 0.372354
vt 0.746101 -0.078899
vt 0.721044 -0.081311
vt 0.743689 -0.103956
vt 1.046101 0.078899
vt 1.043689 0.103956
vt 1.021044 0.081311
vt 1.203899 0.078899
vt 1.228956 0.081311
vt 1.206311 0.103956
vt 1.203899 -0.078899
vt 1.206311 -0.103956
vt 1.228956 -0.081311
vt 1.046101 -0.078899
vt 1.021044 -0.081311
vt 1.043689 -0.103956
vt 1.346101 0.078899
vt 1.343688 0.103956
vt 1.321044 0.081311
vt 1.503899 0.078899
vt 1.528956 0.081311
vt 1.506312 0.103956
vt 1.503899 -0.078899
vt 1.506312 -0.103956
vt 1.528956 -0.081311
vt 1.346101 -0.078899
vt 1.321044 -0.081311
vt 1.343688 -0.103956
vt 1.617503 0.350000
vt 1.601058 0.371670
vt 1.624599 0.372354
vt 1.687352 0.078899
vt 1.681957 0.103956
vt 1.658798 0.081242
vt 2.207497 0.350000
vt 2.200400 0.372354
vt 2.223942 0.371670
vt 2.137648 0.078899
vt 2.166202 0.081242
vt 2.143043 0.103956
vt 2.137648 -0.078899
vt 2.143043 -0.103956
vt 2.166202 -0.081242
vt 1.687352 -0.078899
vt 1.658798 -0.081242
vt 1.681957 -0.103956
vt -2.207497 0.350000
vt -2.223942 0.371670
vt -2.200400 0.372354
vt -2.137648 -0.221101
vt -2.143043 -0.196044
vt -2.166202 -0.218758
vt -1.617503 0.350000
vt -1.624599 0.372354
vt -1.601058 0.371670
vt -1.687352 -0.221101
vt -1.658798 -0.218758
vt -1.681957 -0.196044
vt -1.601058 0.371670
vt -1.687352 -0.378899
vt -1.681957 -0.403956
vt -1.658798 -0.381242
vt -2.137648 -0.378899
vt -2.166202 -0.381242
vt -2.143043 -0.403956
vt -0.192501 0.350000
vt -0.195203 0.372354
vt -0.172559 0.372354
vt -1.503899 -0.221101
vt -1.506312 -0.196044
vt -1.528956 -0.218689
vt -0.192501 0.350000
vt -0.172559 0.372354
vt -0.195203 0.372354
vt -1.346101 -0.221101
vt -1.321044 -0.218689
vt -1.343688 -0.196044
vt -0.407499 0.350000
vt -0.404797 0.372354
vt -0.427441 0.372354
vt -1.346101 -0.378899
vt -1.343688 -0.403956
vt -1.321044 -0.381311
vt -0.407499 0.350000
vt -0.427442 0.372354
vt -0.404797 0.372354
vt -1.503899 -0.378899
vt -1.528956 -0.381311
vt -1.506312 -0.403956
vt -1.203899 -0.221101
vt -1.206311 -0.196044
vt -1.228956 -0.218689
vt -1.046101 -0.221101
vt -1.021044 -0.218689
vt -1.043689 -0.196044
vt -1.046101 -0.378899
vt -1.043689 -0.403956
vt -1.021044 -0.381311
vt -1.203899 -0.378899
vt -1.228956 -0.381311
vt -1.206311 -0.403956
vt -0.903899 -0.221101
vt -0.906312 -0.196044
vt -0.928956 -0.218689
vt -0.717501 0.350000
vt -0.720203 0.372354
vt -0.697559 0.372354
vt -0.746101 -0.221101
vt -0.721044 -0.218689
vt -0.743689 -0.196044
vt -0.746101 -0.378899
vt -0.743689 -0.403956
vt -0.721044 -0.381311
vt -0.903899 -0.378899
vt -0.928956 -0.381311
vt -0.906312 -0.403956
vt -0.632499 0.350000
vt -0.652442 0.372354
vt -0.629797 0.372354
vt -0.603899 -0.221101
vt -0.606311 -0.196044
vt -0.628956 -0.218689
vt -0.417501 0.350000
vt -0.420203 0.372354
vt -0.397559 0.372354
vt -0.446101 -0.221101
vt -0.421044 -0.218689
vt -0.443689 -0.196044
vt -0.446101 -0.378899
vt -0.443689 -0.403956
vt -0.421044 -0.381311
vt -0.603899 -0.378899
vt -0.628956 -0.381311
vt -0.606311 -0.403956
vt -0.303899 -0.221101
vt -0.306311 -0.196044
vt -0.328956 -0.218689
vt -0.146101 -0.221101
vt -0.121044 -0.218689
vt -0.143689 -0.196044
vt -0.146101 -0.378899
vt -0.143689 -0.403956
vt -0.121044 -0.381311
vt -0.303899 -0.378899
vt -0.328956 -0.381311
vt -0.306311 -0.403956
vt -0.032499 0.350000
vt -0.052441 0.372354
vt -0.029797 0.372354
vt -0.003899 -0.221101
vt -0.006311 -0.196044
vt -0.028956 -0.218689
vt 0.153899 -0.221101
vt 0.178956 -0.218689
vt 0.156311 -0.196044
vt 0.153899 -0.378899
vt 0.156311 -0.403956
vt 0.178956 -0.381311
vt -0.003899 -0.378899
vt -0.028956 -0.381311
vt -0.006311 -0.403956
vt 0.296101 -0.221101
vt 0.293689 -0.196044
vt 0.271044 -0.218689
vt 0.482499 0.350000
vt 0.479797 0.372354
vt 0.502441 0.372354
vt 0.453899 -0.221101
vt 0.478956 -0.218689
vt 0.456311 -0.196044
vt 0.453899 -0.378899
vt 0.456311 -0.403956
vt 0.478956 -0.381311
vt 0.296101 -0.378899
vt 0.271044 -0.381311
vt 0.293689 -0.403956
vt 0.567501 0.350000
vt 0.547558 0.372354
vt 0.570203 0.372354
vt 0.596101 -0.221101
vt 0.593689 -0.196044
vt 0.571044 -0.218689
vt 0.782499 0.350000
vt 0.779797 0.372354
vt 0.802441 0.372354
vt 0.753899 -0.221101
vt 0.778956 -0.218689
vt 0.756311 -0.196044
vt 0.753899 -0.378899
vt 0.756311 -0.403956
vt 0.778956 -0.381311
vt 0.596101 -0.378899
vt 0.571044 -0.381311
vt 0.593689 -0.403956
vt 0.896101 -0.221101
vt 0.893688 -0.196044
vt 0.871044 -0.218689
vt 1.053899 -0.221101
vt 1.078956 -0.218689
vt 1.056311 -0.196044
vt 1.053899 -0.378899
vt 1.056311 -0.403956
vt 1.078956 -0.381311
vt 0.896101 -0.378899
vt 0.871044 -0.381311
vt 0.893688 -0.403956
vt 1.196101 -0.221101
vt 1.193689 -0.196044
vt 1.171044 -0.218689
vt 1.353899 -0.221101
vt 1.378956 -0.218689
vt 1.356312 -0.196044
vt 1.353899 -0.378899
vt 1.356312 -0.403956
vt 1.378956 -0.381311
vt 1.196101 -0.378899
vt 1.171044 -0.381311
vt 1.193689 -0.403956
vt 1.467504 0.350000
vt 1.452349 0.371267
vt 1.476513 0.372354
vt 1.553853 -0.221101
vt 1.547420 -0.196044
vt 1.524007 -0.218799
vt 2.207496 0.350000
vt 2.198487 0.372354
vt 2.222651 0.371267
vt 2.121147 -0.221101
vt 2.150993 -0.218799
vt 2.127580 -0.196044
vt 2.222651 0.371267
vt 2.198487 0.372354
vt 2.121147 -0.378899
vt 2.127580 -0.403956
vt 2.150993 -0.381201
vt 1.476513 0.372354
vt 1.452349 0.371267
vt 1.553853 -0.378899
vt 1.524007 -0.381201
vt 1.547420 -0.403956
vt -2.207498 0.350000
vt -2.226717 0.372259
vt -2.203964 0.372354
vt -2.170649 -0.521101
vt -2.173704 -0.496044
vt -2.196430 -0.518698
vt -1.917502 0.350000
vt -1.921036 0.372354
vt -1.898282 0.372259
vt -1.954351 -0.521101
vt -1.928570 -0.518698
vt -1.951296 -0.496044
vt -1.898283 0.372259
vt -1.954351 -0.678899
vt -1.951296 -0.703956
vt -1.928570 -0.681302
vt -2.170649 -0.678899
vt -2.196430 -0.681302
vt -2.173704 -0.703956
vt -1.832498 0.350000
vt -1.851717 0.372259
vt -1.828964 0.372354
vt -1.795649 -0.521101
vt -1.798704 -0.496044
vt -1.821430 -0.518698
vt -1.542502 0.350000
vt -1.546037 0.372354
vt -1.523283 0.372259
vt -1.579351 -0.521101
vt -1.553570 -0.518698
vt -1.576296 -0.496044
vt -1.579351 -0.678899
vt -1.576296 -0.703956
vt -1.553570 -0.681302
vt -1.851718 0.372259
vt -1.795649 -0.678899
vt -1.821430 -0.681302
vt -1.798704 -0.703956
vt -1.457498 0.350000
vt -1.476717 0.372259
vt -1.453963 0.372354
vt -1.420649 -0.521101
vt -1.423704 -0.496044
vt -1.446430 -0.518698
vt -1.167502 0.350000
vt -1.171037 0.372354
vt -1.148283 0.372259
vt -1.204351 -0.521101
vt -1.178570 -0.518698
vt -1.201296 -0.496044
vt -1.204351 -0.678899
vt -1.201296 -0.703956
vt -1.178570 -0.681302
vt -1.420649 -0.678899
vt -1.446430 -0.681302
vt -1.423704 -0.703956
vt -1.082491 0.350000
vt -1.090857 0.367506
vt -1.058098 0.372354
vt -0.880643 -0.521101
vt -0.892348 -0.496044
vt -0.917278 -0.519187
vt 0.707491 0.350000
vt 0.683098 0.372354
vt 0.715857 0.367506
vt 0.505643 -0.521101
vt 0.542277 -0.519187
vt 0.517347 -0.496044
vt 0.707491 0.350000
vt 0.715857 0.367506
vt 0.683098 0.372354
vt 0.505643 -0.678899
vt 0.517347 -0.703956
vt 0.542278 -0.680813
vt -1.058098 0.372354
vt -0.880643 -0.678899
vt -0.917278 -0.680813
vt -0.892347 -0.703956
vt 0.792502 0.350000
vt 0.773283 0.372259
vt 0.796037 0.372354
vt 0.829351 -0.521101
vt 0.826296 -0.496044
vt 0.803570 -0.518698
vt 1.082498 0.350000
vt 1.078963 0.372354
vt 1.101717 0.372259
vt 1.045649 -0.521101
vt 1.071430 -0.518698
vt 1.048704 -0.496044
vt 1.045649 -0.678899
vt 1.048704 -0.703956
vt 1.071430 -0.681302
vt 0.829351 -0.678899
vt 0.803570 -0.681302
vt 0.826296 -0.703956
vt 1.167502 0.350000
vt 1.148283 0.372259
vt 1.171037 0.372354
vt 1.204351 -0.521101
vt 1.201296 -0.496044
vt 1.178570 -0.518698
vt 1.457498 0.350000
vt 1.453963 0.372354
vt 1.476717 0.372259
vt 1.420649 -0.521101
vt 1.446430 -0.518698
vt 1.423704 -0.496044
vt 1.420649 -0.678899
vt 1.423704 -0.703956
vt 1.446430 -0.681302
vt 1.204351 -0.678899
vt 1.178570 -0.681302
vt 1.201296 -0.703956
vt 1.542502 0.350000
vt 1.523283 0.372259
vt 1.546037 0.372354
vt 1.579351 -0.521101
vt 1.576296 -0.496044
vt 1.553570 -0.518698
vt 1.832498 0.350000
vt 1.828964 0.372354
vt 1.851718 0.372259
vt 1.795649 -0.521101
vt 1.821430 -0.518698
vt 1.798704 -0.496044
vt 1.851717 0.372259
vt 1.795649 -0.678899
vt 1.798704 -0.703956
vt 1.821430 -0.681302
vt 1.579351 -0.678899
vt 1.553570 -0.681302
vt 1.576296 -0.703956
vt 1.917502 0.350000
vt 1.898283 0.372259
vt 1.921036 0.372354
vt 1.954351 -0.521101
vt 1.951296 -0.496044
vt 1.928570 -0.518698
vt 2.207498 0.350000
vt 2.203964 0.372354
vt 2.226717 0.372259
vt 2.170649 -0.521101
vt 2.196430 -0.518698
vt 2.173704 -0.496044
vt 2.170649 -0.678899
vt 2.173704 -0.703956
vt 2.196430 -0.681302
vt 1.898282 0.372259
vt 1.954351 -0.678899
vt 1.928570 -0.681302
vt 1.951296 -0.703956
vt -0.852500 0.000000
vt 0.852500 0.022500
vt 0.897500 -0.022500
vt -0.875000 0.327500
vt -0.852500 0.022500
vt -0.875000 0.022500
vt 0.875000 0.327500
vt 0.852500 0.327500
vt -0.852500 0.022500
vt -0.875000 0.022500
vt -0.852500 0.327500
vt -2.352500 0.627500
vt 2.375000 0.627500
vt 2.352500 0.627500
vt 0.703956 0.577646
vt 0.681311 0.577646
vt 0.703956 0.577646
vt -1.995203 0.372354
vt -2.207499 0.350000
vt -2.204797 0.372354
vt -1.695203 0.372354
vt -1.907499 0.350000
vt -1.904797 0.372354
vt 0.518689 0.577646
vt 0.496044 0.577646
vt -1.604797 0.372354
vt -1.392501 0.350000
vt -1.607499 0.350000
vt -1.992501 0.350000
vt 0.496044 0.577646
vt -1.095203 0.372354
vt -1.307499 0.350000
vt -1.304797 0.372354
vt -1.692501 0.350000
vt -1.395203 0.372354
vt -0.795203 0.372354
vt -1.007499 0.350000
vt -1.004797 0.372354
vt -0.495203 0.372354
vt -0.707499 0.350000
vt -0.704797 0.372354
vt -0.703956 0.577646
vt -0.727441 0.372354
vt -1.092501 0.350000
vt -0.403956 0.577646
vt -0.795203 0.372354
vt -0.792501 0.350000
vt -0.495203 0.372354
vt -0.496044 0.577646
vt -0.518689 0.577646
vt -0.707499 0.350000
vt -0.492501 0.350000
vt -0.104797 0.372354
vt 0.403956 0.577646
vt 0.381311 0.577646
vt 0.795203 0.372354
vt 1.007499 0.350000
vt 0.792501 0.350000
vt 1.304797 0.372354
vt 1.092501 0.350000
vt 1.095203 0.372354
vt 2.173781 0.578153
vt 2.150742 0.577646
vt 0.795203 0.372354
vt 1.004797 0.372354
vt 1.604797 0.372354
vt 1.392501 0.350000
vt 1.395203 0.372354
vt 1.726219 0.578153
vt 1.307499 0.350000
vt -2.188893 0.577857
vt -1.861107 0.577857
vt -1.883928 0.577646
vt 1.607499 0.350000
vt 0.495139 0.371847
vt 0.704861 0.371847
vt -1.754797 0.372354
vt -1.542501 0.350000
vt -1.757499 0.350000
vt 1.749258 0.577646
vt 0.704861 0.371847
vt 0.495139 0.371847
vt 0.195176 0.372143
vt 0.404824 0.372143
vt -1.861107 0.577857
vt -1.883927 0.577646
vt -1.245203 0.372354
vt -1.457499 0.350000
vt -1.454797 0.372354
vt -2.188893 0.577857
vt -2.166072 0.577646
vt 0.404823 0.372143
vt 0.195176 0.372143
vt -0.945203 0.372354
vt -1.157499 0.350000
vt -1.154797 0.372354
vt 0.218689 0.577646
vt 0.196044 0.577646
vt -1.545203 0.372354
vt -1.777441 0.372354
vt -1.731311 0.577646
vt -1.753956 0.577646
vt -1.242501 0.350000
vt -0.645203 0.372354
vt -0.857499 0.350000
vt -0.854797 0.372354
vt 0.196044 0.577646
vt 0.218689 0.577646
vt -0.345203 0.372354
vt -0.557499 0.350000
vt -0.553956 0.577646
vt -0.577442 0.372354
vt -0.942501 0.350000
vt -0.646044 0.577646
vt -0.668689 0.577646
vt -0.045203 0.372354
vt -0.257499 0.350000
vt -0.254797 0.372354
vt 0.254797 0.372354
vt 0.042501 0.350000
vt 0.045203 0.372354
vt -0.342501 0.350000
vt -0.345203 0.372354
vt -0.531311 0.577646
vt -0.553956 0.577646
vt -0.046044 0.577646
vt -0.068689 0.577646
vt -0.254797 0.372354
vt 0.342501 0.350000
vt 0.345203 0.372354
vt 0.645203 0.372354
vt 0.857499 0.350000
vt 0.646044 0.577646
vt 0.622558 0.372354
vt 0.045203 0.372354
vt 0.257499 0.350000
vt 0.254797 0.372354
vt 0.553956 0.577646
vt 0.531311 0.577646
vt 0.342501 0.350000
vt 1.154797 0.372354
vt 0.942501 0.350000
vt 0.945203 0.372354
vt 1.454797 0.372354
vt 1.242501 0.350000
vt 1.245203 0.372354
vt 0.854797 0.372354
vt 2.188893 0.577857
vt 2.166072 0.577646
vt 0.668689 0.577646
vt 1.777441 0.372354
vt 1.731311 0.577646
vt 1.753956 0.577646
vt 1.157499 0.350000
vt 1.545203 0.372354
vt 1.757499 0.350000
vt 1.542501 0.350000
vt 1.861107 0.577857
vt 1.457499 0.350000
vt 0.103956 0.577646
vt 0.081311 0.577646
vt -2.181344 0.577995
vt -1.793656 0.577995
vt -1.816582 0.577646
vt 1.754797 0.372354
vt -1.470203 0.372354
vt -1.682499 0.350000
vt -1.679797 0.372354
vt 2.188893 0.577857
vt 2.166073 0.577646
vt 0.081311 0.577646
vt 1.861107 0.577857
vt 1.883928 0.577646
vt -0.104841 0.372005
vt 0.104841 0.372005
vt -1.170203 0.372354
vt -1.382499 0.350000
vt -1.379797 0.372354
vt -2.158418 0.577646
vt 0.104841 0.372005
vt -0.104841 0.372005
vt -0.870203 0.372354
vt -1.082499 0.350000
vt -1.079797 0.372354
vt -0.081311 0.577646
vt -0.103956 0.577646
vt -1.467501 0.350000
vt -1.678956 0.577646
vt -1.656311 0.577646
vt -0.778956 0.577646
vt -0.593689 0.577646
vt -0.571044 0.577646
vt -1.167501 0.350000
vt -0.103956 0.577646
vt -0.081311 0.577646
vt -0.267501 0.350000
vt -0.478956 0.577646
vt -0.867501 0.350000
vt -0.571044 0.577646
vt 0.029797 0.372354
vt -0.182499 0.350000
vt -0.179797 0.372354
vt -0.756311 0.577646
vt -0.778956 0.577646
vt 0.329797 0.372354
vt 0.121044 0.577646
vt -0.267501 0.350000
vt -0.270203 0.372354
vt -0.456311 0.577646
vt -0.478956 0.577646
vt 0.421044 0.577646
vt 0.420203 0.372354
vt 0.397559 0.372354
vt 0.606311 0.577646
vt 0.628956 0.577646
vt -0.179797 0.372354
vt 0.932499 0.350000
vt 0.721044 0.577646
vt 0.120203 0.372354
vt 0.332499 0.350000
vt 0.329797 0.372354
vt 0.628956 0.577646
vt 1.229797 0.372354
vt 1.017501 0.350000
vt 1.020203 0.372354
vt 0.443689 0.577646
vt 0.421044 0.577646
vt 1.529797 0.372354
vt 1.317501 0.350000
vt 1.320203 0.372354
vt 0.929797 0.372354
vt -1.658798 0.578330
vt -1.681957 0.577646
vt 0.743689 0.577646
vt 0.721044 0.577646
vt 1.658798 0.578330
vt 2.166202 0.578330
vt 2.143043 0.577646
vt 1.232499 0.350000
vt -2.166202 0.578330
vt 1.532499 0.350000
vt -0.196044 0.577646
vt -0.218689 0.577646
vt -0.218689 0.577646
vt 0.104884 0.371670
vt -1.320203 0.372354
vt -1.532499 0.350000
vt -1.529797 0.372354
vt 1.681957 0.577646
vt 0.104884 0.371670
vt -0.104884 0.371670
vt -0.404884 0.371670
vt -0.195116 0.371670
vt -1.020203 0.372354
vt -1.232499 0.350000
vt -1.229797 0.372354
vt -0.443689 0.577646
vt -0.421044 0.577646
vt -2.143043 0.577646
vt -0.195116 0.371670
vt -0.404884 0.371670
vt -0.381311 0.577646
vt -0.403956 0.577646
vt -0.721044 0.577646
vt -0.743689 0.577646
vt -1.317501 0.350000
vt -0.932499 0.350000
vt -0.929797 0.372354
vt -0.628956 0.577646
vt -1.017501 0.350000
vt -0.720203 0.372354
vt -0.721044 0.577646
vt -0.097559 0.372354
vt -0.143689 0.577646
vt -0.121044 0.577646
vt -0.717501 0.350000
vt -0.120203 0.372354
vt -0.332499 0.350000
vt -0.329797 0.372354
vt 0.179797 0.372354
vt -0.028956 0.577646
vt -0.629797 0.372354
vt -0.420203 0.372354
vt 0.756311 0.577646
vt 0.778956 0.577646
vt -0.195203 0.372354
vt 0.456311 0.577646
vt 0.478956 0.577646
vt -0.329797 0.372354
vt -0.117501 0.350000
vt -0.120203 0.372354
vt 0.267501 0.350000
vt 0.270203 0.372354
vt 0.571044 0.577646
vt -0.029797 0.372354
vt 0.182499 0.350000
vt 0.179797 0.372354
vt 0.479797 0.372354
vt 0.478956 0.577646
vt 0.482499 0.350000
vt 1.079797 0.372354
vt 0.867501 0.350000
vt 0.870203 0.372354
vt 1.379797 0.372354
vt 1.167501 0.350000
vt 1.170203 0.372354
vt 0.778956 0.577646
vt -0.196044 0.577646
vt -1.928570 0.577741
vt -1.951296 0.577646
vt 1.524007 0.578733
vt 2.150993 0.578733
vt 2.127580 0.577646
vt 1.082499 0.350000
vt -2.196430 0.577741
vt 1.382499 0.350000
vt -1.178570 0.577741
vt -1.201296 0.577646
vt -1.821430 0.577741
vt -0.404935 0.371267
vt -0.195065 0.371267
vt -1.553570 0.577741
vt -1.576296 0.577646
vt 1.524007 0.578733
vt 1.547420 0.577646
vt -0.704809 0.372259
vt -0.495191 0.372259
vt -1.928570 0.577741
vt -1.446430 0.577741
vt 1.071430 0.577741
vt 1.048704 0.577646
vt -2.173704 0.577646
vt -0.495191 0.372259
vt -0.704809 0.372259
vt -0.917278 0.582494
vt -1.553570 0.577741
vt -1.576296 0.577646
vt 0.542277 0.582494
vt 0.517347 0.577646
vt -1.821430 0.577741
vt -1.798704 0.577646
vt -1.178570 0.577741
vt -1.201296 0.577646
vt 0.803570 0.577741
vt 1.821430 0.577741
vt 1.798704 0.577646
vt -1.446430 0.577741
vt -1.423704 0.577646
vt 1.178570 0.577741
vt -0.705407 0.367506
vt -0.494593 0.367506
vt 0.542278 0.582494
vt 0.517347 0.577646
vt 1.446430 0.577741
vt 1.423704 0.577646
vt -0.917278 0.582494
vt -0.892347 0.577646
vt -0.494593 0.367506
vt -0.705407 0.367506
vt 1.071430 0.577741
vt 1.048704 0.577646
vt 1.553570 0.577741
vt 0.803570 0.577741
vt 0.826296 0.577646
vt 1.928570 0.577741
vt 1.446430 0.577741
vt 1.423704 0.577646
vt 2.196430 0.577741
vt 2.173704 0.577646
vt 1.178570 0.577741
vt 1.201296 0.577646
vt 0.875000 0.627500
vt 0.852500 0.627500
vt 1.821430 0.577741
vt 0.717500 0.000000
vt 0.717500 0.022500
vt 1.553570 0.577741
vt 1.576296 0.577646
vt 1.928570 0.577741
vt 1.951296 0.577646
vt 2.352500 0.327500
vt 0.717500 0.627500
vt 0.717500 0.022500
vt -2.375000 0.022500
vt 2.375000 -0.022500
vt 2.375000 0.000000
vt -2.352500 0.327500
vt 2.375000 0.022500
vt 0.852500 0.022500
vt -1.992501 0.707499
vt -2.207499 0.492501
vt -2.207499 0.707499
vt -2.181311 0.577646
vt -2.018689 0.577646
vt -1.907499 0.492501
vt -1.692501 0.707499
vt -1.692501 0.492501
vt -1.881311 0.577646
vt -1.718689 0.577646
vt -1.607499 0.492501
vt -1.392501 0.707499
vt -1.392501 0.492501
vt -1.418689 0.577646
vt -1.092501 0.707499
vt -1.307499 0.492501
vt -1.307499 0.707499
vt -1.281312 0.577646
vt -1.118688 0.577646
vt -0.792501 0.492501
vt -1.007499 0.707499
vt -0.792501 0.707499
vt -0.981312 0.577646
vt -0.818689 0.577646
vt -0.492501 0.707499
vt -0.707499 0.492501
vt -0.707499 0.707499
vt -0.681311 0.577646
vt -0.704797 0.372354
vt -0.407499 0.492501
vt -0.192501 0.707499
vt -0.192501 0.492501
vt 0.107499 0.707499
vt -0.107499 0.492501
vt -0.107499 0.707499
vt 0.407499 0.492501
vt 0.192501 0.707499
vt 0.407499 0.707499
vt 0.707499 0.707499
vt 0.492501 0.492501
vt 0.492501 0.707499
vt 1.007499 0.492501
vt 0.792501 0.707499
vt 1.007499 0.707499
vt 0.818689 0.577646
vt 0.981312 0.577646
vt 1.307499 0.707499
vt 1.092501 0.492501
vt 1.092501 0.707499
vt 1.118688 0.577646
vt 1.281312 0.577646
vt 1.392501 0.492501
vt 1.607499 0.707499
vt 1.607499 0.492501
vt 1.418689 0.577646
vt 1.581311 0.577646
vt 1.692503 0.707499
vt 2.207497 0.492501
vt 1.692503 0.492501
vt 0.518740 0.578153
vt 0.681260 0.578153
vt -2.207498 0.192501
vt -1.842502 0.407499
vt -1.842502 0.192501
vt 0.218710 0.577857
vt 0.381290 0.577857
vt -1.542501 0.407499
vt -1.757499 0.192501
vt -1.757499 0.407499
vt -1.568689 0.577646
vt -1.242501 0.192501
vt -1.457499 0.407499
vt -1.242501 0.407499
vt -1.431311 0.577646
vt -1.268688 0.577646
vt -0.942501 0.407499
vt -1.157499 0.192501
vt -1.157499 0.407499
vt -1.131312 0.577646
vt -0.968688 0.577646
vt -0.857499 0.192501
vt -0.642501 0.407499
vt -0.642501 0.192501
vt -0.831312 0.577646
vt -0.342501 0.407499
vt -0.557499 0.192501
vt -0.557499 0.407499
vt -0.368689 0.577646
vt -0.257499 0.192501
vt -0.042501 0.407499
vt -0.042501 0.192501
vt -0.231311 0.577646
vt 0.257499 0.407499
vt 0.042501 0.192501
vt 0.042501 0.407499
vt 0.231311 0.577646
vt 0.068689 0.577646
vt 0.342501 0.192501
vt 0.557499 0.407499
vt 0.557499 0.192501
vt 0.368689 0.577646
vt 0.345203 0.372354
vt 0.642501 0.407499
vt 0.857499 0.192501
vt 0.642501 0.192501
vt 0.831312 0.577646
vt 1.157499 0.192501
vt 0.942501 0.407499
vt 1.157499 0.407499
vt 0.968688 0.577646
vt 1.131312 0.577646
vt 1.457499 0.407499
vt 1.242501 0.192501
vt 1.242501 0.407499
vt 1.268688 0.577646
vt 1.431311 0.577646
vt 1.757499 0.192501
vt 1.542501 0.407499
vt 1.757499 0.407499
vt 1.568689 0.577646
vt 2.207498 0.407499
vt 1.842502 0.192501
vt 1.842502 0.407499
vt -2.207498 -0.107499
vt -1.767502 0.107499
vt -1.767502 -0.107499
vt -0.081276 0.577995
vt 0.081276 0.577995
vt -1.467501 0.107499
vt -1.682499 -0.107499
vt -1.682499 0.107499
vt -1.493688 0.577646
vt -1.382499 -0.107499
vt -1.167501 0.107499
vt -1.167501 -0.107499
vt -1.356312 0.577646
vt -1.193689 0.577646
vt -0.867501 0.107499
vt -1.082499 -0.107499
vt -1.082499 0.107499
vt -1.056311 0.577646
vt -0.893688 0.577646
vt -0.782499 -0.107499
vt -0.567501 0.107499
vt -0.567501 -0.107499
vt -0.267501 0.107499
vt -0.482499 -0.107499
vt -0.482499 0.107499
vt -0.293689 0.577646
vt -0.182499 -0.107499
vt 0.032499 0.107499
vt 0.032499 -0.107499
vt -0.156311 0.577646
vt 0.006311 0.577646
vt 0.332499 0.107499
vt 0.117501 -0.107499
vt 0.117501 0.107499
vt 0.143689 0.577646
vt 0.306311 0.577646
vt 0.632499 -0.107499
vt 0.417501 0.107499
vt 0.632499 0.107499
vt 0.717501 0.107499
vt 0.932499 -0.107499
vt 0.717501 -0.107499
vt 0.906312 0.577646
vt 1.017501 -0.107499
vt 1.232499 0.107499
vt 1.232499 -0.107499
vt 1.043689 0.577646
vt 1.206311 0.577646
vt 1.532499 0.107499
vt 1.317501 -0.107499
vt 1.317501 0.107499
vt 1.343688 0.577646
vt 1.506312 0.577646
vt 2.207497 -0.107499
vt 1.617503 0.107499
vt 2.207497 0.107499
vt -0.081242 0.578330
vt -0.081242 0.578330
vt -0.104884 0.371670
vt -2.207497 -0.192501
vt -1.617503 -0.407499
vt -2.207497 -0.407499
vt -0.218758 0.578330
vt -0.381242 0.578330
vt -1.532499 -0.407499
vt -1.317501 -0.192501
vt -1.317501 -0.407499
vt -1.506312 0.577646
vt -1.343688 0.577646
vt -1.232499 -0.192501
vt -1.017501 -0.407499
vt -1.232499 -0.407499
vt -1.206311 0.577646
vt -1.043689 0.577646
vt -0.717501 -0.407499
vt -0.932499 -0.192501
vt -0.717501 -0.192501
vt -0.906312 0.577646
vt -0.417501 -0.192501
vt -0.632499 -0.407499
vt -0.632499 -0.192501
vt -0.606311 0.577646
vt -0.332499 -0.407499
vt -0.117501 -0.192501
vt -0.117501 -0.407499
vt -0.143689 0.577646
vt 0.182499 -0.192501
vt -0.032499 -0.407499
vt -0.032499 -0.192501
vt -0.006311 0.577646
vt 0.156311 0.577646
vt 0.267501 -0.407499
vt 0.482499 -0.192501
vt 0.482499 -0.407499
vt 0.293689 0.577646
vt 0.782499 -0.192501
vt 0.567501 -0.407499
vt 0.567501 -0.192501
vt 0.593689 0.577646
vt 0.867501 -0.407499
vt 1.082499 -0.192501
vt 1.082499 -0.407499
vt 0.893688 0.577646
vt 1.056311 0.577646
vt 1.167501 -0.192501
vt 1.382499 -0.407499
vt 1.167501 -0.407499
vt 1.193689 0.577646
vt 1.356312 0.577646
vt 1.467504 -0.407499
vt 2.207496 -0.192501
vt 2.207496 -0.407499
vt -0.218799 0.578733
vt -0.195065 0.371267
vt -0.218799 0.578733
vt -1.917502 -0.492501
vt -2.207498 -0.707499
vt -2.207498 -0.492501
vt -0.681302 0.577741
vt -0.518698 0.577741
vt -1.832498 -0.707499
vt -1.542502 -0.492501
vt -1.542502 -0.707499
vt -1.167502 -0.492501
vt -1.457498 -0.707499
vt -1.457498 -0.492501
vt -1.082491 -0.707499
vt 0.707491 -0.492501
vt 0.707491 -0.707499
vt -0.892348 0.577646
vt -0.519187 0.582494
vt -0.680813 0.582494
vt 1.082498 -0.492501
vt 0.792502 -0.707499
vt 0.792502 -0.492501
vt 0.826296 0.577646
vt 1.167502 -0.707499
vt 1.457498 -0.492501
vt 1.457498 -0.707499
vt 1.832498 -0.492501
vt 1.542502 -0.707499
vt 1.542502 -0.492501
vt 1.917502 -0.707499
vt 2.207498 -0.492501
vt 2.207498 -0.707499
vt 0.875000 0.000000
vt -2.375000 0.627500
vt -0.792501 0.350000
vt -0.492501 0.350000
vt -0.472558 0.372354
vt 0.792501 0.350000
vt -2.166073 0.577646
vt 0.403956 0.577646
vt -0.342501 0.350000
vt -0.042501 0.350000
vt 0.257499 0.350000
vt -0.257499 0.350000
vt 0.557499 0.350000
vt 0.042501 0.350000
vt 1.883927 0.577646
vt 0.103956 0.577646
vt -1.702441 0.372354
vt 0.032499 0.350000
vt 0.332499 0.350000
vt -0.182499 0.350000
vt 0.117501 0.350000
vt -0.117501 0.350000
vt 0.182499 0.350000
vt -0.632499 0.350000
vt -0.332499 0.350000
vt -0.032499 0.350000
vt 0.502442 0.372354
vt 0.267501 0.350000
vt 0.567501 0.350000
vt -1.423704 0.577646
vt 1.201296 0.577646
vt 1.576296 0.577646
vt -1.992501 0.492501
vt -1.907499 0.707499
vt -1.607499 0.707499
vt -1.581311 0.577646
vt -1.092501 0.492501
vt -1.007499 0.492501
vt -0.492501 0.492501
vt -0.407499 0.707499
vt 0.107499 0.492501
vt 0.192501 0.492501
vt 0.707499 0.492501
vt 0.792501 0.492501
vt 1.307499 0.492501
vt 1.392501 0.707499
vt 2.207497 0.707499
vt -2.207498 0.407499
vt 0.218710 0.577857
vt -1.542501 0.192501
vt -1.457499 0.192501
vt -0.942501 0.192501
vt -0.857499 0.407499
vt -0.342501 0.192501
vt -0.257499 0.407499
vt -0.068689 0.577646
vt -0.231311 0.577646
vt 0.257499 0.192501
vt 0.068689 0.577646
vt 0.231311 0.577646
vt 0.342501 0.407499
vt 0.857499 0.407499
vt 0.942501 0.192501
vt 1.457499 0.192501
vt 1.542501 0.192501
vt 2.207498 0.192501
vt -2.207498 0.107499
vt 0.081276 0.577995
vt -0.081276 0.577995
vt -1.467501 -0.107499
vt -1.382499 0.107499
vt -0.867501 -0.107499
vt -0.782499 0.107499
vt -0.267501 -0.107499
vt -0.293689 0.577646
vt -0.182499 0.107499
vt 0.006311 0.577646
vt -0.156311 0.577646
vt 0.332499 -0.107499
vt 0.306311 0.577646
vt 0.143689 0.577646
vt 0.417501 -0.107499
vt 0.932499 0.107499
vt 1.017501 0.107499
vt 1.532499 -0.107499
vt 1.617503 -0.107499
vt 0.081242 0.578330
vt 0.081242 0.578330
vt -1.617503 -0.192501
vt -0.218758 0.578330
vt -1.532499 -0.192501
vt -1.017501 -0.192501
vt -0.932499 -0.407499
vt -0.417501 -0.407499
vt -0.332499 -0.192501
vt -0.306311 0.577646
vt -0.306311 0.577646
vt 0.182499 -0.407499
vt 0.156311 0.577646
vt -0.006311 0.577646
vt 0.267501 -0.192501
vt 0.293689 0.577646
vt 0.782499 -0.407499
vt 0.867501 -0.192501
vt 1.382499 -0.192501
vt 1.467504 -0.192501
vt -0.381201 0.578733
vt -1.917502 -0.707499
vt -0.518698 0.577741
vt -0.681302 0.577741
vt -1.832498 -0.492501
vt -1.167502 -0.707499
vt -1.082491 -0.492501
vt -0.519187 0.582494
vt 1.082498 -0.707499
vt 1.167502 -0.492501
vt 1.832498 -0.707499
vt 1.917502 -0.492501
s 1
f 345/1/45 343/2/42 344/3/44
f 506/4/130 353/5/52 510/6/134
f 354/1/55 517/3/139 342/2/41
f 349/7/48 348/8/54 503/9/127
f 352/5/51 350/4/49 351/6/50
f 522/10/141 524/11/143 3003/12/283
f 347/13/47 527/14/144 346/15/53
f 502/16/126 328/17/39 341/18/52
f 340/19/51 338/20/49 339/21/50
f 499/9/123 337/7/48 501/8/125
f 329/22/40 330/23/41 327/24/38
f 334/25/45 331/26/42 333/27/44
f 335/15/46 336/13/47 332/14/43
f 315/28/30 304/29/35 318/30/32
f 306/31/29 307/32/33 303/33/34
f 316/34/31 317/35/23 301/36/24
f 305/37/28 302/38/25 308/39/22
f 297/40/10 298/41/12 289/42/6
f 291/43/8 290/44/7 292/45/9
f 284/46/1 285/47/2 277/48/18
f 279/49/20 278/50/19 280/51/21
f 309/28/30 322/29/35 319/30/32
f 300/52/29 320/53/33 321/54/34
f 310/34/31 324/35/23 325/36/24
f 299/55/28 326/56/25 323/57/22
f 273/40/10 274/41/12 266/42/6
f 268/58/8 267/59/7 269/60/9
f 261/46/1 262/47/2 253/48/18
f 255/61/20 254/62/19 256/63/21
f 286/28/30 296/29/35 293/30/32
f 276/64/29 294/65/33 295/66/34
f 287/34/31 288/35/23 282/36/24
f 275/67/28 283/68/25 281/69/22
f 247/40/10 248/41/12 241/42/6
f 243/70/8 242/71/7 244/72/9
f 235/46/1 236/47/2 229/48/18
f 231/73/20 230/74/19 232/75/21
f 270/28/30 265/29/35 272/30/32
f 246/76/29 263/77/33 264/78/34
f 271/34/31 312/35/23 313/36/24
f 245/79/28 314/80/25 311/81/22
f 225/40/10 226/41/12 218/42/6
f 220/82/8 219/83/7 221/84/9
f 213/46/1 214/47/2 205/48/18
f 207/85/20 206/86/19 208/87/21
f 233/28/30 252/29/35 249/30/32
f 228/88/29 250/89/33 251/90/34
f 234/34/31 238/35/23 239/36/24
f 227/91/28 240/92/25 237/93/22
f 199/40/10 200/41/12 193/42/6
f 195/94/8 194/95/7 196/96/9
f 187/46/1 188/47/2 181/48/18
f 183/97/20 182/98/19 184/99/21
f 222/28/30 217/29/35 224/30/32
f 198/100/29 215/101/33 216/102/34
f 223/34/31 258/35/23 259/36/24
f 197/103/28 260/104/25 257/105/22
f 177/40/10 178/41/12 170/42/6
f 172/106/8 171/107/7 173/108/9
f 165/46/1 166/47/2 157/48/18
f 159/109/20 158/110/19 160/111/21
f 185/28/30 204/29/35 201/30/32
f 180/112/29 202/113/33 203/114/34
f 186/34/31 190/35/23 191/36/24
f 179/115/28 192/116/25 189/117/22
f 151/40/10 152/41/12 145/42/6
f 147/118/8 146/119/7 148/120/9
f 139/46/1 140/47/2 133/48/18
f 135/121/20 134/122/19 136/123/21
f 174/28/30 169/29/35 176/30/32
f 150/124/29 167/125/33 168/126/34
f 175/34/31 210/35/23 211/36/24
f 149/127/28 212/128/25 209/129/22
f 129/40/10 130/41/12 122/42/6
f 124/130/8 123/131/7 125/132/9
f 117/46/1 118/47/2 109/48/18
f 111/133/20 110/134/19 112/135/21
f 137/28/30 156/29/35 153/30/32
f 132/136/29 154/137/33 155/138/34
f 138/34/31 142/35/23 143/36/24
f 131/139/28 144/140/25 141/141/22
f 103/40/10 104/41/12 97/42/6
f 99/142/8 98/143/7 100/144/9
f 91/46/1 92/47/2 85/48/18
f 87/145/20 86/146/19 88/147/21
f 126/28/30 121/29/35 128/30/32
f 102/148/29 119/149/33 120/150/34
f 127/34/31 162/35/23 163/36/24
f 101/151/28 164/152/25 161/153/22
f 81/40/10 82/41/12 74/42/6
f 76/154/8 75/155/7 77/156/9
f 69/46/1 70/47/2 63/48/18
f 65/157/20 64/158/19 66/159/21
f 89/28/30 108/29/35 105/30/32
f 84/160/29 106/161/33 107/162/34
f 90/34/31 94/35/23 95/36/24
f 83/163/28 96/164/25 93/165/22
f 57/40/10 58/41/12 51/42/6
f 53/166/8 52/167/7 54/168/9
f 45/46/1 46/47/2 39/48/18
f 41/169/20 40/170/19 42/171/21
f 78/28/30 73/29/35 80/30/32
f 56/172/29 71/173/33 72/174/34
f 79/34/31 114/35/23 115/36/24
f 55/175/28 116/176/25 113/177/22
f 35/40/10 36/41/12 30/42/6
f 32/178/8 31/179/7 33/180/9
f 27/46/1 28/47/2 19/48/18
f 21/181/20 20/182/19 22/183/21
f 43/28/30 62/29/35 59/30/32
f 38/184/29 60/185/33 61/186/34
f 44/34/31 48/35/23 49/36/24
f 37/187/28 50/188/25 47/189/22
f 10/40/10 12/41/12 6/42/6
f 8/190/8 7/191/7 9/192/9
f 1/46/1 2/47/2 2016/48/18
f 2014/193/20 2015/194/19 2013/195/21
f 498/196/122 496/197/121 34/198/27
f 862/199/154 29/200/26 864/201/155
f 492/202/118 68/203/37 494/204/119
f 868/205/157 869/206/158 67/207/36
f 490/202/116 488/204/115 2021/203/219
f 874/208/159 2020/209/218 876/210/160
f 484/196/112 2025/198/220 486/197/113
f 880/211/161 881/212/162 2030/213/221
f 2012/214/217 16/215/16 13/216/13
f 886/217/164 14/218/14 888/219/165
f 2011/220/216 4/221/4 5/222/5
f 892/223/167 893/224/168 3/225/3
f 2036/220/223 2035/222/222 2040/221/225
f 898/226/169 2039/227/224 900/228/170
f 2046/214/227 2045/216/226 2050/215/229
f 904/229/171 905/230/172 2049/231/228
f 2019/232/30 2022/233/35 2017/234/32
f 2037/235/29 2024/236/33 2023/237/34
f 2018/238/31 24/239/23 25/240/24
f 2038/241/28 26/242/25 23/243/22
f 2054/244/10 2053/245/12 2061/246/6
f 2059/247/8 2060/248/7 2058/249/9
f 2066/250/1 2065/251/2 2074/245/18
f 2072/252/20 2073/253/19 2071/254/21
f 2048/232/30 2031/233/35 2034/234/32
f 2051/255/29 2033/256/33 2032/257/34
f 2047/238/31 2043/239/23 2042/240/24
f 2052/258/28 2041/259/25 2044/260/22
f 2080/244/10 2079/245/12 2086/246/6
f 2084/261/8 2085/262/7 2083/263/9
f 2092/250/1 2091/251/2 2098/264/18
f 2096/265/20 2097/266/19 2095/267/21
f 2057/232/30 2062/233/35 2055/234/32
f 2081/268/29 2064/269/33 2063/270/34
f 2056/238/31 2028/239/23 2027/240/24
f 2082/271/28 2026/272/25 2029/273/22
f 2102/244/10 2101/245/12 2109/246/6
f 2107/274/8 2108/275/7 2106/276/9
f 2114/250/1 2113/251/2 2122/264/18
f 2120/277/20 2121/278/19 2119/279/21
f 2094/232/30 2075/233/35 2078/234/32
f 2099/280/29 2077/281/33 2076/282/34
f 2093/238/31 2089/239/23 2088/240/24
f 2100/283/28 2087/284/25 2090/285/22
f 2128/286/10 2127/287/12 2134/288/6
f 2132/289/8 2133/290/7 2131/291/9
f 2140/250/1 2139/251/2 2146/264/18
f 2144/292/20 2145/293/19 2143/294/21
f 2105/232/30 2110/233/35 2103/234/32
f 2129/295/29 2112/296/33 2111/297/34
f 2104/238/31 2069/239/23 2068/240/24
f 2130/298/28 2067/299/25 2070/300/22
f 2150/244/10 2149/245/12 2157/246/6
f 2155/301/8 2156/302/7 2154/303/9
f 2162/304/1 2161/305/2 2170/306/18
f 2168/307/20 2169/308/19 2167/309/21
f 2142/232/30 2123/233/35 2126/234/32
f 2147/310/29 2125/311/33 2124/312/34
f 2141/238/31 2137/239/23 2136/240/24
f 2148/313/28 2135/314/25 2138/315/22
f 2176/316/10 2175/317/12 2182/318/6
f 2180/319/8 2181/320/7 2179/321/9
f 2188/250/1 2187/251/2 2194/264/18
f 2192/322/20 2193/323/19 2191/324/21
f 2153/232/30 2158/233/35 2151/234/32
f 2177/325/29 2160/326/33 2159/327/34
f 2152/238/31 2117/239/23 2116/240/24
f 2178/328/28 2115/329/25 2118/330/22
f 2198/244/10 2197/245/12 2205/246/6
f 2203/331/8 2204/332/7 2202/333/9
f 2210/250/1 2209/251/2 2218/264/18
f 2216/334/20 2217/335/19 2215/336/21
f 2190/232/30 2171/233/35 2174/234/32
f 2195/337/29 2173/338/33 2172/339/34
f 2189/238/31 2185/239/23 2184/240/24
f 2196/340/28 2183/341/25 2186/342/22
f 2224/343/10 2223/344/12 2230/345/6
f 2228/346/8 2229/347/7 2227/348/9
f 2236/250/1 2235/251/2 2242/264/18
f 2240/349/20 2241/350/19 2239/351/21
f 2201/232/30 2206/233/35 2199/234/32
f 2225/352/29 2208/353/33 2207/354/34
f 2200/238/31 2165/239/23 2164/240/24
f 2226/355/28 2163/356/25 2166/357/22
f 2246/244/10 2245/245/12 2253/246/6
f 2251/358/8 2252/359/7 2250/360/9
f 2258/361/1 2257/362/2 2265/363/18
f 2263/364/20 2264/365/19 2262/366/21
f 2238/232/30 2219/233/35 2222/234/32
f 2243/367/29 2221/368/33 2220/369/34
f 2237/238/31 2233/239/23 2232/240/24
f 2244/370/28 2231/371/25 2234/372/22
f 2271/244/10 2270/245/12 2277/246/6
f 2275/373/8 2276/374/7 2274/375/9
f 2283/250/1 2282/251/2 2289/264/18
f 2287/376/20 2288/377/19 2286/378/21
f 2249/232/30 2254/233/35 2247/234/32
f 2272/379/29 2256/380/33 2255/381/34
f 2248/238/31 2213/239/23 2212/240/24
f 2273/382/28 2211/383/25 2214/384/22
f 2293/244/10 2292/245/12 2300/246/6
f 2298/385/8 2299/386/7 2297/387/9
f 2304/250/1 2303/251/2 2312/264/18
f 2310/388/20 2311/389/19 2309/390/21
f 2285/232/30 2266/233/35 2269/234/32
f 2290/391/29 2268/392/33 2267/393/34
f 2284/238/31 2280/239/23 2279/240/24
f 2291/394/28 2278/395/25 2281/396/22
f 2316/244/10 2315/397/12 2320/246/6
f 2318/398/8 2319/399/7 2317/400/9
f 2324/250/1 2323/251/2 2328/264/18
f 2326/401/20 2327/402/19 2325/403/21
f 2296/404/217 2301/405/16 2294/406/13
f 1198/407/164 2302/408/14 1200/409/165
f 2295/410/216 2260/411/4 2259/412/5
f 1204/413/167 1205/414/168 2261/415/3
f 2330/410/223 2329/412/222 2335/411/225
f 1210/416/169 2334/417/224 1212/418/170
f 2340/404/227 2339/406/226 2346/405/229
f 1216/419/171 1217/420/172 2345/421/228
f 482/422/110 480/423/109 2314/424/231
f 1222/425/174 2313/426/230 1224/427/175
f 476/428/107 2321/429/232 478/430/108
f 1228/431/177 1229/432/178 2322/433/233
f 474/428/106 472/434/105 2354/429/235
f 1234/435/179 2353/436/234 1236/437/180
f 468/422/102 2359/424/236 470/438/103
f 1240/439/181 1241/440/182 2362/441/237
f 2333/442/30 2336/443/35 2331/444/32
f 2351/445/29 2338/446/33 2337/447/34
f 2332/448/31 2307/449/23 2306/450/24
f 2352/451/28 2305/452/25 2308/453/22
f 2366/454/10 2365/455/12 2373/456/6
f 2371/457/8 2372/458/7 2370/459/9
f 2378/460/1 2377/461/2 2386/462/18
f 2384/463/20 2385/464/19 2383/465/21
f 2361/442/30 2347/466/35 2350/444/32
f 2363/467/29 2349/468/33 2348/469/34
f 2360/448/31 2357/449/23 2356/450/24
f 2364/470/28 2355/471/25 2358/472/22
f 2392/454/10 2391/455/12 2398/456/6
f 2396/473/8 2397/474/7 2395/475/9
f 2404/460/1 2403/461/2 2410/462/18
f 2408/476/20 2409/477/19 2407/478/21
f 2369/442/30 2374/466/35 2367/444/32
f 2393/479/29 2376/480/33 2375/481/34
f 2368/448/31 2343/449/23 2342/450/24
f 2394/482/28 2341/483/25 2344/484/22
f 2414/454/10 2413/455/12 2421/456/6
f 2419/485/8 2420/486/7 2418/487/9
f 2426/460/1 2425/461/2 2434/462/18
f 2432/488/20 2433/489/19 2431/490/21
f 2406/491/30 2387/492/35 2390/493/32
f 2411/494/29 2389/495/33 2388/496/34
f 2405/497/31 2401/498/23 2400/499/24
f 2412/500/28 2399/501/25 2402/502/22
f 2440/503/10 2439/504/12 2446/498/6
f 2444/505/8 2445/506/7 2443/507/9
f 2452/491/1 2451/493/2 2458/492/18
f 2456/508/20 2457/509/19 2455/510/21
f 2417/511/30 2422/512/35 2415/513/32
f 2441/514/29 2424/515/33 2423/516/34
f 2416/448/31 2381/449/23 2380/450/24
f 2442/517/28 2379/518/25 2382/519/22
f 2462/454/10 2461/455/12 2469/456/6
f 2467/520/8 2468/521/7 2466/522/9
f 2474/523/1 2473/524/2 2482/525/18
f 2480/526/20 2481/527/19 2479/528/21
f 2454/442/30 2435/443/35 2438/444/32
f 2459/529/29 2437/530/33 2436/531/34
f 2453/448/31 2449/449/23 2448/450/24
f 2460/532/28 2447/533/25 2450/534/22
f 2488/535/10 2487/536/12 2494/537/6
f 2492/538/8 2493/539/7 2491/540/9
f 2500/460/1 2499/461/2 2506/462/18
f 2504/541/20 2505/542/19 2503/543/21
f 2465/544/30 2470/545/35 2463/546/32
f 2489/547/29 2472/548/33 2471/549/34
f 2464/448/31 2429/449/23 2428/450/24
f 2490/550/28 2427/551/25 2430/552/22
f 2510/454/10 2509/455/12 2517/456/6
f 2515/553/8 2516/554/7 2514/555/9
f 2522/460/1 2521/461/2 2530/462/18
f 2528/556/20 2529/557/19 2527/558/21
f 2502/442/30 2483/443/35 2486/444/32
f 2507/559/29 2485/560/33 2484/561/34
f 2501/562/31 2497/563/23 2496/564/24
f 2508/565/28 2495/566/25 2498/567/22
f 2536/568/10 2535/569/12 2542/570/6
f 2540/571/8 2541/572/7 2539/573/9
f 2548/574/1 2547/575/2 2554/576/18
f 2552/577/20 2553/578/19 2551/579/21
f 2513/580/30 2518/581/35 2511/582/32
f 2537/583/29 2520/584/33 2519/585/34
f 2512/448/31 2477/449/23 2476/450/24
f 2538/586/28 2475/587/25 2478/588/22
f 2558/454/10 2557/455/12 2565/456/6
f 2563/589/8 2564/590/7 2562/591/9
f 2570/592/1 2569/593/2 2575/581/18
f 2573/594/20 2574/595/19 2572/596/21
f 2550/442/30 2531/466/35 2534/444/32
f 2555/597/29 2533/598/33 2532/599/34
f 2549/448/31 2545/449/23 2544/450/24
f 2556/600/28 2543/601/25 2546/602/22
f 2578/454/10 2577/455/12 2584/456/6
f 2582/603/8 2583/604/7 2581/605/9
f 2587/460/1 2586/461/2 2591/462/18
f 2589/606/20 2590/607/19 2588/608/21
f 2561/442/30 2566/466/35 2559/444/32
f 2579/609/29 2568/610/33 2567/611/34
f 2560/448/31 2525/449/23 2524/450/24
f 2580/612/28 2523/613/25 2526/614/22
f 2593/454/10 2592/455/12 2597/456/6
f 2595/615/8 2596/616/7 2594/617/9
f 2600/460/1 2599/461/2 2608/462/18
f 2606/618/20 2607/619/19 2605/620/21
f 464/621/98 461/622/97 466/623/99
f 1510/624/184 2576/625/239 1512/626/185
f 457/627/95 454/628/94 459/629/96
f 1516/630/187 1517/631/188 2585/632/238
f 450/627/92 447/629/100 452/628/93
f 1522/633/189 2613/634/240 1524/635/190
f 443/621/88 440/623/86 445/622/89
f 1528/636/191 1529/637/192 2620/638/241
f 436/639/98 433/640/97 438/641/99
f 1534/642/184 2598/643/239 1536/644/185
f 429/645/95 426/646/94 431/647/96
f 1540/648/187 1541/649/193 2571/650/238
f 422/645/92 419/651/91 424/646/93
f 1546/652/189 2626/653/240 1548/654/190
f 415/639/88 412/641/86 417/640/89
f 1552/655/191 1553/656/192 2634/657/241
f 2619/658/30 2609/659/35 2612/660/32
f 2621/661/29 2611/662/33 2610/663/34
f 2618/664/31 2616/665/23 2615/666/24
f 2622/667/28 2614/668/25 2617/669/22
f 2640/670/10 2639/671/12 2646/672/6
f 2644/673/8 2645/674/7 2643/675/9
f 2652/676/1 2651/677/2 2658/678/18
f 2656/679/20 2657/680/19 2655/681/21
f 2625/658/30 2627/659/35 2623/660/32
f 2641/682/29 2629/683/33 2628/684/34
f 2624/664/31 2603/665/23 2602/666/24
f 2642/685/28 2601/686/25 2604/687/22
f 2662/670/10 2661/671/12 2669/672/6
f 2667/688/8 2668/689/7 2666/690/9
f 2674/676/1 2673/677/2 2682/678/18
f 2680/691/20 2681/692/19 2679/693/21
f 2654/658/30 2635/659/35 2638/660/32
f 2659/694/29 2637/695/33 2636/696/34
f 2653/697/31 2649/698/23 2648/699/24
f 2660/700/28 2647/701/25 2650/702/22
f 2688/670/10 2687/671/12 2694/672/6
f 2692/703/8 2693/704/7 2691/705/9
f 2700/676/1 2699/677/2 2706/678/18
f 2704/706/20 2705/707/19 2703/708/21
f 2665/709/30 2670/710/35 2663/711/32
f 2689/712/29 2672/713/33 2671/714/34
f 2664/715/31 2632/716/23 2631/717/24
f 2690/718/28 2630/719/25 2633/720/22
f 2710/670/10 2709/671/12 2717/672/6
f 2715/721/8 2716/722/7 2714/723/9
f 2722/676/1 2721/677/2 2730/678/18
f 2728/724/20 2729/725/19 2727/726/21
f 2702/658/30 2683/659/35 2686/660/32
f 2707/727/29 2685/728/33 2684/729/34
f 2701/664/31 2697/665/23 2696/666/24
f 2708/730/28 2695/731/25 2698/732/22
f 2736/670/10 2735/671/12 2742/672/6
f 2740/733/8 2741/734/7 2739/735/9
f 2748/676/1 2747/677/2 2754/678/18
f 2752/736/20 2753/737/19 2751/738/21
f 2713/739/30 2718/740/35 2711/741/32
f 2737/742/29 2720/743/33 2719/744/34
f 2712/664/31 2677/665/23 2676/666/24
f 2738/745/28 2675/746/25 2678/747/22
f 2758/670/10 2757/671/12 2765/672/6
f 2763/748/8 2764/749/7 2762/750/9
f 2770/676/1 2769/677/2 2778/678/18
f 2776/751/20 2777/752/19 2775/753/21
f 2750/658/30 2731/659/35 2734/660/32
f 2755/754/29 2733/755/33 2732/756/34
f 2749/757/31 2745/758/23 2744/759/24
f 2756/760/28 2743/761/25 2746/762/22
f 2784/670/10 2783/671/12 2790/672/6
f 2788/763/8 2789/764/7 2787/765/9
f 2796/676/1 2795/677/2 2802/678/18
f 2800/766/20 2801/767/19 2799/768/21
f 2761/769/30 2766/770/35 2759/771/32
f 2785/772/29 2768/773/33 2767/774/34
f 2760/775/31 2725/776/23 2724/777/24
f 2786/778/28 2723/779/25 2726/780/22
f 2806/670/10 2805/671/12 2813/672/6
f 2811/781/8 2812/782/7 2810/783/9
f 2818/676/1 2817/677/2 2826/678/18
f 2824/784/20 2825/785/19 2823/786/21
f 2798/658/30 2779/659/35 2782/660/32
f 2803/787/29 2781/788/33 2780/789/34
f 2797/664/31 2793/665/23 2792/666/24
f 2804/790/28 2791/791/25 2794/792/22
f 2829/670/10 2828/671/12 2835/672/6
f 2833/793/8 2834/794/7 2832/795/9
f 2838/676/1 2837/677/2 2842/678/18
f 2840/796/20 2841/797/19 2839/798/21
f 2809/658/30 2814/659/35 2807/660/32
f 2830/799/29 2816/800/33 2815/801/34
f 2808/664/31 2773/665/23 2772/666/24
f 2831/802/28 2771/803/25 2774/804/22
f 2844/670/10 2843/671/12 2851/672/6
f 2849/805/8 2850/806/7 2848/807/9
f 2856/676/1 2855/677/2 2864/678/18
f 2862/808/20 2863/809/19 2861/810/21
f 408/811/84 405/812/83 410/813/85
f 1798/814/195 2827/815/246 1800/816/196
f 401/817/81 398/818/80 403/819/82
f 1804/820/198 1805/821/199 2836/822/247
f 394/817/78 391/823/77 396/824/79
f 1810/825/200 2871/826/257 1812/827/201
f 387/811/74 384/828/72 389/829/75
f 1816/830/202 1817/831/203 2878/832/259
f 2847/833/250 2852/834/251 2845/835/248
f 2869/836/255 2854/837/253 2853/838/252
f 2846/839/249 2821/840/244 2820/841/243
f 2870/842/256 2819/843/242 2822/844/245
f 2882/839/261 2881/845/260 2889/840/265
f 2887/846/263 2888/847/264 2886/848/262
f 2894/833/268 2893/835/267 2902/834/272
f 2900/849/270 2901/850/271 2899/851/269
f 2877/852/250 2865/853/251 2868/854/248
f 2879/855/255 2867/856/253 2866/857/254
f 2876/858/249 2874/859/244 2873/860/243
f 2880/861/256 2872/862/258 2875/863/245
f 2905/858/261 2904/860/260 2911/859/265
f 2909/864/263 2910/865/264 2908/866/274
f 2914/852/268 2913/854/267 2918/867/272
f 2916/868/270 2917/869/276 2915/870/269
f 2885/871/250 2890/872/251 2883/873/248
f 2906/874/255 2892/875/253 2891/876/266
f 2884/877/249 2859/878/244 2858/879/243
f 2907/880/256 2857/881/242 2860/882/245
f 2920/877/261 2919/879/260 2927/878/265
f 2925/883/263 2926/884/264 2924/885/277
f 2932/871/268 2931/873/267 2940/872/272
f 2938/886/270 2939/887/279 2937/888/269
f 380/889/70 377/890/69 382/891/71
f 1894/892/207 2903/893/273 1896/894/208
f 373/895/67 370/896/66 375/897/68
f 1900/898/210 1901/899/211 2912/900/275
f 366/901/63 363/902/62 368/903/64
f 1906/904/212 2947/905/280 1908/906/213
f 359/889/59 356/907/57 361/890/60
f 1912/908/214 1913/909/215 2954/910/281
f 2923/911/250 2928/912/251 2921/913/248
f 2945/914/255 2930/915/253 2929/916/266
f 2922/917/249 2897/918/244 2896/919/243
f 2946/920/256 2895/921/242 2898/922/245
f 2958/917/261 2957/919/260 2965/918/265
f 2963/923/263 2964/924/264 2962/925/277
f 2970/911/268 2969/913/267 2974/912/272
f 2972/926/270 2973/927/279 2971/928/269
f 2953/929/250 2941/930/251 2944/931/248
f 2955/932/255 2943/933/253 2942/934/266
f 2952/935/249 2950/936/244 2949/937/243
f 2956/938/256 2948/939/242 2951/940/245
f 2980/935/261 2979/937/260 2986/936/265
f 2984/941/263 2985/942/264 2983/943/277
f 2992/929/268 2991/931/267 2998/930/272
f 2996/944/270 2997/945/279 2995/946/269
f 2961/947/250 2966/948/251 2959/949/248
f 2981/950/255 2968/951/253 2967/952/282
f 2960/953/249 2935/954/244 2934/955/243
f 2982/956/256 2933/957/278 2936/958/245
f 3002/953/261 3001/959/260 3007/954/265
f 3005/960/263 3006/961/264 3004/962/262
f 3009/947/268 3008/949/267 3013/948/272
f 3011/963/270 3012/964/271 3010/965/269
f 2994/966/250 2975/967/251 2978/968/248
f 2999/969/255 2977/970/253 2976/971/252
f 2993/972/249 2989/973/244 2988/974/243
f 3000/975/256 2987/976/258 2990/977/245
f 3015/972/261 3014/974/260 3019/973/265
f 3017/978/263 3018/979/264 3016/980/284
f 3021/966/268 3020/968/267 3025/981/272
f 3023/982/270 3024/983/271 3022/984/269
f 505/985/129 504/986/128 509/987/133
f 352/988/51 510/989/134 353/990/52
f 349/7/48 351/6/50 350/4/49
f 348/991/54 512/986/136 503/992/127
f 347/13/47 348/8/54 349/7/48
f 527/992/144 522/10/141 346/991/53
f 524/11/143 517/993/139 354/985/55
f 345/1/45 527/14/144 347/13/47
f 342/994/41 344/995/44 343/988/42
f 354/1/55 353/5/52 506/4/130
f 350/4/49 343/2/42 345/1/45
f 340/996/51 502/16/126 341/18/52
f 337/7/48 339/21/50 338/20/49
f 336/13/47 501/8/125 337/7/48
f 334/25/45 332/14/43 336/13/47
f 330/23/41 333/997/44 331/998/42
f 327/24/38 341/18/52 328/17/39
f 338/20/49 331/26/42 334/25/45
f 325/36/24 323/999/22 326/1000/25
f 322/29/35 320/1001/33 319/30/32
f 317/1002/23 315/1003/30 318/1004/32
f 313/36/24 311/999/22 314/1000/25
f 324/1005/23 309/1006/30 319/1007/32
f 307/32/33 305/37/28 308/39/22
f 303/1000/34 318/30/32 304/29/35
f 302/1000/25 317/35/23 308/999/22
f 320/53/33 299/55/28 323/57/22
f 298/41/12 316/34/31 301/36/24
f 295/1000/34 293/30/32 296/29/35
f 302/38/25 291/43/8 292/45/9
f 289/42/6 292/1008/9 290/1009/7
f 293/1010/32 287/1011/31 286/1012/30
f 285/1004/2 297/1013/10 289/1002/6
f 282/36/24 281/999/22 283/1000/25
f 290/44/7 279/49/20 280/51/21
f 277/48/18 280/1014/21 278/1008/19
f 304/29/35 284/46/1 277/48/18
f 278/50/19 306/31/29 303/33/34
f 294/65/33 275/67/28 281/69/22
f 274/41/12 310/34/31 325/36/24
f 312/1015/23 270/1016/30 272/1017/32
f 326/56/25 268/58/8 269/60/9
f 266/42/6 269/1008/9 267/1009/7
f 264/1000/34 272/30/32 265/29/35
f 262/1007/2 273/1018/10 266/1005/6
f 259/36/24 257/999/22 260/1000/25
f 267/59/7 255/61/20 256/63/21
f 253/48/18 256/1014/21 254/1008/19
f 322/29/35 261/46/1 253/48/18
f 321/54/34 255/61/20 300/52/29
f 251/1000/34 249/30/32 252/29/35
f 248/41/12 287/34/31 282/36/24
f 263/77/33 245/79/28 311/81/22
f 283/68/25 243/70/8 244/72/9
f 241/42/6 244/1008/9 242/1009/7
f 239/36/24 237/999/22 240/1000/25
f 236/1010/2 247/1011/10 241/1019/6
f 238/1020/23 233/1021/30 249/1022/32
f 232/75/21 243/70/8 231/73/20
f 229/48/18 232/1014/21 230/1008/19
f 296/29/35 235/46/1 229/48/18
f 230/74/19 276/64/29 295/66/34
f 250/89/33 227/91/28 237/93/22
f 226/41/12 271/34/31 313/36/24
f 258/1023/23 222/1024/30 224/1025/32
f 314/80/25 220/82/8 221/84/9
f 218/42/6 221/1008/9 219/1009/7
f 216/1026/34 224/1025/32 217/1027/35
f 214/1017/2 225/1028/10 218/1015/6
f 211/36/24 209/999/22 212/1000/25
f 219/83/7 207/85/20 208/87/21
f 205/48/18 208/1014/21 206/1008/19
f 265/29/35 213/46/1 205/48/18
f 206/86/19 246/76/29 264/78/34
f 203/1029/34 201/678/32 204/677/35
f 239/36/24 199/40/10 234/34/31
f 215/101/33 197/103/28 257/105/22
f 240/92/25 195/94/8 196/96/9
f 193/42/6 196/1008/9 194/1009/7
f 191/36/24 189/999/22 192/1000/25
f 193/1030/6 187/1021/1 199/1031/10
f 201/678/32 186/658/31 185/676/30
f 194/95/7 183/97/20 184/99/21
f 181/48/18 184/1014/21 182/1008/19
f 252/29/35 187/46/1 181/48/18
f 182/98/19 228/88/29 251/90/34
f 202/113/33 179/115/28 189/117/22
f 259/36/24 177/40/10 223/34/31
f 176/462/32 175/442/31 174/460/30
f 260/104/25 172/106/8 173/108/9
f 170/1032/6 173/1033/9 171/1034/7
f 168/1000/34 176/30/32 169/29/35
f 170/1032/6 165/1035/1 177/1036/10
f 163/36/24 161/999/22 164/1000/25
f 171/107/7 159/109/20 160/111/21
f 157/48/18 160/1014/21 158/1008/19
f 217/29/35 165/46/1 157/48/18
f 158/110/19 198/100/29 216/102/34
f 155/1000/34 153/30/32 156/29/35
f 152/41/12 186/34/31 191/36/24
f 167/125/33 149/127/28 209/129/22
f 192/116/25 147/118/8 148/120/9
f 145/42/6 148/1008/9 146/1009/7
f 143/36/24 141/999/22 144/1000/25
f 140/671/2 151/664/10 145/666/6
f 142/233/23 137/250/30 153/264/32
f 146/119/7 135/121/20 136/123/21
f 133/48/18 136/1014/21 134/1008/19
f 204/29/35 139/46/1 133/48/18
f 203/114/34 135/121/20 180/112/29
f 154/137/33 131/139/28 141/141/22
f 130/41/12 175/34/31 211/36/24
f 162/29/23 126/46/30 128/48/32
f 212/128/25 124/130/8 125/132/9
f 122/42/6 125/1008/9 123/1009/7
f 120/1014/34 128/48/32 121/47/35
f 118/1037/2 129/448/10 122/450/6
f 115/36/24 113/999/22 116/1000/25
f 123/131/7 111/133/20 112/135/21
f 109/48/18 112/1014/21 110/1008/19
f 169/29/35 117/46/1 109/48/18
f 110/134/19 150/124/29 168/126/34
f 108/29/35 106/1001/33 105/30/32
f 104/41/12 138/34/31 143/36/24
f 119/149/33 101/151/28 161/153/22
f 100/144/9 131/139/28 99/142/8
f 97/240/6 100/1038/9 98/1039/7
f 95/36/24 93/999/22 96/1000/25
f 97/240/6 91/244/1 103/238/10
f 105/1040/32 90/1041/31 89/1042/30
f 98/143/7 87/145/20 88/147/21
f 85/48/18 88/1014/21 86/1008/19
f 156/29/35 91/46/1 85/48/18
f 86/146/19 132/136/29 155/138/34
f 106/161/33 83/163/28 93/165/22
f 82/41/12 127/34/31 163/36/24
f 114/1043/23 78/1044/30 80/1045/32
f 164/152/25 76/154/8 77/156/9
f 74/36/6 77/999/9 75/1000/7
f 72/1000/34 80/30/32 73/29/35
f 74/36/6 69/40/1 81/34/10
f 869/1046/158 68/203/37 67/1047/36
f 75/155/7 65/157/20 66/159/21
f 63/48/18 66/1014/21 64/1008/19
f 63/48/18 126/28/30 69/46/1
f 64/158/19 102/148/29 120/150/34
f 61/1000/34 59/30/32 62/29/35
f 58/41/12 90/34/31 95/36/24
f 71/173/33 55/175/28 113/177/22
f 96/164/25 53/166/8 54/168/9
f 51/42/6 54/1008/9 52/1009/7
f 49/36/24 47/999/22 50/1000/25
f 46/1048/2 57/1041/10 51/1049/6
f 48/1050/23 43/1051/30 59/1052/32
f 42/171/21 53/166/8 41/169/20
f 39/48/18 42/1014/21 40/1008/19
f 39/48/18 89/28/30 45/46/1
f 40/170/19 84/160/29 107/162/34
f 60/185/33 37/187/28 47/189/22
f 36/41/12 79/34/31 115/36/24
f 68/203/37 498/196/122 34/198/27
f 116/176/25 32/178/8 33/180/9
f 30/42/6 33/1008/9 31/1009/7
f 864/1053/155 34/198/27 496/197/121
f 28/1045/2 35/1054/10 30/1043/6
f 26/1039/25 24/239/23 23/1038/22
f 22/183/21 32/178/8 21/181/20
f 19/48/18 22/1014/21 20/1008/19
f 73/29/35 27/46/1 19/48/18
f 20/182/19 56/172/29 72/174/34
f 888/1055/165 13/216/13 16/215/16
f 12/41/12 44/34/31 49/36/24
f 29/200/26 868/205/157 67/207/36
f 50/188/25 8/190/8 9/192/9
f 6/42/6 9/1008/9 7/1009/7
f 893/1056/168 4/221/4 3/1057/3
f 6/1050/6 1/1051/1 10/1058/10
f 4/221/4 2012/214/217 13/216/13
f 7/191/7 2014/193/20 2013/195/21
f 2016/48/18 2013/1014/21 2015/1008/19
f 62/29/35 1/46/1 2016/48/18
f 2015/194/19 38/184/29 61/186/34
f 14/218/14 892/223/167 3/225/3
f 487/1059/114 491/34/117 493/1060/117
f 2017/1061/32 2018/1062/31 2019/1063/30
f 869/206/158 874/208/159 876/210/160
f 2021/203/219 876/1046/160 2020/1047/218
f 2023/1039/34 2017/234/32 2022/233/35
f 2025/198/220 490/202/116 2021/203/219
f 2027/240/24 2029/1038/22 2026/1039/25
f 2020/209/218 880/211/161 2030/213/221
f 881/1053/162 2025/198/220 2030/1064/221
f 495/1065/120 483/46/111 485/1066/111
f 881/212/162 862/199/154 864/201/155
f 2032/1039/34 2034/234/32 2031/233/35
f 2035/1067/222 2011/238/216 5/1068/5
f 2024/236/33 2038/241/28 23/243/22
f 893/224/168 898/226/169 900/228/170
f 2040/221/225 900/1069/170 2039/1070/224
f 2042/240/24 2044/1038/22 2041/1039/25
f 2045/216/226 2036/220/223 2040/221/225
f 2043/1071/23 2048/1072/30 2034/1073/32
f 2039/227/224 904/229/171 2049/231/228
f 905/1074/172 2045/216/226 2049/1075/228
f 16/1076/16 2046/250/227 2050/1077/229
f 905/230/172 886/217/164 888/219/165
f 2033/256/33 2052/258/28 2044/260/22
f 2053/245/12 2018/238/31 25/240/24
f 2028/1078/23 2057/1079/30 2055/1080/32
f 26/242/25 2059/247/8 2058/249/9
f 2061/246/6 2058/1081/9 2060/1082/7
f 2063/1039/34 2055/234/32 2062/233/35
f 2065/1061/2 2054/1062/10 2061/1083/6
f 2068/240/24 2070/1038/22 2067/1039/25
f 2071/254/21 2059/247/8 2072/252/20
f 2074/1084/18 2071/1085/21 2073/1086/19
f 2022/233/35 2066/250/1 2074/245/18
f 2073/253/19 2037/235/29 2023/237/34
f 2076/1039/34 2078/234/32 2075/233/35
f 2079/245/12 2047/238/31 2042/240/24
f 2064/269/33 2082/271/28 2029/273/22
f 2041/259/25 2084/261/8 2083/263/9
f 2086/246/6 2083/1081/9 2085/1082/7
f 2088/240/24 2090/1038/22 2087/1039/25
f 2091/1073/2 2080/1087/10 2086/1071/6
f 2089/1088/23 2094/1089/30 2078/1090/32
f 2095/267/21 2084/261/8 2096/265/20
f 2098/264/18 2095/1091/21 2097/1092/19
f 2031/233/35 2092/250/1 2098/264/18
f 2097/266/19 2051/255/29 2032/257/34
f 2090/285/22 2099/280/29 2100/283/28
f 2101/245/12 2056/238/31 2027/240/24
f 2069/1093/23 2105/1094/30 2103/305/32
f 2026/272/25 2107/274/8 2106/276/9
f 2109/246/6 2106/1081/9 2108/1082/7
f 2111/1095/34 2103/305/32 2110/1096/35
f 2113/1080/2 2102/1097/10 2109/1078/6
f 2115/1039/25 2117/239/23 2118/1038/22
f 2108/275/7 2120/277/20 2119/279/21
f 2122/264/18 2119/1091/21 2121/1092/19
f 2062/233/35 2114/250/1 2122/264/18
f 2121/278/19 2081/268/29 2063/270/34
f 2124/1039/34 2126/234/32 2123/233/35
f 2127/397/12 2093/238/31 2088/240/24
f 2112/296/33 2130/298/28 2070/300/22
f 2087/284/25 2132/289/8 2131/291/9
f 2134/288/6 2131/1098/9 2133/1099/7
f 2136/240/24 2138/1038/22 2135/1039/25
f 2134/288/6 2140/1089/1 2128/286/10
f 2137/1100/23 2142/1101/30 2126/1102/32
f 2133/290/7 2144/292/20 2143/294/21
f 2146/264/18 2143/1091/21 2145/1092/19
f 2075/233/35 2140/250/1 2146/264/18
f 2145/293/19 2099/280/29 2076/282/34
f 2125/311/33 2148/313/28 2138/315/22
f 2068/240/24 2150/244/10 2104/238/31
f 2117/1103/23 2153/1104/30 2151/1105/32
f 2067/299/25 2155/301/8 2154/303/9
f 2157/246/6 2154/1081/9 2156/1082/7
f 2159/1039/34 2151/234/32 2158/233/35
f 2161/305/2 2150/1106/10 2157/1107/6
f 2164/240/24 2166/1038/22 2163/1039/25
f 2167/309/21 2155/301/8 2168/307/20
f 2170/306/18 2167/1108/21 2169/1109/19
f 2110/233/35 2162/250/1 2170/264/18
f 2169/308/19 2129/295/29 2111/297/34
f 2172/1039/34 2174/234/32 2171/233/35
f 2136/240/24 2176/244/10 2141/238/31
f 2160/326/33 2178/328/28 2118/330/22
f 2135/314/25 2180/319/8 2179/321/9
f 2182/318/6 2179/1110/9 2181/1111/7
f 2184/240/24 2186/1038/22 2183/1039/25
f 2187/1112/2 2176/316/10 2182/318/6
f 2185/345/23 2190/1113/30 2174/1114/32
f 2181/320/7 2192/322/20 2191/324/21
f 2194/264/18 2191/1091/21 2193/1092/19
f 2123/233/35 2188/250/1 2194/264/18
f 2193/323/19 2147/310/29 2124/312/34
f 2173/338/33 2196/340/28 2186/342/22
f 2197/245/12 2152/238/31 2116/240/24
f 2199/1115/32 2200/1116/31 2201/361/30
f 2115/329/25 2203/331/8 2202/333/9
f 2205/246/6 2202/1081/9 2204/1082/7
f 2207/1117/34 2199/1115/32 2206/1118/35
f 2209/1119/2 2198/1120/10 2205/1121/6
f 2212/240/24 2214/1038/22 2211/1039/25
f 2204/332/7 2216/334/20 2215/336/21
f 2218/264/18 2215/1091/21 2217/1092/19
f 2158/233/35 2210/250/1 2218/264/18
f 2217/335/19 2177/325/29 2159/327/34
f 2220/1039/34 2222/234/32 2219/233/35
f 2223/397/12 2189/238/31 2184/240/24
f 2208/353/33 2226/355/28 2166/357/22
f 2183/341/25 2228/346/8 2227/348/9
f 2230/345/6 2227/1122/9 2229/1123/7
f 2232/240/24 2234/1038/22 2231/1039/25
f 2230/345/6 2236/1124/1 2224/343/10
f 2233/1125/23 2238/1126/30 2222/1127/32
f 2229/347/7 2240/349/20 2239/351/21
f 2242/264/18 2239/1091/21 2241/1092/19
f 2171/233/35 2236/250/1 2242/264/18
f 2241/350/19 2195/337/29 2172/339/34
f 2221/368/33 2244/370/28 2234/372/22
f 2245/245/12 2200/238/31 2164/240/24
f 2213/1128/23 2249/1129/30 2247/1130/32
f 2163/356/25 2251/358/8 2250/360/9
f 2253/246/6 2250/1081/9 2252/1082/7
f 2255/1039/34 2247/234/32 2254/233/35
f 2257/362/2 2246/1116/10 2253/1131/6
f 1205/1132/168 2260/411/4 2261/1133/3
f 2262/366/21 2251/358/8 2263/364/20
f 2265/363/18 2262/1134/21 2264/1117/19
f 2206/233/35 2258/250/1 2265/264/18
f 2264/365/19 2225/352/29 2207/354/34
f 2267/1039/34 2269/234/32 2266/233/35
f 2270/245/12 2237/238/31 2232/240/24
f 2256/380/33 2273/382/28 2214/384/22
f 2231/371/25 2275/373/8 2274/375/9
f 2277/246/6 2274/1081/9 2276/1082/7
f 2279/1135/24 2281/1136/22 2278/1137/25
f 2282/1127/2 2271/1138/10 2277/1125/6
f 2269/1139/32 2284/1140/31 2285/1141/30
f 2286/378/21 2275/373/8 2287/376/20
f 2289/264/18 2286/1091/21 2288/1092/19
f 2219/233/35 2283/250/1 2289/264/18
f 2288/377/19 2243/367/29 2220/369/34
f 2281/396/22 2290/391/29 2291/394/28
f 2212/240/24 2293/244/10 2248/238/31
f 2260/411/4 2296/404/217 2294/406/13
f 2211/383/25 2298/385/8 2297/387/9
f 2300/246/6 2297/1081/9 2299/1082/7
f 1200/1142/165 2294/406/13 2301/405/16
f 2303/1130/2 2293/1143/10 2300/1128/6
f 2306/450/24 2308/1144/22 2305/1145/25
f 2309/390/21 2298/385/8 2310/388/20
f 2312/264/18 2309/1091/21 2311/1092/19
f 2254/233/35 2304/250/1 2312/264/18
f 2311/389/19 2272/379/29 2255/381/34
f 1224/1146/175 2314/424/231 480/423/109
f 2315/397/12 2284/238/31 2279/240/24
f 2302/408/14 1204/413/167 2261/415/3
f 2278/395/25 2318/398/8 2317/400/9
f 2320/246/6 2317/1081/9 2319/1082/7
f 1229/1147/178 2321/429/232 2322/1148/233
f 2320/1149/6 2324/1141/1 2316/1140/10
f 2321/429/232 482/422/110 2314/424/231
f 2319/399/7 2326/401/20 2325/403/21
f 2328/264/18 2325/1091/21 2327/1092/19
f 2266/233/35 2324/250/1 2328/264/18
f 2327/402/19 2290/391/29 2267/393/34
f 2313/426/230 1228/431/177 2322/433/233
f 2329/1067/222 2295/238/216 2259/1068/5
f 2307/1150/23 2333/1151/30 2331/1152/32
f 1205/414/168 1210/416/169 1212/418/170
f 2335/411/225 1212/1153/170 2334/1154/224
f 2337/1155/34 2331/444/32 2336/443/35
f 2339/406/226 2330/410/223 2335/411/225
f 2342/450/24 2344/1144/22 2341/1145/25
f 2334/417/224 1216/419/171 2345/421/228
f 1217/1156/172 2339/406/226 2345/1157/228
f 2301/1076/16 2340/250/227 2346/1077/229
f 1217/420/172 1198/407/164 1200/409/165
f 2348/1155/34 2350/444/32 2347/466/35
f 471/1158/104 475/448/104 477/1159/104
f 2338/446/33 2352/451/28 2308/453/22
f 1229/432/178 1234/435/179 1236/437/180
f 2354/429/235 1236/1147/180 2353/1148/234
f 2356/450/24 2358/1144/22 2355/1145/25
f 2359/424/236 474/428/106 2354/429/235
f 2357/1160/23 2361/1161/30 2350/1162/32
f 2353/436/234 1240/439/181 2362/441/237
f 1241/1146/182 2359/424/236 2362/1163/237
f 479/1164/101 467/460/101 469/1165/101
f 1241/440/182 1222/425/174 1224/427/175
f 2358/472/22 2363/467/29 2364/470/28
f 2365/455/12 2332/448/31 2306/450/24
f 2343/1166/23 2369/1167/30 2367/1168/32
f 2305/452/25 2371/457/8 2370/459/9
f 2373/456/6 2370/1169/9 2372/1170/7
f 2375/1155/34 2367/444/32 2374/466/35
f 2377/1152/2 2366/1171/10 2373/1150/6
f 2380/450/24 2382/1144/22 2379/1145/25
f 2383/465/21 2371/457/8 2384/463/20
f 2385/1172/19 2377/1152/2 2383/1173/21
f 2336/443/35 2378/460/1 2386/462/18
f 2337/447/34 2384/463/20 2351/445/29
f 2388/1174/34 2390/493/32 2387/492/35
f 2391/455/12 2360/448/31 2356/450/24
f 2376/480/33 2394/482/28 2344/484/22
f 2355/471/25 2396/473/8 2395/475/9
f 2398/456/6 2395/1169/9 2397/1170/7
f 2400/499/24 2402/1175/22 2399/1176/25
f 2403/1162/2 2392/1177/10 2398/1160/6
f 2401/498/23 2406/491/30 2390/493/32
f 2407/478/21 2396/473/8 2408/476/20
f 2410/462/18 2407/1178/21 2409/1179/19
f 2347/466/35 2404/460/1 2410/462/18
f 2409/477/19 2363/467/29 2348/469/34
f 2389/495/33 2412/500/28 2402/502/22
f 2413/455/12 2368/448/31 2342/450/24
f 2415/513/32 2416/1180/31 2417/511/30
f 2341/483/25 2419/485/8 2418/487/9
f 2421/456/6 2418/1169/9 2420/1170/7
f 2423/1181/34 2415/513/32 2422/512/35
f 2425/1168/2 2414/1182/10 2421/1166/6
f 2428/450/24 2430/1144/22 2427/1145/25
f 2420/486/7 2432/488/20 2431/490/21
f 2434/462/18 2431/1178/21 2433/1179/19
f 2374/466/35 2426/460/1 2434/462/18
f 2433/489/19 2393/479/29 2375/481/34
f 2436/1155/34 2438/444/32 2435/443/35
f 2439/1037/12 2405/448/31 2400/450/24
f 2424/515/33 2442/517/28 2382/519/22
f 2399/501/25 2444/505/8 2443/507/9
f 2446/498/6 2443/1183/9 2445/1175/7
f 2448/450/24 2450/1144/22 2447/1145/25
f 2446/498/6 2452/491/1 2440/503/10
f 2449/1184/23 2454/1185/30 2438/1186/32
f 2445/506/7 2456/508/20 2455/510/21
f 2458/492/18 2455/1187/21 2457/1188/19
f 2387/466/35 2452/460/1 2458/462/18
f 2457/509/19 2411/494/29 2388/496/34
f 2437/530/33 2460/532/28 2450/534/22
f 2380/450/24 2462/454/10 2416/448/31
f 2429/1189/23 2465/544/30 2463/546/32
f 2379/518/25 2467/520/8 2466/522/9
f 2469/456/6 2466/1169/9 2468/1170/7
f 2471/1190/34 2463/546/32 2470/545/35
f 2473/524/2 2462/1191/10 2469/1192/6
f 2476/450/24 2478/1144/22 2475/1145/25
f 2468/521/7 2480/526/20 2479/528/21
f 2482/525/18 2479/1193/21 2481/1194/19
f 2482/462/18 2417/442/30 2474/460/1
f 2481/527/19 2441/514/29 2423/516/34
f 2484/1195/34 2486/1196/32 2483/1197/35
f 2487/455/12 2453/448/31 2448/450/24
f 2472/548/33 2490/550/28 2430/552/22
f 2447/533/25 2492/538/8 2491/540/9
f 2494/456/6 2491/1169/9 2493/1170/7
f 2496/564/24 2498/1198/22 2495/1199/25
f 2499/1200/2 2488/535/10 2494/537/6
f 2497/563/23 2502/574/30 2486/1196/32
f 2493/539/7 2504/541/20 2503/543/21
f 2506/462/18 2503/1178/21 2505/1179/19
f 2435/443/35 2500/460/1 2506/462/18
f 2505/542/19 2459/529/29 2436/531/34
f 2485/560/33 2508/565/28 2498/567/22
f 2509/455/12 2464/448/31 2428/450/24
f 2511/582/32 2512/1201/31 2513/580/30
f 2514/555/9 2490/550/28 2515/553/8
f 2517/456/6 2514/1169/9 2516/1170/7
f 2519/1202/34 2511/582/32 2518/581/35
f 2521/1203/2 2510/1204/10 2517/1205/6
f 2524/450/24 2526/1144/22 2523/1145/25
f 2516/554/7 2528/556/20 2527/558/21
f 2530/462/18 2527/1178/21 2529/1179/19
f 2470/466/35 2522/460/1 2530/462/18
f 2529/557/19 2489/547/29 2471/549/34
f 2532/1155/34 2534/444/32 2531/466/35
f 2535/1037/12 2501/448/31 2496/450/24
f 2520/584/33 2538/586/28 2478/588/22
f 2495/566/25 2540/571/8 2539/573/9
f 2542/570/6 2539/1206/9 2541/1198/7
f 2544/450/24 2546/1144/22 2543/1145/25
f 2547/575/2 2536/568/10 2542/570/6
f 2545/1207/23 2550/1208/30 2534/1209/32
f 2541/572/7 2552/577/20 2551/579/21
f 2554/576/18 2551/1210/21 2553/1211/19
f 2483/443/35 2548/460/1 2554/462/18
f 2553/578/19 2507/559/29 2484/561/34
f 2533/598/33 2556/600/28 2546/602/22
f 2557/455/12 2512/448/31 2476/450/24
f 2525/1212/23 2561/1213/30 2559/1214/32
f 2475/587/25 2563/589/8 2562/591/9
f 2565/456/6 2562/1169/9 2564/1170/7
f 2567/1155/34 2559/444/32 2566/466/35
f 2569/593/2 2558/1201/10 2565/1215/6
f 1541/1216/193 426/646/94 2571/1217/238
f 2572/596/21 2563/589/8 2573/594/20
f 2575/581/18 2572/1218/21 2574/1219/19
f 2518/443/35 2570/460/1 2575/462/18
f 2574/595/19 2537/583/29 2519/585/34
f 1512/1220/185 466/623/99 461/622/97
f 2577/455/12 2549/448/31 2544/450/24
f 2568/610/33 2580/612/28 2526/614/22
f 2543/601/25 2582/603/8 2581/605/9
f 2584/456/6 2581/1169/9 2583/1170/7
f 1517/1221/188 454/628/94 2585/1222/238
f 2586/1209/2 2578/1223/10 2584/1207/6
f 453/628/65 463/621/65 465/623/65
f 2583/604/7 2589/606/20 2588/608/21
f 2591/462/18 2588/1178/21 2590/1179/19
f 2531/466/35 2587/460/1 2591/462/18
f 2590/607/19 2555/597/29 2532/599/34
f 2576/625/239 1516/630/187 2585/632/238
f 2592/455/12 2560/448/31 2524/450/24
f 425/646/65 435/639/65 437/641/65
f 2523/613/25 2595/615/8 2594/617/9
f 2597/456/6 2594/1169/9 2596/1170/7
f 1536/1224/185 438/641/99 433/640/97
f 2599/1214/2 2593/1225/10 2597/1212/6
f 2602/666/24 2604/1226/22 2601/1227/25
f 2596/616/7 2606/618/20 2605/620/21
f 2607/1179/19 2599/461/2 2605/1178/21
f 2566/466/35 2600/460/1 2608/462/18
f 2607/619/19 2579/609/29 2567/611/34
f 2610/1228/34 2612/660/32 2609/659/35
f 458/1229/90 449/454/90 455/448/90
f 2598/643/239 1540/648/187 2571/650/238
f 1517/631/188 1522/633/189 1524/635/190
f 452/628/93 1524/1221/190 2613/1222/240
f 2615/666/24 2617/1226/22 2614/1227/25
f 439/623/56 448/627/56 451/628/56
f 2616/1230/23 2619/1231/30 2612/1232/32
f 2613/634/240 1528/636/191 2620/638/241
f 1529/1220/192 440/623/86 2620/1233/241
f 460/1234/87 441/460/87 444/1235/87
f 1512/626/185 1528/636/191 1510/624/184
f 2617/669/22 2621/661/29 2622/667/28
f 418/1236/90 427/664/90 430/1237/90
f 2603/1238/23 2625/1239/30 2623/1240/32
f 1548/654/190 1540/648/187 1546/652/189
f 424/646/93 1548/1216/190 2626/1217/240
f 2628/1228/34 2623/660/32 2627/659/35
f 411/641/56 420/645/56 423/646/56
f 2631/717/24 2633/1241/22 2630/1242/25
f 2626/653/240 1552/655/191 2634/657/241
f 1553/1224/192 412/641/86 2634/1243/241
f 432/1244/87 413/676/87 416/1245/87
f 1553/656/192 1534/642/184 1536/644/185
f 2636/1228/34 2638/660/32 2635/659/35
f 2639/671/12 2618/664/31 2615/666/24
f 2604/687/22 2641/682/29 2642/685/28
f 2614/668/25 2644/673/8 2643/675/9
f 2646/672/6 2643/1246/9 2645/1247/7
f 2647/1248/25 2649/698/23 2650/1249/22
f 2651/1232/2 2640/1250/10 2646/1230/6
f 2649/698/23 2654/1251/30 2638/1252/32
f 2645/674/7 2656/679/20 2655/681/21
f 2658/678/18 2655/1029/21 2657/1246/19
f 2609/659/35 2652/676/1 2658/678/18
f 2657/680/19 2621/661/29 2610/663/34
f 2650/702/22 2659/694/29 2660/700/28
f 2661/671/12 2624/664/31 2602/666/24
f 2632/716/23 2665/709/30 2663/711/32
f 2601/686/25 2667/688/8 2666/690/9
f 2669/672/6 2666/1246/9 2668/1247/7
f 2671/1253/34 2663/711/32 2670/710/35
f 2673/1240/2 2662/1254/10 2669/1238/6
f 2676/666/24 2678/1226/22 2675/1227/25
f 2668/689/7 2680/691/20 2679/693/21
f 2682/678/18 2679/1029/21 2681/1246/19
f 2627/659/35 2674/676/1 2682/678/18
f 2681/692/19 2641/682/29 2628/684/34
f 2684/1228/34 2686/660/32 2683/659/35
f 2687/671/12 2653/664/31 2648/666/24
f 2672/713/33 2690/718/28 2633/720/22
f 2647/701/25 2692/703/8 2691/705/9
f 2694/1255/6 2691/1256/9 2693/1249/7
f 2696/1257/24 2698/1258/22 2695/1259/25
f 2694/1255/6 2700/1251/1 2688/1260/10
f 2697/1261/23 2702/1262/30 2686/1263/32
f 2693/704/7 2704/706/20 2703/708/21
f 2706/678/18 2703/1029/21 2705/1246/19
f 2635/659/35 2700/676/1 2706/678/18
f 2705/707/19 2659/694/29 2636/696/34
f 2685/728/33 2708/730/28 2698/732/22
f 2709/671/12 2664/664/31 2631/666/24
f 2677/1264/23 2713/739/30 2711/741/32
f 2630/719/25 2715/721/8 2714/723/9
f 2717/672/6 2714/1246/9 2716/1247/7
f 2719/1265/34 2711/741/32 2718/740/35
f 2721/1266/2 2710/715/10 2717/1267/6
f 2724/777/24 2726/1268/22 2723/1269/25
f 2727/726/21 2715/721/8 2728/724/20
f 2730/678/18 2727/1029/21 2729/1246/19
f 2670/1270/35 2722/676/1 2730/678/18
f 2671/714/34 2728/724/20 2689/712/29
f 2732/1228/34 2734/660/32 2731/659/35
f 2735/671/12 2701/664/31 2696/666/24
f 2720/743/33 2738/745/28 2678/747/22
f 2695/731/25 2740/733/8 2739/735/9
f 2742/672/6 2739/1246/9 2741/1247/7
f 2744/759/24 2746/1271/22 2743/1272/25
f 2747/1273/2 2736/1274/10 2742/1275/6
f 2745/758/23 2750/1276/30 2734/1277/32
f 2741/734/7 2752/736/20 2751/738/21
f 2754/678/18 2751/1029/21 2753/1246/19
f 2683/659/35 2748/676/1 2754/678/18
f 2753/737/19 2707/727/29 2684/729/34
f 2746/762/22 2755/754/29 2756/760/28
f 2757/671/12 2712/664/31 2676/666/24
f 2759/771/32 2760/775/31 2761/769/30
f 2675/746/25 2763/748/8 2762/750/9
f 2765/672/6 2762/1246/9 2764/1247/7
f 2767/1278/34 2759/771/32 2766/770/35
f 2769/1279/2 2758/1280/10 2765/1281/6
f 2772/666/24 2774/1226/22 2771/1227/25
f 2764/749/7 2776/751/20 2775/753/21
f 2778/678/18 2775/1029/21 2777/1246/19
f 2778/678/18 2713/658/30 2770/676/1
f 2777/752/19 2737/742/29 2719/744/34
f 2780/1228/34 2782/660/32 2779/659/35
f 2783/671/12 2749/664/31 2744/666/24
f 2768/773/33 2786/778/28 2726/780/22
f 2787/765/9 2756/760/28 2788/763/8
f 2790/1282/6 2787/1283/9 2789/1271/7
f 2791/1227/25 2793/665/23 2794/1226/22
f 2795/1277/2 2784/1284/10 2790/1282/6
f 2793/1285/23 2798/1286/30 2782/1287/32
f 2789/764/7 2800/766/20 2799/768/21
f 2802/678/18 2799/1029/21 2801/1246/19
f 2802/678/18 2750/658/30 2796/676/1
f 2801/767/19 2755/754/29 2732/756/34
f 2794/792/22 2803/787/29 2804/790/28
f 2805/671/12 2760/664/31 2724/666/24
f 2773/1288/23 2809/1289/30 2807/1290/32
f 2723/779/25 2811/781/8 2810/783/9
f 2812/1268/7 2805/777/12 2810/1291/9
f 2814/659/35 2816/1292/33 2807/660/32
f 2817/771/2 2806/775/10 2813/776/6
f 2819/1293/242 2821/840/244 2822/1294/245
f 2823/786/21 2811/781/8 2824/784/20
f 2826/678/18 2823/1029/21 2825/1246/19
f 2766/1270/35 2818/676/1 2826/678/18
f 2825/785/19 2785/772/29 2767/774/34
f 1800/1295/196 410/813/85 405/812/83
f 2828/671/12 2797/664/31 2792/666/24
f 2774/804/22 2830/799/29 2831/802/28
f 2791/791/25 2833/793/8 2832/795/9
f 2835/672/6 2832/1246/9 2834/1247/7
f 1805/1296/199 398/818/80 2836/1297/247
f 2837/1287/2 2829/1298/10 2835/1285/6
f 397/818/65 407/811/65 409/813/65
f 2834/794/7 2840/796/20 2839/798/21
f 2842/678/18 2839/1029/21 2841/1246/19
f 2779/659/35 2838/676/1 2842/678/18
f 2841/797/19 2803/787/29 2780/789/34
f 2827/815/246 1804/820/198 2836/822/247
f 2843/671/12 2808/664/31 2772/666/24
f 2821/840/244 2847/833/250 2845/835/248
f 2771/803/25 2849/805/8 2848/807/9
f 2851/672/6 2848/1246/9 2850/1247/7
f 2853/1299/252 2845/835/248 2852/834/251
f 2855/1290/2 2844/1300/10 2851/1288/6
f 2857/1301/242 2859/878/244 2860/1302/245
f 2850/806/7 2862/808/20 2861/810/21
f 2864/678/18 2861/1029/21 2863/1246/19
f 2814/659/35 2856/676/1 2864/678/18
f 2863/809/19 2830/799/29 2815/801/34
f 2866/1303/254 2868/854/248 2865/853/251
f 390/1304/76 399/664/76 402/1305/76
f 2854/837/253 2870/842/256 2822/844/245
f 1805/821/199 1810/825/200 1812/827/201
f 396/824/79 1812/1296/201 2871/1297/257
f 2872/1306/258 2874/859/244 2875/1307/245
f 383/828/56 392/817/56 395/824/56
f 2874/859/244 2877/852/250 2868/854/248
f 2871/826/257 1816/830/202 2878/832/259
f 1817/1308/203 384/828/72 2878/1309/259
f 388/1304/73 406/658/73 385/676/73
f 1817/831/203 1798/814/195 1800/816/196
f 2867/856/253 2880/861/256 2875/863/245
f 2881/1310/260 2846/1036/249 2820/1311/243
f 2859/878/244 2885/871/250 2883/873/248
f 2886/848/262 2870/842/256 2887/846/263
f 2889/840/265 2886/1312/262 2888/1294/264
f 2891/1313/266 2883/873/248 2890/872/251
f 2893/835/267 2882/839/261 2889/840/265
f 2895/1314/242 2897/918/244 2898/1315/245
f 2888/847/264 2900/849/270 2899/851/269
f 2901/1299/271 2893/835/267 2899/1316/269
f 2852/1317/251 2894/1024/268 2902/1318/272
f 2901/850/271 2869/836/255 2853/838/252
f 1896/1319/208 382/891/71 377/890/69
f 2904/1310/260 2876/1036/249 2873/1311/243
f 2892/875/253 2907/880/256 2860/882/245
f 2872/862/258 2909/864/263 2908/866/274
f 2911/859/265 2908/1320/274 2910/1321/264
f 1901/1322/211 370/896/66 2912/1323/275
f 2911/859/265 2914/852/268 2905/858/261
f 369/896/65 379/889/65 381/891/65
f 2910/865/264 2916/868/270 2915/870/269
f 2917/1324/276 2913/854/267 2915/1325/269
f 2865/1317/251 2914/1024/268 2918/1318/272
f 2866/857/254 2916/868/270 2879/855/255
f 2903/893/273 1900/898/210 2912/900/275
f 2919/1310/260 2884/1036/249 2858/1311/243
f 2897/918/244 2923/911/250 2921/913/248
f 2924/885/277 2907/880/256 2925/883/263
f 2927/878/265 2924/1326/277 2926/1327/264
f 2929/1328/266 2921/913/248 2928/912/251
f 2931/873/267 2920/877/261 2927/878/265
f 2933/1329/278 2935/954/244 2936/1330/245
f 2926/884/264 2938/886/270 2937/888/269
f 2939/1331/279 2931/873/267 2937/1332/269
f 2890/1317/251 2932/1024/268 2940/1318/272
f 2891/876/266 2938/886/270 2906/874/255
f 2942/1333/266 2944/931/248 2941/930/251
f 362/1334/61 371/1036/61 374/1335/61
f 2930/915/253 2946/920/256 2898/922/245
f 1901/899/211 1906/904/212 1908/906/213
f 368/903/64 1908/1336/213 2947/1337/280
f 2948/1338/242 2950/936/244 2951/1339/245
f 355/907/56 364/901/56 367/903/56
f 2950/936/244 2953/929/250 2944/931/248
f 2947/905/280 1912/908/214 2954/910/281
f 1913/1340/215 356/907/57 2954/1341/281
f 376/1342/58 357/1024/58 360/1343/58
f 1913/909/215 1894/892/207 1896/894/208
f 2943/933/253 2956/938/256 2951/940/245
f 2957/1310/260 2922/1036/249 2896/1311/243
f 2959/949/248 2960/953/249 2961/947/250
f 2962/925/277 2946/920/256 2963/923/263
f 2965/918/265 2962/1344/277 2964/1345/264
f 2967/1346/282 2959/949/248 2966/948/251
f 2965/918/265 2970/911/268 2958/917/261
f 2964/924/264 2972/926/270 2971/928/269
f 2973/1347/279 2969/913/267 2971/1348/269
f 2928/1317/251 2970/1024/268 2974/1318/272
f 2929/916/266 2972/926/270 2945/914/255
f 2976/1349/252 2978/968/248 2975/967/251
f 2979/1310/260 2952/1036/249 2949/1311/243
f 2968/951/253 2982/956/256 2936/958/245
f 2983/943/277 2956/938/256 2984/941/263
f 2986/936/265 2983/1350/277 2985/1351/264
f 2987/1352/258 2989/973/244 2990/1353/245
f 2991/931/267 2980/935/261 2986/936/265
f 2989/973/244 2994/966/250 2978/968/248
f 2985/942/264 2996/944/270 2995/946/269
f 2997/1354/279 2991/931/267 2995/1355/269
f 2941/1317/251 2992/1024/268 2998/1318/272
f 2942/934/266 2996/944/270 2955/932/255
f 2977/970/253 3000/975/256 2990/977/245
f 3001/1310/260 2960/1036/249 2934/1311/243
f 522/10/141 335/1356/46 332/1357/43
f 3004/962/262 2982/956/256 3005/960/263
f 3007/954/265 3004/1358/262 3006/1330/264
f 3008/949/267 3002/953/261 3007/954/265
f 327/1359/38 524/11/143 329/1360/40
f 3006/961/264 3011/963/270 3010/965/269
f 3012/1361/271 3008/949/267 3010/1362/269
f 2966/1317/251 3009/1024/268 3013/1318/272
f 3012/964/271 2981/950/255 2967/952/282
f 500/1356/124 504/986/128 535/1357/146
f 3014/1310/260 2993/1036/249 2988/1311/243
f 2987/976/258 3017/978/263 3016/980/284
f 3019/973/265 3016/1352/284 3018/1353/264
f 328/20/39 512/9/136 511/8/135
f 3020/968/267 3015/972/261 3019/973/265
f 3018/979/264 3023/982/270 3022/984/269
f 3024/1363/271 3020/968/267 3022/1364/269
f 2975/1317/251 3021/1024/268 3025/1318/272
f 3024/983/271 2999/969/255 2976/971/252
f 511/8/135 516/1/138 15/4/15
f 508/995/132 504/986/128 18/989/17
f 520/1365/11 11/18/11 518/23/11
f 513/7/131 519/1/131 526/13/131
f 511/8/135 540/25/138 530/20/138
f 534/1366/132 504/986/128 529/1367/132
f 512/1368/136 3003/1369/283 524/1370/143
f 514/1371/137 523/1372/142 524/1370/143
f 527/992/144 517/993/139 523/1373/142
f 546/1357/140 538/1360/140 525/12/140
f 542/998/11 531/18/11 539/23/11
f 536/7/131 541/25/131 545/13/131
f 553/1374/138 565/1375/138 547/1376/138
f 551/1377/150 554/1002/150 549/1004/150
f 569/1008/149 548/29/149 567/48/149
f 550/31/131 562/43/131 556/37/131
f 557/1000/151 560/41/151 555/36/151
f 563/1378/152 566/1004/152 561/1002/152
f 589/1379/138 577/1380/138 583/1381/138
f 575/1382/150 578/1005/150 573/1007/150
f 593/1008/149 572/29/149 591/48/149
f 574/52/131 586/58/131 580/55/131
f 581/1000/151 584/41/151 579/36/151
f 587/1383/152 590/1007/152 585/1005/152
f 613/1384/138 601/1385/138 607/1386/138
f 597/1010/150 606/1387/150 602/1019/150
f 617/1008/149 596/29/149 615/48/149
f 598/64/131 610/70/131 604/67/131
f 605/1000/151 608/41/151 603/36/151
f 611/1387/152 614/1010/152 609/1019/152
f 625/1388/138 637/1389/138 619/1390/138
f 623/1391/150 626/1015/150 621/1017/150
f 641/1008/149 620/29/149 639/48/149
f 628/79/131 640/85/131 634/82/131
f 629/1000/151 632/41/151 627/36/151
f 635/1392/152 638/1017/152 633/1015/152
f 655/1393/138 643/1394/138 649/1395/138
f 647/1396/150 650/1020/150 645/1022/150
f 665/1008/149 644/29/149 663/48/149
f 646/88/131 658/94/131 652/91/131
f 653/1000/151 656/41/151 651/36/151
f 659/1397/152 662/1022/152 657/1030/152
f 673/1398/138 685/1399/138 667/1400/138
f 671/1401/150 674/1023/150 669/1025/150
f 689/1008/149 668/29/149 687/48/149
f 676/103/131 688/109/131 682/106/131
f 677/1000/151 680/41/151 675/36/151
f 683/1034/152 686/1402/152 681/1032/152
f 709/1403/138 697/1404/138 703/1405/138
f 695/1246/150 698/1270/150 693/678/150
f 713/1008/149 692/29/149 711/48/149
f 700/115/131 712/121/131 706/118/131
f 701/1000/151 704/41/151 699/36/151
f 707/1227/152 710/671/152 705/666/152
f 721/1406/138 733/1407/138 715/1408/138
f 719/1179/150 722/443/150 717/462/150
f 737/1008/149 716/29/149 735/48/149
f 724/127/131 736/133/131 730/130/131
f 725/1000/151 728/41/151 723/36/151
f 731/1145/152 734/1037/152 729/450/152
f 751/1409/138 739/1410/138 745/1411/138
f 743/1092/150 746/233/150 741/264/150
f 759/48/149 744/1000/149 740/29/149
f 748/139/131 760/145/131 754/142/131
f 749/1000/151 752/41/151 747/36/151
f 755/1039/152 758/397/152 753/240/152
f 769/1412/138 781/1413/138 763/1414/138
f 767/1008/150 770/29/150 765/48/150
f 785/1008/149 764/29/149 783/48/149
f 772/151/131 784/157/131 778/154/131
f 773/1000/151 776/41/151 771/36/151
f 779/1000/152 782/41/152 777/36/152
f 799/1415/138 787/1416/138 793/1417/138
f 791/1418/150 794/1049/150 789/1040/150
f 809/1008/149 788/29/149 807/48/149
f 790/160/131 802/166/131 796/163/131
f 797/1000/151 800/41/151 795/36/151
f 803/1419/152 806/1048/152 801/1049/152
f 817/1420/138 829/1421/138 811/1422/138
f 815/1423/150 818/1043/150 813/1045/150
f 833/1008/149 812/29/149 831/48/149
f 820/175/131 832/181/131 826/178/131
f 821/1000/151 824/41/151 819/36/151
f 827/1424/152 830/1045/152 825/1043/152
f 853/1425/138 841/1426/138 847/1427/138
f 839/1428/150 842/1050/150 837/1052/150
f 857/1008/149 836/29/149 855/48/149
f 838/184/131 850/190/131 844/187/131
f 845/1000/151 848/41/151 843/36/151
f 851/1429/152 854/1052/152 849/1050/152
f 859/1430/138 871/1431/138 877/1432/138
f 863/1064/150 866/203/150 861/198/150
f 881/1433/162 860/1065/153 879/1066/153
f 868/205/157 880/211/161 874/208/159
f 869/1434/158 872/1059/156 867/1060/156
f 875/1047/152 878/198/152 873/203/152
f 901/1435/138 889/1436/138 895/1437/138
f 885/216/150 894/1057/150 890/221/150
f 905/1438/172 884/1076/163 903/1077/163
f 892/223/167 904/229/171 898/226/169
f 893/1439/168 896/1067/166 891/1068/166
f 897/221/152 906/1075/152 902/216/152
f 913/1440/138 925/1441/138 907/1442/138
f 911/1085/150 914/1083/150 909/1061/150
f 929/1092/149 908/233/149 927/245/149
f 922/247/131 910/235/131 928/252/131
f 917/1039/151 920/245/151 915/240/151
f 923/1443/152 926/1061/152 921/1083/152
f 943/1444/138 931/1445/138 937/1446/138
f 935/1447/150 938/1071/150 933/1073/150
f 953/1092/149 932/233/149 951/264/149
f 934/255/131 946/261/131 940/258/131
f 941/1039/151 944/245/151 939/240/151
f 947/1448/152 950/1073/152 945/1071/152
f 961/1449/138 973/1450/138 955/1451/138
f 959/1452/150 962/1078/150 957/1080/150
f 977/1092/149 956/233/149 975/264/149
f 970/274/131 958/268/131 976/277/131
f 965/1039/151 968/245/151 963/240/151
f 971/1453/152 974/1080/152 969/1078/152
f 997/1454/138 985/1455/138 991/1456/138
f 983/1457/150 986/1088/150 981/1090/150
f 1001/1092/149 980/233/149 999/264/149
f 982/280/131 994/289/131 988/283/131
f 989/1039/151 992/397/151 987/240/151
f 995/1099/152 998/1090/152 993/288/152
f 1009/1458/138 1021/1459/138 1003/1460/138
f 1007/1108/150 1010/1093/150 1005/305/150
f 1025/1092/149 1004/233/149 1023/264/149
f 1012/298/131 1024/307/131 1018/301/131
f 1011/240/151 1020/1081/151 1016/245/151
f 1019/1461/152 1022/305/152 1017/1107/152
f 1045/1462/138 1033/1463/138 1039/1464/138
f 1031/1465/150 1034/1100/150 1029/1102/150
f 1049/1092/149 1028/233/149 1047/264/149
f 1036/313/131 1048/322/131 1042/319/131
f 1035/240/151 1044/1081/151 1040/245/151
f 1043/1111/152 1046/1112/152 1041/318/152
f 1057/1466/138 1069/1467/138 1051/1468/138
f 1053/1105/150 1062/1469/150 1058/1103/150
f 1073/1092/149 1052/233/149 1071/264/149
f 1060/328/131 1072/334/131 1066/331/131
f 1061/1039/151 1064/245/151 1059/240/151
f 1065/1121/152 1074/1470/152 1070/1119/152
f 1093/1471/138 1081/1472/138 1087/1473/138
f 1079/1474/150 1082/345/150 1077/1114/150
f 1097/1092/149 1076/233/149 1095/264/149
f 1078/337/131 1090/346/131 1084/340/131
f 1085/1039/151 1088/397/151 1083/240/151
f 1091/1123/152 1094/1475/152 1089/345/152
f 1099/1476/138 1111/1477/138 1117/1478/138
f 1101/1115/150 1110/1479/150 1106/1131/150
f 1121/1092/149 1100/233/149 1119/264/149
f 1108/355/131 1120/364/131 1114/358/131
f 1109/1039/151 1112/245/151 1107/240/151
f 1115/1479/152 1118/362/152 1113/1131/152
f 1135/1480/138 1123/1481/138 1129/1482/138
f 1127/1483/150 1130/1125/150 1125/1127/150
f 1145/1092/149 1124/233/149 1143/264/149
f 1126/367/131 1138/373/131 1132/370/131
f 1133/1039/151 1136/245/151 1131/240/151
f 1139/1484/152 1142/1127/152 1137/1125/152
f 1153/1485/138 1165/1486/138 1147/1487/138
f 1151/1488/150 1154/1128/150 1149/1130/150
f 1169/1092/149 1148/233/149 1167/264/149
f 1162/385/131 1150/379/131 1168/388/131
f 1157/1039/151 1160/245/151 1155/240/151
f 1163/1489/152 1166/1130/152 1161/1128/152
f 1183/1490/138 1171/1491/138 1177/1492/138
f 1175/1493/150 1178/1149/150 1173/1139/150
f 1193/1092/149 1172/233/149 1191/264/149
f 1174/391/131 1186/398/131 1180/394/131
f 1181/1039/151 1184/397/151 1179/240/151
f 1187/1136/152 1190/1139/152 1185/1149/152
f 1201/1494/138 1213/1495/138 1195/1496/138
f 1197/406/150 1206/1133/150 1202/411/150
f 1217/1438/172 1196/1076/163 1215/1077/163
f 1204/413/167 1216/419/171 1210/416/169
f 1205/1439/168 1208/1067/166 1203/1068/166
f 1209/411/152 1218/1157/152 1214/406/152
f 1237/1497/138 1225/1498/138 1231/1499/138
f 1223/1163/150 1226/429/150 1221/424/150
f 1241/1500/182 1220/1164/173 1239/1165/173
f 1222/425/174 1234/435/179 1228/431/177
f 1229/1501/178 1232/1158/176 1227/1159/176
f 1235/1148/152 1238/424/152 1233/429/152
f 1249/1502/138 1261/1503/138 1243/1504/138
f 1247/1173/150 1250/1150/150 1245/1152/150
f 1265/1179/149 1244/443/149 1263/462/149
f 1258/457/131 1246/445/131 1264/463/131
f 1251/450/151 1260/1169/151 1256/455/151
f 1259/1505/152 1262/1152/152 1257/1150/152
f 1285/1506/138 1273/1507/138 1279/1508/138
f 1271/1509/150 1274/1160/150 1269/1162/150
f 1287/462/149 1272/1155/149 1268/466/149
f 1270/467/131 1282/473/131 1276/470/131
f 1277/1145/151 1280/455/151 1275/450/151
f 1283/1510/152 1286/1162/152 1281/1160/152
f 1297/1511/138 1309/1512/138 1291/1513/138
f 1295/1514/150 1298/1166/150 1293/1168/150
f 1313/1179/149 1292/466/149 1311/462/149
f 1306/485/131 1294/479/131 1312/488/131
f 1299/450/151 1308/1169/151 1304/455/151
f 1307/1515/152 1310/1168/152 1305/1166/152
f 1333/1516/138 1321/1517/138 1327/1518/138
f 1319/1187/150 1322/498/150 1317/493/150
f 1337/1179/149 1316/466/149 1335/462/149
f 1318/494/131 1330/505/131 1324/500/131
f 1325/1145/151 1328/1037/151 1323/450/151
f 1331/1175/152 1334/493/152 1329/498/152
f 1345/1519/138 1357/1520/138 1339/1521/138
f 1343/1193/150 1346/1192/150 1341/513/150
f 1361/1179/149 1340/443/149 1359/462/149
f 1354/520/131 1342/514/131 1360/526/131
f 1349/1145/151 1352/455/151 1347/450/151
f 1355/1522/152 1358/524/152 1353/1192/152
f 1381/1523/138 1369/1524/138 1375/1525/138
f 1367/1526/150 1370/1184/150 1365/1186/150
f 1385/1179/149 1364/443/149 1383/462/149
f 1366/529/131 1378/538/131 1372/532/131
f 1371/450/151 1380/1169/151 1376/455/151
f 1379/1527/152 1382/1200/152 1377/537/152
f 1393/1528/138 1405/1529/138 1387/1530/138
f 1391/1531/150 1394/1189/150 1389/546/150
f 1409/1179/149 1388/466/149 1407/462/149
f 1396/550/131 1408/556/131 1402/553/131
f 1397/1145/151 1400/455/151 1395/450/151
f 1403/1532/152 1406/1203/152 1401/1205/152
f 1423/1533/138 1411/1534/138 1417/1535/138
f 1415/1210/150 1418/563/150 1413/1196/150
f 1433/1179/149 1412/443/149 1431/462/149
f 1414/559/131 1426/571/131 1420/565/131
f 1421/1145/151 1424/1037/151 1419/450/151
f 1427/1198/152 1430/575/152 1425/570/152
f 1435/1536/138 1447/1537/138 1453/1538/138
f 1437/582/150 1446/1539/150 1442/1215/150
f 1457/1179/149 1436/443/149 1455/462/149
f 1450/589/131 1438/583/131 1456/594/131
f 1443/450/151 1452/1169/151 1448/455/151
f 1451/1539/152 1454/593/152 1449/1215/152
f 1477/1540/138 1465/1541/138 1471/1542/138
f 1463/1543/150 1466/1207/150 1461/1209/150
f 1479/462/149 1464/1155/149 1460/466/149
f 1462/597/131 1474/603/131 1468/600/131
f 1467/450/151 1476/1169/151 1472/455/151
f 1475/1544/152 1478/1209/152 1473/1207/152
f 1489/1545/138 1501/1546/138 1483/1547/138
f 1487/1548/150 1490/1212/150 1485/1214/150
f 1505/1179/149 1484/466/149 1503/462/149
f 1498/615/131 1486/609/131 1504/618/131
f 1493/1145/151 1496/455/151 1491/450/151
f 1499/1549/152 1502/1214/152 1497/1212/152
f 1519/1550/138 1507/1551/138 1513/1552/138
f 1511/1233/150 1514/628/150 1509/623/150
f 1529/1553/192 1508/1234/183 1527/1235/183
f 1516/630/187 1528/636/191 1522/633/189
f 1515/1229/186 1524/1554/190 1520/1555/186
f 1521/628/152 1530/1233/152 1526/623/152
f 1531/1556/138 1543/1557/138 1549/1558/138
f 1533/641/150 1542/1217/150 1538/646/150
f 1551/1245/183 1536/1559/185 1532/1244/183
f 1546/652/189 1534/642/184 1552/655/191
f 1539/1237/186 1548/1560/190 1544/1236/186
f 1547/1217/152 1550/641/152 1545/646/152
f 1573/1561/138 1561/1562/138 1567/1563/138
f 1559/1564/150 1562/1230/150 1557/1232/150
f 1577/1246/149 1556/659/149 1575/678/149
f 1558/661/131 1570/673/131 1564/667/131
f 1565/1227/151 1568/671/151 1563/666/151
f 1571/1565/152 1574/1232/152 1569/1230/152
f 1579/1566/138 1591/1567/138 1597/1568/138
f 1583/1569/150 1586/1238/150 1581/1240/150
f 1601/1246/149 1580/659/149 1599/678/149
f 1594/688/131 1582/682/131 1600/691/131
f 1589/1227/151 1592/671/151 1587/666/151
f 1595/1570/152 1598/1240/152 1593/1238/152
f 1615/1571/138 1603/1572/138 1609/1573/138
f 1607/1574/150 1610/698/150 1605/1252/150
f 1625/1246/149 1604/659/149 1623/678/149
f 1606/694/131 1618/703/131 1612/700/131
f 1613/1227/151 1616/671/151 1611/666/151
f 1617/1255/152 1626/1574/152 1622/1252/152
f 1633/1575/138 1645/1576/138 1627/1577/138
f 1631/1578/150 1634/716/150 1629/711/150
f 1649/1246/149 1628/1270/149 1647/678/149
f 1642/721/131 1630/712/131 1648/724/131
f 1637/1227/151 1640/671/151 1635/666/151
f 1643/1241/152 1646/1266/152 1641/1267/152
f 1669/1579/138 1657/1580/138 1663/1581/138
f 1653/1263/150 1662/1258/150 1658/1261/150
f 1671/678/149 1656/1228/149 1652/659/149
f 1654/727/131 1666/733/131 1660/730/131
f 1661/1227/151 1664/671/151 1659/666/151
f 1667/1582/152 1670/1273/152 1665/1275/152
f 1681/1583/138 1693/1584/138 1675/1585/138
f 1679/1586/150 1682/1264/150 1677/741/150
f 1695/678/149 1680/1228/149 1676/659/149
f 1684/745/131 1696/751/131 1690/748/131
f 1685/1227/151 1688/671/151 1683/666/151
f 1691/1587/152 1694/1279/152 1689/1281/152
f 1717/1588/138 1705/1589/138 1711/1590/138
f 1703/1591/150 1706/758/150 1701/1277/150
f 1721/1246/149 1700/659/149 1719/678/149
f 1702/754/131 1714/763/131 1708/760/131
f 1709/1227/151 1712/671/151 1707/666/151
f 1715/1271/152 1718/1277/152 1713/1282/152
f 1729/1592/138 1741/1593/138 1723/1594/138
f 1727/1595/150 1730/776/150 1725/771/150
f 1745/1246/149 1724/1270/149 1743/678/149
f 1738/781/131 1726/772/131 1744/784/131
f 1733/1227/151 1736/671/151 1731/666/151
f 1739/1268/152 1742/771/152 1737/776/152
f 1765/1596/138 1753/1597/138 1759/1598/138
f 1751/1599/150 1754/1285/150 1749/1287/150
f 1767/678/149 1752/1228/149 1748/659/149
f 1750/787/131 1762/793/131 1756/790/131
f 1757/1227/151 1760/671/151 1755/666/151
f 1763/1600/152 1766/1287/152 1761/1285/152
f 1771/1601/138 1783/1602/138 1789/1603/138
f 1775/1604/150 1778/1288/150 1773/1290/150
f 1793/1246/149 1772/659/149 1791/678/149
f 1786/805/131 1774/799/131 1792/808/131
f 1781/1227/151 1784/671/151 1779/666/151
f 1787/1605/152 1790/1290/152 1785/1288/152
f 1813/1606/138 1801/1607/138 1807/1608/138
f 1799/1309/150 1802/818/150 1797/813/150
f 1815/1304/194 1800/1609/196 1796/1610/194
f 1804/820/198 1816/830/202 1810/825/200
f 1805/1611/199 1808/1304/197 1803/1305/197
f 1811/1297/152 1814/828/152 1809/824/152
f 1825/1612/138 1837/1613/138 1819/1614/138
f 1823/1316/150 1826/840/150 1821/835/150
f 1841/1615/204 1820/1317/204 1839/1318/204
f 1828/842/131 1840/849/131 1834/846/131
f 1829/1616/205 1832/1310/205 1827/1311/205
f 1835/1294/152 1838/835/152 1833/840/152
f 1861/1617/138 1849/1618/138 1855/1619/138
f 1847/1325/150 1850/859/150 1845/854/150
f 1865/1615/204 1844/1317/204 1863/1318/204
f 1852/861/131 1864/868/131 1858/864/131
f 1853/1616/205 1856/1310/205 1851/1311/205
f 1857/859/152 1866/1325/152 1862/854/152
f 1873/1620/138 1885/1621/138 1867/1622/138
f 1869/873/150 1878/1302/150 1874/878/150
f 1889/1615/204 1868/1317/204 1887/1318/204
f 1876/880/131 1888/886/131 1882/883/131
f 1877/1616/205 1880/1310/205 1875/1311/205
f 1881/878/152 1890/1332/152 1886/873/152
f 1909/1623/138 1897/1624/138 1903/1625/138
f 1895/1626/150 1898/896/150 1893/891/150
f 1911/1343/206 1896/1627/208 1892/1342/206
f 1900/898/210 1912/908/214 1906/904/212
f 1899/1335/209 1908/1628/213 1904/1334/209
f 1907/1337/152 1910/907/152 1905/903/152
f 1921/1629/138 1933/1630/138 1915/1631/138
f 1919/1632/150 1922/918/150 1917/913/150
f 1937/1615/204 1916/1317/204 1935/1318/204
f 1924/920/131 1936/926/131 1930/923/131
f 1925/1616/205 1928/1310/205 1923/1311/205
f 1929/918/152 1938/1348/152 1934/913/152
f 1957/1633/138 1945/1634/138 1951/1635/138
f 1941/931/150 1950/1339/150 1946/936/150
f 1961/1615/204 1940/1317/204 1959/1318/204
f 1948/938/131 1960/944/131 1954/941/131
f 1949/1616/205 1952/1310/205 1947/1311/205
f 1953/936/152 1962/1355/152 1958/931/152
f 1969/1636/138 1981/1637/138 1963/1638/138
f 1965/949/150 1974/1330/150 1970/954/150
f 1985/1615/204 1964/1317/204 1983/1318/204
f 1972/956/131 1984/963/131 1978/960/131
f 1973/1616/205 1976/1310/205 1971/1311/205
f 1979/1330/152 1982/949/152 1977/954/152
f 2005/1639/138 1993/1640/138 1999/1641/138
f 1991/1364/150 1994/973/150 1989/968/150
f 2009/1615/204 1988/1317/204 2007/1318/204
f 1990/969/131 2002/978/131 1996/975/131
f 1997/1616/205 2000/1310/205 1995/1311/205
f 2003/1353/152 2006/968/152 2001/973/152
f 522/10/141 523/1373/142 524/11/143
f 505/985/129 18/989/17 504/986/128
f 352/988/51 351/995/50 510/989/134
f 349/7/48 503/9/127 351/6/50
f 348/991/54 511/1642/135 512/986/136
f 347/13/47 346/15/53 348/8/54
f 527/992/144 523/1373/142 522/10/141
f 524/11/143 523/1373/142 517/993/139
f 345/1/45 344/3/44 527/14/144
f 342/994/41 517/993/139 344/995/44
f 354/1/55 342/2/41 353/5/52
f 350/4/49 352/5/51 343/2/42
f 340/996/51 339/1643/50 502/16/126
f 337/7/48 499/9/123 339/21/50
f 336/13/47 335/15/46 501/8/125
f 334/25/45 333/27/44 332/14/43
f 330/23/41 329/22/40 333/997/44
f 327/24/38 330/23/41 341/18/52
f 338/20/49 340/19/51 331/26/42
f 325/36/24 324/35/23 323/999/22
f 322/29/35 321/1000/34 320/1001/33
f 317/1002/23 316/1013/31 315/1003/30
f 313/36/24 312/35/23 311/999/22
f 324/1005/23 310/1018/31 309/1006/30
f 307/32/33 306/31/29 305/37/28
f 303/1000/34 307/1001/33 318/30/32
f 302/1000/25 301/36/24 317/35/23
f 320/53/33 300/52/29 299/55/28
f 298/41/12 297/40/10 316/34/31
f 295/1000/34 294/1001/33 293/30/32
f 302/38/25 305/37/28 291/43/8
f 289/42/6 298/41/12 292/1008/9
f 293/1010/32 288/1019/23 287/1011/31
f 285/1004/2 284/1003/1 297/1013/10
f 282/36/24 288/35/23 281/999/22
f 290/44/7 291/43/8 279/49/20
f 277/48/18 285/47/2 280/1014/21
f 304/29/35 315/28/30 284/46/1
f 278/50/19 279/49/20 306/31/29
f 294/65/33 276/64/29 275/67/28
f 274/41/12 273/40/10 310/34/31
f 312/1015/23 271/1028/31 270/1016/30
f 326/56/25 299/55/28 268/58/8
f 266/42/6 274/41/12 269/1008/9
f 264/1000/34 263/1001/33 272/30/32
f 262/1007/2 261/1006/1 273/1018/10
f 259/36/24 258/35/23 257/999/22
f 267/59/7 268/58/8 255/61/20
f 253/48/18 262/47/2 256/1014/21
f 322/29/35 309/28/30 261/46/1
f 321/54/34 254/62/19 255/61/20
f 251/1000/34 250/1001/33 249/30/32
f 248/41/12 247/40/10 287/34/31
f 263/77/33 246/76/29 245/79/28
f 283/68/25 275/67/28 243/70/8
f 241/42/6 248/41/12 244/1008/9
f 239/36/24 238/35/23 237/999/22
f 236/1010/2 235/1012/1 247/1011/10
f 238/1020/23 234/1644/31 233/1021/30
f 232/75/21 242/71/7 243/70/8
f 229/48/18 236/47/2 232/1014/21
f 296/29/35 286/28/30 235/46/1
f 230/74/19 231/73/20 276/64/29
f 250/89/33 228/88/29 227/91/28
f 226/41/12 225/40/10 271/34/31
f 258/1023/23 223/1645/31 222/1024/30
f 314/80/25 245/79/28 220/82/8
f 218/42/6 226/41/12 221/1008/9
f 216/1026/34 215/1401/33 224/1025/32
f 214/1017/2 213/1016/1 225/1028/10
f 211/36/24 210/35/23 209/999/22
f 219/83/7 220/82/8 207/85/20
f 205/48/18 214/47/2 208/1014/21
f 265/29/35 270/28/30 213/46/1
f 206/86/19 207/85/20 246/76/29
f 203/1029/34 202/1246/33 201/678/32
f 239/36/24 200/41/12 199/40/10
f 215/101/33 198/100/29 197/103/28
f 240/92/25 227/91/28 195/94/8
f 193/42/6 200/41/12 196/1008/9
f 191/36/24 190/35/23 189/999/22
f 193/1030/6 188/1022/2 187/1021/1
f 201/678/32 190/1270/23 186/658/31
f 194/95/7 195/94/8 183/97/20
f 181/48/18 188/47/2 184/1014/21
f 252/29/35 233/28/30 187/46/1
f 182/98/19 183/97/20 228/88/29
f 202/113/33 180/112/29 179/115/28
f 259/36/24 178/41/12 177/40/10
f 176/462/32 210/443/23 175/442/31
f 260/104/25 197/103/28 172/106/8
f 170/1032/6 178/1646/12 173/1033/9
f 168/1000/34 167/1001/33 176/30/32
f 170/1032/6 166/1402/2 165/1035/1
f 163/36/24 162/35/23 161/999/22
f 171/107/7 172/106/8 159/109/20
f 157/48/18 166/47/2 160/1014/21
f 217/29/35 222/28/30 165/46/1
f 158/110/19 159/109/20 198/100/29
f 155/1000/34 154/1001/33 153/30/32
f 152/41/12 151/40/10 186/34/31
f 167/125/33 150/124/29 149/127/28
f 192/116/25 179/115/28 147/118/8
f 145/42/6 152/41/12 148/1008/9
f 143/36/24 142/35/23 141/999/22
f 140/671/2 139/670/1 151/664/10
f 142/233/23 138/232/31 137/250/30
f 146/119/7 147/118/8 135/121/20
f 133/48/18 140/47/2 136/1014/21
f 204/29/35 185/28/30 139/46/1
f 203/114/34 134/122/19 135/121/20
f 154/137/33 132/136/29 131/139/28
f 130/41/12 129/40/10 175/34/31
f 162/29/23 127/28/31 126/46/30
f 212/128/25 149/127/28 124/130/8
f 122/42/6 130/41/12 125/1008/9
f 120/1014/34 119/1008/33 128/48/32
f 118/1037/2 117/454/1 129/448/10
f 115/36/24 114/35/23 113/999/22
f 123/131/7 124/130/8 111/133/20
f 109/48/18 118/47/2 112/1014/21
f 169/29/35 174/28/30 117/46/1
f 110/134/19 111/133/20 150/124/29
f 108/29/35 107/1000/34 106/1001/33
f 104/41/12 103/40/10 138/34/31
f 119/149/33 102/148/29 101/151/28
f 100/144/9 144/140/25 131/139/28
f 97/240/6 104/239/12 100/1038/9
f 95/36/24 94/35/23 93/999/22
f 97/240/6 92/397/2 91/244/1
f 105/1040/32 94/1049/23 90/1041/31
f 98/143/7 99/142/8 87/145/20
f 85/48/18 92/47/2 88/1014/21
f 156/29/35 137/28/30 91/46/1
f 86/146/19 87/145/20 132/136/29
f 106/161/33 84/160/29 83/163/28
f 82/41/12 81/40/10 127/34/31
f 114/1043/23 79/1054/31 78/1044/30
f 164/152/25 101/151/28 76/154/8
f 74/36/6 82/35/12 77/999/9
f 72/1000/34 71/1001/33 80/30/32
f 74/36/6 70/41/2 69/40/1
f 869/1046/158 494/204/119 68/203/37
f 75/155/7 76/154/8 65/157/20
f 63/48/18 70/47/2 66/1014/21
f 63/48/18 121/29/35 126/28/30
f 64/158/19 65/157/20 102/148/29
f 61/1000/34 60/1001/33 59/30/32
f 58/41/12 57/40/10 90/34/31
f 71/173/33 56/172/29 55/175/28
f 96/164/25 83/163/28 53/166/8
f 51/42/6 58/41/12 54/1008/9
f 49/36/24 48/35/23 47/999/22
f 46/1048/2 45/1647/1 57/1041/10
f 48/1050/23 44/1058/31 43/1051/30
f 42/171/21 52/167/7 53/166/8
f 39/48/18 46/47/2 42/1014/21
f 39/48/18 108/29/35 89/28/30
f 40/170/19 41/169/20 84/160/29
f 60/185/33 38/184/29 37/187/28
f 36/41/12 35/40/10 79/34/31
f 68/203/37 492/202/118 498/196/122
f 116/176/25 55/175/28 32/178/8
f 30/42/6 36/41/12 33/1008/9
f 864/1053/155 29/1064/26 34/198/27
f 28/1045/2 27/1044/1 35/1054/10
f 26/1039/25 25/240/24 24/239/23
f 22/183/21 31/179/7 32/178/8
f 19/48/18 28/47/2 22/1014/21
f 73/29/35 78/28/30 27/46/1
f 20/182/19 21/181/20 56/172/29
f 888/1055/165 14/1648/14 13/216/13
f 12/41/12 10/40/10 44/34/31
f 29/200/26 862/199/154 868/205/157
f 50/188/25 37/187/28 8/190/8
f 6/42/6 12/41/12 9/1008/9
f 893/1056/168 5/222/5 4/221/4
f 6/1050/6 2/1052/2 1/1051/1
f 4/221/4 2011/220/216 2012/214/217
f 7/191/7 8/190/8 2014/193/20
f 2016/48/18 2/47/2 2013/1014/21
f 62/29/35 43/28/30 1/46/1
f 2015/194/19 2014/193/20 38/184/29
f 14/218/14 886/217/164 892/223/167
f 487/1059/114 489/40/114 491/34/117
f 2017/1061/32 24/1083/23 2018/1062/31
f 869/206/158 868/205/157 874/208/159
f 2021/203/219 488/204/115 876/1046/160
f 2023/1039/34 2024/1649/33 2017/234/32
f 2025/198/220 484/196/112 490/202/116
f 2027/240/24 2028/239/23 2029/1038/22
f 2020/209/218 874/208/159 880/211/161
f 881/1053/162 486/197/113 2025/198/220
f 495/1065/120 497/28/120 483/46/111
f 881/212/162 880/211/161 862/199/154
f 2032/1039/34 2033/1649/33 2034/234/32
f 2035/1067/222 2036/244/223 2011/238/216
f 2024/236/33 2037/235/29 2038/241/28
f 893/224/168 892/223/167 898/226/169
f 2040/221/225 2035/222/222 900/1069/170
f 2042/240/24 2043/239/23 2044/1038/22
f 2045/216/226 2046/214/227 2036/220/223
f 2043/1071/23 2047/1087/31 2048/1072/30
f 2039/227/224 898/226/169 904/229/171
f 905/1074/172 2050/215/229 2045/216/226
f 16/1076/16 2012/232/217 2046/250/227
f 905/230/172 904/229/171 886/217/164
f 2033/256/33 2051/255/29 2052/258/28
f 2053/245/12 2054/244/10 2018/238/31
f 2028/1078/23 2056/1097/31 2057/1079/30
f 26/242/25 2038/241/28 2059/247/8
f 2061/246/6 2053/245/12 2058/1081/9
f 2063/1039/34 2064/1649/33 2055/234/32
f 2065/1061/2 2066/1063/1 2054/1062/10
f 2068/240/24 2069/239/23 2070/1038/22
f 2071/254/21 2060/248/7 2059/247/8
f 2074/1084/18 2065/1061/2 2071/1085/21
f 2022/233/35 2019/232/30 2066/250/1
f 2073/253/19 2072/252/20 2037/235/29
f 2076/1039/34 2077/1649/33 2078/234/32
f 2079/245/12 2080/244/10 2047/238/31
f 2064/269/33 2081/268/29 2082/271/28
f 2041/259/25 2052/258/28 2084/261/8
f 2086/246/6 2079/245/12 2083/1081/9
f 2088/240/24 2089/239/23 2090/1038/22
f 2091/1073/2 2092/1072/1 2080/1087/10
f 2089/1088/23 2093/286/31 2094/1089/30
f 2095/267/21 2085/262/7 2084/261/8
f 2098/264/18 2091/251/2 2095/1091/21
f 2031/233/35 2048/232/30 2092/250/1
f 2097/266/19 2096/265/20 2051/255/29
f 2090/285/22 2077/281/33 2099/280/29
f 2101/245/12 2102/244/10 2056/238/31
f 2069/1093/23 2104/1650/31 2105/1094/30
f 2026/272/25 2082/271/28 2107/274/8
f 2109/246/6 2101/245/12 2106/1081/9
f 2111/1095/34 2112/1108/33 2103/305/32
f 2113/1080/2 2114/1079/1 2102/1097/10
f 2115/1039/25 2116/240/24 2117/239/23
f 2108/275/7 2107/274/8 2120/277/20
f 2122/264/18 2113/251/2 2119/1091/21
f 2062/233/35 2057/232/30 2114/250/1
f 2121/278/19 2120/277/20 2081/268/29
f 2124/1039/34 2125/1649/33 2126/234/32
f 2127/397/12 2128/244/10 2093/238/31
f 2112/296/33 2129/295/29 2130/298/28
f 2087/284/25 2100/283/28 2132/289/8
f 2134/288/6 2127/287/12 2131/1098/9
f 2136/240/24 2137/239/23 2138/1038/22
f 2134/288/6 2139/1090/2 2140/1089/1
f 2137/1100/23 2141/1651/31 2142/1101/30
f 2133/290/7 2132/289/8 2144/292/20
f 2146/264/18 2139/251/2 2143/1091/21
f 2075/233/35 2094/232/30 2140/250/1
f 2145/293/19 2144/292/20 2099/280/29
f 2125/311/33 2147/310/29 2148/313/28
f 2068/240/24 2149/245/12 2150/244/10
f 2117/1103/23 2152/1652/31 2153/1104/30
f 2067/299/25 2130/298/28 2155/301/8
f 2157/246/6 2149/245/12 2154/1081/9
f 2159/1039/34 2160/1649/33 2151/234/32
f 2161/305/2 2162/304/1 2150/1106/10
f 2164/240/24 2165/239/23 2166/1038/22
f 2167/309/21 2156/302/7 2155/301/8
f 2170/306/18 2161/305/2 2167/1108/21
f 2110/233/35 2105/232/30 2162/250/1
f 2169/308/19 2168/307/20 2129/295/29
f 2172/1039/34 2173/1649/33 2174/234/32
f 2136/240/24 2175/245/12 2176/244/10
f 2160/326/33 2177/325/29 2178/328/28
f 2135/314/25 2148/313/28 2180/319/8
f 2182/318/6 2175/317/12 2179/1110/9
f 2184/240/24 2185/239/23 2186/1038/22
f 2187/1112/2 2188/1653/1 2176/316/10
f 2185/345/23 2189/1654/31 2190/1113/30
f 2181/320/7 2180/319/8 2192/322/20
f 2194/264/18 2187/251/2 2191/1091/21
f 2123/233/35 2142/232/30 2188/250/1
f 2193/323/19 2192/322/20 2147/310/29
f 2173/338/33 2195/337/29 2196/340/28
f 2197/245/12 2198/244/10 2152/238/31
f 2199/1115/32 2165/1131/23 2200/1116/31
f 2115/329/25 2178/328/28 2203/331/8
f 2205/246/6 2197/245/12 2202/1081/9
f 2207/1117/34 2208/1134/33 2199/1115/32
f 2209/1119/2 2210/1655/1 2198/1120/10
f 2212/240/24 2213/239/23 2214/1038/22
f 2204/332/7 2203/331/8 2216/334/20
f 2218/264/18 2209/251/2 2215/1091/21
f 2158/233/35 2153/232/30 2210/250/1
f 2217/335/19 2216/334/20 2177/325/29
f 2220/1039/34 2221/1649/33 2222/234/32
f 2223/397/12 2224/244/10 2189/238/31
f 2208/353/33 2225/352/29 2226/355/28
f 2183/341/25 2196/340/28 2228/346/8
f 2230/345/6 2223/344/12 2227/1122/9
f 2232/240/24 2233/239/23 2234/1038/22
f 2230/345/6 2235/1475/2 2236/1124/1
f 2233/1125/23 2237/1138/31 2238/1126/30
f 2229/347/7 2228/346/8 2240/349/20
f 2242/264/18 2235/251/2 2239/1091/21
f 2171/233/35 2190/232/30 2236/250/1
f 2241/350/19 2240/349/20 2195/337/29
f 2221/368/33 2243/367/29 2244/370/28
f 2245/245/12 2246/244/10 2200/238/31
f 2213/1128/23 2248/1143/31 2249/1129/30
f 2163/356/25 2226/355/28 2251/358/8
f 2253/246/6 2245/245/12 2250/1081/9
f 2255/1039/34 2256/1649/33 2247/234/32
f 2257/362/2 2258/361/1 2246/1116/10
f 1205/1132/168 2259/412/5 2260/411/4
f 2262/366/21 2252/359/7 2251/358/8
f 2265/363/18 2257/362/2 2262/1134/21
f 2206/233/35 2201/232/30 2258/250/1
f 2264/365/19 2263/364/20 2225/352/29
f 2267/1039/34 2268/1649/33 2269/234/32
f 2270/245/12 2271/244/10 2237/238/31
f 2256/380/33 2272/379/29 2273/382/28
f 2231/371/25 2244/370/28 2275/373/8
f 2277/246/6 2270/245/12 2274/1081/9
f 2279/1135/24 2280/1149/23 2281/1136/22
f 2282/1127/2 2283/1126/1 2271/1138/10
f 2269/1139/32 2280/1149/23 2284/1140/31
f 2286/378/21 2276/374/7 2275/373/8
f 2289/264/18 2282/251/2 2286/1091/21
f 2219/233/35 2238/232/30 2283/250/1
f 2288/377/19 2287/376/20 2243/367/29
f 2281/396/22 2268/392/33 2290/391/29
f 2212/240/24 2292/245/12 2293/244/10
f 2260/411/4 2295/410/216 2296/404/217
f 2211/383/25 2273/382/28 2298/385/8
f 2300/246/6 2292/245/12 2297/1081/9
f 1200/1142/165 2302/1656/14 2294/406/13
f 2303/1130/2 2304/1129/1 2293/1143/10
f 2306/450/24 2307/449/23 2308/1144/22
f 2309/390/21 2299/386/7 2298/385/8
f 2312/264/18 2303/251/2 2309/1091/21
f 2254/233/35 2249/232/30 2304/250/1
f 2311/389/19 2310/388/20 2272/379/29
f 1224/1146/175 2313/1163/230 2314/424/231
f 2315/397/12 2316/244/10 2284/238/31
f 2302/408/14 1198/407/164 1204/413/167
f 2278/395/25 2291/394/28 2318/398/8
f 2320/246/6 2315/397/12 2317/1081/9
f 1229/1147/178 478/430/108 2321/429/232
f 2320/1149/6 2323/1139/2 2324/1141/1
f 2321/429/232 476/428/107 482/422/110
f 2319/399/7 2318/398/8 2326/401/20
f 2328/264/18 2323/251/2 2325/1091/21
f 2266/233/35 2285/232/30 2324/250/1
f 2327/402/19 2326/401/20 2290/391/29
f 2313/426/230 1222/425/174 1228/431/177
f 2329/1067/222 2330/244/223 2295/238/216
f 2307/1150/23 2332/1171/31 2333/1151/30
f 1205/414/168 1204/413/167 1210/416/169
f 2335/411/225 2329/412/222 1212/1153/170
f 2337/1155/34 2338/1657/33 2331/444/32
f 2339/406/226 2340/404/227 2330/410/223
f 2342/450/24 2343/449/23 2344/1144/22
f 2334/417/224 1210/416/169 1216/419/171
f 1217/1156/172 2346/405/229 2339/406/226
f 2301/1076/16 2296/232/217 2340/250/227
f 1217/420/172 1216/419/171 1198/407/164
f 2348/1155/34 2349/1657/33 2350/444/32
f 471/1158/104 473/454/104 475/448/104
f 2338/446/33 2351/445/29 2352/451/28
f 1229/432/178 1228/431/177 1234/435/179
f 2354/429/235 472/434/105 1236/1147/180
f 2356/450/24 2357/449/23 2358/1144/22
f 2359/424/236 468/422/102 474/428/106
f 2357/1160/23 2360/1177/31 2361/1161/30
f 2353/436/234 1234/435/179 1240/439/181
f 1241/1146/182 470/438/103 2359/424/236
f 479/1164/101 481/442/101 467/460/101
f 1241/440/182 1240/439/181 1222/425/174
f 2358/472/22 2349/468/33 2363/467/29
f 2365/455/12 2366/454/10 2332/448/31
f 2343/1166/23 2368/1182/31 2369/1167/30
f 2305/452/25 2352/451/28 2371/457/8
f 2373/456/6 2365/455/12 2370/1169/9
f 2375/1155/34 2376/1657/33 2367/444/32
f 2377/1152/2 2378/1151/1 2366/1171/10
f 2380/450/24 2381/449/23 2382/1144/22
f 2383/465/21 2372/458/7 2371/457/8
f 2385/1172/19 2386/1658/18 2377/1152/2
f 2336/443/35 2333/442/30 2378/460/1
f 2337/447/34 2385/464/19 2384/463/20
f 2388/1174/34 2389/1187/33 2390/493/32
f 2391/455/12 2392/454/10 2360/448/31
f 2376/480/33 2393/479/29 2394/482/28
f 2355/471/25 2364/470/28 2396/473/8
f 2398/456/6 2391/455/12 2395/1169/9
f 2400/499/24 2401/498/23 2402/1175/22
f 2403/1162/2 2404/1161/1 2392/1177/10
f 2401/498/23 2405/497/31 2406/491/30
f 2407/478/21 2397/474/7 2396/473/8
f 2410/462/18 2403/461/2 2407/1178/21
f 2347/466/35 2361/442/30 2404/460/1
f 2409/477/19 2408/476/20 2363/467/29
f 2389/495/33 2411/494/29 2412/500/28
f 2413/455/12 2414/454/10 2368/448/31
f 2415/513/32 2381/1192/23 2416/1180/31
f 2341/483/25 2394/482/28 2419/485/8
f 2421/456/6 2413/455/12 2418/1169/9
f 2423/1181/34 2424/1193/33 2415/513/32
f 2425/1168/2 2426/1167/1 2414/1182/10
f 2428/450/24 2429/449/23 2430/1144/22
f 2420/486/7 2419/485/8 2432/488/20
f 2434/462/18 2425/461/2 2431/1178/21
f 2374/466/35 2369/442/30 2426/460/1
f 2433/489/19 2432/488/20 2393/479/29
f 2436/1155/34 2437/1657/33 2438/444/32
f 2439/1037/12 2440/454/10 2405/448/31
f 2424/515/33 2441/514/29 2442/517/28
f 2399/501/25 2412/500/28 2444/505/8
f 2446/498/6 2439/504/12 2443/1183/9
f 2448/450/24 2449/449/23 2450/1144/22
f 2446/498/6 2451/493/2 2452/491/1
f 2449/1184/23 2453/1659/31 2454/1185/30
f 2445/506/7 2444/505/8 2456/508/20
f 2458/492/18 2451/493/2 2455/1187/21
f 2387/466/35 2406/442/30 2452/460/1
f 2457/509/19 2456/508/20 2411/494/29
f 2437/530/33 2459/529/29 2460/532/28
f 2380/450/24 2461/455/12 2462/454/10
f 2429/1189/23 2464/1660/31 2465/544/30
f 2379/518/25 2442/517/28 2467/520/8
f 2469/456/6 2461/455/12 2466/1169/9
f 2471/1190/34 2472/1531/33 2463/546/32
f 2473/524/2 2474/523/1 2462/1191/10
f 2476/450/24 2477/449/23 2478/1144/22
f 2468/521/7 2467/520/8 2480/526/20
f 2482/525/18 2473/524/2 2479/1193/21
f 2482/462/18 2422/443/35 2417/442/30
f 2481/527/19 2480/526/20 2441/514/29
f 2484/1195/34 2485/1210/33 2486/1196/32
f 2487/455/12 2488/454/10 2453/448/31
f 2472/548/33 2489/547/29 2490/550/28
f 2447/533/25 2460/532/28 2492/538/8
f 2494/456/6 2487/455/12 2491/1169/9
f 2496/564/24 2497/563/23 2498/1198/22
f 2499/1200/2 2500/1661/1 2488/535/10
f 2497/563/23 2501/562/31 2502/574/30
f 2493/539/7 2492/538/8 2504/541/20
f 2506/462/18 2499/461/2 2503/1178/21
f 2435/443/35 2454/442/30 2500/460/1
f 2505/542/19 2504/541/20 2459/529/29
f 2485/560/33 2507/559/29 2508/565/28
f 2509/455/12 2510/454/10 2464/448/31
f 2511/582/32 2477/1215/23 2512/1201/31
f 2514/555/9 2427/551/25 2490/550/28
f 2517/456/6 2509/455/12 2514/1169/9
f 2519/1202/34 2520/1218/33 2511/582/32
f 2521/1203/2 2522/1662/1 2510/1204/10
f 2524/450/24 2525/449/23 2526/1144/22
f 2516/554/7 2515/553/8 2528/556/20
f 2530/462/18 2521/461/2 2527/1178/21
f 2470/466/35 2465/442/30 2522/460/1
f 2529/557/19 2528/556/20 2489/547/29
f 2532/1155/34 2533/1657/33 2534/444/32
f 2535/1037/12 2536/454/10 2501/448/31
f 2520/584/33 2537/583/29 2538/586/28
f 2495/566/25 2508/565/28 2540/571/8
f 2542/570/6 2535/569/12 2539/1206/9
f 2544/450/24 2545/449/23 2546/1144/22
f 2547/575/2 2548/574/1 2536/568/10
f 2545/1207/23 2549/1223/31 2550/1208/30
f 2541/572/7 2540/571/8 2552/577/20
f 2554/576/18 2547/575/2 2551/1210/21
f 2483/443/35 2502/442/30 2548/460/1
f 2553/578/19 2552/577/20 2507/559/29
f 2533/598/33 2555/597/29 2556/600/28
f 2557/455/12 2558/454/10 2512/448/31
f 2525/1212/23 2560/1225/31 2561/1213/30
f 2475/587/25 2538/586/28 2563/589/8
f 2565/456/6 2557/455/12 2562/1169/9
f 2567/1155/34 2568/1657/33 2559/444/32
f 2569/593/2 2570/592/1 2558/1201/10
f 1541/1216/193 431/647/96 426/646/94
f 2572/596/21 2564/590/7 2563/589/8
f 2575/581/18 2569/593/2 2572/1218/21
f 2518/443/35 2513/442/30 2570/460/1
f 2574/595/19 2573/594/20 2537/583/29
f 1512/1220/185 2576/1233/239 466/623/99
f 2577/455/12 2578/454/10 2549/448/31
f 2568/610/33 2579/609/29 2580/612/28
f 2543/601/25 2556/600/28 2582/603/8
f 2584/456/6 2577/455/12 2581/1169/9
f 1517/1221/188 459/629/96 454/628/94
f 2586/1209/2 2587/1208/1 2578/1223/10
f 453/628/65 456/627/65 463/621/65
f 2583/604/7 2582/603/8 2589/606/20
f 2591/462/18 2586/461/2 2588/1178/21
f 2531/466/35 2550/442/30 2587/460/1
f 2590/607/19 2589/606/20 2555/597/29
f 2576/625/239 1510/624/184 1516/630/187
f 2592/455/12 2593/454/10 2560/448/31
f 425/646/65 428/645/65 435/639/65
f 2523/613/25 2580/612/28 2595/615/8
f 2597/456/6 2592/455/12 2594/1169/9
f 1536/1224/185 2598/1243/239 438/641/99
f 2599/1214/2 2600/1213/1 2593/1225/10
f 2602/666/24 2603/665/23 2604/1226/22
f 2596/616/7 2595/615/8 2606/618/20
f 2607/1179/19 2608/462/18 2599/461/2
f 2566/466/35 2561/442/30 2600/460/1
f 2607/619/19 2606/618/20 2579/609/29
f 2610/1228/34 2611/1292/33 2612/660/32
f 458/1229/90 446/1555/90 449/454/90
f 2598/643/239 1534/642/184 1540/648/187
f 1517/631/188 1516/630/187 1522/633/189
f 452/628/93 447/629/100 1524/1221/190
f 2615/666/24 2616/665/23 2617/1226/22
f 439/623/56 442/621/56 448/627/56
f 2616/1230/23 2618/1250/31 2619/1231/30
f 2613/634/240 1522/633/189 1528/636/191
f 1529/1220/192 445/622/89 440/623/86
f 460/1234/87 462/442/87 441/460/87
f 1512/626/185 1529/637/192 1528/636/191
f 2617/669/22 2611/662/33 2621/661/29
f 418/1236/90 421/670/90 427/664/90
f 2603/1238/23 2624/1254/31 2625/1239/30
f 1548/654/190 1541/649/193 1540/648/187
f 424/646/93 419/651/91 1548/1216/190
f 2628/1228/34 2629/1292/33 2623/660/32
f 411/641/56 414/639/56 420/645/56
f 2631/717/24 2632/716/23 2633/1241/22
f 2626/653/240 1546/652/189 1552/655/191
f 1553/1224/192 417/640/89 412/641/86
f 432/1244/87 434/658/87 413/676/87
f 1553/656/192 1552/655/191 1534/642/184
f 2636/1228/34 2637/1292/33 2638/660/32
f 2639/671/12 2640/670/10 2618/664/31
f 2604/687/22 2629/683/33 2641/682/29
f 2614/668/25 2622/667/28 2644/673/8
f 2646/672/6 2639/671/12 2643/1246/9
f 2647/1248/25 2648/699/24 2649/698/23
f 2651/1232/2 2652/1231/1 2640/1250/10
f 2649/698/23 2653/697/31 2654/1251/30
f 2645/674/7 2644/673/8 2656/679/20
f 2658/678/18 2651/677/2 2655/1029/21
f 2609/659/35 2619/658/30 2652/676/1
f 2657/680/19 2656/679/20 2621/661/29
f 2650/702/22 2637/695/33 2659/694/29
f 2661/671/12 2662/670/10 2624/664/31
f 2632/716/23 2664/715/31 2665/709/30
f 2601/686/25 2642/685/28 2667/688/8
f 2669/672/6 2661/671/12 2666/1246/9
f 2671/1253/34 2672/1578/33 2663/711/32
f 2673/1240/2 2674/1239/1 2662/1254/10
f 2676/666/24 2677/665/23 2678/1226/22
f 2668/689/7 2667/688/8 2680/691/20
f 2682/678/18 2673/677/2 2679/1029/21
f 2627/659/35 2625/658/30 2674/676/1
f 2681/692/19 2680/691/20 2641/682/29
f 2684/1228/34 2685/1292/33 2686/660/32
f 2687/671/12 2688/670/10 2653/664/31
f 2672/713/33 2689/712/29 2690/718/28
f 2647/701/25 2660/700/28 2692/703/8
f 2694/1255/6 2687/699/12 2691/1256/9
f 2696/1257/24 2697/1261/23 2698/1258/22
f 2694/1255/6 2699/1252/2 2700/1251/1
f 2697/1261/23 2701/1663/31 2702/1262/30
f 2693/704/7 2692/703/8 2704/706/20
f 2706/678/18 2699/677/2 2703/1029/21
f 2635/659/35 2654/658/30 2700/676/1
f 2705/707/19 2704/706/20 2659/694/29
f 2685/728/33 2707/727/29 2708/730/28
f 2709/671/12 2710/670/10 2664/664/31
f 2677/1264/23 2712/1664/31 2713/739/30
f 2630/719/25 2690/718/28 2715/721/8
f 2717/672/6 2709/671/12 2714/1246/9
f 2719/1265/34 2720/1586/33 2711/741/32
f 2721/1266/2 2722/1665/1 2710/715/10
f 2724/777/24 2725/776/23 2726/1268/22
f 2727/726/21 2716/722/7 2715/721/8
f 2730/678/18 2721/677/2 2727/1029/21
f 2670/1270/35 2665/658/30 2722/676/1
f 2671/714/34 2729/725/19 2728/724/20
f 2732/1228/34 2733/1292/33 2734/660/32
f 2735/671/12 2736/670/10 2701/664/31
f 2720/743/33 2737/742/29 2738/745/28
f 2695/731/25 2708/730/28 2740/733/8
f 2742/672/6 2735/671/12 2739/1246/9
f 2744/759/24 2745/758/23 2746/1271/22
f 2747/1273/2 2748/1666/1 2736/1274/10
f 2745/758/23 2749/757/31 2750/1276/30
f 2741/734/7 2740/733/8 2752/736/20
f 2754/678/18 2747/677/2 2751/1029/21
f 2683/659/35 2702/658/30 2748/676/1
f 2753/737/19 2752/736/20 2707/727/29
f 2746/762/22 2733/755/33 2755/754/29
f 2757/671/12 2758/670/10 2712/664/31
f 2759/771/32 2725/776/23 2760/775/31
f 2675/746/25 2738/745/28 2763/748/8
f 2765/672/6 2757/671/12 2762/1246/9
f 2767/1278/34 2768/1595/33 2759/771/32
f 2769/1279/2 2770/1667/1 2758/1280/10
f 2772/666/24 2773/665/23 2774/1226/22
f 2764/749/7 2763/748/8 2776/751/20
f 2778/678/18 2769/677/2 2775/1029/21
f 2778/678/18 2718/659/35 2713/658/30
f 2777/752/19 2776/751/20 2737/742/29
f 2780/1228/34 2781/1292/33 2782/660/32
f 2783/671/12 2784/670/10 2749/664/31
f 2768/773/33 2785/772/29 2786/778/28
f 2787/765/9 2743/761/25 2756/760/28
f 2790/1282/6 2783/1668/12 2787/1283/9
f 2791/1227/25 2792/666/24 2793/665/23
f 2795/1277/2 2796/1669/1 2784/1284/10
f 2793/1285/23 2797/1298/31 2798/1286/30
f 2789/764/7 2788/763/8 2800/766/20
f 2802/678/18 2795/677/2 2799/1029/21
f 2802/678/18 2731/659/35 2750/658/30
f 2801/767/19 2800/766/20 2755/754/29
f 2794/792/22 2781/788/33 2803/787/29
f 2805/671/12 2806/670/10 2760/664/31
f 2773/1288/23 2808/1300/31 2809/1289/30
f 2723/779/25 2786/778/28 2811/781/8
f 2812/1268/7 2813/776/6 2805/777/12
f 2814/659/35 2815/1228/34 2816/1292/33
f 2817/771/2 2818/1670/1 2806/775/10
f 2819/1293/242 2820/841/243 2821/840/244
f 2823/786/21 2812/782/7 2811/781/8
f 2826/678/18 2817/677/2 2823/1029/21
f 2766/1270/35 2761/658/30 2818/676/1
f 2825/785/19 2824/784/20 2785/772/29
f 1800/1295/196 2827/1309/246 410/813/85
f 2828/671/12 2829/670/10 2797/664/31
f 2774/804/22 2816/800/33 2830/799/29
f 2791/791/25 2804/790/28 2833/793/8
f 2835/672/6 2828/671/12 2832/1246/9
f 1805/1296/199 403/819/82 398/818/80
f 2837/1287/2 2838/1286/1 2829/1298/10
f 397/818/65 400/817/65 407/811/65
f 2834/794/7 2833/793/8 2840/796/20
f 2842/678/18 2837/677/2 2839/1029/21
f 2779/659/35 2798/658/30 2838/676/1
f 2841/797/19 2840/796/20 2803/787/29
f 2827/815/246 1798/814/195 1804/820/198
f 2843/671/12 2844/670/10 2808/664/31
f 2821/840/244 2846/839/249 2847/833/250
f 2771/803/25 2831/802/28 2849/805/8
f 2851/672/6 2843/671/12 2848/1246/9
f 2853/1299/252 2854/1316/253 2845/835/248
f 2855/1290/2 2856/1289/1 2844/1300/10
f 2857/1301/242 2858/879/243 2859/878/244
f 2850/806/7 2849/805/8 2862/808/20
f 2864/678/18 2855/677/2 2861/1029/21
f 2814/659/35 2809/658/30 2856/676/1
f 2863/809/19 2862/808/20 2830/799/29
f 2866/1303/254 2867/1325/253 2868/854/248
f 390/1304/76 393/670/76 399/664/76
f 2854/837/253 2869/836/255 2870/842/256
f 1805/821/199 1804/820/198 1810/825/200
f 396/824/79 391/823/77 1812/1296/201
f 2872/1306/258 2873/860/243 2874/859/244
f 383/828/56 386/811/56 392/817/56
f 2874/859/244 2876/858/249 2877/852/250
f 2871/826/257 1810/825/200 1816/830/202
f 1817/1308/203 389/829/75 384/828/72
f 388/1304/73 404/1610/73 406/658/73
f 1817/831/203 1816/830/202 1798/814/195
f 2867/856/253 2879/855/255 2880/861/256
f 2881/1310/260 2882/1035/261 2846/1036/249
f 2859/878/244 2884/877/249 2885/871/250
f 2886/848/262 2819/843/242 2870/842/256
f 2889/840/265 2881/845/260 2886/1312/262
f 2891/1313/266 2892/1671/253 2883/873/248
f 2893/835/267 2894/833/268 2882/839/261
f 2895/1314/242 2896/919/243 2897/918/244
f 2888/847/264 2887/846/263 2900/849/270
f 2901/1299/271 2902/834/272 2893/835/267
f 2852/1317/251 2847/1645/250 2894/1024/268
f 2901/850/271 2900/849/270 2869/836/255
f 1896/1319/208 2903/1626/273 382/891/71
f 2904/1310/260 2905/1035/261 2876/1036/249
f 2892/875/253 2906/874/255 2907/880/256
f 2872/862/258 2880/861/256 2909/864/263
f 2911/859/265 2904/860/260 2908/1320/274
f 1901/1322/211 375/897/68 370/896/66
f 2911/859/265 2913/854/267 2914/852/268
f 369/896/65 372/895/65 379/889/65
f 2910/865/264 2909/864/263 2916/868/270
f 2917/1324/276 2918/867/272 2913/854/267
f 2865/1317/251 2877/1645/250 2914/1024/268
f 2866/857/254 2917/869/276 2916/868/270
f 2903/893/273 1894/892/207 1900/898/210
f 2919/1310/260 2920/1035/261 2884/1036/249
f 2897/918/244 2922/917/249 2923/911/250
f 2924/885/277 2857/881/242 2907/880/256
f 2927/878/265 2919/879/260 2924/1326/277
f 2929/1328/266 2930/1632/253 2921/913/248
f 2931/873/267 2932/871/268 2920/877/261
f 2933/1329/278 2934/955/243 2935/954/244
f 2926/884/264 2925/883/263 2938/886/270
f 2939/1331/279 2940/872/272 2931/873/267
f 2890/1317/251 2885/1645/250 2932/1024/268
f 2891/876/266 2939/887/279 2938/886/270
f 2942/1333/266 2943/1672/253 2944/931/248
f 362/1334/61 365/1035/61 371/1036/61
f 2930/915/253 2945/914/255 2946/920/256
f 1901/899/211 1900/898/210 1906/904/212
f 368/903/64 363/902/62 1908/1336/213
f 2948/1338/242 2949/937/243 2950/936/244
f 355/907/56 358/889/56 364/901/56
f 2950/936/244 2952/935/249 2953/929/250
f 2947/905/280 1906/904/212 1912/908/214
f 1913/1340/215 361/890/60 356/907/57
f 376/1342/58 378/1645/58 357/1024/58
f 1913/909/215 1912/908/214 1894/892/207
f 2943/933/253 2955/932/255 2956/938/256
f 2957/1310/260 2958/1035/261 2922/1036/249
f 2959/949/248 2935/954/244 2960/953/249
f 2962/925/277 2895/921/242 2946/920/256
f 2965/918/265 2957/919/260 2962/1344/277
f 2967/1346/282 2968/1673/253 2959/949/248
f 2965/918/265 2969/913/267 2970/911/268
f 2964/924/264 2963/923/263 2972/926/270
f 2973/1347/279 2974/912/272 2969/913/267
f 2928/1317/251 2923/1645/250 2970/1024/268
f 2929/916/266 2973/927/279 2972/926/270
f 2976/1349/252 2977/1364/253 2978/968/248
f 2979/1310/260 2980/1035/261 2952/1036/249
f 2968/951/253 2981/950/255 2982/956/256
f 2983/943/277 2948/939/242 2956/938/256
f 2986/936/265 2979/937/260 2983/1350/277
f 2987/1352/258 2988/974/243 2989/973/244
f 2991/931/267 2992/929/268 2980/935/261
f 2989/973/244 2993/972/249 2994/966/250
f 2985/942/264 2984/941/263 2996/944/270
f 2997/1354/279 2998/930/272 2991/931/267
f 2941/1317/251 2953/1645/250 2992/1024/268
f 2942/934/266 2997/945/279 2996/944/270
f 2977/970/253 2999/969/255 3000/975/256
f 3001/1310/260 3002/1035/261 2960/1036/249
f 522/10/141 3003/12/283 335/1356/46
f 3004/962/262 2933/957/278 2982/956/256
f 3007/954/265 3001/959/260 3004/1358/262
f 3008/949/267 3009/947/268 3002/953/261
f 327/1359/38 3003/12/283 524/11/143
f 3006/961/264 3005/960/263 3011/963/270
f 3012/1361/271 3013/948/272 3008/949/267
f 2966/1317/251 2961/1645/250 3009/1024/268
f 3012/964/271 3011/963/270 2981/950/255
f 500/1356/124 509/987/133 504/986/128
f 3014/1310/260 3015/1035/261 2993/1036/249
f 2987/976/258 3000/975/256 3017/978/263
f 3019/973/265 3014/974/260 3016/1352/284
f 328/20/39 502/21/126 512/9/136
f 3020/968/267 3021/966/268 3015/972/261
f 3018/979/264 3017/978/263 3023/982/270
f 3024/1363/271 3025/981/272 3020/968/267
f 2975/1317/251 2994/1645/250 3021/1024/268
f 3024/983/271 3023/982/270 2999/969/255
f 15/4/15 512/9/136 511/8/135
f 511/8/135 524/14/143 516/1/138
f 508/995/132 515/992/132 504/986/128
f 520/1365/11 17/1371/11 11/18/11
f 513/7/131 507/4/131 519/1/131
f 511/8/135 524/14/143 540/25/138
f 534/1366/132 535/1357/146 504/986/128
f 524/1370/143 511/17/135 512/1368/136
f 512/1368/136 537/996/147 544/998/148
f 512/1368/136 544/998/148 3003/1369/283
f 524/1370/143 511/17/135 514/1371/137
f 514/1371/137 528/1365/145 523/1372/142
f 527/992/144 521/995/140 517/993/139
f 546/1357/140 543/1366/140 538/1360/140
f 542/998/11 532/996/11 531/18/11
f 536/7/131 533/20/131 541/25/131
f 553/1374/138 559/1674/138 565/1375/138
f 551/1377/150 558/1378/150 554/1002/150
f 569/1008/149 552/1000/149 548/29/149
f 550/31/131 568/49/131 562/43/131
f 557/1000/151 564/1008/151 560/41/151
f 563/1378/152 570/1377/152 566/1004/152
f 589/1379/138 571/1675/138 577/1380/138
f 575/1382/150 582/1383/150 578/1005/150
f 593/1008/149 576/1000/149 572/29/149
f 574/52/131 592/61/131 586/58/131
f 581/1000/151 588/1008/151 584/41/151
f 587/1383/152 594/1382/152 590/1007/152
f 613/1384/138 595/1676/138 601/1385/138
f 597/1010/150 599/1677/150 606/1387/150
f 617/1008/149 600/1000/149 596/29/149
f 598/64/131 616/73/131 610/70/131
f 605/1000/151 612/1008/151 608/41/151
f 611/1387/152 618/1677/152 614/1010/152
f 625/1388/138 631/1678/138 637/1389/138
f 623/1391/150 630/1392/150 626/1015/150
f 641/1008/149 624/1000/149 620/29/149
f 628/79/131 622/76/131 640/85/131
f 629/1000/151 636/1008/151 632/41/151
f 635/1392/152 642/1391/152 638/1017/152
f 655/1393/138 661/1679/138 643/1394/138
f 647/1396/150 654/1397/150 650/1020/150
f 665/1008/149 648/1000/149 644/29/149
f 646/88/131 664/97/131 658/94/131
f 653/1000/151 660/1008/151 656/41/151
f 659/1397/152 666/1396/152 662/1022/152
f 673/1398/138 679/1680/138 685/1399/138
f 671/1401/150 678/1034/150 674/1023/150
f 689/1008/149 672/1000/149 668/29/149
f 676/103/131 670/100/131 688/109/131
f 677/1000/151 684/1008/151 680/41/151
f 683/1034/152 690/1401/152 686/1402/152
f 709/1403/138 691/1681/138 697/1404/138
f 695/1246/150 702/1228/150 698/1270/150
f 713/1008/149 696/1000/149 692/29/149
f 700/115/131 694/112/131 712/121/131
f 701/1000/151 708/1008/151 704/41/151
f 707/1227/152 714/1246/152 710/671/152
f 721/1406/138 727/1682/138 733/1407/138
f 719/1179/150 726/1155/150 722/443/150
f 737/1008/149 720/1000/149 716/29/149
f 724/127/131 718/124/131 736/133/131
f 725/1000/151 732/1008/151 728/41/151
f 731/1145/152 738/1169/152 734/1037/152
f 751/1409/138 757/1683/138 739/1410/138
f 743/1092/150 750/1039/150 746/233/150
f 759/48/149 761/1008/149 744/1000/149
f 748/139/131 742/136/131 760/145/131
f 749/1000/151 756/1008/151 752/41/151
f 755/1039/152 762/1081/152 758/397/152
f 769/1412/138 775/1684/138 781/1413/138
f 767/1008/150 774/1000/150 770/29/150
f 785/1008/149 768/1000/149 764/29/149
f 772/151/131 766/148/131 784/157/131
f 773/1000/151 780/1008/151 776/41/151
f 779/1000/152 786/1008/152 782/41/152
f 799/1415/138 805/1685/138 787/1416/138
f 791/1418/150 798/1419/150 794/1049/150
f 809/1008/149 792/1000/149 788/29/149
f 790/160/131 808/169/131 802/166/131
f 797/1000/151 804/1008/151 800/41/151
f 803/1419/152 810/1418/152 806/1048/152
f 817/1420/138 823/1686/138 829/1421/138
f 815/1423/150 822/1424/150 818/1043/150
f 833/1008/149 816/1000/149 812/29/149
f 820/175/131 814/172/131 832/181/131
f 821/1000/151 828/1008/151 824/41/151
f 827/1424/152 834/1423/152 830/1045/152
f 853/1425/138 835/1687/138 841/1426/138
f 839/1428/150 846/1429/150 842/1050/150
f 857/1008/149 840/1000/149 836/29/149
f 838/184/131 856/193/131 850/190/131
f 845/1000/151 852/1008/151 848/41/151
f 851/1429/152 858/1428/152 854/1052/152
f 859/1430/138 865/1688/138 871/1431/138
f 863/1064/150 870/1047/150 866/203/150
f 881/1433/162 864/1434/155 860/1065/153
f 868/205/157 862/199/154 880/211/161
f 869/1434/158 876/1433/160 872/1059/156
f 875/1047/152 882/1064/152 878/198/152
f 901/1435/138 883/1689/138 889/1436/138
f 885/216/150 887/1648/150 894/1057/150
f 905/1438/172 888/1439/165 884/1076/163
f 892/223/167 886/217/164 904/229/171
f 893/1439/168 900/1690/170 896/1067/166
f 897/221/152 899/1070/152 906/1075/152
f 913/1440/138 919/1691/138 925/1441/138
f 911/1085/150 918/1443/150 914/1083/150
f 929/1092/149 912/1039/149 908/233/149
f 922/247/131 916/241/131 910/235/131
f 917/1039/151 924/1081/151 920/245/151
f 923/1443/152 930/1085/152 926/1061/152
f 943/1444/138 949/1692/138 931/1445/138
f 935/1447/150 942/1448/150 938/1071/150
f 953/1092/149 936/1039/149 932/233/149
f 934/255/131 952/265/131 946/261/131
f 941/1039/151 948/1081/151 944/245/151
f 947/1448/152 954/1447/152 950/1073/152
f 961/1449/138 967/1693/138 973/1450/138
f 959/1452/150 966/1453/150 962/1078/150
f 977/1092/149 960/1039/149 956/233/149
f 970/274/131 964/271/131 958/268/131
f 965/1039/151 972/1081/151 968/245/151
f 971/1453/152 978/1452/152 974/1080/152
f 997/1454/138 979/1694/138 985/1455/138
f 983/1457/150 990/1099/150 986/1088/150
f 1001/1092/149 984/1039/149 980/233/149
f 982/280/131 1000/292/131 994/289/131
f 989/1039/151 996/1081/151 992/397/151
f 995/1099/152 1002/1457/152 998/1090/152
f 1009/1458/138 1015/1695/138 1021/1459/138
f 1007/1108/150 1014/1461/150 1010/1093/150
f 1025/1092/149 1008/1039/149 1004/233/149
f 1012/298/131 1006/295/131 1024/307/131
f 1011/240/151 1013/1039/151 1020/1081/151
f 1019/1461/152 1026/1108/152 1022/305/152
f 1045/1462/138 1027/1696/138 1033/1463/138
f 1031/1465/150 1038/1697/150 1034/1100/150
f 1049/1092/149 1032/1039/149 1028/233/149
f 1036/313/131 1030/310/131 1048/322/131
f 1035/240/151 1037/1039/151 1044/1081/151
f 1043/1111/152 1050/1698/152 1046/1112/152
f 1057/1466/138 1063/1699/138 1069/1467/138
f 1053/1105/150 1055/1700/150 1062/1469/150
f 1073/1092/149 1056/1039/149 1052/233/149
f 1060/328/131 1054/325/131 1072/334/131
f 1061/1039/151 1068/1081/151 1064/245/151
f 1065/1121/152 1067/1701/152 1074/1470/152
f 1093/1471/138 1075/1702/138 1081/1472/138
f 1079/1474/150 1086/1123/150 1082/345/150
f 1097/1092/149 1080/1039/149 1076/233/149
f 1078/337/131 1096/349/131 1090/346/131
f 1085/1039/151 1092/1081/151 1088/397/151
f 1091/1123/152 1098/1474/152 1094/1475/152
f 1099/1476/138 1105/1703/138 1111/1477/138
f 1101/1115/150 1103/1134/150 1110/1479/150
f 1121/1092/149 1104/1039/149 1100/233/149
f 1108/355/131 1102/352/131 1120/364/131
f 1109/1039/151 1116/1081/151 1112/245/151
f 1115/1479/152 1122/1134/152 1118/362/152
f 1135/1480/138 1141/1704/138 1123/1481/138
f 1127/1483/150 1134/1484/150 1130/1125/150
f 1145/1092/149 1128/1039/149 1124/233/149
f 1126/367/131 1144/376/131 1138/373/131
f 1133/1039/151 1140/1081/151 1136/245/151
f 1139/1484/152 1146/1483/152 1142/1127/152
f 1153/1485/138 1159/1705/138 1165/1486/138
f 1151/1488/150 1158/1489/150 1154/1128/150
f 1169/1092/149 1152/1039/149 1148/233/149
f 1162/385/131 1156/382/131 1150/379/131
f 1157/1039/151 1164/1081/151 1160/245/151
f 1163/1489/152 1170/1488/152 1166/1130/152
f 1183/1490/138 1189/1706/138 1171/1491/138
f 1175/1493/150 1182/1136/150 1178/1149/150
f 1193/1092/149 1176/1039/149 1172/233/149
f 1174/391/131 1192/401/131 1186/398/131
f 1181/1039/151 1188/1081/151 1184/397/151
f 1187/1136/152 1194/1493/152 1190/1139/152
f 1201/1494/138 1207/1707/138 1213/1495/138
f 1197/406/150 1199/1656/150 1206/1133/150
f 1217/1438/172 1200/1439/165 1196/1076/163
f 1204/413/167 1198/407/164 1216/419/171
f 1205/1439/168 1212/1690/170 1208/1067/166
f 1209/411/152 1211/1154/152 1218/1157/152
f 1237/1497/138 1219/1708/138 1225/1498/138
f 1223/1163/150 1230/1148/150 1226/429/150
f 1241/1500/182 1224/1709/175 1220/1164/173
f 1222/425/174 1240/439/181 1234/435/179
f 1229/1501/178 1236/1710/180 1232/1158/176
f 1235/1148/152 1242/1163/152 1238/424/152
f 1249/1502/138 1255/1711/138 1261/1503/138
f 1247/1173/150 1254/1505/150 1250/1150/150
f 1265/1179/149 1248/1155/149 1244/443/149
f 1258/457/131 1252/451/131 1246/445/131
f 1251/450/151 1253/1145/151 1260/1169/151
f 1259/1505/152 1266/1173/152 1262/1152/152
f 1285/1506/138 1267/1712/138 1273/1507/138
f 1271/1509/150 1278/1510/150 1274/1160/150
f 1287/462/149 1289/1179/149 1272/1155/149
f 1270/467/131 1288/476/131 1282/473/131
f 1277/1145/151 1284/1169/151 1280/455/151
f 1283/1510/152 1290/1509/152 1286/1162/152
f 1297/1511/138 1303/1713/138 1309/1512/138
f 1295/1514/150 1302/1515/150 1298/1166/150
f 1313/1179/149 1296/1155/149 1292/466/149
f 1306/485/131 1300/482/131 1294/479/131
f 1299/450/151 1301/1145/151 1308/1169/151
f 1307/1515/152 1314/1514/152 1310/1168/152
f 1333/1516/138 1315/1714/138 1321/1517/138
f 1319/1187/150 1326/1175/150 1322/498/150
f 1337/1179/149 1320/1155/149 1316/466/149
f 1318/494/131 1336/508/131 1330/505/131
f 1325/1145/151 1332/1169/151 1328/1037/151
f 1331/1175/152 1338/1187/152 1334/493/152
f 1345/1519/138 1351/1715/138 1357/1520/138
f 1343/1193/150 1350/1716/150 1346/1192/150
f 1361/1179/149 1344/1155/149 1340/443/149
f 1354/520/131 1348/517/131 1342/514/131
f 1349/1145/151 1356/1169/151 1352/455/151
f 1355/1522/152 1362/1193/152 1358/524/152
f 1381/1523/138 1363/1717/138 1369/1524/138
f 1367/1526/150 1374/1718/150 1370/1184/150
f 1385/1179/149 1368/1155/149 1364/443/149
f 1366/529/131 1384/541/131 1378/538/131
f 1371/450/151 1373/1145/151 1380/1169/151
f 1379/1527/152 1386/1719/152 1382/1200/152
f 1393/1528/138 1399/1720/138 1405/1529/138
f 1391/1531/150 1398/1721/150 1394/1189/150
f 1409/1179/149 1392/1155/149 1388/466/149
f 1396/550/131 1390/547/131 1408/556/131
f 1397/1145/151 1404/1169/151 1400/455/151
f 1403/1532/152 1410/1722/152 1406/1203/152
f 1423/1533/138 1429/1723/138 1411/1534/138
f 1415/1210/150 1422/1198/150 1418/563/150
f 1433/1179/149 1416/1155/149 1412/443/149
f 1414/559/131 1432/577/131 1426/571/131
f 1421/1145/151 1428/1169/151 1424/1037/151
f 1427/1198/152 1434/1210/152 1430/575/152
f 1435/1536/138 1441/1724/138 1447/1537/138
f 1437/582/150 1439/1218/150 1446/1539/150
f 1457/1179/149 1440/1155/149 1436/443/149
f 1450/589/131 1444/586/131 1438/583/131
f 1443/450/151 1445/1145/151 1452/1169/151
f 1451/1539/152 1458/1218/152 1454/593/152
f 1477/1540/138 1459/1725/138 1465/1541/138
f 1463/1543/150 1470/1544/150 1466/1207/150
f 1479/462/149 1481/1179/149 1464/1155/149
f 1462/597/131 1480/606/131 1474/603/131
f 1467/450/151 1469/1145/151 1476/1169/151
f 1475/1544/152 1482/1543/152 1478/1209/152
f 1489/1545/138 1495/1726/138 1501/1546/138
f 1487/1548/150 1494/1549/150 1490/1212/150
f 1505/1179/149 1488/1155/149 1484/466/149
f 1498/615/131 1492/612/131 1486/609/131
f 1493/1145/151 1500/1169/151 1496/455/151
f 1499/1549/152 1506/1548/152 1502/1214/152
f 1519/1550/138 1525/1727/138 1507/1551/138
f 1511/1233/150 1518/1222/150 1514/628/150
f 1529/1553/192 1512/1728/185 1508/1234/183
f 1516/630/187 1510/624/184 1528/636/191
f 1515/1229/186 1517/1729/188 1524/1554/190
f 1521/628/152 1523/1222/152 1530/1233/152
f 1531/1556/138 1537/1730/138 1543/1557/138
f 1533/641/150 1535/1243/150 1542/1217/150
f 1551/1245/183 1553/1560/192 1536/1559/185
f 1546/652/189 1540/648/187 1534/642/184
f 1539/1237/186 1541/1731/193 1548/1560/190
f 1547/1217/152 1554/1243/152 1550/641/152
f 1573/1561/138 1555/1732/138 1561/1562/138
f 1559/1564/150 1566/1565/150 1562/1230/150
f 1577/1246/149 1560/1228/149 1556/659/149
f 1558/661/131 1576/679/131 1570/673/131
f 1565/1227/151 1572/1246/151 1568/671/151
f 1571/1565/152 1578/1564/152 1574/1232/152
f 1579/1566/138 1585/1733/138 1591/1567/138
f 1583/1569/150 1590/1570/150 1586/1238/150
f 1601/1246/149 1584/1228/149 1580/659/149
f 1594/688/131 1588/685/131 1582/682/131
f 1589/1227/151 1596/1246/151 1592/671/151
f 1595/1570/152 1602/1569/152 1598/1240/152
f 1615/1571/138 1621/1734/138 1603/1572/138
f 1607/1574/150 1614/1249/150 1610/698/150
f 1625/1246/149 1608/1228/149 1604/659/149
f 1606/694/131 1624/706/131 1618/703/131
f 1613/1227/151 1620/1246/151 1616/671/151
f 1617/1255/152 1619/1249/152 1626/1574/152
f 1633/1575/138 1639/1735/138 1645/1576/138
f 1631/1578/150 1638/1241/150 1634/716/150
f 1649/1246/149 1632/1228/149 1628/1270/149
f 1642/721/131 1636/718/131 1630/712/131
f 1637/1227/151 1644/1246/151 1640/671/151
f 1643/1241/152 1650/1578/152 1646/1266/152
f 1669/1579/138 1651/1736/138 1657/1580/138
f 1653/1263/150 1655/1737/150 1662/1258/150
f 1671/678/149 1673/1246/149 1656/1228/149
f 1654/727/131 1672/736/131 1666/733/131
f 1661/1227/151 1668/1246/151 1664/671/151
f 1667/1582/152 1674/1738/152 1670/1273/152
f 1681/1583/138 1687/1739/138 1693/1584/138
f 1679/1586/150 1686/1740/150 1682/1264/150
f 1695/678/149 1697/1246/149 1680/1228/149
f 1684/745/131 1678/742/131 1696/751/131
f 1685/1227/151 1692/1246/151 1688/671/151
f 1691/1587/152 1698/1741/152 1694/1279/152
f 1717/1588/138 1699/1742/138 1705/1589/138
f 1703/1591/150 1710/1271/150 1706/758/150
f 1721/1246/149 1704/1228/149 1700/659/149
f 1702/754/131 1720/766/131 1714/763/131
f 1709/1227/151 1716/1246/151 1712/671/151
f 1715/1271/152 1722/1743/152 1718/1277/152
f 1729/1592/138 1735/1744/138 1741/1593/138
f 1727/1595/150 1734/1268/150 1730/776/150
f 1745/1246/149 1728/1228/149 1724/1270/149
f 1738/781/131 1732/778/131 1726/772/131
f 1733/1227/151 1740/1246/151 1736/671/151
f 1739/1268/152 1746/1595/152 1742/771/152
f 1765/1596/138 1747/1745/138 1753/1597/138
f 1751/1599/150 1758/1600/150 1754/1285/150
f 1767/678/149 1769/1246/149 1752/1228/149
f 1750/787/131 1768/796/131 1762/793/131
f 1757/1227/151 1764/1246/151 1760/671/151
f 1763/1600/152 1770/1599/152 1766/1287/152
f 1771/1601/138 1777/1746/138 1783/1602/138
f 1775/1604/150 1782/1605/150 1778/1288/150
f 1793/1246/149 1776/1228/149 1772/659/149
f 1786/805/131 1780/802/131 1774/799/131
f 1781/1227/151 1788/1246/151 1784/671/151
f 1787/1605/152 1794/1604/152 1790/1290/152
f 1813/1606/138 1795/1747/138 1801/1607/138
f 1799/1309/150 1806/1297/150 1802/818/150
f 1815/1304/194 1817/1748/203 1800/1609/196
f 1804/820/198 1798/814/195 1816/830/202
f 1805/1611/199 1812/1748/201 1808/1304/197
f 1811/1297/152 1818/1309/152 1814/828/152
f 1825/1612/138 1831/1749/138 1837/1613/138
f 1823/1316/150 1830/1294/150 1826/840/150
f 1841/1615/204 1824/1750/204 1820/1317/204
f 1828/842/131 1822/836/131 1840/849/131
f 1829/1616/205 1836/1751/205 1832/1310/205
f 1835/1294/152 1842/1316/152 1838/835/152
f 1861/1617/138 1843/1752/138 1849/1618/138
f 1847/1325/150 1854/1307/150 1850/859/150
f 1865/1615/204 1848/1750/204 1844/1317/204
f 1852/861/131 1846/855/131 1864/868/131
f 1853/1616/205 1860/1751/205 1856/1310/205
f 1857/859/152 1859/1321/152 1866/1325/152
f 1873/1620/138 1879/1753/138 1885/1621/138
f 1869/873/150 1871/1671/150 1878/1302/150
f 1889/1615/204 1872/1750/204 1868/1317/204
f 1876/880/131 1870/874/131 1888/886/131
f 1877/1616/205 1884/1751/205 1880/1310/205
f 1881/878/152 1883/1327/152 1890/1332/152
f 1909/1623/138 1891/1754/138 1897/1624/138
f 1895/1626/150 1902/1323/150 1898/896/150
f 1911/1343/206 1913/1628/215 1896/1627/208
f 1900/898/210 1894/892/207 1912/908/214
f 1899/1335/209 1901/1755/211 1908/1628/213
f 1907/1337/152 1914/1341/152 1910/907/152
f 1921/1629/138 1927/1756/138 1933/1630/138
f 1919/1632/150 1926/1315/150 1922/918/150
f 1937/1615/204 1920/1750/204 1916/1317/204
f 1924/920/131 1918/914/131 1936/926/131
f 1925/1616/205 1932/1751/205 1928/1310/205
f 1929/918/152 1931/1345/152 1938/1348/152
f 1957/1633/138 1939/1757/138 1945/1634/138
f 1941/931/150 1943/1672/150 1950/1339/150
f 1961/1615/204 1944/1750/204 1940/1317/204
f 1948/938/131 1942/932/131 1960/944/131
f 1949/1616/205 1956/1751/205 1952/1310/205
f 1953/936/152 1955/1351/152 1962/1355/152
f 1969/1636/138 1975/1758/138 1981/1637/138
f 1965/949/150 1967/1673/150 1974/1330/150
f 1985/1615/204 1968/1750/204 1964/1317/204
f 1972/956/131 1966/950/131 1984/963/131
f 1973/1616/205 1980/1751/205 1976/1310/205
f 1979/1330/152 1986/1362/152 1982/949/152
f 2005/1639/138 1987/1759/138 1993/1640/138
f 1991/1364/150 1998/1353/150 1994/973/150
f 2009/1615/204 1992/1750/204 1988/1317/204
f 1990/969/131 2008/982/131 2002/978/131
f 1997/1616/205 2004/1751/205 2000/1310/205
f 2003/1353/152 2010/1364/152 2006/968/152
