# Blender 5.2.0 LTS
# www.blender.org
o Backdrop_Palm_Detail
v 0.000000 1.935294 -2.916241
v 0.000000 2.410817 -3.400000
v 6.426638 37.492210 1.544199
v 6.810005 37.868832 1.948769
v 5.007860 38.669445 -1.728562
v 4.705504 38.261887 -2.186364
v 9.382483 44.461742 -0.731563
v 9.640954 43.867161 -0.951042
v 3.840024 34.708553 -1.786841
v 3.806604 35.213120 -2.231223
v 4.451409 38.830212 -1.369931
v 4.001683 38.465229 -1.732752
v 3.264813 34.874737 -1.416119
v 3.088338 35.420635 -1.768302
v 4.056997 38.944164 -0.826282
v 3.502807 38.609352 -1.045120
v 5.515904 37.783318 -1.816241
v 5.660664 38.236202 -2.292084
v 2.857101 34.992523 -0.854143
v 2.579231 35.567719 -1.066566
v 3.877888 38.995903 -0.171044
v 3.276266 38.674805 -0.216343
v 10.699037 47.650368 0.420069
v 10.747646 47.631763 -0.141630
v 11.036217 47.012199 -0.187129
v 10.971994 47.036789 0.555017
v 2.671954 35.046013 -0.176808
v 2.348040 35.634514 -0.220779
v 8.186419 40.505177 0.469670
v 7.921140 40.598259 1.034265
v 8.436343 40.921341 1.320592
v 8.775055 40.802471 0.599696
v 3.938277 38.978458 0.507301
v 3.352648 38.652737 0.641656
v 2.734381 35.027988 0.524402
v 2.425988 35.611992 0.654823
v 4.230004 38.894176 1.117128
v 3.721637 38.546131 1.412996
v 6.773159 41.716682 -1.747491
v 6.628398 41.263798 -2.239166
v 3.035940 34.940849 1.154794
v 2.802547 35.503201 1.441985
v 4.713670 38.754440 1.576081
v 4.333402 38.369389 1.993502
v 3.535918 34.796417 1.629220
v 3.426865 35.322826 2.034403
v 9.039502 44.582092 -1.212891
v 8.555623 44.751911 -1.530411
v 8.566026 44.244381 -1.989556
v 9.195080 44.023632 -1.576775
v 5.323956 38.578121 1.822177
v 5.105319 38.146378 2.304774
v 4.166778 34.614147 1.883613
v 4.214621 35.095242 2.352062
v 7.238536 37.232700 -0.167581
v 7.834616 37.541328 -0.211488
v 5.978439 38.389042 1.822177
v 5.933137 37.907215 2.304774
v 8.078459 40.543053 -0.764997
v 8.637213 40.850845 -0.976777
v 4.843325 34.418686 1.883613
v 5.059423 34.851170 2.352062
v 6.588722 38.212719 1.576082
v 6.705055 37.684200 1.993500
v 6.140856 37.583561 -1.693594
v 6.449350 37.984108 -2.137305
v 5.474189 34.236431 1.629220
v 5.847178 34.623581 2.034403
v 3.944878 35.426228 -1.827637
v 3.654352 35.010246 -2.284769
v 2.891075 31.433491 -1.880088
v 2.843229 31.936995 -2.325141
v 7.213816 40.846478 -1.600347
v 7.719812 40.668915 -1.268317
v 8.179278 41.011547 -1.619437
v 7.533204 41.238274 -2.043387
v 3.351986 35.579594 -1.448450
v 2.913166 35.201973 -1.810739
v 7.179877 37.251453 0.497037
v 6.896484 37.342030 1.094529
v 7.402947 37.679302 1.381288
v 7.760583 37.564987 0.627259
v 2.281167 31.591253 -1.490020
v 2.088945 32.132107 -1.842737
v 2.931743 35.688293 -0.873644
v 2.387810 35.337868 -1.092159
v 1.848865 31.703083 -0.898717
v 1.554307 32.270401 -1.111460
v 4.505053 34.516418 -1.916241
v 4.637022 34.973209 -2.392804
v 2.740907 35.737663 -0.180847
v 2.149242 35.399578 -0.226079
v 1.652551 31.753860 -0.186035
v 1.311523 32.333206 -0.230073
v 8.263181 41.240414 -0.778926
v 8.537656 40.653522 -0.998082
v 2.805249 35.721016 0.536377
v 2.229679 35.378773 0.670536
v 1.718739 31.736738 0.551770
v 1.393380 32.312031 0.682385
v 11.798170 50.969284 0.861009
v 12.014297 50.879490 0.390996
v 12.270535 50.258224 0.526138
v 11.979705 50.379047 1.158608
v 3.116082 35.640614 1.181158
v 2.618256 35.278255 1.476591
v 2.038493 31.654030 1.215056
v 1.788825 32.209740 1.502684
v 5.651200 38.483589 -1.853741
v 5.519228 38.026794 -2.344697
v 3.631424 35.507309 1.666418
v 3.262496 35.111607 2.083225
v 8.860712 43.932468 -1.194416
v 9.194996 43.804493 -0.720422
v 9.761580 44.096668 -0.931880
v 9.329175 44.262211 -1.545005
v 2.568625 31.516897 1.714242
v 2.444448 32.040146 2.120036
v 4.281675 35.339100 1.926618
v 4.075391 34.901337 2.408507
v 6.338149 33.986820 -0.176807
v 6.926003 34.311897 -0.220782
v 3.237537 31.343864 1.981910
v 3.271707 31.826160 2.451066
v 4.979019 35.158726 1.926618
v 4.947153 34.675835 2.408507
v 7.894542 41.358242 -1.291412
v 7.374454 41.524483 -1.629487
v 7.398877 41.017525 -2.087960
v 8.065298 40.804508 -1.654763
v 3.954894 31.158308 1.981910
v 4.158875 31.596672 2.451066
v 8.101481 41.292103 1.053097
v 8.330456 40.719749 1.349399
v 5.629270 34.990517 1.666417
v 5.760048 34.465561 2.083225
v 7.424504 37.971252 -0.171041
v 7.762190 37.378784 -0.216340
v 4.623806 30.985275 1.714242
v 4.986132 31.382685 2.120036
v 2.983051 32.179192 -1.926712
v 2.704589 31.755142 -2.383173
v 7.245401 38.023010 -0.826284
v 7.535648 37.444233 -1.045122
v 2.044147 28.157896 -1.973336
v 1.981909 28.659924 -2.419059
v 2.353719 32.323235 -1.526970
v 1.926161 31.933304 -1.888728
v 1.399585 28.305420 -1.563921
v 1.191759 28.840771 -1.917168
v 1.907646 32.425327 -0.921001
v 1.374409 32.059586 -1.139198
v 3.596215 31.251085 -2.016241
v 3.715291 31.711416 -2.493523
v 0.942720 28.409985 -0.943289
v 0.631700 28.968954 -1.156353
v 1.705082 32.471687 -0.190649
v 1.123855 32.116936 -0.235816
v 8.374142 41.204941 0.478222
v 8.430586 41.186909 -0.161239
v 8.752160 40.584957 -0.206603
v 8.679838 40.608078 0.612775
v 0.735253 28.457472 -0.195263
v 0.377371 29.027163 -0.239367
v 6.275725 34.004856 0.524405
v 5.974162 34.091980 1.154793
v 6.471494 34.443211 1.441987
v 6.848056 34.334419 0.654822
v 1.773378 32.456055 0.565453
v 1.208332 32.097599 0.699417
v 0.805202 28.441460 0.579137
v 0.463121 29.007538 0.709949
v 2.103317 32.380547 1.245189
v 1.616434 32.004192 1.540187
v 4.630347 35.248913 -1.959991
v 4.511272 34.788586 -2.450227
v 1.143122 28.364117 1.275320
v 0.877368 28.912727 1.563380
v 2.650331 32.255344 1.756753
v 2.293044 31.849335 2.172948
v 1.703375 28.235891 1.799264
v 1.564167 28.755535 2.205670
v 6.850985 38.136951 -1.369931
v 6.294535 38.297714 -1.728562
v 6.332952 37.791706 -2.186365
v 7.036776 37.588364 -1.732751
v 3.340547 32.097366 2.031059
v 3.146783 31.653936 2.512241
v 2.410295 28.074095 2.080207
v 2.430760 28.557192 2.550071
v 5.539881 30.748314 -0.186037
v 6.119059 31.089626 -0.230072
v 4.080750 31.927956 2.031059
v 4.062346 31.444386 2.512241
v 6.153004 34.040314 -0.854142
v 6.694814 34.378693 -1.066564
v 3.168408 27.900581 2.080207
v 3.360111 28.344490 2.550071
v 4.770967 31.769983 1.756753
v 4.916084 31.248985 2.172949
v 4.301358 31.068687 -1.880088
v 4.587352 31.485836 -2.325141
v 3.875327 27.738783 1.799264
v 4.226705 28.146147 2.205669
v 2.122515 28.928331 -2.025787
v 1.856343 28.496559 -2.481577
v 1.299280 24.881781 -2.066583
v 1.222696 25.381920 -2.512977
v 5.170080 34.324284 -1.786841
v 5.745291 34.158100 -1.416120
v 6.185705 34.525780 -1.768303
v 5.467441 34.733295 -2.231223
v 1.456825 29.061110 -1.605490
v 1.040876 28.659212 -1.966716
v 5.473692 30.765434 0.551771
v 5.153939 30.848146 1.215057
v 5.641757 31.213089 1.502683
v 6.037201 31.110800 0.682385
v 0.620183 25.017231 -1.637822
v 0.396911 25.546629 -1.991601
v 0.984983 29.155226 -0.968362
v 0.462872 28.774498 -1.186238
v 0.138839 25.113241 -0.987863
v -0.188407 25.663376 -1.201248
v 2.789351 27.987337 -2.116241
v 2.895436 28.450842 -2.594243
v 0.770714 29.197960 -0.200451
v 0.200394 28.826853 -0.245553
v -0.079744 25.156839 -0.204489
v -0.454206 25.716393 -0.248660
v 6.328948 34.809525 -0.873644
v 6.634733 34.239304 -1.092160
v 0.842957 29.183552 0.594531
v 0.288892 28.809200 0.728296
v -0.006047 25.142139 0.606503
v -0.364589 25.698519 0.737512
v 9.232031 44.514530 0.989071
v 9.485716 44.425510 0.449146
v 9.775162 43.820065 0.583897
v 9.445371 43.935795 1.285802
v 1.191955 29.113939 1.309218
v 0.716412 28.723928 1.603784
v 0.349979 25.071127 1.335583
v 0.068341 25.612165 1.624077
v 3.710647 32.012661 -2.066241
v 3.604565 31.549160 -2.555757
v 1.770573 28.998529 1.847089
v 1.425215 28.582552 2.262673
v 6.681404 37.410782 -1.342219
v 7.064548 37.288311 -0.809568
v 7.615042 37.611511 -1.021670
v 7.131519 37.766064 -1.693871
v 0.940250 24.953394 1.884286
v 0.786114 25.468998 2.291303
v 2.500667 28.852905 2.135500
v 2.319576 28.404161 2.615974
v 4.843451 27.517206 -0.195261
v 5.413501 27.874517 -0.239368
v 1.685046 24.804836 2.178505
v 1.691791 25.288353 2.649076
v 3.283633 28.696737 2.135500
v 3.278704 28.212856 2.615974
v 5.908708 34.918240 -1.448451
v 5.315815 35.071598 -1.827637
v 5.368191 34.566921 -2.284768
v 6.109379 34.375195 -1.810738
v 2.483780 24.645523 2.178505
v 2.663055 25.094625 2.649076
v 6.144610 34.857212 1.181159
v 6.404288 34.298912 1.476593
v 4.013725 28.551111 1.847089
v 4.173063 28.034470 2.262673
v 5.716216 31.553637 -0.190649
v 6.085274 30.981386 -0.235814
v 3.228576 24.496965 1.884286
v 3.568732 24.913982 2.291303
v 1.363410 25.673630 -2.124862
v 1.109740 25.234493 -2.579981
v 5.513650 31.600000 -0.921003
v 5.834717 31.038733 -1.139199
v 0.656520 21.605150 -2.159830
v 0.565647 22.102987 -2.606895
v 0.661522 25.793211 -1.684010
v 0.257516 25.379684 -2.044703
v -0.056919 21.726698 -1.711722
v -0.295467 22.249695 -2.066034
v 0.164023 25.877970 -1.015722
v -0.346541 25.482599 -1.233277
v 2.084412 24.725178 -2.216241
v 2.177423 25.191490 -2.694962
v -0.562604 21.812853 -1.032437
v -0.905826 22.353682 -1.246143
v -0.061897 25.916460 -0.210256
v -0.620849 25.529333 -0.255289
v 6.455444 34.776814 0.536378
v 6.519788 34.760170 -0.180843
v 6.873302 34.177589 -0.226077
v 6.792867 34.198395 0.670534
v -0.792242 21.851976 -0.213716
v -1.182996 22.400904 -0.257953
v 4.773500 27.533213 0.579137
v 4.435580 27.610558 1.275320
v 4.913503 27.988955 1.563381
v 5.327752 27.894146 0.709948
v 0.014274 25.903482 0.623607
v -0.528364 25.513578 0.757175
v -0.714817 21.838785 0.633869
v -1.089545 22.384983 0.765075
v 0.382249 25.840792 1.373248
v -0.081573 25.437458 1.667380
v 2.892150 28.774822 -2.172491
v 2.799139 28.308508 -2.661288
v -0.340787 21.775061 1.395847
v -0.638094 22.308069 1.684775
v 0.992330 25.736851 1.937424
v 0.659179 25.311255 2.352396
v 0.279334 21.669411 1.969307
v 0.110387 22.180552 2.376936
v 5.067578 31.702093 -1.526971
v 4.438248 31.846138 -1.926712
v 4.504539 31.343176 -2.383173
v 5.282967 31.165014 -1.888728
v 1.762123 25.605703 2.239941
v 1.593852 25.152014 2.719708
v 1.061794 21.536104 2.276802
v 1.054810 22.019650 2.748080
v 4.248569 24.293518 -0.204490
v 4.809051 24.666590 -0.248659
v 2.587663 25.465052 2.239941
v 2.596212 24.981241 2.719708
v 4.635983 27.564686 -0.943289
v 5.159172 27.932728 -1.156353
v 1.900920 21.393143 2.276802
v 2.067626 21.847095 2.748080
v 3.357455 25.333906 1.937425
v 3.530884 24.822001 2.352396
v 2.869547 24.568581 -2.066583
v 3.132149 25.001060 -2.512977
v 2.683380 21.259834 1.969307
v 3.012050 21.686192 2.376936
v 0.705871 22.415085 -2.223938
v 0.464907 21.968943 -2.678385
v 0.115907 18.328014 -2.253077
v 0.010814 18.823143 -2.700814
v 3.534556 27.816778 -1.973336
v 4.179117 27.669256 -1.563921
v 4.599113 28.060911 -1.917168
v 3.808962 28.241758 -2.419059
v -0.031973 22.519531 -1.762529
v -0.423711 22.094734 -2.122691
v 4.174873 24.308220 0.606502
v 3.818846 24.379230 1.335583
v 4.286505 24.770817 1.624078
v 4.719434 24.684464 0.737511
v -0.631604 18.433832 -1.785623
v -0.885245 18.949987 -2.140467
v -0.554957 22.593563 -1.063082
v -1.053563 22.183897 -1.280316
v -1.161441 18.508839 -1.077011
v -1.520372 19.039896 -1.291037
v 1.481357 21.464622 -2.316241
v 1.561218 21.933372 -2.795682
v -0.792449 22.627184 -0.220059
v -1.339586 22.224384 -0.265027
v -1.402046 18.542892 -0.222942
v -1.808789 19.080727 -0.267246
v 4.799316 28.394421 -0.968363
v 5.135407 27.842520 -1.186238
v -0.712376 22.615847 0.652684
v -1.243151 22.210735 0.786056
v -1.320922 18.531416 0.661236
v -1.711547 19.066957 0.792638
v 7.072392 38.072990 1.117129
v 7.364120 37.988708 0.507301
v 7.685810 37.400848 0.641656
v 7.316819 37.507454 1.412996
v -0.325551 22.561090 1.437278
v -0.777281 22.144785 1.730976
v -0.929030 18.475935 1.456110
v -1.241775 19.000460 1.745472
v 2.174893 25.535378 -2.278741
v 2.095032 25.066629 -2.766819
v 0.315783 22.470303 2.027760
v -0.004894 22.035446 2.442120
v 4.911265 30.910921 -1.490020
v 5.343567 30.799093 -0.898716
v 5.876273 31.152428 -1.111459
v 5.341636 31.290724 -1.842735
v -0.279292 18.383961 2.054329
v -0.462921 18.890205 2.462570
v 1.125010 22.355747 2.344382
v 0.969693 21.897486 2.823441
v 3.754956 21.077269 -0.213716
v 4.305432 21.465839 -0.257953
v 0.540537 18.267904 2.375100
v 0.519828 18.751087 2.847085
v 1.992839 22.232901 2.344382
v 2.014859 21.749531 2.823442
v 4.327475 28.488533 -1.605489
v 3.661784 28.621311 -2.025787
v 3.741936 28.120461 -2.481577
v 4.557404 27.957808 -1.966716
v 1.419739 18.143448 2.375100
v 1.573745 18.601896 2.847085
v 4.592344 28.435703 1.309218
v 4.881867 27.893091 1.603784
v 2.802066 22.118345 2.027760
v 2.989446 21.611570 2.442120
v 4.411682 25.154295 -0.210256
v 4.810913 24.603924 -0.255290
v 2.239568 18.027391 2.054329
v 2.556494 18.462778 2.462570
v 0.150039 19.152683 -2.323013
v -0.078027 18.699911 -2.776789
v 4.185762 25.192785 -1.015723
v 4.536605 24.650658 -1.233277
v -0.322515 15.050388 -2.346324
v -0.441748 15.542399 -2.794733
v -0.623438 19.240070 -1.841049
v -1.002595 18.804365 -2.200679
v -1.103754 15.138653 -1.859524
v -1.372291 15.647530 -2.214899
v -1.171680 19.302006 -1.110441
v -1.657930 18.878405 -1.327355
v 0.980138 18.205677 -2.416241
v 1.046787 18.676491 -2.896402
v -1.657497 15.201212 -1.121585
v -2.031860 15.722045 -1.335933
v -1.420643 19.330135 -0.229863
v -1.955524 18.912025 -0.274764
v 4.941342 28.366093 0.594531
v 5.013585 28.351683 -0.200452
v 5.397885 27.790167 -0.245553
v 5.309388 27.807819 0.728297
v -1.908958 15.229620 -0.232169
v -2.331378 15.755884 -0.276539
v 3.677531 21.090460 0.633869
v 3.303501 21.154182 1.395847
v 3.760530 21.558674 1.684775
v 4.211981 21.481762 0.765075
v -1.336703 19.320650 0.681760
v -1.855187 18.900690 0.814935
v -1.824175 15.220043 0.688602
v -2.230392 15.744474 0.820201
v -0.931196 19.274841 1.501308
v -1.370469 18.845926 1.794573
v 1.558924 22.294323 -2.384991
v 1.492276 21.823509 -2.872349
v -1.414599 15.173771 1.516374
v -1.742542 15.689359 1.806169
v -0.258890 19.198881 2.118095
v -0.566834 18.755135 2.531843
v -0.735546 15.097053 2.139351
v -0.933714 15.597980 2.548203
v 3.688264 25.277544 -1.684010
v 2.986377 25.397125 -2.124862
v 3.080325 24.898764 -2.579981
v 3.932548 24.753571 -2.044703
v 0.589419 19.103043 2.448822
v 0.447182 18.640574 2.927175
v 0.121275 15.000252 2.473397
v 0.086855 15.482680 2.946090
v 3.362322 17.868456 -0.222942
v 3.902363 18.272257 -0.267247
v 1.499160 19.000263 2.448822
v 1.534632 18.517717 2.927175
v 3.525318 21.116392 -1.032437
v 4.028262 21.513062 -1.246142
v 1.040146 14.896441 2.473397
v 1.181331 15.359029 2.946090
v 2.347468 18.904425 2.118096
v 2.548649 18.403158 2.531844
v 1.844369 18.083336 -2.253077
v 2.082759 18.529840 -2.700814
v 1.896967 14.799639 2.139351
v 2.201900 15.243728 2.548204
v -0.303950 15.886438 -2.422088
v -0.518934 15.427404 -2.875193
v 2.306194 21.324095 -2.159830
v 3.019633 21.202547 -1.711722
v 3.417902 21.617046 -2.066034
v 2.556789 21.763756 -2.606896
v -0.658704 11.772288 -2.439572
v -0.791985 12.260775 -2.888651
v -1.112659 15.954836 -1.919569
v -1.478930 15.508597 -2.278667
v -1.473251 11.841177 -1.933425
v -1.756475 12.342347 -2.289332
v 3.281199 17.879940 0.661236
v 2.889306 17.935415 1.456110
v 3.335348 18.352524 1.745472
v 3.805120 18.286024 0.792639
v -1.685873 16.003315 -1.157802
v -2.159376 15.566147 -1.374394
v 0.580710 14.948346 -2.516241
v 0.634093 15.420854 -2.997121
v -2.050602 11.890008 -1.166159
v -2.440106 12.400166 -1.380827
v -1.946175 16.025330 -0.239667
v -2.468374 15.592281 -0.284501
v 3.672806 21.995087 -1.063082
v 4.038116 21.463120 -1.280315
v -2.312784 11.912181 -0.241396
v -2.750549 12.426422 -0.285832
v -1.858411 16.017908 0.710837
v -2.364192 15.583468 0.843815
v 5.317982 31.644783 1.245188
v 5.647919 31.569271 0.565454
v 6.000797 31.000721 0.699416
v 5.592695 31.094128 1.540188
v -2.224387 11.904706 0.715968
v -2.645880 12.417569 0.847765
v -1.434434 15.982048 1.565338
v -1.860900 15.540902 1.858169
v 1.044289 19.051653 -2.491241
v 0.990907 18.579147 -2.977879
v -1.797350 11.868588 1.576637
v -2.140233 12.374804 1.866866
v -0.731504 15.922599 2.208431
v -1.026471 15.470330 2.621567
v -1.089345 11.808709 2.224372
v -1.301899 12.303901 2.633837
v 3.548641 24.433121 -1.637821
v 4.029986 24.337120 -0.987865
v 4.543252 24.719604 -1.201247
v 3.957935 24.836353 -1.991601
v 0.155444 15.847584 2.553263
v 0.026400 15.381283 3.030908
v -0.195994 11.733152 2.571694
v -0.244099 12.214437 3.045094
v 3.070379 14.667071 -0.232170
v 3.599564 15.085824 -0.276539
v 1.106624 15.767138 2.553263
v 1.155519 15.285787 3.030908
v 3.443400 22.027557 1.437278
v 3.761833 21.502232 1.730977
v 0.762052 11.652125 2.571694
v 0.890305 12.118493 3.045094
v 3.149822 22.069118 -1.762529
v 2.411978 22.173567 -2.223938
v 2.519646 21.678074 -2.678385
v 3.408262 21.552282 -2.122691
v 1.993572 15.692124 2.208431
v 2.208391 15.196739 2.621567
v 1.483935 14.846302 -2.346324
v 1.709934 15.299309 -2.794732
v 1.655402 11.576571 2.224373
v 1.948104 12.029029 2.633837
v -0.655955 12.616350 -2.521163
v -0.857686 12.151437 -2.973598
v 3.830225 21.972801 0.652684
v 3.910299 21.961464 -0.220060
v 4.324139 21.422632 -0.265027
v 4.227703 21.436281 0.786056
v -0.892621 8.493723 -2.532819
v -1.039846 8.978289 -2.982569
v -1.499414 12.663847 -1.998088
v -1.852507 12.207454 -2.356654
v -1.739979 8.541440 -2.007326
v -2.037668 9.034474 -2.363765
v 2.985596 14.676648 0.688602
v 2.576020 14.722922 1.516374
v 3.010728 15.152349 1.806169
v 3.498578 15.097233 0.820201
v -2.097258 12.697510 -1.205161
v -2.557637 12.247160 -1.421433
v 0.283028 11.692638 -2.616241
v 0.323103 12.166465 -3.097841
v -2.340587 8.575258 -1.210733
v -2.744925 9.074300 -1.425721
v -2.368745 12.712797 -0.249469
v -2.877844 12.265191 -0.294238
v 3.260260 18.801302 -1.110441
v 3.639744 18.279888 -1.327354
v -2.613330 8.590616 -0.250623
v -3.066099 9.092386 -0.295126
v -2.277210 12.707643 0.739914
v -2.769883 12.259112 0.872695
v -2.521371 8.585440 0.743335
v -2.957812 9.086287 0.875328
v -1.835015 12.682743 1.629368
v -2.248334 12.229743 1.921766
v 0.631034 15.807361 -2.597491
v 0.590960 15.333534 -3.083409
v -2.077132 8.560424 1.636901
v -2.434690 9.056830 1.927563
v -1.101881 12.641461 2.298767
v -1.383636 12.181052 2.711291
v -1.340608 8.518950 2.309394
v -1.567381 9.007993 2.719471
v -0.176822 12.589371 2.657704
v -0.292569 12.119616 3.134642
v -0.411273 8.466620 2.669991
v -0.473025 8.946370 3.144099
v 2.878841 11.473097 -0.241396
v 3.396755 11.906509 -0.285833
v 0.815229 12.533509 2.657704
v 0.877509 12.053728 3.134642
v 3.019775 18.828468 1.501308
v 3.352283 18.312365 1.794574
v 0.585365 8.410500 2.669991
v 0.700585 8.880285 3.144099
v 2.712018 18.863237 -1.841049
v 1.938541 18.950626 -2.323013
v 2.059841 18.458380 -2.776789
v 2.984409 18.353928 -2.200679
v 1.740288 12.481420 2.298767
v 1.968575 11.992290 2.711291
v 1.224761 11.612991 -2.439572
v 1.438190 12.072156 -2.888650
v 1.514701 8.358169 2.309394
v 1.794942 8.818663 2.719471
v -0.905841 9.342436 -2.620238
v -1.094158 8.872023 -3.072002
v -1.024222 5.214720 -2.626066
v -1.185275 5.694961 -3.076487
v 3.425282 18.782658 0.681760
v 3.509222 18.773172 -0.229862
v 3.937338 18.246267 -0.274764
v 3.837001 18.257603 0.814935
v -1.783486 9.367125 -2.076608
v -2.123121 8.900970 -2.434643
v 2.790444 11.480573 0.715968
v 2.363407 11.516689 1.576637
v 2.786439 11.958126 1.866866
v 3.292086 11.915361 0.847764
v -1.903820 5.239465 -2.081227
v -2.215740 5.723950 -2.438197
v -2.405562 9.384625 -1.252521
v -2.852451 8.921487 -1.468471
v -2.527279 5.257005 -1.255307
v -2.946136 5.744498 -1.470616
v 0.087046 8.438560 -2.716241
v 0.113780 8.913327 -3.198560
v -2.688054 9.392572 -0.259273
v -3.183647 8.930804 -0.303976
v -2.810399 5.264969 -0.259850
v -3.277816 5.753829 -0.304419
v 2.947940 15.611407 -1.157802
v 3.341295 15.100924 -1.374394
v -2.592809 9.389894 0.768991
v -3.071981 8.927664 0.901574
v -2.714942 5.262284 0.770701
v -3.165987 5.750683 0.902891
v -2.132691 9.376948 1.693398
v -2.532532 8.912488 1.985361
v -2.253801 5.249311 1.697164
v -2.625750 5.735485 1.988261
v 0.319204 12.561440 -2.703741
v 0.292470 12.086672 -3.188939
v -1.369841 9.355489 2.389102
v -1.638157 8.887326 2.801015
v -1.489254 5.227802 2.394416
v -1.730069 5.710287 2.805105
v -0.407287 9.328409 2.762145
v -0.509647 8.855578 3.238375
v 2.787422 8.286502 -0.250624
v 3.293659 8.734271 -0.295126
v -0.524559 5.200663 2.768289
v -0.599910 5.678493 3.243104
v 0.624974 9.299370 2.762145
v 0.700589 8.821531 3.238375
v 2.374727 15.659885 -1.919569
v 1.566018 15.728284 -2.422088
v 1.700853 15.239665 -2.875193
v 2.660849 15.158473 -2.278667
v 0.509997 5.171558 2.768289
v 0.612092 5.644396 3.243104
v 2.696502 15.632672 1.565338
v 3.042820 15.126167 1.858169
v 1.587528 9.272289 2.389102
v 1.829100 8.789784 2.801015
v 3.007152 12.410083 -0.249470
v 3.462783 11.908154 -0.294238
v 1.474692 5.144419 2.394416
v 1.742252 5.612602 2.805104
v -1.053468 6.064706 -2.719313
v -1.228222 5.589183 -3.170406
v 2.735665 12.425370 -1.205161
v 3.142576 11.926184 -1.421433
v -1.053468 1.935294 -2.719313
v -1.228222 2.410817 -3.170406
v -1.964659 6.064706 -2.155128
v -2.290565 5.589183 -2.512630
v 3.967537 25.229963 1.373248
v 4.335511 25.167273 0.623607
v 4.718428 24.619680 0.757176
v 4.271637 24.695799 1.667380
v -1.964659 1.935294 -2.155128
v -2.290565 2.410817 -2.512630
v -2.610512 6.064706 -1.299881
v -3.043555 5.589183 -1.515511
v -0.007280 5.186111 -2.816241
v 0.006091 5.661445 -3.299280
v -2.610512 1.935294 -1.299881
v -3.043555 2.410817 -1.515511
v -2.903800 6.064706 -0.269077
v -3.385496 5.589183 -0.313712
v 3.120480 15.596814 0.710837
v 3.208243 15.589392 -0.239666
v 3.650294 15.074790 -0.284501
v 3.546111 15.083601 0.843815
v -2.903800 1.935294 -0.269077
v -3.385496 2.410817 -0.313712
v 2.695464 8.291682 0.743335
v 2.251225 8.316696 1.636901
v 2.662250 8.769825 1.927564
v 3.185372 8.740369 0.875328
v -2.804915 6.064706 0.798067
v -3.270207 5.589183 0.930454
v -2.804915 1.935294 0.798068
v -3.270207 2.410817 0.930454
v -2.327210 6.064706 1.757428
v -2.713259 5.589183 2.048958
v 0.108844 9.313890 -2.809991
v 0.095471 8.838556 -3.294470
v -2.327210 1.935294 1.757428
v -2.713259 2.410817 2.048958
v -1.535203 6.064706 2.479438
v -1.789869 5.589183 2.890738
v -1.535203 1.935294 2.479438
v -1.789869 2.410817 2.890738
v 2.137821 12.459035 -1.998088
v 1.294363 12.506529 -2.521163
v 1.442625 12.021908 -2.973598
v 2.437446 11.965889 -2.356654
v -0.535858 6.064706 2.866586
v -0.624748 5.589183 3.342109
v -0.535858 1.935294 2.866586
v -0.624748 2.410817 3.342109
v 2.795837 5.107253 -0.259850
v 3.289998 5.569060 -0.304419
v 0.535858 6.064706 2.866586
v 0.624748 5.589183 3.342109
v 2.514680 8.301861 -1.210732
v 2.972486 8.752356 -1.425721
v 0.535858 1.935294 2.866586
v 0.624748 2.410817 3.342109
v 1.535203 6.064706 2.479438
v 1.789869 5.589183 2.890738
v 0.000000 6.064706 -2.916241
v 0.000000 5.589183 -3.400000
v 1.053468 1.935294 -2.719313
v 1.228222 2.410817 -3.170406
v 1.053468 6.064706 -2.719313
v 1.228222 5.589183 -3.170406
v 1.964659 1.935294 -2.155128
v 2.290565 2.410817 -2.512630
v 1.964659 6.064706 -2.155128
v 2.290565 5.589183 -2.512630
v 2.610512 1.935294 -1.299881
v 3.043555 2.410817 -1.515511
v 2.610512 6.064706 -1.299881
v 3.043555 5.589183 -1.515511
v 2.903800 1.935294 -0.269077
v 3.385496 2.410817 -0.313712
v 2.903800 6.064706 -0.269077
v 3.385496 5.589183 -0.313712
v 2.804915 1.935294 0.798067
v 3.270207 2.410817 0.930454
v 2.804915 6.064706 0.798068
v 3.270207 5.589183 0.930454
v 2.327210 1.935294 1.757428
v 2.713259 2.410817 2.048958
v 2.327210 6.064706 1.757428
v 2.713259 5.589183 2.048958
v 1.535203 1.935294 2.479438
v 1.789869 2.410817 2.890738
v 1.535203 6.064706 2.479438
v 1.789869 5.589183 2.890738
v 0.535858 1.935294 2.866586
v 0.624748 2.410817 3.342109
v 0.535858 6.064706 2.866586
v 0.624748 5.589183 3.342109
v -0.535858 1.935294 2.866586
v -0.624748 2.410817 3.342109
v -0.535858 6.064706 2.866586
v -0.624748 5.589183 3.342109
v -1.535203 1.935294 2.479438
v -1.789869 2.410817 2.890738
v -1.535203 6.064706 2.479438
v -1.789869 5.589183 2.890738
v -2.327210 1.935294 1.757428
v -2.713259 2.410817 2.048958
v -2.327210 6.064706 1.757428
v -2.713259 5.589183 2.048958
v -2.804915 1.935294 0.798068
v -3.270207 2.410817 0.930454
v -2.804915 6.064706 0.798067
v -3.270207 5.589183 0.930454
v -2.903800 1.935294 -0.269077
v -3.385496 2.410817 -0.313712
v -2.903800 6.064706 -0.269077
v -3.385496 5.589183 -0.313712
v -2.610512 1.935294 -1.299881
v -3.043555 2.410817 -1.515511
v -2.610512 6.064706 -1.299881
v -3.043555 5.589183 -1.515511
v -1.964659 1.935294 -2.155128
v -2.290565 2.410817 -2.512630
v -1.964659 6.064706 -2.155128
v -2.290565 5.589183 -2.512630
v -1.053468 1.935294 -2.719313
v -1.228222 2.410817 -3.170406
v -1.053468 6.064706 -2.719313
v -1.228222 5.589183 -3.170406
v -0.007280 5.186111 -2.816241
v 0.006091 5.661445 -3.299280
v 0.108844 9.313890 -2.809991
v 0.095471 8.838556 -3.294470
v 1.009660 5.157501 -2.626066
v 1.197458 5.627929 -3.076487
v 1.123528 9.285344 -2.620238
v 1.285100 8.805088 -3.072001
v 1.889258 5.132757 -2.081227
v 2.227923 5.598939 -2.438198
v 2.001173 9.260654 -2.076608
v 2.314063 8.776141 -2.434643
v 2.512717 5.115217 -1.255307
v 2.958318 5.578392 -1.470616
v 2.623249 9.243154 -1.252521
v 3.043393 8.755623 -1.468472
v 2.795837 5.107253 -0.259850
v 3.289998 5.569060 -0.304419
v 2.905741 9.235205 -0.259273
v 3.374590 8.746306 -0.303975
v 2.700380 5.109937 0.770701
v 3.178169 5.572206 0.902891
v 2.810496 9.237885 0.768990
v 3.262924 8.749447 0.901574
v 2.239239 5.122911 1.697164
v 2.637933 5.587405 1.988261
v 2.350378 9.250830 1.693398
v 2.723475 8.764623 1.985362
v 1.474692 5.144419 2.394416
v 1.742252 5.612602 2.805104
v 1.587528 9.272289 2.389102
v 1.829100 8.789784 2.801015
v 0.509997 5.171558 2.768289
v 0.612092 5.644396 3.243104
v 0.624974 9.299370 2.762145
v 0.700589 8.821531 3.238375
v -0.524559 5.200663 2.768289
v -0.599910 5.678493 3.243104
v -0.407287 9.328409 2.762145
v -0.509647 8.855578 3.238375
v -1.489254 5.227802 2.394416
v -1.730069 5.710287 2.805105
v -1.369841 9.355489 2.389102
v -1.638157 8.887326 2.801015
v -2.253801 5.249311 1.697164
v -2.625750 5.735485 1.988261
v -2.132691 9.376948 1.693398
v -2.532532 8.912488 1.985361
v -2.714942 5.262284 0.770701
v -3.165987 5.750683 0.902891
v -2.592809 9.389894 0.768991
v -3.071981 8.927664 0.901574
v -2.810399 5.264969 -0.259850
v -3.277816 5.753829 -0.304419
v -2.688054 9.392572 -0.259273
v -3.183647 8.930804 -0.303976
v -2.527279 5.257005 -1.255307
v -2.946136 5.744498 -1.470616
v -2.405562 9.384625 -1.252521
v -2.852451 8.921487 -1.468471
v -1.903820 5.239465 -2.081227
v -2.215740 5.723950 -2.438197
v -1.783486 9.367125 -2.076608
v -2.123121 8.900970 -2.434643
v -1.024222 5.214720 -2.626066
v -1.185275 5.694961 -3.076487
v -0.905841 9.342436 -2.620238
v -1.094158 8.872023 -3.072002
v 0.087046 8.438560 -2.716241
v 0.113780 8.913327 -3.198560
v 0.319204 12.561440 -2.703741
v 0.292470 12.086672 -3.188939
v 1.066714 8.383395 -2.532819
v 1.267406 8.848368 -2.982569
v 1.294363 12.506529 -2.521163
v 1.442625 12.021908 -2.973598
v 1.914072 8.335682 -2.007326
v 2.265229 8.792180 -2.363765
v 2.137821 12.459035 -1.998088
v 2.437446 11.965889 -2.356654
v 2.514680 8.301861 -1.210732
v 2.972486 8.752356 -1.425721
v 2.735665 12.425370 -1.205161
v 3.142576 11.926184 -1.421433
v 2.787422 8.286502 -0.250624
v 3.293659 8.734271 -0.295126
v 3.007152 12.410083 -0.249470
v 3.462783 11.908154 -0.294238
v 2.695464 8.291682 0.743335
v 3.185372 8.740369 0.875328
v 2.915618 12.415238 0.739913
v 3.354822 11.914232 0.872694
v 2.251225 8.316696 1.636901
v 2.662250 8.769825 1.927564
v 2.473423 12.440137 1.629368
v 2.833273 11.943600 1.921765
v 1.514701 8.358169 2.309394
v 1.794942 8.818663 2.719471
v 1.740288 12.481420 2.298767
v 1.968575 11.992290 2.711291
v 0.585365 8.410500 2.669991
v 0.700585 8.880285 3.144099
v 0.815229 12.533509 2.657704
v 0.877509 12.053728 3.134642
v -0.411273 8.466620 2.669991
v -0.473025 8.946370 3.144099
v -0.176822 12.589371 2.657704
v -0.292569 12.119616 3.134642
v -1.340608 8.518950 2.309394
v -1.567381 9.007993 2.719471
v -1.101881 12.641461 2.298767
v -1.383636 12.181052 2.711291
v -2.077132 8.560424 1.636901
v -2.434690 9.056830 1.927563
v -1.835015 12.682743 1.629368
v -2.248334 12.229743 1.921766
v -2.521371 8.585440 0.743335
v -2.957812 9.086287 0.875328
v -2.277210 12.707643 0.739914
v -2.769883 12.259112 0.872695
v -2.613330 8.590616 -0.250623
v -3.066099 9.092386 -0.295126
v -2.368745 12.712797 -0.249469
v -2.877844 12.265191 -0.294238
v -2.340587 8.575258 -1.210733
v -2.744925 9.074300 -1.425721
v -2.097258 12.697510 -1.205161
v -2.557637 12.247160 -1.421433
v -1.739979 8.541440 -2.007326
v -2.037668 9.034474 -2.363765
v -1.499414 12.663847 -1.998088
v -1.852507 12.207454 -2.356654
v -0.892621 8.493723 -2.532819
v -1.039846 8.978289 -2.982569
v -0.655955 12.616350 -2.521163
v -0.857686 12.151437 -2.973598
v 0.283028 11.692638 -2.616241
v 0.323103 12.166465 -3.097841
v 0.631034 15.807361 -2.597491
v 0.590960 15.333534 -3.083409
v 1.224761 11.612991 -2.439572
v 1.438190 12.072156 -2.888650
v 1.566018 15.728284 -2.422088
v 1.700853 15.239665 -2.875193
v 2.039308 11.544101 -1.933425
v 2.402680 11.990583 -2.289332
v 2.374727 15.659885 -1.919569
v 2.660849 15.158473 -2.278667
v 2.616660 11.495270 -1.166159
v 3.086311 11.932765 -1.380826
v 2.947940 15.611407 -1.157802
v 3.341295 15.100924 -1.374394
v 2.878841 11.473097 -0.241396
v 3.396755 11.906509 -0.285833
v 3.208243 15.589392 -0.239666
v 3.650294 15.074790 -0.284501
v 2.790444 11.480573 0.715968
v 3.292086 11.915361 0.847764
v 3.120480 15.596814 0.710837
v 3.546111 15.083601 0.843815
v 2.363407 11.516689 1.576637
v 2.786439 11.958126 1.866866
v 2.696502 15.632672 1.565338
v 3.042820 15.126167 1.858169
v 1.655402 11.576571 2.224373
v 1.948104 12.029029 2.633837
v 1.993572 15.692124 2.208431
v 2.208391 15.196739 2.621567
v 0.762052 11.652125 2.571694
v 0.890305 12.118493 3.045094
v 1.106624 15.767138 2.553263
v 1.155519 15.285787 3.030908
v -0.195994 11.733152 2.571694
v -0.244099 12.214437 3.045094
v 0.155444 15.847584 2.553263
v 0.026400 15.381283 3.030908
v -1.089345 11.808709 2.224372
v -1.301899 12.303901 2.633837
v -0.731504 15.922599 2.208431
v -1.026471 15.470330 2.621567
v -1.797350 11.868588 1.576637
v -2.140233 12.374804 1.866866
v -1.434434 15.982048 1.565338
v -1.860900 15.540902 1.858169
v -2.224387 11.904706 0.715968
v -2.645880 12.417569 0.847765
v -1.858411 16.017908 0.710837
v -2.364192 15.583468 0.843815
v -2.312784 11.912181 -0.241396
v -2.750549 12.426422 -0.285832
v -1.946175 16.025330 -0.239667
v -2.468374 15.592281 -0.284501
v -2.050602 11.890008 -1.166159
v -2.440106 12.400166 -1.380827
v -1.685873 16.003315 -1.157802
v -2.159376 15.566147 -1.374394
v -1.473251 11.841177 -1.933425
v -1.756475 12.342347 -2.289332
v -1.112659 15.954836 -1.919569
v -1.478930 15.508597 -2.278667
v -0.658704 11.772288 -2.439572
v -0.791985 12.260775 -2.888651
v -0.303950 15.886438 -2.422088
v -0.518934 15.427404 -2.875193
v 0.580710 14.948346 -2.516241
v 0.634093 15.420854 -2.997121
v 1.044289 19.051653 -2.491241
v 0.990907 18.579147 -2.977879
v 1.483935 14.846302 -2.346324
v 1.709934 15.299309 -2.794732
v 1.938541 18.950626 -2.323013
v 2.059841 18.458380 -2.776789
v 2.265175 14.758041 -1.859524
v 2.640477 15.194179 -2.214899
v 2.712018 18.863237 -1.841049
v 2.984409 18.353928 -2.200679
v 2.818918 14.695478 -1.121585
v 3.300046 15.119663 -1.335932
v 3.260260 18.801302 -1.110441
v 3.639744 18.279888 -1.327354
v 3.070379 14.667071 -0.232170
v 3.599564 15.085824 -0.276539
v 3.509222 18.773172 -0.229862
v 3.937338 18.246267 -0.274764
v 2.985596 14.676648 0.688602
v 3.498578 15.097233 0.820201
v 3.425282 18.782658 0.681760
v 3.837001 18.257603 0.814935
v 2.576020 14.722922 1.516374
v 3.010728 15.152349 1.806169
v 3.019775 18.828468 1.501308
v 3.352283 18.312365 1.794574
v 1.896967 14.799639 2.139351
v 2.201900 15.243728 2.548204
v 2.347468 18.904425 2.118096
v 2.548649 18.403158 2.531844
v 1.040146 14.896441 2.473397
v 1.181331 15.359029 2.946090
v 1.499160 19.000263 2.448822
v 1.534632 18.517717 2.927175
v 0.121275 15.000252 2.473397
v 0.086855 15.482680 2.946090
v 0.589419 19.103043 2.448822
v 0.447182 18.640574 2.927175
v -0.735546 15.097053 2.139351
v -0.933714 15.597980 2.548203
v -0.258890 19.198881 2.118095
v -0.566834 18.755135 2.531843
v -1.414599 15.173771 1.516374
v -1.742542 15.689359 1.806169
v -0.931196 19.274841 1.501308
v -1.370469 18.845926 1.794573
v -1.824175 15.220043 0.688602
v -2.230392 15.744474 0.820201
v -1.336703 19.320650 0.681760
v -1.855187 18.900690 0.814935
v -1.908958 15.229620 -0.232169
v -2.331378 15.755884 -0.276539
v -1.420643 19.330135 -0.229863
v -1.955524 18.912025 -0.274764
v -1.657497 15.201212 -1.121585
v -2.031860 15.722045 -1.335933
v -1.171680 19.302006 -1.110441
v -1.657930 18.878405 -1.327355
v -1.103754 15.138653 -1.859524
v -1.372291 15.647530 -2.214899
v -0.623438 19.240070 -1.841049
v -1.002595 18.804365 -2.200679
v -0.322515 15.050388 -2.346324
v -0.441748 15.542399 -2.794733
v 0.150039 19.152683 -2.323013
v -0.078027 18.699911 -2.776789
v 0.980138 18.205677 -2.416241
v 1.046787 18.676491 -2.896402
v 1.558924 22.294323 -2.384991
v 1.492276 21.823509 -2.872349
v 1.844369 18.083336 -2.253077
v 2.082759 18.529840 -2.700814
v 2.411978 22.173567 -2.223938
v 2.519646 21.678074 -2.678385
v 2.591880 17.977520 -1.785623
v 2.978818 18.402994 -2.140466
v 3.149822 22.069118 -1.762529
v 3.408262 21.552282 -2.122691
v 3.121717 17.902514 -1.077011
v 3.613944 18.313086 -1.291038
v 3.672806 21.995087 -1.063082
v 4.038116 21.463120 -1.280315
v 3.362322 17.868456 -0.222942
v 3.902363 18.272257 -0.267247
v 3.910299 21.961464 -0.220060
v 4.324139 21.422632 -0.265027
v 3.281199 17.879940 0.661236
v 3.805120 18.286024 0.792639
v 3.830225 21.972801 0.652684
v 4.227703 21.436281 0.786056
v 2.889306 17.935415 1.456110
v 3.335348 18.352524 1.745472
v 3.443400 22.027557 1.437278
v 3.761833 21.502232 1.730977
v 2.239568 18.027391 2.054329
v 2.556494 18.462778 2.462570
v 2.802066 22.118345 2.027760
v 2.989446 21.611570 2.442120
v 1.419739 18.143448 2.375100
v 1.573745 18.601896 2.847085
v 1.992839 22.232901 2.344382
v 2.014859 21.749531 2.823442
v 0.540537 18.267904 2.375100
v 0.519828 18.751087 2.847085
v 1.125010 22.355747 2.344382
v 0.969693 21.897486 2.823441
v -0.279292 18.383961 2.054329
v -0.462921 18.890205 2.462570
v 0.315783 22.470303 2.027760
v -0.004894 22.035446 2.442120
v -0.929030 18.475935 1.456110
v -1.241775 19.000460 1.745472
v -0.325551 22.561090 1.437278
v -0.777281 22.144785 1.730976
v -1.320922 18.531416 0.661236
v -1.711547 19.066957 0.792638
v -0.712376 22.615847 0.652684
v -1.243151 22.210735 0.786056
v -1.402046 18.542892 -0.222942
v -1.808789 19.080727 -0.267246
v -0.792449 22.627184 -0.220059
v -1.339586 22.224384 -0.265027
v -1.161441 18.508839 -1.077011
v -1.520372 19.039896 -1.291037
v -0.554957 22.593563 -1.063082
v -1.053563 22.183897 -1.280316
v -0.631604 18.433832 -1.785623
v -0.885245 18.949987 -2.140467
v -0.031973 22.519531 -1.762529
v -0.423711 22.094734 -2.122691
v 0.115907 18.328014 -2.253077
v 0.010814 18.823143 -2.700814
v 0.705871 22.415085 -2.223938
v 0.464907 21.968943 -2.678385
v 1.481357 21.464622 -2.316241
v 1.561218 21.933372 -2.795682
v 2.174893 25.535378 -2.278741
v 2.095032 25.066629 -2.766819
v 2.306194 21.324095 -2.159830
v 2.556789 21.763756 -2.606896
v 2.986377 25.397125 -2.124862
v 3.080325 24.898764 -2.579981
v 3.019633 21.202547 -1.711722
v 3.417902 21.617046 -2.066034
v 3.688264 25.277544 -1.684010
v 3.932548 24.753571 -2.044703
v 3.525318 21.116392 -1.032437
v 4.028262 21.513062 -1.246142
v 4.185762 25.192785 -1.015723
v 4.536605 24.650658 -1.233277
v 3.754956 21.077269 -0.213716
v 4.305432 21.465839 -0.257953
v 4.411682 25.154295 -0.210256
v 4.810913 24.603924 -0.255290
v 3.677531 21.090460 0.633869
v 4.211981 21.481762 0.765075
v 4.335511 25.167273 0.623607
v 4.718428 24.619680 0.757176
v 3.303501 21.154182 1.395847
v 3.760530 21.558674 1.684775
v 3.967537 25.229963 1.373248
v 4.271637 24.695799 1.667380
v 2.683380 21.259834 1.969307
v 3.012050 21.686192 2.376936
v 3.357455 25.333906 1.937425
v 3.530884 24.822001 2.352396
v 1.900920 21.393143 2.276802
v 2.067626 21.847095 2.748080
v 2.587663 25.465052 2.239941
v 2.596212 24.981241 2.719708
v 1.061794 21.536104 2.276802
v 1.054810 22.019650 2.748080
v 1.762123 25.605703 2.239941
v 1.593852 25.152014 2.719708
v 0.279334 21.669411 1.969307
v 0.110387 22.180552 2.376936
v 0.992330 25.736851 1.937424
v 0.659179 25.311255 2.352396
v -0.340787 21.775061 1.395847
v -0.638094 22.308069 1.684775
v 0.382249 25.840792 1.373248
v -0.081573 25.437458 1.667380
v -0.714817 21.838785 0.633869
v -1.089545 22.384983 0.765075
v 0.014274 25.903482 0.623607
v -0.528364 25.513578 0.757175
v -0.792242 21.851976 -0.213716
v -1.182996 22.400904 -0.257953
v -0.061897 25.916460 -0.210256
v -0.620849 25.529333 -0.255289
v -0.562604 21.812853 -1.032437
v -0.905826 22.353682 -1.246143
v 0.164023 25.877970 -1.015722
v -0.346541 25.482599 -1.233277
v -0.056919 21.726698 -1.711722
v -0.295467 22.249695 -2.066034
v 0.661522 25.793211 -1.684010
v 0.257516 25.379684 -2.044703
v 0.656520 21.605150 -2.159830
v 0.565647 22.102987 -2.606895
v 1.363410 25.673630 -2.124862
v 1.109740 25.234493 -2.579981
v 2.084412 24.725178 -2.216241
v 2.177423 25.191490 -2.694962
v 2.892150 28.774822 -2.172491
v 2.799139 28.308508 -2.661288
v 2.869547 24.568581 -2.066583
v 3.132149 25.001060 -2.512977
v 3.661784 28.621311 -2.025787
v 3.741936 28.120461 -2.481577
v 3.548641 24.433121 -1.637821
v 3.957935 24.836353 -1.991601
v 4.327475 28.488533 -1.605489
v 4.557404 27.957808 -1.966716
v 4.029986 24.337120 -0.987865
v 4.543252 24.719604 -1.201247
v 4.799316 28.394421 -0.968363
v 5.135407 27.842520 -1.186238
v 4.248569 24.293518 -0.204490
v 4.809051 24.666590 -0.248659
v 5.013585 28.351683 -0.200452
v 5.397885 27.790167 -0.245553
v 4.174873 24.308220 0.606502
v 4.719434 24.684464 0.737511
v 4.941342 28.366093 0.594531
v 5.309388 27.807819 0.728297
v 3.818846 24.379230 1.335583
v 4.286505 24.770817 1.624078
v 4.592344 28.435703 1.309218
v 4.881867 27.893091 1.603784
v 3.228576 24.496965 1.884286
v 3.568732 24.913982 2.291303
v 4.013725 28.551111 1.847089
v 4.173063 28.034470 2.262673
v 2.483780 24.645523 2.178505
v 2.663055 25.094625 2.649076
v 3.283633 28.696737 2.135500
v 3.278704 28.212856 2.615974
v 1.685046 24.804836 2.178505
v 1.691791 25.288353 2.649076
v 2.500667 28.852905 2.135500
v 2.319576 28.404161 2.615974
v 0.940250 24.953394 1.884286
v 0.786114 25.468998 2.291303
v 1.770573 28.998529 1.847089
v 1.425215 28.582552 2.262673
v 0.349979 25.071127 1.335583
v 0.068341 25.612165 1.624077
v 1.191955 29.113939 1.309218
v 0.716412 28.723928 1.603784
v -0.006047 25.142139 0.606503
v -0.364589 25.698519 0.737512
v 0.842957 29.183552 0.594531
v 0.288892 28.809200 0.728296
v -0.079744 25.156839 -0.204489
v -0.454206 25.716393 -0.248660
v 0.770714 29.197960 -0.200451
v 0.200394 28.826853 -0.245553
v 0.138839 25.113241 -0.987863
v -0.188407 25.663376 -1.201248
v 0.984983 29.155226 -0.968362
v 0.462872 28.774498 -1.186238
v 0.620183 25.017231 -1.637822
v 0.396911 25.546629 -1.991601
v 1.456825 29.061110 -1.605490
v 1.040876 28.659212 -1.966716
v 1.299280 24.881781 -2.066583
v 1.222696 25.381920 -2.512977
v 2.122515 28.928331 -2.025787
v 1.856343 28.496559 -2.481577
v 2.789351 27.987337 -2.116241
v 2.895436 28.450842 -2.594243
v 3.710647 32.012661 -2.066241
v 3.604565 31.549160 -2.555757
v 3.534556 27.816778 -1.973336
v 3.808962 28.241758 -2.419059
v 4.438248 31.846138 -1.926712
v 4.504539 31.343176 -2.383173
v 4.179117 27.669256 -1.563921
v 4.599113 28.060911 -1.917168
v 5.067578 31.702093 -1.526971
v 5.282967 31.165014 -1.888728
v 4.635983 27.564686 -0.943289
v 5.159172 27.932728 -1.156353
v 5.513650 31.600000 -0.921003
v 5.834717 31.038733 -1.139199
v 4.843451 27.517206 -0.195261
v 5.413501 27.874517 -0.239368
v 5.716216 31.553637 -0.190649
v 6.085274 30.981386 -0.235814
v 4.773500 27.533213 0.579137
v 5.327752 27.894146 0.709948
v 5.647919 31.569271 0.565454
v 6.000797 31.000721 0.699416
v 4.435580 27.610558 1.275320
v 4.913503 27.988955 1.563381
v 5.317982 31.644783 1.245188
v 5.592695 31.094128 1.540188
v 3.875327 27.738783 1.799264
v 4.226705 28.146147 2.205669
v 4.770967 31.769983 1.756753
v 4.916084 31.248985 2.172949
v 3.168408 27.900581 2.080207
v 3.360111 28.344490 2.550071
v 4.080750 31.927956 2.031059
v 4.062346 31.444386 2.512241
v 2.410295 28.074095 2.080207
v 2.430760 28.557192 2.550071
v 3.340547 32.097366 2.031059
v 3.146783 31.653936 2.512241
v 1.703375 28.235891 1.799264
v 1.564167 28.755535 2.205670
v 2.650331 32.255344 1.756753
v 2.293044 31.849335 2.172948
v 1.143122 28.364117 1.275320
v 0.877368 28.912727 1.563380
v 2.103317 32.380547 1.245189
v 1.616434 32.004192 1.540187
v 0.805202 28.441460 0.579137
v 0.463121 29.007538 0.709949
v 1.773378 32.456055 0.565453
v 1.208332 32.097599 0.699417
v 0.735253 28.457472 -0.195263
v 0.377371 29.027163 -0.239367
v 1.705082 32.471687 -0.190649
v 1.123855 32.116936 -0.235816
v 0.942720 28.409985 -0.943289
v 0.631700 28.968954 -1.156353
v 1.907646 32.425327 -0.921001
v 1.374409 32.059586 -1.139198
v 1.399585 28.305420 -1.563921
v 1.191759 28.840771 -1.917168
v 2.353719 32.323235 -1.526970
v 1.926161 31.933304 -1.888728
v 2.044147 28.157896 -1.973336
v 1.981909 28.659924 -2.419059
v 2.983051 32.179192 -1.926712
v 2.704589 31.755142 -2.383173
v 3.596215 31.251085 -2.016241
v 3.715291 31.711416 -2.493523
v 4.630347 35.248913 -1.959991
v 4.511272 34.788586 -2.450227
v 4.301358 31.068687 -1.880088
v 4.587352 31.485836 -2.325141
v 5.315815 35.071598 -1.827637
v 5.368191 34.566921 -2.284768
v 4.911265 30.910921 -1.490020
v 5.341636 31.290724 -1.842735
v 5.908708 34.918240 -1.448451
v 6.109379 34.375195 -1.810738
v 5.343567 30.799093 -0.898716
v 5.876273 31.152428 -1.111459
v 6.328948 34.809525 -0.873644
v 6.634733 34.239304 -1.092160
v 5.539881 30.748314 -0.186037
v 6.119059 31.089626 -0.230072
v 6.519788 34.760170 -0.180843
v 6.873302 34.177589 -0.226077
v 5.473692 30.765434 0.551771
v 6.037201 31.110800 0.682385
v 6.455444 34.776814 0.536378
v 6.792867 34.198395 0.670534
v 5.153939 30.848146 1.215057
v 5.641757 31.213089 1.502683
v 6.144610 34.857212 1.181159
v 6.404288 34.298912 1.476593
v 4.623806 30.985275 1.714242
v 4.986132 31.382685 2.120036
v 5.629270 34.990517 1.666417
v 5.760048 34.465561 2.083225
v 3.954894 31.158308 1.981910
v 4.158875 31.596672 2.451066
v 4.979019 35.158726 1.926618
v 4.947153 34.675835 2.408507
v 3.237537 31.343864 1.981910
v 3.271707 31.826160 2.451066
v 4.281675 35.339100 1.926618
v 4.075391 34.901337 2.408507
v 2.568625 31.516897 1.714242
v 2.444448 32.040146 2.120036
v 3.631424 35.507309 1.666418
v 3.262496 35.111607 2.083225
v 2.038493 31.654030 1.215056
v 1.788825 32.209740 1.502684
v 3.116082 35.640614 1.181158
v 2.618256 35.278255 1.476591
v 1.718739 31.736738 0.551770
v 1.393380 32.312031 0.682385
v 2.805249 35.721016 0.536377
v 2.229679 35.378773 0.670536
v 1.652551 31.753860 -0.186035
v 1.311523 32.333206 -0.230073
v 2.740907 35.737663 -0.180847
v 2.149242 35.399578 -0.226079
v 1.848865 31.703083 -0.898717
v 1.554307 32.270401 -1.111460
v 2.931743 35.688293 -0.873644
v 2.387810 35.337868 -1.092159
v 2.281167 31.591253 -1.490020
v 2.088945 32.132107 -1.842737
v 3.351986 35.579594 -1.448450
v 2.913166 35.201973 -1.810739
v 2.891075 31.433491 -1.880088
v 2.843229 31.936995 -2.325141
v 3.944878 35.426228 -1.827637
v 3.654352 35.010246 -2.284769
v 4.505053 34.516418 -1.916241
v 4.637022 34.973209 -2.392804
v 5.651200 38.483589 -1.853741
v 5.519228 38.026794 -2.344697
v 5.170080 34.324284 -1.786841
v 5.467441 34.733295 -2.231223
v 6.294535 38.297714 -1.728562
v 6.332952 37.791706 -2.186365
v 5.745291 34.158100 -1.416120
v 6.185705 34.525780 -1.768303
v 6.850985 38.136951 -1.369931
v 7.036776 37.588364 -1.732751
v 6.153004 34.040314 -0.854142
v 6.694814 34.378693 -1.066564
v 7.245401 38.023010 -0.826284
v 7.535648 37.444233 -1.045122
v 6.338149 33.986820 -0.176807
v 6.926003 34.311897 -0.220782
v 7.424504 37.971252 -0.171041
v 7.762190 37.378784 -0.216340
v 6.275725 34.004856 0.524405
v 6.848056 34.334419 0.654822
v 7.364120 37.988708 0.507301
v 7.685810 37.400848 0.641656
v 5.974162 34.091980 1.154793
v 6.471494 34.443211 1.441987
v 7.072392 38.072990 1.117129
v 7.316819 37.507454 1.412996
v 5.474189 34.236431 1.629220
v 5.847178 34.623581 2.034403
v 6.588722 38.212719 1.576082
v 6.705055 37.684200 1.993500
v 4.843325 34.418686 1.883613
v 5.059423 34.851170 2.352062
v 5.978439 38.389042 1.822177
v 5.933137 37.907215 2.304774
v 4.166778 34.614147 1.883613
v 4.214621 35.095242 2.352062
v 5.323956 38.578121 1.822177
v 5.105319 38.146378 2.304774
v 3.535918 34.796417 1.629220
v 3.426865 35.322826 2.034403
v 4.713670 38.754440 1.576081
v 4.333402 38.369389 1.993502
v 3.035940 34.940849 1.154794
v 2.802547 35.503201 1.441985
v 4.230004 38.894176 1.117128
v 3.721637 38.546131 1.412996
v 2.734381 35.027988 0.524402
v 2.425988 35.611992 0.654823
v 3.938277 38.978458 0.507301
v 3.352648 38.652737 0.641656
v 2.671954 35.046013 -0.176808
v 2.348040 35.634514 -0.220779
v 3.877888 38.995903 -0.171044
v 3.276266 38.674805 -0.216343
v 2.857101 34.992523 -0.854143
v 2.579231 35.567719 -1.066566
v 4.056997 38.944164 -0.826282
v 3.502807 38.609352 -1.045120
v 3.264813 34.874737 -1.416119
v 3.088338 35.420635 -1.768302
v 4.451409 38.830212 -1.369931
v 4.001683 38.465229 -1.732752
v 3.840024 34.708553 -1.786841
v 3.806604 35.213120 -2.231223
v 5.007860 38.669445 -1.728562
v 4.705504 38.261887 -2.186364
v 5.515904 37.783318 -1.816241
v 5.660664 38.236202 -2.292084
v 6.773159 41.716682 -1.747491
v 6.628398 41.263798 -2.239166
v 6.140856 37.583561 -1.693594
v 6.449350 37.984108 -2.137305
v 7.374454 41.524483 -1.629487
v 7.398877 41.017525 -2.087960
v 6.681404 37.410782 -1.342219
v 7.131519 37.766064 -1.693871
v 7.894542 41.358242 -1.291412
v 8.065298 40.804508 -1.654763
v 7.064548 37.288311 -0.809568
v 7.615042 37.611511 -1.021670
v 8.263181 41.240414 -0.778926
v 8.537656 40.653522 -0.998082
v 7.238536 37.232700 -0.167581
v 7.834616 37.541328 -0.211488
v 8.430586 41.186909 -0.161239
v 8.752160 40.584957 -0.206603
v 7.179877 37.251453 0.497037
v 7.760583 37.564987 0.627259
v 8.374142 41.204941 0.478222
v 8.679838 40.608078 0.612775
v 6.896484 37.342030 1.094529
v 7.402947 37.679302 1.381288
v 8.101481 41.292103 1.053097
v 8.330456 40.719749 1.349399
v 6.426638 37.492210 1.544199
v 6.810005 37.868832 1.948769
v 7.649419 41.436592 1.485746
v 7.751205 40.904903 1.903777
v 5.833794 37.681713 1.785316
v 6.061838 38.107975 2.253057
v 7.079016 41.618919 1.717736
v 7.020311 41.138527 2.201040
v 5.198016 37.884933 1.785316
v 5.259489 38.364433 2.253057
v 6.467301 41.814442 1.717736
v 6.236487 41.389069 2.201040
v 4.605169 38.074421 1.544199
v 4.511323 38.603580 1.948769
v 5.896898 41.996765 1.485747
v 5.505593 41.622688 1.903778
v 4.135324 38.224602 1.094531
v 3.918381 38.793106 1.381291
v 5.444839 42.141270 1.053097
v 4.926340 41.807838 1.349399
v 3.851934 38.315193 0.497038
v 3.560742 38.907417 0.627257
v 5.172174 42.228420 0.478224
v 4.576960 41.919514 0.612778
v 3.793270 38.333935 -0.167582
v 3.486712 38.931084 -0.211487
v 5.115732 42.246456 -0.161239
v 4.504639 41.942635 -0.206603
v 3.967260 38.278328 -0.809568
v 3.706285 38.860901 -1.021670
v 5.283135 42.192947 -0.778926
v 4.719141 41.874069 -0.998082
v 4.350402 38.155857 -1.342219
v 4.189807 38.706348 -1.693869
v 5.651775 42.075119 -1.291412
v 5.191503 41.723087 -1.654763
v 4.890951 37.983078 -1.693593
v 4.871978 38.488297 -2.137305
v 6.171863 41.908882 -1.629487
v 5.857921 41.510071 -2.087960
v 6.628818 41.051777 -1.716241
v 6.786250 41.500397 -2.191365
v 7.996184 44.948227 -1.641240
v 7.838750 44.499599 -2.133635
v 7.213816 40.846478 -1.600347
v 7.533204 41.238274 -2.043387
v 8.555623 44.751911 -1.530411
v 8.566026 44.244381 -1.989556
v 7.719812 40.668915 -1.268317
v 8.179278 41.011547 -1.619437
v 9.039502 44.582092 -1.212891
v 9.195080 44.023632 -1.576775
v 8.078459 40.543053 -0.764997
v 8.637213 40.850845 -0.976777
v 9.382483 44.461742 -0.731563
v 9.640954 43.867161 -0.951042
v 8.241326 40.485901 -0.158356
v 8.845169 40.777870 -0.202194
v 9.538230 44.407082 -0.151431
v 9.843429 43.796104 -0.196866
v 8.186419 40.505177 0.469670
v 8.775055 40.802471 0.599696
v 9.485716 44.425510 0.449146
v 9.775162 43.820065 0.583897
v 7.921140 40.598259 1.034265
v 8.436343 40.921341 1.320592
v 9.232031 44.514530 0.989071
v 9.445371 43.935795 1.285802
v 7.481329 40.752605 1.459177
v 7.874774 41.118408 1.863137
v 8.811448 44.662136 1.395410
v 8.898601 44.127670 1.814052
v 6.926383 40.947350 1.687019
v 7.166195 41.367065 2.154053
v 8.280747 44.848362 1.613295
v 8.208687 44.369781 2.097306
v 6.331251 41.156204 1.687019
v 6.406303 41.633728 2.154052
v 7.711620 45.048084 1.613295
v 7.468813 44.629425 2.097306
v 5.776299 41.350941 1.459177
v 5.697725 41.882393 1.863135
v 7.180928 45.234325 1.395411
v 6.778902 44.871529 1.814054
v 5.336491 41.505283 1.034267
v 5.136157 42.079460 1.320592
v 6.760334 45.381920 0.989068
v 6.232129 45.063408 1.285803
v 5.071216 41.598377 0.469671
v 4.797444 42.198326 0.599696
v 6.506650 45.470940 0.449146
v 5.902337 45.179138 0.583897
v 5.016306 41.617653 -0.158354
v 4.727331 42.222927 -0.202194
v 6.454144 45.489380 -0.151432
v 5.834071 45.203094 -0.196867
v 5.179168 41.560486 -0.764995
v 4.935285 42.149956 -0.976773
v 6.609887 45.434704 -0.731565
v 6.036549 45.132046 -0.951044
v 5.537822 41.434639 -1.268317
v 5.393222 41.989246 -1.619438
v 6.952867 45.314362 -1.212891
v 6.482422 44.975574 -1.576776
v 6.043812 41.257061 -1.600347
v 6.039296 41.762524 -2.043388
v 7.436746 45.144543 -1.530411
v 7.111473 44.754822 -1.989555
v 7.843833 44.321777 -1.616240
v 8.013814 44.765774 -2.090645
v 9.320232 48.178230 -1.534991
v 9.150249 47.734222 -2.028104
v 8.389091 44.113022 -1.507099
v 8.719121 44.495758 -1.949469
v 9.838083 47.979984 -1.431336
v 9.834456 47.472279 -1.891151
v 8.860712 43.932468 -1.194416
v 9.329175 44.262211 -1.545005
v 10.285990 47.808491 -1.134372
v 10.426260 47.245716 -1.498786
v 9.194996 43.804493 -0.720422
v 9.761580 44.096668 -0.931880
v 10.603476 47.686958 -0.684203
v 10.845731 47.085125 -0.904006
v 9.346801 43.746380 -0.149126
v 9.957939 44.021492 -0.192900
v 10.747646 47.631763 -0.141630
v 11.036217 47.012199 -0.187129
v 9.295618 43.765968 0.442304
v 9.891736 44.046837 0.572133
v 10.699037 47.650368 0.420069
v 10.971994 47.036789 0.555017
v 9.048367 43.860630 0.974001
v 9.571907 44.169277 1.259895
v 10.464211 47.740269 0.925040
v 10.661730 47.155567 1.222208
v 8.638433 44.017570 1.374155
v 9.041649 44.372284 1.777502
v 10.074887 47.889317 1.305075
v 10.147338 47.352501 1.724329
v 8.121182 44.215584 1.588721
v 8.372577 44.628429 2.055048
v 9.583642 48.077389 1.508855
v 9.498278 47.600983 1.993572
v 7.566479 44.427956 1.588721
v 7.655051 44.903126 2.055048
v 9.056821 48.279072 1.508855
v 8.802217 47.867462 1.993572
v 7.049230 44.625973 1.374156
v 6.985981 45.159275 1.777503
v 8.565576 48.467140 1.305075
v 8.153160 48.115948 1.724328
v 6.639297 44.782913 0.974001
v 6.455721 45.362274 1.259895
v 8.176252 48.616192 0.925040
v 7.638766 48.312878 1.222206
v 6.392044 44.877571 0.442304
v 6.135891 45.484715 0.572131
v 7.941426 48.706085 0.420073
v 7.328504 48.431656 0.555020
v 6.340863 44.897167 -0.149127
v 6.069688 45.510063 -0.192899
v 7.892822 48.724705 -0.141631
v 7.264282 48.456242 -0.187131
v 6.492663 44.839046 -0.720422
v 6.266047 45.434891 -0.931881
v 8.036987 48.669498 -0.684206
v 7.454767 48.383320 -0.904005
v 6.826949 44.711075 -1.194416
v 6.698454 45.269348 -1.545006
v 8.354473 48.547970 -1.134372
v 7.874237 48.222729 -1.498788
v 7.298569 44.530514 -1.507100
v 7.308506 45.035797 -1.949469
v 8.802380 48.376476 -1.431336
v 8.466038 47.996162 -1.891151
v 9.160993 47.593292 -1.516240
v 9.343389 48.032330 -1.989926
v 10.745257 51.406708 -1.428741
v 10.562861 50.967670 -1.922574
v 9.666805 47.383152 -1.413853
v 10.007223 47.756542 -1.855551
v 11.221884 51.208698 -1.332261
v 11.204229 50.701214 -1.792746
v 10.104311 47.201401 -1.120516
v 10.581408 47.518002 -1.470573
v 11.634139 51.037430 -1.055852
v 11.758975 50.470749 -1.420799
v 10.414412 47.072563 -0.675846
v 10.988387 47.348923 -0.886985
v 11.926345 50.916031 -0.636845
v 12.152180 50.307396 -0.856966
v 10.555230 47.014057 -0.139899
v 11.173199 47.272144 -0.183608
v 12.059037 50.860905 -0.131830
v 12.330742 50.233215 -0.177391
v 10.507756 47.033791 0.414938
v 11.110888 47.298031 0.544568
v 12.014297 50.879490 0.390996
v 12.270535 50.258224 0.526138
v 10.278384 47.129074 0.913740
v 10.809865 47.423092 1.199200
v 11.798170 50.969284 0.861009
v 11.979705 50.379047 1.158608
v 9.898110 47.287060 1.289134
v 10.310787 47.630428 1.691868
v 11.439839 51.118149 1.214740
v 11.497515 50.579369 1.634605
v 9.418279 47.486401 1.490424
v 9.681057 47.892048 1.956043
v 10.987695 51.305981 1.404414
v 10.889100 50.832134 1.889838
v 8.903706 47.700184 1.490424
v 9.005721 48.172615 1.956044
v 10.502820 51.507435 1.404414
v 10.236623 51.103203 1.889839
v 8.423876 47.899525 1.289134
v 8.375993 48.434231 1.691870
v 10.050676 51.695267 1.214740
v 9.628207 51.355968 1.634605
v 8.043599 48.057510 0.913739
v 7.876911 48.641571 1.199197
v 9.692346 51.844135 0.861007
v 9.146020 51.556290 1.158612
v 7.814228 48.152794 0.414939
v 7.575888 48.766632 0.544569
v 9.476215 51.933926 0.390993
v 8.855184 51.677116 0.526136
v 7.766753 48.172527 -0.139899
v 7.513577 48.792519 -0.183609
v 9.431476 51.952507 -0.131826
v 8.794985 51.702129 -0.177394
v 7.907573 48.114017 -0.675847
v 7.698393 48.715740 -0.886986
v 9.564174 51.897392 -0.636845
v 8.973538 51.627941 -0.856963
v 8.217674 47.985188 -1.120516
v 8.105371 48.546661 -1.470572
v 9.856377 51.775990 -1.055852
v 9.366748 51.464588 -1.420799
v 8.655179 47.803432 -1.413853
v 8.679552 48.308117 -1.855551
v 10.268633 51.604721 -1.332261
v 9.921494 51.234123 -1.792747
v 10.580342 50.866322 -1.416241
v 10.775006 51.300041 -1.889207
v 12.271220 54.633678 -1.322491
v 12.076555 54.199955 -1.817043
v 11.047091 50.656834 -1.320605
v 11.397633 51.020596 -1.761633
v 12.707072 54.438057 -1.233186
v 12.675396 53.931183 -1.694342
v 11.450802 50.475639 -1.046616
v 11.936166 50.778889 -1.396139
v 13.084062 54.268856 -0.977331
v 13.193360 53.698708 -1.342811
v 11.736957 50.347210 -0.631271
v 12.317880 50.607563 -0.842093
v 13.351270 54.148926 -0.589483
v 13.560493 53.533928 -0.809925
v 11.866900 50.288887 -0.130676
v 12.491221 50.529766 -0.174316
v 13.472610 54.094463 -0.122025
v 13.727214 53.459099 -0.167654
v 11.823086 50.308548 0.387572
v 12.432777 50.556000 0.517007
v 13.431701 54.112831 0.361918
v 13.671002 53.484329 0.497255
v 11.611434 50.403545 0.853477
v 12.150443 50.682716 1.138501
v 13.234057 54.201534 0.796980
v 13.399451 53.606209 1.095012
v 11.260530 50.561039 1.204112
v 11.682347 50.892811 1.606236
v 12.906381 54.348606 1.124405
v 12.949238 53.808273 1.544881
v 10.817760 50.759762 1.392126
v 11.091711 51.157898 1.857040
v 12.492920 54.534172 1.299973
v 12.381162 54.063240 1.786105
v 10.342926 50.972881 1.392126
v 10.458303 51.442188 1.857039
v 12.049521 54.733185 1.299973
v 11.771948 54.336670 1.786104
v 9.900156 51.171604 1.204111
v 9.867666 51.707279 1.606236
v 11.636060 54.918755 1.124405
v 11.203874 54.591640 1.544881
v 9.549253 51.329102 0.853477
v 9.399572 51.917370 1.138501
v 11.308379 55.065819 0.796978
v 10.753660 54.793705 1.095013
v 9.337595 51.424088 0.387576
v 9.117236 52.044090 0.517004
v 11.110745 55.154537 0.361917
v 10.482107 54.915577 0.497260
v 9.293786 51.443760 -0.130669
v 9.058795 52.070320 -0.174312
v 11.069827 55.172890 -0.122027
v 10.425899 54.940811 -0.167656
v 9.423731 51.385437 -0.631276
v 9.232134 51.992519 -0.842093
v 11.191171 55.118431 -0.589484
v 10.592615 54.865982 -0.809926
v 9.709884 51.257008 -1.046615
v 9.613849 51.821198 -1.396139
v 11.458381 54.998497 -0.977334
v 10.959751 54.701206 -1.342811
v 10.113593 51.075809 -1.320605
v 10.152383 51.579491 -1.761633
v 11.835368 54.829300 -1.233186
v 11.477715 54.468731 -1.694342
v 12.101924 54.140842 -1.316241
v 12.308702 54.568905 -1.788488
v 13.898076 57.859158 -1.216241
v 13.691298 57.431095 -1.711512
v 12.530067 53.934025 -1.227358
v 12.890459 54.287884 -1.667715
v 14.293693 57.668053 -1.134111
v 14.248016 57.162170 -1.595938
v 12.900392 53.755138 -0.972713
v 13.393648 54.044815 -1.321707
v 14.635882 57.502758 -0.898812
v 14.729548 56.929562 -1.264820
v 13.162879 53.628345 -0.586696
v 13.750307 53.872528 -0.797200
v 14.878421 57.385593 -0.542126
v 15.070858 56.764694 -0.762887
v 13.282070 53.570759 -0.121444
v 13.912271 53.794292 -0.165022
v 14.988567 57.332397 -0.112217
v 15.225850 56.689823 -0.157919
v 13.241887 53.590183 0.360207
v 13.857664 53.820671 0.489443
v 14.951427 57.350327 0.332842
v 15.173594 56.715069 0.468378
v 13.047738 53.683960 0.793211
v 13.593861 53.948105 1.077806
v 14.772039 57.436996 0.732947
v 14.921143 56.837013 1.031418
v 12.725852 53.839447 1.119091
v 13.156488 54.159378 1.520603
v 14.474598 57.580658 1.034070
v 14.502599 57.039196 1.455157
v 12.319705 54.035641 1.293829
v 12.604619 54.425961 1.758035
v 14.099313 57.761955 1.195532
v 13.974480 57.294304 1.682371
v 11.884144 54.246044 1.293829
v 12.012784 54.711849 1.758035
v 13.696843 57.956367 1.195532
v 13.408117 57.567886 1.682370
v 11.477995 54.442234 1.119091
v 11.460917 54.978432 1.520604
v 13.321546 58.137650 1.034068
v 12.879999 57.823002 1.455155
v 11.156108 54.597717 0.793212
v 11.023542 55.189705 1.077806
v 13.024119 58.281330 0.732947
v 12.461453 58.025177 1.031415
v 10.961967 54.691509 0.360207
v 10.759739 55.317135 0.489444
v 12.844719 58.367981 0.332840
v 12.209003 58.147129 0.468376
v 10.921771 54.710911 -0.121446
v 10.705132 55.343517 -0.165022
v 12.807592 58.385933 -0.112218
v 12.156746 58.172367 -0.157917
v 11.040977 54.653347 -0.586701
v 10.867096 55.265278 -0.797197
v 12.917726 58.332714 -0.542126
v 12.311740 58.097500 -0.762887
v 11.303455 54.526543 -0.972714
v 11.223755 55.092991 -1.321708
v 13.160274 58.215561 -0.898813
v 12.653050 57.932629 -1.264823
v 11.673779 54.347660 -1.227358
v 11.726945 54.849922 -1.667715
v 13.502458 58.050266 -1.134110
v 13.134581 57.700020 -1.595938
v 12.081096 47.849766 -3.100006
v 12.496847 48.076893 -3.556803
v 1.009660 5.157501 -2.626066
v 41.503155 63.923115 -0.543195
v 12.954677 46.250687 -2.507958
v 13.499153 46.242180 -2.877516
v 1.197458 5.627929 -3.076487
v 41.656227 63.642914 -0.439453
v 13.494578 45.262402 -0.957951
v 14.118611 45.108269 -1.099114
v 1.535203 1.935294 2.479438
v 41.750832 63.469742 -0.167855
v 13.494579 45.262402 0.957951
v 14.118612 45.108269 1.099114
v 1.789869 2.410817 2.890738
v 41.750832 63.469742 0.167856
v 12.954676 46.250687 2.507958
v 13.499153 46.242180 2.877516
v 2.905741 9.235205 -0.259273
v 41.656227 63.642914 0.439453
v 12.081097 47.849766 3.100006
v 12.496847 48.076889 3.556805
v 3.374590 8.746306 -0.303975
v 41.503151 63.923111 0.543194
v 11.207518 49.448841 2.507958
v 11.494541 49.911598 2.877516
v 2.327210 6.064706 1.757428
v 41.350082 64.203308 0.439454
v 10.667616 50.437126 0.957951
v 10.875084 51.045506 1.099112
v 2.713259 5.589183 2.048958
v 41.255478 64.376480 0.167852
v 10.667614 50.437126 -0.957951
v 10.875085 51.045506 -1.099114
v 2.473423 12.440137 1.629368
v 41.255478 64.376480 -0.167852
v 11.207519 49.448841 -2.507958
v 11.494542 49.911594 -2.877513
v 41.918896 64.150246 0.000000
v 41.350079 64.203300 -0.439455
v 10.158201 47.849766 -1.542272
v 10.129176 48.076893 -2.159258
v 2.915618 12.415238 0.739913
v 32.770672 63.923111 -20.538868
v 11.194557 46.250690 -1.741346
v 11.318243 46.242180 -2.387665
v 3.354822 11.914232 0.872694
v 32.952271 63.642910 -20.573750
v 12.672346 45.262402 -1.027093
v 13.013786 45.108269 -1.568168
v 2.833273 11.943600 1.921765
v 33.211208 63.469738 -20.448603
v 14.027094 45.262402 0.327652
v 14.568169 45.108269 -0.013786
v 2.327210 1.935294 1.757428
v 33.448597 63.469738 -20.211214
v 14.741345 46.250687 1.805443
v 15.387664 46.242180 1.681756
v 2.713259 2.410817 2.048958
v 33.573746 63.642914 -19.952272
v 14.542274 47.849766 2.841799
v 15.159258 48.076889 2.870824
v 2.804915 6.064706 0.798068
v 33.538868 63.923115 -19.770679
v 13.505919 49.448837 3.040871
v 13.970191 49.911598 3.099233
v 3.270207 5.589183 0.930454
v 33.357273 64.203308 -19.735796
v 12.028130 50.437126 2.326619
v 12.274649 51.045509 2.279734
v 33.448746 64.150238 -20.448757
v 33.098328 64.376480 -19.860952
v 10.673382 50.437126 0.971873
v 10.720266 51.045509 0.725352
v 1.123528 9.285344 -2.620238
v 32.860950 64.376480 -20.098326
v 9.959130 49.448841 -0.505917
v 9.900772 49.911594 -0.970188
v 1.285100 8.805088 -3.072001
v 32.735790 64.203300 -20.357277
v 9.899992 47.849766 0.918904
v 9.443192 48.076889 0.503153
v 2.804915 1.935294 0.798067
v 12.456807 63.923111 -28.503153
v 10.492041 46.250687 0.045323
v 10.122482 46.242180 -0.499154
v 3.270207 2.410817 0.930454
v 12.560547 63.642914 -28.656225
v 12.042048 45.262402 -0.494578
v 11.900885 45.108269 -1.118611
v 2.039308 11.544101 -1.933425
v 12.832145 63.469738 -28.750832
v 13.957950 45.262402 -0.494580
v 14.099113 45.108265 -1.118613
v 2.616660 11.495270 -1.166159
v 13.167857 63.469742 -28.750830
v 15.507957 46.250687 0.045324
v 15.877514 46.242180 -0.499153
v 3.086311 11.932765 -1.380826
v 13.439456 63.642914 -28.656223
v 16.100004 47.849766 0.918904
v 16.556805 48.076893 0.503153
v 12.999999 64.150246 -28.918905
v 13.543197 63.923111 -28.503153
v 15.507957 49.448841 1.792482
v 15.877514 49.911598 1.505460
v 2.402680 11.990583 -2.289332
v 13.439452 64.203308 -28.350084
v 13.957951 50.437126 2.332385
v 14.099113 51.045509 2.124917
v 2.903800 6.064706 -0.269077
v 13.167851 64.376480 -28.255478
v 12.042048 50.437126 2.332386
v 11.900885 51.045506 2.124915
v 3.385496 5.589183 -0.313712
v 12.832150 64.376480 -28.255476
v 10.492041 49.448841 1.792482
v 10.122483 49.911598 1.505460
v 2.903800 1.935294 -0.269077
v 12.560548 64.203308 -28.350080
v 11.457730 47.849766 2.841795
v 10.840744 48.076889 2.870823
v 3.385496 2.410817 -0.313712
v -7.538871 63.923115 -19.770674
v 11.258657 46.250687 1.805440
v 10.612337 46.242180 1.681754
v 2.700380 5.109937 0.770701
v -7.573754 63.642914 -19.952267
v 11.972909 45.262402 0.327650
v 11.431833 45.108269 -0.013789
v 2.239239 5.122911 1.697164
v -7.448601 63.469742 -20.211210
v 13.327655 45.262402 -1.027097
v 12.986217 45.108273 -1.568169
v 2.637933 5.587405 1.988261
v -7.211218 63.469742 -20.448597
v 14.805444 46.250687 -1.741349
v 14.681758 46.242180 -2.387667
v 3.178169 5.572206 0.902891
v -6.952272 63.642914 -20.573750
v 15.841801 47.849766 -1.542275
v 15.870826 48.076893 -2.159262
v -7.448756 64.150246 -20.448753
v -6.770679 63.923115 -20.538866
v 16.040873 49.448841 -0.505921
v 16.099234 49.911598 -0.970194
v 2.610512 6.064706 -1.299881
v -6.735800 64.203308 -20.357273
v 15.326620 50.437126 0.971868
v 15.279734 51.045506 0.725349
v 3.043555 5.589183 -1.515511
v -6.860954 64.376480 -20.098326
v 13.971874 50.437126 2.326616
v 13.725355 51.045513 2.279732
v 2.591880 17.977520 -1.785623
v -7.098330 64.376480 -19.860949
v 12.494084 49.448841 3.040867
v 12.029812 49.911598 3.099229
v 3.121717 17.902514 -1.077011
v -7.357279 64.203300 -19.735790
v 13.918904 47.849766 3.100007
v 13.503153 48.076893 3.556805
v 3.613944 18.313086 -1.291038
v -15.503154 63.923111 0.543193
v 13.045323 46.250687 2.507959
v 12.500847 46.242180 2.877517
v 2.978818 18.402994 -2.140466
v -15.656224 63.642914 0.439453
v 12.505422 45.262402 0.957952
v 11.881389 45.108269 1.099115
v 2.610512 1.935294 -1.299881
v -15.750832 63.469738 0.167854
v 12.505421 45.262402 -0.957950
v 11.881389 45.108269 -1.099113
v 3.043555 2.410817 -1.515511
v -15.750830 63.469742 -0.167857
v 13.045324 46.250687 -2.507957
v 12.500847 46.242180 -2.877514
v 1.964659 6.064706 -2.155128
v -15.656225 63.642914 -0.439454
v 13.918903 47.849766 -3.100005
v 13.503153 48.076889 -3.556803
v -15.918902 64.150246 -0.000001
v -15.503153 63.923111 -0.543195
v 14.792482 49.448841 -2.507957
v 14.505459 49.911598 -2.877512
v 2.290565 5.589183 -2.512630
v -15.350082 64.203308 -0.439452
v 15.332384 50.437126 -0.957950
v 15.124917 51.045509 -1.099113
v 1.889258 5.132757 -2.081227
v -15.255480 64.376480 -0.167853
v 15.332386 50.437126 0.957952
v 15.124917 51.045509 1.099115
v 2.512717 5.115217 -1.255307
v -15.255476 64.376480 0.167850
v 14.792481 49.448841 2.507959
v 14.505460 49.911602 2.877519
v 2.958318 5.578392 -1.470616
v -15.350081 64.203308 0.439452
v 15.841801 47.849766 1.542276
v 15.870825 48.076893 2.159261
v 2.227923 5.598939 -2.438198
v -6.770679 63.923115 20.538866
v 14.805444 46.250687 1.741349
v 14.681757 46.242180 2.387668
v 1.964659 1.935294 -2.155128
v -6.952274 63.642914 20.573751
v 13.327656 45.262402 1.027096
v 12.986215 45.108269 1.568170
v 2.290565 2.410817 -2.512630
v -7.211218 63.469742 20.448595
v 11.972908 45.262402 -0.327650
v 11.431835 45.108273 0.013788
v 2.350378 9.250830 1.693398
v -7.448601 63.469742 20.211210
v 11.258657 46.250687 -1.805440
v 10.612340 46.242184 -1.681754
v 2.810496 9.237885 0.768990
v -7.573754 63.642914 19.952267
v 11.457730 47.849766 -2.841795
v 10.840743 48.076889 -2.870822
v -7.448757 64.150246 20.448751
v -7.538869 63.923115 19.770676
v 12.494085 49.448841 -3.040867
v 12.029813 49.911598 -3.099228
v 3.262924 8.749447 0.901574
v -7.357279 64.203308 19.735786
v 13.971873 50.437126 -2.326615
v 13.725354 51.045509 -2.279731
v 2.723475 8.764623 1.985362
v -7.098331 64.376480 19.860950
v 15.326621 50.437126 -0.971869
v 15.279737 51.045513 -0.725350
v 2.623249 9.243154 -1.252521
v -6.860953 64.376480 20.098326
v 16.040873 49.448841 0.505922
v 16.099232 49.911594 0.970193
v 2.001173 9.260654 -2.076608
v -6.735795 64.203308 20.357275
v 16.100004 47.849766 -0.918904
v 16.556805 48.076889 -0.503154
v 2.265229 8.792180 -2.363765
v 13.543195 63.923111 28.503153
v 15.507957 46.250687 -0.045323
v 15.877515 46.242180 0.499153
v 1.267406 8.848368 -2.982569
v 13.439455 63.642914 28.656225
v 13.957950 45.262402 0.494578
v 14.099113 45.108269 1.118611
v 3.300046 15.119663 -1.335932
v 13.167857 63.469738 28.750832
v 12.042048 45.262402 0.494580
v 11.900885 45.108265 1.118613
v 2.640477 15.194179 -2.214899
v 12.832145 63.469742 28.750830
v 10.492041 46.250687 -0.045324
v 10.122484 46.242180 0.499153
v 1.066714 8.383395 -2.532819
v 12.560547 63.642914 28.656223
v 9.899992 47.849766 -0.918904
v 9.443193 48.076893 -0.503153
v 13.000003 64.150246 28.918905
v 12.456807 63.923111 28.503153
v 10.492041 49.448841 -1.792482
v 10.122482 49.911598 -1.505460
v 1.914072 8.335682 -2.007326
v 12.560548 64.203308 28.350082
v 12.042048 50.437126 -2.332385
v 11.900887 51.045506 -2.124916
v 2.265175 14.758041 -1.859524
v 12.832150 64.376480 28.255478
v 13.957951 50.437126 -2.332386
v 14.099113 51.045506 -2.124915
v 2.818918 14.695478 -1.121585
v 13.167851 64.376480 28.255476
v 15.507957 49.448841 -1.792482
v 15.877514 49.911598 -1.505460
v 0.000000 5.589183 -3.400000
v 13.439452 64.203308 28.350080
v 14.542278 47.849766 -2.841803
v 15.159265 48.076889 -2.870830
v 1.228222 5.589183 -3.170406
v 33.538864 63.923111 19.770685
v 14.741351 46.250687 -1.805447
v 15.387671 46.242180 -1.681761
v 2.314063 8.776141 -2.434643
v 33.573746 63.642914 19.952276
v 14.027098 45.262402 -0.327658
v 14.568172 45.108269 0.013782
v 3.043393 8.755623 -1.468472
v 33.448593 63.469738 20.211224
v 12.672350 45.262402 1.027089
v 13.013789 45.108269 1.568164
v 1.053468 6.064706 -2.719313
v 33.211208 63.469742 20.448605
v 11.194560 46.250687 1.741338
v 11.318247 46.242180 2.387658
v 0.000000 6.064706 -2.916241
v 32.952263 63.642914 20.573759
v 10.158205 47.849766 1.542265
v 10.129179 48.076893 2.159251
v 33.448746 64.150246 20.448759
v 32.770672 63.923115 20.538876
v 9.959134 49.448841 0.505910
v 9.900773 49.911598 0.970183
v 0.000000 1.935294 -2.916241
v 32.735786 64.203308 20.357279
v 10.673387 50.437126 -0.971878
v 10.720270 51.045509 -0.725358
v 1.053468 1.935294 -2.719313
v 32.860939 64.376480 20.098337
v 12.028133 50.437126 -2.326625
v 12.274654 51.045509 -2.279740
v 1.228222 2.410817 -3.170406
v 33.098320 64.376480 19.860956
v 13.505924 49.448841 -3.040875
v 13.970195 49.911594 -3.099234
v 0.000000 2.410817 -3.400000
v 33.357269 64.203308 19.735802
v 9.843429 43.796104 -0.196866
v 9.538230 44.407082 -0.151431
v 7.751205 40.904903 1.903777
v 7.649419 41.436592 1.485746
v 10.661730 47.155567 1.222208
v 10.464211 47.740269 0.925040
v 6.061838 38.107975 2.253057
v 5.833794 37.681713 1.785316
v 10.426260 47.245716 -1.498786
v 9.834456 47.472279 -1.891151
v 9.838083 47.979984 -1.431336
v 10.285990 47.808491 -1.134372
v 7.020311 41.138527 2.201040
v 7.079016 41.618919 1.717736
v 5.259489 38.364433 2.253057
v 5.198016 37.884933 1.785316
v 8.845169 40.777870 -0.202194
v 8.241326 40.485901 -0.158356
v 6.236487 41.389069 2.201040
v 6.467301 41.814442 1.717736
v 4.511323 38.603580 1.948769
v 4.605169 38.074421 1.544199
v 11.936166 50.778889 -1.396139
v 12.317880 50.607563 -0.842093
v 11.736957 50.347210 -0.631271
v 11.450802 50.475639 -1.046616
v 5.505593 41.622688 1.903778
v 5.896898 41.996765 1.485747
v 7.838750 44.499599 -2.133635
v 7.996184 44.948227 -1.641240
v 3.918381 38.793106 1.381291
v 4.135324 38.224602 1.094531
v 4.926340 41.807838 1.349399
v 5.444839 42.141270 1.053097
v 14.921143 56.837013 1.031418
v 15.173594 56.715069 0.468378
v 14.951427 57.350327 0.332842
v 14.772039 57.436996 0.732947
v 3.560742 38.907417 0.627257
v 3.851934 38.315193 0.497038
v 4.576960 41.919514 0.612778
v 5.172174 42.228420 0.478224
v 10.845731 47.085125 -0.904006
v 10.603476 47.686958 -0.684203
v 3.486712 38.931084 -0.211487
v 3.793270 38.333935 -0.167582
v 4.504639 41.942635 -0.206603
v 5.115732 42.246456 -0.161239
v 6.786250 41.500397 -2.191365
v 6.628818 41.051777 -1.716241
v 3.706285 38.860901 -1.021670
v 3.967260 38.278328 -0.809568
v 4.719141 41.874069 -0.998082
v 5.283135 42.192947 -0.778926
v 4.189807 38.706348 -1.693869
v 4.350402 38.155857 -1.342219
v 9.891736 44.046837 0.572133
v 9.571907 44.169277 1.259895
v 9.048367 43.860630 0.974001
v 9.295618 43.765968 0.442304
v 5.191503 41.723087 -1.654763
v 5.651775 42.075119 -1.291412
v 10.007223 47.756542 -1.855551
v 10.581408 47.518002 -1.470573
v 10.104311 47.201401 -1.120516
v 9.666805 47.383152 -1.413853
v 4.871978 38.488297 -2.137305
v 4.890951 37.983078 -1.693593
v 5.857921 41.510071 -2.087960
v 6.171863 41.908882 -1.629487
v 7.874774 41.118408 1.863137
v 7.481329 40.752605 1.459177
v 8.719121 44.495758 -1.949469
v 8.389091 44.113022 -1.507099
v 8.898601 44.127670 1.814052
v 8.811448 44.662136 1.395410
v 7.166195 41.367065 2.154053
v 6.926383 40.947350 1.687019
v 10.988387 47.348923 -0.886985
v 10.414412 47.072563 -0.675846
v 8.208687 44.369781 2.097306
v 8.280747 44.848362 1.613295
v 9.957939 44.021492 -0.192900
v 9.346801 43.746380 -0.149126
v 6.406303 41.633728 2.154052
v 6.331251 41.156204 1.687019
v 7.468813 44.629425 2.097306
v 7.711620 45.048084 1.613295
v 11.758975 50.470749 -1.420799
v 11.204229 50.701214 -1.792746
v 11.221884 51.208698 -1.332261
v 11.634139 51.037430 -1.055852
v 5.697725 41.882393 1.863135
v 5.776299 41.350941 1.459177
v 6.778902 44.871529 1.814054
v 7.180928 45.234325 1.395411
v 5.136157 42.079460 1.320592
v 5.336491 41.505283 1.034267
v 9.150249 47.734222 -2.028104
v 9.320232 48.178230 -1.534991
v 6.232129 45.063408 1.285803
v 6.760334 45.381920 0.989068
v 4.797444 42.198326 0.599696
v 5.071216 41.598377 0.469671
v 5.902337 45.179138 0.583897
v 6.506650 45.470940 0.449146
v 11.110888 47.298031 0.544568
v 10.809865 47.423092 1.199200
v 10.278384 47.129074 0.913740
v 10.507756 47.033791 0.414938
v 4.727331 42.222927 -0.202194
v 5.016306 41.617653 -0.158354
v 13.671002 53.484329 0.497255
v 13.727214 53.459099 -0.167654
v 13.472610 54.094463 -0.122025
v 13.431701 54.112831 0.361918
v 5.834071 45.203094 -0.196867
v 6.454144 45.489380 -0.151432
v 4.935285 42.149956 -0.976773
v 5.179168 41.560486 -0.764995
v 8.013814 44.765774 -2.090645
v 7.843833 44.321777 -1.616240
v 6.036549 45.132046 -0.951044
v 6.609887 45.434704 -0.731565
v 5.393222 41.989246 -1.619438
v 5.537822 41.434639 -1.268317
v 6.482422 44.975574 -1.576776
v 6.952867 45.314362 -1.212891
v 6.039296 41.762524 -2.043388
v 6.043812 41.257061 -1.600347
v 12.152180 50.307396 -0.856966
v 11.926345 50.916031 -0.636845
v 7.111473 44.754822 -1.989555
v 7.436746 45.144543 -1.530411
v 9.041649 44.372284 1.777502
v 8.638433 44.017570 1.374155
v 12.330742 50.233215 -0.177391
v 12.059037 50.860905 -0.131830
v 10.147338 47.352501 1.724329
v 10.074887 47.889317 1.305075
v 13.399451 53.606209 1.095012
v 13.234057 54.201534 0.796980
v 8.372577 44.628429 2.055048
v 8.121182 44.215584 1.588721
v 13.193360 53.698708 -1.342811
v 12.675396 53.931183 -1.694342
v 12.707072 54.438057 -1.233186
v 13.084062 54.268856 -0.977331
v 9.498278 47.600983 1.993572
v 9.583642 48.077389 1.508855
v 7.655051 44.903126 2.055048
v 7.566479 44.427956 1.588721
v 11.173199 47.272144 -0.183608
v 10.555230 47.014057 -0.139899
v 8.802217 47.867462 1.993572
v 9.056821 48.279072 1.508855
v 6.985981 45.159275 1.777503
v 7.049230 44.625973 1.374156
v 14.118611 45.108269 -1.099114
v 14.118612 45.108269 1.099114
v 13.494579 45.262402 0.957951
v 13.494578 45.262402 -0.957951
v 8.153160 48.115948 1.724328
v 8.565576 48.467140 1.305075
v 10.562861 50.967670 -1.922574
v 10.745257 51.406708 -1.428741
v 6.455721 45.362274 1.259895
v 6.639297 44.782913 0.974001
v 7.638766 48.312878 1.222206
v 8.176252 48.616192 0.925040
v 6.135891 45.484715 0.572131
v 6.392044 44.877571 0.442304
v 7.328504 48.431656 0.555020
v 7.941426 48.706085 0.420073
v 13.560493 53.533928 -0.809925
v 13.351270 54.148926 -0.589483
v 6.069688 45.510063 -0.192899
v 6.340863 44.897167 -0.149127
v 7.264282 48.456242 -0.187131
v 7.892822 48.724705 -0.141631
v 9.343389 48.032330 -1.989926
v 9.160993 47.593292 -1.516240
v 6.266047 45.434891 -0.931881
v 6.492663 44.839046 -0.720422
v 7.454767 48.383320 -0.904005
v 8.036987 48.669498 -0.684206
v 6.698454 45.269348 -1.545006
v 6.826949 44.711075 -1.194416
v 12.432777 50.556000 0.517007
v 12.150443 50.682716 1.138501
v 11.611434 50.403545 0.853477
v 11.823086 50.308548 0.387572
v 7.874237 48.222729 -1.498788
v 8.354473 48.547970 -1.134372
v 12.890459 54.287884 -1.667715
v 13.393648 54.044815 -1.321707
v 12.900392 53.755138 -0.972713
v 12.530067 53.934025 -1.227358
v 7.308506 45.035797 -1.949469
v 7.298569 44.530514 -1.507100
v 8.466038 47.996162 -1.891151
v 8.802380 48.376476 -1.431336
v 10.310787 47.630428 1.691868
v 9.898110 47.287060 1.289134
v 11.397633 51.020596 -1.761633
v 11.047091 50.656834 -1.320605
v 11.497515 50.579369 1.634605
v 11.439839 51.118149 1.214740
v 9.681057 47.892048 1.956043
v 9.418279 47.486401 1.490424
v 13.750307 53.872528 -0.797200
v 13.162879 53.628345 -0.586696
v 10.889100 50.832134 1.889838
v 10.987695 51.305981 1.404414
v 12.491221 50.529766 -0.174316
v 11.866900 50.288887 -0.130676
v 9.005721 48.172615 1.956044
v 8.903706 47.700184 1.490424
v 10.236623 51.103203 1.889839
v 10.502820 51.507435 1.404414
v 14.729548 56.929562 -1.264820
v 14.248016 57.162170 -1.595938
v 14.293693 57.668053 -1.134111
v 14.635882 57.502758 -0.898812
v 8.375993 48.434231 1.691870
v 8.423876 47.899525 1.289134
v 9.628207 51.355968 1.634605
v 10.050676 51.695267 1.214740
v 7.876911 48.641571 1.199197
v 8.043599 48.057510 0.913739
v 12.076555 54.199955 -1.817043
v 12.271220 54.633678 -1.322491
v 9.146020 51.556290 1.158612
v 9.692346 51.844135 0.861007
v 7.575888 48.766632 0.544569
v 7.814228 48.152794 0.414939
v 8.855184 51.677116 0.526136
v 9.476215 51.933926 0.390993
v 13.857664 53.820671 0.489443
v 13.593861 53.948105 1.077806
v 13.047738 53.683960 0.793211
v 13.241887 53.590183 0.360207
v 7.513577 48.792519 -0.183609
v 7.766753 48.172527 -0.139899
v 41.503151 63.923111 0.543194
v 41.656227 63.642914 0.439453
v 8.794985 51.702129 -0.177394
v 9.431476 51.952507 -0.131826
v 7.698393 48.715740 -0.886986
v 7.907573 48.114017 -0.675847
v 10.775006 51.300041 -1.889207
v 10.580342 50.866322 -1.416241
v 8.973538 51.627941 -0.856963
v 9.564174 51.897392 -0.636845
v 8.105371 48.546661 -1.470572
v 8.217674 47.985188 -1.120516
v 9.366748 51.464588 -1.420799
v 9.856377 51.775990 -1.055852
v 8.679552 48.308117 -1.855551
v 8.655179 47.803432 -1.413853
v 15.070858 56.764694 -0.762887
v 14.878421 57.385593 -0.542126
v 9.921494 51.234123 -1.792747
v 10.268633 51.604721 -1.332261
v 11.682347 50.892811 1.606236
v 11.260530 50.561039 1.204112
v 15.225850 56.689823 -0.157919
v 14.988567 57.332397 -0.112217
v 12.949238 53.808273 1.544881
v 12.906381 54.348606 1.124405
v 41.350082 64.203308 0.439454
v 11.091711 51.157898 1.857040
v 10.817760 50.759762 1.392126
v 41.750832 63.469742 -0.167855
v 41.656227 63.642914 -0.439453
v 12.381162 54.063240 1.786105
v 12.492920 54.534172 1.299973
v 10.458303 51.442188 1.857039
v 10.342926 50.972881 1.392126
v 13.912271 53.794292 -0.165022
v 13.282070 53.570759 -0.121444
v 11.771948 54.336670 1.786104
v 12.049521 54.733185 1.299973
v 9.867666 51.707279 1.606236
v 9.900156 51.171604 1.204111
v 14.099113 45.108265 -1.118613
v 15.877514 46.242180 -0.499153
v 15.507957 46.250687 0.045324
v 13.957950 45.262402 -0.494580
v 11.203874 54.591640 1.544881
v 11.636060 54.918755 1.124405
v 13.691298 57.431095 -1.711512
v 13.898076 57.859158 -1.216241
v 9.399572 51.917370 1.138501
v 9.549253 51.329102 0.853477
v 10.753660 54.793705 1.095013
v 11.308379 55.065819 0.796978
v 33.448597 63.469738 -20.211214
v 33.211208 63.469738 -20.448603
v 9.117236 52.044090 0.517004
v 9.337595 51.424088 0.387576
v 10.482107 54.915577 0.497260
v 11.110745 55.154537 0.361917
v 41.750832 63.469742 0.167856
v 9.058795 52.070320 -0.174312
v 9.293786 51.443760 -0.130669
v 10.425899 54.940811 -0.167656
v 11.069827 55.172890 -0.122027
v 12.308702 54.568905 -1.788488
v 12.101924 54.140842 -1.316241
v 9.232134 51.992519 -0.842093
v 9.423731 51.385437 -0.631276
v 10.592615 54.865982 -0.809926
v 11.191171 55.118431 -0.589484
v 9.613849 51.821198 -1.396139
v 9.709884 51.257008 -1.046615
v 12.496847 48.076889 3.556805
v 11.494541 49.911598 2.877516
v 11.207518 49.448841 2.507958
v 12.081097 47.849766 3.100006
v 10.959751 54.701206 -1.342811
v 11.458381 54.998497 -0.977334
v 10.129176 48.076893 -2.159258
v 11.318243 46.242180 -2.387665
v 11.194557 46.250690 -1.741346
v 10.158201 47.849766 -1.542272
v 10.152383 51.579491 -1.761633
v 10.113593 51.075809 -1.320605
v 11.477715 54.468731 -1.694342
v 11.835368 54.829300 -1.233186
v 13.156488 54.159378 1.520603
v 12.725852 53.839447 1.119091
v 13.499153 46.242180 -2.877516
v 12.954677 46.250687 -2.507958
v 14.502599 57.039196 1.455157
v 14.474598 57.580658 1.034070
v 13.013786 45.108269 -1.568168
v 14.568169 45.108269 -0.013786
v 14.027094 45.262402 0.327652
v 12.672346 45.262402 -1.027093
v 12.604619 54.425961 1.758035
v 12.319705 54.035641 1.293829
v 13.974480 57.294304 1.682371
v 14.099313 57.761955 1.195532
v 13.499153 46.242180 2.877516
v 12.954676 46.250687 2.507958
v 12.012784 54.711849 1.758035
v 11.884144 54.246044 1.293829
v 13.408117 57.567886 1.682370
v 13.696843 57.956367 1.195532
v -7.573754 63.642914 -19.952267
v -7.538871 63.923115 -19.770674
v 11.460917 54.978432 1.520604
v 11.477995 54.442234 1.119091
v 12.879999 57.823002 1.455155
v 13.321546 58.137650 1.034068
v 11.023542 55.189705 1.077806
v 11.156108 54.597717 0.793212
v 41.503155 63.923115 -0.543195
v 12.461453 58.025177 1.031415
v 13.024119 58.281330 0.732947
v 10.759739 55.317135 0.489444
v 10.961967 54.691509 0.360207
v 12.560547 63.642914 -28.656225
v 12.456807 63.923111 -28.503153
v 12.209003 58.147129 0.468376
v 12.844719 58.367981 0.332840
v 13.167857 63.469742 -28.750830
v 12.832145 63.469738 -28.750832
v 10.705132 55.343517 -0.165022
v 10.921771 54.710911 -0.121446
v 15.387664 46.242180 1.681756
v 14.741345 46.250687 1.805443
v 12.156746 58.172367 -0.157917
v 12.807592 58.385933 -0.112218
v 10.867096 55.265278 -0.797197
v 11.040977 54.653347 -0.586701
v 12.496847 48.076893 -3.556803
v 12.081096 47.849766 -3.100006
v 12.311740 58.097500 -0.762887
v 12.917726 58.332714 -0.542126
v 32.952271 63.642910 -20.573750
v 32.770672 63.923111 -20.538868
v 11.223755 55.092991 -1.321708
v 11.303455 54.526543 -0.972714
v 12.653050 57.932629 -1.264823
v 13.160274 58.215561 -0.898813
v 11.726945 54.849922 -1.667715
v 11.673779 54.347660 -1.227358
v 13.134581 57.700020 -1.595938
v 13.502458 58.050266 -1.134110
v 10.875084 51.045506 1.099112
v 10.667616 50.437126 0.957951
v 41.255478 64.376480 0.167852
v 10.875085 51.045506 -1.099114
v 10.667614 50.437126 -0.957951
v 41.255478 64.376480 -0.167852
v 10.122482 46.242180 -0.499154
v 11.900885 45.108269 -1.118611
v 12.042048 45.262402 -0.494578
v 10.492041 46.250687 0.045323
v 11.494542 49.911594 -2.877513
v 11.207519 49.448841 -2.507958
v 41.350079 64.203300 -0.439455
v -7.211218 63.469742 -20.448597
v -7.448601 63.469742 -20.211210
v 33.573746 63.642914 -19.952272
v -15.656224 63.642914 0.439453
v -15.503154 63.923111 0.543193
v 15.159258 48.076889 2.870824
v 14.542274 47.849766 2.841799
v 33.538868 63.923115 -19.770679
v 12.986217 45.108273 -1.568169
v 14.681758 46.242180 -2.387667
v 14.805444 46.250687 -1.741349
v 13.327655 45.262402 -1.027097
v 13.970191 49.911598 3.099233
v 13.505919 49.448837 3.040871
v 33.357273 64.203308 -19.735796
v 9.443192 48.076889 0.503153
v 9.899992 47.849766 0.918904
v 12.274649 51.045509 2.279734
v 12.028130 50.437126 2.326619
v 33.098328 64.376480 -19.860952
v 10.720266 51.045509 0.725352
v 10.673382 50.437126 0.971873
v 32.860950 64.376480 -20.098326
v 10.612337 46.242180 1.681754
v 11.431833 45.108269 -0.013789
v 11.972909 45.262402 0.327650
v 11.258657 46.250687 1.805440
v 9.900772 49.911594 -0.970188
v 9.959130 49.448841 -0.505917
v 32.735790 64.203300 -20.357277
v -15.750830 63.469742 -0.167857
v -15.750832 63.469738 0.167854
v 13.439456 63.642914 -28.656223
v -6.952274 63.642914 20.573751
v -6.770679 63.923115 20.538866
v 16.556805 48.076893 0.503153
v 16.100004 47.849766 0.918904
v 13.543197 63.923111 -28.503153
v 11.881389 45.108269 -1.099113
v 12.500847 46.242180 -2.877514
v 13.045324 46.250687 -2.507957
v 12.505421 45.262402 -0.957950
v 15.877514 49.911598 1.505460
v 15.507957 49.448841 1.792482
v 13.439452 64.203308 -28.350084
v 10.840744 48.076889 2.870823
v 11.457730 47.849766 2.841795
v 14.099113 51.045509 2.124917
v 13.957951 50.437126 2.332385
v 13.167851 64.376480 -28.255478
v 11.900885 51.045506 2.124915
v 12.042048 50.437126 2.332386
v 12.832150 64.376480 -28.255476
v 12.500847 46.242180 2.877517
v 11.881389 45.108269 1.099115
v 12.505422 45.262402 0.957952
v 13.045323 46.250687 2.507959
v 10.122483 49.911598 1.505460
v 10.492041 49.448841 1.792482
v 12.560548 64.203308 -28.350080
v -7.448601 63.469742 20.211210
v -7.211218 63.469742 20.448595
v -6.952272 63.642914 -20.573750
v 13.439455 63.642914 28.656225
v 13.543195 63.923111 28.503153
v 15.870826 48.076893 -2.159262
v 15.841801 47.849766 -1.542275
v -6.770679 63.923115 -20.538866
v 11.431835 45.108273 0.013788
v 10.612340 46.242184 -1.681754
v 11.258657 46.250687 -1.805440
v 11.972908 45.262402 -0.327650
v 16.099234 49.911598 -0.970194
v 16.040873 49.448841 -0.505921
v -6.735800 64.203308 -20.357273
v 13.503153 48.076893 3.556805
v 13.918904 47.849766 3.100007
v 15.279734 51.045506 0.725349
v 15.326620 50.437126 0.971868
v -6.860954 64.376480 -20.098326
v 13.725355 51.045513 2.279732
v 13.971874 50.437126 2.326616
v -7.098330 64.376480 -19.860949
v 14.681757 46.242180 2.387668
v 12.986215 45.108269 1.568170
v 13.327656 45.262402 1.027096
v 14.805444 46.250687 1.741349
v 12.029812 49.911598 3.099229
v 12.494084 49.448841 3.040867
v -7.357279 64.203300 -19.735790
v 12.832145 63.469742 28.750830
v 13.167857 63.469738 28.750832
v -15.656225 63.642914 -0.439454
v 33.573746 63.642914 19.952276
v 33.538864 63.923111 19.770685
v 13.503153 48.076889 -3.556803
v 13.918903 47.849766 -3.100005
v -15.503153 63.923111 -0.543195
v 11.900885 45.108265 1.118613
v 10.122484 46.242180 0.499153
v 10.492041 46.250687 -0.045324
v 12.042048 45.262402 0.494580
v 14.505459 49.911598 -2.877512
v 14.792482 49.448841 -2.507957
v -15.350082 64.203308 -0.439452
v 15.870825 48.076893 2.159261
v 15.841801 47.849766 1.542276
v 15.124917 51.045509 -1.099113
v 15.332384 50.437126 -0.957950
v -15.255480 64.376480 -0.167853
v 15.124917 51.045509 1.099115
v 15.332386 50.437126 0.957952
v -15.255476 64.376480 0.167850
v 15.877515 46.242180 0.499153
v 14.099113 45.108269 1.118611
v 13.957950 45.262402 0.494578
v 15.507957 46.250687 -0.045323
v 14.505460 49.911602 2.877519
v 14.792481 49.448841 2.507959
v -15.350081 64.203308 0.439452
v 33.211208 63.469742 20.448605
v 33.448593 63.469738 20.211224
v -7.573754 63.642914 19.952267
v 10.840743 48.076889 -2.870822
v 11.457730 47.849766 -2.841795
v -7.538869 63.923115 19.770676
v 13.013789 45.108269 1.568164
v 11.318247 46.242180 2.387658
v 11.194560 46.250687 1.741338
v 12.672350 45.262402 1.027089
v 12.029813 49.911598 -3.099228
v 12.494085 49.448841 -3.040867
v -7.357279 64.203308 19.735786
v 16.556805 48.076889 -0.503154
v 16.100004 47.849766 -0.918904
v 13.725354 51.045509 -2.279731
v 13.971873 50.437126 -2.326615
v -7.098331 64.376480 19.860950
v 15.279737 51.045513 -0.725350
v 15.326621 50.437126 -0.971869
v -6.860953 64.376480 20.098326
v 15.387671 46.242180 -1.681761
v 14.568172 45.108269 0.013782
v 14.027098 45.262402 -0.327658
v 14.741351 46.250687 -1.805447
v 16.099232 49.911594 0.970193
v 16.040873 49.448841 0.505922
v -6.735795 64.203308 20.357275
v 12.560547 63.642914 28.656223
v 9.443193 48.076893 -0.503153
v 9.899992 47.849766 -0.918904
v 12.456807 63.923111 28.503153
v 10.122482 49.911598 -1.505460
v 10.492041 49.448841 -1.792482
v 12.560548 64.203308 28.350082
v 15.159265 48.076889 -2.870830
v 14.542278 47.849766 -2.841803
v 11.900887 51.045506 -2.124916
v 12.042048 50.437126 -2.332385
v 12.832150 64.376480 28.255478
v 14.099113 51.045506 -2.124915
v 13.957951 50.437126 -2.332386
v 13.167851 64.376480 28.255476
v 15.877514 49.911598 -1.505460
v 15.507957 49.448841 -1.792482
v 13.439452 64.203308 28.350080
v 32.952263 63.642914 20.573759
v 10.129179 48.076893 2.159251
v 10.158205 47.849766 1.542265
v 32.770672 63.923115 20.538876
v 9.900773 49.911598 0.970183
v 9.959134 49.448841 0.505910
v 32.735786 64.203308 20.357279
v 10.720270 51.045509 -0.725358
v 10.673387 50.437126 -0.971878
v 32.860939 64.376480 20.098337
v 12.274654 51.045509 -2.279740
v 12.028133 50.437126 -2.326625
v 33.098320 64.376480 19.860956
v 13.970195 49.911594 -3.099234
v 13.505924 49.448841 -3.040875
v 33.357269 64.203308 19.735802
vn -0.0000 -1.0000 -0.0000
vn -0.0000 -0.0000 -1.0000
vn 0.1391 -0.7871 0.6010
vn -0.0421 0.7599 -0.6487
vn 0.8249 0.4729 -0.3096
vn -0.4416 -0.6093 -0.6586
vn -0.2509 0.8202 -0.5141
vn -0.6536 -0.5480 -0.5220
vn -0.3989 0.8630 -0.3101
vn -0.2154 -0.6738 -0.7068
vn -0.8039 -0.5046 -0.3148
vn -0.4661 0.8824 -0.0642
vn 0.8808 0.4336 0.1899
vn 0.9028 0.4252 -0.0640
vn -0.8721 -0.4849 -0.0652
vn 0.4079 -0.8923 0.1936
vn 0.2986 -0.8539 0.4263
vn -0.4435 0.8758 0.1904
vn -0.8491 -0.4916 0.1933
vn -0.3340 0.8442 0.4192
vn 0.2189 0.6847 -0.6952
vn -0.7380 -0.5237 0.4256
vn -0.1525 0.7918 0.5915
vn -0.5537 -0.5769 0.6005
vn 0.6798 0.5238 -0.5133
vn 0.4750 0.5957 -0.6477
vn 0.0766 0.7256 0.6838
vn -0.3212 -0.6441 0.6943
vn 0.4550 -0.8881 -0.0652
vn 0.3222 0.6546 0.6838
vn 0.3634 -0.8767 -0.3153
vn -0.0718 -0.7161 0.6943
vn 0.5512 0.5885 0.5915
vn 0.0278 -0.7515 -0.6591
vn 0.0278 -0.7516 -0.6591
vn 0.1607 -0.7833 0.6005
vn -0.0637 0.7579 -0.6492
vn -0.4242 -0.6220 -0.6581
vn 0.0070 -0.7516 -0.6596
vn 0.2156 -0.8248 -0.5227
vn -0.2743 0.8124 -0.5145
vn 0.4322 -0.8808 0.1934
vn 0.3219 -0.8455 0.4260
vn -0.6377 -0.5668 -0.5216
vn -0.4236 0.8510 -0.3103
vn -0.7891 -0.5277 -0.3146
vn -0.1965 -0.6801 -0.7063
vn -0.4914 0.8686 -0.0642
vn -0.8578 -0.5099 -0.0651
vn 0.8116 0.4953 -0.3099
vn -0.4685 0.8627 0.1905
vn -0.8346 -0.5159 0.1931
vn 0.7875 0.4529 0.4180
vn 0.8924 0.4094 0.1898
vn -0.3581 0.8341 0.4196
vn -0.7227 -0.5448 0.4253
vn 0.1994 0.6901 -0.6957
vn -0.1751 0.7867 0.5919
vn 0.1928 -0.8302 -0.5231
vn 0.3392 -0.8862 -0.3155
vn -0.5371 -0.5928 0.6001
vn 0.0559 0.7270 0.6844
vn 0.4792 -0.8753 -0.0652
vn -0.3030 -0.6534 0.6938
vn 0.3036 0.6629 0.6844
vn 0.6650 0.5422 -0.5137
vn 0.4581 0.6083 -0.6482
vn 0.6650 0.5421 -0.5137
vn -0.0519 -0.7183 0.6938
vn -0.0519 -0.7183 0.6937
vn 0.7473 0.5158 0.4189
vn 0.5346 0.6032 0.5919
vn 0.8649 0.4979 -0.0642
vn 0.1823 -0.7789 0.6001
vn -0.0853 0.7554 -0.6497
vn 0.7977 0.5173 -0.3101
vn -0.4065 -0.6343 -0.6576
vn -0.2975 0.8040 -0.5149
vn -0.6213 -0.5851 -0.5212
vn -0.4480 0.8384 -0.3106
vn -0.1774 -0.6859 -0.7058
vn -0.7736 -0.5502 -0.3144
vn -0.5163 0.8540 -0.0643
vn 0.8557 0.4812 0.1902
vn 0.8782 0.4740 -0.0641
vn -0.8427 -0.5344 -0.0651
vn 0.4562 -0.8687 0.1933
vn 0.3450 -0.8365 0.4256
vn -0.4932 0.8487 0.1907
vn -0.8194 -0.5398 0.1930
vn -0.3820 0.8233 0.4199
vn 0.1798 0.6950 -0.6962
vn -0.7068 -0.5655 0.4250
vn -0.1975 0.7811 0.5924
vn -0.5201 -0.6083 0.5996
vn 0.6496 0.5600 -0.5141
vn 0.4408 0.6204 -0.6487
vn 0.0352 0.7278 0.6849
vn -0.2845 -0.6622 0.6932
vn 0.5029 -0.8619 -0.0651
vn 0.2848 0.6707 0.6849
vn 0.4109 -0.8556 -0.3148
vn -0.0319 -0.7200 0.6932
vn 0.5176 0.6174 0.5924
vn 0.0694 -0.7497 -0.6581
vn 0.2037 -0.7739 0.5996
vn -0.1068 0.7522 -0.6502
vn -0.3884 -0.6460 -0.6571
vn 0.0486 -0.7509 -0.6586
vn 0.2606 -0.8122 -0.5220
vn -0.3205 0.7948 -0.5153
vn 0.4798 -0.8559 0.1931
vn 0.3679 -0.8269 0.4253
vn -0.6044 -0.6029 -0.5208
vn -0.4719 0.8250 -0.3108
vn -0.7574 -0.5724 -0.3141
vn -0.1582 -0.6911 -0.7052
vn -0.5407 0.8388 -0.0643
vn -0.8269 -0.5585 -0.0650
vn 0.7831 0.5389 -0.3103
vn -0.5175 0.8341 0.1908
vn -0.8035 -0.5632 0.1929
vn 0.7613 0.4952 0.4186
vn 0.8686 0.4576 0.1901
vn -0.4055 0.8118 0.4202
vn -0.6903 -0.5858 0.4247
vn 0.1600 0.6992 -0.6968
vn -0.2198 0.7747 0.5928
vn 0.2382 -0.8188 -0.5223
vn 0.3873 -0.8664 -0.3151
vn -0.5026 -0.6232 0.5992
vn 0.0146 0.7280 0.6854
vn 0.5264 -0.8478 -0.0651
vn -0.2658 -0.6705 0.6927
vn 0.2659 0.6779 0.6854
vn 0.6339 0.5775 -0.5145
vn 0.4233 0.6320 -0.6492
vn -0.0118 -0.7211 0.6927
vn 0.7177 0.5558 0.4196
vn 0.5002 0.6311 0.5928
vn 0.8363 0.5444 -0.0643
vn 0.2250 -0.7684 0.5992
vn -0.1282 0.7484 -0.6507
vn 0.7680 0.5601 -0.3106
vn -0.3700 -0.6572 -0.6566
vn -0.3431 0.7851 -0.5157
vn -0.5869 -0.6203 -0.5204
vn -0.4955 0.8110 -0.3110
vn -0.1388 -0.6958 -0.7047
vn -0.7407 -0.5941 -0.3139
vn -0.5647 0.8228 -0.0644
vn 0.8281 0.5273 0.1905
vn 0.8509 0.5213 -0.0642
vn 0.8281 0.5272 0.1905
vn -0.8105 -0.5822 -0.0650
vn 0.5030 -0.8424 0.1930
vn 0.3904 -0.8167 0.4250
vn -0.5413 0.8188 0.1910
vn -0.7869 -0.5862 0.1927
vn -0.4287 0.7996 0.4205
vn 0.1402 0.7029 -0.6973
vn -0.6732 -0.6056 0.4244
vn -0.6732 -0.6055 0.4244
vn -0.2418 0.7678 0.5933
vn -0.4847 -0.6377 0.5987
vn 0.6176 0.5945 -0.5149
vn 0.4054 0.6431 -0.6497
vn -0.0061 0.7276 0.6859
vn -0.2468 -0.6782 0.6922
vn 0.5494 -0.8330 -0.0650
vn 0.2467 0.6846 0.6859
vn 0.4572 -0.8319 -0.3144
vn 0.0083 -0.7217 0.6922
vn 0.4824 0.6444 0.5933
vn 0.1109 -0.7456 -0.6571
vn 0.2462 -0.7622 0.5987
vn -0.1495 0.7440 -0.6512
vn -0.3513 -0.6679 -0.6561
vn 0.0902 -0.7479 -0.6576
vn 0.3050 -0.7971 -0.5212
vn -0.3655 0.7746 -0.5161
vn 0.5259 -0.8284 0.1929
vn 0.4127 -0.8058 0.4247
vn -0.5690 -0.6371 -0.5200
vn -0.5186 0.7963 -0.3113
vn -0.7233 -0.6152 -0.3136
vn -0.1192 -0.6999 -0.7042
vn -0.5882 0.8062 -0.0644
vn -0.7933 -0.6053 -0.0649
vn 0.7523 0.5809 -0.3108
vn -0.5647 0.8028 0.1911
vn -0.7697 -0.6087 0.1926
vn 0.7327 0.5360 0.4193
vn 0.8422 0.5044 0.1904
vn 0.7327 0.5360 0.4192
vn -0.4515 0.7868 0.4209
vn -0.6556 -0.6248 0.4240
vn 0.1203 0.7061 -0.6978
vn -0.2637 0.7602 0.5938
vn 0.2829 -0.8049 -0.5216
vn 0.4342 -0.8441 -0.3146
vn -0.4664 -0.6516 0.5983
vn -0.0267 0.7267 0.6865
vn 0.5720 -0.8177 -0.0650
vn -0.2276 -0.6854 0.6917
vn 0.2274 0.6907 0.6865
vn 0.6009 0.6111 -0.5153
vn 0.3872 0.6537 -0.6502
vn 0.0284 -0.7216 0.6917
vn 0.6859 0.5941 0.4202
vn 0.4643 0.6572 0.5938
vn 0.8053 0.5894 -0.0644
vn 0.2672 -0.7554 0.5983
vn -0.1706 0.7391 -0.6517
vn 0.7361 0.6012 -0.3110
vn -0.3322 -0.6781 -0.6556
vn -0.3876 0.7636 -0.5165
vn -0.5505 -0.6534 -0.5196
vn -0.5414 0.7809 -0.3115
vn -0.0996 -0.7035 -0.7037
vn -0.7053 -0.6359 -0.3134
vn -0.6112 0.7888 -0.0645
vn 0.7979 0.5718 0.1908
vn 0.8211 0.5671 -0.0643
vn -0.7755 -0.6280 -0.0649
vn 0.5484 -0.8137 0.1927
vn 0.4347 -0.7943 0.4244
vn -0.5877 0.7862 0.1913
vn -0.7518 -0.6306 0.1924
vn -0.4739 0.7733 0.4212
vn 0.1003 0.7087 -0.6984
vn -0.6374 -0.6436 0.4237
vn -0.2853 0.7520 0.5942
vn -0.4476 -0.6650 0.5978
vn 0.5837 0.6271 -0.5157
vn 0.3688 0.6638 -0.6507
vn -0.0473 0.7251 0.6870
vn -0.2082 -0.6921 0.6912
vn 0.5941 -0.8017 -0.0649
vn 0.2079 0.6963 0.6870
vn 0.5022 -0.8058 -0.3139
vn 0.0486 -0.7211 0.6912
vn 0.4459 0.6694 0.5942
vn 0.1521 -0.7392 -0.6561
vn 0.2880 -0.7481 0.5978
vn -0.1915 0.7335 -0.6522
vn 0.1315 -0.7427 -0.6566
vn 0.3484 -0.7796 -0.5204
vn -0.3129 -0.6877 -0.6552
vn -0.4093 0.7519 -0.5169
vn -0.5316 -0.6692 -0.5192
vn 0.5705 -0.7984 0.1926
vn 0.4564 -0.7822 0.4240
vn -0.5636 0.7649 -0.3118
vn -0.0798 -0.7066 -0.7031
vn -0.6867 -0.6561 -0.3132
vn -0.6337 0.7709 -0.0645
vn 0.7193 0.6211 -0.3113
vn -0.7571 -0.6501 -0.0648
vn -0.6101 0.7689 0.1914
vn 0.7020 0.5752 0.4199
vn 0.8133 0.5497 0.1907
vn -0.7333 -0.6521 0.1923
vn -0.4959 0.7592 0.4215
vn 0.0803 0.7107 -0.6989
vn -0.6187 -0.6618 0.4234
vn -0.3067 0.7432 0.5947
vn -0.4285 -0.6779 0.5974
vn 0.3268 -0.7886 -0.5208
vn 0.4799 -0.8192 -0.3141
vn 0.3268 -0.7887 -0.5208
vn -0.0678 0.7230 0.6875
vn -0.1886 -0.6982 0.6906
vn 0.6159 -0.7852 -0.0649
vn 0.1883 0.7013 0.6875
vn 0.6521 0.6306 0.4209
vn 0.6521 0.6306 0.4208
vn 0.0687 -0.7199 0.6906
vn 0.5662 0.6427 -0.5161
vn 0.3501 0.6733 -0.6512
vn 0.4271 0.6811 0.5947
vn 0.1726 -0.7351 -0.6556
vn 0.3086 -0.7402 0.5974
vn -0.2123 0.7273 -0.6527
vn 0.7654 0.6145 0.1911
vn 0.7888 0.6112 -0.0644
vn -0.2933 -0.6967 -0.6547
vn -0.4307 0.7396 -0.5173
vn -0.5123 -0.6844 -0.5188
vn 0.5922 -0.7825 0.1924
vn 0.4777 -0.7696 0.4237
vn -0.5854 0.7483 -0.3120
vn -0.0600 -0.7091 -0.7026
vn -0.6675 -0.6756 -0.3129
vn -0.6557 0.7522 -0.0646
vn 0.7020 0.6405 -0.3115
vn -0.7380 -0.6717 -0.0648
vn -0.6320 0.7509 0.1915
vn -0.7142 -0.6730 0.1921
vn -0.5175 0.7445 0.4218
vn 0.0602 0.7122 -0.6994
vn -0.5994 -0.6795 0.4231
vn -0.3277 0.7338 0.5951
vn -0.4090 -0.6902 0.5969
vn -0.0883 0.7203 0.6880
vn -0.1688 -0.7037 0.6901
vn 0.6371 -0.7680 -0.0648
vn 0.1686 0.7058 0.6880
vn 0.6345 0.6481 0.4212
vn 0.0888 -0.7182 0.6901
vn 0.5482 0.6579 -0.5165
vn 0.3312 0.6824 -0.6517
vn 0.4080 0.6923 0.5951
vn 0.1929 -0.7304 -0.6552
vn 0.3290 -0.7318 0.5969
vn -0.2329 0.7205 -0.6532
vn -0.2734 -0.7052 -0.6542
vn 0.7483 0.6352 0.1913
vn 0.7718 0.6326 -0.0645
vn -0.4517 0.7267 -0.5177
vn 0.6134 -0.7660 0.1923
vn 0.4987 -0.7563 0.4234
vn -0.4925 -0.6991 -0.5184
vn -0.6067 0.7310 -0.3122
vn -0.6478 -0.6947 -0.3127
vn -0.0400 -0.7110 -0.7021
vn -0.6771 0.7330 -0.0646
vn -0.7183 -0.6927 -0.0647
vn 0.6841 0.6594 -0.3118
vn -0.6534 0.7323 0.1917
vn -0.6945 -0.6934 0.1920
vn -0.5387 0.7291 0.4221
vn -0.5797 -0.6966 0.4228
vn 0.0402 0.7131 -0.6999
vn -0.3485 0.7238 0.5956
vn -0.3892 -0.7020 0.5965
vn -0.1086 0.7170 0.6886
vn 0.6579 -0.7503 -0.0648
vn -0.1489 -0.7087 0.6896
vn 0.1487 0.7098 0.6886
vn 0.5297 0.6725 -0.5169
vn 0.3120 0.6909 -0.6522
vn 0.1088 -0.7160 0.6896
vn 0.6164 0.6651 0.4215
vn 0.3887 0.7030 0.5956
vn 0.7360 0.6739 -0.0646
vn 0.3491 -0.7227 0.5965
vn -0.2532 0.7132 -0.6537
vn 0.6657 0.6778 -0.3120
vn -0.2532 -0.7132 -0.6537
vn -0.4723 0.7132 -0.5181
vn 0.6693 0.6126 0.4205
vn 0.7819 0.5934 0.1910
vn -0.4723 -0.7132 -0.5181
vn -0.6275 0.7132 -0.3125
vn -0.0200 -0.7123 -0.7015
vn -0.6275 -0.7132 -0.3125
vn -0.6980 0.7132 -0.0647
vn 0.7306 0.6555 0.1914
vn 0.7542 0.6535 -0.0645
vn -0.6980 -0.7132 -0.0647
vn 0.6342 -0.7489 0.1921
vn 0.5193 -0.7425 0.4231
vn -0.6742 0.7132 0.1918
vn -0.6742 -0.7132 0.1918
vn -0.5594 0.7132 0.4225
vn 0.0201 0.7134 -0.7005
vn -0.5594 -0.7132 0.4225
vn -0.3690 0.7132 0.5960
vn -0.3690 -0.7132 0.5960
vn 0.5110 0.6866 -0.5173
vn 0.2926 0.6988 -0.6527
vn -0.1288 0.7132 0.6891
vn -0.1288 -0.7132 0.6891
vn 0.6782 -0.7320 -0.0647
vn 0.1288 0.7132 0.6891
vn 0.5874 -0.7463 -0.3129
vn 0.1288 -0.7132 0.6891
vn 0.3690 0.7132 0.5960
vn -0.0000 1.0000 -0.0000
vn 0.3612 -0.0000 -0.9325
vn 0.6737 -0.0000 -0.7390
vn 0.8952 -0.0000 -0.4457
vn 0.9957 -0.0000 -0.0923
vn 0.9618 -0.0000 0.2737
vn 0.7980 -0.0000 0.6026
vn 0.5264 -0.0000 0.8502
vn 0.1837 -0.0000 0.9830
vn 0.1838 -0.0000 0.9830
vn -0.1838 -0.0000 0.9830
vn -0.1837 -0.0000 0.9830
vn -0.5264 -0.0000 0.8502
vn -0.7980 -0.0000 0.6026
vn -0.9618 -0.0000 0.2737
vn -0.9957 -0.0000 -0.0923
vn -0.8952 -0.0000 -0.4457
vn -0.6737 -0.0000 -0.7390
vn -0.3612 -0.0000 -0.9325
vn -0.0281 -0.9996 -0.0000
vn -0.0000 0.0015 -1.0000
vn 0.0281 0.9996 -0.0000
vn 0.3611 -0.0086 -0.9325
vn 0.6735 -0.0174 -0.7390
vn 0.8949 -0.0237 -0.4457
vn 0.8948 -0.0237 -0.4457
vn 0.9954 -0.0265 -0.0923
vn 0.9615 -0.0255 0.2737
vn 0.7977 -0.0209 0.6026
vn 0.5263 -0.0133 0.8502
vn 0.1837 -0.0037 0.9830
vn -0.1836 0.0067 0.9830
vn -0.5262 0.0163 0.8502
vn -0.7977 0.0240 0.6026
vn -0.9614 0.0286 0.2737
vn -0.9953 0.0295 -0.0923
vn -0.8948 0.0267 -0.4457
vn -0.6734 0.0205 -0.7390
vn -0.3611 0.0117 -0.9325
vn -0.0562 -0.9984 -0.0000
vn 0.0002 0.0030 -1.0000
vn 0.0562 0.9984 -0.0000
vn 0.3608 -0.0173 -0.9325
vn 0.6728 -0.0349 -0.7390
vn 0.8939 -0.0473 -0.4457
vn 0.9943 -0.0530 -0.0923
vn 0.9605 -0.0511 0.2737
vn 0.7969 -0.0418 0.6026
vn 0.5258 -0.0266 0.8502
vn 0.1836 -0.0073 0.9830
vn -0.1833 0.0134 0.9830
vn -0.5254 0.0326 0.8502
vn -0.7966 0.0479 0.6026
vn -0.9601 0.0571 0.2737
vn -0.9940 0.0590 -0.0923
vn -0.8936 0.0533 -0.4457
vn -0.6725 0.0409 -0.7390
vn -0.3605 0.0233 -0.9325
vn -0.0843 -0.9964 -0.0000
vn 0.0004 0.0045 -1.0000
vn 0.0843 0.9964 -0.0000
vn 0.3603 -0.0259 -0.9325
vn 0.6717 -0.0523 -0.7390
vn 0.8924 -0.0709 -0.4457
vn 0.9926 -0.0794 -0.0923
vn 0.9588 -0.0765 0.2737
vn 0.7956 -0.0627 0.6026
vn 0.5249 -0.0398 0.8502
vn 0.1835 -0.0110 0.9830
vn -0.1827 0.0200 0.9830
vn -0.5242 0.0489 0.8502
vn -0.7948 0.0718 0.6026
vn -0.9580 0.0856 0.2737
vn -0.9918 0.0884 -0.0923
vn -0.8916 0.0800 -0.4457
vn -0.6709 0.0613 -0.7390
vn -0.3596 0.0350 -0.9325
vn -0.1123 -0.9937 -0.0000
vn 0.0007 0.0060 -1.0000
vn 0.1123 0.9937 -0.0000
vn 0.3596 -0.0345 -0.9325
vn 0.6701 -0.0696 -0.7390
vn 0.8902 -0.0945 -0.4457
vn 0.9901 -0.1058 -0.0923
vn 0.9564 -0.1020 0.2737
vn 0.7936 -0.0836 0.6026
vn 0.5238 -0.0531 0.8502
vn 0.1833 -0.0146 0.9830
vn -0.1819 0.0266 0.9830
vn -0.5224 0.0651 0.8502
vn -0.7923 0.0956 0.6026
vn -0.9550 0.1140 0.2737
vn -0.1122 -0.9937 -0.0000
vn -0.9887 0.1178 -0.0923
vn -0.8888 0.1065 -0.4457
vn -0.6687 0.0816 -0.7390
vn -0.3583 0.0466 -0.9325
vn -0.1402 -0.9901 -0.0000
vn 0.0011 0.0075 -1.0000
vn 0.1402 0.9901 -0.0000
vn 0.3587 -0.0431 -0.9324
vn -0.1401 -0.9901 -0.0000
vn 0.6681 -0.0869 -0.7390
vn 0.8874 -0.1180 -0.4457
vn 0.9869 -0.1321 -0.0923
vn 0.9534 -0.1273 0.2737
vn 0.7912 -0.1044 0.6026
vn 0.5223 -0.0663 0.8502
vn 0.1830 -0.0183 0.9829
vn -0.1809 0.0332 0.9829
vn -0.5202 0.0813 0.8502
vn -0.7891 0.1193 0.6026
vn -0.9512 0.1423 0.2737
vn -0.9848 0.1471 -0.0923
vn -0.8852 0.1330 -0.4457
vn -0.6660 0.1019 -0.7390
vn -0.3566 0.0581 -0.9324
vn -0.1680 -0.9858 -0.0000
vn 0.0015 0.0090 -1.0000
vn 0.1680 0.9858 -0.0000
vn -0.1679 -0.9858 -0.0000
vn 0.3576 -0.0517 -0.9324
vn 0.1679 0.9858 -0.0000
vn 0.6656 -0.1042 -0.7390
vn 0.8839 -0.1414 -0.4457
vn 0.9831 -0.1583 -0.0923
vn 0.9496 -0.1526 0.2737
vn 0.7882 -0.1251 0.6026
vn 0.5205 -0.0795 0.8502
vn 0.1827 -0.0219 0.9829
vn -0.1796 0.0398 0.9829
vn -0.5174 0.0974 0.8502
vn -0.7851 0.1430 0.6026
vn -0.9466 0.1705 0.2737
vn -0.9800 0.1762 -0.0923
vn -0.8809 0.1593 -0.4457
vn -0.6626 0.1221 -0.7390
vn -0.3546 0.0696 -0.9324
vn -0.1956 -0.9807 -0.0000
vn 0.0021 0.0104 -0.9999
vn 0.1956 0.9807 -0.0000
vn 0.3563 -0.0603 -0.9324
vn 0.6627 -0.1214 -0.7390
vn 0.8799 -0.1647 -0.4457
vn 0.9785 -0.1844 -0.0923
vn 0.9453 -0.1777 0.2737
vn 0.9453 -0.1777 0.2736
vn 0.7846 -0.1457 0.6026
vn 0.5183 -0.0926 0.8502
vn 0.1823 -0.0256 0.9829
vn -0.1781 0.0463 0.9829
vn -0.5142 0.1134 0.8502
vn -0.7805 0.1665 0.6026
vn -0.9411 0.1985 0.2736
vn -0.9744 0.2052 -0.0923
vn -0.8757 0.1855 -0.4457
vn -0.6586 0.1422 -0.7390
vn -0.3522 0.0810 -0.9324
vn -0.2231 -0.9748 -0.0000
vn 0.0027 0.0118 -0.9999
vn 0.2231 0.9748 -0.0000
vn 0.3548 -0.0688 -0.9324
vn 0.6594 -0.1385 -0.7390
vn 0.8752 -0.1879 -0.4457
vn 0.9733 -0.2103 -0.0923
vn 0.9402 -0.2028 0.2736
vn 0.7805 -0.1662 0.6026
vn 0.5158 -0.1056 0.8502
vn 0.1818 -0.0292 0.9829
vn -0.1764 0.0528 0.9829
vn -0.5104 0.1292 0.8502
vn -0.7751 0.1898 0.6026
vn -0.9348 0.2264 0.2736
vn 0.2230 0.9748 -0.0000
vn -0.9679 0.2339 -0.0923
vn -0.8698 0.2115 -0.4457
vn -0.6540 0.1621 -0.7390
vn -0.3494 0.0924 -0.9324
vn -0.2504 -0.9681 -0.0000
vn 0.0034 0.0132 -0.9999
vn 0.2504 0.9681 -0.0000
vn 0.3531 -0.0773 -0.9324
vn 0.6556 -0.1555 -0.7389
vn 0.2504 0.9682 -0.0000
vn 0.8700 -0.2110 -0.4457
vn 0.9673 -0.2362 -0.0923
vn 0.2503 0.9682 -0.0000
vn 0.9345 -0.2277 0.2736
vn 0.7759 -0.1866 0.6026
vn 0.2505 0.9681 -0.0000
vn 0.5130 -0.1186 0.8501
vn 0.1813 -0.0328 0.9829
vn 0.2504 0.9681 -0.0001
vn -0.1745 0.0592 0.9829
vn -0.2505 -0.9681 -0.0000
vn -0.5062 0.1450 0.8501
vn -0.7691 0.2130 0.6026
vn -0.9277 0.2540 0.2736
vn -0.9605 0.2625 -0.0923
vn -0.8631 0.2373 -0.4457
vn -0.6488 0.1819 -0.7389
vn -0.3463 0.1036 -0.9324
vn -0.2776 -0.9607 -0.0000
vn 0.0042 0.0145 -0.9999
vn 0.2776 0.9607 -0.0000
vn 0.3512 -0.0857 -0.9324
vn 0.6514 -0.1724 -0.7389
vn -0.2775 -0.9607 -0.0000
vn 0.8641 -0.2339 -0.4457
vn 0.2775 0.9607 -0.0000
vn 0.9607 -0.2618 -0.0923
vn 0.9281 -0.2524 0.2736
vn 0.7708 -0.2069 0.6026
vn 0.5099 -0.1316 0.8501
vn 0.1807 -0.0365 0.9829
vn 0.2775 0.9607 -0.0001
vn -0.1723 0.0655 0.9829
vn -0.2776 -0.9607 0.0001
vn -0.5015 0.1606 0.8501
vn -0.7624 0.2360 0.6026
vn -0.2777 -0.9607 -0.0000
vn -0.9197 0.2815 0.2736
vn -0.9523 0.2909 -0.0923
vn -0.8557 0.2630 -0.4457
vn -0.6430 0.2015 -0.7389
vn -0.3428 0.1148 -0.9324
vn -0.3045 -0.9525 -0.0000
vn 0.0051 0.0159 -0.9999
vn 0.3045 0.9525 -0.0000
vn -0.3044 -0.9525 -0.0000
vn 0.3491 -0.0941 -0.9323
vn 0.6467 -0.1892 -0.7389
vn 0.8576 -0.2567 -0.4457
vn 0.9534 -0.2873 -0.0923
vn 0.9211 -0.2769 0.2736
vn 0.7651 -0.2271 0.6026
vn 0.3044 0.9526 -0.0000
vn 0.7651 -0.2271 0.6025
vn 0.5064 -0.1444 0.8501
vn 0.1801 -0.0401 0.9828
vn -0.1699 0.0718 0.9828
vn -0.4963 0.1761 0.8501
vn -0.7550 0.2588 0.6026
vn -0.7550 0.2588 0.6025
vn -0.3046 -0.9525 -0.0000
vn -0.9110 0.3087 0.2736
vn -0.9433 0.3190 -0.0923
vn 0.3044 0.9525 -0.0000
vn -0.8475 0.2884 -0.4457
vn -0.6366 0.2209 -0.7389
vn -0.3390 0.1258 -0.9323
vn -0.3311 -0.9436 -0.0000
vn 0.0060 0.0171 -0.9998
vn 0.3311 0.9436 -0.0000
vn 0.3468 -0.1025 -0.9323
vn 0.3311 0.9436 0.0001
vn 0.6416 -0.2059 -0.7389
vn -0.3312 -0.9436 -0.0000
vn 0.8505 -0.2792 -0.4457
vn 0.9454 -0.3125 -0.0923
vn 0.9134 -0.3013 0.2736
vn 0.7589 -0.2471 0.6025
vn 0.5027 -0.1572 0.8501
vn 0.1794 -0.0437 0.9828
vn -0.1673 0.0780 0.9828
vn -0.4906 0.1914 0.8501
vn -0.7469 0.2813 0.6025
vn -0.9014 0.3356 0.2736
vn -0.9334 0.3468 -0.0923
vn -0.3310 -0.9436 0.0001
vn -0.8385 0.3135 -0.4457
vn 0.3310 0.9436 -0.0001
vn -0.6296 0.2402 -0.7389
vn -0.3311 -0.9436 0.0001
vn -0.3348 0.1367 -0.9323
vn 0.3311 0.9436 -0.0001
vn -0.3575 -0.9339 -0.0000
vn 0.0070 0.0184 -0.9998
vn 0.3575 0.9339 -0.0000
vn -0.3576 -0.9339 -0.0000
vn 0.3443 -0.1108 -0.9323
vn 0.6361 -0.2225 -0.7389
vn 0.3576 0.9339 -0.0001
vn 0.6361 -0.2224 -0.7389
vn 0.8429 -0.3016 -0.4457
vn 0.9368 -0.3376 -0.0922
vn 0.9368 -0.3376 -0.0923
vn 0.9051 -0.3254 0.2736
vn 0.7522 -0.2669 0.6025
vn 0.3576 0.9339 -0.0000
vn 0.4986 -0.1698 0.8501
vn -0.3576 -0.9339 -0.0001
vn 0.1786 -0.0473 0.9828
vn -0.1645 0.0841 0.9828
vn -0.4845 0.2066 0.8501
vn -0.7381 0.3036 0.6025
vn -0.3574 -0.9339 -0.0000
vn -0.8910 0.3622 0.2736
vn -0.9227 0.3743 -0.0923
vn -0.9227 0.3743 -0.0922
vn -0.8288 0.3384 -0.4457
vn -0.6220 0.2592 -0.7389
vn 0.3577 0.9339 0.0001
vn -0.3575 -0.9339 0.0001
vn -0.3303 0.1475 -0.9323
vn -0.3837 -0.9235 -0.0000
vn 0.0081 0.0196 -0.9998
vn 0.3837 0.9235 -0.0000
vn -0.3837 -0.9235 0.0001
vn 0.3417 -0.1190 -0.9323
vn -0.3836 -0.9235 -0.0000
vn 0.6301 -0.2388 -0.7388
vn 0.3836 0.9235 -0.0000
vn 0.8346 -0.3238 -0.4456
vn 0.9275 -0.3624 -0.0922
vn -0.3835 -0.9235 -0.0000
vn 0.8962 -0.3494 0.2736
vn 0.7449 -0.2865 0.6025
vn 0.4942 -0.1824 0.8500
vn 0.1778 -0.0509 0.9828
vn 0.3837 0.9235 0.0001
vn -0.1615 0.0900 0.9828
vn -0.4779 0.2215 0.8500
vn -0.7287 0.3257 0.6025
vn -0.8799 0.3885 0.2736
vn -0.9112 0.4015 -0.0923
vn -0.9112 0.4015 -0.0922
vn -0.8184 0.3629 -0.4456
vn 0.3838 0.9234 0.0001
vn -0.8183 0.3629 -0.4456
vn -0.6139 0.2780 -0.7388
vn -0.3254 0.1581 -0.9323
vn -0.4095 -0.9123 -0.0000
vn 0.0093 0.0207 -0.9997
vn 0.4095 0.9123 -0.0000
vn 0.3388 -0.1272 -0.9322
vn 0.6238 -0.2551 -0.7388
vn 0.4094 0.9123 -0.0000
vn 0.8258 -0.3457 -0.4456
vn 0.9175 -0.3869 -0.0922
vn 0.8866 -0.3730 0.2736
vn -0.4094 -0.9124 -0.0000
vn 0.7372 -0.3060 0.6025
vn 0.4096 0.9123 -0.0000
vn 0.4894 -0.1948 0.8500
vn 0.1769 -0.0545 0.9827
vn 0.4095 0.9123 0.0001
vn -0.1583 0.0959 0.9827
vn -0.4094 -0.9123 -0.0000
vn -0.4709 0.2362 0.8500
vn -0.7186 0.3474 0.6025
vn 0.4094 0.9123 0.0001
vn -0.8680 0.4144 0.2736
vn -0.8989 0.4283 -0.0922
vn -0.8072 0.3872 -0.4456
vn -0.6052 0.2965 -0.7388
vn -0.3202 0.1686 -0.9322
vn -0.4350 -0.9004 -0.0000
vn 0.0105 0.0218 -0.9997
vn 0.4350 0.9004 -0.0000
vn -0.4350 -0.9005 -0.0000
vn 0.3357 -0.1353 -0.9322
vn 0.6170 -0.2711 -0.7388
vn -0.4349 -0.9005 -0.0000
vn 0.8163 -0.3675 -0.4456
vn 0.4351 0.9004 -0.0000
vn 0.9069 -0.4112 -0.0922
vn 0.8764 -0.3964 0.2736
vn 0.4352 0.9003 -0.0000
vn 0.8763 -0.3964 0.2736
vn 0.7289 -0.3252 0.6025
vn 0.4349 0.9005 -0.0000
vn 0.4844 -0.2071 0.8500
vn 0.4350 0.9005 -0.0000
vn 0.1759 -0.0581 0.9827
vn 0.4350 0.9004 -0.0001
vn -0.1549 0.1017 0.9827
vn -0.4634 0.2507 0.8500
vn 0.4349 0.9005 0.0001
vn -0.7078 0.3688 0.6025
vn -0.4351 -0.9004 -0.0000
vn -0.8553 0.4400 0.2736
vn 0.4348 0.9005 -0.0000
vn -0.8858 0.4548 -0.0922
vn -0.4350 -0.9004 -0.0001
vn -0.7953 0.4110 -0.4456
vn 0.4348 0.9005 -0.0001
vn -0.7953 0.4111 -0.4456
vn -0.5959 0.3147 -0.7388
vn -0.3147 0.1789 -0.9322
vn -0.8776 -0.4794 -0.0000
vn 0.0797 0.0435 -0.9959
vn 0.2333 -0.7195 -0.6542
vn 0.6614 0.3613 -0.6573
vn 0.3603 -0.4702 -0.8057
vn 0.8466 0.0223 -0.5317
vn 0.5338 -0.7877 -0.3077
vn 0.3690 -0.7132 0.5960
vn 0.9611 -0.1873 -0.2031
vn 0.5338 -0.7877 0.3077
vn 0.9611 -0.1873 0.2031
vn 0.3603 -0.4702 0.8057
vn 0.7173 0.6938 -0.0646
vn 0.8466 0.0223 0.5317
vn 0.0797 0.0435 0.9959
vn 0.6614 0.3613 0.6573
vn -0.2010 0.5572 0.8057
vn 0.5594 0.7132 0.4225
vn 0.4762 0.7004 0.5318
vn -0.3744 0.8747 0.3077
vn 0.3617 0.9099 0.2031
vn -0.3744 0.8747 -0.3077
vn 0.5978 0.6817 0.4218
vn 0.3617 0.9099 -0.2031
vn -0.2010 0.5572 -0.8057
vn 0.8776 0.4794 -0.0000
vn -0.6205 -0.4794 0.6205
vn -0.6478 0.0435 -0.7605
vn 0.7123 0.6752 0.1916
vn 0.0029 0.3613 -0.9324
vn -0.3149 -0.4702 -0.8245
vn 0.2226 0.0223 -0.9747
vn 0.1598 -0.7877 -0.5950
vn 0.5360 -0.1873 -0.8232
vn 0.5950 -0.7877 -0.1598
vn 0.5594 -0.7132 0.4225
vn 0.8232 -0.1873 -0.5360
vn 0.8245 -0.4702 0.3149
vn 0.9746 0.0223 -0.2226
vn 0.7605 0.0435 0.6478
vn 0.6742 0.7132 0.1918
vn 0.9324 0.3613 -0.0029
vn 0.4276 0.5572 0.7118
vn 0.7127 0.7004 0.0393
vn -0.0471 0.8747 0.4823
vn 0.6205 0.4794 -0.6206
vn -0.4823 0.8747 0.0471
vn 0.2730 0.7063 -0.6532
vn 0.1121 0.9099 -0.3994
vn -0.7118 0.5572 -0.4276
vn -0.0393 0.7004 -0.7127
vn -0.0000 -0.4794 0.8776
vn -0.9959 0.0435 -0.0797
vn 0.6742 -0.7132 0.1918
vn -0.6573 0.3613 -0.6614
vn -0.8057 -0.4702 -0.3603
vn -0.5318 0.0223 -0.8466
vn -0.3077 -0.7877 -0.5338
vn 0.4117 -0.7489 -0.5192
vn -0.2031 -0.1873 -0.9611
vn 0.3077 -0.7877 -0.5338
vn 0.5667 -0.7621 -0.3132
vn 0.2031 -0.1873 -0.9611
vn 0.8057 -0.4702 -0.3603
vn 0.5318 0.0223 -0.8466
vn 0.9959 0.0435 -0.0797
vn -0.0000 0.4794 -0.8776
vn 0.8057 0.5572 0.2010
vn 0.5318 0.7004 -0.4762
vn 0.3077 0.8747 0.3744
vn 0.6980 0.7132 -0.0647
vn 0.2031 0.9099 -0.3617
vn -0.3077 0.8747 0.3744
vn -0.2031 0.9099 -0.3617
vn -0.8057 0.5572 0.2010
vn 0.6980 -0.7132 -0.0647
vn -0.5318 0.7004 -0.4761
vn 0.6205 -0.4794 0.6205
vn -0.7605 0.0435 0.6478
vn -0.9324 0.3613 -0.0029
vn -0.8245 -0.4702 0.3149
vn 0.6545 -0.7313 0.1920
vn -0.9746 0.0223 -0.2226
vn -0.5950 -0.7877 -0.1598
vn 0.5396 -0.7281 0.4228
vn -0.8232 -0.1873 -0.5360
vn -0.1598 -0.7877 -0.5950
vn -0.5360 -0.1873 -0.8232
vn 0.3149 -0.4702 -0.8245
vn -0.2226 0.0223 -0.9746
vn 0.6478 0.0435 -0.7605
vn -0.6205 0.4794 -0.6205
vn 0.7118 0.5572 -0.4276
vn 0.6275 0.7132 -0.3125
vn 0.0393 0.7004 -0.7127
vn 0.4823 0.8747 0.0471
vn -0.1121 0.9099 -0.3994
vn 0.0471 0.8747 0.4823
vn 0.3698 -0.7700 -0.5200
vn -0.3994 0.9099 -0.1121
vn -0.4276 0.5572 0.7118
vn 0.5241 -0.7918 -0.3136
vn -0.7127 0.7004 0.0393
vn 0.8776 -0.4794 -0.0000
vn -0.0797 0.0435 0.9959
vn -0.6614 0.3613 0.6573
vn -0.3603 -0.4702 0.8057
vn -0.8466 0.0223 0.5318
vn -0.5338 -0.7877 0.3077
vn 0.6275 -0.7132 -0.3125
vn -0.9611 -0.1873 0.2031
vn -0.5338 -0.7877 -0.3077
vn -0.9611 -0.1873 -0.2031
vn -0.3603 -0.4702 -0.8057
vn 0.4723 0.7132 -0.5181
vn -0.8466 0.0223 -0.5318
vn -0.0797 0.0435 -0.9959
vn -0.8776 0.4794 -0.0000
vn 0.2010 0.5572 -0.8057
vn -0.4761 0.7004 -0.5318
vn 0.3744 0.8747 -0.3077
vn 0.4524 -0.7256 -0.5184
vn -0.3617 0.9099 -0.2031
vn 0.3744 0.8747 0.3077
vn 0.6077 -0.7300 -0.3127
vn -0.3617 0.9099 0.2031
vn 0.2010 0.5572 0.8057
vn -0.4762 0.7004 0.5318
vn 0.6205 -0.4794 -0.6205
vn 0.6478 0.0435 0.7605
vn -0.0029 0.3613 0.9324
vn 0.3149 -0.4702 0.8245
vn 0.4723 -0.7132 -0.5181
vn -0.2226 0.0223 0.9746
vn -0.1598 -0.7877 0.5950
vn -0.5360 -0.1873 0.8232
vn -0.5950 -0.7877 0.1598
vn 0.5788 0.6977 0.4221
vn -0.8232 -0.1873 0.5360
vn -0.8245 -0.4702 -0.3149
vn 0.6935 0.6944 0.1917
vn -0.9746 0.0223 0.2226
vn -0.7605 0.0435 -0.6478
vn -0.6205 0.4794 0.6205
vn -0.4276 0.5572 -0.7118
vn -0.7127 0.7003 -0.0393
vn 0.0471 0.8747 -0.4823
vn -0.3994 0.9099 0.1121
vn 0.4823 0.8747 -0.0471
vn 0.6469 0.6958 -0.3122
vn -0.1121 0.9099 0.3994
vn 0.7118 0.5572 0.4276
vn 0.4918 0.7001 -0.5177
vn 0.0393 0.7004 0.7127
vn -0.0000 -0.4794 -0.8776
vn 0.9959 0.0435 0.0797
vn 0.4322 -0.7376 -0.5188
vn 0.6573 0.3613 0.6614
vn 0.8057 -0.4702 0.3603
vn 0.2132 -0.7252 -0.6547
vn 0.5318 0.0223 0.8466
vn 0.3077 -0.7877 0.5338
vn 0.5456 -0.7772 -0.3134
vn 0.2031 -0.1873 0.9611
vn -0.3077 -0.7877 0.5338
vn 0.3909 -0.7597 -0.5196
vn -0.2031 -0.1873 0.9611
vn -0.8057 -0.4702 0.3603
vn -0.5318 0.0223 0.8466
vn -0.9959 0.0435 0.0797
vn -0.0000 0.4794 0.8776
vn -0.8057 0.5572 -0.2010
vn -0.5318 0.7004 0.4762
vn -0.3077 0.8747 -0.3744
vn -0.2031 0.9099 0.3617
vn 0.3077 0.8747 -0.3744
vn 0.2031 0.9099 0.3617
vn 0.8057 0.5572 -0.2010
vn -0.0000 0.7132 -0.7010
vn 0.5318 0.7004 0.4761
vn -0.6205 -0.4794 -0.6205
vn 0.7605 0.0435 -0.6478
vn 0.2532 0.7132 -0.6537
vn 0.9324 0.3613 0.0029
vn 0.8245 -0.4702 -0.3149
vn 0.9746 0.0223 0.2226
vn 0.5950 -0.7877 0.1598
vn 0.8232 -0.1873 0.5360
vn 0.1598 -0.7877 0.5950
vn 0.5360 -0.1873 0.8232
vn -0.3149 -0.4702 0.8245
vn 0.2226 0.0223 0.9746
vn -0.6478 0.0435 0.7605
vn 0.6205 0.4794 0.6205
vn -0.7118 0.5572 0.4276
vn -0.0000 -0.7132 -0.7010
vn -0.0393 0.7004 0.7127
vn -0.4823 0.8747 -0.0471
vn 0.2532 -0.7132 -0.6537
vn 0.1121 0.9099 0.3994
vn -0.0471 0.8747 -0.4823
vn 0.3994 0.9099 0.1121
vn 0.4276 0.5572 -0.7118
vn 0.7127 0.7004 -0.0393
vn 0.8908 0.4498 -0.0641
vn 0.5674 0.5733 0.5910
vn 0.7747 0.4743 0.4183
vn -0.0917 -0.7134 0.6948
vn 0.6941 0.5051 -0.5129
vn 0.4915 0.5827 -0.6472
vn 0.4916 0.5827 -0.6472
vn 0.3405 0.6458 0.6833
vn -0.3391 -0.6343 0.6948
vn 0.4305 -0.9002 -0.0653
vn 0.0972 0.7236 0.6833
vn -0.5698 -0.5605 0.6010
vn 0.1469 -0.8390 -0.5239
vn 0.2902 -0.9033 -0.3160
vn -0.1297 0.7962 0.5910
vn 0.2382 0.6788 -0.6946
vn -0.7527 -0.5021 0.4260
vn -0.3095 0.8536 0.4189
vn 0.8114 0.4093 0.4173
vn 0.9135 0.3599 0.1895
vn 0.8114 0.4092 0.4173
vn -0.8629 -0.4668 0.1934
vn -0.4180 0.8883 0.1902
vn 0.8376 0.4502 -0.3094
vn -0.8858 -0.4595 -0.0652
vn -0.4405 0.8955 -0.0641
vn -0.2341 -0.6670 -0.7073
vn -0.8181 -0.4812 -0.3151
vn -0.3739 0.8742 -0.3099
vn -0.6690 -0.5288 -0.5223
vn 0.3833 -0.9031 0.1937
vn 0.2750 -0.8616 0.4266
vn -0.2272 0.8273 -0.5137
vn -0.0345 -0.7500 -0.6606
vn 0.1699 -0.8349 -0.5235
vn -0.4586 -0.5961 -0.6591
vn -0.0203 0.7612 -0.6482
vn 0.1173 -0.7903 0.6014
vn -0.0137 -0.7511 -0.6601
vn 0.5832 0.5577 0.5906
vn 0.5833 0.5577 0.5906
vn -0.1114 -0.7100 0.6953
vn 0.3148 -0.8951 -0.3158
vn 0.3586 0.6365 0.6828
vn 0.4057 -0.9117 -0.0653
vn -0.3567 -0.6240 0.6953
vn 0.1178 0.7211 0.6828
vn 0.7079 0.4860 -0.5125
vn 0.5078 0.5692 -0.6467
vn -0.5854 -0.5437 0.6014
vn -0.1068 0.7999 0.5906
vn -0.7667 -0.4801 0.4263
vn 0.2574 0.6723 -0.6941
vn -0.2848 0.8623 0.4186
vn -0.8760 -0.4417 0.1936
vn -0.3922 0.9000 0.1901
vn 0.3584 -0.9132 0.1939
vn 0.2513 -0.8687 0.4269
vn -0.8987 -0.4338 -0.0653
vn 0.9033 0.3848 0.1896
vn 0.9248 0.3752 -0.0639
vn 0.9033 0.3848 0.1897
vn -0.4144 0.9078 -0.0641
vn -0.8315 -0.4573 -0.3153
vn -0.2525 -0.6597 -0.7079
vn -0.3485 0.8847 -0.3096
vn -0.6837 -0.5092 -0.5227
vn -0.2034 0.8338 -0.5133
vn -0.2034 0.8337 -0.5133
vn -0.4752 -0.5824 -0.6596
vn 0.8497 0.4271 -0.3091
vn 0.0014 0.7619 -0.6477
vn 0.0955 -0.7929 0.6018
vn 0.9141 0.4003 -0.0640
vn 0.5986 0.5417 0.5901
vn 0.7998 0.4313 0.4176
vn 0.7997 0.4313 0.4176
vn -0.1311 -0.7062 0.6958
vn 0.7211 0.4665 -0.5121
vn 0.5236 0.5552 -0.6462
vn 0.3765 0.6267 0.6823
vn -0.3740 -0.6131 0.6958
vn 0.3806 -0.9224 -0.0654
vn 0.1383 0.7179 0.6823
vn -0.6005 -0.5264 0.6018
vn -0.6006 -0.5264 0.6018
vn -0.2809 -0.9336 -0.2224
vn -0.2809 -0.9336 0.2224
vn -0.0838 0.8029 0.5901
vn 0.2764 0.6653 -0.6935
vn -0.7801 -0.4577 0.4266
vn -0.2599 0.8703 0.4183
vn -0.8884 -0.4162 0.1937
vn -0.3661 0.9110 0.1899
vn 0.8612 0.4037 -0.3089
vn -0.9108 -0.4076 -0.0653
vn -0.3881 0.9194 -0.0640
vn -0.2708 -0.6518 -0.7084
vn -0.8443 -0.4331 -0.3155
vn -0.3229 0.8945 -0.3094
vn -0.6979 -0.4891 -0.5231
vn 0.3333 -0.9227 0.1940
vn 0.2273 -0.8751 0.4272
vn 0.3333 -0.9226 0.1940
vn -0.1793 0.8395 -0.5129
vn -0.0758 -0.7461 -0.6615
vn 0.1238 -0.8425 -0.5243
vn -0.4913 -0.5682 -0.6601
vn 0.0232 0.7620 -0.6472
vn 0.0736 -0.7949 0.6023
vn -0.0552 -0.7483 -0.6610
vn -0.0552 -0.7483 -0.6611
vn 0.6136 0.5252 0.5897
vn -0.1506 -0.7017 0.6963
vn 0.2653 -0.9108 -0.3162
vn 0.3941 0.6164 0.6817
vn 0.3552 -0.9325 -0.0654
vn -0.3910 -0.6019 0.6963
vn 0.1587 0.7142 0.6817
vn 0.7339 0.4467 -0.5117
vn 0.5391 0.5408 -0.6457
vn 0.5390 0.5408 -0.6457
vn 0.7339 0.4467 -0.5118
vn -0.6152 -0.5087 0.6023
vn -0.0608 0.8054 0.5897
vn -0.7928 -0.4349 0.4269
vn 0.2952 0.6577 -0.6930
vn -0.2347 0.8776 0.4180
vn -0.9000 -0.3904 0.1939
vn -0.3396 0.9212 0.1898
vn 0.3079 -0.9314 0.1941
vn 0.2032 -0.8809 0.4275
vn 0.2033 -0.8809 0.4275
vn 0.3079 -0.9314 0.1942
vn -0.9222 -0.3812 -0.0654
vn -0.3613 0.9302 -0.0640
vn -0.3614 0.9302 -0.0640
vn -0.8564 -0.4085 -0.3158
vn -0.2888 -0.6434 -0.7089
vn -0.2888 -0.6435 -0.7089
vn -0.2970 0.9035 -0.3091
vn -0.7115 -0.4687 -0.5235
vn -0.1551 0.8445 -0.5125
vn -0.5071 -0.5536 -0.6606
vn 0.8720 0.3800 -0.3087
vn 0.0450 0.7614 -0.6467
vn 0.0517 -0.7963 0.6027
vn 0.9347 0.3497 -0.0639
vn 0.6280 0.5083 0.5892
vn -0.1699 -0.6968 0.6969
vn -0.1700 -0.6968 0.6969
vn 0.4114 0.6056 0.6812
vn -0.4076 -0.5901 0.6969
vn 0.3295 -0.9419 -0.0655
vn 0.3296 -0.9419 -0.0655
vn 0.1790 0.7099 0.6812
vn -0.6293 -0.4906 0.6027
vn 0.2225 -0.9336 0.2809
vn 0.5824 -0.7041 0.4063
vn 0.2224 -0.9336 0.2809
vn -0.0376 0.8071 0.5892
vn 0.3138 0.6496 -0.6925
vn -0.8049 -0.4118 0.4272
vn -0.2093 0.8842 0.4176
vn 0.5950 -0.7876 -0.1598
vn 0.1598 -0.7876 -0.5950
vn -0.9109 -0.3642 0.1940
vn -0.3129 0.9307 0.1897
vn -0.9328 -0.3544 -0.0654
vn -0.3344 0.9403 -0.0639
vn -0.3065 -0.6346 -0.7094
vn -0.3066 -0.6346 -0.7094
vn -0.8678 -0.3836 -0.3160
vn -0.2708 0.9117 -0.3089
vn -0.7245 -0.4479 -0.5239
vn -0.6091 -0.3328 0.7199
vn -0.8120 0.0386 0.5824
vn -0.1307 0.8489 -0.5121
vn -0.9398 -0.3328 -0.0783
vn -0.6991 -0.7041 -0.1245
vn -0.5224 -0.5386 -0.6610
vn 0.0668 0.7602 -0.6462
vn 0.0297 -0.7970 0.6032
vn 0.0298 -0.7970 0.6032
vn -0.4063 -0.7041 -0.5824
vn 0.6421 0.4911 0.5887
vn 0.6420 0.4911 0.5888
vn -0.3559 -0.9336 0.0413
vn -0.0413 -0.9336 0.3559
vn -0.1892 -0.6913 0.6974
vn 0.4284 0.5943 0.6807
vn -0.4063 -0.7041 0.5824
vn -0.4239 -0.5779 0.6974
vn 0.1992 0.7050 0.6807
vn -0.6428 -0.4722 0.6032
vn -0.6428 -0.4721 0.6032
vn -0.0144 0.8082 0.5887
vn -0.0145 0.8082 0.5888
vn -0.8163 -0.3883 0.4275
vn -0.1838 0.8900 0.4173
vn -0.9210 -0.3378 0.1941
vn -0.9210 -0.3378 0.1942
vn -0.2859 0.9393 0.1895
vn 0.3077 -0.7876 -0.5338
vn -0.3078 -0.7876 -0.5338
vn -0.9426 -0.3273 -0.0655
vn 0.1245 -0.7041 0.6991
vn -0.3071 0.9495 -0.0639
vn -0.8784 -0.3584 -0.3162
vn -0.6091 -0.3328 -0.7199
vn -0.2444 0.9192 -0.3087
vn -0.7369 -0.4267 -0.5243
vn -0.1063 0.8525 -0.5117
vn -0.5373 -0.5231 -0.6615
vn 0.0886 0.7584 -0.6457
vn -0.9374 0.2680 0.2225
vn -0.9374 0.2681 -0.2224
vn -0.9374 0.2681 -0.2225
vn -0.5824 -0.7041 0.4063
vn -0.2224 -0.9336 0.2809
vn -0.8120 0.0386 -0.5824
vn 0.4761 0.7004 -0.5318
vn 0.0783 -0.3328 0.9398
vn 0.3559 -0.9336 0.0413
vn 0.6991 -0.7041 -0.1245
vn -0.1624 0.0386 0.9860
vn -0.1624 0.0385 0.9860
vn -0.7199 -0.3328 0.6091
vn -0.5055 0.2680 0.8201
vn 0.3994 0.9099 -0.1121
vn -0.8201 0.2680 0.5055
vn -0.1245 -0.7041 0.6991
vn 0.0413 -0.9336 0.3559
vn -0.9860 0.0386 0.1624
vn -0.5338 -0.7876 -0.3077
vn 0.7199 -0.3328 0.6091
vn 0.6573 0.3613 -0.6614
vn 0.2809 -0.9336 -0.2224
vn 0.4063 -0.7041 -0.5824
vn 0.5824 0.0386 0.8120
vn -0.0783 -0.3328 0.9397
vn -0.0783 -0.3328 0.9398
vn 0.2224 0.2680 0.9374
vn -0.2225 0.2680 0.9374
vn -0.2224 0.2680 0.9374
vn 0.4063 -0.7041 0.5824
vn 0.2809 -0.9336 0.2224
vn -0.5824 0.0386 0.8120
vn -0.5824 0.0385 0.8120
vn -0.5950 -0.7876 0.1598
vn 0.9398 -0.3328 -0.0783
vn -0.0029 0.3613 -0.9324
vn 0.0413 -0.9336 -0.3559
vn -0.1245 -0.7041 -0.6991
vn 0.9860 0.0386 0.1624
vn 0.6091 -0.3328 0.7199
vn 0.8201 0.2680 0.5055
vn 0.5055 0.2680 0.8201
vn 0.6991 -0.7041 0.1245
vn 0.3559 -0.9336 -0.0413
vn 0.1624 0.0385 0.9860
vn -0.3077 -0.7876 0.5338
vn 0.3077 -0.7876 0.5338
vn 0.6091 -0.3328 -0.7199
vn -0.6614 0.3613 -0.6573
vn -0.2225 -0.9336 -0.2809
vn -0.5824 -0.7041 -0.4063
vn -0.2224 -0.9336 -0.2809
vn 0.8120 0.0386 -0.5824
vn 0.9398 -0.3328 0.0783
vn 0.9374 0.2680 -0.2224
vn 0.9374 0.2680 0.2225
vn 0.9374 0.2680 0.2224
vn 0.5824 -0.7041 -0.4063
vn 0.2225 -0.9336 -0.2809
vn 0.8120 0.0385 0.5824
vn 0.1598 -0.7876 0.5950
vn 0.5950 -0.7876 0.1598
vn -0.0783 -0.3328 -0.9398
vn -0.9324 0.3613 0.0029
vn -0.3559 -0.9336 -0.0413
vn -0.6991 -0.7041 0.1245
vn 0.1624 0.0386 -0.9860
vn 0.7199 -0.3328 -0.6091
vn 0.5055 0.2680 -0.8201
vn 0.8201 0.2680 -0.5055
vn 0.1245 -0.7041 -0.6991
vn -0.0413 -0.9336 -0.3559
vn 0.9860 0.0385 -0.1624
vn 0.9860 0.0386 -0.1624
vn -0.7199 -0.3328 -0.6091
vn -0.6573 0.3613 0.6614
vn -0.5824 0.0386 -0.8120
vn -0.8057 0.5572 -0.2009
vn 0.0783 -0.3328 -0.9398
vn -0.2224 0.2680 -0.9374
vn 0.2224 0.2680 -0.9374
vn 0.2225 0.2680 -0.9374
vn 0.5824 0.0386 -0.8120
vn -0.9397 -0.3328 0.0783
vn -0.9398 -0.3328 0.0783
vn 0.0029 0.3613 0.9324
vn -0.9860 0.0386 -0.1624
vn -0.9860 0.0385 -0.1624
vn -0.8201 0.2680 -0.5055
vn -0.5055 0.2680 -0.8201
vn -0.1624 0.0386 -0.9860
vt 0.169275 0.015686
vt 0.130526 0.064994
vt 0.152178 0.075776
vt 0.114528 0.125632
vt 0.052673 0.135966
vt 0.061411 0.158520
vt 0.163510 -0.046523
vt 0.145190 0.013454
vt 0.158908 -0.045145
vt 0.111962 -0.084858
vt 0.135019 -0.038535
vt 0.000000 0.145812
vt 0.163146 -0.045079
vt 0.117519 -0.084670
vt 0.136174 -0.099268
vt 0.098233 0.107756
vt 0.165002 0.066797
vt 0.113259 0.092976
vt 0.132024 0.110745
vt 0.115703 0.121732
vt 0.056176 0.131012
vt 0.100059 0.103830
vt 0.154316 0.069041
vt 0.101965 0.096671
vt 0.120134 0.114467
vt 0.152170 0.073424
vt 0.131162 0.062626
vt 0.130526 0.064994
vt 0.000000 0.170000
vt 0.180697 0.064552
vt 0.129594 0.089281
vt 0.148941 0.107023
vt 0.113261 0.118188
vt 0.053336 0.126641
vt 0.063370 0.149128
vt 0.111396 0.121910
vt 0.125636 0.062765
vt 0.094463 0.104061
vt 0.140246 -0.039903
vt 0.135663 -0.102448
vt 0.140246 -0.039903
vt 0.167741 -0.043635
vt 0.123671 -0.081468
vt 0.141664 -0.096088
vt 0.116361 -0.087871
vt -0.045079 0.437472
vt 0.012964 0.461760
vt -0.038450 0.461894
vt 0.089493 -0.144537
vt 0.059873 0.153824
vt 0.050483 0.131303
vt 0.076760 -0.123972
vt 0.031237 -0.167105
vt 0.148624 0.071286
vt 0.095704 0.100366
vt 0.026793 -0.143329
vt 0.139792 0.012992
vt 0.164500 0.015221
vt -0.031237 -0.167105
vt 0.026793 -0.143329
vt -0.026793 -0.143329
vt 0.072131 0.148680
vt 0.106891 0.099904
vt 0.121872 0.117833
vt -0.089493 -0.144537
vt -0.026793 -0.143329
vt -0.076760 -0.123972
vt -0.135663 -0.102448
vt 0.004774 0.164724
vt 0.064255 0.153600
vt -0.116361 -0.087871
vt 0.073424 0.437781
vt 0.015199 0.437315
vt -0.140246 -0.039903
vt -0.140246 -0.039903
vt -0.163510 -0.046523
vt 0.159269 -0.043766
vt 0.112561 -0.081845
vt 0.134773 -0.037167
vt -0.169275 0.015686
vt 0.014225 0.753739
vt -0.035542 0.779841
vt -0.042191 0.754180
vt -0.145190 0.013454
vt 0.147916 0.073531
vt -0.152178 0.075776
vt -0.000364 0.140812
vt 0.000305 0.164964
vt -0.130526 0.064994
vt -0.114528 0.125632
vt -0.130526 0.064994
vt -0.037859 1.230984
vt -0.068662 1.261498
vt -0.083369 1.234790
vt -0.098233 0.107756
vt -0.061411 0.158520
vt 0.136783 0.060258
vt 0.157129 0.071072
vt -0.052673 0.135966
vt 0.087113 -0.140255
vt 0.131897 -0.099413
vt 0.014712 0.595408
vt -0.036996 0.620762
vt -0.043635 0.595712
vt 0.079376 -0.119455
vt 0.091455 -0.140051
vt -0.078267 0.781634
vt -0.092908 0.756308
vt 0.030605 -0.162155
vt 0.073735 -0.119721
vt 0.085043 0.143760
vt 0.118736 0.095978
vt 0.133042 0.113933
vt 0.031249 -0.138107
vt 0.035029 -0.161919
vt 0.030605 0.282220
vt -0.026228 0.260033
vt 0.025500 0.258578
vt 0.164683 0.014756
vt 0.139371 0.012531
vt -0.020364 -0.138107
vt -0.025482 -0.161919
vt -0.029995 -0.162155
vt -0.074463 -0.119721
vt -0.026228 -0.138414
vt -0.081908 -0.140051
vt -0.068492 -0.119455
vt 0.015960 0.135187
vt 0.064718 0.126058
vt -0.131287 -0.099413
vt -0.086503 -0.140255
vt -0.106635 -0.084670
vt -0.126627 -0.099268
vt -0.158299 -0.045145
vt -0.112690 -0.084858
vt 0.060258 0.621269
vt 0.012473 0.620504
vt -0.129640 -0.038450
vt -0.153599 -0.045079
vt 0.167065 0.068720
vt 0.147397 0.057890
vt 0.015221 0.287691
vt -0.038535 0.263114
vt -0.045145 0.287534
vt -0.134403 0.012964
vt -0.159182 0.015199
vt 0.004352 0.135812
vt 0.005689 0.159928
vt 0.062765 0.262850
vt 0.012992 0.263248
vt 0.125734 0.060537
vt -0.142623 0.073424
vt -0.120278 0.062626
vt -0.110787 0.121910
vt -0.126364 0.062765
vt -0.147307 0.073531
vt 0.139322 -0.093343
vt 0.139522 -0.035798
vt 0.164604 -0.042388
vt -0.106156 0.121732
vt -0.089174 0.103830
vt -0.040747 0.912880
vt 0.011493 0.938659
vt -0.034088 0.939133
vt -0.051211 0.131303
vt -0.095191 0.104061
vt -0.054708 0.153600
vt -0.045292 0.131012
vt -0.059264 0.153824
vt 0.005442 0.140500
vt 0.089747 -0.135974
vt 0.133112 -0.096378
vt 0.061238 0.121979
vt 0.071910 0.144433
vt 0.098429 -0.135565
vt 0.087014 -0.114938
vt 0.102992 0.138839
vt 0.135601 0.092052
vt 0.149220 0.110034
vt 0.029268 -0.133500
vt 0.075735 -0.115470
vt -0.075065 0.941423
vt -0.089729 0.915618
vt 0.043875 -0.156732
vt 0.040761 -0.132885
vt 0.143942 0.012070
vt 0.169838 0.014292
vt 0.035029 0.444014
vt -0.020564 0.423331
vt 0.029268 0.420525
vt -0.008841 -0.132885
vt -0.014628 -0.156732
vt -0.078369 -0.135974
vt -0.020564 -0.133500
vt -0.023651 -0.157205
vt -0.069182 -0.135565
vt -0.055094 -0.114938
vt -0.103857 -0.081845
vt -0.067030 -0.115470
vt 0.031552 0.129875
vt 0.078301 0.121104
vt -0.091751 -0.081468
vt -0.112417 -0.096088
vt 0.068720 0.755046
vt 0.011983 0.779470
vt -0.096378 0.452842
vt -0.037167 0.429272
vt -0.081845 0.428021
vt -0.138494 -0.043635
vt -0.113861 -0.036996
vt 0.014756 0.454619
vt -0.043766 0.454314
vt 0.181987 0.066368
vt 0.163013 0.055522
vt -0.118437 0.012473
vt -0.143892 0.014712
vt 0.130833 0.058308
vt 0.071286 0.453715
vt 0.012531 0.429531
vt 0.014151 0.130812
vt 0.016155 0.154892
vt -0.104863 0.060258
vt -0.127882 0.071072
vt 0.150536 -0.090308
vt 0.149280 -0.034430
vt 0.174929 -0.041010
vt -0.137246 0.071286
vt -0.086999 0.100366
vt -0.117029 0.060537
vt -0.092625 0.117833
vt -0.074971 0.099904
vt -0.051992 0.149128
vt -0.101883 0.118188
vt -0.039303 1.071814
vt 0.011003 1.098073
vt -0.032634 1.098640
vt -0.032798 0.126058
vt -0.042884 0.148680
vt -0.044631 0.126641
vt 0.014623 0.159447
vt 0.097405 -0.131692
vt 0.118170 -0.078832
vt 0.085497 0.139737
vt 0.074197 0.117316
vt 0.110420 -0.131078
vt 0.134825 -0.078267
vt 0.099679 -0.110422
vt 0.125982 0.133919
vt 0.157491 0.088126
vt 0.170413 0.106135
vt 0.044515 -0.152255
vt 0.082770 -0.111219
vt -0.086549 1.075112
vt -0.071864 1.101378
vt 0.057776 -0.151545
vt 0.055331 -0.127663
vt 0.153519 0.011608
vt 0.179978 0.013827
vt 0.044515 0.605925
vt -0.009800 0.586658
vt 0.038103 0.582606
vt 0.007772 -0.127663
vt 0.001320 -0.151545
vt 0.197897 0.099580
vt 0.201499 0.049393
vt 0.177432 0.081891
vt -0.065095 -0.131692
vt -0.009800 -0.128585
vt -0.012205 -0.152255
vt -0.051324 -0.131078
vt -0.036575 -0.110422
vt -0.107012 -0.093343
vt -0.054467 -0.111219
vt 0.102992 0.922919
vt 0.052214 0.952583
vt 0.096927 0.947531
vt -0.071722 -0.078267
vt -0.093045 -0.092908
vt 0.066368 0.913994
vt 0.013738 0.912313
vt -0.042388 0.620878
vt -0.078832 0.593429
vt -0.093343 0.618740
vt -0.034971 1.550036
vt -0.062259 1.582239
vt -0.077009 1.554706
vt -0.118210 -0.042191
vt -0.092921 -0.035542
vt 0.014292 0.621321
vt -0.035798 0.595235
vt 0.064016 1.073156
vt 0.088126 1.103456
vt 0.053154 1.099754
vt -0.123419 0.014225
vt -0.097309 0.011983
vt 0.140946 0.056079
vt 0.058308 0.594500
vt 0.012070 0.595609
vt 0.029036 0.125812
vt 0.031705 0.149856
vt -0.107969 0.068720
vt -0.084294 0.057890
vt 0.166767 -0.087274
vt 0.164060 -0.033062
vt 0.190256 -0.039632
vt -0.087824 0.114467
vt -0.102530 0.058308
vt -0.122005 0.069041
vt -0.073946 0.113933
vt -0.055633 0.095978
vt -0.032935 0.121979
vt -0.073663 0.096671
vt 0.127839 0.130345
vt 0.150982 0.085586
vt 0.115310 0.107991
vt -0.015197 0.121104
vt -0.025947 0.143760
vt 0.016155 0.608323
vt -0.032935 0.588614
vt -0.039599 0.613039
vt 0.029548 0.154170
vt 0.110095 -0.127410
vt 0.128801 -0.075819
vt 0.104138 0.135041
vt 0.092218 0.112654
vt 0.127432 -0.126592
vt 0.150989 -0.075065
vt 0.117373 -0.105905
vt 0.052007 -0.123670
vt 0.094848 -0.106968
vt 0.170895 0.103302
vt 0.176266 0.051622
vt 0.076732 -0.146359
vt 0.074958 -0.122441
vt 0.195118 0.013362
vt 0.168116 0.011147
vt 0.059067 0.767951
vt 0.006064 0.750013
vt 0.052007 0.744822
vt 0.076732 0.925886
vt 0.029471 0.955152
vt 0.022359 0.932029
vt 0.154016 0.128999
vt 0.184413 0.084200
vt 0.196627 0.102235
vt -0.046686 -0.127410
vt 0.006064 -0.123670
vt 0.004343 -0.147304
vt 0.022359 -0.146359
vt -0.012944 -0.105905
vt -0.028342 -0.126592
vt -0.087127 -0.090308
vt -0.036777 -0.106968
vt 0.074614 1.091175
vt 0.120599 1.108678
vt 0.125982 1.083904
vt -0.068523 -0.089729
vt -0.046560 -0.075065
vt 0.013251 1.071132
vt -0.041010 0.787224
vt -0.075819 0.758689
vt -0.090308 0.784468
vt -0.066835 -0.034088
vt -0.092759 -0.040747
vt 0.188027 -0.084239
vt 0.183877 -0.031693
vt 0.210599 -0.038254
vt 0.013827 0.787794
vt -0.034430 0.761002
vt -0.036415 1.390391
vt 0.010023 1.417584
vt -0.029727 1.418305
vt -0.097776 0.013738
vt -0.071032 0.011493
vt 0.156086 0.053851
vt 0.056079 0.760061
vt 0.011608 0.761481
vt 0.049007 0.120812
vt 0.052339 0.144820
vt -0.058584 0.055522
vt -0.082896 0.066368
vt 0.066797 0.786102
vt 0.092976 0.756933
vt -0.050130 0.110034
vt -0.031172 0.092052
vt -0.022087 0.139737
vt -0.055188 0.092976
vt -0.068615 0.110745
vt 0.061664 1.232533
vt 0.084200 1.263877
vt 0.050786 1.259639
vt 0.007502 0.116151
vt -0.003901 0.138839
vt -0.022087 0.777120
vt 0.029036 0.747417
vt -0.016126 0.752519
vt 0.052214 0.124562
vt 0.049545 0.148894
vt 0.127825 -0.123128
vt 0.144465 -0.072806
vt 0.012765 1.230196
vt -0.031180 1.258364
vt 0.149472 -0.122106
vt 0.172170 -0.071864
vt 0.140103 -0.101388
vt -0.080189 1.394655
vt -0.065461 1.421785
vt 0.070987 -0.118755
vt 0.111978 -0.102716
vt 0.187097 0.124079
vt 0.216374 0.080274
vt 0.227870 0.098336
vt 0.100743 -0.141172
vt 0.099642 -0.117219
vt 0.025991 0.937554
vt 0.070987 0.907172
vt 0.078687 0.930095
vt 0.187748 0.010686
vt 0.215272 0.012898
vt 0.100743 1.087476
vt 0.056250 1.117787
vt 0.048485 1.094874
vt -0.013965 0.919198
vt 0.027027 0.913395
vt 0.293814 0.055573
vt 0.245563 0.074501
vt 0.267082 0.092137
vt -0.000245 -0.122106
vt 0.056250 -0.117219
vt 0.015789 -0.101388
vt 0.104752 1.253331
vt 0.149319 1.269856
vt 0.154016 1.244938
vt -0.062089 -0.087274
vt -0.013965 -0.102716
vt -0.023146 -0.123128
vt -0.038864 -0.086549
vt -0.016278 -0.071864
vt -0.070650 1.875373
vt -0.025365 1.899435
vt -0.055856 1.903650
vt -0.087274 0.950023
vt -0.033062 0.926571
vt -0.072806 0.923797
vt 0.010513 1.257715
vt -0.035619 -0.032634
vt -0.062158 -0.039303
vt 0.098336 1.397890
vt 0.048418 1.419721
vt 0.059312 1.392126
vt 0.013362 0.954036
vt -0.039632 0.953348
vt -0.066979 0.013251
vt -0.039622 0.011003
vt 0.074068 0.115812
vt 0.078061 0.139784
vt 0.053851 0.925442
vt 0.011147 0.927145
vt 0.201413 0.062307
vt -0.027748 0.053154
vt -0.052678 0.064016
vt 0.107023 0.947499
vt 0.064552 0.951995
vt 0.214325 -0.081204
vt 0.208744 -0.030325
vt 0.235972 -0.036876
vt -0.021186 0.106135
vt -0.001599 0.088126
vt 0.190448 0.120953
vt 0.208956 0.078196
vt 0.176728 0.098667
vt 0.000541 0.135041
vt -0.031580 0.089281
vt -0.044262 0.107023
vt 0.023245 0.133919
vt 0.035294 0.111197
vt 0.000541 0.941157
vt 0.049007 0.910284
vt 0.005795 0.916401
vt 0.077946 0.119250
vt 0.074614 0.143617
vt 0.150602 -0.118847
vt 0.165175 -0.069792
vt 0.143477 0.103329
vt 0.156607 0.125649
vt 0.176544 -0.117620
vt 0.198377 -0.068662
vt 0.167873 -0.096871
vt 0.095046 -0.113840
vt 0.134169 -0.098465
vt 0.257959 0.057818
vt 0.229956 0.095858
vt 0.129383 -0.111997
vt 0.129811 -0.135985
vt 0.240453 0.012433
vt 0.212428 0.010224
vt 0.052740 1.100982
vt 0.095046 1.069657
vt 0.103381 1.092355
vt 0.079693 1.257601
vt 0.129383 1.273253
vt 0.088106 1.280285
vt 0.225227 0.119159
vt 0.253379 0.076349
vt 0.264148 0.094436
vt 0.005519 1.109028
vt 0.053090 1.076805
vt 0.079693 -0.135985
vt 0.049617 -0.096871
vt 0.032959 -0.117620
vt -0.031905 -0.084239
vt 0.013967 -0.098465
vt 0.005519 -0.118847
vt 0.187097 1.406023
vt 0.144608 1.438741
vt 0.183089 1.431066
vt -0.004079 -0.083369
vt 0.019112 -0.068662
vt 0.012278 1.389508
vt -0.038254 1.119249
vt -0.069792 1.088753
vt -0.084239 1.115403
vt 0.000714 -0.031180
vt -0.026418 -0.037859
vt 0.245675 -0.078169
vt 0.238675 -0.028957
vt 0.266388 -0.035497
vt 0.010686 1.092599
vt -0.031693 1.091939
vt -0.033527 1.709920
vt 0.009042 1.738008
vt -0.026819 1.738841
vt -0.031042 0.012764
vt -0.003095 0.010513
vt 0.227163 0.060062
vt 0.062307 1.117684
vt 0.012898 1.120045
vt 0.108871 0.134748
vt 0.104221 0.110812
vt 0.008201 0.050786
vt -0.017327 0.061664
vt 0.103302 1.112485
vt 0.051622 1.090643
vt 0.033076 0.084200
vt 0.012876 0.102235
vt -0.014773 0.103302
vt 0.032826 0.107991
vt -0.002846 0.085586
vt 0.056960 1.551937
vt 0.076349 1.585105
vt 0.046050 1.580000
vt 0.055487 0.128999
vt 0.068170 0.106243
vt 0.078061 1.096669
vt 0.032826 1.080258
vt 0.028282 1.105149
vt 0.104752 0.138341
vt 0.108745 0.113937
vt 0.161429 -0.094214
vt 0.190942 -0.066779
vt 0.011791 1.549069
vt -0.028273 1.578464
vt 0.244093 -0.080189
vt 0.200686 -0.092354
vt 0.208653 -0.113134
vt -0.073830 1.714946
vt -0.059058 1.742861
vt 0.133153 -0.132454
vt 0.178437 -0.114565
vt 0.305469 1.718760
vt 0.265791 1.753580
vt 0.295435 1.745912
vt 0.163935 1.410643
vt 0.200686 1.427556
vt 0.164182 1.434837
vt 0.084590 1.264418
vt 0.124189 1.232276
vt 0.133153 1.254731
vt 0.242173 0.009763
vt 0.270675 0.011968
vt 0.125033 1.442645
vt 0.115979 1.420208
vt 0.047013 1.247670
vt 0.084252 1.240242
vt 0.380752 0.051084
vt 0.334070 0.067111
vt 0.356576 0.084694
vt 0.071261 -0.113134
vt 0.125033 -0.106775
vt 0.088529 -0.092354
vt 0.225227 1.567159
vt 0.185532 1.600633
vt 0.221912 1.592307
vt -0.081204 1.280608
vt -0.094214 1.247670
vt -0.114565 1.273450
vt 0.035821 -0.080189
vt 0.059598 -0.065461
vt -0.029195 2.191003
vt -0.049454 2.225727
vt -0.064290 2.196790
vt -0.030325 1.257107
vt -0.066779 1.253556
vt 0.009532 1.577682
vt 0.014445 -0.036415
vt 0.042148 -0.029727
vt 0.090537 1.718760
vt 0.043682 1.740476
vt 0.054608 1.711965
vt 0.012433 1.285820
vt -0.036876 1.284926
vt 0.038536 0.010023
vt 0.010020 0.012278
vt 0.139468 0.105812
vt 0.144772 0.129712
vt 0.060062 1.283169
vt 0.010224 1.257842
vt 0.231799 0.047164
vt 0.023144 0.059312
vt 0.049249 0.048418
vt 0.099580 1.277331
vt 0.049393 1.255662
vt 0.301860 -0.034119
vt 0.257697 -0.060753
vt 0.273685 -0.027589
vt 0.072841 0.080274
vt 0.052044 0.098336
vt 0.309285 0.088415
vt 0.258504 0.089342
vt 0.273372 0.111561
vt 0.061135 0.125649
vt 0.031009 0.081891
vt 0.019846 0.099580
vt 0.106126 0.101289
vt 0.092817 0.124079
vt 0.108871 1.259575
vt 0.064964 1.244089
vt 0.061135 1.269096
vt 0.144608 0.108625
vt 0.139957 0.133064
vt 0.211335 -0.110283
vt 0.221779 -0.063766
vt 0.215068 0.094004
vt 0.229368 0.116257
vt -0.087838 1.588499
vt -0.108647 1.562449
vt 0.158420 -0.104010
vt 0.193766 -0.089963
vt 0.307650 0.042707
vt 0.287265 0.070806
vt 0.245804 1.562449
vt 0.204037 1.596398
vt 0.203117 1.572219
vt 0.276994 0.009302
vt 0.305953 0.011504
vt 0.121538 1.427860
vt 0.158420 1.395029
vt 0.168006 1.417225
vt 0.167027 1.604868
vt 0.157339 1.582697
vt 0.316648 1.889585
vt 0.342549 1.906848
vt 0.351839 1.879418
vt 0.078208 1.437777
vt 0.120515 1.403705
vt 0.114652 -0.108647
vt 0.167027 -0.101553
vt 0.132517 -0.087838
vt -0.078169 1.445636
vt -0.089963 1.411795
vt -0.110283 1.437777
vt 0.225564 1.739429
vt 0.268410 1.728346
vt 0.105166 -0.062259
vt 0.080822 -0.077009
vt 0.011304 1.708879
vt -0.028957 1.422073
vt -0.063766 1.418206
vt 0.088669 -0.028273
vt 0.060417 -0.034971
vt 0.323575 -0.072099
vt 0.313786 -0.026220
vt 0.342403 -0.032741
vt -0.035497 1.450377
vt 0.009763 1.422874
vt 0.010330 2.029248
vt -0.023911 2.060247
vt -0.030639 2.030404
vt 0.056193 0.011791
vt 0.085254 0.009532
vt 0.267178 0.044936
vt 0.057818 1.448448
vt 0.011968 1.451358
vt 0.179811 0.100812
vt 0.185765 0.124676
vt 0.095382 0.046050
vt 0.068720 0.056960
vt 0.095858 1.442039
vt 0.047164 1.420499
vt 0.096308 0.094436
vt 0.117686 0.076349
vt 0.099095 1.432996
vt 0.069979 1.415271
vt 0.059588 1.442039
vt 0.052256 1.872212
vt 0.068497 1.906848
vt 0.041314 1.901150
vt 0.149153 0.096336
vt 0.135229 0.119159
vt 0.144772 1.422542
vt 0.102207 1.407895
vt 0.185532 0.103312
vt 0.180228 0.127788
vt 0.249307 -0.106002
vt 0.282088 -0.075134
vt -0.032083 1.870042
vt 0.008552 1.898563
vt -0.104161 1.723278
vt -0.083321 1.749526
vt -0.067470 2.035987
vt -0.052655 2.064605
vt 0.197745 -0.099096
vt 0.231190 -0.085712
vt 0.369944 2.050876
vt 0.394727 2.067912
vt 0.403265 2.040226
vt 0.247358 1.733792
vt 0.281463 1.749526
vt 0.248951 1.757936
vt 0.163585 1.591308
vt 0.197745 1.557915
vt 0.207944 1.579834
vt 0.346300 0.011039
vt 0.316907 0.008840
vt 0.214084 1.766955
vt 0.203770 1.745067
vt 0.128431 1.575845
vt 0.161877 1.567193
vt 0.466459 0.077250
vt 0.459750 0.036021
vt 0.443036 0.059721
vt 0.163125 -0.104161
vt 0.214084 -0.096331
vt 0.181571 -0.083321
vt 0.275961 1.901340
vt 0.314727 1.914886
vt -0.106002 1.602007
vt -0.060753 1.582701
vt -0.085712 1.575845
vt 0.130913 -0.073830
vt 0.155804 -0.059058
vt -0.057930 2.518952
vt -0.019550 2.543974
vt -0.043050 2.548464
vt -0.034119 1.615602
vt -0.075134 1.610487
vt 0.010817 1.868939
vt 0.140262 -0.026819
vt 0.111484 -0.033527
vt 0.082738 2.040226
vt 0.038946 2.062021
vt 0.049904 2.032676
vt 0.011504 1.616660
vt -0.027589 1.586837
vt 0.107462 0.011304
vt 0.137045 0.009042
vt 0.225253 0.095812
vt 0.231851 0.119640
vt 0.044936 1.585154
vt 0.009302 1.587693
vt 0.334741 0.053328
vt 0.146587 0.043682
vt 0.119391 0.054608
vt 0.092137 1.606605
vt 0.055573 1.613520
vt 0.370147 -0.069064
vt 0.358994 -0.024852
vt 0.388029 -0.031363
vt 0.145658 0.090537
vt 0.167599 0.072423
vt 0.376660 0.102169
vt 0.385991 0.063416
vt 0.360691 0.080017
vt 0.104447 1.606605
vt 0.144554 1.571675
vt 0.114058 1.579563
vt 0.197244 0.091382
vt 0.182718 0.114238
vt 0.185765 1.585571
vt 0.142161 1.596850
vt 0.231517 0.098000
vt 0.225564 0.122511
vt 0.273709 -0.081461
vt 0.298708 -0.057740
vt 0.322468 0.106865
vt 0.307043 0.084680
vt -0.078804 1.910636
vt -0.099675 1.884210
vt 0.252971 -0.117603
vt 0.292359 -0.101720
vt 0.408964 0.080972
vt 0.403923 0.038250
vt 0.296657 1.895361
vt 0.329436 1.910636
vt 0.298922 1.919452
vt 0.391731 0.010574
vt 0.361927 0.008379
vt 0.252971 1.742558
vt 0.208339 1.730707
vt 0.242166 1.720934
vt 0.266198 1.928906
vt 0.255266 1.907319
vt 0.428301 2.212219
vt 0.451975 2.229105
vt 0.459754 2.201182
vt 0.210731 1.754762
vt 0.176796 1.739821
vt 0.216670 -0.099675
vt 0.266198 -0.091109
vt 0.235684 -0.078804
vt -0.072099 1.775160
vt -0.081461 1.739821
vt -0.101720 1.766141
vt 0.338658 2.085834
vt 0.368723 2.076224
vt 0.186082 -0.070650
vt 0.211500 -0.055856
vt 0.008062 2.059345
vt -0.026220 1.751399
vt -0.057740 1.747042
vt 0.167632 -0.032083
vt 0.196914 -0.025365
vt 0.421817 -0.066030
vt 0.409321 -0.023484
vt 0.438753 -0.029985
vt 0.011039 1.781726
vt -0.032741 1.780600
vt 0.009356 2.350610
vt -0.021003 2.382518
vt -0.027751 2.351840
vt 0.193894 0.008552
vt 0.163813 0.010817
vt 0.353227 0.040478
vt 0.053328 1.778386
vt 0.008840 1.752301
vt 0.283033 0.114604
vt 0.275795 0.090812
vt 0.175140 0.052256
vt 0.202850 0.041314
vt 0.070806 1.743737
vt 0.042707 1.749626
vt 0.200084 0.086638
vt 0.222570 0.068497
vt 0.190330 1.760656
vt 0.163241 1.743737
vt 0.154417 1.771032
vt 0.047552 2.193358
vt 0.060645 2.229105
vt 0.036578 2.223087
vt 0.250393 0.086428
vt 0.235275 0.109318
vt 0.225253 1.725821
vt 0.192001 1.735428
vt 0.275961 0.117235
vt 0.282560 0.092687
vt 0.321332 -0.077210
vt 0.344824 -0.054726
vt 0.007572 2.220354
vt -0.022457 2.221276
vt -0.074287 2.071830
vt -0.095189 2.045245
vt -0.046252 2.387013
vt -0.061110 2.357778
vt 0.340500 -0.097438
vt 0.291690 -0.089266
vt 0.094558 2.373614
vt 0.056719 2.390424
vt 0.074939 2.362286
vt 0.351016 2.056926
vt 0.382471 2.071830
vt 0.353951 2.080946
vt 0.303092 1.905399
vt 0.259901 1.894247
vt 0.291690 1.884086
vt 0.442258 0.010110
vt 0.412066 0.007918
vt 0.323365 2.090722
vt 0.311824 2.069453
vt 0.225566 1.930179
vt 0.262974 1.918222
vt 0.596808 0.069807
vt 0.586848 0.031564
vt 0.572540 0.052331
vt 0.311824 -0.110052
vt 0.294845 -0.074287
vt 0.275280 -0.095189
vt 0.399809 2.247411
vt 0.427781 2.237596
vt -0.097438 1.930179
vt -0.054727 1.911230
vt -0.077210 1.903721
vt 0.246317 -0.067470
vt 0.272242 -0.052655
vt -0.051571 2.841851
vt -0.016642 2.867516
vt -0.036647 2.871850
vt -0.069065 1.939655
vt -0.024852 1.915760
vt 0.009843 2.189805
vt 0.258609 -0.023911
vt 0.228848 -0.030639
vt 0.045200 2.354256
vt 0.034210 2.384348
vt 0.010574 1.946554
vt -0.031363 1.945371
vt 0.225232 0.010330
vt 0.255787 0.008062
vt 0.331441 0.085812
vt 0.339312 0.109568
vt 0.040478 1.913916
vt 0.008379 1.916697
vt 0.431861 0.048839
vt 0.235957 0.049904
vt 0.264157 0.038946
vt 0.084693 1.935317
vt 0.051084 1.943045
vt 0.494587 -0.028607
vt 0.452418 -0.048700
vt 0.464781 -0.022115
vt 0.259575 0.082738
vt 0.282589 0.064571
vt 0.500361 0.092778
vt 0.505216 0.056026
vt 0.483340 0.070693
vt 0.243599 1.924415
vt 0.217520 1.907793
vt 0.209490 1.935317
vt 0.292896 0.104398
vt 0.308593 0.081474
vt 0.275795 1.889166
vt 0.244548 1.899154
vt 0.338658 0.087375
vt 0.331420 0.111958
vt 0.374066 -0.072959
vt 0.396057 -0.051713
vt 0.419455 0.075355
vt 0.435956 0.097473
vt -0.090703 2.206383
vt -0.069771 2.233107
vt 0.358310 -0.107703
vt 0.393739 -0.093157
vt 0.549419 0.044349
vt 0.529070 0.073529
vt 0.444930 2.206383
vt 0.414037 2.242418
vt 0.410434 2.218489
vt 0.467340 0.007456
vt 0.497897 0.009645
vt 0.358310 2.068353
vt 0.316563 2.057810
vt 0.346319 2.047368
vt 0.385581 2.252404
vt 0.373441 2.231471
vt 0.071040 2.523537
vt 0.066613 2.560435
vt 0.052793 2.551872
vt 0.284886 2.094120
vt 0.320315 2.081686
vt 0.373441 -0.104865
vt 0.359046 -0.069771
vt 0.338945 -0.090703
vt -0.093157 2.094120
vt -0.051713 2.075264
vt -0.072959 2.067547
vt 0.491723 2.373614
vt 0.466012 2.408911
vt 0.491904 2.398999
vt 0.338017 -0.049453
vt 0.311606 -0.064290
vt 0.007082 2.381588
vt -0.029985 2.109916
vt -0.066030 2.103973
vt 0.325333 -0.022457
vt 0.295117 -0.029195
vt 0.540493 -0.059960
vt 0.525388 -0.020747
vt 0.555544 -0.027228
vt 0.007918 2.080883
vt -0.023484 2.079919
vt -0.024863 2.674217
vt 0.006101 2.704723
vt -0.018096 2.705642
vt 0.291704 0.009843
vt 0.322707 0.007572
vt 0.488079 0.046594
vt 0.048839 2.107498
vt 0.010110 2.111146
vt 0.435956 2.224788
vt 0.392192 2.216089
vt 0.400691 2.238289
vt 0.330494 0.036578
vt 0.301827 0.047552
vt 0.063416 2.071732
vt 0.038250 2.078024
vt 0.324121 0.078839
vt 0.347643 0.060645
vt 0.301965 2.088126
vt 0.276891 2.071732
vt 0.269661 2.099462
vt 0.042848 2.515370
vt 0.031842 2.545802
vt 0.371837 0.076521
vt 0.355574 0.099478
vt 0.331441 2.052589
vt 0.302191 2.062853
vt 0.391937 0.106682
vt 0.399809 0.082062
vt 0.478595 -0.062995
vt 0.431922 -0.068708
vt 0.008870 2.511661
vt -0.026307 2.512911
vt -0.086216 2.367625
vt -0.065254 2.394466
vt -0.054751 2.680310
vt -0.039849 2.710077
vt 0.418629 -0.102752
vt 0.452082 -0.088875
vt 0.084717 2.696559
vt 0.048867 2.713443
vt 0.067141 2.684935
vt 0.474914 2.380049
vt 0.503744 2.394466
vt 0.479182 2.403869
vt 0.418629 2.231421
vt 0.378324 2.221398
vt 0.406059 2.210779
vt 0.558660 0.009180
vt 0.527762 0.006995
vt 0.452841 2.413954
vt 0.440111 2.393373
vt 0.349299 2.257964
vt 0.382753 2.245156
vt 0.705931 0.054956
vt 0.674729 -0.047898
vt 0.674729 0.047898
vt 0.407658 -0.086216
vt 0.452841 -0.075443
vt 0.428279 -0.065254
vt 0.528143 2.548383
vt 0.561094 2.560435
vt 0.560211 2.535061
vt -0.062995 2.268114
vt -0.068708 2.231299
vt -0.088875 2.257964
vt 0.408813 -0.046252
vt 0.381938 -0.061110
vt -0.028607 2.274236
vt -0.048700 2.239146
vt 0.006591 2.543045
vt 0.397071 -0.021004
vt 0.366425 -0.027751
vt 0.040496 2.676696
vt 0.029474 2.707446
vt 0.007456 2.244858
vt -0.022115 2.243879
vt 0.363214 0.009357
vt 0.394641 0.007082
vt 0.500361 2.387827
vt 0.458050 2.379665
vt 0.467169 2.401617
vt 0.046594 2.271744
vt 0.009645 2.275503
vt 0.520721 0.033792
vt 0.401849 0.034210
vt 0.372738 0.045200
vt 0.077250 2.263467
vt 0.036021 2.241952
vt 0.621639 -0.025850
vt 0.580572 -0.042674
vt 0.591154 -0.019379
vt 0.393712 0.074939
vt 0.417724 0.056719
vt 0.644523 0.083386
vt 0.645020 0.048636
vt 0.626503 0.061368
vt 0.365425 2.251790
vt 0.341347 2.235554
vt 0.334923 2.263467
vt 0.440119 0.071567
vt 0.423302 0.094558
vt 0.364928 2.226526
vt 0.457512 0.101405
vt 0.466012 0.076750
vt 0.494906 -0.064457
vt 0.513919 -0.045687
vt 0.569882 0.088082
vt 0.552355 0.066030
vt -0.060737 2.555907
vt -0.081730 2.528968
vt 0.484053 -0.097802
vt 0.515539 -0.084593
vt 0.687515 0.039860
vt 0.669682 0.066085
vt 0.574876 2.528968
vt 0.549385 2.565299
vt 0.544455 2.541607
vt 0.593345 0.006534
vt 0.624561 0.008716
vt 0.484053 2.394602
vt 0.445185 2.385009
vt 0.470914 2.374320
vt 0.511831 2.555160
vt 0.525141 2.575372
vt 0.063241 2.846478
vt 0.056706 2.883403
vt 0.044941 2.875138
vt 0.450286 2.408631
vt 0.421194 2.394976
vt 0.511831 -0.094492
vt 0.502534 -0.060737
vt 0.481410 -0.081730
vt -0.059960 2.432079
vt -0.064457 2.394976
vt -0.084593 2.421711
vt 0.603828 2.709998
vt 0.635354 2.721903
vt 0.633770 2.696559
vt 0.457301 -0.057931
vt 0.484617 -0.043050
vt 0.008383 2.672955
vt -0.020747 2.407640
vt -0.045687 2.402875
vt 0.442759 -0.026307
vt 0.473811 -0.019550
vt 0.679693 -0.053890
vt 0.662094 -0.018010
vt 0.692883 -0.024472
vt -0.027228 2.438332
vt 0.006995 2.408626
vt -0.027160 3.196156
vt -0.021973 3.182146
vt 0.000000 3.207512
vt 0.439749 0.008870
vt 0.471574 0.006591
vt 0.615894 0.042105
vt 0.044349 2.435787
vt 0.009180 2.439626
vt 0.538750 2.565002
vt 0.552355 2.532842
vt 0.529017 2.543316
vt 0.448677 0.042848
vt 0.478209 0.031842
vt 0.073529 2.427333
vt 0.033792 2.405701
vt 0.492819 0.052793
vt 0.468337 0.071040
vt 0.092778 2.415406
vt 0.056026 2.399259
vt 0.027106 2.869280
vt 0.038144 2.838235
vt 0.496075 0.089637
vt 0.513432 0.066613
vt 0.432759 2.390172
vt 0.433978 2.415406
vt 0.537263 0.071437
vt 0.528143 0.096129
vt 0.584117 -0.080312
vt 0.607522 -0.056925
vt -0.023419 2.835753
vt 0.005611 2.866620
vt -0.077244 2.690414
vt -0.056220 2.717430
vt 2.067504 3.210166
vt 2.075158 3.196156
vt 2.095945 3.207512
vt 0.554586 -0.092852
vt 0.563026 -0.060206
vt 0.008393 3.173487
vt 0.021973 3.182146
vt 0.647462 2.690414
vt 0.624646 2.726709
vt 0.619058 2.703162
vt 0.554586 2.557895
vt 0.517146 2.548644
vt 0.540888 2.537988
vt 0.695614 0.008251
vt 0.664104 0.006072
vt 0.602476 2.736659
vt 0.588597 2.716834
vt 0.493383 2.585364
vt 0.522915 2.572109
vt 0.793876 0.024958
vt 0.697897 0.024729
vt 0.704956 0.055931
vt 0.588597 -0.089305
vt 0.581803 -0.056220
vt 0.560194 -0.077244
vt 0.684565 2.871555
vt 0.714685 2.883403
vt 0.712401 2.858109
vt -0.080312 2.585364
vt -0.042674 2.566455
vt -0.060206 2.558580
vt 0.565419 -0.039849
vt 0.537683 -0.054751
vt 1.010561 3.173487
vt 1.022430 3.173487
vt 1.022438 3.207512
vt -0.025850 2.602205
vt -0.056925 2.595869
vt 0.007896 2.834491
vt 0.524105 -0.024863
vt 0.555537 -0.018096
vt -0.008393 3.173487
vt 0.006533 2.572188
vt -0.019379 2.571204
vt 0.553491 0.006101
vt 0.521295 0.008383
vt 0.615435 2.728445
vt 0.626503 2.696701
vt 0.605096 2.707042
vt 0.042105 2.599626
vt 0.008716 2.603516
vt 0.658144 0.029335
vt 0.529631 0.040496
vt 0.559559 0.029474
vt 0.069807 2.591060
vt 0.031564 2.569272
vt -0.143876 2.495580
vt -0.155000 2.392488
vt -0.177840 2.403844
vt 0.547988 0.067141
vt 0.572919 0.048867
vt 0.107963 2.403845
vt 0.087067 2.312535
vt 0.077114 2.392488
vt 0.066030 2.553791
vt 0.052331 2.562850
vt 0.573886 0.084717
vt 0.591768 0.061659
vt 0.505680 2.553791
vt 0.507619 2.578974
vt 0.613561 0.066125
vt 0.603828 0.090852
vt 0.657824 -0.076030
vt 0.652387 -0.039661
vt 0.647734 0.125398
vt 0.674958 0.143876
vt -0.051703 2.879033
vt -0.072758 2.851960
vt 0.650689 0.078408
vt 0.701355 -0.016383
vt 0.633617 0.051355
vt 0.630231 -0.087902
vt 0.636293 -0.055955
vt 0.698724 2.864715
vt 0.723730 2.879033
vt 0.704966 2.888098
vt 0.624842 2.403844
vt 0.647734 2.312534
vt 0.674958 2.312109
vt 0.630231 2.721298
vt 0.594207 2.712302
vt 0.615985 2.701782
vt 0.670406 2.878394
vt 0.684842 2.897818
vt 0.997613 3.182146
vt 0.988534 3.196156
vt 1.022438 3.207512
vt 0.573046 2.748922
vt 0.600639 2.735592
vt 0.670406 -0.084119
vt 0.666077 -0.051703
vt 0.644000 -0.072758
vt -0.053890 2.759485
vt -0.055955 2.722112
vt -0.076030 2.748922
vt 0.027160 3.196156
vt 0.623073 -0.051571
vt 0.651206 -0.036647
vt -0.018010 2.734576
vt -0.039661 2.729886
vt 0.628027 3.182146
vt 0.622840 3.196156
vt 0.650000 3.207512
vt 0.642236 -0.016642
vt 0.610450 -0.023419
vt 0.658393 3.173487
vt 0.641607 3.173487
vt 0.008251 2.767176
vt -0.024472 2.765857
vt 0.769383 -0.084088
vt 0.728408 0.000689
vt 0.607837 0.007896
vt 0.640380 0.005611
vt 0.705931 -0.054956
vt 0.647734 -0.125398
vt 0.029335 2.732667
vt 0.006072 2.735546
vt 0.624842 2.403845
vt 0.604055 2.392488
vt 0.645886 0.027106
vt 0.615587 0.038144
vt 1.647614 3.182146
vt 1.638534 3.196156
vt 1.672437 3.207512
vt 0.066085 2.754650
vt 0.039860 2.763264
vt 0.632653 0.063241
vt 0.658014 0.044941
vt 0.061368 2.717383
vt 0.048636 2.726327
vt 0.565912 0.119383
vt 0.559728 0.087067
vt 0.675123 0.056706
vt 0.656729 0.079797
vt 0.586347 2.742496
vt 0.583689 2.717383
vt 0.694904 0.060812
vt 0.684565 0.085576
vt -0.054956 2.552275
vt -0.125398 2.472442
vt 2.062774 -0.008393
vt 2.067504 -0.021973
vt 2.095945 0.000000
vt 0.047898 2.521856
vt -0.047898 2.521856
vt 1.660560 3.173487
vt 2.062774 0.008393
vt 0.595044 0.055931
vt 0.524602 -0.002266
vt 0.506124 0.024958
vt 0.054956 2.552275
vt 0.125398 2.472442
vt 2.067504 0.021973
vt 0.177840 2.403845
vt 0.143876 2.495580
vt 2.075158 3.196156
vt 2.067504 3.210165
vt 1.022430 3.173487
vt 1.010561 3.173487
vt 0.997614 3.182146
vt -0.021973 3.182146
vt -0.027160 3.196156
vt 0.000000 3.207512
vt 0.757963 2.403844
vt 0.737067 2.312534
vt 0.769383 2.312109
vt 0.602102 0.024729
vt 0.988534 3.196156
vt 0.649311 0.078408
vt 0.740272 0.087067
vt 0.666383 0.051355
vt 0.698510 2.495580
vt 0.727114 2.392488
vt 0.986790 3.210166
vt -0.025158 2.403844
vt -0.002266 2.312534
vt -0.045945 2.392488
vt 0.613732 2.552275
vt 0.675296 2.472442
vt 1.654916 0.993048
vt 1.667864 0.986790
vt 1.672437 1.022438
vt 0.533669 2.521856
vt 0.601406 2.521856
vt 1.643048 1.004916
vt 0.571592 0.000689
vt 0.562933 -0.090272
vt 0.530617 -0.084088
vt -0.036268 2.552275
vt 0.025296 2.472442
vt -0.048594 2.521856
vt 1.636790 1.017864
vt 0.048509 2.495580
vt 1.636790 3.210165
vt 0.008393 3.173487
vt -0.008393 3.173487
vt 0.671973 3.182146
vt -0.347614 3.182146
vt -0.338534 3.196156
vt -0.372438 3.207512
vt -0.025158 2.403845
vt -0.002266 2.312534
vt 0.024958 2.312109
vt 0.598645 -0.016383
vt 0.677160 3.196156
vt 0.594069 0.054956
vt 0.652266 0.125398
vt 0.625271 0.047897
vt 0.827840 2.403845
vt 0.775398 2.472442
vt 0.805000 2.392488
vt 1.417504 3.210166
vt 1.425158 3.196156
vt 1.445945 3.207512
vt 0.542037 2.403844
vt 0.562933 2.312534
vt 0.572887 2.392488
vt 0.704956 2.552275
vt 0.793876 2.495580
vt 0.658393 1.412774
vt 0.671973 1.417504
vt 0.650000 1.445945
vt 0.595044 2.552275
vt 0.697898 2.521856
vt 0.641608 1.412774
vt 0.594069 -0.054956
vt 0.652266 -0.125398
vt 0.625042 -0.143876
vt 0.524602 2.472442
vt 0.602102 2.521856
vt 0.628027 1.417504
vt 0.472160 2.403844
vt 0.506124 2.495580
vt 1.417504 3.210166
vt -1.010561 3.173487
vt -1.022430 3.173487
vt -1.022438 3.207512
vt -0.347614 3.182146
vt -0.360561 3.173487
vt -0.372438 3.207512
vt 0.671973 3.182146
vt 0.677160 3.196156
vt 0.650000 3.207512
vt 0.107963 2.403845
vt 0.087067 2.312534
vt 0.119383 2.312109
vt 0.625271 -0.047898
vt -0.338534 3.196156
vt 0.571592 -0.000689
vt 0.562933 0.090272
vt 0.598645 0.016382
vt 0.025296 2.472442
vt 0.077114 2.392488
vt -0.336790 3.210166
vt 0.675158 2.403845
vt 0.652266 2.312534
vt 0.695945 2.392488
vt -0.036267 2.552275
vt 0.048510 2.495580
vt -0.343048 1.004916
vt -0.336790 1.017864
vt -0.372438 1.022438
vt -0.116331 2.521856
vt -0.048593 2.521856
vt -0.354916 0.993047
vt 0.734088 -0.119383
vt 0.666383 -0.051355
vt 0.740272 -0.087067
vt 0.686268 2.552276
vt 0.624704 2.472442
vt 0.698594 2.521856
vt -0.367864 0.986790
vt 0.601491 2.495580
vt 0.986790 3.210165
vt 0.641607 3.173487
vt 0.658393 3.173487
vt 0.021973 3.182146
vt -0.997614 3.182146
vt -0.988534 3.196156
vt -1.022438 3.207512
vt 0.625042 2.312109
vt 0.695945 2.392488
vt 0.652266 2.312534
vt 0.649311 -0.078408
vt 0.027160 3.196156
vt 0.506124 -0.024958
vt 0.602102 -0.024729
vt 0.595044 -0.055931
vt 0.177840 2.403844
vt 0.125398 2.472442
vt 0.155000 2.392488
vt -0.767504 3.210166
vt -0.775158 3.196156
vt -0.795945 3.207512
vt -0.107963 2.403845
vt -0.087067 2.312534
vt -0.077114 2.392488
vt 0.054956 2.552275
vt 0.143876 2.495580
vt -0.762774 0.008393
vt -0.767504 0.021973
vt -0.795945 0.000000
vt -0.054956 2.552275
vt 0.047897 2.521856
vt -0.762774 -0.008392
vt 0.704956 -0.055931
vt 0.775398 0.002266
vt 0.793876 -0.024958
vt -0.125398 2.472442
vt -0.047898 2.521856
vt -0.767504 -0.021973
vt -0.177840 2.403845
vt -0.143876 2.495580
vt -0.775158 3.196156
vt 1.660560 3.173487
vt 1.672430 3.173487
vt 1.672437 3.207512
vt -0.997613 3.182146
vt 0.542037 2.403844
vt 0.530617 2.312109
vt 0.697897 -0.024729
vt -0.988534 3.196156
vt 0.650689 -0.078408
vt 0.559728 -0.087067
vt 0.633618 -0.051354
vt -0.986789 3.210166
vt 0.025158 2.403844
vt 0.002266 2.312534
vt 0.045945 2.392488
vt 0.698594 2.521856
vt -0.354917 -0.993048
vt -0.367864 -0.986789
vt -0.372438 -1.022438
vt 0.686268 2.552275
vt 0.766331 2.521856
vt -0.343048 -1.004916
vt 0.728409 -0.000689
vt 0.737068 0.090272
vt 0.769384 0.084088
vt 0.036267 2.552276
vt -0.025296 2.472442
vt 0.048593 2.521856
vt -0.336790 -1.017864
vt -0.048510 2.495580
vt -0.336790 3.210166
vt 0.025158 2.403845
vt 0.002266 2.312534
vt -0.024958 2.312109
vt 0.701355 0.016383
vt 0.472160 2.403845
vt 0.495000 2.392488
vt -1.417504 3.210166
vt -1.425158 3.196156
vt -1.445945 3.207512
vt 0.757963 2.403844
vt 0.737068 2.312534
vt 0.727114 2.392488
vt 0.595044 2.552275
vt 0.641608 -1.412774
vt 0.628027 -1.417504
vt 0.650000 -1.445945
vt -1.010561 3.173487
vt 0.658393 -1.412774
vt 0.704956 2.552275
vt 0.671973 -1.417504
vt 0.827840 2.403844
vt 1.647613 3.182146
vt -0.119383 2.312109
vt -0.077113 2.392488
vt -0.087067 2.312534
vt 1.638534 3.196156
vt -0.107963 2.403845
vt -0.025296 2.472442
vt 1.636789 3.210166
vt 0.036268 2.552275
vt -0.048509 2.495580
vt 1.643047 -1.004917
vt 1.636789 -1.017864
vt 1.672437 -1.022438
vt 0.613733 2.552275
vt 0.533669 2.521856
vt 0.536013 2.552275
vt 1.654916 -0.993048
vt 0.675296 2.472442
vt 0.601407 2.521856
vt 1.667863 -0.986790
vt 0.698510 2.495580
vt -0.986790 3.210166
vt 0.000000 0.279459
vt 0.061411 0.120541
vt 0.000000 0.120541
vt -0.061411 0.279459
vt -0.061411 0.120541
vt 0.061411 0.279459
vt 0.114528 0.120541
vt 0.125632 0.279459
vt 0.075776 0.120541
vt 0.125632 0.120541
vt 0.075776 0.279459
vt 0.015686 0.120541
vt 0.015686 0.279459
vt -0.046523 0.120541
vt -0.046523 0.279459
vt -0.102448 0.120541
vt 0.135663 0.279459
vt 0.089493 0.120541
vt 0.135663 0.120541
vt 0.089493 0.279459
vt 0.031237 0.120541
vt 0.031237 0.279459
vt -0.031237 0.120541
vt -0.031237 0.279459
vt -0.089493 0.120541
vt -0.089493 0.279459
vt -0.135663 0.120541
vt -0.102448 0.279459
vt -0.114528 0.279459
vt -0.114528 0.120541
vt 0.000305 0.283072
vt 0.064255 0.440254
vt 0.059873 0.281396
vt -0.054708 0.443601
vt -0.059264 0.284748
vt 0.111396 0.279947
vt 0.121732 0.438807
vt 0.073531 0.278920
vt 0.121910 0.279947
vt 0.015221 0.278453
vt -0.045145 0.278610
vt -0.099413 0.279370
vt 0.136174 0.438231
vt 0.087113 0.280630
vt 0.131897 0.279370
vt 0.091455 0.439489
vt 0.035029 0.441077
vt -0.029995 0.283925
vt -0.025482 0.442779
vt -0.086503 0.285514
vt -0.081908 0.444366
vt -0.131287 0.286774
vt -0.099268 0.445624
vt -0.099413 0.286774
vt 0.015199 0.446540
vt 0.073531 0.287225
vt 0.073424 0.446074
vt 0.121910 0.286198
vt -0.106156 0.445048
vt -0.110787 0.286198
vt 0.014623 0.604334
vt 0.063370 0.442418
vt 0.005689 0.445666
vt -0.051992 0.448914
vt 0.121872 0.598294
vt 0.113261 0.439609
vt 0.117833 0.598294
vt 0.071286 0.437618
vt 0.118188 0.439609
vt 0.071072 0.596309
vt 0.014756 0.436714
vt -0.043766 0.437018
vt -0.096088 0.597180
vt -0.096378 0.438491
vt 0.141664 0.597180
vt 0.089747 0.440933
vt 0.133112 0.438491
vt 0.043875 0.602686
vt -0.023651 0.447318
vt -0.069182 0.609053
vt -0.078369 0.450400
vt -0.112417 0.611487
vt -0.121734 0.452842
vt -0.096088 0.611487
vt -0.043635 0.612956
vt 0.071072 0.612358
vt 0.117833 0.610373
vt 0.118188 0.451724
vt -0.092625 0.610373
vt -0.101883 0.451724
vt 0.029548 0.766677
vt 0.071910 0.603608
vt -0.025947 0.771370
vt 0.085043 0.761983
vt 0.120134 0.599529
vt 0.113933 0.757924
vt 0.069041 0.596638
vt 0.114467 0.599529
vt 0.014292 0.595325
vt -0.042388 0.595768
vt -0.093343 0.597906
vt 0.152141 0.756308
vt 0.097405 0.601451
vt 0.139322 0.597906
vt 0.057776 0.764289
vt -0.012205 0.610722
vt 0.001320 0.769064
vt -0.065095 0.615195
vt -0.051324 0.773517
vt -0.107012 0.618740
vt -0.042191 0.779173
vt 0.068720 0.778307
vt 0.069041 0.620008
vt 0.113933 0.775430
vt 0.114467 0.617117
vt -0.087824 0.617117
vt 0.031705 0.771043
vt 0.085497 0.764965
vt -0.003901 0.934996
vt 0.132024 0.759709
vt 0.110745 0.759709
vt 0.066797 0.755983
vt 0.013827 0.754291
vt -0.041010 0.754862
vt -0.090308 0.757617
vt 0.167614 0.915618
vt 0.110095 0.762186
vt 0.150536 0.757617
vt 0.004343 0.774134
vt -0.028342 0.937757
vt -0.046686 0.779899
vt -0.068523 0.942296
vt -0.087127 0.784468
vt -0.089729 0.942296
vt -0.040747 0.945035
vt 0.066368 0.943920
vt 0.110034 0.940218
vt 0.110745 0.782376
vt -0.050130 0.940218
vt -0.068615 0.782376
vt 0.052339 0.933825
vt 0.104138 0.926492
vt 0.170413 1.077614
vt 0.148941 0.920150
vt 0.107023 0.920150
vt 0.064552 0.915654
vt 0.013362 0.913613
vt -0.039632 0.914301
vt -0.087274 0.917626
vt 0.188092 1.075112
vt 0.127825 0.923139
vt 0.166767 0.917626
vt -0.023146 0.944510
vt -0.000245 1.101772
vt -0.062089 0.950023
vt -0.039303 1.110537
vt 0.013251 1.111219
vt 0.064016 1.109195
vt 0.106135 1.104737
vt -0.021186 1.104737
vt -0.044262 0.947499
vt 0.053090 -0.113840
vt 0.127839 1.088188
vt 0.055487 1.261725
vt 0.220584 0.010513
vt 0.088106 -0.111997
vt 0.196627 1.237679
vt 0.170895 1.080852
vt 0.102235 1.237679
vt 0.062307 1.075653
vt 0.103302 1.080852
vt 0.012898 1.073292
vt -0.038254 1.074088
vt -0.084239 1.077934
vt 0.188027 1.077934
vt 0.176544 1.241100
vt 0.150602 1.084310
vt 0.129811 1.249062
vt 0.032959 1.265563
vt -0.031905 1.115403
vt -0.083369 1.271873
vt 0.012764 1.276467
vt 0.061664 1.274130
vt 0.102235 1.268984
vt 0.012876 1.268984
vt -0.014773 1.112485
vt 0.047013 -0.094214
vt 0.139957 1.415425
vt 0.156607 1.250053
vt 0.197897 1.241818
vt 0.099580 1.241818
vt 0.060062 1.235980
vt 0.012433 1.233330
vt -0.036876 1.234223
vt -0.081204 1.238541
vt 0.244093 1.394655
vt 0.178437 1.245699
vt 0.214325 1.238541
vt 0.039306 1.273450
vt 0.071261 1.429128
vt 0.003417 1.280608
vt -0.080189 1.436196
vt 0.012278 1.441343
vt 0.059312 1.438725
vt 0.052044 1.432961
vt 0.019846 1.277331
vt 0.120515 -0.104010
vt 0.190448 1.412088
vt 0.180228 1.577458
vt 0.238548 -0.087838
vt 0.229956 1.403046
vt 0.095858 1.403046
vt 0.057818 1.396636
vt 0.011968 1.393726
vt -0.035497 1.394707
vt -0.078169 1.399448
vt 0.245675 1.399448
vt 0.211335 1.407307
vt 0.114652 1.592467
vt 0.080822 1.600210
vt 0.043868 1.445636
vt -0.077009 1.600210
vt -0.034971 1.604880
vt 0.056960 1.602979
vt 0.135229 1.587757
vt 0.101925 -0.060753
vt 0.114058 0.074501
vt 0.229368 1.574292
vt 0.182718 1.750512
vt 0.281463 -0.083321
vt 0.267082 1.564536
vt 0.055573 1.557621
vt 0.092137 1.564536
vt 0.011504 1.554481
vt -0.034119 1.555540
vt -0.075134 1.560654
vt 0.320214 1.714946
vt 0.249307 1.569134
vt 0.282088 1.560654
vt 0.163125 1.755580
vt 0.122222 1.602007
vt 0.089441 1.610487
vt -0.073830 1.763913
vt -0.033527 1.768939
vt 0.054608 1.766893
vt 0.208339 -0.094181
vt 0.273372 1.736665
vt 0.231851 1.748660
vt 0.235275 1.913094
vt 0.371225 0.008552
vt 0.309285 1.726289
vt 0.086638 1.879418
vt 0.053328 1.718935
vt 0.088415 1.726289
vt 0.011039 1.715595
vt -0.032741 1.716721
vt -0.072099 1.722161
vt 0.365841 1.875373
vt 0.292359 1.731179
vt 0.323575 1.722161
vt 0.216670 1.918469
vt 0.171343 1.766141
vt 0.140127 1.775160
vt -0.070650 1.927307
vt -0.032083 1.932637
vt 0.052256 1.930468
vt 0.088415 1.771032
vt 0.206766 -0.054727
vt 0.217520 0.067111
vt 0.331420 2.063190
vt 0.322468 1.899205
vt 0.283033 1.911810
vt 0.382471 -0.074287
vt 0.356576 1.888303
vt 0.051084 1.880576
vt 0.084694 1.888303
vt 0.010574 1.877066
vt -0.031363 1.878249
vt -0.069064 1.883965
vt 0.416523 2.035987
vt 0.340500 1.893442
vt 0.370147 1.883965
vt 0.387560 2.045245
vt 0.246317 2.090392
vt 0.195919 1.939655
vt -0.030639 2.095976
vt 0.010330 2.097132
vt 0.049904 2.093704
vt 0.292896 2.075504
vt 0.316563 -0.084351
vt 0.391937 2.224980
vt 0.376660 2.061914
vt 0.339312 2.075020
vt 0.476911 0.007572
vt 0.385581 -0.080665
vt 0.408964 2.050577
vt 0.080972 2.050577
vt 0.048839 2.042542
vt 0.010110 2.038893
vt -0.029985 2.040123
vt -0.066030 2.046067
vt 0.421817 2.046067
vt 0.393739 2.055920
vt 0.311606 2.253170
vt 0.256808 2.103973
vt -0.029195 2.258957
vt 0.009843 2.260155
vt 0.078839 2.248779
vt 0.080972 2.099462
vt 0.355574 2.237741
vt 0.331965 -0.048700
vt 0.341347 0.059721
vt 0.457512 2.386711
vt 0.503744 -0.065254
vt 0.466459 2.213110
vt 0.077250 2.213110
vt 0.046594 2.204834
vt 0.009645 2.201075
vt -0.028607 2.202342
vt -0.062995 2.208464
vt 0.533086 2.357778
vt 0.452082 2.218614
vt 0.478595 2.208464
vt 0.407658 2.405797
vt 0.381938 2.415644
vt 0.322786 2.268114
vt -0.027751 2.421583
vt 0.009357 2.422812
vt 0.074939 2.411136
vt 0.393712 2.411136
vt 0.445185 -0.074521
vt 0.458050 0.075812
vt 0.496075 2.561706
vt 0.602952 0.006591
vt 0.525141 -0.070221
vt 0.529070 2.375900
vt 0.073529 2.375900
vt 0.044349 2.367446
vt 0.009180 2.363607
vt -0.027228 2.364902
vt -0.059960 2.371155
vt 0.540493 2.371155
vt 0.515539 2.381521
vt 0.481410 2.567798
vt 0.418800 2.421711
vt 0.457301 2.577815
vt 0.393846 2.432079
vt -0.057931 2.577815
vt -0.026307 2.583856
vt 0.042848 2.581397
vt 0.071040 2.573229
vt 0.468337 2.573229
vt 0.405269 2.427333
vt 0.477463 -0.042674
vt 0.485494 0.052331
vt 0.569882 2.551030
vt 0.573886 2.723437
vt 0.645319 -0.056220
vt 0.596808 2.538944
vt 0.069807 2.538944
vt 0.042105 2.530378
vt 0.008716 2.526488
vt -0.025850 2.527800
vt -0.056925 2.534136
vt 0.669973 2.680310
vt 0.584117 2.544641
vt 0.607522 2.534136
vt 0.560194 2.729582
vt 0.469979 2.595869
vt -0.054751 2.739685
vt 0.008383 2.747041
vt 0.040496 2.743299
vt 0.480692 2.591060
vt 0.594207 -0.064691
vt 0.605096 0.065812
vt 0.644523 2.714394
vt 0.656729 2.885001
vt 0.749428 0.005611
vt 0.684842 -0.059777
vt 0.736477 2.846478
vt 0.669682 2.702241
vt 0.039860 2.693626
vt 0.066085 2.702241
vt 0.008251 2.689715
vt -0.024472 2.691034
vt -0.053890 2.697405
vt 0.746057 2.841851
vt 0.657824 2.707969
vt 0.679693 2.697405
vt 0.623073 2.901259
vt 0.551177 2.759485
vt -0.051571 2.901259
vt 0.007896 2.908618
vt 0.038144 2.904875
vt 0.561188 2.754650
vt 0.125398 2.312534
vt 2.082811 3.182146
vt 0.574727 2.495580
vt 2.082811 0.021973
vt 2.087542 -0.008393
vt 0.674958 -0.143876
vt 0.574727 2.495580
vt 0.574727 -0.143876
vt 0.543754 -0.054956
vt 0.543754 0.054956
vt 0.574727 0.143876
vt 0.497957 2.472442
vt 0.559728 2.312535
vt 0.565912 2.312109
vt 0.506459 2.403845
vt 1.017864 3.210165
vt 0.650689 2.255414
vt 1.660560 1.022430
vt -0.084088 2.312109
vt 0.000689 2.255414
vt -0.143541 2.403844
vt 1.676943 3.196156
vt 0.613732 -0.113987
vt 0.698510 -0.154962
vt 0.536013 -0.036268
vt 0.495039 0.048509
vt 0.524602 2.312534
vt 1.432811 3.182146
vt 0.024958 2.312109
vt -0.075273 2.495580
vt 0.641607 1.437542
vt 0.658393 1.437541
vt 1.432811 3.182146
vt -0.075273 2.495580
vt 0.704956 -0.106246
vt 0.793876 -0.075273
vt 0.595044 -0.106246
vt 0.506124 -0.075273
vt 0.792090 2.392488
vt -0.143541 2.403844
vt -0.084088 2.312109
vt -0.367864 3.210165
vt 0.000689 2.255414
vt -0.360561 1.022430
vt 0.649311 2.255414
vt 0.734088 2.312109
vt 0.793541 2.403845
vt 1.017864 3.210166
vt 0.763987 -0.036267
vt 0.804962 0.048510
vt 0.686268 -0.113987
vt 0.601491 -0.154961
vt -0.125398 2.312534
vt 0.725273 2.495580
vt -0.782811 -0.021973
vt -0.787542 -0.008393
vt -0.782811 0.021973
vt 0.625042 0.143876
vt -0.782811 3.182146
vt 0.675158 2.403844
vt 0.725273 2.495580
vt 0.725273 0.143876
vt 0.756246 0.054956
vt 0.756246 -0.054956
vt 0.725273 -0.143876
vt 0.142090 2.392488
vt 0.734088 2.312109
vt 0.793541 2.403845
vt -1.026943 3.196156
vt 0.649311 2.255414
vt -0.360561 -1.022430
vt 0.084088 2.312109
vt -0.000689 2.255414
vt 0.143541 2.403844
vt -0.367864 3.210166
vt 0.686268 0.113987
vt 0.601491 0.154961
vt 0.763987 0.036267
vt 0.804962 -0.048510
vt 0.775398 2.312534
vt -0.024958 2.312109
vt 0.075273 2.495580
vt 0.658393 -1.437542
vt 0.641607 -1.437541
vt 0.628027 -1.432811
vt 0.506124 0.075273
vt 0.595044 0.106246
vt 0.704956 0.106246
vt 0.793876 0.075273
vt 0.507910 2.392488
vt 0.084088 2.312109
vt 0.143541 2.403844
vt 1.667863 3.210166
vt -0.000689 2.255414
vt 1.672430 -1.010561
vt 0.565912 2.312109
vt 0.650689 2.255414
vt 0.506459 2.403845
vt -1.017864 3.210166
vt 0.495039 -0.048509
vt 0.536013 0.036268
vt 0.613733 0.113987
vt 0.698510 0.154962
vt 0.140525 -0.038450
vt 0.145781 -0.036996
vt 0.062626 0.462158
vt 0.025500 -0.138414
vt -0.135747 -0.038535
vt 0.096927 0.116151
vt 0.035029 -0.157205
vt -0.121734 -0.096378
vt 0.057890 0.780570
vt 0.060537 0.428763
vt 0.152141 -0.092908
vt 0.120599 0.111197
vt 0.038103 -0.128585
vt -0.089867 -0.078832
vt 0.049545 0.928957
vt 0.055522 0.940065
vt 0.106135 1.077614
vt -0.039599 0.144433
vt 0.014151 0.584632
vt 0.167614 -0.089729
vt 0.059067 -0.147304
vt 0.074958 0.950013
vt 0.149319 0.106243
vt 0.029471 -0.122441
vt -0.070730 -0.075819
vt 0.077946 1.114716
vt -0.016126 0.117316
vt 0.188092 -0.086549
vt 0.078687 -0.142354
vt 0.183089 0.101289
vt 0.099642 1.111645
vt 0.048485 -0.141172
vt 0.108745 1.276769
vt -0.046451 -0.072806
vt 0.080274 1.424427
vt 0.089281 0.921692
vt 0.005795 0.112654
vt 0.213582 -0.083369
vt 0.103381 -0.137404
vt 0.221912 0.096336
vt 0.013967 1.083471
vt -0.017039 -0.069792
vt 0.085586 1.086335
vt 0.028282 0.130345
vt 0.094436 1.558251
vt 0.074068 1.073231
vt 0.229617 -0.065461
vt 0.124189 -0.108925
vt 0.208653 1.401724
vt 0.115979 -0.130799
vt 0.072423 1.745912
vt 0.081891 1.250862
vt 0.064964 0.103329
vt 0.104221 1.236259
vt 0.168006 -0.127504
vt 0.238548 1.588499
vt 0.085169 1.411795
vt 0.157339 -0.125612
vt 0.231517 1.762446
vt 0.078196 1.415271
vt 0.139468 1.399367
vt 0.207944 -0.122553
vt 0.288002 1.723278
vt 0.203770 -0.120425
vt 0.282560 1.924179
vt 0.064571 2.067912
vt 0.074501 1.579563
vt 0.179811 1.562554
vt 0.242166 -0.094181
vt 0.335253 1.884210
vt 0.255266 -0.115239
vt 0.078839 2.201182
vt 0.303092 -0.112653
vt 0.071567 2.398999
vt 0.230258 1.903721
vt 0.323365 -0.085887
vt 0.067111 1.907793
vt 0.346319 -0.084351
vt 0.440572 2.233107
vt 0.089637 2.535061
vt 0.288815 2.067547
vt 0.419455 2.205651
vt 0.406059 -0.079436
vt 0.061659 2.721903
vt 0.507367 2.367625
vt 0.352461 2.231299
vt 0.440111 -0.099679
vt 0.537263 2.570335
vt 0.483340 2.369158
vt 0.059721 2.235554
vt 0.470914 -0.074521
vt 0.571992 2.555907
vt 0.079797 2.858109
vt 0.613561 2.731684
vt 0.070693 2.390172
vt 0.540888 -0.069606
vt 0.645319 2.717430
vt 0.495008 2.558580
vt 0.775398 -0.002266
vt 0.602476 -0.064999
vt 0.694904 2.892958
vt 0.119383 2.312109
vt 0.088082 2.578974
vt 0.615985 -0.064691
vt 0.725130 2.851960
vt 0.573900 2.722112
vt 0.737067 -0.090272
vt 0.083386 2.742496
vt 0.155000 2.392488
vt 0.734088 0.119383
vt 0.536013 2.552275
vt -0.045945 2.392488
vt 0.530617 2.312109
vt 0.530617 0.084088
vt -0.113987 2.552276
vt 0.524602 0.002266
vt -0.119383 2.312109
vt -0.155000 2.392488
vt 0.565912 -0.119383
vt 0.763987 2.552276
vt 0.769384 2.312109
vt 0.048594 2.521856
vt 0.114528 0.279459
vt -0.135663 0.279459
vt -0.140520 0.012992
vt 0.004774 0.441928
vt 0.145287 0.012964
vt 0.115703 0.438807
vt -0.099268 0.438231
vt -0.126627 0.445624
vt -0.045079 0.446383
vt 0.121732 0.445048
vt -0.126069 -0.037167
vt -0.130666 0.012531
vt 0.072131 0.601095
vt -0.042884 0.607572
vt 0.150358 0.012473
vt 0.098429 0.599615
vt -0.014628 0.605981
vt 0.014712 0.613260
vt -0.111219 -0.035798
vt -0.115639 0.012070
vt 0.156024 -0.035542
vt 0.160412 0.011983
vt 0.133042 0.757924
vt 0.110420 0.759837
vt -0.093045 0.777045
vt -0.092908 0.777045
vt 0.014225 0.779614
vt -0.073946 0.775430
vt -0.091209 -0.034430
vt -0.095448 0.011608
vt -0.082875 0.056079
vt 0.171264 -0.034088
vt 0.175461 0.011493
vt 0.149220 0.917696
vt 0.110034 0.917696
vt 0.127432 0.920158
vt 0.013738 0.945601
vt 0.027027 -0.118755
vt -0.066046 -0.033062
vt -0.070102 0.011147
vt -0.058072 0.053851
vt 0.023245 1.098447
vt 0.191511 -0.032634
vt 0.195515 0.011003
vt 0.183640 0.053154
vt 0.149472 1.080579
vt -0.038864 1.107239
vt -0.086549 1.107239
vt -0.035741 -0.031693
vt -0.039612 0.010686
vt -0.028130 0.051622
vt 0.216776 -0.031180
vt 0.209288 0.050786
vt 0.213582 1.234790
vt -0.004079 1.271873
vt -0.037859 1.275679
vt 0.084252 -0.108925
vt 0.017499 -0.066779
vt -0.000302 -0.030325
vt -0.003987 0.010224
vt 0.006942 0.049393
vt 0.092817 1.424828
vt 0.164182 -0.106775
vt 0.247067 -0.029727
vt 0.250679 0.010023
vt 0.239966 0.048418
vt 0.227870 1.397890
vt 0.035821 1.436196
vt -0.036415 1.440460
vt 0.098336 1.432961
vt 0.085169 -0.089963
vt 0.057156 -0.063766
vt 0.040260 -0.028957
vt 0.036763 0.009763
vt 0.047136 0.047164
vt 0.069979 0.078196
vt 0.102207 0.098667
vt 0.285811 0.009532
vt 0.275683 0.046050
vt 0.204037 -0.101553
vt 0.265899 -0.062259
vt 0.282396 -0.028273
vt 0.264148 1.558251
vt 0.279635 1.554706
vt 0.011791 1.605847
vt 0.094436 1.596665
vt 0.096308 1.596665
vt 0.161877 -0.099096
vt 0.128431 -0.085712
vt 0.085937 -0.027589
vt 0.082628 0.009302
vt 0.092443 0.044936
vt 0.144554 0.094004
vt 0.248951 -0.096331
vt 0.307231 -0.059058
vt 0.322772 -0.026819
vt 0.325989 0.009042
vt 0.316447 0.043682
vt 0.295435 0.072423
vt 0.265791 0.091382
vt 0.130913 1.763913
vt 0.011304 1.769979
vt 0.090537 1.760099
vt 0.145658 1.760099
vt 0.176796 -0.081461
vt 0.151797 -0.057740
vt 0.136719 -0.026220
vt 0.133598 0.008840
vt 0.142855 0.042707
vt 0.163241 0.070806
vt 0.192001 0.089342
vt 0.353620 -0.055856
vt 0.368206 -0.025365
vt 0.362270 0.041314
vt 0.342549 0.068497
vt 0.314727 0.086428
vt 0.298922 -0.091109
vt 0.329436 -0.078804
vt 0.186082 1.927307
vt 0.010817 1.933740
vt 0.086638 1.923261
vt 0.200084 1.923261
vt 0.259901 -0.089266
vt 0.230258 -0.077210
vt 0.192597 -0.024852
vt 0.189663 0.008379
vt 0.198363 0.040478
vt 0.244548 0.084680
vt 0.353951 -0.085887
vt 0.405074 -0.052655
vt 0.418707 -0.023911
vt 0.421529 0.008062
vt 0.413159 0.038946
vt 0.394727 0.064571
vt 0.368723 0.081474
vt 0.275280 2.081134
vt -0.067470 2.090392
vt 0.082738 2.086154
vt 0.259575 2.086154
vt 0.288815 -0.072959
vt 0.266825 -0.051713
vt 0.253561 -0.023484
vt 0.250815 0.007918
vt 0.258958 0.038250
vt 0.276891 0.063416
vt 0.302191 0.080017
vt 0.461602 -0.049454
vt 0.474286 -0.022457
vt 0.469124 0.036578
vt 0.451975 0.060645
vt 0.427781 0.076521
vt 0.414037 -0.080665
vt 0.440572 -0.069771
vt 0.472269 2.196790
vt 0.338945 2.243577
vt -0.064290 2.253170
vt 0.047552 2.256602
vt 0.324121 2.248779
vt 0.378324 -0.079436
vt 0.352461 -0.068708
vt 0.319602 -0.022115
vt 0.317043 0.007456
vt 0.324633 0.036021
vt 0.364928 0.075355
vt 0.392192 0.080812
vt 0.423302 2.399808
vt 0.479182 -0.075443
vt 0.523211 -0.046252
vt 0.534952 -0.021003
vt 0.537382 0.007082
vt 0.530174 0.034210
vt 0.514300 0.056719
vt 0.491904 0.071567
vt 0.521313 2.362286
vt -0.061110 2.415644
vt 0.045200 2.419166
vt 0.421194 -0.064457
vt 0.402180 -0.045687
vt 0.390711 -0.020747
vt 0.388338 0.006995
vt 0.395379 0.033792
vt 0.410884 0.056026
vt 0.432759 0.070693
vt 0.589908 -0.043050
vt 0.600715 -0.019550
vt 0.596317 0.031842
vt 0.581707 0.052793
vt 0.561094 0.066613
vt 0.549385 -0.070221
vt 0.571992 -0.060737
vt 0.587949 2.523537
vt 0.598985 2.518952
vt 0.008870 2.585106
vt 0.517146 -0.069606
vt 0.495008 -0.060206
vt 0.466880 -0.019379
vt 0.464689 0.006533
vt 0.471187 0.031564
vt 0.505680 0.066030
vt 0.529017 0.070812
vt 0.624646 -0.064999
vt 0.661703 -0.039849
vt 0.671585 -0.018096
vt 0.673631 0.006101
vt 0.667563 0.029474
vt 0.654203 0.048867
vt 0.635354 0.061659
vt 0.659668 2.684935
vt 0.537683 2.739685
vt -0.024863 2.745779
vt 0.067141 2.735060
vt 0.547988 2.735060
vt 0.573900 -0.055955
vt 0.557805 -0.039661
vt 0.548098 -0.018010
vt 0.546089 0.006072
vt 0.552049 0.029335
vt 0.565173 0.048636
vt 0.583689 0.061368
vt 0.738602 -0.036647
vt 0.747571 -0.016642
vt 0.743921 0.027106
vt 0.731794 0.044941
vt 0.714685 0.056706
vt 0.704966 -0.059777
vt 0.723730 -0.051703
vt 0.644000 2.891150
vt -0.023419 2.907357
vt 0.063241 2.896631
vt 0.632653 2.896631
vt 0.047898 2.263120
vt -0.047898 2.263120
vt -0.125398 2.312534
vt 2.087542 0.008393
vt 2.082811 -0.021973
vt 0.633617 2.263120
vt 0.701355 2.263120
vt 0.507910 2.392488
vt 1.026943 3.196156
vt 1.672430 1.010561
vt 1.667864 3.210166
vt 0.602102 2.263120
vt 0.697897 2.263120
vt 0.628027 1.432811
vt 0.671973 1.432811
vt 0.598645 2.263120
vt 0.666383 2.263120
vt 0.740272 2.312534
vt 0.802044 2.472442
vt 0.766331 2.521856
vt -0.376944 3.196156
vt -0.372430 1.010561
vt 1.026943 3.196156
vt -0.047898 2.263120
vt 0.047897 2.263120
vt 0.125398 2.312534
vt -0.782811 3.182146
vt -0.787542 0.008393
vt -0.051355 2.263120
vt 0.016382 2.263120
vt 0.090272 2.312534
vt 0.152043 2.472442
vt 0.116331 2.521856
vt -1.017864 3.210166
vt -0.372430 -1.010561
vt -0.376943 3.196156
vt -1.432811 3.182146
vt 0.671973 -1.432811
vt -1.432811 3.182146
vt 0.701355 2.263120
vt 0.633618 2.263120
vt 0.559728 2.312534
vt 0.497957 2.472442
vt 1.676943 3.196156
vt 1.660560 -1.022430
vt -1.026944 3.196156
s 1
f 2017/1/845 2065/2/879 2069/3/879
f 2105/4/902 2205/5/968 2209/6/968
f 1981/7/823 2013/8/845 2017/1/845
f 2033/9/851 2025/10/854 2021/11/851
f 2177/6/952 2193/12/948 2189/5/952
f 2121/13/910 2109/14/907 2125/15/907
f 2105/4/902 2065/2/879 2101/16/902
f 2145/17/932 2165/18/935 2149/19/935
f 2181/20/922 1969/21/817 2133/22/922
f 2045/3/863 2005/8/840 2009/1/840
f 2081/4/884 2189/5/952 2073/16/884
f 1993/23/831 1985/24/828 2001/25/828
f 2185/26/919 2133/22/922 2129/27/919
f 2081/4/884 2041/28/863 2045/3/863
f 2209/6/968 2201/12/965 2213/29/965
f 2057/30/871 2049/31/868 2061/32/868
f 2137/33/926 2153/34/929 2141/35/929
f 2097/36/891 2089/37/894 2085/38/891
f 2009/1/840 1957/39/810 1961/7/810
f 1953/40/805 1977/41/823 1981/7/823
f 1941/42/798 1929/43/792 1945/44/792
f 1925/40/787 1957/39/810 1921/45/787
f 2121/46/910 1913/47/782 2113/48/910
f 1909/49/777 1949/45/805 1953/40/805
f 1901/50/772 2085/38/891 1897/51/772
f 740/49/379 1921/45/787 739/52/379
f 738/53/378 1905/52/777 1909/49/777
f 736/54/377 2161/55/926 2137/33/926
f 740/49/379 733/56/376 734/53/376
f 2033/9/851 731/57/375 732/58/375
f 730/59/374 737/60/378 738/53/378
f 734/53/376 727/61/373 728/59/373
f 725/62/372 723/63/371 726/64/371
f 722/65/370 729/66/374 730/59/374
f 728/59/373 719/67/369 720/65/369
f 718/68/368 721/67/370 722/65/370
f 716/69/367 1969/21/817 1973/70/817
f 720/65/369 713/71/366 714/68/366
f 2185/72/919 1913/47/782 1917/73/782
f 718/68/368 711/74/365 717/71/368
f 714/68/366 709/75/364 710/76/364
f 708/77/362 706/78/363 705/79/362
f 704/80/361 711/74/365 712/76/365
f 701/81/360 699/82/359 702/83/359
f 710/76/364 697/84/358 698/80/358
f 2093/85/894 731/57/375 2089/37/894
f 696/86/357 703/84/361 704/80/361
f 1901/50/772 693/87/356 694/88/356
f 692/86/355 697/84/358 691/89/355
f 690/90/354 695/91/357 696/86/357
f 687/92/353 685/93/352 688/94/352
f 684/90/351 691/89/355 683/95/351
f 682/96/350 689/95/354 690/90/354
f 726/64/371 679/97/349 680/98/349
f 684/90/351 677/99/348 678/96/348
f 2213/29/965 681/99/350 682/96/350
f 678/96/348 2193/12/948 2173/29/948
f 676/100/347 2025/10/854 2029/101/854
f 674/102/346 1937/103/798 1941/104/798
f 2125/15/907 671/105/345 672/106/345
f 702/83/359 669/107/344 670/108/344
f 668/109/343 675/110/347 676/100/347
f 665/111/342 663/112/341 666/113/341
f 672/106/345 661/114/340 662/115/340
f 668/116/343 659/117/339 667/118/343
f 658/119/338 705/79/362 657/120/338
f 662/115/340 655/121/337 656/122/337
f 660/123/339 653/124/336 659/125/339
f 652/126/335 655/121/337 651/127/335
f 725/62/372 649/128/334 724/129/372
f 648/130/333 653/124/336 654/131/336
f 652/126/335 645/132/332 646/133/332
f 644/134/331 647/135/333 648/130/333
f 674/102/346 679/136/349 673/137/346
f 646/133/332 641/138/330 642/139/330
f 640/140/329 663/112/341 639/141/329
f 638/142/328 643/143/331 644/144/331
f 642/139/330 635/145/327 636/146/327
f 2141/35/929 633/147/326 634/148/326
f 638/142/328 631/149/325 637/150/328
f 658/119/338 735/151/377 736/54/377
f 630/152/324 635/145/327 629/153/324
f 628/154/323 631/155/325 632/156/325
f 625/157/322 623/158/321 626/159/321
f 622/160/320 629/153/324 621/161/320
f 620/162/318 618/163/319 617/164/318
f 628/154/323 615/165/317 627/166/323
f 614/167/316 621/161/320 613/168/316
f 694/88/356 615/165/317 616/169/317
f 614/167/316 715/170/367 716/69/367
f 612/171/315 706/78/363 707/172/363
f 2001/25/828 609/173/314 610/174/314
f 608/175/313 1929/43/792 607/176/313
f 605/177/312 603/178/311 606/179/311
f 612/171/315 601/180/310 611/181/315
f 620/162/318 599/182/309 600/183/309
f 598/184/308 607/176/313 597/185/308
f 626/159/321 595/186/307 596/187/307
f 602/188/310 593/189/306 601/190/310
f 598/184/308 591/191/305 592/192/305
f 590/193/304 593/194/306 594/195/306
f 588/196/303 591/191/305 587/197/303
f 590/193/304 585/198/302 589/199/304
f 665/111/342 583/200/301 664/201/342
f 588/196/303 581/202/300 582/203/300
f 640/204/329 700/205/360 701/81/360
f 586/206/302 579/207/299 585/208/302
f 578/209/298 581/202/300 577/210/298
f 576/211/297 579/207/299 580/212/299
f 574/213/296 603/178/311 573/214/296
f 578/209/298 571/215/295 572/216/295
f 1993/23/831 595/186/307 1989/217/831
f 570/218/294 575/219/297 576/211/297
f 610/174/314 567/220/293 568/221/293
f 572/216/295 565/222/292 566/223/292
f 563/224/291 561/225/290 564/226/290
f 570/227/294 559/228/289 569/229/294
f 558/230/288 565/222/292 557/231/288
f 556/232/287 559/228/289 560/233/289
f 554/234/285 552/235/286 551/236/285
f 558/230/288 549/237/284 550/238/284
f 556/232/287 633/147/326 555/239/287
f 550/238/284 649/128/334 650/240/334
f 548/241/283 624/242/322 625/157/322
f 546/243/282 2165/18/935 545/244/282
f 544/245/281 669/246/344 543/247/281
f 541/248/280 539/249/279 542/250/279
f 538/251/278 547/252/283 548/241/283
f 536/253/277 551/236/285 535/254/276
f 534/255/275 543/247/281 533/256/275
f 564/226/290 531/257/274 532/258/274
f 538/259/278 529/260/273 537/261/278
f 534/255/275 527/262/272 528/263/272
f 526/264/271 524/265/270 523/266/269
f 522/267/268 529/268/273 530/269/273
f 520/270/267 527/262/272 519/271/267
f 518/272/266 521/273/268 522/267/268
f 605/274/312 515/275/265 604/276/312
f 520/270/267 513/277/264 514/278/264
f 574/279/296 618/163/319 619/280/319
f 512/281/263 517/282/266 518/283/266
f 509/284/262 507/285/261 510/286/261
f 506/287/260 513/277/264 505/288/260
f 504/289/259 511/290/263 512/281/263
f 502/291/258 539/292/279 501/293/258
f 500/294/257 505/288/260 499/295/257
f 532/258/274 2169/296/932 2145/17/932
f 504/289/259 497/297/256 503/298/259
f 546/243/282 495/299/255 496/300/255
f 494/301/254 499/295/257 493/302/254
f 491/303/253 489/304/252 492/305/252
f 488/306/251 497/307/256 498/308/256
f 486/309/250 493/302/254 485/310/250
f 488/306/251 483/311/249 487/312/251
f 482/313/247 480/314/248 479/315/247
f 486/309/250 477/316/246 478/317/246
f 568/318/293 483/319/249 484/320/249
f 478/317/246 583/200/301 584/321/301
f 476/322/245 562/323/291 563/224/291
f 474/324/244 2049/31/868 473/325/244
f 472/326/243 599/327/309 471/328/243
f 476/322/245 469/329/242 475/330/245
f 481/331/248 467/332/241 480/314/248
f 466/333/240 471/328/243 465/334/240
f 464/335/239 489/304/252 463/336/239
f 470/337/242 461/338/238 469/339/242
f 466/340/240 459/341/237 460/342/237
f 457/343/236 455/344/235 458/345/235
f 454/346/234 461/347/238 462/348/238
f 460/349/237 451/350/233 452/351/233
f 450/352/232 453/353/234 454/346/234
f 448/354/231 540/355/280 541/356/280
f 446/357/230 451/350/233 445/358/230
f 502/291/258 552/235/286 553/359/286
f 444/360/229 449/361/232 450/362/232
f 446/357/230 441/363/228 442/364/228
f 439/365/227 437/366/226 440/367/226
f 436/368/225 443/369/229 444/360/229
f 434/370/223 432/371/224 431/372/223
f 430/373/222 441/363/228 429/374/222
f 2057/30/871 463/336/239 2053/375/871
f 436/368/225 427/376/221 435/377/225
f 474/324/244 425/378/220 426/379/220
f 430/373/222 423/380/219 424/381/219
f 428/382/221 421/383/218 427/376/221
f 420/384/217 423/380/219 419/385/217
f 418/386/216 421/387/218 422/388/218
f 416/389/215 455/390/235 415/391/215
f 420/384/217 413/392/214 414/393/214
f 418/394/216 495/395/255 417/396/216
f 414/393/214 515/397/265 516/398/265
f 412/399/213 490/400/253 491/303/253
f 410/401/212 686/402/353 687/92/353
f 408/403/211 535/404/276 407/405/211
f 406/406/210 431/372/223 405/407/210
f 412/399/213 403/408/209 411/409/213
f 401/410/208 399/411/207 402/412/207
f 398/413/206 407/405/211 397/414/206
f 396/415/205 403/416/209 404/417/209
f 440/367/226 393/418/204 394/419/204
f 398/420/206 391/421/203 392/422/203
f 396/415/205 389/423/202 395/424/205
f 387/425/201 385/426/200 388/427/200
f 384/428/199 391/429/203 383/430/199
f 382/431/198 456/432/236 457/433/236
f 380/434/197 389/435/202 390/436/202
f 378/437/196 383/430/199 377/438/196
f 376/439/195 374/440/194 373/441/193
f 380/442/197 371/443/192 379/444/197
f 416/389/215 409/445/212 410/401/212
f 378/437/196 369/446/191 370/447/191
f 402/448/207 367/449/190 368/450/190
f 366/451/189 371/443/192 372/452/192
f 364/453/188 369/446/191 363/454/188
f 482/313/247 361/455/187 362/456/187
f 366/451/189 359/457/186 365/458/189
f 468/459/241 393/418/204 467/332/241
f 364/453/188 357/460/185 358/461/185
f 356/462/184 359/457/186 360/463/186
f 353/464/183 351/465/182 354/466/182
f 350/467/181 357/460/185 349/468/181
f 348/469/179 346/470/180 345/471/179
f 344/472/178 355/473/184 356/474/184
f 342/475/177 349/468/181 341/476/177
f 344/477/178 425/478/220 343/479/178
f 342/475/177 447/480/231 448/481/231
f 340/482/176 438/483/227 439/365/227
f 526/264/271 337/484/175 338/485/175
f 336/486/174 685/487/352 335/488/174
f 340/482/176 333/489/173 339/490/176
f 332/491/172 346/470/180 347/492/180
f 336/486/174 329/493/171 330/494/171
f 328/495/170 351/465/182 327/496/170
f 326/497/169 333/498/173 334/499/173
f 324/500/168 329/501/171 323/502/168
f 321/503/167 319/504/166 322/505/166
f 318/506/165 325/507/169 326/497/169
f 324/508/168 315/509/164 316/510/164
f 314/511/163 317/512/165 318/513/165
f 401/514/208 311/515/161 400/516/208
f 310/517/160 315/509/164 309/518/160
f 433/519/224 367/449/190 432/371/224
f 308/520/159 313/521/162 314/522/163
f 310/517/160 305/523/158 306/524/158
f 303/525/157 301/526/156 304/527/156
f 308/520/159 299/528/155 307/529/159
f 298/530/154 296/531/153 295/532/152
f 294/533/151 305/523/158 293/534/151
f 525/535/270 327/496/170 524/265/270
f 292/536/150 299/528/155 300/537/155
f 290/538/149 337/484/175 289/539/149
f 294/533/151 287/540/148 288/541/148
f 286/542/147 291/543/150 292/536/150
f 288/541/148 283/544/146 284/545/146
f 286/546/147 281/547/145 285/548/147
f 280/549/144 319/550/166 279/551/144
f 278/552/143 283/544/146 277/553/143
f 362/554/187 281/555/145 282/556/145
f 382/557/198 277/553/143 381/558/198
f 353/464/183 275/559/142 352/560/183
f 274/561/141 508/562/262 509/284/262
f 406/563/210 271/564/140 272/565/140
f 270/566/139 295/532/152 269/567/139
f 268/568/138 275/559/142 276/569/142
f 266/570/136 264/571/137 263/572/136
f 262/573/135 271/574/140 261/575/135
f 260/576/134 267/577/138 268/578/138
f 304/527/156 257/579/133 258/580/133
f 262/573/135 255/581/132 256/582/132
f 260/576/134 253/583/131 259/584/134
f 251/585/130 249/586/129 252/587/129
f 248/588/128 255/589/132 247/590/128
f 321/591/167 245/592/127 320/593/167
f 244/594/126 253/595/131 254/596/131
f 242/597/125 247/590/128 241/598/125
f 239/599/124 237/600/123 240/601/123
f 244/594/126 235/602/122 243/603/126
f 280/549/144 273/604/141 274/561/141
f 234/605/121 241/598/125 233/606/121
f 266/607/136 231/608/120 232/609/120
f 230/610/119 235/602/122 236/611/122
f 234/605/121 227/612/118 228/613/118
f 348/469/179 225/614/117 226/615/117
f 224/616/116 229/617/119 230/610/119
f 332/491/172 257/579/133 331/618/172
f 222/619/115 227/612/118 221/620/115
f 220/621/114 223/622/116 224/616/116
f 218/623/112 216/624/113 215/625/112
f 222/619/115 213/626/111 214/627/111
f 211/628/110 209/629/109 212/630/109
f 208/631/108 219/632/114 220/633/114
f 214/627/111 205/634/107 206/635/107
f 290/636/149 207/637/108 208/638/108
f 206/635/107 311/639/161 312/640/161
f 204/641/106 302/642/157 303/525/157
f 388/427/200 201/643/105 202/644/105
f 510/286/261 199/645/104 200/646/104
f 204/641/106 197/647/103 203/648/106
f 211/628/110 195/649/102 210/650/110
f 200/651/104 193/652/101 194/653/101
f 218/623/112 191/654/100 192/655/100
f 190/656/99 197/657/103 198/658/103
f 194/653/101 187/659/98 188/660/98
f 185/661/97 183/662/96 186/663/96
f 182/664/95 189/665/99 190/656/99
f 180/666/94 187/667/98 179/668/94
f 178/669/93 181/670/95 182/671/95
f 176/672/92 264/571/137 265/673/137
f 180/666/94 173/674/91 174/675/91
f 297/676/153 231/608/120 296/531/153
f 178/669/93 171/677/90 177/678/93
f 174/675/91 169/679/89 170/680/89
f 167/681/88 165/682/87 168/683/87
f 172/684/90 163/685/86 171/677/90
f 161/686/85 159/687/84 162/688/84
f 158/689/83 169/679/89 157/690/83
f 387/425/201 191/654/100 386/691/201
f 156/692/82 163/685/86 164/693/86
f 202/644/105 153/694/81 154/695/81
f 158/689/83 151/696/80 152/697/80
f 150/698/79 155/699/82 156/692/82
f 148/700/78 151/696/80 147/701/78
f 146/702/77 149/703/79 150/704/79
f 144/705/76 183/706/96 143/707/76
f 148/700/78 141/708/75 142/709/75
f 226/710/117 145/711/77 146/702/77
f 142/709/75 245/712/127 246/713/127
f 140/714/74 216/624/113 217/715/113
f 375/716/194 137/717/73 374/440/194
f 136/718/72 269/567/139 135/719/72
f 134/720/71 159/687/84 133/721/71
f 140/714/74 131/722/69 139/723/74
f 129/724/67 127/725/66 130/726/68
f 126/727/65 135/728/72 125/729/65
f 124/730/64 131/731/69 132/732/70
f 122/733/63 165/682/87 121/734/63
f 126/727/65 119/735/62 120/736/62
f 124/730/64 117/737/61 123/738/64
f 116/739/59 114/740/60 113/741/59
f 112/742/58 119/743/62 111/744/58
f 110/745/57 184/746/97 185/661/97
f 118/747/61 107/748/56 117/749/61
f 106/750/55 111/744/58 105/751/55
f 104/752/53 102/753/54 101/754/53
f 100/755/52 107/748/56 108/756/56
f 144/705/76 137/717/73 138/757/73
f 106/750/55 97/758/51 98/759/51
f 130/760/68 95/761/50 96/762/50
f 94/763/49 99/764/52 100/755/52
f 92/765/48 97/758/51 91/766/48
f 212/630/109 89/767/47 90/768/47
f 94/763/49 87/769/46 93/770/49
f 122/733/63 195/649/102 196/771/102
f 92/765/48 85/772/45 86/773/45
f 84/774/44 87/769/46 88/775/46
f 81/776/43 79/777/42 82/778/42
f 78/779/41 85/772/45 77/780/41
f 76/781/39 74/782/40 73/783/39
f 84/784/44 71/785/38 83/786/44
f 78/779/41 69/787/37 70/788/37
f 154/789/81 71/785/38 72/790/38
f 70/788/37 175/791/92 176/792/92
f 167/681/88 67/793/36 166/794/88
f 66/795/35 249/586/129 65/796/34
f 376/439/195 63/797/33 64/798/33
f 62/799/32 67/793/36 68/800/36
f 75/801/40 59/802/31 74/782/40
f 58/803/30 63/804/33 57/805/30
f 56/806/29 79/777/42 55/807/29
f 62/808/32 53/809/28 61/810/32
f 58/803/30 51/811/27 52/812/27
f 49/813/26 47/814/25 50/815/25
f 54/816/28 45/817/24 53/809/28
f 44/818/23 51/819/27 43/820/23
f 42/821/22 45/822/24 46/823/24
f 129/724/67 39/824/21 128/825/67
f 38/826/20 43/820/23 37/827/20
f 96/762/50 160/828/85 161/686/85
f 42/821/22 35/829/19 41/830/22
f 34/831/18 37/827/20 33/832/18
f 31/833/17 29/834/16 32/835/16
f 28/836/15 35/829/19 36/837/19
f 25/838/14 23/839/13 26/840/13
f 34/831/18 21/841/12 22/842/12
f 56/806/29 250/843/130 251/585/130
f 20/844/11 27/845/15 28/836/15
f 18/846/10 65/796/34 17/847/10
f 16/848/9 21/841/12 15/849/9
f 20/844/11 13/850/8 19/851/11
f 12/852/7 15/849/9 11/853/7
f 10/854/6 13/855/8 14/856/8
f 8/857/5 47/858/25 7/859/5
f 12/852/7 5/860/4 6/861/4
f 10/854/6 89/862/47 9/863/6
f 110/864/57 5/860/4 109/865/57
f 81/776/43 3/866/3 80/867/43
f 239/599/124 2216/868/974 238/869/124
f 134/720/71 2218/870/975 2217/871/975
f 26/840/13 2220/872/976 2219/873/976
f 4/874/3 2222/875/977 3/866/3
f 2224/876/979 2226/877/978 2223/878/978
f 2227/879/981 2218/880/975 2228/881/981
f 2221/882/977 2230/883/982 2222/884/977
f 2231/885/983 29/834/16 2232/886/983
f 2227/879/981 2234/887/984 2233/888/984
f 2235/889/985 2230/883/982 2229/890/982
f 2237/891/986 2239/892/987 2240/893/986
f 2233/894/984 2242/895/988 2241/896/988
f 49/813/26 2244/897/989 48/898/26
f 2235/899/985 2246/900/990 2236/901/985
f 2247/902/991 2242/895/988 2248/903/991
f 2249/904/992 2251/905/993 2252/906/994
f 2245/907/990 2254/908/995 2246/900/990
f 2215/909/974 7/859/5 2216/868/974
f 2247/902/991 2256/910/996 2255/911/996
f 2257/912/997 2226/877/978 2258/913/997
f 2259/914/998 2254/908/995 2253/915/995
f 2261/916/999 2256/910/996 2262/917/999
f 76/781/39 2264/918/1000 2263/919/1000
f 2259/914/998 2266/920/1001 2260/921/998
f 60/922/31 2232/886/983 59/802/31
f 2267/923/1002 2262/917/999 2268/924/1002
f 2269/925/1003 2266/920/1001 2265/926/1001
f 2271/927/1004 2273/928/1005 2274/929/1004
f 2275/930/1006 2268/924/1002 2276/931/1006
f 2277/932/1007 2279/933/1008 2280/934/1007
f 2281/935/1009 2270/936/1003 2269/937/1003
f 2283/938/1010 2276/931/1006 2284/939/1010
f 2281/935/1009 17/940/10 2282/941/1009
f 2283/938/1010 39/942/21 40/943/21
f 31/833/17 2286/944/1011 30/945/17
f 116/739/59 2288/946/1012 2287/947/1012
f 2289/948/1013 237/600/123 2290/949/1014
f 2291/950/1015 2286/944/1011 2285/951/1011
f 2293/952/1016 2279/933/1008 2278/953/1008
f 2289/954/1013 2296/955/1017 2295/956/1017
f 2271/927/1004 2298/957/1018 2297/958/1018
f 2291/959/1015 2300/960/1019 2292/961/1015
f 2295/956/1017 2302/962/1020 2301/963/1020
f 2303/964/1021 2305/965/1022 2306/966/1021
f 2307/967/1023 2300/960/1019 2299/968/1019
f 2301/969/1020 2310/970/1024 2309/971/1024
f 2307/972/1023 2312/973/1025 2308/974/1023
f 2224/975/979 2314/976/1026 2225/977/980
f 2309/971/1024 2316/978/1027 2315/979/1027
f 25/838/14 2258/913/997 24/980/14
f 2317/981/1028 2312/973/1025 2311/982/1025
f 2315/979/1027 2320/983/1029 2319/984/1029
f 2322/985/1031 2324/986/1030 2321/987/1030
f 2317/981/1028 2326/988/1032 2318/989/1028
f 2327/990/1033 2329/991/1034 2330/992/1035
f 2331/993/1036 2320/983/1029 2332/994/1036
f 115/995/60 2298/957/1018 114/740/60
f 2333/996/1037 2326/988/1032 2325/997/1032
f 2287/998/1012 2336/999/1038 2335/1000/1038
f 2331/993/1036 2338/1001/1039 2337/1002/1039
f 2333/996/1037 2340/1003/1040 2334/1004/1037
f 2341/1005/1041 2338/1001/1039 2342/1006/1042
f 2343/1007/1043 2340/1008/1040 2339/1009/1040
f 2345/1010/1044 2306/966/1021 2346/1011/1044
f 2341/1005/1041 2348/1012/1045 2347/1013/1045
f 2343/1007/1043 2264/1014/1000 2344/1015/1043
f 2243/1016/989 2348/1012/1045 2244/1017/989
f 2272/1018/1005 2350/1019/1046 2273/928/1005
f 2351/1020/1047 102/753/54 103/1021/54
f 2353/1022/1048 2220/872/976 2354/1023/1048
f 2355/1024/1049 2330/992/1035 2356/1025/1050
f 2357/1026/1051 2350/1019/1046 2349/1027/1046
f 2360/1028/1053 2362/1029/1052 2359/1030/1052
f 2363/1031/1054 2354/1032/1048 2364/1033/1054
f 2357/1034/1051 2366/1035/1055 2358/1036/1051
f 2367/1037/1056 2324/986/1030 2368/1038/1056
f 2363/1031/1054 2370/1039/1057 2369/1040/1057
f 2371/1041/1058 2366/1035/1055 2365/1042/1055
f 2373/1043/1060 2375/1044/1061 2376/1045/1060
f 2377/1046/1062 2370/1047/1057 2378/1048/1062
f 2379/1049/1063 2305/1050/1022 2304/1051/1022
f 2381/1052/1064 2372/1053/1059 2371/1054/1058
f 2377/1046/1062 2384/1055/1065 2383/1056/1065
f 2385/1057/1066 2382/1058/1064 2381/1052/1064
f 2345/1010/1044 2352/1059/1047 2351/1020/1047
f 2383/1056/1065 2388/1060/1067 2387/1061/1067
f 2389/1062/1068 2362/1029/1052 2390/1063/1068
f 2385/1057/1066 2392/1064/1069 2386/1065/1066
f 2393/1066/1070 2388/1060/1067 2394/1067/1070
f 2277/1068/1007 2396/1069/1071 2395/1070/1071
f 2397/1071/1072 2392/1064/1069 2391/1072/1069
f 2367/1037/1056 2294/1073/1016 2293/952/1016
f 2393/1066/1070 2400/1074/1073 2399/1075/1073
f 2401/1076/1074 2398/1077/1072 2397/1071/1072
f 2403/1078/1075 2405/1079/1076 2406/1080/1077
f 2407/1081/1078 2400/1074/1073 2408/1082/1078
f 2409/1083/1079 2411/1084/1080 2412/1085/1079
f 2413/1086/1081 2402/1087/1074 2401/1088/1074
f 2407/1081/1078 2416/1089/1082 2415/1090/1082
f 2413/1086/1081 2336/999/1038 2414/1091/1081
f 2313/1092/1026 2416/1089/1082 2314/1093/1026
f 2322/985/1031 2418/1094/1083 2323/1095/1031
f 2419/1096/1084 2240/893/986 2420/1097/1085
f 104/752/53 2422/1098/1086 2421/1099/1086
f 2423/1100/1087 2418/1094/1083 2417/1101/1083
f 2425/1102/1088 2411/1084/1080 2410/1103/1080
f 2421/1104/1086 2428/1105/1089 2427/1106/1089
f 2403/1078/1075 2430/1107/1090 2429/1108/1090
f 2423/1109/1087 2432/1110/1091 2424/1111/1087
f 2433/1112/1092 2428/1105/1089 2434/1113/1092
f 2435/1114/1093 2437/1115/1095 2438/1116/1096
f 2431/1117/1091 2440/1118/1097 2432/1110/1091
f 2433/1119/1092 2442/1120/1098 2441/1121/1098
f 2443/1122/1099 2440/1123/1097 2439/1124/1097
f 2445/1125/1100 2361/1126/1053 2360/1127/1053
f 2447/1128/1101 2442/1120/1098 2448/1129/1101
f 2389/1062/1068 2329/991/1034 2328/1130/1034
f 2443/1122/1099 2450/1131/1102 2444/1132/1099
f 2451/1133/1103 2448/1129/1101 2452/1134/1103
f 2454/1135/1105 2456/1136/1107 2453/1137/1104
f 2449/1138/1102 2458/1139/1108 2450/1131/1102
f 1918/1140/785 1914/1141/783 1933/1142/795
f 2461/1143/1109 2452/1134/1103 2462/1144/1110
f 2238/1145/987 2430/1107/1090 2239/892/987
f 2463/1146/1111 2458/1139/1108 2457/1147/1108
f 2465/1148/1112 2420/1149/1085 2466/1150/1113
f 2467/1151/1114 2462/1144/1110 2468/1152/1114
f 2469/1153/1115 2464/1154/1111 2463/1146/1111
f 2467/1151/1114 2472/1155/1116 2471/1156/1116
f 2473/1157/1117 2470/1158/1115 2469/1153/1115
f 2435/1114/1093 2476/1159/1118 2475/1160/1118
f 2477/1161/1119 2472/1155/1116 2478/1162/1119
f 2395/1070/1071 2474/1163/1117 2473/1164/1117
f 2477/1161/1119 2380/1165/1063 2379/1166/1063
f 2479/1167/1120 2405/1079/1076 2404/1168/1076
f 2250/1169/993 2482/1170/1121 2251/905/993
f 2483/1171/1122 2356/1025/1050 2484/1172/1122
f 1922/1173/788 1918/1174/785 1933/1175/795
f 2486/1176/1123 2480/1177/1120 2479/1167/1120
f 1906/1178/778 1902/1179/775 1933/1142/795
f 2483/1180/1122 2491/1181/1125 2490/1182/1125
f 2486/1183/1123 2493/1184/1126 2487/1185/1124
f 2494/1186/1127 2456/1136/1107 2495/1187/1128
f 2490/1182/1125 2497/1188/1129 2496/1189/1129
f 2498/1190/1130 2493/1184/1126 2492/1191/1126
f 2501/1192/1132 2503/1193/1133 2500/1194/1131
f 2496/1195/1129 2505/1196/1134 2504/1197/1134
f 2506/1198/1135 2437/1199/1095 2436/1200/1094
f 2498/1201/1130 2509/1202/1136 2499/1203/1130
f 2504/1197/1134 2511/1204/1137 2510/1205/1137
f 1950/1206/806 1946/1207/803 1965/1208/815
f 2514/1209/1140 2509/1202/1136 2508/1210/1136
f 2481/1211/1121 2476/1159/1118 2482/1170/1121
f 2516/1212/1141 2511/1204/1137 2517/1213/1141
f 1910/1214/780 1906/1178/778 1933/1142/795
f 2514/1209/1140 2520/1215/1142 2515/1216/1140
f 2516/1212/1141 2522/1217/1143 2521/1218/1143
f 2523/1219/1144 2412/1220/1079 2524/1221/1145
f 2525/1222/1146 2520/1215/1142 2519/1223/1142
f 2494/1186/1127 2426/1224/1088 2425/1102/1088
f 2527/1225/1147 2522/1217/1143 2528/1226/1147
f 2529/1227/1148 2526/1228/1146 2525/1222/1146
f 2532/1229/1150 2534/1230/1149 2531/1231/1149
f 2535/1232/1151 2528/1226/1147 2536/1233/1151
f 2537/1234/1152 2539/1235/1153 2540/1236/1152
f 2529/1227/1148 2542/1237/1154 2530/1238/1148
f 2543/1239/1155 2536/1233/1151 2544/1240/1155
f 2465/1148/1112 2542/1241/1154 2541/1242/1154
f 2543/1239/1155 2446/1243/1100 2445/1244/1100
f 2545/1245/1156 2455/1246/1106 2454/1135/1105
f 2373/1043/1060 2548/1247/1158 2547/1248/1158
f 2249/904/992 2550/1249/1160 2549/1250/1159
f 2551/1251/1161 2553/1252/1162 2554/1253/1161
f 2555/1254/1163 2546/1255/1157 2545/1245/1156
f 2557/1256/1164 2550/1257/1160 2558/1258/1164
f 2531/1259/1149 2560/1260/1165 2559/1261/1165
f 2555/1262/1163 2562/1263/1166 2556/1264/1163
f 2563/1265/1167 2558/1258/1164 2564/1266/1167
f 2022/1267/852 2018/1268/849 2037/1269/861
f 2567/1270/1168 2562/1263/1166 2561/1271/1166
f 2563/1272/1167 2570/1273/1171 2569/1274/1170
f 2571/1275/1172 2568/1276/1169 2567/1277/1168
f 1902/1179/775 1898/1278/773 1933/1142/795
f 2574/1279/1173 2570/1273/1171 2575/1280/1173
f 1914/1141/783 1910/1214/780 1933/1142/795
f 2571/1275/1172 2577/1281/1175 2572/1282/1172
f 1982/1283/826 1978/1284/824 1997/1285/836
f 2574/1279/1173 2581/1286/1176 2580/1287/1176
f 1990/1288/832 1986/1289/829 1997/1285/836
f 2584/1290/1179 2577/1281/1175 2576/1291/1174
f 2586/1292/1180 2553/1252/1162 2552/1293/1162
f 2588/1294/1181 2581/1286/1176 2589/1295/1181
f 2374/1296/1061 2560/1297/1165 2375/1044/1061
f 2584/1290/1179 2591/1298/1182 2585/1299/1179
f 2592/1300/1183 2548/1260/1158 2593/1301/1183
f 2588/1294/1181 2595/1302/1184 2594/1303/1184
f 1942/1304/801 1938/1305/799 1965/1306/815
f 2598/1307/1185 2591/1298/1182 2590/1308/1182
f 2600/1309/1186 2595/1302/1184 2601/1310/1186
f 2598/1307/1185 2603/1311/1187 2599/1312/1185
f 2538/1313/1153 2554/1253/1161 2539/1314/1153
f 2600/1309/1186 2605/1315/1188 2604/1316/1188
f 2602/1317/1187 2524/1221/1145 2603/1318/1187
f 2604/1316/1188 2507/1319/1135 2506/1320/1135
f 2606/1321/1189 2533/1322/1150 2532/1229/1150
f 1926/1323/790 1922/1324/788 1933/1325/795
f 2606/1321/1189 2610/1326/1191 2607/1327/1189
f 1946/1328/803 1942/1304/801 1965/1306/815
f 1930/1329/793 1926/1323/790 1933/1325/795
f 2613/1330/1193 2615/1331/1192 2612/1332/1192
f 2609/1333/1190 2617/1334/1194 2610/1326/1191
f 2618/1335/1195 1930/1329/793 1933/1325/795
f 2592/1336/1183 2617/1334/1194 2616/1337/1194
f 1898/1338/773 2618/1339/1195 1933/1175/795
f 2030/1340/857 2026/1341/855 2037/1269/861
f 1954/1342/808 1950/1206/806 1965/1208/815
f 2062/1343/877 2058/1344/875 2077/1345/887
f 2624/1346/1196 2587/1347/1180 2586/1348/1180
f 2613/1330/1193 2503/1193/1133 2614/1349/1193
f 1958/1350/811 1954/1342/808 1965/1208/815
f 2627/1351/1197 2629/1352/1198 2630/1353/1197
f 2631/1354/1199 2625/1355/1196 2624/1346/1196
f 1962/1356/813 1958/1350/811 1965/1208/815
f 2634/1357/1201 2615/1358/1192 2635/1359/1201
f 2636/1360/1202 2632/1361/1200 2631/1354/1199
f 2638/1362/1203 1962/1363/813 1965/1364/815
f 2636/1360/1202 2640/1365/1204 2637/1366/1202
f 1986/1289/829 1982/1283/826 1997/1285/836
f 1970/1367/818 2638/1362/1203 1965/1364/815
f 2643/1368/1206 2645/1369/1205 2642/1370/1205
f 2639/1371/1204 2647/1372/1207 2640/1373/1204
f 1974/1374/820 1970/1367/818 1965/1364/815
f 2646/1375/1207 2540/1236/1152 2647/1372/1207
f 1938/1305/799 1974/1376/820 1965/1306/815
f 2070/1377/882 2066/1378/880 2077/1345/887
f 1994/1379/834 1990/1288/832 1997/1285/836
f 2102/1380/903 2098/1381/900 2117/1382/913
f 2654/1383/1209 2502/1384/1132 2501/1385/1132
f 2627/1351/1197 2644/1386/1206 2643/1368/1206
f 2656/1387/1210 1994/1379/834 1997/1285/836
f 2657/1388/1211 2659/1389/1212 2660/1390/1211
f 2654/1391/1209 2662/1392/1213 2655/1393/1209
f 2002/1394/838 2656/1395/1210 1997/1396/836
f 2664/1397/1214 2645/1398/1205 2665/1399/1215
f 2666/1400/1216 2662/1392/1213 2661/1401/1213
f 2006/1402/841 2002/1403/838 1997/1404/836
f 2669/1405/1217 2667/1406/1216 2666/1400/1216
f 2026/1341/855 2022/1267/852 2037/1269/861
f 2010/1407/843 2006/1402/841 1997/1404/836
f 2673/1408/1220 2675/1409/1219 2672/1410/1219
f 2669/1405/1217 2677/1411/1222 2670/1412/1218
f 2014/1413/846 2010/1407/843 1997/1404/836
f 2634/1414/1201 2677/1411/1222 2676/1415/1221
f 1978/1395/824 2014/1416/846 1997/1396/836
f 2110/1417/908 2106/1418/905 2117/1419/913
f 2034/1420/859 2030/1421/857 2037/1422/861
f 2142/1423/930 2138/1424/927 2157/1425/940
f 2684/1426/1224 2629/1427/1198 2628/1428/1198
f 2673/1408/1220 2660/1390/1211 2674/1429/1220
f 2686/1430/1225 2034/1420/859 2037/1422/861
f 2687/1431/1226 2689/1432/1227 2690/1433/1226
f 2684/1426/1224 2692/1434/1228 2685/1435/1224
f 2042/1436/864 2686/1430/1225 2037/1422/861
f 2694/1437/1229 2675/1438/1219 2695/1439/1229
f 2696/1440/1230 2692/1434/1228 2691/1441/1228
f 2046/1442/866 2042/1443/864 2037/1444/861
f 2696/1440/1230 2700/1445/1231 2697/1446/1230
f 2066/1378/880 2062/1343/877 2077/1345/887
f 2050/1447/869 2046/1442/866 2037/1444/861
f 2702/1448/1232 2704/1449/1233 2705/1450/1232
f 2699/1451/1231 2707/1452/1234 2700/1453/1231
f 2054/1454/872 2050/1447/869 2037/1444/861
f 2664/1397/1214 2707/1452/1234 2706/1455/1234
f 2018/1268/849 2054/1456/872 2037/1269/861
f 2150/1457/936 2146/1458/933 2157/1425/940
f 2074/1459/885 2070/1377/882 2077/1345/887
f 2182/1460/955 2178/1461/953 2197/1462/963
f 2658/1463/1212 2715/1464/1237 2659/1465/1212
f 2703/1466/1233 2690/1433/1226 2704/1449/1233
f 2716/1467/1238 2074/1459/885 2077/1345/887
f 2718/1468/1240 2720/1469/1241 2717/1470/1239
f 2714/1471/1237 2722/1472/1242 2715/1473/1237
f 2082/1474/889 2716/1475/1238 2077/1476/887
f 2724/1477/1243 2705/1478/1232 2725/1479/1243
f 2726/1480/1244 2722/1472/1242 2721/1481/1242
f 2086/1482/892 2082/1483/889 2077/1484/887
f 2729/1485/1245 2727/1486/1244 2726/1480/1244
f 2106/1421/905 2102/1380/903 2117/1382/913
f 2090/1487/895 2086/1482/892 2077/1484/887
f 2733/1488/1248 2735/1489/1247 2732/1490/1247
f 2729/1485/1245 2737/1491/1249 2730/1492/1246
f 2094/1493/897 2090/1487/895 2077/1484/887
f 2694/1494/1229 2737/1491/1249 2736/1495/1249
f 2058/1496/875 2094/1474/897 2077/1476/887
f 2190/1497/959 2186/1498/957 2197/1499/963
f 2114/1500/911 2110/1417/908 2117/1419/913
f 2742/1501/1252 2689/1398/1227 2688/1502/1227
f 2733/1488/1248 2720/1469/1241 2734/1503/1248
f 2744/1504/1253 2114/1500/911 2117/1419/913
f 2745/1505/1254 2747/1506/1255 2748/1507/1254
f 2749/1455/1256 2743/1399/1252 2742/1501/1252
f 2122/1508/915 2744/1504/1253 2117/1419/913
f 2752/1509/1257 2735/1510/1247 2753/1511/1257
f 2749/1455/1256 2755/1512/1258 2750/1452/1256
f 2126/1513/917 2122/1514/915 2117/1515/913
f 2754/1516/1258 2758/1517/1259 2755/1512/1258
f 2146/1458/933 2142/1423/930 2157/1425/940
f 2130/1518/920 2126/1513/917 2117/1515/913
f 2761/1519/1261 2763/1520/1260 2760/1521/1260
f 2757/1522/1259 2765/1523/1263 2758/1524/1259
f 2134/1525/923 2130/1518/920 2117/1515/913
f 2724/1477/1243 2765/1523/1263 2764/1526/1262
f 2098/1381/900 2134/1527/923 2117/1382/913
f 2154/1283/938 2150/1457/936 2157/1425/940
f 2768/1528/1264 2719/1529/1240 2718/1530/1240
f 2761/1519/1261 2748/1507/1254 2762/1531/1261
f 2770/1284/1265 2154/1283/938 2157/1425/940
f 2768/1532/1264 2772/1411/1266 2769/1533/1264
f 2162/1534/942 2770/1535/1265 2157/1536/940
f 2774/1537/1268 2763/1538/1260 2775/1539/1268
f 2776/1540/1269 2772/1411/1266 2771/1415/1266
f 2166/1541/944 2162/1542/942 2157/1543/940
f 2776/1540/1269 2780/1406/1271 2777/1412/1269
f 2186/1544/957 2182/1460/955 2197/1462/963
f 2170/1545/946 2166/1541/944 2157/1543/940
f 2779/1546/1270 2783/1392/1272 2780/1406/1271
f 2174/1547/949 2170/1545/946 2157/1543/940
f 2752/1548/1257 2783/1392/1272 2782/1401/1272
f 2138/1535/927 2174/1534/949 2157/1536/940
f 2194/1549/961 2190/1497/959 2197/1499/963
f 2746/1550/1255 2787/1551/1274 2747/1552/1255
f 2788/1553/1275 2194/1549/961 2197/1499/963
f 2786/1554/1273 2790/1555/1277 2787/1551/1274
f 2202/1556/966 2788/1553/1275 2197/1499/963
f 2792/1557/1278 2790/1555/1277 2789/1558/1276
f 2206/1559/969 2202/1560/966 2197/1561/963
f 2795/1562/1279 2793/1563/1278 2792/1564/1278
f 2210/1565/971 2206/1559/969 2197/1561/963
f 2795/1562/1279 2799/1566/1280 2796/1567/1279
f 2214/1568/973 2210/1565/971 2197/1561/963
f 2798/1569/1280 2775/1539/1268 2799/1566/1280
f 2178/1461/953 2214/1570/973 2197/1462/963
f 743/5/1 775/66/1 791/84/1
f 742/1571/2 744/1572/381 2/1573/2
f 806/1574/398 2/1573/2 804/1575/398
f 741/12/380 777/61/380 761/39/380
f 746/1576/381 748/1577/382 744/1572/381
f 750/1578/382 752/1579/383 748/1580/382
f 754/1581/383 756/1582/384 752/1579/383
f 758/1583/384 760/1584/385 756/1582/384
f 762/1585/385 764/1586/386 760/1584/385
f 766/1587/386 768/1588/387 764/1589/386
f 770/1590/387 772/1591/388 768/1588/387
f 774/1592/389 776/1593/390 772/1591/388
f 778/1594/391 780/1595/392 776/1593/390
f 782/1596/392 784/1597/393 780/1595/392
f 786/1598/393 788/1584/394 784/1586/393
f 790/1585/394 792/1582/395 788/1584/394
f 794/1583/395 796/1579/396 792/1582/395
f 798/1581/396 800/1580/397 796/1579/396
f 802/1599/397 804/1575/398 800/1600/397
f 831/10/399 863/155/399 811/51/399
f 808/1601/400 814/1602/402 812/1603/402
f 874/1604/418 808/1601/400 872/1605/418
f 849/127/401 817/22/401 869/161/401
f 814/1602/402 816/1606/403 812/1603/402
f 818/1607/403 820/1608/404 816/1609/403
f 822/72/405 824/1610/406 820/1608/404
f 824/1610/406 830/46/407 828/1611/407
f 830/46/407 832/1612/408 828/1611/407
f 834/1613/408 836/1614/409 832/1615/408
f 838/1616/409 840/116/410 836/1614/409
f 842/1617/410 844/1618/411 840/116/410
f 846/1619/411 848/1620/412 844/1618/411
f 850/1621/412 852/1622/413 848/1620/412
f 854/1623/413 856/144/414 852/1624/413
f 856/144/414 862/1625/415 860/142/415
f 862/1625/415 864/1626/416 860/142/415
f 866/1627/416 868/1628/417 864/1626/416
f 870/1629/417 872/1605/418 868/1630/417
f 907/180/419 939/239/419 887/151/419
f 878/1631/420 880/1632/422 876/1633/420
f 940/1634/437 878/1631/420 876/1633/420
f 889/97/421 925/210/421 909/185/421
f 880/1632/422 886/1635/423 884/1636/423
f 886/1637/423 888/1638/424 884/1639/423
f 890/1640/424 892/1641/425 888/1638/424
f 892/1641/425 898/104/426 896/1642/426
f 896/1642/426 902/1643/427 900/1644/427
f 902/1645/427 904/1646/428 900/1647/427
f 904/1646/428 910/1648/429 908/188/429
f 910/1648/429 912/1649/430 908/188/429
f 912/1649/430 918/1650/431 916/1651/431
f 916/1651/431 922/1652/432 920/1653/432
f 922/1654/432 924/212/433 920/206/432
f 926/1655/433 928/211/434 924/212/433
f 928/211/434 934/1656/435 932/218/435
f 932/218/435 938/1657/436 936/1658/436
f 938/1659/436 940/1634/437 936/1660/436
f 979/268/438 943/220/438 959/186/438
f 946/1661/439 948/1662/441 944/318/439
f 1010/1663/456 944/318/439 1008/320/456
f 973/247/440 1009/316/440 993/288/440
f 950/1664/441 952/1665/442 948/1662/441
f 954/1666/442 956/1667/443 952/1668/442
f 956/1667/443 962/81/444 960/1669/444
f 962/81/444 964/1670/445 960/1669/444
f 964/1670/445 970/108/446 968/1671/446
f 970/1672/446 972/1673/447 968/1674/446
f 972/1673/447 978/1675/448 976/259/448
f 978/1675/448 980/1676/449 976/259/448
f 982/1677/449 984/1678/450 980/1676/449
f 986/1679/450 988/1680/451 984/1678/450
f 988/283/451 994/1681/452 992/281/452
f 994/1681/452 996/289/453 992/281/452
f 996/289/453 1002/1682/454 1000/1683/454
f 1000/1683/454 1006/1684/455 1004/1685/455
f 1004/1686/455 1010/1663/456 1008/320/456
f 1051/353/457 1015/244/457 1031/225/457
f 1012/1687/458 1018/274/460 1016/1688/460
f 1078/1689/476 1012/1687/458 1076/394/476
f 1041/328/459 1077/392/459 1061/363/459
f 1018/274/460 1020/1690/461 1016/1688/460
f 1020/1691/461 1026/279/462 1024/1692/462
f 1026/279/462 1028/1693/463 1024/1692/462
f 1030/280/463 1032/1694/464 1028/1693/463
f 1034/162/464 1036/1695/465 1032/1694/464
f 1038/1696/465 1040/1697/466 1036/1698/465
f 1040/1697/466 1046/340/467 1044/337/467
f 1044/337/467 1050/342/468 1048/1699/468
f 1048/1699/468 1054/1700/469 1052/1701/469
f 1052/1701/469 1058/1702/470 1056/1703/470
f 1058/1704/470 1060/360/471 1056/362/470
f 1062/1705/471 1064/368/473 1060/360/471
f 1064/368/473 1070/1706/474 1068/382/474
f 1068/382/474 1074/1707/475 1072/1708/475
f 1074/1709/475 1076/394/476 1072/1710/475
f 1119/435/477 1083/325/477 1099/304/477
f 1080/1711/478 1086/356/480 1084/1712/480
f 1144/477/496 1082/354/478 1080/1711/478
f 1109/405/479 1145/476/479 1129/446/479
f 1084/1712/480 1090/1713/482 1088/1714/482
f 1088/1715/482 1094/291/483 1092/1716/483
f 1092/1716/483 1098/359/484 1096/1717/484
f 1098/359/484 1100/1718/485 1096/1717/484
f 1102/234/485 1104/1719/486 1100/1718/485
f 1106/1720/486 1108/1721/487 1104/1722/486
f 1108/1721/487 1114/420/488 1112/417/488
f 1114/420/488 1116/415/489 1112/417/488
f 1118/422/489 1120/1723/490 1116/415/489
f 1122/1724/490 1124/1725/491 1120/1723/490
f 1124/442/491 1130/1726/492 1128/452/492
f 1128/452/492 1134/1727/493 1132/451/493
f 1132/451/493 1138/1728/494 1136/463/494
f 1136/463/494 1142/1729/495 1140/462/495
f 1142/1730/495 1144/477/496 1140/1731/495
f 1183/1732/500 1147/455/497 1163/418/500
f 1148/554/498 1154/433/501 1152/1733/501
f 1214/1734/517 1148/554/498 1212/556/517
f 1165/1735/502 1201/534/499 1185/1736/499
f 1152/1733/501 1158/1737/503 1156/1738/503
f 1158/1739/503 1160/1740/504 1156/1741/503
f 1160/1740/504 1166/401/505 1164/1742/505
f 1166/401/505 1168/1743/506 1164/1742/505
f 1168/1743/506 1174/94/507 1172/1744/507
f 1172/1745/507 1178/1746/508 1176/1747/508
f 1178/1746/508 1180/499/509 1176/1747/508
f 1182/1748/509 1184/497/510 1180/499/509
f 1184/497/510 1190/1749/511 1188/506/511
f 1190/1749/511 1192/1750/512 1188/506/511
f 1194/1751/512 1196/520/513 1192/522/512
f 1196/520/513 1202/1752/514 1200/537/514
f 1200/537/514 1206/1753/515 1204/536/515
f 1204/536/515 1210/1754/516 1208/542/516
f 1210/1755/516 1212/556/517 1208/1756/516
f 1255/1757/518 1219/484/518 1235/465/518
f 1218/1758/519 1220/1759/521 1216/636/519
f 1280/638/537 1218/1758/519 1216/636/519
f 1245/564/520 1281/634/520 1265/606/520
f 1222/514/521 1224/1760/522 1220/1759/521
f 1224/1761/522 1230/450/523 1228/1762/523
f 1230/450/523 1232/1763/524 1228/1762/523
f 1234/519/524 1236/1764/525 1232/1763/524
f 1238/370/526 1240/1765/527 1236/1764/525
f 1242/1766/527 1244/1767/528 1240/1768/527
f 1244/1767/528 1250/573/529 1248/578/529
f 1248/578/529 1254/582/530 1252/576/530
f 1254/582/530 1256/1769/531 1252/576/530
f 1258/1770/531 1260/1771/532 1256/1769/531
f 1262/1772/532 1264/611/533 1260/594/532
f 1264/611/533 1270/1773/534 1268/610/534
f 1268/610/534 1274/1774/535 1272/616/535
f 1274/1774/535 1276/621/536 1272/616/535
f 1278/1775/536 1280/638/537 1276/1776/536
f 1319/1777/538 1283/614/538 1299/579/538
f 1284/710/539 1290/591/541 1288/1778/541
f 1348/702/557 1286/1779/539 1284/710/539
f 1293/504/540 1329/674/540 1313/1780/540
f 1290/591/541 1292/1781/542 1288/1778/541
f 1292/1782/542 1298/549/543 1296/1783/543
f 1296/1783/543 1302/561/544 1300/1784/544
f 1302/561/544 1304/1785/545 1300/1784/544
f 1306/284/545 1308/1786/546 1304/1785/545
f 1308/1787/546 1314/651/547 1312/1788/547
f 1314/651/547 1316/658/548 1312/1788/547
f 1316/658/548 1322/660/549 1320/656/549
f 1320/656/549 1326/1789/550 1324/664/550
f 1324/664/550 1330/1790/551 1328/1791/551
f 1330/1792/551 1332/684/552 1328/669/551
f 1334/1793/552 1336/693/554 1332/684/552
f 1336/693/554 1342/1794/555 1340/692/555
f 1342/1794/555 1344/698/556 1340/692/555
f 1344/704/556 1350/1795/557 1348/702/557
f 1363/691/558 1395/1796/558 1411/1797/558
f 1352/789/559 1358/673/561 1356/1798/561
f 1418/1799/581 1352/789/559 1416/790/581
f 1381/1800/560 1417/787/560 1401/758/560
f 1358/673/561 1360/1801/562 1356/1798/561
f 1362/607/562 1364/1802/564 1360/1803/562
f 1366/609/564 1368/1804/565 1364/1802/564
f 1368/1804/565 1374/530/567 1372/1805/567
f 1374/530/567 1376/1806/568 1372/1805/567
f 1378/1807/568 1380/1808/570 1376/1809/568
f 1380/1808/570 1386/727/571 1384/732/571
f 1386/727/571 1388/730/573 1384/732/571
f 1388/730/573 1394/1810/575 1392/1811/575
f 1394/1810/575 1396/1812/576 1392/1811/575
f 1398/1813/576 1400/755/577 1396/756/576
f 1402/1814/577 1404/763/578 1400/755/577
f 1404/763/578 1410/1815/579 1408/775/579
f 1410/1815/579 1412/774/580 1408/775/579
f 1412/784/580 1418/1799/581 1416/790/581
f 1455/1816/582 1419/767/582 1435/734/582
f 1422/745/583 1424/1817/585 1420/1818/583
f 1486/1819/605 1420/1818/583 1484/854/605
f 1437/1820/589 1473/841/584 1457/819/584
f 1424/1817/585 1430/663/586 1428/1821/586
f 1430/1822/586 1432/1823/588 1428/1824/586
f 1434/705/588 1436/1825/590 1432/1823/588
f 1438/757/590 1440/1826/591 1436/1825/590
f 1440/1826/591 1446/439/592 1444/1827/592
f 1446/1828/592 1448/1829/593 1444/1830/592
f 1448/1829/593 1454/803/594 1452/808/594
f 1452/808/594 1458/812/596 1456/816/596
f 1456/816/596 1462/1831/598 1460/1832/598
f 1462/1831/598 1464/1833/599 1460/1832/598
f 1466/1834/599 1468/837/601 1464/821/599
f 1470/1835/601 1472/836/602 1468/837/601
f 1472/836/602 1478/1836/603 1476/844/603
f 1478/1836/603 1480/1837/604 1476/844/603
f 1480/856/604 1486/1819/605 1484/854/605
f 1499/843/606 1531/1838/606 1547/1839/606
f 1490/1840/607 1492/1841/610 1488/1842/607
f 1552/935/630 1490/1840/607 1488/1842/607
f 1517/1843/608 1553/939/608 1537/910/608
f 1494/724/610 1496/1844/611 1492/1841/610
f 1498/760/611 1500/1845/612 1496/1846/611
f 1502/762/612 1504/1847/613 1500/1845/612
f 1504/1847/613 1510/688/614 1508/1848/614
f 1510/688/614 1512/1849/615 1508/1848/614
f 1514/1850/617 1516/1851/618 1512/1852/615
f 1518/1853/618 1520/882/619 1516/1851/618
f 1520/882/619 1526/888/620 1524/890/620
f 1526/888/620 1528/889/621 1524/890/620
f 1528/889/621 1534/1854/623 1532/1855/622
f 1532/907/622 1538/1856/625 1536/915/625
f 1538/1856/625 1540/914/626 1536/915/625
f 1542/1857/626 1544/926/628 1540/914/626
f 1546/1858/628 1548/925/629 1544/926/628
f 1548/937/629 1554/1859/630 1552/935/630
f 1591/1860/631 1555/918/631 1571/886/631
f 1558/1861/632 1560/1862/634 1556/1863/632
f 1620/1007/654 1558/1861/632 1556/1863/632
f 1573/1864/633 1609/994/633 1593/1865/633
f 1562/813/634 1564/1866/636 1560/1862/634
f 1564/1867/636 1570/857/638 1568/1868/638
f 1570/857/638 1572/1869/639 1568/1868/638
f 1572/1869/639 1578/599/640 1576/1870/640
f 1578/599/640 1580/1871/641 1576/1870/640
f 1580/1872/641 1586/954/642 1584/1873/642
f 1586/954/642 1588/959/643 1584/1873/642
f 1590/956/643 1592/968/644 1588/959/643
f 1594/963/644 1596/967/645 1592/968/644
f 1596/967/645 1602/1874/646 1600/1875/646
f 1600/982/646 1606/1876/647 1604/981/647
f 1604/981/647 1610/1877/648 1608/997/648
f 1610/1877/648 1612/996/650 1608/997/648
f 1612/996/650 1618/1878/652 1616/1879/652
f 1616/1009/652 1622/1880/654 1620/1007/654
f 1635/740/656 1667/1881/656 1683/1882/656
f 1626/1883/657 1628/998/660 1624/1000/657
f 1688/1086/684 1626/1883/657 1624/1000/657
f 1653/1884/658 1689/1089/658 1673/1060/658
f 1630/975/660 1632/1885/661 1628/998/660
f 1632/1886/661 1638/912/664 1636/1887/664
f 1638/912/664 1640/1888/665 1636/1887/664
f 1642/838/666 1644/1889/667 1640/1888/665
f 1644/1889/667 1650/873/668 1648/1890/668
f 1650/1891/668 1652/1892/670 1648/1893/668
f 1652/1892/670 1658/1031/672 1656/1034/672
f 1658/1031/672 1660/1042/673 1656/1034/672
f 1660/1042/673 1666/1894/674 1664/1041/674
f 1664/1041/674 1670/1895/675 1668/1896/675
f 1668/1052/675 1674/1897/677 1672/1057/677
f 1674/1897/677 1676/1072/678 1672/1057/677
f 1678/1898/679 1680/1071/680 1676/1072/678
f 1680/1071/680 1686/1899/681 1684/1076/681
f 1686/1900/681 1688/1086/684 1684/1088/681
f 1727/1901/685 1691/1902/685 1707/1038/690
f 1692/1070/686 1698/1051/689 1696/1068/689
f 1758/1903/711 1692/1070/686 1756/1164/711
f 1709/1904/687 1745/1144/687 1729/1905/687
f 1698/1051/689 1700/1906/691 1696/1068/689
f 1700/1907/691 1706/1010/693 1704/1908/693
f 1706/1010/693 1708/1909/694 1704/1908/693
f 1708/1909/694 1714/1021/696 1712/1910/696
f 1714/1021/696 1716/1911/697 1712/1910/696
f 1716/1912/697 1722/1104/698 1720/1913/698
f 1722/1104/698 1724/1109/699 1720/1913/698
f 1724/1109/699 1730/1112/701 1728/1117/701
f 1728/1117/701 1734/1914/702 1732/1915/702
f 1732/1915/702 1738/1916/703 1736/1917/703
f 1738/1918/703 1740/1138/704 1736/1122/703
f 1742/1919/704 1744/1147/705 1740/1138/704
f 1744/1147/705 1750/1920/709 1748/1146/707
f 1748/1146/707 1754/1921/710 1752/1153/710
f 1754/1922/710 1756/1164/711 1752/1923/710
f 1771/892/712 1803/1924/712 1819/1925/712
f 1762/1125/713 1764/1926/715 1760/1148/713
f 1826/1927/736 1760/1148/713 1824/1242/736
f 1789/1928/714 1825/1240/714 1809/1213/714
f 1766/1127/715 1768/1929/716 1764/1926/715
f 1768/1930/716 1774/1062/718 1772/1931/718
f 1774/1062/718 1776/1932/719 1772/1931/718
f 1778/1130/719 1780/1933/720 1776/1932/719
f 1780/1933/720 1786/1024/722 1784/1934/722
f 1786/1935/722 1788/1936/724 1784/1937/722
f 1788/1936/724 1794/1182/725 1792/1183/725
f 1792/1183/725 1798/1189/727 1796/1191/727
f 1798/1189/727 1800/1190/729 1796/1191/727
f 1802/1938/729 1804/1939/730 1800/1190/729
f 1806/1940/730 1808/1209/732 1804/1210/730
f 1808/1209/732 1814/1941/733 1812/1223/733
f 1812/1223/733 1818/1942/734 1816/1222/734
f 1818/1942/734 1820/1227/735 1816/1222/734
f 1820/1943/735 1826/1927/736 1824/1242/736
f 1863/1944/737 1827/1945/737 1843/1187/737
f 1830/1198/738 1832/1946/741 1828/1219/738
f 1894/1947/769 1828/1219/738 1892/1317/769
f 1845/1948/739 1881/1295/751 1865/1949/739
f 1832/1946/741 1838/1950/742 1836/1951/742
f 1838/1114/742 1840/1952/744 1836/1953/742
f 1842/1160/744 1844/1954/746 1840/1952/744
f 1846/1211/746 1848/1955/747 1844/1954/746
f 1848/1955/747 1854/904/750 1852/1956/750
f 1854/1957/750 1856/1958/752 1852/1959/750
f 1856/1958/752 1862/1256/754 1860/1262/754
f 1860/1262/754 1866/1265/756 1864/1271/756
f 1866/1265/756 1868/1270/757 1864/1271/756
f 1868/1270/757 1874/1960/759 1872/1961/759
f 1874/1962/759 1876/1291/761 1872/1275/759
f 1876/1291/761 1882/1963/763 1880/1290/763
f 1880/1290/763 1886/1964/767 1884/1308/765
f 1886/1964/767 1888/1307/768 1884/1308/765
f 1888/1965/768 1894/1947/769 1892/1317/769
f 1915/1230/770 1931/1334/770 1899/1966/770
f 1896/1300/771 2489/1967/774 1900/1261/774
f 1932/1968/794 2573/1338/771 1896/1300/771
f 2489/1969/774 1904/1043/776 1900/1248/774
f 1904/1043/776 2518/1970/779 1908/1296/779
f 2518/1970/779 1912/1971/781 1908/1296/779
f 2460/1967/781 1916/1259/784 1912/1261/781
f 2459/1174/784 1920/1972/786 1916/1259/784
f 1920/1973/786 2608/1323/789 1924/1974/789
f 2608/1323/789 1928/1975/791 1924/1974/789
f 2611/1329/791 1932/1976/794 1928/1975/791
f 1955/1355/796 1971/1977/796 1939/1978/796
f 2597/1305/797 1940/1979/800 1936/1980/797
f 2648/1981/819 1936/1234/797 1972/1375/819
f 1940/1979/800 2513/1328/1139 1944/1982/802
f 2513/1983/1139 1948/1293/804 1944/1251/802
f 2512/1206/1138 1952/1984/807 1948/1985/804
f 2621/1342/807 1956/1986/809 1952/1984/807
f 2626/1987/809 1960/1354/812 1956/1346/809
f 2633/1363/812 1964/1988/814 1960/1989/812
f 1964/1988/814 2641/1367/816 1968/1990/816
f 2641/1367/816 1972/1991/819 1968/1990/816
f 1995/1393/821 2011/1411/821 1979/1992/821
f 1976/1357/822 2578/1993/825 1980/1994/825
f 2012/1995/844 2579/1395/822 1976/1357/822
f 1980/1332/825 2583/1996/1178 1984/1330/827
f 2583/1996/1178 1988/1194/830 1984/1330/827
f 2582/1997/1177 1992/1192/833 1988/1194/830
f 2651/1998/833 1996/1383/835 1992/1385/833
f 1998/1395/835 2000/1999/837 1996/1383/835
f 2663/1403/837 2004/2000/839 2000/2001/837
f 2004/2000/839 2671/1407/842 2008/2002/842
f 2008/2002/842 2678/1413/844 2012/2003/844
f 2035/2004/847 2051/1452/847 2019/1398/847
f 2016/2005/848 2565/1267/850 2020/2006/850
f 2708/2007/870 2016/1397/848 2052/1455/870
f 2020/2006/850 2620/1341/853 2024/2008/853
f 2024/1368/853 2619/2009/856 2028/1351/856
f 2028/2010/856 2681/1420/858 2032/2011/858
f 2032/2011/858 2038/1430/860 2036/2012/860
f 2036/1426/860 2693/2013/862 2040/1441/862
f 2693/1443/862 2044/2014/865 2040/2015/862
f 2698/1442/865 2048/2016/867 2044/2014/865
f 2701/1447/867 2052/2017/870 2048/2016/867
f 2075/1473/873 2091/1491/873 2059/2018/873
f 2623/1496/874 2060/1463/876 2056/1437/874
f 2092/2019/896 2623/1496/874 2056/1437/874
f 2622/2020/876 2064/1408/878 2060/1410/876
f 2650/2021/878 2068/1388/881 2064/1408/878
f 2068/1388/881 2711/2022/883 2072/2023/883
f 2711/2024/883 2076/2025/886 2072/1463/883
f 2076/2025/886 2723/1474/888 2080/2026/888
f 2080/2027/888 2728/1482/890 2084/2028/890
f 2084/2028/890 2731/1487/893 2088/2029/893
f 2731/1487/893 2092/2030/896 2088/2029/893
f 2115/2031/898 2131/1523/898 2099/1478/898
f 2653/1381/899 2100/2032/901 2096/2033/899
f 2132/1526/921 2653/2034/899 2096/1477/899
f 2652/1380/901 2104/2035/904 2100/2032/901
f 2680/2036/904 2108/1431/906 2104/1466/904
f 2679/1417/1223 2112/2037/909 2108/2038/906
f 2741/1500/909 2116/2039/912 2112/2037/909
f 2116/1501/912 2751/2040/914 2120/1455/914
f 2751/1514/914 2124/2041/916 2120/2042/914
f 2756/1513/916 2128/2043/918 2124/2041/916
f 2759/1518/918 2132/2044/921 2128/2043/918
f 2155/1533/924 2171/1392/924 2139/2045/924
f 2683/1535/925 2140/2046/928 2136/1509/925
f 2784/1534/947 2136/1509/925 2172/2047/947
f 2140/1490/928 2710/2048/1236 2144/1488/931
f 2144/1488/931 2709/2049/1235 2148/1470/934
f 2148/1470/934 2767/2050/937 2152/1468/937
f 2152/1530/937 2158/1535/939 2156/1528/939
f 2158/1535/939 2160/2047/941 2156/1528/939
f 2160/2051/941 2778/1541/943 2164/2052/943
f 2164/2052/943 2781/1545/945 2168/2053/945
f 2168/2053/945 2784/1547/947 2172/2054/947
f 2195/2055/950 2211/1566/950 2179/1538/950
f 2713/1461/951 2180/2056/954 2176/2057/951
f 2800/2058/972 2176/1537/951 2212/1569/972
f 2180/2056/954 2740/1544/1251 2184/2059/956
f 2740/2060/1251 2188/1505/958 2184/1519/956
f 2739/1497/1250 2192/2061/960 2188/2062/958
f 2785/1549/960 2196/2063/962 2192/2061/960
f 2196/1554/962 2791/2064/964 2200/1558/964
f 2200/2065/964 2794/1559/967 2204/2066/967
f 2794/1559/967 2208/2067/970 2204/2066/967
f 2797/1565/970 2212/2068/972 2208/2067/970
f 2017/1/845 2013/8/845 2065/2/879
f 2105/4/902 2101/16/902 2205/5/968
f 1981/7/823 1977/41/823 2013/8/845
f 2033/9/851 2029/101/854 2025/10/854
f 2177/6/952 2173/29/948 2193/12/948
f 2121/13/910 2113/2069/910 2109/14/907
f 2105/4/902 2069/3/879 2065/2/879
f 2145/17/932 2169/296/932 2165/18/935
f 2181/20/922 1973/70/817 1969/21/817
f 2045/3/863 2041/28/863 2005/8/840
f 2081/4/884 2177/6/952 2189/5/952
f 1993/23/831 1989/217/831 1985/24/828
f 2185/26/919 2181/20/922 2133/22/922
f 2081/4/884 2073/16/884 2041/28/863
f 2209/6/968 2205/5/968 2201/12/965
f 2057/30/871 2053/375/871 2049/31/868
f 2137/33/926 2161/55/926 2153/34/929
f 2097/36/891 2093/85/894 2089/37/894
f 2009/1/840 2005/8/840 1957/39/810
f 1953/40/805 1949/45/805 1977/41/823
f 1941/42/798 1937/2070/798 1929/43/792
f 1925/40/787 1961/7/810 1957/39/810
f 2121/46/910 1917/73/782 1913/47/782
f 1909/49/777 1905/52/777 1949/45/805
f 1901/50/772 2097/36/891 2085/38/891
f 740/49/379 1925/40/787 1921/45/787
f 738/53/378 737/60/378 1905/52/777
f 736/54/377 735/151/377 2161/55/926
f 740/49/379 739/52/379 733/56/376
f 2033/9/851 2021/11/851 731/57/375
f 730/59/374 729/66/374 737/60/378
f 734/53/376 733/56/376 727/61/373
f 725/62/372 724/129/372 723/63/371
f 722/65/370 721/67/370 729/66/374
f 728/59/373 727/61/373 719/67/369
f 718/68/368 717/71/368 721/67/370
f 716/69/367 715/170/367 1969/21/817
f 720/65/369 719/67/369 713/71/366
f 2185/72/919 2129/2071/919 1913/47/782
f 718/68/368 712/76/365 711/74/365
f 714/68/366 713/71/366 709/75/364
f 708/77/362 707/172/363 706/78/363
f 704/80/361 703/84/361 711/74/365
f 701/81/360 700/205/360 699/82/359
f 710/76/364 709/75/364 697/84/358
f 2093/85/894 732/58/375 731/57/375
f 696/86/357 695/91/357 703/84/361
f 1901/50/772 1897/51/772 693/87/356
f 692/86/355 698/80/358 697/84/358
f 690/90/354 689/95/354 695/91/357
f 687/92/353 686/402/353 685/93/352
f 684/90/351 692/86/355 691/89/355
f 682/96/350 681/99/350 689/95/354
f 726/64/371 723/63/371 679/97/349
f 684/90/351 683/95/351 677/99/348
f 2213/29/965 2201/12/965 681/99/350
f 678/96/348 677/99/348 2193/12/948
f 676/100/347 675/110/347 2025/10/854
f 674/102/346 673/137/346 1937/103/798
f 2125/15/907 2109/14/907 671/105/345
f 702/83/359 699/82/359 669/107/344
f 668/109/343 667/2072/343 675/110/347
f 665/111/342 664/201/342 663/112/341
f 672/106/345 671/105/345 661/114/340
f 668/116/343 660/1618/339 659/117/339
f 658/119/338 708/77/362 705/79/362
f 662/115/340 661/114/340 655/121/337
f 660/123/339 654/131/336 653/124/336
f 652/126/335 656/122/337 655/121/337
f 725/62/372 650/240/334 649/128/334
f 648/130/333 647/135/333 653/124/336
f 652/126/335 651/127/335 645/132/332
f 644/134/331 643/2073/331 647/135/333
f 674/102/346 680/1640/349 679/136/349
f 646/133/332 645/132/332 641/138/330
f 640/140/329 666/113/341 663/112/341
f 638/142/328 637/150/328 643/143/331
f 642/139/330 641/138/330 635/145/327
f 2141/35/929 2153/34/929 633/147/326
f 638/142/328 632/1626/325 631/149/325
f 658/119/338 657/120/338 735/151/377
f 630/152/324 636/146/327 635/145/327
f 628/154/323 627/166/323 631/155/325
f 625/157/322 624/242/322 623/158/321
f 622/160/320 630/152/324 629/153/324
f 620/162/318 619/280/319 618/163/319
f 628/154/323 616/169/317 615/165/317
f 614/167/316 622/160/320 621/161/320
f 694/88/356 693/87/356 615/165/317
f 614/167/316 613/168/316 715/170/367
f 612/171/315 611/181/315 706/78/363
f 2001/25/828 1985/24/828 609/173/314
f 608/175/313 1945/44/792 1929/43/792
f 605/177/312 604/2074/312 603/178/311
f 612/171/315 602/2075/310 601/180/310
f 620/162/318 617/164/318 599/182/309
f 598/184/308 608/175/313 607/176/313
f 626/159/321 623/158/321 595/186/307
f 602/188/310 594/1649/306 593/189/306
f 598/184/308 597/185/308 591/191/305
f 590/193/304 589/199/304 593/194/306
f 588/196/303 592/192/305 591/191/305
f 590/193/304 586/2076/302 585/198/302
f 665/111/342 584/321/301 583/200/301
f 588/196/303 587/197/303 581/202/300
f 640/204/329 639/2077/329 700/205/360
f 586/206/302 580/212/299 579/207/299
f 578/209/298 582/203/300 581/202/300
f 576/211/297 575/219/297 579/207/299
f 574/213/296 606/179/311 603/178/311
f 578/209/298 577/210/298 571/215/295
f 1993/23/831 596/187/307 595/186/307
f 570/218/294 569/2078/294 575/219/297
f 610/174/314 609/173/314 567/220/293
f 572/216/295 571/215/295 565/222/292
f 563/224/291 562/323/291 561/225/290
f 570/227/294 560/233/289 559/228/289
f 558/230/288 566/223/292 565/222/292
f 556/232/287 555/239/287 559/228/289
f 554/234/285 553/359/286 552/235/286
f 558/230/288 557/231/288 549/237/284
f 556/232/287 634/148/326 633/147/326
f 550/238/284 549/237/284 649/128/334
f 548/241/283 547/252/283 624/242/322
f 546/243/282 2149/19/935 2165/18/935
f 544/245/281 670/2079/344 669/246/344
f 541/248/280 540/2080/280 539/249/279
f 538/251/278 537/2081/278 547/252/283
f 536/253/277 554/234/285 551/236/285
f 534/255/275 544/245/281 543/247/281
f 564/226/290 561/225/290 531/257/274
f 538/259/278 530/1676/273 529/260/273
f 534/255/275 533/256/275 527/262/272
f 526/264/271 525/535/270 524/265/270
f 522/267/268 521/273/268 529/268/273
f 520/270/267 528/263/272 527/262/272
f 518/272/266 517/2082/266 521/273/268
f 605/274/312 516/2083/265 515/275/265
f 520/270/267 519/271/267 513/277/264
f 574/279/296 573/2084/296 618/163/319
f 512/281/263 511/290/263 517/282/266
f 509/284/262 508/562/262 507/285/261
f 506/287/260 514/278/264 513/277/264
f 504/289/259 503/298/259 511/290/263
f 502/291/258 542/2085/279 539/292/279
f 500/294/257 506/287/260 505/288/260
f 532/258/274 531/257/274 2169/296/932
f 504/289/259 498/1683/256 497/297/256
f 546/243/282 545/244/282 495/299/255
f 494/301/254 500/294/257 499/295/257
f 491/303/253 490/400/253 489/304/252
f 488/306/251 487/312/251 497/307/256
f 486/309/250 494/301/254 493/302/254
f 488/306/251 484/2086/249 483/311/249
f 482/313/247 481/331/248 480/314/248
f 486/309/250 485/310/250 477/316/246
f 568/318/293 567/2087/293 483/319/249
f 478/317/246 477/316/246 583/200/301
f 476/322/245 475/330/245 562/323/291
f 474/324/244 2061/32/868 2049/31/868
f 472/326/243 600/2088/309 599/327/309
f 476/322/245 470/2089/242 469/329/242
f 481/331/248 468/459/241 467/332/241
f 466/333/240 472/326/243 471/328/243
f 464/335/239 492/305/252 489/304/252
f 470/337/242 462/1699/238 461/338/238
f 466/340/240 465/2090/240 459/341/237
f 457/343/236 456/2091/236 455/344/235
f 454/346/234 453/353/234 461/347/238
f 460/349/237 459/2092/237 451/350/233
f 450/352/232 449/2093/232 453/353/234
f 448/354/231 447/2094/231 540/355/280
f 446/357/230 452/351/233 451/350/233
f 502/291/258 501/293/258 552/235/286
f 444/360/229 443/369/229 449/361/232
f 446/357/230 445/358/230 441/363/228
f 439/365/227 438/483/227 437/366/226
f 436/368/225 435/377/225 443/369/229
f 434/370/223 433/519/224 432/371/224
f 430/373/222 442/364/228 441/363/228
f 2057/30/871 464/335/239 463/336/239
f 436/368/225 428/382/221 427/376/221
f 474/324/244 473/325/244 425/378/220
f 430/373/222 429/374/222 423/380/219
f 428/382/221 422/1708/218 421/383/218
f 420/384/217 424/381/219 423/380/219
f 418/386/216 417/2095/216 421/387/218
f 416/389/215 458/1739/235 455/390/235
f 420/384/217 419/385/217 413/392/214
f 418/394/216 496/1687/255 495/395/255
f 414/393/214 413/392/214 515/397/265
f 412/399/213 411/409/213 490/400/253
f 410/401/212 409/445/212 686/402/353
f 408/403/211 536/2096/277 535/404/276
f 406/406/210 434/370/223 431/372/223
f 412/399/213 404/2097/209 403/408/209
f 401/410/208 400/2098/208 399/411/207
f 398/413/206 408/403/211 407/405/211
f 396/415/205 395/424/205 403/416/209
f 440/367/226 437/366/226 393/418/204
f 398/420/206 397/2099/206 391/421/203
f 396/415/205 390/1723/202 389/423/202
f 387/425/201 386/691/201 385/426/200
f 384/428/199 392/2100/203 391/429/203
f 382/431/198 381/2101/198 456/432/236
f 380/434/197 379/2102/197 389/435/202
f 378/437/196 384/428/199 383/430/199
f 376/439/195 375/716/194 374/440/194
f 380/442/197 372/452/192 371/443/192
f 416/389/215 415/391/215 409/445/212
f 378/437/196 377/438/196 369/446/191
f 402/448/207 399/2103/207 367/449/190
f 366/451/189 365/458/189 371/443/192
f 364/453/188 370/447/191 369/446/191
f 482/313/247 479/315/247 361/455/187
f 366/451/189 360/463/186 359/457/186
f 468/459/241 394/419/204 393/418/204
f 364/453/188 363/454/188 357/460/185
f 356/462/184 355/2104/184 359/457/186
f 353/464/183 352/560/183 351/465/182
f 350/467/181 358/461/185 357/460/185
f 348/469/179 347/492/180 346/470/180
f 344/472/178 343/2105/178 355/473/184
f 342/475/177 350/467/181 349/468/181
f 344/477/178 426/1711/220 425/478/220
f 342/475/177 341/476/177 447/480/231
f 340/482/176 339/490/176 438/483/227
f 526/264/271 523/266/269 337/484/175
f 336/486/174 688/2106/352 685/487/352
f 340/482/176 334/2107/173 333/489/173
f 332/491/172 331/618/172 346/470/180
f 336/486/174 335/488/174 329/493/171
f 328/495/170 354/466/182 351/465/182
f 326/497/169 325/507/169 333/498/173
f 324/500/168 330/1748/171 329/501/171
f 321/503/167 320/2108/167 319/504/166
f 318/506/165 317/2109/165 325/507/169
f 324/508/168 323/1736/168 315/509/164
f 314/511/163 313/2110/162 317/512/165
f 401/514/208 312/1758/161 311/515/161
f 310/517/160 316/510/164 315/509/164
f 433/519/224 368/450/190 367/449/190
f 308/520/159 307/529/159 313/521/162
f 310/517/160 309/518/160 305/523/158
f 303/525/157 302/642/157 301/526/156
f 308/520/159 300/537/155 299/528/155
f 298/530/154 297/676/153 296/531/153
f 294/533/151 306/524/158 305/523/158
f 525/535/270 328/495/170 327/496/170
f 292/536/150 291/543/150 299/528/155
f 290/538/149 338/485/175 337/484/175
f 294/533/151 293/534/151 287/540/148
f 286/542/147 285/2111/147 291/543/150
f 288/541/148 287/540/148 283/544/146
f 286/546/147 282/2112/145 281/547/145
f 280/549/144 322/2113/166 319/550/166
f 278/552/143 284/545/146 283/544/146
f 362/554/187 361/2114/187 281/555/145
f 382/557/198 278/552/143 277/553/143
f 353/464/183 276/569/142 275/559/142
f 274/561/141 273/604/141 508/562/262
f 406/563/210 405/2115/210 271/564/140
f 270/566/139 298/530/154 295/532/152
f 268/568/138 267/2116/138 275/559/142
f 266/570/136 265/673/137 264/571/137
f 262/573/135 272/2117/140 271/574/140
f 260/576/134 259/584/134 267/577/138
f 304/527/156 301/526/156 257/579/133
f 262/573/135 261/575/135 255/581/132
f 260/576/134 254/1769/131 253/583/131
f 251/585/130 250/843/130 249/586/129
f 248/588/128 256/2118/132 255/589/132
f 321/591/167 246/1779/127 245/592/127
f 244/594/126 243/603/126 253/595/131
f 242/597/125 248/588/128 247/590/128
f 239/599/124 238/869/124 237/600/123
f 244/594/126 236/611/122 235/602/122
f 280/549/144 279/551/144 273/604/141
f 234/605/121 242/597/125 241/598/125
f 266/607/136 263/2119/136 231/608/120
f 230/610/119 229/617/119 235/602/122
f 234/605/121 233/606/121 227/612/118
f 348/469/179 345/471/179 225/614/117
f 224/616/116 223/622/116 229/617/119
f 332/491/172 258/580/133 257/579/133
f 222/619/115 228/613/118 227/612/118
f 220/621/114 219/2120/114 223/622/116
f 218/623/112 217/715/113 216/624/113
f 222/619/115 221/620/115 213/626/111
f 211/628/110 210/650/110 209/629/109
f 208/631/108 207/2121/108 219/632/114
f 214/627/111 213/626/111 205/634/107
f 290/636/149 289/2122/149 207/637/108
f 206/635/107 205/634/107 311/639/161
f 204/641/106 203/648/106 302/642/157
f 388/427/200 385/426/200 201/643/105
f 510/286/261 507/285/261 199/645/104
f 204/641/106 198/2123/103 197/647/103
f 211/628/110 196/771/102 195/649/102
f 200/651/104 199/2124/104 193/652/101
f 218/623/112 215/625/112 191/654/100
f 190/656/99 189/665/99 197/657/103
f 194/653/101 193/652/101 187/659/98
f 185/661/97 184/746/97 183/662/96
f 182/664/95 181/2125/95 189/665/99
f 180/666/94 188/2126/98 187/667/98
f 178/669/93 177/678/93 181/670/95
f 176/672/92 175/2127/92 264/571/137
f 180/666/94 179/668/94 173/674/91
f 297/676/153 232/609/120 231/608/120
f 178/669/93 172/684/90 171/677/90
f 174/675/91 173/674/91 169/679/89
f 167/681/88 166/794/88 165/682/87
f 172/684/90 164/693/86 163/685/86
f 161/686/85 160/828/85 159/687/84
f 158/689/83 170/680/89 169/679/89
f 387/425/201 192/655/100 191/654/100
f 156/692/82 155/699/82 163/685/86
f 202/644/105 201/643/105 153/694/81
f 158/689/83 157/690/83 151/696/80
f 150/698/79 149/2128/79 155/699/82
f 148/700/78 152/697/80 151/696/80
f 146/702/77 145/711/77 149/703/79
f 144/705/76 186/1822/96 183/706/96
f 148/700/78 147/701/78 141/708/75
f 226/710/117 225/2129/117 145/711/77
f 142/709/75 141/708/75 245/712/127
f 140/714/74 139/723/74 216/624/113
f 375/716/194 138/757/73 137/717/73
f 136/718/72 270/566/139 269/567/139
f 134/720/71 162/688/84 159/687/84
f 140/714/74 132/2130/70 131/722/69
f 129/724/67 128/825/67 127/725/66
f 126/727/65 136/2131/72 135/728/72
f 124/730/64 123/738/64 131/731/69
f 122/733/63 168/683/87 165/682/87
f 126/727/65 125/729/65 119/735/62
f 124/730/64 118/1811/61 117/737/61
f 116/739/59 115/995/60 114/740/60
f 112/742/58 120/2132/62 119/743/62
f 110/745/57 109/2133/57 184/746/97
f 118/747/61 108/756/56 107/748/56
f 106/750/55 112/742/58 111/744/58
f 104/752/53 103/1021/54 102/753/54
f 100/755/52 99/764/52 107/748/56
f 144/705/76 143/707/76 137/717/73
f 106/750/55 105/751/55 97/758/51
f 130/760/68 127/2134/66 95/761/50
f 94/763/49 93/770/49 99/764/52
f 92/765/48 98/759/51 97/758/51
f 212/630/109 209/629/109 89/767/47
f 94/763/49 88/775/46 87/769/46
f 122/733/63 121/734/63 195/649/102
f 92/765/48 91/766/48 85/772/45
f 84/774/44 83/2135/44 87/769/46
f 81/776/43 80/867/43 79/777/42
f 78/779/41 86/773/45 85/772/45
f 76/781/39 75/801/40 74/782/40
f 84/784/44 72/790/38 71/785/38
f 78/779/41 77/780/41 69/787/37
f 154/789/81 153/2136/81 71/785/38
f 70/788/37 69/787/37 175/791/92
f 167/681/88 68/800/36 67/793/36
f 66/795/35 252/587/129 249/586/129
f 376/439/195 373/441/193 63/797/33
f 62/799/32 61/2137/32 67/793/36
f 75/801/40 60/922/31 59/802/31
f 58/803/30 64/2138/33 63/804/33
f 56/806/29 82/778/42 79/777/42
f 62/808/32 54/816/28 53/809/28
f 58/803/30 57/805/30 51/811/27
f 49/813/26 48/898/26 47/814/25
f 54/816/28 46/1832/24 45/817/24
f 44/818/23 52/2139/27 51/819/27
f 42/821/22 41/830/22 45/822/24
f 129/724/67 40/1840/21 39/824/21
f 38/826/20 44/818/23 43/820/23
f 96/762/50 95/761/50 160/828/85
f 42/821/22 36/837/19 35/829/19
f 34/831/18 38/826/20 37/827/20
f 31/833/17 30/945/17 29/834/16
f 28/836/15 27/845/15 35/829/19
f 25/838/14 24/980/14 23/839/13
f 34/831/18 33/832/18 21/841/12
f 56/806/29 55/807/29 250/843/130
f 20/844/11 19/851/11 27/845/15
f 18/846/10 66/795/35 65/796/34
f 16/848/9 22/842/12 21/841/12
f 20/844/11 14/1837/8 13/850/8
f 12/852/7 16/848/9 15/849/9
f 10/854/6 9/863/6 13/855/8
f 8/857/5 50/2140/25 47/858/25
f 12/852/7 11/853/7 5/860/4
f 10/854/6 90/1818/47 89/862/47
f 110/864/57 6/861/4 5/860/4
f 81/776/43 4/874/3 3/866/3
f 239/599/124 2215/909/974 2216/868/974
f 134/720/71 133/721/71 2218/870/975
f 26/840/13 23/839/13 2220/872/976
f 4/874/3 2221/2141/977 2222/875/977
f 2224/876/979 2225/2142/980 2226/877/978
f 2227/879/981 2217/1853/975 2218/880/975
f 2221/882/977 2229/890/982 2230/883/982
f 2231/885/983 32/835/16 29/834/16
f 2227/879/981 2228/881/981 2234/887/984
f 2235/889/985 2236/2143/985 2230/883/982
f 2237/891/986 2238/1145/987 2239/892/987
f 2233/894/984 2234/2144/984 2242/895/988
f 49/813/26 2243/1861/989 2244/897/989
f 2235/899/985 2245/907/990 2246/900/990
f 2247/902/991 2241/896/988 2242/895/988
f 2249/904/992 2250/1169/993 2251/905/993
f 2245/907/990 2253/915/995 2254/908/995
f 2215/909/974 8/857/5 7/859/5
f 2247/902/991 2248/903/991 2256/910/996
f 2257/912/997 2223/878/978 2226/877/978
f 2259/914/998 2260/921/998 2254/908/995
f 2261/916/999 2255/911/996 2256/910/996
f 76/781/39 73/783/39 2264/918/1000
f 2259/914/998 2265/926/1001 2266/920/1001
f 60/922/31 2231/885/983 2232/886/983
f 2267/923/1002 2261/916/999 2262/917/999
f 2269/925/1003 2270/2145/1003 2266/920/1001
f 2271/927/1004 2272/1018/1005 2273/928/1005
f 2275/930/1006 2267/923/1002 2268/924/1002
f 2277/932/1007 2278/953/1008 2279/933/1008
f 2281/935/1009 2282/941/1009 2270/936/1003
f 2283/938/1010 2275/930/1006 2276/931/1006
f 2281/935/1009 18/1842/10 17/940/10
f 2283/938/1010 2284/939/1010 39/942/21
f 31/833/17 2285/951/1011 2286/944/1011
f 116/739/59 113/741/59 2288/946/1012
f 2289/948/1013 240/601/123 237/600/123
f 2291/950/1015 2292/2146/1015 2286/944/1011
f 2293/952/1016 2294/1073/1016 2279/933/1008
f 2289/954/1013 2290/2147/1014 2296/955/1017
f 2271/927/1004 2274/929/1004 2298/957/1018
f 2291/959/1015 2299/968/1019 2300/960/1019
f 2295/956/1017 2296/955/1017 2302/962/1020
f 2303/964/1021 2304/2148/1022 2305/965/1022
f 2307/967/1023 2308/2149/1023 2300/960/1019
f 2301/969/1020 2302/1865/1020 2310/970/1024
f 2307/972/1023 2311/982/1025 2312/973/1025
f 2224/975/979 2313/1883/1026 2314/976/1026
f 2309/971/1024 2310/970/1024 2316/978/1027
f 25/838/14 2257/912/997 2258/913/997
f 2317/981/1028 2318/989/1028 2312/973/1025
f 2315/979/1027 2316/978/1027 2320/983/1029
f 2322/985/1031 2323/1095/1031 2324/986/1030
f 2317/981/1028 2325/997/1032 2326/988/1032
f 2327/990/1033 2328/1130/1034 2329/991/1034
f 2331/993/1036 2319/984/1029 2320/983/1029
f 115/995/60 2297/958/1018 2298/957/1018
f 2333/996/1037 2334/1004/1037 2326/988/1032
f 2287/998/1012 2288/2150/1012 2336/999/1038
f 2331/993/1036 2332/994/1036 2338/1001/1039
f 2333/996/1037 2339/1879/1040 2340/1003/1040
f 2341/1005/1041 2337/1002/1039 2338/1001/1039
f 2343/1007/1043 2344/1015/1043 2340/1008/1040
f 2345/1010/1044 2303/964/1021 2306/966/1021
f 2341/1005/1041 2342/1006/1042 2348/1012/1045
f 2343/1007/1043 2263/1863/1000 2264/1014/1000
f 2243/1016/989 2347/1013/1045 2348/1012/1045
f 2272/1018/1005 2349/1027/1046 2350/1019/1046
f 2351/1020/1047 2352/1059/1047 102/753/54
f 2353/1022/1048 2219/873/976 2220/872/976
f 2355/1024/1049 2327/990/1033 2330/992/1035
f 2357/1026/1051 2358/2151/1051 2350/1019/1046
f 2360/1028/1053 2361/2152/1053 2362/1029/1052
f 2363/1031/1054 2353/2153/1048 2354/1032/1048
f 2357/1034/1051 2365/1042/1055 2366/1035/1055
f 2367/1037/1056 2321/987/1030 2324/986/1030
f 2363/1031/1054 2364/1033/1054 2370/1039/1057
f 2371/1041/1058 2372/2154/1059 2366/1035/1055
f 2373/1043/1060 2374/1296/1061 2375/1044/1061
f 2377/1046/1062 2369/2155/1057 2370/1047/1057
f 2379/1049/1063 2380/2156/1063 2305/1050/1022
f 2381/1052/1064 2382/1058/1064 2372/1053/1059
f 2377/1046/1062 2378/1048/1062 2384/1055/1065
f 2385/1057/1066 2386/1065/1066 2382/1058/1064
f 2345/1010/1044 2346/1011/1044 2352/1059/1047
f 2383/1056/1065 2384/1055/1065 2388/1060/1067
f 2389/1062/1068 2359/1030/1052 2362/1029/1052
f 2385/1057/1066 2391/1072/1069 2392/1064/1069
f 2393/1066/1070 2387/1061/1067 2388/1060/1067
f 2277/1068/1007 2280/2157/1007 2396/1069/1071
f 2397/1071/1072 2398/1077/1072 2392/1064/1069
f 2367/1037/1056 2368/1038/1056 2294/1073/1016
f 2393/1066/1070 2394/1067/1070 2400/1074/1073
f 2401/1076/1074 2402/2158/1074 2398/1077/1072
f 2403/1078/1075 2404/1168/1076 2405/1079/1076
f 2407/1081/1078 2399/1075/1073 2400/1074/1073
f 2409/1083/1079 2410/1103/1080 2411/1084/1080
f 2413/1086/1081 2414/1091/1081 2402/1087/1074
f 2407/1081/1078 2408/1082/1078 2416/1089/1082
f 2413/1086/1081 2335/1000/1038 2336/999/1038
f 2313/1092/1026 2415/1090/1082 2416/1089/1082
f 2322/985/1031 2417/1101/1083 2418/1094/1083
f 2419/1096/1084 2237/891/986 2240/893/986
f 104/752/53 101/754/53 2422/1098/1086
f 2423/1100/1087 2424/2159/1087 2418/1094/1083
f 2425/1102/1088 2426/1224/1088 2411/1084/1080
f 2421/1104/1086 2422/2160/1086 2428/1105/1089
f 2403/1078/1075 2406/1080/1077 2430/1107/1090
f 2423/1109/1087 2431/1117/1091 2432/1110/1091
f 2433/1112/1092 2427/1106/1089 2428/1105/1089
f 2435/1114/1093 2436/2161/1094 2437/1115/1095
f 2431/1117/1091 2439/1915/1097 2440/1118/1097
f 2433/1119/1092 2434/1905/1092 2442/1120/1098
f 2443/1122/1099 2444/1132/1099 2440/1123/1097
f 2445/1125/1100 2446/2162/1100 2361/1126/1053
f 2447/1128/1101 2441/1121/1098 2442/1120/1098
f 2389/1062/1068 2390/1063/1068 2329/991/1034
f 2443/1122/1099 2449/1138/1102 2450/1131/1102
f 2451/1133/1103 2447/1128/1101 2448/1129/1101
f 2454/1135/1105 2455/1246/1106 2456/1136/1107
f 2449/1138/1102 2457/1147/1108 2458/1139/1108
f 2461/1143/1109 2451/1133/1103 2452/1134/1103
f 2238/1145/987 2429/1108/1090 2430/1107/1090
f 2463/1146/1111 2464/1154/1111 2458/1139/1108
f 2465/1148/1112 2419/1926/1084 2420/1149/1085
f 2467/1151/1114 2461/1143/1109 2462/1144/1110
f 2469/1153/1115 2470/1158/1115 2464/1154/1111
f 2467/1151/1114 2468/1152/1114 2472/1155/1116
f 2473/1157/1117 2474/2163/1117 2470/1158/1115
f 2435/1114/1093 2438/1116/1096 2476/1159/1118
f 2477/1161/1119 2471/1156/1116 2472/1155/1116
f 2395/1070/1071 2396/1069/1071 2474/1163/1117
f 2477/1161/1119 2478/1162/1119 2380/1165/1063
f 2479/1167/1120 2480/1177/1120 2405/1079/1076
f 2250/1169/993 2481/1211/1121 2482/1170/1121
f 2483/1171/1122 2355/1024/1049 2356/1025/1050
f 2486/1176/1123 2487/2164/1124 2480/1177/1120
f 2483/1180/1122 2484/2165/1122 2491/1181/1125
f 2486/1183/1123 2492/1191/1126 2493/1184/1126
f 2494/1186/1127 2453/1137/1104 2456/1136/1107
f 2490/1182/1125 2491/1181/1125 2497/1188/1129
f 2498/1190/1130 2499/2166/1130 2493/1184/1126
f 2501/1192/1132 2502/2167/1132 2503/1193/1133
f 2496/1195/1129 2497/2168/1129 2505/1196/1134
f 2506/1198/1135 2507/2169/1135 2437/1199/1095
f 2498/1201/1130 2508/1210/1136 2509/1202/1136
f 2504/1197/1134 2505/1196/1134 2511/1204/1137
f 2514/1209/1140 2515/1216/1140 2509/1202/1136
f 2481/1211/1121 2475/1160/1118 2476/1159/1118
f 2516/1212/1141 2510/1205/1137 2511/1204/1137
f 2514/1209/1140 2519/1223/1142 2520/1215/1142
f 2516/1212/1141 2517/1213/1141 2522/1217/1143
f 2523/1219/1144 2409/1946/1079 2412/1220/1079
f 2525/1222/1146 2526/1228/1146 2520/1215/1142
f 2494/1186/1127 2495/1187/1128 2426/1224/1088
f 2527/1225/1147 2521/1218/1143 2522/1217/1143
f 2529/1227/1148 2530/1238/1148 2526/1228/1146
f 2532/1229/1150 2533/1322/1150 2534/1230/1149
f 2535/1232/1151 2527/1225/1147 2528/1226/1147
f 2537/1234/1152 2538/2170/1153 2539/1235/1153
f 2529/1227/1148 2541/2171/1154 2542/1237/1154
f 2543/1239/1155 2535/1232/1151 2536/1233/1151
f 2465/1148/1112 2466/1150/1113 2542/1241/1154
f 2543/1239/1155 2544/1240/1155 2446/1243/1100
f 2545/1245/1156 2546/1255/1157 2455/1246/1106
f 2373/1043/1060 2376/1045/1060 2548/1247/1158
f 2249/904/992 2252/906/994 2550/1249/1160
f 2551/1251/1161 2552/1293/1162 2553/1252/1162
f 2555/1254/1163 2556/2172/1163 2546/1255/1157
f 2557/1256/1164 2549/2173/1159 2550/1257/1160
f 2531/1259/1149 2534/1301/1149 2560/1260/1165
f 2555/1262/1163 2561/1271/1166 2562/1263/1166
f 2563/1265/1167 2557/1256/1164 2558/1258/1164
f 2567/1270/1168 2568/2174/1169 2562/1263/1166
f 2563/1272/1167 2564/1949/1167 2570/1273/1171
f 2571/1275/1172 2572/1282/1172 2568/1276/1169
f 2574/1279/1173 2569/1274/1170 2570/1273/1171
f 2571/1275/1172 2576/1291/1174 2577/1281/1175
f 2574/1279/1173 2575/1280/1173 2581/1286/1176
f 2584/1290/1179 2585/1299/1179 2577/1281/1175
f 2586/1292/1180 2587/2175/1180 2553/1252/1162
f 2588/1294/1181 2580/1287/1176 2581/1286/1176
f 2374/1296/1061 2559/1971/1165 2560/1297/1165
f 2584/1290/1179 2590/1308/1182 2591/1298/1182
f 2592/1300/1183 2547/1261/1158 2548/1260/1158
f 2588/1294/1181 2589/1295/1181 2595/1302/1184
f 2598/1307/1185 2599/1312/1185 2591/1298/1182
f 2600/1309/1186 2594/1303/1184 2595/1302/1184
f 2598/1307/1185 2602/2176/1187 2603/1311/1187
f 2538/1313/1153 2551/1251/1161 2554/1253/1161
f 2600/1309/1186 2601/1310/1186 2605/1315/1188
f 2602/1317/1187 2523/1219/1144 2524/1221/1145
f 2604/1316/1188 2605/1315/1188 2507/1319/1135
f 2606/1321/1189 2607/1327/1189 2533/1322/1150
f 2606/1321/1189 2609/1333/1190 2610/1326/1191
f 2613/1330/1193 2614/1349/1193 2615/1331/1192
f 2609/1333/1190 2616/1337/1194 2617/1334/1194
f 2592/1336/1183 2593/2177/1183 2617/1334/1194
f 2624/1346/1196 2625/1355/1196 2587/1347/1180
f 2613/1330/1193 2500/1194/1131 2503/1193/1133
f 2627/1351/1197 2628/2178/1198 2629/1352/1198
f 2631/1354/1199 2632/1361/1200 2625/1355/1196
f 2634/1357/1201 2612/1994/1192 2615/1358/1192
f 2636/1360/1202 2637/1366/1202 2632/1361/1200
f 2636/1360/1202 2639/2179/1204 2640/1365/1204
f 2643/1368/1206 2644/1386/1206 2645/1369/1205
f 2639/1371/1204 2646/1375/1207 2647/1372/1207
f 2646/1375/1207 2537/1234/1152 2540/1236/1152
f 2654/1383/1209 2655/2180/1209 2502/1384/1132
f 2627/1351/1197 2630/1353/1197 2644/1386/1206
f 2657/1388/1211 2658/2023/1212 2659/1389/1212
f 2654/1391/1209 2661/1401/1213 2662/1392/1213
f 2664/1397/1214 2642/2181/1205 2645/1398/1205
f 2666/1400/1216 2667/1406/1216 2662/1392/1213
f 2669/1405/1217 2670/1412/1218 2667/1406/1216
f 2673/1408/1220 2674/1429/1220 2675/1409/1219
f 2669/1405/1217 2676/1415/1221 2677/1411/1222
f 2634/1414/1201 2635/1533/1201 2677/1411/1222
f 2684/1426/1224 2685/1435/1224 2629/1427/1198
f 2673/1408/1220 2657/1388/1211 2660/1390/1211
f 2687/1431/1226 2688/2182/1227 2689/1432/1227
f 2684/1426/1224 2691/1441/1228 2692/1434/1228
f 2694/1437/1229 2672/1463/1219 2675/1438/1219
f 2696/1440/1230 2697/1446/1230 2692/1434/1228
f 2696/1440/1230 2699/2183/1231 2700/1445/1231
f 2702/1448/1232 2703/1466/1233 2704/1449/1233
f 2699/1451/1231 2706/1455/1234 2707/1452/1234
f 2664/1397/1214 2665/1399/1215 2707/1452/1234
f 2658/1463/1212 2714/2025/1237 2715/1464/1237
f 2703/1466/1233 2687/1431/1226 2690/1433/1226
f 2718/1468/1240 2719/2184/1240 2720/1469/1241
f 2714/1471/1237 2721/1481/1242 2722/1472/1242
f 2724/1477/1243 2702/2185/1232 2705/1478/1232
f 2726/1480/1244 2727/1486/1244 2722/1472/1242
f 2729/1485/1245 2730/1492/1246 2727/1486/1244
f 2733/1488/1248 2734/1503/1248 2735/1489/1247
f 2729/1485/1245 2736/1495/1249 2737/1491/1249
f 2694/1494/1229 2695/2186/1229 2737/1491/1249
f 2742/1501/1252 2743/1399/1252 2689/1398/1227
f 2733/1488/1248 2717/1470/1239 2720/1469/1241
f 2745/1505/1254 2746/2187/1255 2747/1506/1255
f 2749/1455/1256 2750/1452/1256 2743/1399/1252
f 2752/1509/1257 2732/2046/1247 2735/1510/1247
f 2749/1455/1256 2754/1516/1258 2755/1512/1258
f 2754/1516/1258 2757/2188/1259 2758/1517/1259
f 2761/1519/1261 2762/1531/1261 2763/1520/1260
f 2757/1522/1259 2764/1526/1262 2765/1523/1263
f 2724/1477/1243 2725/1479/1243 2765/1523/1263
f 2768/1528/1264 2769/1511/1264 2719/1529/1240
f 2761/1519/1261 2745/1505/1254 2748/1507/1254
f 2768/1532/1264 2771/1415/1266 2772/1411/1266
f 2774/1537/1268 2760/2189/1260 2763/1538/1260
f 2776/1540/1269 2777/1412/1269 2772/1411/1266
f 2776/1540/1269 2779/1546/1270 2780/1406/1271
f 2779/1546/1270 2782/1401/1272 2783/1392/1272
f 2752/1548/1257 2753/1393/1257 2783/1392/1272
f 2746/1550/1255 2786/1554/1273 2787/1551/1274
f 2786/1554/1273 2789/1558/1276 2790/1555/1277
f 2792/1557/1278 2793/2190/1278 2790/1555/1277
f 2795/1562/1279 2796/1567/1279 2793/1563/1278
f 2795/1562/1279 2798/1569/1280 2799/1566/1280
f 2798/1569/1280 2774/1537/1268 2775/1539/1268
f 803/99/1 1/12/1 743/5/1
f 743/5/1 747/16/1 751/2/1
f 751/2/1 755/8/1 759/41/1
f 759/41/1 763/45/1 767/52/1
f 767/52/1 771/60/1 775/66/1
f 775/66/1 779/67/1 783/71/1
f 783/71/1 787/74/1 791/84/1
f 791/84/1 795/91/1 799/95/1
f 799/95/1 803/99/1 743/5/1
f 743/5/1 751/2/1 759/41/1
f 759/41/1 767/52/1 775/66/1
f 775/66/1 783/71/1 791/84/1
f 791/84/1 799/95/1 743/5/1
f 743/5/1 759/41/1 775/66/1
f 742/1571/2 746/1576/381 744/1572/381
f 806/1574/398 742/1571/2 2/1573/2
f 749/16/380 745/5/380 741/12/380
f 741/12/380 805/99/380 801/95/380
f 801/95/380 797/89/380 793/84/380
f 793/84/380 789/75/380 785/71/380
f 785/71/380 781/67/380 777/61/380
f 777/61/380 773/56/380 769/52/380
f 769/52/380 765/45/380 761/39/380
f 761/39/380 757/8/380 753/28/380
f 753/28/380 749/16/380 741/12/380
f 741/12/380 801/95/380 793/84/380
f 793/84/380 785/71/380 777/61/380
f 777/61/380 769/52/380 761/39/380
f 761/39/380 753/28/380 741/12/380
f 741/12/380 793/84/380 777/61/380
f 746/1576/381 750/2191/382 748/1577/382
f 750/1578/382 754/1581/383 752/1579/383
f 754/1581/383 758/1583/384 756/1582/384
f 758/1583/384 762/1585/385 760/1584/385
f 762/1585/385 766/1598/386 764/1586/386
f 766/1587/386 770/1590/387 768/1588/387
f 770/1590/387 774/1592/389 772/1591/388
f 774/1592/389 778/1594/391 776/1593/390
f 778/1594/391 782/1596/392 780/1595/392
f 782/1596/392 786/2192/393 784/1597/393
f 786/1598/393 790/1585/394 788/1584/394
f 790/1585/394 794/1583/395 792/1582/395
f 794/1583/395 798/1581/396 796/1579/396
f 798/1581/396 802/1578/397 800/1580/397
f 802/1599/397 806/1574/398 804/1575/398
f 823/57/399 827/11/399 831/10/399
f 831/10/399 835/110/399 839/2072/399
f 839/2072/399 843/125/399 847/124/399
f 847/124/399 851/135/399 855/2073/399
f 855/2073/399 859/2193/399 863/155/399
f 863/155/399 867/166/399 871/165/399
f 871/165/399 807/87/399 811/51/399
f 811/51/399 815/38/399 819/37/399
f 819/37/399 823/57/399 831/10/399
f 831/10/399 839/2072/399 847/124/399
f 847/124/399 855/2073/399 863/155/399
f 863/155/399 871/165/399 811/51/399
f 811/51/399 819/37/399 831/10/399
f 831/10/399 847/124/399 863/155/399
f 808/1601/400 810/2194/400 814/1602/402
f 874/1604/418 810/2194/400 808/1601/400
f 857/138/401 853/132/401 849/127/401
f 849/127/401 845/121/401 841/114/401
f 841/114/401 837/105/401 833/14/401
f 833/14/401 829/2069/401 825/2195/401
f 825/2195/401 821/27/401 817/22/401
f 817/22/401 813/21/401 809/170/401
f 809/170/401 873/168/401 869/161/401
f 869/161/401 865/153/401 861/145/401
f 861/145/401 857/138/401 849/127/401
f 849/127/401 841/114/401 833/14/401
f 833/14/401 825/2195/401 817/22/401
f 817/22/401 809/170/401 869/161/401
f 869/161/401 861/145/401 849/127/401
f 849/127/401 833/14/401 817/22/401
f 814/1602/402 818/2196/403 816/1606/403
f 818/1607/403 822/72/405 820/1608/404
f 822/72/405 826/73/406 824/1610/406
f 824/1610/406 826/73/406 830/46/407
f 830/46/407 834/2197/408 832/1612/408
f 834/1613/408 838/1616/409 836/1614/409
f 838/1616/409 842/1617/410 840/116/410
f 842/1617/410 846/1619/411 844/1618/411
f 846/1619/411 850/1621/412 848/1620/412
f 850/1621/412 854/2198/413 852/1622/413
f 854/1623/413 858/2199/414 856/144/414
f 856/144/414 858/2199/414 862/1625/415
f 862/1625/415 866/1627/416 864/1626/416
f 866/1627/416 870/2200/417 868/1628/417
f 870/1629/417 874/1604/418 872/1605/418
f 899/78/419 903/181/419 907/180/419
f 907/180/419 911/194/419 915/199/419
f 915/199/419 919/198/419 923/2201/419
f 923/2201/419 927/2202/419 931/229/419
f 931/229/419 935/228/419 939/239/419
f 939/239/419 875/147/419 879/34/419
f 879/34/419 883/55/419 887/151/419
f 887/151/419 891/120/419 895/79/419
f 895/79/419 899/78/419 907/180/419
f 907/180/419 915/199/419 923/2201/419
f 923/2201/419 931/229/419 939/239/419
f 939/239/419 879/34/419 887/151/419
f 887/151/419 895/79/419 907/180/419
f 907/180/419 923/2201/419 939/239/419
f 878/1631/420 882/2203/422 880/1632/422
f 940/1634/437 942/2204/437 878/1631/420
f 897/2070/421 893/2205/421 889/97/421
f 889/97/421 885/63/421 881/129/421
f 881/129/421 877/128/421 941/237/421
f 941/237/421 937/231/421 933/222/421
f 933/222/421 929/215/421 925/210/421
f 925/210/421 921/202/421 917/197/421
f 917/197/421 913/191/421 909/185/421
f 909/185/421 905/176/421 901/43/421
f 901/43/421 897/2070/421 889/97/421
f 889/97/421 881/129/421 941/237/421
f 941/237/421 933/222/421 925/210/421
f 925/210/421 917/197/421 909/185/421
f 909/185/421 901/43/421 889/97/421
f 889/97/421 941/237/421 925/210/421
f 880/1632/422 882/2203/422 886/1635/423
f 886/1637/423 890/1640/424 888/1638/424
f 890/1640/424 894/102/425 892/1641/425
f 892/1641/425 894/102/425 898/104/426
f 896/1642/426 898/104/426 902/1643/427
f 902/1645/427 906/2206/428 904/1646/428
f 904/1646/428 906/2206/428 910/1648/429
f 910/1648/429 914/2207/430 912/1649/430
f 912/1649/430 914/2207/430 918/1650/431
f 916/1651/431 918/1650/431 922/1652/432
f 922/1654/432 926/1655/433 924/212/433
f 926/1655/433 930/2208/434 928/211/434
f 928/211/434 930/2208/434 934/1656/435
f 932/218/435 934/1656/435 938/1657/436
f 938/1659/436 942/2204/437 940/1634/437
f 971/252/438 975/2081/438 979/268/438
f 979/268/438 983/273/438 987/2082/438
f 987/2082/438 991/2209/438 995/2210/438
f 995/2210/438 999/307/438 1003/312/438
f 1003/312/438 1007/311/438 943/220/438
f 943/220/438 947/173/438 951/24/438
f 951/24/438 955/217/438 959/186/438
f 959/186/438 963/158/438 967/242/438
f 967/242/438 971/252/438 979/268/438
f 979/268/438 987/2082/438 995/2210/438
f 995/2210/438 1003/312/438 943/220/438
f 943/220/438 951/24/438 959/186/438
f 959/186/438 967/242/438 979/268/438
f 979/268/438 995/2210/438 943/220/438
f 946/1661/439 950/1664/441 948/1662/441
f 1010/1663/456 946/1661/439 944/318/439
f 981/262/440 977/256/440 973/247/440
f 973/247/440 969/246/440 965/2211/440
f 965/2211/440 961/2212/440 957/141/440
f 957/141/440 953/112/440 949/201/440
f 949/201/440 945/200/440 1009/316/440
f 1009/316/440 1005/310/440 1001/302/440
f 1001/302/440 997/295/440 993/288/440
f 993/288/440 989/277/440 985/271/440
f 985/271/440 981/262/440 973/247/440
f 973/247/440 965/2211/440 957/141/440
f 957/141/440 949/201/440 1009/316/440
f 1009/316/440 1001/302/440 993/288/440
f 993/288/440 985/271/440 973/247/440
f 973/247/440 957/141/440 1009/316/440
f 950/1664/441 954/2213/442 952/1665/442
f 954/1666/442 958/204/443 956/1667/443
f 956/1667/443 958/204/443 962/81/444
f 962/81/444 966/83/445 964/1670/445
f 964/1670/445 966/83/445 970/108/446
f 970/1672/446 974/2214/447 972/1673/447
f 972/1673/447 974/2214/447 978/1675/448
f 978/1675/448 982/1677/449 980/1676/449
f 982/1677/449 986/1679/450 984/1678/450
f 986/1679/450 990/2215/451 988/1680/451
f 988/283/451 990/2216/451 994/1681/452
f 994/1681/452 998/2217/453 996/289/453
f 996/289/453 998/2217/453 1002/1682/454
f 1000/1683/454 1002/1682/454 1006/1684/455
f 1004/1686/455 1006/2218/455 1010/1663/456
f 1043/329/457 1047/347/457 1051/353/457
f 1051/353/457 1055/2093/457 1059/2219/457
f 1059/2219/457 1063/2220/472 1067/2221/457
f 1067/2221/457 1071/387/457 1075/2095/457
f 1075/2095/457 1011/299/457 1015/244/457
f 1015/244/457 1019/18/457 1023/296/457
f 1023/296/457 1027/257/457 1031/225/457
f 1031/225/457 1035/323/457 1039/330/457
f 1039/330/457 1043/329/457 1051/353/457
f 1051/353/457 1059/2219/457 1067/2221/457
f 1067/2221/457 1075/2095/457 1015/244/457
f 1015/244/457 1023/296/457 1031/225/457
f 1031/225/457 1039/330/457 1051/353/457
f 1051/353/457 1067/2221/457 1015/244/457
f 1012/1687/458 1014/2083/458 1018/274/460
f 1078/1689/476 1014/2083/458 1012/1687/458
f 1049/2092/459 1045/334/459 1041/328/459
f 1041/328/459 1037/327/459 1033/2222/459
f 1033/2222/459 1029/2223/459 1025/214/459
f 1025/214/459 1021/178/459 1017/2074/459
f 1017/2074/459 1013/397/459 1077/392/459
f 1077/392/459 1073/385/459 1069/380/459
f 1069/380/459 1065/374/459 1061/363/459
f 1061/363/459 1057/358/459 1053/350/459
f 1053/350/459 1049/2092/459 1041/328/459
f 1041/328/459 1033/2222/459 1025/214/459
f 1025/214/459 1017/2074/459 1077/392/459
f 1077/392/459 1069/380/459 1061/363/459
f 1061/363/459 1053/350/459 1041/328/459
f 1041/328/459 1025/214/459 1077/392/459
f 1018/274/460 1022/2224/461 1020/1690/461
f 1020/1691/461 1022/2225/461 1026/279/462
f 1026/279/462 1030/280/463 1028/1693/463
f 1030/280/463 1034/162/464 1032/1694/464
f 1034/162/464 1038/183/465 1036/1695/465
f 1038/1696/465 1042/2226/466 1040/1697/466
f 1040/1697/466 1042/2226/466 1046/340/467
f 1044/337/467 1046/340/467 1050/342/468
f 1048/1699/468 1050/342/468 1054/1700/469
f 1052/1701/469 1054/1700/469 1058/1702/470
f 1058/1704/470 1062/1705/471 1060/360/471
f 1062/1705/471 1066/2227/473 1064/368/473
f 1064/368/473 1066/2227/473 1070/1706/474
f 1068/382/474 1070/1706/474 1074/1707/475
f 1074/1709/475 1078/1689/476 1076/394/476
f 1111/408/477 1115/2228/477 1119/435/477
f 1119/435/477 1123/2102/481 1127/2229/477
f 1127/2229/477 1131/2230/477 1135/2231/477
f 1135/2231/477 1139/473/477 1143/2105/477
f 1143/2105/477 1079/378/477 1083/325/477
f 1083/325/477 1087/31/481 1091/375/477
f 1091/375/477 1095/336/477 1099/304/477
f 1099/304/477 1103/400/477 1107/409/477
f 1107/409/477 1111/408/477 1119/435/477
f 1119/435/477 1127/2229/477 1135/2231/477
f 1135/2231/477 1143/2105/477 1083/325/477
f 1083/325/477 1091/375/477 1099/304/477
f 1099/304/477 1107/409/477 1119/435/477
f 1119/435/477 1135/2231/477 1083/325/477
f 1080/1711/478 1082/354/478 1086/356/480
f 1144/477/496 1146/2232/496 1082/354/478
f 1117/429/479 1113/414/479 1109/405/479
f 1109/405/479 1105/404/479 1101/2233/479
f 1101/2233/479 1097/2234/479 1093/2235/479
f 1093/2235/479 1089/249/479 1085/2080/479
f 1085/2080/479 1081/480/479 1145/476/479
f 1145/476/479 1141/468/479 1137/460/479
f 1137/460/479 1133/454/479 1129/446/479
f 1129/446/479 1125/438/479 1121/430/479
f 1121/430/479 1117/429/479 1109/405/479
f 1109/405/479 1101/2233/479 1093/2235/479
f 1093/2235/479 1085/2080/479 1145/476/479
f 1145/476/479 1137/460/479 1129/446/479
f 1129/446/479 1121/430/479 1109/405/479
f 1109/405/479 1093/2235/479 1145/476/479
f 1084/1712/480 1086/356/480 1090/1713/482
f 1088/1715/482 1090/2085/482 1094/291/483
f 1092/1716/483 1094/291/483 1098/359/484
f 1098/359/484 1102/234/485 1100/1718/485
f 1102/234/485 1106/253/486 1104/1719/486
f 1106/1720/486 1110/2236/487 1108/1721/487
f 1108/1721/487 1110/2236/487 1114/420/488
f 1114/420/488 1118/422/489 1116/415/489
f 1118/422/489 1122/1724/490 1120/1723/490
f 1122/1724/490 1126/2237/491 1124/1725/491
f 1124/442/491 1126/2238/491 1130/1726/492
f 1128/452/492 1130/1726/492 1134/1727/493
f 1132/451/493 1134/1727/493 1138/1728/494
f 1136/463/494 1138/1728/494 1142/1729/495
f 1142/1730/495 1146/2232/496 1144/477/496
f 1175/490/500 1179/489/500 1183/1732/500
f 1183/1732/500 1187/512/497 1191/2110/500
f 1191/2110/500 1195/2239/497 1199/2240/497
f 1199/2240/497 1203/2241/500 1207/548/497
f 1207/548/497 1211/547/500 1147/455/497
f 1147/455/497 1151/315/500 1155/314/497
f 1155/314/497 1159/332/497 1163/418/500
f 1163/418/500 1167/366/500 1171/483/500
f 1171/483/500 1175/490/500 1183/1732/500
f 1183/1732/500 1191/2110/500 1199/2240/497
f 1199/2240/497 1207/548/497 1147/455/497
f 1147/455/497 1155/314/497 1163/418/500
f 1163/418/500 1171/483/500 1183/1732/500
f 1183/1732/500 1199/2240/497 1147/455/497
f 1148/554/498 1150/431/498 1154/433/501
f 1214/1734/517 1150/431/498 1148/554/498
f 1173/487/499 1169/2242/499 1165/1735/502
f 1165/1735/502 1161/2243/502 1157/344/499
f 1157/344/499 1153/2091/502 1149/558/499
f 1149/558/499 1213/553/499 1209/544/502
f 1209/544/502 1205/540/499 1201/534/499
f 1201/534/499 1197/523/502 1193/518/499
f 1193/518/499 1189/509/502 1185/1736/499
f 1185/1736/499 1181/493/499 1177/488/499
f 1177/488/499 1173/487/499 1165/1735/502
f 1165/1735/502 1157/344/499 1149/558/499
f 1149/558/499 1209/544/502 1201/534/499
f 1201/534/499 1193/518/499 1185/1736/499
f 1185/1736/499 1177/488/499 1165/1735/502
f 1165/1735/502 1149/558/499 1201/534/499
f 1152/1733/501 1154/433/501 1158/1737/503
f 1158/1739/503 1162/389/504 1160/1740/504
f 1160/1740/504 1162/389/504 1166/401/505
f 1166/401/505 1170/92/506 1168/1743/506
f 1168/1743/506 1170/92/506 1174/94/507
f 1172/1745/507 1174/2244/507 1178/1746/508
f 1178/1746/508 1182/1748/509 1180/499/509
f 1182/1748/509 1186/500/510 1184/497/510
f 1184/497/510 1186/500/510 1190/1749/511
f 1190/1749/511 1194/2245/512 1192/1750/512
f 1194/1751/512 1198/2246/513 1196/520/513
f 1196/520/513 1198/2246/513 1202/1752/514
f 1200/537/514 1202/1752/514 1206/1753/515
f 1204/536/515 1206/1753/515 1210/1754/516
f 1210/1755/516 1214/1734/517 1212/556/517
f 1247/2116/518 1251/2247/518 1255/1757/518
f 1255/1757/518 1259/2248/518 1263/2249/518
f 1263/2249/518 1267/2250/518 1271/2251/518
f 1271/2251/518 1275/632/518 1279/2121/518
f 1279/2121/518 1215/539/518 1219/484/518
f 1219/484/518 1223/266/518 1227/265/518
f 1227/265/518 1231/496/518 1235/465/518
f 1235/465/518 1239/560/518 1243/559/518
f 1243/559/518 1247/2116/518 1255/1757/518
f 1255/1757/518 1263/2249/518 1271/2251/518
f 1271/2251/518 1279/2121/518 1219/484/518
f 1219/484/518 1227/265/518 1235/465/518
f 1235/465/518 1243/559/518 1255/1757/518
f 1255/1757/518 1271/2251/518 1219/484/518
f 1218/1758/519 1222/514/521 1220/1759/521
f 1280/638/537 1282/2252/537 1218/1758/519
f 1253/589/520 1249/2253/520 1245/564/520
f 1245/564/520 1241/2115/520 1237/2254/520
f 1237/2254/520 1233/2255/520 1229/2256/520
f 1229/2256/520 1225/411/520 1221/2098/520
f 1221/2098/520 1217/639/520 1281/634/520
f 1281/634/520 1277/626/520 1273/620/520
f 1273/620/520 1269/612/520 1265/606/520
f 1265/606/520 1261/598/520 1257/590/520
f 1257/590/520 1253/589/520 1245/564/520
f 1245/564/520 1237/2254/520 1229/2256/520
f 1229/2256/520 1221/2098/520 1281/634/520
f 1281/634/520 1273/620/520 1265/606/520
f 1265/606/520 1257/590/520 1245/564/520
f 1245/564/520 1229/2256/520 1281/634/520
f 1222/514/521 1226/2257/522 1224/1760/522
f 1224/1761/522 1226/448/522 1230/450/523
f 1230/450/523 1234/519/524 1232/1763/524
f 1234/519/524 1238/370/526 1236/1764/525
f 1238/370/526 1242/406/527 1240/1765/527
f 1242/1766/527 1246/2117/528 1244/1767/528
f 1244/1767/528 1246/2117/528 1250/573/529
f 1248/578/529 1250/573/529 1254/582/530
f 1254/582/530 1258/1770/531 1256/1769/531
f 1258/1770/531 1262/2258/532 1260/1771/532
f 1262/1772/532 1266/2259/533 1264/611/533
f 1264/611/533 1266/2259/533 1270/1773/534
f 1268/610/534 1270/1773/534 1274/1774/535
f 1274/1774/535 1278/2260/536 1276/621/536
f 1278/1775/536 1282/2252/537 1280/638/537
f 1311/648/538 1315/647/538 1319/1777/538
f 1319/1777/538 1323/2261/538 1327/2262/538
f 1327/2262/538 1331/2263/538 1335/2264/538
f 1335/2264/538 1339/2265/538 1343/2266/538
f 1343/2266/538 1347/2267/538 1283/614/538
f 1283/614/538 1287/471/538 1291/470/538
f 1291/470/538 1295/618/538 1299/579/538
f 1299/579/538 1303/526/538 1307/642/538
f 1307/642/538 1311/648/538 1319/1777/538
f 1319/1777/538 1327/2262/538 1335/2264/538
f 1335/2264/538 1343/2266/538 1283/614/538
f 1283/614/538 1291/470/538 1299/579/538
f 1299/579/538 1307/642/538 1319/1777/538
f 1319/1777/538 1335/2264/538 1283/614/538
f 1284/710/539 1286/1779/539 1290/591/541
f 1348/702/557 1350/1795/557 1286/1779/539
f 1301/2268/540 1297/2269/540 1293/504/540
f 1293/504/540 1289/2108/540 1285/712/540
f 1285/712/540 1349/708/540 1345/701/540
f 1345/701/540 1341/696/540 1337/690/540
f 1337/690/540 1333/679/553 1329/674/540
f 1329/674/540 1325/668/540 1321/667/540
f 1321/667/540 1317/2270/540 1313/1780/540
f 1313/1780/540 1309/2271/540 1305/2272/540
f 1305/2272/540 1301/2268/540 1293/504/540
f 1293/504/540 1285/712/540 1345/701/540
f 1345/701/540 1337/690/540 1329/674/540
f 1329/674/540 1321/667/540 1313/1780/540
f 1313/1780/540 1305/2272/540 1293/504/540
f 1293/504/540 1345/701/540 1329/674/540
f 1290/591/541 1294/2273/542 1292/1781/542
f 1292/1782/542 1294/2113/542 1298/549/543
f 1296/1783/543 1298/549/543 1302/561/544
f 1302/561/544 1306/284/545 1304/1785/545
f 1306/284/545 1310/286/546 1308/1786/546
f 1308/1787/546 1310/2274/546 1314/651/547
f 1314/651/547 1318/653/548 1316/658/548
f 1316/658/548 1318/653/548 1322/660/549
f 1320/656/549 1322/660/549 1326/1789/550
f 1324/664/550 1326/1789/550 1330/1790/551
f 1330/1792/551 1334/1793/552 1332/684/552
f 1334/1793/552 1338/2275/554 1336/693/554
f 1336/693/554 1338/2275/554 1342/1794/555
f 1342/1794/555 1346/2276/556 1344/698/556
f 1344/704/556 1346/2277/556 1350/1795/557
f 1355/643/558 1359/426/558 1363/691/558
f 1363/691/558 1367/654/558 1371/625/558
f 1371/625/558 1375/624/558 1379/723/558
f 1379/723/558 1383/722/558 1387/2278/558
f 1387/2278/558 1391/2279/574 1395/1796/558
f 1395/1796/558 1399/2280/558 1403/2281/558
f 1403/2281/558 1407/2282/558 1411/1797/558
f 1411/1797/558 1415/2283/558 1351/694/558
f 1351/694/558 1355/643/558 1363/691/558
f 1363/691/558 1371/625/558 1379/723/558
f 1379/723/558 1387/2278/558 1395/1796/558
f 1395/1796/558 1403/2281/558 1411/1797/558
f 1411/1797/558 1351/694/558 1363/691/558
f 1363/691/558 1379/723/558 1395/1796/558
f 1352/789/559 1354/672/559 1358/673/561
f 1418/1799/581 1354/672/559 1352/789/559
f 1389/743/560 1385/2284/572 1381/1800/560
f 1381/1800/560 1377/2285/569 1373/2286/560
f 1373/2286/560 1369/2287/566 1365/2288/560
f 1365/2288/560 1361/2289/563 1357/2290/560
f 1357/2290/560 1353/791/560 1417/787/560
f 1417/787/560 1413/780/569 1409/772/560
f 1409/772/560 1405/766/569 1401/758/560
f 1401/758/560 1397/751/569 1393/744/560
f 1393/744/560 1389/743/560 1381/1800/560
f 1381/1800/560 1373/2286/560 1365/2288/560
f 1365/2288/560 1357/2290/560 1417/787/560
f 1417/787/560 1409/772/560 1401/758/560
f 1401/758/560 1393/744/560 1381/1800/560
f 1381/1800/560 1365/2288/560 1417/787/560
f 1358/673/561 1362/570/562 1360/1801/562
f 1362/607/562 1366/609/564 1364/1802/564
f 1366/609/564 1370/676/565 1368/1804/565
f 1368/1804/565 1370/676/565 1374/530/567
f 1374/530/567 1378/566/568 1376/1806/568
f 1378/1807/568 1382/2131/570 1380/1808/570
f 1380/1808/570 1382/2131/570 1386/727/571
f 1386/727/571 1390/736/573 1388/730/573
f 1388/730/573 1390/736/573 1394/1810/575
f 1394/1810/575 1398/2291/576 1396/1812/576
f 1398/1813/576 1402/1814/577 1400/755/577
f 1402/1814/577 1406/2292/578 1404/763/578
f 1404/763/578 1406/2292/578 1410/1815/579
f 1410/1815/579 1414/2293/580 1412/774/580
f 1412/784/580 1414/2294/580 1418/1799/581
f 1447/793/582 1451/2137/582 1455/1816/582
f 1455/1816/582 1459/2295/597 1463/2296/582
f 1463/2296/582 1467/2297/600 1471/2298/582
f 1471/2298/582 1475/2299/582 1479/2300/582
f 1479/2300/582 1483/2301/587 1419/767/582
f 1419/767/582 1423/629/582 1427/650/582
f 1427/650/582 1431/649/587 1435/734/582
f 1435/734/582 1439/682/582 1443/794/582
f 1443/794/582 1447/793/582 1455/1816/582
f 1455/1816/582 1463/2296/582 1471/2298/582
f 1471/2298/582 1479/2300/582 1419/767/582
f 1419/767/582 1427/650/582 1435/734/582
f 1435/734/582 1443/794/582 1455/1816/582
f 1455/1816/582 1471/2298/582 1419/767/582
f 1422/745/583 1426/661/585 1424/1817/585
f 1486/1819/605 1422/745/583 1420/1818/583
f 1445/2302/589 1441/2303/589 1437/1820/589
f 1437/1820/589 1433/2304/589 1429/2305/584
f 1429/2305/584 1425/2306/584 1421/865/584
f 1421/865/584 1485/860/589 1481/853/589
f 1481/853/589 1477/849/584 1473/841/584
f 1473/841/584 1469/832/584 1465/827/584
f 1465/827/584 1461/820/584 1457/819/584
f 1457/819/584 1453/2307/595 1449/2308/584
f 1449/2308/584 1445/2302/589 1437/1820/589
f 1437/1820/589 1429/2305/584 1421/865/584
f 1421/865/584 1481/853/589 1473/841/584
f 1473/841/584 1465/827/584 1457/819/584
f 1457/819/584 1449/2308/584 1437/1820/589
f 1437/1820/589 1421/865/584 1473/841/584
f 1424/1817/585 1426/661/585 1430/663/586
f 1430/1822/586 1434/705/588 1432/1823/588
f 1434/705/588 1438/757/590 1436/1825/590
f 1438/757/590 1442/716/591 1440/1826/591
f 1440/1826/591 1442/716/591 1446/439/592
f 1446/1828/592 1450/2138/593 1448/1829/593
f 1448/1829/593 1450/2138/593 1454/803/594
f 1452/808/594 1454/803/594 1458/812/596
f 1456/816/596 1458/812/596 1462/1831/598
f 1462/1831/598 1466/2309/599 1464/1833/599
f 1466/1834/599 1470/1835/601 1468/837/601
f 1470/1835/601 1474/2310/602 1472/836/602
f 1472/836/602 1474/2310/602 1478/1836/603
f 1478/1836/603 1482/2311/604 1480/1837/604
f 1480/856/604 1482/2312/604 1486/1819/605
f 1491/796/609 1495/586/609 1499/843/606
f 1499/843/606 1503/807/606 1507/777/609
f 1507/777/609 1511/867/606 1515/866/606
f 1515/866/606 1519/875/606 1523/2313/606
f 1523/2313/606 1527/2314/609 1531/1838/606
f 1531/1838/606 1535/2315/624 1539/2316/606
f 1539/2316/606 1543/2317/606 1547/1839/606
f 1547/1839/606 1551/2318/606 1487/847/606
f 1487/847/606 1491/796/609 1499/843/606
f 1499/843/606 1507/777/609 1515/866/606
f 1515/866/606 1523/2313/606 1531/1838/606
f 1531/1838/606 1539/2316/606 1547/1839/606
f 1547/1839/606 1487/847/606 1499/843/606
f 1499/843/606 1515/866/606 1531/1838/606
f 1490/1840/607 1494/724/610 1492/1841/610
f 1552/935/630 1554/1859/630 1490/1840/607
f 1525/2144/608 1521/2319/608 1517/1843/608
f 1517/1843/608 1513/2320/616 1509/2321/608
f 1509/2321/608 1505/2322/608 1501/2323/608
f 1501/2323/608 1497/2324/608 1493/2325/608
f 1493/2325/608 1489/942/608 1553/939/608
f 1553/939/608 1549/931/608 1545/924/608
f 1545/924/608 1541/917/627 1537/910/608
f 1537/910/608 1533/903/608 1529/895/608
f 1529/895/608 1525/2144/608 1517/1843/608
f 1517/1843/608 1509/2321/608 1501/2323/608
f 1501/2323/608 1493/2325/608 1553/939/608
f 1553/939/608 1545/924/608 1537/910/608
f 1537/910/608 1529/895/608 1517/1843/608
f 1517/1843/608 1501/2323/608 1553/939/608
f 1494/724/610 1498/726/611 1496/1844/611
f 1498/760/611 1502/762/612 1500/1845/612
f 1502/762/612 1506/686/613 1504/1847/613
f 1504/1847/613 1506/686/613 1510/688/614
f 1510/688/614 1514/720/617 1512/1849/615
f 1514/1850/617 1518/1853/618 1516/1851/618
f 1518/1853/618 1522/879/619 1520/882/619
f 1520/882/619 1522/879/619 1526/888/620
f 1526/888/620 1530/2326/621 1528/889/621
f 1528/889/621 1530/2326/621 1534/1854/623
f 1532/907/622 1534/2327/623 1538/1856/625
f 1538/1856/625 1542/1857/626 1540/914/626
f 1542/1857/626 1546/1858/628 1544/926/628
f 1546/1858/628 1550/2328/629 1548/925/629
f 1548/937/629 1550/2329/629 1554/1859/630
f 1583/944/631 1587/2146/631 1591/1860/631
f 1591/1860/631 1595/2330/631 1599/2331/631
f 1599/2331/631 1603/2332/631 1607/2333/631
f 1607/2333/631 1611/2334/649 1615/2335/631
f 1615/2335/631 1619/2336/653 1555/918/631
f 1555/918/631 1559/783/631 1563/782/631
f 1563/782/631 1567/802/637 1571/886/631
f 1571/886/631 1575/834/631 1579/945/631
f 1579/945/631 1583/944/631 1591/1860/631
f 1591/1860/631 1599/2331/631 1607/2333/631
f 1607/2333/631 1615/2335/631 1555/918/631
f 1555/918/631 1563/782/631 1571/886/631
f 1571/886/631 1579/945/631 1591/1860/631
f 1591/1860/631 1607/2333/631 1555/918/631
f 1558/1861/632 1562/813/634 1560/1862/634
f 1620/1007/654 1622/1880/654 1558/1861/632
f 1581/2337/633 1577/2338/633 1573/1864/633
f 1573/1864/633 1569/2339/633 1565/2340/633
f 1565/2340/633 1561/2341/635 1557/1017/633
f 1557/1017/633 1621/1012/655 1617/1006/633
f 1617/1006/633 1613/1001/651 1609/994/633
f 1609/994/633 1605/983/633 1601/978/633
f 1601/978/633 1597/970/633 1593/1865/633
f 1593/1865/633 1589/2342/633 1585/2343/633
f 1585/2343/633 1581/2337/633 1573/1864/633
f 1573/1864/633 1565/2340/633 1557/1017/633
f 1557/1017/633 1617/1006/633 1609/994/633
f 1609/994/633 1601/978/633 1593/1865/633
f 1593/1865/633 1585/2343/633 1573/1864/633
f 1573/1864/633 1557/1017/633 1609/994/633
f 1562/813/634 1566/815/636 1564/1866/636
f 1564/1867/636 1566/2140/636 1570/857/638
f 1570/857/638 1574/909/639 1572/1869/639
f 1572/1869/639 1574/909/639 1578/599/640
f 1578/599/640 1582/601/641 1580/1871/641
f 1580/1872/641 1582/2344/641 1586/954/642
f 1586/954/642 1590/956/643 1588/959/643
f 1590/956/643 1594/963/644 1592/968/644
f 1594/963/644 1598/2345/645 1596/967/645
f 1596/967/645 1598/2345/645 1602/1874/646
f 1600/982/646 1602/2346/646 1606/1876/647
f 1604/981/647 1606/1876/647 1610/1877/648
f 1610/1877/648 1614/2347/650 1612/996/650
f 1612/996/650 1614/2347/650 1618/1878/652
f 1616/1009/652 1618/2348/652 1622/1880/654
f 1627/946/659 1631/741/656 1635/740/656
f 1635/740/656 1639/957/659 1643/929/656
f 1643/929/656 1647/928/656 1651/1019/656
f 1651/1019/656 1655/2151/671 1659/2349/656
f 1659/2349/656 1663/2350/656 1667/1881/656
f 1667/1881/656 1671/2351/676 1675/2352/656
f 1675/2352/656 1679/2353/656 1683/1882/656
f 1683/1882/656 1687/2354/683 1623/2355/656
f 1623/2355/656 1627/946/659 1635/740/656
f 1635/740/656 1643/929/656 1651/1019/656
f 1651/1019/656 1659/2349/656 1667/1881/656
f 1667/1881/656 1675/2352/656 1683/1882/656
f 1683/1882/656 1623/2355/656 1635/740/656
f 1635/740/656 1651/1019/656 1667/1881/656
f 1626/1883/657 1630/975/660 1628/998/660
f 1688/1086/684 1690/2356/684 1626/1883/657
f 1661/1047/658 1657/2357/658 1653/1884/658
f 1653/1884/658 1649/2358/669 1645/2359/658
f 1645/2359/658 1641/2360/658 1637/2361/658
f 1637/2361/658 1633/2362/662 1629/2363/658
f 1629/2363/658 1625/1093/658 1689/1089/658
f 1689/1089/658 1685/1082/682 1681/1074/658
f 1681/1074/658 1677/1067/669 1673/1060/658
f 1673/1060/658 1669/1055/658 1665/1048/658
f 1665/1048/658 1661/1047/658 1653/1884/658
f 1653/1884/658 1645/2359/658 1637/2361/658
f 1637/2361/658 1629/2363/658 1689/1089/658
f 1689/1089/658 1681/1074/658 1673/1060/658
f 1673/1060/658 1665/1048/658 1653/1884/658
f 1653/1884/658 1637/2361/658 1689/1089/658
f 1630/975/660 1634/2364/663 1632/1885/661
f 1632/1886/661 1634/878/663 1638/912/664
f 1638/912/664 1642/838/666 1640/1888/665
f 1642/838/666 1646/840/667 1644/1889/667
f 1644/1889/667 1646/840/667 1650/873/668
f 1650/1891/668 1654/2153/670 1652/1892/670
f 1652/1892/670 1654/2153/670 1658/1031/672
f 1658/1031/672 1662/1040/673 1660/1042/673
f 1660/1042/673 1662/1040/673 1666/1894/674
f 1664/1041/674 1666/1894/674 1670/1895/675
f 1668/1052/675 1670/2365/675 1674/1897/677
f 1674/1897/677 1678/1898/679 1676/1072/678
f 1678/1898/679 1682/2366/680 1680/1071/680
f 1680/1071/680 1682/2366/680 1686/1899/681
f 1686/1900/681 1690/2356/684 1688/1086/684
f 1719/1094/690 1723/2159/685 1727/1901/685
f 1727/1901/685 1731/2367/685 1735/2368/690
f 1735/2368/690 1739/2369/695 1743/2370/690
f 1743/2370/690 1747/2371/690 1751/2372/685
f 1751/2372/685 1755/2373/685 1691/1902/685
f 1691/1902/685 1695/934/688 1699/933/690
f 1699/933/690 1703/1073/690 1707/1038/690
f 1707/1038/690 1711/986/695 1715/1095/690
f 1715/1095/690 1719/1094/690 1727/1901/685
f 1727/1901/685 1735/2368/690 1743/2370/690
f 1743/2370/690 1751/2372/685 1691/1902/685
f 1691/1902/685 1699/933/690 1707/1038/690
f 1707/1038/690 1715/1095/690 1727/1901/685
f 1727/1901/685 1743/2370/690 1691/1902/685
f 1692/1070/686 1694/1049/686 1698/1051/689
f 1758/1903/711 1694/1049/686 1692/1070/686
f 1717/2374/692 1713/2375/687 1709/1904/687
f 1709/1904/687 1705/2376/687 1701/2377/692
f 1701/2377/692 1697/2378/687 1693/1165/687
f 1693/1165/687 1757/1162/687 1753/1155/687
f 1753/1155/687 1749/1152/708 1745/1144/687
f 1745/1144/687 1741/1134/692 1737/1129/692
f 1737/1129/692 1733/1120/692 1729/1905/687
f 1729/1905/687 1725/2379/700 1721/2380/687
f 1721/2380/687 1717/2374/692 1709/1904/687
f 1709/1904/687 1701/2377/692 1693/1165/687
f 1693/1165/687 1753/1155/687 1745/1144/687
f 1745/1144/687 1737/1129/692 1729/1905/687
f 1729/1905/687 1721/2380/687 1709/1904/687
f 1709/1904/687 1693/1165/687 1745/1144/687
f 1698/1051/689 1702/2381/691 1700/1906/691
f 1700/1907/691 1702/964/691 1706/1010/693
f 1706/1010/693 1710/1020/694 1708/1909/694
f 1708/1909/694 1710/1020/694 1714/1021/696
f 1714/1021/696 1718/752/697 1716/1911/697
f 1716/1912/697 1718/2382/697 1722/1104/698
f 1722/1104/698 1726/1106/699 1724/1109/699
f 1724/1109/699 1726/1106/699 1730/1112/701
f 1728/1117/701 1730/1112/701 1734/1914/702
f 1732/1915/702 1734/1914/702 1738/1916/703
f 1738/1918/703 1742/1919/704 1740/1138/704
f 1742/1919/704 1746/2383/706 1744/1147/705
f 1744/1147/705 1746/2383/706 1750/1920/709
f 1748/1146/707 1750/1920/709 1754/1921/710
f 1754/1922/710 1758/1903/711 1756/1164/711
f 1763/1097/712 1767/893/712 1771/892/712
f 1771/892/712 1775/1107/712 1779/1080/712
f 1779/1080/712 1783/1079/721 1787/1177/712
f 1787/1177/712 1791/2164/712 1795/2384/712
f 1795/2384/712 1799/2385/728 1803/1924/712
f 1803/1924/712 1807/2386/721 1811/2387/712
f 1811/2387/712 1815/2388/728 1819/1925/712
f 1819/1925/712 1823/2389/712 1759/2390/712
f 1759/2390/712 1763/1097/712 1771/892/712
f 1771/892/712 1779/1080/712 1787/1177/712
f 1787/1177/712 1795/2384/712 1803/1924/712
f 1803/1924/712 1811/2387/712 1819/1925/712
f 1819/1925/712 1759/2390/712 1771/892/712
f 1771/892/712 1787/1177/712 1803/1924/712
f 1762/1125/713 1766/1127/715 1764/1926/715
f 1826/1927/736 1762/1125/713 1760/1148/713
f 1797/2168/714 1793/2391/726 1789/1928/714
f 1789/1928/714 1785/2392/723 1781/2393/714
f 1781/2393/714 1777/2394/714 1773/2395/714
f 1773/2395/714 1769/2396/717 1765/2397/714
f 1765/2397/714 1761/1243/714 1825/1240/714
f 1825/1240/714 1821/1233/717 1817/1226/717
f 1817/1226/717 1813/1217/717 1809/1213/714
f 1809/1213/714 1805/1204/731 1801/1196/714
f 1801/1196/714 1797/2168/714 1789/1928/714
f 1789/1928/714 1781/2393/714 1773/2395/714
f 1773/2395/714 1765/2397/714 1825/1240/714
f 1825/1240/714 1817/1226/717 1809/1213/714
f 1809/1213/714 1801/1196/714 1789/1928/714
f 1789/1928/714 1773/2395/714 1825/1240/714
f 1766/1127/715 1770/2398/716 1768/1929/716
f 1768/1930/716 1770/1030/716 1774/1062/718
f 1774/1062/718 1778/1130/719 1776/1932/719
f 1778/1130/719 1782/990/720 1780/1933/720
f 1780/1933/720 1782/990/720 1786/1024/722
f 1786/1935/722 1790/1180/724 1788/1936/724
f 1788/1936/724 1790/1180/724 1794/1182/725
f 1792/1183/725 1794/1182/725 1798/1189/727
f 1798/1189/727 1802/1938/729 1800/1190/729
f 1802/1938/729 1806/2399/730 1804/1939/730
f 1806/1940/730 1810/2400/732 1808/1209/732
f 1808/1209/732 1810/2400/732 1814/1941/733
f 1812/1223/733 1814/1941/733 1818/1942/734
f 1818/1942/734 1822/2401/735 1820/1227/735
f 1820/1943/735 1822/2402/735 1826/1927/736
f 1855/1255/737 1859/2172/740 1863/1944/737
f 1863/1944/737 1867/2403/743 1871/2404/737
f 1871/2404/737 1875/2405/760 1879/2406/737
f 1879/2406/737 1883/2407/764 1887/2408/737
f 1887/2408/737 1891/2409/737 1827/1945/737
f 1827/1945/737 1831/1085/740 1835/1084/737
f 1835/1084/737 1839/1224/743 1843/1187/737
f 1843/1187/737 1847/1136/743 1851/1246/737
f 1851/1246/737 1855/1255/737 1863/1944/737
f 1863/1944/737 1871/2404/737 1879/2406/737
f 1879/2406/737 1887/2408/737 1827/1945/737
f 1827/1945/737 1835/1084/737 1843/1187/737
f 1843/1187/737 1851/1246/737 1863/1944/737
f 1863/1944/737 1879/2406/737 1827/1945/737
f 1830/1198/738 1834/1200/741 1832/1946/741
f 1894/1947/769 1830/1198/738 1828/1219/738
f 1853/2410/751 1849/2411/748 1845/1948/739
f 1845/1948/739 1841/2412/745 1837/2413/739
f 1837/2413/739 1833/2414/739 1829/1319/739
f 1829/1319/739 1893/1315/751 1889/1310/753
f 1889/1310/753 1885/1302/766 1881/1295/751
f 1881/1295/751 1877/1286/762 1873/1280/751
f 1873/1280/751 1869/1273/758 1865/1949/739
f 1865/1949/739 1861/2415/755 1857/2416/753
f 1857/2416/753 1853/2410/751 1845/1948/739
f 1845/1948/739 1837/2413/739 1829/1319/739
f 1829/1319/739 1889/1310/753 1881/1295/751
f 1881/1295/751 1873/1280/751 1865/1949/739
f 1865/1949/739 1857/2416/753 1845/1948/739
f 1845/1948/739 1829/1319/739 1881/1295/751
f 1832/1946/741 1834/1200/741 1838/1950/742
f 1838/1114/742 1842/1160/744 1840/1952/744
f 1842/1160/744 1846/1211/746 1844/1954/746
f 1846/1211/746 1850/1169/749 1848/1955/747
f 1848/1955/747 1850/1169/749 1854/904/750
f 1854/1957/750 1858/2173/752 1856/1958/752
f 1856/1958/752 1858/2173/752 1862/1256/754
f 1860/1262/754 1862/1256/754 1866/1265/756
f 1866/1265/756 1870/2417/757 1868/1270/757
f 1868/1270/757 1870/2417/757 1874/1960/759
f 1874/1962/759 1878/2418/761 1876/1291/761
f 1876/1291/761 1878/2418/761 1882/1963/763
f 1880/1290/763 1882/1963/763 1886/1964/767
f 1886/1964/767 1890/2419/768 1888/1307/768
f 1888/1965/768 1890/2420/768 1894/1947/769
f 1899/1966/770 1903/2421/770 1907/2422/770
f 1907/2422/770 1911/2423/770 1915/1230/770
f 1915/1230/770 1919/1322/770 1923/1327/770
f 1923/1327/770 1927/1326/770 1931/1334/770
f 1931/1334/770 1895/2177/770 1899/1966/770
f 1899/1966/770 1907/2422/770 1915/1230/770
f 1915/1230/770 1923/1327/770 1931/1334/770
f 1896/1300/771 2573/1338/771 2489/1967/774
f 1932/1968/794 1934/1339/794 2573/1338/771
f 2489/1969/774 2488/2424/776 1904/1043/776
f 1904/1043/776 2488/2424/776 2518/1970/779
f 2518/1970/779 2460/2425/781 1912/1971/781
f 2460/1967/781 2459/1174/784 1916/1259/784
f 2459/1174/784 2485/1173/786 1920/1972/786
f 1920/1973/786 2485/1324/786 2608/1323/789
f 2608/1323/789 2611/1329/791 1928/1975/791
f 2611/1329/791 1934/1335/794 1932/1976/794
f 1939/1978/796 1943/2426/796 1947/2427/796
f 1947/2427/796 1951/1347/796 1955/1355/796
f 1955/1355/796 1959/1361/796 1963/1366/796
f 1963/1366/796 1967/1365/796 1971/1977/796
f 1971/1977/796 1935/2428/796 1939/1978/796
f 1939/1978/796 1947/2427/796 1955/1355/796
f 1955/1355/796 1963/1366/796 1971/1977/796
f 2597/1305/797 2596/1304/800 1940/1979/800
f 2648/1981/819 2597/2429/797 1936/1234/797
f 1940/1979/800 2596/1304/800 2513/1328/1139
f 2513/1983/1139 2512/2430/1138 1948/1293/804
f 2512/1206/1138 2621/1342/807 1952/1984/807
f 2621/1342/807 2626/1350/809 1956/1986/809
f 2626/1987/809 2633/2431/812 1960/1354/812
f 2633/1363/812 1966/1362/814 1964/1988/814
f 1964/1988/814 1966/1362/814 2641/1367/816
f 2641/1367/816 2648/1374/819 1972/1991/819
f 1979/1992/821 1983/2432/821 1987/2433/821
f 1987/2433/821 1991/2045/821 1995/1393/821
f 1995/1393/821 1999/1392/821 2003/1406/821
f 2003/1406/821 2007/1412/821 2011/1411/821
f 2011/1411/821 1975/1533/821 1979/1992/821
f 1979/1992/821 1987/2433/821 1995/1393/821
f 1995/1393/821 2003/1406/821 2011/1411/821
f 1976/1357/822 2579/1395/822 2578/1993/825
f 2012/1995/844 2678/1416/844 2579/1395/822
f 1980/1332/825 2578/2434/825 2583/1996/1178
f 2583/1996/1178 2582/1997/1177 1988/1194/830
f 2582/1997/1177 2651/2435/833 1992/1192/833
f 2651/1998/833 1998/1395/835 1996/1383/835
f 1998/1395/835 2663/1394/837 2000/1999/837
f 2663/1403/837 2668/1402/839 2004/2000/839
f 2004/2000/839 2668/1402/839 2671/1407/842
f 2008/2002/842 2671/1407/842 2678/1413/844
f 2019/1398/847 2023/2436/847 2027/2437/847
f 2027/2437/847 2031/2438/847 2035/2004/847
f 2035/2004/847 2039/2439/847 2043/2440/847
f 2043/2440/847 2047/1453/847 2051/1452/847
f 2051/1452/847 2015/1399/847 2019/1398/847
f 2019/1398/847 2027/2437/847 2035/2004/847
f 2035/2004/847 2043/2440/847 2051/1452/847
f 2016/2005/848 2566/1268/848 2565/1267/850
f 2708/2007/870 2566/2441/848 2016/1397/848
f 2020/2006/850 2565/1267/850 2620/1341/853
f 2024/1368/853 2620/2442/853 2619/2009/856
f 2028/2010/856 2619/1421/856 2681/1420/858
f 2032/2011/858 2681/1420/858 2038/1430/860
f 2036/1426/860 2038/2443/860 2693/2013/862
f 2693/1443/862 2698/1442/865 2044/2014/865
f 2698/1442/865 2701/1447/867 2048/2016/867
f 2701/1447/867 2708/1454/870 2052/2017/870
f 2059/2018/873 2063/2444/873 2067/2445/873
f 2067/2445/873 2071/2446/873 2075/1473/873
f 2075/1473/873 2079/1472/873 2083/1486/873
f 2083/1486/873 2087/1492/873 2091/1491/873
f 2091/1491/873 2055/2186/873 2059/2018/873
f 2059/2018/873 2067/2445/873 2075/1473/873
f 2075/1473/873 2083/1486/873 2091/1491/873
f 2623/1496/874 2622/2447/876 2060/1463/876
f 2092/2019/896 2738/1474/896 2623/1496/874
f 2622/2020/876 2650/2021/878 2064/1408/878
f 2650/2021/878 2649/2448/1208 2068/1388/881
f 2068/1388/881 2649/2448/1208 2711/2022/883
f 2711/2024/883 2078/1475/886 2076/2025/886
f 2076/2025/886 2078/1475/886 2723/1474/888
f 2080/2027/888 2723/1483/888 2728/1482/890
f 2084/2028/890 2728/1482/890 2731/1487/893
f 2731/1487/893 2738/1493/896 2092/2030/896
f 2099/1478/898 2103/2449/898 2107/2450/898
f 2107/2450/898 2111/2451/898 2115/2031/898
f 2115/2031/898 2119/2452/898 2123/2453/898
f 2123/2453/898 2127/1524/898 2131/1523/898
f 2131/1523/898 2095/1479/898 2099/1478/898
f 2099/1478/898 2107/2450/898 2115/2031/898
f 2115/2031/898 2123/2453/898 2131/1523/898
f 2653/1381/899 2652/1380/901 2100/2032/901
f 2132/1526/921 2766/2454/921 2653/2034/899
f 2652/1380/901 2680/1421/904 2104/2035/904
f 2680/2036/904 2679/2455/1223 2108/1431/906
f 2679/1417/1223 2741/1500/909 2112/2037/909
f 2741/1500/909 2118/1504/912 2116/2039/912
f 2116/1501/912 2118/2456/912 2751/2040/914
f 2751/1514/914 2756/1513/916 2124/2041/916
f 2756/1513/916 2759/1518/918 2128/2043/918
f 2759/1518/918 2766/1525/921 2132/2044/921
f 2139/2045/924 2143/2433/924 2147/2432/924
f 2147/2432/924 2151/1992/924 2155/1533/924
f 2155/1533/924 2159/1411/924 2163/1412/924
f 2163/1412/924 2167/1406/924 2171/1392/924
f 2171/1392/924 2135/1393/924 2139/2045/924
f 2139/2045/924 2147/2432/924 2155/1533/924
f 2155/1533/924 2163/1412/924 2171/1392/924
f 2683/1535/925 2682/2457/928 2140/2046/928
f 2784/1534/947 2683/1535/925 2136/1509/925
f 2140/1490/928 2682/2458/928 2710/2048/1236
f 2144/1488/931 2710/2048/1236 2709/2049/1235
f 2148/1470/934 2709/2049/1235 2767/2050/937
f 2152/1530/937 2767/2459/937 2158/1535/939
f 2158/1535/939 2773/1534/1267 2160/2047/941
f 2160/2051/941 2773/1542/1267 2778/1541/943
f 2164/2052/943 2778/1541/943 2781/1545/945
f 2168/2053/945 2781/1545/945 2784/1547/947
f 2179/1538/950 2183/2460/950 2187/2461/950
f 2187/2461/950 2191/2462/950 2195/2055/950
f 2195/2055/950 2199/2463/950 2203/1563/950
f 2203/1563/950 2207/1567/950 2211/1566/950
f 2211/1566/950 2175/1539/950 2179/1538/950
f 2179/1538/950 2187/2461/950 2195/2055/950
f 2195/2055/950 2203/1563/950 2211/1566/950
f 2713/1461/951 2712/1460/954 2180/2056/954
f 2800/2058/972 2713/2464/951 2176/1537/951
f 2180/2056/954 2712/1460/954 2740/1544/1251
f 2740/2060/1251 2739/2465/1250 2188/1505/958
f 2739/1497/1250 2785/1549/960 2192/2061/960
f 2785/1549/960 2198/1553/962 2196/2063/962
f 2196/1554/962 2198/2466/962 2791/2064/964
f 2200/2065/964 2791/1560/964 2794/1559/967
f 2794/1559/967 2797/1565/970 2208/2067/970
f 2797/1565/970 2800/1568/972 2212/2068/972
