# Blender 5.2.0 LTS
# www.blender.org
o Backdrop_WaveSlide
v -19.395000 36.108265 7.700000
v -19.395000 45.208263 7.700000
v -19.845001 45.208263 8.150000
v -19.395000 45.658264 8.150000
v -19.395000 45.658264 9.850000
v -19.845001 45.208263 9.850000
v -19.395000 45.208263 10.300000
v -19.395000 36.108265 10.300000
v -19.845001 36.108265 8.150000
v -19.845001 36.108265 9.850000
v -19.395000 35.658264 9.850000
v -19.395000 35.658264 8.150000
v -13.005000 34.608265 10.000000
v -13.005000 36.708263 10.000000
v -12.555000 36.708263 9.550000
v -13.005000 37.158264 9.550000
v -12.555000 34.608265 9.550000
v -13.005000 34.158264 9.550000
v -12.555000 34.608265 -9.550000
v -12.555000 36.708263 -9.550000
v -13.005000 36.708263 -10.000000
v -13.005000 37.158264 -9.550000
v -13.005000 34.608265 -10.000000
v -13.005000 34.158264 -9.550000
v -19.395000 34.608265 -10.000000
v -19.395000 36.708263 -10.000000
v -19.845001 36.708263 -9.550000
v -19.395000 37.158264 -9.550000
v -19.395000 37.158264 9.550000
v -19.845001 36.708263 9.550000
v -19.395000 36.708263 10.000000
v -19.395000 34.608265 10.000000
v -19.845001 34.608265 -9.550000
v -19.845001 34.608265 9.550000
v -19.395000 34.158264 9.550000
v -19.395000 34.158264 -9.550000
v -18.405001 41.153545 -7.700000
v -18.405001 50.253544 -7.700000
v -17.955000 50.253544 -8.150000
v -18.405001 50.703545 -8.150000
v -17.955000 41.153545 -8.150000
v -18.405001 40.703545 -8.150000
v -17.955000 41.153545 -9.850000
v -17.955000 50.253544 -9.850000
v -18.405001 50.253544 -10.300000
v -18.405001 50.703545 -9.850000
v -18.405001 41.153545 -10.300000
v -18.405001 40.703545 -9.850000
v -24.795000 41.153545 -10.300000
v -24.795000 50.253544 -10.300000
v -25.245001 50.253544 -9.850000
v -24.795000 50.703545 -9.850000
v -24.795000 50.703545 -8.150000
v -25.245001 50.253544 -8.150000
v -24.795000 50.253544 -7.700000
v -24.795000 41.153545 -7.700000
v -25.245001 41.153545 -9.850000
v -25.245001 41.153545 -8.150000
v -24.795000 40.703545 -8.150000
v -24.795000 40.703545 -9.850000
v -18.405001 41.153545 10.300000
v -18.405001 50.253544 10.300000
v -17.955000 50.253544 9.850000
v -18.405001 50.703545 9.850000
v -17.955000 41.153545 9.850000
v -18.405001 40.703545 9.850000
v -17.955000 41.153545 8.150000
v -17.955000 50.253544 8.150000
v -18.405001 50.253544 7.700000
v -18.405001 50.703545 8.150000
v -18.405001 41.153545 7.700000
v -18.405001 40.703545 8.150000
v -24.795000 41.153545 7.700000
v -24.795000 50.253544 7.700000
v -25.245001 50.253544 8.150000
v -24.795000 50.703545 8.150000
v -24.795000 50.703545 9.850000
v -25.245001 50.253544 9.850000
v -24.795000 50.253544 10.300000
v -24.795000 41.153545 10.300000
v -25.245001 41.153545 8.150000
v -25.245001 41.153545 9.850000
v -24.795000 40.703545 9.850000
v -24.795000 40.703545 8.150000
v -28.282049 45.454773 -0.740193
v -28.282049 -30.000000 -0.740193
v -28.282049 45.454773 0.740193
v -25.245001 39.653545 9.550000
v -28.282049 -30.000000 0.740193
v -17.955000 39.653545 -9.550000
v -27.000000 45.454773 1.480385
v -25.245001 41.753544 9.550000
v -27.000000 -30.000000 1.480385
v -17.955000 41.753544 -9.550000
v -25.717951 45.454773 0.740193
v -25.245001 41.753544 -9.550000
v -25.245001 39.653545 -9.550000
v -25.717951 -30.000000 0.740193
v -17.955000 41.753544 9.550000
v -17.955000 39.653545 9.550000
v -25.717951 45.454773 -0.740193
v -27.000000 45.454773 -1.480385
v -18.405001 39.653545 -10.000000
v -24.795000 39.653545 -10.000000
v -24.795000 39.203545 -9.550000
v -18.405001 39.203545 -9.550000
v -24.795000 41.753544 -10.000000
v -18.405001 41.753544 -10.000000
v -18.405001 42.203545 -9.550000
v -24.795000 42.203545 -9.550000
v -27.000000 -30.000000 -1.480385
v -25.717951 -30.000000 -0.740193
v -24.795000 39.653545 10.000000
v -18.405001 39.653545 10.000000
v -18.405001 39.203545 9.550000
v -24.795000 39.203545 9.550000
v -18.405001 41.753544 10.000000
v -24.795000 41.753544 10.000000
v -24.795000 42.203545 9.550000
v -18.405001 42.203545 9.550000
v -23.805000 45.904774 -7.700000
v -23.805000 55.004772 -7.700000
v -23.355000 55.004772 -8.150000
v -23.805000 55.454773 -8.150000
v -23.355000 45.904774 -8.150000
v -23.805000 45.454773 -8.150000
v -23.355000 45.904774 -9.850000
v -23.355000 55.004772 -9.850000
v -23.805000 55.004772 -10.300000
v -23.805000 55.454773 -9.850000
v -23.805000 45.904774 -10.300000
v -23.805000 45.454773 -9.850000
v -30.195000 45.904774 -10.300000
v -30.195000 55.004772 -10.300000
v -30.645000 55.004772 -9.850000
v -30.195000 55.454773 -9.850000
v -30.195000 55.454773 -8.150000
v -30.645000 55.004772 -8.150000
v -30.195000 55.004772 -7.700000
v -30.195000 45.904774 -7.700000
v -30.645000 45.904774 -9.850000
v -30.645000 45.904774 -8.150000
v -30.195000 45.454773 -8.150000
v -30.195000 45.454773 -9.850000
v -23.805000 45.904774 10.300000
v -23.805000 55.004772 10.300000
v -23.355000 55.004772 9.850000
v -23.805000 55.454773 9.850000
v -23.355000 45.904774 9.850000
v -23.805000 45.454773 9.850000
v -23.355000 45.904774 8.150000
v -23.355000 55.004772 8.150000
v -23.805000 55.004772 7.700000
v -23.805000 55.454773 8.150000
v -23.805000 45.904774 7.700000
v -23.805000 45.454773 8.150000
v -30.195000 45.904774 7.700000
v -30.195000 55.004772 7.700000
v -30.645000 55.004772 8.150000
v -30.195000 55.454773 8.150000
v -30.195000 55.454773 9.850000
v -30.645000 55.004772 9.850000
v -30.195000 55.004772 10.300000
v -30.195000 45.904774 10.300000
v -30.645000 45.904774 8.150000
v -30.645000 45.904774 9.850000
v -30.195000 45.454773 9.850000
v -30.195000 45.454773 8.150000
v -23.805000 44.404774 10.000000
v -23.805000 46.504772 10.000000
v -23.355000 46.504772 9.550000
v -23.805000 46.954773 9.550000
v -23.355000 44.404774 9.550000
v -23.805000 43.954773 9.550000
v -23.355000 44.404774 -9.550000
v -23.355000 46.504772 -9.550000
v -23.805000 46.504772 -10.000000
v -23.805000 46.954773 -9.550000
v -23.805000 44.404774 -10.000000
v -23.805000 43.954773 -9.550000
v -30.195000 44.404774 -10.000000
v -30.195000 46.504772 -10.000000
v -30.645000 46.504772 -9.550000
v -30.195000 46.954773 -9.550000
v -30.195000 46.954773 9.550000
v -30.645000 46.504772 9.550000
v -30.195000 46.504772 10.000000
v -30.195000 44.404774 10.000000
v -30.645000 44.404774 -9.550000
v -30.645000 44.404774 9.550000
v -30.195000 43.954773 9.550000
v -30.195000 43.954773 -9.550000
v -29.205002 49.774803 -7.700000
v -29.205002 58.874802 -7.700000
v -28.755001 58.874802 -8.150000
v -29.205002 59.324802 -8.150000
v -28.755001 49.774803 -8.150000
v -29.205002 49.324802 -8.150000
v -28.755001 49.774803 -9.850000
v -28.755001 58.874802 -9.850000
v -29.205002 58.874802 -10.300000
v -29.205002 59.324802 -9.850000
v -29.205002 49.774803 -10.300000
v -29.205002 49.324802 -9.850000
v -35.595001 49.774803 -10.300000
v -35.595001 58.874802 -10.300000
v -36.045002 58.874802 -9.850000
v -35.595001 59.324802 -9.850000
v -35.595001 59.324802 -8.150000
v -36.045002 58.874802 -8.150000
v -35.595001 58.874802 -7.700000
v -35.595001 49.774803 -7.700000
v -36.045002 49.774803 -9.850000
v -36.045002 49.774803 -8.150000
v -35.595001 49.324802 -8.150000
v -35.595001 49.324802 -9.850000
v -29.205002 49.774803 10.300000
v -29.205002 58.874802 10.300000
v -28.755001 58.874802 9.850000
v -29.205002 59.324802 9.850000
v -28.755001 49.774803 9.850000
v -29.205002 49.324802 9.850000
v -28.755001 49.774803 8.150000
v -28.755001 58.874802 8.150000
v -29.205002 58.874802 7.700000
v -29.205002 59.324802 8.150000
v -29.205002 49.774803 7.700000
v -29.205002 49.324802 8.150000
v -35.595001 49.774803 7.700000
v -35.595001 58.874802 7.700000
v -36.045002 58.874802 8.150000
v -35.595001 59.324802 8.150000
v -35.595001 59.324802 9.850000
v -36.045002 58.874802 9.850000
v -35.595001 58.874802 10.300000
v -35.595001 49.774803 10.300000
v -36.045002 49.774803 8.150000
v -36.045002 49.774803 9.850000
v -35.595001 49.324802 9.850000
v -35.595001 49.324802 8.150000
v -29.205002 48.274803 10.000000
v -29.205002 50.374802 10.000000
v -28.755001 50.374802 9.550000
v -29.205002 50.824802 9.550000
v -28.755001 48.274803 9.550000
v -29.205002 47.824802 9.550000
v -28.755001 48.274803 -9.550000
v -28.755001 50.374802 -9.550000
v -29.205002 50.374802 -10.000000
v -29.205002 50.824802 -9.550000
v -29.205002 48.274803 -10.000000
v -29.205002 47.824802 -9.550000
v -35.595001 48.274803 -10.000000
v -35.595001 50.374802 -10.000000
v -36.045002 50.374802 -9.550000
v -35.595001 50.824802 -9.550000
v -35.595001 50.824802 9.550000
v -36.045002 50.374802 9.550000
v -35.595001 50.374802 10.000000
v -35.595001 48.274803 10.000000
v -36.045002 48.274803 -9.550000
v -36.045002 48.274803 9.550000
v -35.595001 47.824802 9.550000
v -35.595001 47.824802 -9.550000
v -34.605000 52.348991 -7.700000
v -34.605000 61.448990 -7.700000
v -34.154999 61.448990 -8.150000
v -34.605000 61.898991 -8.150000
v -34.154999 52.348991 -8.150000
v -34.605000 51.898991 -8.150000
v -34.154999 52.348991 -9.850000
v -34.154999 61.448990 -9.850000
v -34.605000 61.448990 -10.300000
v -34.605000 61.898991 -9.850000
v -34.605000 52.348991 -10.300000
v -34.605000 51.898991 -9.850000
v -40.994999 52.348991 -10.300000
v -40.994999 61.448990 -10.300000
v -41.445000 61.448990 -9.850000
v -40.994999 61.898991 -9.850000
v -40.994999 61.898991 -8.150000
v -41.445000 61.448990 -8.150000
v -40.994999 61.448990 -7.700000
v -40.994999 52.348991 -7.700000
v -41.445000 52.348991 -9.850000
v -41.445000 52.348991 -8.150000
v -40.994999 51.898991 -8.150000
v -40.994999 51.898991 -9.850000
v -34.605000 52.348991 10.300000
v -34.605000 61.448990 10.300000
v -34.154999 61.448990 9.850000
v -34.605000 61.898991 9.850000
v -34.154999 52.348991 9.850000
v -34.605000 51.898991 9.850000
v -34.154999 52.348991 8.150000
v -34.154999 61.448990 8.150000
v -34.605000 61.448990 7.700000
v -34.605000 61.898991 8.150000
v -34.605000 52.348991 7.700000
v -34.605000 51.898991 8.150000
v -40.994999 52.348991 7.700000
v -40.994999 61.448990 7.700000
v -41.445000 61.448990 8.150000
v -40.994999 61.898991 8.150000
v -40.994999 61.898991 9.850000
v -41.445000 61.448990 9.850000
v -40.994999 61.448990 10.300000
v -40.994999 52.348991 10.300000
v -41.445000 52.348991 8.150000
v -41.445000 52.348991 9.850000
v -40.994999 51.898991 9.850000
v -40.994999 51.898991 8.150000
v -34.605000 50.848991 10.000000
v -34.605000 52.948990 10.000000
v -34.154999 52.948990 9.550000
v -34.605000 53.398991 9.550000
v -34.154999 50.848991 9.550000
v -34.605000 50.398991 9.550000
v -34.154999 50.848991 -9.550000
v -34.154999 52.948990 -9.550000
v -34.605000 52.948990 -10.000000
v -34.605000 53.398991 -9.550000
v -34.605000 50.848991 -10.000000
v -34.605000 50.398991 -9.550000
v -40.994999 50.848991 -10.000000
v -40.994999 52.948990 -10.000000
v -41.445000 52.948990 -9.550000
v -40.994999 53.398991 -9.550000
v -40.994999 53.398991 9.550000
v -41.445000 52.948990 9.550000
v -40.994999 52.948990 10.000000
v -40.994999 50.848991 10.000000
v -41.445000 50.848991 -9.550000
v -41.445000 50.848991 9.550000
v -40.994999 50.398991 9.550000
v -40.994999 50.398991 -9.550000
v -40.005001 53.486595 -7.700000
v -40.005001 62.586594 -7.700000
v -39.555000 62.586594 -8.150000
v -40.005001 63.036594 -8.150000
v -39.555000 53.486595 -8.150000
v -40.005001 53.036594 -8.150000
v -39.555000 53.486595 -9.850000
v -39.555000 62.586594 -9.850000
v -40.005001 62.586594 -10.300000
v -40.005001 63.036594 -9.850000
v -40.005001 53.486595 -10.300000
v -40.005001 53.036594 -9.850000
v -46.395000 53.486595 -10.300000
v -46.395000 62.586594 -10.300000
v -46.845001 62.586594 -9.850000
v -46.395000 63.036594 -9.850000
v -46.395000 63.036594 -8.150000
v -46.845001 62.586594 -8.150000
v -46.395000 62.586594 -7.700000
v -46.395000 53.486595 -7.700000
v -46.845001 53.486595 -9.850000
v -46.845001 53.486595 -8.150000
v -46.395000 53.036594 -8.150000
v -46.395000 53.036594 -9.850000
v -40.005001 53.486595 10.300000
v -40.005001 62.586594 10.300000
v -39.555000 62.586594 9.850000
v -40.005001 63.036594 9.850000
v -39.555000 53.486595 9.850000
v -40.005001 53.036594 9.850000
v -39.555000 53.486595 8.150000
v -39.555000 62.586594 8.150000
v -40.005001 62.586594 7.700000
v -40.005001 63.036594 8.150000
v -40.005001 53.486595 7.700000
v -40.005001 53.036594 8.150000
v -46.395000 53.486595 7.700000
v -46.395000 62.586594 7.700000
v -46.845001 62.586594 8.150000
v -46.395000 63.036594 8.150000
v -46.395000 63.036594 9.850000
v -46.845001 62.586594 9.850000
v -46.395000 62.586594 10.300000
v -46.395000 53.486595 10.300000
v -46.845001 53.486595 8.150000
v -46.845001 53.486595 9.850000
v -46.395000 53.036594 9.850000
v -46.395000 53.036594 8.150000
v -40.005001 51.986595 10.000000
v -40.005001 54.086594 10.000000
v -39.555000 54.086594 9.550000
v -40.005001 54.536594 9.550000
v -39.555000 51.986595 9.550000
v -40.005001 51.536594 9.550000
v -39.555000 51.986595 -9.550000
v -39.555000 54.086594 -9.550000
v -40.005001 54.086594 -10.000000
v -40.005001 54.536594 -9.550000
v -40.005001 51.986595 -10.000000
v -40.005001 51.536594 -9.550000
v -46.395000 51.986595 -10.000000
v -46.395000 54.086594 -10.000000
v -46.845001 54.086594 -9.550000
v -46.395000 54.536594 -9.550000
v -46.395000 54.536594 9.550000
v -46.845001 54.086594 9.550000
v -46.395000 54.086594 10.000000
v -46.395000 51.986595 10.000000
v -46.845001 51.986595 -9.550000
v -46.845001 51.986595 9.550000
v -46.395000 51.536594 9.550000
v -46.395000 51.536594 -9.550000
v -45.404999 53.364376 -7.700000
v -45.404999 62.464375 -7.700000
v -44.954998 62.464375 -8.150000
v -45.404999 62.914375 -8.150000
v -44.954998 53.364376 -8.150000
v -45.404999 52.914375 -8.150000
v -44.954998 53.364376 -9.850000
v -44.954998 62.464375 -9.850000
v -45.404999 62.464375 -10.300000
v -45.404999 62.914375 -9.850000
v -45.404999 53.364376 -10.300000
v -45.404999 52.914375 -9.850000
v -51.794998 53.364376 -10.300000
v -51.794998 62.464375 -10.300000
v -52.244999 62.464375 -9.850000
v -51.794998 62.914375 -9.850000
v -51.794998 62.914375 -8.150000
v -52.244999 62.464375 -8.150000
v -51.794998 62.464375 -7.700000
v -51.794998 53.364376 -7.700000
v -52.244999 53.364376 -9.850000
v -52.244999 53.364376 -8.150000
v -51.794998 52.914375 -8.150000
v -51.794998 52.914375 -9.850000
v -45.404999 53.364376 10.300000
v -45.404999 62.464375 10.300000
v -44.954998 62.464375 9.850000
v -45.404999 62.914375 9.850000
v -44.954998 53.364376 9.850000
v -45.404999 52.914375 9.850000
v -44.954998 53.364376 8.150000
v -44.954998 62.464375 8.150000
v -45.404999 62.464375 7.700000
v -45.404999 62.914375 8.150000
v -45.404999 53.364376 7.700000
v -45.404999 52.914375 8.150000
v -51.794998 53.364376 7.700000
v -51.794998 62.464375 7.700000
v -52.244999 62.464375 8.150000
v -51.794998 62.914375 8.150000
v -51.794998 62.914375 9.850000
v -52.244999 62.464375 9.850000
v -51.794998 62.464375 10.300000
v -51.794998 53.364376 10.300000
v -52.244999 53.364376 8.150000
v -52.244999 53.364376 9.850000
v -51.794998 52.914375 9.850000
v -51.794998 52.914375 8.150000
v -55.282051 52.000000 -0.740194
v -55.282051 -30.000000 -0.740194
v -55.282051 52.000000 0.740194
v -52.244999 51.864376 9.550000
v -55.282051 -30.000000 0.740194
v -44.954998 51.864376 -9.550000
v -54.000000 52.000000 1.480386
v -52.244999 53.964375 9.550000
v -54.000000 -30.000000 1.480386
v -44.954998 53.964375 -9.550000
v -52.717949 52.000000 0.740194
v -52.244999 53.964375 -9.550000
v -52.244999 51.864376 -9.550000
v -52.717949 -30.000000 0.740194
v -44.954998 53.964375 9.550000
v -44.954998 51.864376 9.550000
v -52.717949 52.000000 -0.740194
v -54.000000 52.000000 -1.480386
v -45.404999 51.864376 -10.000000
v -51.794998 51.864376 -10.000000
v -51.794998 51.414375 -9.550000
v -45.404999 51.414375 -9.550000
v -51.794998 53.964375 -10.000000
v -45.404999 53.964375 -10.000000
v -45.404999 54.414375 -9.550000
v -51.794998 54.414375 -9.550000
v -54.000000 -30.000000 -1.480386
v -52.717949 -30.000000 -0.740194
v -51.794998 51.864376 10.000000
v -45.404999 51.864376 10.000000
v -45.404999 51.414375 9.550000
v -51.794998 51.414375 9.550000
v -45.404999 53.964375 10.000000
v -51.794998 53.964375 10.000000
v -51.794998 54.414375 9.550000
v -45.404999 54.414375 9.550000
v -50.805000 52.450001 -7.700000
v -50.805000 61.549999 -7.700000
v -50.355000 61.549999 -8.150000
v -50.805000 62.000000 -8.150000
v -50.355000 52.450001 -8.150000
v -50.805000 52.000000 -8.150000
v -50.355000 52.450001 -9.850000
v -50.355000 61.549999 -9.850000
v -50.805000 61.549999 -10.300000
v -50.805000 62.000000 -9.850000
v -50.805000 52.450001 -10.300000
v -50.805000 52.000000 -9.850000
v -57.195000 52.450001 -10.300000
v -57.195000 61.549999 -10.300000
v -57.645000 61.549999 -9.850000
v -57.195000 62.000000 -9.850000
v -57.195000 62.000000 -8.150000
v -57.645000 61.549999 -8.150000
v -57.195000 61.549999 -7.700000
v -57.195000 52.450001 -7.700000
v -57.645000 52.450001 -9.850000
v -57.645000 52.450001 -8.150000
v -57.195000 52.000000 -8.150000
v -57.195000 52.000000 -9.850000
v -50.805000 52.450001 10.300000
v -50.805000 61.549999 10.300000
v -50.355000 61.549999 9.850000
v -50.805000 62.000000 9.850000
v -50.355000 52.450001 9.850000
v -50.805000 52.000000 9.850000
v -50.355000 52.450001 8.150000
v -50.355000 61.549999 8.150000
v -50.805000 61.549999 7.700000
v -50.805000 62.000000 8.150000
v -50.805000 52.450001 7.700000
v -50.805000 52.000000 8.150000
v -57.195000 52.450001 7.700000
v -57.195000 61.549999 7.700000
v -57.645000 61.549999 8.150000
v -57.195000 62.000000 8.150000
v -57.195000 62.000000 9.850000
v -57.645000 61.549999 9.850000
v -57.195000 61.549999 10.300000
v -57.195000 52.450001 10.300000
v -57.645000 52.450001 8.150000
v -57.645000 52.450001 9.850000
v -57.195000 52.000000 9.850000
v -57.195000 52.000000 8.150000
v -50.805000 50.950001 10.000000
v -50.805000 53.049999 10.000000
v -50.355000 53.049999 9.550000
v -50.805000 53.500000 9.550000
v -50.355000 50.950001 9.550000
v -50.805000 50.500000 9.550000
v -50.355000 50.950001 -9.550000
v -50.355000 53.049999 -9.550000
v -50.805000 53.049999 -10.000000
v -50.805000 53.500000 -9.550000
v -50.805000 50.950001 -10.000000
v -50.805000 50.500000 -9.550000
v -57.195000 50.950001 10.000000
v -57.195000 50.500000 9.550000
v -57.195000 50.950001 -10.000000
v -57.195000 53.049999 -10.000000
v -57.645000 53.049999 -9.550000
v -57.195000 53.500000 -9.550000
v -57.195000 53.500000 9.550000
v -57.645000 53.049999 9.550000
v -57.195000 53.049999 10.000000
v -57.195000 50.950001 10.000000
v -57.645000 50.950001 -9.550000
v -57.645000 50.950001 9.550000
v -57.195000 50.500000 9.550000
v -57.195000 50.500000 -9.550000
v -57.645000 50.950001 9.550000
v -57.195000 53.049999 10.000000
v -57.195000 53.500000 9.550000
v -57.645000 53.049999 9.550000
v -57.195000 50.500000 -9.550000
v -57.645000 50.950001 -9.550000
v -57.195000 50.950001 -10.000000
v -57.195000 53.500000 -9.550000
v -57.195000 53.049999 -10.000000
v -57.645000 53.049999 -9.550000
v -50.805000 50.500000 9.550000
v -50.355000 50.950001 9.550000
v -50.805000 50.950001 10.000000
v -50.805000 53.500000 9.550000
v -50.805000 53.049999 10.000000
v -50.355000 53.049999 9.550000
v -50.805000 50.500000 -9.550000
v -50.805000 50.950001 -10.000000
v -50.355000 50.950001 -9.550000
v -50.805000 53.500000 -9.550000
v -50.355000 53.049999 -9.550000
v -50.805000 53.049999 -10.000000
v -57.195000 52.000000 9.850000
v -57.195000 52.450001 10.300000
v -57.645000 52.450001 9.850000
v -57.195000 61.549999 10.300000
v -57.195000 62.000000 9.850000
v -57.645000 61.549999 9.850000
v -57.195000 52.000000 8.150000
v -57.645000 52.450001 8.150000
v -57.195000 52.450001 7.700000
v -57.195000 62.000000 8.150000
v -57.195000 61.549999 7.700000
v -57.645000 61.549999 8.150000
v -50.805000 52.000000 9.850000
v -50.355000 52.450001 9.850000
v -50.805000 52.450001 10.300000
v -50.805000 62.000000 9.850000
v -50.805000 61.549999 10.300000
v -50.355000 61.549999 9.850000
v -50.805000 52.000000 8.150000
v -50.805000 52.450001 7.700000
v -50.355000 52.450001 8.150000
v -50.805000 62.000000 8.150000
v -50.355000 61.549999 8.150000
v -50.805000 61.549999 7.700000
v -57.195000 52.000000 -8.150000
v -57.195000 52.450001 -7.700000
v -57.645000 52.450001 -8.150000
v -57.195000 61.549999 -7.700000
v -57.195000 62.000000 -8.150000
v -57.645000 61.549999 -8.150000
v -57.195000 52.000000 -9.850000
v -57.645000 52.450001 -9.850000
v -57.195000 52.450001 -10.300000
v -57.195000 62.000000 -9.850000
v -57.195000 61.549999 -10.300000
v -57.645000 61.549999 -9.850000
v -50.805000 52.000000 -8.150000
v -50.355000 52.450001 -8.150000
v -50.805000 52.450001 -7.700000
v -50.805000 62.000000 -8.150000
v -50.805000 61.549999 -7.700000
v -50.355000 61.549999 -8.150000
v -50.805000 52.000000 -9.850000
v -50.805000 52.450001 -10.300000
v -50.355000 52.450001 -9.850000
v -50.805000 62.000000 -9.850000
v -50.355000 61.549999 -9.850000
v -50.805000 61.549999 -10.300000
v -51.794998 53.964375 10.000000
v -51.794998 54.414375 9.550000
v -52.244999 53.964375 9.550000
v -51.794998 51.414375 9.550000
v -51.794998 51.864376 10.000000
v -52.244999 51.864376 9.550000
v -54.000000 -30.000000 -1.480386
v -54.389713 -29.549999 -1.774999
v -53.610287 -29.549999 -1.775000
v -54.000000 52.000000 -1.480386
v -53.610287 51.549999 -1.774999
v -54.389713 51.549999 -1.775000
v -52.717949 -30.000000 -0.740194
v -52.657661 -29.549999 -1.225001
v -52.267948 -29.549999 -0.550000
v -52.717949 52.000000 -0.740194
v -52.267948 51.549999 -0.550000
v -52.657661 51.549999 -1.225000
v -52.717949 -30.000000 0.740194
v -52.267948 -29.549999 0.550000
v -52.657661 -29.549999 1.225000
v -52.717949 52.000000 0.740194
v -52.657661 51.549999 1.225001
v -52.267948 51.549999 0.550000
v -54.000000 -30.000000 1.480386
v -53.610287 -29.549999 1.774999
v -54.389713 -29.549999 1.775000
v -54.000000 52.000000 1.480386
v -54.389713 51.549999 1.774999
v -53.610287 51.549999 1.775000
v -55.282051 -30.000000 0.740194
v -55.342339 -29.549999 1.225001
v -55.732052 -29.549999 0.550000
v -55.282051 52.000000 0.740194
v -55.732052 51.549999 0.550000
v -55.342339 51.549999 1.225000
v -55.282051 -30.000000 -0.740194
v -55.732052 -29.549999 -0.550000
v -55.342339 -29.549999 -1.225000
v -55.282051 52.000000 -0.740194
v -55.342339 51.549999 -1.225001
v -55.732052 51.549999 -0.550000
v -51.794998 51.414375 -9.550000
v -52.244999 51.864376 -9.550000
v -51.794998 51.864376 -10.000000
v -51.794998 54.414375 -9.550000
v -51.794998 53.964375 -10.000000
v -52.244999 53.964375 -9.550000
v -45.404999 51.414375 9.550000
v -44.954998 51.864376 9.550000
v -45.404999 51.864376 10.000000
v -45.404999 54.414375 9.550000
v -45.404999 53.964375 10.000000
v -44.954998 53.964375 9.550000
v -45.404999 51.414375 -9.550000
v -45.404999 51.864376 -10.000000
v -44.954998 51.864376 -9.550000
v -45.404999 54.414375 -9.550000
v -44.954998 53.964375 -9.550000
v -45.404999 53.964375 -10.000000
v -51.794998 52.914375 9.850000
v -51.794998 53.364376 10.300000
v -52.244999 53.364376 9.850000
v -51.794998 62.464375 10.300000
v -51.794998 62.914375 9.850000
v -52.244999 62.464375 9.850000
v -51.794998 52.914375 8.150000
v -52.244999 53.364376 8.150000
v -51.794998 53.364376 7.700000
v -51.794998 62.914375 8.150000
v -51.794998 62.464375 7.700000
v -52.244999 62.464375 8.150000
v -45.404999 52.914375 9.850000
v -44.954998 53.364376 9.850000
v -45.404999 53.364376 10.300000
v -45.404999 62.914375 9.850000
v -45.404999 62.464375 10.300000
v -44.954998 62.464375 9.850000
v -45.404999 52.914375 8.150000
v -45.404999 53.364376 7.700000
v -44.954998 53.364376 8.150000
v -45.404999 62.914375 8.150000
v -44.954998 62.464375 8.150000
v -45.404999 62.464375 7.700000
v -51.794998 52.914375 -8.150000
v -51.794998 53.364376 -7.700000
v -52.244999 53.364376 -8.150000
v -51.794998 62.464375 -7.700000
v -51.794998 62.914375 -8.150000
v -52.244999 62.464375 -8.150000
v -51.794998 52.914375 -9.850000
v -52.244999 53.364376 -9.850000
v -51.794998 53.364376 -10.300000
v -51.794998 62.914375 -9.850000
v -51.794998 62.464375 -10.300000
v -52.244999 62.464375 -9.850000
v -45.404999 52.914375 -8.150000
v -44.954998 53.364376 -8.150000
v -45.404999 53.364376 -7.700000
v -45.404999 62.914375 -8.150000
v -45.404999 62.464375 -7.700000
v -44.954998 62.464375 -8.150000
v -45.404999 52.914375 -9.850000
v -45.404999 53.364376 -10.300000
v -44.954998 53.364376 -9.850000
v -45.404999 62.914375 -9.850000
v -44.954998 62.464375 -9.850000
v -45.404999 62.464375 -10.300000
v -46.395000 51.536594 9.550000
v -46.395000 51.986595 10.000000
v -46.845001 51.986595 9.550000
v -46.395000 54.086594 10.000000
v -46.395000 54.536594 9.550000
v -46.845001 54.086594 9.550000
v -46.395000 51.536594 -9.550000
v -46.845001 51.986595 -9.550000
v -46.395000 51.986595 -10.000000
v -46.395000 54.536594 -9.550000
v -46.395000 54.086594 -10.000000
v -46.845001 54.086594 -9.550000
v -40.005001 51.536594 9.550000
v -39.555000 51.986595 9.550000
v -40.005001 51.986595 10.000000
v -40.005001 54.536594 9.550000
v -40.005001 54.086594 10.000000
v -39.555000 54.086594 9.550000
v -40.005001 51.536594 -9.550000
v -40.005001 51.986595 -10.000000
v -39.555000 51.986595 -9.550000
v -40.005001 54.536594 -9.550000
v -39.555000 54.086594 -9.550000
v -40.005001 54.086594 -10.000000
v -46.395000 53.036594 9.850000
v -46.395000 53.486595 10.300000
v -46.845001 53.486595 9.850000
v -46.395000 62.586594 10.300000
v -46.395000 63.036594 9.850000
v -46.845001 62.586594 9.850000
v -46.395000 53.036594 8.150000
v -46.845001 53.486595 8.150000
v -46.395000 53.486595 7.700000
v -46.395000 63.036594 8.150000
v -46.395000 62.586594 7.700000
v -46.845001 62.586594 8.150000
v -40.005001 53.036594 9.850000
v -39.555000 53.486595 9.850000
v -40.005001 53.486595 10.300000
v -40.005001 63.036594 9.850000
v -40.005001 62.586594 10.300000
v -39.555000 62.586594 9.850000
v -40.005001 53.036594 8.150000
v -40.005001 53.486595 7.700000
v -39.555000 53.486595 8.150000
v -40.005001 63.036594 8.150000
v -39.555000 62.586594 8.150000
v -40.005001 62.586594 7.700000
v -46.395000 53.036594 -8.150000
v -46.395000 53.486595 -7.700000
v -46.845001 53.486595 -8.150000
v -46.395000 62.586594 -7.700000
v -46.395000 63.036594 -8.150000
v -46.845001 62.586594 -8.150000
v -46.395000 53.036594 -9.850000
v -46.845001 53.486595 -9.850000
v -46.395000 53.486595 -10.300000
v -46.395000 63.036594 -9.850000
v -46.395000 62.586594 -10.300000
v -46.845001 62.586594 -9.850000
v -40.005001 53.036594 -8.150000
v -39.555000 53.486595 -8.150000
v -40.005001 53.486595 -7.700000
v -40.005001 63.036594 -8.150000
v -40.005001 62.586594 -7.700000
v -39.555000 62.586594 -8.150000
v -40.005001 53.036594 -9.850000
v -40.005001 53.486595 -10.300000
v -39.555000 53.486595 -9.850000
v -40.005001 63.036594 -9.850000
v -39.555000 62.586594 -9.850000
v -40.005001 62.586594 -10.300000
v -40.994999 50.398991 9.550000
v -40.994999 50.848991 10.000000
v -41.445000 50.848991 9.550000
v -40.994999 52.948990 10.000000
v -40.994999 53.398991 9.550000
v -41.445000 52.948990 9.550000
v -40.994999 50.398991 -9.550000
v -41.445000 50.848991 -9.550000
v -40.994999 50.848991 -10.000000
v -40.994999 53.398991 -9.550000
v -40.994999 52.948990 -10.000000
v -41.445000 52.948990 -9.550000
v -34.605000 50.398991 9.550000
v -34.154999 50.848991 9.550000
v -34.605000 50.848991 10.000000
v -34.605000 53.398991 9.550000
v -34.605000 52.948990 10.000000
v -34.154999 52.948990 9.550000
v -34.605000 50.398991 -9.550000
v -34.605000 50.848991 -10.000000
v -34.154999 50.848991 -9.550000
v -34.605000 53.398991 -9.550000
v -34.154999 52.948990 -9.550000
v -34.605000 52.948990 -10.000000
v -40.994999 51.898991 9.850000
v -40.994999 52.348991 10.300000
v -41.445000 52.348991 9.850000
v -40.994999 61.448990 10.300000
v -40.994999 61.898991 9.850000
v -41.445000 61.448990 9.850000
v -40.994999 51.898991 8.150000
v -41.445000 52.348991 8.150000
v -40.994999 52.348991 7.700000
v -40.994999 61.898991 8.150000
v -40.994999 61.448990 7.700000
v -41.445000 61.448990 8.150000
v -34.605000 51.898991 9.850000
v -34.154999 52.348991 9.850000
v -34.605000 52.348991 10.300000
v -34.605000 61.898991 9.850000
v -34.605000 61.448990 10.300000
v -34.154999 61.448990 9.850000
v -34.605000 51.898991 8.150000
v -34.605000 52.348991 7.700000
v -34.154999 52.348991 8.150000
v -34.605000 61.898991 8.150000
v -34.154999 61.448990 8.150000
v -34.605000 61.448990 7.700000
v -40.994999 51.898991 -8.150000
v -40.994999 52.348991 -7.700000
v -41.445000 52.348991 -8.150000
v -40.994999 61.448990 -7.700000
v -40.994999 61.898991 -8.150000
v -41.445000 61.448990 -8.150000
v -40.994999 51.898991 -9.850000
v -41.445000 52.348991 -9.850000
v -40.994999 52.348991 -10.300000
v -40.994999 61.898991 -9.850000
v -40.994999 61.448990 -10.300000
v -41.445000 61.448990 -9.850000
v -34.605000 51.898991 -8.150000
v -34.154999 52.348991 -8.150000
v -34.605000 52.348991 -7.700000
v -34.605000 61.898991 -8.150000
v -34.605000 61.448990 -7.700000
v -34.154999 61.448990 -8.150000
v -34.605000 51.898991 -9.850000
v -34.605000 52.348991 -10.300000
v -34.154999 52.348991 -9.850000
v -34.605000 61.898991 -9.850000
v -34.154999 61.448990 -9.850000
v -34.605000 61.448990 -10.300000
v -35.595001 47.824802 9.550000
v -35.595001 48.274803 10.000000
v -36.045002 48.274803 9.550000
v -35.595001 50.374802 10.000000
v -35.595001 50.824802 9.550000
v -36.045002 50.374802 9.550000
v -35.595001 47.824802 -9.550000
v -36.045002 48.274803 -9.550000
v -35.595001 48.274803 -10.000000
v -35.595001 50.824802 -9.550000
v -35.595001 50.374802 -10.000000
v -36.045002 50.374802 -9.550000
v -29.205002 47.824802 9.550000
v -28.755001 48.274803 9.550000
v -29.205002 48.274803 10.000000
v -29.205002 50.824802 9.550000
v -29.205002 50.374802 10.000000
v -28.755001 50.374802 9.550000
v -29.205002 47.824802 -9.550000
v -29.205002 48.274803 -10.000000
v -28.755001 48.274803 -9.550000
v -29.205002 50.824802 -9.550000
v -28.755001 50.374802 -9.550000
v -29.205002 50.374802 -10.000000
v -35.595001 49.324802 9.850000
v -35.595001 49.774803 10.300000
v -36.045002 49.774803 9.850000
v -35.595001 58.874802 10.300000
v -35.595001 59.324802 9.850000
v -36.045002 58.874802 9.850000
v -35.595001 49.324802 8.150000
v -36.045002 49.774803 8.150000
v -35.595001 49.774803 7.700000
v -35.595001 59.324802 8.150000
v -35.595001 58.874802 7.700000
v -36.045002 58.874802 8.150000
v -29.205002 49.324802 9.850000
v -28.755001 49.774803 9.850000
v -29.205002 49.774803 10.300000
v -29.205002 59.324802 9.850000
v -29.205002 58.874802 10.300000
v -28.755001 58.874802 9.850000
v -29.205002 49.324802 8.150000
v -29.205002 49.774803 7.700000
v -28.755001 49.774803 8.150000
v -29.205002 59.324802 8.150000
v -28.755001 58.874802 8.150000
v -29.205002 58.874802 7.700000
v -35.595001 49.324802 -8.150000
v -35.595001 49.774803 -7.700000
v -36.045002 49.774803 -8.150000
v -35.595001 58.874802 -7.700000
v -35.595001 59.324802 -8.150000
v -36.045002 58.874802 -8.150000
v -35.595001 49.324802 -9.850000
v -36.045002 49.774803 -9.850000
v -35.595001 49.774803 -10.300000
v -35.595001 59.324802 -9.850000
v -35.595001 58.874802 -10.300000
v -36.045002 58.874802 -9.850000
v -29.205002 49.324802 -8.150000
v -28.755001 49.774803 -8.150000
v -29.205002 49.774803 -7.700000
v -29.205002 59.324802 -8.150000
v -29.205002 58.874802 -7.700000
v -28.755001 58.874802 -8.150000
v -29.205002 49.324802 -9.850000
v -29.205002 49.774803 -10.300000
v -28.755001 49.774803 -9.850000
v -29.205002 59.324802 -9.850000
v -28.755001 58.874802 -9.850000
v -29.205002 58.874802 -10.300000
v -30.195000 43.954773 9.550000
v -30.195000 44.404774 10.000000
v -30.645000 44.404774 9.550000
v -30.195000 46.504772 10.000000
v -30.195000 46.954773 9.550000
v -30.645000 46.504772 9.550000
v -30.195000 43.954773 -9.550000
v -30.645000 44.404774 -9.550000
v -30.195000 44.404774 -10.000000
v -30.195000 46.954773 -9.550000
v -30.195000 46.504772 -10.000000
v -30.645000 46.504772 -9.550000
v -23.805000 43.954773 9.550000
v -23.355000 44.404774 9.550000
v -23.805000 44.404774 10.000000
v -23.805000 46.954773 9.550000
v -23.805000 46.504772 10.000000
v -23.355000 46.504772 9.550000
v -23.805000 43.954773 -9.550000
v -23.805000 44.404774 -10.000000
v -23.355000 44.404774 -9.550000
v -23.805000 46.954773 -9.550000
v -23.355000 46.504772 -9.550000
v -23.805000 46.504772 -10.000000
v -30.195000 45.454773 9.850000
v -30.195000 45.904774 10.300000
v -30.645000 45.904774 9.850000
v -30.195000 55.004772 10.300000
v -30.195000 55.454773 9.850000
v -30.645000 55.004772 9.850000
v -30.195000 45.454773 8.150000
v -30.645000 45.904774 8.150000
v -30.195000 45.904774 7.700000
v -30.195000 55.454773 8.150000
v -30.195000 55.004772 7.700000
v -30.645000 55.004772 8.150000
v -23.805000 45.454773 9.850000
v -23.355000 45.904774 9.850000
v -23.805000 45.904774 10.300000
v -23.805000 55.454773 9.850000
v -23.805000 55.004772 10.300000
v -23.355000 55.004772 9.850000
v -23.805000 45.454773 8.150000
v -23.805000 45.904774 7.700000
v -23.355000 45.904774 8.150000
v -23.805000 55.454773 8.150000
v -23.355000 55.004772 8.150000
v -23.805000 55.004772 7.700000
v -30.195000 45.454773 -8.150000
v -30.195000 45.904774 -7.700000
v -30.645000 45.904774 -8.150000
v -30.195000 55.004772 -7.700000
v -30.195000 55.454773 -8.150000
v -30.645000 55.004772 -8.150000
v -30.195000 45.454773 -9.850000
v -30.645000 45.904774 -9.850000
v -30.195000 45.904774 -10.300000
v -30.195000 55.454773 -9.850000
v -30.195000 55.004772 -10.300000
v -30.645000 55.004772 -9.850000
v -23.805000 45.454773 -8.150000
v -23.355000 45.904774 -8.150000
v -23.805000 45.904774 -7.700000
v -23.805000 55.454773 -8.150000
v -23.805000 55.004772 -7.700000
v -23.355000 55.004772 -8.150000
v -23.805000 45.454773 -9.850000
v -23.805000 45.904774 -10.300000
v -23.355000 45.904774 -9.850000
v -23.805000 55.454773 -9.850000
v -23.355000 55.004772 -9.850000
v -23.805000 55.004772 -10.300000
v -24.795000 41.753544 10.000000
v -24.795000 42.203545 9.550000
v -25.245001 41.753544 9.550000
v -24.795000 39.203545 9.550000
v -24.795000 39.653545 10.000000
v -25.245001 39.653545 9.550000
v -27.000000 -30.000000 -1.480385
v -27.389711 -29.549999 -1.775000
v -26.610289 -29.549999 -1.775000
v -27.000000 45.454773 -1.480385
v -26.610289 45.004772 -1.775000
v -27.389711 45.004772 -1.775000
v -25.717951 -30.000000 -0.740193
v -25.657661 -29.549999 -1.225000
v -25.267950 -29.549999 -0.550000
v -25.717951 45.454773 -0.740193
v -25.267950 45.004772 -0.550000
v -25.657661 45.004772 -1.225000
v -25.717951 -30.000000 0.740193
v -25.267950 -29.549999 0.550000
v -25.657661 -29.549999 1.225000
v -25.717951 45.454773 0.740193
v -25.657661 45.004772 1.225000
v -25.267950 45.004772 0.550000
v -27.000000 -30.000000 1.480385
v -26.610289 -29.549999 1.775000
v -27.389711 -29.549999 1.775000
v -27.000000 45.454773 1.480385
v -27.389711 45.004772 1.775000
v -26.610289 45.004772 1.775000
v -28.282049 -30.000000 0.740193
v -28.342339 -29.549999 1.225000
v -28.732050 -29.549999 0.550000
v -28.282049 45.454773 0.740193
v -28.732050 45.004772 0.550000
v -28.342339 45.004772 1.225000
v -28.282049 -30.000000 -0.740193
v -28.732050 -29.549999 -0.550000
v -28.342339 -29.549999 -1.225000
v -28.282049 45.454773 -0.740193
v -28.342339 45.004772 -1.225000
v -28.732050 45.004772 -0.550000
v -24.795000 39.203545 -9.550000
v -25.245001 39.653545 -9.550000
v -24.795000 39.653545 -10.000000
v -24.795000 42.203545 -9.550000
v -24.795000 41.753544 -10.000000
v -25.245001 41.753544 -9.550000
v -18.405001 39.203545 9.550000
v -17.955000 39.653545 9.550000
v -18.405001 39.653545 10.000000
v -18.405001 42.203545 9.550000
v -18.405001 41.753544 10.000000
v -17.955000 41.753544 9.550000
v -18.405001 39.203545 -9.550000
v -18.405001 39.653545 -10.000000
v -17.955000 39.653545 -9.550000
v -18.405001 42.203545 -9.550000
v -17.955000 41.753544 -9.550000
v -18.405001 41.753544 -10.000000
v -24.795000 40.703545 9.850000
v -24.795000 41.153545 10.300000
v -25.245001 41.153545 9.850000
v -24.795000 50.253544 10.300000
v -24.795000 50.703545 9.850000
v -25.245001 50.253544 9.850000
v -24.795000 40.703545 8.150000
v -25.245001 41.153545 8.150000
v -24.795000 41.153545 7.700000
v -24.795000 50.703545 8.150000
v -24.795000 50.253544 7.700000
v -25.245001 50.253544 8.150000
v -18.405001 40.703545 9.850000
v -17.955000 41.153545 9.850000
v -18.405001 41.153545 10.300000
v -18.405001 50.703545 9.850000
v -18.405001 50.253544 10.300000
v -17.955000 50.253544 9.850000
v -18.405001 40.703545 8.150000
v -18.405001 41.153545 7.700000
v -17.955000 41.153545 8.150000
v -18.405001 50.703545 8.150000
v -17.955000 50.253544 8.150000
v -18.405001 50.253544 7.700000
v -24.795000 40.703545 -8.150000
v -24.795000 41.153545 -7.700000
v -25.245001 41.153545 -8.150000
v -24.795000 50.253544 -7.700000
v -24.795000 50.703545 -8.150000
v -25.245001 50.253544 -8.150000
v -24.795000 40.703545 -9.850000
v -25.245001 41.153545 -9.850000
v -24.795000 41.153545 -10.300000
v -24.795000 50.703545 -9.850000
v -24.795000 50.253544 -10.300000
v -25.245001 50.253544 -9.850000
v -18.405001 40.703545 -8.150000
v -17.955000 41.153545 -8.150000
v -18.405001 41.153545 -7.700000
v -18.405001 50.703545 -8.150000
v -18.405001 50.253544 -7.700000
v -17.955000 50.253544 -8.150000
v -18.405001 40.703545 -9.850000
v -18.405001 41.153545 -10.300000
v -17.955000 41.153545 -9.850000
v -18.405001 50.703545 -9.850000
v -17.955000 50.253544 -9.850000
v -18.405001 50.253544 -10.300000
v -19.395000 34.158264 9.550000
v -19.395000 34.608265 10.000000
v -19.845001 34.608265 9.550000
v -19.395000 36.708263 10.000000
v -19.395000 37.158264 9.550000
v -19.845001 36.708263 9.550000
v -19.395000 34.158264 -9.550000
v -19.845001 34.608265 -9.550000
v -19.395000 34.608265 -10.000000
v -19.395000 37.158264 -9.550000
v -19.395000 36.708263 -10.000000
v -19.845001 36.708263 -9.550000
v -13.005000 34.158264 9.550000
v -12.555000 34.608265 9.550000
v -13.005000 34.608265 10.000000
v -13.005000 37.158264 9.550000
v -13.005000 36.708263 10.000000
v -12.555000 36.708263 9.550000
v -13.005000 34.158264 -9.550000
v -13.005000 34.608265 -10.000000
v -12.555000 34.608265 -9.550000
v -13.005000 37.158264 -9.550000
v -12.555000 36.708263 -9.550000
v -13.005000 36.708263 -10.000000
v -19.395000 35.658264 9.850000
v -19.395000 36.108265 10.300000
v -19.845001 36.108265 9.850000
v -19.395000 45.208263 10.300000
v -19.395000 45.658264 9.850000
v -19.845001 45.208263 9.850000
v -19.395000 35.658264 8.150000
v -19.845001 36.108265 8.150000
v -19.395000 36.108265 7.700000
v -19.395000 45.658264 8.150000
v -19.395000 45.208263 7.700000
v -19.845001 45.208263 8.150000
v -13.005000 35.658264 9.850000
v -12.555000 36.108265 9.850000
v -13.005000 36.108265 10.300000
v -13.005000 45.658264 9.850000
v -13.005000 45.208263 10.300000
v -12.555000 45.208263 9.850000
v -13.005000 35.658264 8.150000
v -13.005000 36.108265 7.700000
v -12.555000 36.108265 8.150000
v -13.005000 45.658264 8.150000
v -12.555000 45.208263 8.150000
v -13.005000 45.208263 7.700000
v -19.395000 35.658264 -8.150000
v -19.395000 36.108265 -7.700000
v -19.845001 36.108265 -8.150000
v -19.395000 45.208263 -7.700000
v -19.395000 45.658264 -8.150000
v -19.845001 45.208263 -8.150000
v -19.395000 35.658264 -9.850000
v -19.845001 36.108265 -9.850000
v -19.395000 36.108265 -10.300000
v -19.395000 45.658264 -9.850000
v -19.395000 45.208263 -10.300000
v -19.845001 45.208263 -9.850000
v -13.005000 35.658264 -8.150000
v -12.555000 36.108265 -8.150000
v -13.005000 36.108265 -7.700000
v -13.005000 45.658264 -8.150000
v -13.005000 45.208263 -7.700000
v -12.555000 45.208263 -8.150000
v -13.005000 35.658264 -9.850000
v -13.005000 36.108265 -10.300000
v -12.555000 36.108265 -9.850000
v -13.005000 45.658264 -9.850000
v -12.555000 45.208263 -9.850000
v -13.005000 45.208263 -10.300000
v -13.995000 29.443823 9.550000
v -13.995000 29.893824 10.000000
v -14.445000 29.893824 9.550000
v -13.995000 31.993824 10.000000
v -13.995000 32.443825 9.550000
v -14.445000 31.993824 9.550000
v -13.995000 29.443823 -9.550000
v -14.445000 29.893824 -9.550000
v -13.995000 29.893824 -10.000000
v -13.995000 32.443825 -9.550000
v -13.995000 31.993824 -10.000000
v -14.445000 31.993824 -9.550000
v -7.605000 29.443823 9.550000
v -7.155000 29.893824 9.550000
v -7.605000 29.893824 10.000000
v -7.605000 32.443825 9.550000
v -7.605000 31.993824 10.000000
v -7.155000 31.993824 9.550000
v -7.605000 29.443823 -9.550000
v -7.605000 29.893824 -10.000000
v -7.155000 29.893824 -9.550000
v -7.605000 32.443825 -9.550000
v -7.155000 31.993824 -9.550000
v -7.605000 31.993824 -10.000000
v -13.995000 30.943821 9.850000
v -13.995000 31.393822 10.300000
v -14.445000 31.393822 9.850000
v -13.995000 40.493820 10.300000
v -13.995000 40.943821 9.850000
v -14.445000 40.493820 9.850000
v -13.995000 30.943821 8.150000
v -14.445000 31.393822 8.150000
v -13.995000 31.393822 7.700000
v -13.995000 40.943821 8.150000
v -13.995000 40.493820 7.700000
v -14.445000 40.493820 8.150000
v -7.605000 30.943821 9.850000
v -7.155000 31.393822 9.850000
v -7.605000 31.393822 10.300000
v -7.605000 40.943821 9.850000
v -7.605000 40.493820 10.300000
v -7.155000 40.493820 9.850000
v -7.605000 30.943821 8.150000
v -7.605000 31.393822 7.700000
v -7.155000 31.393822 8.150000
v -7.605000 40.943821 8.150000
v -7.155000 40.493820 8.150000
v -7.605000 40.493820 7.700000
v -13.995000 30.943821 -8.150000
v -13.995000 31.393822 -7.700000
v -14.445000 31.393822 -8.150000
v -13.995000 40.493820 -7.700000
v -13.995000 40.943821 -8.150000
v -14.445000 40.493820 -8.150000
v -13.995000 30.943821 -9.850000
v -14.445000 31.393822 -9.850000
v -13.995000 31.393822 -10.300000
v -13.995000 40.943821 -9.850000
v -13.995000 40.493820 -10.300000
v -14.445000 40.493820 -9.850000
v -7.605000 30.943821 -8.150000
v -7.155000 31.393822 -8.150000
v -7.605000 31.393822 -7.700000
v -7.605000 40.943821 -8.150000
v -7.605000 40.493820 -7.700000
v -7.155000 40.493820 -8.150000
v -7.605000 30.943821 -9.850000
v -7.605000 31.393822 -10.300000
v -7.155000 31.393822 -9.850000
v -7.605000 40.943821 -9.850000
v -7.155000 40.493820 -9.850000
v -7.605000 40.493820 -10.300000
v -8.595000 25.585623 9.550000
v -8.595000 26.035624 10.000000
v -9.045000 26.035624 9.550000
v -8.595000 28.135622 10.000000
v -8.595000 28.585623 9.550000
v -9.045000 28.135622 9.550000
v -8.595000 25.585623 -9.550000
v -9.045000 26.035624 -9.550000
v -8.595000 26.035624 -10.000000
v -8.595000 28.585623 -9.550000
v -8.595000 28.135622 -10.000000
v -9.045000 28.135622 -9.550000
v -2.205000 25.585623 9.550000
v -1.755000 26.035624 9.550000
v -2.205000 26.035624 10.000000
v -2.205000 28.585623 9.550000
v -2.205000 28.135622 10.000000
v -1.755000 28.135622 9.550000
v -2.205000 25.585623 -9.550000
v -2.205000 26.035624 -10.000000
v -1.755000 26.035624 -9.550000
v -2.205000 28.585623 -9.550000
v -1.755000 28.135622 -9.550000
v -2.205000 28.135622 -10.000000
v -8.595000 27.085621 9.850000
v -8.595000 27.535622 10.300000
v -9.045000 27.535622 9.850000
v -8.595000 36.635620 10.300000
v -8.595000 37.085621 9.850000
v -9.045000 36.635620 9.850000
v -8.595000 27.085621 8.150000
v -9.045000 27.535622 8.150000
v -8.595000 27.535622 7.700000
v -8.595000 37.085621 8.150000
v -8.595000 36.635620 7.700000
v -9.045000 36.635620 8.150000
v -2.205000 27.085621 9.850000
v -1.755000 27.535622 9.850000
v -2.205000 27.535622 10.300000
v -2.205000 37.085621 9.850000
v -2.205000 36.635620 10.300000
v -1.755000 36.635620 9.850000
v -2.205000 27.085621 8.150000
v -2.205000 27.535622 7.700000
v -1.755000 27.535622 8.150000
v -2.205000 37.085621 8.150000
v -1.755000 36.635620 8.150000
v -2.205000 36.635620 7.700000
v -8.595000 27.085621 -8.150000
v -8.595000 27.535622 -7.700000
v -9.045000 27.535622 -8.150000
v -8.595000 36.635620 -7.700000
v -8.595000 37.085621 -8.150000
v -9.045000 36.635620 -8.150000
v -8.595000 27.085621 -9.850000
v -9.045000 27.535622 -9.850000
v -8.595000 27.535622 -10.300000
v -8.595000 37.085621 -9.850000
v -8.595000 36.635620 -10.300000
v -9.045000 36.635620 -9.850000
v -2.205000 27.085621 -8.150000
v -1.755000 27.535622 -8.150000
v -2.205000 27.535622 -7.700000
v -2.205000 37.085621 -8.150000
v -2.205000 36.635620 -7.700000
v -1.755000 36.635620 -8.150000
v -2.205000 27.085621 -9.850000
v -2.205000 27.535622 -10.300000
v -1.755000 27.535622 -9.850000
v -2.205000 37.085621 -9.850000
v -1.755000 36.635620 -9.850000
v -2.205000 36.635620 -10.300000
v -3.195000 22.900000 9.550000
v -3.195000 23.350000 10.000000
v -3.645000 23.350000 9.550000
v -3.195000 25.449999 10.000000
v -3.195000 25.900000 9.550000
v -3.645000 25.449999 9.550000
v -3.195000 22.900000 -9.550000
v -3.645000 23.350000 -9.550000
v -3.195000 23.350000 -10.000000
v -3.195000 25.900000 -9.550000
v -3.195000 25.449999 -10.000000
v -3.645000 25.449999 -9.550000
v 3.195000 22.900000 9.550000
v 3.645000 23.350000 9.550000
v 3.195000 23.350000 10.000000
v 3.195000 25.900000 9.550000
v 3.195000 25.449999 10.000000
v 3.645000 25.449999 9.550000
v 3.195000 22.900000 -9.550000
v 3.195000 23.350000 -10.000000
v 3.645000 23.350000 -9.550000
v 3.195000 25.900000 -9.550000
v 3.645000 25.449999 -9.550000
v 3.195000 25.449999 -10.000000
v -3.195000 24.400000 9.850000
v -3.195000 24.850000 10.300000
v -3.645000 24.850000 9.850000
v -3.195000 33.950001 10.300000
v -3.195000 34.400002 9.850000
v -3.645000 33.950001 9.850000
v -3.195000 24.400000 8.150000
v -3.645000 24.850000 8.150000
v -3.195000 24.850000 7.700000
v -3.195000 34.400002 8.150000
v -3.195000 33.950001 7.700000
v -3.645000 33.950001 8.150000
v 3.195000 24.400000 9.850000
v 3.645000 24.850000 9.850000
v 3.195000 24.850000 10.300000
v 3.195000 34.400002 9.850000
v 3.195000 33.950001 10.300000
v 3.645000 33.950001 9.850000
v 3.195000 24.400000 8.150000
v 3.195000 24.850000 7.700000
v 3.645000 24.850000 8.150000
v 3.195000 34.400002 8.150000
v 3.645000 33.950001 8.150000
v 3.195000 33.950001 7.700000
v -3.195000 24.400000 -8.150000
v -3.195000 24.850000 -7.700000
v -3.645000 24.850000 -8.150000
v -3.195000 33.950001 -7.700000
v -3.195000 34.400002 -8.150000
v -3.645000 33.950001 -8.150000
v -3.195000 24.400000 -9.850000
v -3.645000 24.850000 -9.850000
v -3.195000 24.850000 -10.300000
v -3.195000 34.400002 -9.850000
v -3.195000 33.950001 -10.300000
v -3.645000 33.950001 -9.850000
v 3.195000 24.400000 -8.150000
v 3.645000 24.850000 -8.150000
v 3.195000 24.850000 -7.700000
v 3.195000 34.400002 -8.150000
v 3.195000 33.950001 -7.700000
v 3.645000 33.950001 -8.150000
v 3.195000 24.400000 -9.850000
v 3.195000 24.850000 -10.300000
v 3.645000 24.850000 -9.850000
v 3.195000 34.400002 -9.850000
v 3.645000 33.950001 -9.850000
v 3.195000 33.950001 -10.300000
v 2.205000 23.985104 10.000000
v 2.205000 24.435104 9.550000
v 1.755000 23.985104 9.550000
v 2.205000 21.435104 9.550000
v 2.205000 21.885105 10.000000
v 1.755000 21.885105 9.550000
v 0.000000 -30.000000 -1.480385
v -0.389711 -29.549999 -1.775000
v 0.389711 -29.549999 -1.775000
v 0.000000 24.400002 -1.480385
v 0.389711 23.950001 -1.775000
v -0.389711 23.950001 -1.775000
v 1.282051 -30.000000 -0.740192
v 1.342339 -29.549999 -1.225000
v 1.732051 -29.549999 -0.550000
v 1.282051 24.400002 -0.740192
v 1.732051 23.950001 -0.550000
v 1.342339 23.950001 -1.225000
v 1.282051 -30.000000 0.740192
v 1.732051 -29.549999 0.550000
v 1.342339 -29.549999 1.225000
v 1.282051 24.400002 0.740192
v 1.342339 23.950001 1.225000
v 1.732051 23.950001 0.550000
v 0.000000 -30.000000 1.480385
v 0.389711 -29.549999 1.775000
v -0.389711 -29.549999 1.775000
v 0.000000 24.400002 1.480385
v -0.389711 23.950001 1.775000
v 0.389711 23.950001 1.775000
v -1.282051 -30.000000 0.740192
v -1.342339 -29.549999 1.225000
v -1.732051 -29.549999 0.550000
v -1.282051 24.400002 0.740192
v -1.732051 23.950001 0.550000
v -1.342339 23.950001 1.225000
v -1.282051 -30.000000 -0.740192
v -1.732051 -29.549999 -0.550000
v -1.342339 -29.549999 -1.225000
v -1.282051 24.400002 -0.740192
v -1.342339 23.950001 -1.225000
v -1.732051 23.950001 -0.550000
v 2.205000 21.435104 -9.550000
v 1.755000 21.885105 -9.550000
v 2.205000 21.885105 -10.000000
v 2.205000 24.435104 -9.550000
v 2.205000 23.985104 -10.000000
v 1.755000 23.985104 -9.550000
v 8.595000 21.435104 9.550000
v 9.045000 21.885105 9.550000
v 8.595000 21.885105 10.000000
v 8.595000 24.435104 9.550000
v 8.595000 23.985104 10.000000
v 9.045000 23.985104 9.550000
v 8.595000 21.435104 -9.550000
v 8.595000 21.885105 -10.000000
v 9.045000 21.885105 -9.550000
v 8.595000 24.435104 -9.550000
v 9.045000 23.985104 -9.550000
v 8.595000 23.985104 -10.000000
v 2.205000 22.935104 9.850000
v 2.205000 23.385105 10.300000
v 1.755000 23.385105 9.850000
v 2.205000 32.485104 10.300000
v 2.205000 32.935104 9.850000
v 1.755000 32.485104 9.850000
v 2.205000 22.935104 8.150000
v 1.755000 23.385105 8.150000
v 2.205000 23.385105 7.700000
v 2.205000 32.935104 8.150000
v 2.205000 32.485104 7.700000
v 1.755000 32.485104 8.150000
v 8.595000 22.935104 9.850000
v 9.045000 23.385105 9.850000
v 8.595000 23.385105 10.300000
v 8.595000 32.935104 9.850000
v 8.595000 32.485104 10.300000
v 9.045000 32.485104 9.850000
v 8.595000 22.935104 8.150000
v 8.595000 23.385105 7.700000
v 9.045000 23.385105 8.150000
v 8.595000 32.935104 8.150000
v 9.045000 32.485104 8.150000
v 8.595000 32.485104 7.700000
v 2.205000 22.935104 -8.150000
v 2.205000 23.385105 -7.700000
v 1.755000 23.385105 -8.150000
v 2.205000 32.485104 -7.700000
v 2.205000 32.935104 -8.150000
v 1.755000 32.485104 -8.150000
v 2.205000 22.935104 -9.850000
v 1.755000 23.385105 -9.850000
v 2.205000 23.385105 -10.300000
v 2.205000 32.935104 -9.850000
v 2.205000 32.485104 -10.300000
v 1.755000 32.485104 -9.850000
v 8.595000 22.935104 -8.150000
v 9.045000 23.385105 -8.150000
v 8.595000 23.385105 -7.700000
v 8.595000 32.935104 -8.150000
v 8.595000 32.485104 -7.700000
v 9.045000 32.485104 -8.150000
v 8.595000 22.935104 -9.850000
v 8.595000 23.385105 -10.300000
v 9.045000 23.385105 -9.850000
v 8.595000 32.935104 -9.850000
v 9.045000 32.485104 -9.850000
v 8.595000 32.485104 -10.300000
v 7.605000 20.972982 9.550000
v 7.605000 21.422983 10.000000
v 7.155000 21.422983 9.550000
v 7.605000 23.522982 10.000000
v 7.605000 23.972982 9.550000
v 7.155000 23.522982 9.550000
v 7.605000 20.972982 -9.550000
v 7.155000 21.422983 -9.550000
v 7.605000 21.422983 -10.000000
v 7.605000 23.972982 -9.550000
v 7.605000 23.522982 -10.000000
v 7.155000 23.522982 -9.550000
v 13.995000 20.972982 9.550000
v 14.445000 21.422983 9.550000
v 13.995000 21.422983 10.000000
v 13.995000 23.972982 9.550000
v 13.995000 23.522982 10.000000
v 14.445000 23.522982 9.550000
v 13.995000 20.972982 -9.550000
v 13.995000 21.422983 -10.000000
v 14.445000 21.422983 -9.550000
v 13.995000 23.972982 -9.550000
v 14.445000 23.522982 -9.550000
v 13.995000 23.522982 -10.000000
v 7.605000 22.472982 9.850000
v 7.605000 22.922983 10.300000
v 7.155000 22.922983 9.850000
v 7.605000 32.022984 10.300000
v 7.605000 32.472984 9.850000
v 7.155000 32.022984 9.850000
v 7.605000 22.472982 8.150000
v 7.155000 22.922983 8.150000
v 7.605000 22.922983 7.700000
v 7.605000 32.472984 8.150000
v 7.605000 32.022984 7.700000
v 7.155000 32.022984 8.150000
v 13.995000 22.472982 9.850000
v 14.445000 22.922983 9.850000
v 13.995000 22.922983 10.300000
v 13.995000 32.472984 9.850000
v 13.995000 32.022984 10.300000
v 14.445000 32.022984 9.850000
v 13.995000 22.472982 8.150000
v 13.995000 22.922983 7.700000
v 14.445000 22.922983 8.150000
v 13.995000 32.472984 8.150000
v 14.445000 32.022984 8.150000
v 13.995000 32.022984 7.700000
v 7.605000 22.472982 -8.150000
v 7.605000 22.922983 -7.700000
v 7.155000 22.922983 -8.150000
v 7.605000 32.022984 -7.700000
v 7.605000 32.472984 -8.150000
v 7.155000 32.022984 -8.150000
v 7.605000 22.472982 -9.850000
v 7.155000 22.922983 -9.850000
v 7.605000 22.922983 -10.300000
v 7.605000 32.472984 -9.850000
v 7.605000 32.022984 -10.300000
v 7.155000 32.022984 -9.850000
v 13.995000 22.472982 -8.150000
v 14.445000 22.922983 -8.150000
v 13.995000 22.922983 -7.700000
v 13.995000 32.472984 -8.150000
v 13.995000 32.022984 -7.700000
v 14.445000 32.022984 -8.150000
v 13.995000 22.472982 -9.850000
v 13.995000 22.922983 -10.300000
v 14.445000 22.922983 -9.850000
v 13.995000 32.472984 -9.850000
v 14.445000 32.022984 -9.850000
v 13.995000 32.022984 -10.300000
v 13.005000 21.089670 9.550000
v 13.005000 21.539671 10.000000
v 12.555000 21.539671 9.550000
v 13.005000 23.639669 10.000000
v 13.005000 24.089670 9.550000
v 12.555000 23.639669 9.550000
v 13.005000 21.089670 -9.550000
v 12.555000 21.539671 -9.550000
v 13.005000 21.539671 -10.000000
v 13.005000 24.089670 -9.550000
v 13.005000 23.639669 -10.000000
v 12.555000 23.639669 -9.550000
v 19.395000 21.089670 9.550000
v 19.845001 21.539671 9.550000
v 19.395000 21.539671 10.000000
v 19.395000 24.089670 9.550000
v 19.395000 23.639669 10.000000
v 19.845001 23.639669 9.550000
v 19.395000 21.089670 -9.550000
v 19.395000 21.539671 -10.000000
v 19.845001 21.539671 -9.550000
v 19.395000 24.089670 -9.550000
v 19.845001 23.639669 -9.550000
v 19.395000 23.639669 -10.000000
v 13.005000 22.589670 9.850000
v 13.005000 23.039671 10.300000
v 12.555000 23.039671 9.850000
v 13.005000 32.139668 10.300000
v 13.005000 32.589668 9.850000
v 12.555000 32.139668 9.850000
v 13.005000 22.589670 8.150000
v 12.555000 23.039671 8.150000
v 13.005000 23.039671 7.700000
v 13.005000 32.589668 8.150000
v 13.005000 32.139668 7.700000
v 12.555000 32.139668 8.150000
v 19.395000 22.589670 9.850000
v 19.845001 23.039671 9.850000
v 19.395000 23.039671 10.300000
v 19.395000 32.589668 9.850000
v 19.395000 32.139668 10.300000
v 19.845001 32.139668 9.850000
v 19.395000 22.589670 8.150000
v 19.395000 23.039671 7.700000
v 19.845001 23.039671 8.150000
v 19.395000 32.589668 8.150000
v 19.845001 32.139668 8.150000
v 19.395000 32.139668 7.700000
v 13.005000 22.589670 -8.150000
v 13.005000 23.039671 -7.700000
v 12.555000 23.039671 -8.150000
v 13.005000 32.139668 -7.700000
v 13.005000 32.589668 -8.150000
v 12.555000 32.139668 -8.150000
v 13.005000 22.589670 -9.850000
v 12.555000 23.039671 -9.850000
v 13.005000 23.039671 -10.300000
v 13.005000 32.589668 -9.850000
v 13.005000 32.139668 -10.300000
v 12.555000 32.139668 -9.850000
v 19.395000 22.589670 -8.150000
v 19.845001 23.039671 -8.150000
v 19.395000 23.039671 -7.700000
v 19.395000 32.589668 -8.150000
v 19.395000 32.139668 -7.700000
v 19.845001 32.139668 -8.150000
v 19.395000 22.589670 -9.850000
v 19.395000 23.039671 -10.300000
v 19.845001 23.039671 -9.850000
v 19.395000 32.589668 -9.850000
v 19.845001 32.139668 -9.850000
v 19.395000 32.139668 -10.300000
v 18.405001 21.257446 9.550000
v 18.405001 21.707447 10.000000
v 17.955000 21.707447 9.550000
v 18.405001 23.807446 10.000000
v 18.405001 24.257446 9.550000
v 17.955000 23.807446 9.550000
v 18.405001 21.257446 -9.550000
v 17.955000 21.707447 -9.550000
v 18.405001 21.707447 -10.000000
v 18.405001 24.257446 -9.550000
v 18.405001 23.807446 -10.000000
v 17.955000 23.807446 -9.550000
v 24.795000 21.257446 9.550000
v 25.245001 21.707447 9.550000
v 24.795000 21.707447 10.000000
v 24.795000 24.257446 9.550000
v 24.795000 23.807446 10.000000
v 25.245001 23.807446 9.550000
v 24.795000 21.257446 -9.550000
v 24.795000 21.707447 -10.000000
v 25.245001 21.707447 -9.550000
v 24.795000 24.257446 -9.550000
v 25.245001 23.807446 -9.550000
v 24.795000 23.807446 -10.000000
v 18.405001 22.757446 9.850000
v 18.405001 23.207447 10.300000
v 17.955000 23.207447 9.850000
v 18.405001 32.307446 10.300000
v 18.405001 32.757446 9.850000
v 17.955000 32.307446 9.850000
v 18.405001 22.757446 8.150000
v 17.955000 23.207447 8.150000
v 18.405001 23.207447 7.700000
v 18.405001 32.757446 8.150000
v 18.405001 32.307446 7.700000
v 17.955000 32.307446 8.150000
v 24.795000 22.757446 9.850000
v 25.245001 23.207447 9.850000
v 24.795000 23.207447 10.300000
v 24.795000 32.757446 9.850000
v 24.795000 32.307446 10.300000
v 25.245001 32.307446 9.850000
v 24.795000 22.757446 8.150000
v 24.795000 23.207447 7.700000
v 25.245001 23.207447 8.150000
v 24.795000 32.757446 8.150000
v 25.245001 32.307446 8.150000
v 24.795000 32.307446 7.700000
v 18.405001 22.757446 -8.150000
v 18.405001 23.207447 -7.700000
v 17.955000 23.207447 -8.150000
v 18.405001 32.307446 -7.700000
v 18.405001 32.757446 -8.150000
v 17.955000 32.307446 -8.150000
v 18.405001 22.757446 -9.850000
v 17.955000 23.207447 -9.850000
v 18.405001 23.207447 -10.300000
v 18.405001 32.757446 -9.850000
v 18.405001 32.307446 -10.300000
v 17.955000 32.307446 -9.850000
v 24.795000 22.757446 -8.150000
v 25.245001 23.207447 -8.150000
v 24.795000 23.207447 -7.700000
v 24.795000 32.757446 -8.150000
v 24.795000 32.307446 -7.700000
v 25.245001 32.307446 -8.150000
v 24.795000 22.757446 -9.850000
v 24.795000 23.207447 -10.300000
v 25.245001 23.207447 -9.850000
v 24.795000 32.757446 -9.850000
v 25.245001 32.307446 -9.850000
v 24.795000 32.307446 -10.300000
v 23.805000 20.964823 9.550000
v 23.805000 21.414824 10.000000
v 23.355000 21.414824 9.550000
v 23.805000 23.514822 10.000000
v 23.805000 23.964823 9.550000
v 23.355000 23.514822 9.550000
v 23.805000 20.964823 -9.550000
v 23.355000 21.414824 -9.550000
v 23.805000 21.414824 -10.000000
v 23.805000 23.964823 -9.550000
v 23.805000 23.514822 -10.000000
v 23.355000 23.514822 -9.550000
v 30.195000 20.964823 9.550000
v 30.645000 21.414824 9.550000
v 30.195000 21.414824 10.000000
v 30.195000 23.964823 9.550000
v 30.195000 23.514822 10.000000
v 30.645000 23.514822 9.550000
v 30.195000 20.964823 -9.550000
v 30.195000 21.414824 -10.000000
v 30.645000 21.414824 -9.550000
v 30.195000 23.964823 -9.550000
v 30.645000 23.514822 -9.550000
v 30.195000 23.514822 -10.000000
v 23.805000 22.464823 9.850000
v 23.805000 22.914824 10.300000
v 23.355000 22.914824 9.850000
v 23.805000 32.014820 10.300000
v 23.805000 32.464821 9.850000
v 23.355000 32.014820 9.850000
v 23.805000 22.464823 8.150000
v 23.355000 22.914824 8.150000
v 23.805000 22.914824 7.700000
v 23.805000 32.464821 8.150000
v 23.805000 32.014820 7.700000
v 23.355000 32.014820 8.150000
v 30.195000 22.464823 9.850000
v 30.645000 22.914824 9.850000
v 30.195000 22.914824 10.300000
v 30.195000 32.464821 9.850000
v 30.195000 32.014820 10.300000
v 30.645000 32.014820 9.850000
v 30.195000 22.464823 8.150000
v 30.195000 22.914824 7.700000
v 30.645000 22.914824 8.150000
v 30.195000 32.464821 8.150000
v 30.645000 32.014820 8.150000
v 30.195000 32.014820 7.700000
v 23.805000 22.464823 -8.150000
v 23.805000 22.914824 -7.700000
v 23.355000 22.914824 -8.150000
v 23.805000 32.014820 -7.700000
v 23.805000 32.464821 -8.150000
v 23.355000 32.014820 -8.150000
v 23.805000 22.464823 -9.850000
v 23.355000 22.914824 -9.850000
v 23.805000 22.914824 -10.300000
v 23.805000 32.464821 -9.850000
v 23.805000 32.014820 -10.300000
v 23.355000 32.014820 -9.850000
v 30.195000 22.464823 -8.150000
v 30.645000 22.914824 -8.150000
v 30.195000 22.914824 -7.700000
v 30.195000 32.464821 -8.150000
v 30.195000 32.014820 -7.700000
v 30.645000 32.014820 -8.150000
v 30.195000 22.464823 -9.850000
v 30.195000 22.914824 -10.300000
v 30.645000 22.914824 -9.850000
v 30.195000 32.464821 -9.850000
v 30.645000 32.014820 -9.850000
v 30.195000 32.014820 -10.300000
v 29.205002 22.377028 10.000000
v 29.205002 22.827028 9.550000
v 28.755001 22.377028 9.550000
v 29.205002 19.827028 9.550000
v 29.205002 20.277029 10.000000
v 28.755001 20.277029 9.550000
v 27.000000 -30.000000 -1.480385
v 26.610289 -29.549999 -1.775000
v 27.389711 -29.549999 -1.775000
v 27.000000 22.464825 -1.480385
v 27.389711 22.014824 -1.775000
v 26.610289 22.014824 -1.775000
v 28.282049 -30.000000 -0.740193
v 28.342339 -29.549999 -1.225000
v 28.732050 -29.549999 -0.550000
v 28.282049 22.464825 -0.740193
v 28.732050 22.014824 -0.550000
v 28.342339 22.014824 -1.225000
v 28.282049 -30.000000 0.740193
v 28.732050 -29.549999 0.550000
v 28.342339 -29.549999 1.225000
v 28.282049 22.464825 0.740193
v 28.342339 22.014824 1.225000
v 28.732050 22.014824 0.550000
v 27.000000 -30.000000 1.480385
v 27.389711 -29.549999 1.775000
v 26.610289 -29.549999 1.775000
v 27.000000 22.464825 1.480385
v 26.610289 22.014824 1.775000
v 27.389711 22.014824 1.775000
v 25.717951 -30.000000 0.740193
v 25.657661 -29.549999 1.225000
v 25.267950 -29.549999 0.550000
v 25.717951 22.464825 0.740193
v 25.267950 22.014824 0.550000
v 25.657661 22.014824 1.225000
v 25.717951 -30.000000 -0.740193
v 25.267950 -29.549999 -0.550000
v 25.657661 -29.549999 -1.225000
v 25.717951 22.464825 -0.740193
v 25.657661 22.014824 -1.225000
v 25.267950 22.014824 -0.550000
v 29.205002 19.827028 -9.550000
v 28.755001 20.277029 -9.550000
v 29.205002 20.277029 -10.000000
v 29.205002 22.827028 -9.550000
v 29.205002 22.377028 -10.000000
v 28.755001 22.377028 -9.550000
v 35.595001 19.827028 9.550000
v 36.045002 20.277029 9.550000
v 35.595001 20.277029 10.000000
v 35.595001 22.827028 9.550000
v 35.595001 22.377028 10.000000
v 36.045002 22.377028 9.550000
v 35.595001 19.827028 -9.550000
v 35.595001 20.277029 -10.000000
v 36.045002 20.277029 -9.550000
v 35.595001 22.827028 -9.550000
v 36.045002 22.377028 -9.550000
v 35.595001 22.377028 -10.000000
v 29.205002 21.327028 9.850000
v 29.205002 21.777029 10.300000
v 28.755001 21.777029 9.850000
v 29.205002 30.877028 10.300000
v 29.205002 31.327028 9.850000
v 28.755001 30.877028 9.850000
v 29.205002 21.327028 8.150000
v 28.755001 21.777029 8.150000
v 29.205002 21.777029 7.700000
v 29.205002 31.327028 8.150000
v 29.205002 30.877028 7.700000
v 28.755001 30.877028 8.150000
v 35.595001 21.327028 9.850000
v 36.045002 21.777029 9.850000
v 35.595001 21.777029 10.300000
v 35.595001 31.327028 9.850000
v 35.595001 30.877028 10.300000
v 36.045002 30.877028 9.850000
v 35.595001 21.327028 8.150000
v 35.595001 21.777029 7.700000
v 36.045002 21.777029 8.150000
v 35.595001 31.327028 8.150000
v 36.045002 30.877028 8.150000
v 35.595001 30.877028 7.700000
v 29.205002 21.327028 -8.150000
v 29.205002 21.777029 -7.700000
v 28.755001 21.777029 -8.150000
v 29.205002 30.877028 -7.700000
v 29.205002 31.327028 -8.150000
v 28.755001 30.877028 -8.150000
v 29.205002 21.327028 -9.850000
v 28.755001 21.777029 -9.850000
v 29.205002 21.777029 -10.300000
v 29.205002 31.327028 -9.850000
v 29.205002 30.877028 -10.300000
v 28.755001 30.877028 -9.850000
v 35.595001 21.327028 -8.150000
v 36.045002 21.777029 -8.150000
v 35.595001 21.777029 -7.700000
v 35.595001 31.327028 -8.150000
v 35.595001 30.877028 -7.700000
v 36.045002 30.877028 -8.150000
v 35.595001 21.327028 -9.850000
v 35.595001 21.777029 -10.300000
v 36.045002 21.777029 -9.850000
v 35.595001 31.327028 -9.850000
v 36.045002 30.877028 -9.850000
v 35.595001 30.877028 -10.300000
v 34.605000 17.663120 9.550000
v 34.605000 18.113121 10.000000
v 34.154999 18.113121 9.550000
v 34.605000 20.213120 10.000000
v 34.605000 20.663120 9.550000
v 34.154999 20.213120 9.550000
v 34.605000 17.663120 -9.550000
v 34.154999 18.113121 -9.550000
v 34.605000 18.113121 -10.000000
v 34.605000 20.663120 -9.550000
v 34.605000 20.213120 -10.000000
v 34.154999 20.213120 -9.550000
v 40.994999 17.663120 9.550000
v 41.445000 18.113121 9.550000
v 40.994999 18.113121 10.000000
v 40.994999 20.663120 9.550000
v 40.994999 20.213120 10.000000
v 41.445000 20.213120 9.550000
v 40.994999 17.663120 -9.550000
v 40.994999 18.113121 -10.000000
v 41.445000 18.113121 -9.550000
v 40.994999 20.663120 -9.550000
v 41.445000 20.213120 -9.550000
v 40.994999 20.213120 -10.000000
v 34.605000 19.163120 9.850000
v 34.605000 19.613121 10.300000
v 34.154999 19.613121 9.850000
v 34.605000 28.713120 10.300000
v 34.605000 29.163120 9.850000
v 34.154999 28.713120 9.850000
v 34.605000 19.163120 8.150000
v 34.154999 19.613121 8.150000
v 34.605000 19.613121 7.700000
v 34.605000 29.163120 8.150000
v 34.605000 28.713120 7.700000
v 34.154999 28.713120 8.150000
v 40.994999 19.163120 9.850000
v 41.445000 19.613121 9.850000
v 40.994999 19.613121 10.300000
v 40.994999 29.163120 9.850000
v 40.994999 28.713120 10.300000
v 41.445000 28.713120 9.850000
v 40.994999 19.163120 8.150000
v 40.994999 19.613121 7.700000
v 41.445000 19.613121 8.150000
v 40.994999 29.163120 8.150000
v 41.445000 28.713120 8.150000
v 40.994999 28.713120 7.700000
v 34.605000 19.163120 -8.150000
v 34.605000 19.613121 -7.700000
v 34.154999 19.613121 -8.150000
v 34.605000 28.713120 -7.700000
v 34.605000 29.163120 -8.150000
v 34.154999 28.713120 -8.150000
v 34.605000 19.163120 -9.850000
v 34.154999 19.613121 -9.850000
v 34.605000 19.613121 -10.300000
v 34.605000 29.163120 -9.850000
v 34.605000 28.713120 -10.300000
v 34.154999 28.713120 -9.850000
v 40.994999 19.163120 -8.150000
v 41.445000 19.613121 -8.150000
v 40.994999 19.613121 -7.700000
v 40.994999 29.163120 -8.150000
v 40.994999 28.713120 -7.700000
v 41.445000 28.713120 -8.150000
v 40.994999 19.163120 -9.850000
v 40.994999 19.613121 -10.300000
v 41.445000 19.613121 -9.850000
v 40.994999 29.163120 -9.850000
v 41.445000 28.713120 -9.850000
v 40.994999 28.713120 -10.300000
v 40.005001 14.524397 9.550000
v 40.005001 14.974397 10.000000
v 39.555000 14.974397 9.550000
v 40.005001 17.074396 10.000000
v 40.005001 17.524397 9.550000
v 39.555000 17.074396 9.550000
v 40.005001 14.524397 -9.550000
v 39.555000 14.974397 -9.550000
v 40.005001 14.974397 -10.000000
v 40.005001 17.524397 -9.550000
v 40.005001 17.074396 -10.000000
v 39.555000 17.074396 -9.550000
v 46.395000 14.524397 9.550000
v 46.845001 14.974397 9.550000
v 46.395000 14.974397 10.000000
v 46.395000 17.524397 9.550000
v 46.395000 17.074396 10.000000
v 46.845001 17.074396 9.550000
v 46.395000 14.524397 -9.550000
v 46.395000 14.974397 -10.000000
v 46.845001 14.974397 -9.550000
v 46.395000 17.524397 -9.550000
v 46.845001 17.074396 -9.550000
v 46.395000 17.074396 -10.000000
v 40.005001 16.024397 9.850000
v 40.005001 16.474398 10.300000
v 39.555000 16.474398 9.850000
v 40.005001 25.574396 10.300000
v 40.005001 26.024397 9.850000
v 39.555000 25.574396 9.850000
v 40.005001 16.024397 8.150000
v 39.555000 16.474398 8.150000
v 40.005001 16.474398 7.700000
v 40.005001 26.024397 8.150000
v 40.005001 25.574396 7.700000
v 39.555000 25.574396 8.150000
v 46.395000 16.024397 9.850000
v 46.845001 16.474398 9.850000
v 46.395000 16.474398 10.300000
v 46.395000 26.024397 9.850000
v 46.395000 25.574396 10.300000
v 46.845001 25.574396 9.850000
v 46.395000 16.024397 8.150000
v 46.395000 16.474398 7.700000
v 46.845001 16.474398 8.150000
v 46.395000 26.024397 8.150000
v 46.845001 25.574396 8.150000
v 46.395000 25.574396 7.700000
v 40.005001 16.024397 -8.150000
v 40.005001 16.474398 -7.700000
v 39.555000 16.474398 -8.150000
v 40.005001 25.574396 -7.700000
v 40.005001 26.024397 -8.150000
v 39.555000 25.574396 -8.150000
v 40.005001 16.024397 -9.850000
v 39.555000 16.474398 -9.850000
v 40.005001 16.474398 -10.300000
v 40.005001 26.024397 -9.850000
v 40.005001 25.574396 -10.300000
v 39.555000 25.574396 -9.850000
v 46.395000 16.024397 -8.150000
v 46.845001 16.474398 -8.150000
v 46.395000 16.474398 -7.700000
v 46.395000 26.024397 -8.150000
v 46.395000 25.574396 -7.700000
v 46.845001 25.574396 -8.150000
v 46.395000 16.024397 -9.850000
v 46.395000 16.474398 -10.300000
v 46.845001 16.474398 -9.850000
v 46.395000 26.024397 -9.850000
v 46.845001 25.574396 -9.850000
v 46.395000 25.574396 -10.300000
v 45.404999 10.670319 9.550000
v 45.404999 11.120318 10.000000
v 44.954998 11.120318 9.550000
v 45.404999 13.220319 10.000000
v 45.404999 13.670319 9.550000
v 44.954998 13.220319 9.550000
v 45.404999 10.670319 -9.550000
v 44.954998 11.120318 -9.550000
v 45.404999 11.120318 -10.000000
v 45.404999 13.670319 -9.550000
v 45.404999 13.220319 -10.000000
v 44.954998 13.220319 -9.550000
v 51.794998 10.670319 9.550000
v 52.244999 11.120318 9.550000
v 51.794998 11.120318 10.000000
v 51.794998 13.670319 9.550000
v 51.794998 13.220319 10.000000
v 52.244999 13.220319 9.550000
v 51.794998 10.670319 -9.550000
v 51.794998 11.120318 -10.000000
v 52.244999 11.120318 -9.550000
v 51.794998 13.670319 -9.550000
v 52.244999 13.220319 -9.550000
v 51.794998 13.220319 -10.000000
v 45.404999 12.170319 9.850000
v 45.404999 12.620318 10.300000
v 44.954998 12.620318 9.850000
v 45.404999 21.720318 10.300000
v 45.404999 22.170319 9.850000
v 44.954998 21.720318 9.850000
v 45.404999 12.170319 8.150000
v 44.954998 12.620318 8.150000
v 45.404999 12.620318 7.700000
v 45.404999 22.170319 8.150000
v 45.404999 21.720318 7.700000
v 44.954998 21.720318 8.150000
v 51.794998 12.170319 9.850000
v 52.244999 12.620318 9.850000
v 51.794998 12.620318 10.300000
v 51.794998 22.170319 9.850000
v 51.794998 21.720318 10.300000
v 52.244999 21.720318 9.850000
v 51.794998 12.170319 8.150000
v 51.794998 12.620318 7.700000
v 52.244999 12.620318 8.150000
v 51.794998 22.170319 8.150000
v 52.244999 21.720318 8.150000
v 51.794998 21.720318 7.700000
v 45.404999 12.170319 -8.150000
v 45.404999 12.620318 -7.700000
v 44.954998 12.620318 -8.150000
v 45.404999 21.720318 -7.700000
v 45.404999 22.170319 -8.150000
v 44.954998 21.720318 -8.150000
v 45.404999 12.170319 -9.850000
v 44.954998 12.620318 -9.850000
v 45.404999 12.620318 -10.300000
v 45.404999 22.170319 -9.850000
v 45.404999 21.720318 -10.300000
v 44.954998 21.720318 -9.850000
v 51.794998 12.170319 -8.150000
v 52.244999 12.620318 -8.150000
v 51.794998 12.620318 -7.700000
v 51.794998 22.170319 -8.150000
v 51.794998 21.720318 -7.700000
v 52.244999 21.720318 -8.150000
v 51.794998 12.170319 -9.850000
v 51.794998 12.620318 -10.300000
v 52.244999 12.620318 -9.850000
v 51.794998 22.170319 -9.850000
v 52.244999 21.720318 -9.850000
v 51.794998 21.720318 -10.300000
v 50.805000 6.500000 9.550000
v 50.805000 6.950000 10.000000
v 50.355000 6.950000 9.550000
v 50.805000 9.050000 10.000000
v 50.805000 9.500000 9.550000
v 50.355000 9.050000 9.550000
v 50.805000 6.500000 -9.550000
v 50.355000 6.950000 -9.550000
v 50.805000 6.950000 -10.000000
v 50.805000 9.500000 -9.550000
v 50.805000 9.050000 -10.000000
v 50.355000 9.050000 -9.550000
v 57.195000 6.500000 9.550000
v 57.645000 6.950000 9.550000
v 57.195000 6.950000 10.000000
v 57.195000 9.500000 9.550000
v 57.195000 9.050000 10.000000
v 57.645000 9.050000 9.550000
v 57.195000 6.500000 -9.550000
v 57.195000 6.950000 -10.000000
v 57.645000 6.950000 -9.550000
v 57.195000 9.500000 -9.550000
v 57.645000 9.050000 -9.550000
v 57.195000 9.050000 -10.000000
v 50.805000 8.000000 9.850000
v 50.805000 8.450000 10.300000
v 50.355000 8.450000 9.850000
v 50.805000 17.549999 10.300000
v 50.805000 18.000000 9.850000
v 50.355000 17.549999 9.850000
v 50.805000 8.000000 8.150000
v 50.355000 8.450000 8.150000
v 50.805000 8.450000 7.700000
v 50.805000 18.000000 8.150000
v 50.805000 17.549999 7.700000
v 50.355000 17.549999 8.150000
v 57.195000 8.000000 9.850000
v 57.645000 8.450000 9.850000
v 57.195000 8.450000 10.300000
v 57.195000 18.000000 9.850000
v 57.195000 17.549999 10.300000
v 57.645000 17.549999 9.850000
v 57.195000 8.000000 8.150000
v 57.195000 8.450000 7.700000
v 57.645000 8.450000 8.150000
v 57.195000 18.000000 8.150000
v 57.645000 17.549999 8.150000
v 57.195000 17.549999 7.700000
v 50.805000 8.000000 -8.150000
v 50.805000 8.450000 -7.700000
v 50.355000 8.450000 -8.150000
v 50.805000 17.549999 -7.700000
v 50.805000 18.000000 -8.150000
v 50.355000 17.549999 -8.150000
v 50.805000 8.000000 -9.850000
v 50.355000 8.450000 -9.850000
v 50.805000 8.450000 -10.300000
v 50.805000 18.000000 -9.850000
v 50.805000 17.549999 -10.300000
v 50.355000 17.549999 -9.850000
v 57.195000 8.000000 -8.150000
v 57.645000 8.450000 -8.150000
v 57.195000 8.450000 -7.700000
v 57.195000 18.000000 -8.150000
v 57.195000 17.549999 -7.700000
v 57.645000 17.549999 -8.150000
v 57.195000 8.000000 -9.850000
v 57.195000 8.450000 -10.300000
v 57.645000 8.450000 -9.850000
v 57.195000 18.000000 -9.850000
v 57.645000 17.549999 -9.850000
v 57.195000 17.549999 -10.300000
v 54.000000 -30.000000 -1.480386
v 53.610287 -29.549999 -1.774999
v 54.389713 -29.549999 -1.775000
v 54.000000 8.000000 -1.480386
v 54.389713 7.550000 -1.774999
v 53.610287 7.550000 -1.775000
v 55.282051 -30.000000 -0.740194
v 55.342339 -29.549999 -1.225001
v 55.732052 -29.549999 -0.550000
v 55.282051 8.000000 -0.740194
v 55.732052 7.550000 -0.550000
v 55.342339 7.550000 -1.225000
v 55.282051 -30.000000 0.740194
v 55.732052 -29.549999 0.550000
v 55.342339 -29.549999 1.225000
v 55.282051 8.000000 0.740194
v 55.342339 7.550000 1.225001
v 55.732052 7.550000 0.550000
v 54.000000 -30.000000 1.480386
v 54.389713 -29.549999 1.774999
v 53.610287 -29.549999 1.775000
v 54.000000 8.000000 1.480386
v 53.610287 7.550000 1.774999
v 54.389713 7.550000 1.775000
v 52.717949 -30.000000 0.740194
v 52.657661 -29.549999 1.225001
v 52.267948 -29.549999 0.550000
v 52.717949 8.000000 0.740194
v 52.267948 7.550000 0.550000
v 52.657661 7.550000 1.225000
v 52.717949 -30.000000 -0.740194
v 52.267948 -29.549999 -0.550000
v 52.657661 -29.549999 -1.225000
v 52.717949 8.000000 -0.740194
v 52.657661 7.550000 -1.225001
v 52.267948 7.550000 -0.550000
v -13.005000 35.658264 8.150000
v -13.005000 36.108265 7.700000
v -13.005000 45.658264 8.150000
v -13.005000 45.208263 7.700000
v -12.555000 45.208263 8.150000
v -12.555000 36.108265 8.150000
v -13.005000 35.658264 9.850000
v -12.555000 36.108265 9.850000
v -13.005000 45.658264 9.850000
v -12.555000 45.208263 9.850000
v -13.005000 45.208263 10.300000
v -13.005000 36.108265 10.300000
v -19.395000 35.658264 -9.850000
v -19.395000 35.658264 -8.150000
v -19.845001 36.108265 -8.150000
v -19.845001 36.108265 -9.850000
v -19.395000 36.108265 -7.700000
v -19.395000 45.208263 -7.700000
v -19.845001 45.208263 -8.150000
v -19.395000 45.658264 -8.150000
v -19.395000 45.658264 -9.850000
v -19.845001 45.208263 -9.850000
v -19.395000 45.208263 -10.300000
v -19.395000 36.108265 -10.300000
v -13.005000 35.658264 -9.850000
v -13.005000 36.108265 -10.300000
v -13.005000 45.658264 -9.850000
v -13.005000 45.208263 -10.300000
v -12.555000 45.208263 -9.850000
v -12.555000 36.108265 -9.850000
v -13.005000 35.658264 -8.150000
v -12.555000 36.108265 -8.150000
v -13.005000 45.658264 -8.150000
v -12.555000 45.208263 -8.150000
v -13.005000 45.208263 -7.700000
v -13.005000 36.108265 -7.700000
v -13.995000 29.443823 -9.550000
v -13.995000 29.443823 9.550000
v -14.445000 29.893824 9.550000
v -14.445000 29.893824 -9.550000
v -13.995000 29.893824 10.000000
v -13.995000 31.993824 10.000000
v -14.445000 31.993824 9.550000
v -13.995000 32.443825 9.550000
v -13.995000 32.443825 -9.550000
v -14.445000 31.993824 -9.550000
v -13.995000 31.993824 -10.000000
v -13.995000 29.893824 -10.000000
v -7.605000 29.443823 -9.550000
v -7.605000 29.893824 -10.000000
v -7.605000 32.443825 -9.550000
v -7.605000 31.993824 -10.000000
v -7.155000 31.993824 -9.550000
v -7.155000 29.893824 -9.550000
v -7.605000 29.443823 9.550000
v -7.155000 29.893824 9.550000
v -7.605000 32.443825 9.550000
v -7.155000 31.993824 9.550000
v -7.605000 31.993824 10.000000
v -7.605000 29.893824 10.000000
v -13.995000 30.943821 8.150000
v -13.995000 30.943821 9.850000
v -14.445000 31.393822 9.850000
v -14.445000 31.393822 8.150000
v -13.995000 31.393822 10.300000
v -13.995000 40.493820 10.300000
v -14.445000 40.493820 9.850000
v -13.995000 40.943821 9.850000
v -13.995000 40.943821 8.150000
v -14.445000 40.493820 8.150000
v -13.995000 40.493820 7.700000
v -13.995000 31.393822 7.700000
v -7.605000 30.943821 8.150000
v -7.605000 31.393822 7.700000
v -7.605000 40.943821 8.150000
v -7.605000 40.493820 7.700000
v -7.155000 40.493820 8.150000
v -7.155000 31.393822 8.150000
v -7.605000 30.943821 9.850000
v -7.155000 31.393822 9.850000
v -7.605000 40.943821 9.850000
v -7.155000 40.493820 9.850000
v -7.605000 40.493820 10.300000
v -7.605000 31.393822 10.300000
v -13.995000 30.943821 -9.850000
v -13.995000 30.943821 -8.150000
v -14.445000 31.393822 -8.150000
v -14.445000 31.393822 -9.850000
v -13.995000 31.393822 -7.700000
v -13.995000 40.493820 -7.700000
v -14.445000 40.493820 -8.150000
v -13.995000 40.943821 -8.150000
v -13.995000 40.943821 -9.850000
v -14.445000 40.493820 -9.850000
v -13.995000 40.493820 -10.300000
v -13.995000 31.393822 -10.300000
v -7.605000 30.943821 -9.850000
v -7.605000 31.393822 -10.300000
v -7.605000 40.943821 -9.850000
v -7.605000 40.493820 -10.300000
v -7.155000 40.493820 -9.850000
v -7.155000 31.393822 -9.850000
v -7.605000 30.943821 -8.150000
v -7.155000 31.393822 -8.150000
v -7.605000 40.943821 -8.150000
v -7.155000 40.493820 -8.150000
v -7.605000 40.493820 -7.700000
v -7.605000 31.393822 -7.700000
v -8.595000 25.585623 -9.550000
v -8.595000 25.585623 9.550000
v -9.045000 26.035624 9.550000
v -9.045000 26.035624 -9.550000
v -8.595000 26.035624 10.000000
v -8.595000 28.135622 10.000000
v -9.045000 28.135622 9.550000
v -8.595000 28.585623 9.550000
v -8.595000 28.585623 -9.550000
v -9.045000 28.135622 -9.550000
v -8.595000 28.135622 -10.000000
v -8.595000 26.035624 -10.000000
v -2.205000 25.585623 -9.550000
v -2.205000 26.035624 -10.000000
v -2.205000 28.585623 -9.550000
v -2.205000 28.135622 -10.000000
v -1.755000 28.135622 -9.550000
v -1.755000 26.035624 -9.550000
v -2.205000 25.585623 9.550000
v -1.755000 26.035624 9.550000
v -2.205000 28.585623 9.550000
v -1.755000 28.135622 9.550000
v -2.205000 28.135622 10.000000
v -2.205000 26.035624 10.000000
v -8.595000 27.085621 8.150000
v -8.595000 27.085621 9.850000
v -9.045000 27.535622 9.850000
v -9.045000 27.535622 8.150000
v -8.595000 27.535622 10.300000
v -8.595000 36.635620 10.300000
v -9.045000 36.635620 9.850000
v -8.595000 37.085621 9.850000
v -8.595000 37.085621 8.150000
v -9.045000 36.635620 8.150000
v -8.595000 36.635620 7.700000
v -8.595000 27.535622 7.700000
v -2.205000 27.085621 8.150000
v -2.205000 27.535622 7.700000
v -2.205000 37.085621 8.150000
v -2.205000 36.635620 7.700000
v -1.755000 36.635620 8.150000
v -1.755000 27.535622 8.150000
v -2.205000 27.085621 9.850000
v -1.755000 27.535622 9.850000
v -2.205000 37.085621 9.850000
v -1.755000 36.635620 9.850000
v -2.205000 36.635620 10.300000
v -2.205000 27.535622 10.300000
v -8.595000 27.085621 -9.850000
v -8.595000 27.085621 -8.150000
v -9.045000 27.535622 -8.150000
v -9.045000 27.535622 -9.850000
v -8.595000 27.535622 -7.700000
v -8.595000 36.635620 -7.700000
v -9.045000 36.635620 -8.150000
v -8.595000 37.085621 -8.150000
v -8.595000 37.085621 -9.850000
v -9.045000 36.635620 -9.850000
v -8.595000 36.635620 -10.300000
v -8.595000 27.535622 -10.300000
v -2.205000 27.085621 -9.850000
v -2.205000 27.535622 -10.300000
v -2.205000 37.085621 -9.850000
v -2.205000 36.635620 -10.300000
v -1.755000 36.635620 -9.850000
v -1.755000 27.535622 -9.850000
v -2.205000 27.085621 -8.150000
v -1.755000 27.535622 -8.150000
v -2.205000 37.085621 -8.150000
v -1.755000 36.635620 -8.150000
v -2.205000 36.635620 -7.700000
v -2.205000 27.535622 -7.700000
v -3.195000 22.900000 -9.550000
v -3.195000 22.900000 9.550000
v -3.645000 23.350000 9.550000
v -3.645000 23.350000 -9.550000
v -3.195000 23.350000 10.000000
v -3.195000 25.449999 10.000000
v -3.645000 25.449999 9.550000
v -3.195000 25.900000 9.550000
v -3.195000 25.900000 -9.550000
v -3.645000 25.449999 -9.550000
v -3.195000 25.449999 -10.000000
v -3.195000 23.350000 -10.000000
v 3.195000 22.900000 -9.550000
v 3.195000 23.350000 -10.000000
v 3.195000 25.900000 -9.550000
v 3.195000 25.449999 -10.000000
v 3.645000 25.449999 -9.550000
v 3.645000 23.350000 -9.550000
v 3.195000 22.900000 9.550000
v 3.645000 23.350000 9.550000
v 3.195000 25.900000 9.550000
v 3.645000 25.449999 9.550000
v 3.195000 25.449999 10.000000
v 3.195000 23.350000 10.000000
v -3.195000 24.400000 8.150000
v -3.195000 24.400000 9.850000
v -3.645000 24.850000 9.850000
v -3.645000 24.850000 8.150000
v -3.195000 24.850000 10.300000
v -3.195000 33.950001 10.300000
v -3.645000 33.950001 9.850000
v -3.195000 34.400002 9.850000
v -3.195000 34.400002 8.150000
v -3.645000 33.950001 8.150000
v -3.195000 33.950001 7.700000
v -3.195000 24.850000 7.700000
v 3.195000 24.400000 8.150000
v 3.195000 24.850000 7.700000
v 3.195000 34.400002 8.150000
v 3.195000 33.950001 7.700000
v 3.645000 33.950001 8.150000
v 3.645000 24.850000 8.150000
v 3.195000 24.400000 9.850000
v 3.645000 24.850000 9.850000
v 3.195000 34.400002 9.850000
v 3.645000 33.950001 9.850000
v 3.195000 33.950001 10.300000
v 3.195000 24.850000 10.300000
v -3.195000 24.400000 -9.850000
v -3.195000 24.400000 -8.150000
v -3.645000 24.850000 -8.150000
v -3.645000 24.850000 -9.850000
v -3.195000 24.850000 -7.700000
v -3.195000 33.950001 -7.700000
v -3.645000 33.950001 -8.150000
v -3.195000 34.400002 -8.150000
v -3.195000 34.400002 -9.850000
v -3.645000 33.950001 -9.850000
v -3.195000 33.950001 -10.300000
v -3.195000 24.850000 -10.300000
v 3.195000 24.400000 -9.850000
v 3.195000 24.850000 -10.300000
v 3.195000 34.400002 -9.850000
v 3.195000 33.950001 -10.300000
v 3.645000 33.950001 -9.850000
v 3.645000 24.850000 -9.850000
v 3.195000 24.400000 -8.150000
v 3.645000 24.850000 -8.150000
v 3.195000 34.400002 -8.150000
v 3.645000 33.950001 -8.150000
v 3.195000 33.950001 -7.700000
v 3.195000 24.850000 -7.700000
v 8.595000 24.435104 9.550000
v 2.205000 24.435104 9.550000
v 2.205000 23.985104 10.000000
v 8.595000 23.985104 10.000000
v 2.205000 21.435104 9.550000
v 8.595000 21.435104 9.550000
v 8.595000 21.885105 10.000000
v 2.205000 21.885105 10.000000
v 1.282051 -30.000000 -0.740192
v 0.000000 -30.000000 -1.480385
v 2.205000 24.435104 -9.550000
v 8.595000 24.435104 -9.550000
v 8.595000 23.985104 -10.000000
v 2.205000 23.985104 -10.000000
v 8.595000 21.435104 -9.550000
v 2.205000 21.435104 -9.550000
v 2.205000 21.885105 -10.000000
v 8.595000 21.885105 -10.000000
v 0.000000 24.400002 -1.480385
v 1.282051 24.400002 -0.740192
v 9.045000 21.885105 9.550000
v 9.045000 23.985104 9.550000
v 1.282051 -30.000000 0.740192
v 1.755000 21.885105 -9.550000
v 1.755000 23.985104 -9.550000
v 1.282051 24.400002 0.740192
v 9.045000 23.985104 -9.550000
v 0.000000 -30.000000 1.480385
v 1.755000 23.985104 9.550000
v 0.000000 24.400002 1.480385
v 9.045000 21.885105 -9.550000
v -1.282051 -30.000000 0.740192
v 1.755000 21.885105 9.550000
v -1.282051 24.400002 0.740192
v -1.282051 -30.000000 -0.740192
v -1.282051 24.400002 -0.740192
v 2.205000 22.935104 8.150000
v 2.205000 22.935104 9.850000
v 1.755000 23.385105 9.850000
v 1.755000 23.385105 8.150000
v 2.205000 23.385105 10.300000
v 2.205000 32.485104 10.300000
v 1.755000 32.485104 9.850000
v 2.205000 32.935104 9.850000
v 2.205000 32.935104 8.150000
v 1.755000 32.485104 8.150000
v 2.205000 32.485104 7.700000
v 2.205000 23.385105 7.700000
v 8.595000 22.935104 8.150000
v 8.595000 23.385105 7.700000
v 8.595000 32.935104 8.150000
v 8.595000 32.485104 7.700000
v 9.045000 32.485104 8.150000
v 9.045000 23.385105 8.150000
v 8.595000 22.935104 9.850000
v 9.045000 23.385105 9.850000
v 8.595000 32.935104 9.850000
v 9.045000 32.485104 9.850000
v 8.595000 32.485104 10.300000
v 8.595000 23.385105 10.300000
v 2.205000 22.935104 -9.850000
v 2.205000 22.935104 -8.150000
v 1.755000 23.385105 -8.150000
v 1.755000 23.385105 -9.850000
v 2.205000 23.385105 -7.700000
v 2.205000 32.485104 -7.700000
v 1.755000 32.485104 -8.150000
v 2.205000 32.935104 -8.150000
v 2.205000 32.935104 -9.850000
v 1.755000 32.485104 -9.850000
v 2.205000 32.485104 -10.300000
v 2.205000 23.385105 -10.300000
v 8.595000 22.935104 -9.850000
v 8.595000 23.385105 -10.300000
v 8.595000 32.935104 -9.850000
v 8.595000 32.485104 -10.300000
v 9.045000 32.485104 -9.850000
v 9.045000 23.385105 -9.850000
v 8.595000 22.935104 -8.150000
v 9.045000 23.385105 -8.150000
v 8.595000 32.935104 -8.150000
v 9.045000 32.485104 -8.150000
v 8.595000 32.485104 -7.700000
v 8.595000 23.385105 -7.700000
v 7.605000 20.972982 -9.550000
v 7.605000 20.972982 9.550000
v 7.155000 21.422983 9.550000
v 7.155000 21.422983 -9.550000
v 7.605000 21.422983 10.000000
v 7.605000 23.522982 10.000000
v 7.155000 23.522982 9.550000
v 7.605000 23.972982 9.550000
v 7.605000 23.972982 -9.550000
v 7.155000 23.522982 -9.550000
v 7.605000 23.522982 -10.000000
v 7.605000 21.422983 -10.000000
v 13.995000 20.972982 -9.550000
v 13.995000 21.422983 -10.000000
v 13.995000 23.972982 -9.550000
v 13.995000 23.522982 -10.000000
v 14.445000 23.522982 -9.550000
v 14.445000 21.422983 -9.550000
v 13.995000 20.972982 9.550000
v 14.445000 21.422983 9.550000
v 13.995000 23.972982 9.550000
v 14.445000 23.522982 9.550000
v 13.995000 23.522982 10.000000
v 13.995000 21.422983 10.000000
v 7.605000 22.472982 8.150000
v 7.605000 22.472982 9.850000
v 7.155000 22.922983 9.850000
v 7.155000 22.922983 8.150000
v 7.605000 22.922983 10.300000
v 7.605000 32.022984 10.300000
v 7.155000 32.022984 9.850000
v 7.605000 32.472984 9.850000
v 7.605000 32.472984 8.150000
v 7.155000 32.022984 8.150000
v 7.605000 32.022984 7.700000
v 7.605000 22.922983 7.700000
v 13.995000 22.472982 8.150000
v 13.995000 22.922983 7.700000
v 13.995000 32.472984 8.150000
v 13.995000 32.022984 7.700000
v 14.445000 32.022984 8.150000
v 14.445000 22.922983 8.150000
v 13.995000 22.472982 9.850000
v 14.445000 22.922983 9.850000
v 13.995000 32.472984 9.850000
v 14.445000 32.022984 9.850000
v 13.995000 32.022984 10.300000
v 13.995000 22.922983 10.300000
v 7.605000 22.472982 -9.850000
v 7.605000 22.472982 -8.150000
v 7.155000 22.922983 -8.150000
v 7.155000 22.922983 -9.850000
v 7.605000 22.922983 -7.700000
v 7.605000 32.022984 -7.700000
v 7.155000 32.022984 -8.150000
v 7.605000 32.472984 -8.150000
v 7.605000 32.472984 -9.850000
v 7.155000 32.022984 -9.850000
v 7.605000 32.022984 -10.300000
v 7.605000 22.922983 -10.300000
v 13.995000 22.472982 -9.850000
v 13.995000 22.922983 -10.300000
v 13.995000 32.472984 -9.850000
v 13.995000 32.022984 -10.300000
v 14.445000 32.022984 -9.850000
v 14.445000 22.922983 -9.850000
v 13.995000 22.472982 -8.150000
v 14.445000 22.922983 -8.150000
v 13.995000 32.472984 -8.150000
v 14.445000 32.022984 -8.150000
v 13.995000 32.022984 -7.700000
v 13.995000 22.922983 -7.700000
v 13.005000 21.089670 -9.550000
v 13.005000 21.089670 9.550000
v 12.555000 21.539671 9.550000
v 12.555000 21.539671 -9.550000
v 13.005000 21.539671 10.000000
v 13.005000 23.639669 10.000000
v 12.555000 23.639669 9.550000
v 13.005000 24.089670 9.550000
v 13.005000 24.089670 -9.550000
v 12.555000 23.639669 -9.550000
v 13.005000 23.639669 -10.000000
v 13.005000 21.539671 -10.000000
v 19.395000 21.089670 -9.550000
v 19.395000 21.539671 -10.000000
v 19.395000 24.089670 -9.550000
v 19.395000 23.639669 -10.000000
v 19.845001 23.639669 -9.550000
v 19.845001 21.539671 -9.550000
v 19.395000 21.089670 9.550000
v 19.845001 21.539671 9.550000
v 19.395000 24.089670 9.550000
v 19.845001 23.639669 9.550000
v 19.395000 23.639669 10.000000
v 19.395000 21.539671 10.000000
v 13.005000 22.589670 8.150000
v 13.005000 22.589670 9.850000
v 12.555000 23.039671 9.850000
v 12.555000 23.039671 8.150000
v 13.005000 23.039671 10.300000
v 13.005000 32.139668 10.300000
v 12.555000 32.139668 9.850000
v 13.005000 32.589668 9.850000
v 13.005000 32.589668 8.150000
v 12.555000 32.139668 8.150000
v 13.005000 32.139668 7.700000
v 13.005000 23.039671 7.700000
v 19.395000 22.589670 8.150000
v 19.395000 23.039671 7.700000
v 19.395000 32.589668 8.150000
v 19.395000 32.139668 7.700000
v 19.845001 32.139668 8.150000
v 19.845001 23.039671 8.150000
v 19.395000 22.589670 9.850000
v 19.845001 23.039671 9.850000
v 19.395000 32.589668 9.850000
v 19.845001 32.139668 9.850000
v 19.395000 32.139668 10.300000
v 19.395000 23.039671 10.300000
v 13.005000 22.589670 -9.850000
v 13.005000 22.589670 -8.150000
v 12.555000 23.039671 -8.150000
v 12.555000 23.039671 -9.850000
v 13.005000 23.039671 -7.700000
v 13.005000 32.139668 -7.700000
v 12.555000 32.139668 -8.150000
v 13.005000 32.589668 -8.150000
v 13.005000 32.589668 -9.850000
v 12.555000 32.139668 -9.850000
v 13.005000 32.139668 -10.300000
v 13.005000 23.039671 -10.300000
v 19.395000 22.589670 -9.850000
v 19.395000 23.039671 -10.300000
v 19.395000 32.589668 -9.850000
v 19.395000 32.139668 -10.300000
v 19.845001 32.139668 -9.850000
v 19.845001 23.039671 -9.850000
v 19.395000 22.589670 -8.150000
v 19.845001 23.039671 -8.150000
v 19.395000 32.589668 -8.150000
v 19.845001 32.139668 -8.150000
v 19.395000 32.139668 -7.700000
v 19.395000 23.039671 -7.700000
v 18.405001 21.257446 -9.550000
v 18.405001 21.257446 9.550000
v 17.955000 21.707447 9.550000
v 17.955000 21.707447 -9.550000
v 18.405001 21.707447 10.000000
v 18.405001 23.807446 10.000000
v 17.955000 23.807446 9.550000
v 18.405001 24.257446 9.550000
v 18.405001 24.257446 -9.550000
v 17.955000 23.807446 -9.550000
v 18.405001 23.807446 -10.000000
v 18.405001 21.707447 -10.000000
v 24.795000 21.257446 -9.550000
v 24.795000 21.707447 -10.000000
v 24.795000 24.257446 -9.550000
v 24.795000 23.807446 -10.000000
v 25.245001 23.807446 -9.550000
v 25.245001 21.707447 -9.550000
v 24.795000 21.257446 9.550000
v 25.245001 21.707447 9.550000
v 24.795000 24.257446 9.550000
v 25.245001 23.807446 9.550000
v 24.795000 23.807446 10.000000
v 24.795000 21.707447 10.000000
v 18.405001 22.757446 8.150000
v 18.405001 22.757446 9.850000
v 17.955000 23.207447 9.850000
v 17.955000 23.207447 8.150000
v 18.405001 23.207447 10.300000
v 18.405001 32.307446 10.300000
v 17.955000 32.307446 9.850000
v 18.405001 32.757446 9.850000
v 18.405001 32.757446 8.150000
v 17.955000 32.307446 8.150000
v 18.405001 32.307446 7.700000
v 18.405001 23.207447 7.700000
v 24.795000 22.757446 8.150000
v 24.795000 23.207447 7.700000
v 24.795000 32.757446 8.150000
v 24.795000 32.307446 7.700000
v 25.245001 32.307446 8.150000
v 25.245001 23.207447 8.150000
v 24.795000 22.757446 9.850000
v 25.245001 23.207447 9.850000
v 24.795000 32.757446 9.850000
v 25.245001 32.307446 9.850000
v 24.795000 32.307446 10.300000
v 24.795000 23.207447 10.300000
v 18.405001 22.757446 -9.850000
v 18.405001 22.757446 -8.150000
v 17.955000 23.207447 -8.150000
v 17.955000 23.207447 -9.850000
v 18.405001 23.207447 -7.700000
v 18.405001 32.307446 -7.700000
v 17.955000 32.307446 -8.150000
v 18.405001 32.757446 -8.150000
v 18.405001 32.757446 -9.850000
v 17.955000 32.307446 -9.850000
v 18.405001 32.307446 -10.300000
v 18.405001 23.207447 -10.300000
v 24.795000 22.757446 -9.850000
v 24.795000 23.207447 -10.300000
v 24.795000 32.757446 -9.850000
v 24.795000 32.307446 -10.300000
v 25.245001 32.307446 -9.850000
v 25.245001 23.207447 -9.850000
v 24.795000 22.757446 -8.150000
v 25.245001 23.207447 -8.150000
v 24.795000 32.757446 -8.150000
v 25.245001 32.307446 -8.150000
v 24.795000 32.307446 -7.700000
v 24.795000 23.207447 -7.700000
v 23.805000 20.964823 -9.550000
v 23.805000 20.964823 9.550000
v 23.355000 21.414824 9.550000
v 23.355000 21.414824 -9.550000
v 23.805000 21.414824 10.000000
v 23.805000 23.514822 10.000000
v 23.355000 23.514822 9.550000
v 23.805000 23.964823 9.550000
v 23.805000 23.964823 -9.550000
v 23.355000 23.514822 -9.550000
v 23.805000 23.514822 -10.000000
v 23.805000 21.414824 -10.000000
v 30.195000 20.964823 -9.550000
v 30.195000 21.414824 -10.000000
v 30.195000 23.964823 -9.550000
v 30.195000 23.514822 -10.000000
v 30.645000 23.514822 -9.550000
v 30.645000 21.414824 -9.550000
v 30.195000 20.964823 9.550000
v 30.645000 21.414824 9.550000
v 30.195000 23.964823 9.550000
v 30.645000 23.514822 9.550000
v 30.195000 23.514822 10.000000
v 30.195000 21.414824 10.000000
v 23.805000 22.464823 8.150000
v 23.805000 22.464823 9.850000
v 23.355000 22.914824 9.850000
v 23.355000 22.914824 8.150000
v 23.805000 22.914824 10.300000
v 23.805000 32.014820 10.300000
v 23.355000 32.014820 9.850000
v 23.805000 32.464821 9.850000
v 23.805000 32.464821 8.150000
v 23.355000 32.014820 8.150000
v 23.805000 32.014820 7.700000
v 23.805000 22.914824 7.700000
v 30.195000 22.464823 8.150000
v 30.195000 22.914824 7.700000
v 30.195000 32.464821 8.150000
v 30.195000 32.014820 7.700000
v 30.645000 32.014820 8.150000
v 30.645000 22.914824 8.150000
v 30.195000 22.464823 9.850000
v 30.645000 22.914824 9.850000
v 30.195000 32.464821 9.850000
v 30.645000 32.014820 9.850000
v 30.195000 32.014820 10.300000
v 30.195000 22.914824 10.300000
v 23.805000 22.464823 -9.850000
v 23.805000 22.464823 -8.150000
v 23.355000 22.914824 -8.150000
v 23.355000 22.914824 -9.850000
v 23.805000 22.914824 -7.700000
v 23.805000 32.014820 -7.700000
v 23.355000 32.014820 -8.150000
v 23.805000 32.464821 -8.150000
v 23.805000 32.464821 -9.850000
v 23.355000 32.014820 -9.850000
v 23.805000 32.014820 -10.300000
v 23.805000 22.914824 -10.300000
v 30.195000 22.464823 -9.850000
v 30.195000 22.914824 -10.300000
v 30.195000 32.464821 -9.850000
v 30.195000 32.014820 -10.300000
v 30.645000 32.014820 -9.850000
v 30.645000 22.914824 -9.850000
v 30.195000 22.464823 -8.150000
v 30.645000 22.914824 -8.150000
v 30.195000 32.464821 -8.150000
v 30.645000 32.014820 -8.150000
v 30.195000 32.014820 -7.700000
v 30.195000 22.914824 -7.700000
v 35.595001 22.827028 9.550000
v 29.205002 22.827028 9.550000
v 29.205002 22.377028 10.000000
v 35.595001 22.377028 10.000000
v 29.205002 19.827028 9.550000
v 35.595001 19.827028 9.550000
v 35.595001 20.277029 10.000000
v 29.205002 20.277029 10.000000
v 28.282049 -30.000000 -0.740193
v 27.000000 -30.000000 -1.480385
v 29.205002 22.827028 -9.550000
v 35.595001 22.827028 -9.550000
v 35.595001 22.377028 -10.000000
v 29.205002 22.377028 -10.000000
v 35.595001 19.827028 -9.550000
v 29.205002 19.827028 -9.550000
v 29.205002 20.277029 -10.000000
v 35.595001 20.277029 -10.000000
v 27.000000 22.464825 -1.480385
v 28.282049 22.464825 -0.740193
v 36.045002 20.277029 9.550000
v 36.045002 22.377028 9.550000
v 28.282049 -30.000000 0.740193
v 28.755001 20.277029 -9.550000
v 28.755001 22.377028 -9.550000
v 28.282049 22.464825 0.740193
v 36.045002 22.377028 -9.550000
v 27.000000 -30.000000 1.480385
v 28.755001 22.377028 9.550000
v 27.000000 22.464825 1.480385
v 36.045002 20.277029 -9.550000
v 25.717951 -30.000000 0.740193
v 28.755001 20.277029 9.550000
v 25.717951 22.464825 0.740193
v 25.717951 -30.000000 -0.740193
v 25.717951 22.464825 -0.740193
v 29.205002 21.327028 8.150000
v 29.205002 21.327028 9.850000
v 28.755001 21.777029 9.850000
v 28.755001 21.777029 8.150000
v 29.205002 21.777029 10.300000
v 29.205002 30.877028 10.300000
v 28.755001 30.877028 9.850000
v 29.205002 31.327028 9.850000
v 29.205002 31.327028 8.150000
v 28.755001 30.877028 8.150000
v 29.205002 30.877028 7.700000
v 29.205002 21.777029 7.700000
v 35.595001 21.327028 8.150000
v 35.595001 21.777029 7.700000
v 35.595001 31.327028 8.150000
v 35.595001 30.877028 7.700000
v 36.045002 30.877028 8.150000
v 36.045002 21.777029 8.150000
v 35.595001 21.327028 9.850000
v 36.045002 21.777029 9.850000
v 35.595001 31.327028 9.850000
v 36.045002 30.877028 9.850000
v 35.595001 30.877028 10.300000
v 35.595001 21.777029 10.300000
v 29.205002 21.327028 -9.850000
v 29.205002 21.327028 -8.150000
v 28.755001 21.777029 -8.150000
v 28.755001 21.777029 -9.850000
v 29.205002 21.777029 -7.700000
v 29.205002 30.877028 -7.700000
v 28.755001 30.877028 -8.150000
v 29.205002 31.327028 -8.150000
v 29.205002 31.327028 -9.850000
v 28.755001 30.877028 -9.850000
v 29.205002 30.877028 -10.300000
v 29.205002 21.777029 -10.300000
v 35.595001 21.327028 -9.850000
v 35.595001 21.777029 -10.300000
v 35.595001 31.327028 -9.850000
v 35.595001 30.877028 -10.300000
v 36.045002 30.877028 -9.850000
v 36.045002 21.777029 -9.850000
v 35.595001 21.327028 -8.150000
v 36.045002 21.777029 -8.150000
v 35.595001 31.327028 -8.150000
v 36.045002 30.877028 -8.150000
v 35.595001 30.877028 -7.700000
v 35.595001 21.777029 -7.700000
v 34.605000 17.663120 -9.550000
v 34.605000 17.663120 9.550000
v 34.154999 18.113121 9.550000
v 34.154999 18.113121 -9.550000
v 34.605000 18.113121 10.000000
v 34.605000 20.213120 10.000000
v 34.154999 20.213120 9.550000
v 34.605000 20.663120 9.550000
v 34.605000 20.663120 -9.550000
v 34.154999 20.213120 -9.550000
v 34.605000 20.213120 -10.000000
v 34.605000 18.113121 -10.000000
v 40.994999 17.663120 -9.550000
v 40.994999 18.113121 -10.000000
v 40.994999 20.663120 -9.550000
v 40.994999 20.213120 -10.000000
v 41.445000 20.213120 -9.550000
v 41.445000 18.113121 -9.550000
v 40.994999 17.663120 9.550000
v 41.445000 18.113121 9.550000
v 40.994999 20.663120 9.550000
v 41.445000 20.213120 9.550000
v 40.994999 20.213120 10.000000
v 40.994999 18.113121 10.000000
v 34.605000 19.163120 8.150000
v 34.605000 19.163120 9.850000
v 34.154999 19.613121 9.850000
v 34.154999 19.613121 8.150000
v 34.605000 19.613121 10.300000
v 34.605000 28.713120 10.300000
v 34.154999 28.713120 9.850000
v 34.605000 29.163120 9.850000
v 34.605000 29.163120 8.150000
v 34.154999 28.713120 8.150000
v 34.605000 28.713120 7.700000
v 34.605000 19.613121 7.700000
v 40.994999 19.163120 8.150000
v 40.994999 19.613121 7.700000
v 40.994999 29.163120 8.150000
v 40.994999 28.713120 7.700000
v 41.445000 28.713120 8.150000
v 41.445000 19.613121 8.150000
v 40.994999 19.163120 9.850000
v 41.445000 19.613121 9.850000
v 40.994999 29.163120 9.850000
v 41.445000 28.713120 9.850000
v 40.994999 28.713120 10.300000
v 40.994999 19.613121 10.300000
v 34.605000 19.163120 -9.850000
v 34.605000 19.163120 -8.150000
v 34.154999 19.613121 -8.150000
v 34.154999 19.613121 -9.850000
v 34.605000 19.613121 -7.700000
v 34.605000 28.713120 -7.700000
v 34.154999 28.713120 -8.150000
v 34.605000 29.163120 -8.150000
v 34.605000 29.163120 -9.850000
v 34.154999 28.713120 -9.850000
v 34.605000 28.713120 -10.300000
v 34.605000 19.613121 -10.300000
v 40.994999 19.163120 -9.850000
v 40.994999 19.613121 -10.300000
v 40.994999 29.163120 -9.850000
v 40.994999 28.713120 -10.300000
v 41.445000 28.713120 -9.850000
v 41.445000 19.613121 -9.850000
v 40.994999 19.163120 -8.150000
v 41.445000 19.613121 -8.150000
v 40.994999 29.163120 -8.150000
v 41.445000 28.713120 -8.150000
v 40.994999 28.713120 -7.700000
v 40.994999 19.613121 -7.700000
v 40.005001 14.524397 -9.550000
v 40.005001 14.524397 9.550000
v 39.555000 14.974397 9.550000
v 39.555000 14.974397 -9.550000
v 40.005001 14.974397 10.000000
v 40.005001 17.074396 10.000000
v 39.555000 17.074396 9.550000
v 40.005001 17.524397 9.550000
v 40.005001 17.524397 -9.550000
v 39.555000 17.074396 -9.550000
v 40.005001 17.074396 -10.000000
v 40.005001 14.974397 -10.000000
v 46.395000 14.524397 -9.550000
v 46.395000 14.974397 -10.000000
v 46.395000 17.524397 -9.550000
v 46.395000 17.074396 -10.000000
v 46.845001 17.074396 -9.550000
v 46.845001 14.974397 -9.550000
v 46.395000 14.524397 9.550000
v 46.845001 14.974397 9.550000
v 46.395000 17.524397 9.550000
v 46.845001 17.074396 9.550000
v 46.395000 17.074396 10.000000
v 46.395000 14.974397 10.000000
v 40.005001 16.024397 8.150000
v 40.005001 16.024397 9.850000
v 39.555000 16.474398 9.850000
v 39.555000 16.474398 8.150000
v 40.005001 16.474398 10.300000
v 40.005001 25.574396 10.300000
v 39.555000 25.574396 9.850000
v 40.005001 26.024397 9.850000
v 40.005001 26.024397 8.150000
v 39.555000 25.574396 8.150000
v 40.005001 25.574396 7.700000
v 40.005001 16.474398 7.700000
v 46.395000 16.024397 8.150000
v 46.395000 16.474398 7.700000
v 46.395000 26.024397 8.150000
v 46.395000 25.574396 7.700000
v 46.845001 25.574396 8.150000
v 46.845001 16.474398 8.150000
v 46.395000 16.024397 9.850000
v 46.845001 16.474398 9.850000
v 46.395000 26.024397 9.850000
v 46.845001 25.574396 9.850000
v 46.395000 25.574396 10.300000
v 46.395000 16.474398 10.300000
v 40.005001 16.024397 -9.850000
v 40.005001 16.024397 -8.150000
v 39.555000 16.474398 -8.150000
v 39.555000 16.474398 -9.850000
v 40.005001 16.474398 -7.700000
v 40.005001 25.574396 -7.700000
v 39.555000 25.574396 -8.150000
v 40.005001 26.024397 -8.150000
v 40.005001 26.024397 -9.850000
v 39.555000 25.574396 -9.850000
v 40.005001 25.574396 -10.300000
v 40.005001 16.474398 -10.300000
v 46.395000 16.024397 -9.850000
v 46.395000 16.474398 -10.300000
v 46.395000 26.024397 -9.850000
v 46.395000 25.574396 -10.300000
v 46.845001 25.574396 -9.850000
v 46.845001 16.474398 -9.850000
v 46.395000 16.024397 -8.150000
v 46.845001 16.474398 -8.150000
v 46.395000 26.024397 -8.150000
v 46.845001 25.574396 -8.150000
v 46.395000 25.574396 -7.700000
v 46.395000 16.474398 -7.700000
v 45.404999 10.670319 -9.550000
v 45.404999 10.670319 9.550000
v 44.954998 11.120318 9.550000
v 44.954998 11.120318 -9.550000
v 45.404999 11.120318 10.000000
v 45.404999 13.220319 10.000000
v 44.954998 13.220319 9.550000
v 45.404999 13.670319 9.550000
v 45.404999 13.670319 -9.550000
v 44.954998 13.220319 -9.550000
v 45.404999 13.220319 -10.000000
v 45.404999 11.120318 -10.000000
v 51.794998 10.670319 -9.550000
v 51.794998 11.120318 -10.000000
v 51.794998 13.670319 -9.550000
v 51.794998 13.220319 -10.000000
v 52.244999 13.220319 -9.550000
v 52.244999 11.120318 -9.550000
v 51.794998 10.670319 9.550000
v 52.244999 11.120318 9.550000
v 51.794998 13.670319 9.550000
v 52.244999 13.220319 9.550000
v 51.794998 13.220319 10.000000
v 51.794998 11.120318 10.000000
v 45.404999 12.170319 8.150000
v 45.404999 12.170319 9.850000
v 44.954998 12.620318 9.850000
v 44.954998 12.620318 8.150000
v 45.404999 12.620318 10.300000
v 45.404999 21.720318 10.300000
v 44.954998 21.720318 9.850000
v 45.404999 22.170319 9.850000
v 45.404999 22.170319 8.150000
v 44.954998 21.720318 8.150000
v 45.404999 21.720318 7.700000
v 45.404999 12.620318 7.700000
v 51.794998 12.170319 8.150000
v 51.794998 12.620318 7.700000
v 51.794998 22.170319 8.150000
v 51.794998 21.720318 7.700000
v 52.244999 21.720318 8.150000
v 52.244999 12.620318 8.150000
v 51.794998 12.170319 9.850000
v 52.244999 12.620318 9.850000
v 51.794998 22.170319 9.850000
v 52.244999 21.720318 9.850000
v 51.794998 21.720318 10.300000
v 51.794998 12.620318 10.300000
v 45.404999 12.170319 -9.850000
v 45.404999 12.170319 -8.150000
v 44.954998 12.620318 -8.150000
v 44.954998 12.620318 -9.850000
v 45.404999 12.620318 -7.700000
v 45.404999 21.720318 -7.700000
v 44.954998 21.720318 -8.150000
v 45.404999 22.170319 -8.150000
v 45.404999 22.170319 -9.850000
v 44.954998 21.720318 -9.850000
v 45.404999 21.720318 -10.300000
v 45.404999 12.620318 -10.300000
v 51.794998 12.170319 -9.850000
v 51.794998 12.620318 -10.300000
v 51.794998 22.170319 -9.850000
v 51.794998 21.720318 -10.300000
v 52.244999 21.720318 -9.850000
v 52.244999 12.620318 -9.850000
v 51.794998 12.170319 -8.150000
v 52.244999 12.620318 -8.150000
v 51.794998 22.170319 -8.150000
v 52.244999 21.720318 -8.150000
v 51.794998 21.720318 -7.700000
v 51.794998 12.620318 -7.700000
v 50.805000 6.500000 -9.550000
v 50.805000 6.500000 9.550000
v 50.355000 6.950000 9.550000
v 50.355000 6.950000 -9.550000
v 50.805000 6.950000 10.000000
v 50.805000 9.050000 10.000000
v 50.355000 9.050000 9.550000
v 50.805000 9.500000 9.550000
v 50.805000 9.500000 -9.550000
v 50.355000 9.050000 -9.550000
v 50.805000 9.050000 -10.000000
v 50.805000 6.950000 -10.000000
v 57.195000 6.500000 -9.550000
v 57.195000 6.950000 -10.000000
v 57.195000 9.500000 -9.550000
v 57.195000 9.050000 -10.000000
v 57.645000 9.050000 -9.550000
v 57.645000 6.950000 -9.550000
v 57.195000 6.500000 9.550000
v 57.645000 6.950000 9.550000
v 57.195000 9.500000 9.550000
v 57.645000 9.050000 9.550000
v 57.195000 9.050000 10.000000
v 57.195000 6.950000 10.000000
v 50.805000 8.000000 8.150000
v 50.805000 8.000000 9.850000
v 50.355000 8.450000 9.850000
v 50.355000 8.450000 8.150000
v 50.805000 8.450000 10.300000
v 50.805000 17.549999 10.300000
v 50.355000 17.549999 9.850000
v 50.805000 18.000000 9.850000
v 50.805000 18.000000 8.150000
v 50.355000 17.549999 8.150000
v 50.805000 17.549999 7.700000
v 50.805000 8.450000 7.700000
v 57.195000 8.000000 8.150000
v 57.195000 8.450000 7.700000
v 57.195000 18.000000 8.150000
v 57.195000 17.549999 7.700000
v 57.645000 17.549999 8.150000
v 57.645000 8.450000 8.150000
v 57.195000 8.000000 9.850000
v 57.645000 8.450000 9.850000
v 57.195000 18.000000 9.850000
v 57.645000 17.549999 9.850000
v 57.195000 17.549999 10.300000
v 57.195000 8.450000 10.300000
v 50.805000 8.000000 -9.850000
v 50.805000 8.000000 -8.150000
v 50.355000 8.450000 -8.150000
v 50.355000 8.450000 -9.850000
v 50.805000 8.450000 -7.700000
v 50.805000 17.549999 -7.700000
v 50.355000 17.549999 -8.150000
v 50.805000 18.000000 -8.150000
v 50.805000 18.000000 -9.850000
v 50.355000 17.549999 -9.850000
v 50.805000 17.549999 -10.300000
v 50.805000 8.450000 -10.300000
v 57.195000 8.000000 -9.850000
v 57.195000 8.450000 -10.300000
v 57.195000 18.000000 -9.850000
v 57.195000 17.549999 -10.300000
v 57.645000 17.549999 -9.850000
v 57.645000 8.450000 -9.850000
v 57.195000 8.000000 -8.150000
v 57.645000 8.450000 -8.150000
v 57.195000 18.000000 -8.150000
v 57.645000 17.549999 -8.150000
v 57.195000 17.549999 -7.700000
v 57.195000 8.450000 -7.700000
v 55.282051 -30.000000 -0.740194
v 54.000000 -30.000000 -1.480386
v 54.000000 8.000000 -1.480386
v 55.282051 8.000000 -0.740194
v 55.282051 -30.000000 0.740194
v 55.282051 8.000000 0.740194
v 54.000000 -30.000000 1.480386
v 54.000000 8.000000 1.480386
v 52.717949 -30.000000 0.740194
v 52.717949 8.000000 0.740194
v 52.717949 -30.000000 -0.740194
v 52.717949 8.000000 -0.740194
vn -0.4606 -0.4606 -0.7588
vn -0.4606 0.4606 -0.7588
vn -0.7588 0.4606 -0.4606
vn -0.4606 0.7588 -0.4606
vn -0.4606 0.7588 0.4606
vn -0.7588 0.4606 0.4606
vn -0.4606 0.4606 0.7588
vn -0.4606 -0.4606 0.7588
vn -0.7588 -0.4606 -0.4606
vn -0.7588 -0.4606 0.4606
vn -0.4606 -0.7588 0.4606
vn -0.4606 -0.7588 -0.4606
vn 0.4606 -0.4606 0.7588
vn 0.4606 0.4606 0.7588
vn 0.7588 0.4606 0.4606
vn 0.4606 0.7588 0.4606
vn 0.7588 -0.4606 0.4606
vn 0.4606 -0.7588 0.4606
vn 0.7588 -0.4606 -0.4606
vn 0.7588 0.4606 -0.4606
vn 0.4606 0.4606 -0.7588
vn 0.4606 0.7588 -0.4606
vn 0.4606 -0.4606 -0.7588
vn 0.4606 -0.7588 -0.4606
vn -0.6265 0.6904 -0.3617
vn -0.6265 -0.6904 -0.3617
vn -0.6265 0.6904 0.3617
vn -0.6265 -0.6904 0.3617
vn -0.0000 0.6904 0.7235
vn -0.0000 -0.6904 0.7235
vn 0.6265 0.6904 0.3617
vn 0.6265 -0.6904 0.3617
vn 0.6265 0.6904 -0.3617
vn -0.0000 0.6904 -0.7235
vn -0.0000 -0.6904 -0.7235
vn 0.6265 -0.6904 -0.3617
vn -0.0000 -0.0000 1.0000
vn -0.0000 -1.0000 -0.0000
vn -1.0000 -0.0000 -0.0000
vn -0.0000 1.0000 -0.0000
vn -0.0000 -0.0000 -1.0000
vn 1.0000 -0.0000 -0.0000
vn -0.2677 -0.3400 -0.9015
vn 0.2677 -0.3400 -0.9015
vn 0.2677 0.3400 -0.9015
vn -0.2677 0.3400 -0.9015
vn 0.6469 -0.3400 -0.6826
vn 0.9146 -0.3400 -0.2189
vn 0.9146 0.3400 -0.2189
vn 0.6469 0.3400 -0.6826
vn 0.9146 -0.3400 0.2189
vn 0.6469 -0.3400 0.6826
vn 0.6469 0.3400 0.6826
vn 0.9146 0.3400 0.2189
vn 0.2677 -0.3400 0.9015
vn -0.2677 -0.3400 0.9015
vn -0.2677 0.3400 0.9015
vn 0.2677 0.3400 0.9015
vn -0.6469 -0.3400 0.6826
vn -0.9146 -0.3400 0.2189
vn -0.9146 0.3400 0.2189
vn -0.6469 0.3400 0.6826
vn -0.9146 -0.3400 -0.2189
vn -0.6469 -0.3400 -0.6826
vn -0.6469 0.3400 -0.6826
vn -0.9146 0.3400 -0.2189
vt -2.859750 3.077500
vt -2.859750 3.100000
vt -2.882250 3.077500
vt -2.540250 2.525000
vt -2.517750 2.547500
vt -2.540250 2.547500
vt -2.859750 2.600000
vt -2.882250 2.622500
vt -2.859750 2.622500
vt -2.859750 2.675000
vt -2.859750 2.652500
vt -2.882250 2.652500
vt -2.540250 2.675000
vt -2.517750 2.652500
vt -2.540250 2.652500
vt -2.859750 2.525000
vt -2.882250 2.547500
vt -2.859750 2.547500
vt -2.540250 2.600000
vt -2.517750 2.622500
vt -2.540250 2.622500
vt -2.540250 3.100000
vt -2.540250 3.077500
vt -2.517750 3.077500
vt -2.589750 2.698219
vt -2.589750 2.720719
vt -2.612250 2.698219
vt -2.589750 2.570719
vt -2.589750 2.593219
vt -2.612250 2.593219
vt -2.700000 -1.500000
vt -2.719486 -1.477500
vt -2.680514 -1.477500
vt -2.700000 2.600000
vt -2.680514 2.577500
vt -2.719486 2.577500
vt 0.037010 -1.500000
vt 0.061250 -1.477500
vt 0.027500 -1.477500
vt 0.037010 2.600000
vt 0.027500 2.577500
vt 0.061250 2.577500
vt -0.037010 -1.500000
vt -0.027500 -1.477500
vt -0.061250 -1.477500
vt -0.037010 2.600000
vt -0.061250 2.577500
vt -0.027500 2.577500
vt -0.061250 -1.477500
vt -0.027500 -1.477500
vt -0.027500 2.577500
vt -0.061250 2.577500
vt 0.027500 -1.477500
vt 0.061250 -1.477500
vt 0.061250 2.577500
vt 0.027500 2.577500
vt -2.270250 2.570719
vt -2.247750 2.593219
vt -2.270250 2.593219
vt -2.270250 2.720719
vt -2.270250 2.698219
vt -2.247750 2.698219
vt -2.589750 2.645719
vt -2.589750 2.668219
vt -2.612250 2.668219
vt -2.589750 3.123219
vt -2.589750 3.145719
vt -2.612250 3.123219
vt -2.270250 2.645719
vt -2.247750 2.668219
vt -2.270250 2.668219
vt -2.270250 3.145719
vt -2.270250 3.123219
vt -2.247750 3.123219
vt -2.319750 2.576830
vt -2.319750 2.599330
vt -2.342250 2.599330
vt -2.319750 2.704330
vt -2.319750 2.726830
vt -2.342250 2.704330
vt -2.000250 2.576830
vt -1.977750 2.599330
vt -2.000250 2.599330
vt -2.000250 2.726830
vt -2.000250 2.704330
vt -1.977750 2.704330
vt -2.319750 2.651830
vt -2.319750 2.674330
vt -2.342250 2.674330
vt -2.319750 3.129330
vt -2.319750 3.151830
vt -2.342250 3.129330
vt -2.000250 2.651830
vt -1.977750 2.674330
vt -2.000250 2.674330
vt -2.000250 3.151830
vt -2.000250 3.129330
vt -1.977750 3.129330
vt -2.049750 2.519949
vt -2.049750 2.542449
vt -2.072250 2.542449
vt -2.049750 2.647449
vt -2.049750 2.669950
vt -2.072250 2.647449
vt -1.730250 2.519949
vt -1.707750 2.542449
vt -1.730250 2.542449
vt -1.730250 2.669950
vt -1.730250 2.647449
vt -1.707750 2.647449
vt -2.049750 2.594949
vt -2.049750 2.617450
vt -2.072250 2.617450
vt -2.049750 3.072449
vt -2.049750 3.094949
vt -2.072250 3.072449
vt -1.730250 2.594949
vt -1.707750 2.617450
vt -1.730250 2.617450
vt -1.730250 3.094949
vt -1.730250 3.072449
vt -1.707750 3.072449
vt -1.779750 2.391240
vt -1.779750 2.413740
vt -1.802250 2.413740
vt -1.779750 2.518740
vt -1.779750 2.541240
vt -1.802250 2.518740
vt -1.460250 2.391240
vt -1.437750 2.413740
vt -1.460250 2.413740
vt -1.460250 2.541240
vt -1.460250 2.518740
vt -1.437750 2.518740
vt -1.779750 2.466240
vt -1.779750 2.488740
vt -1.802250 2.488740
vt -1.779750 2.943740
vt -1.779750 2.966240
vt -1.802250 2.943740
vt -1.460250 2.466240
vt -1.437750 2.488740
vt -1.460250 2.488740
vt -1.460250 2.966240
vt -1.460250 2.943740
vt -1.437750 2.943740
vt -1.509750 2.197739
vt -1.509750 2.220239
vt -1.532250 2.220239
vt -1.509750 2.325239
vt -1.509750 2.347739
vt -1.532250 2.325239
vt -1.190250 2.197739
vt -1.167750 2.220239
vt -1.190250 2.220239
vt -1.190250 2.347739
vt -1.190250 2.325239
vt -1.167750 2.325239
vt -1.509750 2.272739
vt -1.509750 2.295239
vt -1.532250 2.295239
vt -1.509750 2.750239
vt -1.509750 2.772739
vt -1.532250 2.750239
vt -1.190250 2.272739
vt -1.167750 2.295239
vt -1.190250 2.295239
vt -1.190250 2.772739
vt -1.190250 2.750239
vt -1.167750 2.750239
vt -1.239750 2.087677
vt -1.239750 2.110177
vt -1.262250 2.087677
vt -1.239750 1.960177
vt -1.239750 1.982677
vt -1.262250 1.982677
vt -1.350000 -1.500000
vt -1.369486 -1.477500
vt -1.330514 -1.477500
vt -1.350000 2.272739
vt -1.330514 2.250239
vt -1.369486 2.250239
vt 0.037010 -1.500000
vt 0.061250 -1.477500
vt 0.037010 2.272739
vt 0.027500 2.250239
vt 0.061250 2.250239
vt -0.037010 -1.500000
vt -0.061250 -1.477500
vt -0.037010 2.272739
vt -0.061250 2.250239
vt -0.027500 2.250239
vt -0.920250 1.960177
vt -0.897750 1.982677
vt -0.920250 1.982677
vt -0.920250 2.110177
vt -0.920250 2.087677
vt -0.897750 2.087677
vt -1.239750 2.035177
vt -1.239750 2.057677
vt -1.262250 2.057677
vt -1.239750 2.512677
vt -1.239750 2.535177
vt -1.262250 2.512677
vt -0.920250 2.035177
vt -0.897750 2.057677
vt -0.920250 2.057677
vt -0.920250 2.535177
vt -0.920250 2.512677
vt -0.897750 2.512677
vt -0.969750 1.707913
vt -0.969750 1.730413
vt -0.992250 1.730413
vt -0.969750 1.835413
vt -0.969750 1.857913
vt -0.992250 1.835413
vt -0.477500 1.707913
vt -0.477500 1.730413
vt -0.500000 1.730413
vt -0.477500 1.857913
vt -0.500000 1.835413
vt -0.477500 1.835413
vt 0.477500 1.707913
vt 0.500000 1.730413
vt 0.477500 1.730413
vt 0.477500 1.857913
vt 0.477500 1.835413
vt 0.500000 1.835413
vt -0.969750 1.782913
vt -0.969750 1.805413
vt -0.992250 1.805413
vt -0.969750 2.260413
vt -0.969750 2.282913
vt -0.992250 2.260413
vt -0.492500 1.782913
vt -0.492500 1.805413
vt -0.515000 1.805413
vt -0.492500 2.282913
vt -0.515000 2.260413
vt -0.492500 2.260413
vt -0.407500 1.782913
vt -0.385000 1.805413
vt -0.407500 1.805413
vt -0.407500 2.282913
vt -0.407500 2.260413
vt -0.385000 2.260413
vt 0.407500 1.782913
vt 0.407500 1.805413
vt 0.385000 1.805413
vt 0.407500 2.282913
vt 0.385000 2.260413
vt 0.407500 2.260413
vt 0.492500 1.782913
vt 0.515000 1.805413
vt 0.492500 1.805413
vt 0.492500 2.282913
vt 0.492500 2.260413
vt 0.515000 2.260413
vt -0.477500 1.472191
vt -0.500000 1.494691
vt -0.477500 1.494691
vt -0.500000 1.599691
vt -0.477500 1.622191
vt -0.477500 1.599691
vt 0.477500 1.472191
vt 0.477500 1.494691
vt 0.500000 1.494691
vt 0.477500 1.622191
vt 0.500000 1.599691
vt 0.477500 1.599691
vt -0.492500 1.547191
vt -0.515000 1.569691
vt -0.492500 1.569691
vt -0.515000 2.024691
vt -0.492500 2.047191
vt -0.492500 2.024691
vt -0.407500 1.547191
vt -0.407500 1.569691
vt -0.385000 1.569691
vt -0.407500 2.047191
vt -0.385000 2.024691
vt -0.407500 2.024691
vt 0.407500 1.547191
vt 0.385000 1.569691
vt 0.407500 1.569691
vt 0.385000 2.024691
vt 0.407500 2.047191
vt 0.407500 2.024691
vt 0.492500 1.547191
vt 0.492500 1.569691
vt 0.515000 1.569691
vt 0.492500 2.047191
vt 0.515000 2.024691
vt 0.492500 2.024691
vt -0.477500 1.279281
vt -0.500000 1.301781
vt -0.477500 1.301781
vt -0.500000 1.406781
vt -0.477500 1.429281
vt -0.477500 1.406781
vt 0.477500 1.279281
vt 0.477500 1.301781
vt 0.500000 1.301781
vt 0.477500 1.429281
vt 0.500000 1.406781
vt 0.477500 1.406781
vt -0.110250 1.279281
vt -0.087750 1.301781
vt -0.110250 1.301781
vt -0.110250 1.429281
vt -0.110250 1.406781
vt -0.087750 1.406781
vt -0.492500 1.354281
vt -0.515000 1.376781
vt -0.492500 1.376781
vt -0.515000 1.831781
vt -0.492500 1.854281
vt -0.492500 1.831781
vt -0.407500 1.354281
vt -0.407500 1.376781
vt -0.385000 1.376781
vt -0.407500 1.854281
vt -0.385000 1.831781
vt -0.407500 1.831781
vt -0.110250 1.354281
vt -0.087750 1.376781
vt -0.110250 1.376781
vt -0.110250 1.854281
vt -0.110250 1.831781
vt -0.087750 1.831781
vt 0.407500 1.354281
vt 0.385000 1.376781
vt 0.407500 1.376781
vt 0.385000 1.831781
vt 0.407500 1.854281
vt 0.407500 1.831781
vt 0.492500 1.354281
vt 0.492500 1.376781
vt 0.515000 1.376781
vt 0.492500 1.854281
vt 0.515000 1.831781
vt 0.492500 1.831781
vt -0.159750 1.145000
vt -0.159750 1.167500
vt -0.182250 1.167500
vt -0.159750 1.272500
vt -0.159750 1.295000
vt -0.182250 1.272500
vt 0.159750 1.145000
vt 0.182250 1.167500
vt 0.159750 1.167500
vt 0.159750 1.295000
vt 0.159750 1.272500
vt 0.182250 1.272500
vt -0.159750 1.220000
vt -0.159750 1.242500
vt -0.182250 1.242500
vt -0.159750 1.697500
vt -0.159750 1.720000
vt -0.182250 1.697500
vt 0.159750 1.220000
vt 0.182250 1.242500
vt 0.159750 1.242500
vt 0.159750 1.720000
vt 0.159750 1.697500
vt 0.182250 1.697500
vt 0.110250 1.199255
vt 0.110250 1.221755
vt 0.087750 1.199255
vt 0.110250 1.071755
vt 0.110250 1.094255
vt 0.087750 1.094255
vt 0.000000 -1.500000
vt -0.019486 -1.477500
vt 0.019486 -1.477500
vt 0.000000 1.220000
vt 0.019486 1.197500
vt -0.019486 1.197500
vt 0.037010 -1.500000
vt 0.037010 1.220000
vt 0.027500 1.197500
vt 0.061250 1.197500
vt -0.037010 -1.500000
vt -0.037010 1.220000
vt -0.061250 1.197500
vt -0.027500 1.197500
vt 0.019486 -1.477500
vt -0.019486 -1.477500
vt -0.019486 1.197500
vt 0.019486 1.197500
vt -0.477500 1.071755
vt -0.477500 1.094255
vt -0.500000 1.094255
vt -0.477500 1.221755
vt -0.500000 1.199255
vt -0.477500 1.199255
vt 0.477500 1.071755
vt 0.500000 1.094255
vt 0.477500 1.094255
vt 0.477500 1.221755
vt 0.477500 1.199255
vt 0.500000 1.199255
vt 0.110250 1.146755
vt 0.110250 1.169255
vt 0.087750 1.169255
vt 0.110250 1.624255
vt 0.110250 1.646755
vt 0.087750 1.624255
vt -0.492500 1.146755
vt -0.492500 1.169255
vt -0.515000 1.169255
vt -0.492500 1.646755
vt -0.515000 1.624255
vt -0.492500 1.624255
vt -0.407500 1.146755
vt -0.385000 1.169255
vt -0.407500 1.169255
vt -0.407500 1.646755
vt -0.407500 1.624255
vt -0.385000 1.624255
vt 0.407500 1.146755
vt 0.407500 1.169255
vt 0.385000 1.169255
vt 0.407500 1.646755
vt 0.385000 1.624255
vt 0.407500 1.624255
vt 0.492500 1.146755
vt 0.515000 1.169255
vt 0.492500 1.169255
vt 0.492500 1.646755
vt 0.492500 1.624255
vt 0.515000 1.624255
vt -0.477500 1.048649
vt -0.500000 1.071149
vt -0.477500 1.071149
vt -0.500000 1.176149
vt -0.477500 1.198649
vt -0.477500 1.176149
vt 0.477500 1.048649
vt 0.477500 1.071149
vt 0.500000 1.071149
vt 0.477500 1.198649
vt 0.500000 1.176149
vt 0.477500 1.176149
vt -0.492500 1.123649
vt -0.515000 1.146149
vt -0.492500 1.146149
vt -0.515000 1.601149
vt -0.492500 1.623649
vt -0.492500 1.601149
vt -0.407500 1.123649
vt -0.407500 1.146149
vt -0.385000 1.146149
vt -0.407500 1.623649
vt -0.385000 1.601149
vt -0.407500 1.601149
vt 0.407500 1.123649
vt 0.385000 1.146149
vt 0.407500 1.146149
vt 0.385000 1.601149
vt 0.407500 1.623649
vt 0.407500 1.601149
vt 0.492500 1.123649
vt 0.492500 1.146149
vt 0.515000 1.146149
vt 0.492500 1.623649
vt 0.515000 1.601149
vt 0.492500 1.601149
vt -0.477500 1.054484
vt -0.500000 1.076984
vt -0.477500 1.076984
vt -0.500000 1.181983
vt -0.477500 1.204484
vt -0.477500 1.181983
vt 0.477500 1.054484
vt 0.477500 1.076984
vt 0.500000 1.076984
vt 0.477500 1.204484
vt 0.500000 1.181983
vt 0.477500 1.181983
vt 0.969750 1.054484
vt 0.992250 1.076984
vt 0.969750 1.076984
vt 0.969750 1.204484
vt 0.969750 1.181983
vt 0.992250 1.181983
vt -0.492500 1.129483
vt -0.515000 1.151983
vt -0.492500 1.151983
vt -0.515000 1.606983
vt -0.492500 1.629483
vt -0.492500 1.606983
vt -0.407500 1.129483
vt -0.407500 1.151983
vt -0.385000 1.151983
vt -0.407500 1.629483
vt -0.385000 1.606983
vt -0.407500 1.606983
vt 0.969750 1.129483
vt 0.992250 1.151983
vt 0.969750 1.151983
vt 0.969750 1.629483
vt 0.969750 1.606983
vt 0.992250 1.606983
vt 0.407500 1.129483
vt 0.385000 1.151983
vt 0.407500 1.151983
vt 0.385000 1.606983
vt 0.407500 1.629483
vt 0.407500 1.606983
vt 0.492500 1.129483
vt 0.492500 1.151983
vt 0.515000 1.151983
vt 0.492500 1.629483
vt 0.515000 1.606983
vt 0.492500 1.606983
vt 0.920250 1.062872
vt 0.920250 1.085372
vt 0.897750 1.085372
vt 0.920250 1.190372
vt 0.920250 1.212872
vt 0.897750 1.190372
vt 1.239750 1.062872
vt 1.262250 1.085372
vt 1.239750 1.085372
vt 1.239750 1.212872
vt 1.239750 1.190372
vt 1.262250 1.190372
vt 0.920250 1.137872
vt 0.920250 1.160372
vt 0.897750 1.160372
vt 0.920250 1.615372
vt 0.920250 1.637872
vt 0.897750 1.615372
vt 1.239750 1.137872
vt 1.262250 1.160372
vt 1.239750 1.160372
vt 1.239750 1.637872
vt 1.239750 1.615372
vt 1.262250 1.615372
vt 1.190250 1.048241
vt 1.190250 1.070741
vt 1.167750 1.070741
vt 1.190250 1.175741
vt 1.190250 1.198241
vt 1.167750 1.175741
vt 1.509750 1.048241
vt 1.532250 1.070741
vt 1.509750 1.070741
vt 1.509750 1.198241
vt 1.509750 1.175741
vt 1.532250 1.175741
vt 1.190250 1.123241
vt 1.190250 1.145741
vt 1.167750 1.145741
vt 1.190250 1.600741
vt 1.190250 1.623241
vt 1.167750 1.600741
vt 1.509750 1.123241
vt 1.532250 1.145741
vt 1.509750 1.145741
vt 1.509750 1.623241
vt 1.509750 1.600741
vt 1.532250 1.600741
vt 1.460250 1.118851
vt 1.460250 1.141351
vt 1.437750 1.118851
vt 1.460250 0.991351
vt 1.460250 1.013851
vt 1.437750 1.013851
vt 1.350000 -1.500000
vt 1.330514 -1.477500
vt 1.369486 -1.477500
vt 1.350000 1.123241
vt 1.369486 1.100741
vt 1.330514 1.100741
vt 0.061250 -1.477500
vt 0.037010 1.123241
vt 0.027500 1.100741
vt 0.061250 1.100741
vt -0.061250 -1.477500
vt -0.037010 1.123241
vt -0.061250 1.100741
vt -0.027500 1.100741
vt 1.779750 0.991351
vt 1.802250 1.013851
vt 1.779750 1.013851
vt 1.779750 1.141351
vt 1.779750 1.118851
vt 1.802250 1.118851
vt 1.460250 1.066351
vt 1.460250 1.088851
vt 1.437750 1.088851
vt 1.460250 1.543851
vt 1.460250 1.566351
vt 1.437750 1.543851
vt 1.779750 1.066351
vt 1.802250 1.088851
vt 1.779750 1.088851
vt 1.779750 1.566351
vt 1.779750 1.543851
vt 1.802250 1.543851
vt 1.730250 0.883156
vt 1.730250 0.905656
vt 1.707750 0.905656
vt 1.730250 1.010656
vt 1.730250 1.033156
vt 1.707750 1.010656
vt 2.049750 0.883156
vt 2.072250 0.905656
vt 2.049750 0.905656
vt 2.049750 1.033156
vt 2.049750 1.010656
vt 2.072250 1.010656
vt 1.730250 0.958156
vt 1.730250 0.980656
vt 1.707750 0.980656
vt 1.730250 1.435656
vt 1.730250 1.458156
vt 1.707750 1.435656
vt 2.049750 0.958156
vt 2.072250 0.980656
vt 2.049750 0.980656
vt 2.049750 1.458156
vt 2.049750 1.435656
vt 2.072250 1.435656
vt 2.000250 -0.477500
vt 2.000250 -0.500000
vt 1.977750 -0.477500
vt 2.000250 0.853720
vt 2.000250 0.876220
vt 1.977750 0.853720
vt 2.000250 0.477500
vt 1.977750 0.477500
vt 2.000250 0.500000
vt 2.319750 -0.477500
vt 2.342250 -0.477500
vt 2.319750 -0.500000
vt 2.319750 0.876220
vt 2.319750 0.853720
vt 2.342250 0.853720
vt 2.319750 0.477500
vt 2.319750 0.500000
vt 2.342250 0.477500
vt 2.000250 0.801220
vt 2.000250 0.823720
vt 1.977750 0.823720
vt 2.000250 1.278720
vt 2.000250 1.301220
vt 1.977750 1.278720
vt 2.319750 0.801220
vt 2.342250 0.823720
vt 2.319750 0.823720
vt 2.319750 1.301220
vt 2.319750 1.278720
vt 2.342250 1.278720
vt 2.270250 -0.477500
vt 2.270250 -0.500000
vt 2.247750 -0.477500
vt 2.270250 0.477500
vt 2.247750 0.477500
vt 2.270250 0.500000
vt 2.589750 -0.477500
vt 2.612250 -0.477500
vt 2.589750 -0.500000
vt 2.589750 0.477500
vt 2.589750 0.500000
vt 2.612250 0.477500
vt 2.270250 -0.492500
vt 2.270250 -0.515000
vt 2.247750 -0.492500
vt 2.270250 1.086016
vt 2.270250 1.108516
vt 2.247750 1.086016
vt 2.270250 -0.407500
vt 2.247750 -0.407500
vt 2.270250 -0.385000
vt 2.589750 -0.492500
vt 2.612250 -0.492500
vt 2.589750 -0.515000
vt 2.589750 1.108516
vt 2.589750 1.086016
vt 2.612250 1.086016
vt 2.589750 -0.407500
vt 2.589750 -0.385000
vt 2.612250 -0.407500
vt 2.270250 0.407500
vt 2.270250 0.385000
vt 2.247750 0.407500
vt 2.270250 0.492500
vt 2.247750 0.492500
vt 2.270250 0.515000
vt 2.589750 0.407500
vt 2.612250 0.407500
vt 2.589750 0.385000
vt 2.589750 0.492500
vt 2.589750 0.515000
vt 2.612250 0.492500
vt 2.540250 -0.477500
vt 2.540250 -0.500000
vt 2.517750 -0.477500
vt 2.540250 0.477500
vt 2.517750 0.477500
vt 2.540250 0.500000
vt 2.859750 -0.477500
vt 2.882250 -0.477500
vt 2.859750 -0.500000
vt 2.859750 0.477500
vt 2.859750 0.500000
vt 2.882250 0.477500
vt 2.540250 -0.492500
vt 2.540250 -0.515000
vt 2.517750 -0.492500
vt 2.540250 0.877500
vt 2.540250 0.900000
vt 2.517750 0.877500
vt 2.540250 -0.407500
vt 2.517750 -0.407500
vt 2.540250 -0.385000
vt 2.859750 -0.492500
vt 2.882250 -0.492500
vt 2.859750 -0.515000
vt 2.859750 0.900000
vt 2.859750 0.877500
vt 2.882250 0.877500
vt 2.859750 -0.407500
vt 2.859750 -0.385000
vt 2.882250 -0.407500
vt 2.540250 0.407500
vt 2.540250 0.385000
vt 2.517750 0.407500
vt 2.540250 0.492500
vt 2.517750 0.492500
vt 2.540250 0.515000
vt 2.859750 0.407500
vt 2.882250 0.407500
vt 2.859750 0.385000
vt 2.859750 0.492500
vt 2.859750 0.515000
vt 2.882250 0.492500
vt 2.700000 -1.500000
vt 2.680514 -1.477500
vt 2.719486 -1.477500
vt 2.700000 0.400000
vt 2.719486 0.377500
vt 2.680514 0.377500
vt 0.037010 0.400000
vt 0.027500 0.377500
vt 0.061250 0.377500
vt -0.037010 0.400000
vt -0.061250 0.377500
vt -0.027500 0.377500
vt -0.061250 0.377500
vt 0.061250 0.377500
vt -2.859750 -0.477500
vt -2.882250 0.477500
vt -2.859750 0.477500
vt -2.882250 -0.477500
vt -2.540250 0.477500
vt -2.517750 -0.477500
vt -2.540250 -0.477500
vt -2.517750 0.477500
vt -2.859750 -0.492500
vt -2.882250 -0.407500
vt -2.859750 -0.407500
vt -2.882250 -0.492500
vt -2.540250 -0.407500
vt -2.517750 -0.492500
vt -2.540250 -0.492500
vt -2.517750 -0.407500
vt -2.859750 0.407500
vt -2.882250 0.492500
vt -2.859750 0.492500
vt -2.882250 0.407500
vt -2.540250 0.492500
vt -2.517750 0.407500
vt -2.540250 0.407500
vt -2.517750 0.492500
vt -2.680514 0.088750
vt -2.635897 0.037010
vt -2.700000 0.074019
vt -2.680514 0.088750
vt -2.632883 0.061250
vt -2.613397 -0.027500
vt -2.613397 0.027500
vt -2.613397 0.027500
vt -2.635897 -0.037010
vt -2.613397 -0.027500
vt -2.270250 -0.477500
vt -2.247750 0.477500
vt -2.270250 0.477500
vt -2.680514 -0.088750
vt -2.632883 -0.061250
vt -2.589750 0.477500
vt -2.612250 -0.477500
vt -2.589750 -0.477500
vt -2.680514 -0.088750
vt -2.700000 -0.074019
vt -2.247750 -0.477500
vt -2.719486 -0.088750
vt -2.764102 -0.037010
vt -2.719486 -0.088750
vt -2.767117 -0.061250
vt -2.786602 0.027500
vt -2.786602 -0.027500
vt -2.612250 0.477500
vt -2.786602 -0.027500
vt -2.764102 0.037010
vt -2.786602 0.027500
vt -2.719486 0.088750
vt -2.767117 0.061250
vt -2.719486 0.088750
vt -2.589750 -0.492500
vt -2.612250 -0.407500
vt -2.589750 -0.407500
vt -2.612250 -0.492500
vt -2.270250 -0.407500
vt -2.247750 -0.492500
vt -2.270250 -0.492500
vt -2.247750 -0.407500
vt -2.589750 0.407500
vt -2.612250 0.492500
vt -2.589750 0.492500
vt -2.612250 0.407500
vt -2.270250 0.492500
vt -2.247750 0.407500
vt -2.270250 0.407500
vt -2.247750 0.492500
vt -2.319750 -0.477500
vt -2.342250 0.477500
vt -2.319750 0.477500
vt -2.342250 -0.477500
vt -2.000250 0.477500
vt -1.977750 -0.477500
vt -2.000250 -0.477500
vt -1.977750 0.477500
vt -2.319750 -0.492500
vt -2.342250 -0.407500
vt -2.319750 -0.407500
vt -2.342250 -0.492500
vt -2.000250 -0.407500
vt -1.977750 -0.492500
vt -2.000250 -0.492500
vt -1.977750 -0.407500
vt -2.319750 0.407500
vt -2.342250 0.492500
vt -2.319750 0.492500
vt -2.342250 0.407500
vt -2.000250 0.492500
vt -1.977750 0.407500
vt -2.000250 0.407500
vt -1.977750 0.492500
vt -2.049750 -0.477500
vt -2.072250 0.477500
vt -2.049750 0.477500
vt -2.072250 -0.477500
vt -1.730250 0.477500
vt -1.707750 -0.477500
vt -1.730250 -0.477500
vt -1.707750 0.477500
vt -2.049750 -0.492500
vt -2.072250 -0.407500
vt -2.049750 -0.407500
vt -2.072250 -0.492500
vt -1.730250 -0.407500
vt -1.707750 -0.492500
vt -1.730250 -0.492500
vt -1.707750 -0.407500
vt -2.049750 0.407500
vt -2.072250 0.492500
vt -2.049750 0.492500
vt -2.072250 0.407500
vt -1.730250 0.492500
vt -1.707750 0.407500
vt -1.730250 0.407500
vt -1.707750 0.492500
vt -1.779750 -0.477500
vt -1.802250 0.477500
vt -1.779750 0.477500
vt -1.802250 -0.477500
vt -1.460250 0.477500
vt -1.437750 -0.477500
vt -1.460250 -0.477500
vt -1.437750 0.477500
vt -1.779750 -0.492500
vt -1.802250 -0.407500
vt -1.779750 -0.407500
vt -1.802250 -0.492500
vt -1.460250 -0.407500
vt -1.437750 -0.492500
vt -1.460250 -0.492500
vt -1.437750 -0.407500
vt -1.779750 0.407500
vt -1.802250 0.492500
vt -1.779750 0.492500
vt -1.802250 0.407500
vt -1.460250 0.492500
vt -1.437750 0.407500
vt -1.460250 0.407500
vt -1.437750 0.492500
vt -1.509750 -0.477500
vt -1.532250 0.477500
vt -1.509750 0.477500
vt -1.532250 -0.477500
vt -1.190250 0.477500
vt -1.167750 -0.477500
vt -1.190250 -0.477500
vt -1.167750 0.477500
vt -1.509750 -0.492500
vt -1.532250 -0.407500
vt -1.509750 -0.407500
vt -1.532250 -0.492500
vt -1.190250 -0.407500
vt -1.167750 -0.492500
vt -1.190250 -0.492500
vt -1.167750 -0.407500
vt -1.509750 0.407500
vt -1.532250 0.492500
vt -1.509750 0.492500
vt -1.532250 0.407500
vt -1.190250 0.492500
vt -1.167750 0.407500
vt -1.190250 0.407500
vt -1.167750 0.492500
vt -1.282883 0.061250
vt -1.350000 0.074019
vt -1.330514 0.088750
vt -1.285897 0.037010
vt -1.263397 -0.027500
vt -1.263397 0.027500
vt -1.285897 -0.037010
vt -0.920250 -0.477500
vt -0.897750 0.477500
vt -0.920250 0.477500
vt -1.282883 -0.061250
vt -1.350000 -0.074019
vt -1.239750 0.477500
vt -1.262250 -0.477500
vt -1.239750 -0.477500
vt -1.330514 -0.088750
vt -0.897750 -0.477500
vt -1.417117 -0.061250
vt -1.369486 -0.088750
vt -1.414102 -0.037010
vt -1.436602 0.027500
vt -1.436602 -0.027500
vt -1.262250 0.477500
vt -1.414102 0.037010
vt -1.417117 0.061250
vt -1.369486 0.088750
vt -1.239750 -0.492500
vt -1.262250 -0.407500
vt -1.239750 -0.407500
vt -1.262250 -0.492500
vt -0.920250 -0.407500
vt -0.897750 -0.492500
vt -0.920250 -0.492500
vt -0.897750 -0.407500
vt -1.239750 0.407500
vt -1.262250 0.492500
vt -1.239750 0.492500
vt -1.262250 0.407500
vt -0.920250 0.492500
vt -0.897750 0.407500
vt -0.920250 0.407500
vt -0.897750 0.492500
vt -0.969750 -0.477500
vt -0.992250 0.477500
vt -0.969750 0.477500
vt -0.992250 -0.477500
vt -0.650250 1.730413
vt -0.650250 1.707913
vt -0.650250 1.857913
vt -0.650250 1.835413
vt -0.969750 -0.492500
vt -0.992250 -0.407500
vt -0.969750 -0.407500
vt -0.992250 -0.492500
vt -0.650250 1.805413
vt -0.650250 1.782913
vt -0.650250 2.282913
vt -0.650250 2.260413
vt -0.969750 0.407500
vt -0.992250 0.492500
vt -0.969750 0.492500
vt -0.992250 0.407500
vt -0.699750 1.472191
vt -0.380250 1.494691
vt -0.380250 1.472191
vt -0.380250 1.622191
vt -0.699750 1.599691
vt -0.699750 1.622191
vt -0.699750 1.494691
vt -0.380250 1.599691
vt -0.699750 1.547191
vt -0.380250 1.569691
vt -0.380250 1.547191
vt -0.380250 2.047191
vt -0.699750 2.024691
vt -0.699750 2.047191
vt -0.699750 1.569691
vt -0.380250 2.024691
vt -0.429750 1.279281
vt -0.429750 1.406781
vt -0.429750 1.429281
vt -0.429750 1.301781
vt -0.429750 1.354281
vt -0.429750 1.831781
vt -0.429750 1.854281
vt -0.429750 1.376781
vt -0.477500 1.145000
vt 0.477500 1.167500
vt 0.477500 1.145000
vt 0.477500 1.295000
vt -0.477500 1.272500
vt -0.477500 1.295000
vt -0.477500 1.167500
vt 0.477500 1.272500
vt -0.492500 1.220000
vt -0.407500 1.242500
vt -0.407500 1.220000
vt -0.407500 1.720000
vt -0.492500 1.697500
vt -0.492500 1.720000
vt -0.492500 1.242500
vt -0.407500 1.697500
vt 0.407500 1.220000
vt 0.492500 1.242500
vt 0.492500 1.220000
vt 0.492500 1.720000
vt 0.407500 1.697500
vt 0.407500 1.720000
vt 0.407500 1.242500
vt 0.492500 1.697500
vt 0.429750 1.199255
vt 0.429750 1.221755
vt 0.429750 1.071755
vt 0.067117 0.061250
vt 0.000000 0.074019
vt 0.019486 0.088750
vt 0.429750 1.094255
vt 0.064103 0.037010
vt 0.019486 -0.088750
vt 0.064103 -0.037010
vt 0.067117 -0.061250
vt 0.000000 -0.074019
vt 0.019486 -0.088750
vt -0.067117 -0.061250
vt -0.019486 -0.088750
vt -0.064103 -0.037010
vt -0.019486 0.088750
vt -0.064103 0.037010
vt -0.067117 0.061250
vt -0.019486 0.088750
vt 0.429750 1.169255
vt 0.429750 1.146755
vt 0.429750 1.646755
vt 0.429750 1.624255
vt 0.380250 1.048649
vt 0.699750 1.071149
vt 0.699750 1.048649
vt 0.699750 1.198649
vt 0.380250 1.176149
vt 0.380250 1.198649
vt 0.380250 1.071149
vt 0.699750 1.176149
vt 0.380250 1.123649
vt 0.699750 1.146149
vt 0.699750 1.123649
vt 0.699750 1.623649
vt 0.380250 1.601149
vt 0.380250 1.623649
vt 0.380250 1.146149
vt 0.699750 1.601149
vt 0.650250 1.054484
vt 0.650250 1.181983
vt 0.650250 1.204484
vt 0.969750 0.477500
vt 0.992250 -0.477500
vt 0.969750 -0.477500
vt 0.992250 0.477500
vt 0.650250 1.076984
vt 0.650250 1.129483
vt 0.650250 1.606983
vt 0.650250 1.629483
vt 0.969750 -0.407500
vt 0.992250 -0.492500
vt 0.969750 -0.492500
vt 0.992250 -0.407500
vt 0.650250 1.151983
vt 0.969750 0.492500
vt 0.992250 0.407500
vt 0.969750 0.407500
vt 0.992250 0.492500
vt 0.920250 -0.477500
vt 0.897750 0.477500
vt 0.920250 0.477500
vt 0.897750 -0.477500
vt 1.239750 0.477500
vt 1.262250 -0.477500
vt 1.239750 -0.477500
vt 1.262250 0.477500
vt 0.920250 -0.492500
vt 0.897750 -0.407500
vt 0.920250 -0.407500
vt 0.897750 -0.492500
vt 1.239750 -0.407500
vt 1.262250 -0.492500
vt 1.239750 -0.492500
vt 1.262250 -0.407500
vt 0.920250 0.407500
vt 0.897750 0.492500
vt 0.920250 0.492500
vt 0.897750 0.407500
vt 1.239750 0.492500
vt 1.262250 0.407500
vt 1.239750 0.407500
vt 1.262250 0.492500
vt 1.190250 -0.477500
vt 1.167750 0.477500
vt 1.190250 0.477500
vt 1.167750 -0.477500
vt 1.509750 0.477500
vt 1.532250 -0.477500
vt 1.509750 -0.477500
vt 1.532250 0.477500
vt 1.190250 -0.492500
vt 1.167750 -0.407500
vt 1.190250 -0.407500
vt 1.167750 -0.492500
vt 1.509750 -0.407500
vt 1.532250 -0.492500
vt 1.509750 -0.492500
vt 1.532250 -0.407500
vt 1.190250 0.407500
vt 1.167750 0.492500
vt 1.190250 0.492500
vt 1.167750 0.407500
vt 1.509750 0.492500
vt 1.532250 0.407500
vt 1.509750 0.407500
vt 1.532250 0.492500
vt 1.417117 0.061250
vt 1.350000 0.074019
vt 1.369486 0.088750
vt 1.414102 0.037010
vt 1.436602 -0.027500
vt 1.436602 0.027500
vt 1.414102 -0.037010
vt 1.779750 -0.477500
vt 1.802250 0.477500
vt 1.779750 0.477500
vt 1.417117 -0.061250
vt 1.350000 -0.074019
vt 1.460250 0.477500
vt 1.437750 -0.477500
vt 1.460250 -0.477500
vt 1.369486 -0.088750
vt 1.802250 -0.477500
vt 1.282883 -0.061250
vt 1.330514 -0.088750
vt 1.285897 -0.037010
vt 1.263397 0.027500
vt 1.263397 -0.027500
vt 1.437750 0.477500
vt 1.285897 0.037010
vt 1.330514 0.088750
vt 1.282883 0.061250
vt 1.460250 -0.492500
vt 1.437750 -0.407500
vt 1.460250 -0.407500
vt 1.437750 -0.492500
vt 1.779750 -0.407500
vt 1.802250 -0.492500
vt 1.779750 -0.492500
vt 1.802250 -0.407500
vt 1.460250 0.407500
vt 1.437750 0.492500
vt 1.460250 0.492500
vt 1.437750 0.407500
vt 1.779750 0.492500
vt 1.802250 0.407500
vt 1.779750 0.407500
vt 1.802250 0.492500
vt 1.730250 -0.477500
vt 1.707750 0.477500
vt 1.730250 0.477500
vt 1.707750 -0.477500
vt 2.049750 0.477500
vt 2.072250 -0.477500
vt 2.049750 -0.477500
vt 2.072250 0.477500
vt 1.730250 -0.492500
vt 1.707750 -0.407500
vt 1.730250 -0.407500
vt 1.707750 -0.492500
vt 2.049750 -0.407500
vt 2.072250 -0.492500
vt 2.049750 -0.492500
vt 2.072250 -0.407500
vt 1.730250 0.407500
vt 1.707750 0.492500
vt 1.730250 0.492500
vt 1.707750 0.407500
vt 2.049750 0.492500
vt 2.072250 0.407500
vt 2.049750 0.407500
vt 2.072250 0.492500
vt 1.977750 0.748720
vt 2.000250 0.748720
vt 2.342250 0.748720
vt 2.319750 0.748720
vt 2.000250 -0.492500
vt 1.977750 -0.407500
vt 2.000250 -0.407500
vt 1.977750 -0.492500
vt 2.319750 -0.407500
vt 2.342250 -0.492500
vt 2.319750 -0.492500
vt 2.342250 -0.407500
vt 2.000250 0.407500
vt 1.977750 0.492500
vt 2.000250 0.492500
vt 1.977750 0.407500
vt 2.319750 0.492500
vt 2.342250 0.407500
vt 2.319750 0.407500
vt 2.342250 0.492500
vt 2.270250 0.661016
vt 2.247750 0.556016
vt 2.270250 0.556016
vt 2.247750 0.661016
vt 2.612250 0.556016
vt 2.589750 0.661016
vt 2.612250 0.661016
vt 2.589750 0.556016
vt 2.247750 0.631016
vt 2.270250 0.631016
vt 2.612250 0.631016
vt 2.589750 0.631016
vt 2.540250 0.452500
vt 2.517750 0.347500
vt 2.540250 0.347500
vt 2.517750 0.452500
vt 2.882250 0.347500
vt 2.859750 0.452500
vt 2.882250 0.452500
vt 2.859750 0.347500
vt 2.517750 0.422500
vt 2.540250 0.422500
vt 2.882250 0.422500
vt 2.859750 0.422500
vt 2.719486 0.088750
vt 2.764102 0.037010
vt 2.700000 0.074019
vt 2.719486 0.088750
vt 2.767117 0.061250
vt 2.786602 -0.027500
vt 2.786602 0.027500
vt 2.764102 -0.037010
vt 2.719486 -0.088750
vt 2.767117 -0.061250
vt 2.719486 -0.088750
vt 2.700000 -0.074019
vt 2.680514 -0.088750
vt 2.635897 -0.037010
vt 2.680514 -0.088750
vt 2.632883 -0.061250
vt 2.613397 0.027500
vt 2.613397 -0.027500
vt 2.635897 0.037010
vt 2.680514 0.088750
vt 2.632883 0.061250
vt 2.632883 0.061250
vt 2.680514 0.088750
vt -0.477500 2.652500
vt 0.477500 2.547500
vt -0.477500 2.547500
vt 0.477500 2.652500
vt -0.492500 3.077500
vt -0.407500 2.622500
vt -0.492500 2.622500
vt -0.407500 3.077500
vt 0.407500 3.077500
vt 0.492500 2.622500
vt 0.407500 2.622500
vt 0.492500 3.077500
vt -0.477500 2.698219
vt 0.477500 2.593219
vt -0.477500 2.593219
vt -2.632883 -1.477500
vt -2.767117 2.577500
vt -2.767117 -1.477500
vt -2.632883 2.577500
vt 0.477500 2.698219
vt -0.492500 3.123219
vt -0.407500 2.668219
vt -0.492500 2.668219
vt -0.407500 3.123219
vt 0.407500 3.123219
vt 0.492500 2.668219
vt 0.407500 2.668219
vt 0.492500 3.123219
vt -0.477500 2.704330
vt 0.477500 2.599330
vt -0.477500 2.599330
vt 0.477500 2.704330
vt -0.492500 3.129330
vt -0.407500 2.674330
vt -0.492500 2.674330
vt -0.407500 3.129330
vt 0.407500 3.129330
vt 0.492500 2.674330
vt 0.407500 2.674330
vt 0.492500 3.129330
vt -0.477500 2.647449
vt 0.477500 2.542449
vt -0.477500 2.542449
vt 0.477500 2.647449
vt -0.492500 3.072449
vt -0.407500 2.617450
vt -0.492500 2.617450
vt -0.407500 3.072449
vt 0.407500 3.072449
vt 0.492500 2.617450
vt 0.407500 2.617450
vt 0.492500 3.072449
vt -0.477500 2.518740
vt 0.477500 2.413740
vt -0.477500 2.413740
vt 0.477500 2.518740
vt -0.492500 2.943740
vt -0.407500 2.488740
vt -0.492500 2.488740
vt -0.407500 2.943740
vt 0.407500 2.943740
vt 0.492500 2.488740
vt 0.407500 2.488740
vt 0.492500 2.943740
vt -0.477500 2.325239
vt 0.477500 2.220239
vt -0.477500 2.220239
vt 0.477500 2.325239
vt -0.492500 2.750239
vt -0.407500 2.295239
vt -0.492500 2.295239
vt -0.407500 2.750239
vt 0.407500 2.750239
vt 0.492500 2.295239
vt 0.407500 2.295239
vt 0.492500 2.750239
vt -0.477500 2.087677
vt 0.477500 1.982677
vt -0.477500 1.982677
vt -1.282883 -1.477500
vt -1.417117 2.250239
vt -1.417117 -1.477500
vt -1.282883 2.250239
vt 0.477500 2.087677
vt -0.492500 2.512677
vt -0.407500 2.057677
vt -0.492500 2.057677
vt -0.407500 2.512677
vt 0.407500 2.512677
vt 0.492500 2.057677
vt 0.407500 2.057677
vt 0.492500 2.512677
vt -0.650250 0.477500
vt -0.650250 -0.477500
vt -0.650250 -0.407500
vt -0.650250 -0.492500
vt -0.650250 0.492500
vt -0.650250 0.407500
vt -0.380250 0.477500
vt -0.699750 -0.477500
vt -0.699750 0.477500
vt -0.380250 -0.477500
vt -0.380250 -0.407500
vt -0.699750 -0.492500
vt -0.699750 -0.407500
vt -0.380250 -0.492500
vt -0.380250 0.492500
vt -0.699750 0.407500
vt -0.699750 0.492500
vt -0.380250 0.407500
vt -0.110250 0.477500
vt -0.429750 -0.477500
vt -0.429750 0.477500
vt -0.110250 -0.477500
vt -0.110250 -0.407500
vt -0.429750 -0.492500
vt -0.429750 -0.407500
vt -0.110250 -0.492500
vt -0.110250 0.492500
vt -0.429750 0.407500
vt -0.429750 0.492500
vt -0.110250 0.407500
vt 0.159750 0.477500
vt -0.159750 -0.477500
vt -0.159750 0.477500
vt 0.159750 -0.477500
vt 0.159750 -0.407500
vt -0.159750 -0.492500
vt -0.159750 -0.407500
vt 0.159750 -0.492500
vt 0.159750 0.492500
vt -0.159750 0.407500
vt -0.159750 0.492500
vt 0.159750 0.407500
vt 0.110250 0.477500
vt 0.429750 -0.477500
vt 0.429750 0.477500
vt 0.110250 -0.477500
vt 0.067117 -1.477500
vt -0.067117 1.197500
vt -0.067117 -1.477500
vt 0.067117 1.197500
vt 0.429750 -0.407500
vt 0.110250 -0.492500
vt 0.110250 -0.407500
vt 0.429750 -0.492500
vt 0.429750 0.492500
vt 0.110250 0.407500
vt 0.110250 0.492500
vt 0.429750 0.407500
vt 0.699750 0.477500
vt 0.380250 -0.477500
vt 0.380250 0.477500
vt 0.699750 -0.477500
vt 0.699750 -0.407500
vt 0.380250 -0.492500
vt 0.380250 -0.407500
vt 0.699750 -0.492500
vt 0.699750 0.492500
vt 0.380250 0.407500
vt 0.380250 0.492500
vt 0.699750 0.407500
vt 0.650250 -0.477500
vt 0.650250 0.477500
vt 0.650250 -0.492500
vt 0.650250 -0.407500
vt 0.650250 0.407500
vt 0.650250 0.492500
vt -0.477500 1.190372
vt 0.477500 1.085372
vt -0.477500 1.085372
vt 0.477500 1.190372
vt -0.492500 1.615372
vt -0.407500 1.160372
vt -0.492500 1.160372
vt -0.407500 1.615372
vt 0.407500 1.615372
vt 0.492500 1.160372
vt 0.407500 1.160372
vt 0.492500 1.615372
vt -0.477500 1.175741
vt 0.477500 1.070741
vt -0.477500 1.070741
vt 0.477500 1.175741
vt -0.492500 1.600741
vt -0.407500 1.145741
vt -0.492500 1.145741
vt -0.407500 1.600741
vt 0.407500 1.600741
vt 0.492500 1.145741
vt 0.407500 1.145741
vt 0.492500 1.600741
vt -0.477500 1.118851
vt 0.477500 1.013851
vt -0.477500 1.013851
vt 1.417117 -1.477500
vt 1.282883 1.100741
vt 1.282883 -1.477500
vt 1.417117 1.100741
vt 0.477500 1.118851
vt -0.492500 1.543851
vt -0.407500 1.088851
vt -0.492500 1.088851
vt -0.407500 1.543851
vt 0.407500 1.543851
vt 0.492500 1.088851
vt 0.407500 1.088851
vt 0.492500 1.543851
vt -0.477500 1.010656
vt 0.477500 0.905656
vt -0.477500 0.905656
vt 0.477500 1.010656
vt -0.492500 1.435656
vt -0.407500 0.980656
vt -0.492500 0.980656
vt -0.407500 1.435656
vt 0.407500 1.435656
vt 0.492500 0.980656
vt 0.407500 0.980656
vt 0.492500 1.435656
vt -0.477500 0.853720
vt 0.477500 0.748720
vt -0.477500 0.748720
vt 0.477500 0.853720
vt -0.492500 1.278720
vt -0.407500 0.823720
vt -0.492500 0.823720
vt -0.407500 1.278720
vt 0.407500 1.278720
vt 0.492500 0.823720
vt 0.407500 0.823720
vt 0.492500 1.278720
vt -0.477500 0.661016
vt 0.477500 0.556016
vt -0.477500 0.556016
vt 0.477500 0.661016
vt -0.492500 1.086016
vt -0.407500 0.631016
vt -0.492500 0.631016
vt -0.407500 1.086016
vt 0.407500 1.086016
vt 0.492500 0.631016
vt 0.407500 0.631016
vt 0.492500 1.086016
vt -0.477500 0.452500
vt 0.477500 0.347500
vt -0.477500 0.347500
vt 0.477500 0.452500
vt -0.492500 0.877500
vt -0.407500 0.422500
vt -0.492500 0.422500
vt -0.407500 0.877500
vt 0.407500 0.877500
vt 0.492500 0.422500
vt 0.407500 0.422500
vt 0.492500 0.877500
vt 2.767117 -1.477500
vt 2.632883 0.377500
vt 2.632883 -1.477500
vt 2.767117 0.377500
vt -2.632883 0.061250
vt -2.632883 -0.061250
vt -2.767117 -0.061250
vt -2.767117 0.061250
vt 0.019486 0.088750
vt -0.019486 -0.088750
vt 2.767117 0.061250
vt 2.767117 -0.061250
vt 2.632883 -0.061250
s 1
f 535/1/7 533/2/5 534/3/6
f 546/4/18 545/5/17 541/6/13
f 540/7/12 537/8/9 529/9/1
f 558/10/4 556/11/2 557/12/3
f 550/13/22 548/14/20 549/15/21
f 566/16/12 563/17/9 555/18/1
f 552/4/24 551/6/23 547/5/19
f 561/11/7 559/10/5 560/12/6
f 565/16/11 562/18/8 564/17/10
f 539/7/11 536/9/8 538/8/10
f 544/13/16 542/15/14 543/14/15
f 532/2/4 530/1/2 531/3/3
f 522/19/18 521/20/17 517/21/13
f 520/22/16 518/23/14 519/24/15
f 528/19/24 527/21/23 523/20/19
f 526/22/22 524/24/20 525/23/21
f 515/7/11 512/9/8 514/8/10
f 511/1/7 509/2/5 510/3/6
f 516/7/12 513/8/9 505/9/1
f 508/2/4 506/1/2 507/3/3
f 498/19/18 497/20/17 493/21/13
f 496/22/16 494/23/14 495/24/15
f 504/19/24 503/21/23 499/20/19
f 502/22/22 500/24/20 501/23/21
f 490/25/7 491/26/5 464/27/6
f 488/28/11 485/29/8 460/30/10
f 483/31/35 644/32/43 645/33/44
f 474/34/34 647/35/45 648/36/46
f 484/37/36 650/38/47 651/39/48
f 473/40/33 653/41/49 654/42/50
f 470/43/32 656/44/51 657/45/52
f 467/46/31 659/47/53 660/48/54
f 465/31/30 662/33/55 663/32/56
f 463/34/29 665/36/57 666/35/58
f 461/43/28 668/49/59 669/50/60
f 459/46/27 671/51/61 672/52/62
f 458/37/26 674/53/63 675/54/64
f 457/40/25 677/55/65 678/56/66
f 477/28/12 469/30/9 476/29/1
f 482/26/4 479/25/2 468/27/3
f 487/57/18 472/58/17 486/59/13
f 492/60/16 489/61/14 471/62/15
f 478/57/24 475/59/23 462/58/19
f 481/60/22 466/62/20 480/61/21
f 455/63/11 452/64/8 454/65/10
f 451/66/7 449/67/5 450/68/6
f 456/63/12 453/65/9 445/64/1
f 448/67/4 446/66/2 447/68/3
f 438/69/18 437/70/17 433/71/13
f 436/72/16 434/73/14 435/74/15
f 444/69/24 443/71/23 439/70/19
f 442/72/22 440/74/20 441/73/21
f 431/63/11 428/64/8 430/65/10
f 427/66/7 425/67/5 426/68/6
f 432/63/12 429/65/9 421/64/1
f 424/67/4 422/66/2 423/68/3
f 414/69/18 413/70/17 409/71/13
f 412/72/16 410/73/14 411/74/15
f 420/69/24 419/71/23 415/70/19
f 418/72/22 416/74/20 417/73/21
f 407/75/11 404/76/8 406/77/10
f 403/78/7 401/79/5 402/80/6
f 408/75/12 405/77/9 397/76/1
f 400/79/4 398/78/2 399/80/3
f 390/81/18 389/82/17 385/83/13
f 388/84/16 386/85/14 387/86/15
f 396/81/24 395/83/23 391/82/19
f 394/84/22 392/86/20 393/85/21
f 383/87/11 380/88/8 382/89/10
f 379/90/7 377/91/5 378/92/6
f 384/87/12 381/89/9 373/88/1
f 376/91/4 374/90/2 375/92/3
f 366/93/18 365/94/17 361/95/13
f 364/96/16 362/97/14 363/98/15
f 372/93/24 371/95/23 367/94/19
f 370/96/22 368/98/20 369/97/21
f 359/87/11 356/88/8 358/89/10
f 355/90/7 353/91/5 354/92/6
f 360/87/12 357/89/9 349/88/1
f 352/91/4 350/90/2 351/92/3
f 342/93/18 341/94/17 337/95/13
f 340/96/16 338/97/14 339/98/15
f 348/93/24 347/95/23 343/94/19
f 346/96/22 344/98/20 345/97/21
f 335/99/11 332/100/8 334/101/10
f 331/102/7 329/103/5 330/104/6
f 336/99/12 333/101/9 325/100/1
f 328/103/4 326/102/2 327/104/3
f 318/105/18 317/106/17 313/107/13
f 316/108/16 314/109/14 315/110/15
f 324/105/24 323/107/23 319/106/19
f 322/108/22 320/110/20 321/109/21
f 311/111/11 308/112/8 310/113/10
f 307/114/7 305/115/5 306/116/6
f 312/111/12 309/113/9 301/112/1
f 304/115/4 302/114/2 303/116/3
f 294/117/18 293/118/17 289/119/13
f 292/120/16 290/121/14 291/122/15
f 300/117/24 299/119/23 295/118/19
f 298/120/22 296/122/20 297/121/21
f 287/111/11 284/112/8 286/113/10
f 283/114/7 281/115/5 282/116/6
f 288/111/12 285/113/9 277/112/1
f 280/115/4 278/114/2 279/116/3
f 270/117/18 269/118/17 265/119/13
f 268/120/16 266/121/14 267/122/15
f 276/117/24 275/119/23 271/118/19
f 274/120/22 272/122/20 273/121/21
f 263/123/11 260/124/8 262/125/10
f 259/126/7 257/127/5 258/128/6
f 264/123/12 261/125/9 253/124/1
f 256/127/4 254/126/2 255/128/3
f 246/129/18 245/130/17 241/131/13
f 244/132/16 242/133/14 243/134/15
f 252/129/24 251/131/23 247/130/19
f 250/132/22 248/134/20 249/133/21
f 239/135/11 236/136/8 238/137/10
f 235/138/7 233/139/5 234/140/6
f 240/135/12 237/137/9 229/136/1
f 232/139/4 230/138/2 231/140/3
f 222/141/18 221/142/17 217/143/13
f 220/144/16 218/145/14 219/146/15
f 228/141/24 227/143/23 223/142/19
f 226/144/22 224/146/20 225/145/21
f 215/135/11 212/136/8 214/137/10
f 211/138/7 209/139/5 210/140/6
f 216/135/12 213/137/9 205/136/1
f 208/139/4 206/138/2 207/140/3
f 198/141/18 197/142/17 193/143/13
f 196/144/16 194/145/14 195/146/15
f 204/141/24 203/143/23 199/142/19
f 202/144/22 200/146/20 201/145/21
f 191/147/11 188/148/8 190/149/10
f 187/150/7 185/151/5 186/152/6
f 192/147/12 189/149/9 181/148/1
f 184/151/4 182/150/2 183/152/3
f 174/153/18 173/154/17 169/155/13
f 172/156/16 170/157/14 171/158/15
f 180/153/24 179/155/23 175/154/19
f 178/156/22 176/158/20 177/157/21
f 167/159/11 164/160/8 166/161/10
f 163/162/7 161/163/5 162/164/6
f 168/159/12 165/161/9 157/160/1
f 160/163/4 158/162/2 159/164/3
f 150/165/18 149/166/17 145/167/13
f 148/168/16 146/169/14 147/170/15
f 156/165/24 155/167/23 151/166/19
f 154/168/22 152/170/20 153/169/21
f 143/159/11 140/160/8 142/161/10
f 139/162/7 137/163/5 138/164/6
f 144/159/12 141/161/9 133/160/1
f 136/163/4 134/162/2 135/164/3
f 126/165/18 125/166/17 121/167/13
f 124/168/16 122/169/14 123/170/15
f 132/165/24 131/167/23 127/166/19
f 130/168/22 128/170/20 129/169/21
f 118/171/7 119/172/5 92/173/6
f 116/174/11 113/175/8 88/176/10
f 111/177/35 1040/178/43 1041/179/44
f 102/180/34 1043/181/45 1044/182/46
f 112/183/36 1046/184/47 1047/39/48
f 101/185/33 1049/186/49 1050/187/50
f 98/188/32 1052/50/51 1053/189/52
f 95/190/31 1055/191/53 1056/192/54
f 93/177/30 1058/179/55 1059/178/56
f 91/180/29 1061/182/57 1062/181/58
f 89/188/28 1064/189/59 1065/50/60
f 87/190/27 1067/192/61 1068/191/62
f 86/183/26 1070/39/63 1071/184/64
f 85/185/25 1073/187/65 1074/186/66
f 105/174/12 97/176/9 104/175/1
f 110/172/4 107/171/2 96/173/3
f 115/193/18 100/194/17 114/195/13
f 120/196/16 117/197/14 99/198/15
f 106/193/24 103/195/23 90/194/19
f 109/196/22 94/198/20 108/197/21
f 83/199/11 80/200/8 82/201/10
f 79/202/7 77/203/5 78/204/6
f 84/199/12 81/201/9 73/200/1
f 76/203/4 74/202/2 75/204/3
f 66/205/18 65/206/17 61/207/13
f 64/208/16 62/209/14 63/210/15
f 72/205/24 71/207/23 67/206/19
f 70/208/22 68/210/20 69/209/21
f 59/199/11 56/200/8 58/201/10
f 55/202/7 53/203/5 54/204/6
f 60/199/12 57/201/9 49/200/1
f 52/203/4 50/202/2 51/204/3
f 42/205/18 41/206/17 37/207/13
f 40/208/16 38/209/14 39/210/15
f 48/205/24 47/207/23 43/206/19
f 46/208/22 44/210/20 45/209/21
f 35/211/11 32/212/8 34/213/10
f 31/214/7 29/215/5 30/216/6
f 36/211/12 33/213/9 25/212/1
f 28/215/4 26/214/2 27/216/3
f 18/217/18 17/218/17 13/219/13
f 16/220/16 14/221/14 15/222/15
f 24/223/24 23/224/23 19/225/19
f 22/226/22 20/227/20 21/228/21
f 11/229/11 8/230/8 10/231/10
f 7/232/7 5/233/5 6/234/6
f 12/229/12 9/231/9 1/230/1
f 4/233/4 2/232/2 3/234/3
f 2263/235/18 2264/236/17 2268/237/13
f 2265/238/16 2267/239/14 2266/240/15
f 2257/241/24 2258/242/23 2262/243/19
f 2259/244/22 2261/245/20 2260/246/21
f 2270/229/11 2273/230/8 2271/231/10
f 2274/232/7 2276/233/5 2275/234/6
f 2269/229/12 2272/231/9 2280/230/1
f 2277/233/4 2279/232/2 2278/234/3
f 2287/247/18 2288/248/17 2292/249/13
f 2289/250/16 2291/251/14 2290/252/15
f 2281/253/24 2282/254/23 2286/255/19
f 2283/256/22 2285/257/20 2284/258/21
f 2294/259/11 2297/260/8 2295/261/10
f 2298/262/7 2300/263/5 2299/264/6
f 2293/265/12 2296/266/9 2304/267/1
f 2301/268/4 2303/269/2 2302/270/3
f 2311/259/18 2312/261/17 2316/260/13
f 2313/263/16 2315/262/14 2314/264/15
f 2305/265/24 2306/267/23 2310/266/19
f 2307/268/22 2309/270/20 2308/269/21
f 2318/271/11 2321/272/8 2319/273/10
f 2322/274/7 2324/275/5 2323/276/6
f 2317/277/12 2320/278/9 2328/279/1
f 2325/280/4 2327/281/2 2326/282/3
f 2335/271/18 2336/273/17 2340/272/13
f 2337/275/16 2339/274/14 2338/276/15
f 2329/277/24 2330/279/23 2334/278/19
f 2331/280/22 2333/282/20 2332/281/21
f 2342/283/11 2345/284/8 2343/285/10
f 2346/286/7 2348/287/5 2347/288/6
f 2341/289/12 2344/290/9 2352/291/1
f 2349/292/4 2351/293/2 2350/294/3
f 2359/283/18 2360/285/17 2364/284/13
f 2361/287/16 2363/286/14 2362/288/15
f 2353/289/24 2354/291/23 2358/290/19
f 2355/292/22 2357/294/20 2356/293/21
f 2366/295/11 2369/296/8 2367/297/10
f 2370/298/7 2372/299/5 2371/300/6
f 2365/301/12 2368/302/9 2376/303/1
f 2373/304/4 2375/305/2 2374/306/3
f 2383/307/18 2384/308/17 2388/309/13
f 2385/310/16 2387/311/14 2386/312/15
f 2377/307/24 2378/309/23 2382/308/19
f 2379/310/22 2381/312/20 2380/311/21
f 2390/313/11 2393/314/8 2391/315/10
f 2394/316/7 2396/317/5 2395/318/6
f 2389/319/12 2392/320/9 2400/321/1
f 2397/322/4 2399/323/2 2398/324/3
f 2407/325/18 2408/326/17 2412/327/13
f 2409/328/16 2411/329/14 2410/330/15
f 2401/325/24 2402/327/23 2406/326/19
f 2403/328/22 2405/330/20 2404/329/21
f 2414/331/11 2417/332/8 2415/333/10
f 2418/334/7 2420/335/5 2419/336/6
f 2413/337/12 2416/338/9 2424/339/1
f 2421/340/4 2423/341/2 2422/342/3
f 2431/325/18 2432/326/17 2436/327/13
f 2433/328/16 2435/329/14 2434/330/15
f 2425/325/24 2426/327/23 2430/326/19
f 2427/328/22 2429/330/20 2428/329/21
f 2438/343/11 2441/344/8 2439/345/10
f 2442/346/7 2444/347/5 2443/348/6
f 2437/343/12 2440/345/9 2448/344/1
f 2445/347/4 2447/346/2 2446/348/3
f 2455/349/18 2456/350/17 2460/351/13
f 2457/352/16 2459/353/14 2458/354/15
f 2449/349/24 2450/351/23 2454/350/19
f 2451/352/22 2453/354/20 2452/353/21
f 2462/355/11 2465/356/8 2463/357/10
f 2466/358/7 2468/359/5 2467/360/6
f 2461/355/12 2464/357/9 2472/356/1
f 2469/359/4 2471/358/2 2470/360/3
f 2479/361/18 2480/362/17 2484/363/13
f 2481/364/16 2483/365/14 2482/366/15
f 2473/361/24 2474/363/23 2478/362/19
f 2475/364/22 2477/366/20 2476/365/21
f 2486/355/11 2489/356/8 2487/357/10
f 2490/358/7 2492/359/5 2491/360/6
f 2485/355/12 2488/357/9 2496/356/1
f 2493/359/4 2495/358/2 2494/360/3
f 2503/361/18 2504/362/17 2508/363/13
f 2505/364/16 2507/365/14 2506/366/15
f 2497/361/24 2498/363/23 2502/362/19
f 2499/364/22 2501/366/20 2500/365/21
f 2511/367/7 2510/368/5 2537/369/6
f 2513/370/11 2516/371/8 2541/372/10
f 2518/373/35 1436/374/43 1437/375/44
f 2527/376/34 1439/377/45 1440/378/46
f 2517/379/36 1442/184/47 1443/39/48
f 2528/380/33 1445/381/49 1446/382/50
f 2531/383/32 1448/50/51 1449/189/52
f 2534/384/31 1451/385/53 1452/386/54
f 2536/373/30 1454/387/55 1455/388/56
f 2538/376/29 1457/389/57 1458/390/58
f 2540/383/28 1460/189/59 1461/50/60
f 2542/384/27 1463/386/61 1464/385/62
f 2543/379/26 1466/39/63 1467/184/64
f 2544/380/25 1469/382/65 1470/381/66
f 2524/370/12 2532/372/9 2525/371/1
f 2519/368/4 2522/367/2 2533/369/3
f 2514/391/18 2529/392/17 2515/393/13
f 2509/394/16 2512/395/14 2530/396/15
f 2523/397/24 2526/398/23 2539/399/19
f 2520/400/22 2535/401/20 2521/402/21
f 2546/403/11 2549/404/8 2547/405/10
f 2550/406/7 2552/407/5 2551/408/6
f 2545/403/12 2548/405/9 2556/404/1
f 2553/407/4 2555/406/2 2554/408/3
f 2563/409/18 2564/410/17 2568/411/13
f 2565/412/16 2567/413/14 2566/414/15
f 2557/415/24 2558/416/23 2562/417/19
f 2559/418/22 2561/419/20 2560/420/21
f 2570/403/11 2573/404/8 2571/405/10
f 2574/406/7 2576/407/5 2575/408/6
f 2569/403/12 2572/405/9 2580/404/1
f 2577/407/4 2579/406/2 2578/408/3
f 2587/421/18 2588/422/17 2592/423/13
f 2589/424/16 2591/425/14 2590/426/15
f 2581/427/24 2582/428/23 2586/429/19
f 2583/430/22 2585/431/20 2584/432/21
f 2594/433/11 2597/434/8 2595/435/10
f 2598/436/7 2600/437/5 2599/438/6
f 2593/439/12 2596/440/9 2604/441/1
f 2601/442/4 2603/443/2 2602/444/3
f 2611/433/18 2612/435/17 2616/434/13
f 2613/437/16 2615/436/14 2614/438/15
f 2605/439/24 2606/441/23 2610/440/19
f 2607/442/22 2609/444/20 2608/443/21
f 2618/445/11 2621/446/8 2619/447/10
f 2622/448/7 2624/449/5 2623/450/6
f 2617/451/12 2620/452/9 2628/453/1
f 2625/454/4 2627/455/2 2626/456/3
f 2635/445/18 2636/447/17 2640/446/13
f 2637/449/16 2639/448/14 2638/450/15
f 2629/451/24 2630/453/23 2634/452/19
f 2631/454/22 2633/456/20 2632/455/21
f 2642/457/11 2645/458/8 2643/459/10
f 2646/460/7 2648/461/5 2647/462/6
f 2641/463/12 2644/464/9 2652/465/1
f 2649/466/4 2651/467/2 2650/468/3
f 2659/457/18 2660/459/17 2664/458/13
f 2661/461/16 2663/460/14 2662/462/15
f 2653/463/24 2654/465/23 2658/464/19
f 2655/466/22 2657/468/20 2656/467/21
f 2666/469/11 2669/470/8 2667/471/10
f 2670/472/7 2672/473/5 2671/474/6
f 2665/475/12 2668/476/9 2676/477/1
f 2673/478/4 2675/479/2 2674/480/3
f 2683/481/18 2684/482/17 2688/483/13
f 2685/484/16 2687/485/14 2686/486/15
f 2677/481/24 2678/483/23 2682/482/19
f 2679/484/22 2681/486/20 2680/485/21
f 2690/487/11 2693/488/8 2691/489/10
f 2694/490/7 2696/491/5 2695/492/6
f 2689/493/12 2692/494/9 2700/495/1
f 2697/496/4 2699/497/2 2698/498/3
f 2707/499/18 2708/500/17 2712/501/13
f 2709/502/16 2711/503/14 2710/504/15
f 2701/499/24 2702/501/23 2706/500/19
f 2703/502/22 2705/504/20 2704/503/21
f 2714/505/11 2717/506/8 2715/507/10
f 2718/508/7 2720/509/5 2719/510/6
f 2713/511/12 2716/512/9 2724/513/1
f 2721/514/4 2723/515/2 2722/516/3
f 2731/499/18 2732/500/17 2736/501/13
f 2733/502/16 2735/503/14 2734/504/15
f 2725/499/24 2726/501/23 2730/500/19
f 2727/502/22 2729/504/20 2728/503/21
f 2738/517/11 2741/518/8 2739/519/10
f 2742/520/7 2744/521/5 2743/522/6
f 2737/517/12 2740/519/9 2748/518/1
f 2745/521/4 2747/520/2 2746/522/3
f 2755/523/18 2756/524/17 2760/525/13
f 2757/526/16 2759/527/14 2758/528/15
f 2749/523/24 2750/525/23 2754/524/19
f 2751/526/22 2753/528/20 2752/527/21
f 2762/529/11 2765/530/8 2763/531/10
f 2766/532/7 2768/533/5 2767/534/6
f 2761/529/12 2764/531/9 2772/530/1
f 2769/533/4 2771/532/2 2770/534/3
f 2779/535/18 2780/536/17 2784/537/13
f 2781/538/16 2783/539/14 2782/540/15
f 2773/535/24 2774/537/23 2778/536/19
f 2775/538/22 2777/540/20 2776/539/21
f 2786/529/11 2789/530/8 2787/531/10
f 2790/532/7 2792/533/5 2791/534/6
f 2785/529/12 2788/531/9 2796/530/1
f 2793/533/4 2795/532/2 2794/534/3
f 2803/535/18 2804/536/17 2808/537/13
f 2805/538/16 2807/539/14 2806/540/15
f 2797/535/24 2798/537/23 2802/536/19
f 2799/538/22 2801/540/20 2800/539/21
f 2810/541/11 2813/542/8 2811/543/10
f 2814/544/7 2816/545/5 2815/546/6
f 2809/541/12 2812/543/9 2820/542/1
f 2817/545/4 2819/544/2 2818/546/3
f 2827/547/18 2828/548/17 2832/549/13
f 2829/550/16 2831/551/14 2830/552/15
f 2821/547/24 2822/549/23 2826/548/19
f 2823/550/22 2825/552/20 2824/551/21
f 2834/553/11 2837/554/8 2835/555/10
f 2838/556/7 2840/557/5 2839/558/6
f 2833/553/12 2836/555/9 2844/554/1
f 2841/557/4 2843/556/2 2842/558/3
f 2851/559/18 2852/560/17 2856/561/13
f 2853/562/16 2855/563/14 2854/564/15
f 2845/559/24 2846/561/23 2850/560/19
f 2847/562/22 2849/564/20 2848/563/21
f 2858/553/11 2861/554/8 2859/555/10
f 2862/556/7 2864/557/5 2863/558/6
f 2857/553/12 2860/555/9 2868/554/1
f 2865/557/4 2867/556/2 2866/558/3
f 2875/559/18 2876/560/17 2880/561/13
f 2877/562/16 2879/563/14 2878/564/15
f 2869/559/24 2870/561/23 2874/560/19
f 2871/562/22 2873/564/20 2872/563/21
f 2883/565/7 2882/566/5 2909/567/6
f 2885/568/11 2888/569/8 2913/570/10
f 2890/571/35 1832/572/43 1833/573/44
f 2899/574/34 1835/575/45 1836/576/46
f 2889/183/36 1838/577/47 1839/39/48
f 2900/578/33 1841/579/49 1842/580/50
f 2903/188/32 1844/50/51 1845/581/52
f 2906/582/31 1847/583/53 1848/584/54
f 2908/571/30 1850/573/55 1851/572/56
f 2910/574/29 1853/576/57 1854/575/58
f 2912/188/28 1856/581/59 1857/50/60
f 2914/582/27 1859/584/61 1860/583/62
f 2915/183/26 1862/39/63 1863/577/64
f 2916/578/25 1865/580/65 1866/579/66
f 2896/568/12 2904/570/9 2897/569/1
f 2891/566/4 2894/565/2 2905/567/3
f 2886/585/18 2901/586/17 2887/587/13
f 2881/588/16 2884/589/14 2902/590/15
f 2895/585/24 2898/587/23 2911/586/19
f 2892/588/22 2907/590/20 2893/589/21
f 2918/591/11 2921/592/8 2919/593/10
f 2922/594/7 2924/595/5 2923/596/6
f 2917/591/12 2920/593/9 2928/592/1
f 2925/595/4 2927/594/2 2926/596/3
f 2935/597/18 2936/598/17 2940/599/13
f 2937/600/16 2939/601/14 2938/602/15
f 2929/597/24 2930/599/23 2934/598/19
f 2931/600/22 2933/602/20 2932/601/21
f 2942/591/11 2945/592/8 2943/593/10
f 2946/594/7 2948/595/5 2947/596/6
f 2941/591/12 2944/593/9 2952/592/1
f 2949/595/4 2951/594/2 2950/596/3
f 2959/597/18 2960/598/17 2964/599/13
f 2961/600/16 2963/601/14 2962/602/15
f 2953/597/24 2954/599/23 2958/598/19
f 2955/600/22 2957/602/20 2956/601/21
f 2966/603/11 2969/604/8 2967/605/10
f 2970/606/7 2972/607/5 2971/608/6
f 2965/603/12 2968/605/9 2976/604/1
f 2973/607/4 2975/606/2 2974/608/3
f 2983/609/18 2984/610/17 2988/611/13
f 2985/612/16 2987/613/14 2986/614/15
f 2977/609/24 2978/611/23 2982/610/19
f 2979/612/22 2981/614/20 2980/613/21
f 2990/615/11 2993/616/8 2991/617/10
f 2994/618/7 2996/619/5 2995/620/6
f 2989/615/12 2992/617/9 3000/616/1
f 2997/619/4 2999/618/2 2998/620/3
f 3007/621/18 3008/622/17 3012/623/13
f 3009/624/16 3011/625/14 3010/626/15
f 3001/621/24 3002/623/23 3006/622/19
f 3003/624/22 3005/626/20 3004/625/21
f 3014/615/11 3017/616/8 3015/617/10
f 3018/618/7 3020/619/5 3019/620/6
f 3013/615/12 3016/617/9 3024/616/1
f 3021/619/4 3023/618/2 3022/620/3
f 3031/621/18 3032/622/17 3036/623/13
f 3033/624/16 3035/625/14 3034/626/15
f 3025/621/24 3026/623/23 3030/622/19
f 3027/624/22 3029/626/20 3028/625/21
f 3038/627/11 3041/628/8 3039/629/10
f 3042/630/7 3044/631/5 3043/632/6
f 3037/633/12 3040/634/9 3048/635/1
f 3045/631/4 3047/630/2 3046/632/3
f 3055/636/18 3056/637/17 3060/638/13
f 3057/639/16 3059/640/14 3058/641/15
f 3049/642/24 3050/643/23 3054/644/19
f 3051/639/22 3053/641/20 3052/640/21
f 3062/645/11 3065/646/8 3063/647/10
f 3066/648/7 3068/649/5 3067/650/6
f 3061/645/12 3064/647/9 3072/646/1
f 3069/649/4 3071/648/2 3070/650/3
f 3079/651/18 3080/652/17 3084/653/13
f 3081/654/16 3083/655/14 3082/656/15
f 3073/651/24 3074/653/23 3078/652/19
f 3075/654/22 3077/656/20 3076/655/21
f 3086/645/11 3089/646/8 3087/647/10
f 3090/648/7 3092/649/5 3091/650/6
f 3085/645/12 3088/647/9 3096/646/1
f 3093/649/4 3095/648/2 3094/650/3
f 3103/651/18 3104/652/17 3108/653/13
f 3105/654/16 3107/655/14 3106/656/15
f 3097/651/24 3098/653/23 3102/652/19
f 3099/654/22 3101/656/20 3100/655/21
f 3110/657/11 3113/658/8 3111/659/10
f 3114/658/7 3116/657/5 3115/659/6
f 3109/660/12 3112/661/9 3120/662/1
f 3117/660/4 3119/662/2 3118/661/3
f 3127/663/18 3128/664/17 3132/665/13
f 3129/663/16 3131/665/14 3130/664/15
f 3121/666/24 3122/667/23 3126/668/19
f 3123/666/22 3125/668/20 3124/667/21
f 3134/669/11 3137/670/8 3135/671/10
f 3138/672/7 3140/673/5 3139/674/6
f 3133/675/12 3136/676/9 3144/677/1
f 3141/673/4 3143/672/2 3142/674/3
f 3151/678/18 3152/679/17 3156/680/13
f 3153/681/16 3155/682/14 3154/683/15
f 3145/684/24 3146/685/23 3150/686/19
f 3147/681/22 3149/683/20 3148/682/21
f 3158/687/11 3161/688/8 3159/689/10
f 3162/672/7 3164/673/5 3163/674/6
f 3157/690/12 3160/691/9 3168/692/1
f 3165/673/4 3167/672/2 3166/674/3
f 3175/693/18 3176/694/17 3180/695/13
f 3177/681/16 3179/682/14 3178/683/15
f 3169/696/24 3170/697/23 3174/698/19
f 3171/681/22 3173/683/20 3172/682/21
f 3182/699/11 3185/700/8 3183/701/10
f 3186/700/7 3188/699/5 3187/701/6
f 3181/702/12 3184/703/9 3192/704/1
f 3189/702/4 3191/704/2 3190/703/3
f 3199/705/18 3200/706/17 3204/707/13
f 3201/705/16 3203/707/14 3202/706/15
f 3193/708/24 3194/709/23 3198/710/19
f 3195/708/22 3197/710/20 3196/709/21
f 3206/711/11 3209/712/8 3207/713/10
f 3210/714/7 3212/715/5 3211/716/6
f 3205/717/12 3208/718/9 3216/719/1
f 3213/715/4 3215/714/2 3214/716/3
f 3223/720/18 3224/721/17 3228/722/13
f 3225/723/16 3227/724/14 3226/725/15
f 3217/726/24 3218/727/23 3222/728/19
f 3219/723/22 3221/725/20 3220/724/21
f 3230/729/11 3233/730/8 3231/731/10
f 3234/714/7 3236/715/5 3235/716/6
f 3229/732/12 3232/733/9 3240/734/1
f 3237/715/4 3239/714/2 3238/716/3
f 3247/735/18 3248/736/17 3252/737/13
f 3249/723/16 3251/724/14 3250/725/15
f 3241/738/24 3242/739/23 3246/740/19
f 3243/723/22 3245/725/20 3244/724/21
f 3254/741/35 2222/742/43 2223/743/44
f 3255/744/34 2225/745/45 2226/746/46
f 3253/37/36 2228/38/47 2229/39/48
f 3256/747/33 2231/748/49 2232/749/50
f 3257/43/32 2234/50/51 2235/45/52
f 3258/750/31 2237/751/53 2238/752/54
f 3259/741/30 2240/743/55 2241/742/56
f 3260/744/29 2243/746/57 2244/745/58
f 3261/43/28 2246/49/59 2247/50/60
f 3262/750/27 2249/752/61 2250/753/62
f 3263/37/26 2252/39/63 2253/54/64
f 3264/747/25 2255/754/65 2256/748/66
f 565/755/11 563/756/9 566/757/12
f 561/11/7 564/17/10 562/18/8
f 558/757/4 560/758/6 559/755/5
f 555/18/1 557/12/3 556/11/2
f 566/16/12 551/6/23 552/4/24
f 550/13/22 556/11/2 558/10/4
f 547/5/19 549/15/21 548/14/20
f 552/759/24 545/760/17 546/761/18
f 544/761/16 548/762/20 550/759/22
f 541/6/13 543/14/15 542/15/14
f 546/4/18 562/18/8 565/16/11
f 559/10/5 542/15/14 544/13/16
f 539/763/11 537/764/9 540/765/12
f 535/1/7 538/8/10 536/9/8
f 532/765/4 534/766/6 533/763/5
f 529/9/1 531/3/3 530/1/2
f 540/7/12 527/21/23 528/19/24
f 526/22/22 530/1/2 532/2/4
f 523/20/19 525/23/21 524/24/20
f 528/767/24 521/768/17 522/769/18
f 520/769/16 524/770/20 526/767/22
f 517/21/13 519/24/15 518/23/14
f 522/19/18 536/9/8 539/7/11
f 533/2/5 518/23/14 520/22/16
f 515/771/11 513/772/9 516/773/12
f 511/1/7 514/8/10 512/9/8
f 508/773/4 510/774/6 509/771/5
f 505/9/1 507/3/3 506/1/2
f 516/7/12 503/21/23 504/19/24
f 502/22/22 506/1/2 508/2/4
f 499/20/19 501/23/21 500/24/20
f 504/775/24 497/776/17 498/777/18
f 496/777/16 500/778/20 502/775/22
f 493/21/13 495/24/15 494/23/14
f 498/19/18 512/9/8 515/7/11
f 509/2/5 494/23/14 496/22/16
f 491/26/5 489/61/14 492/60/16
f 487/57/18 485/29/8 488/28/11
f 645/779/44 484/780/36 483/781/35
f 481/60/22 479/25/2 482/26/4
f 477/28/12 475/59/23 478/57/24
f 647/782/45 473/780/33 654/783/50
f 648/36/46 645/33/44 644/32/43
f 651/39/48 654/42/50 653/41/49
f 486/59/13 471/62/15 489/61/14
f 656/784/51 484/780/36 651/785/48
f 476/29/1 468/27/3 479/25/2
f 653/786/49 467/787/31 660/788/54
f 657/45/52 660/48/54 659/47/53
f 492/789/16 466/790/20 481/791/22
f 662/792/55 470/787/32 657/793/52
f 482/794/4 464/795/6 491/796/5
f 666/797/58 467/787/31 463/798/29
f 663/32/56 666/35/58 665/36/57
f 478/791/24 472/799/17 487/789/18
f 663/800/56 461/801/28 465/798/30
f 490/25/7 460/30/10 485/29/8
f 665/802/57 459/801/27 672/803/62
f 669/50/60 672/52/62 671/51/61
f 462/58/19 480/61/21 466/62/20
f 674/804/63 461/801/28 669/805/60
f 488/796/11 469/806/9 477/794/12
f 671/807/61 457/808/25 678/809/66
f 675/54/64 678/56/66 677/55/65
f 644/810/43 458/808/26 675/811/64
f 648/812/46 457/808/25 474/781/34
f 455/813/11 453/814/9 456/815/12
f 451/66/7 454/65/10 452/64/8
f 448/815/4 450/816/6 449/813/5
f 445/64/1 447/68/3 446/66/2
f 456/63/12 443/71/23 444/69/24
f 442/72/22 446/66/2 448/67/4
f 439/70/19 441/73/21 440/74/20
f 444/817/24 437/818/17 438/819/18
f 436/819/16 440/820/20 442/817/22
f 433/71/13 435/74/15 434/73/14
f 438/69/18 452/64/8 455/63/11
f 449/67/5 434/73/14 436/72/16
f 431/821/11 429/822/9 432/823/12
f 427/66/7 430/65/10 428/64/8
f 424/823/4 426/824/6 425/821/5
f 421/64/1 423/68/3 422/66/2
f 432/63/12 419/71/23 420/69/24
f 418/72/22 422/66/2 424/67/4
f 415/70/19 417/73/21 416/74/20
f 420/825/24 413/826/17 414/827/18
f 412/827/16 416/828/20 418/825/22
f 409/71/13 411/74/15 410/73/14
f 414/69/18 428/64/8 431/63/11
f 425/67/5 410/73/14 412/72/16
f 407/829/11 405/830/9 408/831/12
f 403/78/7 406/77/10 404/76/8
f 400/831/4 402/832/6 401/829/5
f 397/76/1 399/80/3 398/78/2
f 408/75/12 395/83/23 396/81/24
f 394/84/22 398/78/2 400/79/4
f 391/82/19 393/85/21 392/86/20
f 396/833/24 389/834/17 390/835/18
f 388/835/16 392/836/20 394/833/22
f 385/83/13 387/86/15 386/85/14
f 390/81/18 404/76/8 407/75/11
f 401/79/5 386/85/14 388/84/16
f 383/837/11 381/838/9 384/839/12
f 379/90/7 382/89/10 380/88/8
f 376/839/4 378/840/6 377/837/5
f 373/88/1 375/92/3 374/90/2
f 384/87/12 371/95/23 372/93/24
f 370/96/22 374/90/2 376/91/4
f 367/94/19 369/97/21 368/98/20
f 372/841/24 365/842/17 366/843/18
f 364/843/16 368/844/20 370/841/22
f 361/95/13 363/98/15 362/97/14
f 366/93/18 380/88/8 383/87/11
f 377/91/5 362/97/14 364/96/16
f 359/845/11 357/846/9 360/847/12
f 355/90/7 358/89/10 356/88/8
f 352/847/4 354/848/6 353/845/5
f 349/88/1 351/92/3 350/90/2
f 360/87/12 347/95/23 348/93/24
f 346/96/22 350/90/2 352/91/4
f 343/94/19 345/97/21 344/98/20
f 348/849/24 341/850/17 342/851/18
f 340/851/16 344/852/20 346/849/22
f 337/95/13 339/98/15 338/97/14
f 342/93/18 356/88/8 359/87/11
f 353/91/5 338/97/14 340/96/16
f 335/853/11 333/854/9 336/855/12
f 331/102/7 334/101/10 332/100/8
f 328/855/4 330/856/6 329/853/5
f 325/100/1 327/104/3 326/102/2
f 336/99/12 323/107/23 324/105/24
f 322/108/22 326/102/2 328/103/4
f 319/106/19 321/109/21 320/110/20
f 324/857/24 317/858/17 318/859/18
f 316/859/16 320/860/20 322/857/22
f 313/107/13 315/110/15 314/109/14
f 318/105/18 332/100/8 335/99/11
f 329/103/5 314/109/14 316/108/16
f 311/861/11 309/862/9 312/863/12
f 307/114/7 310/113/10 308/112/8
f 304/863/4 306/864/6 305/861/5
f 301/112/1 303/116/3 302/114/2
f 312/111/12 299/119/23 300/117/24
f 298/120/22 302/114/2 304/115/4
f 295/118/19 297/121/21 296/122/20
f 300/865/24 293/866/17 294/867/18
f 292/867/16 296/868/20 298/865/22
f 289/119/13 291/122/15 290/121/14
f 294/117/18 308/112/8 311/111/11
f 305/115/5 290/121/14 292/120/16
f 287/869/11 285/870/9 288/871/12
f 283/114/7 286/113/10 284/112/8
f 280/871/4 282/872/6 281/869/5
f 277/112/1 279/116/3 278/114/2
f 288/111/12 275/119/23 276/117/24
f 274/120/22 278/114/2 280/115/4
f 271/118/19 273/121/21 272/122/20
f 276/873/24 269/874/17 270/875/18
f 268/875/16 272/876/20 274/873/22
f 265/119/13 267/122/15 266/121/14
f 270/117/18 284/112/8 287/111/11
f 281/115/5 266/121/14 268/120/16
f 263/877/11 261/878/9 264/879/12
f 259/126/7 262/125/10 260/124/8
f 256/879/4 258/880/6 257/877/5
f 253/124/1 255/128/3 254/126/2
f 264/123/12 251/131/23 252/129/24
f 250/132/22 254/126/2 256/127/4
f 247/130/19 249/133/21 248/134/20
f 252/881/24 245/882/17 246/883/18
f 244/883/16 248/884/20 250/881/22
f 241/131/13 243/134/15 242/133/14
f 246/129/18 260/124/8 263/123/11
f 257/127/5 242/133/14 244/132/16
f 239/885/11 237/886/9 240/887/12
f 235/138/7 238/137/10 236/136/8
f 232/887/4 234/888/6 233/885/5
f 229/136/1 231/140/3 230/138/2
f 240/135/12 227/143/23 228/141/24
f 226/144/22 230/138/2 232/139/4
f 223/142/19 225/145/21 224/146/20
f 228/889/24 221/890/17 222/891/18
f 220/891/16 224/892/20 226/889/22
f 217/143/13 219/146/15 218/145/14
f 222/141/18 236/136/8 239/135/11
f 233/139/5 218/145/14 220/144/16
f 215/893/11 213/894/9 216/895/12
f 211/138/7 214/137/10 212/136/8
f 208/895/4 210/896/6 209/893/5
f 205/136/1 207/140/3 206/138/2
f 216/135/12 203/143/23 204/141/24
f 202/144/22 206/138/2 208/139/4
f 199/142/19 201/145/21 200/146/20
f 204/897/24 197/898/17 198/899/18
f 196/899/16 200/900/20 202/897/22
f 193/143/13 195/146/15 194/145/14
f 198/141/18 212/136/8 215/135/11
f 209/139/5 194/145/14 196/144/16
f 191/901/11 189/902/9 192/903/12
f 187/150/7 190/149/10 188/148/8
f 184/903/4 186/904/6 185/901/5
f 181/148/1 183/152/3 182/150/2
f 192/147/12 179/155/23 180/153/24
f 178/156/22 182/150/2 184/151/4
f 175/154/19 177/157/21 176/158/20
f 180/905/24 173/906/17 174/907/18
f 172/907/16 176/908/20 178/905/22
f 169/155/13 171/158/15 170/157/14
f 174/153/18 188/148/8 191/147/11
f 185/151/5 170/157/14 172/156/16
f 167/909/11 165/910/9 168/911/12
f 163/162/7 166/161/10 164/160/8
f 160/911/4 162/912/6 161/909/5
f 157/160/1 159/164/3 158/162/2
f 168/159/12 155/167/23 156/165/24
f 154/168/22 158/162/2 160/163/4
f 151/166/19 153/169/21 152/170/20
f 156/913/24 149/914/17 150/915/18
f 148/915/16 152/916/20 154/913/22
f 145/167/13 147/170/15 146/169/14
f 150/165/18 164/160/8 167/159/11
f 161/163/5 146/169/14 148/168/16
f 143/917/11 141/918/9 144/919/12
f 139/162/7 142/161/10 140/160/8
f 136/919/4 138/920/6 137/917/5
f 133/160/1 135/164/3 134/162/2
f 144/159/12 131/167/23 132/165/24
f 130/168/22 134/162/2 136/163/4
f 127/166/19 129/169/21 128/170/20
f 132/921/24 125/922/17 126/923/18
f 124/923/16 128/924/20 130/921/22
f 121/167/13 123/170/15 122/169/14
f 126/165/18 140/160/8 143/159/11
f 137/163/5 122/169/14 124/168/16
f 119/172/5 117/197/14 120/196/16
f 115/193/18 113/175/8 116/174/11
f 1046/925/47 111/926/35 1041/927/44
f 109/196/22 107/171/2 110/172/4
f 105/174/12 103/195/23 106/193/24
f 1050/925/50 102/926/34 101/928/33
f 1044/182/46 1041/179/44 1040/178/43
f 1047/39/48 1050/187/50 1049/186/49
f 114/195/13 99/198/15 117/197/14
f 1052/929/51 112/928/36 1047/930/48
f 104/175/1 96/173/3 107/171/2
f 1049/930/49 95/931/31 1056/929/54
f 1053/189/52 1056/192/54 1055/191/53
f 120/932/16 94/933/20 109/934/22
f 1053/935/52 93/936/30 98/931/32
f 110/937/4 92/938/6 119/939/5
f 1055/935/53 91/936/29 1062/940/58
f 1059/178/56 1062/181/58 1061/182/57
f 106/934/24 100/941/17 115/932/18
f 1064/942/59 93/936/30 1059/943/56
f 118/171/7 88/176/10 113/175/8
f 1068/942/62 91/936/29 87/944/27
f 1065/50/60 1068/191/62 1067/192/61
f 90/194/19 108/197/21 94/198/20
f 1070/945/63 89/944/28 1065/946/60
f 116/939/11 97/947/9 105/937/12
f 1067/946/61 85/948/25 1074/945/66
f 1071/184/64 1074/186/66 1073/187/65
f 1071/949/64 111/926/35 86/948/26
f 1073/949/65 102/926/34 1044/950/46
f 83/951/11 81/952/9 84/953/12
f 79/202/7 82/201/10 80/200/8
f 76/953/4 78/954/6 77/951/5
f 73/200/1 75/204/3 74/202/2
f 84/199/12 71/207/23 72/205/24
f 70/208/22 74/202/2 76/203/4
f 67/206/19 69/209/21 68/210/20
f 72/955/24 65/956/17 66/957/18
f 64/957/16 68/958/20 70/955/22
f 61/207/13 63/210/15 62/209/14
f 66/205/18 80/200/8 83/199/11
f 77/203/5 62/209/14 64/208/16
f 59/959/11 57/960/9 60/961/12
f 55/202/7 58/201/10 56/200/8
f 52/961/4 54/962/6 53/959/5
f 49/200/1 51/204/3 50/202/2
f 60/199/12 47/207/23 48/205/24
f 46/208/22 50/202/2 52/203/4
f 43/206/19 45/209/21 44/210/20
f 48/963/24 41/964/17 42/965/18
f 40/965/16 44/966/20 46/963/22
f 37/207/13 39/210/15 38/209/14
f 42/205/18 56/200/8 59/199/11
f 53/203/5 38/209/14 40/208/16
f 35/967/11 33/968/9 36/969/12
f 31/214/7 34/213/10 32/212/8
f 28/969/4 30/970/6 29/967/5
f 25/212/1 27/216/3 26/214/2
f 36/211/12 23/971/23 24/972/24
f 22/973/22 26/214/2 28/215/4
f 19/225/19 21/228/21 20/227/20
f 24/223/24 17/218/17 18/217/18
f 16/220/16 20/227/20 22/226/22
f 13/219/13 15/222/15 14/221/14
f 18/972/18 32/212/8 35/211/11
f 29/215/5 14/974/14 16/973/16
f 11/975/11 9/976/9 12/977/12
f 7/232/7 10/231/10 8/230/8
f 4/977/4 6/978/6 5/975/5
f 1/230/1 3/234/3 2/232/2
f 12/229/12 2258/979/23 2257/980/24
f 2259/981/22 2/232/2 4/233/4
f 2262/243/19 2260/246/21 2261/245/20
f 2257/241/24 2264/236/17 2263/235/18
f 2265/238/16 2261/245/20 2259/244/22
f 2268/237/13 2266/240/15 2267/239/14
f 2263/980/18 8/230/8 11/229/11
f 5/233/5 2267/982/14 2265/981/16
f 2270/983/11 2272/984/9 2269/985/12
f 2274/232/7 2271/231/10 2273/230/8
f 2277/985/4 2275/986/6 2276/983/5
f 2280/230/1 2278/234/3 2279/232/2
f 2269/229/12 2282/979/23 2281/980/24
f 2283/981/22 2279/232/2 2277/233/4
f 2286/255/19 2284/258/21 2285/257/20
f 2281/253/24 2288/248/17 2287/247/18
f 2289/250/16 2285/257/20 2283/256/22
f 2292/249/13 2290/252/15 2291/251/14
f 2287/980/18 2273/230/8 2270/229/11
f 2276/233/5 2291/982/14 2289/981/16
f 2294/259/11 2296/266/9 2293/265/12
f 2298/262/7 2295/261/10 2297/260/8
f 2301/268/4 2299/264/6 2300/263/5
f 2304/267/1 2302/270/3 2303/269/2
f 2293/987/12 2306/988/23 2305/989/24
f 2307/990/22 2303/991/2 2301/992/4
f 2310/266/19 2308/269/21 2309/270/20
f 2305/265/24 2312/261/17 2311/259/18
f 2313/263/16 2309/270/20 2307/268/22
f 2316/260/13 2314/264/15 2315/262/14
f 2311/989/18 2297/993/8 2294/987/11
f 2300/992/5 2315/994/14 2313/990/16
f 2318/271/11 2320/278/9 2317/277/12
f 2322/274/7 2319/273/10 2321/272/8
f 2325/280/4 2323/276/6 2324/275/5
f 2328/279/1 2326/282/3 2327/281/2
f 2317/995/12 2330/996/23 2329/997/24
f 2331/998/22 2327/999/2 2325/1000/4
f 2334/278/19 2332/281/21 2333/282/20
f 2329/277/24 2336/273/17 2335/271/18
f 2337/275/16 2333/282/20 2331/280/22
f 2340/272/13 2338/276/15 2339/274/14
f 2335/997/18 2321/1001/8 2318/995/11
f 2324/1000/5 2339/1002/14 2337/998/16
f 2342/283/11 2344/290/9 2341/289/12
f 2346/286/7 2343/285/10 2345/284/8
f 2349/292/4 2347/288/6 2348/287/5
f 2352/291/1 2350/294/3 2351/293/2
f 2341/995/12 2354/996/23 2353/997/24
f 2355/998/22 2351/999/2 2349/1000/4
f 2358/290/19 2356/293/21 2357/294/20
f 2353/289/24 2360/285/17 2359/283/18
f 2361/287/16 2357/294/20 2355/292/22
f 2364/284/13 2362/288/15 2363/286/14
f 2359/997/18 2345/1001/8 2342/995/11
f 2348/1000/5 2363/1002/14 2361/998/16
f 2366/295/11 2368/302/9 2365/301/12
f 2370/298/7 2367/297/10 2369/296/8
f 2373/304/4 2371/300/6 2372/299/5
f 2376/303/1 2374/306/3 2375/305/2
f 2365/1003/12 2378/309/23 2377/307/24
f 2379/310/22 2375/1004/2 2373/1005/4
f 2382/308/19 2380/311/21 2381/312/20
f 2377/301/24 2384/297/17 2383/295/18
f 2385/299/16 2381/306/20 2379/304/22
f 2388/309/13 2386/312/15 2387/311/14
f 2383/307/18 2369/1006/8 2366/1003/11
f 2372/1005/5 2387/311/14 2385/310/16
f 2390/313/11 2392/320/9 2389/319/12
f 2394/316/7 2391/315/10 2393/314/8
f 2397/322/4 2395/318/6 2396/317/5
f 2400/321/1 2398/324/3 2399/323/2
f 2389/1007/12 2402/327/23 2401/325/24
f 2403/328/22 2399/1008/2 2397/1009/4
f 2406/326/19 2404/329/21 2405/330/20
f 2401/319/24 2408/315/17 2407/313/18
f 2409/317/16 2405/324/20 2403/322/22
f 2412/327/13 2410/330/15 2411/329/14
f 2407/325/18 2393/1010/8 2390/1007/11
f 2396/1009/5 2411/329/14 2409/328/16
f 2414/331/11 2416/338/9 2413/337/12
f 2418/334/7 2415/333/10 2417/332/8
f 2421/340/4 2419/336/6 2420/335/5
f 2424/339/1 2422/342/3 2423/341/2
f 2413/1007/12 2426/327/23 2425/325/24
f 2427/328/22 2423/1008/2 2421/1009/4
f 2430/326/19 2428/329/21 2429/330/20
f 2425/337/24 2432/333/17 2431/331/18
f 2433/335/16 2429/342/20 2427/340/22
f 2436/327/13 2434/330/15 2435/329/14
f 2431/325/18 2417/1010/8 2414/1007/11
f 2420/1009/5 2435/329/14 2433/328/16
f 2438/1011/11 2440/1012/9 2437/1013/12
f 2442/346/7 2439/345/10 2441/344/8
f 2445/1014/4 2443/1015/6 2444/1016/5
f 2448/344/1 2446/348/3 2447/346/2
f 2437/343/12 2450/351/23 2449/349/24
f 2451/352/22 2447/346/2 2445/347/4
f 2454/350/19 2452/353/21 2453/354/20
f 2449/1013/24 2456/1017/17 2455/1011/18
f 2457/1016/16 2453/1018/20 2451/1014/22
f 2460/351/13 2458/354/15 2459/353/14
f 2455/349/18 2441/344/8 2438/343/11
f 2444/347/5 2459/353/14 2457/352/16
f 2462/1019/11 2464/1020/9 2461/1021/12
f 2466/358/7 2463/357/10 2465/356/8
f 2469/1022/4 2467/1023/6 2468/1024/5
f 2472/356/1 2470/360/3 2471/358/2
f 2461/355/12 2474/363/23 2473/361/24
f 2475/364/22 2471/358/2 2469/359/4
f 2478/362/19 2476/365/21 2477/366/20
f 2473/1021/24 2480/1025/17 2479/1019/18
f 2481/1024/16 2477/1026/20 2475/1022/22
f 2484/363/13 2482/366/15 2483/365/14
f 2479/361/18 2465/356/8 2462/355/11
f 2468/359/5 2483/365/14 2481/364/16
f 2486/1027/11 2488/1028/9 2485/1029/12
f 2490/358/7 2487/357/10 2489/356/8
f 2493/1030/4 2491/1031/6 2492/1032/5
f 2496/356/1 2494/360/3 2495/358/2
f 2485/355/12 2498/363/23 2497/361/24
f 2499/364/22 2495/358/2 2493/359/4
f 2502/362/19 2500/365/21 2501/366/20
f 2497/1029/24 2504/1033/17 2503/1027/18
f 2505/1032/16 2501/1034/20 2499/1030/22
f 2508/363/13 2506/366/15 2507/365/14
f 2503/361/18 2489/356/8 2486/355/11
f 2492/359/5 2507/365/14 2505/364/16
f 2510/368/5 2512/1035/14 2509/1036/16
f 2514/1037/18 2516/371/8 2513/370/11
f 1442/1038/47 2518/1039/35 1437/1040/44
f 2520/1036/22 2522/367/2 2519/368/4
f 2524/370/12 2526/1041/23 2523/1037/24
f 1446/1038/50 2527/1039/34 2528/1042/33
f 1440/378/46 1437/375/44 1436/374/43
f 1443/39/48 1446/382/50 1445/381/49
f 2515/393/13 2530/396/15 2512/395/14
f 1448/50/51 2517/379/36 1443/39/48
f 2525/371/1 2533/369/3 2522/367/2
f 1445/381/49 2534/384/31 1452/386/54
f 1449/189/52 1452/386/54 1451/385/53
f 2509/394/16 2535/401/20 2520/400/22
f 1454/1043/55 2531/1044/32 1449/1045/52
f 2519/400/4 2537/396/6 2510/394/5
f 1451/1045/53 2538/1046/29 1458/1047/58
f 1455/388/56 1458/390/58 1457/389/57
f 2523/397/24 2529/392/17 2514/391/18
f 1460/1048/59 2536/1046/30 1455/1049/56
f 2511/367/7 2541/372/10 2516/371/8
f 1464/1048/62 2538/1046/29 2542/1050/27
f 1461/50/60 1464/385/62 1463/386/61
f 2539/399/19 2521/402/21 2535/401/20
f 1466/39/63 2540/383/28 1461/50/60
f 2513/391/11 2532/399/9 2524/397/12
f 1463/386/61 2544/380/25 1470/381/66
f 1467/184/64 1470/381/66 1469/382/65
f 1436/1051/43 2543/1052/26 1467/1053/64
f 1469/1053/65 2527/1039/34 1440/1054/46
f 2546/409/11 2548/417/9 2545/415/12
f 2550/406/7 2547/405/10 2549/404/8
f 2553/418/4 2551/414/6 2552/412/5
f 2556/404/1 2554/408/3 2555/406/2
f 2545/403/12 2558/1055/23 2557/1056/24
f 2559/1057/22 2555/406/2 2553/407/4
f 2562/417/19 2560/420/21 2561/419/20
f 2557/415/24 2564/410/17 2563/409/18
f 2565/412/16 2561/419/20 2559/418/22
f 2568/411/13 2566/414/15 2567/413/14
f 2563/1056/18 2549/404/8 2546/403/11
f 2552/407/5 2567/1058/14 2565/1057/16
f 2570/421/11 2572/429/9 2569/427/12
f 2574/406/7 2571/405/10 2573/404/8
f 2577/430/4 2575/426/6 2576/424/5
f 2580/404/1 2578/408/3 2579/406/2
f 2569/403/12 2582/1055/23 2581/1056/24
f 2583/1057/22 2579/406/2 2577/407/4
f 2586/429/19 2584/432/21 2585/431/20
f 2581/427/24 2588/422/17 2587/421/18
f 2589/424/16 2585/431/20 2583/430/22
f 2592/423/13 2590/426/15 2591/425/14
f 2587/1056/18 2573/404/8 2570/403/11
f 2576/407/5 2591/1058/14 2589/1057/16
f 2594/433/11 2596/440/9 2593/439/12
f 2598/436/7 2595/435/10 2597/434/8
f 2601/442/4 2599/438/6 2600/437/5
f 2604/441/1 2602/444/3 2603/443/2
f 2593/1059/12 2606/1060/23 2605/1061/24
f 2607/1062/22 2603/1063/2 2601/1064/4
f 2610/440/19 2608/443/21 2609/444/20
f 2605/439/24 2612/435/17 2611/433/18
f 2613/437/16 2609/444/20 2607/442/22
f 2616/434/13 2614/438/15 2615/436/14
f 2611/1061/18 2597/1065/8 2594/1059/11
f 2600/1064/5 2615/1066/14 2613/1062/16
f 2618/445/11 2620/452/9 2617/451/12
f 2622/448/7 2619/447/10 2621/446/8
f 2625/454/4 2623/450/6 2624/449/5
f 2628/453/1 2626/456/3 2627/455/2
f 2617/1067/12 2630/1068/23 2629/1069/24
f 2631/1070/22 2627/1071/2 2625/1072/4
f 2634/452/19 2632/455/21 2633/456/20
f 2629/451/24 2636/447/17 2635/445/18
f 2637/449/16 2633/456/20 2631/454/22
f 2640/446/13 2638/450/15 2639/448/14
f 2635/1069/18 2621/1073/8 2618/1067/11
f 2624/1072/5 2639/1074/14 2637/1070/16
f 2642/457/11 2644/464/9 2641/463/12
f 2646/460/7 2643/459/10 2645/458/8
f 2649/466/4 2647/462/6 2648/461/5
f 2652/465/1 2650/468/3 2651/467/2
f 2641/1067/12 2654/1068/23 2653/1069/24
f 2655/1070/22 2651/1071/2 2649/1072/4
f 2658/464/19 2656/467/21 2657/468/20
f 2653/463/24 2660/459/17 2659/457/18
f 2661/461/16 2657/468/20 2655/466/22
f 2664/458/13 2662/462/15 2663/460/14
f 2659/1069/18 2645/1073/8 2642/1067/11
f 2648/1072/5 2663/1074/14 2661/1070/16
f 2666/469/11 2668/476/9 2665/475/12
f 2670/472/7 2667/471/10 2669/470/8
f 2673/478/4 2671/474/6 2672/473/5
f 2676/477/1 2674/480/3 2675/479/2
f 2665/1075/12 2678/483/23 2677/481/24
f 2679/484/22 2675/1076/2 2673/1077/4
f 2682/482/19 2680/485/21 2681/486/20
f 2677/1078/24 2684/1079/17 2683/1080/18
f 2685/1080/16 2681/1081/20 2679/1078/22
f 2688/483/13 2686/486/15 2687/485/14
f 2683/481/18 2669/1082/8 2666/1075/11
f 2672/1077/5 2687/485/14 2685/484/16
f 2690/487/11 2692/494/9 2689/493/12
f 2694/490/7 2691/489/10 2693/488/8
f 2697/496/4 2695/492/6 2696/491/5
f 2700/495/1 2698/498/3 2699/497/2
f 2689/1083/12 2702/501/23 2701/499/24
f 2703/502/22 2699/1084/2 2697/1085/4
f 2706/500/19 2704/503/21 2705/504/20
f 2701/1086/24 2708/1087/17 2707/1088/18
f 2709/1088/16 2705/1089/20 2703/1086/22
f 2712/501/13 2710/504/15 2711/503/14
f 2707/499/18 2693/1090/8 2690/1083/11
f 2696/1085/5 2711/503/14 2709/502/16
f 2714/505/11 2716/512/9 2713/511/12
f 2718/508/7 2715/507/10 2717/506/8
f 2721/514/4 2719/510/6 2720/509/5
f 2724/513/1 2722/516/3 2723/515/2
f 2713/1083/12 2726/501/23 2725/499/24
f 2727/502/22 2723/1084/2 2721/1085/4
f 2730/500/19 2728/503/21 2729/504/20
f 2725/1091/24 2732/1092/17 2731/1093/18
f 2733/1093/16 2729/1094/20 2727/1091/22
f 2736/501/13 2734/504/15 2735/503/14
f 2731/499/18 2717/1090/8 2714/1083/11
f 2720/1085/5 2735/503/14 2733/502/16
f 2738/1095/11 2740/1096/9 2737/1097/12
f 2742/520/7 2739/519/10 2741/518/8
f 2745/1097/4 2743/1098/6 2744/1095/5
f 2748/518/1 2746/522/3 2747/520/2
f 2737/517/12 2750/525/23 2749/523/24
f 2751/526/22 2747/520/2 2745/521/4
f 2754/524/19 2752/527/21 2753/528/20
f 2749/1099/24 2756/1100/17 2755/1101/18
f 2757/1101/16 2753/1102/20 2751/1099/22
f 2760/525/13 2758/528/15 2759/527/14
f 2755/523/18 2741/518/8 2738/517/11
f 2744/521/5 2759/527/14 2757/526/16
f 2762/1103/11 2764/1104/9 2761/1105/12
f 2766/532/7 2763/531/10 2765/530/8
f 2769/1105/4 2767/1106/6 2768/1103/5
f 2772/530/1 2770/534/3 2771/532/2
f 2761/529/12 2774/537/23 2773/535/24
f 2775/538/22 2771/532/2 2769/533/4
f 2778/536/19 2776/539/21 2777/540/20
f 2773/1107/24 2780/1108/17 2779/1109/18
f 2781/1109/16 2777/1110/20 2775/1107/22
f 2784/537/13 2782/540/15 2783/539/14
f 2779/535/18 2765/530/8 2762/529/11
f 2768/533/5 2783/539/14 2781/538/16
f 2786/1111/11 2788/1112/9 2785/1113/12
f 2790/532/7 2787/531/10 2789/530/8
f 2793/1113/4 2791/1114/6 2792/1111/5
f 2796/530/1 2794/534/3 2795/532/2
f 2785/529/12 2798/537/23 2797/535/24
f 2799/538/22 2795/532/2 2793/533/4
f 2802/536/19 2800/539/21 2801/540/20
f 2797/1115/24 2804/1116/17 2803/1117/18
f 2805/1117/16 2801/1118/20 2799/1115/22
f 2808/537/13 2806/540/15 2807/539/14
f 2803/535/18 2789/530/8 2786/529/11
f 2792/533/5 2807/539/14 2805/538/16
f 2810/1119/11 2812/1120/9 2809/1121/12
f 2814/544/7 2811/543/10 2813/542/8
f 2817/1121/4 2815/1122/6 2816/1119/5
f 2820/542/1 2818/546/3 2819/544/2
f 2809/541/12 2822/549/23 2821/547/24
f 2823/550/22 2819/544/2 2817/545/4
f 2826/548/19 2824/551/21 2825/552/20
f 2821/1123/24 2828/1124/17 2827/1125/18
f 2829/1125/16 2825/1126/20 2823/1123/22
f 2832/549/13 2830/552/15 2831/551/14
f 2827/547/18 2813/542/8 2810/541/11
f 2816/545/5 2831/551/14 2829/550/16
f 2834/1127/11 2836/1128/9 2833/1129/12
f 2838/556/7 2835/555/10 2837/554/8
f 2841/1129/4 2839/1130/6 2840/1127/5
f 2844/554/1 2842/558/3 2843/556/2
f 2833/553/12 2846/561/23 2845/559/24
f 2847/562/22 2843/556/2 2841/557/4
f 2850/560/19 2848/563/21 2849/564/20
f 2845/1131/24 2852/1132/17 2851/1133/18
f 2853/1133/16 2849/1134/20 2847/1131/22
f 2856/561/13 2854/564/15 2855/563/14
f 2851/559/18 2837/554/8 2834/553/11
f 2840/557/5 2855/563/14 2853/562/16
f 2858/1135/11 2860/1136/9 2857/1137/12
f 2862/556/7 2859/555/10 2861/554/8
f 2865/1137/4 2863/1138/6 2864/1135/5
f 2868/554/1 2866/558/3 2867/556/2
f 2857/553/12 2870/561/23 2869/559/24
f 2871/562/22 2867/556/2 2865/557/4
f 2874/560/19 2872/563/21 2873/564/20
f 2869/1139/24 2876/1140/17 2875/1141/18
f 2877/1141/16 2873/1142/20 2871/1139/22
f 2880/561/13 2878/564/15 2879/563/14
f 2875/559/18 2861/554/8 2858/553/11
f 2864/557/5 2879/563/14 2877/562/16
f 2882/566/5 2884/589/14 2881/588/16
f 2886/585/18 2888/569/8 2885/568/11
f 1838/1143/47 2890/1144/35 1833/1145/44
f 2892/588/22 2894/565/2 2891/566/4
f 2896/568/12 2898/587/23 2895/585/24
f 1842/1143/50 2899/1144/34 2900/1146/33
f 1836/576/46 1833/573/44 1832/572/43
f 1839/39/48 1842/580/50 1841/579/49
f 2887/587/13 2902/590/15 2884/589/14
f 1844/1147/51 2889/1146/36 1839/1148/48
f 2897/569/1 2905/567/3 2894/565/2
f 1841/1148/49 2906/1149/31 1848/1147/54
f 1845/581/52 1848/584/54 1847/583/53
f 2881/1150/16 2907/1151/20 2892/1152/22
f 1845/1153/52 2908/1154/30 2903/1149/32
f 2891/1155/4 2909/1156/6 2882/1157/5
f 1847/1153/53 2910/1154/29 1854/1158/58
f 1851/572/56 1854/575/58 1853/576/57
f 2895/1152/24 2901/1159/17 2886/1150/18
f 1856/1160/59 2908/1154/30 1851/1161/56
f 2883/565/7 2913/570/10 2888/569/8
f 1853/1161/57 2914/1162/27 1860/1160/62
f 1857/50/60 1860/583/62 1859/584/61
f 2911/586/19 2893/589/21 2907/590/20
f 1862/1163/63 2912/1162/28 1857/1164/60
f 2885/1157/11 2904/1165/9 2896/1155/12
f 1859/1164/61 2916/1166/25 1866/1163/66
f 1863/577/64 1866/579/66 1865/580/65
f 1832/1167/43 2915/1166/26 1863/1168/64
f 1865/1168/65 2899/1144/34 1836/1167/46
f 2918/1169/11 2920/1170/9 2917/1171/12
f 2922/594/7 2919/593/10 2921/592/8
f 2925/1171/4 2923/1172/6 2924/1169/5
f 2928/592/1 2926/596/3 2927/594/2
f 2917/591/12 2930/599/23 2929/597/24
f 2931/600/22 2927/594/2 2925/595/4
f 2934/598/19 2932/601/21 2933/602/20
f 2929/1173/24 2936/1174/17 2935/1175/18
f 2937/1175/16 2933/1176/20 2931/1173/22
f 2940/599/13 2938/602/15 2939/601/14
f 2935/597/18 2921/592/8 2918/591/11
f 2924/595/5 2939/601/14 2937/600/16
f 2942/1177/11 2944/1178/9 2941/1179/12
f 2946/594/7 2943/593/10 2945/592/8
f 2949/1179/4 2947/1180/6 2948/1177/5
f 2952/592/1 2950/596/3 2951/594/2
f 2941/591/12 2954/599/23 2953/597/24
f 2955/600/22 2951/594/2 2949/595/4
f 2958/598/19 2956/601/21 2957/602/20
f 2953/1181/24 2960/1182/17 2959/1183/18
f 2961/1183/16 2957/1184/20 2955/1181/22
f 2964/599/13 2962/602/15 2963/601/14
f 2959/597/18 2945/592/8 2942/591/11
f 2948/595/5 2963/601/14 2961/600/16
f 2966/1185/11 2968/1186/9 2965/1187/12
f 2970/606/7 2967/605/10 2969/604/8
f 2973/1187/4 2971/1188/6 2972/1185/5
f 2976/604/1 2974/608/3 2975/606/2
f 2965/603/12 2978/611/23 2977/609/24
f 2979/612/22 2975/606/2 2973/607/4
f 2982/610/19 2980/613/21 2981/614/20
f 2977/1189/24 2984/1190/17 2983/1191/18
f 2985/1191/16 2981/1192/20 2979/1189/22
f 2988/611/13 2986/614/15 2987/613/14
f 2983/609/18 2969/604/8 2966/603/11
f 2972/607/5 2987/613/14 2985/612/16
f 2990/1193/11 2992/1194/9 2989/1195/12
f 2994/618/7 2991/617/10 2993/616/8
f 2997/1195/4 2995/1196/6 2996/1193/5
f 3000/616/1 2998/620/3 2999/618/2
f 2989/615/12 3002/623/23 3001/621/24
f 3003/624/22 2999/618/2 2997/619/4
f 3006/622/19 3004/625/21 3005/626/20
f 3001/1197/24 3008/1198/17 3007/1199/18
f 3009/1199/16 3005/1200/20 3003/1197/22
f 3012/623/13 3010/626/15 3011/625/14
f 3007/621/18 2993/616/8 2990/615/11
f 2996/619/5 3011/625/14 3009/624/16
f 3014/1201/11 3016/1202/9 3013/1203/12
f 3018/618/7 3015/617/10 3017/616/8
f 3021/1203/4 3019/1204/6 3020/1201/5
f 3024/616/1 3022/620/3 3023/618/2
f 3013/615/12 3026/623/23 3025/621/24
f 3027/624/22 3023/618/2 3021/619/4
f 3030/622/19 3028/625/21 3029/626/20
f 3025/1205/24 3032/1206/17 3031/1207/18
f 3033/1207/16 3029/1208/20 3027/1205/22
f 3036/623/13 3034/626/15 3035/625/14
f 3031/621/18 3017/616/8 3014/615/11
f 3020/619/5 3035/625/14 3033/624/16
f 3038/627/11 3040/634/9 3037/633/12
f 3042/630/7 3039/1209/10 3041/1210/8
f 3045/633/4 3043/629/6 3044/627/5
f 3048/1210/1 3046/632/3 3047/630/2
f 3037/633/12 3050/643/23 3049/642/24
f 3051/639/22 3047/630/2 3045/631/4
f 3054/1211/19 3052/640/21 3053/641/20
f 3049/642/24 3056/637/17 3055/636/18
f 3057/636/16 3053/644/20 3051/642/22
f 3060/1212/13 3058/641/15 3059/640/14
f 3055/636/18 3041/628/8 3038/627/11
f 3044/631/5 3059/640/14 3057/639/16
f 3062/1213/11 3064/1214/9 3061/1215/12
f 3066/648/7 3063/647/10 3065/646/8
f 3069/1215/4 3067/1216/6 3068/1213/5
f 3072/646/1 3070/650/3 3071/648/2
f 3061/645/12 3074/653/23 3073/651/24
f 3075/654/22 3071/648/2 3069/649/4
f 3078/652/19 3076/655/21 3077/656/20
f 3073/1217/24 3080/1218/17 3079/1219/18
f 3081/1219/16 3077/1220/20 3075/1217/22
f 3084/653/13 3082/656/15 3083/655/14
f 3079/651/18 3065/646/8 3062/645/11
f 3068/649/5 3083/655/14 3081/654/16
f 3086/1221/11 3088/1222/9 3085/1223/12
f 3090/648/7 3087/647/10 3089/646/8
f 3093/1223/4 3091/1224/6 3092/1221/5
f 3096/646/1 3094/650/3 3095/648/2
f 3085/645/12 3098/653/23 3097/651/24
f 3099/654/22 3095/648/2 3093/649/4
f 3102/652/19 3100/655/21 3101/656/20
f 3097/1225/24 3104/1226/17 3103/1227/18
f 3105/1227/16 3101/1228/20 3099/1225/22
f 3108/653/13 3106/656/15 3107/655/14
f 3103/651/18 3089/646/8 3086/645/11
f 3092/649/5 3107/655/14 3105/654/16
f 3110/657/11 3112/661/9 3109/660/12
f 3114/1229/7 3111/1230/10 3113/1231/8
f 3117/660/4 3115/659/6 3116/657/5
f 3120/1231/1 3118/1232/3 3119/1229/2
f 3109/660/12 3122/667/23 3121/666/24
f 3123/666/22 3119/662/2 3117/660/4
f 3126/1233/19 3124/1234/21 3125/1235/20
f 3121/666/24 3128/664/17 3127/663/18
f 3129/663/16 3125/668/20 3123/666/22
f 3132/1236/13 3130/1235/15 3131/1234/14
f 3127/663/18 3113/658/8 3110/657/11
f 3116/657/5 3131/665/14 3129/663/16
f 3134/669/11 3136/676/9 3133/675/12
f 3138/672/7 3135/1237/10 3137/1238/8
f 3141/675/4 3139/671/6 3140/669/5
f 3144/1238/1 3142/674/3 3143/672/2
f 3133/675/12 3146/685/23 3145/684/24
f 3147/681/22 3143/672/2 3141/673/4
f 3150/1239/19 3148/682/21 3149/683/20
f 3145/684/24 3152/679/17 3151/678/18
f 3153/678/16 3149/686/20 3147/684/22
f 3156/1240/13 3154/683/15 3155/682/14
f 3151/678/18 3137/670/8 3134/669/11
f 3140/673/5 3155/682/14 3153/681/16
f 3158/687/11 3160/691/9 3157/690/12
f 3162/672/7 3159/1237/10 3161/1238/8
f 3165/690/4 3163/689/6 3164/687/5
f 3168/1238/1 3166/674/3 3167/672/2
f 3157/690/12 3170/697/23 3169/696/24
f 3171/681/22 3167/672/2 3165/673/4
f 3174/1239/19 3172/682/21 3173/683/20
f 3169/696/24 3176/694/17 3175/693/18
f 3177/693/16 3173/698/20 3171/696/22
f 3180/1240/13 3178/683/15 3179/682/14
f 3175/693/18 3161/688/8 3158/687/11
f 3164/673/5 3179/682/14 3177/681/16
f 3182/699/11 3184/703/9 3181/702/12
f 3186/1241/7 3183/1242/10 3185/1243/8
f 3189/702/4 3187/701/6 3188/699/5
f 3192/1243/1 3190/1244/3 3191/1241/2
f 3181/702/12 3194/709/23 3193/708/24
f 3195/708/22 3191/704/2 3189/702/4
f 3198/1245/19 3196/1246/21 3197/1247/20
f 3193/708/24 3200/706/17 3199/705/18
f 3201/705/16 3197/710/20 3195/708/22
f 3204/1248/13 3202/1247/15 3203/1246/14
f 3199/705/18 3185/700/8 3182/699/11
f 3188/699/5 3203/707/14 3201/705/16
f 3206/711/11 3208/718/9 3205/717/12
f 3210/714/7 3207/1249/10 3209/1250/8
f 3213/717/4 3211/713/6 3212/711/5
f 3216/1250/1 3214/716/3 3215/714/2
f 3205/717/12 3218/727/23 3217/726/24
f 3219/723/22 3215/714/2 3213/715/4
f 3222/1251/19 3220/724/21 3221/725/20
f 3217/726/24 3224/721/17 3223/720/18
f 3225/720/16 3221/728/20 3219/726/22
f 3228/1252/13 3226/725/15 3227/724/14
f 3223/720/18 3209/712/8 3206/711/11
f 3212/715/5 3227/724/14 3225/723/16
f 3230/729/11 3232/733/9 3229/732/12
f 3234/714/7 3231/1249/10 3233/1250/8
f 3237/732/4 3235/731/6 3236/729/5
f 3240/1250/1 3238/716/3 3239/714/2
f 3229/732/12 3242/739/23 3241/738/24
f 3243/723/22 3239/714/2 3237/715/4
f 3246/1251/19 3244/724/21 3245/725/20
f 3241/738/24 3248/736/17 3247/735/18
f 3249/735/16 3245/740/20 3243/738/22
f 3252/1252/13 3250/725/15 3251/724/14
f 3247/735/18 3233/730/8 3230/729/11
f 3236/715/5 3251/724/14 3249/723/16
f 2223/1253/44 3253/1254/36 3254/1255/35
f 2225/1256/45 3256/1254/33 2232/1257/50
f 2226/746/46 2223/743/44 2222/742/43
f 2229/39/48 2232/749/50 2231/748/49
f 2234/1258/51 3253/1254/36 2229/1259/48
f 2231/1259/49 3258/1260/31 2238/1258/54
f 2235/45/52 2238/752/54 2237/751/53
f 2240/1261/55 3257/1260/32 2235/1262/52
f 2244/1263/58 3258/1260/31 3260/1264/29
f 2241/742/56 2244/745/58 2243/746/57
f 2241/1265/56 3261/1266/28 3259/1264/30
f 2243/1267/57 3262/1266/27 2250/1268/62
f 2247/50/60 2250/753/62 2249/752/61
f 2252/1269/63 3261/1266/28 2247/1270/60
f 2249/1270/61 3264/1271/25 2256/1269/66
f 2253/54/64 2256/748/66 2255/754/65
f 2222/1272/43 3263/1271/26 2253/1273/64
f 2255/1274/65 3255/1255/34 2226/1275/46
f 583/759/38 554/755/38 571/757/38
f 570/1276/39 572/1277/39 567/1278/39
f 581/15/37 553/18/37 579/6/37
f 574/757/40 580/761/40 586/759/40
f 575/11/41 584/6/41 573/18/41
f 587/1279/42 578/1278/42 585/1277/42
f 607/767/38 589/763/38 595/765/38
f 594/1280/39 596/1281/39 591/1282/39
f 605/23/37 590/9/37 603/21/37
f 598/765/40 604/769/40 610/767/40
f 599/1/41 608/21/41 597/9/41
f 611/1283/42 602/1282/42 609/1281/42
f 631/775/38 613/771/38 619/773/38
f 618/1284/39 620/1285/39 615/1286/39
f 629/23/37 614/9/37 627/21/37
f 622/773/40 628/777/40 634/775/40
f 623/1/41 632/21/41 621/9/41
f 635/1287/42 626/1286/42 633/1285/42
f 689/61/37 641/29/37 687/59/37
f 639/1288/39 680/1289/39 642/1290/39
f 682/794/40 688/789/40 694/791/40
f 691/791/38 640/796/38 679/794/38
f 649/780/38 661/798/38 673/808/38
f 647/35/45 650/1291/47 645/33/44
f 677/1292/65 644/32/43 675/1293/64
f 646/781/40 670/801/40 658/787/40
f 653/41/49 656/44/51 651/39/48
f 659/1294/53 662/33/55 657/1291/52
f 665/36/57 668/1293/59 663/32/56
f 671/51/61 674/53/63 669/50/60
f 683/25/41 692/59/41 681/29/41
f 695/1295/42 686/1290/42 693/1289/42
f 715/817/38 697/813/38 703/815/38
f 702/1296/39 704/1297/39 699/1298/39
f 713/73/37 698/64/37 711/71/37
f 706/815/40 712/819/40 718/817/40
f 707/66/41 716/71/41 705/64/41
f 719/1299/42 710/1298/42 717/1297/42
f 739/825/38 721/821/38 727/823/38
f 726/1300/39 728/1301/39 723/1302/39
f 737/73/37 722/64/37 735/71/37
f 730/823/40 736/827/40 742/825/40
f 731/66/41 740/71/41 729/64/41
f 743/1303/42 734/1302/42 741/1301/42
f 763/833/38 745/829/38 751/831/38
f 750/1304/39 752/1305/39 747/1306/39
f 761/85/37 746/76/37 759/83/37
f 754/831/40 760/835/40 766/833/40
f 755/78/41 764/83/41 753/76/41
f 767/1307/42 758/1306/42 765/1305/42
f 787/841/38 769/837/38 775/839/38
f 774/1308/39 776/1309/39 771/1310/39
f 785/97/37 770/88/37 783/95/37
f 778/839/40 784/843/40 790/841/40
f 779/90/41 788/95/41 777/88/41
f 791/1311/42 782/1310/42 789/1309/42
f 811/849/38 793/845/38 799/847/38
f 798/1312/39 800/1313/39 795/1314/39
f 809/97/37 794/88/37 807/95/37
f 802/847/40 808/851/40 814/849/40
f 803/90/41 812/95/41 801/88/41
f 815/1315/42 806/1314/42 813/1313/42
f 835/857/38 817/853/38 823/855/38
f 822/1316/39 824/1317/39 819/1318/39
f 833/109/37 818/100/37 831/107/37
f 826/855/40 832/859/40 838/857/40
f 827/102/41 836/107/41 825/100/41
f 839/1319/42 830/1318/42 837/1317/42
f 859/865/38 841/861/38 847/863/38
f 846/1320/39 848/1321/39 843/1322/39
f 857/121/37 842/112/37 855/119/37
f 850/863/40 856/867/40 862/865/40
f 851/114/41 860/119/41 849/112/41
f 863/1323/42 854/1322/42 861/1321/42
f 883/873/38 865/869/38 871/871/38
f 870/1324/39 872/1325/39 867/1326/39
f 881/121/37 866/112/37 879/119/37
f 874/871/40 880/875/40 886/873/40
f 875/114/41 884/119/41 873/112/41
f 887/1327/42 878/1326/42 885/1325/42
f 907/881/38 889/877/38 895/879/38
f 894/1328/39 896/1329/39 891/1330/39
f 905/133/37 890/124/37 903/131/37
f 898/879/40 904/883/40 910/881/40
f 899/126/41 908/131/41 897/124/41
f 911/1331/42 902/1330/42 909/1329/42
f 931/889/38 913/885/38 919/887/38
f 918/1332/39 920/1333/39 915/1334/39
f 929/145/37 914/136/37 927/143/37
f 922/887/40 928/891/40 934/889/40
f 923/138/41 932/143/41 921/136/41
f 935/1335/42 926/1334/42 933/1333/42
f 955/897/38 937/893/38 943/895/38
f 942/1336/39 944/1337/39 939/1338/39
f 953/145/37 938/136/37 951/143/37
f 946/895/40 952/899/40 958/897/40
f 947/138/41 956/143/41 945/136/41
f 959/1339/42 950/1338/42 957/1337/42
f 979/905/38 961/901/38 967/903/38
f 966/1340/39 968/1341/39 963/1342/39
f 977/157/37 962/148/37 975/155/37
f 970/903/40 976/907/40 982/905/40
f 971/150/41 980/155/41 969/148/41
f 983/1343/42 974/1342/42 981/1341/42
f 1003/913/38 985/909/38 991/911/38
f 990/1344/39 992/1345/39 987/1346/39
f 1001/169/37 986/160/37 999/167/37
f 994/911/40 1000/915/40 1006/913/40
f 995/162/41 1004/167/41 993/160/41
f 1007/1347/42 998/1346/42 1005/1345/42
f 1027/921/38 1009/917/38 1015/919/38
f 1014/1348/39 1016/1349/39 1011/1350/39
f 1025/169/37 1010/160/37 1023/167/37
f 1018/919/40 1024/923/40 1030/921/40
f 1019/162/41 1028/167/41 1017/160/41
f 1031/1351/42 1022/1350/42 1029/1349/42
f 1085/197/37 1037/175/37 1083/195/37
f 1035/1352/39 1076/1353/39 1038/1354/39
f 1078/937/40 1084/932/40 1090/934/40
f 1087/934/38 1036/939/38 1075/937/38
f 1045/928/38 1057/936/38 1069/948/38
f 1043/181/45 1046/1355/47 1041/179/44
f 1073/1356/65 1040/178/43 1071/1357/64
f 1042/926/40 1066/944/40 1054/931/40
f 1049/186/49 1052/50/51 1047/39/48
f 1055/1358/53 1058/179/55 1053/1355/52
f 1061/182/57 1064/1357/59 1059/178/56
f 1067/192/61 1070/39/63 1065/50/60
f 1079/171/41 1088/195/41 1077/175/41
f 1091/1359/42 1082/1354/42 1089/1353/42
f 1111/955/38 1093/951/38 1099/953/38
f 1098/1360/39 1100/1361/39 1095/1362/39
f 1109/209/37 1094/200/37 1107/207/37
f 1102/953/40 1108/957/40 1114/955/40
f 1103/202/41 1112/207/41 1101/200/41
f 1115/1363/42 1106/1362/42 1113/1361/42
f 1135/963/38 1117/959/38 1123/961/38
f 1122/1364/39 1124/1365/39 1119/1366/39
f 1133/209/37 1118/200/37 1131/207/37
f 1126/961/40 1132/965/40 1138/963/40
f 1127/202/41 1136/207/41 1125/200/41
f 1139/1367/42 1130/1366/42 1137/1365/42
f 1159/1368/38 1141/967/38 1147/969/38
f 1146/222/39 1148/225/39 1143/218/39
f 1157/974/37 1142/212/37 1155/971/37
f 1150/969/40 1156/1369/40 1162/1368/40
f 1151/214/41 1160/971/41 1149/212/41
f 1163/227/42 1154/218/42 1161/225/42
f 1183/1370/38 1165/975/38 1171/977/38
f 1170/240/39 1172/243/39 1167/236/39
f 1181/982/37 1166/230/37 1179/979/37
f 1174/977/40 1180/1371/40 1186/1370/40
f 1175/232/41 1184/979/41 1173/230/41
f 1187/245/42 1178/236/42 1185/243/42
f 1207/1372/38 1189/983/38 1195/985/38
f 1194/252/39 1196/255/39 1191/248/39
f 1205/982/37 1190/230/37 1203/979/37
f 1198/985/40 1204/1373/40 1210/1372/40
f 1199/232/41 1208/979/41 1197/230/41
f 1211/257/42 1202/248/42 1209/255/42
f 1231/1374/38 1213/1375/38 1219/1376/38
f 1218/264/39 1220/266/39 1215/261/39
f 1229/994/37 1214/993/37 1227/988/37
f 1222/1376/40 1228/1377/40 1234/1374/40
f 1223/991/41 1232/988/41 1221/993/41
f 1235/270/42 1226/261/42 1233/266/42
f 1255/1378/38 1237/1379/38 1243/1380/38
f 1242/276/39 1244/278/39 1239/273/39
f 1253/1002/37 1238/1001/37 1251/996/37
f 1246/1380/40 1252/1381/40 1258/1378/40
f 1247/999/41 1256/996/41 1245/1001/41
f 1259/282/42 1250/273/42 1257/278/42
f 1279/1382/38 1261/1383/38 1267/1384/38
f 1266/288/39 1268/290/39 1263/285/39
f 1277/1002/37 1262/1001/37 1275/996/37
f 1270/1384/40 1276/1385/40 1282/1382/40
f 1271/999/41 1280/996/41 1269/1001/41
f 1283/294/42 1274/285/42 1281/290/42
f 1303/1386/38 1285/1387/38 1291/1388/38
f 1290/300/39 1292/302/39 1287/297/39
f 1301/311/37 1286/1006/37 1299/309/37
f 1294/1388/40 1300/1389/40 1306/1386/40
f 1295/1004/41 1304/309/41 1293/1006/41
f 1307/306/42 1298/297/42 1305/302/42
f 1327/1390/38 1309/1391/38 1315/1392/38
f 1314/318/39 1316/320/39 1311/315/39
f 1325/329/37 1310/1010/37 1323/327/37
f 1318/1392/40 1324/1393/40 1330/1390/40
f 1319/1008/41 1328/327/41 1317/1010/41
f 1331/324/42 1322/315/42 1329/320/42
f 1351/1394/38 1333/1395/38 1339/1396/38
f 1338/336/39 1340/338/39 1335/333/39
f 1349/329/37 1334/1010/37 1347/327/37
f 1342/1396/40 1348/1397/40 1354/1394/40
f 1343/1008/41 1352/327/41 1341/1010/41
f 1355/342/42 1346/333/42 1353/338/42
f 1375/1398/38 1357/1399/38 1363/1400/38
f 1362/1015/39 1364/1012/39 1359/1017/39
f 1373/353/37 1358/344/37 1371/351/37
f 1366/1400/40 1372/1401/40 1378/1398/40
f 1367/346/41 1376/351/41 1365/344/41
f 1379/1018/42 1370/1017/42 1377/1012/42
f 1399/1402/38 1381/1403/38 1387/1404/38
f 1386/1023/39 1388/1020/39 1383/1025/39
f 1397/365/37 1382/356/37 1395/363/37
f 1390/1404/40 1396/1405/40 1402/1402/40
f 1391/358/41 1400/363/41 1389/356/41
f 1403/1026/42 1394/1025/42 1401/1020/42
f 1423/1406/38 1405/1407/38 1411/1408/38
f 1410/1031/39 1412/1028/39 1407/1033/39
f 1421/365/37 1406/356/37 1419/363/37
f 1414/1408/40 1420/1409/40 1426/1406/40
f 1415/358/41 1424/363/41 1413/356/41
f 1427/1034/42 1418/1033/42 1425/1028/42
f 1481/1035/37 1433/371/37 1479/1041/37
f 1431/396/39 1472/399/39 1434/392/39
f 1474/1410/40 1480/1411/40 1486/1412/40
f 1483/1412/38 1432/1413/38 1471/1410/38
f 1441/1042/38 1453/1046/38 1465/1052/38
f 1439/377/45 1442/1414/47 1437/375/44
f 1469/1415/65 1436/374/43 1467/1416/64
f 1438/1039/40 1462/1050/40 1450/1044/40
f 1445/381/49 1448/50/51 1443/39/48
f 1451/1417/53 1454/387/55 1449/1414/52
f 1457/389/57 1460/1416/59 1455/388/56
f 1463/386/61 1466/39/63 1461/50/60
f 1475/367/41 1484/1041/41 1473/371/41
f 1487/401/42 1478/392/42 1485/399/42
f 1507/1418/38 1489/1419/38 1495/1420/38
f 1494/414/39 1496/417/39 1491/410/39
f 1505/1058/37 1490/404/37 1503/1055/37
f 1498/1420/40 1504/1421/40 1510/1418/40
f 1499/406/41 1508/1055/41 1497/404/41
f 1511/419/42 1502/410/42 1509/417/42
f 1531/1422/38 1513/1423/38 1519/1424/38
f 1518/426/39 1520/429/39 1515/422/39
f 1529/1058/37 1514/404/37 1527/1055/37
f 1522/1424/40 1528/1425/40 1534/1422/40
f 1523/406/41 1532/1055/41 1521/404/41
f 1535/431/42 1526/422/42 1533/429/42
f 1555/1426/38 1537/1427/38 1543/1428/38
f 1542/438/39 1544/440/39 1539/435/39
f 1553/1066/37 1538/1065/37 1551/1060/37
f 1546/1428/40 1552/1429/40 1558/1426/40
f 1547/1063/41 1556/1060/41 1545/1065/41
f 1559/444/42 1550/435/42 1557/440/42
f 1579/1430/38 1561/1431/38 1567/1432/38
f 1566/450/39 1568/452/39 1563/447/39
f 1577/1074/37 1562/1073/37 1575/1068/37
f 1570/1432/40 1576/1433/40 1582/1430/40
f 1571/1071/41 1580/1068/41 1569/1073/41
f 1583/456/42 1574/447/42 1581/452/42
f 1603/1434/38 1585/1435/38 1591/1436/38
f 1590/462/39 1592/464/39 1587/459/39
f 1601/1074/37 1586/1073/37 1599/1068/37
f 1594/1436/40 1600/1437/40 1606/1434/40
f 1595/1071/41 1604/1068/41 1593/1073/41
f 1607/468/42 1598/459/42 1605/464/42
f 1627/1078/38 1609/1438/38 1615/1439/38
f 1614/474/39 1616/476/39 1611/471/39
f 1625/485/37 1610/1082/37 1623/483/37
f 1618/1439/40 1624/1080/40 1630/1078/40
f 1619/1076/41 1628/483/41 1617/1082/41
f 1631/480/42 1622/471/42 1629/476/42
f 1651/1086/38 1633/1440/38 1639/1441/38
f 1638/492/39 1640/494/39 1635/489/39
f 1649/503/37 1634/1090/37 1647/501/37
f 1642/1441/40 1648/1088/40 1654/1086/40
f 1643/1084/41 1652/501/41 1641/1090/41
f 1655/498/42 1646/489/42 1653/494/42
f 1675/1091/38 1657/1442/38 1663/1443/38
f 1662/510/39 1664/512/39 1659/507/39
f 1673/503/37 1658/1090/37 1671/501/37
f 1666/1443/40 1672/1093/40 1678/1091/40
f 1667/1084/41 1676/501/41 1665/1090/41
f 1679/516/42 1670/507/42 1677/512/42
f 1699/1099/38 1681/1095/38 1687/1097/38
f 1686/1444/39 1688/1445/39 1683/1446/39
f 1697/527/37 1682/518/37 1695/525/37
f 1690/1097/40 1696/1101/40 1702/1099/40
f 1691/520/41 1700/525/41 1689/518/41
f 1703/1447/42 1694/1446/42 1701/1445/42
f 1723/1107/38 1705/1103/38 1711/1105/38
f 1710/1448/39 1712/1449/39 1707/1450/39
f 1721/539/37 1706/530/37 1719/537/37
f 1714/1105/40 1720/1109/40 1726/1107/40
f 1715/532/41 1724/537/41 1713/530/41
f 1727/1451/42 1718/1450/42 1725/1449/42
f 1747/1115/38 1729/1111/38 1735/1113/38
f 1734/1452/39 1736/1453/39 1731/1454/39
f 1745/539/37 1730/530/37 1743/537/37
f 1738/1113/40 1744/1117/40 1750/1115/40
f 1739/532/41 1748/537/41 1737/530/41
f 1751/1455/42 1742/1454/42 1749/1453/42
f 1771/1123/38 1753/1119/38 1759/1121/38
f 1758/1456/39 1760/1457/39 1755/1458/39
f 1769/551/37 1754/542/37 1767/549/37
f 1762/1121/40 1768/1125/40 1774/1123/40
f 1763/544/41 1772/549/41 1761/542/41
f 1775/1459/42 1766/1458/42 1773/1457/42
f 1795/1131/38 1777/1127/38 1783/1129/38
f 1782/1460/39 1784/1461/39 1779/1462/39
f 1793/563/37 1778/554/37 1791/561/37
f 1786/1129/40 1792/1133/40 1798/1131/40
f 1787/556/41 1796/561/41 1785/554/41
f 1799/1463/42 1790/1462/42 1797/1461/42
f 1819/1139/38 1801/1135/38 1807/1137/38
f 1806/1464/39 1808/1465/39 1803/1466/39
f 1817/563/37 1802/554/37 1815/561/37
f 1810/1137/40 1816/1141/40 1822/1139/40
f 1811/556/41 1820/561/41 1809/554/41
f 1823/1467/42 1814/1466/42 1821/1465/42
f 1877/589/37 1829/569/37 1875/587/37
f 1827/1468/39 1868/1469/39 1830/1470/39
f 1870/1155/40 1876/1150/40 1882/1152/40
f 1879/1152/38 1828/1157/38 1867/1155/38
f 1837/1146/38 1849/1154/38 1861/1166/38
f 1835/575/45 1838/1471/47 1833/573/44
f 1865/1472/65 1832/572/43 1863/1473/64
f 1834/1144/40 1858/1162/40 1846/1149/40
f 1841/579/49 1844/50/51 1839/39/48
f 1847/1474/53 1850/573/55 1845/1471/52
f 1853/576/57 1856/1473/59 1851/572/56
f 1859/584/61 1862/39/63 1857/50/60
f 1871/565/41 1880/587/41 1869/569/41
f 1883/1475/42 1874/1470/42 1881/1469/42
f 1903/1173/38 1885/1169/38 1891/1171/38
f 1890/1476/39 1892/1477/39 1887/1478/39
f 1901/601/37 1886/592/37 1899/599/37
f 1894/1171/40 1900/1175/40 1906/1173/40
f 1895/594/41 1904/599/41 1893/592/41
f 1907/1479/42 1898/1478/42 1905/1477/42
f 1927/1181/38 1909/1177/38 1915/1179/38
f 1914/1480/39 1916/1481/39 1911/1482/39
f 1925/601/37 1910/592/37 1923/599/37
f 1918/1179/40 1924/1183/40 1930/1181/40
f 1919/594/41 1928/599/41 1917/592/41
f 1931/1483/42 1922/1482/42 1929/1481/42
f 1951/1189/38 1933/1185/38 1939/1187/38
f 1938/1484/39 1940/1485/39 1935/1486/39
f 1949/613/37 1934/604/37 1947/611/37
f 1942/1187/40 1948/1191/40 1954/1189/40
f 1943/606/41 1952/611/41 1941/604/41
f 1955/1487/42 1946/1486/42 1953/1485/42
f 1975/1197/38 1957/1193/38 1963/1195/38
f 1962/1488/39 1964/1489/39 1959/1490/39
f 1973/625/37 1958/616/37 1971/623/37
f 1966/1195/40 1972/1199/40 1978/1197/40
f 1967/618/41 1976/623/41 1965/616/41
f 1979/1491/42 1970/1490/42 1977/1489/42
f 1999/1205/38 1981/1201/38 1987/1203/38
f 1986/1492/39 1988/1493/39 1983/1494/39
f 1997/625/37 1982/616/37 1995/623/37
f 1990/1203/40 1996/1207/40 2002/1205/40
f 1991/618/41 2000/623/41 1989/616/41
f 2003/1495/42 1994/1494/42 2001/1493/42
f 2023/642/38 2005/627/38 2011/633/38
f 2010/1496/39 2012/1497/39 2007/1498/39
f 2021/640/37 2006/1210/37 2019/1212/37
f 2014/633/40 2020/636/40 2026/642/40
f 2015/630/41 2024/1212/41 2013/1210/41
f 2027/1499/42 2018/1498/42 2025/1497/42
f 2047/1217/38 2029/1213/38 2035/1215/38
f 2034/1500/39 2036/1501/39 2031/1502/39
f 2045/655/37 2030/646/37 2043/653/37
f 2038/1215/40 2044/1219/40 2050/1217/40
f 2039/648/41 2048/653/41 2037/646/41
f 2051/1503/42 2042/1502/42 2049/1501/42
f 2071/1225/38 2053/1221/38 2059/1223/38
f 2058/1504/39 2060/1505/39 2055/1506/39
f 2069/655/37 2054/646/37 2067/653/37
f 2062/1223/40 2068/1227/40 2074/1225/40
f 2063/648/41 2072/653/41 2061/646/41
f 2075/1507/42 2066/1506/42 2073/1505/42
f 2095/666/38 2077/657/38 2083/660/38
f 2082/1508/39 2084/1509/39 2079/1510/39
f 2093/1234/37 2078/1231/37 2091/1236/37
f 2086/660/40 2092/663/40 2098/666/40
f 2087/1229/41 2096/1236/41 2085/1231/41
f 2099/1511/42 2090/1510/42 2097/1509/42
f 2119/684/38 2101/669/38 2107/675/38
f 2106/1512/39 2108/1513/39 2103/1514/39
f 2117/682/37 2102/1238/37 2115/1240/37
f 2110/675/40 2116/678/40 2122/684/40
f 2111/672/41 2120/1240/41 2109/1238/41
f 2123/1515/42 2114/1514/42 2121/1513/42
f 2143/696/38 2125/687/38 2131/690/38
f 2130/1516/39 2132/1517/39 2127/1518/39
f 2141/682/37 2126/1238/37 2139/1240/37
f 2134/690/40 2140/693/40 2146/696/40
f 2135/672/41 2144/1240/41 2133/1238/41
f 2147/1519/42 2138/1518/42 2145/1517/42
f 2167/708/38 2149/699/38 2155/702/38
f 2154/1520/39 2156/1521/39 2151/1522/39
f 2165/1246/37 2150/1243/37 2163/1248/37
f 2158/702/40 2164/705/40 2170/708/40
f 2159/1241/41 2168/1248/41 2157/1243/41
f 2171/1523/42 2162/1522/42 2169/1521/42
f 2191/726/38 2173/711/38 2179/717/38
f 2178/1524/39 2180/1525/39 2175/1526/39
f 2189/724/37 2174/1250/37 2187/1252/37
f 2182/717/40 2188/720/40 2194/726/40
f 2183/714/41 2192/1252/41 2181/1250/41
f 2195/1527/42 2186/1526/42 2193/1525/42
f 2215/738/38 2197/729/38 2203/732/38
f 2202/1528/39 2204/1529/39 2199/1530/39
f 2213/724/37 2198/1250/37 2211/1252/37
f 2206/732/40 2212/735/40 2218/738/40
f 2207/714/41 2216/1252/41 2205/1250/41
f 2219/1531/42 2210/1530/42 2217/1529/42
f 2227/1254/38 2239/1264/38 2251/1271/38
f 2225/745/45 2228/1532/47 2223/743/44
f 2255/1533/65 2222/742/43 2253/1534/64
f 2224/1255/40 2248/1266/40 2236/1260/40
f 2231/748/49 2234/50/51 2229/39/48
f 2237/1535/53 2240/743/55 2235/1532/52
f 2243/746/57 2246/1534/59 2241/742/56
f 2249/752/61 2252/39/63 2247/50/60
f 565/755/11 564/758/10 563/756/9
f 561/11/7 560/12/6 564/17/10
f 558/757/4 557/756/3 560/758/6
f 555/18/1 563/17/9 557/12/3
f 566/16/12 555/18/1 551/6/23
f 550/13/22 549/15/21 556/11/2
f 547/5/19 551/6/23 549/15/21
f 552/759/24 547/762/19 545/760/17
f 544/761/16 543/760/15 548/762/20
f 541/6/13 545/5/17 543/14/15
f 546/4/18 541/6/13 562/18/8
f 559/10/5 561/11/7 542/15/14
f 539/763/11 538/766/10 537/764/9
f 535/1/7 534/3/6 538/8/10
f 532/765/4 531/764/3 534/766/6
f 529/9/1 537/8/9 531/3/3
f 540/7/12 529/9/1 527/21/23
f 526/22/22 525/23/21 530/1/2
f 523/20/19 527/21/23 525/23/21
f 528/767/24 523/770/19 521/768/17
f 520/769/16 519/768/15 524/770/20
f 517/21/13 521/20/17 519/24/15
f 522/19/18 517/21/13 536/9/8
f 533/2/5 535/1/7 518/23/14
f 515/771/11 514/774/10 513/772/9
f 511/1/7 510/3/6 514/8/10
f 508/773/4 507/772/3 510/774/6
f 505/9/1 513/8/9 507/3/3
f 516/7/12 505/9/1 503/21/23
f 502/22/22 501/23/21 506/1/2
f 499/20/19 503/21/23 501/23/21
f 504/775/24 499/778/19 497/776/17
f 496/777/16 495/776/15 500/778/20
f 493/21/13 497/20/17 495/24/15
f 498/19/18 493/21/13 512/9/8
f 509/2/5 511/1/7 494/23/14
f 491/26/5 490/25/7 489/61/14
f 487/57/18 486/59/13 485/29/8
f 645/779/44 650/1536/47 484/780/36
f 481/60/22 480/61/21 479/25/2
f 477/28/12 476/29/1 475/59/23
f 647/782/45 474/781/34 473/780/33
f 648/36/46 647/35/45 645/33/44
f 651/39/48 650/38/47 654/42/50
f 486/59/13 472/58/17 471/62/15
f 656/784/51 470/787/32 484/780/36
f 476/29/1 469/30/9 468/27/3
f 653/786/49 473/780/33 467/787/31
f 657/45/52 656/44/51 660/48/54
f 492/789/16 471/799/15 466/790/20
f 662/792/55 465/798/30 470/787/32
f 482/794/4 468/806/3 464/795/6
f 666/797/58 659/1537/53 467/787/31
f 663/32/56 662/33/55 666/35/58
f 478/791/24 462/790/19 472/799/17
f 663/800/56 668/1538/59 461/801/28
f 490/25/7 464/27/6 460/30/10
f 665/802/57 463/798/29 459/801/27
f 669/50/60 668/49/59 672/52/62
f 462/58/19 475/59/23 480/61/21
f 674/804/63 458/808/26 461/801/28
f 488/796/11 460/795/10 469/806/9
f 671/807/61 459/801/27 457/808/25
f 675/54/64 674/53/63 678/56/66
f 644/810/43 483/781/35 458/808/26
f 648/812/46 677/1539/65 457/808/25
f 455/813/11 454/816/10 453/814/9
f 451/66/7 450/68/6 454/65/10
f 448/815/4 447/814/3 450/816/6
f 445/64/1 453/65/9 447/68/3
f 456/63/12 445/64/1 443/71/23
f 442/72/22 441/73/21 446/66/2
f 439/70/19 443/71/23 441/73/21
f 444/817/24 439/820/19 437/818/17
f 436/819/16 435/818/15 440/820/20
f 433/71/13 437/70/17 435/74/15
f 438/69/18 433/71/13 452/64/8
f 449/67/5 451/66/7 434/73/14
f 431/821/11 430/824/10 429/822/9
f 427/66/7 426/68/6 430/65/10
f 424/823/4 423/822/3 426/824/6
f 421/64/1 429/65/9 423/68/3
f 432/63/12 421/64/1 419/71/23
f 418/72/22 417/73/21 422/66/2
f 415/70/19 419/71/23 417/73/21
f 420/825/24 415/828/19 413/826/17
f 412/827/16 411/826/15 416/828/20
f 409/71/13 413/70/17 411/74/15
f 414/69/18 409/71/13 428/64/8
f 425/67/5 427/66/7 410/73/14
f 407/829/11 406/832/10 405/830/9
f 403/78/7 402/80/6 406/77/10
f 400/831/4 399/830/3 402/832/6
f 397/76/1 405/77/9 399/80/3
f 408/75/12 397/76/1 395/83/23
f 394/84/22 393/85/21 398/78/2
f 391/82/19 395/83/23 393/85/21
f 396/833/24 391/836/19 389/834/17
f 388/835/16 387/834/15 392/836/20
f 385/83/13 389/82/17 387/86/15
f 390/81/18 385/83/13 404/76/8
f 401/79/5 403/78/7 386/85/14
f 383/837/11 382/840/10 381/838/9
f 379/90/7 378/92/6 382/89/10
f 376/839/4 375/838/3 378/840/6
f 373/88/1 381/89/9 375/92/3
f 384/87/12 373/88/1 371/95/23
f 370/96/22 369/97/21 374/90/2
f 367/94/19 371/95/23 369/97/21
f 372/841/24 367/844/19 365/842/17
f 364/843/16 363/842/15 368/844/20
f 361/95/13 365/94/17 363/98/15
f 366/93/18 361/95/13 380/88/8
f 377/91/5 379/90/7 362/97/14
f 359/845/11 358/848/10 357/846/9
f 355/90/7 354/92/6 358/89/10
f 352/847/4 351/846/3 354/848/6
f 349/88/1 357/89/9 351/92/3
f 360/87/12 349/88/1 347/95/23
f 346/96/22 345/97/21 350/90/2
f 343/94/19 347/95/23 345/97/21
f 348/849/24 343/852/19 341/850/17
f 340/851/16 339/850/15 344/852/20
f 337/95/13 341/94/17 339/98/15
f 342/93/18 337/95/13 356/88/8
f 353/91/5 355/90/7 338/97/14
f 335/853/11 334/856/10 333/854/9
f 331/102/7 330/104/6 334/101/10
f 328/855/4 327/854/3 330/856/6
f 325/100/1 333/101/9 327/104/3
f 336/99/12 325/100/1 323/107/23
f 322/108/22 321/109/21 326/102/2
f 319/106/19 323/107/23 321/109/21
f 324/857/24 319/860/19 317/858/17
f 316/859/16 315/858/15 320/860/20
f 313/107/13 317/106/17 315/110/15
f 318/105/18 313/107/13 332/100/8
f 329/103/5 331/102/7 314/109/14
f 311/861/11 310/864/10 309/862/9
f 307/114/7 306/116/6 310/113/10
f 304/863/4 303/862/3 306/864/6
f 301/112/1 309/113/9 303/116/3
f 312/111/12 301/112/1 299/119/23
f 298/120/22 297/121/21 302/114/2
f 295/118/19 299/119/23 297/121/21
f 300/865/24 295/868/19 293/866/17
f 292/867/16 291/866/15 296/868/20
f 289/119/13 293/118/17 291/122/15
f 294/117/18 289/119/13 308/112/8
f 305/115/5 307/114/7 290/121/14
f 287/869/11 286/872/10 285/870/9
f 283/114/7 282/116/6 286/113/10
f 280/871/4 279/870/3 282/872/6
f 277/112/1 285/113/9 279/116/3
f 288/111/12 277/112/1 275/119/23
f 274/120/22 273/121/21 278/114/2
f 271/118/19 275/119/23 273/121/21
f 276/873/24 271/876/19 269/874/17
f 268/875/16 267/874/15 272/876/20
f 265/119/13 269/118/17 267/122/15
f 270/117/18 265/119/13 284/112/8
f 281/115/5 283/114/7 266/121/14
f 263/877/11 262/880/10 261/878/9
f 259/126/7 258/128/6 262/125/10
f 256/879/4 255/878/3 258/880/6
f 253/124/1 261/125/9 255/128/3
f 264/123/12 253/124/1 251/131/23
f 250/132/22 249/133/21 254/126/2
f 247/130/19 251/131/23 249/133/21
f 252/881/24 247/884/19 245/882/17
f 244/883/16 243/882/15 248/884/20
f 241/131/13 245/130/17 243/134/15
f 246/129/18 241/131/13 260/124/8
f 257/127/5 259/126/7 242/133/14
f 239/885/11 238/888/10 237/886/9
f 235/138/7 234/140/6 238/137/10
f 232/887/4 231/886/3 234/888/6
f 229/136/1 237/137/9 231/140/3
f 240/135/12 229/136/1 227/143/23
f 226/144/22 225/145/21 230/138/2
f 223/142/19 227/143/23 225/145/21
f 228/889/24 223/892/19 221/890/17
f 220/891/16 219/890/15 224/892/20
f 217/143/13 221/142/17 219/146/15
f 222/141/18 217/143/13 236/136/8
f 233/139/5 235/138/7 218/145/14
f 215/893/11 214/896/10 213/894/9
f 211/138/7 210/140/6 214/137/10
f 208/895/4 207/894/3 210/896/6
f 205/136/1 213/137/9 207/140/3
f 216/135/12 205/136/1 203/143/23
f 202/144/22 201/145/21 206/138/2
f 199/142/19 203/143/23 201/145/21
f 204/897/24 199/900/19 197/898/17
f 196/899/16 195/898/15 200/900/20
f 193/143/13 197/142/17 195/146/15
f 198/141/18 193/143/13 212/136/8
f 209/139/5 211/138/7 194/145/14
f 191/901/11 190/904/10 189/902/9
f 187/150/7 186/152/6 190/149/10
f 184/903/4 183/902/3 186/904/6
f 181/148/1 189/149/9 183/152/3
f 192/147/12 181/148/1 179/155/23
f 178/156/22 177/157/21 182/150/2
f 175/154/19 179/155/23 177/157/21
f 180/905/24 175/908/19 173/906/17
f 172/907/16 171/906/15 176/908/20
f 169/155/13 173/154/17 171/158/15
f 174/153/18 169/155/13 188/148/8
f 185/151/5 187/150/7 170/157/14
f 167/909/11 166/912/10 165/910/9
f 163/162/7 162/164/6 166/161/10
f 160/911/4 159/910/3 162/912/6
f 157/160/1 165/161/9 159/164/3
f 168/159/12 157/160/1 155/167/23
f 154/168/22 153/169/21 158/162/2
f 151/166/19 155/167/23 153/169/21
f 156/913/24 151/916/19 149/914/17
f 148/915/16 147/914/15 152/916/20
f 145/167/13 149/166/17 147/170/15
f 150/165/18 145/167/13 164/160/8
f 161/163/5 163/162/7 146/169/14
f 143/917/11 142/920/10 141/918/9
f 139/162/7 138/164/6 142/161/10
f 136/919/4 135/918/3 138/920/6
f 133/160/1 141/161/9 135/164/3
f 144/159/12 133/160/1 131/167/23
f 130/168/22 129/169/21 134/162/2
f 127/166/19 131/167/23 129/169/21
f 132/921/24 127/924/19 125/922/17
f 124/923/16 123/922/15 128/924/20
f 121/167/13 125/166/17 123/170/15
f 126/165/18 121/167/13 140/160/8
f 137/163/5 139/162/7 122/169/14
f 119/172/5 118/171/7 117/197/14
f 115/193/18 114/195/13 113/175/8
f 1046/925/47 112/928/36 111/926/35
f 109/196/22 108/197/21 107/171/2
f 105/174/12 104/175/1 103/195/23
f 1050/925/50 1043/927/45 102/926/34
f 1044/182/46 1043/181/45 1041/179/44
f 1047/39/48 1046/184/47 1050/187/50
f 114/195/13 100/194/17 99/198/15
f 1052/929/51 98/931/32 112/928/36
f 104/175/1 97/176/9 96/173/3
f 1049/930/49 101/928/33 95/931/31
f 1053/189/52 1052/50/51 1056/192/54
f 120/932/16 99/941/15 94/933/20
f 1053/935/52 1058/940/55 93/936/30
f 110/937/4 96/947/3 92/938/6
f 1055/935/53 95/931/31 91/936/29
f 1059/178/56 1058/179/55 1062/181/58
f 106/934/24 90/933/19 100/941/17
f 1064/942/59 89/944/28 93/936/30
f 118/171/7 92/173/6 88/176/10
f 1068/942/62 1061/943/57 91/936/29
f 1065/50/60 1064/189/59 1068/191/62
f 90/194/19 103/195/23 108/197/21
f 1070/945/63 86/948/26 89/944/28
f 116/939/11 88/938/10 97/947/9
f 1067/946/61 87/944/27 85/948/25
f 1071/184/64 1070/39/63 1074/186/66
f 1071/949/64 1040/950/43 111/926/35
f 1073/949/65 85/948/25 102/926/34
f 83/951/11 82/954/10 81/952/9
f 79/202/7 78/204/6 82/201/10
f 76/953/4 75/952/3 78/954/6
f 73/200/1 81/201/9 75/204/3
f 84/199/12 73/200/1 71/207/23
f 70/208/22 69/209/21 74/202/2
f 67/206/19 71/207/23 69/209/21
f 72/955/24 67/958/19 65/956/17
f 64/957/16 63/956/15 68/958/20
f 61/207/13 65/206/17 63/210/15
f 66/205/18 61/207/13 80/200/8
f 77/203/5 79/202/7 62/209/14
f 59/959/11 58/962/10 57/960/9
f 55/202/7 54/204/6 58/201/10
f 52/961/4 51/960/3 54/962/6
f 49/200/1 57/201/9 51/204/3
f 60/199/12 49/200/1 47/207/23
f 46/208/22 45/209/21 50/202/2
f 43/206/19 47/207/23 45/209/21
f 48/963/24 43/966/19 41/964/17
f 40/965/16 39/964/15 44/966/20
f 37/207/13 41/206/17 39/210/15
f 42/205/18 37/207/13 56/200/8
f 53/203/5 55/202/7 38/209/14
f 35/967/11 34/970/10 33/968/9
f 31/214/7 30/216/6 34/213/10
f 28/969/4 27/968/3 30/970/6
f 25/212/1 33/213/9 27/216/3
f 36/211/12 25/212/1 23/971/23
f 22/973/22 21/974/21 26/214/2
f 19/225/19 23/224/23 21/228/21
f 24/223/24 19/225/19 17/218/17
f 16/220/16 15/222/15 20/227/20
f 13/219/13 17/218/17 15/222/15
f 18/972/18 13/971/13 32/212/8
f 29/215/5 31/214/7 14/974/14
f 11/975/11 10/978/10 9/976/9
f 7/232/7 6/234/6 10/231/10
f 4/977/4 3/976/3 6/978/6
f 1/230/1 9/231/9 3/234/3
f 12/229/12 1/230/1 2258/979/23
f 2259/981/22 2260/982/21 2/232/2
f 2262/243/19 2258/242/23 2260/246/21
f 2257/241/24 2262/243/19 2264/236/17
f 2265/238/16 2266/240/15 2261/245/20
f 2268/237/13 2264/236/17 2266/240/15
f 2263/980/18 2268/979/13 8/230/8
f 5/233/5 7/232/7 2267/982/14
f 2270/983/11 2271/986/10 2272/984/9
f 2274/232/7 2275/234/6 2271/231/10
f 2277/985/4 2278/984/3 2275/986/6
f 2280/230/1 2272/231/9 2278/234/3
f 2269/229/12 2280/230/1 2282/979/23
f 2283/981/22 2284/982/21 2279/232/2
f 2286/255/19 2282/254/23 2284/258/21
f 2281/253/24 2286/255/19 2288/248/17
f 2289/250/16 2290/252/15 2285/257/20
f 2292/249/13 2288/248/17 2290/252/15
f 2287/980/18 2292/979/13 2273/230/8
f 2276/233/5 2274/232/7 2291/982/14
f 2294/259/11 2295/261/10 2296/266/9
f 2298/262/7 2299/264/6 2295/261/10
f 2301/268/4 2302/270/3 2299/264/6
f 2304/267/1 2296/266/9 2302/270/3
f 2293/987/12 2304/993/1 2306/988/23
f 2307/990/22 2308/994/21 2303/991/2
f 2310/266/19 2306/267/23 2308/269/21
f 2305/265/24 2310/266/19 2312/261/17
f 2313/263/16 2314/264/15 2309/270/20
f 2316/260/13 2312/261/17 2314/264/15
f 2311/989/18 2316/988/13 2297/993/8
f 2300/992/5 2298/991/7 2315/994/14
f 2318/271/11 2319/273/10 2320/278/9
f 2322/274/7 2323/276/6 2319/273/10
f 2325/280/4 2326/282/3 2323/276/6
f 2328/279/1 2320/278/9 2326/282/3
f 2317/995/12 2328/1001/1 2330/996/23
f 2331/998/22 2332/1002/21 2327/999/2
f 2334/278/19 2330/279/23 2332/281/21
f 2329/277/24 2334/278/19 2336/273/17
f 2337/275/16 2338/276/15 2333/282/20
f 2340/272/13 2336/273/17 2338/276/15
f 2335/997/18 2340/996/13 2321/1001/8
f 2324/1000/5 2322/999/7 2339/1002/14
f 2342/283/11 2343/285/10 2344/290/9
f 2346/286/7 2347/288/6 2343/285/10
f 2349/292/4 2350/294/3 2347/288/6
f 2352/291/1 2344/290/9 2350/294/3
f 2341/995/12 2352/1001/1 2354/996/23
f 2355/998/22 2356/1002/21 2351/999/2
f 2358/290/19 2354/291/23 2356/293/21
f 2353/289/24 2358/290/19 2360/285/17
f 2361/287/16 2362/288/15 2357/294/20
f 2364/284/13 2360/285/17 2362/288/15
f 2359/997/18 2364/996/13 2345/1001/8
f 2348/1000/5 2346/999/7 2363/1002/14
f 2366/295/11 2367/297/10 2368/302/9
f 2370/298/7 2371/300/6 2367/297/10
f 2373/304/4 2374/306/3 2371/300/6
f 2376/303/1 2368/302/9 2374/306/3
f 2365/1003/12 2376/1006/1 2378/309/23
f 2379/310/22 2380/311/21 2375/1004/2
f 2382/308/19 2378/309/23 2380/311/21
f 2377/301/24 2382/302/19 2384/297/17
f 2385/299/16 2386/300/15 2381/306/20
f 2388/309/13 2384/308/17 2386/312/15
f 2383/307/18 2388/309/13 2369/1006/8
f 2372/1005/5 2370/1004/7 2387/311/14
f 2390/313/11 2391/315/10 2392/320/9
f 2394/316/7 2395/318/6 2391/315/10
f 2397/322/4 2398/324/3 2395/318/6
f 2400/321/1 2392/320/9 2398/324/3
f 2389/1007/12 2400/1010/1 2402/327/23
f 2403/328/22 2404/329/21 2399/1008/2
f 2406/326/19 2402/327/23 2404/329/21
f 2401/319/24 2406/320/19 2408/315/17
f 2409/317/16 2410/318/15 2405/324/20
f 2412/327/13 2408/326/17 2410/330/15
f 2407/325/18 2412/327/13 2393/1010/8
f 2396/1009/5 2394/1008/7 2411/329/14
f 2414/331/11 2415/333/10 2416/338/9
f 2418/334/7 2419/336/6 2415/333/10
f 2421/340/4 2422/342/3 2419/336/6
f 2424/339/1 2416/338/9 2422/342/3
f 2413/1007/12 2424/1010/1 2426/327/23
f 2427/328/22 2428/329/21 2423/1008/2
f 2430/326/19 2426/327/23 2428/329/21
f 2425/337/24 2430/338/19 2432/333/17
f 2433/335/16 2434/336/15 2429/342/20
f 2436/327/13 2432/326/17 2434/330/15
f 2431/325/18 2436/327/13 2417/1010/8
f 2420/1009/5 2418/1008/7 2435/329/14
f 2438/1011/11 2439/1017/10 2440/1012/9
f 2442/346/7 2443/348/6 2439/345/10
f 2445/1014/4 2446/1018/3 2443/1015/6
f 2448/344/1 2440/345/9 2446/348/3
f 2437/343/12 2448/344/1 2450/351/23
f 2451/352/22 2452/353/21 2447/346/2
f 2454/350/19 2450/351/23 2452/353/21
f 2449/1013/24 2454/1012/19 2456/1017/17
f 2457/1016/16 2458/1015/15 2453/1018/20
f 2460/351/13 2456/350/17 2458/354/15
f 2455/349/18 2460/351/13 2441/344/8
f 2444/347/5 2442/346/7 2459/353/14
f 2462/1019/11 2463/1025/10 2464/1020/9
f 2466/358/7 2467/360/6 2463/357/10
f 2469/1022/4 2470/1026/3 2467/1023/6
f 2472/356/1 2464/357/9 2470/360/3
f 2461/355/12 2472/356/1 2474/363/23
f 2475/364/22 2476/365/21 2471/358/2
f 2478/362/19 2474/363/23 2476/365/21
f 2473/1021/24 2478/1020/19 2480/1025/17
f 2481/1024/16 2482/1023/15 2477/1026/20
f 2484/363/13 2480/362/17 2482/366/15
f 2479/361/18 2484/363/13 2465/356/8
f 2468/359/5 2466/358/7 2483/365/14
f 2486/1027/11 2487/1033/10 2488/1028/9
f 2490/358/7 2491/360/6 2487/357/10
f 2493/1030/4 2494/1034/3 2491/1031/6
f 2496/356/1 2488/357/9 2494/360/3
f 2485/355/12 2496/356/1 2498/363/23
f 2499/364/22 2500/365/21 2495/358/2
f 2502/362/19 2498/363/23 2500/365/21
f 2497/1029/24 2502/1028/19 2504/1033/17
f 2505/1032/16 2506/1031/15 2501/1034/20
f 2508/363/13 2504/362/17 2506/366/15
f 2503/361/18 2508/363/13 2489/356/8
f 2492/359/5 2490/358/7 2507/365/14
f 2510/368/5 2511/367/7 2512/1035/14
f 2514/1037/18 2515/1041/13 2516/371/8
f 1442/1038/47 2517/1042/36 2518/1039/35
f 2520/1036/22 2521/1035/21 2522/367/2
f 2524/370/12 2525/371/1 2526/1041/23
f 1446/1038/50 1439/1540/45 2527/1039/34
f 1440/378/46 1439/377/45 1437/375/44
f 1443/39/48 1442/184/47 1446/382/50
f 2515/393/13 2529/392/17 2530/396/15
f 1448/50/51 2531/383/32 2517/379/36
f 2525/371/1 2532/372/9 2533/369/3
f 1445/381/49 2528/380/33 2534/384/31
f 1449/189/52 1448/50/51 1452/386/54
f 2509/394/16 2530/396/15 2535/401/20
f 1454/1043/55 2536/1046/30 2531/1044/32
f 2519/400/4 2533/401/3 2537/396/6
f 1451/1045/53 2534/1044/31 2538/1046/29
f 1455/388/56 1454/387/55 1458/390/58
f 2523/397/24 2539/399/19 2529/392/17
f 1460/1048/59 2540/1050/28 2536/1046/30
f 2511/367/7 2537/369/6 2541/372/10
f 1464/1048/62 1457/1541/57 2538/1046/29
f 1461/50/60 1460/189/59 1464/385/62
f 2539/399/19 2526/398/23 2521/402/21
f 1466/39/63 2543/379/26 2540/383/28
f 2513/391/11 2541/392/10 2532/399/9
f 1463/386/61 2542/384/27 2544/380/25
f 1467/184/64 1466/39/63 1470/381/66
f 1436/1051/43 2518/1039/35 2543/1052/26
f 1469/1053/65 2544/1052/25 2527/1039/34
f 2546/409/11 2547/410/10 2548/417/9
f 2550/406/7 2551/408/6 2547/405/10
f 2553/418/4 2554/419/3 2551/414/6
f 2556/404/1 2548/405/9 2554/408/3
f 2545/403/12 2556/404/1 2558/1055/23
f 2559/1057/22 2560/1058/21 2555/406/2
f 2562/417/19 2558/416/23 2560/420/21
f 2557/415/24 2562/417/19 2564/410/17
f 2565/412/16 2566/414/15 2561/419/20
f 2568/411/13 2564/410/17 2566/414/15
f 2563/1056/18 2568/1055/13 2549/404/8
f 2552/407/5 2550/406/7 2567/1058/14
f 2570/421/11 2571/422/10 2572/429/9
f 2574/406/7 2575/408/6 2571/405/10
f 2577/430/4 2578/431/3 2575/426/6
f 2580/404/1 2572/405/9 2578/408/3
f 2569/403/12 2580/404/1 2582/1055/23
f 2583/1057/22 2584/1058/21 2579/406/2
f 2586/429/19 2582/428/23 2584/432/21
f 2581/427/24 2586/429/19 2588/422/17
f 2589/424/16 2590/426/15 2585/431/20
f 2592/423/13 2588/422/17 2590/426/15
f 2587/1056/18 2592/1055/13 2573/404/8
f 2576/407/5 2574/406/7 2591/1058/14
f 2594/433/11 2595/435/10 2596/440/9
f 2598/436/7 2599/438/6 2595/435/10
f 2601/442/4 2602/444/3 2599/438/6
f 2604/441/1 2596/440/9 2602/444/3
f 2593/1059/12 2604/1065/1 2606/1060/23
f 2607/1062/22 2608/1066/21 2603/1063/2
f 2610/440/19 2606/441/23 2608/443/21
f 2605/439/24 2610/440/19 2612/435/17
f 2613/437/16 2614/438/15 2609/444/20
f 2616/434/13 2612/435/17 2614/438/15
f 2611/1061/18 2616/1060/13 2597/1065/8
f 2600/1064/5 2598/1063/7 2615/1066/14
f 2618/445/11 2619/447/10 2620/452/9
f 2622/448/7 2623/450/6 2619/447/10
f 2625/454/4 2626/456/3 2623/450/6
f 2628/453/1 2620/452/9 2626/456/3
f 2617/1067/12 2628/1073/1 2630/1068/23
f 2631/1070/22 2632/1074/21 2627/1071/2
f 2634/452/19 2630/453/23 2632/455/21
f 2629/451/24 2634/452/19 2636/447/17
f 2637/449/16 2638/450/15 2633/456/20
f 2640/446/13 2636/447/17 2638/450/15
f 2635/1069/18 2640/1068/13 2621/1073/8
f 2624/1072/5 2622/1071/7 2639/1074/14
f 2642/457/11 2643/459/10 2644/464/9
f 2646/460/7 2647/462/6 2643/459/10
f 2649/466/4 2650/468/3 2647/462/6
f 2652/465/1 2644/464/9 2650/468/3
f 2641/1067/12 2652/1073/1 2654/1068/23
f 2655/1070/22 2656/1074/21 2651/1071/2
f 2658/464/19 2654/465/23 2656/467/21
f 2653/463/24 2658/464/19 2660/459/17
f 2661/461/16 2662/462/15 2657/468/20
f 2664/458/13 2660/459/17 2662/462/15
f 2659/1069/18 2664/1068/13 2645/1073/8
f 2648/1072/5 2646/1071/7 2663/1074/14
f 2666/469/11 2667/471/10 2668/476/9
f 2670/472/7 2671/474/6 2667/471/10
f 2673/478/4 2674/480/3 2671/474/6
f 2676/477/1 2668/476/9 2674/480/3
f 2665/1075/12 2676/1082/1 2678/483/23
f 2679/484/22 2680/485/21 2675/1076/2
f 2682/482/19 2678/483/23 2680/485/21
f 2677/1078/24 2682/1081/19 2684/1079/17
f 2685/1080/16 2686/1079/15 2681/1081/20
f 2688/483/13 2684/482/17 2686/486/15
f 2683/481/18 2688/483/13 2669/1082/8
f 2672/1077/5 2670/1076/7 2687/485/14
f 2690/487/11 2691/489/10 2692/494/9
f 2694/490/7 2695/492/6 2691/489/10
f 2697/496/4 2698/498/3 2695/492/6
f 2700/495/1 2692/494/9 2698/498/3
f 2689/1083/12 2700/1090/1 2702/501/23
f 2703/502/22 2704/503/21 2699/1084/2
f 2706/500/19 2702/501/23 2704/503/21
f 2701/1086/24 2706/1089/19 2708/1087/17
f 2709/1088/16 2710/1087/15 2705/1089/20
f 2712/501/13 2708/500/17 2710/504/15
f 2707/499/18 2712/501/13 2693/1090/8
f 2696/1085/5 2694/1084/7 2711/503/14
f 2714/505/11 2715/507/10 2716/512/9
f 2718/508/7 2719/510/6 2715/507/10
f 2721/514/4 2722/516/3 2719/510/6
f 2724/513/1 2716/512/9 2722/516/3
f 2713/1083/12 2724/1090/1 2726/501/23
f 2727/502/22 2728/503/21 2723/1084/2
f 2730/500/19 2726/501/23 2728/503/21
f 2725/1091/24 2730/1094/19 2732/1092/17
f 2733/1093/16 2734/1092/15 2729/1094/20
f 2736/501/13 2732/500/17 2734/504/15
f 2731/499/18 2736/501/13 2717/1090/8
f 2720/1085/5 2718/1084/7 2735/503/14
f 2738/1095/11 2739/1098/10 2740/1096/9
f 2742/520/7 2743/522/6 2739/519/10
f 2745/1097/4 2746/1096/3 2743/1098/6
f 2748/518/1 2740/519/9 2746/522/3
f 2737/517/12 2748/518/1 2750/525/23
f 2751/526/22 2752/527/21 2747/520/2
f 2754/524/19 2750/525/23 2752/527/21
f 2749/1099/24 2754/1102/19 2756/1100/17
f 2757/1101/16 2758/1100/15 2753/1102/20
f 2760/525/13 2756/524/17 2758/528/15
f 2755/523/18 2760/525/13 2741/518/8
f 2744/521/5 2742/520/7 2759/527/14
f 2762/1103/11 2763/1106/10 2764/1104/9
f 2766/532/7 2767/534/6 2763/531/10
f 2769/1105/4 2770/1104/3 2767/1106/6
f 2772/530/1 2764/531/9 2770/534/3
f 2761/529/12 2772/530/1 2774/537/23
f 2775/538/22 2776/539/21 2771/532/2
f 2778/536/19 2774/537/23 2776/539/21
f 2773/1107/24 2778/1110/19 2780/1108/17
f 2781/1109/16 2782/1108/15 2777/1110/20
f 2784/537/13 2780/536/17 2782/540/15
f 2779/535/18 2784/537/13 2765/530/8
f 2768/533/5 2766/532/7 2783/539/14
f 2786/1111/11 2787/1114/10 2788/1112/9
f 2790/532/7 2791/534/6 2787/531/10
f 2793/1113/4 2794/1112/3 2791/1114/6
f 2796/530/1 2788/531/9 2794/534/3
f 2785/529/12 2796/530/1 2798/537/23
f 2799/538/22 2800/539/21 2795/532/2
f 2802/536/19 2798/537/23 2800/539/21
f 2797/1115/24 2802/1118/19 2804/1116/17
f 2805/1117/16 2806/1116/15 2801/1118/20
f 2808/537/13 2804/536/17 2806/540/15
f 2803/535/18 2808/537/13 2789/530/8
f 2792/533/5 2790/532/7 2807/539/14
f 2810/1119/11 2811/1122/10 2812/1120/9
f 2814/544/7 2815/546/6 2811/543/10
f 2817/1121/4 2818/1120/3 2815/1122/6
f 2820/542/1 2812/543/9 2818/546/3
f 2809/541/12 2820/542/1 2822/549/23
f 2823/550/22 2824/551/21 2819/544/2
f 2826/548/19 2822/549/23 2824/551/21
f 2821/1123/24 2826/1126/19 2828/1124/17
f 2829/1125/16 2830/1124/15 2825/1126/20
f 2832/549/13 2828/548/17 2830/552/15
f 2827/547/18 2832/549/13 2813/542/8
f 2816/545/5 2814/544/7 2831/551/14
f 2834/1127/11 2835/1130/10 2836/1128/9
f 2838/556/7 2839/558/6 2835/555/10
f 2841/1129/4 2842/1128/3 2839/1130/6
f 2844/554/1 2836/555/9 2842/558/3
f 2833/553/12 2844/554/1 2846/561/23
f 2847/562/22 2848/563/21 2843/556/2
f 2850/560/19 2846/561/23 2848/563/21
f 2845/1131/24 2850/1134/19 2852/1132/17
f 2853/1133/16 2854/1132/15 2849/1134/20
f 2856/561/13 2852/560/17 2854/564/15
f 2851/559/18 2856/561/13 2837/554/8
f 2840/557/5 2838/556/7 2855/563/14
f 2858/1135/11 2859/1138/10 2860/1136/9
f 2862/556/7 2863/558/6 2859/555/10
f 2865/1137/4 2866/1136/3 2863/1138/6
f 2868/554/1 2860/555/9 2866/558/3
f 2857/553/12 2868/554/1 2870/561/23
f 2871/562/22 2872/563/21 2867/556/2
f 2874/560/19 2870/561/23 2872/563/21
f 2869/1139/24 2874/1142/19 2876/1140/17
f 2877/1141/16 2878/1140/15 2873/1142/20
f 2880/561/13 2876/560/17 2878/564/15
f 2875/559/18 2880/561/13 2861/554/8
f 2864/557/5 2862/556/7 2879/563/14
f 2882/566/5 2883/565/7 2884/589/14
f 2886/585/18 2887/587/13 2888/569/8
f 1838/1143/47 2889/1146/36 2890/1144/35
f 2892/588/22 2893/589/21 2894/565/2
f 2896/568/12 2897/569/1 2898/587/23
f 1842/1143/50 1835/1145/45 2899/1144/34
f 1836/576/46 1835/575/45 1833/573/44
f 1839/39/48 1838/577/47 1842/580/50
f 2887/587/13 2901/586/17 2902/590/15
f 1844/1147/51 2903/1149/32 2889/1146/36
f 2897/569/1 2904/570/9 2905/567/3
f 1841/1148/49 2900/1146/33 2906/1149/31
f 1845/581/52 1844/50/51 1848/584/54
f 2881/1150/16 2902/1159/15 2907/1151/20
f 1845/1153/52 1850/1158/55 2908/1154/30
f 2891/1155/4 2905/1165/3 2909/1156/6
f 1847/1153/53 2906/1149/31 2910/1154/29
f 1851/572/56 1850/573/55 1854/575/58
f 2895/1152/24 2911/1151/19 2901/1159/17
f 1856/1160/59 2912/1162/28 2908/1154/30
f 2883/565/7 2909/567/6 2913/570/10
f 1853/1161/57 2910/1154/29 2914/1162/27
f 1857/50/60 1856/581/59 1860/583/62
f 2911/586/19 2898/587/23 2893/589/21
f 1862/1163/63 2915/1166/26 2912/1162/28
f 2885/1157/11 2913/1156/10 2904/1165/9
f 1859/1164/61 2914/1162/27 2916/1166/25
f 1863/577/64 1862/39/63 1866/579/66
f 1832/1167/43 2890/1144/35 2915/1166/26
f 1865/1168/65 2916/1166/25 2899/1144/34
f 2918/1169/11 2919/1172/10 2920/1170/9
f 2922/594/7 2923/596/6 2919/593/10
f 2925/1171/4 2926/1170/3 2923/1172/6
f 2928/592/1 2920/593/9 2926/596/3
f 2917/591/12 2928/592/1 2930/599/23
f 2931/600/22 2932/601/21 2927/594/2
f 2934/598/19 2930/599/23 2932/601/21
f 2929/1173/24 2934/1176/19 2936/1174/17
f 2937/1175/16 2938/1174/15 2933/1176/20
f 2940/599/13 2936/598/17 2938/602/15
f 2935/597/18 2940/599/13 2921/592/8
f 2924/595/5 2922/594/7 2939/601/14
f 2942/1177/11 2943/1180/10 2944/1178/9
f 2946/594/7 2947/596/6 2943/593/10
f 2949/1179/4 2950/1178/3 2947/1180/6
f 2952/592/1 2944/593/9 2950/596/3
f 2941/591/12 2952/592/1 2954/599/23
f 2955/600/22 2956/601/21 2951/594/2
f 2958/598/19 2954/599/23 2956/601/21
f 2953/1181/24 2958/1184/19 2960/1182/17
f 2961/1183/16 2962/1182/15 2957/1184/20
f 2964/599/13 2960/598/17 2962/602/15
f 2959/597/18 2964/599/13 2945/592/8
f 2948/595/5 2946/594/7 2963/601/14
f 2966/1185/11 2967/1188/10 2968/1186/9
f 2970/606/7 2971/608/6 2967/605/10
f 2973/1187/4 2974/1186/3 2971/1188/6
f 2976/604/1 2968/605/9 2974/608/3
f 2965/603/12 2976/604/1 2978/611/23
f 2979/612/22 2980/613/21 2975/606/2
f 2982/610/19 2978/611/23 2980/613/21
f 2977/1189/24 2982/1192/19 2984/1190/17
f 2985/1191/16 2986/1190/15 2981/1192/20
f 2988/611/13 2984/610/17 2986/614/15
f 2983/609/18 2988/611/13 2969/604/8
f 2972/607/5 2970/606/7 2987/613/14
f 2990/1193/11 2991/1196/10 2992/1194/9
f 2994/618/7 2995/620/6 2991/617/10
f 2997/1195/4 2998/1194/3 2995/1196/6
f 3000/616/1 2992/617/9 2998/620/3
f 2989/615/12 3000/616/1 3002/623/23
f 3003/624/22 3004/625/21 2999/618/2
f 3006/622/19 3002/623/23 3004/625/21
f 3001/1197/24 3006/1200/19 3008/1198/17
f 3009/1199/16 3010/1198/15 3005/1200/20
f 3012/623/13 3008/622/17 3010/626/15
f 3007/621/18 3012/623/13 2993/616/8
f 2996/619/5 2994/618/7 3011/625/14
f 3014/1201/11 3015/1204/10 3016/1202/9
f 3018/618/7 3019/620/6 3015/617/10
f 3021/1203/4 3022/1202/3 3019/1204/6
f 3024/616/1 3016/617/9 3022/620/3
f 3013/615/12 3024/616/1 3026/623/23
f 3027/624/22 3028/625/21 3023/618/2
f 3030/622/19 3026/623/23 3028/625/21
f 3025/1205/24 3030/1208/19 3032/1206/17
f 3033/1207/16 3034/1206/15 3029/1208/20
f 3036/623/13 3032/622/17 3034/626/15
f 3031/621/18 3036/623/13 3017/616/8
f 3020/619/5 3018/618/7 3035/625/14
f 3038/627/11 3039/629/10 3040/634/9
f 3042/630/7 3043/632/6 3039/1209/10
f 3045/633/4 3046/634/3 3043/629/6
f 3048/1210/1 3040/1209/9 3046/632/3
f 3037/633/12 3048/635/1 3050/643/23
f 3051/639/22 3052/640/21 3047/630/2
f 3054/1211/19 3050/1212/23 3052/640/21
f 3049/642/24 3054/644/19 3056/637/17
f 3057/636/16 3058/637/15 3053/644/20
f 3060/1212/13 3056/1211/17 3058/641/15
f 3055/636/18 3060/638/13 3041/628/8
f 3044/631/5 3042/630/7 3059/640/14
f 3062/1213/11 3063/1216/10 3064/1214/9
f 3066/648/7 3067/650/6 3063/647/10
f 3069/1215/4 3070/1214/3 3067/1216/6
f 3072/646/1 3064/647/9 3070/650/3
f 3061/645/12 3072/646/1 3074/653/23
f 3075/654/22 3076/655/21 3071/648/2
f 3078/652/19 3074/653/23 3076/655/21
f 3073/1217/24 3078/1220/19 3080/1218/17
f 3081/1219/16 3082/1218/15 3077/1220/20
f 3084/653/13 3080/652/17 3082/656/15
f 3079/651/18 3084/653/13 3065/646/8
f 3068/649/5 3066/648/7 3083/655/14
f 3086/1221/11 3087/1224/10 3088/1222/9
f 3090/648/7 3091/650/6 3087/647/10
f 3093/1223/4 3094/1222/3 3091/1224/6
f 3096/646/1 3088/647/9 3094/650/3
f 3085/645/12 3096/646/1 3098/653/23
f 3099/654/22 3100/655/21 3095/648/2
f 3102/652/19 3098/653/23 3100/655/21
f 3097/1225/24 3102/1228/19 3104/1226/17
f 3105/1227/16 3106/1226/15 3101/1228/20
f 3108/653/13 3104/652/17 3106/656/15
f 3103/651/18 3108/653/13 3089/646/8
f 3092/649/5 3090/648/7 3107/655/14
f 3110/657/11 3111/659/10 3112/661/9
f 3114/1229/7 3115/1232/6 3111/1230/10
f 3117/660/4 3118/661/3 3115/659/6
f 3120/1231/1 3112/1230/9 3118/1232/3
f 3109/660/12 3120/662/1 3122/667/23
f 3123/666/22 3124/667/21 3119/662/2
f 3126/1233/19 3122/1236/23 3124/1234/21
f 3121/666/24 3126/668/19 3128/664/17
f 3129/663/16 3130/664/15 3125/668/20
f 3132/1236/13 3128/1233/17 3130/1235/15
f 3127/663/18 3132/665/13 3113/658/8
f 3116/657/5 3114/658/7 3131/665/14
f 3134/669/11 3135/671/10 3136/676/9
f 3138/672/7 3139/674/6 3135/1237/10
f 3141/675/4 3142/676/3 3139/671/6
f 3144/1238/1 3136/1237/9 3142/674/3
f 3133/675/12 3144/677/1 3146/685/23
f 3147/681/22 3148/682/21 3143/672/2
f 3150/1239/19 3146/1240/23 3148/682/21
f 3145/684/24 3150/686/19 3152/679/17
f 3153/678/16 3154/679/15 3149/686/20
f 3156/1240/13 3152/1239/17 3154/683/15
f 3151/678/18 3156/680/13 3137/670/8
f 3140/673/5 3138/672/7 3155/682/14
f 3158/687/11 3159/689/10 3160/691/9
f 3162/672/7 3163/674/6 3159/1237/10
f 3165/690/4 3166/691/3 3163/689/6
f 3168/1238/1 3160/1237/9 3166/674/3
f 3157/690/12 3168/692/1 3170/697/23
f 3171/681/22 3172/682/21 3167/672/2
f 3174/1239/19 3170/1240/23 3172/682/21
f 3169/696/24 3174/698/19 3176/694/17
f 3177/693/16 3178/694/15 3173/698/20
f 3180/1240/13 3176/1239/17 3178/683/15
f 3175/693/18 3180/695/13 3161/688/8
f 3164/673/5 3162/672/7 3179/682/14
f 3182/699/11 3183/701/10 3184/703/9
f 3186/1241/7 3187/1244/6 3183/1242/10
f 3189/702/4 3190/703/3 3187/701/6
f 3192/1243/1 3184/1242/9 3190/1244/3
f 3181/702/12 3192/704/1 3194/709/23
f 3195/708/22 3196/709/21 3191/704/2
f 3198/1245/19 3194/1248/23 3196/1246/21
f 3193/708/24 3198/710/19 3200/706/17
f 3201/705/16 3202/706/15 3197/710/20
f 3204/1248/13 3200/1245/17 3202/1247/15
f 3199/705/18 3204/707/13 3185/700/8
f 3188/699/5 3186/700/7 3203/707/14
f 3206/711/11 3207/713/10 3208/718/9
f 3210/714/7 3211/716/6 3207/1249/10
f 3213/717/4 3214/718/3 3211/713/6
f 3216/1250/1 3208/1249/9 3214/716/3
f 3205/717/12 3216/719/1 3218/727/23
f 3219/723/22 3220/724/21 3215/714/2
f 3222/1251/19 3218/1252/23 3220/724/21
f 3217/726/24 3222/728/19 3224/721/17
f 3225/720/16 3226/721/15 3221/728/20
f 3228/1252/13 3224/1251/17 3226/725/15
f 3223/720/18 3228/722/13 3209/712/8
f 3212/715/5 3210/714/7 3227/724/14
f 3230/729/11 3231/731/10 3232/733/9
f 3234/714/7 3235/716/6 3231/1249/10
f 3237/732/4 3238/733/3 3235/731/6
f 3240/1250/1 3232/1249/9 3238/716/3
f 3229/732/12 3240/734/1 3242/739/23
f 3243/723/22 3244/724/21 3239/714/2
f 3246/1251/19 3242/1252/23 3244/724/21
f 3241/738/24 3246/740/19 3248/736/17
f 3249/735/16 3250/736/15 3245/740/20
f 3252/1252/13 3248/1251/17 3250/725/15
f 3247/735/18 3252/737/13 3233/730/8
f 3236/715/5 3234/714/7 3251/724/14
f 2223/1253/44 2228/1542/47 3253/1254/36
f 2225/1256/45 3255/1255/34 3256/1254/33
f 2226/746/46 2225/745/45 2223/743/44
f 2229/39/48 2228/38/47 2232/749/50
f 2234/1258/51 3257/1260/32 3253/1254/36
f 2231/1259/49 3256/1254/33 3258/1260/31
f 2235/45/52 2234/50/51 2238/752/54
f 2240/1261/55 3259/1264/30 3257/1260/32
f 2244/1263/58 2237/1543/53 3258/1260/31
f 2241/742/56 2240/743/55 2244/745/58
f 2241/1265/56 2246/1544/59 3261/1266/28
f 2243/1267/57 3260/1264/29 3262/1266/27
f 2247/50/60 2246/49/59 2250/753/62
f 2252/1269/63 3263/1271/26 3261/1266/28
f 2249/1270/61 3262/1266/27 3264/1271/25
f 2253/54/64 2252/39/63 2256/748/66
f 2222/1272/43 3254/1255/35 3263/1271/26
f 2255/1274/65 3264/1271/25 3255/1255/34
f 583/759/38 577/761/38 554/755/38
f 570/1276/39 576/1279/39 572/1277/39
f 581/15/37 568/11/37 553/18/37
f 574/757/40 569/755/40 580/761/40
f 575/11/41 588/15/41 584/6/41
f 587/1279/42 582/1276/42 578/1278/42
f 607/767/38 601/769/38 589/763/38
f 594/1280/39 600/1283/39 596/1281/39
f 605/23/37 592/1/37 590/9/37
f 598/765/40 593/763/40 604/769/40
f 599/1/41 612/23/41 608/21/41
f 611/1283/42 606/1280/42 602/1282/42
f 631/775/38 625/777/38 613/771/38
f 618/1284/39 624/1287/39 620/1285/39
f 629/23/37 616/1/37 614/9/37
f 622/773/40 617/771/40 628/777/40
f 623/1/41 636/23/41 632/21/41
f 635/1287/42 630/1284/42 626/1286/42
f 689/61/37 637/25/37 641/29/37
f 639/1288/39 684/1295/39 680/1289/39
f 682/794/40 638/796/40 688/789/40
f 691/791/38 685/789/38 640/796/38
f 673/808/38 643/781/38 649/780/38
f 649/780/38 655/787/38 661/798/38
f 661/798/38 667/801/38 673/808/38
f 647/35/45 654/1294/50 650/1291/47
f 677/1292/65 648/36/46 644/32/43
f 658/787/40 652/780/40 646/781/40
f 646/781/40 676/808/40 670/801/40
f 670/801/40 664/798/40 658/787/40
f 653/41/49 660/48/54 656/44/51
f 659/1294/53 666/35/58 662/33/55
f 665/36/57 672/1292/62 668/1293/59
f 671/51/61 678/56/66 674/53/63
f 683/25/41 696/61/41 692/59/41
f 695/1295/42 690/1288/42 686/1290/42
f 715/817/38 709/819/38 697/813/38
f 702/1296/39 708/1299/39 704/1297/39
f 713/73/37 700/66/37 698/64/37
f 706/815/40 701/813/40 712/819/40
f 707/66/41 720/73/41 716/71/41
f 719/1299/42 714/1296/42 710/1298/42
f 739/825/38 733/827/38 721/821/38
f 726/1300/39 732/1303/39 728/1301/39
f 737/73/37 724/66/37 722/64/37
f 730/823/40 725/821/40 736/827/40
f 731/66/41 744/73/41 740/71/41
f 743/1303/42 738/1300/42 734/1302/42
f 763/833/38 757/835/38 745/829/38
f 750/1304/39 756/1307/39 752/1305/39
f 761/85/37 748/78/37 746/76/37
f 754/831/40 749/829/40 760/835/40
f 755/78/41 768/85/41 764/83/41
f 767/1307/42 762/1304/42 758/1306/42
f 787/841/38 781/843/38 769/837/38
f 774/1308/39 780/1311/39 776/1309/39
f 785/97/37 772/90/37 770/88/37
f 778/839/40 773/837/40 784/843/40
f 779/90/41 792/97/41 788/95/41
f 791/1311/42 786/1308/42 782/1310/42
f 811/849/38 805/851/38 793/845/38
f 798/1312/39 804/1315/39 800/1313/39
f 809/97/37 796/90/37 794/88/37
f 802/847/40 797/845/40 808/851/40
f 803/90/41 816/97/41 812/95/41
f 815/1315/42 810/1312/42 806/1314/42
f 835/857/38 829/859/38 817/853/38
f 822/1316/39 828/1319/39 824/1317/39
f 833/109/37 820/102/37 818/100/37
f 826/855/40 821/853/40 832/859/40
f 827/102/41 840/109/41 836/107/41
f 839/1319/42 834/1316/42 830/1318/42
f 859/865/38 853/867/38 841/861/38
f 846/1320/39 852/1323/39 848/1321/39
f 857/121/37 844/114/37 842/112/37
f 850/863/40 845/861/40 856/867/40
f 851/114/41 864/121/41 860/119/41
f 863/1323/42 858/1320/42 854/1322/42
f 883/873/38 877/875/38 865/869/38
f 870/1324/39 876/1327/39 872/1325/39
f 881/121/37 868/114/37 866/112/37
f 874/871/40 869/869/40 880/875/40
f 875/114/41 888/121/41 884/119/41
f 887/1327/42 882/1324/42 878/1326/42
f 907/881/38 901/883/38 889/877/38
f 894/1328/39 900/1331/39 896/1329/39
f 905/133/37 892/126/37 890/124/37
f 898/879/40 893/877/40 904/883/40
f 899/126/41 912/133/41 908/131/41
f 911/1331/42 906/1328/42 902/1330/42
f 931/889/38 925/891/38 913/885/38
f 918/1332/39 924/1335/39 920/1333/39
f 929/145/37 916/138/37 914/136/37
f 922/887/40 917/885/40 928/891/40
f 923/138/41 936/145/41 932/143/41
f 935/1335/42 930/1332/42 926/1334/42
f 955/897/38 949/899/38 937/893/38
f 942/1336/39 948/1339/39 944/1337/39
f 953/145/37 940/138/37 938/136/37
f 946/895/40 941/893/40 952/899/40
f 947/138/41 960/145/41 956/143/41
f 959/1339/42 954/1336/42 950/1338/42
f 979/905/38 973/907/38 961/901/38
f 966/1340/39 972/1343/39 968/1341/39
f 977/157/37 964/150/37 962/148/37
f 970/903/40 965/901/40 976/907/40
f 971/150/41 984/157/41 980/155/41
f 983/1343/42 978/1340/42 974/1342/42
f 1003/913/38 997/915/38 985/909/38
f 990/1344/39 996/1347/39 992/1345/39
f 1001/169/37 988/162/37 986/160/37
f 994/911/40 989/909/40 1000/915/40
f 995/162/41 1008/169/41 1004/167/41
f 1007/1347/42 1002/1344/42 998/1346/42
f 1027/921/38 1021/923/38 1009/917/38
f 1014/1348/39 1020/1351/39 1016/1349/39
f 1025/169/37 1012/162/37 1010/160/37
f 1018/919/40 1013/917/40 1024/923/40
f 1019/162/41 1032/169/41 1028/167/41
f 1031/1351/42 1026/1348/42 1022/1350/42
f 1085/197/37 1033/171/37 1037/175/37
f 1035/1352/39 1080/1359/39 1076/1353/39
f 1078/937/40 1034/939/40 1084/932/40
f 1087/934/38 1081/932/38 1036/939/38
f 1069/948/38 1039/926/38 1045/928/38
f 1045/928/38 1051/931/38 1057/936/38
f 1057/936/38 1063/944/38 1069/948/38
f 1043/181/45 1050/1358/50 1046/1355/47
f 1073/1356/65 1044/182/46 1040/178/43
f 1054/931/40 1048/928/40 1042/926/40
f 1042/926/40 1072/948/40 1066/944/40
f 1066/944/40 1060/936/40 1054/931/40
f 1049/186/49 1056/192/54 1052/50/51
f 1055/1358/53 1062/181/58 1058/179/55
f 1061/182/57 1068/1356/62 1064/1357/59
f 1067/192/61 1074/186/66 1070/39/63
f 1079/171/41 1092/197/41 1088/195/41
f 1091/1359/42 1086/1352/42 1082/1354/42
f 1111/955/38 1105/957/38 1093/951/38
f 1098/1360/39 1104/1363/39 1100/1361/39
f 1109/209/37 1096/202/37 1094/200/37
f 1102/953/40 1097/951/40 1108/957/40
f 1103/202/41 1116/209/41 1112/207/41
f 1115/1363/42 1110/1360/42 1106/1362/42
f 1135/963/38 1129/965/38 1117/959/38
f 1122/1364/39 1128/1367/39 1124/1365/39
f 1133/209/37 1120/202/37 1118/200/37
f 1126/961/40 1121/959/40 1132/965/40
f 1127/202/41 1140/209/41 1136/207/41
f 1139/1367/42 1134/1364/42 1130/1366/42
f 1159/1368/38 1153/1369/38 1141/967/38
f 1146/222/39 1152/227/39 1148/225/39
f 1157/974/37 1144/214/37 1142/212/37
f 1150/969/40 1145/967/40 1156/1369/40
f 1151/214/41 1164/974/41 1160/971/41
f 1163/227/42 1158/222/42 1154/218/42
f 1183/1370/38 1177/1371/38 1165/975/38
f 1170/240/39 1176/245/39 1172/243/39
f 1181/982/37 1168/232/37 1166/230/37
f 1174/977/40 1169/975/40 1180/1371/40
f 1175/232/41 1188/982/41 1184/979/41
f 1187/245/42 1182/240/42 1178/236/42
f 1207/1372/38 1201/1373/38 1189/983/38
f 1194/252/39 1200/257/39 1196/255/39
f 1205/982/37 1192/232/37 1190/230/37
f 1198/985/40 1193/983/40 1204/1373/40
f 1199/232/41 1212/982/41 1208/979/41
f 1211/257/42 1206/252/42 1202/248/42
f 1231/1374/38 1225/1377/38 1213/1375/38
f 1218/264/39 1224/270/39 1220/266/39
f 1229/994/37 1216/991/37 1214/993/37
f 1222/1376/40 1217/1375/40 1228/1377/40
f 1223/991/41 1236/994/41 1232/988/41
f 1235/270/42 1230/264/42 1226/261/42
f 1255/1378/38 1249/1381/38 1237/1379/38
f 1242/276/39 1248/282/39 1244/278/39
f 1253/1002/37 1240/999/37 1238/1001/37
f 1246/1380/40 1241/1379/40 1252/1381/40
f 1247/999/41 1260/1002/41 1256/996/41
f 1259/282/42 1254/276/42 1250/273/42
f 1279/1382/38 1273/1385/38 1261/1383/38
f 1266/288/39 1272/294/39 1268/290/39
f 1277/1002/37 1264/999/37 1262/1001/37
f 1270/1384/40 1265/1383/40 1276/1385/40
f 1271/999/41 1284/1002/41 1280/996/41
f 1283/294/42 1278/288/42 1274/285/42
f 1303/1386/38 1297/1389/38 1285/1387/38
f 1290/300/39 1296/306/39 1292/302/39
f 1301/311/37 1288/1004/37 1286/1006/37
f 1294/1388/40 1289/1387/40 1300/1389/40
f 1295/1004/41 1308/311/41 1304/309/41
f 1307/306/42 1302/300/42 1298/297/42
f 1327/1390/38 1321/1393/38 1309/1391/38
f 1314/318/39 1320/324/39 1316/320/39
f 1325/329/37 1312/1008/37 1310/1010/37
f 1318/1392/40 1313/1391/40 1324/1393/40
f 1319/1008/41 1332/329/41 1328/327/41
f 1331/324/42 1326/318/42 1322/315/42
f 1351/1394/38 1345/1397/38 1333/1395/38
f 1338/336/39 1344/342/39 1340/338/39
f 1349/329/37 1336/1008/37 1334/1010/37
f 1342/1396/40 1337/1395/40 1348/1397/40
f 1343/1008/41 1356/329/41 1352/327/41
f 1355/342/42 1350/336/42 1346/333/42
f 1375/1398/38 1369/1401/38 1357/1399/38
f 1362/1015/39 1368/1018/39 1364/1012/39
f 1373/353/37 1360/346/37 1358/344/37
f 1366/1400/40 1361/1399/40 1372/1401/40
f 1367/346/41 1380/353/41 1376/351/41
f 1379/1018/42 1374/1015/42 1370/1017/42
f 1399/1402/38 1393/1405/38 1381/1403/38
f 1386/1023/39 1392/1026/39 1388/1020/39
f 1397/365/37 1384/358/37 1382/356/37
f 1390/1404/40 1385/1403/40 1396/1405/40
f 1391/358/41 1404/365/41 1400/363/41
f 1403/1026/42 1398/1023/42 1394/1025/42
f 1423/1406/38 1417/1409/38 1405/1407/38
f 1410/1031/39 1416/1034/39 1412/1028/39
f 1421/365/37 1408/358/37 1406/356/37
f 1414/1408/40 1409/1407/40 1420/1409/40
f 1415/358/41 1428/365/41 1424/363/41
f 1427/1034/42 1422/1031/42 1418/1033/42
f 1481/1035/37 1429/367/37 1433/371/37
f 1431/396/39 1476/401/39 1472/399/39
f 1474/1410/40 1430/1413/40 1480/1411/40
f 1483/1412/38 1477/1411/38 1432/1413/38
f 1465/1052/38 1435/1039/38 1441/1042/38
f 1441/1042/38 1447/1044/38 1453/1046/38
f 1453/1046/38 1459/1050/38 1465/1052/38
f 1439/377/45 1446/1417/50 1442/1414/47
f 1469/1415/65 1440/378/46 1436/374/43
f 1450/1044/40 1444/1042/40 1438/1039/40
f 1438/1039/40 1468/1052/40 1462/1050/40
f 1462/1050/40 1456/1046/40 1450/1044/40
f 1445/381/49 1452/386/54 1448/50/51
f 1451/1417/53 1458/390/58 1454/387/55
f 1457/389/57 1464/1415/62 1460/1416/59
f 1463/386/61 1470/381/66 1466/39/63
f 1475/367/41 1488/1035/41 1484/1041/41
f 1487/401/42 1482/396/42 1478/392/42
f 1507/1418/38 1501/1421/38 1489/1419/38
f 1494/414/39 1500/419/39 1496/417/39
f 1505/1058/37 1492/406/37 1490/404/37
f 1498/1420/40 1493/1419/40 1504/1421/40
f 1499/406/41 1512/1058/41 1508/1055/41
f 1511/419/42 1506/414/42 1502/410/42
f 1531/1422/38 1525/1425/38 1513/1423/38
f 1518/426/39 1524/431/39 1520/429/39
f 1529/1058/37 1516/406/37 1514/404/37
f 1522/1424/40 1517/1423/40 1528/1425/40
f 1523/406/41 1536/1058/41 1532/1055/41
f 1535/431/42 1530/426/42 1526/422/42
f 1555/1426/38 1549/1429/38 1537/1427/38
f 1542/438/39 1548/444/39 1544/440/39
f 1553/1066/37 1540/1063/37 1538/1065/37
f 1546/1428/40 1541/1427/40 1552/1429/40
f 1547/1063/41 1560/1066/41 1556/1060/41
f 1559/444/42 1554/438/42 1550/435/42
f 1579/1430/38 1573/1433/38 1561/1431/38
f 1566/450/39 1572/456/39 1568/452/39
f 1577/1074/37 1564/1071/37 1562/1073/37
f 1570/1432/40 1565/1431/40 1576/1433/40
f 1571/1071/41 1584/1074/41 1580/1068/41
f 1583/456/42 1578/450/42 1574/447/42
f 1603/1434/38 1597/1437/38 1585/1435/38
f 1590/462/39 1596/468/39 1592/464/39
f 1601/1074/37 1588/1071/37 1586/1073/37
f 1594/1436/40 1589/1435/40 1600/1437/40
f 1595/1071/41 1608/1074/41 1604/1068/41
f 1607/468/42 1602/462/42 1598/459/42
f 1627/1078/38 1621/1080/38 1609/1438/38
f 1614/474/39 1620/480/39 1616/476/39
f 1625/485/37 1612/1076/37 1610/1082/37
f 1618/1439/40 1613/1438/40 1624/1080/40
f 1619/1076/41 1632/485/41 1628/483/41
f 1631/480/42 1626/474/42 1622/471/42
f 1651/1086/38 1645/1088/38 1633/1440/38
f 1638/492/39 1644/498/39 1640/494/39
f 1649/503/37 1636/1084/37 1634/1090/37
f 1642/1441/40 1637/1440/40 1648/1088/40
f 1643/1084/41 1656/503/41 1652/501/41
f 1655/498/42 1650/492/42 1646/489/42
f 1675/1091/38 1669/1093/38 1657/1442/38
f 1662/510/39 1668/516/39 1664/512/39
f 1673/503/37 1660/1084/37 1658/1090/37
f 1666/1443/40 1661/1442/40 1672/1093/40
f 1667/1084/41 1680/503/41 1676/501/41
f 1679/516/42 1674/510/42 1670/507/42
f 1699/1099/38 1693/1101/38 1681/1095/38
f 1686/1444/39 1692/1447/39 1688/1445/39
f 1697/527/37 1684/520/37 1682/518/37
f 1690/1097/40 1685/1095/40 1696/1101/40
f 1691/520/41 1704/527/41 1700/525/41
f 1703/1447/42 1698/1444/42 1694/1446/42
f 1723/1107/38 1717/1109/38 1705/1103/38
f 1710/1448/39 1716/1451/39 1712/1449/39
f 1721/539/37 1708/532/37 1706/530/37
f 1714/1105/40 1709/1103/40 1720/1109/40
f 1715/532/41 1728/539/41 1724/537/41
f 1727/1451/42 1722/1448/42 1718/1450/42
f 1747/1115/38 1741/1117/38 1729/1111/38
f 1734/1452/39 1740/1455/39 1736/1453/39
f 1745/539/37 1732/532/37 1730/530/37
f 1738/1113/40 1733/1111/40 1744/1117/40
f 1739/532/41 1752/539/41 1748/537/41
f 1751/1455/42 1746/1452/42 1742/1454/42
f 1771/1123/38 1765/1125/38 1753/1119/38
f 1758/1456/39 1764/1459/39 1760/1457/39
f 1769/551/37 1756/544/37 1754/542/37
f 1762/1121/40 1757/1119/40 1768/1125/40
f 1763/544/41 1776/551/41 1772/549/41
f 1775/1459/42 1770/1456/42 1766/1458/42
f 1795/1131/38 1789/1133/38 1777/1127/38
f 1782/1460/39 1788/1463/39 1784/1461/39
f 1793/563/37 1780/556/37 1778/554/37
f 1786/1129/40 1781/1127/40 1792/1133/40
f 1787/556/41 1800/563/41 1796/561/41
f 1799/1463/42 1794/1460/42 1790/1462/42
f 1819/1139/38 1813/1141/38 1801/1135/38
f 1806/1464/39 1812/1467/39 1808/1465/39
f 1817/563/37 1804/556/37 1802/554/37
f 1810/1137/40 1805/1135/40 1816/1141/40
f 1811/556/41 1824/563/41 1820/561/41
f 1823/1467/42 1818/1464/42 1814/1466/42
f 1877/589/37 1825/565/37 1829/569/37
f 1827/1468/39 1872/1475/39 1868/1469/39
f 1870/1155/40 1826/1157/40 1876/1150/40
f 1879/1152/38 1873/1150/38 1828/1157/38
f 1861/1166/38 1831/1144/38 1837/1146/38
f 1837/1146/38 1843/1149/38 1849/1154/38
f 1849/1154/38 1855/1162/38 1861/1166/38
f 1835/575/45 1842/1474/50 1838/1471/47
f 1865/1472/65 1836/576/46 1832/572/43
f 1846/1149/40 1840/1146/40 1834/1144/40
f 1834/1144/40 1864/1166/40 1858/1162/40
f 1858/1162/40 1852/1154/40 1846/1149/40
f 1841/579/49 1848/584/54 1844/50/51
f 1847/1474/53 1854/575/58 1850/573/55
f 1853/576/57 1860/1472/62 1856/1473/59
f 1859/584/61 1866/579/66 1862/39/63
f 1871/565/41 1884/589/41 1880/587/41
f 1883/1475/42 1878/1468/42 1874/1470/42
f 1903/1173/38 1897/1175/38 1885/1169/38
f 1890/1476/39 1896/1479/39 1892/1477/39
f 1901/601/37 1888/594/37 1886/592/37
f 1894/1171/40 1889/1169/40 1900/1175/40
f 1895/594/41 1908/601/41 1904/599/41
f 1907/1479/42 1902/1476/42 1898/1478/42
f 1927/1181/38 1921/1183/38 1909/1177/38
f 1914/1480/39 1920/1483/39 1916/1481/39
f 1925/601/37 1912/594/37 1910/592/37
f 1918/1179/40 1913/1177/40 1924/1183/40
f 1919/594/41 1932/601/41 1928/599/41
f 1931/1483/42 1926/1480/42 1922/1482/42
f 1951/1189/38 1945/1191/38 1933/1185/38
f 1938/1484/39 1944/1487/39 1940/1485/39
f 1949/613/37 1936/606/37 1934/604/37
f 1942/1187/40 1937/1185/40 1948/1191/40
f 1943/606/41 1956/613/41 1952/611/41
f 1955/1487/42 1950/1484/42 1946/1486/42
f 1975/1197/38 1969/1199/38 1957/1193/38
f 1962/1488/39 1968/1491/39 1964/1489/39
f 1973/625/37 1960/618/37 1958/616/37
f 1966/1195/40 1961/1193/40 1972/1199/40
f 1967/618/41 1980/625/41 1976/623/41
f 1979/1491/42 1974/1488/42 1970/1490/42
f 1999/1205/38 1993/1207/38 1981/1201/38
f 1986/1492/39 1992/1495/39 1988/1493/39
f 1997/625/37 1984/618/37 1982/616/37
f 1990/1203/40 1985/1201/40 1996/1207/40
f 1991/618/41 2004/625/41 2000/623/41
f 2003/1495/42 1998/1492/42 1994/1494/42
f 2023/642/38 2017/636/38 2005/627/38
f 2010/1496/39 2016/1499/39 2012/1497/39
f 2021/640/37 2008/630/37 2006/1210/37
f 2014/633/40 2009/627/40 2020/636/40
f 2015/630/41 2028/640/41 2024/1212/41
f 2027/1499/42 2022/1496/42 2018/1498/42
f 2047/1217/38 2041/1219/38 2029/1213/38
f 2034/1500/39 2040/1503/39 2036/1501/39
f 2045/655/37 2032/648/37 2030/646/37
f 2038/1215/40 2033/1213/40 2044/1219/40
f 2039/648/41 2052/655/41 2048/653/41
f 2051/1503/42 2046/1500/42 2042/1502/42
f 2071/1225/38 2065/1227/38 2053/1221/38
f 2058/1504/39 2064/1507/39 2060/1505/39
f 2069/655/37 2056/648/37 2054/646/37
f 2062/1223/40 2057/1221/40 2068/1227/40
f 2063/648/41 2076/655/41 2072/653/41
f 2075/1507/42 2070/1504/42 2066/1506/42
f 2095/666/38 2089/663/38 2077/657/38
f 2082/1508/39 2088/1511/39 2084/1509/39
f 2093/1234/37 2080/1229/37 2078/1231/37
f 2086/660/40 2081/657/40 2092/663/40
f 2087/1229/41 2100/1234/41 2096/1236/41
f 2099/1511/42 2094/1508/42 2090/1510/42
f 2119/684/38 2113/678/38 2101/669/38
f 2106/1512/39 2112/1515/39 2108/1513/39
f 2117/682/37 2104/672/37 2102/1238/37
f 2110/675/40 2105/669/40 2116/678/40
f 2111/672/41 2124/682/41 2120/1240/41
f 2123/1515/42 2118/1512/42 2114/1514/42
f 2143/696/38 2137/693/38 2125/687/38
f 2130/1516/39 2136/1519/39 2132/1517/39
f 2141/682/37 2128/672/37 2126/1238/37
f 2134/690/40 2129/687/40 2140/693/40
f 2135/672/41 2148/682/41 2144/1240/41
f 2147/1519/42 2142/1516/42 2138/1518/42
f 2167/708/38 2161/705/38 2149/699/38
f 2154/1520/39 2160/1523/39 2156/1521/39
f 2165/1246/37 2152/1241/37 2150/1243/37
f 2158/702/40 2153/699/40 2164/705/40
f 2159/1241/41 2172/1246/41 2168/1248/41
f 2171/1523/42 2166/1520/42 2162/1522/42
f 2191/726/38 2185/720/38 2173/711/38
f 2178/1524/39 2184/1527/39 2180/1525/39
f 2189/724/37 2176/714/37 2174/1250/37
f 2182/717/40 2177/711/40 2188/720/40
f 2183/714/41 2196/724/41 2192/1252/41
f 2195/1527/42 2190/1524/42 2186/1526/42
f 2215/738/38 2209/735/38 2197/729/38
f 2202/1528/39 2208/1531/39 2204/1529/39
f 2213/724/37 2200/714/37 2198/1250/37
f 2206/732/40 2201/729/40 2212/735/40
f 2207/714/41 2220/724/41 2216/1252/41
f 2219/1531/42 2214/1528/42 2210/1530/42
f 2251/1271/38 2221/1255/38 2227/1254/38
f 2227/1254/38 2233/1260/38 2239/1264/38
f 2239/1264/38 2245/1266/38 2251/1271/38
f 2225/745/45 2232/1535/50 2228/1532/47
f 2255/1533/65 2226/746/46 2222/742/43
f 2236/1260/40 2230/1254/40 2224/1255/40
f 2224/1255/40 2254/1271/40 2248/1266/40
f 2248/1266/40 2242/1264/40 2236/1260/40
f 2231/748/49 2238/752/54 2234/50/51
f 2237/1535/53 2244/745/58 2240/743/55
f 2243/746/57 2250/1533/62 2246/1534/59
f 2249/752/61 2256/748/66 2252/39/63
