# Blender 5.2.0 LTS
# www.blender.org
o Backdrop_Mushroom_Detail
v 0.000000 38.000000 0.000000
v 3.603255 26.000000 2.080341
v 2.080341 26.000000 3.603255
v 2.942045 26.000000 2.942045
v -0.000000 1.079135 4.243580
v 1.098318 1.079135 4.098984
v -3.681495 24.920864 3.681495
v -4.508892 24.920864 2.603209
v -3.675048 1.079135 2.121790
v -4.243580 1.079135 -0.000000
v -4.098984 1.079135 1.098318
v -3.004687 0.000000 0.805103
v -3.110681 0.000000 -0.000000
v -5.029016 24.920864 1.347520
v -5.206419 24.920864 0.000000
v -3.004687 0.000000 -0.805103
v -4.098984 1.079135 -1.098318
v 1.076864 26.000000 4.018909
v -2.080341 26.000000 3.603255
v -2.199583 0.000000 2.199583
v -2.693928 0.000000 1.555340
v -1.076864 26.000000 4.018909
v 0.000000 26.000000 4.160680
v -2.603209 24.920864 -4.508892
v 0.000000 1.079135 -4.243580
v -3.681495 24.920864 -3.681495
v -2.693928 0.000000 -1.555340
v -2.199583 0.000000 -2.199583
v -1.347520 24.920864 -5.029016
v -0.000000 24.920864 -5.206419
v -1.098318 1.079135 -4.098984
v -2.121790 1.079135 -3.675048
v -1.555340 0.000000 -2.693928
v -3.000664 1.079135 -3.000664
v -3.675048 1.079135 -2.121790
v -4.018909 26.000000 -1.076864
v -2.942045 26.000000 2.942045
v -4.160680 26.000000 0.000000
v -4.018909 26.000000 1.076864
v -3.603255 26.000000 2.080341
v -5.029015 24.920864 -1.347520
v -4.508892 24.920864 -2.603209
v -0.805103 0.000000 -3.004687
v 0.000000 0.000000 -3.110681
v -3.603255 26.000000 -2.080341
v 0.000000 26.000000 -4.160680
v -2.942045 26.000000 -2.942045
v -1.076864 26.000000 -4.018909
v -2.080341 26.000000 -3.603255
v 0.000000 37.674065 -4.450419
v -4.917561 25.000000 18.352585
v -4.886641 24.552141 18.237188
v 0.000000 35.163811 -12.469797
v 0.000000 34.192387 -14.142136
v -4.794269 24.109917 17.892450
v -4.641604 23.678885 17.322699
v 0.000000 30.640488 -18.019377
v -4.430572 23.264465 16.535110
v 0.000000 27.892773 -19.498558
v 0.000000 26.455538 -19.874245
v -4.163817 22.871872 15.539576
v -3.844703 22.506041 14.348628
v 5.923152 21.872675 10.259203
v 6.717513 22.171574 11.635072
v 7.427397 22.506041 12.864630
v -3.477239 22.171574 12.977235
v -3.066051 21.872675 11.442654
v 8.043878 22.871872 13.932404
v -0.000001 21.872675 11.846306
v 0.000001 22.171574 13.435023
v 0.000000 22.506041 14.854793
v 8.559202 23.264465 14.824976
v 8.966889 23.678885 15.531108
v 9.261813 24.109917 16.041933
v 9.440263 24.552141 16.351017
v 0.579571 37.918259 -2.162988
v 0.000000 22.871872 16.087753
v 1.151853 37.674065 -4.298775
v 1.709650 37.270485 -6.380502
v 2.245948 36.712593 -8.381990
v 2.754001 36.007416 -10.278071
v 3.227421 35.163811 -12.044899
v 3.660254 34.192387 -13.660254
v 4.047057 33.105370 -15.103823
v 4.382967 31.916418 -16.357454
v 4.663758 30.640488 -17.405380
v 4.885900 29.293629 -18.234425
v 5.046598 27.892773 -18.834160
v 5.143833 26.455538 -19.197046
v 5.176381 25.000000 -19.318516
v 9.499996 25.000000 16.454479
v -0.000002 23.264465 17.118406
v 1.119645 37.918259 -1.939282
v -0.000001 23.678885 17.933779
v 2.225209 37.674065 -3.854176
v 3.302791 37.270485 -5.720602
v 4.338837 36.712593 -7.515087
v 5.320321 36.007416 -9.215067
v 6.234899 35.163811 -10.799161
v 7.071067 34.192387 -12.247448
v 7.818314 33.105370 -13.541718
v 8.467241 31.916418 -14.665691
v 9.009688 30.640488 -15.605238
v 9.438833 29.293629 -16.348537
v 9.749279 27.892773 -16.886246
v 9.937122 26.455538 -17.211599
v 10.000000 25.000000 -17.320507
v -0.000001 24.109917 18.523628
v 1.583417 37.918259 -1.583417
v -0.000001 24.552141 18.880526
v 3.146921 37.674065 -3.146921
v 4.670852 37.270485 -4.670852
v 6.136043 36.712593 -6.136043
v 7.524070 36.007416 -7.524070
v 8.817478 35.163811 -8.817478
v 9.999999 34.192387 -9.999999
v 11.056766 33.105370 -11.056766
v 11.974487 31.916418 -11.974487
v 12.741623 30.640488 -12.741623
v 13.348524 29.293629 -13.348524
v 13.787563 27.892773 -13.787561
v 14.053212 26.455538 -14.053211
v 14.142136 25.000000 -14.142134
v 13.435025 25.000000 13.435026
v 13.350549 24.552141 13.350551
v 13.098183 24.109917 13.098184
v 12.681096 23.678885 12.681096
v 12.104541 23.264465 12.104542
v 11.375761 22.871872 11.375761
v 10.503926 22.506041 10.503926
v 9.499997 22.171574 9.499997
v 8.376603 21.872675 8.376604
v 7.147865 21.613104 7.147867
v -0.000001 25.000000 18.999994
v 1.939282 37.918259 -1.119645
v 3.854176 37.674065 -2.225209
v 5.720602 37.270485 -3.302791
v 7.515087 36.712593 -4.338838
v 9.215066 36.007416 -5.320321
v 10.799161 35.163811 -6.234898
v 12.247447 34.192387 -7.071067
v 13.541717 33.105370 -7.818314
v 14.665691 31.916418 -8.467240
v 15.605238 30.640488 -9.009687
v 16.348536 29.293629 -9.438831
v 16.886246 27.892773 -9.749278
v 17.211599 26.455538 -9.937120
v 17.320507 25.000000 -9.999998
v 5.829241 21.396124 5.829240
v 4.437309 21.224466 4.437309
v 2.989575 21.100288 2.989575
v 1.504246 21.025150 1.504246
v 0.000000 21.000000 0.000000
v 1.842317 21.025150 1.063663
v 3.661467 21.100288 2.113949
v 5.434572 21.224466 3.137651
v 7.139333 21.396124 4.121895
v 8.754312 21.613104 5.054305
v 10.259202 21.872675 5.923154
v 11.635074 22.171574 6.717513
v 2.162988 37.918259 -0.579571
v 4.298775 37.674065 -1.151853
v 6.380502 37.270485 -1.709650
v 8.381990 36.712593 -2.245948
v 10.278070 36.007416 -2.754000
v 12.044898 35.163811 -3.227420
v 13.660252 34.192387 -3.660254
v 15.103822 33.105370 -4.047057
v 16.357452 31.916418 -4.382966
v 17.405380 30.640488 -4.663757
v 18.234423 29.293629 -4.885899
v 18.834160 27.892773 -5.046597
v 19.197044 26.455538 -5.143832
v 19.318514 25.000000 -5.176380
v 12.864630 22.506041 7.427397
v 13.932405 22.871872 8.043879
v 14.824974 23.264465 8.559204
v 15.531107 23.678885 8.966889
v 16.041933 24.109917 9.261815
v 16.351017 24.552141 9.440265
v 16.454479 25.000000 9.499999
v 2.239290 37.918259 0.000000
v 4.450419 37.674065 0.000000
v 6.605582 37.270485 0.000000
v 8.677675 36.712593 -0.000000
v 10.640641 36.007416 0.000000
v 12.469796 35.163811 0.000000
v 14.142133 34.192387 -0.000000
v 15.636626 33.105370 0.000000
v 16.934481 31.916418 0.000001
v 18.019375 30.640488 0.000001
v 18.877663 29.293629 0.000000
v 19.498556 27.892773 0.000001
v 19.874241 26.455538 0.000001
v 19.999996 25.000000 0.000001
v 2.162987 37.918259 0.579571
v 4.298775 37.674065 1.151853
v 6.380502 37.270485 1.709651
v 8.381990 36.712593 2.245947
v 10.278070 36.007416 2.754001
v 12.044898 35.163811 3.227421
v 13.660251 34.192387 3.660253
v 15.103821 33.105370 4.047057
v 16.357452 31.916418 4.382967
v 17.405380 30.640488 4.663758
v 18.234421 29.293629 4.885899
v 18.834160 27.892773 5.046598
v 19.197042 26.455538 5.143833
v 19.318512 25.000000 5.176380
v 18.352587 25.000000 4.917561
v 18.237190 24.552141 4.886641
v 17.892452 24.109917 4.794269
v 17.322701 23.678885 4.641603
v 1.939281 37.918259 1.119645
v 3.854176 37.674065 2.225209
v 5.720602 37.270485 3.302791
v 7.515087 36.712593 4.338837
v 9.215065 36.007416 5.320321
v 10.799160 35.163811 6.234899
v 12.247446 34.192387 7.071066
v 13.541716 33.105370 7.818313
v 14.665689 31.916418 8.467240
v 15.605236 30.640488 9.009688
v 16.348534 29.293629 9.438830
v 16.886246 27.892773 9.749279
v 17.211597 26.455538 9.937120
v 17.320503 25.000000 9.999999
v 16.535110 23.264465 4.430571
v 15.539579 22.871872 4.163818
v 14.348630 22.506041 3.844704
v 12.977239 22.171574 3.477240
v 11.442654 21.872675 3.066050
v 9.764167 21.613104 2.616301
v 7.962891 21.396124 2.133650
v 6.061477 21.224466 1.624168
v 4.083836 21.100288 1.094261
v 2.054838 21.025150 0.550592
v 2.127325 21.025150 0.000000
v 1.583416 37.918259 1.583417
v 3.146921 37.674065 3.146921
v 4.670851 37.270485 4.670852
v 6.136043 36.712593 6.136042
v 7.524068 36.007416 7.524070
v 8.817476 35.163811 8.817478
v 9.999997 34.192387 9.999997
v 11.056765 33.105370 11.056765
v 11.974485 31.916418 11.974485
v 12.741622 30.640488 12.741623
v 13.348522 29.293629 13.348522
v 13.787560 27.892773 13.787561
v 14.053209 26.455538 14.053211
v 14.142132 25.000000 14.142133
v 4.227898 21.100288 0.000000
v 6.275302 21.224466 0.000000
v 8.243792 21.396124 -0.000000
v 10.108609 21.613104 0.000000
v 11.846306 21.872675 0.000000
v 13.435026 22.171574 -0.000000
v 14.854795 22.506041 0.000000
v 16.087757 22.871872 0.000001
v 17.118406 23.264465 0.000001
v 17.933779 23.678885 0.000000
v 18.523628 24.109917 0.000001
v 18.880529 24.552141 0.000001
v 18.999996 25.000000 0.000001
v 1.119644 37.918259 1.939281
v 2.225209 37.674065 3.854176
v 3.302791 37.270485 5.720602
v 4.338838 36.712593 7.515086
v 5.320320 36.007416 9.215065
v 6.234897 35.163811 10.799161
v 7.071066 34.192387 12.247444
v 7.818313 33.105370 13.541716
v 8.467239 31.916418 14.665689
v 9.009686 30.640488 15.605238
v 9.438830 29.293629 16.348536
v 9.749277 27.892773 16.886246
v 9.937119 26.455538 17.211597
v 9.999996 25.000000 17.320503
v 0.579570 37.918259 2.162987
v 1.151853 37.674065 4.298775
v 1.709650 37.270485 6.380502
v 2.245948 36.712593 8.381989
v 2.753999 36.007416 10.278069
v 3.227419 35.163811 12.044898
v 3.660253 34.192387 13.660249
v 4.047056 33.105370 15.103819
v 4.382965 31.916418 16.357449
v 4.663756 30.640488 17.405380
v 4.885898 29.293629 18.234421
v 5.046597 27.892773 18.834158
v 5.143830 26.455538 19.197041
v 5.176378 25.000000 19.318512
v -0.000000 21.025150 2.127325
v -0.000000 37.918259 2.239289
v 0.000000 21.100288 4.227898
v 0.000000 37.674065 4.450419
v -0.000000 37.270485 6.605582
v 0.000001 36.712593 8.677674
v -0.000001 36.007416 10.640639
v -0.000001 35.163811 12.469796
v 0.000001 34.192387 14.142130
v 0.000000 33.105370 15.636624
v 0.000000 31.916418 16.934477
v -0.000002 30.640488 18.019375
v -0.000001 29.293629 18.877661
v -0.000001 27.892773 19.498556
v -0.000001 26.455538 19.874237
v -0.000001 25.000000 19.999994
v 18.352589 25.000000 -4.917561
v 18.237192 24.552141 -4.886641
v 17.892452 24.109917 -4.794267
v 17.322701 23.678885 -4.641603
v 16.535112 23.264465 -4.430570
v 15.539580 22.871872 -4.163817
v 14.348631 22.506041 -3.844704
v 12.977240 22.171574 -3.477241
v 11.442654 21.872675 -3.066049
v 9.764167 21.613104 -2.616300
v 7.962891 21.396124 -2.133651
v -0.000000 21.224466 6.275302
v -0.579571 37.918259 2.162987
v 0.000001 21.396124 8.243791
v -1.151853 37.674065 4.298775
v -1.709651 37.270485 6.380502
v -2.245946 36.712593 8.381989
v -2.754001 36.007416 10.278068
v -3.227422 35.163811 12.044898
v -3.660252 34.192387 13.660248
v -4.047056 33.105370 15.103819
v -4.382965 31.916418 16.357449
v -4.663759 30.640488 17.405380
v -4.885899 29.293629 18.234421
v -5.046599 27.892773 18.834158
v -5.143833 26.455538 19.197041
v -5.176380 25.000000 19.318510
v 6.061477 21.224466 -1.624168
v 4.083836 21.100288 -1.094261
v 2.054838 21.025150 -0.550592
v 1.842318 21.025150 -1.063662
v 3.661467 21.100288 -2.113949
v 5.434572 21.224466 -3.137651
v 7.139332 21.396124 -4.121896
v 8.754313 21.613104 -5.054305
v 10.259203 21.872675 -5.923153
v 11.635075 22.171574 -6.717514
v 12.864631 22.506041 -7.427398
v -0.000001 21.613104 10.108607
v -1.119645 37.918259 1.939281
v 2.616299 21.613104 9.764165
v -2.225209 37.674065 3.854176
v -3.302791 37.270485 5.720602
v -4.338836 36.712593 7.515086
v -5.320321 36.007416 9.215063
v -6.234900 35.163811 10.799160
v -7.071064 34.192387 12.247442
v -7.818312 33.105370 13.541714
v -8.467237 31.916418 14.665688
v -9.009689 30.640488 15.605235
v -9.438830 29.293629 16.348532
v -9.749279 27.892773 16.886244
v -9.937120 26.455538 17.211594
v -9.999998 25.000000 17.320501
v 13.932407 22.871872 -8.043879
v 14.824976 23.264465 -8.559203
v 15.531109 23.678885 -8.966890
v 16.041933 24.109917 -9.261814
v 16.351019 24.552141 -9.440265
v 16.454481 25.000000 -9.499998
v 2.133651 21.396124 7.962890
v -1.583417 37.918259 1.583416
v 1.624168 21.224466 6.061477
v -3.146921 37.674065 3.146921
v -4.670852 37.270485 4.670851
v -6.136041 36.712593 6.136042
v -7.524069 36.007416 7.524067
v -8.817478 35.163811 8.817476
v -9.999994 34.192387 9.999994
v -11.056763 33.105370 11.056763
v -11.974483 31.916418 11.974483
v -12.741624 30.640488 12.741621
v -13.348522 29.293629 13.348521
v -13.787561 27.892773 13.787560
v -14.053209 26.455538 14.053206
v -14.142132 25.000000 14.142130
v 1.094261 21.100288 4.083836
v -1.939281 37.918259 1.119644
v 0.550592 21.025150 2.054838
v -3.854176 37.674065 2.225209
v -5.720602 37.270485 3.302791
v -7.515085 36.712593 4.338837
v -9.215065 36.007416 5.320319
v -10.799160 35.163811 6.234896
v -12.247440 34.192387 7.071064
v -13.541714 33.105370 7.818312
v -14.665685 31.916418 8.467237
v -15.605238 30.640488 9.009686
v -16.348534 29.293629 9.438829
v -16.886244 27.892773 9.749275
v -17.211594 26.455538 9.937117
v -17.320501 25.000000 9.999994
v 13.435029 25.000000 -13.435027
v 13.350552 24.552141 -13.350551
v 13.098185 24.109917 -13.098184
v 12.681098 23.678885 -12.681098
v 12.104542 23.264465 -12.104542
v -2.162987 37.918259 0.579570
v -4.298775 37.674065 1.151853
v -6.380502 37.270485 1.709650
v -8.381989 36.712593 2.245947
v -10.278069 36.007416 2.753999
v -12.044897 35.163811 3.227419
v -13.660245 34.192387 3.660252
v -15.103818 33.105370 4.047056
v -16.357445 31.916418 4.382964
v -17.405380 30.640488 4.663755
v -18.234421 29.293629 4.885897
v -18.834156 27.892773 5.046596
v -19.197039 26.455538 5.143829
v -19.318508 25.000000 5.176376
v 11.375763 22.871872 -11.375763
v 10.503927 22.506041 -10.503927
v 9.499999 22.171574 -9.499999
v 8.376604 21.872675 -8.376604
v 7.147867 21.613104 -7.147866
v 5.829240 21.396124 -5.829241
v 4.437309 21.224466 -4.437309
v 2.989575 21.100288 -2.989575
v 1.504246 21.025150 -1.504246
v 1.063663 21.025150 -1.842318
v 2.113949 21.100288 -3.661467
v -2.239289 37.918259 -0.000000
v -4.450419 37.674065 0.000000
v -6.605582 37.270485 -0.000000
v -8.677672 36.712593 0.000000
v -10.640639 36.007416 -0.000001
v -12.469795 35.163811 -0.000001
v -14.142126 34.192387 0.000001
v -15.636623 33.105370 -0.000000
v -16.934473 31.916418 0.000000
v -18.019375 30.640488 -0.000003
v -18.877659 29.293629 -0.000001
v -19.498554 27.892773 -0.000002
v -19.874235 26.455538 -0.000002
v -19.999989 25.000000 -0.000002
v 3.137651 21.224466 -5.434572
v 4.121895 21.396124 -7.139333
v 5.054305 21.613104 -8.754313
v 5.923154 21.872675 -10.259203
v 6.717514 22.171574 -11.635076
v 7.427398 22.506041 -12.864632
v 8.043880 22.871872 -13.932407
v 8.559204 23.264465 -14.824976
v 8.966891 23.678885 -15.531111
v 9.261815 24.109917 -16.041933
v 9.440266 24.552141 -16.351019
v 9.500000 25.000000 -16.454483
v -2.162987 37.918259 -0.579571
v -4.298775 37.674065 -1.151853
v -6.380502 37.270485 -1.709651
v -8.381988 36.712593 -2.245947
v -10.278068 36.007416 -2.754002
v -12.044897 35.163811 -3.227422
v -13.660245 34.192387 -3.660251
v -15.103818 33.105370 -4.047056
v -16.357445 31.916418 -4.382964
v -17.405378 30.640488 -4.663760
v -18.234417 29.293629 -4.885899
v -18.834156 27.892773 -5.046599
v -19.197037 26.455538 -5.143833
v -19.318504 25.000000 -5.176380
v -1.939281 37.918259 -1.119645
v -3.854176 37.674065 -2.225209
v -5.720602 37.270485 -3.302791
v -7.515085 36.712593 -4.338836
v -9.215063 36.007416 -5.320321
v -10.799159 35.163811 -6.234899
v -12.247439 34.192387 -7.071062
v -13.541713 33.105370 -7.818312
v -14.665684 31.916418 -8.467237
v -15.605232 30.640488 -9.009689
v -16.348532 29.293629 -9.438830
v -16.886242 27.892773 -9.749278
v -17.211592 26.455538 -9.937119
v -17.320498 25.000000 -9.999996
v -1.583416 37.918259 -1.583416
v -3.146921 37.674065 -3.146921
v -4.670851 37.270485 -4.670852
v -6.136041 36.712593 -6.136041
v -7.524067 36.007416 -7.524070
v -8.817475 35.163811 -8.817478
v -9.999992 34.192387 -9.999992
v -11.056762 33.105370 -11.056762
v -11.974480 31.916418 -11.974480
v -12.741618 30.640488 -12.741623
v -13.348520 29.293629 -13.348521
v -13.787558 27.892773 -13.787560
v -14.053204 26.455538 -14.053207
v -14.142126 25.000000 -14.142130
v 4.917562 25.000000 -18.352591
v 4.886641 24.552141 -18.237194
v 4.794269 24.109917 -17.892452
v 4.641604 23.678885 -17.322704
v 4.430570 23.264465 -16.535112
v 4.163818 22.871872 -15.539581
v 3.844704 22.506041 -14.348632
v 3.477241 22.171574 -12.977241
v 3.066050 21.872675 -11.442655
v 2.616301 21.613104 -9.764168
v 2.133650 21.396124 -7.962891
v 1.624168 21.224466 -6.061477
v -1.119644 37.918259 -1.939281
v -2.225209 37.674065 -3.854176
v -3.302791 37.270485 -5.720602
v -4.338836 36.712593 -7.515084
v -5.320318 36.007416 -9.215065
v -6.234896 35.163811 -10.799160
v -7.071062 34.192387 -12.247439
v -7.818312 33.105370 -13.541712
v -8.467236 31.916418 -14.665682
v -9.009684 30.640488 -15.605236
v -9.438828 29.293629 -16.348532
v -9.749274 27.892773 -16.886242
v -9.937115 26.455538 -17.211592
v -9.999992 25.000000 -17.320499
v 1.094261 21.100288 -4.083836
v 0.550592 21.025150 -2.054838
v 0.000000 21.025150 -2.127325
v 0.000000 21.100288 -4.227898
v 0.000000 21.613104 -10.108610
v 0.000000 21.872675 -11.846308
v 0.000000 22.506041 -14.854797
v -0.579570 37.918259 -2.162987
v -1.151853 37.674065 -4.298775
v -1.709650 37.270485 -6.380502
v -2.245947 36.712593 -8.381988
v -2.753998 36.007416 -10.278069
v -3.227418 35.163811 -12.044897
v -3.660251 34.192387 -13.660242
v -4.047056 33.105370 -15.103816
v -4.382964 31.916418 -16.357443
v -4.663753 30.640488 -17.405378
v -4.885897 29.293629 -18.234419
v -5.046594 27.892773 -18.834156
v -5.143828 26.455538 -19.197035
v -5.176376 25.000000 -19.318506
v 0.000000 23.264465 -17.118408
v 0.000000 23.678885 -17.933783
v 0.000000 24.109917 -18.523630
v 0.000000 24.552141 -18.880531
v 0.000000 25.000000 -19.000000
v 0.000000 37.918259 -2.239288
v 4.917560 25.000000 18.352587
v 4.886639 24.552141 18.237188
v 0.000000 37.270485 -6.605582
v -0.000000 36.712593 -8.677671
v 0.000002 36.007416 -10.640639
v 4.794267 24.109917 17.892450
v 4.641603 23.678885 17.322701
v -0.000001 33.105370 -15.636621
v -0.000000 31.916418 -16.934469
v 4.430568 23.264465 16.535112
v 0.000001 29.293629 -18.877657
v 4.163817 22.871872 15.539577
v 3.844704 22.506041 14.348628
v 0.000002 25.000000 -19.999989
v 3.477240 22.171574 12.977236
v 3.066048 21.872675 11.442654
v 1.063662 21.025150 1.842317
v 2.113949 21.100288 3.661467
v 3.137651 21.224466 5.434572
v 4.121896 21.396124 7.139332
v 5.054304 21.613104 8.754312
v 0.805103 0.000000 -3.004687
v 3.004687 0.000000 -0.805103
v 3.110681 0.000000 0.000000
v 2.693928 0.000000 -1.555340
v 3.675048 1.079135 -2.121790
v 4.508892 24.920864 -2.603209
v 5.029016 24.920864 -1.347520
v 4.243580 1.079135 0.000000
v 4.098984 1.079135 -1.098318
v 3.681495 24.920864 -3.681495
v 1.098318 1.079135 -4.098984
v -0.550592 21.025150 2.054838
v -1.094261 21.100288 4.083836
v -1.624168 21.224466 6.061477
v -2.133649 21.396124 7.962890
v -2.616301 21.613104 9.764164
v 3.000664 1.079135 -3.000664
v 2.121790 1.079135 -3.675048
v -9.499998 25.000000 16.454477
v -9.440264 24.552141 16.351013
v -9.261815 24.109917 16.041931
v -8.966889 23.678885 15.531106
v -8.559205 23.264465 14.824973
v -8.043876 22.871872 13.932403
v -7.427396 22.506041 12.864628
v -6.717510 22.171574 11.635070
v -5.923155 21.872675 10.259202
v 1.076864 26.000000 -4.018909
v 1.347520 24.920864 -5.029015
v 2.603209 24.920864 -4.508892
v 1.555340 0.000000 -2.693928
v 2.199583 0.000000 -2.199583
v 3.681495 24.920864 3.681495
v 2.603209 24.920864 4.508892
v 2.121790 1.079135 3.675048
v 2.199583 0.000000 2.199583
v 4.508892 24.920864 2.603209
v 3.000664 1.079135 3.000664
v -1.063663 21.025150 1.842317
v -2.113949 21.100288 3.661467
v -3.137651 21.224466 5.434572
v -4.121894 21.396124 7.139332
v -5.054305 21.613104 8.754310
v 3.675048 1.079135 2.121790
v 4.098984 1.079135 1.098318
v -13.435025 25.000000 13.435023
v -13.350549 24.552141 13.350546
v -13.098184 24.109917 13.098182
v -12.681096 23.678885 12.681095
v -12.104543 23.264465 12.104540
v -11.375758 22.871872 11.375758
v -10.503924 22.506041 10.503924
v -9.499994 22.171574 9.499994
v -8.376604 21.872675 8.376602
v 3.004687 0.000000 0.805103
v 2.693928 0.000000 1.555340
v 1.555340 0.000000 2.693928
v 4.160680 26.000000 0.000000
v 2.080341 26.000000 -3.603255
v 4.018909 26.000000 -1.076864
v 3.603255 26.000000 -2.080341
v 2.942045 26.000000 -2.942045
v 5.206419 24.920864 -0.000000
v 5.029015 24.920864 1.347520
v 0.805103 0.000000 3.004687
v -1.504246 21.025150 1.504245
v -2.989575 21.100288 2.989575
v -4.437309 21.224466 4.437309
v -5.829239 21.396124 5.829240
v -7.147865 21.613104 7.147864
v -0.000000 0.000000 3.110681
v 1.347520 24.920864 5.029016
v -16.454477 25.000000 9.499994
v -16.351015 24.552141 9.440261
v -16.041931 24.109917 9.261811
v -15.531107 23.678885 8.966888
v -14.824976 23.264465 8.559201
v -13.932401 22.871872 8.043876
v -12.864628 22.506041 7.427396
v -11.635069 22.171574 6.717510
v -10.259202 21.872675 5.923151
v 0.000000 24.920864 5.206419
v -1.098318 1.079135 4.098984
v -0.805103 0.000000 3.004687
v -1.347520 24.920864 5.029015
v -2.603209 24.920864 4.508892
v -2.121790 1.079135 3.675048
v -1.555340 0.000000 2.693928
v -3.000664 1.079135 3.000664
v 4.018909 26.000000 1.076864
v -1.347520 24.920864 -5.029016
v -1.076864 26.000000 -4.018909
v -1.842317 21.025150 1.063662
v -3.661467 21.100288 2.113949
v -5.434572 21.224466 3.137651
v -7.139331 21.396124 4.121895
v -8.754312 21.613104 5.054303
v -1.098318 1.079135 -4.098984
v -0.805103 0.000000 -3.004687
v -18.352583 25.000000 4.917557
v -18.237186 24.552141 4.886638
v -17.892448 24.109917 4.794266
v -17.322699 23.678885 4.641602
v -16.535110 23.264465 4.430567
v -15.539574 22.871872 4.163816
v -14.348627 22.506041 3.844703
v -12.977233 22.171574 3.477240
v -11.442652 21.872675 3.066048
v -2.603209 24.920864 -4.508892
v -2.080341 26.000000 -3.603255
v -2.121790 1.079135 -3.675048
v -1.555340 0.000000 -2.693928
v -3.681495 24.920864 -3.681495
v -2.942045 26.000000 -2.942045
v -3.000664 1.079135 -3.000664
v -2.199583 0.000000 -2.199583
v -4.508892 24.920864 -2.603209
v -3.603255 26.000000 -2.080341
v -3.675048 1.079135 -2.121790
v -2.054838 21.025150 0.550592
v -4.083836 21.100288 1.094261
v -6.061477 21.224466 1.624168
v -7.962889 21.396124 2.133650
v -9.764165 21.613104 2.616299
v -2.693928 0.000000 -1.555340
v -5.029015 24.920864 -1.347520
v -18.999990 25.000000 -0.000002
v -18.880524 24.552141 -0.000002
v -18.523626 24.109917 -0.000002
v -17.933777 23.678885 -0.000001
v -17.118406 23.264465 -0.000003
v -16.087749 22.871872 0.000000
v -14.854792 22.506041 -0.000000
v -13.435019 22.171574 0.000001
v -11.846305 21.872675 -0.000001
v -4.018909 26.000000 -1.076864
v -4.098984 1.079135 -1.098318
v -3.004687 0.000000 -0.805103
v -5.206419 24.920864 0.000000
v -4.160680 26.000000 0.000000
v -4.243580 1.079135 -0.000000
v -3.110681 0.000000 -0.000000
v -5.029016 24.920864 1.347520
v -4.018909 26.000000 1.076864
v -4.098984 1.079135 1.098318
v -3.004687 0.000000 0.805103
v -2.127324 21.025150 -0.000000
v -4.227898 21.100288 0.000000
v -6.275302 21.224466 -0.000000
v -8.243789 21.396124 0.000000
v -10.108607 21.613104 -0.000001
v -4.508892 24.920864 2.603209
v -3.603255 26.000000 2.080341
v -18.352579 25.000000 -4.917561
v -18.237185 24.552141 -4.886641
v -17.892448 24.109917 -4.794269
v -17.322697 23.678885 -4.641604
v -16.535109 23.264465 -4.430572
v -15.539573 22.871872 -4.163816
v -14.348627 22.506041 -3.844703
v -12.977233 22.171574 -3.477238
v -11.442652 21.872675 -3.066051
v -3.675048 1.079135 2.121790
v -2.693928 0.000000 1.555340
v -3.681495 24.920864 3.681495
v -2.942045 26.000000 2.942045
v -3.000664 1.079135 3.000664
v -2.199583 0.000000 2.199583
v -2.603209 24.920864 4.508892
v -2.080341 26.000000 3.603255
v -2.121790 1.079135 3.675048
v -1.555340 0.000000 2.693928
v -1.347520 24.920864 5.029015
v -2.054837 21.025150 -0.550592
v -4.083836 21.100288 -1.094261
v -6.061477 21.224466 -1.624168
v -7.962888 21.396124 -2.133649
v -9.764164 21.613104 -2.616302
v -1.076864 26.000000 4.018909
v -1.098318 1.079135 4.098984
v -16.454472 25.000000 -9.499996
v -16.351011 24.552141 -9.440264
v -16.041929 24.109917 -9.261814
v -15.531105 23.678885 -8.966889
v -14.824971 23.264465 -8.559205
v -13.932400 22.871872 -8.043875
v -12.864627 22.506041 -7.427396
v -11.635068 22.171574 -6.717509
v -10.259201 21.872675 -5.923154
v -0.805103 0.000000 3.004687
v 0.000000 24.920864 5.206419
v 0.000000 26.000000 4.160680
v -0.000000 1.079135 4.243580
v -0.000000 0.000000 3.110681
v 1.347520 24.920864 5.029016
v 1.076864 26.000000 4.018909
v 1.098318 1.079135 4.098984
v 0.805103 0.000000 3.004687
v 2.603209 24.920864 4.508892
v 2.080341 26.000000 3.603255
v -1.842317 21.025150 -1.063662
v -3.661467 21.100288 -2.113949
v -5.434572 21.224466 -3.137651
v -7.139330 21.396124 -4.121894
v -8.754310 21.613104 -5.054305
v 2.121790 1.079135 3.675048
v 1.555340 0.000000 2.693928
v -13.435019 25.000000 -13.435023
v -13.350544 24.552141 -13.350547
v -13.098180 24.109917 -13.098183
v -12.681094 23.678885 -12.681095
v -12.104537 23.264465 -12.104542
v -11.375756 22.871872 -11.375756
v -10.503923 22.506041 -10.503923
v -9.499992 22.171574 -9.499993
v -8.376601 21.872675 -8.376604
v 3.681495 24.920864 3.681495
v 2.942045 26.000000 2.942045
v 3.000664 1.079135 3.000664
v 2.199583 0.000000 2.199583
v 4.508892 24.920864 2.603209
v 3.603255 26.000000 2.080341
v 3.675048 1.079135 2.121790
v 2.693928 0.000000 1.555340
v 5.029015 24.920864 1.347520
v 4.018909 26.000000 1.076864
v 4.098984 1.079135 1.098318
v -1.504245 21.025150 -1.504246
v -2.989575 21.100288 -2.989575
v -4.437309 21.224466 -4.437309
v -5.829239 21.396124 -5.829239
v -7.147864 21.613104 -7.147866
v 3.004687 0.000000 0.805103
v 5.206419 24.920864 -0.000000
v -9.499993 25.000000 -16.454475
v -9.440259 24.552141 -16.351013
v -9.261810 24.109917 -16.041931
v -8.966887 23.678885 -15.531106
v -8.559199 23.264465 -14.824974
v -8.043874 22.871872 -13.932398
v -7.427396 22.506041 -12.864626
v -6.717509 22.171574 -11.635068
v -5.923151 21.872675 -10.259202
v 4.160680 26.000000 0.000000
v 4.243580 1.079135 0.000000
v 3.110681 0.000000 0.000000
v 5.029016 24.920864 -1.347520
v 4.018909 26.000000 -1.076864
v 4.098984 1.079135 -1.098318
v 3.004687 0.000000 -0.805103
v 4.508892 24.920864 -2.603209
v 3.603255 26.000000 -2.080341
v 3.675048 1.079135 -2.121790
v 2.693928 0.000000 -1.555340
v -1.063662 21.025150 -1.842317
v -2.113949 21.100288 -3.661467
v -3.137651 21.224466 -5.434572
v -4.121894 21.396124 -7.139330
v -5.054302 21.613104 -8.754312
v 3.681495 24.920864 -3.681495
v 2.942045 26.000000 -2.942045
v -4.917557 25.000000 -18.352581
v -4.886636 24.552141 -18.237183
v -4.794264 24.109917 -17.892448
v -4.641602 23.678885 -17.322699
v -4.430565 23.264465 -16.535110
v -4.163815 22.871872 -15.539570
v -3.844703 22.506041 -14.348625
v -3.477238 22.171574 -12.977230
v -3.066047 21.872675 -11.442652
v 3.000664 1.079135 -3.000664
v 2.199583 0.000000 -2.199583
v 2.603209 24.920864 -4.508892
v 2.080341 26.000000 -3.603255
v 2.121790 1.079135 -3.675048
v 1.555340 0.000000 -2.693928
v 1.347520 24.920864 -5.029015
v 1.076864 26.000000 -4.018909
v 1.098318 1.079135 -4.098984
v 0.805103 0.000000 -3.004687
v -0.000000 24.920864 -5.206419
v -0.550592 21.025150 -2.054837
v -1.094261 21.100288 -4.083836
v -1.624168 21.224466 -6.061477
v -2.133650 21.396124 -7.962888
v -2.616298 21.613104 -9.764165
v -0.000000 22.871872 -16.087746
v 0.000000 22.171574 -13.435018
v 0.000000 26.000000 -4.160680
v 0.000000 1.079135 -4.243580
v 0.000000 0.000000 -3.110681
v 0.000000 21.224466 -6.275302
v -0.000000 21.396124 -8.243788
vn -0.0000 1.0000 -0.0000
vn 0.6219 0.6959 0.3591
vn 0.3591 0.6959 0.6219
vn 0.5078 0.6959 0.5078
vn -0.0000 -0.7241 0.6897
vn 0.1785 -0.7241 0.6662
vn -0.5078 0.6959 0.5078
vn -0.6219 0.6959 0.3591
vn -0.5973 -0.7241 0.3449
vn -0.6897 -0.7241 -0.0000
vn -0.6662 -0.7241 0.1785
vn -0.6937 0.6959 0.1859
vn -0.7181 0.6959 -0.0000
vn -0.6662 -0.7241 -0.1785
vn 0.1859 0.6959 0.6937
vn -0.3591 0.6959 0.6219
vn -0.4877 -0.7241 0.4877
vn -0.1859 0.6959 0.6937
vn -0.0000 0.6959 0.7181
vn -0.3591 0.6959 -0.6219
vn -0.0000 -0.7241 -0.6897
vn -0.5078 0.6959 -0.5078
vn -0.5973 -0.7241 -0.3449
vn -0.4877 -0.7241 -0.4877
vn -0.1859 0.6959 -0.6937
vn -0.0000 0.6959 -0.7181
vn -0.1785 -0.7241 -0.6662
vn -0.3449 -0.7241 -0.5973
vn -0.6937 0.6959 -0.1859
vn -0.6219 0.6959 -0.3591
vn -0.0000 0.9887 -0.1501
vn -0.2501 -0.2577 0.9333
vn -0.2317 -0.4459 0.8646
vn -0.0000 0.8858 -0.4641
vn -0.0000 0.8359 -0.5490
vn -0.1800 -0.7185 0.6718
vn -0.1367 -0.8492 0.5101
vn -0.0000 0.5913 -0.8065
vn -0.1058 -0.9126 0.3949
vn -0.0000 0.3281 -0.9447
vn -0.0000 0.1689 -0.9856
vn -0.0837 -0.9463 0.3122
vn -0.0671 -0.9658 0.2504
vn 0.0839 -0.9858 0.1454
vn 0.1045 -0.9779 0.1810
vn 0.1296 -0.9658 0.2245
vn -0.0541 -0.9779 0.2018
vn -0.0434 -0.9858 0.1622
vn 0.1616 -0.9463 0.2799
vn -0.0000 -0.9858 0.1679
vn -0.0000 -0.9779 0.2090
vn -0.0000 -0.9658 0.2592
vn 0.2044 -0.9126 0.3540
vn 0.2640 -0.8492 0.4573
vn 0.3478 -0.7185 0.6023
vn 0.4475 -0.4459 0.7751
vn 0.0197 0.9971 -0.0736
vn -0.0000 -0.9463 0.3233
vn 0.0388 0.9887 -0.1450
vn 0.0583 0.9743 -0.2176
vn 0.0783 0.9532 -0.2921
vn 0.0988 0.9242 -0.3689
vn 0.1201 0.8858 -0.4483
vn 0.1421 0.8359 -0.5302
vn 0.1645 0.7720 -0.6140
vn 0.1870 0.6913 -0.6979
vn 0.2087 0.5913 -0.7790
vn 0.2284 0.4701 -0.8526
vn 0.2445 0.3281 -0.9125
vn 0.2551 0.1689 -0.9520
vn 0.2579 0.0861 -0.9623
vn 0.4831 -0.2577 0.8368
vn -0.0000 -0.9126 0.4088
vn 0.0381 0.9971 -0.0660
vn -0.0000 -0.8492 0.5281
vn 0.0750 0.9887 -0.1300
vn 0.1126 0.9743 -0.1951
vn 0.1512 0.9532 -0.2619
vn 0.1910 0.9242 -0.3307
vn 0.2321 0.8858 -0.4019
vn 0.2745 0.8359 -0.4754
vn 0.3178 0.7720 -0.5505
vn 0.3613 0.6913 -0.6257
vn 0.4032 0.5913 -0.6984
vn 0.4413 0.4701 -0.7644
vn 0.4723 0.3281 -0.8181
vn 0.4928 0.1689 -0.8536
vn 0.4981 0.0861 -0.8628
vn -0.0000 -0.7185 0.6955
vn 0.0539 0.9971 -0.0539
vn -0.0000 -0.4459 0.8951
vn 0.1061 0.9887 -0.1061
vn 0.1593 0.9743 -0.1593
vn 0.2138 0.9532 -0.2138
vn 0.2700 0.9242 -0.2700
vn 0.3282 0.8858 -0.3282
vn 0.3882 0.8359 -0.3882
vn 0.4495 0.7720 -0.4495
vn 0.5109 0.6913 -0.5109
vn 0.5703 0.5913 -0.5703
vn 0.6241 0.4701 -0.6241
vn 0.6680 0.3281 -0.6680
vn 0.6969 0.1689 -0.6969
vn 0.7045 0.0861 -0.7045
vn 0.6832 -0.2577 0.6832
vn 0.6329 -0.4459 0.6329
vn 0.4918 -0.7185 0.4918
vn 0.3734 -0.8492 0.3734
vn 0.2891 -0.9126 0.2891
vn 0.2286 -0.9463 0.2286
vn 0.1833 -0.9658 0.1833
vn 0.1478 -0.9779 0.1478
vn 0.1187 -0.9858 0.1187
vn 0.0940 -0.9911 0.0940
vn -0.0000 -0.2577 0.9662
vn 0.0660 0.9971 -0.0381
vn 0.1300 0.9887 -0.0750
vn 0.1951 0.9743 -0.1126
vn 0.2619 0.9532 -0.1512
vn 0.3307 0.9242 -0.1910
vn 0.4019 0.8858 -0.2321
vn 0.4754 0.8359 -0.2745
vn 0.5505 0.7720 -0.3178
vn 0.6257 0.6913 -0.3613
vn 0.6984 0.5913 -0.4032
vn 0.7644 0.4701 -0.4413
vn 0.8181 0.3281 -0.4723
vn 0.8536 0.1689 -0.4928
vn 0.8628 0.0861 -0.4981
vn 0.0724 -0.9947 0.0724
vn 0.0529 -0.9972 0.0529
vn 0.0348 -0.9988 0.0348
vn 0.0175 -0.9997 0.0175
vn -0.0000 -1.0000 -0.0000
vn 0.0215 -0.9997 0.0124
vn 0.0426 -0.9988 0.0246
vn 0.0648 -0.9972 0.0374
vn 0.0887 -0.9947 0.0512
vn 0.1152 -0.9911 0.0665
vn 0.1454 -0.9858 0.0839
vn 0.1810 -0.9779 0.1045
vn 0.0736 0.9971 -0.0197
vn 0.1450 0.9887 -0.0388
vn 0.2176 0.9743 -0.0583
vn 0.2921 0.9532 -0.0783
vn 0.3689 0.9242 -0.0988
vn 0.4483 0.8858 -0.1201
vn 0.5302 0.8359 -0.1421
vn 0.6140 0.7720 -0.1645
vn 0.6979 0.6913 -0.1870
vn 0.7790 0.5913 -0.2087
vn 0.8526 0.4701 -0.2284
vn 0.9125 0.3281 -0.2445
vn 0.9520 0.1689 -0.2551
vn 0.9623 0.0861 -0.2579
vn 0.2245 -0.9658 0.1296
vn 0.2799 -0.9463 0.1616
vn 0.3540 -0.9126 0.2044
vn 0.4573 -0.8492 0.2640
vn 0.6023 -0.7185 0.3478
vn 0.7752 -0.4459 0.4475
vn 0.8368 -0.2577 0.4831
vn 0.0762 0.9971 -0.0000
vn 0.1501 0.9887 -0.0000
vn 0.2253 0.9743 -0.0000
vn 0.3024 0.9532 -0.0000
vn 0.3819 0.9242 -0.0000
vn 0.4641 0.8858 -0.0000
vn 0.5490 0.8359 -0.0000
vn 0.6357 0.7720 -0.0000
vn 0.7225 0.6913 -0.0000
vn 0.8065 0.5913 -0.0000
vn 0.8826 0.4701 -0.0000
vn 0.9447 0.3281 -0.0000
vn 0.9856 0.1689 -0.0000
vn 0.9963 0.0861 -0.0000
vn 0.0736 0.9971 0.0197
vn 0.1450 0.9887 0.0388
vn 0.2176 0.9743 0.0583
vn 0.2921 0.9532 0.0783
vn 0.3689 0.9242 0.0988
vn 0.4483 0.8858 0.1201
vn 0.5302 0.8359 0.1421
vn 0.6140 0.7720 0.1645
vn 0.6979 0.6913 0.1870
vn 0.7790 0.5913 0.2087
vn 0.8526 0.4701 0.2284
vn 0.9125 0.3281 0.2445
vn 0.9520 0.1689 0.2551
vn 0.9623 0.0861 0.2579
vn 0.9333 -0.2577 0.2501
vn 0.8646 -0.4459 0.2317
vn 0.6718 -0.7185 0.1800
vn 0.5101 -0.8492 0.1367
vn 0.0660 0.9971 0.0381
vn 0.1300 0.9887 0.0750
vn 0.1951 0.9743 0.1126
vn 0.2619 0.9532 0.1512
vn 0.3307 0.9242 0.1910
vn 0.4019 0.8858 0.2321
vn 0.4754 0.8359 0.2745
vn 0.5505 0.7720 0.3178
vn 0.6257 0.6913 0.3613
vn 0.6984 0.5913 0.4032
vn 0.7644 0.4701 0.4413
vn 0.8181 0.3281 0.4723
vn 0.8536 0.1689 0.4928
vn 0.8628 0.0861 0.4981
vn 0.3949 -0.9126 0.1058
vn 0.3122 -0.9463 0.0837
vn 0.2504 -0.9658 0.0671
vn 0.2018 -0.9779 0.0541
vn 0.1622 -0.9858 0.0434
vn 0.1285 -0.9911 0.0344
vn 0.0989 -0.9947 0.0265
vn 0.0723 -0.9972 0.0194
vn 0.0475 -0.9988 0.0127
vn 0.0239 -0.9997 0.0064
vn 0.0248 -0.9997 -0.0000
vn 0.0539 0.9971 0.0539
vn 0.1061 0.9887 0.1061
vn 0.1593 0.9743 0.1593
vn 0.2138 0.9532 0.2138
vn 0.2700 0.9242 0.2700
vn 0.3282 0.8858 0.3282
vn 0.3882 0.8359 0.3882
vn 0.4495 0.7720 0.4495
vn 0.5109 0.6913 0.5109
vn 0.5703 0.5913 0.5703
vn 0.6241 0.4701 0.6241
vn 0.6680 0.3281 0.6680
vn 0.6969 0.1689 0.6969
vn 0.7045 0.0861 0.7045
vn 0.0492 -0.9988 -0.0000
vn 0.0748 -0.9972 -0.0000
vn 0.1024 -0.9947 -0.0000
vn 0.1330 -0.9911 -0.0000
vn 0.1679 -0.9858 -0.0000
vn 0.2090 -0.9779 -0.0000
vn 0.2592 -0.9658 -0.0000
vn 0.3233 -0.9463 -0.0000
vn 0.4088 -0.9126 -0.0000
vn 0.5281 -0.8492 -0.0000
vn 0.6955 -0.7185 -0.0000
vn 0.8951 -0.4459 -0.0000
vn 0.9662 -0.2577 -0.0000
vn 0.0381 0.9971 0.0660
vn 0.0750 0.9887 0.1300
vn 0.1126 0.9743 0.1951
vn 0.1512 0.9532 0.2619
vn 0.1910 0.9242 0.3307
vn 0.2321 0.8858 0.4019
vn 0.2745 0.8359 0.4754
vn 0.3178 0.7720 0.5505
vn 0.3613 0.6913 0.6257
vn 0.4032 0.5913 0.6984
vn 0.4413 0.4701 0.7644
vn 0.4723 0.3281 0.8181
vn 0.4928 0.1689 0.8536
vn 0.4981 0.0861 0.8628
vn 0.0197 0.9971 0.0736
vn 0.0388 0.9887 0.1450
vn 0.0583 0.9743 0.2176
vn 0.0783 0.9532 0.2921
vn 0.0988 0.9242 0.3689
vn 0.1201 0.8858 0.4483
vn 0.1421 0.8359 0.5302
vn 0.1645 0.7720 0.6140
vn 0.1870 0.6913 0.6979
vn 0.2087 0.5913 0.7790
vn 0.2284 0.4701 0.8526
vn 0.2445 0.3281 0.9125
vn 0.2551 0.1689 0.9520
vn 0.2579 0.0861 0.9623
vn -0.0000 -0.9997 0.0248
vn -0.0000 0.9971 0.0762
vn -0.0000 -0.9988 0.0492
vn -0.0000 0.9887 0.1501
vn -0.0000 0.9743 0.2253
vn -0.0000 0.9532 0.3024
vn -0.0000 0.9242 0.3819
vn -0.0000 0.8858 0.4641
vn -0.0000 0.8359 0.5489
vn -0.0000 0.7720 0.6357
vn -0.0000 0.6913 0.7225
vn -0.0000 0.5913 0.8065
vn -0.0000 0.4701 0.8826
vn -0.0000 0.3281 0.9447
vn -0.0000 0.1689 0.9856
vn -0.0000 0.0861 0.9963
vn 0.9333 -0.2577 -0.2501
vn 0.8646 -0.4459 -0.2317
vn 0.6718 -0.7185 -0.1800
vn 0.5101 -0.8492 -0.1367
vn 0.3949 -0.9126 -0.1058
vn 0.3122 -0.9463 -0.0837
vn 0.2504 -0.9658 -0.0671
vn 0.2018 -0.9779 -0.0541
vn 0.1622 -0.9858 -0.0434
vn 0.1285 -0.9911 -0.0344
vn 0.0989 -0.9947 -0.0265
vn -0.0000 -0.9972 0.0748
vn -0.0197 0.9971 0.0736
vn -0.0000 -0.9947 0.1024
vn -0.0388 0.9887 0.1450
vn -0.0583 0.9743 0.2176
vn -0.0783 0.9532 0.2921
vn -0.0988 0.9242 0.3689
vn -0.1201 0.8858 0.4483
vn -0.1421 0.8359 0.5302
vn -0.1645 0.7720 0.6140
vn -0.1870 0.6913 0.6979
vn -0.2087 0.5913 0.7790
vn -0.2284 0.4701 0.8526
vn -0.2445 0.3281 0.9125
vn -0.2551 0.1689 0.9520
vn -0.2579 0.0861 0.9623
vn 0.0723 -0.9972 -0.0194
vn 0.0475 -0.9988 -0.0127
vn 0.0239 -0.9997 -0.0064
vn 0.0215 -0.9997 -0.0124
vn 0.0426 -0.9988 -0.0246
vn 0.0648 -0.9972 -0.0374
vn 0.0887 -0.9947 -0.0512
vn 0.1152 -0.9911 -0.0665
vn 0.1454 -0.9858 -0.0839
vn 0.1810 -0.9779 -0.1045
vn 0.2245 -0.9658 -0.1296
vn -0.0000 -0.9911 0.1330
vn -0.0381 0.9971 0.0660
vn 0.0344 -0.9911 0.1285
vn -0.0750 0.9887 0.1300
vn -0.1126 0.9743 0.1951
vn -0.1512 0.9532 0.2619
vn -0.1910 0.9242 0.3307
vn -0.2321 0.8858 0.4019
vn -0.2745 0.8359 0.4754
vn -0.3178 0.7720 0.5505
vn -0.3613 0.6913 0.6257
vn -0.4032 0.5913 0.6984
vn -0.4413 0.4701 0.7644
vn -0.4723 0.3281 0.8181
vn -0.4928 0.1689 0.8536
vn -0.4981 0.0861 0.8628
vn 0.2799 -0.9463 -0.1616
vn 0.3540 -0.9126 -0.2044
vn 0.4573 -0.8492 -0.2640
vn 0.6023 -0.7185 -0.3478
vn 0.7751 -0.4459 -0.4475
vn 0.8368 -0.2577 -0.4831
vn 0.0265 -0.9947 0.0989
vn -0.0539 0.9971 0.0539
vn 0.0194 -0.9972 0.0723
vn -0.1061 0.9887 0.1061
vn -0.1593 0.9743 0.1593
vn -0.2138 0.9532 0.2138
vn -0.2700 0.9242 0.2700
vn -0.3282 0.8858 0.3282
vn -0.3882 0.8359 0.3882
vn -0.4495 0.7720 0.4495
vn -0.5109 0.6913 0.5109
vn -0.5703 0.5913 0.5703
vn -0.6241 0.4701 0.6241
vn -0.6680 0.3281 0.6680
vn -0.6969 0.1689 0.6969
vn -0.7045 0.0861 0.7045
vn 0.0127 -0.9988 0.0475
vn -0.0660 0.9971 0.0381
vn 0.0064 -0.9997 0.0239
vn -0.1300 0.9887 0.0750
vn -0.1951 0.9743 0.1126
vn -0.2619 0.9532 0.1512
vn -0.3307 0.9242 0.1910
vn -0.4019 0.8858 0.2321
vn -0.4754 0.8359 0.2745
vn -0.5505 0.7720 0.3178
vn -0.6257 0.6913 0.3613
vn -0.6984 0.5913 0.4032
vn -0.7644 0.4701 0.4413
vn -0.8181 0.3281 0.4723
vn -0.8536 0.1689 0.4928
vn -0.8628 0.0861 0.4981
vn 0.6832 -0.2577 -0.6832
vn 0.6329 -0.4459 -0.6329
vn 0.4918 -0.7185 -0.4918
vn 0.3734 -0.8492 -0.3734
vn 0.2891 -0.9126 -0.2891
vn -0.0736 0.9971 0.0197
vn -0.1450 0.9887 0.0388
vn -0.2176 0.9743 0.0583
vn -0.2921 0.9532 0.0783
vn -0.3689 0.9242 0.0988
vn -0.4483 0.8858 0.1201
vn -0.5302 0.8359 0.1421
vn -0.6140 0.7720 0.1645
vn -0.6979 0.6913 0.1870
vn -0.7790 0.5913 0.2087
vn -0.8526 0.4701 0.2284
vn -0.9125 0.3281 0.2445
vn -0.9520 0.1689 0.2551
vn -0.9623 0.0861 0.2579
vn 0.2286 -0.9463 -0.2286
vn 0.1833 -0.9658 -0.1833
vn 0.1478 -0.9779 -0.1478
vn 0.1187 -0.9858 -0.1187
vn 0.0940 -0.9911 -0.0940
vn 0.0724 -0.9947 -0.0724
vn 0.0529 -0.9972 -0.0529
vn 0.0348 -0.9988 -0.0348
vn 0.0175 -0.9997 -0.0175
vn 0.0124 -0.9997 -0.0215
vn 0.0246 -0.9988 -0.0426
vn -0.0762 0.9971 -0.0000
vn -0.1501 0.9887 -0.0000
vn -0.2253 0.9743 -0.0000
vn -0.3024 0.9532 -0.0000
vn -0.3819 0.9242 -0.0000
vn -0.4641 0.8858 -0.0000
vn -0.5489 0.8359 -0.0000
vn -0.6357 0.7720 -0.0000
vn -0.7225 0.6913 -0.0000
vn -0.8065 0.5913 -0.0000
vn -0.8826 0.4701 -0.0000
vn -0.9447 0.3281 -0.0000
vn -0.9856 0.1689 -0.0000
vn -0.9963 0.0861 -0.0000
vn 0.0374 -0.9972 -0.0648
vn 0.0512 -0.9947 -0.0887
vn 0.0665 -0.9911 -0.1152
vn 0.0839 -0.9858 -0.1454
vn 0.1045 -0.9779 -0.1810
vn 0.1296 -0.9658 -0.2245
vn 0.1616 -0.9463 -0.2799
vn 0.2044 -0.9126 -0.3540
vn 0.2640 -0.8492 -0.4573
vn 0.3478 -0.7185 -0.6023
vn 0.4475 -0.4459 -0.7752
vn 0.4831 -0.2577 -0.8368
vn -0.0736 0.9971 -0.0197
vn -0.1450 0.9887 -0.0388
vn -0.2176 0.9743 -0.0583
vn -0.2921 0.9532 -0.0783
vn -0.3689 0.9242 -0.0988
vn -0.4483 0.8858 -0.1201
vn -0.5302 0.8359 -0.1421
vn -0.6140 0.7720 -0.1645
vn -0.6979 0.6913 -0.1870
vn -0.7790 0.5913 -0.2087
vn -0.8526 0.4701 -0.2284
vn -0.9125 0.3281 -0.2445
vn -0.9520 0.1689 -0.2551
vn -0.9623 0.0861 -0.2579
vn -0.0660 0.9971 -0.0381
vn -0.1300 0.9887 -0.0750
vn -0.1951 0.9743 -0.1126
vn -0.2619 0.9532 -0.1512
vn -0.3307 0.9242 -0.1910
vn -0.4019 0.8858 -0.2321
vn -0.4754 0.8359 -0.2745
vn -0.5505 0.7720 -0.3178
vn -0.6257 0.6913 -0.3613
vn -0.6984 0.5913 -0.4032
vn -0.7644 0.4701 -0.4413
vn -0.8181 0.3281 -0.4723
vn -0.8536 0.1689 -0.4928
vn -0.8628 0.0861 -0.4981
vn -0.0539 0.9971 -0.0539
vn -0.1061 0.9887 -0.1061
vn -0.1593 0.9743 -0.1593
vn -0.2138 0.9532 -0.2138
vn -0.2700 0.9242 -0.2700
vn -0.3282 0.8858 -0.3282
vn -0.3882 0.8359 -0.3882
vn -0.4495 0.7720 -0.4495
vn -0.5109 0.6913 -0.5109
vn -0.5703 0.5913 -0.5703
vn -0.6241 0.4701 -0.6241
vn -0.6680 0.3281 -0.6680
vn -0.6969 0.1689 -0.6969
vn -0.7045 0.0861 -0.7045
vn 0.2501 -0.2577 -0.9333
vn 0.2317 -0.4459 -0.8646
vn 0.1800 -0.7185 -0.6718
vn 0.1367 -0.8492 -0.5101
vn 0.1058 -0.9126 -0.3949
vn 0.0837 -0.9463 -0.3122
vn 0.0671 -0.9658 -0.2504
vn 0.0541 -0.9779 -0.2018
vn 0.0434 -0.9858 -0.1622
vn 0.0344 -0.9911 -0.1285
vn 0.0265 -0.9947 -0.0989
vn 0.0194 -0.9972 -0.0723
vn -0.0381 0.9971 -0.0660
vn -0.0750 0.9887 -0.1300
vn -0.1126 0.9743 -0.1951
vn -0.1512 0.9532 -0.2619
vn -0.1910 0.9242 -0.3307
vn -0.2321 0.8858 -0.4019
vn -0.2745 0.8359 -0.4754
vn -0.3178 0.7720 -0.5505
vn -0.3613 0.6913 -0.6257
vn -0.4032 0.5913 -0.6984
vn -0.4413 0.4701 -0.7644
vn -0.4723 0.3281 -0.8181
vn -0.4928 0.1689 -0.8536
vn -0.4981 0.0861 -0.8628
vn 0.0127 -0.9988 -0.0475
vn 0.0064 -0.9997 -0.0239
vn -0.0000 -0.9997 -0.0248
vn -0.0000 -0.9988 -0.0492
vn -0.0000 -0.9911 -0.1330
vn -0.0000 -0.9858 -0.1679
vn -0.0000 -0.9658 -0.2592
vn -0.0197 0.9971 -0.0736
vn -0.0388 0.9887 -0.1450
vn -0.0583 0.9743 -0.2176
vn -0.0783 0.9532 -0.2921
vn -0.0988 0.9242 -0.3689
vn -0.1201 0.8858 -0.4483
vn -0.1421 0.8359 -0.5302
vn -0.1645 0.7720 -0.6140
vn -0.1870 0.6913 -0.6979
vn -0.2087 0.5913 -0.7790
vn -0.2284 0.4701 -0.8526
vn -0.2445 0.3281 -0.9125
vn -0.2551 0.1689 -0.9520
vn -0.2579 0.0861 -0.9623
vn -0.0000 -0.9126 -0.4088
vn -0.0000 -0.8492 -0.5281
vn -0.0000 -0.7185 -0.6955
vn -0.0000 -0.4459 -0.8951
vn -0.0000 -0.2577 -0.9662
vn -0.0000 0.9971 -0.0762
vn 0.2501 -0.2577 0.9333
vn 0.2317 -0.4459 0.8646
vn -0.0000 0.9743 -0.2253
vn -0.0000 0.9532 -0.3024
vn -0.0000 0.9242 -0.3819
vn 0.1800 -0.7185 0.6718
vn 0.1367 -0.8492 0.5101
vn -0.0000 0.7720 -0.6357
vn -0.0000 0.6913 -0.7225
vn 0.1058 -0.9126 0.3949
vn -0.0000 0.4701 -0.8826
vn 0.0837 -0.9463 0.3122
vn 0.0671 -0.9658 0.2504
vn -0.0000 0.0861 -0.9963
vn 0.0541 -0.9779 0.2018
vn 0.0434 -0.9858 0.1622
vn 0.0124 -0.9997 0.0215
vn 0.0246 -0.9988 0.0426
vn 0.0374 -0.9972 0.0648
vn 0.0512 -0.9947 0.0887
vn 0.0665 -0.9911 0.1152
vn 0.1785 -0.7241 -0.6662
vn 0.6662 -0.7241 -0.1785
vn 0.6897 -0.7241 -0.0000
vn 0.5973 -0.7241 -0.3449
vn 0.6219 0.6959 -0.3591
vn 0.6937 0.6959 -0.1859
vn 0.5078 0.6959 -0.5078
vn -0.0064 -0.9997 0.0239
vn -0.0127 -0.9988 0.0475
vn -0.0194 -0.9972 0.0723
vn -0.0265 -0.9947 0.0989
vn -0.0344 -0.9911 0.1285
vn 0.4877 -0.7241 -0.4877
vn 0.3449 -0.7241 -0.5973
vn -0.4831 -0.2577 0.8368
vn -0.4475 -0.4459 0.7752
vn -0.3478 -0.7185 0.6024
vn -0.2640 -0.8492 0.4573
vn -0.2044 -0.9126 0.3540
vn -0.1616 -0.9463 0.2799
vn -0.1296 -0.9658 0.2245
vn -0.1045 -0.9779 0.1810
vn -0.0839 -0.9858 0.1454
vn 0.1859 0.6959 -0.6937
vn 0.3591 0.6959 -0.6219
vn 0.3449 -0.7241 0.5973
vn 0.4877 -0.7241 0.4877
vn -0.0124 -0.9997 0.0215
vn -0.0246 -0.9988 0.0426
vn -0.0374 -0.9972 0.0648
vn -0.0512 -0.9947 0.0887
vn -0.0665 -0.9911 0.1152
vn 0.5973 -0.7241 0.3449
vn 0.6662 -0.7241 0.1785
vn -0.6832 -0.2577 0.6832
vn -0.6329 -0.4459 0.6329
vn -0.4918 -0.7185 0.4918
vn -0.3734 -0.8492 0.3734
vn -0.2891 -0.9126 0.2891
vn -0.2286 -0.9463 0.2286
vn -0.1833 -0.9658 0.1833
vn -0.1478 -0.9779 0.1478
vn -0.1187 -0.9858 0.1187
vn 0.7181 0.6959 -0.0000
vn 0.6937 0.6959 0.1859
vn -0.0175 -0.9997 0.0175
vn -0.0348 -0.9988 0.0348
vn -0.0529 -0.9972 0.0529
vn -0.0724 -0.9947 0.0724
vn -0.0940 -0.9911 0.0940
vn -0.8368 -0.2577 0.4831
vn -0.7752 -0.4459 0.4475
vn -0.6023 -0.7185 0.3478
vn -0.4573 -0.8492 0.2640
vn -0.3540 -0.9126 0.2044
vn -0.2799 -0.9463 0.1616
vn -0.2245 -0.9658 0.1296
vn -0.1810 -0.9779 0.1045
vn -0.1454 -0.9858 0.0839
vn -0.1785 -0.7241 0.6662
vn -0.3449 -0.7241 0.5973
vn -0.2586 -0.0404 -0.9651
vn -0.0215 -0.9997 0.0124
vn -0.0426 -0.9988 0.0246
vn -0.0648 -0.9972 0.0374
vn -0.0887 -0.9947 0.0512
vn -0.1152 -0.9911 0.0665
vn -0.9333 -0.2577 0.2501
vn -0.8646 -0.4459 0.2317
vn -0.6718 -0.7185 0.1800
vn -0.5101 -0.8492 0.1367
vn -0.3949 -0.9126 0.1058
vn -0.3122 -0.9463 0.0837
vn -0.2504 -0.9658 0.0671
vn -0.2018 -0.9779 0.0541
vn -0.1622 -0.9858 0.0434
vn -0.4996 -0.0404 -0.8653
vn -0.7065 -0.0404 -0.7065
vn -0.8653 -0.0404 -0.4996
vn -0.0239 -0.9997 0.0064
vn -0.0475 -0.9988 0.0127
vn -0.0723 -0.9972 0.0194
vn -0.0989 -0.9947 0.0265
vn -0.1285 -0.9911 0.0344
vn -0.9651 -0.0404 -0.2586
vn -0.9662 -0.2577 -0.0000
vn -0.8951 -0.4459 -0.0000
vn -0.6955 -0.7185 -0.0000
vn -0.5281 -0.8492 -0.0000
vn -0.4088 -0.9126 -0.0000
vn -0.3233 -0.9463 -0.0000
vn -0.2592 -0.9658 -0.0000
vn -0.2090 -0.9779 -0.0000
vn -0.1679 -0.9858 -0.0000
vn -0.9992 -0.0404 -0.0000
vn -0.9651 -0.0404 0.2586
vn -0.0248 -0.9997 -0.0000
vn -0.0492 -0.9988 -0.0000
vn -0.0748 -0.9972 -0.0000
vn -0.1024 -0.9947 -0.0000
vn -0.1330 -0.9911 -0.0000
vn -0.8653 -0.0404 0.4996
vn -0.9333 -0.2577 -0.2501
vn -0.8646 -0.4459 -0.2317
vn -0.6718 -0.7185 -0.1800
vn -0.5101 -0.8492 -0.1367
vn -0.3949 -0.9126 -0.1058
vn -0.3122 -0.9463 -0.0837
vn -0.2504 -0.9658 -0.0671
vn -0.2018 -0.9779 -0.0541
vn -0.1622 -0.9858 -0.0434
vn -0.7065 -0.0404 0.7065
vn -0.4996 -0.0404 0.8653
vn -0.2586 -0.0404 0.9651
vn -0.0239 -0.9997 -0.0064
vn -0.0475 -0.9988 -0.0127
vn -0.0723 -0.9972 -0.0194
vn -0.0989 -0.9947 -0.0265
vn -0.1285 -0.9911 -0.0344
vn -0.8368 -0.2577 -0.4831
vn -0.7752 -0.4459 -0.4475
vn -0.6024 -0.7185 -0.3478
vn -0.4573 -0.8492 -0.2640
vn -0.3540 -0.9126 -0.2044
vn -0.2799 -0.9463 -0.1616
vn -0.2245 -0.9658 -0.1296
vn -0.1810 -0.9779 -0.1045
vn -0.1454 -0.9858 -0.0839
vn -0.0000 -0.0404 0.9992
vn 0.2586 -0.0404 0.9651
vn 0.4996 -0.0404 0.8653
vn -0.0215 -0.9997 -0.0124
vn -0.0426 -0.9988 -0.0246
vn -0.0648 -0.9972 -0.0374
vn -0.0887 -0.9947 -0.0512
vn -0.1152 -0.9911 -0.0665
vn -0.6832 -0.2577 -0.6832
vn -0.6329 -0.4459 -0.6329
vn -0.4918 -0.7185 -0.4918
vn -0.3734 -0.8492 -0.3734
vn -0.2891 -0.9126 -0.2891
vn -0.2286 -0.9463 -0.2286
vn -0.1833 -0.9658 -0.1833
vn -0.1478 -0.9779 -0.1478
vn -0.1187 -0.9858 -0.1187
vn 0.7065 -0.0404 0.7065
vn 0.8653 -0.0404 0.4996
vn 0.9651 -0.0404 0.2586
vn -0.0175 -0.9997 -0.0175
vn -0.0348 -0.9988 -0.0348
vn -0.0529 -0.9972 -0.0529
vn -0.0724 -0.9947 -0.0724
vn -0.0940 -0.9911 -0.0940
vn 0.9992 -0.0404 -0.0000
vn -0.4831 -0.2577 -0.8368
vn -0.4475 -0.4459 -0.7751
vn -0.3478 -0.7185 -0.6023
vn -0.2640 -0.8492 -0.4573
vn -0.2044 -0.9126 -0.3540
vn -0.1616 -0.9463 -0.2799
vn -0.1296 -0.9658 -0.2245
vn -0.1045 -0.9779 -0.1810
vn -0.0839 -0.9858 -0.1454
vn 0.9651 -0.0404 -0.2586
vn 0.8653 -0.0404 -0.4996
vn -0.0124 -0.9997 -0.0215
vn -0.0246 -0.9988 -0.0426
vn -0.0374 -0.9972 -0.0648
vn -0.0512 -0.9947 -0.0887
vn -0.0665 -0.9911 -0.1152
vn 0.7065 -0.0404 -0.7065
vn -0.2501 -0.2577 -0.9333
vn -0.2317 -0.4459 -0.8646
vn -0.1800 -0.7185 -0.6718
vn -0.1367 -0.8492 -0.5101
vn -0.1058 -0.9126 -0.3949
vn -0.0837 -0.9463 -0.3122
vn -0.0671 -0.9658 -0.2504
vn -0.0541 -0.9779 -0.2018
vn -0.0434 -0.9858 -0.1622
vn 0.4996 -0.0404 -0.8653
vn 0.2586 -0.0404 -0.9651
vn -0.0000 -0.0404 -0.9992
vn -0.0064 -0.9997 -0.0239
vn -0.0127 -0.9988 -0.0475
vn -0.0194 -0.9972 -0.0723
vn -0.0265 -0.9947 -0.0989
vn -0.0344 -0.9911 -0.1285
vn -0.0000 -0.9463 -0.3233
vn -0.0000 -0.9779 -0.2090
vn -0.0000 -0.9972 -0.0748
vn -0.0000 -0.9947 -0.1024
vt 0.000000 0.000000
vt 0.075212 -0.075212
vt 0.053183 -0.092116
vt 0.244332 1.227607
vt -0.000000 1.205496
vt 0.239713 1.205496
vt 0.028979 0.108149
vt 0.111260 0.192709
vt 0.057593 0.214939
vt 0.371370 -0.643232
vt 0.173862 -0.648862
vt 0.335876 -0.581754
vt 0.000000 0.623490
vt 0.183013 0.683013
vt 0.000000 0.707107
vt 0.085483 0.319025
vt 0.165140 0.286030
vt 0.208191 -0.776979
vt 0.000000 -0.742740
vt 0.192235 -0.717431
vt 0.463091 -0.802097
vt 0.232080 -0.866135
vt 0.448344 -0.776555
vt 0.233188 1.532024
vt 0.471942 1.464681
vt 0.244295 1.464681
vt 0.000000 -0.671751
vt 0.137700 0.513904
vt 0.311745 0.539958
vt 0.161371 0.602245
vt -0.000000 1.595821
vt 0.000000 1.532024
vt 0.252715 -0.437716
vt 0.106683 -0.398144
vt 0.206095 -0.356967
vt 0.427960 -0.741249
vt 0.221528 -0.826756
vt 0.112297 0.419100
vt 0.216942 0.375754
vt 0.000000 0.222521
vt 0.266016 0.460753
vt 0.202353 0.755191
vt 0.353553 0.612372
vt 0.390916 0.677086
vt 0.000000 1.394639
vt 0.257192 1.322777
vt 0.000000 1.322777
vt 0.000000 0.532032
vt 0.027530 -0.102742
vt -0.000000 -0.106366
vt 0.000000 -0.804388
vt 0.252330 1.394639
vt 0.496856 1.322777
vt -0.000000 0.781831
vt 0.054713 -0.204192
vt 0.000000 -0.211395
vt 0.219148 1.595821
vt 0.450484 1.532024
vt 0.000000 1.464681
vt 0.000000 0.330279
vt -0.000000 0.846723
vt 0.219148 0.817873
vt 0.000000 0.111964
vt 0.000000 1.250000
vt 0.258819 1.250000
vt 0.500000 1.250000
vt -0.000000 0.433884
vt 0.423362 0.733285
vt 0.487464 1.394639
vt 0.055982 0.096964
vt 0.402194 -0.696620
vt 0.654909 -0.654909
vt 0.634055 -0.634055
vt 0.418830 -0.418830
vt 0.357393 -0.357393
vt 0.376204 0.376203
vt 0.079171 0.079171
vt 0.440874 0.440874
vt 0.500000 0.500000
vt 0.605227 -0.605227
vt 0.552838 0.552838
vt 0.105697 -0.183073
vt 0.598724 0.598724
vt 0.221865 -0.221865
vt 0.156883 -0.271729
vt 0.637081 0.637081
vt 0.450484 0.780262
vt 0.667426 1.464681
vt 0.689378 1.394639
vt 0.306802 0.306802
vt 0.702661 1.322777
vt 0.667527 -0.667528
vt 0.707107 1.250000
vt 0.157346 0.157346
vt 0.233543 0.233543
vt 0.525196 -0.525196
vt 0.475000 -0.475000
vt 0.707107 1.250000
vt 0.496856 1.322777
vt 0.500000 1.250000
vt 0.286030 0.165140
vt 0.149479 -0.149479
vt 0.192709 0.111260
vt 0.291462 -0.291462
vt 0.568788 -0.568788
vt 0.375754 0.216942
vt 0.460753 0.266016
vt 0.096964 0.055982
vt 0.539958 0.311745
vt 0.612372 0.353553
vt 0.677086 0.390916
vt 0.667527 1.227607
vt 0.475000 1.250000
vt 0.472013 1.227607
vt 0.733285 0.423362
vt 0.296158 -0.512960
vt 0.780262 0.450484
vt 0.637081 1.532024
vt 0.471942 1.464681
vt 0.081208 -0.303074
vt 0.487464 1.394639
vt 0.689378 1.394639
vt 0.702661 1.322777
vt 0.450484 1.532024
vt 0.244295 1.464681
vt 0.252330 1.394639
vt 0.419100 0.112297
vt 0.257192 1.322777
vt 0.512960 -0.296158
vt 0.437716 -0.252715
vt 0.258819 1.250000
vt 0.214939 0.057593
vt 0.319025 0.085483
vt 0.643232 -0.371370
vt 0.581754 -0.335876
vt 0.271729 -0.156883
vt 0.802097 -0.463091
vt 0.776555 -0.448344
vt 0.513903 0.137700
vt 0.108149 0.028979
vt 0.602245 0.161371
vt -0.472013 1.227607
vt -0.671751 1.250000
vt -0.667528 1.227607
vt 0.683013 0.183013
vt 0.696620 -0.402194
vt 0.755191 0.202353
vt 0.817873 0.219148
vt 0.219148 1.595821
vt 0.233188 1.532024
vt 0.623490 -0.000000
vt 0.707107 0.000000
vt 0.092116 -0.053183
vt 0.781831 0.000000
vt 0.846724 -0.000000
vt -0.000000 1.532024
vt 0.741249 -0.427960
vt 0.000000 1.464681
vt 0.153302 -0.572133
vt -0.000000 -0.592315
vt -0.000000 1.394639
vt 0.433884 0.000000
vt -0.000000 1.322777
vt 0.817551 -0.472013
vt -0.000000 1.250000
vt 0.222521 0.000000
vt 0.330279 -0.000000
vt 0.356967 -0.206095
vt 0.532032 -0.000000
vt 0.111964 -0.000000
vt 0.183073 -0.105697
vt 0.102742 -0.027530
vt 0.717431 -0.192235
vt 0.648862 -0.173862
vt 0.826756 -0.221529
vt 0.513903 -0.137700
vt 0.108149 -0.028979
vt 0.602245 -0.161371
vt 0.683013 -0.183013
vt 0.572133 -0.153303
vt 0.755191 -0.202353
vt 0.817873 -0.219148
vt 0.488208 -0.130815
vt 0.398145 -0.106682
vt -0.000000 1.595821
vt -0.233188 1.532024
vt -0.244295 1.464681
vt 0.000000 -0.412190
vt -0.000000 -0.313765
vt -0.252330 1.394639
vt 0.419100 -0.112297
vt -0.257192 1.322777
vt -0.258819 1.250000
vt 0.214939 -0.057593
vt 0.319025 -0.085483
vt 0.776979 -0.208191
vt -0.496856 1.322777
vt -0.500000 1.250000
vt 0.286030 -0.165140
vt -0.245878 1.250000
vt -0.244332 1.227607
vt 0.303074 -0.081208
vt 0.204192 -0.054713
vt 0.192709 -0.111260
vt -0.463091 1.205496
vt -0.239713 1.205496
vt 0.375754 -0.216942
vt 0.460753 -0.266016
vt 0.096964 -0.055982
vt 0.539958 -0.311745
vt 0.612372 -0.353553
vt 0.677086 -0.390916
vt 0.733284 -0.423362
vt -0.219148 1.595821
vt -0.450484 1.532024
vt -0.471942 1.464681
vt -0.487464 1.394639
vt 0.780262 -0.450484
vt 0.598724 -0.598724
vt 0.637081 -0.637081
vt 0.313765 -0.000000
vt 0.211395 0.000000
vt -0.667426 1.464681
vt 0.130815 -0.488208
vt -0.689378 1.394639
vt 0.306802 -0.306802
vt -0.702661 1.322777
vt -0.707107 1.250000
vt 0.157346 -0.157346
vt 0.233543 -0.233543
vt 0.894623 -0.239713
vt 0.866135 -0.232080
vt 0.855920 -0.000000
vt 0.376203 -0.376204
vt 0.079171 -0.079171
vt 0.804388 -0.000000
vt 0.440874 -0.440874
vt 0.505430 -0.000000
vt 0.412190 0.000000
vt 0.500000 -0.500000
vt 0.552838 -0.552838
vt 0.592315 -0.000000
vt 0.353553 -0.612372
vt 0.926181 -0.000000
vt 0.896689 0.000000
vt 0.390916 -0.677086
vt 0.423362 -0.733284
vt 0.450484 -0.780262
vt 0.637081 1.532024
vt 0.471942 1.464681
vt 0.667426 1.464681
vt 0.487464 1.394639
vt 0.689378 1.394639
vt 0.216942 -0.375754
vt 0.702660 1.322777
vt 0.496856 1.322777
vt 0.500000 1.250000
vt 0.707107 1.250000
vt 0.165140 -0.286030
vt -0.000000 1.250000
vt -0.000000 1.227607
vt 0.111260 -0.192709
vt 0.106366 -0.000000
vt -0.000000 1.205496
vt 0.266016 -0.460753
vt 0.055982 -0.096964
vt 0.742740 0.000000
vt 0.311745 -0.539958
vt 0.057593 -0.214939
vt 0.671751 0.000000
vt 0.112297 -0.419099
vt 0.137700 -0.513903
vt 0.028979 -0.108149
vt 0.161371 -0.602245
vt 0.183013 -0.683012
vt 0.202353 -0.755191
vt 0.219148 -0.817872
vt 0.776979 0.208191
vt 0.717432 0.192235
vt 0.450484 1.532024
vt 0.219148 1.595821
vt 0.233188 1.532024
vt 0.488208 0.130815
vt 0.244295 1.464681
vt 0.252330 1.394639
vt 0.257192 1.322777
vt 0.572133 0.153302
vt 0.258819 1.250000
vt 0.085483 -0.319025
vt 0.102742 0.027530
vt 0.239713 1.205496
vt -0.000000 1.250000
vt 0.000000 -0.222521
vt -0.000000 -0.330279
vt 0.245878 1.250000
vt 0.244332 1.227607
vt 0.000000 -0.433884
vt -0.000000 -0.532032
vt -0.000000 -0.111964
vt -0.000000 -0.623490
vt 0.000000 -0.707106
vt 0.648862 0.173862
vt 0.000000 -0.781831
vt 0.000000 -0.846724
vt 0.000000 1.595821
vt -0.000000 1.532024
vt 0.303074 0.081208
vt -0.000000 1.464681
vt -0.000000 1.394639
vt -0.000000 1.322777
vt -0.219148 1.595821
vt -0.233188 1.532024
vt -0.252330 1.394639
vt -0.112297 -0.419099
vt 0.512960 0.296158
vt 0.437716 0.252715
vt -0.057593 -0.214939
vt -0.085483 -0.319025
vt 0.826756 0.221528
vt 0.398145 0.106683
vt 0.741249 0.427960
vt 0.696620 0.402194
vt -0.137700 -0.513903
vt -0.028979 -0.108149
vt -0.161371 -0.602245
vt 0.204192 0.054713
vt -0.183013 -0.683012
vt 0.894623 0.239713
vt 0.866135 0.232080
vt -0.202353 -0.755191
vt 0.271729 0.156883
vt 0.183073 0.105697
vt -0.219148 -0.817872
vt 0.472013 1.227607
vt 0.463091 1.205496
vt -0.353553 -0.612372
vt 0.643232 0.371370
vt 0.581754 0.335876
vt -0.390916 -0.677086
vt -0.423362 -0.733284
vt -0.423362 1.595821
vt -0.450484 1.532024
vt -0.216942 -0.375754
vt -0.500000 1.250000
vt -0.165140 -0.286030
vt -0.111260 -0.192709
vt 0.475000 1.250000
vt 0.802097 0.463091
vt 0.776555 0.448345
vt -0.266016 -0.460753
vt -0.055982 -0.096964
vt 0.356967 0.206095
vt -0.311745 -0.539958
vt -0.157346 -0.157346
vt 0.357393 0.357393
vt 0.291462 0.291462
vt -0.306802 -0.306802
vt -0.376203 -0.376203
vt -0.079171 -0.079171
vt -0.440874 -0.440874
vt -0.500000 -0.500000
vt 0.092116 0.053183
vt -0.552838 -0.552838
vt -0.598724 -0.598724
vt -0.450484 -0.780262
vt -0.637081 -0.637081
vt -0.702660 1.322777
vt 0.475000 0.475000
vt -0.707107 1.250000
vt -0.233543 -0.233543
vt 0.075212 0.075212
vt -0.689378 1.394639
vt -0.496856 1.322777
vt -0.702660 1.322777
vt 0.671751 1.250000
vt 0.667528 1.227607
vt -0.500000 1.250000
vt -0.707106 1.250000
vt -0.286030 -0.165140
vt 0.221865 0.221865
vt 0.149479 0.149479
vt -0.192709 -0.111260
vt 0.605227 0.605227
vt 0.667528 0.667528
vt 0.654909 0.654909
vt -0.375754 -0.216942
vt -0.460753 -0.266016
vt -0.096964 -0.055982
vt -0.539958 -0.311745
vt -0.612372 -0.353553
vt -0.677086 -0.390916
vt 0.634055 0.634055
vt -0.733284 -0.423362
vt -0.780262 -0.450484
vt 0.568788 0.568788
vt -0.637081 1.532024
vt -0.471941 1.464681
vt -0.667426 1.464681
vt -0.487464 1.394639
vt 0.418830 0.418830
vt -0.450484 1.532024
vt -0.219148 1.595821
vt -0.233188 1.532024
vt -0.244295 1.464681
vt -0.252330 1.394639
vt -0.419099 -0.112297
vt -0.257191 1.322777
vt -0.258819 1.250000
vt -0.214939 -0.057593
vt -0.319025 -0.085483
vt 0.472013 0.817551
vt 0.463091 0.802097
vt 0.525196 0.525196
vt -0.513903 -0.137700
vt -0.108149 -0.028979
vt -0.602245 -0.161371
vt -0.683012 -0.183013
vt -0.755191 -0.202353
vt -0.817872 -0.219148
vt 0.402194 0.696620
vt 0.371370 0.643232
vt -0.707106 -0.000000
vt 0.156883 0.271729
vt -0.781831 0.000000
vt -0.846724 0.000000
vt 0.105697 0.183073
vt 0.000000 1.532024
vt 0.448345 0.776556
vt 0.000000 1.394639
vt -0.433884 -0.000000
vt 0.000000 1.322777
vt 0.000000 1.250000
vt -0.222521 0.000000
vt -0.330279 0.000000
vt 0.335876 0.581754
vt 0.296158 0.512960
vt 0.475000 1.250000
vt 0.472013 1.227607
vt -0.532032 0.000000
vt -0.111964 0.000000
vt 0.053183 0.092116
vt -0.623490 0.000000
vt -0.214939 0.057593
vt 0.252715 0.437716
vt 0.206095 0.356967
vt -0.419099 0.112297
vt -0.513903 0.137700
vt -0.108149 0.028979
vt -0.602245 0.161371
vt -0.683012 0.183013
vt -0.755191 0.202353
vt 0.427960 0.741249
vt -0.817872 0.219148
vt 0.219148 1.595821
vt 0.233188 1.532024
vt 0.252330 1.394639
vt 0.258819 1.250000
vt -0.319025 0.085483
vt 0.496856 1.322777
vt -0.286030 0.165140
vt 0.239713 1.205496
vt 0.463091 1.205496
vt 0.081208 0.303074
vt 0.054713 0.204192
vt -0.192709 0.111260
vt 0.153303 0.572133
vt 0.130815 0.488208
vt -0.375754 0.216942
vt -0.460753 0.266016
vt -0.096964 0.055982
vt -0.539958 0.311745
vt -0.612372 0.353553
vt 0.208191 0.776979
vt 0.192235 0.717432
vt -0.677086 0.390916
vt -0.733284 0.423362
vt 0.173862 0.648862
vt 0.423362 1.595821
vt 0.450484 1.532024
vt 0.221529 0.826756
vt 0.463091 1.205496
vt -0.780262 0.450484
vt -0.598724 0.598724
vt -0.637081 0.637081
vt 0.027530 0.102742
vt 0.667426 1.464681
vt -0.306802 0.306802
vt 0.702660 1.322777
vt 0.106683 0.398145
vt 0.707106 1.250000
vt -0.157346 0.157346
vt -0.233543 0.233543
vt 0.245878 1.250000
vt 0.244332 1.227607
vt 0.239713 0.894623
vt 0.232080 0.866135
vt -0.376203 0.376203
vt -0.079171 0.079171
vt -0.440874 0.440874
vt -0.500000 0.500000
vt -0.552838 0.552838
vt -0.311745 0.539958
vt 0.000000 0.313765
vt 0.000000 0.211395
vt -0.353553 0.612372
vt -0.390916 0.677086
vt -0.423362 0.733284
vt -0.450484 0.780262
vt -0.637081 1.532024
vt -0.471941 1.464681
vt -0.667426 1.464681
vt -0.689378 1.394639
vt -0.487464 1.394639
vt -0.216942 0.375754
vt -0.496856 1.322777
vt -0.702660 1.322777
vt 0.000000 0.926181
vt 0.000000 0.896689
vt -0.707106 1.250000
vt -0.500000 1.250000
vt -0.165140 0.286030
vt 0.000000 1.250000
vt 0.000000 1.227607
vt -0.111260 0.192709
vt 0.000000 0.106366
vt -0.266016 0.460753
vt -0.055982 0.096964
vt -0.057593 0.214939
vt 0.000000 0.855920
vt -0.112297 0.419099
vt -0.137700 0.513903
vt -0.028979 0.108149
vt -0.000000 0.804387
vt -0.161371 0.602245
vt -0.183013 0.683012
vt 0.000000 0.742740
vt 0.000000 0.671751
vt -0.202353 0.755191
vt -0.219148 0.817872
vt 0.000000 0.592315
vt -0.450484 1.532024
vt -0.219148 1.595821
vt -0.233188 1.532024
vt 0.000000 0.505431
vt -0.000000 0.412189
vt -0.252330 1.394639
vt -0.257191 1.322777
vt -0.085483 0.319025
vt 0.245878 1.250000
vt -0.000000 1.227607
vt -0.000000 -0.896689
vt -0.000000 -0.855920
vt -0.000000 -0.505430
vt 0.000000 1.205496
vt 0.239713 -0.894623
vt -0.106682 -0.398144
vt -0.232080 -0.866135
vt -0.221529 -0.826756
vt -0.054713 -0.204192
vt -0.130815 -0.488208
vt -0.027530 -0.102742
vt -0.081208 -0.303074
vt -0.239713 1.205496
vt -0.192235 -0.717431
vt -0.173862 -0.648862
vt -0.153303 -0.572133
vt -0.208191 -0.776979
vt -0.000000 -0.926181
vt -0.156883 -0.271729
vt -0.335876 -0.581753
vt -0.296158 -0.512960
vt -0.206095 -0.356967
vt -0.402194 -0.696620
vt -0.105697 -0.183073
vt -0.371370 -0.643231
vt -0.053183 -0.092116
vt -0.475000 1.250000
vt -0.472013 1.227607
vt -0.448344 -0.776555
vt -0.427960 -0.741249
vt -0.252715 -0.437715
vt -0.239713 -0.894623
vt -0.221865 -0.221865
vt -0.149479 -0.149479
vt -0.075212 -0.075212
vt -0.291462 -0.291462
vt -0.475000 -0.475000
vt -0.418830 -0.418830
vt -0.472013 -0.817551
vt -0.654909 -0.654909
vt -0.463091 -0.802097
vt -0.568788 -0.568788
vt -0.671751 1.250000
vt -0.667527 1.227607
vt -0.634055 -0.634055
vt -0.525196 -0.525196
vt -0.605227 -0.605227
vt -0.357393 -0.357393
vt -0.667527 -0.667527
vt -0.802097 -0.463091
vt -0.696620 -0.402194
vt -0.643231 -0.371370
vt -0.581753 -0.335876
vt -0.512960 -0.296158
vt -0.776555 -0.448344
vt -0.741249 -0.427960
vt -0.183073 -0.105697
vt -0.356967 -0.206095
vt -0.271729 -0.156883
vt -0.437716 -0.252715
vt -0.092116 -0.053183
vt -0.671751 1.250000
vt -0.472013 1.227607
vt -0.667527 1.227607
vt -0.398144 -0.106682
vt -0.102742 -0.027530
vt -0.475000 1.250000
vt -0.244332 1.227607
vt -0.204192 -0.054713
vt -0.239713 1.205496
vt -0.463091 1.205496
vt -0.776979 -0.208191
vt -0.717431 -0.192235
vt -0.648862 -0.173862
vt -0.572133 -0.153302
vt -0.866135 -0.232080
vt -0.826756 -0.221528
vt -0.303074 -0.081208
vt -0.488208 -0.130815
vt -0.671751 -0.000000
vt -0.412189 -0.000000
vt -0.313765 0.000000
vt -0.130160 1.246043
vt -0.054916 0.053957
vt -0.106089 0.053957
vt -0.000000 1.246043
vt 0.054916 0.053957
vt 0.000000 0.053957
vt 0.067376 1.246043
vt 0.106089 0.053957
vt -0.505430 0.000000
vt -0.894622 -0.239713
vt -0.896689 0.000000
vt -0.106366 0.000000
vt -0.245878 1.250000
vt 0.000000 1.227607
vt -0.184075 1.246043
vt -0.150033 0.053957
vt 0.130160 1.246043
vt 0.150033 0.053957
vt -0.067376 1.246043
vt 0.000000 1.205496
vt -0.804387 0.000000
vt -0.742740 0.000000
vt -0.592315 0.000000
vt -0.855920 0.000000
vt -0.211395 0.000000
vt -0.776979 0.208191
vt -0.717431 0.192235
vt 0.184075 1.246043
vt -0.648862 0.173862
vt -0.572133 0.153303
vt -0.866135 0.232080
vt -0.826755 0.221529
vt -0.204192 0.054713
vt -0.303074 0.081208
vt 0.000000 1.246043
vt -0.054916 0.053957
vt -0.000000 0.053957
vt 0.054916 0.053957
vt -0.488208 0.130815
vt -0.926181 0.000000
vt -0.102742 0.027530
vt -0.130160 1.246043
vt -0.398144 0.106682
vt 0.000000 1.250000
vt 0.130160 1.246043
vt 0.239713 1.205496
vt -0.092116 0.053183
vt -0.208034 0.000000
vt 0.104017 -0.180163
vt 0.104017 0.180163
vt -0.054916 0.204949
vt 0.000000 0.155534
vt -0.040255 0.150234
vt -0.130160 0.225445
vt -0.053843 0.200945
vt -0.067376 0.251451
vt -0.106089 0.183752
vt -0.109979 0.109979
vt -0.150033 0.150033
vt -0.134696 0.077767
vt -0.183752 0.106089
vt -0.643231 0.371370
vt 0.000000 1.300000
vt -0.581753 0.335875
vt -0.512960 0.296158
vt -0.776555 0.448344
vt -0.741249 0.427960
vt -0.696620 0.402194
vt -0.183073 0.105697
vt -0.271729 0.156883
vt -0.184075 0.184075
vt -0.180163 0.104017
vt -0.147102 0.147102
vt -0.104017 0.180163
vt -0.077767 0.134696
vt -0.437715 0.252715
vt -0.894622 0.239713
vt -0.356967 0.206095
vt 0.245878 1.250000
vt 0.472013 1.227607
vt 0.150234 -0.040255
vt -0.109979 -0.109979
vt -0.802096 0.463091
vt -0.634055 0.634055
vt -0.075212 0.075212
vt -0.225445 0.130160
vt -0.200945 0.053843
vt -0.291462 0.291462
vt 0.667527 1.227607
vt -0.149479 0.149479
vt -0.150234 0.040255
vt -0.204949 0.054916
vt -0.225445 -0.130160
vt -0.200945 -0.053843
vt -0.251451 -0.067376
vt -0.183752 -0.106089
vt -0.150234 -0.040255
vt -0.134696 -0.077767
vt -0.184075 -0.184075
vt -0.104017 -0.180163
vt -0.147102 -0.147102
vt -0.817551 0.472013
vt -0.654909 0.654909
vt -0.130160 -0.225445
vt -0.053843 -0.200945
vt -0.525196 0.525196
vt -0.204949 -0.054916
vt -0.155534 0.000000
vt -0.475000 0.475000
vt -0.418830 0.418830
vt -0.605227 0.605227
vt -0.568788 0.568788
vt -0.221865 0.221865
vt 0.053843 1.300000
vt -0.150033 -0.150033
vt -0.077767 -0.134696
vt -0.106089 -0.183752
vt -0.180163 -0.104017
vt -0.212179 0.000000
vt -0.357393 0.357393
vt -0.371370 0.643231
vt -0.335875 0.581753
vt -0.206095 0.356966
vt -0.156883 0.271729
vt -0.054916 -0.204949
vt -0.000000 -0.155534
vt -0.000000 -0.212179
vt 0.225445 -0.130160
vt 0.200945 -0.053843
vt 0.180163 -0.104017
vt 0.184075 -0.184075
vt 0.147102 -0.147102
vt 0.106089 -0.183752
vt 0.109979 -0.109979
vt 0.150033 -0.150033
vt -0.296158 0.512960
vt -0.252715 0.437716
vt -0.448344 0.776555
vt -0.053183 0.092116
vt -0.040255 -0.150234
vt -0.671751 1.250000
vt -0.472013 1.227607
vt -0.667527 1.227607
vt 0.054916 -0.204949
vt 0.040255 -0.150234
vt -0.105697 0.183073
vt -0.053843 1.300000
vt 0.077767 -0.134696
vt 0.130160 -0.225445
vt 0.134696 -0.077767
vt 0.183752 -0.106089
vt -0.667527 0.667527
vt -0.463091 0.802097
vt 0.204949 -0.054916
vt 0.053843 -0.200945
vt 0.067376 -0.251451
vt -0.427960 0.741249
vt -0.402194 0.696620
vt -0.208191 0.776978
vt -0.192235 0.717431
vt 0.183752 0.106089
vt 0.150234 0.040255
vt 0.134696 0.077767
vt -0.173862 0.648862
vt -0.153302 0.572133
vt -0.232080 0.866135
vt -0.221528 0.826756
vt -0.054713 0.204192
vt -0.106682 0.398144
vt -0.081208 0.303074
vt 0.106089 0.183752
vt 0.040255 0.150234
vt 0.054916 0.204949
vt 0.150033 0.150033
vt 0.077767 0.134696
vt 0.184075 0.184075
vt 0.147102 0.147102
vt 0.204949 0.054916
vt 0.155534 -0.000000
vt -0.130815 0.488208
vt -0.027530 0.102742
vt -0.475000 1.250000
vt -0.244332 1.227607
vt 0.225445 0.130160
vt 0.200945 0.053843
vt 0.251451 0.067376
vt 0.212179 -0.000000
vt 0.180163 0.104017
vt 0.109979 0.109979
vt 0.130160 0.225445
vt 0.053843 0.200945
vt -0.463091 1.205496
vt -0.239713 1.205496
vt 0.000000 0.212179
vt -0.239713 0.894622
vt 0.423362 1.595821
vt 0.472013 -0.817551
vt 0.671751 1.250000
vt -0.475000 1.250000
vt 0.423362 1.595821
vt -0.423362 1.595821
vt -0.637081 1.532024
vt 0.423362 1.595821
vt -0.637081 1.532024
vt 0.817551 0.472013
vt 0.671751 1.250000
vt -0.423362 1.595821
vt -0.000000 1.250000
vt -0.817551 -0.472013
vt 0.184075 1.246043
vt -0.184075 1.246043
vt 0.000000 0.208034
vt 0.000000 -0.208034
vt 0.208034 0.000000
vt -0.053843 1.300000
vt -0.251451 0.067376
vt 0.671751 1.250000
vt -0.067376 -0.251451
vt 0.251451 -0.067376
vt 0.053843 1.300000
vt -0.472013 0.817551
vt 0.067376 0.251451
s 1
f 153/1/134 152/2/133 569/3/550
f 554/4/535 108/5/89 558/6/539
f 76/7/57 95/8/76 78/9/59
f 65/10/46 567/11/548 64/12/45
f 53/13/34 83/14/64 54/15/35
f 79/16/60 95/8/76 96/17/77
f 564/18/545 71/19/52 565/20/546
f 74/21/55 559/22/540 73/23/54
f 86/24/67 104/25/85 87/26/68
f 565/20/546 70/27/51 567/11/548
f 81/28/62 99/29/80 82/30/63
f 561/31/542 86/24/67 57/32/38
f 573/33/554 370/34/351 572/35/553
f 72/36/53 559/22/540 562/37/543
f 80/38/61 96/17/77 97/39/78
f 50/40/31 76/7/57 78/9/59
f 80/38/61 98/41/79 81/28/62
f 84/42/65 100/43/81 101/44/82
f 59/45/40 89/46/70 60/47/41
f 557/48/538 80/38/61 81/28/62
f 153/1/134 388/49/369 294/50/275
f 562/37/543 77/51/58 564/18/545
f 88/52/69 106/53/87 89/46/70
f 560/54/541 83/14/64 84/42/65
f 569/3/550 386/55/367 388/49/369
f 388/49/369 296/56/277 294/50/275
f 85/57/66 103/58/84 86/24/67
f 563/59/544 86/24/67 87/26/68
f 555/60/536 78/9/59 79/16/60
f 561/61/542 84/42/65 85/62/66
f 552/63/533 1/1/1 76/7/57
f 566/64/547 89/46/70 90/65/71
f 557/48/538 82/30/63 53/13/34
f 563/59/544 88/52/69 59/45/40
f 90/65/71 106/53/87 107/66/88
f 555/60/536 80/38/61 556/67/537
f 85/62/66 101/44/82 102/68/83
f 87/26/68 105/69/86 88/52/69
f 76/7/57 1/1/1 93/70/74
f 72/36/53 564/18/545 68/71/49
f 82/30/63 100/43/81 83/14/64
f 126/72/107 73/23/54 127/73/108
f 132/74/113 573/33/554 133/75/114
f 97/39/78 114/76/95 98/41/79
f 93/70/74 1/1/1 109/77/90
f 98/41/79 115/78/96 99/29/80
f 99/29/80 116/79/97 100/43/81
f 128/80/109 73/23/54 72/36/53
f 101/44/82 116/79/97 117/81/98
f 152/2/133 570/82/551 569/3/550
f 102/68/83 117/81/98 118/83/99
f 150/84/131 572/35/553 571/85/552
f 102/68/83 119/86/100 103/87/84
f 103/58/84 120/88/101 104/25/85
f 105/69/86 120/88/101 121/89/102
f 96/17/77 113/90/94 97/39/78
f 105/69/86 122/91/103 106/53/87
f 125/92/106 74/21/55 126/72/107
f 107/66/88 122/91/103 123/93/104
f 96/17/77 111/94/92 112/95/93
f 130/96/111 68/71/49 65/10/46
f 130/96/111 64/12/45 131/97/112
f 93/70/74 111/94/92 95/8/76
f 123/98/104 147/99/128 148/100/129
f 111/94/92 137/101/118 112/95/93
f 150/84/131 570/82/551 151/102/132
f 109/77/90 136/103/117 111/94/92
f 133/75/114 572/35/553 149/104/130
f 128/80/109 68/71/49 129/105/110
f 114/76/95 138/106/119 139/107/120
f 109/77/90 1/1/1 135/108/116
f 114/76/95 140/109/121 115/78/96
f 115/78/96 141/110/122 116/79/97
f 116/79/97 142/111/123 117/81/98
f 125/112/106 91/113/72 75/114/56
f 117/81/98 143/115/124 118/83/99
f 132/74/113 64/12/45 63/116/44
f 119/86/100 143/115/124 144/117/125
f 119/118/100 145/119/126 120/88/101
f 372/120/353 296/56/277 386/55/367
f 120/88/101 146/121/127 121/122/102
f 112/95/93 138/106/119 113/90/94
f 121/122/102 147/99/128 122/123/103
f 144/124/125 171/125/152 145/119/126
f 145/119/126 172/126/153 146/121/127
f 137/101/118 164/127/145 138/106/119
f 146/121/127 173/128/154 147/99/128
f 159/129/140 133/75/114 158/130/139
f 147/99/128 174/131/155 148/100/129
f 137/101/118 162/132/143 163/133/144
f 175/134/156 131/97/112 160/135/141
f 156/136/137 149/104/130 150/84/131
f 135/108/116 162/132/143 136/103/117
f 179/137/160 127/73/108 178/138/159
f 159/129/140 131/97/112 132/74/113
f 138/106/119 165/139/146 139/107/120
f 135/108/116 1/1/1 161/140/142
f 139/107/120 166/141/147 140/109/121
f 180/142/161 124/143/105 125/144/106
f 140/109/121 167/145/148 141/110/122
f 176/146/157 130/96/111 175/134/156
f 142/111/123 167/145/148 168/147/149
f 142/111/123 169/148/150 143/115/124
f 144/124/125 169/149/150 170/150/151
f 167/145/148 187/151/168 188/152/169
f 153/1/134 154/153/135 152/2/133
f 167/145/148 189/154/170 168/147/149
f 169/148/150 189/154/170 190/155/171
f 154/153/135 151/102/132 152/2/133
f 169/149/150 191/156/172 170/150/151
f 178/138/159 128/80/109 177/157/158
f 170/150/151 192/158/173 171/125/152
f 568/159/549 70/27/51 69/160/50
f 172/126/153 192/158/173 193/161/174
f 163/133/144 185/162/166 164/127/145
f 172/126/153 194/163/175 173/128/154
f 180/164/161 126/72/107 179/137/160
f 173/128/154 195/165/176 174/131/155
f 163/133/144 183/166/164 184/167/165
f 177/157/158 129/105/110 176/146/157
f 161/140/142 183/166/164 162/132/143
f 158/130/139 149/104/130 157/168/138
f 165/139/146 185/162/166 186/169/167
f 161/140/142 1/1/1 182/170/163
f 155/171/136 150/84/131 151/102/132
f 165/139/146 187/151/168 166/141/147
f 153/1/134 237/172/218 154/153/135
f 230/173/211 160/135/141 231/174/212
f 228/175/209 178/138/159 177/157/158
f 185/162/166 200/176/181 186/169/167
f 182/170/163 1/1/1 196/177/177
f 186/169/167 201/178/182 187/151/168
f 187/151/168 202/179/183 188/152/169
f 232/180/213 160/135/141 159/129/140
f 188/152/169 203/181/184 189/154/170
f 190/155/171 203/181/184 204/182/185
f 233/183/214 157/168/138 234/184/215
f 190/185/171 205/186/186 191/156/172
f 232/180/213 158/130/139 233/183/214
f 191/156/172 206/187/187 192/158/173
f 372/120/353 323/188/304 321/189/302
f 193/161/174 206/187/187 207/190/188
f 184/167/165 199/191/180 185/162/166
f 193/161/174 208/192/189 194/163/175
f 194/163/175 209/193/190 195/165/176
f 184/167/165 197/194/178 198/195/179
f 228/175/209 176/146/157 229/196/210
f 182/170/163 197/194/178 183/166/164
f 209/193/190 226/197/207 227/198/208
f 197/194/178 216/199/197 198/195/179
f 210/200/191 180/142/161 211/201/192
f 235/202/216 155/171/136 236/203/217
f 196/177/177 215/204/196 197/194/178
f 229/196/210 175/134/156 230/173/211
f 211/201/192 179/205/160 212/206/193
f 200/176/181 217/207/198 218/208/199
f 196/177/177 1/1/1 214/209/195
f 200/176/181 219/210/200 201/178/182
f 201/178/182 220/211/201 202/179/183
f 202/179/183 221/212/202 203/181/184
f 203/181/184 222/213/203 204/182/185
f 204/214/185 223/215/204 205/186/186
f 234/184/215 156/136/137 235/202/216
f 205/186/186 224/216/205 206/187/187
f 206/187/187 225/217/206 207/190/188
f 198/195/179 217/207/198 199/191/180
f 207/190/188 226/197/207 208/192/189
f 223/218/204 247/219/228 248/220/229
f 254/221/235 236/203/217 253/222/234
f 223/215/204 249/223/230 224/216/205
f 350/224/331 323/188/304 370/34/351
f 224/216/205 250/225/231 225/217/206
f 216/199/197 242/226/223 217/207/198
f 225/217/206 251/227/232 226/197/207
f 227/198/208 251/227/232 252/228/233
f 216/199/197 240/229/221 241/230/222
f 212/231/193 178/138/159 213/232/194
f 254/221/235 234/184/215 235/202/216
f 214/209/195 240/229/221 215/204/196
f 237/172/218 155/171/136 154/153/135
f 261/233/242 213/232/194 228/175/209
f 218/208/199 242/226/223 243/234/224
f 214/209/195 1/1/1 239/235/220
f 261/233/242 229/196/210 260/236/241
f 218/208/199 244/237/225 219/210/200
f 256/238/237 234/184/215 255/239/236
f 219/210/200 245/240/226 220/211/201
f 221/212/202 245/240/226 246/241/227
f 257/242/238 233/183/214 256/238/237
f 221/212/202 247/219/228 222/213/203
f 244/237/225 272/243/253 245/240/226
f 263/244/244 213/232/194 262/245/243
f 246/241/227 272/243/253 273/246/254
f 246/241/227 274/247/255 247/219/228
f 248/220/229 274/247/255 275/248/256
f 248/249/229 276/250/257 249/251/230
f 249/251/230 277/252/258 250/253/231
f 241/230/222 269/254/250 242/226/223
f 251/255/232 277/252/258 278/256/259
f 251/255/232 279/257/260 252/258/233
f 240/229/221 268/259/249 241/230/222
f 265/260/246 211/201/192 264/261/245
f 239/235/220 267/262/248 240/229/221
f 253/222/234 237/172/218 238/263/219
f 263/264/244 211/201/192 212/206/193
f 243/234/224 269/254/250 270/265/251
f 239/235/220 1/1/1 266/266/247
f 260/236/241 230/173/211 259/267/240
f 243/234/224 271/268/252 244/237/225
f 266/266/247 281/269/262 267/262/248
f 259/267/240 231/174/212 258/270/239
f 270/265/251 283/271/264 284/272/265
f 266/266/247 1/1/1 280/273/261
f 270/265/251 285/274/266 271/268/252
f 271/268/252 286/275/267 272/243/253
f 273/246/254 286/275/267 287/276/268
f 273/246/254 288/277/269 274/247/255
f 315/278/296 259/267/240 316/279/297
f 275/280/256 288/281/269 289/282/270
f 319/283/300 257/242/238 256/238/237
f 275/280/256 290/284/271 276/250/257
f 63/116/44 567/11/548 568/159/549
f 276/250/257 291/285/272 277/252/258
f 268/259/249 283/271/264 269/254/250
f 277/252/258 292/286/273 278/256/259
f 318/287/299 258/270/239 257/242/238
f 278/256/259 293/288/274 279/257/260
f 268/259/249 281/269/262 282/289/263
f 153/1/134 238/263/219 237/172/218
f 339/290/320 253/222/234 238/263/219
f 257/242/238 231/174/212 232/180/213
f 312/291/293 264/261/245 263/264/244
f 292/286/273 309/292/290 293/288/274
f 282/289/263 297/293/278 298/294/279
f 280/273/261 297/293/278 281/269/262
f 310/295/291 264/261/245 311/296/292
f 315/278/296 261/233/242 260/236/241
f 284/272/265 299/297/280 300/298/281
f 280/273/261 1/1/1 295/299/276
f 284/272/265 301/300/282 285/274/266
f 153/1/134 339/290/320 238/263/219
f 285/274/266 302/301/283 286/275/267
f 316/279/297 258/270/239 317/302/298
f 287/276/268 302/301/283 303/303/284
f 287/276/268 304/304/285 288/277/269
f 289/282/270 304/305/285 305/306/286
f 337/307/318 255/239/236 254/221/235
f 289/282/270 306/308/287 290/284/271
f 571/85/552 386/55/367 570/82/551
f 290/284/271 307/309/288 291/285/272
f 282/289/263 299/297/280 283/271/264
f 291/285/272 308/310/289 292/286/273
f 305/306/286 331/311/312 332/312/313
f 305/306/286 333/187/314 306/308/287
f 65/10/46 564/18/545 565/20/546
f 307/309/288 333/187/314 334/313/315
f 298/294/279 326/314/307 299/297/280
f 307/309/288 335/192/316 308/310/289
f 345/315/326 319/283/300 344/316/325
f 308/310/289 336/193/317 309/292/290
f 298/294/279 324/317/305 325/318/306
f 314/319/295 262/245/243 261/233/242
f 295/299/276 324/317/305 297/293/278
f 319/283/300 255/239/236 320/320/301
f 365/321/346 315/278/296 364/322/345
f 300/298/281 326/314/307 327/323/308
f 295/299/276 1/1/1 322/324/303
f 300/298/281 328/325/309 301/300/282
f 337/307/318 253/222/234 338/326/319
f 301/300/282 329/327/310 302/301/283
f 312/328/293 262/245/243 313/329/294
f 302/301/283 330/330/311 303/303/284
f 342/331/323 338/326/319 341/332/322
f 303/303/284 331/333/312 304/304/285
f 368/334/349 312/291/293 367/335/348
f 328/325/309 356/336/337 329/327/310
f 347/337/328 317/302/298 346/338/327
f 329/327/310 357/339/338 330/330/311
f 365/321/346 313/329/294 314/319/295
f 330/330/311 358/340/339 331/333/312
f 332/312/313 358/341/339 359/342/340
f 332/312/313 360/216/341 333/187/314
f 91/113/72 554/4/535 75/114/56
f 333/187/314 361/217/342 334/313/315
f 325/318/306 353/343/334 326/314/307
f 334/313/315 362/197/343 335/192/316
f 364/322/345 316/279/297 347/337/328
f 335/192/316 363/344/344 336/193/317
f 324/317/305 352/345/333 325/318/306
f 322/324/303 351/346/332 324/317/305
f 369/347/350 311/296/292 368/334/349
f 367/348/348 313/329/294 366/349/347
f 327/323/308 353/343/334 354/350/335
f 322/324/303 1/1/1 349/351/330
f 344/316/325 320/320/301 343/352/324
f 327/323/308 355/353/336 328/325/309
f 349/351/330 373/354/354 351/346/332
f 425/355/406 343/352/324 426/356/407
f 342/331/323 320/320/301 337/307/318
f 354/350/335 375/357/356 376/358/357
f 349/351/330 1/1/1 371/359/352
f 345/315/326 317/302/298 318/287/299
f 354/350/335 377/360/358 355/353/336
f 355/353/336 378/361/359 356/336/337
f 153/1/134 340/362/321 339/290/320
f 356/336/337 379/363/360 357/339/338
f 341/332/322 339/290/320 340/362/321
f 357/339/338 380/364/361 358/340/339
f 359/365/340 380/364/361 381/366/362
f 359/342/340 382/223/363 360/216/341
f 360/216/341 383/225/364 361/217/342
f 352/345/333 375/357/356 353/343/334
f 362/197/343 383/225/364 384/367/365
f 423/368/404 347/337/328 346/338/327
f 362/197/343 385/369/366 363/344/344
f 352/345/333 373/354/354 374/370/355
f 429/371/410 341/332/322 340/362/321
f 383/372/364 400/373/381 384/374/365
f 402/375/383 368/334/349 403/376/384
f 384/374/365 401/377/382 385/378/366
f 373/354/354 390/379/371 374/370/355
f 427/380/408 341/332/322 428/381/409
f 425/355/406 345/315/326 344/316/325
f 371/359/352 389/382/370 373/354/354
f 406/383/387 366/349/347 365/321/346
f 403/384/384 367/348/348 404/385/385
f 376/358/357 391/386/372 392/387/373
f 371/359/352 1/1/1 387/388/368
f 376/358/357 393/389/374 377/360/358
f 377/360/358 394/390/375 378/361/359
f 379/363/360 394/390/375 395/391/376
f 404/385/385 366/349/347 405/392/386
f 379/363/360 396/393/377 380/364/361
f 381/366/362 396/393/377 397/394/378
f 406/383/387 364/322/345 421/395/402
f 381/396/362 398/397/379 382/398/363
f 383/372/364 398/397/379 399/399/380
f 374/370/355 391/386/372 375/357/356
f 424/400/405 346/338/327 345/315/326
f 397/401/378 415/402/396 416/403/397
f 397/401/378 417/404/398 398/397/379
f 153/1/134 569/3/550 388/49/369
f 398/397/379 418/405/399 399/399/380
f 390/379/371 410/406/391 391/386/372
f 400/373/381 418/405/399 419/407/400
f 401/377/382 419/407/400 420/408/401
f 390/379/371 408/409/389 409/410/390
f 153/1/134 429/371/410 340/362/321
f 456/411/437 404/385/385 455/412/436
f 387/388/368 408/409/389 389/382/370
f 421/395/402 347/337/328 422/413/403
f 392/387/373 410/406/391 411/414/392
f 387/388/368 1/1/1 407/415/388
f 392/387/373 412/416/393 393/389/374
f 393/389/374 413/417/394 394/390/375
f 395/391/376 413/417/394 414/418/395
f 427/380/408 343/352/324 342/331/323
f 395/391/376 415/419/396 396/393/377
f 452/420/433 422/413/403 451/421/432
f 412/416/393 438/422/419 413/417/394
f 446/423/427 426/356/407 427/380/408
f 414/418/395 438/422/419 439/424/420
f 414/418/395 440/425/421 415/419/396
f 431/426/412 427/380/408 428/381/409
f 416/403/397 440/305/421 441/427/422
f 455/412/436 405/392/386 454/428/435
f 416/403/397 442/59/423 417/404/398
f 418/405/399 442/59/423 443/429/424
f 409/410/390 435/430/416 410/406/391
f 419/407/400 443/429/424 444/431/425
f 419/407/400 445/432/426 420/408/401
f 409/410/390 433/433/414 434/434/415
f 451/421/432 423/368/404 450/435/431
f 449/436/430 423/368/404 424/400/405
f 407/415/388 433/433/414 408/409/389
f 457/437/438 403/376/384 456/438/437
f 410/406/391 436/439/417 411/414/392
f 407/415/388 1/1/1 432/440/413
f 431/426/412 429/371/410 430/441/411
f 412/416/393 436/439/417 437/442/418
f 432/440/413 459/443/440 433/433/414
f 448/444/429 426/356/407 447/445/428
f 436/439/417 461/446/442 462/447/443
f 432/440/413 1/1/1 458/448/439
f 436/439/417 463/449/444 437/442/418
f 437/442/418 464/450/445 438/422/419
f 448/444/429 424/400/405 425/355/406
f 439/424/420 464/450/445 465/451/446
f 453/452/434 421/395/402 452/420/433
f 439/424/420 466/453/447 440/425/421
f 441/427/422 466/454/447 467/455/448
f 153/1/134 430/441/411 429/371/410
f 441/427/422 468/125/449 442/59/423
f 571/85/552 370/34/351 372/120/353
f 443/429/424 468/125/449 469/456/450
f 434/434/415 461/446/442 435/430/416
f 443/429/424 470/46/451 444/431/425
f 444/431/425 471/457/452 445/432/426
f 434/434/415 459/443/440 460/458/441
f 453/452/434 405/392/386 406/383/387
f 470/46/451 483/121/464 484/459/465
f 470/46/451 485/257/466 471/457/452
f 459/443/440 474/460/455 460/458/441
f 502/461/483 456/438/437 455/462/436
f 511/463/492 431/426/412 526/464/507
f 458/448/439 473/465/454 459/443/440
f 508/466/489 448/444/429 509/467/490
f 508/466/489 450/435/431 449/436/430
f 462/447/443 475/468/456 476/469/457
f 458/448/439 1/1/1 472/470/453
f 462/447/443 477/471/458 463/449/444
f 463/449/444 478/472/459 464/450/445
f 505/473/486 451/421/432 506/474/487
f 465/451/446 478/472/459 479/475/460
f 465/451/446 480/476/461 466/453/447
f 506/474/487 450/435/431 507/477/488
f 467/455/448 480/478/461 481/479/462
f 504/480/485 454/428/435 453/452/434
f 467/455/448 482/250/463 468/125/449
f 75/114/56 558/6/539 74/481/55
f 469/456/450 482/250/463 483/121/464
f 460/458/441 475/468/456 461/446/442
f 481/482/462 494/483/475 495/484/476
f 526/464/507 430/441/411 527/485/508
f 481/479/462 496/486/477 482/250/463
f 63/116/44 350/224/331 573/33/554
f 483/121/464 496/486/477 497/253/478
f 474/460/455 489/487/470 475/468/456
f 484/459/465 497/253/478 498/488/479
f 510/489/491 446/423/427 511/463/492
f 484/459/465 499/490/480 485/257/466
f 474/460/455 487/491/468 488/492/469
f 505/473/486 453/452/434 452/420/433
f 509/467/490 447/445/428 510/489/491
f 472/470/453 487/491/468 473/465/454
f 500/493/481 456/438/437 501/494/482
f 153/1/134 527/485/508 430/441/411
f 502/495/483 454/428/435 503/496/484
f 476/469/457 489/487/470 490/497/471
f 472/470/453 1/1/1 486/498/467
f 476/469/457 491/499/472 477/471/458
f 477/471/458 492/500/473 478/472/459
f 479/475/460 492/500/473 493/501/474
f 479/475/460 494/483/475 480/476/461
f 490/497/471 517/502/498 491/499/472
f 865/503/745 526/464/507 529/504/510
f 491/499/472 518/505/499 492/500/473
f 492/500/473 519/506/500 493/501/474
f 493/501/474 520/507/501 494/483/475
f 495/484/476 520/507/501 521/508/502
f 495/509/476 522/510/503 496/511/477
f 497/512/478 522/510/503 523/513/504
f 488/492/469 515/514/496 489/487/470
f 497/512/478 524/515/505 498/516/479
f 549/517/530 503/496/484 548/518/529
f 499/519/480 524/515/505 525/520/506
f 487/491/468 514/521/495 488/492/469
f 551/522/532 501/494/482 550/523/531
f 486/498/467 513/524/494 487/491/468
f 153/1/134 528/525/509 527/485/508
f 528/525/509 526/464/507 527/485/508
f 490/497/471 515/514/496 516/526/497
f 486/498/467 1/1/1 512/527/493
f 512/527/493 534/528/515 513/524/494
f 548/518/529 504/480/485 547/529/528
f 516/526/497 536/530/517 537/531/518
f 512/527/493 1/1/1 533/532/514
f 547/529/528 505/473/486 860/533/743
f 516/526/497 538/534/519 517/502/498
f 517/502/498 539/535/520 518/505/499
f 532/536/513 507/477/488 861/537/744
f 518/505/499 540/538/521 519/506/500
f 860/533/743 506/474/487 532/536/513
f 519/506/500 541/539/522 520/507/501
f 861/537/744 508/466/489 531/540/512
f 521/541/502 541/542/522 542/543/523
f 530/544/511 510/489/491 866/545/746
f 521/541/502 543/404/524 522/510/503
f 523/513/504 543/404/524 544/546/525
f 514/521/495 536/530/517 515/514/496
f 523/513/504 545/547/526 524/515/505
f 531/540/512 509/467/490 530/544/511
f 524/515/505 546/408/527 525/520/506
f 514/521/495 534/528/515 535/548/516
f 866/545/746 511/463/492 865/503/745
f 535/548/516 556/67/537 536/530/517
f 544/546/525 60/47/41 545/547/526
f 545/547/526 566/64/547 546/408/527
f 535/548/516 50/40/31 555/60/536
f 553/549/534 110/550/91 554/4/535
f 533/532/514 50/40/31 534/528/515
f 562/37/543 94/551/75 92/552/73
f 568/159/549 348/553/329 350/224/331
f 537/531/518 556/67/537 557/48/538
f 533/532/514 1/1/1 552/63/533
f 537/531/518 53/13/34 538/534/519
f 539/535/520 53/13/34 54/15/35
f 540/538/521 54/15/35 560/54/541
f 541/539/522 560/54/541 561/61/542
f 549/554/530 501/494/482 502/461/483
f 542/543/523 561/31/542 57/32/38
f 542/543/523 563/59/544 543/404/524
f 558/555/539 94/551/75 559/22/540
f 543/404/524 59/45/40 544/546/525
f 348/553/329 588/556/565 323/188/304
f 92/552/73 56/557/37 58/558/39
f 321/189/302 586/559/563 296/56/277
f 69/160/50 589/560/566 348/553/329
f 153/1/134 294/50/275 585/561/562
f 321/189/302 588/556/565 587/562/564
f 110/550/91 55/563/36 108/5/89
f 110/550/91 51/200/32 52/201/33
f 77/51/58 62/564/43 71/19/52
f 296/56/277 585/561/562 294/50/275
f 69/160/50 66/565/47 67/566/48
f 92/552/73 61/567/42 77/51/58
f 71/19/52 66/565/47 70/27/51
f 108/568/89 56/557/37 94/551/75
f 588/556/565 614/569/584 587/562/564
f 67/566/48 599/570/576 600/571/577
f 589/560/566 615/572/585 588/556/565
f 58/558/39 597/573/574 61/567/42
f 587/562/564 613/574/583 586/559/563
f 61/567/42 598/575/575 62/564/43
f 153/1/134 585/561/562 612/576/582
f 62/564/43 599/570/576 66/565/47
f 585/561/562 613/574/583 612/576/582
f 52/201/33 592/577/569 593/578/570
f 58/558/39 595/579/572 596/580/573
f 52/201/33 594/205/571 55/563/36
f 67/566/48 616/581/586 589/560/566
f 55/582/36 595/579/572 56/557/37
f 613/574/583 641/583/602 640/584/601
f 153/1/134 612/576/582 639/585/600
f 616/581/586 642/586/603 615/572/585
f 600/571/577 626/587/596 627/588/597
f 593/589/570 621/590/591 594/591/571
f 596/580/573 624/592/594 597/573/574
f 593/578/570 619/593/589 620/594/590
f 594/591/571 622/595/592 595/579/572
f 598/575/575 626/587/596 599/570/576
f 612/576/582 640/584/601 639/585/600
f 614/569/584 642/586/603 641/583/602
f 597/573/574 625/596/595 598/575/575
f 596/580/573 622/595/592 623/597/593
f 600/571/577 643/598/604 616/581/586
f 620/599/590 648/600/607 621/590/591
f 625/596/595 651/601/610 652/602/611
f 627/588/597 653/603/612 654/604/613
f 623/597/593 649/605/608 650/606/609
f 623/597/593 651/601/610 624/592/594
f 641/583/602 667/607/618 640/584/601
f 625/596/595 653/603/612 626/587/596
f 641/583/602 669/608/620 668/609/619
f 627/588/597 670/610/621 643/598/604
f 621/590/591 649/605/608 622/595/592
f 153/1/134 639/585/600 666/611/617
f 643/598/604 669/608/620 642/586/603
f 619/612/589 647/613/606 620/614/590
f 639/585/600 667/607/618 666/611/617
f 670/610/621 696/615/637 669/608/620
f 153/1/134 666/611/617 693/616/634
f 646/617/605 674/618/623 647/613/606
f 666/611/617 694/619/635 693/616/634
f 647/613/606 675/620/624 648/621/607
f 652/602/611 678/622/627 679/623/628
f 654/604/613 680/624/629 681/625/630
f 650/606/609 678/622/627 651/601/610
f 650/606/609 676/626/625 677/627/626
f 668/609/619 694/619/635 667/607/618
f 652/602/611 680/624/629 653/603/612
f 668/609/619 696/615/637 695/628/636
f 648/600/607 676/626/625 649/605/608
f 654/604/613 697/629/638 670/610/621
f 679/623/628 707/630/647 680/624/629
f 695/628/636 723/631/654 722/632/653
f 725/633/656 718/634/650 736/635/656
f 712/636/649 710/637/639 714/638/649
f 699/639/639 692/640/633 710/637/639
f 681/625/630 724/641/655 697/629/638
f 675/642/624 703/643/643 676/626/625
f 153/1/134 693/616/634 720/644/651
f 697/629/638 723/631/654 696/615/637
f 673/645/622 701/646/641 674/618/623
f 694/619/635 720/644/651 693/616/634
f 686/647/632 684/635/631 688/648/632
f 690/649/633 688/650/632 692/640/633
f 716/651/650 714/638/649 718/634/650
f 674/618/623 702/652/642 675/620/624
f 738/647/666 736/635/656 740/648/666
f 679/623/628 705/653/645 706/654/646
f 682/633/631 671/634/616 684/635/631
f 681/625/630 707/630/647 708/655/648
f 677/627/626 703/643/643 704/656/644
f 677/627/626 705/653/645 678/622/627
f 695/628/636 721/657/652 694/619/635
f 846/649/735 844/650/725 848/640/735
f 706/654/646 732/658/662 733/659/663
f 790/660/700 779/640/685 792/650/700
f 708/655/648 734/661/664 735/662/665
f 704/656/644 730/663/660 731/664/661
f 704/656/644 732/658/662 705/653/645
f 722/632/653 748/665/670 721/657/652
f 706/654/646 734/661/664 707/630/647
f 723/631/654 749/666/671 722/632/653
f 764/667/683 753/668/668 766/669/683
f 833/660/725 826/640/719 844/650/725
f 820/639/718 818/669/708 822/670/718
f 807/667/708 800/668/702 818/669/708
f 768/639/684 766/669/683 770/670/684
f 708/655/648 751/671/673 724/641/655
f 702/672/642 730/663/660 703/643/643
f 153/1/134 720/644/651 747/673/669
f 742/674/667 740/648/666 744/635/667
f 724/641/655 750/675/672 723/631/654
f 700/676/640 728/494/658 701/646/641
f 772/677/685 770/670/684 779/640/685
f 720/644/651 748/665/670 747/673/669
f 746/651/668 744/635/667 753/668/668
f 794/674/701 792/648/700 796/635/701
f 798/651/702 796/635/701 800/668/702
f 824/677/719 822/670/718 826/640/719
f 701/646/641 729/678/659 702/652/642
f 748/665/670 774/679/686 747/673/669
f 713/680/1 773/681/1 847/682/1
f 31/683/27 44/684/21 43/685/27
f 24/686/20 48/687/25 29/688/25
f 32/689/28 28/690/24 34/691/24
f 728/494/658 756/335/676 729/678/659
f 34/691/24 27/692/23 35/693/23
f 732/658/662 760/694/680 733/659/663
f 29/651/25 46/695/26 30/636/26
f 735/662/665 761/696/681 762/697/682
f 731/664/661 757/698/677 758/699/678
f 731/664/661 759/700/679 732/658/662
f 749/666/671 775/701/687 748/665/670
f 733/659/663 761/696/681 734/661/664
f 750/675/672 776/702/688 749/666/671
f 664/651/616 863/638/737 671/634/616
f 26/703/22 45/704/30 47/705/22
f 26/703/22 49/706/20 24/686/20
f 32/689/28 43/685/27 33/707/28
f 854/636/737 852/637/736 863/638/737
f 751/671/673 762/697/682 778/708/690
f 729/709/659 757/698/677 730/663/660
f 153/1/134 747/673/669 774/679/686
f 850/639/736 848/640/735 852/637/736
f 751/671/673 777/710/689 750/675/672
f 727/711/657 755/712/675 728/494/658
f 806/713/134 741/714/134 672/685/134
f 756/715/676 784/716/694 757/698/677
f 153/1/134 774/679/686 801/717/703
f 42/718/30 36/719/29 45/704/30
f 778/708/690 804/720/706 777/710/689
f 754/113/674 782/721/692 755/712/675
f 14/651/12 38/695/13 15/636/13
f 774/679/686 802/722/704 801/717/703
f 35/693/23 16/723/14 17/724/14
f 8/725/8 39/726/12 14/727/12
f 9/728/9 12/729/11 21/730/9
f 7/731/7 19/732/16 37/733/7
f 755/734/675 783/735/693 756/715/676
f 659/736/16 22/737/18 19/732/16
f 759/700/679 787/738/697 760/694/680
f 11/739/11 13/740/10 12/729/11
f 762/697/682 788/741/698 789/742/699
f 758/699/678 784/716/694 785/743/695
f 758/699/678 786/744/696 759/700/679
f 775/701/687 803/745/705 802/722/704
f 761/696/681 787/738/697 788/741/698
f 777/710/689 803/745/705 776/702/688
f 41/639/29 38/695/13 36/746/29
f 662/747/17 661/748/615 660/749/615
f 9/728/9 20/714/17 662/747/17
f 7/731/7 40/750/8 8/725/8
f 17/724/14 13/740/10 10/751/10
f 778/708/690 789/742/699 805/752/707
f 788/741/698 814/753/715 815/754/716
f 803/745/705 831/755/723 830/756/722
f 656/757/614 644/758/5 5/759/5
f 610/760/2 663/761/599 2/762/2
f 606/763/4 2/762/2 4/764/4
f 608/765/580 609/766/581 611/767/581
f 645/639/15 23/695/19 655/667/19
f 805/752/707 816/768/717 832/769/724
f 783/735/693 811/770/712 784/716/694
f 153/1/134 801/717/703 828/771/720
f 660/749/615 657/772/614 656/757/614
f 805/752/707 831/755/723 804/720/706
f 781/773/691 809/774/710 782/775/692
f 6/776/6 644/758/5 638/777/6
f 801/717/703 829/778/721 828/771/720
f 658/651/18 23/695/19 22/779/18
f 608/765/580 638/777/6 630/780/580
f 606/763/4 3/681/3 607/781/3
f 611/767/581 629/782/587 617/783/587
f 782/784/692 810/785/711 783/735/693
f 617/783/587 628/713/588 618/786/588
f 786/744/696 814/753/715 787/738/697
f 607/781/3 18/787/15 645/788/15
f 789/742/699 815/754/716 816/768/717
f 785/743/695 811/770/712 812/789/713
f 785/743/695 813/790/714 786/744/696
f 803/745/705 829/778/721 802/722/704
f 602/639/578 46/695/26 601/746/578
f 814/753/715 840/791/731 841/792/732
f 578/793/558 575/794/556 577/795/558
f 816/768/717 842/796/733 843/797/734
f 812/789/713 838/798/729 839/799/730
f 812/789/713 840/791/731 813/790/714
f 830/756/722 856/800/739 829/778/721
f 815/754/716 841/792/732 842/796/733
f 830/756/722 858/801/741 857/802/740
f 580/639/560 631/695/598 636/667/598
f 591/803/568 574/804/555 584/805/555
f 590/806/567 604/807/568 591/803/568
f 583/808/561 632/682/579 635/809/561
f 582/810/556 576/811/557 575/794/556
f 816/768/717 859/812/742 832/769/724
f 810/785/711 838/798/729 811/770/712
f 153/1/134 828/771/720 855/813/738
f 637/651/599 631/695/598 663/779/599
f 832/769/724 858/801/741 831/755/723
f 808/814/709 836/815/727 809/774/710
f 579/816/559 633/817/560 580/818/560
f 828/771/720 856/800/739 855/813/738
f 618/786/588 576/811/557 581/819/557
f 583/808/561 634/820/559 579/816/559
f 578/793/558 605/821/567 590/806/567
f 603/822/579 601/823/578 632/682/579
f 810/824/711 836/815/727 837/825/728
f 856/800/739 528/525/509 855/813/738
f 836/815/727 549/554/530 837/825/728
f 840/791/731 532/536/513 841/792/732
f 584/805/555 44/684/21 25/826/21
f 843/797/734 861/537/744 531/540/512
f 839/799/730 548/518/529 547/529/528
f 839/799/730 860/533/743 840/791/731
f 857/802/740 529/504/510 856/800/739
f 841/792/732 861/537/744 842/796/733
f 857/802/740 866/545/746 865/503/745
f 843/797/734 530/544/511 859/812/742
f 837/827/728 548/518/529 838/798/729
f 153/1/134 855/813/738 528/525/509
f 859/812/742 866/545/746 858/801/741
f 835/645/726 550/523/531 836/815/727
f 554/4/535 110/550/91 108/5/89
f 76/7/57 93/70/74 95/8/76
f 65/10/46 565/20/546 567/11/548
f 53/13/34 82/30/63 83/14/64
f 79/16/60 78/9/59 95/8/76
f 564/18/545 77/51/58 71/19/52
f 74/21/55 558/555/539 559/22/540
f 86/24/67 103/58/84 104/25/85
f 565/20/546 71/19/52 70/27/51
f 81/28/62 98/41/79 99/29/80
f 561/31/542 85/57/66 86/24/67
f 573/33/554 350/224/331 370/34/351
f 72/36/53 73/23/54 559/22/540
f 80/38/61 79/16/60 96/17/77
f 50/40/31 552/63/533 76/7/57
f 80/38/61 97/39/78 98/41/79
f 84/42/65 83/14/64 100/43/81
f 59/45/40 88/52/69 89/46/70
f 557/48/538 556/67/537 80/38/61
f 562/37/543 92/552/73 77/51/58
f 88/52/69 105/69/86 106/53/87
f 560/54/541 54/15/35 83/14/64
f 569/3/550 570/82/551 386/55/367
f 388/49/369 386/55/367 296/56/277
f 85/57/66 102/828/83 103/58/84
f 563/59/544 57/32/38 86/24/67
f 555/60/536 50/40/31 78/9/59
f 561/61/542 560/54/541 84/42/65
f 566/64/547 60/47/41 89/46/70
f 557/48/538 81/28/62 82/30/63
f 563/59/544 87/26/68 88/52/69
f 90/65/71 89/46/70 106/53/87
f 555/60/536 79/16/60 80/38/61
f 85/62/66 84/42/65 101/44/82
f 87/26/68 104/25/85 105/69/86
f 72/36/53 562/37/543 564/18/545
f 82/30/63 99/29/80 100/43/81
f 126/72/107 74/21/55 73/23/54
f 132/74/113 63/116/44 573/33/554
f 97/39/78 113/90/94 114/76/95
f 98/41/79 114/76/95 115/78/96
f 99/29/80 115/78/96 116/79/97
f 128/80/109 127/73/108 73/23/54
f 101/44/82 100/43/81 116/79/97
f 152/2/133 151/102/132 570/82/551
f 102/68/83 101/44/82 117/81/98
f 150/84/131 149/104/130 572/35/553
f 102/68/83 118/83/99 119/86/100
f 103/58/84 119/118/100 120/88/101
f 105/69/86 104/25/85 120/88/101
f 96/17/77 112/95/93 113/90/94
f 105/69/86 121/89/102 122/91/103
f 125/92/106 75/829/56 74/21/55
f 107/66/88 106/53/87 122/91/103
f 96/17/77 95/8/76 111/94/92
f 130/96/111 129/105/110 68/71/49
f 130/96/111 65/10/46 64/12/45
f 93/70/74 109/77/90 111/94/92
f 123/98/104 122/123/103 147/99/128
f 111/94/92 136/103/117 137/101/118
f 150/84/131 571/85/552 570/82/551
f 109/77/90 135/108/116 136/103/117
f 133/75/114 573/33/554 572/35/553
f 128/80/109 72/36/53 68/71/49
f 114/76/95 113/90/94 138/106/119
f 114/76/95 139/107/120 140/109/121
f 115/78/96 140/109/121 141/110/122
f 116/79/97 141/110/122 142/111/123
f 125/112/106 124/830/105 91/113/72
f 117/81/98 142/111/123 143/115/124
f 132/74/113 131/97/112 64/12/45
f 119/86/100 118/83/99 143/115/124
f 119/118/100 144/124/125 145/119/126
f 372/120/353 321/189/302 296/56/277
f 120/88/101 145/119/126 146/121/127
f 112/95/93 137/101/118 138/106/119
f 121/122/102 146/121/127 147/99/128
f 144/124/125 170/150/151 171/125/152
f 145/119/126 171/125/152 172/126/153
f 137/101/118 163/133/144 164/127/145
f 146/121/127 172/126/153 173/128/154
f 159/129/140 132/74/113 133/75/114
f 147/99/128 173/128/154 174/131/155
f 137/101/118 136/103/117 162/132/143
f 175/134/156 130/96/111 131/97/112
f 156/136/137 157/168/138 149/104/130
f 135/108/116 161/140/142 162/132/143
f 179/137/160 126/72/107 127/73/108
f 159/129/140 160/135/141 131/97/112
f 138/106/119 164/127/145 165/139/146
f 139/107/120 165/139/146 166/141/147
f 180/142/161 181/831/162 124/143/105
f 140/109/121 166/141/147 167/145/148
f 176/146/157 129/105/110 130/96/111
f 142/111/123 141/110/122 167/145/148
f 142/111/123 168/147/149 169/148/150
f 144/124/125 143/832/124 169/149/150
f 167/145/148 166/141/147 187/151/168
f 167/145/148 188/152/169 189/154/170
f 169/148/150 168/147/149 189/154/170
f 154/153/135 155/171/136 151/102/132
f 169/149/150 190/185/171 191/156/172
f 178/138/159 127/73/108 128/80/109
f 170/150/151 191/156/172 192/158/173
f 568/159/549 567/11/548 70/27/51
f 172/126/153 171/125/152 192/158/173
f 163/133/144 184/167/165 185/162/166
f 172/126/153 193/161/174 194/163/175
f 180/164/161 125/92/106 126/72/107
f 173/128/154 194/163/175 195/165/176
f 163/133/144 162/132/143 183/166/164
f 177/157/158 128/80/109 129/105/110
f 161/140/142 182/170/163 183/166/164
f 158/130/139 133/75/114 149/104/130
f 165/139/146 164/127/145 185/162/166
f 155/171/136 156/136/137 150/84/131
f 165/139/146 186/169/167 187/151/168
f 230/173/211 175/134/156 160/135/141
f 228/175/209 213/232/194 178/138/159
f 185/162/166 199/191/180 200/176/181
f 186/169/167 200/176/181 201/178/182
f 187/151/168 201/178/182 202/179/183
f 232/180/213 231/174/212 160/135/141
f 188/152/169 202/179/183 203/181/184
f 190/155/171 189/154/170 203/181/184
f 233/183/214 158/130/139 157/168/138
f 190/185/171 204/214/185 205/186/186
f 232/180/213 159/129/140 158/130/139
f 191/156/172 205/186/186 206/187/187
f 372/120/353 370/34/351 323/188/304
f 193/161/174 192/158/173 206/187/187
f 184/167/165 198/195/179 199/191/180
f 193/161/174 207/190/188 208/192/189
f 194/163/175 208/192/189 209/193/190
f 184/167/165 183/166/164 197/194/178
f 228/175/209 177/157/158 176/146/157
f 182/170/163 196/177/177 197/194/178
f 209/193/190 208/192/189 226/197/207
f 197/194/178 215/204/196 216/199/197
f 210/200/191 181/831/162 180/142/161
f 235/202/216 156/136/137 155/171/136
f 196/177/177 214/209/195 215/204/196
f 229/196/210 176/146/157 175/134/156
f 211/201/192 180/142/161 179/205/160
f 200/176/181 199/191/180 217/207/198
f 200/176/181 218/208/199 219/210/200
f 201/178/182 219/210/200 220/211/201
f 202/179/183 220/211/201 221/212/202
f 203/181/184 221/212/202 222/213/203
f 204/214/185 222/833/203 223/215/204
f 234/184/215 157/168/138 156/136/137
f 205/186/186 223/215/204 224/216/205
f 206/187/187 224/216/205 225/217/206
f 198/195/179 216/199/197 217/207/198
f 207/190/188 225/217/206 226/197/207
f 223/218/204 222/213/203 247/219/228
f 254/221/235 235/202/216 236/203/217
f 223/215/204 248/834/229 249/223/230
f 350/224/331 348/553/329 323/188/304
f 224/216/205 249/223/230 250/225/231
f 216/199/197 241/230/222 242/226/223
f 225/217/206 250/225/231 251/227/232
f 227/198/208 226/197/207 251/227/232
f 216/199/197 215/204/196 240/229/221
f 212/231/193 179/137/160 178/138/159
f 254/221/235 255/239/236 234/184/215
f 214/209/195 239/235/220 240/229/221
f 237/172/218 236/203/217 155/171/136
f 261/233/242 262/245/243 213/232/194
f 218/208/199 217/207/198 242/226/223
f 261/233/242 228/175/209 229/196/210
f 218/208/199 243/234/224 244/237/225
f 256/238/237 233/183/214 234/184/215
f 219/210/200 244/237/225 245/240/226
f 221/212/202 220/211/201 245/240/226
f 257/242/238 232/180/213 233/183/214
f 221/212/202 246/241/227 247/219/228
f 244/237/225 271/268/252 272/243/253
f 263/244/244 212/231/193 213/232/194
f 246/241/227 245/240/226 272/243/253
f 246/241/227 273/246/254 274/247/255
f 248/220/229 247/219/228 274/247/255
f 248/249/229 275/280/256 276/250/257
f 249/251/230 276/250/257 277/252/258
f 241/230/222 268/259/249 269/254/250
f 251/255/232 250/253/231 277/252/258
f 251/255/232 278/256/259 279/257/260
f 240/229/221 267/262/248 268/259/249
f 265/260/246 210/200/191 211/201/192
f 239/235/220 266/266/247 267/262/248
f 253/222/234 236/203/217 237/172/218
f 263/264/244 264/261/245 211/201/192
f 243/234/224 242/226/223 269/254/250
f 260/236/241 229/196/210 230/173/211
f 243/234/224 270/265/251 271/268/252
f 266/266/247 280/273/261 281/269/262
f 259/267/240 230/173/211 231/174/212
f 270/265/251 269/254/250 283/271/264
f 270/265/251 284/272/265 285/274/266
f 271/268/252 285/274/266 286/275/267
f 273/246/254 272/243/253 286/275/267
f 273/246/254 287/276/268 288/277/269
f 315/278/296 260/236/241 259/267/240
f 275/280/256 274/835/255 288/281/269
f 319/283/300 318/287/299 257/242/238
f 275/280/256 289/282/270 290/284/271
f 63/116/44 64/12/45 567/11/548
f 276/250/257 290/284/271 291/285/272
f 268/259/249 282/289/263 283/271/264
f 277/252/258 291/285/272 292/286/273
f 318/287/299 317/302/298 258/270/239
f 278/256/259 292/286/273 293/288/274
f 268/259/249 267/262/248 281/269/262
f 339/290/320 338/326/319 253/222/234
f 257/242/238 258/270/239 231/174/212
f 312/291/293 311/296/292 264/261/245
f 292/286/273 308/310/289 309/292/290
f 282/289/263 281/269/262 297/293/278
f 280/273/261 295/299/276 297/293/278
f 310/295/291 265/260/246 264/261/245
f 315/278/296 314/319/295 261/233/242
f 284/272/265 283/271/264 299/297/280
f 284/272/265 300/298/281 301/300/282
f 285/274/266 301/300/282 302/301/283
f 316/279/297 259/267/240 258/270/239
f 287/276/268 286/275/267 302/301/283
f 287/276/268 303/303/284 304/304/285
f 289/282/270 288/281/269 304/305/285
f 337/307/318 320/320/301 255/239/236
f 289/282/270 305/306/286 306/308/287
f 571/85/552 372/120/353 386/55/367
f 290/284/271 306/308/287 307/309/288
f 282/289/263 298/294/279 299/297/280
f 291/285/272 307/309/288 308/310/289
f 305/306/286 304/305/285 331/311/312
f 305/306/286 332/312/313 333/187/314
f 65/10/46 68/71/49 564/18/545
f 307/309/288 306/308/287 333/187/314
f 298/294/279 325/318/306 326/314/307
f 307/309/288 334/313/315 335/192/316
f 345/315/326 318/287/299 319/283/300
f 308/310/289 335/192/316 336/193/317
f 298/294/279 297/293/278 324/317/305
f 314/319/295 313/329/294 262/245/243
f 295/299/276 322/324/303 324/317/305
f 319/283/300 256/238/237 255/239/236
f 365/321/346 314/319/295 315/278/296
f 300/298/281 299/297/280 326/314/307
f 300/298/281 327/323/308 328/325/309
f 337/307/318 254/221/235 253/222/234
f 301/300/282 328/325/309 329/327/310
f 312/328/293 263/244/244 262/245/243
f 302/301/283 329/327/310 330/330/311
f 342/331/323 337/307/318 338/326/319
f 303/303/284 330/330/311 331/333/312
f 368/334/349 311/296/292 312/291/293
f 328/325/309 355/353/336 356/336/337
f 347/337/328 316/279/297 317/302/298
f 329/327/310 356/336/337 357/339/338
f 365/321/346 366/349/347 313/329/294
f 330/330/311 357/339/338 358/340/339
f 332/312/313 331/311/312 358/341/339
f 332/312/313 359/342/340 360/216/341
f 91/113/72 553/549/534 554/4/535
f 333/187/314 360/216/341 361/217/342
f 325/318/306 352/345/333 353/343/334
f 334/313/315 361/217/342 362/197/343
f 364/322/345 315/278/296 316/279/297
f 335/192/316 362/197/343 363/344/344
f 324/317/305 351/346/332 352/345/333
f 322/324/303 349/351/330 351/346/332
f 369/347/350 310/295/291 311/296/292
f 367/348/348 312/328/293 313/329/294
f 327/323/308 326/314/307 353/343/334
f 344/316/325 319/283/300 320/320/301
f 327/323/308 354/350/335 355/353/336
f 349/351/330 371/359/352 373/354/354
f 425/355/406 344/316/325 343/352/324
f 342/331/323 343/352/324 320/320/301
f 354/350/335 353/343/334 375/357/356
f 345/315/326 346/338/327 317/302/298
f 354/350/335 376/358/357 377/360/358
f 355/353/336 377/360/358 378/361/359
f 356/336/337 378/361/359 379/363/360
f 341/332/322 338/326/319 339/290/320
f 357/339/338 379/363/360 380/364/361
f 359/365/340 358/340/339 380/364/361
f 359/342/340 381/836/362 382/223/363
f 360/216/341 382/223/363 383/225/364
f 352/345/333 374/370/355 375/357/356
f 362/197/343 361/217/342 383/225/364
f 423/368/404 422/413/403 347/337/328
f 362/197/343 384/367/365 385/369/366
f 352/345/333 351/346/332 373/354/354
f 429/371/410 428/381/409 341/332/322
f 383/372/364 399/399/380 400/373/381
f 402/375/383 369/347/350 368/334/349
f 384/374/365 400/373/381 401/377/382
f 373/354/354 389/382/370 390/379/371
f 427/380/408 342/331/323 341/332/322
f 425/355/406 424/400/405 345/315/326
f 371/359/352 387/388/368 389/382/370
f 406/383/387 405/392/386 366/349/347
f 403/384/384 368/837/349 367/348/348
f 376/358/357 375/357/356 391/386/372
f 376/358/357 392/387/373 393/389/374
f 377/360/358 393/389/374 394/390/375
f 379/363/360 378/361/359 394/390/375
f 404/385/385 367/348/348 366/349/347
f 379/363/360 395/391/376 396/393/377
f 381/366/362 380/364/361 396/393/377
f 406/383/387 365/321/346 364/322/345
f 381/396/362 397/401/378 398/397/379
f 383/372/364 382/398/363 398/397/379
f 374/370/355 390/379/371 391/386/372
f 424/400/405 423/368/404 346/338/327
f 397/401/378 396/341/377 415/402/396
f 397/401/378 416/403/397 417/404/398
f 398/397/379 417/404/398 418/405/399
f 390/379/371 409/410/390 410/406/391
f 400/373/381 399/399/380 418/405/399
f 401/377/382 400/373/381 419/407/400
f 390/379/371 389/382/370 408/409/389
f 456/411/437 403/384/384 404/385/385
f 387/388/368 407/415/388 408/409/389
f 421/395/402 364/322/345 347/337/328
f 392/387/373 391/386/372 410/406/391
f 392/387/373 411/414/392 412/416/393
f 393/389/374 412/416/393 413/417/394
f 395/391/376 394/390/375 413/417/394
f 427/380/408 426/356/407 343/352/324
f 395/391/376 414/418/395 415/419/396
f 452/420/433 421/395/402 422/413/403
f 412/416/393 437/442/418 438/422/419
f 446/423/427 447/445/428 426/356/407
f 414/418/395 413/417/394 438/422/419
f 414/418/395 439/424/420 440/425/421
f 431/426/412 446/423/427 427/380/408
f 416/403/397 415/402/396 440/305/421
f 455/412/436 404/385/385 405/392/386
f 416/403/397 441/427/422 442/59/423
f 418/405/399 417/404/398 442/59/423
f 409/410/390 434/434/415 435/430/416
f 419/407/400 418/405/399 443/429/424
f 419/407/400 444/431/425 445/432/426
f 409/410/390 408/409/389 433/433/414
f 451/421/432 422/413/403 423/368/404
f 449/436/430 450/435/431 423/368/404
f 407/415/388 432/440/413 433/433/414
f 457/437/438 402/838/383 403/376/384
f 410/406/391 435/430/416 436/439/417
f 431/426/412 428/381/409 429/371/410
f 412/416/393 411/414/392 436/439/417
f 432/440/413 458/448/439 459/443/440
f 448/444/429 425/355/406 426/356/407
f 436/439/417 435/430/416 461/446/442
f 436/439/417 462/447/443 463/449/444
f 437/442/418 463/449/444 464/450/445
f 448/444/429 449/436/430 424/400/405
f 439/424/420 438/422/419 464/450/445
f 453/452/434 406/383/387 421/395/402
f 439/424/420 465/451/446 466/453/447
f 441/427/422 440/305/421 466/454/447
f 441/427/422 467/455/448 468/125/449
f 571/85/552 572/35/553 370/34/351
f 443/429/424 442/59/423 468/125/449
f 434/434/415 460/458/441 461/446/442
f 443/429/424 469/456/450 470/46/451
f 444/431/425 470/46/451 471/457/452
f 434/434/415 433/433/414 459/443/440
f 453/452/434 454/428/435 405/392/386
f 470/46/451 469/456/450 483/121/464
f 470/46/451 484/459/465 485/257/466
f 459/443/440 473/465/454 474/460/455
f 502/461/483 501/494/482 456/438/437
f 511/463/492 446/423/427 431/426/412
f 458/448/439 472/470/453 473/465/454
f 508/466/489 449/436/430 448/444/429
f 508/466/489 507/477/488 450/435/431
f 462/447/443 461/446/442 475/468/456
f 462/447/443 476/469/457 477/471/458
f 463/449/444 477/471/458 478/472/459
f 505/473/486 452/420/433 451/421/432
f 465/451/446 464/450/445 478/472/459
f 465/451/446 479/475/460 480/476/461
f 506/474/487 451/421/432 450/435/431
f 467/455/448 466/454/447 480/478/461
f 504/480/485 503/496/484 454/428/435
f 467/455/448 481/479/462 482/250/463
f 75/114/56 554/4/535 558/6/539
f 469/456/450 468/125/449 482/250/463
f 460/458/441 474/460/455 475/468/456
f 481/482/462 480/476/461 494/483/475
f 526/464/507 431/426/412 430/441/411
f 481/479/462 495/118/476 496/486/477
f 63/116/44 568/159/549 350/224/331
f 483/121/464 482/250/463 496/486/477
f 474/460/455 488/492/469 489/487/470
f 484/459/465 483/121/464 497/253/478
f 510/489/491 447/445/428 446/423/427
f 484/459/465 498/488/479 499/490/480
f 474/460/455 473/465/454 487/491/468
f 505/473/486 504/480/485 453/452/434
f 509/467/490 448/444/429 447/445/428
f 472/470/453 486/498/467 487/491/468
f 500/493/481 457/437/438 456/438/437
f 502/495/483 455/412/436 454/428/435
f 476/469/457 475/468/456 489/487/470
f 476/469/457 490/497/471 491/499/472
f 477/471/458 491/499/472 492/500/473
f 479/475/460 478/472/459 492/500/473
f 479/475/460 493/501/474 494/483/475
f 490/497/471 516/526/497 517/502/498
f 865/503/745 511/463/492 526/464/507
f 491/499/472 517/502/498 518/505/499
f 492/500/473 518/505/499 519/506/500
f 493/501/474 519/506/500 520/507/501
f 495/484/476 494/483/475 520/507/501
f 495/509/476 521/541/502 522/510/503
f 497/512/478 496/511/477 522/510/503
f 488/492/469 514/521/495 515/514/496
f 497/512/478 523/513/504 524/515/505
f 549/517/530 502/495/483 503/496/484
f 499/519/480 498/516/479 524/515/505
f 487/491/468 513/524/494 514/521/495
f 551/522/532 500/493/481 501/494/482
f 486/498/467 512/527/493 513/524/494
f 528/525/509 529/504/510 526/464/507
f 490/497/471 489/487/470 515/514/496
f 512/527/493 533/532/514 534/528/515
f 548/518/529 503/496/484 504/480/485
f 516/526/497 515/514/496 536/530/517
f 547/529/528 504/480/485 505/473/486
f 516/526/497 537/531/518 538/534/519
f 517/502/498 538/534/519 539/535/520
f 532/536/513 506/474/487 507/477/488
f 518/505/499 539/535/520 540/538/521
f 860/533/743 505/473/486 506/474/487
f 519/506/500 540/538/521 541/539/522
f 861/537/744 507/477/488 508/466/489
f 521/541/502 520/839/501 541/542/522
f 530/544/511 509/467/490 510/489/491
f 521/541/502 542/543/523 543/404/524
f 523/513/504 522/510/503 543/404/524
f 514/521/495 535/548/516 536/530/517
f 523/513/504 544/546/525 545/547/526
f 531/540/512 508/466/489 509/467/490
f 524/515/505 545/547/526 546/408/527
f 514/521/495 513/524/494 534/528/515
f 866/545/746 510/489/491 511/463/492
f 535/548/516 555/60/536 556/67/537
f 544/546/525 59/45/40 60/47/41
f 545/547/526 60/47/41 566/64/547
f 535/548/516 534/528/515 50/40/31
f 553/549/534 134/840/115 110/550/91
f 533/532/514 552/63/533 50/40/31
f 562/37/543 559/22/540 94/551/75
f 568/159/549 69/160/50 348/553/329
f 537/531/518 536/530/517 556/67/537
f 537/531/518 557/48/538 53/13/34
f 539/535/520 538/534/519 53/13/34
f 540/538/521 539/535/520 54/15/35
f 541/539/522 540/538/521 560/54/541
f 549/554/530 550/523/531 501/494/482
f 542/543/523 541/542/522 561/31/542
f 542/543/523 57/32/38 563/59/544
f 558/555/539 108/568/89 94/551/75
f 543/404/524 563/59/544 59/45/40
f 348/553/329 589/560/566 588/556/565
f 92/552/73 94/551/75 56/557/37
f 321/189/302 587/562/564 586/559/563
f 69/160/50 67/566/48 589/560/566
f 321/189/302 323/188/304 588/556/565
f 110/550/91 52/201/33 55/563/36
f 110/550/91 134/840/115 51/200/32
f 77/51/58 61/567/42 62/564/43
f 296/56/277 586/559/563 585/561/562
f 69/160/50 70/27/51 66/565/47
f 92/552/73 58/558/39 61/567/42
f 71/19/52 62/564/43 66/565/47
f 108/568/89 55/582/36 56/557/37
f 588/556/565 615/572/585 614/569/584
f 67/566/48 66/565/47 599/570/576
f 589/560/566 616/581/586 615/572/585
f 58/558/39 596/580/573 597/573/574
f 587/562/564 614/569/584 613/574/583
f 61/567/42 597/573/574 598/575/575
f 62/564/43 598/575/575 599/570/576
f 585/561/562 586/559/563 613/574/583
f 52/201/33 51/200/32 592/577/569
f 58/558/39 56/557/37 595/579/572
f 52/201/33 593/578/570 594/205/571
f 67/566/48 600/571/577 616/581/586
f 55/582/36 594/591/571 595/579/572
f 613/574/583 614/569/584 641/583/602
f 616/581/586 643/598/604 642/586/603
f 600/571/577 599/570/576 626/587/596
f 593/589/570 620/599/590 621/590/591
f 596/580/573 623/597/593 624/592/594
f 593/578/570 592/577/569 619/593/589
f 594/591/571 621/590/591 622/595/592
f 598/575/575 625/596/595 626/587/596
f 612/576/582 613/574/583 640/584/601
f 614/569/584 615/572/585 642/586/603
f 597/573/574 624/592/594 625/596/595
f 596/580/573 595/579/572 622/595/592
f 600/571/577 627/588/597 643/598/604
f 620/599/590 647/841/606 648/600/607
f 625/596/595 624/592/594 651/601/610
f 627/588/597 626/587/596 653/603/612
f 623/597/593 622/595/592 649/605/608
f 623/597/593 650/606/609 651/601/610
f 641/583/602 668/609/619 667/607/618
f 625/596/595 652/602/611 653/603/612
f 641/583/602 642/586/603 669/608/620
f 627/588/597 654/604/613 670/610/621
f 621/590/591 648/600/607 649/605/608
f 643/598/604 670/610/621 669/608/620
f 619/612/589 646/617/605 647/613/606
f 639/585/600 640/584/601 667/607/618
f 670/610/621 697/629/638 696/615/637
f 646/617/605 673/645/622 674/618/623
f 666/611/617 667/607/618 694/619/635
f 647/613/606 674/618/623 675/620/624
f 652/602/611 651/601/610 678/622/627
f 654/604/613 653/603/612 680/624/629
f 650/606/609 677/627/626 678/622/627
f 650/606/609 649/605/608 676/626/625
f 668/609/619 695/628/636 694/619/635
f 652/602/611 679/623/628 680/624/629
f 668/609/619 669/608/620 696/615/637
f 648/600/607 675/642/624 676/626/625
f 654/604/613 681/625/630 697/629/638
f 679/623/628 706/654/646 707/630/647
f 695/628/636 696/615/637 723/631/654
f 725/633/656 716/651/650 718/634/650
f 712/636/649 699/639/639 710/637/639
f 699/639/639 690/649/633 692/640/633
f 681/625/630 708/655/648 724/641/655
f 675/642/624 702/672/642 703/643/643
f 697/629/638 724/641/655 723/631/654
f 673/645/622 700/676/640 701/646/641
f 694/619/635 721/657/652 720/644/651
f 686/647/632 682/633/631 684/635/631
f 690/649/633 686/842/632 688/650/632
f 716/651/650 712/636/649 714/638/649
f 674/618/623 701/646/641 702/652/642
f 738/647/666 725/633/656 736/635/656
f 679/623/628 678/622/627 705/653/645
f 682/633/631 664/651/616 671/634/616
f 681/625/630 680/624/629 707/630/647
f 677/627/626 676/626/625 703/643/643
f 677/627/626 704/656/644 705/653/645
f 695/628/636 722/632/653 721/657/652
f 846/649/735 833/842/725 844/650/725
f 706/654/646 705/653/645 732/658/662
f 790/660/700 772/677/685 779/640/685
f 708/655/648 707/630/647 734/661/664
f 704/656/644 703/643/643 730/663/660
f 704/656/644 731/664/661 732/658/662
f 722/632/653 749/666/671 748/665/670
f 706/654/646 733/659/663 734/661/664
f 723/631/654 750/675/672 749/666/671
f 764/667/683 746/651/668 753/668/668
f 833/660/725 824/677/719 826/640/719
f 820/639/718 807/667/708 818/669/708
f 807/667/708 798/651/702 800/668/702
f 768/639/684 764/667/683 766/669/683
f 708/655/648 735/662/665 751/671/673
f 702/672/642 729/709/659 730/663/660
f 742/674/667 738/843/666 740/648/666
f 724/641/655 751/671/673 750/675/672
f 700/676/640 727/711/657 728/494/658
f 772/677/685 768/639/684 770/670/684
f 720/644/651 721/657/652 748/665/670
f 746/651/668 742/674/667 744/635/667
f 794/674/701 790/843/700 792/648/700
f 798/651/702 794/674/701 796/635/701
f 824/677/719 820/639/718 822/670/718
f 701/646/641 728/494/658 729/678/659
f 748/665/670 775/701/687 774/679/686
f 847/682/1 851/823/1 862/844/1
f 862/844/1 665/687/1 683/706/1
f 683/706/1 687/705/1 691/704/1
f 691/704/1 709/719/1 713/680/1
f 713/680/1 717/726/1 726/750/1
f 726/750/1 739/733/1 743/732/1
f 743/732/1 752/737/1 765/845/1
f 765/845/1 769/787/1 773/681/1
f 773/681/1 791/764/1 795/762/1
f 795/762/1 799/761/1 817/846/1
f 817/846/1 821/817/1 825/820/1
f 825/820/1 834/809/1 847/682/1
f 847/682/1 862/844/1 683/706/1
f 683/706/1 691/704/1 713/680/1
f 713/680/1 726/750/1 743/732/1
f 743/732/1 765/845/1 773/681/1
f 773/681/1 795/762/1 817/846/1
f 817/846/1 825/820/1 847/682/1
f 847/682/1 683/706/1 713/680/1
f 713/680/1 743/732/1 773/681/1
f 773/681/1 817/846/1 847/682/1
f 31/683/27 25/826/21 44/684/21
f 24/686/20 49/706/20 48/687/25
f 32/689/28 33/707/28 28/690/24
f 728/494/658 755/712/675 756/335/676
f 34/691/24 28/690/24 27/692/23
f 732/658/662 759/700/679 760/694/680
f 29/651/25 48/847/25 46/695/26
f 735/662/665 734/661/664 761/696/681
f 731/664/661 730/663/660 757/698/677
f 731/664/661 758/699/678 759/700/679
f 749/666/671 776/702/688 775/701/687
f 733/659/663 760/694/680 761/696/681
f 750/675/672 777/710/689 776/702/688
f 664/651/616 854/636/737 863/638/737
f 26/703/22 42/718/30 45/704/30
f 26/703/22 47/705/22 49/706/20
f 32/689/28 31/683/27 43/685/27
f 854/636/737 850/639/736 852/637/736
f 751/671/673 735/662/665 762/697/682
f 729/709/659 756/715/676 757/698/677
f 850/639/736 846/649/735 848/640/735
f 751/671/673 778/708/690 777/710/689
f 727/711/657 754/113/674 755/712/675
f 672/685/134 864/684/134 853/804/134
f 853/804/134 849/807/134 845/821/134
f 845/821/134 827/795/134 823/794/134
f 823/794/134 819/811/134 806/713/134
f 806/713/134 797/782/134 793/766/134
f 793/766/134 780/780/134 771/777/134
f 771/777/134 767/758/134 763/772/134
f 763/772/134 745/748/134 741/714/134
f 741/714/134 737/730/134 719/729/134
f 719/729/134 715/740/134 711/723/134
f 711/723/134 698/692/134 689/690/134
f 689/690/134 685/707/134 672/685/134
f 672/685/134 853/804/134 845/821/134
f 845/821/134 823/794/134 806/713/134
f 806/713/134 793/766/134 771/777/134
f 771/777/134 763/772/134 741/714/134
f 741/714/134 719/729/134 711/723/134
f 711/723/134 689/690/134 672/685/134
f 672/685/134 845/821/134 806/713/134
f 806/713/134 771/777/134 741/714/134
f 741/714/134 711/723/134 672/685/134
f 756/715/676 783/735/693 784/716/694
f 42/718/30 41/848/29 36/719/29
f 778/708/690 805/752/707 804/720/706
f 754/113/674 781/849/691 782/721/692
f 14/651/12 39/847/12 38/695/13
f 774/679/686 775/701/687 802/722/704
f 35/693/23 27/692/23 16/723/14
f 8/725/8 40/750/8 39/726/12
f 9/728/9 11/739/11 12/729/11
f 7/731/7 659/736/16 19/732/16
f 755/734/675 782/784/692 783/735/693
f 659/736/16 658/850/18 22/737/18
f 759/700/679 786/744/696 787/738/697
f 11/739/11 10/751/10 13/740/10
f 762/697/682 761/696/681 788/741/698
f 758/699/678 757/698/677 784/716/694
f 758/699/678 785/743/695 786/744/696
f 775/701/687 776/702/688 803/745/705
f 761/696/681 760/694/680 787/738/697
f 777/710/689 804/720/706 803/745/705
f 41/639/29 15/636/13 38/695/13
f 662/747/17 20/714/17 661/748/615
f 9/728/9 21/730/9 20/714/17
f 7/731/7 37/733/7 40/750/8
f 17/724/14 16/723/14 13/740/10
f 778/708/690 762/697/682 789/742/699
f 788/741/698 787/738/697 814/753/715
f 803/745/705 804/720/706 831/755/723
f 656/757/614 657/772/614 644/758/5
f 610/760/2 637/851/599 663/761/599
f 606/763/4 610/760/2 2/762/2
f 608/765/580 630/780/580 609/766/581
f 645/639/15 18/852/15 23/695/19
f 805/752/707 789/742/699 816/768/717
f 783/735/693 810/785/711 811/770/712
f 660/749/615 661/748/615 657/772/614
f 805/752/707 832/769/724 831/755/723
f 781/773/691 808/814/709 809/774/710
f 6/776/6 5/759/5 644/758/5
f 801/717/703 802/722/704 829/778/721
f 658/651/18 655/667/19 23/695/19
f 608/765/580 6/776/6 638/777/6
f 606/763/4 4/764/4 3/681/3
f 611/767/581 609/766/581 629/782/587
f 782/784/692 809/853/710 810/785/711
f 617/783/587 629/782/587 628/713/588
f 786/744/696 813/790/714 814/753/715
f 607/781/3 3/681/3 18/787/15
f 789/742/699 788/741/698 815/754/716
f 785/743/695 784/716/694 811/770/712
f 785/743/695 812/789/713 813/790/714
f 803/745/705 830/756/722 829/778/721
f 602/639/578 30/636/26 46/695/26
f 814/753/715 813/790/714 840/791/731
f 578/793/558 582/810/556 575/794/556
f 816/768/717 815/754/716 842/796/733
f 812/789/713 811/770/712 838/798/729
f 812/789/713 839/799/730 840/791/731
f 830/756/722 857/802/740 856/800/739
f 815/754/716 814/753/715 841/792/732
f 830/756/722 831/755/723 858/801/741
f 580/639/560 633/852/560 631/695/598
f 591/803/568 604/807/568 574/804/555
f 590/806/567 605/821/567 604/807/568
f 583/808/561 603/822/579 632/682/579
f 582/810/556 581/819/557 576/811/557
f 816/768/717 843/797/734 859/812/742
f 810/785/711 837/827/728 838/798/729
f 637/651/599 636/667/598 631/695/598
f 832/769/724 859/812/742 858/801/741
f 808/814/709 835/645/726 836/815/727
f 579/816/559 634/820/559 633/817/560
f 828/771/720 829/778/721 856/800/739
f 618/786/588 628/713/588 576/811/557
f 583/808/561 635/809/561 634/820/559
f 578/793/558 577/795/558 605/821/567
f 603/822/579 602/854/578 601/823/578
f 810/824/711 809/774/710 836/815/727
f 856/800/739 529/504/510 528/525/509
f 836/815/727 550/523/531 549/554/530
f 840/791/731 860/533/743 532/536/513
f 584/805/555 574/804/555 44/684/21
f 843/797/734 842/796/733 861/537/744
f 839/799/730 838/798/729 548/518/529
f 839/799/730 547/529/528 860/533/743
f 857/802/740 865/503/745 529/504/510
f 841/792/732 532/536/513 861/537/744
f 857/802/740 858/801/741 866/545/746
f 843/797/734 531/540/512 530/544/511
f 837/827/728 549/517/530 548/518/529
f 859/812/742 530/544/511 866/545/746
f 835/645/726 551/522/532 550/523/531
