# Blender 5.2.0 LTS
# www.blender.org
o Backdrop_HoneyDipper_Detail
v 13.404401 28.580000 22.278286
v 0.000000 38.000000 0.000000
v -3.250000 52.419998 -5.629165
v -1.682324 52.419998 -6.278518
v 4.455340 53.500000 7.716876
v 2.306253 53.500000 8.607056
v 2.588191 54.580002 9.659258
v 5.000000 54.580002 8.660254
v -1.400388 48.500000 -5.226315
v 0.000000 48.500000 -5.410680
v 0.000000 49.580002 -6.500000
v -1.682324 49.580002 -6.278518
v 0.716332 64.000000 1.323667
v 1.237463 65.080002 2.286632
v -6.300803 58.500000 6.300803
v -4.455340 58.500000 7.716876
v -5.000000 57.419998 8.660254
v -7.071068 57.419998 7.071068
v -4.455339 53.500000 7.716876
v -6.300803 53.500000 6.300803
v -7.071068 54.580002 7.071068
v -5.000000 54.580002 8.660254
v -0.000000 53.500000 8.910681
v -2.306253 53.500000 8.607056
v -2.588191 54.580002 9.659258
v 0.000000 54.580002 10.000000
v 2.705340 58.500000 -4.685787
v 3.250000 59.580002 -5.629165
v -2.306253 58.500000 8.607056
v 0.000000 58.500000 8.910681
v 0.000000 57.419998 10.000000
v -2.588191 57.419998 9.659258
v 1.400389 58.500000 -5.226315
v 1.682324 59.580002 -6.278518
v -8.607056 58.500000 -2.306253
v -8.910681 58.500000 0.000000
v -10.000000 57.419998 0.000000
v -9.659258 57.419998 -2.588191
v 4.685787 63.500000 -2.705340
v 5.629165 62.419998 -3.250000
v -8.910681 53.500000 -0.000000
v -8.607056 53.500000 -2.306253
v -9.659258 54.580002 -2.588191
v -10.000000 54.580002 0.000000
v 5.410680 63.500000 -0.000000
v 5.226315 63.500000 -1.400389
v 6.278518 62.419998 -1.682324
v 6.500000 62.419998 0.000000
v 5.410680 58.500000 0.000000
v 6.500000 59.580002 0.000000
v 1.400388 63.500000 -5.226315
v 1.682324 62.419998 -6.278518
v -8.607056 58.500000 2.306253
v -7.716876 58.500000 4.455339
v -8.660254 57.419998 5.000000
v -9.659258 57.419998 2.588191
v -7.716876 53.500000 4.455340
v -8.607056 53.500000 2.306253
v -9.659258 54.580002 2.588191
v -8.660254 54.580002 5.000000
v -4.455340 53.500000 -7.716876
v -5.000000 54.580002 -8.660254
v 1.107314 104.000000 1.019353
v 1.912882 102.919998 1.760932
v 4.685787 58.500000 -2.705340
v 5.226315 58.500000 -1.400388
v 6.278518 59.580002 -1.682324
v 5.629165 59.580002 -3.250000
v 3.825929 63.500000 3.825929
v 4.596194 62.419998 4.596194
v 3.825929 58.500000 3.825929
v 4.596194 59.580002 4.596194
v -0.000000 58.500000 -8.910681
v 0.000000 57.419998 -10.000000
v 0.716332 104.000000 1.323667
v 1.237463 102.919998 2.286632
v -6.300803 58.500000 -6.300803
v -7.716876 58.500000 -4.455340
v -8.660254 57.419998 -5.000000
v -7.071068 57.419998 -7.071068
v -7.716876 53.500000 -4.455339
v -6.300803 53.500000 -6.300803
v -7.071068 54.580002 -7.071068
v -8.660254 54.580002 -5.000000
v 1.107314 64.000000 1.019353
v 1.912882 65.080002 1.760932
v 0.924431 104.000000 -1.187709
v 1.596953 102.919998 -2.051765
v 1.400389 63.500000 5.226315
v 2.705340 63.500000 4.685787
v 3.250000 62.419998 5.629165
v 1.682324 62.419998 6.278518
v -2.306253 58.500000 -8.607056
v -4.455339 58.500000 -7.716876
v -5.000000 57.419998 -8.660254
v -2.588191 57.419998 -9.659258
v 2.705340 58.500000 4.685787
v 1.400388 58.500000 5.226315
v 1.682324 59.580002 6.278518
v 3.250000 59.580002 5.629165
v -2.306253 53.500000 -8.607056
v 0.000000 53.500000 -8.910681
v 0.000000 54.580002 -10.000000
v -2.588191 54.580002 -9.659258
v 1.378300 104.000000 0.604578
v 2.381011 102.919998 1.044408
v -3.825929 63.500000 3.825929
v -2.705340 63.500000 4.685787
v -3.250000 62.419998 5.629165
v -4.596194 62.419998 4.596194
v -2.705340 58.500000 4.685787
v -3.825929 58.500000 3.825929
v -4.596194 59.580002 4.596194
v -3.250000 59.580002 5.629165
v -0.000000 58.500000 5.410680
v -1.400389 58.500000 5.226315
v -1.682324 59.580002 6.278518
v 0.000000 59.580002 6.500000
v 12.844315 27.500000 21.347425
v 17.880186 31.420000 18.875883
v 17.133091 32.500000 18.087185
v 17.880186 28.580000 18.875883
v 17.133091 27.500000 18.087185
v 21.519915 31.420000 14.590864
v 20.620741 32.500000 13.981206
v 0.000000 32.095039 -22.716833
v 21.519915 28.580000 14.590864
v 0.924431 64.000000 -1.187709
v 20.620741 27.500000 13.981206
v 24.153395 31.420000 9.623592
v 1.596953 65.080002 -2.051765
v -1.400388 63.500000 5.226315
v 0.000000 63.500000 5.410680
v 0.000000 62.419998 6.500000
v -1.682324 62.419998 6.278518
v 0.000000 64.000000 -1.505066
v 0.488694 64.000000 -1.423518
v 0.773462 37.913818 -3.513874
v 0.844219 65.080002 -2.459125
v 1.527879 37.657394 -6.941224
v 2.244674 37.237045 -10.197659
v 2.906199 36.663120 -13.202992
v 3.496162 35.949749 -15.883225
v 4.000039 35.114498 -18.172361
v 4.405421 34.177933 -20.014032
v 4.702328 33.163120 -21.362892
v 4.883447 32.095039 -22.185726
v 4.944320 31.000000 -22.462273
v 0.000000 65.080002 -2.600000
v 1.499926 104.000000 0.124287
v 1.459012 104.000000 -0.369472
v 2.520441 102.919998 -0.638262
v 2.591120 102.919998 0.214706
v -5.226315 63.500000 -1.400388
v -5.410680 63.500000 0.000000
v -6.500000 62.419998 0.000000
v -6.278518 62.419998 -1.682324
v -5.410680 58.500000 -0.000000
v 1.510758 37.913818 -3.265450
v -5.226315 58.500000 -1.400389
v 2.984316 37.657394 -6.450494
v 4.384391 37.237045 -9.476706
v 5.676507 36.663120 -12.269567
v 6.828847 35.949749 -14.760313
v 7.813041 35.114498 -16.887611
v 8.604851 34.177933 -18.599081
v 9.184780 33.163120 -19.852577
v 9.538550 32.095039 -20.617239
v 9.657449 31.000000 -20.874233
v -6.278518 59.580002 -1.682324
v -6.500000 59.580002 0.000000
v 0.488694 104.000000 -1.423518
v -0.000000 104.000000 -1.505066
v 0.000000 102.919998 -2.600000
v 0.844219 102.919998 -2.459125
v 1.378300 64.000000 0.604578
v 2.381011 65.080002 1.044408
v -5.226315 63.500000 1.400389
v -4.685787 63.500000 2.705340
v 2.177413 37.913818 -2.864337
v -5.629165 62.419998 3.250000
v 4.301210 37.657394 -5.658145
v 6.319098 37.237045 -8.312632
v 8.181387 36.663120 -10.762430
v 9.842224 35.949749 -12.947226
v 11.260714 35.114498 -14.813216
v 12.401926 34.177933 -16.314457
v 13.237762 33.163120 -17.413979
v 13.747642 32.095039 -18.084713
v 13.919006 31.000000 -18.310141
v -6.278518 62.419998 1.682324
v -4.685787 58.500000 2.705340
v -5.226315 58.500000 1.400388
v -6.278518 59.580002 1.682324
v -5.629165 59.580002 3.250000
v -0.000000 63.500000 -5.410680
v 0.000000 62.419998 -6.500000
v -2.705340 58.500000 -4.685787
v -3.250000 59.580002 -5.629165
v 0.247726 104.000000 1.484539
v 2.742254 37.913818 -2.329291
v 0.427946 102.919998 2.564539
v 5.416984 37.657394 -4.601228
v 7.958331 37.237045 -6.759868
v 10.303715 36.663120 -8.752054
v 12.395389 35.949749 -10.528739
v 14.181848 35.114498 -12.046169
v 15.619103 34.177933 -13.266985
v 16.671762 33.163120 -14.161122
v 17.313910 32.095039 -14.706566
v 17.529726 31.000000 -14.889885
v 0.247726 64.000000 1.484539
v 0.427946 65.080002 2.564539
v 1.459012 64.000000 -0.369472
v 1.499926 64.000000 0.124287
v 2.591120 65.080002 0.214706
v 2.520441 65.080002 -0.638262
v -3.825929 63.500000 -3.825929
v -4.685787 63.500000 -2.705340
v -5.629165 62.419998 -3.250000
v -4.596194 62.419998 -4.596194
v 3.178870 37.913818 -1.685330
v -4.685787 58.500000 -2.705340
v 6.279466 37.657394 -3.329163
v 9.225441 37.237045 -4.891019
v 11.944253 36.663120 -6.332442
v 14.368958 35.949749 -7.617941
v 16.439854 35.114498 -8.715858
v 18.105947 34.177933 -9.599165
v 19.326208 33.163120 -10.246107
v 20.070597 32.095039 -10.640756
v 20.320776 31.000000 -10.773396
v -3.825929 58.500000 -3.825929
v -4.596194 59.580002 -4.596194
v -5.629165 59.580002 -3.250000
v -1.378300 104.000000 0.604578
v -1.107314 104.000000 1.019353
v -1.912882 102.919998 1.760932
v -2.381011 102.919998 1.044408
v -1.259991 104.000000 -0.823193
v -2.176633 102.919998 -1.422065
v -0.716332 104.000000 1.323667
v 3.466846 37.913818 -0.962565
v -0.247726 104.000000 1.484539
v 6.848327 37.657394 -1.901429
v 10.061180 37.237045 -2.793473
v 13.026291 36.663120 -3.616732
v 15.670652 35.949749 -4.350937
v 17.929153 35.114498 -4.978004
v 19.746178 34.177933 -5.482499
v 21.076982 33.163120 -5.851995
v 21.888805 32.095039 -6.077396
v 22.161650 31.000000 -6.153153
v -0.427946 102.919998 2.564539
v -1.237463 102.919998 2.286632
v -1.400389 63.500000 -5.226315
v -2.705340 63.500000 -4.685787
v -3.250000 62.419998 -5.629165
v -1.682324 62.419998 -6.278518
v -0.247726 64.000000 1.484539
v -0.716332 64.000000 1.323667
v -1.237463 65.080002 2.286632
v -0.427946 65.080002 2.564539
v 3.592716 37.913818 -0.194792
v -1.400388 58.500000 -5.226315
v 7.096968 37.657394 -0.384787
v 10.426469 37.237045 -0.565307
v 13.499234 36.663120 -0.731907
v 16.239605 35.949749 -0.880487
v 18.580103 35.114498 -1.007383
v 20.463099 34.177933 -1.109477
v 21.842220 33.163120 -1.184251
v 22.683517 32.095039 -1.229864
v 22.966267 31.000000 -1.245196
v 0.000000 58.500000 -5.410680
v 0.000000 59.580002 -6.500000
v -1.682324 59.580002 -6.278518
v -12.051216 0.000000 -15.853106
v -14.338775 28.000000 -18.862337
v -1.107314 64.000000 1.019353
v -1.378300 64.000000 0.604578
v -2.381011 65.080002 1.044408
v -1.912882 65.080002 1.760932
v -18.058388 28.000000 -15.338931
v 3.550595 37.913818 0.582090
v -20.933607 28.000000 -11.098302
v 7.013763 37.657394 1.149848
v 10.304228 37.237045 1.689292
v 13.340969 36.663120 2.187141
v 16.049210 35.949749 2.631133
v 18.362268 35.114498 3.010342
v 20.223186 34.177933 3.315424
v 21.586140 33.163120 3.538868
v 22.417574 32.095039 3.675176
v 22.697008 31.000000 3.720984
v -8.878352 1.070403 -19.190231
v -8.361522 0.000000 -18.073120
v -10.344173 26.929596 -22.358574
v -9.948703 28.000000 -21.503756
v -4.545445 1.070403 -20.650158
v -0.000000 1.070403 -21.144506
v -4.280841 0.000000 -19.448061
v 0.000000 0.000000 -19.913631
v 5.093430 28.000000 -23.139688
v -5.295903 26.929596 -24.059534
v 3.342452 37.913818 1.331754
v 0.000000 26.929596 -24.635498
v 6.602602 37.657394 2.630717
v 9.700172 37.237045 3.864902
v 12.558894 36.663120 5.003920
v 15.108374 35.949749 6.019724
v 17.285833 35.114498 6.887307
v 19.037663 34.177933 7.585299
v 20.320717 33.163120 8.096514
v 21.103411 32.095039 8.408368
v 21.366463 31.000000 8.513175
v 4.280841 0.000000 -19.448061
v 4.545445 1.070403 -20.650160
v -0.000000 28.000000 -23.693632
v -5.093430 28.000000 -23.139688
v 9.948703 28.000000 -21.503756
v 17.133091 27.500000 18.087185
v 8.878352 1.070403 -19.190231
v 8.361522 0.000000 -18.073120
v 5.295903 26.929596 -24.059532
v 10.344172 26.929596 -22.358570
v 2.978019 37.913818 2.019147
v 17.880186 31.420000 18.875883
v 5.882710 37.657394 3.988576
v 8.642549 37.237045 5.859793
v 11.189579 36.663120 7.586722
v 13.461085 35.949749 9.126840
v 15.401134 35.114498 10.442229
v 16.961958 34.177933 11.500494
v 18.105118 33.163120 12.275574
v 18.802473 32.095039 12.748394
v 19.036846 31.000000 12.907300
v 17.133091 32.500000 18.087185
v 18.681427 1.070403 -9.904264
v 13.404401 28.580000 22.278286
v 14.908772 26.929596 -19.612143
v 12.051216 0.000000 -15.853106
v 16.115543 1.070403 -13.688663
v 12.796105 1.070403 -16.833000
v 12.844315 27.500000 21.347425
v 18.058388 28.000000 -15.338931
v 14.338775 28.000000 -18.862337
v 2.474337 37.913818 2.612126
v 20.373785 1.070403 -5.656755
v 4.887750 37.657394 5.159934
v 7.180809 37.237045 7.580687
v 9.297052 36.663120 9.814777
v 11.184372 35.949749 11.807196
v 12.796292 35.114498 13.508883
v 14.093130 34.177933 14.877937
v 15.042944 33.163120 15.880642
v 15.622355 32.095039 16.492321
v 15.817087 31.000000 16.697895
v 13.404401 31.420000 22.278286
v 20.620741 32.500000 13.981206
v 18.776239 26.929596 -15.948685
v 21.765757 26.929596 -11.539475
v 12.844315 32.500000 21.347425
v 15.177415 0.000000 -12.891811
v 8.301840 28.580000 24.638983
v 17.593931 0.000000 -9.327718
v 19.187778 0.000000 -5.327459
v 7.954965 27.500000 23.609482
v 1.854959 37.913818 3.082966
v 20.865959 1.070403 3.420799
v 3.664243 37.657394 6.090019
v 5.383302 37.237045 8.947117
v 6.969805 36.663120 11.583905
v 8.384689 35.949749 13.935460
v 9.593112 35.114498 15.943878
v 10.565325 34.177933 17.559708
v 11.277381 33.163120 18.743151
v 11.711752 32.095039 19.465084
v 11.857738 31.000000 19.707712
v 21.113495 1.070403 -1.144747
v 19.884426 0.000000 -1.078103
v 23.737532 26.929596 -6.590693
v 24.599369 26.929596 -1.333732
v 19.816214 31.420000 -16.832045
v 20.933607 28.000000 -11.098302
v 8.301840 31.420000 24.638983
v 22.829996 28.000000 -6.338724
v 7.954965 32.500000 23.609482
v 2.811095 28.580000 25.847586
v 1.148844 37.913818 3.409649
v 23.381504 28.000000 3.833206
v 2.269401 37.657394 6.735342
v 3.334078 37.237045 9.895189
v 4.316658 36.663120 12.811382
v 5.192948 35.949749 15.412117
v 5.941368 35.114498 17.633354
v 6.543495 34.177933 19.420403
v 6.984498 33.163120 20.729250
v 7.253520 32.095039 21.527679
v 7.343935 31.000000 21.796021
v 23.658884 28.000000 -1.282749
v 2.693637 27.500000 24.767586
v 19.651300 0.000000 3.221669
v 14.541066 1.070403 15.350816
v 2.811095 31.420000 25.847586
v 18.499300 0.000000 7.370796
v 16.482296 0.000000 11.175270
v 20.390526 26.929596 13.825124
v 17.501076 1.070403 11.866021
v 19.642752 1.070403 7.826391
v 0.389011 37.913818 3.576900
v 24.310959 26.929596 3.985581
v 0.768445 37.657394 7.065728
v 1.128956 37.237045 10.380573
v 1.461668 36.663120 13.439814
v 1.758391 35.949749 16.168121
v 2.011812 35.114498 18.498314
v 2.215699 34.177933 20.373022
v 2.365029 33.163120 21.746071
v 2.456122 32.095039 22.583668
v 2.486737 31.000000 22.865171
v 22.885801 26.929596 9.118543
v 2.693637 32.500000 24.767586
v 18.988224 27.500000 -16.128744
v -2.811095 28.580000 25.847586
v 22.010834 28.000000 8.769917
v -2.693637 27.500000 24.767586
v 10.901130 1.070403 18.117823
v 16.294100 28.000000 17.201469
v 19.610958 28.000000 13.296561
v 23.144184 32.500000 9.221486
v -0.389011 37.913818 3.576900
v -2.811095 31.420000 25.847586
v -0.768444 37.657394 7.065728
v -1.128955 37.237045 10.380573
v -1.461668 36.663120 13.439814
v -1.758388 35.949749 16.168121
v -2.011814 35.114498 18.498314
v -2.215700 34.177933 20.373020
v -2.365027 33.163120 21.746073
v -2.456122 32.095039 22.583668
v -2.486737 31.000000 22.865171
v 13.694594 0.000000 14.457207
v -2.693637 32.500000 24.767586
v -8.301840 28.580000 24.638983
v 6.751475 1.070403 20.037655
v 16.941820 26.929596 17.885262
v 12.700930 26.929596 21.109104
v -7.954965 27.500000 23.609482
v 10.266544 0.000000 17.063143
v -8.301840 31.420000 24.638983
v 2.286123 1.070403 21.020555
v -1.148844 37.913818 3.409648
v 7.866149 26.929596 23.345909
v -2.269401 37.657394 6.735342
v -3.334077 37.237045 9.895189
v -4.316658 36.663120 12.811382
v -5.192946 35.949749 15.412119
v -5.941370 35.114498 17.633354
v -6.543495 34.177933 19.420401
v -6.984497 33.163120 20.729250
v -7.253520 32.095039 21.527679
v -7.343934 31.000000 21.796021
v -7.954965 32.500000 23.609482
v 12.215340 28.000000 20.302061
v -13.404401 28.580000 22.278286
v 7.565417 28.000000 22.453346
v -2.286122 1.070403 21.020554
v -12.844315 27.500000 21.347425
v -1.459012 104.000000 -0.369472
v -1.499926 104.000000 0.124287
v -2.591120 102.919998 0.214706
v -2.520441 102.919998 -0.638262
v -1.854959 37.913818 3.082965
v -13.404401 31.420000 22.278286
v -3.664243 37.657394 6.090019
v -5.383301 37.237045 8.947117
v -6.969805 36.663120 11.583905
v -8.384688 35.949749 13.935463
v -9.593114 35.114498 15.943878
v -10.565324 34.177933 17.559704
v -11.277380 33.163120 18.743151
v -11.711752 32.095039 19.465082
v -11.857737 31.000000 19.707712
v -12.844315 32.500000 21.347425
v -17.880186 28.580000 18.875883
v -17.133091 27.500000 18.087185
v -20.373787 1.070403 -5.656755
v -17.133091 32.500000 18.087185
v -12.796105 1.070403 -16.833000
v -21.519915 28.580000 14.590864
v 6.358457 0.000000 18.871216
v -1.596953 65.080002 -2.051765
v -6.751476 1.070403 20.037657
v -2.474337 37.913818 2.612126
v -16.115541 1.070403 -13.688662
v -4.887749 37.657394 5.159934
v -7.180809 37.237045 7.580688
v -9.297051 36.663120 9.814777
v -11.184371 35.949749 11.807199
v -12.796294 35.114498 13.508883
v -14.093130 34.177933 14.877936
v -15.042944 33.163120 15.880642
v -15.622355 32.095039 16.492319
v -15.817084 31.000000 16.697895
v -18.681427 1.070403 -9.904264
v -2.591120 65.080002 0.214706
v -17.880186 31.420000 18.875883
v 20.620741 27.500000 13.981206
v -22.829996 28.000000 -6.338724
v -1.499926 64.000000 0.124287
v -5.589232 28.580000 -25.392134
v 22.011492 27.500000 -11.669760
v -5.355695 32.500000 -24.331163
v 22.971313 31.420000 -12.178619
v -2.978018 37.913818 2.019146
v 15.734530 31.420000 -20.698420
v -5.882710 37.657394 3.988576
v -8.642549 37.237045 5.859795
v -11.189579 36.663120 7.586723
v -13.461085 35.949749 9.126844
v -15.401134 35.114498 10.442229
v -16.961958 34.177933 11.500492
v -18.105118 33.163120 12.275574
v -18.802473 32.095039 12.748393
v -19.036842 31.000000 12.907302
v -0.924431 64.000000 -1.187709
v 2.663567 26.929596 24.491081
v -15.177415 0.000000 -12.891811
v 17.880186 28.580000 18.875883
v 24.585432 32.500000 4.030580
v 0.000000 28.580000 -26.000000
v 2.561731 28.000000 23.554739
v 21.519915 31.420000 14.590864
v -20.620741 32.500000 13.981206
v -14.908772 26.929596 -19.612143
v -3.342451 37.913818 1.331754
v -21.519915 31.420000 14.590864
v -6.602601 37.657394 2.630717
v -9.700173 37.237045 3.864903
v -12.558894 36.663120 5.003921
v -15.108375 35.949749 6.019729
v -17.285835 35.114498 6.887306
v -19.037663 34.177933 7.585298
v -20.320715 33.163120 8.096513
v -21.103411 32.095039 8.408366
v -21.366461 31.000000 8.513178
v 22.971313 28.580000 -12.178619
v 23.144184 27.500000 9.221486
v 24.005529 27.500000 -6.665100
v -2.663567 26.929596 24.491083
v -23.658884 28.000000 -1.282749
v 19.816214 28.580000 -16.832045
v 0.000000 32.500000 -24.913631
v 24.153395 31.420000 9.623592
v -17.593931 0.000000 -9.327718
v 25.657490 31.420000 4.206332
v -3.550594 37.913818 0.582090
v 21.519915 28.580000 14.590864
v -7.013762 37.657394 1.149848
v -10.304229 37.237045 1.689293
v -13.340969 36.663120 2.187141
v -16.049213 35.949749 2.631137
v -18.362268 35.114498 3.010341
v -20.223186 34.177933 3.315423
v -21.586140 33.163120 3.538867
v -22.417574 32.095039 3.675174
v -22.697004 31.000000 3.720987
v 0.000000 31.420000 -26.000000
v -19.187778 0.000000 -5.327459
v -20.620741 27.500000 13.981206
v 15.077087 27.500000 -19.833570
v -24.153395 28.580000 9.623592
v -5.355695 27.500000 -24.331163
v -23.381504 28.000000 3.833206
v 15.077087 32.500000 -19.833570
v 0.000000 27.500000 -24.913631
v -23.144184 27.500000 9.221486
v -3.592715 37.913818 -0.194792
v -2.176633 65.080002 -1.422065
v -7.096968 37.657394 -0.384786
v -10.426470 37.237045 -0.565306
v -13.499234 36.663120 -0.731907
v -16.239609 35.949749 -0.880484
v -18.580103 35.114498 -1.007383
v -20.463099 34.177933 -1.109477
v -21.842220 33.163120 -1.184251
v -22.683517 32.095039 -1.229866
v -22.966263 31.000000 -1.245193
v -2.520441 65.080002 -0.638262
v -1.459012 64.000000 -0.369472
v -1.259991 64.000000 -0.823194
v 24.877092 32.500000 -1.348798
v 25.052299 31.420000 -6.955737
v 25.961868 31.420000 -1.407612
v -22.885801 26.929596 9.118543
v -24.153395 31.420000 9.623592
v -23.144184 32.500000 9.221486
v -21.113495 1.070403 -1.144747
v -3.466845 37.913818 -0.962565
v -20.865961 1.070403 3.420800
v -6.848327 37.657394 -1.901428
v -10.061180 37.237045 -2.793472
v -13.026291 36.663120 -3.616732
v -15.670658 35.949749 -4.350935
v -17.929153 35.114498 -4.978004
v -19.746178 34.177933 -5.482500
v -21.076982 33.163120 -5.851995
v -21.888805 32.095039 -6.077398
v -22.161646 31.000000 -6.153148
v -25.657490 28.580000 4.206332
v -24.310963 26.929596 3.985581
v -24.599369 26.929596 -1.333733
v -19.651300 0.000000 3.221669
v -19.884426 0.000000 -1.078103
v -20.390528 26.929596 13.825125
v 5.355695 27.500000 -24.331163
v 10.460967 27.500000 -22.610998
v -19.642752 1.070403 7.826391
v -24.585432 27.500000 4.030580
v -3.178869 37.913818 -1.685330
v -25.657490 31.420000 4.206332
v -6.279466 37.657394 -3.329162
v -9.225441 37.237045 -4.891019
v -11.944253 36.663120 -6.332442
v -14.368965 35.949749 -7.617941
v -16.439854 35.114498 -8.715858
v -18.105947 34.177933 -9.599167
v -19.326208 33.163120 -10.246107
v -20.070595 32.095039 -10.640759
v -20.320772 31.000000 -10.773389
v -22.010834 28.000000 8.769917
v -24.585432 32.500000 4.030580
v -18.499300 0.000000 7.370796
v -25.961868 28.580000 -1.407612
v -24.877092 27.500000 -1.348798
v 18.988224 32.500000 -16.128744
v 15.734530 28.580000 -20.698420
v -7.866150 26.929596 23.345909
v -25.961868 31.420000 -1.407612
v -24.877092 32.500000 -1.348798
v -2.742253 37.913818 -2.329291
v -18.776239 26.929596 -15.948685
v -5.416985 37.657394 -4.601227
v -7.958332 37.237045 -6.759867
v -10.303716 36.663120 -8.752054
v -12.395395 35.949749 -10.528740
v -14.181848 35.114498 -12.046169
v -15.619103 34.177933 -13.266987
v -16.671762 33.163120 -14.161122
v -17.313908 32.095039 -14.706568
v -17.529724 31.000000 -14.889878
v -6.358457 0.000000 18.871216
v -25.052299 28.580000 -6.955737
v -12.700927 26.929596 21.109098
v -16.941816 26.929596 17.885258
v 24.153395 28.580000 9.623592
v 25.052299 28.580000 -6.955737
v -5.589232 31.420000 -25.392134
v -23.737530 26.929596 -6.590693
v -21.765757 26.929596 -11.539475
v -24.005529 27.500000 -6.665100
v -2.177412 37.913818 -2.864337
v 24.877092 27.500000 -1.348798
v -4.301210 37.657394 -5.658145
v -6.319098 37.237045 -8.312631
v -8.181388 36.663120 -10.762430
v -9.842230 35.949749 -12.947227
v -11.260714 35.114498 -14.813216
v -12.401928 34.177933 -16.314457
v -13.237764 33.163120 -17.413979
v -13.747642 32.095039 -18.084715
v -13.919004 31.000000 -18.310133
v 24.585432 27.500000 4.030580
v -25.052299 31.420000 -6.955737
v -24.005529 32.500000 -6.665100
v -22.971313 28.580000 -12.178619
v -16.482296 0.000000 11.175270
v -17.501076 1.070403 11.866021
v -22.011492 27.500000 -11.669760
v -22.971313 31.420000 -12.178619
v 24.005529 32.500000 -6.665100
v 22.011492 32.500000 -11.669760
v -1.510757 37.913818 -3.265449
v -22.011492 32.500000 -11.669760
v -2.984317 37.657394 -6.450494
v -4.384391 37.237045 -9.476706
v -5.676507 36.663120 -12.269567
v -6.828853 35.949749 -14.760318
v -7.813041 35.114498 -16.887611
v -8.604852 34.177933 -18.599083
v -9.184782 33.163120 -19.852577
v -9.538550 32.095039 -20.617241
v -9.657449 31.000000 -20.874228
v 10.917117 28.580000 -23.596962
v 5.589232 28.580000 -25.392134
v -19.816214 28.580000 -16.832045
v -18.988224 27.500000 -16.128744
v -19.610958 28.000000 13.296561
v -16.294100 28.000000 17.201469
v -2.561731 28.000000 23.554739
v 5.589232 31.420000 -25.392134
v 10.917117 31.420000 -23.596962
v -19.816214 31.420000 -16.832045
v -0.773462 37.913818 -3.513873
v -18.988224 32.500000 -16.128744
v -1.527880 37.657394 -6.941225
v -2.244675 37.237045 -10.197660
v -2.906199 36.663120 -13.202992
v -3.496166 35.949749 -15.883232
v -4.000040 35.114498 -18.172363
v -4.405423 34.177933 -20.014034
v -4.702329 33.163120 -21.362892
v -4.883447 32.095039 -22.185728
v -4.944321 31.000000 -22.462265
v 10.460967 32.500000 -22.610998
v 5.355695 32.500000 -24.331163
v -10.266544 0.000000 17.063143
v -13.694594 0.000000 14.457207
v -10.917117 28.580000 -23.596962
v -15.734530 28.580000 -20.698420
v -12.215340 28.000000 20.302061
v -7.565417 28.000000 22.453346
v -15.077087 27.500000 -19.833570
v -10.460967 27.500000 -22.610998
v 0.000000 37.913818 -3.597992
v -14.541064 1.070403 15.350815
v -0.000001 37.657394 -7.107392
v -0.000000 37.237045 -10.441783
v -0.000001 36.663120 -13.519060
v -0.000002 35.949749 -16.263462
v 0.000000 35.114498 -18.607393
v -0.000000 34.177933 -20.493155
v -0.000001 33.163120 -21.874300
v -10.901130 1.070403 18.117823
v -0.000003 31.000000 -22.999992
v 25.657490 28.580000 4.206332
v 25.961868 28.580000 -1.407612
v -15.734530 31.420000 -20.698420
v -10.917117 31.420000 -23.596962
v 2.153041 0.000000 19.796896
v -2.153041 0.000000 19.796896
v -10.460967 32.500000 -22.610998
v 23.144184 32.500000 9.221486
v 0.000000 108.000000 0.000000
v -15.077087 32.500000 -19.833570
v 24.153395 28.580000 9.623592
v -5.093430 28.000000 -23.139688
v -4.545445 1.070403 -20.650158
v -4.280841 0.000000 -19.448061
v -10.344173 26.929596 -22.358574
v -9.948703 28.000000 -21.503756
v -8.878352 1.070403 -19.190231
v 1.363738 103.000000 -3.972432
v 1.329546 104.112602 -3.872835
v 1.228685 105.169418 -3.579038
v 1.066213 106.117447 -3.105772
v 0.850277 106.909157 -2.476771
v 0.591704 107.504845 -1.723574
v 0.303460 107.874641 -0.883949
v 23.144184 27.500000 9.221486
v -8.361522 0.000000 -18.073120
v 25.657490 31.420000 4.206332
v -14.908772 26.929596 -19.612143
v -14.338775 28.000000 -18.862337
v -12.796105 1.070403 -16.833000
v -12.051216 0.000000 -15.853106
v -18.776239 26.929596 -15.948685
v 2.579693 103.000000 -3.314390
v 2.515015 104.112602 -3.231291
v 2.324223 105.169418 -2.986162
v 2.016885 106.117447 -2.591294
v 1.608413 106.909157 -2.066489
v 1.119287 107.504845 -1.438060
v 0.574036 107.874641 -0.737521
v 24.585432 32.500000 4.030580
v -18.058388 28.000000 -15.338931
v 25.657490 28.580000 4.206332
v -16.115541 1.070403 -13.688662
v -15.177415 0.000000 -12.891811
v -21.765757 26.929596 -11.539475
v -20.933607 28.000000 -11.098302
v -18.681427 1.070403 -9.904264
v 3.516099 103.000000 -2.297182
v 3.427943 104.112602 -2.239587
v 3.167896 105.169418 -2.069690
v 2.748996 106.117447 -1.796009
v 2.192252 106.909157 -1.432270
v 1.525578 107.504845 -0.996710
v 0.782406 107.874641 -0.511171
v 24.585432 27.500000 4.030580
v -17.593931 0.000000 -9.327718
v 25.961868 31.420000 -1.407612
v -23.737530 26.929596 -6.590693
v -22.829996 28.000000 -6.338724
v -20.373787 1.070403 -5.656755
v -19.187778 0.000000 -5.327459
v -24.599369 26.929596 -1.333733
v 4.071481 103.000000 -1.031039
v 3.969400 104.112602 -1.005189
v 3.668278 105.169418 -0.928934
v 3.183211 106.117447 -0.806099
v 2.538527 106.909157 -0.642842
v 1.766549 107.504845 -0.447351
v 0.905990 107.874641 -0.229428
v 24.877092 32.500000 -1.348798
v -23.658884 28.000000 -1.282749
v 25.961868 28.580000 -1.407612
v -21.113495 1.070403 -1.144747
v -19.884426 0.000000 -1.078103
v -24.310963 26.929596 3.985581
v -23.381504 28.000000 3.833206
v -20.865961 1.070403 3.420800
v 4.185654 103.000000 0.346833
v 4.080711 104.112602 0.338137
v 3.771144 105.169418 0.312486
v 3.272476 106.117447 0.271165
v 2.609713 106.909157 0.216247
v 1.816087 107.504845 0.150485
v 0.931396 107.874641 0.077178
v 24.877092 27.500000 -1.348798
v -19.651300 0.000000 3.221669
v 25.052299 31.420000 -6.955737
v -22.885801 26.929596 9.118543
v -22.010834 28.000000 8.769917
v -19.642752 1.070403 7.826391
v -18.499300 0.000000 7.370796
v -20.390528 26.929596 13.825125
v 3.846248 103.000000 1.687121
v 3.749814 104.112602 1.644821
v 3.465349 105.169418 1.520043
v 3.007117 106.117447 1.319044
v 2.398096 106.909157 1.051902
v 1.668824 107.504845 0.732014
v 0.855871 107.874641 0.375420
v 24.005529 32.500000 -6.665100
v -19.610958 28.000000 13.296561
v 25.052299 28.580000 -6.955737
v -17.501076 1.070403 11.866021
v -16.482296 0.000000 11.175270
v -16.941816 26.929596 17.885258
v -16.294100 28.000000 17.201469
v -14.541064 1.070403 15.350815
v 3.090040 103.000000 2.844582
v 3.012567 104.112602 2.773262
v 2.784030 105.169418 2.562880
v 2.415890 106.117447 2.223984
v 1.926609 106.909157 1.773568
v 1.340718 107.504845 1.234218
v 0.687599 107.874641 0.632979
v 24.005529 27.500000 -6.665100
v -13.694594 0.000000 14.457207
v 22.971313 31.420000 -12.178619
v -12.700927 26.929596 21.109098
v -12.215340 28.000000 20.302061
v -10.901130 1.070403 18.117823
v -10.266544 0.000000 17.063143
v -7.866150 26.929596 23.345909
v 1.998979 103.000000 3.693789
v 1.948861 104.112602 3.601178
v 1.801018 105.169418 3.327989
v 1.562864 106.117447 2.887920
v 1.246343 106.909157 2.303040
v 0.867325 107.504845 1.602675
v 0.444815 107.874641 0.821945
v 22.011492 32.500000 -11.669760
v -7.565417 28.000000 22.453346
v 22.971313 28.580000 -12.178619
v -6.751476 1.070403 20.037657
v -6.358457 0.000000 18.871216
v -2.663567 26.929596 24.491083
v -2.561731 28.000000 23.554739
v -2.286122 1.070403 21.020554
v 0.691297 103.000000 4.142717
v 0.673966 104.112602 4.038850
v 0.622838 105.169418 3.732459
v 0.540478 106.117447 3.238906
v 0.431017 106.909157 2.582942
v 0.299943 107.504845 1.797457
v 0.153828 107.874641 0.921841
v 22.011492 27.500000 -11.669760
v -2.153041 0.000000 19.796896
v 19.816214 31.420000 -16.832045
v 2.663567 26.929596 24.491081
v 2.561731 28.000000 23.554739
v 2.286123 1.070403 21.020555
v 2.153041 0.000000 19.796896
v 7.866149 26.929596 23.345909
v -0.691297 103.000000 4.142717
v -0.673964 104.112602 4.038850
v -0.622837 105.169418 3.732459
v -0.540478 106.117447 3.238906
v -0.431017 106.909157 2.582942
v -0.299942 107.504845 1.797458
v -0.153828 107.874641 0.921841
v 18.988224 32.500000 -16.128744
v 7.565417 28.000000 22.453346
v 19.816214 28.580000 -16.832045
v 6.751475 1.070403 20.037655
v 6.358457 0.000000 18.871216
v 12.700930 26.929596 21.109104
v 12.215340 28.000000 20.302061
v 10.901130 1.070403 18.117823
v -1.998979 103.000000 3.693789
v -1.948860 104.112602 3.601179
v -1.801017 105.169418 3.327989
v -1.562864 106.117447 2.887920
v -1.246343 106.909157 2.303040
v -0.867324 107.504845 1.602675
v -0.444815 107.874641 0.821945
v 18.988224 27.500000 -16.128744
v 10.266544 0.000000 17.063143
v 15.734530 31.420000 -20.698420
v 16.941820 26.929596 17.885262
v 16.294100 28.000000 17.201469
v 14.541066 1.070403 15.350816
v 13.694594 0.000000 14.457207
v 20.390526 26.929596 13.825124
v -3.090040 103.000000 2.844582
v -3.012566 104.112602 2.773263
v -2.784029 105.169418 2.562880
v -2.415890 106.117447 2.223984
v -1.926608 106.909157 1.773568
v -1.340718 107.504845 1.234218
v -0.687599 107.874641 0.632979
v 15.077087 32.500000 -19.833570
v 19.610958 28.000000 13.296561
v 15.734530 28.580000 -20.698420
v 17.501076 1.070403 11.866021
v 16.482296 0.000000 11.175270
v 22.885801 26.929596 9.118543
v 22.010834 28.000000 8.769917
v 19.642752 1.070403 7.826391
v -3.846248 103.000000 1.687120
v -3.749814 104.112602 1.644822
v -3.465349 105.169418 1.520043
v -3.007117 106.117447 1.319044
v -2.398096 106.909157 1.051903
v -1.668824 107.504845 0.732014
v -0.855871 107.874641 0.375420
v 15.077087 27.500000 -19.833570
v 18.499300 0.000000 7.370796
v 10.917117 31.420000 -23.596962
v 24.310959 26.929596 3.985581
v 23.381504 28.000000 3.833206
v 20.865959 1.070403 3.420799
v 19.651300 0.000000 3.221669
v 24.599369 26.929596 -1.333732
v -4.185654 103.000000 0.346833
v -4.080711 104.112602 0.338138
v -3.771144 105.169418 0.312486
v -3.272475 106.117447 0.271165
v -2.609712 106.909157 0.216247
v -1.816087 107.504845 0.150486
v -0.931396 107.874641 0.077178
v 10.460967 32.500000 -22.610998
v 23.658884 28.000000 -1.282749
v 10.917117 28.580000 -23.596962
v 21.113495 1.070403 -1.144747
v 19.884426 0.000000 -1.078103
v 23.737532 26.929596 -6.590693
v 22.829996 28.000000 -6.338724
v 20.373785 1.070403 -5.656755
v -4.071481 103.000000 -1.031039
v -3.969400 104.112602 -1.005188
v -3.668277 105.169418 -0.928933
v -3.183211 106.117447 -0.806098
v -2.538526 106.909157 -0.642842
v -1.766549 107.504845 -0.447351
v -0.905990 107.874641 -0.229428
v 10.460967 27.500000 -22.610998
v 19.187778 0.000000 -5.327459
v 5.589232 31.420000 -25.392134
v 21.765757 26.929596 -11.539475
v 20.933607 28.000000 -11.098302
v 18.681427 1.070403 -9.904264
v 17.593931 0.000000 -9.327718
v 18.776239 26.929596 -15.948685
v -3.516098 103.000000 -2.297182
v -3.427943 104.112602 -2.239586
v -3.167896 105.169418 -2.069689
v -2.748996 106.117447 -1.796008
v -2.192251 106.909157 -1.432269
v -1.525578 107.504845 -0.996710
v -0.782406 107.874641 -0.511171
v 5.355695 32.500000 -24.331163
v 18.058388 28.000000 -15.338931
v 5.589232 28.580000 -25.392134
v 16.115543 1.070403 -13.688663
v 15.177415 0.000000 -12.891811
v 14.908772 26.929596 -19.612143
v 14.338775 28.000000 -18.862337
v 12.796105 1.070403 -16.833000
v -2.579693 103.000000 -3.314389
v -2.515015 104.112602 -3.231290
v -2.324224 105.169418 -2.986161
v -2.016885 106.117447 -2.591293
v -1.608412 106.909157 -2.066488
v -1.119287 107.504845 -1.438060
v -0.574036 107.874641 -0.737521
v 5.355695 27.500000 -24.331163
v 12.051216 0.000000 -15.853106
v 0.000000 31.420000 -26.000000
v 10.344172 26.929596 -22.358570
v 9.948703 28.000000 -21.503756
v 8.878352 1.070403 -19.190231
v 8.361522 0.000000 -18.073120
v 5.295903 26.929596 -24.059532
v -1.363738 103.000000 -3.972432
v -1.329546 104.112602 -3.872834
v -1.228686 105.169418 -3.579037
v -1.066213 106.117447 -3.105771
v -0.850277 106.909157 -2.476770
v -0.591704 107.504845 -1.723573
v -0.303460 107.874641 -0.883949
v 0.000000 32.500000 -24.913631
v 5.093430 28.000000 -23.139688
v 0.000000 28.580000 -26.000000
v 4.545445 1.070403 -20.650160
v 4.280841 0.000000 -19.448061
v 0.000000 26.929596 -24.635498
v -0.000000 28.000000 -23.693632
v -0.000000 1.070403 -21.144506
v -0.000000 103.000000 -4.199999
v -0.000001 104.112602 -4.094696
v -0.000001 105.169418 -3.784069
v -0.000000 106.117447 -3.283691
v -0.000000 106.909157 -2.618657
v -0.000000 107.504845 -1.822311
v -0.000000 107.874641 -0.934588
v 0.000000 27.500000 -24.913631
v 0.000000 0.000000 -19.913631
v -5.295903 26.929596 -24.059534
v 12.844315 32.500000 21.347425
v 13.404401 31.420000 22.278286
v 7.954965 27.500000 23.609482
v 8.301840 28.580000 24.638983
v 7.954965 32.500000 23.609482
v 8.301840 31.420000 24.638983
v 2.693637 27.500000 24.767586
v 2.811095 28.580000 25.847586
v 2.693637 32.500000 24.767586
v 2.811095 31.420000 25.847586
v -2.693637 27.500000 24.767586
v -2.811095 28.580000 25.847586
v -2.693637 32.500000 24.767586
v -2.811095 31.420000 25.847586
v -7.954965 27.500000 23.609482
v -8.301840 28.580000 24.638983
v -7.954965 32.500000 23.609482
v -8.301840 31.420000 24.638983
v -12.844315 27.500000 21.347425
v -13.404401 28.580000 22.278286
v -12.844315 32.500000 21.347425
v -13.404401 31.420000 22.278286
v -17.133091 27.500000 18.087185
v -17.880186 28.580000 18.875883
v -17.133091 32.500000 18.087185
v -17.880186 31.420000 18.875883
v -20.620741 27.500000 13.981206
v -21.519915 28.580000 14.590864
v -20.620741 32.500000 13.981206
v -21.519915 31.420000 14.590864
v -23.144184 27.500000 9.221486
v -24.153395 28.580000 9.623592
v -23.144184 32.500000 9.221486
v -24.153395 31.420000 9.623592
v -24.585432 27.500000 4.030580
v -25.657490 28.580000 4.206332
v -24.585432 32.500000 4.030580
v -25.657490 31.420000 4.206332
v -24.877092 27.500000 -1.348798
v -25.961868 28.580000 -1.407612
v -24.877092 32.500000 -1.348798
v -25.961868 31.420000 -1.407612
v -24.005529 27.500000 -6.665100
v -25.052299 28.580000 -6.955737
v -24.005529 32.500000 -6.665100
v -25.052299 31.420000 -6.955737
v -22.011492 27.500000 -11.669760
v -22.971313 28.580000 -12.178619
v -22.011492 32.500000 -11.669760
v -22.971313 31.420000 -12.178619
v -18.988224 27.500000 -16.128744
v -19.816214 28.580000 -16.832045
v -18.988224 32.500000 -16.128744
v -19.816214 31.420000 -16.832045
v -15.077087 27.500000 -19.833570
v -15.734530 28.580000 -20.698420
v -15.077087 32.500000 -19.833570
v -15.734530 31.420000 -20.698420
v -10.460967 27.500000 -22.610998
v -10.917117 28.580000 -23.596962
v -10.460967 32.500000 -22.610998
v -10.917117 31.420000 -23.596962
v -5.355695 27.500000 -24.331163
v -5.589232 28.580000 -25.392134
v -5.355695 32.500000 -24.331163
v -5.589232 31.420000 -25.392134
v 3.825929 63.500000 3.825929
v 4.596194 62.419998 4.596194
v -0.488694 104.000000 -1.423518
v -0.844219 102.919998 -2.459125
v -0.488694 64.000000 -1.423518
v -0.844219 65.080002 -2.459125
v -0.924431 104.000000 -1.187709
v -1.596953 102.919998 -2.051765
v -0.924431 64.000000 -1.187709
v -1.596953 65.080002 -2.051765
v -1.259991 104.000000 -0.823193
v -2.176633 102.919998 -1.422065
v -1.259991 64.000000 -0.823194
v -2.176633 65.080002 -1.422065
v 3.825929 58.500000 3.825929
v 4.596194 59.580002 4.596194
v -1.459012 104.000000 -0.369472
v -2.520441 102.919998 -0.638262
v 4.685787 63.500000 2.705340
v 5.629165 62.419998 3.250000
v 4.685787 58.500000 2.705340
v 5.629165 59.580002 3.250000
v 5.226315 63.500000 1.400388
v 6.278518 62.419998 1.682324
v 5.226315 58.500000 1.400389
v 6.278518 59.580002 1.682324
v 5.410680 63.500000 -0.000000
v 6.500000 62.419998 0.000000
v 5.410680 58.500000 0.000000
v 6.500000 59.580002 0.000000
v 5.226315 63.500000 -1.400389
v 6.278518 62.419998 -1.682324
v 5.226315 58.500000 -1.400388
v 6.278518 59.580002 -1.682324
v 4.685787 63.500000 -2.705340
v 5.629165 62.419998 -3.250000
v -1.459012 64.000000 -0.369472
v -2.520441 65.080002 -0.638262
v -1.499926 104.000000 0.124287
v -2.591120 102.919998 0.214706
v 4.685787 58.500000 -2.705340
v 5.629165 59.580002 -3.250000
v 3.825929 63.500000 -3.825929
v 4.596194 62.419998 -4.596194
v 3.825929 58.500000 -3.825929
v 4.596194 59.580002 -4.596194
v 2.705340 63.500000 -4.685787
v 3.250000 62.419998 -5.629165
v 2.705340 58.500000 -4.685787
v 3.250000 59.580002 -5.629165
v 1.400388 63.500000 -5.226315
v 1.682324 62.419998 -6.278518
v 1.400389 58.500000 -5.226315
v 1.682324 59.580002 -6.278518
v -0.000000 63.500000 -5.410680
v 0.000000 62.419998 -6.500000
v 0.000000 58.500000 -5.410680
v 0.000000 59.580002 -6.500000
v -1.499926 64.000000 0.124287
v -2.591120 65.080002 0.214706
v -1.378300 104.000000 0.604578
v -2.381011 102.919998 1.044408
v -2.306253 58.500000 -8.607056
v -2.588191 57.419998 -9.659258
v -2.306253 53.500000 -8.607056
v -2.588191 54.580002 -9.659258
v -4.455339 58.500000 -7.716876
v -5.000000 57.419998 -8.660254
v -4.455340 53.500000 -7.716876
v -5.000000 54.580002 -8.660254
v -6.300803 58.500000 -6.300803
v -7.071068 57.419998 -7.071068
v -6.300803 53.500000 -6.300803
v -7.071068 54.580002 -7.071068
v -7.716876 58.500000 -4.455340
v -8.660254 57.419998 -5.000000
v -7.716876 53.500000 -4.455339
v -8.660254 54.580002 -5.000000
v -8.607056 58.500000 -2.306253
v -9.659258 57.419998 -2.588191
v -1.378300 64.000000 0.604578
v -2.381011 65.080002 1.044408
v -1.107314 104.000000 1.019353
v -1.912882 102.919998 1.760932
v -8.607056 53.500000 -2.306253
v -9.659258 54.580002 -2.588191
v -8.910681 58.500000 0.000000
v -10.000000 57.419998 0.000000
v -8.910681 53.500000 -0.000000
v -10.000000 54.580002 0.000000
v -8.607056 58.500000 2.306253
v -9.659258 57.419998 2.588191
v -8.607056 53.500000 2.306253
v -9.659258 54.580002 2.588191
v -7.716876 58.500000 4.455339
v -8.660254 57.419998 5.000000
v -7.716876 53.500000 4.455340
v -8.660254 54.580002 5.000000
v -6.300803 58.500000 6.300803
v -7.071068 57.419998 7.071068
v -6.300803 53.500000 6.300803
v -7.071068 54.580002 7.071068
v -1.107314 64.000000 1.019353
v -1.912882 65.080002 1.760932
v -0.716332 104.000000 1.323667
v -1.237463 102.919998 2.286632
v -4.455340 58.500000 7.716876
v -5.000000 57.419998 8.660254
v -4.455339 53.500000 7.716876
v -5.000000 54.580002 8.660254
v -2.306253 58.500000 8.607056
v -2.588191 57.419998 9.659258
v -2.306253 53.500000 8.607056
v -2.588191 54.580002 9.659258
v 0.000000 58.500000 8.910681
v 0.000000 57.419998 10.000000
v -0.000000 53.500000 8.910681
v 0.000000 54.580002 10.000000
v 2.306253 58.500000 8.607056
v 2.588191 57.419998 9.659258
v 2.306253 53.500000 8.607056
v 2.588191 54.580002 9.659258
v 4.455339 58.500000 7.716876
v 5.000000 57.419998 8.660254
v -0.716332 64.000000 1.323667
v -1.237463 65.080002 2.286632
v -0.247726 104.000000 1.484539
v -0.427946 102.919998 2.564539
v 4.455340 53.500000 7.716876
v 5.000000 54.580002 8.660254
v 6.300803 58.500000 6.300803
v 7.071068 57.419998 7.071068
v 6.300803 53.500000 6.300803
v 7.071068 54.580002 7.071068
v 7.716876 58.500000 4.455340
v 8.660254 57.419998 5.000000
v 7.716876 53.500000 4.455339
v 8.660254 54.580002 5.000000
v 8.607056 58.500000 2.306253
v 9.659258 57.419998 2.588191
v 8.607056 53.500000 2.306253
v 9.659258 54.580002 2.588191
v 8.910681 58.500000 -0.000000
v 10.000000 57.419998 0.000000
v 8.910681 53.500000 0.000000
v 10.000000 54.580002 0.000000
v -0.247726 64.000000 1.484539
v -0.427946 65.080002 2.564539
v 0.247726 104.000000 1.484539
v 0.427946 102.919998 2.564539
v 8.607056 58.500000 -2.306253
v 9.659258 57.419998 -2.588191
v 8.607056 53.500000 -2.306253
v 9.659258 54.580002 -2.588191
v 7.716876 58.500000 -4.455339
v 8.660254 57.419998 -5.000000
v 7.716876 53.500000 -4.455340
v 8.660254 54.580002 -5.000000
v 6.300803 58.500000 -6.300803
v 7.071068 57.419998 -7.071068
v 6.300803 53.500000 -6.300803
v 7.071068 54.580002 -7.071068
v 4.455340 58.500000 -7.716876
v 5.000000 57.419998 -8.660254
v 4.455339 53.500000 -7.716876
v 5.000000 54.580002 -8.660254
v 2.306253 58.500000 -8.607056
v 2.588191 57.419998 -9.659258
v 0.247726 64.000000 1.484539
v 0.427946 65.080002 2.564539
v 0.716332 104.000000 1.323667
v 1.237463 102.919998 2.286632
v 2.306253 53.500000 -8.607056
v 2.588191 54.580002 -9.659258
v -0.000000 58.500000 -8.910681
v 0.000000 57.419998 -10.000000
v 0.000000 53.500000 -8.910681
v 0.000000 54.580002 -10.000000
v -1.400389 53.500000 -5.226315
v -1.682324 52.419998 -6.278518
v -1.400388 48.500000 -5.226315
v -1.682324 49.580002 -6.278518
v -2.705340 53.500000 -4.685787
v -3.250000 52.419998 -5.629165
v -2.705340 48.500000 -4.685787
v -3.250000 49.580002 -5.629165
v -3.825929 53.500000 -3.825929
v -4.596194 52.419998 -4.596194
v -3.825929 48.500000 -3.825929
v -4.596194 49.580002 -4.596194
v 0.716332 64.000000 1.323667
v 1.237463 65.080002 2.286632
v 1.107314 104.000000 1.019353
v 1.912882 102.919998 1.760932
v -4.685787 53.500000 -2.705340
v -5.629165 52.419998 -3.250000
v -4.685787 48.500000 -2.705340
v -5.629165 49.580002 -3.250000
v -5.226315 53.500000 -1.400388
v -6.278518 52.419998 -1.682324
v -5.226315 48.500000 -1.400389
v -6.278518 49.580002 -1.682324
v -5.410680 53.500000 0.000000
v -6.500000 52.419998 0.000000
v -5.410680 48.500000 -0.000000
v -6.500000 49.580002 0.000000
v -5.226315 53.500000 1.400389
v -6.278518 52.419998 1.682324
v -5.226315 48.500000 1.400388
v -6.278518 49.580002 1.682324
v -4.685787 53.500000 2.705340
v -5.629165 52.419998 3.250000
v 1.107314 64.000000 1.019353
v 1.912882 65.080002 1.760932
v 1.378300 104.000000 0.604578
v 2.381011 102.919998 1.044408
v -4.685787 48.500000 2.705340
v -5.629165 49.580002 3.250000
v -3.825929 53.500000 3.825929
v -4.596194 52.419998 4.596194
v -3.825929 48.500000 3.825929
v -4.596194 49.580002 4.596194
v -2.705340 53.500000 4.685787
v -3.250000 52.419998 5.629165
v -2.705340 48.500000 4.685787
v -3.250000 49.580002 5.629165
v -1.400388 53.500000 5.226315
v -1.682324 52.419998 6.278518
v -1.400389 48.500000 5.226315
v -1.682324 49.580002 6.278518
v 0.000000 53.500000 5.410680
v 0.000000 52.419998 6.500000
v -0.000000 48.500000 5.410680
v 0.000000 49.580002 6.500000
v 1.378300 64.000000 0.604578
v 2.381011 65.080002 1.044408
v 1.499926 104.000000 0.124287
v 2.591120 102.919998 0.214706
v 1.400389 53.500000 5.226315
v 1.682324 52.419998 6.278518
v 1.400388 48.500000 5.226315
v 1.682324 49.580002 6.278518
v 2.705340 53.500000 4.685787
v 3.250000 52.419998 5.629165
v 2.705340 48.500000 4.685787
v 3.250000 49.580002 5.629165
v 3.825929 53.500000 3.825929
v 4.596194 52.419998 4.596194
v 3.825929 48.500000 3.825929
v 4.596194 49.580002 4.596194
v 4.685787 53.500000 2.705340
v 5.629165 52.419998 3.250000
v 4.685787 48.500000 2.705340
v 5.629165 49.580002 3.250000
v 5.226315 53.500000 1.400388
v 6.278518 52.419998 1.682324
v 1.499926 64.000000 0.124287
v 2.591120 65.080002 0.214706
v 1.459012 104.000000 -0.369472
v 2.520441 102.919998 -0.638262
v 5.226315 48.500000 1.400389
v 6.278518 49.580002 1.682324
v 5.410680 53.500000 -0.000000
v 6.500000 52.419998 0.000000
v 5.410680 48.500000 0.000000
v 6.500000 49.580002 0.000000
v 5.226315 53.500000 -1.400389
v 6.278518 52.419998 -1.682324
v 5.226315 48.500000 -1.400388
v 6.278518 49.580002 -1.682324
v 4.685787 53.500000 -2.705340
v 5.629165 52.419998 -3.250000
v 4.685787 48.500000 -2.705340
v 5.629165 49.580002 -3.250000
v 3.825929 53.500000 -3.825929
v 4.596194 52.419998 -4.596194
v 3.825929 48.500000 -3.825929
v 4.596194 49.580002 -4.596194
v 1.459012 64.000000 -0.369472
v 2.520441 65.080002 -0.638262
v 1.259991 104.000000 -0.823194
v 2.176633 102.919998 -1.422065
v 2.705340 53.500000 -4.685787
v 3.250000 52.419998 -5.629165
v 2.705340 48.500000 -4.685787
v 3.250000 49.580002 -5.629165
v 1.400388 53.500000 -5.226315
v 1.682324 52.419998 -6.278518
v 1.400389 48.500000 -5.226315
v 1.682324 49.580002 -6.278518
v -0.000000 53.500000 -5.410680
v 0.000000 52.419998 -6.500000
v 0.000000 48.500000 -5.410680
v 0.000000 49.580002 -6.500000
v -2.306253 48.500000 -8.607056
v -2.588191 47.419998 -9.659258
v -2.306253 43.500000 -8.607056
v -2.588191 44.580002 -9.659258
v -4.455339 48.500000 -7.716876
v -5.000000 47.419998 -8.660254
v 1.259991 64.000000 -0.823193
v 2.176633 65.080002 -1.422065
v 0.924431 104.000000 -1.187709
v 1.596953 102.919998 -2.051765
v -4.455340 43.500000 -7.716876
v -5.000000 44.580002 -8.660254
v -6.300803 48.500000 -6.300803
v -7.071068 47.419998 -7.071068
v -6.300803 43.500000 -6.300803
v -7.071068 44.580002 -7.071068
v -7.716876 48.500000 -4.455340
v -8.660254 47.419998 -5.000000
v -7.716876 43.500000 -4.455339
v -8.660254 44.580002 -5.000000
v -8.607056 48.500000 -2.306253
v -9.659258 47.419998 -2.588191
v -8.607056 43.500000 -2.306253
v -9.659258 44.580002 -2.588191
v -8.910681 48.500000 0.000000
v -10.000000 47.419998 0.000000
v -8.910681 43.500000 -0.000000
v -10.000000 44.580002 0.000000
v 0.924431 64.000000 -1.187709
v 1.596953 65.080002 -2.051765
v 0.488694 104.000000 -1.423518
v 0.844219 102.919998 -2.459125
v -8.607056 48.500000 2.306253
v -9.659258 47.419998 2.588191
v -8.607056 43.500000 2.306253
v -9.659258 44.580002 2.588191
v -7.716876 48.500000 4.455339
v -8.660254 47.419998 5.000000
v -7.716876 43.500000 4.455340
v -8.660254 44.580002 5.000000
v -6.300803 48.500000 6.300803
v -7.071068 47.419998 7.071068
v -6.300803 43.500000 6.300803
v -7.071068 44.580002 7.071068
v -4.455340 48.500000 7.716876
v -5.000000 47.419998 8.660254
v -4.455339 43.500000 7.716876
v -5.000000 44.580002 8.660254
v -2.306253 48.500000 8.607056
v -2.588191 47.419998 9.659258
v 0.488694 64.000000 -1.423518
v 0.844219 65.080002 -2.459125
v -0.000000 104.000000 -1.505066
v 0.000000 102.919998 -2.600000
v -2.306253 43.500000 8.607056
v -2.588191 44.580002 9.659258
v 0.000000 48.500000 8.910681
v 0.000000 47.419998 10.000000
v -0.000000 43.500000 8.910681
v 0.000000 44.580002 10.000000
v 2.306253 48.500000 8.607056
v 2.588191 47.419998 9.659258
v 2.306253 43.500000 8.607056
v 2.588191 44.580002 9.659258
v 4.455339 48.500000 7.716876
v 5.000000 47.419998 8.660254
v 4.455340 43.500000 7.716876
v 5.000000 44.580002 8.660254
v 6.300803 48.500000 6.300803
v 7.071068 47.419998 7.071068
v 6.300803 43.500000 6.300803
v 7.071068 44.580002 7.071068
v 0.000000 64.000000 -1.505066
v 0.000000 65.080002 -2.600000
v -1.400389 63.500000 -5.226315
v -1.682324 62.419998 -6.278518
v 7.716876 48.500000 4.455340
v 8.660254 47.419998 5.000000
v 7.716876 43.500000 4.455339
v 8.660254 44.580002 5.000000
v 8.607056 48.500000 2.306253
v 9.659258 47.419998 2.588191
v 8.607056 43.500000 2.306253
v 9.659258 44.580002 2.588191
v 8.910681 48.500000 -0.000000
v 10.000000 47.419998 0.000000
v 8.910681 43.500000 0.000000
v 10.000000 44.580002 0.000000
v 8.607056 48.500000 -2.306253
v 9.659258 47.419998 -2.588191
v 8.607056 43.500000 -2.306253
v 9.659258 44.580002 -2.588191
v 7.716876 48.500000 -4.455339
v 8.660254 47.419998 -5.000000
v -1.400388 58.500000 -5.226315
v -1.682324 59.580002 -6.278518
v -2.705340 63.500000 -4.685787
v -3.250000 62.419998 -5.629165
v 7.716876 43.500000 -4.455340
v 8.660254 44.580002 -5.000000
v 6.300803 48.500000 -6.300803
v 7.071068 47.419998 -7.071068
v 6.300803 43.500000 -6.300803
v 7.071068 44.580002 -7.071068
v 4.455340 48.500000 -7.716876
v 5.000000 47.419998 -8.660254
v 4.455339 43.500000 -7.716876
v 5.000000 44.580002 -8.660254
v 2.306253 48.500000 -8.607056
v 2.588191 47.419998 -9.659258
v 2.306253 43.500000 -8.607056
v 2.588191 44.580002 -9.659258
v -0.000000 48.500000 -8.910681
v 0.000000 47.419998 -10.000000
v 0.000000 43.500000 -8.910681
v 0.000000 44.580002 -10.000000
v -2.705340 58.500000 -4.685787
v -3.250000 59.580002 -5.629165
v -3.825929 63.500000 -3.825929
v -4.596194 62.419998 -4.596194
v -1.400389 43.500000 -5.226315
v -1.682324 42.419998 -6.278518
v -1.400388 38.500000 -5.226315
v -1.682324 39.580002 -6.278518
v -2.705340 43.500000 -4.685787
v -3.250000 42.419998 -5.629165
v -2.705340 38.500000 -4.685787
v -3.250000 39.580002 -5.629165
v -3.825929 43.500000 -3.825929
v -4.596194 42.419998 -4.596194
v -3.825929 38.500000 -3.825929
v -4.596194 39.580002 -4.596194
v -4.685787 43.500000 -2.705340
v -5.629165 42.419998 -3.250000
v -4.685787 38.500000 -2.705340
v -5.629165 39.580002 -3.250000
v -5.226315 43.500000 -1.400388
v -6.278518 42.419998 -1.682324
v -3.825929 58.500000 -3.825929
v -4.596194 59.580002 -4.596194
v -4.685787 63.500000 -2.705340
v -5.629165 62.419998 -3.250000
v -5.226315 38.500000 -1.400389
v -6.278518 39.580002 -1.682324
v -5.410680 43.500000 0.000000
v -6.500000 42.419998 0.000000
v -5.410680 38.500000 -0.000000
v -6.500000 39.580002 0.000000
v -5.226315 43.500000 1.400389
v -6.278518 42.419998 1.682324
v -5.226315 38.500000 1.400388
v -6.278518 39.580002 1.682324
v -4.685787 43.500000 2.705340
v -5.629165 42.419998 3.250000
v -4.685787 38.500000 2.705340
v -5.629165 39.580002 3.250000
v -3.825929 43.500000 3.825929
v -4.596194 42.419998 4.596194
v -3.825929 38.500000 3.825929
v -4.596194 39.580002 4.596194
v -4.685787 58.500000 -2.705340
v -5.629165 59.580002 -3.250000
v -5.226315 63.500000 -1.400388
v -6.278518 62.419998 -1.682324
v -2.705340 43.500000 4.685787
v -3.250000 42.419998 5.629165
v -2.705340 38.500000 4.685787
v -3.250000 39.580002 5.629165
v -1.400388 43.500000 5.226315
v -1.682324 42.419998 6.278518
v -1.400389 38.500000 5.226315
v -1.682324 39.580002 6.278518
v 0.000000 43.500000 5.410680
v 0.000000 42.419998 6.500000
v -0.000000 38.500000 5.410680
v 0.000000 39.580002 6.500000
v 1.400389 43.500000 5.226315
v 1.682324 42.419998 6.278518
v 1.400388 38.500000 5.226315
v 1.682324 39.580002 6.278518
v 2.705340 43.500000 4.685787
v 3.250000 42.419998 5.629165
v -5.226315 58.500000 -1.400389
v -6.278518 59.580002 -1.682324
v -5.410680 63.500000 0.000000
v -6.500000 62.419998 0.000000
v 2.705340 38.500000 4.685787
v 3.250000 39.580002 5.629165
v 3.825929 43.500000 3.825929
v 4.596194 42.419998 4.596194
v 3.825929 38.500000 3.825929
v 4.596194 39.580002 4.596194
v 4.685787 43.500000 2.705340
v 5.629165 42.419998 3.250000
v 4.685787 38.500000 2.705340
v 5.629165 39.580002 3.250000
v 5.226315 43.500000 1.400388
v 6.278518 42.419998 1.682324
v 5.226315 38.500000 1.400389
v 6.278518 39.580002 1.682324
v 5.410680 43.500000 -0.000000
v 6.500000 42.419998 0.000000
v 5.410680 38.500000 0.000000
v 6.500000 39.580002 0.000000
v -5.410680 58.500000 -0.000000
v -6.500000 59.580002 0.000000
v -5.226315 63.500000 1.400389
v -6.278518 62.419998 1.682324
v 5.226315 43.500000 -1.400389
v 6.278518 42.419998 -1.682324
v 5.226315 38.500000 -1.400388
v 6.278518 39.580002 -1.682324
v 4.685787 43.500000 -2.705340
v 5.629165 42.419998 -3.250000
v 4.685787 38.500000 -2.705340
v 5.629165 39.580002 -3.250000
v 3.825929 43.500000 -3.825929
v 4.596194 42.419998 -4.596194
v 3.825929 38.500000 -3.825929
v 4.596194 39.580002 -4.596194
v 2.705340 43.500000 -4.685787
v 3.250000 42.419998 -5.629165
v 2.705340 38.500000 -4.685787
v 3.250000 39.580002 -5.629165
v 1.400388 43.500000 -5.226315
v 1.682324 42.419998 -6.278518
v -5.226315 58.500000 1.400388
v -6.278518 59.580002 1.682324
v -4.685787 63.500000 2.705340
v -5.629165 62.419998 3.250000
v 1.400389 38.500000 -5.226315
v 1.682324 39.580002 -6.278518
v -0.000000 43.500000 -5.410680
v 0.000000 42.419998 -6.500000
v 0.000000 38.500000 -5.410680
v 0.000000 39.580002 -6.500000
v -2.306253 38.500000 -8.607056
v -2.588191 37.419998 -9.659258
v -2.306253 33.500000 -8.607056
v -2.588191 34.580002 -9.659258
v -4.455339 38.500000 -7.716876
v -5.000000 37.419998 -8.660254
v -4.455340 33.500000 -7.716876
v -5.000000 34.580002 -8.660254
v -6.300803 38.500000 -6.300803
v -7.071068 37.419998 -7.071068
v -6.300803 33.500000 -6.300803
v -7.071068 34.580002 -7.071068
v -4.685787 58.500000 2.705340
v -5.629165 59.580002 3.250000
v -3.825929 63.500000 3.825929
v -4.596194 62.419998 4.596194
v -7.716876 38.500000 -4.455340
v -8.660254 37.419998 -5.000000
v -7.716876 33.500000 -4.455339
v -8.660254 34.580002 -5.000000
v -8.607056 38.500000 -2.306253
v -9.659258 37.419998 -2.588191
v -8.607056 33.500000 -2.306253
v -9.659258 34.580002 -2.588191
v -8.910681 38.500000 0.000000
v -10.000000 37.419998 0.000000
v -8.910681 33.500000 -0.000000
v -10.000000 34.580002 0.000000
v -8.607056 38.500000 2.306253
v -9.659258 37.419998 2.588191
v -8.607056 33.500000 2.306253
v -9.659258 34.580002 2.588191
v -7.716876 38.500000 4.455339
v -8.660254 37.419998 5.000000
v -3.825929 58.500000 3.825929
v -4.596194 59.580002 4.596194
v -2.705340 63.500000 4.685787
v -3.250000 62.419998 5.629165
v -7.716876 33.500000 4.455340
v -8.660254 34.580002 5.000000
v -6.300803 38.500000 6.300803
v -7.071068 37.419998 7.071068
v -6.300803 33.500000 6.300803
v -7.071068 34.580002 7.071068
v -4.455340 38.500000 7.716876
v -5.000000 37.419998 8.660254
v -4.455339 33.500000 7.716876
v -5.000000 34.580002 8.660254
v -2.306253 38.500000 8.607056
v -2.588191 37.419998 9.659258
v -2.306253 33.500000 8.607056
v -2.588191 34.580002 9.659258
v 0.000000 38.500000 8.910681
v 0.000000 37.419998 10.000000
v -0.000000 33.500000 8.910681
v 0.000000 34.580002 10.000000
v -2.705340 58.500000 4.685787
v -3.250000 59.580002 5.629165
v -1.400388 63.500000 5.226315
v -1.682324 62.419998 6.278518
v 2.306253 38.500000 8.607056
v 2.588191 37.419998 9.659258
v 2.306253 33.500000 8.607056
v 2.588191 34.580002 9.659258
v 4.455339 38.500000 7.716876
v 5.000000 37.419998 8.660254
v 4.455340 33.500000 7.716876
v 5.000000 34.580002 8.660254
v 6.300803 38.500000 6.300803
v 7.071068 37.419998 7.071068
v 6.300803 33.500000 6.300803
v 7.071068 34.580002 7.071068
v 7.716876 38.500000 4.455340
v 8.660254 37.419998 5.000000
v 7.716876 33.500000 4.455339
v 8.660254 34.580002 5.000000
v 8.607056 38.500000 2.306253
v 9.659258 37.419998 2.588191
v -1.400389 58.500000 5.226315
v -1.682324 59.580002 6.278518
v 0.000000 63.500000 5.410680
v 0.000000 62.419998 6.500000
v 8.607056 33.500000 2.306253
v 9.659258 34.580002 2.588191
v 8.910681 38.500000 -0.000000
v 10.000000 37.419998 0.000000
v 8.910681 33.500000 0.000000
v 10.000000 34.580002 0.000000
v 8.607056 38.500000 -2.306253
v 9.659258 37.419998 -2.588191
v 8.607056 33.500000 -2.306253
v 9.659258 34.580002 -2.588191
v 7.716876 38.500000 -4.455339
v 8.660254 37.419998 -5.000000
v 7.716876 33.500000 -4.455340
v 8.660254 34.580002 -5.000000
v 6.300803 38.500000 -6.300803
v 7.071068 37.419998 -7.071068
v 6.300803 33.500000 -6.300803
v 7.071068 34.580002 -7.071068
v -0.000000 58.500000 5.410680
v 0.000000 59.580002 6.500000
v 1.400389 63.500000 5.226315
v 1.682324 62.419998 6.278518
v 1.400388 58.500000 5.226315
v 1.682324 59.580002 6.278518
v 2.705340 63.500000 4.685787
v 3.250000 62.419998 5.629165
v 4.455340 38.500000 -7.716876
v 5.000000 37.419998 -8.660254
v 4.455339 33.500000 -7.716876
v 5.000000 34.580002 -8.660254
v 2.306253 38.500000 -8.607056
v 2.588191 37.419998 -9.659258
v 2.306253 33.500000 -8.607056
v 2.588191 34.580002 -9.659258
v -0.000000 38.500000 -8.910681
v 0.000000 37.419998 -10.000000
v 0.000000 33.500000 -8.910681
v 0.000000 34.580002 -10.000000
v 2.705340 58.500000 4.685787
v 3.250000 59.580002 5.629165
v -2.705340 53.500000 -4.685787
v -1.400389 53.500000 -5.226315
v 2.588191 57.419998 9.659258
v 5.000000 57.419998 8.660254
v 4.455339 58.500000 7.716876
v 2.306253 58.500000 8.607056
v 3.250000 62.419998 -5.629165
v 2.705340 63.500000 -4.685787
v 2.176633 102.919998 -1.422065
v 1.259991 104.000000 -0.823194
v 6.278518 59.580002 1.682324
v 5.226315 58.500000 1.400389
v -5.629165 49.580002 -3.250000
v -4.596194 49.580002 -4.596194
v -3.825929 48.500000 -3.825929
v -4.685787 48.500000 -2.705340
v -4.596194 52.419998 -4.596194
v -5.629165 52.419998 -3.250000
v -4.685787 53.500000 -2.705340
v -3.825929 53.500000 -3.825929
v 8.660254 54.580002 -5.000000
v 9.659258 54.580002 -2.588191
v 8.607056 53.500000 -2.306253
v 7.716876 53.500000 -4.455340
v 6.278518 62.419998 1.682324
v 5.226315 63.500000 1.400388
v 0.000000 52.419998 -6.500000
v -0.000000 53.500000 -5.410680
v 7.071068 54.580002 7.071068
v 6.300803 53.500000 6.300803
v 7.071068 57.419998 7.071068
v 6.300803 58.500000 6.300803
v -3.250000 49.580002 -5.629165
v -2.705340 48.500000 -4.685787
v -5.629165 49.580002 3.250000
v -6.278518 49.580002 1.682324
v -5.226315 48.500000 1.400388
v -4.685787 48.500000 2.705340
v -6.278518 52.419998 1.682324
v -5.629165 52.419998 3.250000
v -4.685787 53.500000 2.705340
v -5.226315 53.500000 1.400389
v 10.000000 54.580002 0.000000
v 8.910681 53.500000 0.000000
v 2.588191 57.419998 -9.659258
v 2.306253 58.500000 -8.607056
v 5.629165 62.419998 3.250000
v 4.685787 63.500000 2.705340
v -6.500000 49.580002 0.000000
v -6.278518 49.580002 -1.682324
v -5.226315 48.500000 -1.400389
v -5.410680 48.500000 -0.000000
v 2.588191 54.580002 -9.659258
v 2.306253 53.500000 -8.607056
v -6.278518 52.419998 -1.682324
v -6.500000 52.419998 0.000000
v -5.410680 53.500000 0.000000
v -5.226315 53.500000 -1.400388
v 9.659258 57.419998 -2.588191
v 8.660254 57.419998 -5.000000
v 7.716876 58.500000 -4.455339
v 8.607056 58.500000 -2.306253
v -1.682324 52.419998 6.278518
v 0.000000 52.419998 6.500000
v 0.000000 53.500000 5.410680
v -1.400388 53.500000 5.226315
v 4.596194 62.419998 -4.596194
v 3.825929 63.500000 -3.825929
v 5.000000 54.580002 -8.660254
v 4.455339 53.500000 -7.716876
v 0.000000 49.580002 6.500000
v -1.682324 49.580002 6.278518
v -1.400389 48.500000 5.226315
v -0.000000 48.500000 5.410680
v -3.250000 49.580002 5.629165
v -4.596194 49.580002 4.596194
v -3.825929 48.500000 3.825929
v -2.705340 48.500000 4.685787
v -4.596194 52.419998 4.596194
v -3.250000 52.419998 5.629165
v -2.705340 53.500000 4.685787
v -3.825929 53.500000 3.825929
v 10.000000 57.419998 0.000000
v 8.910681 58.500000 -0.000000
v 2.176633 65.080002 -1.422065
v 1.259991 64.000000 -0.823193
v -2.588191 44.580002 -9.659258
v 0.000000 44.580002 -10.000000
v 0.000000 43.500000 -8.910681
v -2.306253 43.500000 -8.607056
v 3.250000 49.580002 5.629165
v 1.682324 49.580002 6.278518
v 1.400388 48.500000 5.226315
v 2.705340 48.500000 4.685787
v -2.588191 47.419998 -9.659258
v -5.000000 47.419998 -8.660254
v -4.455339 48.500000 -7.716876
v -2.306253 48.500000 -8.607056
v 1.682324 52.419998 6.278518
v 3.250000 52.419998 5.629165
v 2.705340 53.500000 4.685787
v 1.400389 53.500000 5.226315
v 9.659258 54.580002 2.588191
v 8.607056 53.500000 2.306253
v 5.000000 57.419998 -8.660254
v 4.455340 58.500000 -7.716876
v -8.660254 44.580002 -5.000000
v -7.071068 44.580002 -7.071068
v -6.300803 43.500000 -6.300803
v -7.716876 43.500000 -4.455339
v -7.071068 47.419998 -7.071068
v -8.660254 47.419998 -5.000000
v -7.716876 48.500000 -4.455340
v -6.300803 48.500000 -6.300803
v 8.660254 57.419998 5.000000
v 7.716876 58.500000 4.455340
v 4.596194 59.580002 -4.596194
v 3.825929 58.500000 -3.825929
v 9.659258 57.419998 2.588191
v 8.607056 58.500000 2.306253
v -5.000000 44.580002 -8.660254
v -4.455340 43.500000 -7.716876
v 0.000000 47.419998 -10.000000
v -0.000000 48.500000 -8.910681
v 4.596194 49.580002 4.596194
v 3.825929 48.500000 3.825929
v 4.596194 52.419998 4.596194
v 3.825929 53.500000 3.825929
v 5.629165 49.580002 -3.250000
v 6.278518 49.580002 -1.682324
v 5.226315 48.500000 -1.400388
v 4.685787 48.500000 -2.705340
v -8.660254 44.580002 5.000000
v -9.659258 44.580002 2.588191
v -8.607056 43.500000 2.306253
v -7.716876 43.500000 4.455340
v -9.659258 47.419998 2.588191
v -8.660254 47.419998 5.000000
v -7.716876 48.500000 4.455339
v -8.607056 48.500000 2.306253
v 1.682324 52.419998 -6.278518
v 1.400388 53.500000 -5.226315
v 6.500000 49.580002 0.000000
v 5.410680 48.500000 0.000000
v 6.500000 52.419998 0.000000
v 6.278518 52.419998 -1.682324
v 5.226315 53.500000 -1.400389
v 5.410680 53.500000 -0.000000
v -10.000000 44.580002 0.000000
v -9.659258 44.580002 -2.588191
v -8.607056 43.500000 -2.306253
v -8.910681 43.500000 -0.000000
v 1.682324 49.580002 -6.278518
v 1.400389 48.500000 -5.226315
v 5.629165 52.419998 -3.250000
v 4.685787 53.500000 -2.705340
v -9.659258 47.419998 -2.588191
v -10.000000 47.419998 0.000000
v -8.910681 48.500000 0.000000
v -8.607056 48.500000 -2.306253
v -2.588191 47.419998 9.659258
v 0.000000 47.419998 10.000000
v 0.000000 48.500000 8.910681
v -2.306253 48.500000 8.607056
v 3.250000 49.580002 -5.629165
v 2.705340 48.500000 -4.685787
v 5.629165 59.580002 3.250000
v 4.685787 58.500000 2.705340
v 0.000000 44.580002 10.000000
v -2.588191 44.580002 9.659258
v -2.306253 43.500000 8.607056
v -0.000000 43.500000 8.910681
v -5.000000 44.580002 8.660254
v -7.071068 44.580002 7.071068
v -6.300803 43.500000 6.300803
v -4.455339 43.500000 7.716876
v -7.071068 47.419998 7.071068
v -5.000000 47.419998 8.660254
v -4.455340 48.500000 7.716876
v -6.300803 48.500000 6.300803
v 8.660254 54.580002 5.000000
v 7.716876 53.500000 4.455339
v -1.682324 39.580002 -6.278518
v 0.000000 39.580002 -6.500000
v 0.000000 38.500000 -5.410680
v -1.400388 38.500000 -5.226315
v 5.000000 44.580002 8.660254
v 2.588191 44.580002 9.659258
v 2.306253 43.500000 8.607056
v 4.455340 43.500000 7.716876
v -1.682324 42.419998 -6.278518
v -3.250000 42.419998 -5.629165
v -2.705340 43.500000 -4.685787
v -1.400389 43.500000 -5.226315
v 2.588191 47.419998 9.659258
v 5.000000 47.419998 8.660254
v 4.455339 48.500000 7.716876
v 2.306253 48.500000 8.607056
v 3.250000 52.419998 -5.629165
v 2.705340 53.500000 -4.685787
v 6.278518 49.580002 1.682324
v 5.226315 48.500000 1.400389
v 7.071068 57.419998 -7.071068
v 6.300803 58.500000 -6.300803
v -5.629165 39.580002 -3.250000
v -4.596194 39.580002 -4.596194
v -3.825929 38.500000 -3.825929
v -4.685787 38.500000 -2.705340
v -4.596194 42.419998 -4.596194
v -5.629165 42.419998 -3.250000
v -4.685787 43.500000 -2.705340
v -3.825929 43.500000 -3.825929
v -3.250000 39.580002 -5.629165
v -2.705340 38.500000 -4.685787
v 8.660254 44.580002 -5.000000
v 9.659258 44.580002 -2.588191
v 8.607056 43.500000 -2.306253
v 7.716876 43.500000 -4.455340
v 6.278518 52.419998 1.682324
v 5.226315 53.500000 1.400388
v 0.000000 42.419998 -6.500000
v -0.000000 43.500000 -5.410680
v 7.071068 44.580002 7.071068
v 6.300803 43.500000 6.300803
v 7.071068 47.419998 7.071068
v 6.300803 48.500000 6.300803
v -5.629165 39.580002 3.250000
v -6.278518 39.580002 1.682324
v -5.226315 38.500000 1.400388
v -4.685787 38.500000 2.705340
v -6.278518 42.419998 1.682324
v -5.629165 42.419998 3.250000
v -4.685787 43.500000 2.705340
v -5.226315 43.500000 1.400389
v 2.588191 47.419998 -9.659258
v 2.306253 48.500000 -8.607056
v 10.000000 44.580002 0.000000
v 8.910681 43.500000 0.000000
v 10.000000 47.419998 0.000000
v 9.659258 47.419998 -2.588191
v 8.607056 48.500000 -2.306253
v 8.910681 48.500000 -0.000000
v -6.500000 39.580002 0.000000
v -6.278518 39.580002 -1.682324
v -5.226315 38.500000 -1.400389
v -5.410680 38.500000 -0.000000
v -6.278518 42.419998 -1.682324
v -5.226315 43.500000 -1.400388
v 2.588191 44.580002 -9.659258
v 2.306253 43.500000 -8.607056
v 8.660254 47.419998 -5.000000
v 7.716876 48.500000 -4.455339
v -6.500000 42.419998 0.000000
v -5.410680 43.500000 0.000000
v -1.682324 42.419998 6.278518
v 0.000000 42.419998 6.500000
v 0.000000 43.500000 5.410680
v -1.400388 43.500000 5.226315
v 5.000000 44.580002 -8.660254
v 4.455339 43.500000 -7.716876
v 4.596194 52.419998 -4.596194
v 3.825929 53.500000 -3.825929
v 0.000000 39.580002 6.500000
v -1.682324 39.580002 6.278518
v -1.400389 38.500000 5.226315
v -0.000000 38.500000 5.410680
v -3.250000 39.580002 5.629165
v -4.596194 39.580002 4.596194
v -3.825929 38.500000 3.825929
v -2.705340 38.500000 4.685787
v -4.596194 42.419998 4.596194
v -3.250000 42.419998 5.629165
v -2.705340 43.500000 4.685787
v -3.825929 43.500000 3.825929
v 5.629165 52.419998 3.250000
v 4.685787 53.500000 2.705340
v 7.071068 54.580002 -7.071068
v 6.300803 53.500000 -6.300803
v -2.588191 34.580002 -9.659258
v 0.000000 34.580002 -10.000000
v 0.000000 33.500000 -8.910681
v -2.306253 33.500000 -8.607056
v 3.250000 39.580002 5.629165
v 1.682324 39.580002 6.278518
v 1.400388 38.500000 5.226315
v 2.705340 38.500000 4.685787
v -2.588191 37.419998 -9.659258
v -5.000000 37.419998 -8.660254
v -4.455339 38.500000 -7.716876
v -2.306253 38.500000 -8.607056
v 1.682324 42.419998 6.278518
v 3.250000 42.419998 5.629165
v 2.705340 43.500000 4.685787
v 1.400389 43.500000 5.226315
v 5.000000 47.419998 -8.660254
v 4.455340 48.500000 -7.716876
v 9.659258 44.580002 2.588191
v 8.607056 43.500000 2.306253
v -8.660254 34.580002 -5.000000
v -7.071068 34.580002 -7.071068
v -6.300803 33.500000 -6.300803
v -7.716876 33.500000 -4.455339
v -7.071068 37.419998 -7.071068
v -8.660254 37.419998 -5.000000
v -7.716876 38.500000 -4.455340
v -6.300803 38.500000 -6.300803
v 4.596194 42.419998 4.596194
v 3.825929 43.500000 3.825929
v -5.000000 34.580002 -8.660254
v -4.455340 33.500000 -7.716876
v 5.629165 39.580002 -3.250000
v 6.278518 39.580002 -1.682324
v 5.226315 38.500000 -1.400388
v 4.685787 38.500000 -2.705340
v 9.659258 47.419998 2.588191
v 8.607056 48.500000 2.306253
v 0.000000 37.419998 -10.000000
v -0.000000 38.500000 -8.910681
v 4.596194 39.580002 4.596194
v 3.825929 38.500000 3.825929
v -8.660254 34.580002 5.000000
v -9.659258 34.580002 2.588191
v -8.607056 33.500000 2.306253
v -7.716876 33.500000 4.455340
v -9.659258 37.419998 2.588191
v -8.660254 37.419998 5.000000
v -7.716876 38.500000 4.455339
v -8.607056 38.500000 2.306253
v 1.682324 42.419998 -6.278518
v 1.400388 43.500000 -5.226315
v 6.500000 39.580002 0.000000
v 5.410680 38.500000 0.000000
v 6.500000 42.419998 0.000000
v 6.278518 42.419998 -1.682324
v 5.226315 43.500000 -1.400389
v 5.410680 43.500000 -0.000000
v -10.000000 34.580002 0.000000
v -9.659258 34.580002 -2.588191
v -8.607056 33.500000 -2.306253
v -8.910681 33.500000 -0.000000
v -9.659258 37.419998 -2.588191
v -8.607056 38.500000 -2.306253
v 1.682324 39.580002 -6.278518
v 1.400389 38.500000 -5.226315
v 5.629165 42.419998 -3.250000
v 4.685787 43.500000 -2.705340
v -10.000000 37.419998 0.000000
v -8.910681 38.500000 0.000000
v -2.588191 37.419998 9.659258
v 0.000000 37.419998 10.000000
v 0.000000 38.500000 8.910681
v -2.306253 38.500000 8.607056
v 3.250000 39.580002 -5.629165
v 2.705340 38.500000 -4.685787
v 7.071068 47.419998 -7.071068
v 6.300803 48.500000 -6.300803
v 0.000000 34.580002 10.000000
v -2.588191 34.580002 9.659258
v -2.306253 33.500000 8.607056
v -0.000000 33.500000 8.910681
v -5.000000 34.580002 8.660254
v -7.071068 34.580002 7.071068
v -6.300803 33.500000 6.300803
v -4.455339 33.500000 7.716876
v -7.071068 37.419998 7.071068
v -5.000000 37.419998 8.660254
v -4.455340 38.500000 7.716876
v -6.300803 38.500000 6.300803
v 8.660254 47.419998 5.000000
v 7.716876 48.500000 4.455340
v 7.071068 37.419998 7.071068
v 8.660254 37.419998 5.000000
v 7.716876 38.500000 4.455340
v 6.300803 38.500000 6.300803
v 5.000000 34.580002 8.660254
v 2.588191 34.580002 9.659258
v 2.306253 33.500000 8.607056
v 4.455340 33.500000 7.716876
v 8.660254 34.580002 5.000000
v 7.071068 34.580002 7.071068
v 6.300803 33.500000 6.300803
v 7.716876 33.500000 4.455339
v 2.588191 37.419998 9.659258
v 5.000000 37.419998 8.660254
v 4.455339 38.500000 7.716876
v 2.306253 38.500000 8.607056
v 3.250000 42.419998 -5.629165
v 2.705340 43.500000 -4.685787
v 5.629165 49.580002 3.250000
v 4.685787 48.500000 2.705340
v 6.278518 39.580002 1.682324
v 5.226315 38.500000 1.400389
v 5.629165 42.419998 3.250000
v 6.278518 42.419998 1.682324
v 5.226315 43.500000 1.400388
v 4.685787 43.500000 2.705340
v 10.000000 34.580002 0.000000
v 9.659258 34.580002 2.588191
v 8.607056 33.500000 2.306253
v 8.910681 33.500000 0.000000
v 9.659258 37.419998 2.588191
v 10.000000 37.419998 0.000000
v 8.910681 38.500000 -0.000000
v 8.607056 38.500000 2.306253
v 9.659258 37.419998 -2.588191
v 8.660254 37.419998 -5.000000
v 7.716876 38.500000 -4.455339
v 8.607056 38.500000 -2.306253
v 8.660254 44.580002 5.000000
v 7.716876 43.500000 4.455339
v 5.629165 39.580002 3.250000
v 4.685787 38.500000 2.705340
v 4.596194 39.580002 -4.596194
v 3.825929 38.500000 -3.825929
v 4.596194 49.580002 -4.596194
v 3.825929 48.500000 -3.825929
v 5.000000 37.419998 -8.660254
v 2.588191 37.419998 -9.659258
v 2.306253 38.500000 -8.607056
v 4.455340 38.500000 -7.716876
v 7.071068 34.580002 -7.071068
v 8.660254 34.580002 -5.000000
v 7.716876 33.500000 -4.455340
v 6.300803 33.500000 -6.300803
v 2.588191 34.580002 -9.659258
v 5.000000 34.580002 -8.660254
v 4.455339 33.500000 -7.716876
v 2.306253 33.500000 -8.607056
v 7.071068 37.419998 -7.071068
v 6.300803 38.500000 -6.300803
v 7.071068 44.580002 -7.071068
v 6.300803 43.500000 -6.300803
v 9.659258 34.580002 -2.588191
v 8.607056 33.500000 -2.306253
v 4.596194 42.419998 -4.596194
v 3.825929 43.500000 -3.825929
v -0.844219 102.919998 -2.459125
v -0.488694 104.000000 -1.423518
v -0.844219 65.080002 -2.459125
v -0.488694 64.000000 -1.423518
v -1.596953 102.919998 -2.051765
v -0.924431 104.000000 -1.187709
vn 0.5156 -0.0000 0.8569
vn -0.0000 1.0000 -0.0000
vn -0.3520 0.7101 -0.6097
vn -0.1822 0.7101 -0.6801
vn 0.3520 -0.7101 0.6097
vn 0.1822 -0.7101 0.6801
vn -0.1822 -0.7101 -0.6801
vn -0.0000 -0.7101 -0.7041
vn 0.3342 -0.7119 0.6176
vn -0.4978 0.7101 0.4978
vn -0.3520 0.7101 0.6097
vn -0.3520 -0.7101 0.6097
vn -0.4978 -0.7101 0.4978
vn -0.0000 -0.7101 0.7041
vn -0.1822 -0.7101 0.6801
vn 0.3520 -0.7101 -0.6097
vn -0.1822 0.7101 0.6801
vn -0.0000 0.7101 0.7041
vn 0.1822 -0.7101 -0.6801
vn -0.6801 0.7101 -0.1822
vn -0.7041 0.7101 -0.0000
vn 0.6097 0.7101 -0.3520
vn -0.7041 -0.7101 -0.0000
vn -0.6801 -0.7101 -0.1822
vn 0.7041 0.7101 -0.0000
vn 0.6801 0.7101 -0.1822
vn 0.7041 -0.7101 -0.0000
vn 0.1822 0.7101 -0.6801
vn -0.6801 0.7101 0.1822
vn -0.6097 0.7101 0.3520
vn -0.6097 -0.7101 0.3520
vn -0.6801 -0.7101 0.1822
vn -0.3520 -0.7101 -0.6097
vn 0.5167 0.7119 0.4756
vn 0.6097 -0.7101 -0.3520
vn 0.6801 -0.7101 -0.1822
vn 0.4978 0.7101 0.4978
vn 0.4978 -0.7101 0.4979
vn 0.4978 -0.7101 0.4978
vn -0.0000 0.7101 -0.7041
vn 0.3342 0.7119 0.6176
vn -0.4978 0.7101 -0.4978
vn -0.6097 0.7101 -0.3520
vn -0.6097 -0.7101 -0.3520
vn -0.4978 -0.7101 -0.4978
vn 0.5167 -0.7119 0.4756
vn 0.5166 -0.7119 0.4756
vn 0.4313 0.7119 -0.5542
vn 0.1822 0.7101 0.6801
vn 0.3520 0.7101 0.6097
vn 0.6431 0.7119 0.2821
vn -0.4979 0.7101 0.4978
vn -0.4979 -0.7101 0.4978
vn -0.0000 -1.0000 -0.0000
vn 0.6877 -0.0000 0.7260
vn 0.8277 -0.0000 0.5612
vn -0.0000 0.4388 -0.8986
vn 0.4313 -0.7119 -0.5542
vn 0.9290 -0.0000 0.3701
vn -0.0000 -0.7119 -0.7022
vn 0.2280 -0.7119 -0.6642
vn 0.0108 0.9987 -0.0489
vn 0.0217 0.9949 -0.0984
vn 0.0336 0.9877 -0.1526
vn 0.0473 0.9755 -0.2147
vn 0.0638 0.9550 -0.2897
vn 0.0848 0.9189 -0.3852
vn 0.1128 0.8513 -0.5124
vn 0.1504 0.7145 -0.6833
vn 0.1932 0.4388 -0.8776
vn 0.2081 0.2504 -0.9455
vn 0.6998 0.7119 0.0580
vn 0.6807 0.7119 -0.1724
vn 0.0210 0.9987 -0.0455
vn 0.0423 0.9949 -0.0915
vn 0.0656 0.9877 -0.1418
vn 0.0923 0.9755 -0.1996
vn 0.1246 0.9550 -0.2693
vn 0.1656 0.9189 -0.3579
vn 0.2203 0.8513 -0.4762
vn 0.2938 0.7145 -0.6350
vn 0.3773 0.4388 -0.8155
vn 0.4065 0.2504 -0.8787
vn 0.2280 0.7119 -0.6642
vn -0.0000 0.7119 -0.7022
vn 0.6431 -0.7119 0.2821
vn 0.0303 0.9987 -0.0399
vn 0.0610 0.9949 -0.0802
vn 0.0946 0.9877 -0.1244
vn 0.1331 0.9755 -0.1750
vn 0.1795 0.9550 -0.2362
vn 0.2387 0.9189 -0.3140
vn 0.3175 0.8513 -0.4177
vn 0.4234 0.7145 -0.5570
vn 0.5438 0.4388 -0.7154
vn 0.5859 0.2504 -0.7707
vn 0.1156 0.7119 0.6927
vn 0.0382 0.9987 -0.0324
vn 0.0768 0.9949 -0.0653
vn 0.1191 0.9877 -0.1012
vn 0.1676 0.9755 -0.1424
vn 0.2261 0.9550 -0.1921
vn 0.3006 0.9189 -0.2553
vn 0.3999 0.8513 -0.3397
vn 0.5332 0.7145 -0.4529
vn 0.6849 0.4388 -0.5817
vn 0.7379 0.2504 -0.6268
vn 0.1156 -0.7119 0.6927
vn 0.6807 -0.7119 -0.1724
vn 0.6998 -0.7119 0.0580
vn 0.0443 0.9987 -0.0235
vn 0.0891 0.9949 -0.0472
vn 0.1381 0.9877 -0.0732
vn 0.1943 0.9755 -0.1030
vn 0.2621 0.9550 -0.1390
vn 0.3484 0.9189 -0.1847
vn 0.4636 0.8513 -0.2458
vn 0.6181 0.7145 -0.3277
vn 0.7939 0.4388 -0.4209
vn 0.8554 0.2504 -0.4535
vn -0.4978 -0.7101 -0.4979
vn -0.6431 0.7119 0.2821
vn -0.5167 0.7119 0.4756
vn -0.5166 0.7119 0.4756
vn -0.5879 0.7119 -0.3841
vn -0.3342 0.7119 0.6176
vn 0.0483 0.9987 -0.0134
vn -0.1156 0.7119 0.6927
vn 0.0971 0.9949 -0.0270
vn 0.1506 0.9877 -0.0418
vn 0.2119 0.9755 -0.0588
vn 0.2859 0.9550 -0.0794
vn 0.3800 0.9189 -0.1055
vn 0.5056 0.8513 -0.1404
vn 0.6741 0.7145 -0.1872
vn 0.8658 0.4388 -0.2404
vn 0.9329 0.2504 -0.2590
vn -0.1156 -0.7119 0.6927
vn -0.3342 -0.7119 0.6176
vn 0.0500 0.9987 -0.0027
vn 0.1007 0.9949 -0.0055
vn 0.1560 0.9877 -0.0085
vn 0.2196 0.9755 -0.0119
vn 0.2962 0.9550 -0.0161
vn 0.3938 0.9189 -0.0214
vn 0.5239 0.8513 -0.0284
vn 0.6986 0.7145 -0.0379
vn 0.8973 0.4388 -0.0486
vn 0.9667 0.2504 -0.0524
vn -0.3971 -0.7546 -0.5224
vn -0.4543 0.6606 -0.5977
vn -0.5167 -0.7119 0.4756
vn -0.6431 -0.7119 0.2821
vn -0.5722 0.6606 -0.4860
vn 0.0494 0.9987 0.0081
vn -0.6633 0.6606 -0.3517
vn 0.0995 0.9949 0.0163
vn 0.1542 0.9877 0.0253
vn 0.2170 0.9755 0.0356
vn 0.2928 0.9550 0.0480
vn 0.3892 0.9189 0.0638
vn 0.5178 0.8513 0.0849
vn 0.6904 0.7145 0.1132
vn 0.8867 0.4388 0.1454
vn 0.9554 0.2504 0.1566
vn -0.2755 -0.7546 -0.5956
vn -0.3152 0.6606 -0.6814
vn -0.1411 -0.7546 -0.6409
vn -0.0000 -0.7546 -0.6562
vn 0.1614 0.6606 -0.7332
vn -0.1614 0.6606 -0.7332
vn 0.0465 0.9987 0.0185
vn -0.0000 0.6606 -0.7507
vn 0.0936 0.9949 0.0373
vn 0.1452 0.9877 0.0578
vn 0.2043 0.9755 0.0814
vn 0.2756 0.9550 0.1098
vn 0.3664 0.9189 0.1460
vn 0.4874 0.8513 0.1942
vn 0.6499 0.7145 0.2590
vn 0.8348 0.4388 0.3326
vn 0.8994 0.2504 0.3584
vn 0.1411 -0.7546 -0.6409
vn 0.3152 0.6606 -0.6814
vn 0.4848 -0.7092 0.5118
vn 0.2755 -0.7546 -0.5956
vn 0.0415 0.9987 0.0281
vn 0.4848 0.7092 0.5118
vn 0.0834 0.9949 0.0566
vn 0.1293 0.9877 0.0877
vn 0.1820 0.9755 0.1234
vn 0.2456 0.9550 0.1665
vn 0.3264 0.9189 0.2213
vn 0.4343 0.8513 0.2945
vn 0.5791 0.7145 0.3926
vn 0.7437 0.4388 0.5043
vn 0.8013 0.2504 0.5433
vn 0.5798 -0.7546 -0.3074
vn 0.3635 -0.7092 0.6041
vn 0.4543 0.6606 -0.5977
vn 0.3971 -0.7546 -0.5224
vn 0.5001 -0.7546 -0.4248
vn 0.5722 0.6606 -0.4860
vn 0.0345 0.9987 0.0364
vn 0.6323 -0.7546 -0.1756
vn 0.0693 0.9949 0.0732
vn 0.1075 0.9877 0.1134
vn 0.1512 0.9755 0.1596
vn 0.2040 0.9550 0.2154
vn 0.2712 0.9189 0.2863
vn 0.3608 0.8513 0.3809
vn 0.4811 0.7145 0.5079
vn 0.6180 0.4388 0.6524
vn 0.6658 0.2504 0.7029
vn 0.3635 0.7092 0.6041
vn 0.5835 0.7092 0.3957
vn 0.6633 0.6606 -0.3517
vn 0.2251 -0.7092 0.6681
vn 0.0258 0.9987 0.0429
vn 0.6476 -0.7546 0.1062
vn 0.0520 0.9949 0.0864
vn 0.0806 0.9877 0.1339
vn 0.1134 0.9755 0.1884
vn 0.1530 0.9550 0.2542
vn 0.2033 0.9189 0.3379
vn 0.2705 0.8513 0.4496
vn 0.3607 0.7145 0.5995
vn 0.4633 0.4388 0.7699
vn 0.4991 0.2504 0.8296
vn 0.6552 -0.7546 -0.0355
vn 0.7234 0.6606 -0.2008
vn 0.7496 0.6606 -0.0406
vn 0.5373 0.7092 -0.4564
vn 0.2251 0.7092 0.6681
vn 0.0762 -0.7092 0.7009
vn 0.0160 0.9987 0.0475
vn 0.7409 0.6606 0.1215
vn 0.0322 0.9949 0.0955
vn 0.0499 0.9877 0.1481
vn 0.0702 0.9755 0.2084
vn 0.0947 0.9550 0.2811
vn 0.1259 0.9189 0.3737
vn 0.1675 0.8513 0.4972
vn 0.2234 0.7145 0.6630
vn 0.2869 0.4388 0.8515
vn 0.3091 0.2504 0.9175
vn 0.4513 -0.7546 0.4764
vn 0.0762 0.7092 0.7009
vn 0.6096 -0.7546 0.2429
vn 0.5431 -0.7546 0.3683
vn 0.6214 0.6606 0.4213
vn 0.0054 0.9987 0.0498
vn 0.0109 0.9949 0.1002
vn 0.0169 0.9877 0.1553
vn 0.0238 0.9755 0.2186
vn 0.0321 0.9550 0.2949
vn 0.0426 0.9189 0.3921
vn 0.0567 0.8513 0.5216
vn 0.0756 0.7145 0.6955
vn 0.0972 0.4388 0.8933
vn 0.1047 0.2504 0.9625
vn 0.6974 0.6606 0.2779
vn 0.5373 -0.7092 -0.4564
vn -0.0762 -0.7092 0.7009
vn 0.3383 -0.7546 0.5623
vn 0.5163 0.6606 0.5450
vn 0.6550 0.7092 0.2610
vn -0.0054 0.9987 0.0498
vn -0.0762 0.7092 0.7009
vn -0.0109 0.9949 0.1002
vn -0.0169 0.9877 0.1553
vn -0.0238 0.9755 0.2186
vn -0.0321 0.9550 0.2949
vn -0.0426 0.9189 0.3921
vn -0.0567 0.8513 0.5216
vn -0.0756 0.7145 0.6955
vn -0.0972 0.4388 0.8933
vn -0.1047 0.2504 0.9625
vn -0.2251 -0.7092 0.6681
vn 0.2095 -0.7546 0.6219
vn 0.3870 0.6606 0.6433
vn -0.2251 0.7092 0.6681
vn 0.0709 -0.7546 0.6524
vn -0.0160 0.9987 0.0475
vn 0.2397 0.6606 0.7114
vn -0.0322 0.9949 0.0955
vn -0.0499 0.9877 0.1481
vn -0.0702 0.9755 0.2084
vn -0.0947 0.9550 0.2811
vn -0.1259 0.9189 0.3737
vn -0.1675 0.8513 0.4972
vn -0.2234 0.7145 0.6630
vn -0.2869 0.4388 0.8515
vn -0.3091 0.2504 0.9175
vn -0.3635 -0.7092 0.6041
vn -0.0710 -0.7546 0.6524
vn -0.6807 0.7119 -0.1724
vn -0.6998 0.7119 0.0580
vn -0.0258 0.9987 0.0429
vn -0.3635 0.7092 0.6041
vn -0.0520 0.9949 0.0864
vn -0.0806 0.9877 0.1339
vn -0.1134 0.9755 0.1884
vn -0.1530 0.9550 0.2542
vn -0.2033 0.9189 0.3379
vn -0.2705 0.8513 0.4496
vn -0.3607 0.7145 0.5995
vn -0.4633 0.4388 0.7699
vn -0.4991 0.2504 0.8296
vn -0.4848 -0.7092 0.5118
vn -0.6323 -0.7546 -0.1756
vn -0.4848 0.7092 0.5118
vn -0.5835 -0.7092 0.3956
vn -0.4313 -0.7119 -0.5542
vn -0.2095 -0.7546 0.6219
vn -0.0345 0.9987 0.0364
vn -0.5001 -0.7546 -0.4248
vn -0.0693 0.9949 0.0732
vn -0.1075 0.9877 0.1134
vn -0.1512 0.9755 0.1596
vn -0.2040 0.9550 0.2154
vn -0.2712 0.9189 0.2863
vn -0.3608 0.8513 0.3809
vn -0.4811 0.7145 0.5079
vn -0.6180 0.4388 0.6524
vn -0.6658 0.2504 0.7029
vn -0.5798 -0.7546 -0.3074
vn -0.6998 -0.7119 0.0580
vn 0.5835 -0.7092 0.3957
vn -0.7234 0.6606 -0.2008
vn -0.1516 -0.7092 -0.6885
vn 0.6229 -0.7092 -0.3302
vn -0.1516 0.7092 -0.6885
vn 0.6229 0.7092 -0.3302
vn -0.0415 0.9987 0.0281
vn 0.4267 0.7092 -0.5613
vn -0.0834 0.9949 0.0566
vn -0.1293 0.9877 0.0877
vn -0.1820 0.9755 0.1234
vn -0.2456 0.9550 0.1665
vn -0.3264 0.9189 0.2213
vn -0.4343 0.8513 0.2945
vn -0.5791 0.7145 0.3926
vn -0.7437 0.4388 0.5043
vn -0.8013 0.2504 0.5433
vn 0.0812 0.6606 0.7463
vn 0.6957 0.7092 0.1141
vn -0.0000 -0.7092 -0.7050
vn 0.5835 0.7092 0.3956
vn -0.5835 0.7092 0.3957
vn -0.0465 0.9987 0.0185
vn -0.5835 0.7092 0.3956
vn -0.0936 0.9949 0.0373
vn -0.1452 0.9877 0.0578
vn -0.2043 0.9755 0.0814
vn -0.2756 0.9550 0.1098
vn -0.3664 0.9189 0.1460
vn -0.4874 0.8513 0.1942
vn -0.6499 0.7145 0.2590
vn -0.8348 0.4388 0.3326
vn -0.8994 0.2504 0.3583
vn 0.6550 -0.7092 0.2610
vn 0.6793 -0.7092 -0.1886
vn -0.0812 0.6606 0.7463
vn -0.7496 0.6606 -0.0406
vn -0.0000 0.7092 -0.7050
vn -0.0494 0.9987 0.0081
vn 0.5835 -0.7092 0.3956
vn -0.0995 0.9949 0.0163
vn -0.1542 0.9877 0.0253
vn -0.2170 0.9755 0.0356
vn -0.2928 0.9550 0.0480
vn -0.3892 0.9189 0.0638
vn -0.5178 0.8513 0.0849
vn -0.6904 0.7145 0.1132
vn -0.8867 0.4388 0.1454
vn -0.9554 0.2503 0.1566
vn -0.5835 -0.7092 0.3957
vn 0.4267 -0.7092 -0.5613
vn -0.6550 -0.7092 0.2610
vn -0.7409 0.6606 0.1215
vn -0.0500 0.9987 -0.0027
vn -0.5879 -0.7119 -0.3841
vn -0.1006 0.9949 -0.0055
vn -0.1560 0.9877 -0.0085
vn -0.2196 0.9755 -0.0119
vn -0.2962 0.9550 -0.0161
vn -0.3938 0.9189 -0.0214
vn -0.5239 0.8513 -0.0284
vn -0.6986 0.7145 -0.0379
vn -0.8973 0.4388 -0.0486
vn -0.9667 0.2504 -0.0524
vn -0.6807 -0.7119 -0.1724
vn 0.7040 0.7092 -0.0382
vn 0.6793 0.7092 -0.1886
vn -0.6974 0.6606 0.2779
vn -0.6550 0.7092 0.2610
vn -0.6552 -0.7546 -0.0355
vn -0.0483 0.9987 -0.0134
vn -0.6476 -0.7546 0.1062
vn -0.0971 0.9949 -0.0270
vn -0.1506 0.9877 -0.0418
vn -0.2119 0.9755 -0.0588
vn -0.2859 0.9550 -0.0794
vn -0.3800 0.9189 -0.1055
vn -0.5056 0.8513 -0.1404
vn -0.6741 0.7145 -0.1872
vn -0.8658 0.4388 -0.2404
vn -0.9329 0.2504 -0.2590
vn -0.6957 -0.7092 0.1141
vn -0.6214 0.6606 0.4213
vn 0.1516 -0.7092 -0.6885
vn 0.2960 -0.7092 -0.6399
vn -0.6096 -0.7546 0.2429
vn -0.0443 0.9987 -0.0235
vn -0.6957 0.7092 0.1141
vn -0.0891 0.9949 -0.0472
vn -0.1381 0.9877 -0.0732
vn -0.1943 0.9755 -0.1030
vn -0.2621 0.9550 -0.1390
vn -0.3484 0.9189 -0.1847
vn -0.4636 0.8513 -0.2458
vn -0.6181 0.7145 -0.3277
vn -0.7939 0.4388 -0.4209
vn -0.8554 0.2503 -0.4535
vn -0.7040 -0.7092 -0.0382
vn -0.2397 0.6606 0.7114
vn -0.7040 0.7092 -0.0382
vn -0.0382 0.9987 -0.0324
vn -0.0768 0.9949 -0.0653
vn -0.1191 0.9877 -0.1012
vn -0.1676 0.9755 -0.1424
vn -0.2261 0.9550 -0.1921
vn -0.3006 0.9189 -0.2553
vn -0.3999 0.8513 -0.3397
vn -0.5332 0.7145 -0.4529
vn -0.6849 0.4388 -0.5817
vn -0.7379 0.2503 -0.6268
vn -0.6793 -0.7092 -0.1886
vn -0.3870 0.6606 0.6433
vn -0.5163 0.6606 0.5450
vn -0.0303 0.9987 -0.0399
vn 0.7040 -0.7092 -0.0382
vn -0.0610 0.9949 -0.0802
vn -0.0946 0.9877 -0.1244
vn -0.1331 0.9755 -0.1751
vn -0.1795 0.9550 -0.2362
vn -0.2387 0.9189 -0.3140
vn -0.3175 0.8513 -0.4177
vn -0.4234 0.7145 -0.5570
vn -0.5438 0.4388 -0.7153
vn -0.5859 0.2503 -0.7707
vn 0.6957 -0.7092 0.1141
vn -0.6793 0.7092 -0.1886
vn -0.6229 -0.7092 -0.3302
vn -0.5431 -0.7546 0.3683
vn -0.6229 0.7092 -0.3302
vn -0.0210 0.9987 -0.0455
vn -0.0423 0.9949 -0.0915
vn -0.0656 0.9877 -0.1418
vn -0.0923 0.9755 -0.1996
vn -0.1246 0.9550 -0.2693
vn -0.1656 0.9189 -0.3579
vn -0.2203 0.8513 -0.4762
vn -0.2938 0.7145 -0.6350
vn -0.3773 0.4388 -0.8155
vn -0.4065 0.2503 -0.8787
vn -0.5373 -0.7092 -0.4564
vn 0.1516 0.7092 -0.6885
vn 0.2960 0.7092 -0.6399
vn -0.5373 0.7092 -0.4564
vn -0.0108 0.9987 -0.0489
vn -0.0217 0.9949 -0.0984
vn -0.0336 0.9877 -0.1526
vn -0.0473 0.9755 -0.2147
vn -0.0638 0.9550 -0.2897
vn -0.0848 0.9189 -0.3852
vn -0.1128 0.8513 -0.5124
vn -0.1504 0.7145 -0.6833
vn -0.1932 0.4388 -0.8776
vn -0.2081 0.2503 -0.9455
vn -0.3383 -0.7546 0.5623
vn -0.4513 -0.7546 0.4764
vn -0.2960 -0.7092 -0.6399
vn -0.4267 -0.7092 -0.5613
vn -0.0000 0.9987 -0.0501
vn -0.0000 0.9949 -0.1008
vn -0.0000 0.9877 -0.1563
vn -0.0000 0.9755 -0.2199
vn -0.0000 0.9550 -0.2967
vn -0.0000 0.9189 -0.3944
vn -0.0000 0.8513 -0.5247
vn -0.0000 0.7145 -0.6996
vn -0.0000 0.2503 -0.9682
vn -0.4267 0.7092 -0.5613
vn -0.2960 0.7092 -0.6399
vn -0.0709 -0.7546 0.6524
vn -0.2130 -0.1338 -0.9678
vn -0.4161 -0.1338 -0.8994
vn 0.3233 0.0942 -0.9416
vn 0.3190 0.1871 -0.9291
vn 0.3013 0.3727 -0.8777
vn 0.2705 0.5530 -0.7880
vn 0.2251 0.7208 -0.6556
vn 0.1640 0.8630 -0.4778
vn 0.0888 0.9618 -0.2588
vn 0.9868 -0.0000 0.1618
vn -0.5997 -0.1338 -0.7889
vn -0.7553 -0.1338 -0.6416
vn 0.6115 0.0942 -0.7856
vn 0.6034 0.1871 -0.7752
vn 0.5700 0.3727 -0.7323
vn 0.5117 0.5530 -0.6575
vn 0.4257 0.7208 -0.5470
vn 0.3103 0.8630 -0.3987
vn 0.1681 0.9618 -0.2159
vn -0.8756 -0.1338 -0.4642
vn 0.8334 0.0942 -0.5445
vn 0.8224 0.1871 -0.5373
vn 0.7769 0.3727 -0.5076
vn 0.6975 0.5530 -0.4557
vn 0.5803 0.7208 -0.3791
vn 0.4230 0.8630 -0.2763
vn 0.2291 0.9618 -0.1497
vn 0.9985 -0.0000 -0.0541
vn -0.9549 -0.1338 -0.2651
vn -0.9896 -0.1338 -0.0537
vn 0.9651 0.0942 -0.2444
vn 0.9523 0.1871 -0.2411
vn 0.8996 0.3727 -0.2278
vn 0.8077 0.5530 -0.2045
vn 0.6719 0.7208 -0.1702
vn 0.4898 0.8630 -0.1240
vn 0.2653 0.9618 -0.0672
vn -0.9780 -0.1338 0.1603
vn 0.9922 0.0942 0.0822
vn 0.9790 0.1871 0.0811
vn 0.9248 0.3727 0.0766
vn 0.8303 0.5530 0.0688
vn 0.6908 0.7208 0.0572
vn 0.5035 0.8630 0.0417
vn 0.2727 0.9618 0.0226
vn 0.9635 -0.0000 -0.2675
vn -0.9206 -0.1338 0.3668
vn -0.8202 -0.1338 0.5561
vn 0.9117 0.0942 0.3999
vn 0.8996 0.1871 0.3946
vn 0.8498 0.3727 0.3728
vn 0.7630 0.5530 0.3347
vn 0.6348 0.7208 0.2784
vn 0.4627 0.8630 0.2029
vn 0.2506 0.9618 0.1099
vn 0.9636 -0.0000 -0.2675
vn -0.6815 -0.1338 0.7195
vn 0.7324 0.0942 0.6743
vn 0.7227 0.1871 0.6653
vn 0.6827 0.3727 0.6285
vn 0.6130 0.5530 0.5643
vn 0.5100 0.7208 0.4695
vn 0.3717 0.8630 0.3422
vn 0.2013 0.9618 0.1853
vn 0.8835 -0.0000 -0.4684
vn -0.5109 -0.1338 0.8492
vn -0.3164 -0.1338 0.9391
vn 0.4738 0.0942 0.8756
vn 0.4675 0.1871 0.8639
vn 0.4417 0.3727 0.8161
vn 0.3965 0.5530 0.7327
vn 0.3299 0.7208 0.6096
vn 0.2405 0.8630 0.4443
vn 0.1302 0.9618 0.2407
vn -0.1071 -0.1338 0.9852
vn 0.1639 0.0942 0.9820
vn 0.1617 0.1871 0.9689
vn 0.1527 0.3727 0.9153
vn 0.1371 0.5530 0.8218
vn 0.1141 0.7208 0.6837
vn 0.0832 0.8630 0.4983
vn 0.0450 0.9618 0.2699
vn 0.7622 -0.0000 -0.6474
vn 0.1071 -0.1338 0.9852
vn 0.3164 -0.1338 0.9391
vn -0.1639 0.0942 0.9820
vn -0.1617 0.1871 0.9689
vn -0.1527 0.3727 0.9153
vn -0.1371 0.5530 0.8218
vn -0.1141 0.7208 0.6837
vn -0.0832 0.8630 0.4983
vn -0.0450 0.9618 0.2699
vn 0.5109 -0.1338 0.8492
vn -0.4738 0.0942 0.8756
vn -0.4675 0.1871 0.8639
vn -0.4417 0.3727 0.8161
vn -0.3965 0.5530 0.7327
vn -0.3299 0.7208 0.6096
vn -0.2405 0.8630 0.4443
vn -0.1302 0.9618 0.2407
vn 0.6052 -0.0000 -0.7961
vn 0.6815 -0.1338 0.7195
vn 0.8202 -0.1338 0.5561
vn -0.7325 0.0942 0.6743
vn -0.7227 0.1871 0.6653
vn -0.6827 0.3727 0.6285
vn -0.6130 0.5530 0.5643
vn -0.5100 0.7208 0.4694
vn -0.3717 0.8630 0.3422
vn -0.2013 0.9618 0.1853
vn 0.9206 -0.1338 0.3668
vn -0.9117 0.0942 0.3999
vn -0.8996 0.1871 0.3946
vn -0.8498 0.3727 0.3728
vn -0.7630 0.5530 0.3347
vn -0.6348 0.7208 0.2784
vn -0.4627 0.8630 0.2029
vn -0.2506 0.9618 0.1099
vn 0.4199 -0.0000 -0.9076
vn 0.9780 -0.1338 0.1603
vn 0.9896 -0.1338 -0.0537
vn -0.9922 0.0942 0.0822
vn -0.9790 0.1871 0.0811
vn -0.9248 0.3727 0.0766
vn -0.8303 0.5530 0.0688
vn -0.6908 0.7208 0.0572
vn -0.5035 0.8630 0.0417
vn -0.2727 0.9618 0.0226
vn 0.9549 -0.1338 -0.2651
vn -0.9651 0.0942 -0.2444
vn -0.9523 0.1871 -0.2411
vn -0.8996 0.3727 -0.2278
vn -0.8077 0.5530 -0.2045
vn -0.6719 0.7208 -0.1702
vn -0.4898 0.8630 -0.1240
vn -0.2653 0.9618 -0.0672
vn 0.2150 -0.0000 -0.9766
vn 0.8756 -0.1338 -0.4642
vn 0.7553 -0.1338 -0.6416
vn -0.8334 0.0942 -0.5445
vn -0.8224 0.1871 -0.5373
vn -0.7769 0.3727 -0.5076
vn -0.6975 0.5530 -0.4557
vn -0.5803 0.7208 -0.3791
vn -0.4230 0.8630 -0.2763
vn -0.2291 0.9618 -0.1497
vn 0.5997 -0.1338 -0.7889
vn -0.6115 0.0942 -0.7856
vn -0.6034 0.1871 -0.7752
vn -0.5700 0.3727 -0.7323
vn -0.5117 0.5530 -0.6575
vn -0.4257 0.7208 -0.5470
vn -0.3103 0.8630 -0.3987
vn -0.1681 0.9618 -0.2159
vn -0.0000 -0.0000 -1.0000
vn 0.4161 -0.1338 -0.8994
vn 0.2130 -0.1338 -0.9678
vn -0.3233 0.0942 -0.9416
vn -0.3190 0.1871 -0.9291
vn -0.3013 0.3727 -0.8777
vn -0.2705 0.5530 -0.7880
vn -0.2251 0.7208 -0.6556
vn -0.1640 0.8630 -0.4779
vn -0.0888 0.9618 -0.2588
vn -0.0000 -0.1338 -0.9910
vn -0.0000 0.0942 -0.9956
vn -0.0000 0.1871 -0.9823
vn -0.0000 0.3727 -0.9280
vn -0.0000 0.5530 -0.8332
vn -0.0000 0.7208 -0.6931
vn -0.0000 0.8630 -0.5052
vn -0.0000 0.9618 -0.2737
vn 0.3193 -0.0000 0.9477
vn 0.1081 -0.0000 0.9941
vn -0.1081 -0.0000 0.9941
vn -0.3193 -0.0000 0.9477
vn -0.5156 -0.0000 0.8569
vn -0.6877 -0.0000 0.7260
vn -0.8277 -0.0000 0.5612
vn -0.9290 -0.0000 0.3701
vn -0.9868 -0.0000 0.1618
vn -0.9985 -0.0000 -0.0541
vn -0.9635 -0.0000 -0.2675
vn -0.9636 -0.0000 -0.2675
vn -0.8835 -0.0000 -0.4684
vn -0.7622 -0.0000 -0.6474
vn -0.6052 -0.0000 -0.7961
vn -0.4199 -0.0000 -0.9076
vn -0.2150 -0.0000 -0.9766
vn 0.7071 -0.0000 0.7071
vn -0.3247 -0.0000 -0.9458
vn -0.6142 -0.0000 -0.7891
vn -0.8372 -0.0000 -0.5469
vn -0.9694 -0.0000 -0.2455
vn 0.8660 -0.0000 0.5000
vn 0.9659 -0.0000 0.2588
vn 1.0000 -0.0000 -0.0000
vn 0.9659 -0.0000 -0.2588
vn 0.8660 -0.0000 -0.5000
vn -0.9966 -0.0000 0.0826
vn 0.7071 -0.0000 -0.7071
vn 0.5000 -0.0000 -0.8660
vn 0.2588 -0.0000 -0.9659
vn 0.0001 1.0000 -0.0000
vn -0.9158 -0.0000 0.4017
vn -0.2588 -0.0000 -0.9659
vn -0.5000 -0.0000 -0.8660
vn -0.7071 -0.0000 -0.7071
vn -0.8660 -0.0000 -0.5000
vn -0.9659 -0.0000 -0.2588
vn -0.7357 -0.0000 0.6773
vn -1.0000 -0.0000 -0.0000
vn -0.9659 -0.0000 0.2588
vn -0.8660 -0.0000 0.5000
vn -0.7071 -0.0000 0.7071
vn -0.4759 -0.0000 0.8795
vn -0.5000 -0.0000 0.8660
vn -0.2588 -0.0000 0.9659
vn -0.0000 -0.0000 1.0000
vn 0.2588 -0.0000 0.9659
vn 0.5000 -0.0000 0.8660
vn -0.1646 -0.0000 0.9864
vn 0.1646 -0.0000 0.9864
vn 0.4759 -0.0000 0.8795
vn 0.7357 -0.0000 0.6773
vn 0.9158 -0.0000 0.4017
vn 0.0002 1.0000 -0.0000
vn 0.9966 -0.0000 0.0826
vn 0.9694 -0.0000 -0.2455
vn -0.0002 1.0000 -0.0000
vn 0.8372 -0.0000 -0.5469
vn 0.6142 -0.0000 -0.7891
vn 0.3247 -0.0000 -0.9458
vn 0.3520 0.7101 -0.6097
vn 0.5879 0.7119 -0.3841
vn 0.6801 -0.7101 0.1822
vn 0.6801 0.7101 0.1822
vn 0.6097 0.7101 0.3520
vn 0.4978 0.7101 -0.4978
vn 0.4979 0.7101 -0.4978
vn 0.5879 -0.7119 -0.3841
vn 0.4978 -0.7101 -0.4978
vn 0.4979 -0.7101 -0.4978
vn 0.6097 -0.7101 0.3520
vn -0.4979 -0.7101 -0.4978
vn -0.4979 0.7101 -0.4978
vn -0.4978 -0.7101 0.4979
vn 0.4979 0.7101 0.4978
vn 0.4979 -0.7101 0.4978
vn 0.4978 -0.7101 -0.4979
vn -0.2280 0.7119 -0.6642
vn -0.2280 -0.7119 -0.6642
vn -0.4313 0.7119 -0.5542
vt 0.112234 0.509883
vt 0.283825 0.613478
vt 0.145310 0.660150
vt -0.000000 0.813173
vt 0.200002 0.908618
vt 0.000000 0.930370
vt 0.492111 0.647361
vt 0.341442 0.738016
vt 0.220271 1.000702
vt 0.390652 0.844381
vt 0.430243 0.929954
vt -0.000000 0.355370
vt -0.000000 0.522089
vt 0.034380 -0.031649
vt 0.043366 -0.080134
vt 0.067036 -0.061711
vt -0.415092 -1.231949
vt -0.642216 -1.067371
vt -0.397748 -1.180474
vt 0.247216 1.550000
vt 0.476928 1.604752
vt 0.482872 1.550000
vt -0.000000 1.057225
vt -0.214042 0.972403
vt -0.227272 1.032508
vt -0.000000 1.024658
vt 0.235116 1.068145
vt -0.000000 1.093715
vt 0.563036 0.740661
vt 0.040305 5.305872
vt -0.015624 5.258471
vt 0.046447 5.258471
vt 0.046570 -0.003859
vt 0.083441 -0.036601
vt 0.090804 -0.007524
vt -0.000000 0.675953
vt 0.174808 0.794161
vt 0.415092 -1.231949
vt 0.642216 -1.067371
vt 0.670220 -1.113914
vt 0.695950 1.550000
vt 0.076394 0.347061
vt 0.219220 0.473835
vt 0.038673 0.175694
vt -0.119051 -0.052220
vt -0.055366 -0.050968
vt -0.095644 -0.088047
vt 0.149216 0.322525
vt 0.315955 0.415632
vt -0.140555 -1.292379
vt 0.134682 -1.238379
vt 0.140555 -1.292379
vt 0.620096 0.815723
vt 0.032142 5.345458
vt -0.013558 5.305872
vt 0.235116 1.658156
vt 0.244172 1.604752
vt 0.000000 0.000000
vt 0.042794 -0.018771
vt 0.045299 0.011471
vt 0.088327 0.022368
vt 0.050259 5.205630
vt -0.017342 5.150000
vt 0.051552 5.150000
vt 0.397748 -1.180474
vt -1.043298 -0.171040
vt -0.994221 0.053905
vt -0.982565 -0.161083
vt 0.856655 -0.904359
vt 0.409069 0.538122
vt -0.126022 0.031913
vt -0.063000 0.041160
vt -0.108832 0.071103
vt -0.000000 1.658156
vt 0.000000 1.604752
vt 0.459239 0.992629
vt 0.661888 0.870699
vt -0.082241 5.205630
vt -0.016907 5.205630
vt -0.517209 1.346480
vt -0.254671 1.400000
vt -0.264795 1.346480
vt 0.075538 0.163273
vt 0.000000 0.179900
vt -0.084356 5.150000
vt 0.119905 -0.052595
vt 0.130486 -0.010812
vt -0.129556 -0.010735
vt -0.068915 -0.030229
vt -0.000000 1.550000
vt -0.076002 5.258471
vt -0.418076 0.903656
vt -0.443918 0.959512
vt 0.022241 -0.041097
vt 0.154502 5.150000
vt 0.097443 5.205630
vt 0.099949 5.150000
vt 0.108871 0.143217
vt 0.126926 0.032142
vt 0.459239 1.658156
vt 0.687382 1.604752
vt 0.215061 0.282907
vt 0.709092 0.602308
vt -0.670220 -1.113914
vt 0.329535 1.346480
vt 0.064137 1.400000
vt 0.316936 1.400000
vt 0.780955 0.663349
vt -0.856655 -0.904359
vt 0.076279 0.049836
vt 0.109613 0.071613
vt 0.833588 0.708056
vt 0.137113 0.116465
vt 0.039120 0.025559
vt 0.687382 0.904236
vt 0.865695 0.735328
vt 0.270849 0.230061
vt -0.134682 -1.238379
vt 0.876486 1.550000
vt 0.397917 0.337993
vt 0.071613 5.345458
vt 0.089800 5.305872
vt 0.111979 5.205630
vt 0.114859 5.150000
vt 0.515186 0.437603
vt 0.619769 0.526437
vt -0.035817 -0.066183
vt -0.061873 -0.114332
vt 0.735328 1.604752
vt 0.512305 1.658156
vt 0.532038 1.604752
vt 0.158944 0.084267
vt 0.313973 0.166458
vt 0.080421 0.103324
vt 0.137450 0.089800
vt 0.100844 0.129565
vt 0.538670 1.550000
vt 0.744494 1.550000
vt 0.461272 0.244551
vt -1.075996 -0.729543
vt -1.031037 -0.699060
vt 0.597213 0.316622
vt 0.718448 0.380897
vt -1.207670 -0.481180
vt -1.229272 -0.201529
vt -1.157209 -0.461074
vt 0.821993 0.435793
vt 0.103484 5.258471
vt 0.062317 -0.115152
vt 0.096330 -0.088678
vt 0.905297 0.479958
vt 0.129565 5.305872
vt 0.149308 5.258471
vt 0.966310 0.512305
vt 0.028702 0.036876
vt 0.783533 0.217547
vt 0.042514 5.345458
vt 0.100844 5.305872
vt 0.053311 5.305872
vt 0.896458 0.248900
vt -0.894009 -0.943794
vt 0.576974 1.346480
vt 0.554915 1.400000
vt 0.987309 0.274125
vt -0.990811 0.841602
vt -1.100575 0.583488
vt -1.148566 0.608931
vt 1.053849 0.292600
vt 0.173342 0.048128
vt 0.292600 1.658156
vt 0.303870 1.604752
vt 0.342416 0.095071
vt 0.307658 1.550000
vt 0.503059 0.139674
vt 0.651315 0.180837
vt 0.029585 0.086179
vt 0.042514 0.123839
vt 0.179636 0.009740
vt 0.059213 1.658156
vt 0.061493 1.604752
vt 0.354848 0.019239
vt 0.062260 1.550000
vt 0.521323 0.028265
vt -0.229810 0.229810
vt -0.234289 0.135267
vt -0.281458 0.162500
vt 0.674962 0.036595
vt 0.811980 0.044024
vt 0.929005 0.050369
vt 0.078143 -0.144396
vt 0.120795 -0.111199
vt 1.023155 0.055474
vt -0.191296 0.191296
vt 1.092111 0.059213
vt 0.802460 -0.131557
vt 0.918113 -0.150517
vt -0.000000 0.046729
vt 0.015173 0.044197
vt -0.805777 0.684433
vt -0.879697 0.466386
vt -0.934071 0.495213
vt 1.011159 -0.165771
vt 1.079307 -0.176943
vt 0.177530 -0.029105
vt -0.176943 1.658156
vt -0.183759 1.604752
vt 0.350688 -0.057492
vt -0.186049 1.550000
vt 0.515211 -0.084465
vt -0.786727 1.034921
vt -0.949411 0.806437
vt -0.753854 0.991679
vt 0.055964 0.071903
vt 0.667048 -0.109357
vt 1.016036 -0.404826
vt 0.167123 -0.066588
vt -1.200276 0.333255
vt -0.404826 1.658156
vt -0.420418 1.604752
vt 0.330130 -0.131536
vt -0.425659 1.550000
vt 0.485009 -0.193245
vt 0.627945 -0.250196
vt 0.755419 -0.300986
vt 0.864292 -0.344365
vt -0.000000 0.130933
vt 0.120795 5.305872
vt 0.090051 5.258471
vt 0.139201 5.258471
vt 0.951883 -0.379265
vt 0.432127 -0.292990
vt 0.559479 -0.379336
vt -0.021397 -0.128227
vt -0.035817 -0.066183
vt 0.673054 -0.456342
vt 0.770057 -0.522111
vt 0.126022 0.031913
vt 0.074996 -0.006214
vt 0.072951 0.018474
vt 0.848098 -0.575025
vt 0.905256 -0.613779
vt 0.148901 -0.100957
vt -0.613779 1.658156
vt -0.637420 1.604752
vt 0.294136 -0.199429
vt -0.645365 1.550000
vt -0.000000 5.205630
vt 0.068187 5.150000
vt -0.000000 5.150000
vt -1.298093 0.070381
vt -1.252615 0.347787
vt 0.752147 -0.794032
vt 0.123717 -0.130606
vt 0.940124 -0.637420
vt 0.781118 -0.824616
vt 0.244387 -0.257997
vt -0.834895 1.550000
vt 0.359040 -0.379034
vt 0.161565 5.205630
vt 0.464853 -0.490739
vt 0.559219 -0.590360
vt 0.639815 -0.675444
vt 0.279462 1.269607
vt 0.000000 1.245682
vt 0.000000 1.300000
vt 0.704656 -0.743897
vt 0.061434 5.258471
vt 0.125751 5.205630
vt 0.066477 5.205630
vt -0.000000 5.305872
vt 0.348490 -0.579195
vt 0.165719 5.150000
vt 0.419234 -0.696773
vt 0.479656 -0.797194
vt -0.639805 0.841650
vt -0.602561 0.792655
vt 0.528266 -0.877985
vt 0.563869 -0.937158
vt 0.092748 -0.154148
vt 0.781118 1.604752
vt 0.563869 1.658156
vt 0.585588 1.604752
vt 0.183212 -0.304501
vt 0.592887 1.550000
vt 0.790854 1.550000
vt 0.269165 -0.447356
vt 0.327175 -0.971020
vt 0.349225 -1.036463
vt 0.057442 -0.170482
vt -1.243855 0.067440
vt 0.362676 1.604752
vt 0.113470 -0.336767
vt 0.367197 1.550000
vt 0.166704 -0.494759
vt 0.215833 -0.640569
vt 0.259647 -0.770606
vt -0.523048 1.130550
vt 0.297068 -0.881668
vt 0.124337 1.550000
vt 0.056448 -0.519029
vt 0.073083 -0.671991
vt 0.087920 -0.808406
vt 0.100591 -0.924916
vt -0.745439 0.980607
vt -0.902919 0.766947
vt -0.716939 0.943117
vt 0.110785 -1.018651
vt 0.118251 -1.087304
vt 0.019451 -0.178845
vt 0.349225 1.658156
vt 0.122806 1.604752
vt 0.038422 -0.353286
vt -0.087919 -0.808406
vt -0.100591 -0.924916
vt -0.138663 5.205630
vt -0.110785 -1.018651
vt -0.000000 5.258471
vt -0.118251 -1.087304
vt -0.019451 -0.178845
vt -0.118251 1.658156
vt -0.122806 1.604752
vt -0.038422 -0.353286
vt -0.124337 1.550000
vt -0.056448 -0.519029
vt -0.073083 -0.671991
vt -0.113470 -0.336767
vt -0.367197 1.550000
vt -0.166704 -0.494759
vt 0.116211 5.258471
vt -0.215833 -0.640569
vt -0.259647 -0.770606
vt -0.297068 -0.881668
vt -0.327175 -0.971020
vt -0.349225 -1.036463
vt -0.057442 -0.170482
vt -0.362676 1.604752
vt 0.128985 5.150000
vt -0.419234 -0.696773
vt -0.479656 -0.797194
vt -0.758871 0.644591
vt -0.528266 -0.877985
vt -0.563869 -0.937158
vt -0.092748 -0.154148
vt -0.563869 1.658156
vt -0.585588 1.604752
vt -0.183212 -0.304501
vt -0.592887 1.550000
vt -0.269165 -0.447356
vt -0.348490 -0.579195
vt -0.000000 0.091116
vt -0.781118 1.604752
vt -0.244387 -0.257997
vt -0.790854 1.550000
vt -0.359040 -0.379034
vt -0.464853 -0.490739
vt -0.559219 -0.590360
vt -0.639815 -0.675444
vt -0.704656 -0.743897
vt -0.752147 -0.794032
vt -0.123717 -0.130606
vt -0.673054 -0.456342
vt -0.770057 -0.522111
vt 1.148566 0.608931
vt 1.200276 0.333255
vt 1.252615 0.347787
vt -0.848098 -0.575025
vt -0.905256 -0.613779
vt -0.148901 -0.100957
vt -0.940124 -0.637420
vt -0.781118 -0.824616
vt -0.294135 -0.199429
vt -0.824616 1.604752
vt -0.645365 1.550000
vt -0.432127 -0.292990
vt -0.559479 -0.379336
vt -0.167123 -0.066588
vt -0.637420 1.604752
vt -0.404826 1.658156
vt -0.420418 1.604752
vt -0.330130 -0.131536
vt -0.425659 1.550000
vt -0.485009 -0.193245
vt -0.627945 -0.250196
vt -0.755419 -0.300986
vt -0.864292 -0.344365
vt -0.055366 -0.050968
vt -0.951883 -0.379265
vt -1.282874 -0.210317
vt -1.016036 -0.404826
vt -0.802461 -0.131557
vt -0.918113 -0.150517
vt -0.065952 5.305872
vt -0.128144 5.258471
vt -1.011159 -0.165771
vt -1.079307 -0.176943
vt -0.177530 -0.029105
vt -0.183759 1.604752
vt -0.350688 -0.057492
vt -0.186049 1.550000
vt -0.515211 -0.084465
vt -0.667048 -0.109357
vt -1.023155 0.055474
vt -1.092111 0.059213
vt -0.179636 0.009740
vt -0.176943 1.658156
vt 0.061493 1.604752
vt -0.354848 0.019239
vt 0.062260 1.550000
vt -0.521324 0.028265
vt -0.674962 0.036595
vt -0.811980 0.044024
vt -0.929005 0.050369
vt -0.142229 5.150000
vt -0.503059 0.139674
vt -0.651315 0.180837
vt -0.783533 0.217547
vt -0.896458 0.248900
vt -0.052595 5.345458
vt -0.111199 5.305872
vt -0.987309 0.274125
vt -1.053849 0.292600
vt -0.173342 0.048128
vt 0.303870 1.604752
vt -0.342416 0.095071
vt 0.307657 1.550000
vt -0.821993 0.435793
vt -0.905297 0.479958
vt -0.966310 0.512305
vt -0.158943 0.084267
vt 0.532038 1.604752
vt -0.313973 0.166458
vt 0.538669 1.550000
vt -0.461272 0.244551
vt -0.597213 0.316622
vt -0.718448 0.380897
vt -0.497435 1.075188
vt -0.517209 1.117929
vt -0.397917 0.337993
vt -0.515186 0.437603
vt -0.619770 0.526437
vt -0.709092 0.602308
vt 0.000000 1.346480
vt -0.000000 1.400000
vt -0.780955 0.663349
vt -0.833588 0.708056
vt -0.137113 0.116465
vt 0.708056 1.658156
vt 0.735328 1.604752
vt -0.270849 0.230061
vt 0.744494 1.550000
vt -0.010812 5.345458
vt -0.563036 0.740661
vt -0.620096 0.815723
vt -0.661888 0.870699
vt -0.108871 0.143217
vt -0.865695 0.735328
vt -0.687382 0.904236
vt -0.215061 0.282907
vt -0.865695 1.604752
vt -0.695950 1.550000
vt -0.876486 1.550000
vt -0.315955 0.415632
vt -0.409069 0.538122
vt -0.492112 0.647361
vt -0.687382 1.604752
vt -0.482872 1.550000
vt -0.219220 0.473835
vt -0.283825 0.613478
vt -0.341443 0.738016
vt -0.390652 0.844381
vt 1.100575 0.583488
vt -0.430243 0.929954
vt -0.459239 0.992629
vt -0.075538 0.163272
vt -0.459239 1.658156
vt -0.476928 1.604752
vt -0.149216 0.322525
vt -0.174808 0.794162
vt -0.200002 0.908618
vt 0.894009 -0.943794
vt -0.220271 1.000702
vt -0.235116 1.068145
vt -0.038673 0.175694
vt -0.235116 1.658156
vt -0.244172 1.604752
vt -0.076394 0.347061
vt -0.247216 1.550000
vt -0.112234 0.509883
vt -0.145310 0.660150
vt 0.150628 5.205630
vt -1.088288 0.576974
vt -0.938812 0.797434
vt -0.959389 0.266373
vt -1.018689 0.282838
vt 0.033698 5.205630
vt 0.034565 5.150000
vt 0.267785 1.216558
vt 0.021397 3.254000
vt -0.012386 3.200000
vt 0.012386 3.200000
vt 0.062317 5.345458
vt 0.027024 5.305872
vt 0.078143 5.305872
vt 0.066687 1.346480
vt -0.191660 1.400000
vt -1.055675 0.057237
vt 0.021551 -0.129147
vt 1.298093 0.070381
vt -0.199279 1.346480
vt -0.438496 1.400000
vt 0.014997 -0.089873
vt 0.007691 -0.046092
vt 0.031142 5.258471
vt -0.982138 -0.391320
vt -0.824115 -0.558764
vt -0.875054 -0.593301
vt -0.924965 -0.368540
vt -0.033698 5.205630
vt -0.034565 5.150000
vt -0.007691 -0.046092
vt 0.021551 5.345458
vt -0.027024 5.305872
vt -1.019526 -0.691256
vt -0.814705 -0.860073
vt -0.980548 -0.664828
vt -0.063000 0.041160
vt -0.072951 0.018474
vt -0.162500 0.281458
vt -0.070019 0.261316
vt -0.084116 0.313926
vt 1.243855 0.067440
vt -0.014997 -0.089873
vt -0.021551 -0.129147
vt -0.455927 1.346480
vt -0.664828 1.400000
vt -0.031142 5.258471
vt 0.545856 1.179848
vt -0.097443 5.205630
vt -0.099949 5.150000
vt -0.022241 -0.041097
vt -0.021551 5.345458
vt -0.078143 5.305872
vt -0.393308 1.346480
vt -0.610767 1.400000
vt -0.635046 1.346480
vt -0.545056 -0.905891
vt -0.684730 -0.722860
vt -0.513327 -0.853157
vt -0.012386 -0.074227
vt -0.727053 -0.767541
vt -0.043366 -0.080134
vt -0.062317 -0.115152
vt -0.635046 -1.055455
vt -0.847091 -0.894263
vt -0.090051 5.258471
vt 1.282874 -0.210317
vt -0.150628 5.205630
vt -0.154502 5.150000
vt -0.034380 -0.031649
vt -0.120794 -0.111199
vt -0.078143 -0.144396
vt 0.133178 1.346480
vt -0.128087 1.400000
vt -0.133178 1.346480
vt -0.337574 -1.001883
vt -0.107652 -0.989845
vt -0.114306 -1.051028
vt 0.000000 0.270534
vt -0.070019 0.261316
vt -0.317923 -0.943561
vt -0.096330 -0.088678
vt -0.378271 1.400000
vt -0.067036 -0.061711
vt -0.139201 5.258471
vt 1.229272 -0.201529
vt 0.523048 1.130550
vt -0.088678 5.345458
vt -0.065952 5.305872
vt 0.393307 1.346480
vt 0.610767 1.400000
vt 0.378271 1.400000
vt 0.786727 1.034921
vt -0.279462 1.269607
vt 0.107652 -0.989845
vt 0.114306 -1.051028
vt -0.119905 -0.052595
vt 0.128087 1.400000
vt -0.128144 5.258471
vt -0.082241 5.205630
vt -0.138663 5.205630
vt -0.083441 -0.036601
vt -0.076002 5.258471
vt 0.337574 -1.001883
vt 0.317923 -0.943561
vt -0.074996 -0.006214
vt -0.072951 0.018474
vt -0.042794 -0.018771
vt 1.019526 -0.691256
vt 0.814705 -0.860073
vt 0.847091 -0.894263
vt 0.753854 0.991679
vt -0.267785 1.216558
vt 1.207670 -0.481180
vt -0.090804 -0.007524
vt -0.130486 -0.010812
vt 0.635046 -1.055455
vt 0.610767 -1.015103
vt -0.016907 5.205630
vt -0.015624 5.258471
vt 0.545056 -0.905891
vt 0.684730 -0.722860
vt 0.727053 -0.767541
vt 0.513327 -0.853157
vt -0.017342 5.150000
vt -0.046570 -0.003859
vt -0.052595 5.345458
vt -0.013558 5.305872
vt -0.010812 5.345458
vt 0.040305 5.305872
vt -0.545856 1.179848
vt 0.982138 -0.391320
vt 0.824115 -0.558764
vt 0.924965 -0.368540
vt 1.157209 -0.461074
vt -0.126926 0.032142
vt -0.691256 1.346480
vt 0.050259 5.205630
vt -0.088327 0.022368
vt 0.046447 5.258471
vt 0.875054 -0.593301
vt -0.199279 1.346480
vt -0.045299 0.011471
vt 0.051552 5.150000
vt 0.949411 0.806437
vt 0.990811 0.841602
vt 1.031037 -0.699060
vt -0.079848 0.102588
vt 0.066687 1.346480
vt -0.076279 0.049835
vt -0.109613 0.071613
vt 1.043298 -0.171040
vt 0.994221 0.053905
vt 1.055675 0.057237
vt 0.111979 5.205630
vt 0.103484 5.258471
vt 0.329535 1.346480
vt 0.982565 -0.161083
vt -0.039120 0.025559
vt 0.032142 5.345458
vt 0.089800 5.305872
vt 1.075996 -0.729543
vt -0.055964 0.071903
vt -0.080421 0.103324
vt 0.934071 0.495213
vt 0.959389 0.266373
vt 0.879697 0.466386
vt 0.161565 5.205630
vt 0.149308 5.258471
vt 0.938812 0.797434
vt 1.046680 0.554915
vt 1.088288 0.576974
vt 1.018689 0.282838
vt -0.028702 0.036876
vt -0.100844 0.129565
vt -0.137450 0.089800
vt 0.805777 0.684433
vt 0.758871 0.644591
vt -0.029585 0.086179
vt -0.042514 0.123839
vt 0.602561 0.792655
vt 0.639805 0.841650
vt -0.116211 5.258471
vt -0.066477 5.205630
vt -0.125751 5.205630
vt -0.100844 5.305872
vt -0.061434 5.258471
vt 0.418076 0.903656
vt 0.443918 0.959512
vt 0.745439 0.980607
vt 0.902919 0.766947
vt -0.128985 5.150000
vt -0.068187 5.150000
vt -0.015173 0.044197
vt -0.080421 5.345458
vt -0.053311 5.305872
vt 0.517209 1.117929
vt 0.716939 0.943117
vt 0.227272 1.032508
vt 0.214042 0.972403
vt 0.000000 0.995682
vt 0.517209 1.346480
vt 0.254671 1.400000
vt 0.497435 1.400000
vt -0.042514 5.345458
vt 0.264795 1.346480
vt 0.021397 5.146000
vt -0.012386 5.200000
vt -0.021397 5.146000
vt -0.135267 0.234289
vt -0.000000 0.270534
vt 0.000000 0.325000
vt -0.313926 -0.084116
vt -0.234289 -0.135267
vt -0.281458 -0.162500
vt -0.261316 -0.070019
vt 0.119051 -0.052220
vt 0.129556 -0.010735
vt 0.000000 0.130000
vt 0.024435 0.071176
vt 0.042211 0.122956
vt -0.313926 0.084116
vt -0.270534 0.000000
vt -0.325000 0.000000
vt -0.270534 -0.000000
vt -0.261316 0.070019
vt -0.261316 0.070019
vt 0.074996 -0.006214
vt 0.024435 0.071176
vt 0.000000 0.075253
vt -0.084116 -0.313926
vt 0.000000 -0.270534
vt -0.070019 -0.261316
vt 0.079848 0.102588
vt -0.000000 -0.270534
vt 0.000000 -0.325000
vt -0.229810 -0.229810
vt -0.135267 -0.234289
vt -0.162500 -0.281458
vt -0.191296 -0.191296
vt -0.261316 -0.070019
vt 0.068915 -0.030229
vt 0.000000 0.500000
vt -0.115313 0.430353
vt -0.129410 0.482963
vt 0.084116 -0.313926
vt 0.135267 -0.234289
vt 0.162500 -0.281458
vt -0.222767 0.385844
vt 0.070019 -0.261316
vt 0.070019 -0.261316
vt 0.046222 0.059385
vt 0.055366 -0.050968
vt -0.070019 -0.261316
vt -0.433013 0.250000
vt -0.315040 0.315040
vt -0.385844 0.222767
vt -0.353553 0.353553
vt 0.061873 -0.114332
vt 0.012386 -0.074227
vt 0.021397 -0.128227
vt -0.000000 0.445534
vt 0.191296 -0.191296
vt 0.229810 -0.229810
vt 0.313926 0.084116
vt 0.234289 0.135267
vt 0.281458 0.162500
vt 0.055366 -0.050968
vt 0.095644 -0.088047
vt -0.222767 0.385844
vt -0.250000 0.433013
vt -0.482963 -0.129410
vt -0.385844 -0.222767
vt -0.433013 -0.250000
vt -0.385844 -0.222767
vt -0.430353 -0.115313
vt 0.084116 0.313926
vt 0.070019 0.261316
vt 0.270534 -0.000000
vt 0.261316 0.070019
vt 0.270534 0.000000
vt 0.325000 0.000000
vt 0.035817 -0.066183
vt -0.482963 0.129410
vt -0.445534 0.000000
vt -0.500000 0.000000
vt 0.261316 0.070019
vt -0.430353 0.115313
vt -0.385844 0.222767
vt 0.000000 -0.500000
vt -0.115313 -0.430353
vt -0.129410 -0.482963
vt 0.162500 0.281458
vt 0.070019 0.261316
vt -0.000000 -0.445534
vt -0.250000 -0.433013
vt -0.315040 -0.315040
vt -0.222767 -0.385844
vt -0.353553 -0.353553
vt -0.445534 -0.000000
vt 0.035817 -0.066183
vt 0.129410 -0.482963
vt 0.222767 -0.385844
vt 0.250000 -0.433013
vt 0.222767 -0.385844
vt 0.115313 -0.430353
vt 0.135267 0.234289
vt -0.222767 -0.385844
vt 0.063000 0.041160
vt 0.108832 0.071103
vt 0.000000 -0.445534
vt 0.072951 0.018474
vt 0.313926 -0.084116
vt 0.482963 0.129410
vt 0.385844 0.222767
vt 0.433013 0.250000
vt 0.261316 -0.070019
vt 0.315040 -0.315040
vt 0.353553 -0.353553
vt 0.500000 0.000000
vt 0.430353 0.115313
vt 0.115313 0.430353
vt 0.129410 0.482963
vt 0.234289 -0.135267
vt 0.000000 0.445534
vt 0.385844 0.222767
vt 0.229810 0.229810
vt 0.191296 0.191296
vt 0.222767 0.385844
vt 0.445534 0.000000
vt 0.281458 -0.162500
vt 0.063000 0.041160
vt 0.482963 -0.129410
vt 0.445534 -0.000000
vt 0.222767 0.385844
vt 0.250000 0.433013
vt 0.046222 0.059385
vt 0.433013 -0.250000
vt 0.430353 -0.115313
vt 0.385844 -0.222767
vt 0.261316 -0.070019
vt 0.385844 -0.222767
vt 0.315040 0.315040
vt 0.353553 0.353553
vt -0.074996 -0.006214
vt -0.024435 0.071176
vt -0.000000 0.075253
vt -0.024435 0.071176
vt -0.042211 0.122956
vt -0.046222 0.059385
vt -0.046222 0.059385
vt 0.227272 0.053520
vt -0.000000 0.053520
vt -0.227272 0.053520
vt -1.169075 -0.191660
vt 0.378271 -1.122667
vt 0.443918 0.053520
vt 0.639805 0.053520
vt 0.745439 1.346480
vt 0.805777 0.053520
vt 0.684433 0.053520
vt 0.495213 0.053520
vt 0.282838 0.053520
vt 0.057237 0.053520
vt -0.171040 0.053520
vt -0.391320 0.053520
vt -0.593301 0.053520
vt -0.767541 0.053520
vt 0.727053 0.053520
vt 0.635046 1.346480
vt 0.545056 0.053520
vt 0.337574 0.053520
vt 0.114306 0.053520
vt -0.114306 0.053520
vt -0.337574 0.053520
vt -0.545056 0.053520
vt -0.727053 0.053520
vt -0.894263 1.346480
vt -0.767541 0.053520
vt -0.691256 1.346480
vt -0.391320 0.053520
vt -0.171040 0.053520
vt 0.057237 0.053520
vt 0.282838 0.053520
vt 0.684433 0.053520
vt -0.938812 1.346480
vt -0.639805 0.053520
vt -0.805777 0.053520
vt -0.443918 0.053520
vt 0.000000 1.571000
vt 0.279462 1.429000
vt 0.000000 1.429000
vt -0.279462 1.571000
vt -0.279462 1.429000
vt 0.279462 1.571000
vt 0.545856 1.429000
vt 0.545856 1.571000
vt 0.786727 1.429000
vt 0.786727 1.571000
vt 0.990811 1.429000
vt 0.841602 1.571000
vt 0.608931 1.429000
vt 0.841602 1.429000
vt 0.608931 1.571000
vt 0.347787 1.429000
vt 0.347787 1.571000
vt 0.070381 1.429000
vt 0.070381 1.571000
vt -0.210317 1.429000
vt -0.210317 1.571000
vt -0.481180 1.429000
vt -0.481180 1.571000
vt -0.729543 1.429000
vt -0.729543 1.571000
vt -0.943794 1.429000
vt 0.894009 1.571000
vt 0.670220 1.429000
vt 0.894009 1.429000
vt 0.670220 1.571000
vt 0.415092 1.429000
vt 0.415092 1.571000
vt 0.140555 1.429000
vt 0.140555 1.571000
vt -0.140555 1.429000
vt -0.140555 1.571000
vt -0.415092 1.429000
vt -0.415092 1.571000
vt -0.670220 1.429000
vt -0.670220 1.571000
vt -0.894009 1.429000
vt -0.943794 1.571000
vt -0.990811 1.571000
vt -0.786727 1.429000
vt -0.990811 1.429000
vt -0.786727 1.571000
vt -0.545856 1.429000
vt -0.545856 1.571000
vt -0.162500 3.121000
vt -0.229810 2.979000
vt -0.162500 2.979000
vt 0.229810 3.121000
vt 0.162500 2.979000
vt 0.229810 2.979000
vt -0.079848 5.146000
vt -0.042211 3.254000
vt -0.079848 3.254000
vt -0.042211 5.146000
vt 0.000000 3.254000
vt 0.071103 5.146000
vt 0.102588 3.254000
vt 0.071103 3.254000
vt 0.031913 5.146000
vt 0.031913 3.254000
vt -0.010735 5.146000
vt -0.010735 3.254000
vt -0.084116 3.121000
vt -0.084116 2.979000
vt 0.000000 3.121000
vt 0.000000 2.979000
vt 0.084116 3.121000
vt 0.084116 2.979000
vt 0.162500 3.121000
vt -0.052220 5.146000
vt -0.052220 3.254000
vt -0.088047 5.146000
vt -0.088047 3.254000
vt -0.250000 2.871000
vt -0.129410 2.729000
vt -0.250000 2.729000
vt -0.129410 2.871000
vt 0.000000 2.729000
vt -0.353553 2.871000
vt -0.353553 2.729000
vt 0.250000 2.871000
vt 0.353553 2.729000
vt 0.250000 2.729000
vt 0.129410 2.871000
vt 0.129410 2.729000
vt 0.000000 2.871000
vt -0.061873 5.146000
vt -0.095644 3.254000
vt -0.061873 3.254000
vt -0.021397 3.254000
vt 0.353553 2.871000
vt 0.061873 5.146000
vt 0.061873 3.254000
vt 0.095644 5.146000
vt 0.095644 3.254000
vt -0.162500 2.621000
vt -0.084116 2.479000
vt -0.162500 2.479000
vt -0.084116 2.621000
vt 0.000000 2.479000
vt -0.229810 2.621000
vt -0.229810 2.479000
vt 0.162500 2.621000
vt 0.229810 2.479000
vt 0.162500 2.479000
vt 0.084116 2.621000
vt 0.084116 2.479000
vt 0.000000 2.621000
vt 0.229810 2.621000
vt 0.102588 5.146000
vt -0.250000 2.371000
vt -0.129410 2.229000
vt -0.250000 2.229000
vt -0.129410 2.371000
vt 0.000000 2.229000
vt -0.353553 2.371000
vt -0.353553 2.229000
vt 0.042211 5.146000
vt 0.079848 3.254000
vt 0.042211 3.254000
vt 0.250000 2.371000
vt 0.353553 2.229000
vt 0.250000 2.229000
vt 0.129410 2.371000
vt 0.129410 2.229000
vt 0.000000 2.371000
vt 0.000000 5.146000
vt 0.353553 2.371000
vt -0.229810 3.121000
vt -0.162500 2.121000
vt -0.084116 1.979000
vt -0.162500 1.979000
vt -0.084116 2.121000
vt 0.000000 1.979000
vt -0.229810 2.121000
vt -0.229810 1.979000
vt 0.162500 2.121000
vt 0.229810 1.979000
vt 0.162500 1.979000
vt 0.084116 2.121000
vt 0.084116 1.979000
vt 0.000000 2.121000
vt 0.229810 2.121000
vt -0.250000 1.871000
vt -0.129410 1.729000
vt -0.250000 1.729000
vt -0.129410 1.871000
vt 0.000000 1.729000
vt -0.353553 1.871000
vt -0.353553 1.729000
vt 0.250000 1.871000
vt 0.353553 1.729000
vt 0.250000 1.729000
vt 0.129410 1.871000
vt 0.129410 1.729000
vt 0.000000 1.871000
vt 0.353553 1.871000
vt -0.497435 1.400000
vt 0.661888 1.658156
vt 0.865695 1.604752
vt 0.080421 5.345458
vt -0.824616 1.604752
vt -0.000000 5.345458
vt 0.752147 1.658156
vt 0.118251 1.658156
vt -0.349225 1.658156
vt -0.752147 1.658156
vt 0.059213 1.658156
vt -0.661888 1.658156
vt -1.046680 0.554915
vt -0.062317 5.345458
vt -0.610767 -1.015103
vt -0.120794 5.305872
vt 0.980548 -0.664828
vt 0.071613 5.345458
vt 0.129565 5.305872
vt 0.497435 1.075188
vt 0.012386 5.200000
vt 0.254671 1.156984
vt -0.000000 1.184682
vt -0.254671 1.156984
vt -1.141500 0.316936
vt -1.182944 0.064137
vt -1.100542 -0.438496
vt -0.378271 -1.122667
vt -0.128087 -1.177737
vt 0.128087 -1.177737
vt 1.100542 -0.438496
vt 1.169075 -0.191660
vt 1.182944 0.064137
vt 1.141500 0.316936
vt 0.938812 1.346480
vt 0.797434 1.346480
vt -0.894263 1.346480
vt 0.847091 1.346480
vt -0.847091 1.346480
vt -0.745439 1.346480
vt 0.990811 1.571000
vt -0.894009 1.571000
vt -0.095644 5.146000
vt 0.079848 5.146000
s 1
f 141/1/64 163/2/77 142/3/65
f 731/4/490 144/5/67 732/6/491
f 163/2/77 185/7/91 164/8/78
f 145/9/68 165/10/79 166/11/80
f 728/12/487 141/1/64 729/13/488
f 850/14/561 864/15/570 849/16/560
f 445/17/279 469/18/295 449/19/279
f 148/20/71 168/21/82 169/22/83
f 301/23/169 302/24/168 300/25/168
f 733/26/492 146/27/69 734/28/493
f 164/8/78 186/29/92 165/10/79
f 802/30/531 816/31/538 801/32/530
f 820/33/542 834/34/551 819/35/541
f 730/36/489 143/37/66 731/4/490
f 365/38/218 345/39/199 340/40/199
f 168/21/82 190/41/96 169/22/83
f 140/42/63 162/43/76 141/1/64
f 728/12/487 138/44/62 140/42/63
f 282/45/153 280/46/152 283/47/152
f 161/48/75 183/49/89 162/43/76
f 143/37/66 165/10/79 144/5/67
f 425/50/264 402/51/235 389/52/235
f 165/10/79 187/53/93 166/11/80
f 803/54/532 817/55/539 802/30/531
f 146/56/69 168/21/82 147/57/70
f 820/33/542 745/58/2 835/59/552
f 805/60/534 819/35/541 804/61/533
f 800/62/529 814/63/536 799/64/528
f 386/38/234 363/39/215 388/65/234
f 601/66/400 615/67/398 614/68/400
f 359/40/215 338/69/188 363/39/215
f 162/43/76 184/70/90 163/2/77
f 473/71/297 240/72/125 241/73/125
f 734/74/493 147/57/70 126/75/57
f 167/76/81 187/53/93 188/77/94
f 816/31/538 830/78/547 815/79/537
f 298/80/167 320/81/171 305/82/171
f 365/38/218 402/51/235 368/65/218
f 805/60/534 745/58/2 820/33/542
f 801/32/530 815/79/537 800/62/529
f 386/38/234 423/51/248 405/52/248
f 138/44/62 2/58/2 159/83/74
f 726/84/486 2/58/2 138/44/62
f 814/63/536 830/78/547 829/85/546
f 729/13/488 142/3/65 730/36/489
f 819/35/541 833/86/550 818/87/540
f 732/6/491 145/9/68 733/26/492
f 507/88/328 281/89/153 282/45/153
f 126/75/57 148/20/71 736/90/494
f 146/27/69 166/11/80 167/76/81
f 817/55/539 831/91/548 816/31/538
f 142/3/65 164/8/78 143/37/66
f 300/25/168 297/92/166 296/93/166
f 138/44/62 161/48/75 140/42/63
f 850/14/561 745/58/2 865/94/571
f 844/95/555 860/96/566 859/97/565
f 159/83/74 2/58/2 180/98/87
f 804/61/533 818/87/540 803/99/532
f 167/100/81 189/101/95 168/21/82
f 159/83/74 182/102/88 161/48/75
f 185/7/91 207/103/103 186/29/92
f 451/17/282 485/18/300 475/104/300
f 660/105/330 552/106/365 510/107/330
f 186/29/92 208/108/104 187/53/93
f 466/104/295 487/109/310 469/18/295
f 789/110/523 803/99/532 788/111/522
f 187/53/93 209/112/105 188/77/94
f 180/98/87 2/58/2 201/113/98
f 790/114/524 745/58/2 805/60/534
f 189/115/95 209/112/105 210/116/106
f 182/102/88 201/113/98 203/117/99
f 451/17/282 444/118/269 464/19/282
f 189/101/95 211/119/107 190/41/96
f 182/102/88 204/120/100 183/49/89
f 788/121/522 802/30/531 787/122/521
f 785/123/519 799/64/528 784/124/518
f 183/49/89 205/125/101 184/70/90
f 785/123/519 801/32/530 800/62/529
f 184/70/90 206/126/102 185/7/91
f 283/47/152 261/127/139 262/128/139
f 210/129/106 230/130/118 231/131/119
f 203/117/99 222/132/111 224/133/112
f 773/134/514 787/135/521 772/136/513
f 210/129/106 232/137/120 211/138/107
f 203/117/99 225/139/113 204/120/100
f 538/140/352 489/109/312 535/141/350
f 405/52/248 444/118/269 433/50/269
f 205/125/101 225/139/113 226/142/114
f 790/114/524 804/61/533 789/110/523
f 205/125/101 227/143/115 206/126/102
f 573/144/380 620/145/410 578/146/380
f 207/103/103 227/143/115 228/147/116
f 787/122/521 801/32/530 786/148/520
f 849/16/560 863/149/569 848/150/559
f 208/108/104 228/147/116 229/151/117
f 445/17/279 427/118/264 425/50/264
f 772/152/513 786/148/520 771/153/512
f 209/112/105 229/151/117 230/154/118
f 201/113/98 2/58/2 222/132/111
f 775/155/516 745/58/2 790/114/524
f 226/142/114 248/156/132 227/143/115
f 758/157/504 772/158/513 757/159/503
f 228/147/116 248/156/132 249/160/133
f 491/140/313 487/109/310 486/161/310
f 661/162/156 510/107/330 286/163/156
f 229/151/117 249/160/133 250/164/134
f 697/165/468 680/166/455 677/167/455
f 229/151/117 251/168/135 230/154/118
f 222/132/111 2/58/2 243/169/127
f 231/131/119 251/170/135 252/171/136
f 222/132/111 245/172/129 224/133/112
f 231/131/119 253/173/137 232/137/120
f 224/133/112 246/174/130 225/139/113
f 225/139/113 247/175/131 226/142/114
f 759/176/505 773/134/514 758/177/504
f 243/169/127 2/58/2 264/178/140
f 252/171/136 272/179/147 273/180/148
f 245/172/129 264/178/140 266/181/141
f 252/171/136 274/182/149 253/173/137
f 245/172/129 267/183/142 246/174/130
f 234/184/45 223/185/44 235/186/44
f 246/174/130 268/187/143 247/175/131
f 247/175/131 269/188/144 248/156/132
f 249/160/133 269/188/144 270/189/145
f 848/150/559 862/190/568 847/191/558
f 249/160/133 271/192/146 250/164/134
f 221/184/42 219/185/43 218/193/42
f 250/164/134 272/194/147 251/168/135
f 268/187/143 290/195/160 269/188/144
f 270/189/145 290/195/160 291/196/161
f 1030/197/669 745/58/2 760/198/506
f 496/199/317 556/200/327 506/201/327
f 270/189/145 292/202/162 271/192/146
f 271/192/146 293/203/163 272/194/147
f 264/178/140 2/58/2 285/204/155
f 760/198/506 745/58/2 775/155/516
f 273/180/148 293/205/163 294/206/164
f 266/181/141 285/204/155 287/207/157
f 273/180/148 295/208/165 274/182/149
f 267/183/142 287/207/157 288/209/158
f 739/210/495 706/211/471 746/212/495
f 775/155/516 789/110/523 774/213/515
f 268/187/143 288/209/158 289/214/159
f 292/202/162 314/215/180 293/203/163
f 285/204/155 2/58/2 306/216/172
f 681/167/457 676/217/454 685/166/457
f 294/206/164 314/218/180 315/219/181
f 287/207/157 306/216/172 308/220/174
f 294/206/164 316/221/182 295/208/165
f 287/207/157 309/222/175 288/209/158
f 760/198/506 774/213/515 759/176/505
f 597/144/397 535/141/350 598/146/397
f 288/209/158 310/223/176 289/214/159
f 289/214/159 311/224/177 290/195/160
f 291/196/161 311/224/177 312/225/178
f 1028/226/667 759/176/505 758/177/504
f 847/227/558 861/228/567 846/229/557
f 291/196/161 313/230/179 292/202/162
f 310/223/176 330/231/190 331/232/191
f 254/233/128 242/234/126 255/128/126
f 310/223/176 332/235/192 311/224/177
f 312/225/178 332/235/192 333/236/193
f 217/237/109 215/238/110 214/239/109
f 312/225/178 334/240/194 313/230/179
f 313/230/179 335/241/195 314/215/180
f 306/216/172 2/58/2 327/242/187
f 315/219/181 335/243/195 336/244/196
f 306/216/172 329/245/189 308/220/174
f 315/219/181 337/246/197 316/221/182
f 309/222/175 329/245/189 330/231/190
f 1025/247/664 754/248/500 1024/249/663
f 640/250/428 676/217/454 675/251/454
f 334/240/194 356/252/212 335/241/195
f 327/242/187 2/58/2 348/253/204
f 336/254/196 356/252/212 357/255/213
f 327/242/187 350/256/206 329/245/189
f 336/244/196 358/257/214 337/246/197
f 330/231/190 350/256/206 351/258/207
f 704/165/471 685/166/457 706/211/471
f 770/259/511 786/148/520 785/123/519
f 330/231/190 352/260/208 331/232/191
f 331/232/191 353/261/209 332/235/192
f 333/236/193 353/261/209 354/262/210
f 696/263/412 577/264/348 532/265/348
f 333/236/193 355/266/211 334/240/194
f 756/267/502 770/268/511 755/269/501
f 1027/270/666 758/157/504 757/159/503
f 351/258/207 373/271/223 352/260/208
f 770/259/511 784/124/518 769/272/510
f 352/260/208 374/273/224 353/261/209
f 354/262/210 374/273/224 375/274/225
f 490/275/150 297/92/166 278/276/150
f 354/262/210 376/277/226 355/266/211
f 721/210/485 698/211/468 697/165/468
f 355/266/211 377/278/227 356/252/212
f 348/253/204 2/58/2 369/279/219
f 357/280/213 377/281/227 378/282/228
f 348/253/204 371/283/221 350/256/206
f 357/280/213 379/284/229 358/285/214
f 350/256/206 372/286/222 351/258/207
f 834/34/551 848/150/559 833/86/550
f 375/274/225 397/287/243 376/277/226
f 376/277/226 398/288/244 377/278/227
f 369/279/219 2/58/2 390/289/236
f 635/250/426 662/217/439 636/290/426
f 377/281/227 399/291/245 378/282/228
f 369/279/219 392/292/238 371/283/221
f 378/282/228 400/293/246 379/284/229
f 371/283/221 393/294/239 372/286/222
f 372/286/222 394/295/240 373/271/223
f 373/271/223 395/296/241 374/273/224
f 721/210/485 725/297/484 724/212/485
f 375/274/225 395/296/241 396/298/242
f 399/291/245 421/299/261 400/293/246
f 392/292/238 414/300/254 393/294/239
f 394/295/240 414/300/254 415/301/255
f 774/213/515 788/111/522 773/134/514
f 394/295/240 416/302/256 395/296/241
f 396/298/242 416/302/256 417/303/257
f 536/304/151 284/305/154 279/306/151
f 396/298/242 418/307/258 397/287/243
f 397/287/243 419/308/259 398/288/244
f 390/289/236 2/58/2 411/309/252
f 398/310/244 420/311/260 399/291/245
f 392/292/238 411/309/252 413/312/253
f 417/303/257 437/313/273 438/314/274
f 831/91/548 845/315/556 830/78/547
f 417/303/257 439/316/275 418/307/258
f 1027/270/666 756/267/502 1026/317/665
f 418/307/258 440/318/276 419/308/259
f 411/309/252 2/58/2 432/319/268
f 420/311/260 440/320/276 441/321/277
f 411/309/252 434/322/270 413/312/253
f 420/311/260 442/323/278 421/299/261
f 413/312/253 435/324/271 414/300/254
f 415/301/255 435/324/271 436/325/272
f 677/167/455 662/217/439 654/251/439
f 415/301/255 437/313/273 416/302/256
f 432/319/268 455/326/286 434/322/270
f 441/321/277 463/327/294 442/323/278
f 434/322/270 456/328/287 435/324/271
f 756/267/502 772/158/513 771/329/512
f 436/325/272 456/328/287 457/330/288
f 436/325/272 458/331/289 437/313/273
f 438/314/274 458/331/289 459/332/290
f 835/59/552 849/16/560 834/34/551
f 439/316/275 459/332/290 460/333/291
f 439/316/275 461/334/292 440/318/276
f 432/319/268 2/58/2 453/335/284
f 440/320/276 462/336/293 441/321/277
f 755/269/501 769/337/510 754/248/500
f 459/332/290 479/338/304 480/339/305
f 496/199/317 278/276/150 529/340/317
f 460/333/291 480/339/305 481/341/306
f 460/333/291 482/342/307 461/334/292
f 453/335/284 2/58/2 474/343/299
f 462/336/293 482/344/307 483/345/308
f 453/335/284 476/346/301 455/326/286
f 462/336/293 484/347/309 463/327/294
f 455/326/286 477/348/302 456/328/287
f 475/104/300 489/109/312 508/161/312
f 456/328/287 478/349/303 457/330/288
f 457/330/288 479/338/304 458/331/289
f 1029/350/668 760/198/506 759/176/505
f 482/344/307 504/351/325 483/345/308
f 474/343/299 497/352/318 476/346/301
f 483/345/308 505/353/326 484/347/309
f 476/346/301 498/354/319 477/348/302
f 477/348/302 499/355/320 478/349/303
f 478/349/303 500/356/321 479/338/304
f 480/339/305 500/356/321 501/357/322
f 835/59/552 745/58/2 850/14/561
f 480/339/305 502/358/323 481/341/306
f 481/341/306 503/359/324 482/342/307
f 474/343/299 2/58/2 495/360/316
f 499/355/320 521/361/340 500/356/321
f 501/357/322 521/361/340 522/362/341
f 515/363/334 682/364/395 594/365/395
f 502/358/323 522/362/341 523/366/342
f 503/359/324 523/366/342 524/367/343
f 495/360/316 2/58/2 516/368/335
f 503/359/324 525/369/344 504/370/325
f 497/352/318 516/368/335 518/371/337
f 504/372/325 526/373/345 505/257/326
f 497/352/318 519/374/338 498/354/319
f 499/355/320 519/374/338 520/375/339
f 516/368/335 2/58/2 537/376/351
f 525/377/344 545/378/359 546/379/360
f 518/371/337 537/376/351 539/380/353
f 525/377/344 547/381/361 526/373/345
f 518/371/337 540/382/354 519/374/338
f 520/375/339 540/382/354 541/383/355
f 520/375/339 542/384/356 521/361/340
f 522/362/341 542/384/356 543/385/357
f 255/128/126 237/386/123 238/47/124
f 523/366/342 543/385/357 544/387/358
f 597/144/397 633/145/416 622/388/416
f 523/366/342 545/389/359 524/367/343
f 541/383/355 563/390/372 542/384/356
f 543/385/357 563/390/372 564/391/373
f 832/392/549 846/393/557 831/91/548
f 543/385/357 565/394/374 544/387/358
f 544/387/358 566/395/375 545/389/359
f 537/376/351 2/58/2 558/396/367
f 545/378/359 567/397/376 546/379/360
f 537/376/351 560/398/369 539/380/353
f 546/379/360 568/399/377 547/381/361
f 540/382/354 560/398/369 561/400/370
f 540/382/354 562/401/371 541/383/355
f 566/395/375 586/402/389 587/403/390
f 558/396/367 2/58/2 579/404/382
f 566/405/375 588/406/391 567/397/376
f 560/398/369 579/404/382 581/407/384
f 567/397/376 589/408/392 568/399/377
f 560/398/369 582/409/385 561/400/370
f 561/400/370 583/410/386 562/401/371
f 562/401/371 584/411/387 563/390/372
f 564/391/373 584/411/387 585/412/388
f 829/85/546 845/315/556 844/413/555
f 564/391/373 586/402/389 565/394/374
f 583/410/386 603/414/402 604/415/403
f 583/410/386 605/416/404 584/411/387
f 585/412/388 605/416/404 606/417/405
f 833/418/550 847/419/558 832/392/549
f 585/412/388 607/420/406 586/402/389
f 587/403/390 607/420/406 608/421/407
f 579/404/382 2/58/2 600/422/399
f 588/406/391 608/170/407 609/423/408
f 579/404/382 602/424/401 581/407/384
f 588/406/391 610/425/409 589/408/392
f 581/407/384 603/414/402 582/409/385
f 607/420/406 627/426/421 628/427/422
f 635/250/426 620/145/410 611/388/410
f 607/420/406 629/428/423 608/421/407
f 600/422/399 2/58/2 621/429/415
f 1026/317/665 755/269/501 1025/247/664
f 609/423/408 629/130/423 630/430/424
f 602/424/401 621/429/415 623/431/417
f 609/423/408 631/432/425 610/425/409
f 602/424/401 624/433/418 603/414/402
f 604/415/403 624/433/418 625/434/419
f 604/415/403 626/435/420 605/416/404
f 606/417/405 626/435/420 627/426/421
f 536/304/151 299/436/167 298/437/167
f 623/431/417 645/438/431 624/433/418
f 624/433/418 646/439/432 625/434/419
f 625/434/419 647/440/433 626/435/420
f 627/426/421 647/440/433 648/441/434
f 307/442/173 320/81/171 319/443/173
f 628/427/422 648/441/434 649/444/435
f 628/427/422 650/445/436 629/428/423
f 621/429/415 2/58/2 642/446/429
f 630/430/424 650/447/436 651/448/437
f 621/429/415 644/449/430 623/431/417
f 630/430/424 652/450/438 631/432/425
f 818/451/540 832/392/549 817/55/539
f 649/444/435 669/452/448 670/453/449
f 649/444/435 671/454/450 650/445/436
f 642/446/429 2/58/2 663/455/442
f 651/456/437 671/454/450 672/457/451
f 642/446/429 665/458/444 644/449/430
f 651/459/437 673/460/452 652/461/438
f 644/449/430 666/462/445 645/438/431
f 645/438/431 667/463/446 646/439/432
f 646/439/432 668/464/447 647/440/433
f 648/441/434 668/464/447 669/452/448
f 672/465/451 694/466/467 673/460/452
f 665/458/444 687/467/460 666/462/445
f 666/462/445 688/468/461 667/463/446
f 667/463/446 689/469/462 668/464/447
f 669/452/448 689/469/462 690/470/463
f 548/363/332 550/364/363 513/471/332
f 670/453/449 690/470/463 691/472/464
f 670/453/449 692/473/465 671/454/450
f 663/455/442 2/58/2 684/474/458
f 622/388/416 641/290/428 640/250/428
f 672/465/451 692/475/465 693/476/466
f 663/455/442 686/477/459 665/458/444
f 690/470/463 710/478/476 711/479/477
f 340/40/199 322/69/185 530/480/185
f 691/472/464 711/479/477 712/481/478
f 691/472/464 713/482/479 692/473/465
f 684/474/458 2/58/2 705/483/472
f 693/476/466 713/484/479 714/485/480
f 684/474/458 707/486/473 686/477/459
f 693/476/466 715/487/481 694/466/467
f 687/467/460 707/486/473 708/488/474
f 687/467/460 709/489/475 688/468/461
f 573/144/380 571/141/378 491/140/313
f 688/468/461 710/478/476 689/469/462
f 705/483/472 728/12/487 707/486/473
f 714/485/480 736/90/494 715/487/481
f 707/486/473 729/13/488 708/488/474
f 846/229/557 860/96/566 845/490/556
f 708/488/474 730/36/489 709/489/475
f 709/489/475 731/4/490 710/478/476
f 711/479/477 731/4/490 732/6/491
f 661/491/156 284/305/154 643/492/154
f 711/479/477 733/26/492 712/481/478
f 506/201/327 570/493/311 488/494/311
f 712/481/478 734/28/493 713/482/479
f 705/483/472 2/58/2 726/84/486
f 714/485/480 734/74/493 126/75/57
f 859/97/565 875/495/574 874/496/573
f 702/263/469 554/264/366 717/497/469
f 213/498/108 260/499/138 212/500/108
f 863/501/569 877/502/576 862/503/568
f 613/504/365 575/505/381 552/106/365
f 599/506/398 570/493/311 615/67/398
f 864/15/570 878/507/577 863/149/569
f 738/508/443 550/364/363 658/365/363
f 861/228/567 875/495/574 860/96/566
f 612/509/381 632/510/396 575/505/381
f 865/94/571 879/511/578 864/15/570
f 865/94/571 745/58/2 880/512/579
f 862/503/568 876/513/575 861/228/567
f 619/514/414 678/515/456 679/516/456
f 619/514/414 614/68/400 634/517/414
f 874/496/573 890/518/584 889/519/583
f 880/512/579 745/58/2 895/520/589
f 878/521/577 892/522/586 877/502/576
f 616/523/411 700/524/441 699/525/411
f 590/71/393 592/526/383 591/527/393
f 258/528/3 256/529/4 259/530/4
f 595/508/394 682/364/395 593/531/394
f 878/507/577 894/532/588 893/533/587
f 596/534/396 699/535/411 632/510/396
f 876/513/575 890/518/584 875/495/574
f 880/512/579 894/532/588 879/511/578
f 877/502/576 891/536/585 876/513/575
f 695/537/413 617/497/412 696/263/412
f 889/519/583 905/538/592 904/539/591
f 895/520/589 745/58/2 910/540/597
f 893/541/587 907/542/594 892/522/586
f 639/543/427 722/544/440 655/545/440
f 735/546/482 719/547/483 718/548/482
f 262/128/139 260/549/138 263/233/138
f 679/516/456 719/547/483 727/550/483
f 893/533/587 909/551/596 908/552/595
f 655/553/440 700/524/441 656/554/441
f 891/536/585 905/538/592 890/518/584
f 895/520/589 909/551/596 894/532/588
f 892/522/586 906/555/593 891/536/585
f 737/556/453 664/531/443 738/508/443
f 904/539/591 920/557/602 919/558/601
f 910/540/597 745/58/2 925/559/607
f 908/552/595 922/560/604 907/561/594
f 528/562/346 701/563/364 551/564/364
f 494/565/315 742/566/497 468/567/296
f 277/530/7 275/568/8 265/569/7
f 494/565/315 718/548/482 653/570/315
f 909/551/596 923/571/605 908/552/595
f 639/543/427 701/563/364 723/572/427
f 906/555/593 920/557/602 905/538/592
f 910/540/597 924/573/606 909/551/596
f 907/542/594 921/574/603 906/555/593
f 595/508/394 531/575/347 557/556/347
f 703/537/470 717/497/469 716/576/470
f 923/577/605 937/578/612 922/419/604
f 454/579/285 465/580/281 467/581/285
f 638/582/379 618/576/413 695/537/413
f 659/583/333 554/264/366 569/265/366
f 468/567/296 741/584/283 452/585/283
f 924/573/606 938/586/613 923/571/605
f 454/579/285 533/587/346 528/562/346
f 921/588/603 935/589/610 920/590/602
f 925/559/607 939/591/614 924/573/606
f 922/419/604 936/592/611 921/588/603
f 446/593/280 741/584/283 492/594/280
f 473/71/297 471/595/298 470/596/297
f 919/413/601 935/589/610 934/85/609
f 925/559/607 745/58/2 940/597/615
f 408/598/251 429/599/266 447/600/266
f 517/582/336 716/576/470 576/601/336
f 512/583/331 577/264/348 574/602/331
f 657/603/362 674/575/453 737/556/453
f 938/586/613 954/604/624 953/605/623
f 448/606/281 429/599/266 465/607/281
f 936/592/611 950/608/620 935/589/610
f 940/597/615 954/604/624 939/591/614
f 937/578/612 951/609/621 936/592/611
f 428/610/265 443/611/247 404/612/247
f 446/593/280 450/613/265 428/610/265
f 934/85/609 950/608/620 949/614/619
f 940/597/615 745/58/2 955/615/625
f 938/616/613 952/617/622 937/578/612
f 953/618/623 967/619/630 952/617/622
f 740/620/496 514/602/333 659/583/333
f 410/621/249 407/622/250 406/623/249
f 555/603/267 531/575/347 431/624/267
f 954/604/624 968/625/631 953/605/623
f 422/534/262 430/535/251 408/626/251
f 951/609/621 965/627/628 950/608/620
f 955/615/625 969/628/632 954/604/624
f 952/617/622 966/629/629 951/609/621
f 404/612/247 407/622/250 409/630/250
f 412/631/237 426/510/262 422/534/262
f 955/615/625 745/58/2 970/632/633
f 949/614/619 965/627/628 964/633/627
f 638/582/379 424/634/263 572/601/379
f 517/582/336 637/634/233 384/635/233
f 657/603/362 509/636/329 549/624/362
f 493/637/314 592/526/383 580/73/383
f 383/638/232 391/505/237 412/631/237
f 968/625/631 984/639/642 983/640/641
f 370/641/220 381/642/230 380/643/230
f 966/629/629 980/644/638 965/627/628
f 970/632/633 984/639/642 969/628/632
f 967/619/630 981/645/639 966/629/629
f 382/646/231 401/106/232 383/638/232
f 410/621/249 403/647/220 370/641/220
f 964/633/627 980/644/638 979/124/637
f 970/632/633 745/58/2 985/648/643
f 968/649/631 982/650/640 967/619/630
f 555/603/267 360/636/216 534/651/349
f 720/620/484 574/602/331 725/297/484
f 362/162/217 387/107/231 382/646/231
f 983/640/641 999/652/650 998/653/649
f 339/654/198 367/655/205 366/656/198
f 981/645/639 995/657/646 980/644/638
f 985/648/643 999/652/650 984/639/642
f 982/650/640 996/658/647 981/645/639
f 361/659/203 385/660/217 362/661/217
f 380/643/230 367/655/205 349/662/205
f 979/124/637 995/657/646 994/272/645
f 985/648/643 745/58/2 1000/663/651
f 983/640/641 997/664/648 982/665/640
f 343/666/202 366/656/198 364/667/202
f 739/210/495 743/297/496 740/620/496
f 553/635/263 513/471/332 424/634/263
f 998/653/649 1014/668/660 1013/669/659
f 343/666/202 342/670/201 344/671/201
f 996/672/647 1010/673/656 995/674/646
f 1000/663/651 1014/668/660 999/652/650
f 997/675/648 1011/676/657 996/672/647
f 344/671/201 324/677/186 323/678/186
f 341/679/200 346/680/203 361/659/203
f 994/681/645 1010/673/656 1009/682/655
f 1000/663/651 745/58/2 1015/683/661
f 998/684/649 1012/685/658 997/675/648
f 559/651/368 322/69/185 509/636/329
f 326/686/184 347/687/200 341/679/200
f 384/635/233 683/471/334 515/363/334
f 1014/668/660 1028/226/667 1013/669/659
f 318/688/183 324/677/186 317/689/183
f 1011/676/657 1025/247/664 1010/673/656
f 1015/683/661 1029/350/668 1014/668/660
f 1012/685/658 1026/317/665 1011/676/657
f 301/23/169 317/689/183 303/690/169
f 326/691/184 304/692/170 321/693/184
f 1009/682/655 1025/247/664 1024/249/663
f 1015/683/661 745/58/2 1030/197/669
f 1013/694/659 1027/270/666 1012/685/658
f 534/651/349 338/69/188 328/480/188
f 325/695/170 319/443/173 304/692/170
f 238/47/124 236/89/122 239/45/122
f 202/696/97 244/697/128 254/698/128
f 277/530/7 198/699/33 199/528/33
f 259/530/4 196/700/40 197/701/40
f 194/702/32 192/703/31 195/704/31
f 181/704/30 178/705/29 191/702/29
f 177/706/86 215/238/110 216/707/110
f 174/708/85 172/709/84 175/710/84
f 170/711/24 158/712/23 171/713/23
f 199/528/33 233/193/121 234/184/45
f 157/711/20 155/714/21 154/715/20
f 258/528/3 218/193/42 257/699/3
f 235/186/44 160/716/24 170/711/24
f 220/186/43 154/715/20 219/185/43
f 152/237/73 150/717/72 153/707/72
f 149/708/60 137/718/61 136/719/60
f 135/720/17 133/721/18 132/722/17
f 131/723/58 137/718/61 139/710/61
f 117/720/15 115/724/14 118/725/14
f 113/726/13 111/727/12 114/728/12
f 110/726/10 108/727/11 107/729/52
f 195/704/31 112/729/53 113/726/13
f 181/704/30 107/729/52 179/703/30
f 194/702/32 158/712/23 193/730/32
f 153/707/72 105/731/51 106/706/51
f 191/702/29 155/714/21 156/713/21
f 103/732/8 101/733/7 104/734/7
f 99/735/6 97/736/5 100/737/5
f 96/734/4 94/738/3 93/733/4
f 91/737/50 89/739/49 92/735/49
f 99/735/6 115/724/14 98/740/6
f 175/710/84 87/741/48 88/723/48
f 92/735/49 133/721/18 134/725/18
f 109/728/11 132/722/17 108/727/11
f 177/706/86 85/742/46 176/731/86
f 114/728/12 116/743/15 117/720/15
f 84/744/44 82/745/45 81/746/44
f 79/744/43 77/745/42 80/747/42
f 76/748/41 200/749/97 202/750/97
f 96/734/4 73/751/40 74/732/40
f 100/737/5 71/752/38 72/753/39
f 91/737/50 69/752/37 90/736/50
f 67/754/36 65/755/35 68/756/35
f 106/706/51 63/757/34 64/758/34
f 104/734/7 61/759/33 62/760/33
f 59/761/32 57/762/31 60/763/31
f 56/761/29 54/764/30 53/765/29
f 52/766/28 196/700/40 51/767/28
f 67/754/36 49/768/27 66/769/36
f 47/754/26 45/770/25 48/771/25
f 64/758/34 75/772/41 76/748/41
f 43/773/24 41/774/23 44/775/23
f 40/756/22 46/776/26 47/754/26
f 37/775/21 35/777/20 38/773/20
f 62/760/33 82/745/45 83/747/45
f 95/760/3 77/745/42 94/738/3
f 43/773/24 81/746/44 42/777/24
f 38/773/20 78/778/43 79/744/43
f 34/766/19 275/568/8 276/701/8
f 31/779/18 29/780/17 32/781/17
f 28/782/16 33/783/19 34/766/19
f 25/781/15 23/784/14 26/779/14
f 22/785/12 20/786/13 19/787/12
f 17/785/11 15/786/10 18/788/10
f 55/763/30 15/786/10 54/764/30
f 60/763/31 20/786/13 21/788/13
f 44/775/23 58/765/32 59/761/32
f 56/761/29 36/789/21 37/775/21
f 14/748/9 212/749/108 13/790/9
f 12/530/7 10/568/8 9/569/7
f 7/791/6 5/792/5 8/793/5
f 3/528/3 1753/529/4 4/530/4
f 1754/791/49 1756/794/50 1757/795/49
f 26/779/14 6/795/6 7/791/6
f 1758/782/731 51/767/28 1759/796/731
f 25/781/15 19/787/12 24/780/15
f 32/781/17 16/797/11 17/785/11
f 88/723/48 1761/798/732 1760/799/732
f 1754/791/49 30/800/18 31/779/18
f 152/237/73 1761/798/732 151/801/73
f 1762/802/733 49/768/27 50/771/27
f 1765/184/45 1767/185/44 1764/186/44
f 1768/184/42 1770/185/43 1771/193/42
f 1773/803/36 1775/804/35 1772/805/35
f 1776/802/734 45/770/25 1777/806/734
f 4/530/4 1779/700/40 1778/701/40
f 8/793/5 1781/807/39 1780/808/39
f 1755/793/50 1783/807/37 1756/794/50
f 12/530/7 1785/699/33 1784/528/33
f 1787/702/32 1789/703/31 1786/704/31
f 1791/704/30 1793/705/29 1790/702/29
f 1794/809/27 1774/810/36 1773/803/36
f 74/732/40 1797/811/28 1796/812/28
f 70/753/37 1799/813/735 69/752/37
f 1801/711/24 1803/712/23 1800/713/23
f 1764/186/44 1802/716/24 1801/711/24
f 3/528/3 1771/193/42 1752/699/3
f 1804/812/19 102/814/8 103/732/8
f 1806/711/20 1808/714/21 1809/715/20
f 1784/528/33 1766/193/45 1765/184/45
f 1769/186/43 1809/715/20 1770/185/43
f 1810/803/26 1812/815/22 1813/810/26
f 1814/720/17 1816/721/18 1817/722/17
f 1818/816/736 1759/796/731 1819/817/737
f 1804/812/19 1821/818/16 1805/811/19
f 1823/720/15 1825/724/14 1822/725/14
f 1827/726/13 1829/727/12 1826/728/12
f 1830/726/10 1832/727/11 1833/729/52
f 1810/803/26 1835/819/25 1834/809/25
f 1790/702/29 1808/714/21 1807/713/21
f 1791/704/30 1833/729/52 1792/703/30
f 1798/820/735 1777/806/734 1799/813/735
f 1786/704/31 1828/729/53 1827/726/13
f 1787/702/32 1803/712/23 1788/730/32
f 217/237/109 1837/821/738 1836/799/738
f 1839/732/8 1841/733/7 1838/734/7
f 1843/735/6 1845/736/5 1842/737/5
f 1846/734/4 1848/738/3 1849/733/4
f 1851/737/50 1853/739/49 1850/735/49
f 1843/735/6 1825/724/14 1844/740/6
f 1850/735/49 1816/721/18 1815/725/18
f 1854/822/733 1795/823/27 1794/809/27
f 40/756/22 1819/817/737 39/755/22
f 1826/728/12 1824/743/15 1823/720/15
f 1831/728/11 1817/722/17 1832/727/11
f 1796/812/28 1857/824/731 1856/825/731
f 1836/799/738 128/826/58 131/723/58
f 1858/744/44 1860/745/45 1861/746/44
f 1863/744/43 1865/745/42 1862/747/42
f 1866/827/735 1783/807/37 1782/808/37
f 68/756/35 1869/817/740 1868/816/739
f 1834/809/25 1871/828/734 1870/822/734
f 1838/734/7 1873/759/33 1872/760/33
f 1846/734/4 1875/751/40 1874/732/40
f 1842/737/5 1877/752/39 1876/753/39
f 1851/737/50 1879/752/37 1852/736/50
f 1881/754/36 1883/755/35 1880/756/35
f 1885/761/32 1887/762/31 1884/763/31
f 1888/761/29 1890/764/30 1891/765/29
f 1892/766/28 1779/700/40 1893/767/28
f 1881/754/36 1895/768/27 1882/769/36
f 1897/754/26 1899/770/25 1896/771/25
f 1870/822/734 1867/829/735 1866/827/735
f 1901/773/24 1903/774/23 1900/775/23
f 1904/766/19 10/568/8 11/701/8
f 1906/756/22 1898/776/26 1897/754/26
f 1901/773/24 1861/746/44 1902/777/24
f 1847/760/3 1865/745/42 1848/738/3
f 1908/773/20 1910/789/21 1911/777/20
f 1872/760/33 1860/745/45 1859/747/45
f 1908/773/20 1864/778/43 1863/744/43
f 1912/781/17 1914/800/18 1915/780/17
f 1916/782/16 1905/783/19 1904/766/19
f 1918/820/741 1763/830/733 1762/802/733
f 1921/781/15 1923/784/14 1920/779/14
f 1924/785/12 1926/786/13 1927/787/12
f 1929/785/11 1931/786/10 1928/788/10
f 1884/763/31 1926/786/13 1925/788/13
f 1900/775/23 1886/765/32 1885/761/32
f 1888/761/29 1910/789/21 1909/775/21
f 1889/763/30 1931/786/10 1890/764/30
f 1932/827/741 1781/807/39 1933/831/741
f 1934/530/7 1936/568/8 1937/569/7
f 1939/791/6 1941/792/5 1938/793/5
f 1943/528/3 1945/529/4 1942/530/4
f 1946/791/49 1948/794/50 1949/795/49
f 1920/779/14 1940/795/6 1939/791/6
f 1950/782/731 1893/767/28 1951/796/731
f 1952/802/733 1895/768/27 1894/771/27
f 1921/781/15 1927/787/12 1922/780/15
f 1946/791/49 1914/800/18 1913/779/18
f 1811/805/22 1955/832/736 1812/815/22
f 1912/781/17 1930/797/11 1929/785/11
f 1856/825/731 1955/832/736 1954/833/736
f 14/748/9 85/742/46 86/758/47
f 1956/186/44 1958/193/742 1959/185/44
f 1961/186/43 1963/193/743 1960/184/42
f 1964/528/33 1937/569/7 1965/699/33
f 1967/803/36 1969/804/35 1966/805/35
f 1970/802/734 1899/770/25 1971/806/734
f 1942/530/4 1973/700/40 1972/701/40
f 1938/793/5 1975/807/39 1974/808/39
f 1947/793/50 1977/807/37 1948/794/50
f 1978/704/31 1980/730/32 1981/703/31
f 1983/704/30 1985/705/29 1982/702/29
f 1986/812/28 1875/751/40 1987/811/28
f 1988/809/27 1968/810/36 1967/803/36
f 1991/803/26 1993/819/25 1990/809/25
f 1995/711/24 1997/712/23 1994/713/23
f 1961/186/43 1999/715/20 1962/185/43
f 2000/812/19 1840/814/8 1839/732/8
f 1991/803/26 2003/815/22 1992/810/26
f 1956/186/44 1996/716/24 1995/711/24
f 1960/184/42 1944/699/3 1943/528/3
f 1998/711/20 2005/714/21 1999/715/20
f 1957/184/45 1965/699/33 1958/193/742
f 2006/720/17 2008/721/18 2009/722/17
f 2000/812/19 2011/818/16 2001/811/19
f 2012/816/736 1951/796/731 2013/817/737
f 2015/720/15 2017/724/14 2014/725/14
f 2018/728/12 2020/729/744 2021/727/12
f 2023/728/11 2025/729/10 2022/726/10
f 1979/702/32 1997/712/23 1980/730/32
f 2019/726/13 1981/703/31 2020/729/744
f 1982/702/29 2005/714/21 2004/713/21
f 1878/753/37 2027/813/735 1879/752/37
f 2022/726/10 1984/703/30 1983/704/30
f 2026/820/735 1971/806/734 2027/813/735
f 1772/805/35 2029/832/739 2028/833/739
f 2031/732/8 2033/733/7 2030/734/7
f 2034/737/5 2036/740/6 2037/736/5
f 2038/734/4 2040/738/3 2041/733/4
f 2043/737/50 2045/739/49 2042/735/49
f 2035/735/6 2017/724/14 2036/740/6
f 1986/812/28 2047/824/731 2046/825/731
f 1820/825/16 2029/832/739 1821/818/16
f 2048/822/733 1989/823/27 1988/809/27
f 2018/728/12 2016/743/15 2015/720/15
f 2042/735/49 2008/721/18 2007/725/18
f 2023/728/11 2009/722/17 2024/727/11
f 72/753/39 1919/813/741 1918/820/741
f 1906/756/22 2013/817/737 1907/755/22
f 2050/744/44 2052/745/45 2053/746/44
f 2055/744/43 2057/745/42 2054/747/42
f 1868/816/739 27/796/16 28/782/16
f 2058/753/37 2044/736/50 2043/737/50
f 2030/734/7 2061/759/33 2060/760/33
f 2062/756/35 2064/769/36 2065/755/35
f 2066/822/734 1993/819/25 2067/828/734
f 2038/734/4 2069/751/40 2068/732/40
f 2070/753/39 2037/736/5 2071/752/746
f 2073/761/32 2075/762/31 2072/763/31
f 2076/761/29 2078/764/30 2079/765/29
f 2080/766/28 1973/700/40 2081/767/28
f 2063/754/36 2083/768/27 2064/769/36
f 2085/754/26 2087/770/25 2084/771/25
f 2089/773/24 2091/774/23 2088/775/23
f 2060/760/33 2052/745/45 2051/747/45
f 2039/760/3 2057/745/42 2040/738/3
f 2089/773/24 2053/746/44 2090/777/24
f 2092/773/20 2056/778/43 2055/744/43
f 2094/766/19 1936/568/8 1935/701/8
f 2096/756/22 2086/776/26 2085/754/26
f 2092/773/20 2099/789/21 2093/777/20
f 2100/781/17 2102/800/18 2103/780/17
f 2104/782/16 2095/783/19 2094/766/19
f 2046/825/731 2107/832/736 2106/833/736
f 2109/781/15 2111/784/14 2108/779/14
f 2112/785/12 2114/786/13 2115/787/12
f 2117/785/11 2119/786/10 2116/788/10
f 2072/763/31 2114/786/13 2113/788/13
f 2077/763/30 2119/786/10 2078/764/30
f 2120/827/735 1977/807/37 1976/808/37
f 2088/775/23 2074/765/32 2073/761/32
f 2076/761/29 2099/789/21 2098/775/21
f 2066/822/734 2121/829/735 2120/827/735
f 2123/827/735 2125/807/37 2122/808/37
f 2127/791/6 2129/792/5 2126/793/5
f 2130/827/741 2132/807/39 2133/831/741
f 2134/791/49 2136/794/50 2137/795/49
f 2108/779/14 2128/795/6 2127/791/6
f 2138/782/731 2081/767/28 2139/796/731
f 2100/781/17 2118/797/11 2117/785/11
f 2002/805/22 2107/832/736 2003/815/22
f 2140/820/741 1953/830/733 1952/802/733
f 1854/822/733 1933/831/741 1855/828/733
f 2142/802/733 2083/768/27 2082/771/27
f 2109/781/15 2115/787/12 2110/780/15
f 2134/791/49 2102/800/18 2101/779/18
f 2144/820/735 2146/806/734 2147/813/735
f 2149/822/733 2151/823/27 2148/809/27
f 2152/822/734 2154/819/25 2155/828/734
f 2156/803/26 2158/815/22 2159/810/26
f 2160/827/741 1975/807/39 2161/831/741
f 2152/822/734 2124/829/735 2123/827/735
f 2162/820/741 2143/830/733 2142/802/733
f 2126/793/5 2132/807/39 2131/808/39
f 2135/793/50 2125/807/37 2136/794/50
f 2104/782/16 2165/817/747 2105/796/16
f 1876/753/39 2141/813/741 2140/820/741
f 2145/802/734 2087/770/25 2146/806/734
f 2166/816/739 1917/796/16 1916/782/16
f 2162/820/741 2071/752/746 2163/813/741
f 2169/812/28 2171/824/731 2168/825/731
f 2173/805/35 2175/832/739 2172/833/739
f 2176/812/19 2178/818/16 2179/811/19
f 2157/805/22 2181/832/736 2158/815/22
f 1966/805/35 2183/832/739 2182/833/739
f 2048/822/733 2161/831/741 2049/828/733
f 2184/803/36 2174/804/35 2173/805/35
f 2149/822/733 2133/831/741 2150/828/733
f 2148/809/27 2185/810/36 2184/803/36
f 2156/803/26 2154/819/25 2153/809/25
f 2138/782/731 2187/817/736 2186/816/736
f 2176/812/19 2032/814/8 2031/732/8
f 2144/820/735 2059/752/745 2058/753/37
f 2169/812/28 2069/751/40 2170/811/28
f 1880/756/35 2167/817/740 2166/816/739
f 2177/825/16 2175/832/739 2178/818/16
f 2168/825/731 2181/832/736 2180/833/736
f 2186/816/736 2097/755/22 2096/756/22
f 2164/816/739 2065/755/35 2165/817/747
f 2010/825/16 2183/832/739 2011/818/16
f 590/71/393 511/834/328 507/88/328
f 472/88/298 236/89/122 471/595/298
f 174/708/85 2189/835/748 173/836/85
f 149/708/60 2191/837/749 2190/838/749
f 2192/637/750 2189/835/748 2188/838/748
f 2190/838/749 527/839/314 493/637/314
f 241/73/125 2193/840/750 2192/637/750
f 942/623/54 857/548/54 780/340/54
f 1021/442/662 1019/841/654 1023/842/662
f 1033/82/498 1023/842/662 749/843/498
f 812/844/2 897/845/2 975/660/2
f 1008/695/654 1006/846/653 1019/841/654
f 1004/691/653 993/847/644 1006/846/653
f 991/848/644 989/849/636 993/847/644
f 989/850/636 974/162/635 976/851/635
f 974/162/635 963/852/626 976/851/635
f 961/646/626 959/853/618 963/852/626
f 948/638/618 946/854/617 959/853/618
f 944/631/617 933/855/608 946/854/617
f 931/534/608 929/856/600 933/855/608
f 918/626/600 916/857/599 929/856/600
f 916/858/599 901/859/590 903/860/590
f 903/860/590 888/579/582 899/861/582
f 888/579/582 886/862/581 899/861/582
f 884/562/581 873/863/572 886/862/581
f 871/564/572 869/864/564 873/863/572
f 869/864/564 854/545/563 856/865/563
f 854/545/563 843/866/554 856/865/563
f 841/867/554 839/856/545 843/868/554
f 828/869/545 826/870/544 839/856/545
f 824/534/544 813/871/535 826/870/544
f 813/871/535 798/504/527 809/872/527
f 809/872/527 794/105/526 796/873/526
f 794/105/526 783/851/517 796/873/526
f 781/162/517 779/874/509 783/851/517
f 768/875/509 766/876/508 779/877/509
f 766/876/508 751/80/499 753/878/499
f 751/80/499 749/843/498 753/878/499
f 1056/109/54 1088/212/54 881/471/54
f 1003/879/652 988/880/634 1018/881/652
f 1099/882/686 1018/881/652 1097/883/686
f 125/636/2 956/576/2 1078/217/2
f 973/884/634 958/885/616 988/880/634
f 943/886/616 928/887/598 958/885/616
f 913/888/598 898/889/580 928/887/598
f 883/890/580 868/891/562 898/892/580
f 853/893/562 838/894/553 868/891/562
f 823/895/543 808/896/525 838/894/553
f 793/897/525 778/898/507 808/896/525
f 763/899/507 747/900/59 778/898/507
f 130/901/59 127/902/56 747/900/59
f 124/903/56 122/904/55 127/902/56
f 120/905/55 1/906/1 122/907/55
f 1035/908/1 1037/909/670 1/906/1
f 1039/910/670 1041/911/671 1037/909/670
f 1043/912/671 1045/913/672 1041/911/671
f 1047/914/672 1049/915/673 1045/913/672
f 1051/916/673 1053/917/674 1049/915/673
f 1055/918/674 1057/919/675 1053/917/674
f 1059/920/675 1061/902/676 1057/904/675
f 1063/903/676 1065/900/677 1061/902/676
f 1067/901/677 1069/898/678 1065/900/677
f 1071/899/678 1073/896/679 1069/898/678
f 1075/897/679 1077/894/680 1073/896/679
f 1079/895/681 1081/891/682 1077/894/680
f 1083/893/682 1085/892/683 1081/891/682
f 1087/921/683 1089/922/684 1085/923/683
f 1091/924/684 1093/925/685 1089/922/684
f 1095/926/685 1097/883/686 1093/925/685
f 1600/705/2 1100/752/2 1150/767/2
f 1119/927/692 1115/928/687 1121/929/692
f 1101/930/687 1751/931/718 1115/932/687
f 1182/386/2 1358/801/2 1446/836/2
f 1107/933/689 1105/934/688 1109/935/689
f 1103/936/688 1467/937/652 1105/934/688
f 1400/821/54 1224/127/54 1136/527/54
f 1111/938/690 1109/939/689 1113/940/690
f 1117/941/691 1113/940/690 1137/942/691
f 1128/768/54 1686/727/54 1510/699/54
f 1139/943/697 1137/942/691 1159/944/697
f 1123/945/693 1121/929/692 1125/946/693
f 1127/947/694 1125/946/693 1129/948/694
f 1131/949/695 1129/948/694 1133/950/695
f 1135/951/696 1133/950/695 1141/931/696
f 1143/930/698 1141/931/696 1145/932/698
f 1161/952/702 1159/944/697 1181/953/702
f 1147/951/699 1145/932/698 1149/931/699
f 1151/949/700 1149/931/699 1153/950/700
f 1155/947/652 1153/950/700 1157/948/652
f 1469/945/703 1157/948/652 1489/946/703
f 1183/954/708 1181/953/702 1203/955/708
f 1190/765/2 1230/807/2 1266/811/2
f 1167/956/704 1165/957/703 1169/958/704
f 1163/959/703 1277/960/652 1165/957/703
f 1244/823/54 1208/787/54 1168/759/54
f 1171/961/705 1169/958/704 1173/962/705
f 1175/963/706 1173/964/705 1177/965/706
f 1179/966/707 1177/965/706 1185/967/707
f 1187/968/709 1185/967/707 1189/960/709
f 1205/969/713 1203/970/708 1225/971/713
f 1191/959/710 1189/960/709 1193/957/710
f 1195/956/711 1193/957/710 1197/958/711
f 1199/961/712 1197/958/711 1201/962/712
f 1207/956/714 1201/962/712 1209/958/714
f 1227/698/719 1225/971/713 1247/972/719
f 1211/959/715 1209/958/714 1213/957/715
f 1215/968/716 1213/957/715 1217/960/716
f 1219/966/717 1217/960/716 1221/967/717
f 1223/963/718 1221/967/717 1229/965/718
f 1231/973/687 1229/965/718 1233/964/687
f 1249/696/720 1247/972/719 1269/498/720
f 1235/956/692 1233/962/687 1237/958/692
f 1239/959/693 1237/958/692 1241/957/693
f 1243/968/694 1241/957/693 1245/960/694
f 1251/966/695 1245/960/694 1253/967/695
f 1271/974/721 1269/498/720 1291/975/721
f 1255/963/696 1253/967/695 1257/965/696
f 1259/973/698 1257/965/696 1261/964/698
f 1263/963/699 1261/964/698 1265/965/699
f 1267/966/700 1265/965/699 1273/967/700
f 1275/968/652 1273/967/700 1277/960/652
f 1293/976/722 1291/975/721 1313/977/722
f 1310/703/2 1350/813/2 1390/700/2
f 1283/978/704 1281/979/703 1285/980/704
f 1279/981/703 1393/982/652 1281/979/703
f 1368/769/54 1328/743/54 1288/193/54
f 1287/983/705 1285/980/704 1289/984/705
f 1295/985/706 1289/986/705 1297/987/706
f 1315/952/723 1313/955/722 1335/953/723
f 1299/988/707 1297/987/706 1301/989/707
f 1303/990/709 1301/989/707 1305/982/709
f 1307/981/710 1305/982/709 1309/979/710
f 1311/978/711 1309/979/710 1317/980/711
f 1319/983/712 1317/980/711 1321/984/712
f 1337/943/725 1335/953/723 1357/944/725
f 1323/978/714 1321/984/712 1325/980/714
f 1327/981/715 1325/980/714 1329/979/715
f 1331/990/716 1329/979/715 1333/982/716
f 1339/988/717 1333/982/716 1341/989/717
f 1359/941/726 1357/944/725 1379/942/726
f 1343/985/718 1341/989/717 1345/987/718
f 1347/991/687 1345/987/718 1349/986/687
f 1351/978/692 1349/984/687 1353/980/692
f 1355/981/693 1353/980/692 1361/979/693
f 1363/990/694 1361/979/693 1365/982/694
f 1381/938/728 1379/942/726 1401/940/728
f 1367/988/695 1365/982/694 1369/989/695
f 1371/985/696 1369/989/695 1373/987/696
f 1375/991/698 1373/987/696 1377/986/698
f 1383/985/699 1377/986/698 1385/987/699
f 1403/992/729 1401/940/728 1423/939/729
f 1387/988/700 1385/987/699 1389/989/700
f 1391/990/652 1389/989/700 1393/982/652
f 1430/764/2 1470/829/2 1506/751/2
f 1399/993/704 1397/994/703 1405/995/704
f 1395/996/703 1509/997/652 1397/994/703
f 1492/804/54 1452/784/54 1412/746/54
f 1407/998/705 1405/995/704 1409/999/705
f 1425/1000/730 1423/1001/729 1445/1002/730
f 1411/1003/706 1409/1004/705 1413/1005/706
f 1415/1006/707 1413/1005/706 1417/1007/707
f 1419/1008/709 1417/1007/707 1421/997/709
f 1427/996/710 1421/997/709 1429/994/710
f 1447/1009/652 1445/1002/730 1467/937/652
f 1431/993/711 1429/994/710 1433/995/711
f 1435/998/712 1433/995/711 1437/999/712
f 1439/993/714 1437/999/712 1441/995/714
f 1443/996/715 1441/995/714 1449/994/715
f 1451/1008/716 1449/994/715 1453/997/716
f 1455/1006/717 1453/997/716 1457/1007/717
f 1459/1003/718 1457/1007/717 1461/1005/718
f 1463/1010/687 1461/1005/718 1465/1004/687
f 1471/993/692 1465/999/687 1473/995/692
f 1491/927/704 1489/946/703 1511/929/704
f 1475/996/693 1473/995/692 1477/994/693
f 1479/1008/694 1477/994/693 1481/997/694
f 1483/1006/695 1481/997/694 1485/1007/695
f 1487/1003/696 1485/1007/695 1493/1005/696
f 1495/1010/698 1493/1005/696 1497/1004/698
f 1513/1011/705 1511/929/704 1533/928/705
f 1499/1003/699 1497/1004/698 1501/1005/699
f 1503/1006/700 1501/1005/699 1505/1007/700
f 1507/1008/652 1505/1007/700 1509/997/652
f 1535/951/706 1533/932/705 1555/931/706
f 1542/705/2 1582/752/2 1618/767/2
f 1519/1012/704 1517/1013/703 1521/1014/704
f 1515/1015/703 1629/1016/652 1517/1013/703
f 1604/769/54 1564/743/54 1524/193/54
f 1523/1017/705 1521/1014/704 1525/1018/705
f 1527/1019/706 1525/1020/705 1529/1021/706
f 1531/1022/707 1529/1021/706 1537/1023/707
f 1539/1024/709 1537/1023/707 1541/1016/709
f 1557/949/707 1555/931/706 1577/950/707
f 1543/1015/710 1541/1016/709 1545/1013/710
f 1547/1012/711 1545/1013/710 1549/1014/711
f 1551/1017/712 1549/1014/711 1553/1018/712
f 1559/1012/714 1553/1018/712 1561/1014/714
f 1579/947/709 1577/950/707 1599/948/709
f 1563/1015/715 1561/1014/714 1565/1013/715
f 1567/1024/716 1565/1013/715 1569/1016/716
f 1571/1022/717 1569/1016/716 1573/1023/717
f 1575/1019/718 1573/1023/717 1581/1021/718
f 1583/1025/687 1581/1021/718 1585/1020/687
f 1601/945/710 1599/948/709 1621/946/710
f 1587/1012/692 1585/1018/687 1589/1014/692
f 1591/1015/693 1589/1014/692 1593/1013/693
f 1595/1024/694 1593/1013/693 1597/1016/694
f 1603/1022/695 1597/1016/694 1605/1023/695
f 1623/927/711 1621/946/710 1643/929/711
f 1607/1019/696 1605/1023/695 1609/1021/696
f 1611/1025/698 1609/1021/696 1613/1020/698
f 1615/1019/699 1613/1020/698 1617/1021/699
f 1619/1022/700 1617/1021/699 1625/1023/700
f 1627/1024/652 1625/1023/700 1629/1016/652
f 1645/1011/712 1643/929/711 1665/928/712
f 1658/765/2 1698/807/2 1742/811/2
f 1635/1026/704 1633/1027/703 1637/1028/704
f 1631/1029/703 1749/1030/652 1633/1027/703
f 1724/804/54 1684/784/54 1648/746/54
f 1639/1031/705 1637/1028/704 1641/1032/705
f 1647/1033/706 1641/1034/705 1649/1035/706
f 1667/927/714 1665/928/712 1687/929/714
f 1651/1036/707 1649/1035/706 1653/1037/707
f 1655/1038/709 1653/1037/707 1657/1030/709
f 1659/1029/710 1657/1030/709 1661/1027/710
f 1663/1026/711 1661/1027/710 1669/1028/711
f 1671/1031/712 1669/1028/711 1673/1032/712
f 1689/945/715 1687/929/714 1709/946/715
f 1675/1026/714 1673/1032/712 1677/1028/714
f 1679/1029/715 1677/1028/714 1681/1027/715
f 1683/1038/716 1681/1027/715 1685/1030/716
f 1691/1036/717 1685/1030/716 1693/1037/717
f 1711/947/716 1709/946/715 1731/948/716
f 1695/1033/718 1693/1037/717 1697/1035/718
f 1699/1039/687 1697/1035/718 1701/1034/687
f 1703/1026/692 1701/1032/687 1705/1028/692
f 1707/1029/693 1705/1028/692 1713/1027/693
f 1715/1038/694 1713/1027/693 1717/1030/694
f 1733/949/717 1731/948/716 1735/950/717
f 1719/1036/695 1717/1030/694 1721/1037/695
f 1723/1033/696 1721/1037/695 1725/1035/696
f 1727/1039/698 1725/1035/696 1729/1034/698
f 1739/1033/699 1729/1034/698 1741/1035/699
f 1737/951/718 1735/950/717 1751/931/718
f 1743/1036/700 1741/1035/699 1745/1037/700
f 1747/1038/652 1745/1037/700 1749/1030/652
f 141/1/64 162/43/76 163/2/77
f 731/4/490 143/37/66 144/5/67
f 163/2/77 184/70/90 185/7/91
f 145/9/68 144/5/67 165/10/79
f 728/12/487 140/42/63 141/1/64
f 850/14/561 865/94/571 864/15/570
f 445/17/279 466/104/295 469/18/295
f 148/20/71 147/57/70 168/21/82
f 301/23/169 303/690/169 302/24/168
f 733/26/492 145/9/68 146/27/69
f 164/8/78 185/7/91 186/29/92
f 802/30/531 817/55/539 816/31/538
f 820/33/542 835/59/552 834/34/551
f 730/36/489 142/3/65 143/37/66
f 365/38/218 368/65/218 345/39/199
f 168/21/82 189/101/95 190/41/96
f 140/42/63 161/48/75 162/43/76
f 728/12/487 726/84/486 138/44/62
f 282/45/153 281/89/153 280/46/152
f 161/48/75 182/102/88 183/49/89
f 143/37/66 164/8/78 165/10/79
f 425/50/264 427/118/264 402/51/235
f 165/10/79 186/29/92 187/53/93
f 803/54/532 818/451/540 817/55/539
f 146/56/69 167/100/81 168/21/82
f 805/60/534 820/33/542 819/35/541
f 800/62/529 815/79/537 814/63/536
f 386/38/234 359/40/215 363/39/215
f 601/66/400 599/506/398 615/67/398
f 359/40/215 328/480/188 338/69/188
f 162/43/76 183/49/89 184/70/90
f 473/71/297 470/596/297 240/72/125
f 734/74/493 146/56/69 147/57/70
f 167/76/81 166/11/80 187/53/93
f 816/31/538 831/91/548 830/78/547
f 298/80/167 299/1040/167 320/81/171
f 365/38/218 389/52/235 402/51/235
f 801/32/530 816/31/538 815/79/537
f 386/38/234 388/65/234 423/51/248
f 814/63/536 815/79/537 830/78/547
f 729/13/488 141/1/64 142/3/65
f 819/35/541 834/34/551 833/86/550
f 732/6/491 144/5/67 145/9/68
f 507/88/328 511/834/328 281/89/153
f 126/75/57 147/57/70 148/20/71
f 146/27/69 145/9/68 166/11/80
f 817/55/539 832/392/549 831/91/548
f 142/3/65 163/2/77 164/8/78
f 300/25/168 302/24/168 297/92/166
f 138/44/62 159/83/74 161/48/75
f 844/95/555 845/490/556 860/96/566
f 804/61/533 819/35/541 818/87/540
f 167/100/81 188/1041/94 189/101/95
f 159/83/74 180/98/87 182/102/88
f 185/7/91 206/126/102 207/103/103
f 451/17/282 464/19/282 485/18/300
f 660/105/330 613/504/365 552/106/365
f 186/29/92 207/103/103 208/108/104
f 466/104/295 486/161/310 487/109/310
f 789/110/523 804/61/533 803/99/532
f 187/53/93 208/108/104 209/112/105
f 189/115/95 188/77/94 209/112/105
f 182/102/88 180/98/87 201/113/98
f 451/17/282 433/50/269 444/118/269
f 189/101/95 210/1042/106 211/119/107
f 182/102/88 203/117/99 204/120/100
f 788/121/522 803/54/532 802/30/531
f 785/123/519 800/62/529 799/64/528
f 183/49/89 204/120/100 205/125/101
f 785/123/519 786/148/520 801/32/530
f 184/70/90 205/125/101 206/126/102
f 283/47/152 280/46/152 261/127/139
f 210/129/106 209/447/105 230/130/118
f 203/117/99 201/113/98 222/132/111
f 773/134/514 788/111/522 787/135/521
f 210/129/106 231/131/119 232/137/120
f 203/117/99 224/133/112 225/139/113
f 538/140/352 508/161/312 489/109/312
f 405/52/248 423/51/248 444/118/269
f 205/125/101 204/120/100 225/139/113
f 790/114/524 805/60/534 804/61/533
f 205/125/101 226/142/114 227/143/115
f 573/144/380 611/388/410 620/145/410
f 207/103/103 206/126/102 227/143/115
f 787/122/521 802/30/531 801/32/530
f 849/16/560 864/15/570 863/149/569
f 208/108/104 207/103/103 228/147/116
f 445/17/279 449/19/279 427/118/264
f 772/152/513 787/122/521 786/148/520
f 209/112/105 208/108/104 229/151/117
f 226/142/114 247/175/131 248/156/132
f 758/157/504 773/1043/514 772/158/513
f 228/147/116 227/143/115 248/156/132
f 491/140/313 571/141/378 487/109/310
f 661/162/156 660/105/330 510/107/330
f 229/151/117 228/147/116 249/160/133
f 697/165/468 698/211/468 680/166/455
f 229/151/117 250/164/134 251/168/135
f 231/131/119 230/130/118 251/170/135
f 222/132/111 243/169/127 245/172/129
f 231/131/119 252/171/136 253/173/137
f 224/133/112 245/172/129 246/174/130
f 225/139/113 246/174/130 247/175/131
f 759/176/505 774/213/515 773/134/514
f 252/171/136 251/170/135 272/179/147
f 245/172/129 243/169/127 264/178/140
f 252/171/136 273/180/148 274/182/149
f 245/172/129 266/181/141 267/183/142
f 234/184/45 233/193/121 223/185/44
f 246/174/130 267/183/142 268/187/143
f 247/175/131 268/187/143 269/188/144
f 249/160/133 248/156/132 269/188/144
f 848/150/559 863/149/569 862/190/568
f 249/160/133 270/189/145 271/192/146
f 221/184/42 220/186/43 219/185/43
f 250/164/134 271/192/146 272/194/147
f 268/187/143 289/214/159 290/195/160
f 270/189/145 269/188/144 290/195/160
f 496/199/317 529/340/317 556/200/327
f 270/189/145 291/196/161 292/202/162
f 271/192/146 292/202/162 293/203/163
f 273/180/148 272/179/147 293/205/163
f 266/181/141 264/178/140 285/204/155
f 273/180/148 294/206/164 295/208/165
f 267/183/142 266/181/141 287/207/157
f 739/210/495 704/165/471 706/211/471
f 775/155/516 790/114/524 789/110/523
f 268/187/143 267/183/142 288/209/158
f 292/202/162 313/230/179 314/215/180
f 681/167/457 675/251/454 676/217/454
f 294/206/164 293/205/163 314/218/180
f 287/207/157 285/204/155 306/216/172
f 294/206/164 315/219/181 316/221/182
f 287/207/157 308/220/174 309/222/175
f 760/198/506 775/155/516 774/213/515
f 597/144/397 538/140/352 535/141/350
f 288/209/158 309/222/175 310/223/176
f 289/214/159 310/223/176 311/224/177
f 291/196/161 290/195/160 311/224/177
f 1028/226/667 1029/350/668 759/176/505
f 847/227/558 862/503/568 861/228/567
f 291/196/161 312/225/178 313/230/179
f 310/223/176 309/222/175 330/231/190
f 254/233/128 244/549/128 242/234/126
f 310/223/176 331/232/191 332/235/192
f 312/225/178 311/224/177 332/235/192
f 217/237/109 216/707/110 215/238/110
f 312/225/178 333/236/193 334/240/194
f 313/230/179 334/240/194 335/241/195
f 315/219/181 314/218/180 335/243/195
f 306/216/172 327/242/187 329/245/189
f 315/219/181 336/244/196 337/246/197
f 309/222/175 308/220/174 329/245/189
f 1025/247/664 755/269/501 754/248/500
f 640/250/428 641/290/428 676/217/454
f 334/240/194 355/266/211 356/252/212
f 336/254/196 335/241/195 356/252/212
f 327/242/187 348/253/204 350/256/206
f 336/244/196 357/1044/213 358/257/214
f 330/231/190 329/245/189 350/256/206
f 704/165/471 681/167/457 685/166/457
f 770/259/511 771/153/512 786/148/520
f 330/231/190 351/258/207 352/260/208
f 331/232/191 352/260/208 353/261/209
f 333/236/193 332/235/192 353/261/209
f 696/263/412 617/497/412 577/264/348
f 333/236/193 354/262/210 355/266/211
f 756/267/502 771/329/512 770/268/511
f 1027/270/666 1028/1045/667 758/157/504
f 351/258/207 372/286/222 373/271/223
f 770/259/511 785/123/519 784/124/518
f 352/260/208 373/271/223 374/273/224
f 354/262/210 353/261/209 374/273/224
f 490/275/150 296/93/166 297/92/166
f 354/262/210 375/274/225 376/277/226
f 721/210/485 724/212/485 698/211/468
f 355/266/211 376/277/226 377/278/227
f 357/280/213 356/1046/212 377/281/227
f 348/253/204 369/279/219 371/283/221
f 357/280/213 378/282/228 379/284/229
f 350/256/206 371/283/221 372/286/222
f 834/34/551 849/16/560 848/150/559
f 375/274/225 396/298/242 397/287/243
f 376/277/226 397/287/243 398/288/244
f 635/250/426 654/251/439 662/217/439
f 377/281/227 398/310/244 399/291/245
f 369/279/219 390/289/236 392/292/238
f 378/282/228 399/291/245 400/293/246
f 371/283/221 392/292/238 393/294/239
f 372/286/222 393/294/239 394/295/240
f 373/271/223 394/295/240 395/296/241
f 721/210/485 720/620/484 725/297/484
f 375/274/225 374/273/224 395/296/241
f 399/291/245 420/311/260 421/299/261
f 392/292/238 413/312/253 414/300/254
f 394/295/240 393/294/239 414/300/254
f 774/213/515 789/110/523 788/111/522
f 394/295/240 415/301/255 416/302/256
f 396/298/242 395/296/241 416/302/256
f 536/304/151 643/492/154 284/305/154
f 396/298/242 417/303/257 418/307/258
f 397/287/243 418/307/258 419/308/259
f 398/310/244 419/1047/259 420/311/260
f 392/292/238 390/289/236 411/309/252
f 417/303/257 416/302/256 437/313/273
f 831/91/548 846/393/557 845/315/556
f 417/303/257 438/314/274 439/316/275
f 1027/270/666 757/159/503 756/267/502
f 418/307/258 439/316/275 440/318/276
f 420/311/260 419/1047/259 440/320/276
f 411/309/252 432/319/268 434/322/270
f 420/311/260 441/321/277 442/323/278
f 413/312/253 434/322/270 435/324/271
f 415/301/255 414/300/254 435/324/271
f 677/167/455 680/166/455 662/217/439
f 415/301/255 436/325/272 437/313/273
f 432/319/268 453/335/284 455/326/286
f 441/321/277 462/336/293 463/327/294
f 434/322/270 455/326/286 456/328/287
f 756/267/502 757/159/503 772/158/513
f 436/325/272 435/324/271 456/328/287
f 436/325/272 457/330/288 458/331/289
f 438/314/274 437/313/273 458/331/289
f 835/59/552 850/14/561 849/16/560
f 439/316/275 438/314/274 459/332/290
f 439/316/275 460/333/291 461/334/292
f 440/320/276 461/1048/292 462/336/293
f 755/269/501 770/268/511 769/337/510
f 459/332/290 458/331/289 479/338/304
f 496/199/317 490/275/150 278/276/150
f 460/333/291 459/332/290 480/339/305
f 460/333/291 481/341/306 482/342/307
f 462/336/293 461/1048/292 482/344/307
f 453/335/284 474/343/299 476/346/301
f 462/336/293 483/345/308 484/347/309
f 455/326/286 476/346/301 477/348/302
f 475/104/300 485/18/300 489/109/312
f 456/328/287 477/348/302 478/349/303
f 457/330/288 478/349/303 479/338/304
f 1029/350/668 1030/197/669 760/198/506
f 482/344/307 503/1049/324 504/351/325
f 474/343/299 495/360/316 497/352/318
f 483/345/308 504/351/325 505/353/326
f 476/346/301 497/352/318 498/354/319
f 477/348/302 498/354/319 499/355/320
f 478/349/303 499/355/320 500/356/321
f 480/339/305 479/338/304 500/356/321
f 480/339/305 501/357/322 502/358/323
f 481/341/306 502/358/323 503/359/324
f 499/355/320 520/375/339 521/361/340
f 501/357/322 500/356/321 521/361/340
f 515/363/334 683/471/334 682/364/395
f 502/358/323 501/357/322 522/362/341
f 503/359/324 502/358/323 523/366/342
f 503/359/324 524/367/343 525/369/344
f 497/352/318 495/360/316 516/368/335
f 504/372/325 525/377/344 526/373/345
f 497/352/318 518/371/337 519/374/338
f 499/355/320 498/354/319 519/374/338
f 525/377/344 524/243/343 545/378/359
f 518/371/337 516/368/335 537/376/351
f 525/377/344 546/379/360 547/381/361
f 518/371/337 539/380/353 540/382/354
f 520/375/339 519/374/338 540/382/354
f 520/375/339 541/383/355 542/384/356
f 522/362/341 521/361/340 542/384/356
f 255/128/126 242/234/126 237/386/123
f 523/366/342 522/362/341 543/385/357
f 597/144/397 598/146/397 633/145/416
f 523/366/342 544/387/358 545/389/359
f 541/383/355 562/401/371 563/390/372
f 543/385/357 542/384/356 563/390/372
f 832/392/549 847/419/558 846/393/557
f 543/385/357 564/391/373 565/394/374
f 544/387/358 565/394/374 566/395/375
f 545/378/359 566/405/375 567/397/376
f 537/376/351 558/396/367 560/398/369
f 546/379/360 567/397/376 568/399/377
f 540/382/354 539/380/353 560/398/369
f 540/382/354 561/400/370 562/401/371
f 566/395/375 565/394/374 586/402/389
f 566/405/375 587/1050/390 588/406/391
f 560/398/369 558/396/367 579/404/382
f 567/397/376 588/406/391 589/408/392
f 560/398/369 581/407/384 582/409/385
f 561/400/370 582/409/385 583/410/386
f 562/401/371 583/410/386 584/411/387
f 564/391/373 563/390/372 584/411/387
f 829/85/546 830/78/547 845/315/556
f 564/391/373 585/412/388 586/402/389
f 583/410/386 582/409/385 603/414/402
f 583/410/386 604/415/403 605/416/404
f 585/412/388 584/411/387 605/416/404
f 833/418/550 848/577/559 847/419/558
f 585/412/388 606/417/405 607/420/406
f 587/403/390 586/402/389 607/420/406
f 588/406/391 587/1050/390 608/170/407
f 579/404/382 600/422/399 602/424/401
f 588/406/391 609/423/408 610/425/409
f 581/407/384 602/424/401 603/414/402
f 607/420/406 606/417/405 627/426/421
f 635/250/426 636/290/426 620/145/410
f 607/420/406 628/427/422 629/428/423
f 1026/317/665 756/267/502 755/269/501
f 609/423/408 608/170/407 629/130/423
f 602/424/401 600/422/399 621/429/415
f 609/423/408 630/430/424 631/432/425
f 602/424/401 623/431/417 624/433/418
f 604/415/403 603/414/402 624/433/418
f 604/415/403 625/434/419 626/435/420
f 606/417/405 605/416/404 626/435/420
f 536/304/151 279/306/151 299/436/167
f 623/431/417 644/449/430 645/438/431
f 624/433/418 645/438/431 646/439/432
f 625/434/419 646/439/432 647/440/433
f 627/426/421 626/435/420 647/440/433
f 307/442/173 305/82/171 320/81/171
f 628/427/422 627/426/421 648/441/434
f 628/427/422 649/444/435 650/445/436
f 630/430/424 629/130/423 650/447/436
f 621/429/415 642/446/429 644/449/430
f 630/430/424 651/448/437 652/450/438
f 818/451/540 833/418/550 832/392/549
f 649/444/435 648/441/434 669/452/448
f 649/444/435 670/453/449 671/454/450
f 651/456/437 650/445/436 671/454/450
f 642/446/429 663/455/442 665/458/444
f 651/459/437 672/465/451 673/460/452
f 644/449/430 665/458/444 666/462/445
f 645/438/431 666/462/445 667/463/446
f 646/439/432 667/463/446 668/464/447
f 648/441/434 647/440/433 668/464/447
f 672/465/451 693/476/466 694/466/467
f 665/458/444 686/477/459 687/467/460
f 666/462/445 687/467/460 688/468/461
f 667/463/446 688/468/461 689/469/462
f 669/452/448 668/464/447 689/469/462
f 548/363/332 658/365/363 550/364/363
f 670/453/449 669/452/448 690/470/463
f 670/453/449 691/472/464 692/473/465
f 622/388/416 633/145/416 641/290/428
f 672/465/451 671/1051/450 692/475/465
f 663/455/442 684/474/458 686/477/459
f 690/470/463 689/469/462 710/478/476
f 340/40/199 345/39/199 322/69/185
f 691/472/464 690/470/463 711/479/477
f 691/472/464 712/481/478 713/482/479
f 693/476/466 692/475/465 713/484/479
f 684/474/458 705/483/472 707/486/473
f 693/476/466 714/485/480 715/487/481
f 687/467/460 686/477/459 707/486/473
f 687/467/460 708/488/474 709/489/475
f 573/144/380 578/146/380 571/141/378
f 688/468/461 709/489/475 710/478/476
f 705/483/472 726/84/486 728/12/487
f 714/485/480 126/75/57 736/90/494
f 707/486/473 728/12/487 729/13/488
f 846/229/557 861/228/567 860/96/566
f 708/488/474 729/13/488 730/36/489
f 709/489/475 730/36/489 731/4/490
f 711/479/477 710/478/476 731/4/490
f 661/491/156 286/1052/156 284/305/154
f 711/479/477 732/6/491 733/26/492
f 506/201/327 556/200/327 570/493/311
f 712/481/478 733/26/492 734/28/493
f 714/485/480 713/484/479 734/74/493
f 859/97/565 860/96/566 875/495/574
f 702/263/469 569/265/366 554/264/366
f 213/498/108 263/972/138 260/499/138
f 863/501/569 878/521/577 877/502/576
f 613/504/365 612/509/381 575/505/381
f 599/506/398 488/494/311 570/493/311
f 864/15/570 879/511/578 878/507/577
f 738/508/443 664/531/443 550/364/363
f 861/228/567 876/513/575 875/495/574
f 612/509/381 596/534/396 632/510/396
f 865/94/571 880/512/579 879/511/578
f 862/503/568 877/502/576 876/513/575
f 619/514/414 634/517/414 678/515/456
f 619/514/414 601/66/400 614/68/400
f 874/496/573 875/495/574 890/518/584
f 878/521/577 893/541/587 892/522/586
f 616/523/411 656/554/441 700/524/441
f 590/71/393 580/73/383 592/526/383
f 258/528/3 257/699/3 256/529/4
f 595/508/394 594/365/395 682/364/395
f 878/507/577 879/511/578 894/532/588
f 596/534/396 616/869/411 699/535/411
f 876/513/575 891/536/585 890/518/584
f 880/512/579 895/520/589 894/532/588
f 877/502/576 892/522/586 891/536/585
f 695/537/413 618/576/413 617/497/412
f 889/519/583 890/518/584 905/538/592
f 893/541/587 908/1053/595 907/542/594
f 639/543/427 723/572/427 722/544/440
f 735/546/482 727/550/483 719/547/483
f 262/128/139 261/127/139 260/549/138
f 679/516/456 678/515/456 719/547/483
f 893/533/587 894/532/588 909/551/596
f 655/553/440 722/1054/440 700/524/441
f 891/536/585 906/555/593 905/538/592
f 895/520/589 910/540/597 909/551/596
f 892/522/586 907/542/594 906/555/593
f 737/556/453 674/575/453 664/531/443
f 904/539/591 905/538/592 920/557/602
f 908/552/595 923/571/605 922/560/604
f 528/562/346 533/587/346 701/563/364
f 494/565/315 653/570/315 742/566/497
f 277/530/7 276/701/8 275/568/8
f 494/565/315 735/546/482 718/548/482
f 909/551/596 924/573/606 923/571/605
f 639/543/427 551/564/364 701/563/364
f 906/555/593 921/574/603 920/557/602
f 910/540/597 925/559/607 924/573/606
f 907/542/594 922/1055/604 921/574/603
f 595/508/394 593/531/394 531/575/347
f 703/537/470 702/263/469 717/497/469
f 923/577/605 938/616/613 937/578/612
f 454/579/285 448/859/281 465/580/281
f 638/582/379 572/601/379 618/576/413
f 659/583/333 514/602/333 554/264/366
f 468/567/296 742/566/497 741/584/283
f 924/573/606 939/591/614 938/586/613
f 454/579/285 467/581/285 533/587/346
f 921/588/603 936/592/611 935/589/610
f 925/559/607 940/597/615 939/591/614
f 922/419/604 937/578/612 936/592/611
f 446/593/280 452/585/283 741/584/283
f 473/71/297 472/88/298 471/595/298
f 919/413/601 920/590/602 935/589/610
f 408/598/251 430/1056/251 429/599/266
f 517/582/336 703/537/470 716/576/470
f 512/583/331 532/265/348 577/264/348
f 657/603/362 549/624/362 674/575/453
f 938/586/613 939/591/614 954/604/624
f 448/606/281 447/600/266 429/599/266
f 936/592/611 951/609/621 950/608/620
f 940/597/615 955/615/625 954/604/624
f 937/578/612 952/617/622 951/609/621
f 428/610/265 450/613/265 443/611/247
f 446/593/280 492/594/280 450/613/265
f 934/85/609 935/589/610 950/608/620
f 938/616/613 953/618/623 952/617/622
f 953/618/623 968/649/631 967/619/630
f 740/620/496 743/297/496 514/602/333
f 410/621/249 409/630/250 407/622/250
f 555/603/267 557/556/347 531/575/347
f 954/604/624 969/628/632 968/625/631
f 422/534/262 426/510/262 430/535/251
f 951/609/621 966/629/629 965/627/628
f 955/615/625 970/632/633 969/628/632
f 952/617/622 967/619/630 966/629/629
f 404/612/247 443/611/247 407/622/250
f 412/631/237 391/505/237 426/510/262
f 949/614/619 950/608/620 965/627/628
f 638/582/379 553/635/263 424/634/263
f 517/582/336 576/601/336 637/634/233
f 657/603/362 559/651/368 509/636/329
f 493/637/314 527/839/314 592/526/383
f 383/638/232 401/106/232 391/505/237
f 968/625/631 969/628/632 984/639/642
f 370/641/220 403/647/220 381/642/230
f 966/629/629 981/645/639 980/644/638
f 970/632/633 985/648/643 984/639/642
f 967/619/630 982/650/640 981/645/639
f 382/646/231 387/107/231 401/106/232
f 410/621/249 406/623/249 403/647/220
f 964/633/627 965/627/628 980/644/638
f 968/649/631 983/1057/641 982/650/640
f 555/603/267 431/624/267 360/636/216
f 720/620/484 512/583/331 574/602/331
f 362/162/217 385/163/217 387/107/231
f 983/640/641 984/639/642 999/652/650
f 339/654/198 349/662/205 367/655/205
f 981/645/639 996/658/647 995/657/646
f 985/648/643 1000/663/651 999/652/650
f 982/650/640 997/1058/648 996/658/647
f 361/659/203 346/680/203 385/660/217
f 380/643/230 381/642/230 367/655/205
f 979/124/637 980/644/638 995/657/646
f 983/640/641 998/653/649 997/664/648
f 343/666/202 339/654/198 366/656/198
f 739/210/495 746/212/495 743/297/496
f 553/635/263 548/363/332 513/471/332
f 998/653/649 999/652/650 1014/668/660
f 343/666/202 364/667/202 342/670/201
f 996/672/647 1011/676/657 1010/673/656
f 1000/663/651 1015/683/661 1014/668/660
f 997/675/648 1012/685/658 1011/676/657
f 344/671/201 342/670/201 324/677/186
f 341/679/200 347/687/200 346/680/203
f 994/681/645 995/674/646 1010/673/656
f 998/684/649 1013/694/659 1012/685/658
f 559/651/368 530/480/185 322/69/185
f 326/686/184 321/1059/184 347/687/200
f 384/635/233 637/634/233 683/471/334
f 1014/668/660 1029/350/668 1028/226/667
f 318/688/183 323/678/186 324/677/186
f 1011/676/657 1026/317/665 1025/247/664
f 1015/683/661 1030/197/669 1029/350/668
f 1012/685/658 1027/270/666 1026/317/665
f 301/23/169 318/688/183 317/689/183
f 326/691/184 325/695/170 304/692/170
f 1009/682/655 1010/673/656 1025/247/664
f 1013/694/659 1028/1045/667 1027/270/666
f 534/651/349 360/636/216 338/69/188
f 325/695/170 307/442/173 319/443/173
f 238/47/124 237/386/123 236/89/122
f 202/696/97 200/1060/97 244/697/128
f 277/530/7 265/569/7 198/699/33
f 259/530/4 256/529/4 196/700/40
f 194/702/32 193/730/32 192/703/31
f 181/704/30 179/703/30 178/705/29
f 177/706/86 176/731/86 215/238/110
f 174/708/85 173/836/85 172/709/84
f 170/711/24 160/716/24 158/712/23
f 199/528/33 198/699/33 233/193/121
f 157/711/20 156/713/21 155/714/21
f 258/528/3 221/184/42 218/193/42
f 235/186/44 223/185/44 160/716/24
f 220/186/43 157/711/20 154/715/20
f 152/237/73 151/801/73 150/717/72
f 149/708/60 139/710/61 137/718/61
f 135/720/17 134/725/18 133/721/18
f 131/723/58 128/826/58 137/718/61
f 117/720/15 116/743/15 115/724/14
f 113/726/13 112/729/53 111/727/12
f 110/726/10 109/728/11 108/727/11
f 195/704/31 192/703/31 112/729/53
f 181/704/30 110/726/10 107/729/52
f 194/702/32 171/713/23 158/712/23
f 153/707/72 150/717/72 105/731/51
f 191/702/29 178/705/29 155/714/21
f 103/732/8 102/814/8 101/733/7
f 99/735/6 98/740/6 97/736/5
f 96/734/4 95/760/3 94/738/3
f 91/737/50 90/736/50 89/739/49
f 99/735/6 118/725/14 115/724/14
f 175/710/84 172/709/84 87/741/48
f 92/735/49 89/739/49 133/721/18
f 109/728/11 135/720/17 132/722/17
f 177/706/86 86/758/47 85/742/46
f 114/728/12 111/727/12 116/743/15
f 84/744/44 83/747/45 82/745/45
f 79/744/43 78/778/43 77/745/42
f 76/748/41 75/772/41 200/749/97
f 96/734/4 93/733/4 73/751/40
f 100/737/5 97/736/5 71/752/38
f 91/737/50 70/753/37 69/752/37
f 67/754/36 66/769/36 65/755/35
f 106/706/51 105/731/51 63/757/34
f 104/734/7 101/733/7 61/759/33
f 59/761/32 58/765/32 57/762/31
f 56/761/29 55/763/30 54/764/30
f 52/766/28 197/701/40 196/700/40
f 67/754/36 50/771/27 49/768/27
f 47/754/26 46/776/26 45/770/25
f 64/758/34 63/757/34 75/772/41
f 43/773/24 42/777/24 41/774/23
f 40/756/22 39/755/22 46/776/26
f 37/775/21 36/789/21 35/777/20
f 62/760/33 61/759/33 82/745/45
f 95/760/3 80/747/42 77/745/42
f 43/773/24 84/744/44 81/746/44
f 38/773/20 35/777/20 78/778/43
f 34/766/19 33/783/19 275/568/8
f 31/779/18 30/800/18 29/780/17
f 28/782/16 27/796/16 33/783/19
f 25/781/15 24/780/15 23/784/14
f 22/785/12 21/788/13 20/786/13
f 17/785/11 16/797/11 15/786/10
f 55/763/30 18/788/10 15/786/10
f 60/763/31 57/762/31 20/786/13
f 44/775/23 41/774/23 58/765/32
f 56/761/29 53/765/29 36/789/21
f 14/748/9 213/750/108 212/749/108
f 12/530/7 11/701/8 10/568/8
f 7/791/6 6/795/6 5/792/5
f 3/528/3 1752/699/3 1753/529/4
f 1754/791/49 1755/793/50 1756/794/50
f 26/779/14 23/784/14 6/795/6
f 1758/782/731 52/766/28 51/767/28
f 25/781/15 22/785/12 19/787/12
f 32/781/17 29/780/17 16/797/11
f 88/723/48 87/741/48 1761/798/732
f 1754/791/49 1757/795/49 30/800/18
f 152/237/73 1760/799/732 1761/798/732
f 1762/802/733 1763/830/733 49/768/27
f 1765/184/45 1766/193/45 1767/185/44
f 1768/184/42 1769/186/43 1770/185/43
f 1773/803/36 1774/810/36 1775/804/35
f 1776/802/734 48/771/25 45/770/25
f 4/530/4 1753/529/4 1779/700/40
f 8/793/5 5/792/5 1781/807/39
f 1755/793/50 1782/808/37 1783/807/37
f 12/530/7 9/569/7 1785/699/33
f 1787/702/32 1788/730/32 1789/703/31
f 1791/704/30 1792/703/30 1793/705/29
f 1794/809/27 1795/823/27 1774/810/36
f 74/732/40 73/751/40 1797/811/28
f 70/753/37 1798/820/735 1799/813/735
f 1801/711/24 1802/716/24 1803/712/23
f 1764/186/44 1767/185/44 1802/716/24
f 3/528/3 1768/184/42 1771/193/42
f 1804/812/19 1805/811/19 102/814/8
f 1806/711/20 1807/713/21 1808/714/21
f 1784/528/33 1785/699/33 1766/193/45
f 1769/186/43 1806/711/20 1809/715/20
f 1810/803/26 1811/805/22 1812/815/22
f 1814/720/17 1815/725/18 1816/721/18
f 1818/816/736 1758/782/731 1759/796/731
f 1804/812/19 1820/825/16 1821/818/16
f 1823/720/15 1824/743/15 1825/724/14
f 1827/726/13 1828/729/53 1829/727/12
f 1830/726/10 1831/728/11 1832/727/11
f 1810/803/26 1813/810/26 1835/819/25
f 1790/702/29 1793/705/29 1808/714/21
f 1791/704/30 1830/726/10 1833/729/52
f 1798/820/735 1776/802/734 1777/806/734
f 1786/704/31 1789/703/31 1828/729/53
f 1787/702/32 1800/713/23 1803/712/23
f 217/237/109 214/239/109 1837/821/738
f 1839/732/8 1840/814/8 1841/733/7
f 1843/735/6 1844/740/6 1845/736/5
f 1846/734/4 1847/760/3 1848/738/3
f 1851/737/50 1852/736/50 1853/739/49
f 1843/735/6 1822/725/14 1825/724/14
f 1850/735/49 1853/739/49 1816/721/18
f 1854/822/733 1855/828/733 1795/823/27
f 40/756/22 1818/816/736 1819/817/737
f 1826/728/12 1829/727/12 1824/743/15
f 1831/728/11 1814/720/17 1817/722/17
f 1796/812/28 1797/811/28 1857/824/731
f 1836/799/738 1837/821/738 128/826/58
f 1858/744/44 1859/747/45 1860/745/45
f 1863/744/43 1864/778/43 1865/745/42
f 1866/827/735 1867/829/735 1783/807/37
f 68/756/35 65/755/35 1869/817/740
f 1834/809/25 1835/819/25 1871/828/734
f 1838/734/7 1841/733/7 1873/759/33
f 1846/734/4 1849/733/4 1875/751/40
f 1842/737/5 1845/736/5 1877/752/39
f 1851/737/50 1878/753/37 1879/752/37
f 1881/754/36 1882/769/36 1883/755/35
f 1885/761/32 1886/765/32 1887/762/31
f 1888/761/29 1889/763/30 1890/764/30
f 1892/766/28 1778/701/40 1779/700/40
f 1881/754/36 1894/771/27 1895/768/27
f 1897/754/26 1898/776/26 1899/770/25
f 1870/822/734 1871/828/734 1867/829/735
f 1901/773/24 1902/777/24 1903/774/23
f 1904/766/19 1905/783/19 10/568/8
f 1906/756/22 1907/755/22 1898/776/26
f 1901/773/24 1858/744/44 1861/746/44
f 1847/760/3 1862/747/42 1865/745/42
f 1908/773/20 1909/775/21 1910/789/21
f 1872/760/33 1873/759/33 1860/745/45
f 1908/773/20 1911/777/20 1864/778/43
f 1912/781/17 1913/779/18 1914/800/18
f 1916/782/16 1917/796/16 1905/783/19
f 1918/820/741 1919/813/741 1763/830/733
f 1921/781/15 1922/780/15 1923/784/14
f 1924/785/12 1925/788/13 1926/786/13
f 1929/785/11 1930/797/11 1931/786/10
f 1884/763/31 1887/762/31 1926/786/13
f 1900/775/23 1903/774/23 1886/765/32
f 1888/761/29 1891/765/29 1910/789/21
f 1889/763/30 1928/788/10 1931/786/10
f 1932/827/741 1780/808/39 1781/807/39
f 1934/530/7 1935/701/8 1936/568/8
f 1939/791/6 1940/795/6 1941/792/5
f 1943/528/3 1944/699/3 1945/529/4
f 1946/791/49 1947/793/50 1948/794/50
f 1920/779/14 1923/784/14 1940/795/6
f 1950/782/731 1892/766/28 1893/767/28
f 1952/802/733 1953/830/733 1895/768/27
f 1921/781/15 1924/785/12 1927/787/12
f 1946/791/49 1949/795/49 1914/800/18
f 1811/805/22 1954/833/736 1955/832/736
f 1912/781/17 1915/780/17 1930/797/11
f 1856/825/731 1857/824/731 1955/832/736
f 14/748/9 13/790/9 85/742/46
f 1956/186/44 1957/184/45 1958/193/742
f 1961/186/43 1962/185/43 1963/193/743
f 1964/528/33 1934/530/7 1937/569/7
f 1967/803/36 1968/810/36 1969/804/35
f 1970/802/734 1896/771/25 1899/770/25
f 1942/530/4 1945/529/4 1973/700/40
f 1938/793/5 1941/792/5 1975/807/39
f 1947/793/50 1976/808/37 1977/807/37
f 1978/704/31 1979/702/32 1980/730/32
f 1983/704/30 1984/703/30 1985/705/29
f 1986/812/28 1874/732/40 1875/751/40
f 1988/809/27 1989/823/27 1968/810/36
f 1991/803/26 1992/810/26 1993/819/25
f 1995/711/24 1996/716/24 1997/712/23
f 1961/186/43 1998/711/20 1999/715/20
f 2000/812/19 2001/811/19 1840/814/8
f 1991/803/26 2002/805/22 2003/815/22
f 1956/186/44 1959/185/44 1996/716/24
f 1960/184/42 1963/193/743 1944/699/3
f 1998/711/20 2004/713/21 2005/714/21
f 1957/184/45 1964/528/33 1965/699/33
f 2006/720/17 2007/725/18 2008/721/18
f 2000/812/19 2010/825/16 2011/818/16
f 2012/816/736 1950/782/731 1951/796/731
f 2015/720/15 2016/743/15 2017/724/14
f 2018/728/12 2019/726/13 2020/729/744
f 2023/728/11 2024/727/11 2025/729/10
f 1979/702/32 1994/713/23 1997/712/23
f 2019/726/13 1978/704/31 1981/703/31
f 1982/702/29 1985/705/29 2005/714/21
f 1878/753/37 2026/820/735 2027/813/735
f 2022/726/10 2025/729/10 1984/703/30
f 2026/820/735 1970/802/734 1971/806/734
f 1772/805/35 1775/804/35 2029/832/739
f 2031/732/8 2032/814/8 2033/733/7
f 2034/737/5 2035/735/6 2036/740/6
f 2038/734/4 2039/760/3 2040/738/3
f 2043/737/50 2044/736/50 2045/739/49
f 2035/735/6 2014/725/14 2017/724/14
f 1986/812/28 1987/811/28 2047/824/731
f 1820/825/16 2028/833/739 2029/832/739
f 2048/822/733 2049/828/733 1989/823/27
f 2018/728/12 2021/727/12 2016/743/15
f 2042/735/49 2045/739/49 2008/721/18
f 2023/728/11 2006/720/17 2009/722/17
f 72/753/39 71/752/38 1919/813/741
f 1906/756/22 2012/816/736 2013/817/737
f 2050/744/44 2051/747/45 2052/745/45
f 2055/744/43 2056/778/43 2057/745/42
f 1868/816/739 1869/817/740 27/796/16
f 2058/753/37 2059/752/745 2044/736/50
f 2030/734/7 2033/733/7 2061/759/33
f 2062/756/35 2063/754/36 2064/769/36
f 2066/822/734 1990/809/25 1993/819/25
f 2038/734/4 2041/733/4 2069/751/40
f 2070/753/39 2034/737/5 2037/736/5
f 2073/761/32 2074/765/32 2075/762/31
f 2076/761/29 2077/763/30 2078/764/30
f 2080/766/28 1972/701/40 1973/700/40
f 2063/754/36 2082/771/27 2083/768/27
f 2085/754/26 2086/776/26 2087/770/25
f 2089/773/24 2090/777/24 2091/774/23
f 2060/760/33 2061/759/33 2052/745/45
f 2039/760/3 2054/747/42 2057/745/42
f 2089/773/24 2050/744/44 2053/746/44
f 2092/773/20 2093/777/20 2056/778/43
f 2094/766/19 2095/783/19 1936/568/8
f 2096/756/22 2097/755/22 2086/776/26
f 2092/773/20 2098/775/21 2099/789/21
f 2100/781/17 2101/779/18 2102/800/18
f 2104/782/16 2105/796/16 2095/783/19
f 2046/825/731 2047/824/731 2107/832/736
f 2109/781/15 2110/780/15 2111/784/14
f 2112/785/12 2113/788/13 2114/786/13
f 2117/785/11 2118/797/11 2119/786/10
f 2072/763/31 2075/762/31 2114/786/13
f 2077/763/30 2116/788/10 2119/786/10
f 2120/827/735 2121/829/735 1977/807/37
f 2088/775/23 2091/774/23 2074/765/32
f 2076/761/29 2079/765/29 2099/789/21
f 2066/822/734 2067/828/734 2121/829/735
f 2123/827/735 2124/829/735 2125/807/37
f 2127/791/6 2128/795/6 2129/792/5
f 2130/827/741 2131/808/39 2132/807/39
f 2134/791/49 2135/793/50 2136/794/50
f 2108/779/14 2111/784/14 2128/795/6
f 2138/782/731 2080/766/28 2081/767/28
f 2100/781/17 2103/780/17 2118/797/11
f 2002/805/22 2106/833/736 2107/832/736
f 2140/820/741 2141/813/741 1953/830/733
f 1854/822/733 1932/827/741 1933/831/741
f 2142/802/733 2143/830/733 2083/768/27
f 2109/781/15 2112/785/12 2115/787/12
f 2134/791/49 2137/795/49 2102/800/18
f 2144/820/735 2145/802/734 2146/806/734
f 2149/822/733 2150/828/733 2151/823/27
f 2152/822/734 2153/809/25 2154/819/25
f 2156/803/26 2157/805/22 2158/815/22
f 2160/827/741 1974/808/39 1975/807/39
f 2152/822/734 2155/828/734 2124/829/735
f 2162/820/741 2163/813/741 2143/830/733
f 2126/793/5 2129/792/5 2132/807/39
f 2135/793/50 2122/808/37 2125/807/37
f 2104/782/16 2164/816/739 2165/817/747
f 1876/753/39 1877/752/39 2141/813/741
f 2145/802/734 2084/771/25 2087/770/25
f 2166/816/739 2167/817/740 1917/796/16
f 2162/820/741 2070/753/39 2071/752/746
f 2169/812/28 2170/811/28 2171/824/731
f 2173/805/35 2174/804/35 2175/832/739
f 2176/812/19 2177/825/16 2178/818/16
f 2157/805/22 2180/833/736 2181/832/736
f 1966/805/35 1969/804/35 2183/832/739
f 2048/822/733 2160/827/741 2161/831/741
f 2184/803/36 2185/810/36 2174/804/35
f 2149/822/733 2130/827/741 2133/831/741
f 2148/809/27 2151/823/27 2185/810/36
f 2156/803/26 2159/810/26 2154/819/25
f 2138/782/731 2139/796/731 2187/817/736
f 2176/812/19 2179/811/19 2032/814/8
f 2144/820/735 2147/813/735 2059/752/745
f 2169/812/28 2068/732/40 2069/751/40
f 1880/756/35 1883/755/35 2167/817/740
f 2177/825/16 2172/833/739 2175/832/739
f 2168/825/731 2171/824/731 2181/832/736
f 2186/816/736 2187/817/736 2097/755/22
f 2164/816/739 2062/756/35 2065/755/35
f 2010/825/16 2182/833/739 2183/832/739
f 590/71/393 591/527/393 511/834/328
f 472/88/298 239/45/122 236/89/122
f 174/708/85 2188/838/748 2189/835/748
f 149/708/60 136/719/60 2191/837/749
f 2192/637/750 2193/840/750 2189/835/748
f 2190/838/749 2191/837/749 527/839/314
f 241/73/125 240/72/125 2193/840/750
f 750/24/54 1032/690/54 1020/689/54
f 1020/689/54 1007/677/54 1002/670/54
f 1002/670/54 990/667/54 977/656/54
f 977/656/54 972/655/54 960/642/54
f 960/642/54 947/647/54 942/623/54
f 942/623/54 930/622/54 917/611/54
f 917/611/54 912/613/54 900/594/54
f 900/594/54 887/584/54 882/566/54
f 882/566/54 870/570/54 857/548/54
f 857/548/54 852/547/54 840/515/54
f 840/515/54 827/517/54 822/68/54
f 822/68/54 810/67/54 797/493/54
f 797/493/54 792/200/54 780/340/54
f 780/340/54 767/276/54 762/92/54
f 762/92/54 750/24/54 1020/689/54
f 1020/689/54 1002/670/54 977/656/54
f 977/656/54 960/642/54 942/623/54
f 942/623/54 917/611/54 900/594/54
f 900/594/54 882/566/54 857/548/54
f 857/548/54 840/515/54 822/68/54
f 822/68/54 797/493/54 780/340/54
f 780/340/54 762/92/54 1020/689/54
f 1020/689/54 977/656/54 942/623/54
f 942/623/54 900/594/54 857/548/54
f 857/548/54 822/68/54 780/340/54
f 780/340/54 1020/689/54 942/623/54
f 1021/442/662 1008/695/654 1019/841/654
f 1033/82/498 1021/442/662 1023/842/662
f 1005/1059/2 1017/1061/2 1022/1062/2
f 1022/1062/2 748/1063/2 752/436/2
f 752/436/2 765/306/2 777/305/2
f 777/305/2 782/1052/2 795/1064/2
f 795/1064/2 807/1065/2 812/844/2
f 812/844/2 825/1066/2 837/525/2
f 837/525/2 842/524/2 855/1054/2
f 855/1054/2 867/1067/2 872/1068/2
f 872/1068/2 885/1069/2 897/845/2
f 897/845/2 902/607/2 915/599/2
f 915/599/2 927/1056/2 932/1070/2
f 932/1070/2 945/1071/2 957/1072/2
f 957/1072/2 962/1073/2 975/660/2
f 975/660/2 987/680/2 992/687/2
f 992/687/2 1005/1059/2 1022/1062/2
f 1022/1062/2 752/436/2 777/305/2
f 777/305/2 795/1064/2 812/844/2
f 812/844/2 837/525/2 855/1054/2
f 855/1054/2 872/1068/2 897/845/2
f 897/845/2 915/599/2 932/1070/2
f 932/1070/2 957/1072/2 975/660/2
f 975/660/2 992/687/2 1022/1062/2
f 1022/1062/2 777/305/2 812/844/2
f 812/844/2 855/1054/2 897/845/2
f 897/845/2 932/1070/2 975/660/2
f 975/660/2 1022/1062/2 812/844/2
f 1008/695/654 1004/691/653 1006/846/653
f 1004/691/653 991/848/644 993/847/644
f 991/848/644 978/1074/636 989/849/636
f 989/850/636 978/1075/636 974/162/635
f 974/162/635 961/646/626 963/852/626
f 961/646/626 948/638/618 959/853/618
f 948/638/618 944/631/617 946/854/617
f 944/631/617 931/534/608 933/855/608
f 931/534/608 918/626/600 929/856/600
f 918/626/600 914/1076/599 916/857/599
f 916/858/599 914/1077/599 901/859/590
f 903/860/590 901/859/590 888/579/582
f 888/579/582 884/562/581 886/862/581
f 884/562/581 871/564/572 873/863/572
f 871/564/572 858/543/564 869/864/564
f 869/864/564 858/543/564 854/545/563
f 854/545/563 841/1078/554 843/866/554
f 841/867/554 828/869/545 839/856/545
f 828/869/545 824/534/544 826/870/544
f 824/534/544 811/509/535 813/871/535
f 813/871/535 811/509/535 798/504/527
f 809/872/527 798/504/527 794/105/526
f 794/105/526 781/162/517 783/851/517
f 781/162/517 768/1075/509 779/874/509
f 768/875/509 764/1079/508 766/876/508
f 766/876/508 764/1079/508 751/80/499
f 751/80/499 1033/82/498 749/843/498
f 791/575/54 761/624/54 129/636/54
f 129/636/54 123/69/54 119/39/54
f 119/39/54 1036/65/54 1040/51/54
f 1040/51/54 1044/118/54 1048/19/54
f 1048/19/54 1052/18/54 1056/109/54
f 1056/109/54 1060/141/54 1064/146/54
f 1064/146/54 1068/145/54 1072/290/54
f 1072/290/54 1076/217/54 1080/166/54
f 1080/166/54 1084/211/54 1088/212/54
f 1088/212/54 1092/297/54 1096/602/54
f 1096/602/54 1031/264/54 1001/497/54
f 1001/497/54 971/576/54 941/601/54
f 941/601/54 911/634/54 881/471/54
f 881/471/54 851/364/54 821/531/54
f 821/531/54 791/575/54 129/636/54
f 129/636/54 119/39/54 1040/51/54
f 1040/51/54 1048/19/54 1056/109/54
f 1056/109/54 1064/146/54 1072/290/54
f 1072/290/54 1080/166/54 1088/212/54
f 1088/212/54 1096/602/54 1001/497/54
f 1001/497/54 941/601/54 881/471/54
f 881/471/54 821/531/54 129/636/54
f 129/636/54 1040/51/54 1056/109/54
f 1056/109/54 1072/290/54 1088/212/54
f 1088/212/54 1001/497/54 881/471/54
f 881/471/54 129/636/54 1056/109/54
f 1003/879/652 973/884/634 988/880/634
f 1099/882/686 1003/879/652 1018/881/652
f 1066/146/2 1062/141/2 1058/109/2
f 1058/109/2 1054/18/2 1050/19/2
f 1050/19/2 1046/118/2 1042/51/2
f 1042/51/2 1038/65/2 1034/39/2
f 1034/39/2 121/69/2 125/636/2
f 125/636/2 744/624/2 776/575/2
f 776/575/2 806/531/2 836/364/2
f 836/364/2 866/471/2 896/634/2
f 896/634/2 926/601/2 956/576/2
f 956/576/2 986/497/2 1016/264/2
f 1016/264/2 1098/602/2 1094/297/2
f 1094/297/2 1090/212/2 1086/211/2
f 1086/211/2 1082/166/2 1078/217/2
f 1078/217/2 1074/290/2 1070/145/2
f 1070/145/2 1066/146/2 1058/109/2
f 1058/109/2 1050/19/2 1042/51/2
f 1042/51/2 1034/39/2 125/636/2
f 125/636/2 776/575/2 836/364/2
f 836/364/2 896/634/2 956/576/2
f 956/576/2 1016/264/2 1094/297/2
f 1094/297/2 1086/211/2 1078/217/2
f 1078/217/2 1070/145/2 1058/109/2
f 1058/109/2 1042/51/2 125/636/2
f 125/636/2 836/364/2 956/576/2
f 956/576/2 1094/297/2 1078/217/2
f 1078/217/2 1058/109/2 125/636/2
f 973/884/634 943/886/616 958/885/616
f 943/886/616 913/888/598 928/887/598
f 913/888/598 883/1080/580 898/889/580
f 883/890/580 853/893/562 868/891/562
f 853/893/562 823/895/543 838/894/553
f 823/895/543 793/897/525 808/896/525
f 793/897/525 763/899/507 778/898/507
f 763/899/507 130/901/59 747/900/59
f 130/901/59 124/903/56 127/902/56
f 124/903/56 120/920/55 122/904/55
f 120/905/55 1035/908/1 1/906/1
f 1035/908/1 1039/910/670 1037/909/670
f 1039/910/670 1043/912/671 1041/911/671
f 1043/912/671 1047/914/672 1045/913/672
f 1047/914/672 1051/916/673 1049/915/673
f 1051/916/673 1055/918/674 1053/917/674
f 1055/918/674 1059/1081/675 1057/919/675
f 1059/920/675 1063/903/676 1061/902/676
f 1063/903/676 1067/901/677 1065/900/677
f 1067/901/677 1071/899/678 1069/898/678
f 1071/899/678 1075/897/679 1073/896/679
f 1075/897/679 1079/895/681 1077/894/680
f 1079/895/681 1083/893/682 1081/891/682
f 1083/893/682 1087/890/683 1085/892/683
f 1087/921/683 1091/924/684 1089/922/684
f 1091/924/684 1095/926/685 1093/925/685
f 1095/926/685 1099/882/686 1097/883/686
f 1150/767/2 1154/700/2 1468/529/2
f 1468/529/2 1490/699/2 1512/193/2
f 1512/193/2 1534/185/2 1556/715/2
f 1556/715/2 1578/714/2 1600/705/2
f 1600/705/2 1622/703/2 1644/729/2
f 1644/729/2 1666/727/2 1688/722/2
f 1688/722/2 1710/721/2 1732/739/2
f 1732/739/2 1736/736/2 1100/752/2
f 1100/752/2 1118/813/2 1122/806/2
f 1122/806/2 1126/770/2 1130/776/2
f 1130/776/2 1134/755/2 1142/817/2
f 1142/817/2 1146/796/2 1150/767/2
f 1150/767/2 1468/529/2 1512/193/2
f 1512/193/2 1556/715/2 1600/705/2
f 1600/705/2 1644/729/2 1688/722/2
f 1688/722/2 1732/739/2 1100/752/2
f 1100/752/2 1122/806/2 1130/776/2
f 1130/776/2 1142/817/2 1150/767/2
f 1150/767/2 1512/193/2 1600/705/2
f 1600/705/2 1688/722/2 1100/752/2
f 1100/752/2 1130/776/2 1150/767/2
f 1119/927/692 1101/1011/687 1115/928/687
f 1101/930/687 1737/951/718 1751/931/718
f 1102/835/2 1106/840/2 1110/72/2
f 1110/72/2 1116/596/2 1138/595/2
f 1138/595/2 1160/89/701 1182/386/2
f 1182/386/2 1204/234/2 1226/549/2
f 1226/549/2 1248/749/2 1270/772/2
f 1270/772/2 1292/757/2 1314/731/2
f 1314/731/2 1336/717/724 1358/801/2
f 1358/801/2 1380/798/727 1402/741/2
f 1402/741/2 1424/709/2 1446/836/2
f 1446/836/2 1102/835/2 1110/72/2
f 1110/72/2 1138/595/2 1182/386/2
f 1182/386/2 1226/549/2 1270/772/2
f 1270/772/2 1314/731/2 1358/801/2
f 1358/801/2 1402/741/2 1446/836/2
f 1446/836/2 1110/72/2 1182/386/2
f 1182/386/2 1270/772/2 1358/801/2
f 1107/933/689 1103/936/688 1105/934/688
f 1103/936/688 1447/1009/652 1467/937/652
f 1112/526/54 1108/839/54 1104/837/54
f 1104/837/54 1466/719/54 1444/718/54
f 1444/718/54 1422/826/54 1400/821/54
f 1400/821/54 1378/239/54 1356/238/54
f 1356/238/54 1334/731/54 1312/742/54
f 1312/742/54 1290/790/54 1268/749/54
f 1268/749/54 1246/549/54 1224/127/54
f 1224/127/54 1202/46/54 1180/89/54
f 1180/89/54 1158/834/54 1136/527/54
f 1136/527/54 1112/526/54 1104/837/54
f 1104/837/54 1444/718/54 1400/821/54
f 1400/821/54 1356/238/54 1312/742/54
f 1312/742/54 1268/749/54 1224/127/54
f 1224/127/54 1180/89/54 1136/527/54
f 1136/527/54 1104/837/54 1400/821/54
f 1400/821/54 1312/742/54 1224/127/54
f 1111/938/690 1107/992/689 1109/939/689
f 1117/941/691 1111/938/690 1113/940/690
f 1510/699/54 1488/569/54 1156/568/54
f 1156/568/54 1152/783/54 1148/796/54
f 1148/796/54 1144/817/54 1140/755/54
f 1140/755/54 1132/769/54 1128/768/54
f 1128/768/54 1124/830/54 1120/813/54
f 1120/813/54 1114/752/54 1750/736/54
f 1750/736/54 1734/740/54 1730/724/54
f 1730/724/54 1708/743/54 1686/727/54
f 1686/727/54 1664/729/54 1642/703/54
f 1642/703/54 1620/730/54 1598/712/54
f 1598/712/54 1576/716/54 1554/185/54
f 1554/185/54 1532/193/54 1510/699/54
f 1510/699/54 1156/568/54 1148/796/54
f 1148/796/54 1140/755/54 1128/768/54
f 1128/768/54 1120/813/54 1750/736/54
f 1750/736/54 1730/724/54 1686/727/54
f 1686/727/54 1642/703/54 1598/712/54
f 1598/712/54 1554/185/54 1510/699/54
f 1510/699/54 1148/796/54 1128/768/54
f 1128/768/54 1750/736/54 1686/727/54
f 1686/727/54 1598/712/54 1510/699/54
f 1139/943/697 1117/941/691 1137/942/691
f 1123/945/693 1119/927/692 1121/929/692
f 1127/947/694 1123/945/693 1125/946/693
f 1131/949/695 1127/947/694 1129/948/694
f 1135/951/696 1131/949/695 1133/950/695
f 1143/930/698 1135/951/696 1141/931/696
f 1161/952/702 1139/943/697 1159/944/697
f 1147/951/699 1143/930/698 1145/932/698
f 1151/949/700 1147/951/699 1149/931/699
f 1155/947/652 1151/949/700 1153/950/700
f 1469/945/703 1155/947/652 1157/948/652
f 1183/954/708 1161/952/702 1181/953/702
f 1266/811/2 1274/751/2 1162/733/2
f 1162/733/2 1166/738/2 1170/745/2
f 1170/745/2 1174/778/2 1178/777/2
f 1178/777/2 1186/789/2 1190/765/2
f 1190/765/2 1194/764/2 1198/786/2
f 1198/786/2 1206/797/2 1210/780/2
f 1210/780/2 1214/800/2 1218/795/2
f 1218/795/2 1222/794/2 1230/807/2
f 1230/807/2 1234/829/2 1238/828/2
f 1238/828/2 1242/819/2 1250/810/2
f 1250/810/2 1254/815/2 1258/832/2
f 1258/832/2 1262/824/2 1266/811/2
f 1266/811/2 1162/733/2 1170/745/2
f 1170/745/2 1178/777/2 1190/765/2
f 1190/765/2 1198/786/2 1210/780/2
f 1210/780/2 1218/795/2 1230/807/2
f 1230/807/2 1238/828/2 1250/810/2
f 1250/810/2 1258/832/2 1266/811/2
f 1266/811/2 1170/745/2 1190/765/2
f 1190/765/2 1210/780/2 1230/807/2
f 1230/807/2 1250/810/2 1266/811/2
f 1167/956/704 1163/959/703 1165/957/703
f 1163/959/703 1275/968/652 1277/960/652
f 1168/759/54 1164/733/54 1276/814/54
f 1276/814/54 1272/811/54 1264/818/54
f 1264/818/54 1260/832/54 1256/804/54
f 1256/804/54 1252/810/54 1244/823/54
f 1244/823/54 1240/828/54 1236/831/54
f 1236/831/54 1232/807/54 1228/792/54
f 1228/792/54 1220/795/54 1216/784/54
f 1216/784/54 1212/780/54 1208/787/54
f 1208/787/54 1200/786/54 1196/762/54
f 1196/762/54 1192/765/54 1188/774/54
f 1188/774/54 1184/777/54 1176/746/54
f 1176/746/54 1172/745/54 1168/759/54
f 1168/759/54 1276/814/54 1264/818/54
f 1264/818/54 1256/804/54 1244/823/54
f 1244/823/54 1236/831/54 1228/792/54
f 1228/792/54 1216/784/54 1208/787/54
f 1208/787/54 1196/762/54 1188/774/54
f 1188/774/54 1176/746/54 1168/759/54
f 1168/759/54 1264/818/54 1244/823/54
f 1244/823/54 1228/792/54 1208/787/54
f 1208/787/54 1188/774/54 1168/759/54
f 1171/961/705 1167/956/704 1169/958/704
f 1175/963/706 1171/973/705 1173/964/705
f 1179/966/707 1175/963/706 1177/965/706
f 1187/968/709 1179/966/707 1185/967/707
f 1205/969/713 1183/1082/708 1203/970/708
f 1191/959/710 1187/968/709 1189/960/709
f 1195/956/711 1191/959/710 1193/957/710
f 1199/961/712 1195/956/711 1197/958/711
f 1207/956/714 1199/961/712 1201/962/712
f 1227/698/719 1205/969/713 1225/971/713
f 1211/959/715 1207/956/714 1209/958/714
f 1215/968/716 1211/959/715 1213/957/715
f 1219/966/717 1215/968/716 1217/960/716
f 1223/963/718 1219/966/717 1221/967/717
f 1231/973/687 1223/963/718 1229/965/718
f 1249/696/720 1227/698/719 1247/972/719
f 1235/956/692 1231/961/687 1233/962/687
f 1239/959/693 1235/956/692 1237/958/692
f 1243/968/694 1239/959/693 1241/957/693
f 1251/966/695 1243/968/694 1245/960/694
f 1271/974/721 1249/696/720 1269/498/720
f 1255/963/696 1251/966/695 1253/967/695
f 1259/973/698 1255/963/696 1257/965/696
f 1263/963/699 1259/973/698 1261/964/698
f 1267/966/700 1263/963/699 1265/965/699
f 1275/968/652 1267/966/700 1273/967/700
f 1293/976/722 1271/974/721 1291/975/721
f 1390/700/2 1278/529/2 1282/699/2
f 1282/699/2 1286/193/2 1294/185/2
f 1294/185/2 1298/715/2 1302/714/2
f 1302/714/2 1306/705/2 1310/703/2
f 1310/703/2 1318/729/2 1322/727/2
f 1322/727/2 1326/722/2 1330/721/2
f 1330/721/2 1338/739/2 1342/736/2
f 1342/736/2 1346/752/2 1350/813/2
f 1350/813/2 1354/806/2 1362/770/2
f 1362/770/2 1366/776/2 1370/755/2
f 1370/755/2 1374/817/2 1382/796/2
f 1382/796/2 1386/767/2 1390/700/2
f 1390/700/2 1282/699/2 1294/185/2
f 1294/185/2 1302/714/2 1310/703/2
f 1310/703/2 1322/727/2 1330/721/2
f 1330/721/2 1342/736/2 1350/813/2
f 1350/813/2 1362/770/2 1370/755/2
f 1370/755/2 1382/796/2 1390/700/2
f 1390/700/2 1294/185/2 1310/703/2
f 1310/703/2 1330/721/2 1350/813/2
f 1350/813/2 1370/755/2 1390/700/2
f 1283/978/704 1279/981/703 1281/979/703
f 1279/981/703 1391/990/652 1393/982/652
f 1288/193/54 1284/699/54 1280/569/54
f 1280/569/54 1392/568/54 1388/783/54
f 1388/783/54 1384/796/54 1376/817/54
f 1376/817/54 1372/755/54 1368/769/54
f 1368/769/54 1364/768/54 1360/830/54
f 1360/830/54 1352/813/54 1348/752/54
f 1348/752/54 1344/736/54 1340/740/54
f 1340/740/54 1332/724/54 1328/743/54
f 1328/743/54 1324/727/54 1320/729/54
f 1320/729/54 1316/703/54 1308/730/54
f 1308/730/54 1304/712/54 1300/716/54
f 1300/716/54 1296/185/54 1288/193/54
f 1288/193/54 1280/569/54 1388/783/54
f 1388/783/54 1376/817/54 1368/769/54
f 1368/769/54 1360/830/54 1348/752/54
f 1348/752/54 1340/740/54 1328/743/54
f 1328/743/54 1320/729/54 1308/730/54
f 1308/730/54 1300/716/54 1288/193/54
f 1288/193/54 1388/783/54 1368/769/54
f 1368/769/54 1348/752/54 1328/743/54
f 1328/743/54 1308/730/54 1288/193/54
f 1287/983/705 1283/978/704 1285/980/704
f 1295/985/706 1287/991/705 1289/986/705
f 1315/952/723 1293/954/722 1313/955/722
f 1299/988/707 1295/985/706 1297/987/706
f 1303/990/709 1299/988/707 1301/989/707
f 1307/981/710 1303/990/709 1305/982/709
f 1311/978/711 1307/981/710 1309/979/710
f 1319/983/712 1311/978/711 1317/980/711
f 1337/943/725 1315/952/723 1335/953/723
f 1323/978/714 1319/983/712 1321/984/712
f 1327/981/715 1323/978/714 1325/980/714
f 1331/990/716 1327/981/715 1329/979/715
f 1339/988/717 1331/990/716 1333/982/716
f 1359/941/726 1337/943/725 1357/944/725
f 1343/985/718 1339/988/717 1341/989/717
f 1347/991/687 1343/985/718 1345/987/718
f 1351/978/692 1347/983/687 1349/984/687
f 1355/981/693 1351/978/692 1353/980/692
f 1363/990/694 1355/981/693 1361/979/693
f 1381/938/728 1359/941/726 1379/942/726
f 1367/988/695 1363/990/694 1365/982/694
f 1371/985/696 1367/988/695 1369/989/695
f 1375/991/698 1371/985/696 1373/987/696
f 1383/985/699 1375/991/698 1377/986/698
f 1403/992/729 1381/938/728 1401/940/728
f 1387/988/700 1383/985/699 1385/987/699
f 1391/990/652 1387/988/700 1389/989/700
f 1506/751/2 1394/733/2 1398/738/2
f 1398/738/2 1406/745/2 1410/778/2
f 1410/778/2 1414/777/2 1418/789/2
f 1418/789/2 1426/765/2 1430/764/2
f 1430/764/2 1434/786/2 1438/797/2
f 1438/797/2 1442/780/2 1450/800/2
f 1450/800/2 1454/795/2 1458/794/2
f 1458/794/2 1462/807/2 1470/829/2
f 1470/829/2 1474/828/2 1478/819/2
f 1478/819/2 1482/810/2 1486/815/2
f 1486/815/2 1494/832/2 1498/824/2
f 1498/824/2 1502/811/2 1506/751/2
f 1506/751/2 1398/738/2 1410/778/2
f 1410/778/2 1418/789/2 1430/764/2
f 1430/764/2 1438/797/2 1450/800/2
f 1450/800/2 1458/794/2 1470/829/2
f 1470/829/2 1478/819/2 1486/815/2
f 1486/815/2 1498/824/2 1506/751/2
f 1506/751/2 1410/778/2 1430/764/2
f 1430/764/2 1450/800/2 1470/829/2
f 1470/829/2 1486/815/2 1506/751/2
f 1399/993/704 1395/996/703 1397/994/703
f 1395/996/703 1507/1008/652 1509/997/652
f 1412/746/54 1408/745/54 1404/759/54
f 1404/759/54 1396/733/54 1508/814/54
f 1508/814/54 1504/811/54 1500/818/54
f 1500/818/54 1496/832/54 1492/804/54
f 1492/804/54 1484/810/54 1480/823/54
f 1480/823/54 1476/828/54 1472/831/54
f 1472/831/54 1464/807/54 1460/792/54
f 1460/792/54 1456/795/54 1452/784/54
f 1452/784/54 1448/780/54 1440/787/54
f 1440/787/54 1436/786/54 1432/762/54
f 1432/762/54 1428/765/54 1420/774/54
f 1420/774/54 1416/777/54 1412/746/54
f 1412/746/54 1404/759/54 1508/814/54
f 1508/814/54 1500/818/54 1492/804/54
f 1492/804/54 1480/823/54 1472/831/54
f 1472/831/54 1460/792/54 1452/784/54
f 1452/784/54 1440/787/54 1432/762/54
f 1432/762/54 1420/774/54 1412/746/54
f 1412/746/54 1508/814/54 1492/804/54
f 1492/804/54 1472/831/54 1452/784/54
f 1452/784/54 1432/762/54 1412/746/54
f 1407/998/705 1399/993/704 1405/995/704
f 1425/1000/730 1403/1083/729 1423/1001/729
f 1411/1003/706 1407/1010/705 1409/1004/705
f 1415/1006/707 1411/1003/706 1413/1005/706
f 1419/1008/709 1415/1006/707 1417/1007/707
f 1427/996/710 1419/1008/709 1421/997/709
f 1447/1009/652 1425/1000/730 1445/1002/730
f 1431/993/711 1427/996/710 1429/994/710
f 1435/998/712 1431/993/711 1433/995/711
f 1439/993/714 1435/998/712 1437/999/712
f 1443/996/715 1439/993/714 1441/995/714
f 1451/1008/716 1443/996/715 1449/994/715
f 1455/1006/717 1451/1008/716 1453/997/716
f 1459/1003/718 1455/1006/717 1457/1007/717
f 1463/1010/687 1459/1003/718 1461/1005/718
f 1471/993/692 1463/998/687 1465/999/687
f 1491/927/704 1469/945/703 1489/946/703
f 1475/996/693 1471/993/692 1473/995/692
f 1479/1008/694 1475/996/693 1477/994/693
f 1483/1006/695 1479/1008/694 1481/997/694
f 1487/1003/696 1483/1006/695 1485/1007/695
f 1495/1010/698 1487/1003/696 1493/1005/696
f 1513/1011/705 1491/927/704 1511/929/704
f 1499/1003/699 1495/1010/698 1497/1004/698
f 1503/1006/700 1499/1003/699 1501/1005/699
f 1507/1008/652 1503/1006/700 1505/1007/700
f 1535/951/706 1513/930/705 1533/932/705
f 1618/767/2 1626/700/2 1514/529/2
f 1514/529/2 1518/699/2 1522/193/2
f 1522/193/2 1526/185/2 1530/715/2
f 1530/715/2 1538/714/2 1542/705/2
f 1542/705/2 1546/703/2 1550/729/2
f 1550/729/2 1558/727/2 1562/722/2
f 1562/722/2 1566/721/2 1570/739/2
f 1570/739/2 1574/736/2 1582/752/2
f 1582/752/2 1586/813/2 1590/806/2
f 1590/806/2 1594/770/2 1602/776/2
f 1602/776/2 1606/755/2 1610/817/2
f 1610/817/2 1614/796/2 1618/767/2
f 1618/767/2 1514/529/2 1522/193/2
f 1522/193/2 1530/715/2 1542/705/2
f 1542/705/2 1550/729/2 1562/722/2
f 1562/722/2 1570/739/2 1582/752/2
f 1582/752/2 1590/806/2 1602/776/2
f 1602/776/2 1610/817/2 1618/767/2
f 1618/767/2 1522/193/2 1542/705/2
f 1542/705/2 1562/722/2 1582/752/2
f 1582/752/2 1602/776/2 1618/767/2
f 1519/1012/704 1515/1015/703 1517/1013/703
f 1515/1015/703 1627/1024/652 1629/1016/652
f 1524/193/54 1520/699/54 1516/569/54
f 1516/569/54 1628/568/54 1624/783/54
f 1624/783/54 1616/796/54 1612/817/54
f 1612/817/54 1608/755/54 1604/769/54
f 1604/769/54 1596/768/54 1592/830/54
f 1592/830/54 1588/813/54 1584/752/54
f 1584/752/54 1580/736/54 1572/740/54
f 1572/740/54 1568/724/54 1564/743/54
f 1564/743/54 1560/727/54 1552/729/54
f 1552/729/54 1548/703/54 1544/730/54
f 1544/730/54 1540/712/54 1536/716/54
f 1536/716/54 1528/185/54 1524/193/54
f 1524/193/54 1516/569/54 1624/783/54
f 1624/783/54 1612/817/54 1604/769/54
f 1604/769/54 1592/830/54 1584/752/54
f 1584/752/54 1572/740/54 1564/743/54
f 1564/743/54 1552/729/54 1544/730/54
f 1544/730/54 1536/716/54 1524/193/54
f 1524/193/54 1624/783/54 1604/769/54
f 1604/769/54 1584/752/54 1564/743/54
f 1564/743/54 1544/730/54 1524/193/54
f 1523/1017/705 1519/1012/704 1521/1014/704
f 1527/1019/706 1523/1025/705 1525/1020/705
f 1531/1022/707 1527/1019/706 1529/1021/706
f 1539/1024/709 1531/1022/707 1537/1023/707
f 1557/949/707 1535/951/706 1555/931/706
f 1543/1015/710 1539/1024/709 1541/1016/709
f 1547/1012/711 1543/1015/710 1545/1013/710
f 1551/1017/712 1547/1012/711 1549/1014/711
f 1559/1012/714 1551/1017/712 1553/1018/712
f 1579/947/709 1557/949/707 1577/950/707
f 1563/1015/715 1559/1012/714 1561/1014/714
f 1567/1024/716 1563/1015/715 1565/1013/715
f 1571/1022/717 1567/1024/716 1569/1016/716
f 1575/1019/718 1571/1022/717 1573/1023/717
f 1583/1025/687 1575/1019/718 1581/1021/718
f 1601/945/710 1579/947/709 1599/948/709
f 1587/1012/692 1583/1017/687 1585/1018/687
f 1591/1015/693 1587/1012/692 1589/1014/692
f 1595/1024/694 1591/1015/693 1593/1013/693
f 1603/1022/695 1595/1024/694 1597/1016/694
f 1623/927/711 1601/945/710 1621/946/710
f 1607/1019/696 1603/1022/695 1605/1023/695
f 1611/1025/698 1607/1019/696 1609/1021/696
f 1615/1019/699 1611/1025/698 1613/1020/698
f 1619/1022/700 1615/1019/699 1617/1021/699
f 1627/1024/652 1619/1022/700 1625/1023/700
f 1645/1011/712 1623/927/711 1643/929/711
f 1742/811/2 1746/751/2 1630/733/2
f 1630/733/2 1634/738/2 1638/745/2
f 1638/745/2 1646/778/2 1650/777/2
f 1650/777/2 1654/789/2 1658/765/2
f 1658/765/2 1662/764/2 1670/786/2
f 1670/786/2 1674/797/2 1678/780/2
f 1678/780/2 1682/800/2 1690/795/2
f 1690/795/2 1694/794/2 1698/807/2
f 1698/807/2 1702/829/2 1706/828/2
f 1706/828/2 1714/819/2 1718/810/2
f 1718/810/2 1722/815/2 1726/832/2
f 1726/832/2 1738/824/2 1742/811/2
f 1742/811/2 1630/733/2 1638/745/2
f 1638/745/2 1650/777/2 1658/765/2
f 1658/765/2 1670/786/2 1678/780/2
f 1678/780/2 1690/795/2 1698/807/2
f 1698/807/2 1706/828/2 1718/810/2
f 1718/810/2 1726/832/2 1742/811/2
f 1742/811/2 1638/745/2 1658/765/2
f 1658/765/2 1678/780/2 1698/807/2
f 1698/807/2 1718/810/2 1742/811/2
f 1635/1026/704 1631/1029/703 1633/1027/703
f 1631/1029/703 1747/1038/652 1749/1030/652
f 1648/746/54 1640/745/54 1636/759/54
f 1636/759/54 1632/733/54 1748/814/54
f 1748/814/54 1744/811/54 1740/818/54
f 1740/818/54 1728/832/54 1724/804/54
f 1724/804/54 1720/810/54 1716/823/54
f 1716/823/54 1712/828/54 1704/831/54
f 1704/831/54 1700/807/54 1696/792/54
f 1696/792/54 1692/795/54 1684/784/54
f 1684/784/54 1680/780/54 1676/787/54
f 1676/787/54 1672/786/54 1668/762/54
f 1668/762/54 1660/765/54 1656/774/54
f 1656/774/54 1652/777/54 1648/746/54
f 1648/746/54 1636/759/54 1748/814/54
f 1748/814/54 1740/818/54 1724/804/54
f 1724/804/54 1716/823/54 1704/831/54
f 1704/831/54 1696/792/54 1684/784/54
f 1684/784/54 1676/787/54 1668/762/54
f 1668/762/54 1656/774/54 1648/746/54
f 1648/746/54 1748/814/54 1724/804/54
f 1724/804/54 1704/831/54 1684/784/54
f 1684/784/54 1668/762/54 1648/746/54
f 1639/1031/705 1635/1026/704 1637/1028/704
f 1647/1033/706 1639/1039/705 1641/1034/705
f 1667/927/714 1645/1011/712 1665/928/712
f 1651/1036/707 1647/1033/706 1649/1035/706
f 1655/1038/709 1651/1036/707 1653/1037/707
f 1659/1029/710 1655/1038/709 1657/1030/709
f 1663/1026/711 1659/1029/710 1661/1027/710
f 1671/1031/712 1663/1026/711 1669/1028/711
f 1689/945/715 1667/927/714 1687/929/714
f 1675/1026/714 1671/1031/712 1673/1032/712
f 1679/1029/715 1675/1026/714 1677/1028/714
f 1683/1038/716 1679/1029/715 1681/1027/715
f 1691/1036/717 1683/1038/716 1685/1030/716
f 1711/947/716 1689/945/715 1709/946/715
f 1695/1033/718 1691/1036/717 1693/1037/717
f 1699/1039/687 1695/1033/718 1697/1035/718
f 1703/1026/692 1699/1031/687 1701/1032/687
f 1707/1029/693 1703/1026/692 1705/1028/692
f 1715/1038/694 1707/1029/693 1713/1027/693
f 1733/949/717 1711/947/716 1731/948/716
f 1719/1036/695 1715/1038/694 1717/1030/694
f 1723/1033/696 1719/1036/695 1721/1037/695
f 1727/1039/698 1723/1033/696 1725/1035/696
f 1739/1033/699 1727/1039/698 1729/1034/698
f 1737/951/718 1733/949/717 1735/950/717
f 1743/1036/700 1739/1033/699 1741/1035/699
f 1747/1038/652 1743/1036/700 1745/1037/700
