# Blender 5.2.0 LTS
# www.blender.org
o Backdrop_SlideTower
v 4.307614 29.684071 -34.291916
v 17.204668 38.188839 -20.534365
v 17.190533 38.533253 -19.967865
v 17.190533 38.533253 -19.967865
v 24.845873 38.188839 -10.017141
v 24.302731 38.533253 -10.178757
v 24.302731 38.533253 -10.178757
v 20.072367 39.657089 -22.617870
v 20.336870 40.144165 -22.253813
v 20.336870 40.144165 -22.253813
v -3.480064 26.758467 -31.744976
v -4.575428 28.226719 -35.116161
v -3.908040 26.271389 -31.605919
v -3.908040 26.271389 -31.605919
v 27.713572 39.657089 -12.100647
v 27.449068 40.144165 -12.464705
v 27.449068 40.144165 -12.464705
v 22.940067 38.188839 -24.701374
v 14.026905 33.228741 -22.135933
v 14.480619 29.684069 -23.532324
v 13.946214 29.339653 -23.343824
v 13.946214 29.339653 -23.343824
v 30.581272 38.188839 -14.184152
v -14.748434 28.226717 -24.356571
v -14.550000 0.000000 14.550000
v -14.550000 0.450000 15.000000
v -14.294720 31.771389 -22.960180
v -14.214028 27.882301 -24.168072
v -14.214028 27.882301 -24.168072
v 24.127909 34.644165 -25.564392
v 31.769114 34.644165 -15.047168
v 3.212249 28.215818 -30.920731
v 3.640224 27.728741 -30.781673
v 3.640224 27.728741 -30.781673
v 22.940067 31.099493 -24.701376
v 23.483208 30.755077 -24.539761
v 23.483208 30.755077 -24.539761
v 25.121998 39.559883 -6.500002
v 25.121990 39.559883 6.499999
v 28.666670 41.028133 -6.500000
v 28.666670 41.515209 -6.050000
v 28.666670 41.515209 -6.050000
v 15.575984 28.215816 -26.903511
v 16.671347 29.684067 -30.274691
v 15.148007 27.728741 -27.042566
v 15.148007 27.728741 -27.042566
v 28.666662 41.028133 6.500000
v 28.666662 41.515209 6.050001
v 28.666662 41.515209 6.050001
v 32.211342 39.559883 -6.499998
v 32.555756 39.904297 -6.049997
v 32.555756 39.904297 -6.049997
v 23.658030 34.644165 -9.154126
v 24.845869 31.099493 -10.017142
v 32.211334 39.559883 6.500002
v 32.555748 39.904297 6.050003
v 32.555748 39.904297 6.050003
v 2.116885 29.684069 -27.549545
v 1.663170 33.228741 -26.153154
v 2.438430 29.339653 -27.082932
v 2.438430 29.339653 -27.082932
v 33.679596 36.015209 -6.499997
v 33.679588 36.015209 6.500003
v 20.072367 29.631243 -22.617870
v 20.336870 29.144165 -22.253813
v 20.336870 29.144165 -22.253813
v 32.211342 32.470535 -6.499998
v 32.555756 32.126122 -6.049998
v 32.555756 32.126122 -6.049998
v 23.443577 40.883709 8.998314
v 15.802369 40.883709 19.515535
v 26.311275 42.351959 11.081819
v 26.046772 42.839035 11.445876
v 26.046772 42.839035 11.445876
v 27.713572 29.631243 -12.100647
v 30.581272 31.099493 -14.184153
v 30.595406 30.755077 -14.750652
v 30.595406 30.755077 -14.750652
v 27.449068 29.144165 -12.464705
v 27.449068 29.144165 -12.464705
v 18.670069 42.351959 21.599041
v 18.934572 42.839035 21.234983
v 18.934572 42.839035 21.234983
v 29.178976 40.883709 13.165324
v 23.653740 36.015209 6.499997
v 25.121990 32.470535 6.499998
v 23.166662 36.015209 6.049997
v 23.166662 36.015209 6.049997
v 21.537769 40.883709 23.682545
v 17.204664 31.099493 -20.534367
v 16.016825 34.644165 -19.671349
v 30.366817 37.339035 14.028339
v 30.496367 37.339035 14.678694
v 30.496367 37.339035 14.678694
v 22.725611 37.339035 24.545561
v 23.384169 37.339035 24.467802
v 23.384169 37.339035 24.467802
v 28.666672 31.002285 -6.500000
v 28.666670 30.515209 -6.050001
v 28.666670 30.515209 -6.050001
v 29.178976 33.794361 13.165322
v 13.409361 42.156952 20.235329
v 1.045626 42.156952 24.252548
v 14.504725 43.625202 23.606512
v 14.076749 44.112278 23.745569
v 14.076749 44.112278 23.745569
v 28.666664 31.002285 6.500000
v 32.211334 32.470535 6.500001
v 32.555748 32.126122 6.050002
v 32.555748 32.126122 6.050002
v 28.666664 30.515213 6.050000
v 28.666664 30.515213 6.050000
v 2.140990 43.625202 27.623732
v 2.568965 44.112278 27.484674
v 2.568965 44.112278 27.484674
v 15.600088 42.156952 26.977695
v 14.614530 37.339035 18.652519
v 15.802370 33.794361 19.515535
v 14.484980 37.339035 18.002165
v 14.484980 37.339035 18.002165
v 3.236353 42.156952 30.994915
v 25.121998 32.470535 -6.500002
v 23.653748 36.015209 -6.500003
v 23.166670 36.015209 -6.050003
v 23.166670 36.015209 -6.050003
v 16.053802 38.612278 28.374086
v 15.776344 38.612278 28.976383
v 15.776344 38.612278 28.976383
v 3.690068 38.612278 32.391304
v 4.268558 38.612278 32.715485
v 4.268558 38.612278 32.715485
v 26.311277 32.326111 11.081818
v 26.046774 31.839033 11.445875
v 26.046774 31.839033 11.445875
v 15.600090 35.067604 26.977695
v -0.777812 43.375580 23.428303
v -1.099357 43.719994 22.961687
v -1.099357 43.719994 22.961687
v -13.141545 43.375580 19.411077
v -12.607140 43.719994 19.222576
v -12.607140 43.719994 19.222576
v -1.873177 44.843830 26.799484
v -2.301152 45.330906 26.660427
v -2.301152 45.330906 26.660427
v 18.670071 32.326111 21.599041
v 21.537769 33.794361 23.682545
v 18.934574 31.839035 21.234983
v 18.934574 31.839035 21.234983
v -14.236910 44.843830 22.782259
v -13.808934 45.330906 22.921316
v -13.808934 45.330906 22.921316
v -2.968542 43.375580 30.170668
v 0.591912 38.612278 22.856157
v 1.045627 35.067604 24.252548
v 0.869373 38.612278 22.253864
v 0.869373 38.612278 22.253864
v -15.332275 43.375580 26.153442
v 23.443577 33.794361 8.998312
v 22.255735 37.339035 8.135298
v 21.597179 37.339035 8.213058
v 21.597179 37.339035 8.213058
v -3.422257 39.830906 31.567060
v -15.785990 39.830906 27.549833
v 14.504726 33.599354 23.606512
v 14.076751 33.112278 23.745569
v 14.076751 33.112278 23.745569
v -2.968541 36.286232 30.170668
v -3.502946 35.941818 30.359167
v -3.502946 35.941818 30.359167
v -13.698926 44.534611 17.987297
v -21.340128 44.534611 7.470071
v -16.566628 46.002861 20.070801
v -16.831131 46.489937 19.706743
v -16.831131 46.489937 19.706743
v 2.140990 33.599354 27.623732
v 3.236354 35.067604 30.994915
v 2.568966 33.112278 27.484674
v 2.568966 33.112278 27.484674
v -24.207829 46.002861 9.553576
v -23.943325 46.489937 9.917633
v -23.943325 46.489937 9.917633
v -19.434328 44.534611 22.154305
v -12.687829 39.830906 18.014685
v -13.141544 36.286232 19.411077
v -27.075529 44.534611 11.637079
v 13.409363 35.067604 20.235329
v 12.955647 38.612278 18.838938
v 12.377157 38.612278 18.514759
v 12.377157 38.612278 18.514759
v -20.622169 40.989937 23.017319
v -21.280725 40.989937 22.939558
v -21.280725 40.989937 22.939558
v -28.263372 40.989937 12.500095
v -28.392921 40.989937 13.150450
v -28.392921 40.989937 13.150450
v -1.873176 34.817982 26.799486
v -2.301151 34.330906 26.660429
v -2.301151 34.330906 26.660429
v -19.434328 37.445263 22.154305
v -20.788662 45.627720 6.499999
v -20.444246 45.972134 6.049999
v -20.444246 45.972134 6.049999
v -20.788662 45.627720 -6.500001
v -20.444248 45.972134 -6.050001
v -20.444248 45.972134 -6.050001
v -24.333334 47.095970 6.500000
v -24.333334 47.583046 6.050000
v -24.333334 47.583046 6.050000
v -14.236910 34.817982 22.782261
v -15.332274 36.286232 26.153442
v -15.010729 35.941818 26.620058
v -15.010729 35.941818 26.620058
v -13.808934 34.330906 22.921318
v -13.808934 34.330906 22.921318
v -24.333334 47.095970 -6.500000
v -24.333334 47.583046 -6.050001
v -24.333334 47.583046 -6.050001
v -27.878006 45.627720 6.500000
v -28.222420 45.972134 6.050000
v -28.222420 45.972134 6.050000
v -20.152287 40.989937 6.607056
v -21.340128 37.445263 7.470072
v -19.493731 40.989937 6.684817
v -19.493731 40.989937 6.684817
v -27.878006 45.627720 -6.500000
v -28.222422 45.972134 -6.050000
v -28.222422 45.972134 -6.050000
v -0.777811 36.286232 23.428303
v -0.324096 39.830906 22.031912
v -29.346256 42.083046 6.500000
v -29.346256 42.083046 -6.500000
v -16.566628 35.977013 20.070801
v -16.831131 35.489937 19.706743
v -16.831131 35.489937 19.706743
v -27.878006 38.538372 6.500001
v -28.222420 38.193958 6.050001
v -28.222420 38.193958 6.050001
v -19.937838 46.646530 -6.451245
v -12.296627 46.646530 -16.968464
v -22.805536 48.114780 -8.534752
v -22.541033 48.601856 -8.898809
v -22.541033 48.601856 -8.898809
v -24.207829 35.977013 9.553576
v -27.075529 37.445263 11.637080
v -23.943325 35.489937 9.917633
v -23.943325 35.489937 9.917633
v -15.164327 48.114780 -19.051971
v -15.428830 48.601856 -18.687914
v -15.428830 48.601856 -18.687914
v -25.673235 46.646530 -10.618258
v -25.687372 46.990948 -11.184758
v -25.687372 46.990948 -11.184758
v -19.320412 42.083046 -6.500000
v -20.788662 38.538372 -6.500000
v -20.444248 38.193958 -6.050000
v -20.444248 38.193958 -6.050000
v -18.032024 46.646530 -21.135477
v -18.575167 46.990944 -20.973862
v -18.575167 46.990944 -20.973862
v -13.698926 37.445263 17.987297
v -12.511085 40.989937 17.124281
v -12.381535 40.989937 16.473927
v -12.381535 40.989937 16.473927
v -26.861078 43.101856 -11.481274
v -19.219868 43.101856 -21.998493
v -24.333334 37.070122 6.500000
v -24.333334 36.583046 6.050001
v -24.333334 36.583046 6.050001
v -25.673235 39.557182 -10.618257
v -12.070290 47.579266 -16.114086
v -11.535884 47.923679 -15.925585
v -11.535884 47.923679 -15.925585
v 0.293447 47.579266 -20.131302
v -0.028098 47.923679 -19.664686
v -0.028098 47.923679 -19.664686
v -13.165651 49.047516 -19.485270
v -12.737676 49.534592 -19.624327
v -12.737676 49.534592 -19.624327
v -24.333334 37.070122 -6.500000
v -27.878006 38.538372 -6.499999
v -28.222422 38.193958 -6.049999
v -28.222422 38.193958 -6.049999
v -24.333334 36.583046 -6.050000
v -24.333334 36.583046 -6.050000
v -0.801916 49.047516 -23.502485
v -1.229891 49.534592 -23.363428
v -1.229891 49.534592 -23.363428
v -14.261015 47.579266 -22.856453
v -13.939469 47.923679 -23.323069
v -13.939469 47.923679 -23.323069
v -11.108787 43.101856 -16.105448
v -12.296628 39.557182 -16.968464
v -12.282494 39.212769 -16.401964
v -12.282494 39.212769 -16.401964
v -1.897278 47.579266 -26.873669
v -2.431684 47.923679 -27.062170
v -2.431684 47.923679 -27.062170
v -20.788662 38.538372 6.500000
v -19.320412 42.083046 6.500000
v -20.444246 38.193958 6.050000
v -20.444246 38.193958 6.050000
v -14.714729 44.034592 -24.252846
v -2.350993 44.034592 -28.270061
v -22.805538 38.088932 -8.534750
v -22.541035 37.601856 -8.898808
v -22.541035 37.601856 -8.898808
v -14.261015 40.489918 -22.856453
v -13.939469 40.145504 -23.323069
v -13.939469 40.145504 -23.323069
v -0.561261 48.407757 -19.307055
v 11.802473 48.407757 -15.289834
v 0.534103 49.876007 -22.678238
v 0.962078 50.363083 -22.539181
v 0.962078 50.363083 -22.539181
v -15.164327 38.088932 -19.051970
v -18.032026 39.557182 -21.135477
v -15.428830 37.601856 -18.687912
v -15.428830 37.601856 -18.687912
v 12.897837 49.876007 -18.661016
v 12.469861 50.363083 -18.800074
v 12.469861 50.363083 -18.800074
v 1.629467 48.407757 -26.049421
v 2.163872 48.752171 -26.237923
v 2.163872 48.752171 -26.237923
v 0.747161 44.034592 -18.734909
v 0.293446 40.489918 -20.131302
v -0.028099 40.145504 -19.664686
v -0.028099 40.145504 -19.664686
v 13.993201 48.407757 -22.032200
v 13.671656 48.752171 -22.498816
v 13.671656 48.752171 -22.498816
v -19.937840 39.557182 -6.451244
v -18.749996 43.101856 -5.588227
v -19.394697 39.212769 -6.612859
v -19.394697 39.212769 -6.612859
v 2.083181 44.863083 -27.445814
v 14.446916 44.863083 -23.428593
v -13.165653 39.021667 -19.485270
v -12.737678 38.534592 -19.624327
v -12.737678 38.534592 -19.624327
v 1.629466 41.318409 -26.049421
v 2.163871 40.973995 -26.237921
v 2.163871 40.973995 -26.237921
v 10.193185 49.098671 -15.440223
v 10.179049 49.443085 -14.873721
v 10.179049 49.443085 -14.873721
v 17.834396 49.098671 -4.923002
v 17.291254 49.443085 -5.084617
v 17.291254 49.443085 -5.084617
v 13.060884 50.566921 -17.523727
v 13.325387 51.053997 -17.159670
v 13.325387 51.053997 -17.159670
v -0.801916 39.021667 -23.502485
v -1.897279 40.489918 -26.873669
v -2.431685 40.145504 -27.062170
v -2.431685 40.145504 -27.062170
v -1.229892 38.534592 -23.363428
v -1.229892 38.534592 -23.363428
v 20.702095 50.566921 -7.006508
v 20.437592 51.053997 -7.370566
v 20.437592 51.053997 -7.370566
v 15.928584 49.098671 -19.607235
v 11.348758 44.863083 -13.893444
v 11.802472 41.318409 -15.289834
v 11.268066 40.973995 -15.101334
v 11.268066 40.973995 -15.101334
v 10.770267 44.863083 -13.569264
v 10.770267 44.863083 -13.569264
v 23.569792 49.098671 -9.090014
v -12.070290 40.489918 -16.114086
v -11.616575 44.034592 -14.717695
v -11.535884 40.145508 -15.925586
v -11.535884 40.145508 -15.925586
v 17.116425 45.553997 -20.470251
v 24.757635 45.553997 -9.953032
v 0.534102 39.850159 -22.678240
v 0.962077 39.363083 -22.539183
v 0.962077 39.363083 -22.539183
v 15.928582 42.009323 -19.607235
v 16.471724 41.664909 -19.445620
v 16.471724 41.664909 -19.445620
v 16.455328 49.544674 -6.500000
v 16.455328 49.544674 6.500000
v 20.000000 51.012924 -6.500000
v 20.000000 51.500000 -6.050000
v 20.000000 51.500000 -6.050000
v 12.897837 39.850159 -18.661018
v 13.993200 41.318409 -22.032202
v 13.671655 40.973995 -22.498817
v 13.671655 40.973995 -22.498817
v 12.469861 39.363083 -18.800076
v 12.469861 39.363083 -18.800076
v 20.000000 51.012924 6.500000
v 20.000000 51.500000 6.050001
v 20.000000 51.500000 6.050001
v 23.544672 49.544674 -6.499999
v 16.646553 45.553997 -4.059985
v 17.834394 42.009323 -4.923003
v 23.544672 49.544674 6.500001
v -0.561262 41.318409 -19.307056
v -1.014976 44.863083 -17.910664
v -0.737516 44.863083 -17.308371
v -0.737516 44.863083 -17.308371
v -0.239717 40.973995 -18.840441
v -0.239717 40.973995 -18.840441
v 25.012922 46.000000 -6.500000
v 25.500000 46.000000 -6.050000
v 25.500000 46.000000 -6.050000
v 25.012922 46.000000 6.500000
v 25.500000 46.000000 6.050001
v 25.500000 46.000000 6.050001
v 13.060884 40.541073 -17.523729
v 13.325387 40.053997 -17.159672
v 13.325387 40.053997 -17.159672
v 23.544672 42.455326 -6.500000
v 23.544672 42.455326 6.500000
v 20.000000 40.987076 -6.500000
v 20.000000 40.500000 -6.050001
v 20.000000 40.500000 -6.050001
v 10.193184 42.009323 -15.440222
v 9.005343 45.553997 -14.577206
v 20.000000 40.987076 6.500000
v 20.000000 40.500000 6.050000
v 20.000000 40.500000 6.050000
v 20.702093 40.541073 -7.006509
v 23.569792 42.009323 -9.090015
v 23.583927 41.664909 -9.656515
v 23.583927 41.664909 -9.656515
v 20.437590 40.053997 -7.370567
v 20.437590 40.053997 -7.370567
v 16.455328 42.455326 -6.500001
v 14.987076 46.000000 -6.500000
v 14.500000 46.000000 -6.050001
v 14.500000 46.000000 -6.050001
v 14.987076 46.000000 6.500000
v 16.455328 42.455326 6.499999
v 14.500000 46.000000 6.050000
v 14.500000 46.000000 6.050000
v 8.550000 34.450001 9.000000
v 8.550000 47.549999 9.000000
v 9.000000 47.549999 8.550000
v 8.550000 48.000000 8.550000
v 9.000000 34.450001 8.550000
v 8.550000 34.000000 8.550000
v 9.000000 34.450001 -8.550000
v 9.000000 47.549999 -8.550000
v 8.550000 47.549999 -9.000000
v 8.550000 48.000000 -8.550000
v 8.550000 34.450001 -9.000000
v 8.550000 34.000000 -8.550000
v -8.550000 34.450001 -9.000000
v -8.550000 47.549999 -9.000000
v -9.000000 47.549999 -8.550000
v -8.550000 48.000000 -8.550000
v -8.550000 48.000000 8.550000
v -9.000000 47.549999 8.550000
v -8.550000 47.549999 9.000000
v -8.550000 34.450001 9.000000
v -9.000000 34.450001 -8.550000
v -9.000000 34.450001 8.550000
v -8.550000 34.000000 8.550000
v -8.550000 34.000000 -8.550000
v 11.550000 18.450001 12.000000
v 11.550000 33.549999 12.000000
v 12.000000 33.549999 11.550000
v 11.550000 34.000000 11.550000
v 12.000000 18.450001 11.550000
v 11.550000 18.000000 11.550000
v 12.000000 18.450001 -11.550000
v 12.000000 33.549999 -11.550000
v 11.550000 33.549999 -12.000000
v 11.550000 34.000000 -11.550000
v 11.550000 18.450001 -12.000000
v 11.550000 18.000000 -11.550000
v -11.550000 18.450001 -12.000000
v -11.550000 33.549999 -12.000000
v -12.000000 33.549999 -11.550000
v -11.550000 34.000000 -11.550000
v -11.550000 34.000000 11.550000
v -12.000000 33.549999 11.550000
v -11.550000 33.549999 12.000000
v -11.550000 18.450001 12.000000
v -12.000000 18.450001 -11.550000
v -12.000000 18.450001 11.550000
v -11.550000 18.000000 11.550000
v -11.550000 18.000000 -11.550000
v 14.550000 0.450000 15.000000
v 14.550000 17.549999 15.000000
v 15.000000 17.549999 14.550000
v 14.550000 18.000000 14.550000
v 15.000000 0.450000 14.550000
v 14.550000 0.000000 14.550000
v 15.000000 0.450000 -14.550000
v 15.000000 17.549999 -14.550000
v 14.550000 17.549999 -15.000000
v 14.550000 18.000000 -14.550000
v 14.550000 0.450000 -15.000000
v 14.550000 0.000000 -14.550000
v -14.550000 0.450000 -15.000000
v -14.550000 17.549999 -15.000000
v -15.000000 17.549999 -14.550000
v -14.550000 18.000000 -14.550000
v -14.550000 18.000000 14.550000
v -15.000000 17.549999 14.550000
v -14.550000 17.549999 15.000000
v -14.550000 0.450000 15.000000
v -15.000000 0.450000 -14.550000
v -15.000000 0.450000 14.550000
v -14.550000 0.000000 14.550000
v -14.550000 0.000000 -14.550000
v -9.786848 48.347126 10.320239
v -10.156601 48.000000 10.156603
v -10.156601 48.000000 10.156603
v -10.156601 48.000000 10.156603
v -10.320237 48.347126 9.786850
v 10.320239 48.347126 9.786848
v 10.156603 48.000000 10.156601
v 10.156603 48.000000 10.156601
v 10.156603 48.000000 10.156601
v 9.786850 48.347126 10.320237
v 9.786848 48.347126 -10.320239
v 10.156601 48.000000 -10.156603
v 10.156601 48.000000 -10.156603
v 10.156601 48.000000 -10.156603
v 10.320237 48.347126 -9.786850
v -10.320239 48.347126 -9.786848
v -10.156603 48.000000 -10.156601
v -10.156603 48.000000 -10.156601
v -10.156603 48.000000 -10.156601
v -9.786850 48.347126 -10.320237
v -15.000000 0.450000 14.550000
v -14.550000 17.549999 15.000000
v -14.550000 18.000000 14.550000
v -15.000000 17.549999 14.550000
v -14.550000 0.000000 -14.550000
v -15.000000 0.450000 -14.550000
v -14.550000 0.450000 -15.000000
v -14.550000 18.000000 -14.550000
v -14.550000 17.549999 -15.000000
v -15.000000 17.549999 -14.550000
v 14.550000 0.000000 14.550000
v 15.000000 0.450000 14.550000
v 14.550000 0.450000 15.000000
v 14.550000 18.000000 14.550000
v 14.550000 17.549999 15.000000
v 15.000000 17.549999 14.550000
v 14.550000 0.000000 -14.550000
v 14.550000 0.450000 -15.000000
v 15.000000 0.450000 -14.550000
v 14.550000 18.000000 -14.550000
v 15.000000 17.549999 -14.550000
v 14.550000 17.549999 -15.000000
v -11.550000 18.000000 11.550000
v -11.550000 18.450001 12.000000
v -12.000000 18.450001 11.550000
v -11.550000 33.549999 12.000000
v -11.550000 34.000000 11.550000
v -12.000000 33.549999 11.550000
v -11.550000 18.000000 -11.550000
v -12.000000 18.450001 -11.550000
v -11.550000 18.450001 -12.000000
v -11.550000 34.000000 -11.550000
v -11.550000 33.549999 -12.000000
v -12.000000 33.549999 -11.550000
v 11.550000 18.000000 11.550000
v 12.000000 18.450001 11.550000
v 11.550000 18.450001 12.000000
v 11.550000 34.000000 11.550000
v 11.550000 33.549999 12.000000
v 12.000000 33.549999 11.550000
v 11.550000 18.000000 -11.550000
v 11.550000 18.450001 -12.000000
v 12.000000 18.450001 -11.550000
v 11.550000 34.000000 -11.550000
v 12.000000 33.549999 -11.550000
v 11.550000 33.549999 -12.000000
v -8.550000 34.000000 8.550000
v -8.550000 34.450001 9.000000
v -9.000000 34.450001 8.550000
v -8.550000 47.549999 9.000000
v -8.550000 48.000000 8.550000
v -9.000000 47.549999 8.550000
v -8.550000 34.000000 -8.550000
v -9.000000 34.450001 -8.550000
v -8.550000 34.450001 -9.000000
v -8.550000 48.000000 -8.550000
v -8.550000 47.549999 -9.000000
v -9.000000 47.549999 -8.550000
v 8.550000 34.000000 8.550000
v 9.000000 34.450001 8.550000
v 8.550000 34.450001 9.000000
v 8.550000 48.000000 8.550000
v 8.550000 47.549999 9.000000
v 9.000000 47.549999 8.550000
v 8.550000 34.000000 -8.550000
v 8.550000 34.450001 -9.000000
v 9.000000 34.450001 -8.550000
v 8.550000 48.000000 -8.550000
v 9.000000 47.549999 -8.550000
v 8.550000 47.549999 -9.000000
v -10.156603 48.000000 -10.156601
v -10.320239 48.347126 -9.786848
v -9.786850 48.347126 -10.320237
v -0.257107 60.000000 -0.257107
v -0.460082 59.652874 -0.993470
v -0.993471 59.652874 -0.460081
v 10.156601 48.000000 -10.156603
v 9.786848 48.347126 -10.320239
v 10.320237 48.347126 -9.786850
v 0.257107 60.000000 -0.257107
v 0.993470 59.652874 -0.460082
v 0.460081 59.652874 -0.993471
v 10.156603 48.000000 10.156601
v 10.320239 48.347126 9.786848
v 9.786850 48.347126 10.320237
v 0.257107 60.000000 0.257107
v 0.460082 59.652874 0.993470
v 0.993471 59.652874 0.460081
v -10.156601 48.000000 10.156603
v -9.786848 48.347126 10.320239
v -10.320237 48.347126 9.786850
v -0.257107 60.000000 0.257107
v -0.993470 59.652874 0.460082
v -0.460081 59.652874 0.993471
v 14.987076 46.000000 6.500000
v 14.500000 46.000000 6.050000
v 14.987076 46.000000 -6.500000
v 14.500000 46.000000 -6.050001
v 16.455328 42.455326 6.499999
v 15.938705 42.526657 6.049999
v 16.526659 41.938705 6.049999
v 16.455328 42.455326 -6.500001
v 16.526659 41.938705 -6.050001
v 15.938704 42.526657 -6.050001
v 20.000000 40.987076 6.500000
v 20.000000 40.500000 6.050000
v 20.000000 40.987076 -6.500000
v 20.000000 40.500000 -6.050001
v 23.544672 42.455326 6.500000
v 23.473341 41.938705 6.050000
v 24.061295 42.526657 6.050000
v 23.544672 42.455326 -6.500000
v 24.061295 42.526657 -6.050000
v 23.473341 41.938705 -6.050000
v 25.012922 46.000000 6.500000
v 25.500000 46.000000 6.050001
v 25.012922 46.000000 -6.500000
v 25.500000 46.000000 -6.050000
v 23.544672 49.544674 6.500001
v 24.061295 49.473343 6.050001
v 23.473341 50.061295 6.050001
v 23.544672 49.544674 -6.499999
v 23.473341 50.061295 -6.049999
v 24.061295 49.473343 -6.049999
v 20.000000 51.012924 6.500000
v 20.000000 51.500000 6.050001
v 20.000000 51.012924 -6.500000
v 20.000000 51.500000 -6.050000
v 16.455328 49.544674 6.500000
v 16.526659 50.061295 6.050000
v 15.938704 49.473343 6.050000
v 16.455328 49.544674 -6.500000
v 15.938705 49.473343 -6.050000
v 16.526659 50.061295 -6.050000
v 16.646553 45.553997 -4.059985
v 16.127316 45.969742 -4.238967
v 16.127316 45.138252 -4.238968
v 9.005343 45.553997 -14.577206
v 9.015112 45.138252 -14.028072
v 9.015112 45.969742 -14.028072
v 17.834394 42.009323 -4.923003
v 17.151934 42.080654 -4.983397
v 17.627598 41.492702 -5.328988
v 10.193184 42.009323 -15.440222
v 10.515395 41.492702 -15.118092
v 10.039731 42.080654 -14.772501
v 20.702093 40.541073 -7.006509
v 20.437590 40.053997 -7.370567
v 13.060884 40.541073 -17.523729
v 13.325387 40.053997 -17.159672
v 23.569792 42.009323 -9.090015
v 23.583927 41.664909 -9.656515
v 15.928582 42.009323 -19.607235
v 16.471724 41.664909 -19.445620
v 24.757635 45.553997 -9.953032
v 24.747866 45.138252 -10.502165
v 24.747866 45.969742 -10.502165
v 17.116425 45.553997 -20.470251
v 17.635662 45.969742 -20.291269
v 17.635662 45.138252 -20.291269
v 23.569792 49.098671 -9.090014
v 23.723246 49.027340 -9.757736
v 23.247581 49.615292 -9.412146
v 15.928584 49.098671 -19.607235
v 16.135380 49.615292 -19.201250
v 16.611044 49.027340 -19.546841
v 20.702095 50.566921 -7.006508
v 20.437592 51.053997 -7.370566
v 13.060884 50.566921 -17.523727
v 13.325387 51.053997 -17.159670
v 17.834396 49.098671 -4.923002
v 17.291254 49.443085 -5.084617
v 10.193185 49.098671 -15.440223
v 10.179049 49.443085 -14.873721
v 11.348758 44.863083 -13.893444
v 10.770267 44.863083 -13.569264
v -1.014976 44.863083 -17.910664
v -0.737516 44.863083 -17.308371
v 11.802472 41.318409 -15.289834
v 11.268066 40.973995 -15.101334
v -0.561262 41.318409 -19.307056
v -0.239717 40.973995 -18.840441
v 12.897837 39.850159 -18.661018
v 12.469861 39.363083 -18.800076
v 0.534102 39.850159 -22.678240
v 0.962077 39.363083 -22.539183
v 13.993200 41.318409 -22.032202
v 13.671655 40.973995 -22.498817
v 1.629466 41.318409 -26.049421
v 2.163871 40.973995 -26.237921
v 14.446916 44.863083 -23.428593
v 14.116240 44.447338 -23.867107
v 14.116240 45.278828 -23.867107
v 2.083181 44.863083 -27.445814
v 2.608457 45.278828 -27.606215
v 2.608456 44.447338 -27.606215
v 13.993201 48.407757 -22.032200
v 13.671656 48.752171 -22.498816
v 1.629467 48.407757 -26.049421
v 2.163872 48.752171 -26.237923
v 12.897837 49.876007 -18.661016
v 12.469861 50.363083 -18.800074
v 0.534103 49.876007 -22.678238
v 0.962078 50.363083 -22.539181
v 11.802473 48.407757 -15.289834
v 11.396540 48.924377 -15.496731
v 11.214852 48.336426 -14.937554
v -0.561261 48.407757 -19.307055
v -0.292931 48.336426 -18.676661
v -0.111244 48.924377 -19.235836
v 0.747161 44.034592 -18.734909
v 0.416485 44.450336 -18.296394
v 0.416485 43.618847 -18.296394
v -11.616575 44.034592 -14.717695
v -11.091300 43.618847 -14.557294
v -11.091300 44.450336 -14.557294
v 0.293446 40.489918 -20.131302
v -0.028099 40.145504 -19.664686
v -12.070290 40.489918 -16.114086
v -11.535884 40.145508 -15.925586
v -0.801916 39.021667 -23.502485
v -1.229892 38.534592 -23.363428
v -13.165653 39.021667 -19.485270
v -12.737678 38.534592 -19.624327
v -1.897279 40.489918 -26.873669
v -2.431685 40.145504 -27.062170
v -14.261015 40.489918 -22.856453
v -13.939469 40.145504 -23.323069
v -2.350993 44.034592 -28.270061
v -2.876268 43.618847 -28.430462
v -2.876268 44.450336 -28.430462
v -14.714729 44.034592 -24.252846
v -14.384053 44.450336 -24.691360
v -14.384053 43.618847 -24.691360
v -1.897278 47.579266 -26.873669
v -2.431684 47.923679 -27.062170
v -14.261015 47.579266 -22.856453
v -13.939469 47.923679 -23.323069
v -0.801916 49.047516 -23.502485
v -1.229891 49.534592 -23.363428
v -13.165651 49.047516 -19.485270
v -12.737676 49.534592 -19.624327
v 0.293447 47.579266 -20.131302
v -0.028098 47.923679 -19.664686
v -12.070290 47.579266 -16.114086
v -11.535884 47.923679 -15.925585
v -11.108787 43.101856 -16.105448
v -11.118555 43.517601 -15.556314
v -11.118555 42.686111 -15.556314
v -18.749996 43.101856 -5.588227
v -18.230759 42.686111 -5.767210
v -18.230759 43.517601 -5.767210
v -12.296628 39.557182 -16.968464
v -12.282494 39.212769 -16.401964
v -19.937840 39.557182 -6.451244
v -19.394697 39.212769 -6.612859
v -15.164327 38.088932 -19.051970
v -15.428830 37.601856 -18.687912
v -22.805538 38.088932 -8.534750
v -22.541035 37.601856 -8.898808
v -18.032026 39.557182 -21.135477
v -18.238823 39.040562 -20.729492
v -18.714487 39.628513 -21.075083
v -25.673235 39.557182 -10.618257
v -25.826689 39.628513 -11.285978
v -25.351025 39.040562 -10.940388
v -19.219868 43.101856 -21.998493
v -19.739105 42.686111 -21.819511
v -19.739105 43.517601 -21.819511
v -26.861078 43.101856 -11.481274
v -26.851309 43.517601 -12.030407
v -26.851309 42.686111 -12.030407
v -18.032024 46.646530 -21.135477
v -18.575167 46.990944 -20.973862
v -25.673235 46.646530 -10.618258
v -25.687372 46.990948 -11.184758
v -15.164327 48.114780 -19.051971
v -15.428830 48.601856 -18.687914
v -22.805536 48.114780 -8.534752
v -22.541033 48.601856 -8.898809
v -12.296627 46.646530 -16.968464
v -12.618838 47.163151 -16.646334
v -12.143174 46.575199 -16.300743
v -19.937838 46.646530 -6.451245
v -19.255377 46.575199 -6.511639
v -19.731041 47.163151 -6.857230
v -19.320412 42.083046 -6.500000
v -19.005541 42.498791 -6.050001
v -19.005541 41.667301 -6.050001
v -19.320412 42.083046 6.500000
v -19.005541 41.667301 6.050000
v -19.005541 42.498791 6.050000
v -20.788662 38.538372 -6.500000
v -20.444248 38.193958 -6.050000
v -20.788662 38.538372 6.500000
v -20.444246 38.193958 6.050000
v -24.333334 37.070122 -6.500000
v -24.333334 36.583046 -6.050000
v -24.333334 37.070122 6.500000
v -24.333334 36.583046 6.050001
v -27.878006 38.538372 -6.499999
v -28.222422 38.193958 -6.049999
v -27.878006 38.538372 6.500001
v -28.222420 38.193958 6.050001
v -29.346256 42.083046 -6.500000
v -29.661127 41.667301 -6.050000
v -29.661127 42.498791 -6.050000
v -29.346256 42.083046 6.500000
v -29.661127 42.498791 6.050001
v -29.661127 41.667301 6.050001
v -27.878006 45.627720 -6.500000
v -28.222422 45.972134 -6.050000
v -27.878006 45.627720 6.500000
v -28.222420 45.972134 6.050000
v -24.333334 47.095970 -6.500000
v -24.333334 47.583046 -6.050001
v -24.333334 47.095970 6.500000
v -24.333334 47.583046 6.050000
v -20.788662 45.627720 -6.500001
v -20.444248 45.972134 -6.050001
v -20.788662 45.627720 6.499999
v -20.444246 45.972134 6.049999
v -20.152287 40.989937 6.607056
v -19.493731 40.989937 6.684817
v -12.511085 40.989937 17.124281
v -12.381535 40.989937 16.473927
v -21.340128 37.445263 7.470072
v -20.657667 37.516594 7.530467
v -21.133331 36.928642 7.876057
v -13.698926 37.445263 17.987297
v -14.021137 36.928642 17.665167
v -13.545471 37.516594 17.319576
v -24.207829 35.977013 9.553576
v -23.943325 35.489937 9.917633
v -16.566628 35.977013 20.070801
v -16.831131 35.489937 19.706743
v -27.075529 37.445263 11.637080
v -26.753319 36.928642 11.959210
v -27.228983 37.516594 12.304800
v -19.434328 37.445263 22.154305
v -20.116789 37.516594 22.093910
v -19.641125 36.928642 21.748320
v -28.263372 40.989937 12.500095
v -28.392921 40.989937 13.150450
v -20.622169 40.989937 23.017319
v -21.280725 40.989937 22.939558
v -27.075529 44.534611 11.637079
v -27.228983 44.463280 12.304800
v -26.753319 45.051231 11.959210
v -19.434328 44.534611 22.154305
v -19.641125 45.051231 21.748320
v -20.116789 44.463280 22.093910
v -24.207829 46.002861 9.553576
v -23.943325 46.489937 9.917633
v -16.566628 46.002861 20.070801
v -16.831131 46.489937 19.706743
v -21.340128 44.534611 7.470071
v -21.133331 45.051231 7.876055
v -20.657667 44.463280 7.530466
v -13.698926 44.534611 17.987297
v -13.545473 44.463280 17.319576
v -14.021137 45.051231 17.665167
v -12.687829 39.830906 18.014685
v -12.162554 40.246651 17.854284
v -12.162554 39.415161 17.854284
v -0.324096 39.830906 22.031912
v -0.654771 39.415161 21.593397
v -0.654771 40.246651 21.593397
v -13.141544 36.286232 19.411077
v -12.553924 36.357563 19.058798
v -12.735611 35.769611 19.617973
v -0.777811 36.286232 23.428303
v -1.227829 35.769611 23.357084
v -1.046141 36.357563 22.797909
v -14.236910 34.817982 22.782261
v -13.808934 34.330906 22.921318
v -1.873176 34.817982 26.799486
v -2.301151 34.330906 26.660429
v -15.332274 36.286232 26.153442
v -15.010729 35.941818 26.620058
v -2.968541 36.286232 30.170668
v -3.502946 35.941818 30.359167
v -15.785990 39.830906 27.549833
v -15.455315 39.415161 27.988348
v -15.455315 40.246651 27.988348
v -3.422257 39.830906 31.567060
v -3.947532 40.246651 31.727461
v -3.947532 39.415161 31.727461
v -15.332275 43.375580 26.153442
v -15.063945 43.304249 26.783836
v -14.882257 43.892200 26.224661
v -2.968542 43.375580 30.170668
v -3.374475 43.892200 29.963772
v -3.556162 43.304249 30.522947
v -14.236910 44.843830 22.782259
v -13.808934 45.330906 22.921316
v -1.873177 44.843830 26.799484
v -2.301152 45.330906 26.660427
v -13.141545 43.375580 19.411077
v -12.607140 43.719994 19.222576
v -0.777812 43.375580 23.428303
v -1.099357 43.719994 22.961687
v 0.591912 38.612278 22.856157
v 0.869373 38.612278 22.253864
v 12.955647 38.612278 18.838938
v 12.377157 38.612278 18.514759
v 1.045627 35.067604 24.252548
v 1.313958 35.138935 23.622154
v 1.495645 34.550983 24.181330
v 13.409363 35.067604 20.235329
v 13.003429 34.550983 20.442225
v 12.821742 35.138935 19.883049
v 2.140990 33.599354 27.623732
v 2.568966 33.112278 27.484674
v 14.504726 33.599354 23.606512
v 14.076751 33.112278 23.745569
v 3.236354 35.067604 30.994915
v 3.642287 34.550983 30.788019
v 3.823974 35.138935 31.347195
v 15.600090 35.067604 26.977695
v 15.331759 35.138935 27.608089
v 15.150072 34.550983 27.048914
v 3.690068 38.612278 32.391304
v 4.268558 38.612278 32.715485
v 16.053802 38.612278 28.374086
v 15.776344 38.612278 28.976383
v 3.236353 42.156952 30.994915
v 3.823974 42.085621 31.347195
v 3.642286 42.673573 30.788019
v 15.600088 42.156952 26.977695
v 15.150070 42.673573 27.048914
v 15.331758 42.085621 27.608089
v 2.140990 43.625202 27.623732
v 2.568965 44.112278 27.484674
v 14.504725 43.625202 23.606512
v 14.076749 44.112278 23.745569
v 1.045626 42.156952 24.252548
v 1.495644 42.673573 24.181330
v 1.313957 42.085621 23.622154
v 13.409361 42.156952 20.235329
v 12.821740 42.085621 19.883049
v 13.003428 42.673573 20.442225
v 14.614530 37.339035 18.652519
v 14.484980 37.339035 18.002165
v 22.255735 37.339035 8.135298
v 21.597179 37.339035 8.213058
v 15.802370 33.794361 19.515535
v 15.648917 33.865692 18.847815
v 16.124580 33.277740 19.193405
v 23.443577 33.794361 8.998312
v 23.236780 33.277740 9.404298
v 22.761116 33.865692 9.058707
v 18.670071 32.326111 21.599041
v 18.934574 31.839035 21.234983
v 26.311277 32.326111 11.081818
v 26.046774 31.839033 11.445875
v 21.537769 33.794361 23.682545
v 21.744566 33.277740 23.276560
v 22.220230 33.865692 23.622150
v 29.178976 33.794361 13.165322
v 29.332430 33.865692 13.833044
v 28.856766 33.277740 13.487453
v 22.725611 37.339035 24.545561
v 23.384169 37.339035 24.467802
v 30.366817 37.339035 14.028339
v 30.496367 37.339035 14.678694
v 21.537769 40.883709 23.682545
v 22.220230 40.812378 23.622150
v 21.744566 41.400330 23.276560
v 29.178976 40.883709 13.165324
v 28.856766 41.400330 13.487454
v 29.332430 40.812378 13.833045
v 18.670069 42.351959 21.599041
v 18.934572 42.839035 21.234983
v 26.311275 42.351959 11.081819
v 26.046772 42.839035 11.445876
v 15.802369 40.883709 19.515535
v 16.124580 41.400330 19.193405
v 15.648916 40.812378 18.847815
v 23.443577 40.883709 8.998314
v 22.761116 40.812378 9.058707
v 23.236780 41.400330 9.404298
v 23.653740 36.015209 6.499997
v 23.166662 36.015209 6.049997
v 23.653748 36.015209 -6.500003
v 23.166670 36.015209 -6.050003
v 25.121990 32.470535 6.499998
v 24.605368 32.541866 6.049997
v 25.193321 31.953915 6.049997
v 25.121998 32.470535 -6.500002
v 25.193329 31.953915 -6.050003
v 24.605375 32.541866 -6.050003
v 28.666664 31.002285 6.500000
v 28.666664 30.515213 6.050000
v 28.666672 31.002285 -6.500000
v 28.666670 30.515209 -6.050001
v 32.211334 32.470535 6.500001
v 32.555748 32.126122 6.050002
v 32.211342 32.470535 -6.499998
v 32.555756 32.126122 -6.049998
v 33.679588 36.015209 6.500003
v 33.994457 35.599464 6.050003
v 33.994457 36.430954 6.050003
v 33.679596 36.015209 -6.499997
v 33.994465 36.430954 -6.049997
v 33.994465 35.599464 -6.049997
v 32.211334 39.559883 6.500002
v 32.555748 39.904297 6.050003
v 32.211342 39.559883 -6.499998
v 32.555756 39.904297 -6.049997
v 28.666662 41.028133 6.500000
v 28.666662 41.515209 6.050001
v 28.666670 41.028133 -6.500000
v 28.666670 41.515209 -6.050000
v 25.121990 39.559883 6.499999
v 25.193321 40.076504 6.049999
v 24.605368 39.488552 6.049998
v 25.121998 39.559883 -6.500002
v 24.605375 39.488552 -6.050002
v 25.193329 40.076504 -6.050002
v 23.658030 34.644165 -9.154126
v 23.138792 35.059910 -9.333108
v 23.138792 34.228420 -9.333108
v 16.016825 34.644165 -19.671349
v 16.026594 34.228420 -19.122215
v 16.026594 35.059910 -19.122215
v 24.845869 31.099493 -10.017142
v 24.163410 31.170824 -10.077537
v 24.639074 30.582870 -10.423127
v 17.204664 31.099493 -20.534367
v 17.526876 30.582870 -20.212236
v 17.051212 31.170824 -19.866646
v 27.713572 29.631243 -12.100647
v 27.449068 29.144165 -12.464705
v 20.072367 29.631243 -22.617870
v 20.336870 29.144165 -22.253813
v 30.581272 31.099493 -14.184153
v 30.595406 30.755077 -14.750652
v 22.940067 31.099493 -24.701376
v 23.483208 30.755077 -24.539761
v 31.769114 34.644165 -15.047168
v 31.759344 34.228420 -15.596301
v 31.759342 35.059910 -15.596301
v 24.127909 34.644165 -25.564392
v 24.647146 35.059910 -25.385410
v 24.647146 34.228420 -25.385410
v 30.581272 38.188839 -14.184152
v 30.734726 38.117508 -14.851872
v 30.259062 38.705460 -14.506282
v 22.940067 38.188839 -24.701374
v 23.146864 38.705460 -24.295389
v 23.622528 38.117508 -24.640980
v 27.713572 39.657089 -12.100647
v 27.449068 40.144165 -12.464705
v 20.072367 39.657089 -22.617870
v 20.336870 40.144165 -22.253813
v 24.845873 38.188839 -10.017141
v 24.302731 38.533253 -10.178757
v 17.204668 38.188839 -20.534365
v 17.190533 38.533253 -19.967865
v 14.026905 33.228741 -22.135933
v 13.501630 33.644485 -21.975533
v 13.501630 32.812996 -21.975533
v 1.663170 33.228741 -26.153154
v 1.993846 32.812996 -25.714640
v 1.993846 33.644485 -25.714640
v 14.480619 29.684069 -23.532324
v 13.946214 29.339653 -23.343824
v 2.116885 29.684069 -27.549545
v 2.438430 29.339653 -27.082932
v 15.575984 28.215816 -26.903511
v 15.148007 27.728741 -27.042566
v 3.212249 28.215818 -30.920731
v 3.640224 27.728741 -30.781673
v 16.671347 29.684067 -30.274691
v 16.221331 29.167446 -30.345909
v 16.403017 29.755398 -30.905085
v 4.307614 29.684071 -34.291916
v 4.895233 29.755400 -34.644196
v 4.713546 29.167446 -34.085018
v 17.125061 33.228741 -31.671083
v 16.847603 33.228741 -32.273376
v 4.761328 33.228741 -35.688301
v 5.339818 33.228741 -36.012482
v 16.671349 36.773415 -30.274691
v 16.403019 36.702084 -30.905085
v 16.221331 37.290035 -30.345909
v 4.307614 36.773415 -34.291916
v 4.713547 37.290035 -34.085018
v 4.895235 36.702084 -34.644196
v 15.575984 38.241665 -26.903507
v 15.148008 38.728741 -27.042564
v 3.212249 38.241665 -30.920729
v 3.640225 38.728741 -30.781672
v 14.480619 36.773415 -23.532324
v 13.946214 37.117828 -23.343822
v 2.116886 36.773415 -27.549547
v 2.438431 37.117828 -27.082932
v -1.930985 31.771389 -26.977402
v -2.261661 32.187134 -26.538887
v -2.261661 31.355642 -26.538887
v -14.294720 31.771389 -22.960180
v -13.769444 31.355642 -22.799782
v -13.769444 32.187134 -22.799780
v -2.384700 28.226717 -28.373791
v -2.706247 27.882303 -27.907181
v -14.748434 28.226717 -24.356571
v -14.214028 27.882301 -24.168072
v -3.480064 26.758467 -31.744976
v -3.908040 26.271389 -31.605919
v -15.843799 26.758467 -27.727755
v -15.415823 26.271389 -27.866812
v -4.575428 28.226719 -35.116161
v -4.981362 27.710094 -34.909264
v -5.163049 28.298048 -35.468441
v -16.939163 28.226717 -31.098940
v -16.670834 28.298048 -31.729332
v -16.489145 27.710094 -31.170156
v -5.029143 31.771389 -36.512550
v -5.607633 31.771389 -36.836731
v -17.392878 31.771389 -32.495327
v -17.115417 31.771389 -33.097622
v -4.575428 35.316063 -35.116161
v -5.163048 35.244732 -35.468441
v -4.981360 35.832684 -34.909264
v -16.939163 35.316063 -31.098940
v -16.489145 35.832684 -31.170158
v -16.670832 35.244732 -31.729334
v -3.480064 36.784313 -31.744978
v -3.908039 37.271389 -31.605921
v -15.843798 36.784313 -27.727757
v -15.415822 37.271389 -27.866814
v -2.384700 35.316063 -28.373795
v -2.706245 35.660477 -27.907179
v -14.748434 35.316063 -24.356573
v -14.214029 35.660477 -24.168074
v -18.120268 30.274233 -21.199589
v -18.130037 30.689978 -20.650455
v -18.130037 29.858486 -20.650455
v -25.761473 30.274233 -10.682366
v -25.242235 29.858488 -10.861348
v -25.242235 30.689980 -10.861348
v -19.308109 26.729561 -22.062605
v -19.293976 26.385145 -21.496105
v -26.949316 26.729561 -11.545382
v -26.406176 26.385151 -11.706998
v -22.175810 25.261311 -24.146111
v -22.103968 24.946440 -23.537683
v -22.776659 24.946440 -24.026423
v -29.817017 25.261309 -13.628889
v -29.888857 24.946442 -14.237314
v -29.216166 24.946440 -13.748575
v -25.043512 26.729561 -26.229614
v -25.586653 26.385145 -26.067999
v -32.684715 26.729561 -15.712393
v -32.698853 26.385145 -16.278894
v -26.231352 30.274233 -27.092632
v -26.750589 29.858486 -26.913651
v -26.750589 30.689978 -26.913651
v -33.872555 30.274233 -16.575409
v -33.862785 30.689980 -17.124542
v -33.862785 29.858488 -17.124542
v -25.043509 33.818905 -26.229616
v -25.586651 34.163319 -26.068001
v -32.684715 33.818909 -15.712393
v -32.698849 34.163322 -16.278893
v -22.175810 35.287155 -24.146111
v -22.440313 35.774231 -23.782053
v -29.817015 35.287159 -13.628887
v -29.552511 35.774235 -13.992945
v -19.308109 33.818905 -22.062607
v -19.630320 34.335526 -21.740477
v -19.154655 33.747574 -21.394886
v -26.949314 33.818909 -11.545383
v -26.266853 33.747578 -11.605777
v -26.742517 34.335529 -11.951367
v -27.987076 28.739149 -6.499998
v -27.672205 29.154896 -6.049998
v -27.672205 28.323402 -6.049998
v -27.987078 28.739149 6.500002
v -27.672209 28.323404 6.050003
v -27.672209 29.154894 6.050003
v -29.455326 25.194477 -6.499998
v -29.110910 24.850061 -6.049998
v -29.455330 25.194477 6.500002
v -29.110916 24.850063 6.050002
v -32.999996 23.726227 -6.500000
v -32.584251 23.411356 -6.050000
v -33.415741 23.411356 -6.050000
v -33.000004 23.726227 6.500000
v -33.415749 23.411356 6.050001
v -32.584259 23.411356 6.050001
v -36.544670 25.194477 -6.500001
v -36.889084 24.850061 -6.050001
v -36.544678 25.194477 6.499999
v -36.889091 24.850063 6.049999
v -38.012920 28.739149 -6.500002
v -38.327789 28.323402 -6.050003
v -38.327789 29.154896 -6.050003
v -38.012928 28.739149 6.499998
v -38.327797 29.154896 6.049998
v -38.327797 28.323402 6.049998
v -36.544670 32.283821 -6.500002
v -36.889084 32.628235 -6.050002
v -36.544678 32.283821 6.499998
v -36.889091 32.628235 6.049998
v -32.999996 33.752071 -6.500000
v -33.415741 34.066940 -6.050001
v -32.584251 34.066940 -6.050001
v -33.000004 33.752075 6.500000
v -32.584259 34.066944 6.050000
v -33.415749 34.066944 6.050000
v -29.455326 32.283821 -6.499999
v -29.110910 32.628235 -6.049999
v -29.455330 32.283821 6.500001
v -29.110916 32.628235 6.050001
v -27.163771 27.167805 11.701195
v -26.505215 27.167805 11.778955
v -19.522564 27.167805 22.218416
v -19.393015 27.167805 21.568062
v -28.351610 23.623133 12.564210
v -27.669151 23.694464 12.624604
v -28.144815 23.106510 12.970195
v -20.710403 23.623133 23.081432
v -21.032616 23.106510 22.759302
v -20.556952 23.694464 22.413712
v -31.219311 22.154882 14.647716
v -30.954807 21.667805 15.011773
v -23.578104 22.154882 25.164938
v -23.842607 21.667805 24.800880
v -34.087013 23.623135 16.731220
v -33.764801 23.106510 17.053350
v -34.240467 23.694464 17.398941
v -26.445807 23.623133 27.248444
v -27.128265 23.694464 27.188049
v -26.652601 23.106510 26.842459
v -35.274853 27.167805 17.594236
v -35.404404 27.167805 18.244591
v -27.633646 27.167805 28.111458
v -28.292202 27.167805 28.033697
v -34.087013 30.712475 16.731222
v -34.240467 30.641146 17.398941
v -33.764801 31.229099 17.053350
v -26.445807 30.712477 27.248444
v -26.652601 31.229099 26.842459
v -27.128265 30.641146 27.188049
v -31.219313 32.180729 14.647715
v -30.954809 32.667805 15.011772
v -23.578106 32.180729 25.164936
v -23.842609 32.667805 24.800879
v -28.351610 30.712477 12.564209
v -28.144815 31.229099 12.970195
v -27.669151 30.641146 12.624604
v -20.710403 30.712477 23.081432
v -20.556952 30.641146 22.413712
v -21.032616 31.229099 22.759302
v -15.365980 25.561687 26.257177
v -14.840705 25.977434 26.096779
v -14.840705 25.145941 26.096777
v -3.002245 25.561687 30.274397
v -3.332921 25.145941 29.835884
v -3.332921 25.977434 29.835882
v -15.819695 22.017015 27.653568
v -15.285290 21.672602 27.465073
v -3.455959 22.017015 31.670788
v -3.777504 21.672598 31.204174
v -16.915058 20.548765 31.024754
v -16.487083 20.061687 31.163811
v -4.551322 20.548765 35.041973
v -4.979298 20.061687 34.902916
v -18.010422 22.017017 34.395939
v -17.688877 21.672600 34.862553
v -5.646687 22.017017 38.413158
v -6.181091 21.672602 38.601654
v -18.464136 25.561687 35.792328
v -18.133461 25.145941 36.230843
v -18.133461 25.977434 36.230843
v -6.100401 25.561687 39.809547
v -6.625676 25.977434 39.969948
v -6.625675 25.145941 39.969948
v -18.010424 29.106358 34.395939
v -17.688877 29.450775 34.862553
v -5.646687 29.106358 38.413158
v -6.181093 29.450775 38.601658
v -16.915058 30.574610 31.024754
v -16.487083 31.061687 31.163811
v -4.551324 30.574610 35.041973
v -4.979299 31.061687 34.902916
v -15.819695 29.106359 27.653568
v -15.285289 29.450775 27.465069
v -3.455960 29.106359 31.670788
v -3.777505 29.450775 31.204174
v 3.270064 23.922146 31.098637
v 3.547525 23.922146 30.496344
v 15.633804 23.922146 27.081434
v 15.055314 23.922146 26.757256
v 3.723775 20.377476 32.495026
v 3.992107 20.448805 31.864634
v 4.173794 19.860851 32.423809
v 16.087517 20.377474 28.477825
v 15.681583 19.860851 28.684723
v 15.499897 20.448805 28.125547
v 4.819137 18.909224 35.866219
v 5.247111 18.422146 35.727158
v 17.182877 18.909224 31.849012
v 16.754902 18.422146 31.988068
v 5.914495 20.377476 39.237400
v 6.320427 19.860851 39.030502
v 6.502114 20.448805 39.589680
v 18.278236 20.377476 35.220200
v 18.009903 20.448805 35.850594
v 17.828217 19.860851 35.291416
v 6.368206 23.922146 40.633789
v 6.893481 23.506399 40.794189
v 6.893481 24.337893 40.794189
v 18.731949 23.922146 36.616589
v 18.401272 24.337893 37.055103
v 18.401270 23.506399 37.055103
v 5.914494 27.466818 39.237400
v 6.448899 27.811235 39.425903
v 18.278234 27.466816 35.220200
v 17.956688 27.811234 35.686813
v 4.819135 28.935068 35.866219
v 5.247110 29.422146 35.727158
v 17.182875 28.935068 31.849012
v 16.754898 29.422146 31.988070
v 3.723775 27.466816 32.495026
v 4.173793 27.983440 32.423809
v 3.992106 27.395487 31.864632
v 16.087517 27.466818 28.477825
v 15.499896 27.395487 28.125546
v 15.681582 27.983440 28.684723
v 21.626005 22.250397 23.746647
v 21.635775 22.666143 23.197514
v 21.635775 21.834650 23.197514
v 29.267227 22.250397 13.229435
v 28.747990 21.834650 13.408417
v 28.747990 22.666143 13.408416
v 22.813845 18.705725 24.609663
v 22.660393 18.777056 23.941942
v 23.136057 18.189102 24.287533
v 30.455067 18.705725 14.092452
v 30.248272 18.189102 14.498437
v 29.772608 18.777056 14.152846
v 25.681543 17.237474 26.693172
v 25.946047 16.750397 26.329115
v 33.322765 17.237474 16.175961
v 33.058262 16.750397 16.540020
v 28.549240 18.705725 28.776684
v 28.756035 18.189102 28.370699
v 29.231699 18.777056 28.716290
v 36.190464 18.705727 18.259474
v 36.343918 18.777056 18.927193
v 35.868252 18.189102 18.581602
v 29.737080 22.250397 29.639702
v 30.395636 22.250397 29.561941
v 37.378300 22.250397 19.122490
v 37.507851 22.250397 19.772844
v 28.549240 25.795069 28.776684
v 29.231699 25.723738 28.716290
v 28.756035 26.311691 28.370699
v 36.190464 25.795067 18.259474
v 35.868252 26.311691 18.581604
v 36.343918 25.723738 18.927195
v 25.681541 27.263319 26.693174
v 25.946047 27.750401 26.329117
v 33.322765 27.263319 16.175966
v 33.058262 27.750397 16.540022
v 22.813845 25.795069 24.609665
v 22.799711 26.139484 24.043165
v 30.455067 25.795069 14.092453
v 29.911926 26.139484 14.254068
v 32.320400 20.547556 6.499995
v 31.833326 20.547556 6.049994
v 32.320415 20.547556 -6.500005
v 31.833340 20.547556 -6.050006
v 33.788651 17.002884 6.499996
v 33.444237 16.658468 6.049996
v 33.788666 17.002884 -6.500004
v 33.444252 16.658468 -6.050004
v 37.333324 15.534632 6.500000
v 36.917580 15.219763 6.049999
v 37.749069 15.219764 6.050000
v 37.333340 15.534632 -6.500000
v 37.749084 15.219763 -6.050000
v 36.917595 15.219764 -6.050001
v 40.877998 17.002884 6.500003
v 41.222412 16.658468 6.050004
v 40.878014 17.002884 -6.499997
v 41.222427 16.658470 -6.049997
v 42.346249 20.547556 6.500005
v 42.833324 20.547556 6.050006
v 42.346264 20.547556 -6.499995
v 42.833340 20.547556 -6.049994
v 40.877998 24.092228 6.500004
v 41.222412 24.436642 6.050004
v 40.878014 24.092228 -6.499996
v 41.222427 24.436644 -6.049996
v 37.333324 25.560478 6.500000
v 37.749069 25.875349 6.050001
v 36.917580 25.875349 6.050000
v 37.333340 25.560478 -6.500000
v 36.917595 25.875349 -6.050000
v 37.749084 25.875349 -6.049999
v 33.788651 24.092228 6.499997
v 33.444237 24.436642 6.049997
v 33.788666 24.092228 -6.500003
v 33.444252 24.436644 -6.050004
v 30.669506 18.814644 -14.248263
v 30.150269 19.230391 -14.427246
v 30.150269 18.398899 -14.427246
v 23.028307 18.814644 -24.765490
v 23.038076 18.398897 -24.216356
v 23.038076 19.230389 -24.216356
v 31.857349 15.269971 -15.111279
v 31.314207 14.925556 -15.272895
v 24.216148 15.269972 -25.628506
v 24.202013 14.925555 -25.062006
v 34.725048 13.801721 -17.194782
v 34.124199 13.486852 -17.314470
v 34.796890 13.486852 -17.803209
v 27.083849 13.801721 -27.712009
v 27.684698 13.486852 -27.592321
v 27.012007 13.486852 -27.103582
v 37.592751 15.269972 -19.278286
v 37.606884 14.925556 -19.844786
v 29.951550 15.269972 -29.795513
v 30.494692 14.925557 -29.633898
v 38.780590 18.814644 -20.141302
v 38.910141 18.814644 -20.791656
v 31.139393 18.814644 -30.658527
v 31.797949 18.814644 -30.580767
v 37.592754 22.359314 -19.278288
v 37.746208 22.287985 -19.946007
v 37.270542 22.875938 -19.600416
v 29.951551 22.359316 -29.795513
v 30.158346 22.875938 -29.389528
v 30.634010 22.287985 -29.735119
v 34.725052 23.827566 -17.194782
v 34.460548 24.314644 -17.558840
v 27.083847 23.827568 -27.712008
v 27.348352 24.314644 -27.347952
v 31.857347 22.359316 -15.111278
v 31.314207 22.703732 -15.272894
v 24.216148 22.359316 -25.628506
v 24.202015 22.703732 -25.062006
v 16.705051 17.052597 -30.378422
v 16.179775 17.468344 -30.218023
v 16.179775 16.636850 -30.218021
v 4.341316 17.052597 -34.395649
v 4.671992 16.636852 -33.957134
v 4.671992 17.468342 -33.957134
v 17.158764 13.507924 -31.774813
v 16.624361 13.163511 -31.586315
v 4.795032 13.507926 -35.792038
v 5.116576 13.163510 -35.325424
v 18.254129 12.039674 -35.145996
v 17.826155 11.552597 -35.285053
v 5.890397 12.039674 -39.163223
v 6.318372 11.552598 -39.024166
v 19.349495 13.507925 -38.517181
v 19.027950 13.163509 -38.983795
v 6.985764 13.507926 -42.534409
v 7.520168 13.163510 -42.722908
v 19.803209 17.052597 -39.913570
v 19.472536 16.636852 -40.352085
v 19.472536 17.468342 -40.352085
v 7.439479 17.052597 -43.930798
v 7.964754 17.468342 -44.091198
v 7.964753 16.636852 -44.091198
v 19.349497 20.597267 -38.517181
v 19.027952 20.941685 -38.983795
v 6.985764 20.597267 -42.534409
v 7.520169 20.941685 -42.722908
v 18.254131 22.065519 -35.145996
v 17.826157 22.552597 -35.285053
v 5.890399 22.065519 -39.163223
v 6.318373 22.552597 -39.024166
v 17.158764 20.597269 -31.774811
v 16.752832 21.113892 -31.981709
v 16.571144 20.525938 -31.422533
v 4.795031 20.597267 -35.792038
v 5.063362 20.525940 -35.161644
v 5.245049 21.113892 -35.720821
v -4.609133 15.262285 -35.219894
v -4.886593 15.262285 -34.617599
v -16.972868 15.262287 -31.202671
v -16.394377 15.262287 -30.878490
v -5.062847 11.717614 -36.616280
v -5.331178 11.788946 -35.985886
v -5.512866 11.200991 -36.545063
v -17.426582 11.717615 -32.599060
v -17.020651 11.200992 -32.805958
v -16.838963 11.788945 -32.246780
v -6.158212 10.249362 -39.987465
v -6.586187 9.762283 -39.848408
v -18.521946 10.249364 -35.970245
v -18.093971 9.762287 -36.109303
v -7.253575 11.717614 -43.358650
v -7.659509 11.200991 -43.151752
v -7.841197 11.788944 -43.710930
v -19.617310 11.717615 -39.341431
v -19.348980 11.788946 -39.971825
v -19.167294 11.200992 -39.412647
v -7.707290 15.262285 -44.755039
v -8.285780 15.262285 -45.079220
v -20.071022 15.262287 -40.737816
v -19.793564 15.262287 -41.340111
v -7.253576 18.806955 -43.358650
v -7.841196 18.735626 -43.710930
v -7.659508 19.323580 -43.151752
v -19.617310 18.806957 -39.341431
v -19.167294 19.323582 -39.412647
v -19.348980 18.735628 -39.971825
v -6.158210 20.275208 -39.987465
v -6.586186 20.762285 -39.848408
v -18.521946 20.275209 -35.970245
v -18.093971 20.762287 -36.109303
v -5.062846 18.806955 -36.616280
v -5.512865 19.323580 -36.545063
v -5.331176 18.735626 -35.985886
v -17.426580 18.806957 -32.599060
v -16.838961 18.735630 -32.246780
v -17.020649 19.323582 -32.805958
v -25.131746 13.444515 -26.293713
v -25.002195 13.444515 -25.643358
v -32.772972 13.444517 -15.776505
v -32.114414 13.444517 -15.854265
v -26.319584 9.899843 -27.156731
v -26.166132 9.971174 -26.489010
v -26.641796 9.383221 -26.834600
v -33.960808 9.899845 -16.639523
v -33.754013 9.383222 -17.045507
v -33.278347 9.971175 -16.699915
v -29.187281 8.431593 -29.240242
v -29.451784 7.944514 -28.876184
v -36.828506 8.431593 -18.723034
v -36.564003 7.944516 -19.087091
v -32.054977 9.899844 -31.323753
v -32.261772 9.383221 -30.917768
v -32.737438 9.971174 -31.263361
v -39.696201 9.899845 -20.806545
v -39.849655 9.971175 -21.474266
v -39.373989 9.383222 -21.128674
v -33.242813 13.444515 -32.186771
v -33.901371 13.444515 -32.109013
v -40.884037 13.444517 -21.669563
v -41.013588 13.444517 -22.319918
v -32.054977 16.989185 -31.323753
v -32.737438 16.917856 -31.263359
v -32.261772 17.505810 -30.917768
v -39.696201 16.989189 -20.806545
v -39.373989 17.505812 -21.128674
v -39.849655 16.917856 -21.474266
v -29.187277 18.457439 -29.240240
v -29.788128 18.772308 -29.120554
v -29.115438 18.772308 -28.631815
v -36.828506 18.457439 -18.723036
v -36.227657 18.772308 -18.842722
v -36.900349 18.772310 -19.331461
v -26.319586 16.989189 -27.156731
v -26.305450 17.333603 -26.590231
v -33.960808 16.989189 -16.639523
v -33.417667 17.333603 -16.801138
v -36.653736 11.600035 -6.499993
v -36.166660 11.600035 -6.049993
v -36.653751 11.600037 6.500007
v -36.166676 11.600037 6.050008
v -38.121986 8.055364 -6.499995
v -37.605366 8.126694 -6.049994
v -38.193317 7.538741 -6.049995
v -38.122002 8.055365 6.500005
v -38.193333 7.538742 6.050005
v -37.605381 8.126695 6.050006
v -41.666660 6.587111 -6.500000
v -41.250916 6.272242 -6.049999
v -42.082405 6.272243 -6.050000
v -41.666676 6.587112 6.500000
v -42.082420 6.272243 6.050000
v -41.250931 6.272243 6.050001
v -45.211334 8.055364 -6.500004
v -45.140003 7.538741 -6.050004
v -45.727955 8.126694 -6.050005
v -45.211349 8.055365 6.499995
v -45.727970 8.126695 6.049995
v -45.140018 7.538742 6.049996
v -46.679585 11.600035 -6.500007
v -47.166660 11.600035 -6.050008
v -46.679600 11.600037 6.499993
v -47.166676 11.600037 6.049993
v -45.211334 15.144708 -6.500005
v -45.727955 15.073377 -6.050006
v -45.140003 15.661330 -6.050005
v -45.211349 15.144709 6.499995
v -45.140018 15.661331 6.049995
v -45.727970 15.073378 6.049994
v -41.666660 16.612957 -6.500000
v -42.082405 16.927828 -6.050001
v -41.250916 16.927828 -6.050000
v -41.666676 16.612961 6.500000
v -41.250931 16.927830 6.050000
v -42.082420 16.927830 6.049999
v -38.121986 15.144707 -6.499996
v -38.193317 15.661329 -6.049996
v -37.605366 15.073377 -6.049995
v -38.122002 15.144709 6.500005
v -37.605381 15.073378 6.050005
v -38.193333 15.661331 6.050004
v -34.175247 9.729544 16.795334
v -33.516689 9.729544 16.873095
v -26.534050 9.729546 27.312563
v -26.404499 9.729546 26.662209
v -35.363087 6.184873 17.658348
v -34.819950 5.840458 17.819965
v -27.721891 6.184873 28.175577
v -27.707756 5.840458 27.609077
v -38.230789 4.716621 19.741852
v -37.629940 4.401752 19.861540
v -38.302631 4.401752 20.350279
v -30.589592 4.716621 30.259081
v -31.190441 4.401752 30.139393
v -30.517750 4.401752 29.650654
v -41.098492 6.184873 21.825354
v -41.112625 5.840457 22.391853
v -33.457294 6.184874 32.342587
v -34.000431 5.840459 32.180962
v -42.286331 9.729544 22.688368
v -42.415882 9.729544 23.338722
v -34.645134 9.729546 33.205597
v -35.303696 9.729548 33.127838
v -41.098492 13.274216 21.825354
v -41.112629 13.618633 22.391855
v -33.457294 13.274217 32.342583
v -34.000435 13.618632 32.180965
v -38.230789 14.742467 19.741850
v -38.302631 15.057336 20.350277
v -37.629940 15.057336 19.861538
v -30.589592 14.742469 30.259079
v -30.517750 15.057338 29.650652
v -31.190441 15.057338 30.139391
v -35.363087 13.274216 17.658348
v -34.819946 13.618631 17.819963
v -27.721891 13.274218 28.175577
v -27.707756 13.618632 27.609077
v -18.044123 7.833699 34.499664
v -17.518847 8.249446 34.339264
v -17.518847 7.417953 34.339264
v -5.680389 7.833700 38.516895
v -6.011065 7.417954 38.078381
v -6.011065 8.249446 38.078381
v -18.497837 4.289028 35.896053
v -17.963432 3.944612 35.707554
v -6.134105 4.289029 39.913284
v -6.455650 3.944613 39.446671
v -19.593203 2.820776 39.267235
v -19.036755 2.505907 39.010895
v -19.293701 2.505907 39.801689
v -7.229472 2.820777 43.284470
v -7.785919 2.505907 43.540810
v -7.528974 2.505908 42.750015
v -20.688570 4.289028 42.638420
v -20.367025 3.944610 43.105034
v -8.324839 4.289029 46.655651
v -8.859244 3.944613 46.844151
v -21.142284 7.833699 44.034809
v -20.811611 7.417953 44.473324
v -20.811611 8.249445 44.473324
v -8.778555 7.833700 48.052040
v -9.303830 8.249447 48.212440
v -9.303829 7.417954 48.212440
v -20.688572 11.378370 42.638420
v -20.367027 11.722786 43.105034
v -8.324839 11.378372 46.655651
v -8.859245 11.722788 46.844151
v -19.593204 12.846622 39.267235
v -19.293703 13.161491 39.801689
v -19.036757 13.161491 39.010895
v -7.229473 12.846623 43.284470
v -7.528975 13.161492 42.750015
v -7.785920 13.161492 43.540810
v -18.497837 11.378370 35.896053
v -17.963432 11.722786 35.707554
v -6.134105 11.378372 39.913284
v -6.455651 11.722788 39.446671
v 5.948208 5.913113 39.341133
v 6.278884 6.328859 38.902618
v 6.278884 5.497367 38.902618
v 18.311945 5.913114 35.323921
v 17.786671 5.497367 35.163521
v 17.786671 6.328860 35.163521
v 6.401922 2.368442 40.737522
v 6.723468 2.024026 40.270908
v 18.765657 2.368443 36.720310
v 18.231255 2.024029 36.531811
v 7.497285 0.900190 44.108707
v 7.796788 0.585321 43.574253
v 8.053732 0.585321 44.365047
v 19.861021 0.900191 40.091496
v 19.561518 0.585321 40.625950
v 19.304575 0.585322 39.835155
v 8.592646 2.368442 47.479893
v 9.127051 2.024028 47.668392
v 20.956383 2.368443 43.462681
v 20.634838 2.024027 43.929295
v 9.046360 5.913113 48.876282
v 9.571635 5.497366 49.036682
v 9.571635 6.328859 49.036682
v 21.410097 5.913114 44.859070
v 21.079422 6.328861 45.297585
v 21.079422 5.497368 45.297585
v 8.592647 9.457785 47.479893
v 9.127051 9.802200 47.668392
v 20.956385 9.457786 43.462681
v 20.634838 9.802201 43.929295
v 7.497283 10.926036 44.108707
v 8.053731 11.240906 44.365047
v 7.796787 11.240905 43.574253
v 19.861021 10.926038 40.091496
v 19.304575 11.240908 39.835155
v 19.561518 11.240907 40.625950
v 6.401922 9.457785 40.737522
v 6.723467 9.802200 40.270908
v 18.765659 9.457786 36.720310
v 18.231256 9.802199 36.531815
v 28.637489 3.968365 28.840794
v 28.647257 4.384111 28.291660
v 28.647257 3.552619 28.291660
v 36.278702 3.968366 18.323574
v 35.759464 3.552619 18.502556
v 35.759464 4.384111 18.502556
v 29.825331 0.423692 29.703810
v 29.811195 0.079278 29.137310
v 37.466541 0.423694 19.186590
v 36.923401 0.079278 19.348206
v 32.693027 -1.044558 31.787317
v 32.621185 -1.359427 31.178888
v 33.293877 -1.359427 31.667627
v 40.334240 -1.044557 21.270096
v 40.406082 -1.359426 21.878525
v 39.733391 -1.359426 21.389786
v 35.560726 0.423694 33.870823
v 36.103867 0.079276 33.709206
v 43.201939 0.423694 23.353605
v 43.216072 0.079279 23.920105
v 36.748566 3.968365 34.733841
v 37.267803 3.552619 34.554855
v 37.267803 4.384110 34.554855
v 44.389778 3.968366 24.216621
v 44.380009 4.384112 24.765755
v 44.380009 3.552620 24.765755
v 35.560722 7.513038 33.870823
v 36.103867 7.857452 33.709206
v 43.201939 7.513038 23.353605
v 43.216072 7.857453 23.920105
v 32.693027 8.981288 31.787315
v 32.957531 9.468369 31.423260
v 40.334240 8.981289 21.270102
v 40.069736 9.468366 21.634157
v 29.825329 7.513038 29.703810
v 29.811193 7.857451 29.137310
v 37.466541 7.513038 19.186592
v 36.923401 7.857453 19.348207
v 40.987076 2.000000 6.500000
v 40.500000 2.000000 6.050000
v 40.987076 2.000000 -6.500000
v 40.500000 2.000000 -6.050001
v 42.455326 -1.544672 6.499999
v 41.938705 -1.473342 6.049999
v 42.526657 -2.061295 6.049999
v 42.455326 -1.544672 -6.500001
v 42.526657 -2.061294 -6.050001
v 41.938705 -1.473341 -6.050001
v 46.000000 -3.012924 6.500000
v 45.584255 -3.327793 6.050000
v 46.415745 -3.327793 6.050000
v 46.000000 -3.012923 -6.500000
v 46.415745 -3.327792 -6.050001
v 45.584255 -3.327792 -6.050001
v 49.544674 -1.544672 6.500000
v 49.473343 -2.061295 6.050000
v 50.061295 -1.473342 6.050000
v 49.544674 -1.544672 -6.500000
v 50.061295 -1.473341 -6.050000
v 49.473343 -2.061294 -6.050000
v 51.012924 2.000000 6.500000
v 51.500000 2.000000 6.050001
v 51.012924 2.000000 -6.500000
v 51.500000 2.000000 -6.050000
v 49.544674 5.544672 6.500001
v 50.061295 5.473341 6.050001
v 49.473343 6.061294 6.050001
v 49.544674 5.544672 -6.499999
v 49.473343 6.061295 -6.049999
v 50.061295 5.473342 -6.049999
v 46.000000 7.012923 6.500000
v 46.415745 7.327792 6.050001
v 45.584255 7.327792 6.050001
v 46.000000 7.012924 -6.500000
v 45.584255 7.327794 -6.050000
v 46.415745 7.327793 -6.050000
v 42.455326 5.544672 6.500000
v 42.526657 6.061294 6.050000
v 41.938705 5.473341 6.050000
v 42.455326 5.544672 -6.500000
v 41.938705 5.473342 -6.050000
v 42.526657 6.061295 -6.050000
v -15.415823 26.271389 -27.866812
v -15.415823 26.271389 -27.866812
v -15.843799 26.758467 -27.727755
v 16.847603 33.228741 -32.273376
v 16.847603 33.228741 -32.273376
v 17.125061 33.228741 -31.671083
v 5.339818 33.228741 -36.012482
v 5.339818 33.228741 -36.012482
v 4.761328 33.228741 -35.688301
v -26.406176 26.385151 -11.706998
v -26.406176 26.385151 -11.706998
v -25.761473 30.274233 -10.682366
v -26.949316 26.729561 -11.545382
v 16.671349 36.773415 -30.274691
v -2.706247 27.882303 -27.907181
v -2.706247 27.882303 -27.907181
v -2.384700 28.226717 -28.373791
v -1.930985 31.771389 -26.977402
v 4.307614 36.773415 -34.291916
v 15.148008 38.728741 -27.042564
v 15.148008 38.728741 -27.042564
v 15.575984 38.241665 -26.903507
v -25.586653 26.385145 -26.067999
v -25.586653 26.385145 -26.067999
v -25.043512 26.729561 -26.229614
v -22.175810 25.261311 -24.146111
v 3.640225 38.728741 -30.781672
v 3.640225 38.728741 -30.781672
v 3.212249 38.241665 -30.920729
v 13.946214 37.117828 -23.343822
v 13.946214 37.117828 -23.343822
v 14.480619 36.773415 -23.532324
v 2.438431 37.117828 -27.082932
v 2.438431 37.117828 -27.082932
v 2.116886 36.773415 -27.549547
v -16.939163 28.226717 -31.098940
v -29.817017 25.261309 -13.628889
v -5.607633 31.771389 -36.836731
v -5.607633 31.771389 -36.836731
v -5.029143 31.771389 -36.512550
v -17.115417 31.771389 -33.097622
v -17.115417 31.771389 -33.097622
v -17.392878 31.771389 -32.495327
v -29.110916 24.850063 6.050002
v -29.110916 24.850063 6.050002
v -27.987078 28.739149 6.500002
v -29.455330 25.194477 6.500002
v -4.575428 35.316063 -35.116161
v -19.293976 26.385145 -21.496105
v -19.293976 26.385145 -21.496105
v -19.308109 26.729561 -22.062605
v -18.120268 30.274233 -21.199589
v -16.939163 35.316063 -31.098940
v -3.908039 37.271389 -31.605921
v -3.908039 37.271389 -31.605921
v -3.480064 36.784313 -31.744978
v -36.889084 24.850061 -6.050001
v -36.889084 24.850061 -6.050001
v -36.544670 25.194477 -6.500001
v -32.999996 23.726227 -6.500000
v -15.415822 37.271389 -27.866814
v -15.415822 37.271389 -27.866814
v -15.843798 36.784313 -27.727757
v -2.706245 35.660477 -27.907179
v -2.706245 35.660477 -27.907179
v -2.384700 35.316063 -28.373795
v -14.214029 35.660477 -24.168074
v -14.214029 35.660477 -24.168074
v -14.748434 35.316063 -24.356573
v -32.698853 26.385145 -16.278894
v -32.698853 26.385145 -16.278894
v -32.684715 26.729561 -15.712393
v -33.000004 23.726227 6.500000
v -26.231352 30.274233 -27.092632
v -33.872555 30.274233 -16.575409
v -19.393015 27.167805 21.568062
v -19.393015 27.167805 21.568062
v -19.522564 27.167805 22.218416
v -20.710403 23.623133 23.081432
v -25.586651 34.163319 -26.068001
v -25.586651 34.163319 -26.068001
v -25.043509 33.818905 -26.229616
v -29.110910 24.850061 -6.049998
v -29.110910 24.850061 -6.049998
v -29.455326 25.194477 -6.499998
v -27.987076 28.739149 -6.499998
v -32.698849 34.163322 -16.278893
v -32.698849 34.163322 -16.278893
v -32.684715 33.818909 -15.712393
v -22.440313 35.774231 -23.782053
v -22.440313 35.774231 -23.782053
v -22.175810 35.287155 -24.146111
v -30.954807 21.667805 15.011773
v -30.954807 21.667805 15.011773
v -34.087013 23.623135 16.731220
v -31.219311 22.154882 14.647716
v -29.552511 35.774235 -13.992945
v -29.552511 35.774235 -13.992945
v -29.817015 35.287159 -13.628887
v -19.308109 33.818905 -22.062607
v -26.949314 33.818909 -11.545383
v -36.889091 24.850063 6.049999
v -36.889091 24.850063 6.049999
v -36.544678 25.194477 6.499999
v -23.842607 21.667805 24.800880
v -23.842607 21.667805 24.800880
v -23.578104 22.154882 25.164938
v -38.012920 28.739149 -6.500002
v -38.012928 28.739149 6.499998
v -3.777504 21.672598 31.204174
v -3.777504 21.672598 31.204174
v -3.002245 25.561687 30.274397
v -3.455959 22.017015 31.670788
v -36.889084 32.628235 -6.050002
v -36.889084 32.628235 -6.050002
v -36.544670 32.283821 -6.500002
v -26.505215 27.167805 11.778955
v -26.505215 27.167805 11.778955
v -28.351610 23.623133 12.564210
v -27.163771 27.167805 11.701195
v -36.889091 32.628235 6.049998
v -36.889091 32.628235 6.049998
v -36.544678 32.283821 6.499998
v -32.999996 33.752071 -6.500000
v -16.487083 20.061687 31.163811
v -16.487083 20.061687 31.163811
v -17.688877 21.672600 34.862553
v -17.688877 21.672600 34.862553
v -18.010422 22.017017 34.395939
v -16.915058 20.548765 31.024754
v -33.000004 33.752075 6.500000
v -29.110910 32.628235 -6.049999
v -29.110910 32.628235 -6.049999
v -29.455326 32.283821 -6.499999
v -29.110916 32.628235 6.050001
v -29.110916 32.628235 6.050001
v -29.455330 32.283821 6.500001
v -26.445807 23.623133 27.248444
v -4.979298 20.061687 34.902916
v -4.979298 20.061687 34.902916
v -4.551322 20.548765 35.041973
v -35.404404 27.167805 18.244591
v -35.404404 27.167805 18.244591
v -35.274853 27.167805 17.594236
v -28.292202 27.167805 28.033697
v -28.292202 27.167805 28.033697
v -27.633646 27.167805 28.111458
v 15.055314 23.922146 26.757256
v 15.055314 23.922146 26.757256
v 15.633804 23.922146 27.081434
v 16.087517 20.377474 28.477825
v -34.087013 30.712475 16.731222
v -15.285290 21.672602 27.465073
v -15.285290 21.672602 27.465073
v -15.819695 22.017015 27.653568
v -15.365980 25.561687 26.257177
v -26.445807 30.712477 27.248444
v -30.954809 32.667805 15.011772
v -30.954809 32.667805 15.011772
v -31.219313 32.180729 14.647715
v 5.247111 18.422146 35.727158
v 5.247111 18.422146 35.727158
v 5.914495 20.377476 39.237400
v 4.819137 18.909224 35.866219
v -23.842609 32.667805 24.800879
v -23.842609 32.667805 24.800879
v -23.578106 32.180729 25.164936
v -28.351610 30.712477 12.564209
v -20.710403 30.712477 23.081432
v -6.181091 21.672602 38.601654
v -6.181091 21.672602 38.601654
v -5.646687 22.017017 38.413158
v 16.754902 18.422146 31.988068
v 16.754902 18.422146 31.988068
v 17.182877 18.909224 31.849012
v -18.464136 25.561687 35.792328
v -6.100401 25.561687 39.809547
v 29.267227 22.250397 13.229435
v 30.455067 18.705725 14.092452
v -17.688877 29.450775 34.862553
v -17.688877 29.450775 34.862553
v -18.010424 29.106358 34.395939
v 3.547525 23.922146 30.496344
v 3.547525 23.922146 30.496344
v 3.723775 20.377476 32.495026
v 3.270064 23.922146 31.098637
v -6.181093 29.450775 38.601658
v -6.181093 29.450775 38.601658
v -5.646687 29.106358 38.413158
v -16.487083 31.061687 31.163811
v -16.487083 31.061687 31.163811
v -16.915058 30.574610 31.024754
v 25.946047 16.750397 26.329115
v 25.946047 16.750397 26.329115
v 28.549240 18.705725 28.776684
v 25.681543 17.237474 26.693172
v -4.979299 31.061687 34.902916
v -4.979299 31.061687 34.902916
v -4.551324 30.574610 35.041973
v -15.285289 29.450775 27.465069
v -15.285289 29.450775 27.465069
v -15.819695 29.106359 27.653568
v -3.777505 29.450775 31.204174
v -3.777505 29.450775 31.204174
v -3.455960 29.106359 31.670788
v 18.278236 20.377476 35.220200
v 33.058262 16.750397 16.540020
v 33.058262 16.750397 16.540020
v 33.322765 17.237474 16.175961
v 6.368206 23.922146 40.633789
v 18.731949 23.922146 36.616589
v 33.444252 16.658468 -6.050004
v 33.444252 16.658468 -6.050004
v 31.833340 20.547556 -6.050006
v 31.833340 20.547556 -6.050006
v 32.320415 20.547556 -6.500005
v 33.788666 17.002884 -6.500004
v 6.448899 27.811235 39.425903
v 6.448899 27.811235 39.425903
v 5.914494 27.466818 39.237400
v 22.813845 18.705725 24.609663
v 21.626005 22.250397 23.746647
v 17.956688 27.811234 35.686813
v 17.956688 27.811234 35.686813
v 18.278234 27.466816 35.220200
v 5.247110 29.422146 35.727158
v 5.247110 29.422146 35.727158
v 4.819135 28.935068 35.866219
v 41.222412 16.658468 6.050004
v 41.222412 16.658468 6.050004
v 40.877998 17.002884 6.500003
v 37.333324 15.534632 6.500000
v 16.754898 29.422146 31.988070
v 16.754898 29.422146 31.988070
v 17.182875 28.935068 31.849012
v 3.723775 27.466816 32.495026
v 16.087517 27.466818 28.477825
v 36.190464 18.705727 18.259474
v 37.333340 15.534632 -6.500000
v 30.395636 22.250397 29.561941
v 30.395636 22.250397 29.561941
v 29.737080 22.250397 29.639702
v 37.507851 22.250397 19.772844
v 37.507851 22.250397 19.772844
v 37.378300 22.250397 19.122490
v 24.202013 14.925555 -25.062006
v 24.202013 14.925555 -25.062006
v 23.028307 18.814644 -24.765490
v 24.216148 15.269972 -25.628506
v 28.549240 25.795069 28.776684
v 31.833326 20.547556 6.049994
v 31.833326 20.547556 6.049994
v 33.444237 16.658468 6.049996
v 33.444237 16.658468 6.049996
v 33.788651 17.002884 6.499996
v 32.320400 20.547556 6.499995
v 36.190464 25.795067 18.259474
v 25.946047 27.750401 26.329117
v 25.946047 27.750401 26.329117
v 25.681541 27.263319 26.693174
v 37.606884 14.925556 -19.844786
v 37.606884 14.925556 -19.844786
v 37.592751 15.269972 -19.278286
v 34.725048 13.801721 -17.194782
v 33.058262 27.750397 16.540022
v 33.058262 27.750397 16.540022
v 33.322765 27.263319 16.175966
v 22.799711 26.139484 24.043165
v 22.799711 26.139484 24.043165
v 22.813845 25.795069 24.609665
v 29.911926 26.139484 14.254068
v 29.911926 26.139484 14.254068
v 30.455067 25.795069 14.092453
v 41.222427 16.658470 -6.049997
v 41.222427 16.658470 -6.049997
v 40.878014 17.002884 -6.499997
v 27.083849 13.801721 -27.712009
v 42.833324 20.547556 6.050006
v 42.833324 20.547556 6.050006
v 42.346249 20.547556 6.500005
v 42.833340 20.547556 -6.049994
v 42.833340 20.547556 -6.049994
v 42.346264 20.547556 -6.499995
v 5.116576 13.163510 -35.325424
v 5.116576 13.163510 -35.325424
v 4.341316 17.052597 -34.395649
v 4.795032 13.507926 -35.792038
v 41.222412 24.436642 6.050004
v 41.222412 24.436642 6.050004
v 40.877998 24.092228 6.500004
v 31.314207 14.925556 -15.272895
v 31.314207 14.925556 -15.272895
v 31.857349 15.269971 -15.111279
v 30.669506 18.814644 -14.248263
v 41.222427 24.436644 -6.049996
v 41.222427 24.436644 -6.049996
v 40.878014 24.092228 -6.499996
v 37.333324 25.560478 6.500000
v 17.826155 11.552597 -35.285053
v 17.826155 11.552597 -35.285053
v 19.027950 13.163509 -38.983795
v 19.027950 13.163509 -38.983795
v 19.349495 13.507925 -38.517181
v 18.254129 12.039674 -35.145996
v 37.333340 25.560478 -6.500000
v 33.444237 24.436642 6.049997
v 33.444237 24.436642 6.049997
v 33.788651 24.092228 6.499997
v 33.444252 24.436644 -6.050004
v 33.444252 24.436644 -6.050004
v 33.788666 24.092228 -6.500003
v 30.494692 14.925557 -29.633898
v 30.494692 14.925557 -29.633898
v 29.951550 15.269972 -29.795513
v 6.318372 11.552598 -39.024166
v 6.318372 11.552598 -39.024166
v 5.890397 12.039674 -39.163223
v 38.910141 18.814644 -20.791656
v 38.910141 18.814644 -20.791656
v 38.780590 18.814644 -20.141302
v 31.797949 18.814644 -30.580767
v 31.797949 18.814644 -30.580767
v 31.139393 18.814644 -30.658527
v -16.394377 15.262287 -30.878490
v -16.394377 15.262287 -30.878490
v -16.972868 15.262287 -31.202671
v -17.426582 11.717615 -32.599060
v 37.592754 22.359314 -19.278288
v 16.624361 13.163511 -31.586315
v 16.624361 13.163511 -31.586315
v 17.158764 13.507924 -31.774813
v 16.705051 17.052597 -30.378422
v 29.951551 22.359316 -29.795513
v 34.460548 24.314644 -17.558840
v 34.460548 24.314644 -17.558840
v 34.725052 23.827566 -17.194782
v -6.586187 9.762283 -39.848408
v -6.586187 9.762283 -39.848408
v -7.253575 11.717614 -43.358650
v -6.158212 10.249362 -39.987465
v 27.348352 24.314644 -27.347952
v 27.348352 24.314644 -27.347952
v 27.083847 23.827568 -27.712008
v 31.314207 22.703732 -15.272894
v 31.314207 22.703732 -15.272894
v 31.857347 22.359316 -15.111278
v 24.202015 22.703732 -25.062006
v 24.202015 22.703732 -25.062006
v 24.216148 22.359316 -25.628506
v 7.520168 13.163510 -42.722908
v 7.520168 13.163510 -42.722908
v 6.985764 13.507926 -42.534409
v -18.093971 9.762287 -36.109303
v -18.093971 9.762287 -36.109303
v -18.521946 10.249364 -35.970245
v 19.803209 17.052597 -39.913570
v 7.439479 17.052597 -43.930798
v -32.114414 13.444517 -15.854265
v -32.114414 13.444517 -15.854265
v -32.772972 13.444517 -15.776505
v -33.960808 9.899845 -16.639523
v 19.027952 20.941685 -38.983795
v 19.027952 20.941685 -38.983795
v 19.349497 20.597267 -38.517181
v -4.886593 15.262285 -34.617599
v -4.886593 15.262285 -34.617599
v -5.062847 11.717614 -36.616280
v -4.609133 15.262285 -35.219894
v 7.520169 20.941685 -42.722908
v 7.520169 20.941685 -42.722908
v 6.985764 20.597267 -42.534409
v 17.826157 22.552597 -35.285053
v 17.826157 22.552597 -35.285053
v 18.254131 22.065519 -35.145996
v -29.451784 7.944514 -28.876184
v -29.451784 7.944514 -28.876184
v -32.054977 9.899844 -31.323753
v -29.187281 8.431593 -29.240242
v 6.318373 22.552597 -39.024166
v 6.318373 22.552597 -39.024166
v 5.890399 22.065519 -39.163223
v 17.158764 20.597269 -31.774811
v 4.795031 20.597267 -35.792038
v -19.617310 11.717615 -39.341431
v -36.564003 7.944516 -19.087091
v -36.564003 7.944516 -19.087091
v -36.828506 8.431593 -18.723034
v -8.285780 15.262285 -45.079220
v -8.285780 15.262285 -45.079220
v -7.707290 15.262285 -44.755039
v -19.793564 15.262287 -41.340111
v -19.793564 15.262287 -41.340111
v -20.071022 15.262287 -40.737816
v -36.166676 11.600037 6.050008
v -36.166676 11.600037 6.050008
v -36.653751 11.600037 6.500007
v -38.122002 8.055365 6.500005
v -7.253576 18.806955 -43.358650
v -25.002195 13.444515 -25.643358
v -25.002195 13.444515 -25.643358
v -26.319584 9.899843 -27.156731
v -25.131746 13.444515 -26.293713
v -19.617310 18.806957 -39.341431
v -6.586186 20.762285 -39.848408
v -6.586186 20.762285 -39.848408
v -6.158210 20.275208 -39.987465
v -45.211334 8.055364 -6.500004
v -41.666660 6.587111 -6.500000
v -18.093971 20.762287 -36.109303
v -18.093971 20.762287 -36.109303
v -18.521946 20.275209 -35.970245
v -5.062846 18.806955 -36.616280
v -17.426580 18.806957 -32.599060
v -39.696201 9.899845 -20.806545
v -41.666676 6.587112 6.500000
v -33.901371 13.444515 -32.109013
v -33.901371 13.444515 -32.109013
v -33.242813 13.444515 -32.186771
v -41.013588 13.444517 -22.319918
v -41.013588 13.444517 -22.319918
v -40.884037 13.444517 -21.669563
v -27.707756 5.840458 27.609077
v -27.707756 5.840458 27.609077
v -26.404499 9.729546 26.662209
v -26.404499 9.729546 26.662209
v -26.534050 9.729546 27.312563
v -27.721891 6.184873 28.175577
v -32.054977 16.989185 -31.323753
v -36.166660 11.600035 -6.049993
v -36.166660 11.600035 -6.049993
v -38.121986 8.055364 -6.499995
v -36.653736 11.600035 -6.499993
v -39.696201 16.989189 -20.806545
v -29.187277 18.457439 -29.240240
v -41.112625 5.840457 22.391853
v -41.112625 5.840457 22.391853
v -41.098492 6.184873 21.825354
v -38.230789 4.716621 19.741852
v -36.828506 18.457439 -18.723036
v -26.305450 17.333603 -26.590231
v -26.305450 17.333603 -26.590231
v -26.319586 16.989189 -27.156731
v -33.417667 17.333603 -16.801138
v -33.417667 17.333603 -16.801138
v -33.960808 16.989189 -16.639523
v -45.211349 8.055365 6.499995
v -30.589592 4.716621 30.259081
v -47.166660 11.600035 -6.050008
v -47.166660 11.600035 -6.050008
v -46.679585 11.600035 -6.500007
v -47.166676 11.600037 6.049993
v -47.166676 11.600037 6.049993
v -46.679600 11.600037 6.499993
v -6.455650 3.944613 39.446671
v -6.455650 3.944613 39.446671
v -5.680389 7.833700 38.516895
v -6.134105 4.289029 39.913284
v -45.211334 15.144708 -6.500005
v -33.516689 9.729544 16.873095
v -33.516689 9.729544 16.873095
v -34.819950 5.840458 17.819965
v -34.819950 5.840458 17.819965
v -35.363087 6.184873 17.658348
v -34.175247 9.729544 16.795334
v -45.211349 15.144709 6.499995
v -41.666660 16.612957 -6.500000
v -20.367025 3.944610 43.105034
v -20.367025 3.944610 43.105034
v -20.688570 4.289028 42.638420
v -19.593203 2.820776 39.267235
v -41.666676 16.612961 6.500000
v -38.121986 15.144707 -6.499996
v -38.122002 15.144709 6.500005
v -34.000431 5.840459 32.180962
v -34.000431 5.840459 32.180962
v -33.457294 6.184874 32.342587
v -7.229472 2.820777 43.284470
v -42.415882 9.729544 23.338722
v -42.415882 9.729544 23.338722
v -42.286331 9.729544 22.688368
v -35.303696 9.729548 33.127838
v -35.303696 9.729548 33.127838
v -34.645134 9.729546 33.205597
v 18.231255 2.024029 36.531811
v 18.231255 2.024029 36.531811
v 18.311945 5.913114 35.323921
v 18.765657 2.368443 36.720310
v -41.112629 13.618633 22.391855
v -41.112629 13.618633 22.391855
v -41.098492 13.274216 21.825354
v -17.963432 3.944612 35.707554
v -17.963432 3.944612 35.707554
v -18.497837 4.289028 35.896053
v -18.044123 7.833699 34.499664
v -34.000435 13.618632 32.180965
v -34.000435 13.618632 32.180965
v -33.457294 13.274217 32.342583
v -38.230789 14.742467 19.741850
v 9.127051 2.024028 47.668392
v 9.127051 2.024028 47.668392
v 8.592646 2.368442 47.479893
v 7.497285 0.900190 44.108707
v -30.589592 14.742469 30.259079
v -34.819946 13.618631 17.819963
v -34.819946 13.618631 17.819963
v -35.363087 13.274216 17.658348
v -27.707756 13.618632 27.609077
v -27.707756 13.618632 27.609077
v -27.721891 13.274218 28.175577
v -8.859244 3.944613 46.844151
v -8.859244 3.944613 46.844151
v -8.324839 4.289029 46.655651
v 19.861021 0.900191 40.091496
v -21.142284 7.833699 44.034809
v -8.778555 7.833700 48.052040
v 36.923401 0.079278 19.348206
v 36.923401 0.079278 19.348206
v 36.278702 3.968366 18.323574
v 37.466541 0.423694 19.186590
v -20.367027 11.722786 43.105034
v -20.367027 11.722786 43.105034
v -20.688572 11.378370 42.638420
v 6.723468 2.024026 40.270908
v 6.723468 2.024026 40.270908
v 6.401922 2.368442 40.737522
v 5.948208 5.913113 39.341133
v -8.859245 11.722788 46.844151
v -8.859245 11.722788 46.844151
v -8.324839 11.378372 46.655651
v -19.593204 12.846622 39.267235
v 36.103867 0.079276 33.709206
v 36.103867 0.079276 33.709206
v 35.560726 0.423694 33.870823
v 32.693027 -1.044558 31.787317
v -7.229473 12.846623 43.284470
v -17.963432 11.722786 35.707554
v -17.963432 11.722786 35.707554
v -18.497837 11.378370 35.896053
v -6.455651 11.722788 39.446671
v -6.455651 11.722788 39.446671
v -6.134105 11.378372 39.913284
v 20.634838 2.024027 43.929295
v 20.634838 2.024027 43.929295
v 20.956383 2.368443 43.462681
v 40.334240 -1.044557 21.270096
v 9.046360 5.913113 48.876282
v 21.410097 5.913114 44.859070
v 40.500000 2.000000 -6.050001
v 40.500000 2.000000 -6.050001
v 40.987076 2.000000 -6.500000
v 42.455326 -1.544672 -6.500001
v 9.127051 9.802200 47.668392
v 9.127051 9.802200 47.668392
v 8.592647 9.457785 47.479893
v 29.811195 0.079278 29.137310
v 29.811195 0.079278 29.137310
v 29.825331 0.423692 29.703810
v 28.637489 3.968365 28.840794
v 20.634838 9.802201 43.929295
v 20.634838 9.802201 43.929295
v 20.956385 9.457786 43.462681
v 7.497283 10.926036 44.108707
v 49.544674 -1.544672 6.500000
v 46.000000 -3.012924 6.500000
v 19.861021 10.926038 40.091496
v 6.723467 9.802200 40.270908
v 6.723467 9.802200 40.270908
v 6.401922 9.457785 40.737522
v 18.231256 9.802199 36.531815
v 18.231256 9.802199 36.531815
v 18.765659 9.457786 36.720310
v 43.216072 0.079279 23.920105
v 43.216072 0.079279 23.920105
v 43.201939 0.423694 23.353605
v 46.000000 -3.012923 -6.500000
v 36.748566 3.968365 34.733841
v 44.389778 3.968366 24.216621
v 36.103867 7.857452 33.709206
v 36.103867 7.857452 33.709206
v 35.560722 7.513038 33.870823
v 40.500000 2.000000 6.050000
v 40.500000 2.000000 6.050000
v 42.455326 -1.544672 6.499999
v 40.987076 2.000000 6.500000
v 43.216072 7.857453 23.920105
v 43.216072 7.857453 23.920105
v 43.201939 7.513038 23.353605
v 32.957531 9.468369 31.423260
v 32.957531 9.468369 31.423260
v 32.693027 8.981288 31.787315
v 40.069736 9.468366 21.634157
v 40.069736 9.468366 21.634157
v 40.334240 8.981289 21.270102
v 29.811193 7.857451 29.137310
v 29.811193 7.857451 29.137310
v 29.825329 7.513038 29.703810
v 36.923401 7.857453 19.348207
v 36.923401 7.857453 19.348207
v 37.466541 7.513038 19.186592
v 49.544674 -1.544672 -6.500000
v 51.500000 2.000000 6.050001
v 51.500000 2.000000 6.050001
v 51.012924 2.000000 6.500000
v 51.500000 2.000000 -6.050000
v 51.500000 2.000000 -6.050000
v 51.012924 2.000000 -6.500000
v 49.544674 5.544672 6.500001
v 49.544674 5.544672 -6.499999
v 46.000000 7.012923 6.500000
v 46.000000 7.012924 -6.500000
v 42.455326 5.544672 6.500000
v 42.455326 5.544672 -6.500000
vn -0.4859 -0.5188 -0.7034
vn -0.8199 0.4798 -0.3122
vn -0.7474 0.3827 0.5430
vn 0.0435 0.4798 0.8763
vn -0.4317 0.6786 -0.5942
vn 0.3096 0.9239 -0.2249
vn 0.6986 -0.6786 -0.2270
vn 0.4859 -0.5188 -0.7034
vn 0.1183 -0.9239 0.3640
vn 0.4317 0.6786 0.5942
vn 0.0203 0.5188 -0.8547
vn 0.4195 -0.0000 0.9077
vn 0.5503 -0.4798 0.6833
vn -0.2855 -0.3827 0.8787
vn 0.8191 0.5188 0.2448
vn -0.5503 -0.4798 0.6833
vn -0.0000 -1.0000 -0.0000
vn -0.0000 -0.0000 1.0000
vn -0.4195 -0.0000 0.9077
vn 0.2855 -0.3827 0.8787
vn 0.1941 -0.0000 -0.9810
vn 0.9930 -0.0000 0.1185
vn -0.6986 -0.6786 -0.2270
vn -0.1183 -0.9239 0.3640
vn -0.0435 -0.4798 -0.8763
vn 0.3096 -0.9239 -0.2249
vn -0.5188 0.5188 -0.6795
vn -0.5188 0.5188 0.6795
vn -0.0000 0.6786 -0.7345
vn 0.3827 0.9239 -0.0000
vn 0.6986 -0.6786 0.2270
vn 0.8066 -0.5188 -0.2834
vn -0.0000 0.6786 0.7345
vn 0.4798 0.4798 -0.7345
vn 0.9239 0.3827 -0.0000
vn -0.1941 -0.0000 0.9810
vn -0.0203 -0.5188 0.8547
vn 0.4798 0.4798 0.7345
vn -0.8468 -0.4798 0.2294
vn -0.8730 -0.0000 0.4878
vn 0.7337 -0.0000 -0.6795
vn 0.7337 -0.0000 0.6795
vn -0.4317 -0.6786 -0.5942
vn -0.3096 -0.9239 0.2249
vn 0.4798 -0.4798 -0.7345
vn 0.3827 -0.9239 -0.0000
vn -0.0203 0.5188 -0.8547
vn -0.8191 0.5188 0.2448
vn 0.4317 0.6786 -0.5942
vn 0.3096 0.9239 0.2249
vn 0.4317 -0.6786 0.5942
vn 0.8199 -0.4798 0.3122
vn -0.4317 0.6786 0.5942
vn 0.8191 0.5188 -0.2448
vn -0.6786 -0.0000 0.7345
vn -0.5188 -0.5188 0.6795
vn -0.9239 -0.3827 -0.0000
vn 0.0203 0.5188 0.8547
vn -0.8191 -0.5188 -0.2448
vn -0.9930 -0.0000 -0.1185
vn 0.9807 -0.0000 -0.1954
vn 0.7474 -0.3827 0.5430
vn 0.1173 -0.0000 0.9931
vn -0.0000 -0.6786 -0.7345
vn -0.3827 -0.9239 -0.0000
vn 0.8191 -0.5188 -0.2448
vn 0.4859 0.5188 -0.7034
vn -0.8066 0.5188 -0.2834
vn 0.6986 0.6786 -0.2270
vn 0.1183 0.9239 0.3640
vn -0.0000 -0.6786 0.7345
vn 0.4798 -0.4799 0.7345
vn 0.4798 -0.4798 0.7345
vn -0.6986 0.6786 0.2270
vn 0.8066 0.5188 0.2834
vn -0.9807 -0.0000 0.1954
vn -0.8191 -0.5188 0.2448
vn -0.7474 -0.3827 -0.5430
vn -0.4859 0.5188 0.7034
vn -0.5188 -0.5188 -0.6795
vn -0.6786 -0.0000 -0.7345
vn 0.9083 -0.0000 0.4184
vn -0.4889 -0.0000 0.8724
vn 0.4317 -0.6786 -0.5942
vn -0.3096 -0.9239 -0.2249
vn 0.8066 -0.5188 0.2834
vn 0.8468 0.4798 -0.2294
vn 0.2855 0.3827 -0.8787
vn -0.5503 0.4798 -0.6833
vn 0.6986 0.6786 0.2270
vn -0.1183 0.9239 0.3640
vn -0.4317 -0.6786 0.5942
vn 0.0203 -0.5188 0.8547
vn -0.6986 0.6786 -0.2270
vn 0.4859 0.5188 0.7034
vn -0.9083 -0.0000 -0.4184
vn -0.8066 -0.5188 -0.2834
vn -0.2855 -0.3827 -0.8787
vn -0.8066 0.5188 0.2834
vn -0.0203 -0.5188 -0.8547
vn -0.1173 -0.0000 -0.9931
vn -0.1183 -0.9239 -0.3640
vn -0.3096 0.9239 0.2249
vn -0.6986 -0.6786 0.2270
vn -0.4859 -0.5188 0.7034
vn -0.0203 0.5188 0.8547
vn -0.4195 -0.0000 -0.9077
vn -0.8191 0.5188 -0.2448
vn 0.4889 -0.0000 -0.8724
vn -0.1173 -0.0000 0.9931
vn -0.7474 -0.3827 0.5430
vn -0.9807 -0.0000 -0.1954
vn 0.1183 -0.9239 -0.3640
vn -0.3827 0.9239 -0.0000
vn -0.4798 0.4798 0.7345
vn -0.9239 0.3827 -0.0000
vn 0.1173 -0.0000 -0.9931
vn 0.0203 -0.5188 -0.8547
vn 0.7474 -0.3827 -0.5430
vn -0.4798 0.4798 -0.7345
vn 0.8730 -0.0000 -0.4878
vn -0.7337 -0.0000 0.6795
vn -0.7337 -0.0000 -0.6795
vn -0.4798 -0.4798 0.7345
vn -0.3096 0.9239 -0.2249
vn -0.8199 0.4798 0.3122
vn -0.7474 0.3827 -0.5430
vn 0.9239 -0.3827 -0.0000
vn 0.0435 0.4798 -0.8763
vn 0.8191 -0.5188 0.2448
vn 0.9807 -0.0000 0.1954
vn -0.9930 -0.0000 0.1185
vn -0.1941 -0.0000 -0.9810
vn -0.5503 0.4798 0.6833
vn 0.2855 0.3827 0.8787
vn 0.8468 0.4799 0.2294
vn 0.8468 0.4798 0.2294
vn -0.1183 0.9239 -0.3640
vn -0.4798 -0.4798 -0.7345
vn -0.8468 0.4798 -0.2294
vn -0.2855 0.3827 -0.8787
vn 0.9930 -0.0000 -0.1185
vn 0.8199 -0.4798 -0.3122
vn 0.5503 0.4799 -0.6833
vn 0.5503 0.4798 -0.6833
vn -0.8730 -0.0000 -0.4878
vn 0.4195 -0.0000 -0.9077
vn 0.3096 -0.9239 0.2249
vn -0.8468 -0.4798 -0.2294
vn 0.1183 0.9239 -0.3640
vn 0.8730 -0.0000 0.4878
vn 0.8468 -0.4798 0.2294
vn 0.8468 0.4799 -0.2294
vn -0.0435 -0.4798 0.8763
vn 0.1941 -0.0000 0.9810
vn -0.5503 -0.4798 -0.6833
vn 0.5503 -0.4798 -0.6833
vn 0.4889 -0.0000 0.8724
vn 0.8468 -0.4799 -0.2294
vn 0.8468 -0.4798 -0.2294
vn 0.5188 0.5188 -0.6795
vn 0.5188 0.5188 0.6795
vn -0.9083 -0.0000 0.4184
vn 0.6786 -0.0000 -0.7345
vn 0.6786 -0.0000 0.7345
vn 0.5188 -0.5188 -0.6795
vn 0.5188 -0.5188 0.6795
vn 0.4606 -0.4606 0.7588
vn 0.4606 0.4606 0.7588
vn 0.7588 0.4606 0.4606
vn 0.4606 0.7588 0.4606
vn 0.7588 -0.4606 0.4606
vn 0.4606 -0.7588 0.4606
vn 0.7588 -0.4606 -0.4606
vn 0.7588 0.4606 -0.4606
vn 0.4606 0.4606 -0.7588
vn 0.4606 0.7588 -0.4606
vn 0.4606 -0.4606 -0.7588
vn 0.4606 -0.7588 -0.4606
vn -0.4606 -0.4606 -0.7588
vn -0.4606 0.4606 -0.7588
vn -0.7588 0.4606 -0.4606
vn -0.4606 0.7588 -0.4606
vn -0.4606 0.7588 0.4606
vn -0.7588 0.4606 0.4606
vn -0.4606 0.4606 0.7588
vn -0.4606 -0.4606 0.7588
vn -0.7588 -0.4606 -0.4606
vn -0.7588 -0.4606 0.4606
vn -0.4606 -0.7588 0.4606
vn -0.4606 -0.7588 -0.4606
vn -0.3880 0.6713 0.6315
vn -0.9045 -0.4264 -0.0000
vn -0.0000 -0.4264 0.9045
vn -0.6520 0.3871 0.6520
vn -0.6315 0.6713 0.3880
vn 0.6315 0.6713 0.3880
vn 0.9045 -0.4264 -0.0000
vn 0.6520 0.3871 0.6520
vn 0.3880 0.6713 0.6315
vn 0.3880 0.6713 -0.6315
vn -0.0000 -0.4264 -0.9045
vn 0.6520 0.3871 -0.6520
vn 0.6315 0.6713 -0.3880
vn -0.6315 0.6713 -0.3880
vn -0.6520 0.3871 -0.6520
vn -0.3880 0.6713 -0.6315
vn -1.0000 -0.0000 -0.0000
vn -0.0000 1.0000 -0.0000
vn -0.0000 -0.0000 -1.0000
vn 1.0000 -0.0000 -0.0000
vn -0.1835 0.9657 -0.1835
vn -0.1848 0.8062 -0.5621
vn -0.5621 0.8062 -0.1848
vn 0.1835 0.9657 -0.1835
vn 0.5621 0.8062 -0.1848
vn 0.1848 0.8062 -0.5621
vn 0.1835 0.9657 0.1835
vn 0.1848 0.8062 0.5621
vn 0.5621 0.8062 0.1848
vn -0.1835 0.9657 0.1835
vn -0.5621 0.8062 0.1848
vn -0.1848 0.8062 0.5621
vn -0.7920 -0.5024 0.3468
vn -0.5024 -0.7920 0.3468
vn -0.5024 -0.7920 -0.3468
vn -0.7920 -0.5024 -0.3468
vn 0.5024 -0.7920 0.3468
vn 0.7920 -0.5024 0.3468
vn 0.7920 -0.5024 -0.3468
vn 0.5024 -0.7920 -0.3468
vn 0.7920 0.5024 0.3468
vn 0.5024 0.7920 0.3468
vn 0.5024 0.7920 -0.3468
vn 0.7920 0.5024 -0.3468
vn -0.5024 0.7920 0.3468
vn -0.7920 0.5024 0.3468
vn -0.7920 0.5024 -0.3468
vn -0.5024 0.7920 -0.3468
vn 0.5878 -0.0000 0.8090
vn -0.5367 0.2048 0.8186
vn -0.5367 -0.2048 0.8186
vn -0.5878 -0.0000 -0.8090
vn -0.9443 -0.2048 0.2574
vn -0.9443 0.2048 0.2574
vn -0.4369 -0.5024 0.7461
vn -0.2026 -0.7920 0.5759
vn -0.6103 -0.7920 0.0147
vn -0.8446 -0.5024 0.1850
vn 0.9443 -0.2048 -0.2574
vn 0.9443 0.2048 -0.2574
vn 0.5367 0.2048 -0.8186
vn 0.5367 -0.2048 -0.8186
vn 0.8446 0.5024 -0.1850
vn 0.6103 0.7920 -0.0147
vn 0.2026 0.7920 -0.5759
vn 0.4369 0.5024 -0.7461
vn 0.9511 -0.0000 0.3090
vn -0.2855 0.3827 0.8787
vn -0.9511 -0.0000 -0.3090
vn 0.2855 -0.3827 -0.8787
vn 0.6127 -0.2048 -0.7633
vn 0.6127 0.2048 -0.7633
vn -0.0470 0.2048 -0.9777
vn -0.0470 -0.2048 -0.9777
vn 0.1746 0.7920 0.5850
vn 0.0851 0.5024 0.8604
vn -0.5746 0.5024 0.6461
vn -0.4851 0.7920 0.3706
vn 0.9511 -0.0000 -0.3090
vn 0.6127 0.2048 0.7633
vn 0.6127 -0.2048 0.7633
vn -0.9511 -0.0000 0.3090
vn -0.0470 -0.2048 0.9777
vn -0.0470 0.2048 0.9777
vn 0.0470 -0.2048 -0.9777
vn 0.0470 0.2048 -0.9777
vn -0.6127 0.2048 -0.7633
vn -0.6127 -0.2048 -0.7633
vn 0.5878 -0.0000 -0.8090
vn 0.9443 0.2048 0.2574
vn 0.9443 -0.2048 0.2574
vn -0.5878 -0.0000 0.8090
vn 0.5367 -0.2048 0.8186
vn 0.5367 0.2048 0.8186
vn -0.2026 -0.7920 -0.5759
vn -0.4369 -0.5024 -0.7461
vn -0.8446 -0.5024 -0.1850
vn -0.6103 -0.7920 -0.0147
vn -0.5367 -0.2048 -0.8186
vn -0.5367 0.2048 -0.8186
vn -0.9443 0.2048 -0.2574
vn -0.9443 -0.2048 -0.2574
vn 0.6103 0.7920 0.0147
vn 0.8446 0.5024 0.1850
vn 0.4369 0.5024 0.7461
vn 0.2026 0.7920 0.5759
vn 0.9153 0.2048 -0.3468
vn 0.9153 -0.2048 -0.3468
vn 0.9153 -0.2048 0.3468
vn 0.9153 0.2048 0.3468
vn -0.9153 -0.2048 -0.3468
vn -0.9153 0.2048 -0.3468
vn -0.9153 0.2048 0.3468
vn -0.9153 -0.2048 0.3468
vn 0.7474 0.3827 -0.5430
vn 0.4369 -0.5024 -0.7461
vn 0.2026 -0.7920 -0.5759
vn 0.6103 -0.7920 -0.0147
vn 0.8446 -0.5024 -0.1850
vn -0.8446 0.5024 0.1850
vn -0.6103 0.7920 0.0147
vn -0.2026 0.7920 0.5759
vn -0.4369 0.5024 0.7461
vn -0.0851 -0.5024 -0.8604
vn -0.1746 -0.7920 -0.5850
vn 0.4851 -0.7920 -0.3706
vn 0.5746 -0.5024 -0.6461
vn -0.6127 -0.2048 0.7633
vn -0.6127 0.2048 0.7633
vn 0.0470 0.2048 0.9777
vn 0.0470 -0.2048 0.9777
vn -0.5746 -0.5024 -0.6461
vn -0.4851 -0.7920 -0.3706
vn 0.1746 -0.7920 -0.5850
vn 0.0851 -0.5024 -0.8604
vn -0.1746 -0.7920 0.5850
vn -0.0851 -0.5024 0.8604
vn 0.5746 -0.5024 0.6461
vn 0.4851 -0.7920 0.3706
vn -0.0851 0.5024 0.8604
vn -0.1746 0.7920 0.5850
vn 0.4851 0.7920 0.3706
vn 0.5746 0.5024 0.6461
vn -0.4851 0.7920 -0.3706
vn -0.5746 0.5024 -0.6461
vn 0.0851 0.5024 -0.8604
vn 0.1746 0.7920 -0.5850
vn 0.2026 -0.7920 0.5759
vn 0.4369 -0.5024 0.7461
vn 0.8446 -0.5024 0.1850
vn 0.6103 -0.7920 0.0147
vn 0.7474 0.3827 0.5430
vn -0.6103 0.7920 -0.0147
vn -0.8446 0.5024 -0.1850
vn -0.4369 0.5024 -0.7461
vn -0.2026 0.7920 -0.5759
vn 0.5746 0.5024 -0.6461
vn 0.4851 0.7920 -0.3706
vn -0.1746 0.7920 -0.5850
vn -0.0851 0.5024 -0.8604
vn 0.3695 -0.9153 -0.1602
vn 0.0381 -0.9153 -0.4009
vn -0.3695 -0.9153 0.1602
vn -0.0381 -0.9153 0.4009
vn 0.2048 -0.9153 -0.3468
vn -0.2048 -0.9153 -0.3468
vn -0.2048 -0.9153 0.3468
vn 0.2048 -0.9153 0.3468
vn -0.2048 0.9153 -0.3468
vn 0.2048 0.9153 -0.3468
vn 0.2048 0.9153 0.3468
vn -0.2048 0.9153 0.3468
vn 0.0381 -0.9153 0.4009
vn 0.3695 -0.9153 0.1602
vn -0.0381 -0.9153 -0.4009
vn -0.3695 -0.9153 -0.1602
vn 0.0381 0.9153 -0.4009
vn 0.3695 0.9153 -0.1602
vn -0.0381 0.9153 0.4009
vn -0.3695 0.9153 0.1602
vn -0.3695 0.9153 -0.1602
vn -0.0381 0.9153 -0.4009
vn 0.3695 0.9153 0.1602
vn 0.0381 0.9153 0.4009
vn -0.2665 -0.9153 -0.3019
vn -0.3931 -0.9153 0.0876
vn 0.2665 -0.9153 0.3019
vn 0.3931 -0.9153 -0.0876
vn -0.3931 0.9153 0.0876
vn -0.2665 0.9153 -0.3019
vn 0.3931 0.9153 -0.0876
vn 0.2665 0.9153 0.3020
vn -0.3931 -0.9153 -0.0876
vn -0.2665 -0.9153 0.3020
vn 0.3931 -0.9153 0.0876
vn 0.2665 -0.9153 -0.3020
vn -0.2665 0.9153 0.3020
vn -0.3931 0.9153 -0.0876
vn 0.2665 0.9153 -0.3019
vn 0.3931 0.9153 0.0876
vn 0.9083 -0.0000 -0.4184
vn -0.4889 -0.0000 -0.8724
vn 0.8066 0.5188 -0.2834
vn -0.4859 0.5188 -0.7034
vn 0.0435 -0.4798 -0.8763
vn 0.3994 -0.7337 -0.5497
vn 0.5503 0.4798 0.6833
vn -0.8468 0.4798 0.2294
vn -0.3994 -0.7337 0.5497
vn -0.0000 -0.7337 -0.6795
vn -0.8199 -0.4798 0.3122
vn -0.0000 -0.7337 0.6795
vn -0.0000 0.7337 -0.6795
vn -0.0000 0.7337 0.6795
vn -0.8199 -0.4798 -0.3122
vn 0.3994 -0.7337 0.5497
vn -0.3994 -0.7337 -0.5497
vn 0.0435 -0.4798 0.8763
vn 0.5503 -0.4799 0.6833
vn 0.3994 0.7337 -0.5497
vn -0.3994 0.7337 0.5497
vn 0.8199 0.4798 -0.3122
vn -0.0435 0.4798 0.8763
vn -0.6462 -0.7337 -0.2100
vn 0.0435 -0.4799 0.8763
vn 0.6462 -0.7337 0.2100
vn -0.3994 0.7337 -0.5497
vn -0.6462 -0.7337 0.2100
vn 0.3994 0.7337 0.5497
vn -0.0435 0.4798 -0.8763
vn 0.8199 0.4798 0.3122
vn 0.6463 -0.7337 -0.2100
vn -0.6462 0.7337 -0.2100
vn 0.6462 0.7337 0.2100
vn -0.6462 0.7337 0.2100
vn 0.6463 0.7337 -0.2100
vn 0.1942 -0.0000 0.9810
vt 0.577500 0.900000
vt 0.600000 0.922500
vt 0.577500 0.922500
vt 0.727500 0.900000
vt 0.750000 0.877500
vt 0.727500 0.877500
vt 0.577500 1.700000
vt 0.600000 1.677500
vt 0.577500 1.677500
vt -0.727500 0.000000
vt -0.750000 0.022500
vt -0.727500 0.022500
vt -0.727500 0.900000
vt -0.750000 0.877500
vt -0.727500 0.877500
vt 0.727500 0.000000
vt 0.750000 0.022500
vt 0.727500 0.022500
vt -0.577500 1.700000
vt -0.600000 1.677500
vt -0.577500 1.677500
vt -0.577500 0.900000
vt -0.600000 0.922500
vt -0.577500 0.922500
vt -0.427500 1.700000
vt -0.450000 1.722500
vt -0.427500 1.722500
vt -0.450000 2.377500
vt -0.427500 2.400000
vt -0.427500 2.377500
vt 0.427500 1.700000
vt 0.427500 1.722500
vt 0.450000 1.722500
vt 0.427500 2.400000
vt 0.450000 2.377500
vt 0.427500 2.377500
vt 0.507830 2.400000
vt 0.489342 2.417356
vt 0.516012 2.417356
vt -0.012855 0.012855
vt -0.023004 0.049674
vt -0.049674 0.023004
vt 0.507830 2.400000
vt 0.516012 2.417356
vt 0.489343 2.417356
vt 0.012855 0.012855
vt 0.049674 0.023004
vt 0.023004 0.049674
vt -0.507830 2.400000
vt -0.489342 2.417356
vt -0.516012 2.417356
vt 0.012855 -0.012855
vt 0.023004 -0.049674
vt 0.049674 -0.023004
vt -0.507830 2.400000
vt -0.516012 2.417356
vt -0.489343 2.417356
vt -0.012855 -0.012855
vt -0.049674 -0.023004
vt -0.023004 -0.049674
vt 0.822766 -0.325000
vt 0.796935 -0.302500
vt 0.826333 -0.302500
vt 0.822766 0.325000
vt 0.826333 0.302500
vt 0.796935 0.302500
vt 1.177234 -0.325000
vt 1.173667 -0.302500
vt 1.203065 -0.302500
vt 1.177234 0.325000
vt 1.203065 0.302500
vt 1.173667 0.302500
vt 1.177234 -0.325000
vt 1.203065 -0.302500
vt 1.173667 -0.302500
vt 1.177234 0.325000
vt 1.173667 0.302500
vt 1.203065 0.302500
vt 0.822766 -0.325000
vt 0.826333 -0.302500
vt 0.796935 -0.302500
vt 0.822766 0.325000
vt 0.796935 0.302500
vt 0.826333 0.302500
vt 0.832328 2.277700
vt 0.806366 2.298487
vt 0.806366 2.256913
vt 0.728860 2.277700
vt 0.701404 2.256913
vt 0.701404 2.298487
vt 0.891720 2.100466
vt 0.857597 2.104033
vt 0.881380 2.074635
vt 0.772011 2.100466
vt 0.755905 2.074635
vt 0.738625 2.104033
vt 0.497652 2.277700
vt 0.525108 2.256913
vt 0.525108 2.298487
vt 0.855821 2.277700
vt 0.881783 2.298487
vt 0.881783 2.256913
vt 0.454501 2.454934
vt 0.487887 2.451367
vt 0.470607 2.480765
vt 0.796429 2.454934
vt 0.806769 2.480765
vt 0.830552 2.451367
vt 1.171430 2.243154
vt 1.193355 2.222367
vt 1.193355 2.263941
vt 0.104159 2.243154
vt 0.130423 2.263941
vt 0.130423 2.222367
vt 0.590124 2.420388
vt 0.569827 2.446219
vt 0.560743 2.416821
vt 0.965353 2.420388
vt 0.933833 2.416821
vt 0.961792 2.446219
vt 0.936745 2.201730
vt 0.914820 2.222517
vt 0.914820 2.180942
vt -0.580829 2.201730
vt -0.554565 2.180942
vt -0.554565 2.222517
vt -0.117550 2.201730
vt -0.143813 2.180942
vt -0.143813 2.222517
vt 1.212642 2.201730
vt 1.234568 2.222517
vt 1.234568 2.180942
vt 0.805272 2.155093
vt 0.777816 2.175880
vt 0.777816 2.134305
vt -0.937500 2.155093
vt -0.911538 2.134305
vt -0.911538 2.175880
vt -0.901601 1.977859
vt -0.911941 1.952028
vt -0.935724 1.981426
vt 0.530913 1.977859
vt 0.564299 1.981426
vt 0.547019 1.952028
vt -0.960993 2.155093
vt -0.986955 2.134305
vt -0.986955 2.175880
vt 0.574064 2.155093
vt 0.601520 2.175880
vt 0.601520 2.134305
vt 0.848423 2.332326
vt 0.832317 2.358158
vt 0.815037 2.328760
vt -0.996892 2.332326
vt -0.962769 2.328760
vt -0.986552 2.358158
vt 0.325000 2.104152
vt 0.302500 2.124939
vt 0.302500 2.083365
vt -0.325000 2.104152
vt -0.302500 2.083365
vt -0.302500 2.124939
vt 0.325000 2.104152
vt 0.302500 2.083365
vt 0.302500 2.124939
vt -0.325000 2.104152
vt -0.302500 2.124939
vt -0.302500 2.083365
vt -1.067006 1.872263
vt -1.032883 1.875830
vt -1.056667 1.846432
vt -0.899365 1.872263
vt -0.883258 1.846432
vt -0.865979 1.875830
vt -0.581854 1.872263
vt -0.597961 1.846432
vt -0.615240 1.875830
vt -0.971716 1.872263
vt -1.005839 1.875830
vt -0.982056 1.846432
vt -0.581854 2.226731
vt -0.615240 2.223164
vt -0.597961 2.252562
vt -0.971716 2.226731
vt -0.982056 2.252562
vt -1.005839 2.223164
vt -1.067006 2.226731
vt -1.056667 2.252562
vt -1.032883 2.223164
vt -0.899365 2.226731
vt -0.865979 2.223164
vt -0.883258 2.252562
vt -0.634391 1.991545
vt -0.608128 2.012332
vt -0.608128 1.970758
vt -1.101596 1.991545
vt -1.079670 1.970758
vt -1.079670 2.012332
vt -0.657077 1.814312
vt -0.627696 1.817878
vt -0.636781 1.788481
vt -1.171415 1.814312
vt -1.167854 1.788481
vt -1.139895 1.817878
vt -1.377492 1.991545
vt -1.399417 1.970758
vt -1.399417 2.012332
vt -0.171113 1.991545
vt -0.197377 2.012332
vt -0.197377 1.970758
vt -1.307672 2.168779
vt -1.339192 2.165212
vt -1.311233 2.194610
vt -0.148427 2.168779
vt -0.168724 2.194610
vt -0.177808 2.165212
vt -1.212627 1.753380
vt -1.181108 1.756947
vt -1.209067 1.727549
vt 0.670468 1.753380
vt 0.650171 1.727549
vt 0.641087 1.756947
vt 0.161818 1.753380
vt 0.182114 1.727549
vt 0.191199 1.756947
vt -1.348885 1.753380
vt -1.380404 1.756947
vt -1.352446 1.727549
vt 0.161818 2.107848
vt 0.191199 2.104281
vt 0.182114 2.133679
vt -1.348885 2.107848
vt -1.352446 2.133679
vt -1.380404 2.104281
vt -1.212627 2.107848
vt -1.209067 2.133679
vt -1.181108 2.104281
vt 0.670468 2.107848
vt 0.641087 2.104281
vt 0.650171 2.133679
vt -0.975777 1.689718
vt -0.942391 1.693285
vt -0.959670 1.663887
vt 1.172179 1.689718
vt 1.161839 1.663887
vt 1.138056 1.693285
vt 1.076888 1.689718
vt 1.087228 1.663887
vt 1.111012 1.693285
vt -0.658266 1.689718
vt -0.691652 1.693285
vt -0.674373 1.663887
vt 1.076888 2.044185
vt 1.111012 2.040619
vt 1.087228 2.070016
vt -0.658266 2.044185
vt -0.674373 2.070016
vt -0.691652 2.040619
vt -0.975777 2.044185
vt -0.959670 2.070016
vt -0.942391 2.040619
vt 1.172179 2.044185
vt 1.138056 2.040619
vt 1.161839 2.070016
vt 1.256099 -0.325000
vt 1.230268 -0.302500
vt 1.259666 -0.302500
vt 1.256100 0.325000
vt 1.259666 0.302500
vt 1.230269 0.302500
vt -0.325000 1.800761
vt -0.302500 1.779973
vt -0.302500 1.821548
vt 0.325000 1.800761
vt 0.302500 1.821548
vt 0.302500 1.779973
vt 1.256099 -0.325000
vt 1.259666 -0.302500
vt 1.230268 -0.302500
vt 1.230269 0.302500
vt 1.259666 0.302500
vt 1.182902 1.732208
vt 1.156940 1.752995
vt 1.156940 1.711421
vt 0.983567 1.732208
vt 0.956111 1.711421
vt 0.956111 1.752995
vt 1.242293 1.554975
vt 1.208171 1.558541
vt 1.231954 1.529144
vt 1.026718 1.554975
vt 1.010612 1.529144
vt 0.993332 1.558541
vt 0.752358 1.732208
vt 0.779815 1.711421
vt 0.779815 1.752995
vt 1.206395 1.732208
vt 1.232357 1.752995
vt 1.232357 1.711421
vt 0.709208 1.909442
vt 0.742594 1.905875
vt 0.725314 1.935273
vt 1.147003 1.909442
vt 1.157343 1.935273
vt 1.181126 1.905875
vt 0.701345 1.661437
vt 0.675081 1.682224
vt 0.675081 1.640650
vt 1.307658 1.661437
vt 1.285732 1.640650
vt 1.285732 1.682224
vt 1.513735 1.484203
vt 1.517295 1.458372
vt 1.545254 1.487770
vt 0.215381 1.484204
vt 0.244762 1.487770
vt 0.235677 1.458372
vt 1.513735 1.838671
vt 1.545254 1.835104
vt 1.517295 1.864502
vt 0.215381 1.838671
vt 0.235677 1.864502
vt 0.244762 1.835104
vt 1.348870 1.588569
vt 1.326944 1.609357
vt 1.326944 1.567782
vt -0.714736 1.588569
vt -0.688472 1.567782
vt -0.688472 1.609357
vt -0.228771 1.411336
vt -0.249068 1.385505
vt -0.258152 1.414902
vt 1.554947 1.411336
vt 1.586467 1.414902
vt 1.558508 1.385505
vt -0.228771 1.765803
vt -0.258152 1.762237
vt -0.249068 1.791634
vt 1.554947 1.765803
vt 1.558508 1.791634
vt 1.586467 1.762237
vt 1.059979 1.513712
vt 1.032523 1.534499
vt 1.032523 1.492924
vt -1.288074 1.513712
vt -1.262112 1.492924
vt -1.262112 1.534499
vt -1.108791 1.207306
vt -1.105198 1.176884
vt -1.138833 1.201321
vt -1.490851 0.681444
vt -1.494443 0.711866
vt -1.460808 0.687429
vt -1.311568 1.513712
vt -1.337529 1.492924
vt -1.337529 1.534499
vt 0.828770 1.513712
vt 0.856227 1.534499
vt 0.856227 1.492924
vt 1.103130 1.690945
vt 1.087024 1.716776
vt 1.069744 1.687379
vt -1.347466 1.690945
vt -1.313343 1.687379
vt -1.337126 1.716776
vt 0.325000 1.436957
vt 0.302500 1.457745
vt 0.302500 1.416170
vt -0.325000 1.436957
vt -0.302500 1.416170
vt -0.302500 1.457745
vt -1.650000 0.325000
vt -1.629213 0.302500
vt -1.670787 0.302500
vt -1.650000 -0.325000
vt -1.670787 -0.302500
vt -1.629213 -0.302500
vt 0.325000 1.436957
vt 0.302500 1.416170
vt 0.302500 1.457745
vt -0.325000 1.436957
vt -0.302500 1.457745
vt -0.302500 1.416170
vt -1.650000 0.325000
vt -1.670787 0.302500
vt -1.629213 0.302500
vt -1.650000 -0.325000
vt -1.629213 -0.302500
vt -1.670787 -0.302500
vt -1.417580 1.181157
vt -1.383458 1.184723
vt -1.407241 1.155326
vt -1.154072 1.181157
vt -1.137965 1.155326
vt -1.120686 1.184723
vt -0.836561 1.181157
vt -0.852668 1.155326
vt -0.869947 1.184723
vt -1.322290 1.181157
vt -1.356413 1.184723
vt -1.332630 1.155326
vt -0.836561 1.535624
vt -0.869947 1.532057
vt -0.852668 1.561455
vt -1.322290 1.535624
vt -1.332630 1.561455
vt -1.356413 1.532057
vt -1.417580 1.535624
vt -1.407241 1.561455
vt -1.383458 1.532057
vt -1.154072 1.535624
vt -1.120686 1.532057
vt -1.137965 1.561455
vt -0.768299 1.278084
vt -0.742035 1.298872
vt -0.742035 1.257297
vt -1.513720 1.278084
vt -1.491794 1.257297
vt -1.491794 1.298872
vt -1.789616 1.278084
vt -1.811542 1.257297
vt -1.811542 1.298872
vt -0.305020 1.278084
vt -0.331284 1.298872
vt -0.331284 1.257297
vt -1.624751 1.018874
vt -1.593232 1.022440
vt -1.621190 0.993043
vt 0.804376 1.018874
vt 0.784079 0.993043
vt 0.774995 1.022440
vt 0.295725 1.018874
vt 0.316021 0.993043
vt 0.325106 1.022440
vt -1.761010 1.018874
vt -1.792530 1.022440
vt -1.764571 0.993043
vt 0.318410 1.196107
vt 0.344674 1.175320
vt 0.344674 1.216895
vt -1.830829 1.196107
vt -1.852755 1.216895
vt -1.852755 1.175320
vt -1.624751 1.373341
vt -1.621190 1.399172
vt -1.593232 1.369774
vt 0.804376 1.373341
vt 0.774995 1.369774
vt 0.784079 1.399172
vt -1.187332 1.112520
vt -1.159876 1.133307
vt -1.159876 1.091733
vt 1.463361 1.112520
vt 1.437400 1.091733
vt 1.437400 1.133307
vt -1.230483 0.935286
vt -1.197097 0.938853
vt -1.214377 0.909455
vt 1.522753 0.935286
vt 1.512414 0.909455
vt 1.488630 0.938853
vt 1.427462 0.935286
vt 1.437802 0.909455
vt 1.461585 0.938853
vt -0.912974 0.935286
vt -0.946360 0.938853
vt -0.929080 0.909455
vt 1.427462 1.289753
vt 1.461585 1.286187
vt 1.437802 1.315585
vt -0.912974 1.289753
vt -0.929080 1.315585
vt -0.946360 1.286187
vt 1.866666 -0.325000
vt 1.845879 -0.302500
vt 1.887453 -0.302500
vt 1.866667 0.325000
vt 1.887454 0.302500
vt 1.845880 0.302500
vt 1.866666 -0.325000
vt 1.887453 -0.302500
vt 1.845879 -0.302500
vt 1.866667 0.325000
vt 1.845880 0.302500
vt 1.887454 0.302500
vt 1.533475 0.940732
vt 1.507513 0.961520
vt 1.507513 0.919945
vt 1.238274 0.940732
vt 1.210818 0.919945
vt 1.210818 0.961519
vt 1.736252 0.859739
vt 1.706210 0.865723
vt 1.739845 0.890160
vt 1.354192 1.385600
vt 1.384235 1.379616
vt 1.350600 1.355179
vt 0.963914 1.117966
vt 0.997300 1.114399
vt 0.980021 1.143797
vt 1.497578 1.117966
vt 1.507917 1.143797
vt 1.531700 1.114399
vt 0.835253 0.852630
vt 0.808989 0.873417
vt 0.808989 0.831843
vt 1.719782 0.852630
vt 1.697857 0.831843
vt 1.697857 0.873417
vt 1.995679 0.852630
vt 2.017604 0.831843
vt 2.017604 0.873417
vt 0.371974 0.852630
vt 0.398238 0.873417
vt 0.398238 0.831843
vt 0.857938 1.029863
vt 0.837642 1.055695
vt 0.828557 1.026297
vt 1.789602 1.029863
vt 1.758082 1.026297
vt 1.786041 1.055695
vt 1.830814 0.585881
vt 1.799294 0.589447
vt 1.827253 0.560050
vt -0.871329 0.585881
vt -0.851033 0.560050
vt -0.841948 0.589447
vt -0.362679 0.585881
vt -0.382975 0.560050
vt -0.392060 0.589447
vt 1.967072 0.585881
vt 1.998591 0.589447
vt 1.970632 0.560050
vt -0.362679 0.940348
vt -0.392060 0.936781
vt -0.382975 0.966179
vt 1.967072 0.940348
vt 1.970632 0.966179
vt 1.998591 0.936781
vt 1.830814 0.940348
vt 1.827253 0.966179
vt 1.799294 0.936781
vt -0.871329 0.940348
vt -0.841948 0.936782
vt -0.851032 0.966179
vt 1.357836 0.494992
vt 1.324450 0.498559
vt 1.341730 0.469161
vt -1.698040 0.494992
vt -1.687701 0.469161
vt -1.663917 0.498559
vt -1.602749 0.494992
vt -1.613089 0.469161
vt -1.636872 0.498559
vt 1.040327 0.494992
vt 1.073713 0.498559
vt 1.056434 0.469161
vt -1.602749 0.849459
vt -1.636872 0.845893
vt -1.613089 0.875291
vt 1.040327 0.849459
vt 1.056434 0.875291
vt 1.073713 0.845893
vt -1.459364 1.462012
vt -1.489406 1.456028
vt -1.455772 1.431591
vt -1.841425 0.936152
vt -1.811383 0.942136
vt -1.845017 0.966573
vt 0.325000 0.402768
vt 0.302500 0.406335
vt 0.302500 0.376937
vt -0.325000 0.402768
vt -0.302500 0.376937
vt -0.302500 0.406335
vt -2.083333 0.325000
vt -2.062546 0.302500
vt -2.104120 0.302500
vt -2.083334 -0.325000
vt -2.104121 -0.302500
vt -2.062546 -0.302500
vt -2.260567 0.325000
vt -2.257000 0.302500
vt -2.286398 0.302500
vt -0.325000 0.402768
vt -0.302500 0.406335
vt -0.302500 0.376937
vt 0.325000 0.757235
vt 0.302500 0.753669
vt 0.302500 0.783067
vt -0.325000 0.757235
vt -0.302500 0.783067
vt -0.302500 0.753669
vt -2.083333 0.325000
vt -2.104120 0.302500
vt -2.062546 0.302500
vt -2.083334 -0.325000
vt -2.062546 -0.302500
vt -2.104121 -0.302500
vt 0.325000 0.757235
vt 0.302500 0.783066
vt 0.302500 0.753669
vt -0.325000 0.757235
vt -0.302500 0.753669
vt -0.302500 0.783067
vt -1.911539 -0.987093
vt -1.881497 -0.993077
vt -1.915132 -1.017514
vt -1.529480 -1.512954
vt -1.559522 -1.506970
vt -1.525887 -1.482533
vt -1.911539 -0.987092
vt -1.915132 -1.017514
vt -1.881497 -0.993077
vt -1.525887 -1.482533
vt -1.559522 -1.506970
vt -0.902206 0.391685
vt -0.875942 0.412472
vt -0.875942 0.370898
vt -1.925845 0.391685
vt -1.903919 0.370898
vt -1.903919 0.412472
vt -0.979660 -1.963362
vt -0.951838 -1.950545
vt -0.964685 -1.990084
vt -0.361474 -2.164223
vt -0.389296 -2.177041
vt -0.376449 -2.137501
vt -2.201741 0.391685
vt -2.223666 0.370898
vt -2.223666 0.412472
vt -0.438928 0.391685
vt -0.465192 0.412472
vt -0.465191 0.370898
vt -0.979660 -1.963362
vt -0.964685 -1.990084
vt -0.951838 -1.950545
vt -0.361474 -2.164223
vt -0.376449 -2.137501
vt -0.389296 -2.177041
vt -1.967057 0.295656
vt -1.945131 0.316443
vt -1.945131 0.274868
vt 0.915597 0.295656
vt 0.889334 0.274868
vt 0.889334 0.316443
vt 0.374864 -2.205435
vt 0.389839 -2.178713
vt 0.402687 -2.218252
vt 0.993051 -2.004575
vt 0.978076 -2.031297
vt 0.965229 -1.991758
vt 0.452318 0.295656
vt 0.478582 0.274868
vt 0.478582 0.316443
vt -2.242954 0.295656
vt -2.264879 0.316443
vt -2.264879 0.274868
vt 0.374864 -2.205435
vt 0.402687 -2.218252
vt 0.389839 -2.178713
vt -1.442040 0.198418
vt -1.414583 0.219206
vt -1.414583 0.177631
vt 1.813935 0.198418
vt 1.787973 0.177631
vt 1.787973 0.219206
vt 1.634651 -1.589366
vt 1.631059 -1.558944
vt 1.664694 -1.583381
vt 2.016712 -1.063505
vt 2.020304 -1.093926
vt 1.986670 -1.069489
vt 1.837428 0.198418
vt 1.863390 0.177631
vt 1.863390 0.219206
vt -1.210831 0.198418
vt -1.238288 0.219206
vt -1.238288 0.177631
vt -0.325000 -0.077234
vt -0.302500 -0.073667
vt -0.302500 -0.103065
vt 0.325000 -0.077234
vt 0.302500 -0.103065
vt 0.302500 -0.073667
vt 2.300000 -0.325000
vt 2.279213 -0.302500
vt 2.320787 -0.302500
vt 2.300000 0.325000
vt 2.320787 0.302500
vt 2.279213 0.302500
vt -0.325000 -0.077234
vt -0.302500 -0.103065
vt -0.302500 -0.073667
vt 0.325000 -0.077234
vt 0.302500 -0.073667
vt 0.302500 -0.103065
vt -0.325000 0.277234
vt -0.302500 0.273667
vt -0.302500 0.303065
vt 0.325000 0.277234
vt 0.302500 0.303065
vt 0.302500 0.273667
vt 2.300000 -0.325000
vt 2.320787 -0.302500
vt 2.279213 -0.302500
vt 2.300000 0.325000
vt 2.279213 0.302500
vt 2.320787 0.302500
vt -0.325000 0.277234
vt -0.302500 0.303065
vt -0.302500 0.273667
vt 0.325000 0.277234
vt 0.302500 0.273667
vt 0.302500 0.303065
vt 0.727500 0.022500
vt 0.750000 0.022500
vt -0.727500 0.022500
vt -0.750000 0.022500
vt 0.881380 0.266449
vt 0.501987 0.738625
vt 0.525770 0.755905
vt 0.796935 2.126333
vt 0.749354 2.300000
vt 0.725000 2.300000
vt -0.489343 0.516012
vt -0.516012 0.489342
vt 0.516012 0.489343
vt 0.796935 2.126333
vt 0.822766 2.122766
vt 1.021879 0.368528
vt 1.178490 0.454501
vt 1.035105 0.350325
vt 0.489343 -0.516012
vt 0.211948 2.256913
vt 0.211948 2.298487
vt 0.020824 2.180942
vt 0.020824 2.222517
vt -0.516012 -0.489343
vt 0.826333 2.096935
vt 1.000000 2.049354
vt 1.000000 2.025000
vt 1.173667 2.096935
vt 1.177234 2.122766
vt 0.653044 0.876186
vt 0.666269 0.857984
vt 1.203065 2.126333
vt 1.250646 2.300000
vt 1.275000 2.300000
vt 0.942022 2.048700
vt 0.895533 2.243154
vt 0.965353 2.065920
vt 1.203065 2.473667
vt 1.177234 2.477234
vt 1.035105 2.027054
vt 1.173667 2.503065
vt 1.000000 2.550646
vt 1.124941 2.048700
vt 0.933051 1.992508
vt 0.940004 1.968154
vt 1.000000 2.575000
vt 0.826333 2.503065
vt 0.288361 2.175880
vt 0.822766 2.477234
vt 0.796935 2.473667
vt 0.796935 2.473667
vt 0.666269 2.002700
vt 0.796429 2.100466
vt 0.823586 2.083246
vt 1.126959 1.968154
vt 1.133912 1.992508
vt 0.454501 2.100466
vt 0.482826 2.083246
vt 1.014563 2.256913
vt 1.014563 2.298487
vt -0.603514 2.024496
vt -0.576794 2.007275
vt 0.563403 2.048700
vt 0.567438 2.243154
vt 0.538513 2.243154
vt 1.162379 0.470607
vt 0.830552 0.977342
vt 0.806769 0.960063
vt 0.623493 0.940004
vt 0.590124 0.764492
vt 0.563403 0.755067
vt 1.035105 0.350325
vt 1.178490 0.454501
vt -0.061495 1.168171
vt -0.094864 1.343683
vt -0.040096 1.175124
vt 0.653044 2.528346
vt 0.666269 2.552700
vt 1.021880 2.552700
vt 0.891720 2.454934
vt 1.035105 2.528346
vt 0.666269 0.857983
vt 0.509659 0.772011
vt 0.508952 0.743686
vt 0.864563 2.472154
vt 0.772011 2.454934
vt 0.048104 1.126959
vt 0.081473 1.302471
vt 0.108194 1.311896
vt -0.636884 0.981216
vt -0.603514 0.805704
vt -0.658283 0.974263
vt 1.101610 2.065920
vt 0.081473 2.065920
vt 0.705812 2.222367
vt -0.996892 1.977859
vt -0.969735 1.960638
vt 1.101610 2.420388
vt 1.006565 2.024496
vt 0.081473 2.420388
vt 0.108194 2.437608
vt 1.168171 1.926730
vt 0.983234 2.007275
vt 1.124941 2.437608
vt 0.933051 2.493800
vt -0.758216 1.904447
vt -0.771442 1.880093
vt 0.048104 1.126959
vt 0.081473 1.302471
vt 0.026705 1.133912
vt 0.569827 0.774837
vt 0.644892 0.933051
vt 0.623493 0.940004
vt 1.133912 2.493800
vt 0.560743 0.746878
vt -0.005562 0.961792
vt -0.014647 0.933833
vt 0.865419 2.243154
vt 0.981216 1.926730
vt 1.142823 2.024496
vt 1.166153 2.007275
vt -1.127052 1.880093
vt -1.140277 1.904447
vt -0.094864 2.024496
vt -0.121584 2.007275
vt -0.719203 2.180942
vt -0.719203 2.222517
vt -0.950277 2.083365
vt -1.039433 1.926919
vt -1.022212 1.909698
vt -0.094864 2.378963
vt 0.848423 1.977859
vt 1.142823 2.378963
vt 1.166153 2.396184
vt -0.771442 0.934396
vt -0.614831 0.848423
vt -0.614125 0.820098
vt -0.121584 1.353109
vt -0.040096 1.175124
vt -0.094864 1.343683
vt -1.216667 1.829152
vt -1.393900 1.926919
vt -1.216667 1.853506
vt 0.981216 2.476730
vt 0.974263 2.452376
vt 0.983234 2.396184
vt 1.175124 2.452376
vt 1.168171 2.476730
vt -0.032739 2.012332
vt -0.636884 0.981216
vt -0.576794 0.796279
vt 1.006565 2.378963
vt -0.603514 2.378963
vt -1.267551 0.547019
vt -1.140277 0.426737
vt -1.283662 0.530913
vt -0.935724 1.053754
vt -1.291334 0.564299
vt -0.701057 -0.883258
vt -1.032883 -0.376523
vt -0.677274 -0.865979
vt 1.090976 2.175880
vt -0.856214 2.049497
vt -0.901601 2.332326
vt -0.966021 2.104152
vt 0.530913 2.332326
vt 0.559238 2.349547
vt -1.022212 1.909698
vt -0.771442 2.430093
vt -0.928758 2.349547
vt -1.337666 -0.597961
vt -1.210391 -0.477679
vt -1.197166 -0.495882
vt -1.127052 0.444940
vt -1.283662 0.530913
vt -1.140277 0.426738
vt -0.630942 0.832317
vt -0.758216 0.952599
vt -0.771442 0.934396
vt -1.140277 2.405739
vt -0.607159 0.815037
vt -0.986552 0.342861
vt -0.962769 0.325582
vt -1.411121 1.909698
vt -0.828331 -1.003540
vt -0.841557 -0.985337
vt -1.483056 2.083365
vt -1.411121 1.909698
vt -0.636781 -0.980899
vt -0.052307 -1.139895
vt -0.061391 -1.167854
vt -1.467313 2.104152
vt -1.483056 2.124939
vt -1.393900 2.281386
vt -1.007614 2.049497
vt -0.974687 2.049497
vt -1.411121 2.298607
vt -1.210391 1.798851
vt -1.216667 2.379152
vt -1.411121 2.298607
vt -1.331003 1.797091
vt -1.139113 1.740899
vt -1.146066 1.716545
vt -1.216667 2.354799
vt -1.022212 2.298607
vt -1.039433 2.281386
vt -1.022212 2.298607
vt -0.950277 2.124939
vt -0.828331 1.798851
vt -1.361449 -0.615240
vt -0.982056 -1.087416
vt -1.005839 -1.104696
vt -1.339974 1.740899
vt -1.333021 1.716545
vt -0.625005 2.049497
vt 0.074782 -1.209067
vt 0.641087 -0.994152
vt 0.650171 -1.022111
vt -1.031108 2.049497
vt -1.064036 2.049497
vt 0.647782 1.930614
vt -0.657522 2.049497
vt -0.711846 -1.139113
vt -0.657077 -0.970554
vt -1.353776 -0.581854
vt 0.182114 -1.539401
vt 0.107050 -1.381187
vt 0.128448 -1.374234
vt -0.828331 2.300143
vt -0.841557 2.324497
vt -1.210391 2.300143
vt -1.197166 2.324497
vt -0.684946 -0.899365
vt -1.032883 -0.376523
vt -0.677274 -0.865979
vt -0.823696 2.049497
vt -0.115058 -1.333021
vt -0.148427 -1.508533
vt -0.175147 -1.517958
vt 0.725236 -1.180326
vt 0.703838 -1.187279
vt -1.307672 1.814312
vt 0.806229 -0.959670
vt 1.138056 -0.452935
vt 1.161839 -0.470215
vt -0.148427 1.814312
vt -0.772766 2.012332
vt 1.112787 1.866952
vt -1.142808 1.930614
vt -1.112693 1.930614
vt -0.168724 -1.498189
vt -0.753197 -1.339192
vt -0.177808 -1.526147
vt -1.381187 1.679968
vt -1.139113 2.242192
vt 0.933504 1.616306
vt 0.946729 1.591952
vt -0.093659 -1.339974
vt -0.115058 -1.333021
vt -0.690447 -1.146066
vt -0.657077 -0.970554
vt -0.711846 -1.139113
vt 0.466655 1.711421
vt 0.466655 1.752995
vt -1.148084 2.186000
vt -1.339974 2.242192
vt -1.171415 2.168779
vt -0.657077 2.168779
vt -0.630357 2.186000
vt -1.180326 1.679968
vt 0.191199 -1.567360
vt 0.757504 -1.352446
vt 0.766588 -1.380404
vt 1.315564 1.616306
vt 1.302339 1.591952
vt 0.184503 1.930614
vt -1.418704 1.930614
vt -1.448819 1.930614
vt 1.230269 1.627093
vt 1.182687 1.800761
vt 1.256100 1.623527
vt 0.213428 1.930614
vt -0.932626 1.866952
vt -0.900108 1.866952
vt 0.757504 -1.352446
vt 0.191199 -1.567360
vt 0.766588 -1.380404
vt 0.933504 -1.079952
vt 0.790119 -0.975777
vt 0.182114 -1.539401
vt 0.107050 -1.381187
vt 0.161818 -1.549746
vt 1.627787 1.606306
vt 1.433333 1.550114
vt 1.433333 1.525761
vt -1.180326 2.181260
vt -1.187279 2.205614
vt -1.381187 2.181260
vt -1.374234 2.205614
vt 0.099692 1.682224
vt 0.650171 -1.022111
vt 0.725236 -1.180326
vt 0.670468 -1.011766
vt 0.065698 -1.181108
vt 0.641087 -0.994152
vt 0.618858 1.930614
vt 1.442838 -0.674373
vt 1.315564 -0.554091
vt 1.458949 -0.658266
vt 1.466622 -0.691652
vt 1.087228 -1.163828
vt 1.259666 1.597696
vt 1.433334 1.550114
vt 1.433334 1.525760
vt 1.136281 1.866952
vt 1.231954 0.521156
vt 0.852561 0.993332
vt 0.876344 1.010612
vt -0.701417 1.866952
vt -0.733935 1.866952
vt 1.169208 1.866952
vt 1.230268 1.627093
vt 1.182687 1.800761
vt 1.158333 1.800761
vt 1.466622 -0.691652
vt 1.442838 -0.674373
vt 1.259666 1.597696
vt 1.256099 1.623527
vt 0.933503 2.117598
vt 1.529770 0.737533
vt 1.385679 0.605032
vt 1.372453 0.623235
vt 1.315564 -0.554091
vt 1.302339 -0.572294
vt 0.933503 -1.079952
vt 0.946729 -1.061749
vt -0.113083 1.609357
vt -0.113083 1.567782
vt 1.315564 2.117598
vt 0.782446 -0.942391
vt 1.079859 1.866952
vt 1.627788 1.606306
vt 1.610567 1.623527
vt 1.003618 1.130893
vt 1.016844 1.112691
vt 1.699723 1.779973
vt 1.610567 1.623527
vt 1.699723 1.779973
vt 1.683980 1.800761
vt 1.377477 1.484203
vt 1.354147 1.466983
vt 1.699723 1.821548
vt 1.610567 1.977994
vt 1.683979 1.800761
vt 1.699723 1.821548
vt 1.610567 1.977994
vt 1.627788 1.995215
vt 1.385679 1.481562
vt 1.433333 2.075760
vt 1.627787 1.995215
vt 1.345176 1.410791
vt 1.352128 1.386437
vt 1.433334 2.051407
vt 1.433334 2.075760
vt 1.259666 2.003825
vt 1.433333 2.051407
vt 0.543067 1.534499
vt 1.259666 2.003825
vt 1.256100 1.977994
vt 1.230268 1.974428
vt 1.256099 1.977994
vt 1.230269 1.974428
vt 1.158334 1.800761
vt 1.174160 1.537754
vt 1.003618 1.481562
vt 1.147003 1.554975
vt 1.546036 1.410791
vt 1.539084 1.386437
vt 0.709208 1.554975
vt 0.737533 1.537754
vt 1.269271 1.711421
vt 1.269271 1.752995
vt -0.737422 1.411336
vt -0.710701 1.394115
vt 0.724031 1.484203
vt 1.512953 0.725314
vt 1.181126 1.232049
vt 1.157343 1.214769
vt 0.757400 1.352128
vt 0.724031 1.176616
vt 0.697311 1.167191
vt 1.529064 0.709208
vt -0.249068 1.745463
vt -0.174003 1.587249
vt -0.195402 1.580296
vt 1.003618 1.982854
vt 1.016844 2.007208
vt 1.372453 2.007208
vt 1.242294 1.909442
vt 1.385679 1.982854
vt 0.860233 1.026718
vt 0.859527 0.998393
vt 1.215137 1.926663
vt 1.026718 1.909442
vt 0.235677 1.704251
vt 0.160612 1.546036
vt 0.215381 1.714596
vt 0.820151 1.545254
vt 0.244762 1.732210
vt -0.710701 1.208404
vt -0.792190 1.386388
vt -0.770791 1.393341
vt 1.583554 1.661437
vt 0.238066 1.661437
vt 0.266991 1.661437
vt -1.347466 1.336478
vt -1.320309 1.319257
vt 1.613669 1.661437
vt 1.418689 1.411336
vt 0.811067 1.517295
vt 0.244762 1.732210
vt 0.235677 1.704251
vt 1.395359 1.394115
vt 1.587249 1.337923
vt 1.345175 1.912083
vt -1.138833 1.247322
vt -1.252176 1.336478
vt -1.108791 1.263066
vt 0.160612 1.546036
vt 0.182011 1.539084
vt 0.778799 1.345175
vt 1.354147 1.855891
vt 1.546036 1.912083
vt 1.377477 1.838671
vt 0.724031 1.838671
vt 0.697311 1.855891
vt 1.386388 1.337923
vt -0.258152 1.773422
vt -0.824457 1.558508
vt -0.833542 1.586467
vt -1.460808 1.247322
vt -1.490851 1.263065
vt -0.251457 1.588569
vt 1.624766 1.588569
vt 1.654881 1.588569
vt -1.383610 1.416170
vt -1.472767 1.259724
vt -1.455546 1.242503
vt -0.280382 1.588569
vt 1.103130 1.336478
vt -0.249068 1.745463
vt -0.833542 1.586467
vt -0.824457 1.558508
vt -0.965405 1.103130
vt -0.964699 1.074805
vt -0.174003 1.587249
vt -0.228771 1.755808
vt -1.670787 1.170568
vt -1.827234 1.259724
vt -1.650000 1.186311
vt 1.386388 1.839216
vt 1.393341 1.863569
vt 1.395359 1.783024
vt 1.587249 1.839216
vt 1.580296 1.863569
vt -0.166646 1.298872
vt -0.770791 1.393341
vt -0.737422 1.217829
vt -0.710701 1.208404
vt 1.418690 1.765803
vt -0.737422 1.765803
vt -1.634236 0.785620
vt -1.634943 0.813945
vt -1.629213 1.170568
vt -1.650000 1.186311
vt -1.279333 1.319257
vt -1.407241 -0.648510
vt -1.027848 -1.120686
vt -1.051631 -1.137965
vt 0.785620 1.336478
vt 1.345683 1.534499
vt -1.110921 1.358390
vt -1.252175 1.690945
vt -1.383610 1.416170
vt -1.472766 1.259724
vt -1.399354 1.436957
vt 0.785620 1.690945
vt 0.813945 1.708166
vt -1.629213 1.170568
vt -1.455546 1.242503
vt -1.122016 1.788712
vt -1.279333 1.708166
vt -1.688240 -0.852668
vt -1.560966 -0.732386
vt -1.547740 -0.750589
vt -1.477626 0.699647
vt -1.490851 0.681444
vt -0.981516 1.087024
vt -1.122016 1.189103
vt -1.490851 1.764358
vt -0.957733 1.069744
vt -1.337126 0.597568
vt -1.313343 0.580289
vt -1.670787 1.170568
vt -1.827234 1.259724
vt -1.844455 1.242503
vt -1.178905 -1.258247
vt -1.192130 -1.240044
vt -1.916389 1.416170
vt -1.844454 1.242503
vt -1.916390 1.416170
vt -1.900646 1.436957
vt -1.583539 1.100851
vt -1.560209 1.083630
vt -1.916389 1.457745
vt -1.827234 1.614191
vt -1.900646 1.436957
vt -1.358189 1.358390
vt -1.325261 1.358390
vt -1.916390 1.457745
vt -1.827234 1.614191
vt -1.844455 1.631412
vt -1.560966 1.107744
vt -1.670787 1.703347
vt -1.844454 1.631412
vt -1.743128 1.083630
vt -1.551238 1.027438
vt -1.558191 1.003084
vt -1.670787 1.703347
vt -1.650000 1.687604
vt -1.629213 1.703347
vt -1.472766 1.614191
vt -1.650000 1.687604
vt -0.670421 1.091733
vt -1.629213 1.703347
vt -1.472767 1.614191
vt -1.455546 1.631412
vt -1.383610 1.457745
vt -1.455546 1.631412
vt -1.383610 1.457745
vt -1.399354 1.436957
vt -1.178905 1.107744
vt -1.712023 -0.869947
vt -1.332630 -1.342123
vt -1.356413 -1.359402
vt -1.752099 1.027438
vt -1.745146 1.003084
vt -0.879712 1.358390
vt 0.208690 -1.621190
vt 0.774995 -1.406277
vt 0.784079 -1.434236
vt -1.381682 1.358390
vt -1.414610 1.358390
vt 0.781690 1.196107
vt -0.912230 1.358390
vt -0.790985 1.100851
vt -0.824354 -1.558191
vt -0.790985 -1.382678
vt -0.764264 -1.373254
vt -1.560966 -0.732386
vt -1.704351 -0.836561
vt 0.316021 -1.951525
vt 0.240957 -1.793311
vt 0.262356 -1.786358
vt -1.178905 1.609036
vt -1.192130 1.633390
vt -1.560966 1.609036
vt -1.547740 1.633390
vt -1.178905 -1.258247
vt -1.035520 -1.154072
vt -1.383458 -0.631230
vt -1.078403 1.358390
vt -0.309055 -1.930083
vt -0.227566 -1.752099
vt -0.282334 -1.920658
vt 0.859144 -1.592451
vt 0.837745 -1.599403
vt -1.719797 1.100851
vt 1.156803 -1.214377
vt 1.488630 -0.707642
vt 1.512414 -0.724922
vt -0.282334 1.100851
vt -0.906673 1.257297
vt -1.719797 1.455318
vt -1.554932 1.196107
vt -1.524817 1.196107
vt -0.282334 1.455318
vt -0.309055 1.472539
vt -1.793311 0.945461
vt -1.743128 1.472539
vt -1.551238 1.528731
vt 1.284077 0.861874
vt 1.297302 0.837520
vt -0.309055 -1.930083
vt -0.227566 -1.752099
vt -0.248965 -1.745146
vt -0.764264 -1.373253
vt -0.845753 -1.551238
vt 0.721362 0.919945
vt 0.721362 0.961520
vt -1.560209 1.472539
vt -1.752099 1.528731
vt -1.583539 1.455318
vt -0.790985 1.455318
vt -0.764264 1.472539
vt -1.592451 0.945461
vt 0.325106 -1.979484
vt 0.891411 -1.764571
vt 0.900495 -1.792530
vt 1.666138 0.861874
vt 1.652913 0.837520
vt 0.920063 1.175320
vt 0.920064 1.216895
vt 1.591667 1.027378
vt 1.689433 0.850144
vt 1.672213 0.832923
vt 0.295725 1.373341
vt -1.761010 1.373341
vt -1.784341 1.390562
vt 1.284077 -1.334659
vt 1.140692 -1.230483
vt 0.322445 -1.971295
vt 0.240957 -1.793311
vt 0.295725 -1.961870
vt 1.887453 0.760988
vt 2.043900 0.850144
vt 1.866666 0.776732
vt -1.592451 1.446753
vt -1.599404 1.471107
vt -1.793311 1.446753
vt -1.786358 1.471107
vt 0.233600 0.873417
vt 0.784079 -1.434236
vt 0.859144 -1.592451
vt 0.804376 -1.423891
vt 0.199605 -1.593232
vt 0.774995 -1.406277
vt 0.752766 1.196107
vt 1.793413 -0.929080
vt 1.666138 -0.808798
vt 1.809523 -0.912974
vt 1.461585 -1.435814
vt 1.817196 -0.946360
vt 1.845880 0.760988
vt 1.866667 0.776732
vt 1.486854 1.112520
vt -0.956124 1.112520
vt -0.988642 1.112520
vt 1.281425 0.763499
vt 1.253100 0.746278
vt 1.519782 1.112520
vt 1.591666 1.027378
vt 1.689433 0.850144
vt 1.616020 1.027378
vt 1.793413 -0.929080
vt 1.817196 -0.946360
vt 1.845879 0.760988
vt 1.672212 0.832923
vt 1.284077 1.363166
vt 1.879637 0.963914
vt 1.666138 -0.808798
vt 1.652913 -0.827001
vt 1.139986 -1.202158
vt 1.284077 -1.334659
vt 1.297302 -1.316456
vt 1.495596 1.306974
vt 1.666138 1.363166
vt 1.522753 1.289753
vt -1.230483 1.289753
vt -1.202158 1.306974
vt 1.887454 0.760988
vt 2.043901 0.850144
vt 2.061121 0.832924
vt 1.210807 1.281425
vt 2.141666 1.027378
vt 2.061121 0.832923
vt 2.141667 1.027378
vt 2.117313 1.027378
vt 1.789602 0.675396
vt 1.766271 0.658176
vt 2.043900 1.204611
vt 2.117312 1.027378
vt 1.592867 0.763499
vt 2.043901 1.204611
vt 2.061121 1.221832
vt 1.706210 0.674343
vt 1.565710 0.746278
vt 1.887453 1.293767
vt 2.061121 1.221832
vt 1.949190 0.658175
vt 1.757300 0.601984
vt 1.764253 0.577630
vt 1.887454 1.293767
vt 1.866667 1.278024
vt 1.845879 1.293767
vt 1.689433 1.204611
vt 1.866666 1.278024
vt 1.845880 1.293767
vt 1.689433 1.204611
vt 1.672213 1.221832
vt 1.672212 1.221832
vt 1.616021 1.027378
vt 1.384235 0.674343
vt 1.497577 0.763499
vt 1.524735 0.746278
vt 1.958161 0.601984
vt 1.951208 0.577630
vt 0.992239 0.746278
vt 1.007065 0.940732
vt 0.963914 0.763499
vt -0.275643 1.827253
vt -0.841948 1.612339
vt -0.851033 1.640298
vt 1.556970 0.940732
vt 1.589897 0.940732
vt -0.848643 0.763114
vt 1.039583 0.940732
vt 0.857938 0.675396
vt 1.863527 0.980021
vt 1.531700 1.486756
vt 1.507917 1.469476
vt 0.831218 1.579316
vt 0.912706 1.757300
vt 0.857938 1.588741
vt 1.736253 0.859739
vt 1.879638 0.963914
vt -0.382975 2.157588
vt -0.307911 1.999373
vt -0.329309 1.992420
vt 1.354192 1.191378
vt 1.367418 1.215732
vt 1.723027 1.215732
vt 1.592867 1.117966
vt 1.736253 1.191378
vt 1.210101 1.253100
vt 1.354192 1.385600
vt 1.565710 1.135187
vt 1.281425 1.117966
vt 0.315919 1.951208
vt 0.349288 2.126720
vt 0.376008 2.136145
vt -0.926097 1.798512
vt -0.904699 1.805465
vt 1.925859 0.675396
vt -1.332090 1.341730
vt -1.663917 0.834996
vt -1.687701 0.852275
vt 0.349288 0.675396
vt 0.973627 0.873417
vt -1.638649 0.672226
vt 1.925859 1.029863
vt 1.760995 0.763114
vt 1.730880 0.763114
vt 0.349288 1.029863
vt 0.376008 1.047084
vt 1.999373 0.512468
vt 1.949190 1.047084
vt 1.757300 1.103276
vt -1.459364 0.421580
vt -1.472589 0.397226
vt 0.376008 2.136145
vt 0.294520 1.958161
vt 0.315919 1.951208
vt 0.837642 1.599085
vt 0.912707 1.757300
vt 0.891308 1.764253
vt 1.958161 1.103276
vt 0.828557 1.571127
vt 0.262252 1.786041
vt 0.253168 1.758082
vt 1.798512 0.512468
vt -0.967449 1.998591
vt -0.958365 1.970632
vt -1.841425 0.421580
vt -1.828200 0.397226
vt -0.385365 0.763114
vt 2.036891 0.763114
vt 2.067006 0.763114
vt -1.880269 0.406335
vt -1.832688 0.580002
vt -1.906100 0.402768
vt -0.414289 0.763114
vt 1.314686 0.672226
vt 1.282168 0.672226
vt -0.382975 2.157588
vt -1.459364 1.462012
vt -1.315979 1.357836
vt -0.307911 1.999373
vt -0.362679 2.167933
vt -2.257000 0.376937
vt -2.083333 0.329356
vt -2.104120 0.313612
vt 1.798512 1.013760
vt 1.805465 1.038114
vt 1.999373 1.013760
vt 1.992420 1.038114
vt -0.300553 0.412472
vt -0.851032 1.640298
vt -0.871329 1.629953
vt -0.266559 1.799294
vt -0.841948 1.612339
vt -0.819719 0.763114
vt -1.968699 1.056434
vt -1.841425 0.936152
vt -1.984810 1.040327
vt -1.636872 1.563168
vt -1.992483 1.073713
vt -1.909667 0.376937
vt -2.083334 0.329356
vt -2.062546 0.313612
vt -1.662141 0.672226
vt 1.083478 0.672226
vt 1.115996 0.672226
vt -1.380454 0.292023
vt -1.365628 0.486477
vt -1.408779 0.309244
vt -1.695069 0.672226
vt -1.880268 0.406335
vt -1.832687 0.580002
vt -1.808333 0.580002
vt -1.636872 1.563168
vt -1.909666 0.376937
vt -1.906099 0.402768
vt -1.489406 0.938615
vt -2.054924 -1.091268
vt 0.313944 0.274868
vt 0.313944 0.316443
vt -1.811383 0.938615
vt -1.698040 0.849459
vt -1.670883 0.866680
vt 1.329512 0.866680
vt 1.357836 0.849459
vt -1.605721 0.672226
vt -2.257001 0.376937
vt -2.260567 0.402768
vt 0.302500 0.406335
vt -1.386095 -1.408779
vt -2.286398 0.406335
vt -2.333979 0.580002
vt -2.260567 0.402768
vt -2.286398 0.406335
vt -2.333980 0.580002
vt -2.358334 0.580002
vt -1.995664 0.214451
vt -1.972334 0.197231
vt -2.286398 0.753669
vt -2.358333 0.580002
vt -1.675834 0.486477
vt -1.768154 0.309244
vt -1.708762 0.486477
vt -2.286398 0.753669
vt -2.260567 0.757235
vt -1.881497 0.220088
vt -1.740998 0.292023
vt -2.257000 0.783067
vt -2.083333 0.830648
vt -2.260567 0.757235
vt -1.990084 0.125295
vt -2.131921 0.214451
vt -1.963362 0.141039
vt -2.104121 0.846391
vt -2.083334 0.830648
vt -2.062546 0.846391
vt -1.906099 0.757235
vt -0.925128 0.219206
vt -1.909667 0.783067
vt -1.906100 0.757235
vt -1.880268 0.753669
vt -1.880269 0.753669
vt -1.808334 0.580002
vt -1.559522 0.220088
vt -1.672865 0.309244
vt -1.700022 0.292023
vt -2.137501 0.125295
vt -2.164223 0.141039
vt -1.166936 0.486477
vt -1.091268 0.309244
vt -1.119593 0.292023
vt -1.732257 0.486477
vt -1.765185 0.486477
vt 0.938283 0.118422
vt 0.911563 0.101201
vt -1.119593 0.680932
vt -1.134418 0.486477
vt -0.924892 0.214451
vt -1.700022 0.680932
vt -1.672865 0.663711
vt -0.924892 -1.794803
vt -0.898172 -1.785378
vt -2.055631 -1.119593
vt 0.429632 -2.373995
vt -1.559522 0.752867
vt -1.529480 0.737123
vt -1.881497 0.752867
vt -1.768154 0.663711
vt -1.911539 0.737123
vt -1.385388 -1.380454
vt -1.740997 0.680932
vt -1.333110 0.486477
vt -1.408779 0.663711
vt -0.416242 -2.332783
vt -0.442962 -2.342207
vt 0.938283 -1.836015
vt -2.155252 0.197231
vt -0.416242 0.214451
vt -1.040581 0.370898
vt 1.873327 0.021185
vt 1.846170 0.003964
vt -2.131921 0.568919
vt -2.036876 0.118422
vt -0.416242 0.568919
vt -0.442962 0.586139
vt -2.178713 0.029266
vt -2.013546 0.101201
vt -1.990084 0.658075
vt -2.155252 0.586139
vt 1.664694 -0.067971
vt 1.778036 0.021185
vt 1.634651 -0.052228
vt -2.137501 0.658075
vt -1.995664 0.568919
vt -1.972334 0.586139
vt -0.924892 0.568919
vt -0.898172 0.586139
vt -2.031297 0.029266
vt -2.173134 0.118422
vt -2.196465 0.101201
vt 1.986670 -0.067971
vt 2.016712 -0.052228
vt 0.429632 0.118422
vt 0.456353 0.101201
vt 1.053971 0.274868
vt 1.053971 0.316443
vt 2.096935 -0.073667
vt 2.049354 0.100000
vt 2.122766 -0.077234
vt 0.429632 0.472889
vt -1.485191 0.021185
vt -2.173134 0.472889
vt -2.196465 0.490110
vt 1.491266 -1.485191
vt 1.490560 -1.456866
vt 0.429632 -2.373995
vt 0.456353 -2.383420
vt 2.473667 -0.103065
vt 2.300000 -0.150646
vt 2.320787 -0.166390
vt -2.031297 0.562045
vt -2.004575 0.546302
vt -2.178713 0.562045
vt -2.036876 0.472889
vt -2.205435 0.546302
vt 0.938283 -1.836015
vt 0.911563 -1.826591
vt -2.013546 0.490110
vt 0.938283 0.472889
vt 2.160097 -1.167680
vt 2.160804 -1.196005
vt 2.279213 -0.166390
vt 2.300000 -0.150646
vt 1.805193 0.003964
vt -1.167680 0.021185
vt -1.727743 0.219206
vt 1.778036 0.375652
vt 2.096935 -0.073667
vt 2.049354 0.100000
vt 2.025000 0.100000
vt -1.167680 0.375652
vt -1.196005 0.392873
vt 2.126333 -0.103065
vt 2.122766 -0.077234
vt 1.647877 0.473418
vt 1.805193 0.392873
vt 2.016712 -1.063505
vt 2.003487 -1.081708
vt 1.490560 -1.456866
vt 1.634651 -1.589366
vt 1.647877 -1.571163
vt 2.003487 0.473418
vt 1.873327 0.375652
vt 1.846170 0.392873
vt -1.485191 0.375652
vt -1.456866 0.392873
vt 2.473667 -0.103065
vt 2.477234 -0.077234
vt 2.503065 -0.073667
vt 2.550646 0.100000
vt 2.477234 -0.077234
vt 2.503065 -0.073667
vt 2.550646 0.100000
vt 2.575000 0.100000
vt 2.503065 0.273667
vt 2.575000 0.100000
vt 2.503065 0.273667
vt 2.477234 0.277234
vt 2.473667 0.303065
vt 2.300000 0.350646
vt 2.477234 0.277234
vt 2.473667 0.303065
vt 2.300000 0.350646
vt 2.320787 0.366390
vt 2.279213 0.366390
vt 2.122766 0.277234
vt 2.126333 0.303065
vt 2.122766 0.277234
vt 2.096935 0.273667
vt 2.096935 0.273667
vt 2.025000 0.100000
vt 0.727500 0.727500
vt -0.727500 -0.727500
vt -0.727500 0.727500
vt 0.727500 -0.727500
vt 0.577500 0.577500
vt -0.577500 -0.577500
vt -0.577500 0.577500
vt 0.577500 -0.577500
vt 0.427500 0.427500
vt -0.427500 -0.427500
vt -0.427500 0.427500
vt 0.427500 -0.427500
vt 0.507830 0.507830
vt -0.507830 -0.507830
vt -0.507830 0.507830
vt 0.023004 2.982644
vt -0.023004 2.982644
vt 0.302500 2.300000
vt -0.302500 2.126333
vt -0.302500 2.300000
vt 0.302500 2.473667
vt -0.302500 2.473667
vt 1.000000 0.302500
vt 1.000000 -0.302500
vt 0.302500 2.126333
vt -0.302500 2.300000
vt -0.302500 2.126333
vt 0.302500 2.300000
vt -0.302500 2.473667
vt 1.000000 -0.302500
vt 1.000000 0.302500
vt 1.178490 2.454934
vt 0.249170 2.104033
vt 0.743686 2.472154
vt 0.254231 2.472154
vt 0.653044 2.027054
vt 0.450267 2.277700
vt 1.179196 0.482826
vt 1.021880 0.368528
vt 0.864563 0.254231
vt 0.694672 2.243154
vt -0.036876 2.243154
vt -0.014647 2.416821
vt 1.302471 2.420388
vt 0.683583 1.124941
vt 0.108194 2.048700
vt 0.683583 2.048700
vt 0.683583 2.437608
vt 0.705812 2.263941
vt 0.683583 1.124941
vt 1.413503 2.201730
vt -0.001405 2.007275
vt -0.576794 2.396184
vt -0.001405 2.396184
vt 0.805704 2.024496
vt 0.805704 2.378963
vt -0.576794 0.796279
vt -0.001405 0.983234
vt -0.696973 1.166153
vt -0.121584 1.353109
vt -0.696973 2.007275
vt -0.121584 2.396184
vt -0.061495 1.168171
vt -0.001405 0.983234
vt -0.758216 2.405739
vt -0.555439 2.155093
vt 0.288360 2.134305
vt 0.820098 1.960638
vt 0.325582 2.328760
vt -1.283662 2.332326
vt -1.127052 0.444940
vt -0.911941 1.036475
vt 1.053754 1.981426
vt 1.090976 2.134305
vt 1.048693 2.349547
vt -1.284369 0.559238
vt -0.928758 1.048693
vt 0.302500 1.909698
vt -0.302500 2.298607
vt 0.302500 2.298607
vt -1.022212 -0.302500
vt -1.216667 0.302500
vt -1.022212 0.302500
vt -1.216667 -0.302500
vt -1.411121 0.302500
vt 0.302500 1.909698
vt 0.302500 2.298607
vt -1.411121 -0.302500
vt -1.216667 0.302500
vt -1.411121 0.302500
vt -1.216667 -0.302500
vt -1.022212 0.302500
vt -1.413169 2.049497
vt -0.376523 1.875830
vt -0.334241 2.049497
vt -0.376523 2.223164
vt -0.684946 1.872263
vt -0.684946 2.226731
vt -1.056667 -0.393803
vt -1.104696 1.875830
vt -1.146978 2.049497
vt -1.056667 -0.393803
vt -0.900734 1.991545
vt -0.032739 1.970758
vt -1.508533 2.168779
vt -0.690447 -1.146066
vt -0.750536 -1.331003
vt -0.750536 1.797091
vt -0.772766 1.970758
vt -0.753197 2.165212
vt -0.744113 -1.311233
vt -0.630357 -0.961129
vt -1.619565 1.930614
vt 0.065698 1.756947
vt 0.043469 1.930614
vt 0.065698 2.104281
vt -1.011766 1.753380
vt -1.011766 2.107848
vt 0.766588 1.756947
vt 0.788817 1.930614
vt 0.128448 -1.374234
vt 0.703837 -1.187279
vt 0.074782 -1.209067
vt 0.730726 1.866952
vt -0.410653 1.866952
vt -0.452935 2.040619
vt 1.458949 2.044185
vt 0.946729 -1.061749
vt 1.302339 -0.572294
vt -1.181108 1.693285
vt -1.223390 1.866952
vt -1.181108 2.040619
vt 0.302500 1.800761
vt -0.302500 1.627093
vt -0.302500 1.800761
vt 0.302500 1.974428
vt -0.302500 1.974428
vt 1.433333 -0.302500
vt 1.433334 0.302500
vt 1.627787 -0.302500
vt 0.302500 1.606306
vt -0.302500 1.606306
vt 0.302500 1.995215
vt -0.302500 1.995215
vt 1.627788 0.302500
vt 1.433333 -0.302500
vt 1.627787 -0.302500
vt 1.433334 0.302500
vt 1.588456 1.732208
vt 0.503877 1.558541
vt 0.998393 1.926663
vt 0.508938 1.926663
vt 0.860233 1.554975
vt 0.860233 1.909442
vt 1.226988 1.537754
vt 1.232049 1.905875
vt 1.215137 0.508938
vt 1.106797 1.661437
vt 0.099692 1.640650
vt 0.697311 1.466983
vt 0.121922 1.855891
vt 1.714596 1.838671
vt 0.121922 1.354147
vt 0.182011 1.539084
vt 0.820151 1.487770
vt 0.842380 1.661437
vt 0.820151 1.835104
vt 0.697311 1.167191
vt 1.825628 1.588569
vt -0.135312 1.394115
vt -0.710701 1.783024
vt -0.135312 1.783024
vt 1.217829 1.411336
vt 1.217829 1.765803
vt -0.135312 1.395359
vt -0.855771 1.588569
vt -0.833542 1.762237
vt -0.195402 1.580296
vt -0.135312 1.395359
vt -1.108791 1.764358
vt -0.906013 1.513712
vt 0.543067 1.492924
vt 1.074805 1.319257
vt 0.580289 1.687379
vt -1.634236 1.690945
vt -1.279333 1.303400
vt 0.813945 1.319257
vt 1.345683 1.492924
vt 1.303400 1.319257
vt 1.303400 1.708166
vt -1.634942 0.813945
vt -1.279333 1.303400
vt 0.302500 1.242503
vt -0.302500 1.631412
vt 0.302500 1.631412
vt -1.455546 -0.302500
vt -1.455546 0.302500
vt -1.844454 0.302500
vt -0.302500 1.242503
vt 0.302500 1.242503
vt 0.302500 1.631412
vt -1.844455 -0.302500
vt -1.844454 0.302500
vt -1.455546 -0.302500
vt -1.455546 0.302500
vt -1.763743 1.358390
vt -0.631230 1.184723
vt -0.588948 1.358390
vt -0.631230 1.532057
vt -1.035520 1.181157
vt -1.035520 1.535624
vt -1.401685 1.358390
vt -1.547740 -0.750589
vt -1.192130 -1.240044
vt -1.312859 1.278084
vt -0.166646 1.257297
vt -0.764264 1.083630
vt -0.188875 1.472539
vt -1.920658 1.455318
vt -0.248965 -1.745146
vt -0.884444 -1.743128
vt -0.309055 1.083630
vt -0.884444 1.083630
vt -0.906673 1.298872
vt -0.884444 1.472539
vt -2.031689 1.196107
vt 0.199605 1.022440
vt 0.177376 1.196107
vt 0.199605 1.369774
vt -1.423891 1.018874
vt -1.423891 1.373341
vt 0.900495 1.022440
vt 0.897834 1.390562
vt 0.322445 1.390562
vt 0.897834 -1.784341
vt 0.262356 -1.786358
vt 0.837745 -1.599404
vt 0.208690 -1.621190
vt 1.081300 1.112520
vt -0.712703 1.306974
vt 1.809523 1.289753
vt 1.297302 -1.316456
vt 1.652913 -0.827001
vt 1.437802 -1.418535
vt -1.478097 1.112520
vt -1.435814 0.938853
vt -1.435814 1.286187
vt 1.495596 -0.712703
vt 0.302500 1.027378
vt -0.302500 0.832923
vt -0.302500 1.027378
vt 0.302500 1.221832
vt -0.302500 1.221832
vt 1.672213 0.302500
vt 1.672212 -0.302500
vt 2.061121 -0.302500
vt 0.302500 0.832924
vt -0.302500 1.027378
vt -0.302500 0.832923
vt 0.302500 1.221832
vt -0.302500 1.221832
vt 2.061121 -0.302500
vt 1.672213 0.302500
vt 1.672212 -0.302500
vt 1.939029 0.940732
vt 0.763645 0.746278
vt 1.253100 1.135187
vt 0.763645 1.135187
vt 1.210807 0.763499
vt 1.210807 1.117966
vt 1.210101 1.253100
vt 1.565710 0.763645
vt 1.524735 1.481695
vt 1.880344 0.992239
vt 1.481695 0.746278
vt 1.486756 1.114399
vt 1.723027 0.877942
vt 1.367418 1.367398
vt 1.565710 0.763645
vt 1.518921 0.852630
vt 0.233600 0.831843
vt 0.831218 0.658176
vt 2.126720 1.029863
vt 0.255829 1.766271
vt 0.891308 1.764253
vt 0.951398 1.949190
vt 0.376008 0.658176
vt 0.973627 0.831843
vt 0.951398 0.658175
vt 0.951398 1.047084
vt 0.951398 1.949190
vt 2.237752 0.763114
vt -0.266559 0.589447
vt -0.244330 0.763114
vt -0.266559 0.936781
vt 1.629953 0.585881
vt 1.629953 0.940348
vt -0.967449 0.589447
vt -0.989678 0.763114
vt -0.329309 1.992420
vt -0.275643 1.827253
vt -1.459364 0.922872
vt -1.256587 0.672226
vt 0.792713 0.672226
vt -1.984810 0.849459
vt -1.828200 0.954355
vt -1.472589 1.443809
vt -1.613089 1.545888
vt 1.563168 0.498559
vt 1.605451 0.672226
vt 1.563168 0.845893
vt -1.315273 1.329512
vt -0.302500 0.580002
vt 0.302500 0.580002
vt -1.909667 -0.302500
vt -1.909666 0.302500
vt 0.302500 0.580002
vt -0.302500 0.580002
vt -2.257001 -0.302500
vt -2.257000 0.302500
vt -1.909666 0.302500
vt -2.114316 0.486477
vt -0.843655 0.486477
vt -0.890998 0.292023
vt -1.380454 0.680932
vt -0.890998 0.680932
vt -1.386095 0.309244
vt -1.386095 0.663711
vt -1.740998 -0.890998
vt -1.700022 -1.609048
vt -2.055631 -1.119593
vt -1.609048 0.292023
vt -1.609048 0.680932
vt -1.700022 -1.609048
vt -1.740997 -0.890998
vt -1.963362 0.642331
vt -1.724983 0.391685
vt -0.300553 0.370898
vt -0.898172 0.197231
vt -0.322783 0.586139
vt -2.332783 0.568919
vt -0.322782 -1.972334
vt -1.018351 -2.155252
vt -0.442962 0.197231
vt -1.018351 0.197231
vt -1.018351 0.586139
vt -1.040581 0.412472
vt -0.442962 -2.342207
vt -0.322783 -1.972334
vt -2.443814 0.295656
vt 0.336173 0.101201
vt 0.336173 0.490110
vt -1.836015 0.118422
vt -1.836015 0.472889
vt 0.911563 -1.826591
vt 0.336173 -2.013546
vt 1.031742 0.101201
vt 0.456353 0.490110
vt 0.336173 -2.013546
vt 1.634651 0.449064
vt 1.431875 0.198418
vt -0.925128 0.177631
vt -1.456866 0.003964
vt -0.967410 0.392873
vt 2.160097 0.375652
vt 1.846170 -0.967410
vt 1.805193 -1.685460
vt -1.196005 0.003964
vt -1.727743 0.177631
vt -1.685460 0.003964
vt -1.685460 0.392873
vt -0.302500 0.100000
vt 0.302500 0.100000
vt 2.126333 0.302500
vt 2.126333 -0.302500
vt 2.473667 -0.302500
vt -0.302500 0.100000
vt 2.473667 0.302500
vt 2.473667 -0.302500
vt 2.126333 -0.302500
vt 0.857597 0.249170
vt 0.489342 0.516012
vt 0.516012 -0.489342
vt -0.489342 -0.516012
vt 0.509659 0.772011
vt 1.021879 2.002700
vt 0.590124 2.065920
vt 1.186162 0.487887
vt 0.644892 0.933051
vt 0.653044 0.876186
vt 0.026705 1.133912
vt 1.175124 1.951083
vt 0.940004 2.518154
vt 0.108194 1.311896
vt 0.590124 0.764492
vt 1.126959 2.518154
vt 0.974263 1.951083
vt -0.758216 0.952598
vt -0.658283 0.974263
vt -0.614831 0.848423
vt -1.127052 2.430093
vt -0.627696 -0.952940
vt -1.197166 1.774497
vt -0.841557 1.774497
vt 0.065698 -1.181108
vt 0.161818 -1.549746
vt -0.093659 -1.339974
vt 0.670468 -1.011766
vt 0.782446 -0.942391
vt -0.175147 1.797091
vt -1.374234 1.655614
vt -1.146066 2.266545
vt -0.148427 -1.508533
vt -1.333021 2.266545
vt -1.187279 1.655614
vt 1.111012 -1.181108
vt 1.208171 0.503877
vt 0.946729 2.141952
vt 1.529064 0.709208
vt 1.458949 -0.658266
vt 0.790118 -0.975777
vt 1.302339 2.141952
vt 0.860233 1.026718
vt 1.372453 1.457208
vt 1.016844 1.457208
vt 1.536736 0.742594
vt 0.778799 1.345176
vt -0.228771 1.755808
vt -0.737422 1.217829
vt 0.820151 1.545254
vt 1.580296 1.313569
vt 1.352128 1.936437
vt 1.539084 1.936437
vt 1.393341 1.313569
vt -0.258152 1.773422
vt -0.792190 1.386388
vt -1.704351 -0.836561
vt -0.965405 1.103130
vt -1.477626 1.788712
vt -1.547740 1.083390
vt -0.670421 1.133307
vt -1.192130 1.083390
vt 0.199605 -1.593232
vt 0.295725 -1.961870
vt 1.133020 -1.197097
vt -1.786358 0.921107
vt -1.558191 1.553084
vt -1.745146 1.553084
vt -1.599403 0.921107
vt 1.297302 1.387520
vt 1.140692 -1.230483
vt 1.652913 1.387520
vt 1.736252 0.690086
vt 1.354192 0.690086
vt -0.266559 1.799294
vt 1.887310 0.997300
vt -0.362679 2.167933
vt 0.294520 1.958161
vt -0.871329 1.629953
vt -1.308307 1.324450
vt 1.992420 0.488114
vt 1.764253 1.127630
vt 0.349288 2.126720
vt 1.951208 1.127630
vt 1.805465 0.488114
vt -0.392060 2.185546
vt -0.392060 2.185546
vt -2.062546 0.313612
vt -1.841425 0.922872
vt -2.104121 0.313612
vt 0.302500 0.376937
vt -1.911539 0.235831
vt -2.104120 0.846391
vt -2.257001 0.783067
vt -1.909666 0.783066
vt -2.062546 0.846391
vt -1.529480 0.235831
vt -1.091268 0.663711
vt -2.205435 0.045010
vt -2.164223 0.642331
vt -2.004575 0.045010
vt 0.911563 0.490110
vt 2.126333 -0.103065
vt 2.279213 -0.166390
vt 2.016712 0.449064
vt 2.320787 -0.166390
vt 2.320787 0.366390
vt 2.126333 0.303065
vt 2.279213 0.366390
vt 0.507830 -0.507830
vt -0.023004 2.982644
vt 0.023004 2.982644
vt 0.302500 2.126333
vt 0.302500 2.473667
vt 1.178490 2.100466
vt 1.237882 2.277700
vt 0.509659 2.100466
vt 0.509659 2.454934
vt 0.823586 0.972281
vt 0.972281 2.083246
vt 0.977342 2.451367
vt 0.764492 2.065920
vt 0.764492 2.420388
vt -0.011986 2.048700
vt 1.372291 2.243154
vt 1.302471 2.065920
vt -0.011986 0.942022
vt 1.343683 2.024496
vt 1.343683 2.378963
vt 0.735885 2.201730
vt -0.696973 2.396184
vt -0.614831 1.977859
vt -0.614831 2.332326
vt 0.330643 1.960638
vt -1.343054 2.155093
vt -1.283662 1.977859
vt -0.969735 0.330643
vt -0.302500 1.909698
vt -1.411121 -0.302500
vt -0.302500 1.909698
vt -0.302500 2.298607
vt -1.022212 -0.302500
vt -1.353776 1.872263
vt -1.353776 2.226731
vt -0.625554 2.049497
vt -1.104696 2.223164
vt -0.970554 1.814312
vt -0.970554 2.168779
vt -0.052307 1.817878
vt -0.054968 2.186000
vt -1.578353 1.991545
vt -1.508533 1.814312
vt -0.054968 -1.148084
vt -1.549746 1.753380
vt -1.549746 2.107848
vt -0.941947 1.930614
vt 0.766588 2.104281
vt 0.790119 1.689718
vt 0.790118 2.044185
vt -0.452935 1.693285
vt 1.518341 1.866952
vt 1.458949 1.689718
vt 0.302500 1.627093
vt 1.627788 0.302500
vt 1.529064 1.554975
vt 1.529064 1.909442
vt 0.800841 1.732208
vt 1.174160 1.226988
vt 1.176616 1.484203
vt 1.176616 1.838671
vt 0.121922 1.466983
vt 1.784415 1.661437
vt 1.714596 1.484204
vt 0.121922 1.354147
vt 1.755808 1.411336
vt 1.755808 1.765803
vt 1.148009 1.588569
vt -0.833542 1.414902
vt -0.965405 1.336478
vt -0.965405 1.690945
vt 0.585350 1.319257
vt -1.693628 1.513712
vt -1.634236 1.336478
vt -1.320309 0.585350
vt -0.302500 1.242503
vt -1.844455 -0.302500
vt -0.302500 1.631412
vt -1.704351 1.181157
vt -1.704351 1.535624
vt -0.976128 1.358390
vt -1.359402 1.184723
vt -1.359402 1.532057
vt -1.382678 1.100851
vt -1.382678 1.455318
vt -0.188875 1.083630
vt -1.990477 1.278084
vt -1.920658 1.100851
vt -0.188875 -1.560209
vt -0.188875 -1.560209
vt -1.961870 1.018874
vt -1.961870 1.373341
vt -1.354072 1.196107
vt 1.140692 0.935286
vt 1.140692 1.289753
vt -0.707642 0.938853
vt 1.868915 1.112520
vt 1.809523 0.935286
vt 0.302500 0.832923
vt 2.061121 0.302500
vt 0.302500 1.027378
vt 2.061121 0.302500
vt 1.879637 0.763499
vt 1.879638 1.117966
vt 1.151415 0.940732
vt 1.529038 0.940732
vt 1.588741 0.675396
vt 1.588741 1.029863
vt 0.255829 0.658176
vt 0.253168 1.026297
vt 2.196540 0.852630
vt 2.126720 0.675396
vt 2.167933 0.585881
vt 2.167933 0.940348
vt 1.560134 0.763114
vt -0.967449 0.936781
vt -1.315979 0.494992
vt -1.315979 0.849459
vt 0.834996 0.498559
vt 0.840057 0.866680
vt -2.044202 0.672226
vt -1.984810 0.494992
vt -1.670883 0.840057
vt -2.257001 -0.302500
vt -1.909667 -0.302500
vt -2.054924 0.309244
vt -2.054924 0.663711
vt -1.326702 0.486477
vt -1.656392 0.486477
vt -1.794803 0.214451
vt -1.794803 0.568919
vt -0.322782 0.197231
vt -2.402602 0.391685
vt -2.332783 0.214451
vt -2.373995 0.118422
vt -2.373995 0.472889
vt -1.766196 0.295656
vt 1.031742 -2.196465
vt 1.031742 0.490110
vt 1.491266 0.021185
vt 1.491266 0.375652
vt -0.967410 0.003964
vt 2.219489 0.198418
vt 2.160097 0.021185
vt 1.846170 -0.967410
vt 2.473667 0.302500
vt 0.302500 0.100000
vt 2.126333 0.302500
s 1
f 474/1/179 473/2/178 469/3/174
f 502/4/183 500/5/181 501/6/182
f 478/7/183 476/8/181 477/9/182
f 510/10/191 507/11/188 499/12/180
f 486/1/191 483/3/188 475/2/180
f 490/13/171 488/14/169 489/15/170
f 498/16/179 497/17/178 493/18/174
f 466/19/171 464/20/169 465/21/170
f 481/20/186 479/19/184 480/21/185
f 492/16/173 491/17/172 487/18/168
f 485/22/190 482/23/187 484/24/189
f 505/14/186 503/13/184 504/15/185
f 509/10/190 506/11/187 508/12/189
f 468/22/173 467/24/172 463/23/168
f 496/4/177 494/6/175 495/5/176
f 472/7/177 470/9/175 471/8/176
f 461/25/190 458/26/187 460/27/189
f 457/28/186 455/29/184 456/30/185
f 462/31/191 459/32/188 451/33/180
f 454/34/183 452/35/181 453/36/182
f 444/25/173 443/27/172 439/26/168
f 442/29/171 440/28/169 441/30/170
f 450/31/179 449/33/178 445/32/174
f 448/34/177 446/36/175 447/35/176
f 529/37/206 526/38/205 530/39/207
f 604/40/212 605/41/213 606/42/214
f 524/43/203 521/44/201 525/45/204
f 610/46/215 611/47/216 612/48/217
f 519/49/199 516/50/197 520/51/200
f 616/52/218 617/53/219 618/54/220
f 514/55/195 511/56/192 515/57/196
f 622/58/221 623/59/222 624/60/223
f 436/61/56 630/62/224 631/63/225
f 431/64/80 633/65/226 634/66/227
f 416/67/167 640/68/228 641/69/229
f 415/70/166 643/71/230 644/72/231
f 399/73/162 650/74/232 651/75/233
f 396/76/161 653/77/234 654/78/235
f 383/79/28 660/80/236 661/81/237
f 382/82/27 663/83/238 664/84/239
f 397/85/36 666/86/241 667/87/242
f 421/88/60 669/89/244 670/90/245
f 398/91/37 672/92/246 673/93/247
f 420/94/59 675/95/248 676/96/249
f 375/97/22 686/98/250 687/99/251
f 374/100/21 689/101/252 690/102/253
f 369/103/15 692/104/254 693/105/255
f 362/106/11 695/107/256 696/108/257
f 337/109/121 722/110/262 723/111/263
f 336/112/107 725/113/264 726/114/265
f 311/115/95 736/116/266 737/117/267
f 310/118/99 739/119/268 740/120/269
f 325/121/151 742/122/271 743/123/272
f 371/124/19 745/125/274 746/126/275
f 303/127/147 760/128/276 761/129/277
f 302/130/146 763/131/278 764/132/279
f 291/133/142 778/134/281 779/135/282
f 333/136/155 781/137/284 782/138/285
f 316/139/100 792/140/286 793/141/287
f 269/142/77 795/143/288 796/144/289
f 265/145/133 798/146/290 799/147/291
f 264/148/132 801/149/292 802/150/293
f 239/151/54 812/152/294 813/153/295
f 238/154/58 815/155/296 816/156/297
f 253/157/41 818/158/298 819/159/299
f 299/160/42 821/161/300 822/162/301
f 231/163/123 836/164/302 837/165/303
f 230/166/122 839/167/304 840/168/305
f 222/169/118 858/170/307 859/171/308
f 260/172/130 861/173/309 862/174/310
f 244/175/59 868/176/248 869/177/249
f 199/178/37 871/179/246 872/180/247
f 185/181/108 878/182/311 879/183/312
f 182/184/106 881/185/313 882/186/314
f 171/187/11 888/188/256 889/189/257
f 170/190/15 891/191/254 892/192/255
f 183/193/107 894/194/264 895/195/265
f 229/196/121 897/197/262 898/198/263
f 184/199/1 900/200/315 901/201/316
f 228/202/32 903/203/317 904/204/318
f 163/205/40 914/206/319 915/207/320
f 162/208/12 917/209/321 918/210/322
f 157/211/99 920/212/268 921/213/269
f 152/214/95 923/215/266 924/216/267
f 154/217/97 938/218/323 939/219/324
f 186/220/8 941/221/325 942/222/326
f 176/223/105 948/224/327 949/225/328
f 135/226/86 951/227/329 952/228/330
f 121/229/79 958/230/331 959/231/332
f 116/232/75 961/233/333 962/234/334
f 103/235/68 968/236/335 969/237/336
f 102/238/67 971/239/337 972/240/338
f 118/241/77 978/242/288 979/243/289
f 158/244/100 981/245/286 982/246/287
f 146/247/93 988/248/339 989/249/340
f 101/250/66 991/251/341 992/252/342
f 89/253/58 998/254/296 999/255/297
f 84/256/54 1001/257/294 1002/258/295
f 71/259/48 1008/260/344 1009/261/345
f 70/262/47 1011/263/346 1012/264/347
f 86/265/56 1018/266/224 1019/267/225
f 122/268/80 1021/269/226 1022/270/227
f 63/271/42 1032/272/300 1033/273/301
f 62/274/41 1035/275/298 1036/276/299
f 39/277/28 1046/278/236 1047/279/237
f 38/268/27 1049/280/238 1050/281/239
f 53/282/36 1052/283/241 1053/284/242
f 91/285/60 1055/286/244 1056/287/245
f 54/288/37 1058/289/246 1059/290/247
f 90/291/59 1061/292/248 1062/293/249
f 31/294/22 1072/295/250 1073/296/251
f 30/297/21 1075/298/252 1076/299/253
f 23/300/15 1078/301/254 1079/302/255
f 18/303/11 1081/304/256 1082/305/257
f 19/306/12 1092/307/321 1093/308/322
f 59/309/40 1095/310/319 1096/311/320
f 44/312/32 1106/313/317 1107/314/318
f 1/315/1 1109/316/315 1110/317/316
f 1850/318/394 1116/319/348 1117/320/349
f 1855/321/395 1119/322/350 1120/323/351
f 1854/324/151 1130/325/271 1131/326/272
f 27/327/19 1133/328/274 1134/329/275
f 12/330/8 1144/331/325 1145/332/326
f 1872/333/97 1147/334/323 1148/335/324
f 1884/336/67 1154/337/337 1155/338/338
f 1889/339/68 1157/340/335 1158/341/336
f 1888/342/142 1168/343/281 1169/344/282
f 1848/345/155 1171/346/284 1172/347/285
f 1862/348/397 1178/349/352 1179/350/353
f 1873/351/400 1181/352/354 1182/353/355
f 1910/354/133 1188/355/290 1189/356/291
f 1911/357/132 1191/358/292 1192/359/293
f 1936/360/54 1202/361/294 1203/362/295
f 1937/363/58 1205/364/296 1206/365/297
f 1922/366/41 1208/367/298 1209/368/299
f 1882/369/42 1211/370/300 1212/371/301
f 1896/372/401 1218/373/356 1219/374/357
f 1909/375/403 1221/376/358 1222/377/359
f 1944/378/123 1228/379/302 1229/380/303
f 1945/381/122 1231/382/304 1232/383/305
f 1960/384/404 1238/385/360 1239/386/361
f 1967/387/405 1241/388/362 1242/389/363
f 1955/390/118 1252/391/307 1253/392/308
f 1915/393/130 1255/394/309 1256/395/310
f 1931/396/59 1262/397/248 1263/398/249
f 1974/399/37 1265/400/246 1266/401/247
f 1988/402/108 1272/403/311 1273/404/312
f 1993/405/106 1275/406/313 1276/407/314
f 2004/408/11 1282/409/256 1283/410/257
f 2005/411/15 1285/412/254 1286/413/255
f 1992/414/107 1288/415/264 1289/416/265
f 1948/417/121 1291/418/262 1292/419/263
f 2012/420/40 1306/421/319 1307/422/320
f 2013/423/12 1309/424/321 1310/425/322
f 2021/426/97 1328/427/323 1329/428/324
f 1987/429/8 1331/430/325 1332/431/326
f 1999/432/105 1338/433/327 1339/434/328
f 2042/435/86 1341/436/329 1342/437/330
f 2046/438/19 1344/439/274 1345/440/275
f 2047/441/151 1347/442/271 1348/443/272
f 2072/444/68 1358/445/335 1359/446/336
f 2073/447/67 1361/448/337 1362/449/338
f 2058/450/132 1364/451/292 1365/452/293
f 2014/453/133 1367/454/290 1368/455/291
f 2057/456/77 1370/457/288 1371/458/289
f 2015/459/100 1373/460/286 1374/461/287
f 2031/462/93 1380/463/339 1381/464/340
f 2074/465/66 1383/466/341 1384/467/342
f 2086/468/58 1390/469/296 1391/470/297
f 2093/471/54 1393/472/294 1394/473/295
f 2068/474/403 1412/475/358 1413/476/359
f 2075/477/401 1415/478/356 1416/479/357
f 2134/480/405 1430/481/362 1431/482/363
f 2141/483/404 1433/484/360 1434/485/361
f 2130/486/36 1440/487/241 1441/488/242
f 2084/489/60 1443/490/244 1444/491/245
f 2100/492/407 1450/493/364 1451/494/365
f 2113/495/408 1453/496/366 1454/497/367
f 2164/498/15 1464/499/254 1465/500/255
f 2169/501/11 1467/502/256 1468/503/257
f 2168/504/12 1478/505/321 1479/506/322
f 2122/507/40 1481/508/319 1482/509/320
f 2192/510/121 1496/511/262 1497/512/263
f 2193/513/107 1499/514/264 1500/515/265
f 2218/516/95 1510/517/266 1511/518/267
f 2219/519/99 1513/520/268 1514/521/269
f 2203/522/86 1520/523/329 1521/524/330
f 2163/525/105 1523/526/327 1524/527/328
f 2175/528/8 1530/529/325 1531/530/326
f 2220/531/97 1533/532/323 1534/533/324
f 2234/534/67 1540/535/337 1541/536/338
f 2239/537/68 1543/538/335 1544/539/336
f 2248/540/75 1550/541/333 1551/542/334
f 2249/543/79 1553/544/331 1554/545/332
f 2237/546/66 1560/547/341 1561/548/342
f 2197/549/93 1563/550/339 1564/551/340
f 2213/552/100 1570/553/286 1571/554/287
f 2250/555/77 1573/556/288 1574/557/289
f 2264/558/47 1580/559/346 1581/560/347
f 2269/561/48 1583/562/344 1584/563/345
f 2270/564/411 1586/565/368 1587/566/369
f 2275/567/412 1589/568/370 1590/569/371
f 2267/570/166 1600/571/230 1601/572/231
f 2233/573/167 1603/574/228 1604/575/229
f 2244/576/401 1606/577/356 1607/578/357
f 2251/579/403 1609/580/358 1610/581/359
f 2243/582/80 1612/583/226 1613/584/227
f 2282/585/56 1615/586/224 1616/587/225
f 2294/588/27 1622/589/238 1623/590/239
f 2301/591/28 1625/592/236 1626/593/237
f 2302/594/404 1628/595/360 1629/596/361
f 2307/597/405 1631/598/362 1632/599/363
f 2308/600/161 1634/601/234 1635/602/235
f 2309/603/162 1637/604/232 1638/605/233
f 2274/606/408 1648/607/366 1649/608/367
f 2283/609/407 1651/610/364 1652/611/365
f 2334/612/418 1666/613/372 1667/614/373
f 2339/609/420 1669/615/374 1670/616/375
f 2330/617/107 1676/618/264 1677/619/265
f 2292/620/121 1679/621/262 1680/622/263
f 2306/623/415 1686/624/376 1687/625/377
f 2313/626/417 1689/627/378 1690/628/379
f 2350/629/40 1696/630/319 1697/631/320
f 2351/632/12 1699/633/321 1700/634/322
f 2366/635/424 1706/636/380 1707/637/381
f 2371/638/425 1709/639/382 1710/640/383
f 2362/641/146 1716/642/278 1717/643/279
f 2322/644/147 1719/645/276 1720/646/277
f 2338/647/419 1726/648/384 1727/649/385
f 2349/650/423 1729/651/386 1730/652/387
f 2382/653/19 1736/654/274 1737/655/275
f 2383/656/151 1739/657/271 1740/658/272
f 2398/659/426 1746/660/388 1747/661/389
f 2401/650/427 1749/652/390 1750/651/391
f 2394/662/132 1756/663/292 1757/664/293
f 2354/665/133 1759/666/290 1760/667/291
f 2370/668/400 1766/669/354 1767/670/355
f 2381/671/397 1769/672/352 1770/673/353
f 2412/674/428 1776/675/284 1777/676/285
f 2413/677/142 1779/678/281 1780/679/282
f 2419/680/56 1798/681/224 1799/682/225
f 2387/683/80 1801/684/226 1802/685/227
f 2400/686/403 1804/687/358 1805/688/359
f 2411/689/401 1807/690/356 1808/691/357
f 2399/692/167 1810/693/228 1811/694/229
f 2436/695/166 1813/696/230 1814/697/231
f 2443/698/162 1820/699/232 1821/700/233
f 2444/701/161 1823/702/234 1824/703/235
f 2445/704/405 1826/705/362 1827/706/363
f 2446/707/404 1829/708/360 1830/709/361
f 2447/710/28 1832/711/236 1833/712/237
f 2448/713/27 1835/714/238 1836/715/239
f 509/10/190 507/716/188 510/16/191
f 505/14/186 508/12/189 506/11/187
f 502/4/183 504/15/185 503/13/184
f 499/717/180 501/6/182 500/5/181
f 510/10/191 497/716/178 498/16/179
f 496/4/177 500/15/181 502/13/183
f 493/18/174 495/5/176 494/6/175
f 498/16/179 491/718/172 492/10/173
f 490/13/171 494/6/175 496/4/177
f 487/719/168 489/15/170 488/14/169
f 492/16/173 506/718/187 509/10/190
f 503/13/184 488/6/169 490/4/171
f 485/22/190 483/3/188 486/1/191
f 481/20/186 484/24/189 482/23/187
f 478/7/183 480/21/185 479/19/184
f 475/2/180 477/9/182 476/8/181
f 486/22/191 473/3/178 474/1/179
f 472/7/177 476/21/181 478/19/183
f 469/3/174 471/8/176 470/9/175
f 474/1/179 467/24/172 468/22/173
f 466/19/171 470/9/175 472/7/177
f 463/23/168 465/21/170 464/20/169
f 468/1/173 482/24/187 485/22/190
f 479/19/184 464/9/169 466/7/171
f 461/25/190 459/32/188 462/31/191
f 457/28/186 460/27/189 458/26/187
f 454/34/183 456/30/185 455/29/184
f 451/33/180 453/36/182 452/35/181
f 462/25/191 449/32/178 450/31/179
f 448/34/177 452/30/181 454/29/183
f 445/32/174 447/35/176 446/36/175
f 450/31/179 443/27/172 444/25/173
f 442/29/171 446/36/175 448/34/177
f 439/26/168 441/30/170 440/28/169
f 444/31/173 458/27/187 461/25/190
f 455/29/184 440/36/169 442/34/171
f 631/63/225 634/66/227 633/65/226
f 608/38/202 528/55/202 603/57/202
f 673/720/247 676/721/249 675/722/248
f 630/723/224 435/724/55 438/725/55
f 605/41/213 610/46/215 612/48/217
f 606/42/214 530/726/207 526/727/205
f 525/728/204 612/48/217 611/47/216
f 634/729/227 432/724/81 431/730/80
f 614/50/198 522/43/198 609/45/198
f 430/731/51 426/732/52 425/733/51
f 611/47/216 616/52/218 618/54/220
f 520/734/200 618/54/220 617/53/219
f 670/90/245 667/735/242 666/736/241
f 620/50/194 517/43/194 615/45/194
f 746/126/275 743/737/272 742/738/271
f 617/53/219 622/58/221 624/60/223
f 515/739/196 624/60/223 623/59/222
f 602/38/193 512/55/193 621/57/193
f 623/59/222 604/40/212 606/42/214
f 631/740/225 422/741/71 436/730/56
f 669/89/244 420/94/59 676/96/249
f 633/740/226 417/741/64 419/742/64
f 640/743/228 422/741/71 424/742/71
f 644/743/231 417/741/64 415/744/166
f 641/69/229 644/72/231 643/71/230
f 675/722/248 412/745/43 414/746/43
f 641/747/229 409/748/165 416/744/167
f 643/747/230 406/748/164 408/749/164
f 405/750/39 401/751/163 400/752/39
f 650/753/232 409/748/165 411/749/165
f 667/87/242 398/91/37 397/85/36
f 654/753/235 406/748/164 396/754/161
f 651/75/233 654/78/235 653/77/234
f 673/93/247 425/755/51 398/91/37
f 651/756/233 393/757/33 399/754/162
f 390/758/160 387/759/31 392/760/31
f 653/756/234 384/757/29 386/761/29
f 660/762/236 393/757/33 395/761/33
f 782/763/285 779/135/282 778/134/281
f 664/762/239 384/757/29 382/764/27
f 661/81/237 664/84/239 663/83/238
f 661/765/237 435/724/55 383/764/28
f 663/766/238 432/724/81 434/725/81
f 414/767/43 379/768/25 381/769/25
f 378/770/23 400/752/39 376/771/23
f 686/98/250 426/772/52 428/773/52
f 690/102/253 379/768/25 374/100/21
f 687/99/251 690/774/253 689/775/252
f 745/125/274 370/776/16 373/777/16
f 692/104/254 375/97/22 687/99/251
f 366/778/13 363/779/158 368/780/158
f 696/108/257 374/100/21 362/106/11
f 693/781/255 696/782/257 695/783/256
f 392/784/31 364/785/13 366/786/13
f 693/781/255 359/787/10 369/788/15
f 358/789/7 354/790/157 353/791/7
f 695/107/256 350/792/5 352/793/5
f 361/794/10 347/795/4 359/796/10
f 822/162/301 819/159/299 818/158/298
f 352/797/5 344/798/2 346/799/2
f 666/86/241 347/795/4 349/800/4
f 670/90/245 344/801/2 421/88/60
f 378/802/23 341/803/156 343/804/156
f 340/805/104 370/806/16 338/807/104
f 722/110/262 388/808/159 390/758/160
f 726/114/265 341/809/156 336/112/107
f 725/113/264 722/810/262 726/114/265
f 781/137/284 332/811/154 335/812/154
f 723/111/263 329/813/153 337/109/121
f 743/123/272 326/814/152 325/121/151
f 725/113/264 322/815/89 324/816/89
f 358/817/7 326/814/152 328/818/152
f 331/819/87 319/820/90 329/813/153
f 792/140/286 315/821/84 318/822/84
f 314/823/94 322/824/89 312/825/94
f 736/826/266 319/827/90 321/828/90
f 740/120/269 312/829/94 310/118/99
f 737/830/267 740/831/269 739/832/268
f 737/117/267 363/779/158 311/115/95
f 739/119/268 401/751/163 403/833/163
f 340/834/104 307/835/149 309/836/149
f 306/837/92 332/811/154 304/838/92
f 760/128/276 354/839/157 356/840/157
f 764/132/279 307/835/149 302/130/146
f 761/129/277 764/841/279 763/842/278
f 821/843/300 298/844/73 301/845/73
f 761/129/277 295/846/144 303/127/147
f 779/135/282 292/847/143 291/133/142
f 763/131/278 288/848/140 290/849/140
f 318/850/84 292/851/143 294/852/143
f 297/853/145 285/854/69 295/855/144
f 284/856/64 280/857/139 279/858/64
f 278/859/74 288/848/140 276/860/74
f 275/861/137 285/862/69 287/863/69
f 898/864/263 895/195/265 894/194/264
f 278/865/74 270/806/134 272/866/134
f 742/122/271 273/867/136 275/861/137
f 746/126/275 270/868/134 371/124/19
f 796/869/289 304/870/92 269/871/77
f 793/872/287 796/869/289 795/873/288
f 301/845/73 266/858/71 268/856/71
f 793/141/287 265/145/133 316/139/100
f 861/874/309 858/875/307 862/876/310
f 795/143/288 264/148/132 802/150/293
f 799/877/291 802/150/293 801/149/292
f 862/174/310 261/878/131 260/172/130
f 799/147/291 257/879/129 265/145/133
f 819/843/299 254/844/45 253/880/41
f 801/149/292 250/881/126 252/882/126
f 256/883/45 279/858/64 254/844/45
f 249/884/49 257/879/129 259/885/129
f 868/886/248 243/887/43 246/888/43
f 242/889/53 250/890/126 240/891/53
f 812/892/294 247/893/49 249/894/49
f 816/156/297 240/895/53 238/154/58
f 813/896/295 816/897/297 815/898/296
f 813/153/295 291/133/142 239/151/54
f 782/138/285 238/154/58 333/136/155
f 237/899/124 266/858/71 235/857/124
f 861/874/309 232/900/51 234/901/51
f 836/902/302 280/857/139 282/903/139
f 901/904/316 904/905/318 903/906/317
f 840/902/305 235/857/124 230/907/122
f 837/165/303 840/168/305 839/167/304
f 897/197/262 228/202/32 904/204/318
f 837/908/303 225/909/120 231/907/123
f 858/170/307 221/910/117 224/911/117
f 839/908/304 218/909/115 220/912/115
f 859/171/308 243/913/43 222/169/118
f 217/914/29 225/909/120 227/915/120
f 212/916/39 209/917/23 214/918/23
f 220/912/115 206/919/33 208/914/33
f 205/920/34 215/919/29 217/914/29
f 208/914/33 200/921/38 202/922/38
f 818/923/298 203/921/34 205/920/34
f 822/923/301 200/921/38 299/880/42
f 872/180/247 232/924/51 199/178/37
f 869/925/249 872/926/247 871/927/246
f 903/203/317 196/928/31 198/929/31
f 869/177/249 193/930/112 244/175/59
f 939/931/324 942/932/326 941/933/325
f 871/179/246 190/934/110 192/935/110
f 942/222/326 187/936/109 186/220/8
f 878/182/311 193/930/112 195/937/112
f 895/195/265 184/199/1 183/193/107
f 882/186/314 190/934/110 182/184/106
f 879/886/312 882/927/314 881/926/313
f 901/904/316 209/938/23 184/939/1
f 879/886/312 179/887/5 185/940/108
f 948/941/327 175/942/104 178/943/104
f 881/185/313 172/944/10 174/945/10
f 888/188/256 179/946/5 181/947/5
f 892/874/255 172/900/10 170/948/15
f 889/949/257 892/874/255 891/950/254
f 889/189/257 221/910/117 171/187/11
f 891/191/254 261/878/131 263/951/131
f 198/952/31 167/953/13 169/954/13
f 941/933/325 164/955/7 166/956/7
f 914/206/319 210/957/39 212/916/39
f 979/958/289 982/959/287 981/960/286
f 918/210/322 167/961/13 162/208/12
f 915/962/320 918/210/322 917/209/321
f 982/246/287 159/963/101 158/244/100
f 915/207/320 157/211/99 163/205/40
f 938/218/323 153/964/96 156/965/96
f 917/209/321 152/214/95 924/216/267
f 923/966/266 920/967/268 924/968/267
f 939/219/324 175/969/104 154/217/97
f 921/213/269 149/970/94 157/211/99
f 988/248/339 145/971/92 148/972/92
f 923/966/266 142/973/90 144/974/90
f 151/975/94 139/976/89 149/977/94
f 1056/287/245 1053/978/242 1052/979/241
f 138/980/87 142/981/90 136/982/87
f 894/194/264 139/983/89 141/984/89
f 898/198/263 136/982/87 229/196/121
f 952/228/330 164/985/7 135/226/86
f 949/986/328 952/987/330 951/988/329
f 981/245/286 132/989/84 134/990/84
f 949/225/328 129/991/83 176/223/105
f 1019/267/225 1022/270/227 1021/269/226
f 951/227/329 126/992/82 128/993/82
f 1022/994/227 123/995/81 122/996/80
f 958/230/331 129/991/83 131/997/83
f 978/242/288 117/998/76 120/999/76
f 962/234/334 126/992/82 116/232/75
f 961/1000/333 958/1001/331 962/1002/334
f 979/958/289 145/1003/92 118/1004/77
f 959/1005/332 113/1006/74 121/1007/79
f 110/1008/73 107/1009/71 112/1010/71
f 961/233/333 104/1011/69 106/1012/69
f 968/236/335 113/1013/74 115/1014/74
f 1096/1015/320 1093/308/322 1092/307/321
f 972/1016/338 104/1017/69 102/1018/67
f 969/1019/336 972/1016/338 971/1020/337
f 969/237/336 153/964/96 103/235/68
f 971/239/337 187/936/109 189/1021/109
f 992/1022/342 132/1023/84 101/1024/66
f 991/1025/341 988/1026/339 992/1022/342
f 1021/1027/226 98/1028/64 100/1029/64
f 989/249/340 95/1030/63 146/247/93
f 1059/1031/247 1062/1032/249 1061/1033/248
f 991/251/341 92/1034/61 94/1035/61
f 1062/293/249 91/285/60 90/291/59
f 998/254/296 95/1030/63 97/1036/63
f 1018/1037/224 85/1038/55 88/1039/55
f 1002/258/295 92/1034/61 84/256/54
f 999/1026/297 1002/1040/295 1001/1041/294
f 1019/1042/225 107/1009/71 86/1043/56
f 999/255/297 81/1044/53 89/253/58
f 78/1045/52 75/1046/51 80/1047/51
f 1001/1041/294 72/1048/49 74/1049/49
f 1008/958/344 81/1050/53 83/1051/53
f 1130/1052/271 1133/328/274 1131/1053/272
f 1012/264/347 72/1054/49 70/262/47
f 1009/1055/345 1012/960/347 1011/959/346
f 1009/261/345 117/998/76 71/259/48
f 1011/263/346 159/963/101 161/1056/101
f 69/1057/45 98/1028/64 67/1058/45
f 1061/1033/248 64/1059/43 66/1060/43
f 1032/1061/300 108/1062/72 110/1008/73
f 1036/1063/299 67/1058/45 62/1064/41
f 1033/273/301 1036/276/299 1035/275/298
f 1095/310/319 58/1065/39 61/1066/39
f 1033/1067/301 55/1068/38 63/1069/42
f 1058/289/246 53/282/36 1053/284/242
f 1035/1070/298 50/1071/34 52/1072/34
f 1059/290/247 75/1073/51 54/288/37
f 49/1074/33 55/1068/38 57/1075/38
f 1106/313/317 43/1076/31 46/1077/31
f 52/1072/34 40/1078/29 42/1079/29
f 1046/1080/236 47/1081/33 49/1074/33
f 1172/1082/285 1169/344/282 1168/343/281
f 1050/1083/239 40/1078/29 38/1084/27
f 1047/279/237 1050/281/239 1049/280/238
f 1047/1085/237 85/1038/55 39/1086/28
f 1049/1087/238 123/995/81 125/1088/81
f 37/1089/25 64/1090/43 35/1091/25
f 61/1066/39 32/1092/23 34/1093/23
f 1072/295/250 76/1094/52 78/1095/52
f 1076/299/253 35/1091/25 30/297/21
f 1073/296/251 1076/1096/253 1075/1097/252
f 1133/328/274 24/1098/16 29/1099/16
f 1078/301/254 31/294/22 1073/296/251
f 1093/308/322 20/1100/13 19/306/12
f 1082/305/257 30/297/21 18/303/11
f 1079/1101/255 1082/1102/257 1081/1103/256
f 46/1104/31 20/1105/13 22/1106/13
f 1079/1101/255 15/1046/10 23/1107/15
f 1144/1108/325 11/1109/7 14/1110/7
f 1081/304/256 8/1111/5 10/1112/5
f 1179/350/353 1182/353/355 1181/352/354
f 17/1113/10 5/1114/4 15/1115/10
f 1208/367/298 1211/370/300 1209/368/299
f 10/1060/5 2/1116/2 4/1117/2
f 1052/283/241 5/1114/4 7/1118/4
f 1056/287/245 2/1119/2 91/285/60
f 1110/1120/316 32/1121/23 1/1122/1
f 1107/1123/318 1110/1120/316 1109/1124/315
f 29/1125/16 1839/1126/104 1837/1127/104
f 1107/314/318 1842/1128/392 44/312/32
f 1109/316/315 1845/1129/393 1843/1130/393
f 1171/346/284 1849/1131/154 1846/1132/154
f 1116/319/348 1842/1128/392 1840/1133/392
f 1131/326/272 1853/1134/152 1854/324/151
f 1120/323/351 1845/1129/393 1855/321/395
f 1117/1135/349 1120/1136/351 1119/1137/350
f 1851/1138/152 11/1139/7 1853/1134/152
f 1117/320/349 1858/1140/90 1850/318/394
f 1179/1141/353 1861/1142/396 1862/1143/397
f 1119/1137/350 1865/1144/94 1863/1145/94
f 1219/374/357 1222/377/359 1221/376/358
f 1856/1104/90 1868/1105/398 1858/1146/90
f 1869/1147/399 1865/1148/94 1871/1149/399
f 1092/307/321 1868/1150/398 1866/1151/398
f 1096/311/320 1871/1149/399 59/309/40
f 1148/335/324 1839/1152/104 1872/333/97
f 1145/1153/326 1148/1154/324 1147/1155/323
f 1182/1156/355 1849/1131/154 1873/1157/400
f 1145/332/326 1876/1158/109 12/330/8
f 1147/334/323 1879/1159/96 1877/1160/96
f 1211/1161/300 1883/1162/73 1880/1163/73
f 1154/337/337 1876/1158/109 1874/1164/109
f 1169/344/282 1887/1165/143 1888/342/142
f 1158/341/336 1879/1159/96 1889/339/68
f 1155/1166/338 1158/1167/336 1157/1168/335
f 1178/349/352 1887/1169/143 1885/1170/143
f 1155/1166/338 1892/1171/69 1884/1172/67
f 1219/1173/357 1895/1174/139 1896/1175/401
f 1157/340/335 1899/1176/74 1897/1177/74
f 1900/1178/137 1892/1179/69 1890/1180/69
f 1292/1181/263 1289/416/265 1288/415/264
f 1897/1182/74 1905/1183/134 1903/1184/134
f 1130/325/271 1902/1185/137 1900/1178/137
f 1134/329/275 1905/1186/134 27/327/19
f 1181/352/354 1908/1187/402 1906/1188/402
f 1222/1189/359 1883/1162/73 1909/1190/403
f 1188/355/290 1861/1142/396 1859/1191/396
f 1253/1192/308 1256/1193/310 1255/1194/309
f 1192/359/293 1908/1195/402 1911/357/132
f 1189/1196/291 1192/359/293 1191/358/292
f 1256/395/310 1914/1197/131 1915/393/130
f 1189/356/291 1918/1198/129 1910/354/133
f 1209/1199/299 1921/1200/45 1922/1201/41
f 1191/358/292 1925/1202/126 1923/1203/126
f 1218/1204/356 1921/1200/45 1919/1205/45
f 1926/1206/49 1918/1198/129 1916/1207/129
f 1262/1208/248 1932/1209/43 1929/1210/43
f 1933/1211/53 1925/1187/126 1935/1212/53
f 1202/1213/294 1928/348/49 1926/1214/49
f 1206/365/297 1935/1215/53 1937/363/58
f 1203/1216/295 1206/1217/297 1205/1218/296
f 1203/362/295 1888/342/142 1936/360/54
f 1172/347/285 1937/363/58 1848/345/155
f 1221/1219/358 1940/1220/124 1938/1221/124
f 1255/1194/309 1943/1222/51 1941/1223/51
f 1228/1224/302 1895/1174/139 1893/1225/139
f 1232/1226/305 1940/1220/124 1945/1227/122
f 1229/380/303 1232/383/305 1231/382/304
f 1291/418/262 1949/1228/160 1946/1229/160
f 1229/1230/303 1952/1231/120 1944/1232/123
f 1252/391/307 1956/1233/117 1953/1234/117
f 1231/1235/304 1959/1236/115 1957/1237/115
f 1253/392/308 1932/1238/43 1955/390/118
f 1238/1239/360 1952/1231/120 1950/1240/120
f 1963/1241/39 1966/1242/23 1961/1243/23
f 1242/1244/363 1959/1236/115 1967/1245/405
f 1241/388/362 1238/385/360 1242/389/363
f 1239/1246/361 1970/1247/34 1960/1248/404
f 1364/451/292 1367/1249/290 1365/452/293
f 1241/1250/362 1973/1251/38 1971/1252/38
f 1208/1253/298 1970/1247/34 1968/1254/34
f 1212/1255/301 1973/1251/38 1882/1256/42
f 1266/401/247 1943/1257/51 1974/399/37
f 1263/1258/249 1266/1259/247 1265/1260/246
f 1946/1229/160 1977/1261/31 1975/1262/31
f 1263/398/249 1980/1263/112 1931/396/59
f 1329/1264/324 1332/1265/326 1331/1266/325
f 1265/400/246 1983/1267/110 1981/1268/110
f 1332/431/326 1986/1269/109 1987/429/8
f 1272/403/311 1980/1263/112 1978/1270/112
f 1289/416/265 1991/1271/156 1992/414/107
f 1276/407/314 1983/1267/110 1993/405/106
f 1273/1208/312 1276/1260/314 1275/1259/313
f 1961/1272/23 1991/1273/156 1989/1274/156
f 1273/1208/312 1996/1275/5 1988/1276/108
f 1338/1277/327 2000/1278/104 1997/1279/104
f 1275/406/313 2003/1280/10 2001/1281/10
f 1282/409/256 1996/1282/5 1994/1283/5
f 1286/1194/255 2003/1284/10 2005/1285/15
f 1283/1286/257 1286/1194/255 1285/1193/254
f 1283/410/257 1956/1233/117 2004/408/11
f 1285/412/254 1914/1197/131 1912/1287/131
f 2006/1288/13 1977/1289/31 2008/1290/13
f 1331/1266/325 2011/1291/7 2009/1292/7
f 1306/421/319 1965/1293/39 1963/1241/39
f 1371/1294/289 1374/1295/287 1373/1296/286
f 1310/425/322 2008/1297/13 2013/423/12
f 1309/424/321 1306/1298/319 1310/425/322
f 1367/454/290 2015/459/100 1374/461/287
f 1307/422/320 2018/1299/399 2012/420/40
f 1328/427/323 2022/1300/96 2019/1301/96
f 1309/424/321 2025/1302/398 2023/1303/398
f 1329/428/324 2000/1304/104 2021/426/97
f 2016/1305/399 2028/1306/94 2018/1299/399
f 1380/463/339 2032/1307/92 2029/1308/92
f 2023/1309/398 2035/1310/90 2033/1311/90
f 1413/476/359 1416/479/357 1415/478/356
f 2036/1312/89 2028/1313/94 2026/1272/94
f 1444/491/245 1441/1314/242 1440/1315/241
f 2039/1316/87 2035/1317/90 2041/1318/87
f 1288/415/264 2038/1319/89 2036/1320/89
f 1292/419/263 2041/1318/87 1948/417/121
f 1342/437/330 2011/1321/7 2042/435/86
f 1339/1322/328 1342/1323/330 1341/1324/329
f 1373/460/286 2045/1325/84 2043/1326/84
f 1344/439/274 1999/432/105 1339/434/328
f 1348/443/272 2042/435/86 2047/441/151
f 1345/440/275 1348/1327/272 1347/1328/271
f 2050/1329/81 2053/1330/139 2048/1331/139
f 1345/440/275 2056/1332/134 2046/438/19
f 1365/452/293 2057/456/77 2058/450/132
f 1347/442/271 2061/1333/137 2059/1334/137
f 1371/1294/289 2032/1335/92 2057/1336/77
f 2054/1337/134 2064/1338/74 2056/1339/134
f 1413/1340/359 2067/1341/73 2068/1342/403
f 2059/1334/137 2071/1343/69 2069/1344/69
f 1451/494/365 1454/497/367 1453/496/366
f 1358/445/335 2064/1345/74 2062/1346/74
f 1482/1347/320 1479/506/322 1478/505/321
f 1362/1348/338 2071/1349/69 2073/1350/67
f 1359/1351/336 1362/1348/338 1361/1352/337
f 1359/446/336 2022/1300/96 2072/444/68
f 1361/448/337 1986/1269/109 1984/1353/109
f 1384/1354/342 2045/1355/84 2074/1356/66
f 1381/1357/340 1384/1354/342 1383/1358/341
f 1416/1359/357 2053/1330/139 2075/1360/401
f 1381/464/340 2078/1361/63 2031/462/93
f 1383/466/341 2081/1362/61 2079/1363/61
f 1443/490/244 2085/1364/406 2082/1365/406
f 1390/469/296 2078/1361/63 2076/1366/63
f 2087/1367/55 2091/1368/124 2092/1369/55
f 1394/473/295 2081/1362/61 2093/471/54
f 1393/1370/294 1390/1357/296 1394/1371/295
f 1412/1372/358 2091/1368/124 2089/1373/124
f 1391/470/297 2096/1374/53 2086/468/58
f 1451/494/365 2099/1375/52 2100/492/407
f 1393/1370/294 2103/1376/49 2101/1377/49
f 2104/1378/126 2096/1379/53 2094/1380/53
f 2107/1381/129 2103/1382/49 2109/1383/129
f 1364/451/292 2106/1384/126 2104/1385/126
f 1368/455/291 2109/1383/129 2014/453/133
f 1415/1386/356 2112/1387/45 2110/1388/45
f 1454/497/367 2085/1389/406 2113/495/408
f 2114/1390/165 2067/1341/73 2065/1391/73
f 2117/1392/164 2112/1387/45 2119/1393/164
f 1481/508/319 2123/1394/39 2120/1395/39
f 2114/1390/165 2126/1396/38 2116/1397/165
f 1441/488/242 2129/1398/409 2130/486/36
f 2117/1392/164 2133/1399/34 2131/1400/34
f 1450/1401/364 2129/1398/409 2127/1402/409
f 1430/1403/362 2126/1396/38 2124/1404/38
f 2137/1405/160 2140/1406/31 2135/1407/31
f 1434/1408/361 2133/1399/34 2141/1409/404
f 1431/482/363 1434/485/361 1433/484/360
f 1431/1410/363 2144/1411/115 2134/1412/405
f 1433/1413/360 2147/1414/120 2145/1415/120
f 2087/1367/55 2144/1411/115 2142/1416/115
f 2050/1329/81 2147/1414/120 2052/1417/81
f 1453/1418/366 2150/1419/25 2148/1420/25
f 2120/1395/39 2153/1421/23 2151/1422/23
f 2097/1423/52 2156/1424/131 2099/1425/52
f 1521/1426/330 1524/1427/328 1523/1428/327
f 2148/1420/25 2159/1429/117 2157/1430/117
f 1524/527/328 2162/1431/83 2163/525/105
f 1464/499/254 2156/1424/131 2154/1432/131
f 1479/506/322 2167/1433/410 2168/504/12
f 1468/503/257 2159/1429/117 2169/501/11
f 1465/1434/255 1468/1435/257 1467/1436/256
f 2165/1437/13 2140/1438/31 2167/1439/410
f 1465/1434/255 2172/1440/10 2164/1441/15
f 1530/1442/325 2176/1443/7 2173/1444/7
f 1467/502/256 2179/1445/5 2177/1446/5
f 2170/1447/10 2182/1448/4 2172/1449/10
f 2183/1450/2 2179/1451/5 2185/1389/2
f 1440/487/241 2182/1448/4 2180/1452/4
f 1444/491/245 2185/1453/2 2084/489/60
f 2151/1454/23 2188/1455/156 2186/1456/156
f 1523/1428/327 2191/1457/104 2189/1458/104
f 1496/511/262 2139/1459/160 2137/1405/160
f 1561/1460/342 1564/1461/340 1563/1462/339
f 1500/515/265 2188/1463/156 2193/513/107
f 1497/1464/263 1500/515/265 1499/514/264
f 1564/551/340 2196/1465/63 2197/549/93
f 1497/512/263 2200/1466/87 2192/510/121
f 1520/523/329 2204/1467/82 2201/1468/82
f 1499/514/264 2207/1469/89 2205/1470/89
f 1521/524/330 2176/1471/7 2203/522/86
f 2198/1472/87 2210/1473/90 2200/1466/87
f 1570/553/286 2214/1474/84 2211/1475/84
f 2205/1476/89 2217/1477/94 2215/1478/94
f 1607/578/357 1610/581/359 1609/580/358
f 1510/1479/266 2210/1480/90 2208/1481/90
f 1514/521/269 2217/1482/94 2219/519/99
f 1511/1483/267 1514/1484/269 1513/1485/268
f 1478/505/321 2218/516/95 1511/518/267
f 1482/509/320 2219/519/99 2122/507/40
f 1534/533/324 2191/1486/104 2220/531/97
f 1533/1487/323 1530/1442/325 1534/1488/324
f 1563/550/339 2223/1489/92 2221/1490/92
f 1531/530/326 2226/1491/109 2175/528/8
f 1601/572/231 1604/575/229 1603/574/228
f 1533/532/323 2229/1492/96 2227/1493/96
f 1604/1494/229 2232/1495/165 2233/1496/167
f 1540/535/337 2226/1491/109 2224/1497/109
f 1560/547/341 2238/1498/61 2235/1499/61
f 1544/539/336 2229/1492/96 2239/537/68
f 1541/1500/338 1544/1487/336 1543/1488/335
f 1561/1460/342 2214/1501/84 2237/1502/66
f 1541/1500/338 2242/1503/69 2234/1504/67
f 1612/1505/226 2244/1506/401 1607/1507/357
f 1543/538/335 2247/1508/74 2245/1509/74
f 1649/608/367 1652/611/365 1651/610/364
f 1550/541/333 2242/1510/69 2240/1511/69
f 1680/1512/263 1677/619/265 1676/618/264
f 1554/1513/332 2247/1457/74 2249/1514/79
f 1551/1515/334 1554/1513/332 1553/1516/331
f 1551/542/334 2204/1467/82 2248/540/75
f 1553/544/331 2162/1431/83 2160/1517/83
f 1574/1518/289 2223/1519/92 2250/1520/77
f 1571/1521/287 1574/1518/289 1573/1522/288
f 1603/1523/228 2251/1524/403 1610/1525/359
f 1571/554/287 2254/1526/101 2213/552/100
f 1573/556/288 2257/1527/76 2255/1528/76
f 2258/1529/52 2262/1530/131 2263/1531/52
f 1580/559/346 2254/1526/101 2252/1532/101
f 1600/1533/230 2268/1534/164 2265/1535/164
f 1584/563/345 2257/1527/76 2269/561/48
f 1583/1518/344 1580/1536/346 1584/1522/345
f 1601/1537/231 2244/1506/401 2267/1538/166
f 1586/1539/368 2264/558/47 1581/560/347
f 1649/608/367 2273/1540/406 2274/606/408
f 1583/1518/344 2275/567/412 1590/569/371
f 1587/566/369 1590/569/371 1589/568/370
f 1687/625/377 1690/628/379 1689/627/378
f 1587/566/369 2278/1502/413 2270/564/411
f 1720/646/277 1717/1541/279 1716/1542/278
f 1589/1543/370 2281/1544/414 2279/1545/414
f 2276/1546/413 2238/1498/61 2278/1547/413
f 2279/1545/414 2196/1465/63 2194/1548/63
f 1616/1549/225 2251/1524/403 2282/1550/56
f 1613/1551/227 1616/587/225 1615/586/224
f 1652/611/365 2263/1552/52 2283/609/407
f 1613/1553/227 2286/1554/81 2243/1555/80
f 1615/1556/224 2289/1557/55 2287/1558/55
f 1679/621/262 2293/1559/160 2290/1560/160
f 1622/1561/238 2286/1554/81 2284/1562/81
f 2295/1563/117 2299/1564/25 2300/1565/117
f 1626/1566/237 2289/1557/55 2301/1567/28
f 1623/590/239 1626/593/237 1625/592/236
f 1648/1568/366 2299/1564/25 2297/1569/25
f 1623/1570/239 2302/1571/404 2294/1572/27
f 1687/1573/377 2305/1574/39 2306/1575/415
f 1632/1576/363 2301/1567/28 2307/1577/405
f 1629/596/361 1632/599/363 1631/598/362
f 1729/651/386 1726/648/384 1730/652/387
f 1629/1578/361 2308/1579/161 2302/1571/404
f 1760/1580/291 1757/664/293 1756/663/292
f 1638/1581/233 2307/1577/405 2309/1582/162
f 1635/602/235 1638/605/233 1637/604/232
f 1635/1583/235 2268/1534/164 2308/1579/161
f 1637/1584/232 2232/1495/165 2230/1585/165
f 1651/1586/364 2312/1587/409 2310/1588/416
f 1690/1589/379 2293/1559/160 2313/1590/417
f 2314/1591/112 2273/1592/406 2271/1593/406
f 2310/1588/416 2319/1594/110 2317/1595/110
f 1719/645/276 2323/1596/157 2320/1597/157
f 2324/1598/2 2316/1599/112 2314/1591/112
f 1677/619/265 2329/1600/156 2330/617/107
f 2331/1601/4 2319/1594/110 2333/1602/4
f 1686/624/376 2329/1603/156 2327/1604/156
f 1666/613/372 2326/1540/2 2324/1605/2
f 1727/649/385 2337/1606/16 2338/647/419
f 1670/1607/375 2333/1602/4 2339/1608/420
f 1669/615/374 1666/613/372 1670/616/375
f 1767/670/355 1770/673/353 1769/672/352
f 1667/1609/373 2342/1610/421 2334/1611/418
f 1669/615/374 2345/1552/422 2343/1612/422
f 2340/1613/421 2300/1565/117 2342/1610/421
f 2260/1614/131 2345/1615/422 2262/1530/131
f 1689/627/378 2348/1616/13 2346/1617/13
f 1730/652/387 2323/1618/157 2349/650/423
f 1696/630/319 2305/1574/39 2303/1619/39
f 1700/634/322 2348/1620/13 2351/632/12
f 1699/633/321 1696/1621/319 1700/634/322
f 1759/666/290 2355/1622/396 2352/1623/396
f 1697/631/320 2358/1624/399 2350/629/40
f 1717/643/279 2361/1625/149 2362/641/146
f 1699/633/321 2365/1626/398 2363/1627/398
f 1726/1628/384 2361/1625/149 2359/1629/149
f 1706/1630/380 2358/1624/399 2356/1631/399
f 1767/1632/355 2369/1633/154 2370/1634/400
f 1710/640/383 2365/1616/398 2371/638/425
f 1707/637/381 1710/640/383 1709/639/382
f 1805/688/359 1808/691/357 1807/690/356
f 1707/637/381 2374/1603/89 2366/635/424
f 1709/1635/382 2377/1636/87 2375/1637/87
f 1676/618/264 2374/1638/89 2372/1639/89
f 1680/622/263 2377/1636/87 2292/620/121
f 1729/1640/386 2380/1641/152 2378/1642/152
f 1770/1643/353 2355/1622/396 2381/1644/397
f 1736/654/274 2337/1645/16 2335/1646/16
f 1799/682/225 1802/685/227 1801/684/226
f 1740/658/272 2380/1641/152 2383/656/151
f 1737/655/275 1740/1647/272 1739/1648/271
f 1802/1649/227 2386/1650/81 2387/1651/80
f 1737/655/275 2390/1652/134 2382/653/19
f 1757/664/293 2393/1653/402 2394/662/132
f 1739/657/271 2397/1654/137 2395/1655/137
f 1766/669/354 2393/1656/402 2391/1657/402
f 1746/660/388 2390/1658/134 2388/1659/134
f 1810/1660/228 2400/1661/403 1805/1662/359
f 1750/1663/391 2397/1654/137 2401/1664/427
f 1747/661/389 1750/651/391 1749/652/390
f 1747/1665/389 2404/1666/140 2398/1667/426
f 1749/652/390 2407/1668/145 2405/1669/145
f 1716/642/278 2404/1666/140 2402/1670/140
f 1720/646/277 2407/1671/145 2322/644/147
f 1769/672/352 2410/1672/143 2408/1673/143
f 1808/1674/357 2387/1651/80 2411/1675/401
f 1776/675/284 2369/1633/154 2367/1676/154
f 1780/679/282 2410/1677/143 2413/677/142
f 1777/1678/285 1780/679/282 1779/678/281
f 1777/676/285 2416/1679/414 2412/674/428
f 1798/1680/224 2420/1681/55 2417/1682/55
f 1779/678/281 2423/1683/413 2421/1684/413
f 1799/1685/225 2400/1661/403 2419/1686/56
f 2424/1687/53 2416/1679/414 2414/1688/414
f 2421/1673/413 2429/1689/49 2427/1690/49
f 2430/1691/126 2426/1692/53 2424/1693/53
f 2427/1694/49 2435/1695/129 2433/1696/129
f 1756/663/292 2432/1697/126 2430/1698/126
f 1760/667/291 2435/1695/129 2354/665/133
f 1814/1699/231 2411/1675/401 2436/1700/166
f 1811/694/229 1814/697/231 1813/696/230
f 1811/1701/229 2439/1702/165 2399/1703/167
f 1813/1704/230 2442/1705/164 2440/1706/164
f 1820/1707/232 2439/1702/165 2437/1708/165
f 1824/1709/235 2442/1705/164 2444/1710/161
f 1821/700/233 1824/703/235 1823/702/234
f 1821/1711/233 2445/1712/405 2443/1713/162
f 1823/1714/234 2446/1715/404 1830/1716/361
f 1827/706/363 1830/709/361 1829/708/360
f 1827/1717/363 2447/1718/28 2445/1712/405
f 1836/1719/239 2446/1715/404 2448/1720/27
f 1833/712/237 1836/715/239 1835/714/238
f 1833/1721/237 2420/1681/55 2447/1718/28
f 1835/1722/238 2386/1650/81 2384/1723/81
f 547/1724/17 25/1725/17 535/1726/17
f 534/15/208 536/716/208 531/12/208
f 545/6/18 26/718/18 543/18/18
f 538/1726/209 544/1727/209 550/1724/209
f 539/15/210 548/716/210 537/12/210
f 551/6/211 542/718/211 549/18/211
f 571/1728/17 553/1729/17 559/1730/17
f 558/21/208 560/3/208 555/24/208
f 569/9/18 554/24/18 567/3/18
f 562/1730/209 568/1731/209 574/1728/209
f 563/21/210 572/3/210 561/24/210
f 575/9/211 566/24/211 573/3/211
f 595/1732/17 577/1733/17 583/1734/17
f 582/30/208 584/32/208 579/27/208
f 593/36/18 578/27/18 591/32/18
f 586/1734/209 592/1735/209 598/1732/209
f 587/30/210 596/32/210 585/27/210
f 599/36/211 590/27/211 597/32/211
f 607/1736/17 619/1737/17 601/1738/17
f 530/57/207 612/1739/217 521/38/201
f 515/57/196 606/1739/214 526/38/205
f 604/40/212 616/52/218 610/46/215
f 525/45/204 618/1740/220 516/50/197
f 520/45/200 624/1740/223 511/50/192
f 649/754/18 659/764/18 629/730/18
f 433/1741/57 630/1742/224 437/1743/57
f 663/1744/238 626/1743/116 661/1745/237
f 657/757/210 647/748/210 637/741/210
f 631/63/225 418/1746/65 423/1747/65
f 638/1746/46 640/68/228 636/1747/46
f 643/1748/230 410/1749/128 641/1750/229
f 648/1751/35 650/1752/232 646/1749/35
f 653/77/234 394/1753/30 651/75/233
f 658/1754/114 660/80/236 656/1753/114
f 691/1755/240 701/795/240 671/91/240
f 669/89/244 672/1756/246 667/735/242
f 345/1757/3 666/736/241 348/1758/3
f 679/1759/243 668/1760/243 699/792/243
f 675/722/248 429/731/44 673/720/247
f 680/746/26 427/1761/26 678/731/26
f 682/773/119 690/774/253 686/98/250
f 689/775/252 692/104/254 687/99/251
f 693/781/255 351/797/6 360/1762/6
f 700/797/103 702/1763/103 698/1762/103
f 721/109/258 731/820/258 705/1764/258
f 402/1765/14 365/778/14 367/780/14
f 739/1766/268 706/780/259 737/117/267
f 711/752/260 738/118/260 729/1767/260
f 710/786/24 377/802/24 391/784/24
f 716/802/113 389/1768/113 714/784/113
f 720/1769/261 722/810/262 718/1770/261
f 725/113/264 330/1771/88 723/1772/263
f 728/1773/150 313/823/150 320/828/150
f 734/823/91 736/826/266 732/828/91
f 759/1774/270 769/862/270 741/121/270
f 745/125/274 327/1775/20 743/737/272
f 271/1776/135 742/738/271 274/1777/135
f 749/1778/273 775/1779/273 767/848/273
f 750/1780/9 357/789/9 748/1781/9
f 752/789/102 308/1782/102 355/1783/102
f 758/1784/98 760/128/276 756/840/98
f 763/842/278 296/1785/141 761/129/277
f 768/1782/138 286/1786/138 766/853/138
f 772/865/70 774/1787/70 770/1786/70
f 797/145/280 807/1788/280 777/1789/280
f 781/1790/284 293/1791/62 779/135/282
f 815/1792/296 778/134/281 813/153/295
f 785/811/283 814/154/283 805/1793/283
f 784/852/148 305/1794/148 317/850/148
f 788/850/85 796/869/289 792/1795/286
f 793/1796/287 802/150/293 798/1797/290
f 801/149/292 258/1798/127 799/877/291
f 806/1799/125 248/894/125 804/1800/125
f 810/889/50 812/892/294 808/894/50
f 835/907/210 845/919/210 817/880/210
f 821/161/300 255/1801/128 819/159/299
f 201/1802/35 818/158/298 204/1803/35
f 825/844/18 851/921/18 843/909/18
f 826/1804/46 283/1805/46 824/1806/46
f 830/1807/65 281/1808/65 828/1805/65
f 832/1809/57 840/168/305 836/164/302
f 839/167/304 226/1810/116 837/165/303
f 844/1811/114 216/1812/114 842/1813/114
f 848/1814/30 850/1815/30 846/1812/30
f 873/1816/243 883/946/243 853/910/243
f 262/951/119 858/1817/307 223/1818/119
f 891/191/254 854/1818/306 889/1819/257
f 860/1820/240 890/1821/240 880/184/240
f 859/1822/308 233/901/26 245/888/26
f 866/901/44 868/886/248 864/888/44
f 871/1823/246 194/937/111 869/177/249
f 876/1824/3 878/182/311 874/937/3
f 881/926/313 180/888/103 879/886/312
f 886/901/6 888/1825/256 884/888/6
f 913/205/260 925/970/260 893/1826/260
f 897/1827/262 900/200/315 895/195/265
f 140/984/88 898/864/263 894/194/264
f 902/202/258 931/982/258 922/1828/258
f 903/906/317 213/1829/113 901/904/316
f 908/952/24 211/1830/24 906/1829/24
f 910/1831/14 918/210/322 914/1832/319
f 917/209/321 920/1833/268 915/962/320
f 923/966/266 150/975/91 921/1834/269
f 928/974/150 930/1835/150 926/975/150
f 953/1836/273 963/1013/273 933/964/273
f 188/1021/98 938/1837/323 155/1838/98
f 971/239/337 934/1838/141 969/1839/336
f 940/1840/270 970/1841/270 960/232/270
f 941/933/325 177/943/102 939/931/324
f 946/956/9 948/941/327 944/943/9
f 951/1842/329 130/997/20 949/225/328
f 956/1843/135 958/230/331 954/997/135
f 961/1000/333 114/1844/70 959/1005/332
f 966/1845/138 968/1846/335 964/1844/138
f 993/1030/283 1003/1044/283 973/1847/283
f 160/1848/78 978/242/288 119/999/78
f 1011/1849/346 974/999/127 1009/261/345
f 980/244/280 1010/262/280 1000/1850/280
f 981/960/286 147/1851/85 979/958/289
f 986/1852/148 988/1026/339 984/1851/148
f 989/1853/340 93/1035/62 96/1854/62
f 996/1035/343 998/1855/296 994/1854/343
f 999/1026/297 73/1049/50 82/1051/50
f 1006/1049/125 1008/958/344 1004/1051/125
f 1031/1069/18 1041/1081/18 1013/1038/18
f 124/1856/57 1018/1857/224 87/1858/57
f 1049/1859/238 1014/1858/116 1047/1860/237
f 1020/996/210 1048/1084/210 1039/1071/210
f 1021/269/226 111/1861/65 1019/267/225
f 1026/1862/46 109/1863/46 1024/1861/46
f 1030/1864/128 1032/272/300 1028/1865/128
f 1033/273/301 51/1866/35 56/1867/35
f 1040/1868/30 48/1869/30 1038/1870/30
f 1044/1871/114 1046/278/236 1042/1869/114
f 1071/1872/240 1083/1115/240 1051/282/240
f 1055/286/244 1058/1873/246 1053/978/242
f 3/1874/3 1052/979/241 6/1875/3
f 1060/1876/243 1089/1877/243 1080/303/243
f 1059/1031/247 65/1060/44 79/1047/44
f 1066/1060/26 77/1045/26 1064/1047/26
f 1070/1878/119 1072/295/250 1068/1095/119
f 1073/296/251 1082/1879/257 1078/301/254
f 1081/1103/256 16/1047/6 1079/1101/255
f 1084/1047/103 1090/1117/103 1088/1880/103
f 1111/1128/258 1121/1140/258 1091/1881/258
f 1095/1882/319 21/1883/14 1093/308/322
f 1870/1884/259 1092/307/321 1867/1151/259
f 1099/1065/260 1127/1149/260 1118/1885/260
f 1100/1886/24 45/1104/24 1098/1106/24
f 1104/1887/113 1106/1135/317 1102/1104/113
f 1107/1888/318 1844/1130/261 1841/1889/261
f 1114/1130/88 1116/1890/348 1112/1889/88
f 1119/1137/350 1857/1104/150 1117/1135/349
f 1124/1145/91 1126/1891/91 1122/1104/91
f 1149/1892/270 1159/1179/270 1129/324/270
f 1133/328/274 1852/1893/20 1131/1053/272
f 1904/1894/135 1130/1052/271 1901/1895/135
f 1137/1896/273 1165/1897/273 1156/339/273
f 1138/1125/9 13/1110/9 1136/1898/9
f 1142/1127/102 1144/1108/325 1140/1110/102
f 1145/332/326 1878/1899/98 1875/1164/98
f 1150/1164/141 1158/1900/336 1154/337/337
f 1155/1166/338 1898/1182/138 1891/1901/138
f 1160/1901/70 1166/1184/70 1164/1902/70
f 1187/354/280 1197/1903/280 1167/1904/280
f 1171/1905/284 1886/1906/62 1169/344/282
f 1205/1907/296 1168/343/281 1203/362/295
f 1175/1131/283 1204/363/283 1195/1908/283
f 1174/1170/148 1182/353/355 1178/349/352
f 1181/352/354 1860/1909/85 1179/350/353
f 1186/1910/78 1188/1911/290 1184/1912/78
f 1191/358/292 1917/1913/127 1189/1196/291
f 1196/1914/125 1927/1214/125 1194/1915/125
f 1198/1214/50 1206/1217/297 1202/1213/294
f 1227/1232/210 1237/1248/210 1207/1201/210
f 1211/370/300 1920/1916/128 1209/368/299
f 1972/1917/35 1208/367/298 1969/1918/35
f 1215/1162/18 1245/1251/18 1235/1236/18
f 1216/1919/46 1218/373/356 1214/1920/46
f 1221/376/358 1894/1921/65 1219/374/357
f 1226/1922/57 1228/379/302 1224/1923/57
f 1231/382/304 1951/1924/116 1229/380/303
f 1236/1925/114 1238/385/360 1234/1926/114
f 1239/386/361 1246/1927/30 1244/1928/30
f 1267/1929/243 1277/1282/243 1247/1233/243
f 1913/1287/119 1252/1930/307 1954/1931/119
f 1283/1932/257 1250/1287/306 1248/1931/306
f 1254/1933/240 1284/1934/240 1274/405/240
f 1255/1194/309 1930/1210/26 1253/1192/308
f 1260/1223/44 1262/1208/248 1258/1210/44
f 1263/398/249 1982/1935/111 1979/1270/111
f 1270/1935/3 1272/403/311 1268/1270/3
f 1275/1259/313 1995/1936/103 1273/1208/312
f 1280/1937/6 1282/1192/256 1278/1936/6
f 1305/420/260 1315/1306/260 1287/1938/260
f 1291/1939/262 1990/1940/261 1289/416/265
f 2040/1941/88 1288/415/264 2037/1320/88
f 1295/1228/258 1321/1318/258 1313/1942/258
f 1294/1274/113 1976/1943/113 1962/1272/113
f 1298/1272/24 2007/1288/24 1964/1944/24
f 1304/1945/14 1306/1298/319 1302/1946/14
f 1307/1947/320 2024/1303/259 2017/1948/259
f 1312/1944/91 2034/1311/91 2027/1272/91
f 1318/1311/150 1320/1312/150 1316/1272/150
f 1343/1949/273 1353/1345/273 1323/1300/273
f 1985/1353/98 1328/1950/323 2020/1951/98
f 1361/448/337 1324/1951/141 1359/1952/336
f 1330/1953/270 1360/1954/270 1351/1333/270
f 1331/1266/325 1998/1279/102 1329/1264/324
f 1336/1292/9 1338/1277/327 1334/1279/9
f 1341/1955/329 1344/439/274 1339/434/328
f 1345/440/275 2060/1956/135 2055/1957/135
f 1352/1958/70 2063/1959/70 1350/1337/70
f 1356/1960/138 1358/1961/335 1354/1959/138
f 1385/1361/283 1395/1374/283 1363/1962/283
f 1367/1249/290 1370/457/288 1365/452/293
f 2108/1963/127 1364/451/292 2105/1385/127
f 1372/459/280 1401/1383/280 1392/1964/280
f 1373/1296/286 2030/1965/85 1371/1294/289
f 1378/1966/148 1380/1967/339 1376/1965/148
f 1383/466/341 2077/1968/62 1381/1969/340
f 1386/1968/343 1394/473/295 1390/1970/296
f 1391/1967/297 2102/1377/50 2095/1380/50
f 1396/1380/125 1402/1971/125 1400/1378/125
f 1421/1397/18 1429/1412/18 1403/1369/18
f 2051/1972/57 2090/1973/57 2088/1974/57
f 2146/1975/116 1404/1974/116 2143/1976/116
f 1409/1330/210 1437/1414/210 1427/1399/210
f 1410/1977/65 1412/475/358 1408/1978/65
f 1415/478/356 2066/1979/46 1413/476/359
f 1420/1980/128 2115/1981/128 1418/1982/128
f 1422/1981/35 2132/1983/35 2125/1984/35
f 1426/1985/30 1434/485/361 1430/481/362
f 1431/482/363 1438/1986/114 1436/1987/114
f 1459/1988/240 1469/1449/240 1439/486/240
f 1443/490/244 2128/1989/111 1441/1314/242
f 2184/1990/3 1440/1315/241 2181/1991/3
f 1447/1992/243 1475/1993/243 1466/501/243
f 1448/1994/44 1450/493/364 1446/1995/44
f 1451/494/365 2149/1996/26 2098/1997/26
f 1458/1998/119 2155/1432/119 1456/1423/119
f 1460/1432/306 1468/1999/257 1464/499/254
f 1467/1436/256 2171/2000/6 1465/1434/255
f 1472/2001/103 1474/2002/103 1470/2000/103
f 1495/510/258 1505/1473/258 1477/2003/258
f 1481/2004/319 2166/2005/14 1479/506/322
f 1511/518/267 1482/1347/320 1478/505/321
f 1485/1394/260 1512/519/260 1503/2006/260
f 1486/2007/24 2136/2008/24 1484/1437/24
f 1490/1454/113 2138/2009/113 1488/2008/113
f 1494/2010/261 1496/2011/262 1492/2012/261
f 1499/514/264 2199/2013/88 1497/1464/263
f 1502/2014/150 2216/1478/150 2209/1481/150
f 1508/1478/91 1510/1479/266 1506/1481/91
f 1535/2015/270 1545/1510/270 1515/1467/270
f 2161/1517/20 1520/2016/329 2202/2017/20
f 1553/544/331 1516/2017/135 1551/2018/334
f 1522/2019/273 1552/2020/273 1542/537/273
f 1521/1426/330 2190/1458/9 2174/1444/9
f 1528/1458/102 1530/1442/325 1526/1444/102
f 1533/2021/323 2225/1497/98 1531/530/326
f 1538/2022/141 1540/535/337 1536/1497/141
f 1543/1488/335 2241/2023/138 1541/1500/338
f 1546/2023/70 1554/1513/332 1550/2024/333
f 1575/1526/280 1585/2025/280 1555/2026/280
f 2195/2027/62 1560/547/341 2236/1499/62
f 2277/1546/343 1558/2027/343 1556/1499/343
f 1562/549/283 1593/1544/283 1582/2028/283
f 1561/1460/342 2222/2029/148 2212/2030/148
f 1568/2029/85 1570/2031/286 1566/2030/85
f 1571/2032/287 2256/1528/78 2253/2033/78
f 1578/1528/127 1580/2034/346 1576/2033/127
f 1583/1518/344 1586/565/368 1581/2031/347
f 1589/568/370 1592/2035/50 1587/566/369
f 1617/1554/210 1627/1571/210 1595/1534/210
f 2231/2036/128 1600/571/230 2266/2037/128
f 1637/604/232 1596/2037/35 1635/602/235
f 1602/1496/18 1636/1582/18 1624/1567/18
f 1603/2038/228 1606/577/356 1601/2039/231
f 1609/580/358 1612/583/226 1607/578/357
f 1615/586/224 2285/2040/57 1613/1551/227
f 1620/2041/116 1622/589/238 1618/2040/116
f 1625/2042/236 1628/595/360 1623/2043/239
f 1631/598/362 1634/2044/234 1629/596/361
f 1657/2045/243 1665/1611/243 1639/1565/243
f 2296/2046/119 2259/1529/119 2298/2047/119
f 2344/2048/306 1640/2046/306 2341/2049/306
f 1645/2050/240 1673/2051/240 1663/1602/240
f 1646/1612/26 1648/607/366 1644/2052/26
f 1649/608/367 2311/2053/44 2272/2054/44
f 1656/2055/111 2315/1591/111 1654/1593/111
f 1658/1591/3 2332/2056/3 2325/1598/3
f 1664/2057/103 1666/613/372 1662/1605/103
f 1669/615/374 1672/2058/6 1667/614/373
f 1695/629/260 1705/2059/260 1675/2060/260
f 1679/2061/262 2328/2062/261 1677/619/265
f 2376/2063/88 1676/618/264 2373/1639/88
f 1683/1559/258 1713/1636/258 1703/2064/258
f 1684/2065/113 1686/624/376 1682/1604/113
f 1689/627/378 2304/2066/24 1687/625/377
f 1694/2067/14 1696/1621/319 1692/2068/14
f 1699/633/321 2357/2069/259 1697/2070/320
f 1704/2071/91 1706/636/380 1702/2066/91
f 1707/637/381 1714/2072/150 1712/1604/150
f 1735/2073/273 1745/1667/273 1715/641/273
f 1719/645/276 2360/2074/98 1717/1541/279
f 2403/2075/141 1720/646/277 1716/1542/278
f 1723/2076/270 1753/2077/270 1743/1654/270
f 1724/2078/102 1726/648/384 1722/2079/102
f 1729/651/386 2336/1659/9 1727/649/385
f 1734/2080/20 1736/654/274 1732/1646/20
f 1739/1648/271 2389/2081/135 1737/655/275
f 1742/1659/70 1750/651/391 1746/660/388
f 1747/661/389 1754/1669/138 1752/2082/138
f 1775/674/283 1785/2083/283 1755/2084/283
f 1759/2085/290 2392/2086/78 1757/664/293
f 2434/2087/127 1756/663/292 2431/1698/127
f 1763/1622/280 1791/1695/280 1783/2088/280
f 1764/2089/85 1766/669/354 1762/1657/85
f 1769/672/352 2368/2090/148 1767/670/355
f 1774/2091/62 1776/2092/284 1772/2093/62
f 1777/1678/285 2422/1684/343 2415/2094/343
f 1784/1673/50 2425/1693/50 1782/2090/50
f 1788/1690/125 1790/1691/125 1786/1693/125
f 1815/1702/18 1825/1712/18 1793/1681/18
f 2418/2095/57 1802/685/227 1798/681/224
f 1833/712/237 1796/2096/116 1794/2095/116
f 1800/1651/210 1834/1720/210 1822/1710/210
f 1801/2097/226 1804/687/358 1799/2098/225
f 1807/690/356 1810/2099/228 1805/688/359
f 1813/696/230 2438/2100/128 1811/694/229
f 1816/2100/35 1824/703/235 1820/699/232
f 1823/2101/234 1826/705/362 1821/2102/233
f 1829/708/360 1832/2103/236 1827/706/363
f 509/10/190 508/12/189 507/716/188
f 505/14/186 504/15/185 508/12/189
f 502/4/183 501/6/182 504/15/185
f 499/717/180 507/716/188 501/6/182
f 510/10/191 499/12/180 497/716/178
f 496/4/177 495/6/176 500/15/181
f 493/18/174 497/17/178 495/5/176
f 498/16/179 493/18/174 491/718/172
f 490/13/171 489/15/170 494/6/175
f 487/719/168 491/718/172 489/15/170
f 492/16/173 487/18/168 506/718/187
f 503/13/184 505/15/186 488/6/169
f 485/22/190 484/24/189 483/3/188
f 481/20/186 480/21/185 484/24/189
f 478/7/183 477/9/182 480/21/185
f 475/2/180 483/3/188 477/9/182
f 486/22/191 475/24/180 473/3/178
f 472/7/177 471/9/176 476/21/181
f 469/3/174 473/2/178 471/8/176
f 474/1/179 469/3/174 467/24/172
f 466/19/171 465/21/170 470/9/175
f 463/23/168 467/24/172 465/21/170
f 468/1/173 463/3/168 482/24/187
f 479/19/184 481/21/186 464/9/169
f 461/25/190 460/27/189 459/32/188
f 457/28/186 456/30/185 460/27/189
f 454/34/183 453/36/182 456/30/185
f 451/33/180 459/32/188 453/36/182
f 462/25/191 451/27/180 449/32/178
f 448/34/177 447/36/176 452/30/181
f 445/32/174 449/33/178 447/35/176
f 450/31/179 445/32/174 443/27/172
f 442/29/171 441/30/170 446/36/175
f 439/26/168 443/27/172 441/30/170
f 444/31/173 439/32/168 458/27/187
f 455/29/184 457/30/186 440/36/169
f 631/63/225 630/62/224 634/66/227
f 608/38/202 523/37/202 528/55/202
f 673/720/247 672/2104/246 676/721/249
f 630/723/224 436/730/56 435/724/55
f 605/41/213 604/40/212 610/46/215
f 606/42/214 605/41/213 530/726/207
f 525/728/204 521/2105/201 612/48/217
f 634/729/227 434/725/81 432/724/81
f 614/50/198 518/49/198 522/43/198
f 430/731/51 428/1761/52 426/732/52
f 611/47/216 610/46/215 616/52/218
f 520/734/200 516/2106/197 618/54/220
f 670/90/245 669/89/244 667/735/242
f 620/50/194 513/49/194 517/43/194
f 746/126/275 745/125/274 743/737/272
f 617/53/219 616/52/218 622/58/221
f 515/739/196 511/2107/192 624/60/223
f 602/38/193 527/37/193 512/55/193
f 623/59/222 622/58/221 604/40/212
f 631/740/225 424/742/71 422/741/71
f 669/89/244 421/88/60 420/94/59
f 633/740/226 431/730/80 417/741/64
f 640/743/228 416/744/167 422/741/71
f 644/743/231 419/742/64 417/741/64
f 641/69/229 640/68/228 644/72/231
f 675/722/248 420/2108/59 412/745/43
f 641/747/229 411/749/165 409/748/165
f 643/747/230 415/744/166 406/748/164
f 405/750/39 403/833/163 401/751/163
f 650/753/232 399/754/162 409/748/165
f 667/87/242 672/92/246 398/91/37
f 654/753/235 408/749/164 406/748/164
f 651/75/233 650/74/232 654/78/235
f 673/93/247 430/2109/51 425/755/51
f 651/756/233 395/761/33 393/757/33
f 390/758/160 388/808/159 387/759/31
f 653/756/234 396/754/161 384/757/29
f 660/762/236 383/764/28 393/757/33
f 782/763/285 781/1790/284 779/135/282
f 664/762/239 386/761/29 384/757/29
f 661/81/237 660/80/236 664/84/239
f 661/765/237 438/725/55 435/724/55
f 663/766/238 382/764/27 432/724/81
f 414/767/43 412/1759/43 379/768/25
f 378/770/23 405/750/39 400/752/39
f 686/98/250 375/97/22 426/772/52
f 690/102/253 381/769/25 379/768/25
f 687/99/251 686/98/250 690/774/253
f 745/125/274 371/124/19 370/776/16
f 692/104/254 369/103/15 375/97/22
f 366/778/13 364/2110/13 363/779/158
f 696/108/257 689/101/252 374/100/21
f 693/781/255 692/2111/254 696/782/257
f 392/784/31 387/2112/31 364/785/13
f 693/781/255 361/1762/10 359/787/10
f 358/789/7 356/1783/157 354/790/157
f 695/107/256 362/106/11 350/792/5
f 361/794/10 349/800/4 347/795/4
f 822/162/301 821/161/300 819/159/299
f 352/797/5 350/2113/5 344/798/2
f 666/86/241 397/85/36 347/795/4
f 670/90/245 346/1757/2 344/801/2
f 378/802/23 376/2114/23 341/803/156
f 340/805/104 373/1780/16 370/806/16
f 722/110/262 337/109/121 388/808/159
f 726/114/265 343/1769/156 341/809/156
f 725/113/264 723/1772/263 722/810/262
f 781/137/284 333/136/155 332/811/154
f 723/111/263 331/819/87 329/813/153
f 743/123/272 328/818/152 326/814/152
f 725/113/264 336/112/107 322/815/89
f 358/817/7 353/2115/7 326/814/152
f 331/819/87 321/2116/90 319/820/90
f 792/140/286 316/139/100 315/821/84
f 314/823/94 324/2117/89 322/824/89
f 736/826/266 311/2118/95 319/827/90
f 740/120/269 314/2119/94 312/829/94
f 737/830/267 736/826/266 740/831/269
f 737/117/267 368/780/158 363/779/158
f 739/119/268 310/118/99 401/751/163
f 340/834/104 338/2120/104 307/835/149
f 306/837/92 335/812/154 332/811/154
f 760/128/276 303/127/147 354/839/157
f 764/132/279 309/836/149 307/835/149
f 761/129/277 760/128/276 764/841/279
f 821/843/300 299/880/42 298/844/73
f 761/129/277 297/1785/145 295/846/144
f 779/135/282 294/1791/143 292/847/143
f 763/131/278 302/130/146 288/848/140
f 318/850/84 315/2121/84 292/851/143
f 297/853/145 287/1786/69 285/854/69
f 284/856/64 282/903/139 280/857/139
f 278/859/74 290/849/140 288/848/140
f 275/861/137 273/867/136 285/862/69
f 898/864/263 897/1827/262 895/195/265
f 278/865/74 276/2122/74 270/806/134
f 742/122/271 325/121/151 273/867/136
f 746/126/275 272/1776/134 270/868/134
f 796/869/289 306/1794/92 304/870/92
f 793/872/287 792/1795/286 796/869/289
f 301/845/73 298/844/73 266/858/71
f 793/141/287 798/146/290 265/145/133
f 861/874/309 859/1822/308 858/875/307
f 795/143/288 269/142/77 264/148/132
f 799/877/291 798/1797/290 802/150/293
f 862/174/310 263/951/131 261/878/131
f 799/147/291 259/885/129 257/879/129
f 819/843/299 256/883/45 254/844/45
f 801/149/292 264/148/132 250/881/126
f 256/883/45 284/856/64 279/858/64
f 249/884/49 247/1788/49 257/879/129
f 868/886/248 244/940/59 243/887/43
f 242/889/53 252/1799/126 250/890/126
f 812/892/294 239/2123/54 247/893/49
f 816/156/297 242/2124/53 240/895/53
f 813/896/295 812/892/294 816/897/297
f 813/153/295 778/134/281 291/133/142
f 782/138/285 815/155/296 238/154/58
f 237/899/124 268/856/71 266/858/71
f 861/874/309 260/948/130 232/900/51
f 836/902/302 231/907/123 280/857/139
f 901/904/316 900/2125/315 904/905/318
f 840/902/305 237/899/124 235/857/124
f 837/165/303 836/164/302 840/168/305
f 897/197/262 229/196/121 228/202/32
f 837/908/303 227/915/120 225/909/120
f 858/170/307 222/169/118 221/910/117
f 839/908/304 230/907/122 218/909/115
f 859/171/308 246/2126/43 243/913/43
f 217/914/29 215/919/29 225/909/120
f 212/916/39 210/957/39 209/917/23
f 220/912/115 218/909/115 206/919/33
f 205/920/34 203/921/34 215/919/29
f 208/914/33 206/919/33 200/921/38
f 818/923/298 253/880/41 203/921/34
f 822/923/301 202/922/38 200/921/38
f 872/180/247 234/2127/51 232/924/51
f 869/925/249 868/886/248 872/926/247
f 903/203/317 228/202/32 196/928/31
f 869/177/249 195/937/112 193/930/112
f 939/931/324 938/2128/323 942/932/326
f 871/179/246 199/178/37 190/934/110
f 942/222/326 189/1021/109 187/936/109
f 878/182/311 185/181/108 193/930/112
f 895/195/265 900/200/315 184/199/1
f 882/186/314 192/935/110 190/934/110
f 879/886/312 878/925/311 882/927/314
f 901/904/316 214/1829/23 209/938/23
f 879/886/312 181/888/5 179/887/5
f 948/941/327 176/2129/105 175/942/104
f 881/185/313 182/184/106 172/944/10
f 888/188/256 171/187/11 179/946/5
f 892/874/255 174/901/10 172/900/10
f 889/949/257 888/1825/256 892/874/255
f 889/189/257 224/911/117 221/910/117
f 891/191/254 170/190/15 261/878/131
f 198/952/31 196/2130/31 167/953/13
f 941/933/325 186/2131/8 164/955/7
f 914/206/319 163/205/40 210/957/39
f 979/958/289 978/2132/288 982/959/287
f 918/210/322 169/2133/13 167/961/13
f 915/962/320 914/1832/319 918/210/322
f 982/246/287 161/1056/101 159/963/101
f 915/207/320 920/212/268 157/211/99
f 938/218/323 154/217/97 153/964/96
f 917/209/321 162/208/12 152/214/95
f 923/966/266 921/1834/269 920/967/268
f 939/219/324 178/2134/104 175/969/104
f 921/213/269 151/2135/94 149/970/94
f 988/248/339 146/247/93 145/971/92
f 923/966/266 152/2136/95 142/973/90
f 151/975/94 141/1835/89 139/976/89
f 1056/287/245 1055/286/244 1053/978/242
f 138/980/87 144/2137/90 142/981/90
f 894/194/264 183/193/107 139/983/89
f 898/198/263 138/980/87 136/982/87
f 952/228/330 166/2138/7 164/985/7
f 949/986/328 948/941/327 952/987/330
f 981/245/286 158/244/100 132/989/84
f 949/225/328 131/997/83 129/991/83
f 1019/267/225 1018/266/224 1022/270/227
f 951/227/329 135/226/86 126/992/82
f 1022/994/227 125/1088/81 123/995/81
f 958/230/331 121/229/79 129/991/83
f 978/242/288 118/241/77 117/998/76
f 962/234/334 128/993/82 126/992/82
f 961/1000/333 959/1005/332 958/1001/331
f 979/958/289 148/1851/92 145/1003/92
f 959/1005/332 115/1844/74 113/1006/74
f 110/1008/73 108/1062/72 107/1009/71
f 961/233/333 116/232/75 104/1011/69
f 968/236/335 103/235/68 113/1013/74
f 1096/1015/320 1095/1882/319 1093/308/322
f 972/1016/338 106/1845/69 104/1017/69
f 969/1019/336 968/1846/335 972/1016/338
f 969/237/336 156/965/96 153/964/96
f 971/239/337 102/238/67 187/936/109
f 992/1022/342 134/1852/84 132/1023/84
f 991/1025/341 989/2139/340 988/1026/339
f 1021/1027/226 122/996/80 98/1028/64
f 989/249/340 97/1036/63 95/1030/63
f 1059/1031/247 1058/2140/246 1062/1032/249
f 991/251/341 101/250/66 92/1034/61
f 1062/293/249 1055/286/244 91/285/60
f 998/254/296 89/253/58 95/1030/63
f 1018/1037/224 86/1043/56 85/1038/55
f 1002/258/295 94/1035/61 92/1034/61
f 999/1026/297 998/2139/296 1002/1040/295
f 1019/1042/225 112/1010/71 107/1009/71
f 999/255/297 83/2141/53 81/1044/53
f 78/1045/52 76/2142/52 75/1046/51
f 1001/1041/294 84/2143/54 72/1048/49
f 1008/958/344 71/2144/48 81/1050/53
f 1130/1052/271 1134/329/275 1133/328/274
f 1012/264/347 74/2145/49 72/1054/49
f 1009/1055/345 1008/958/344 1012/960/347
f 1009/261/345 120/999/76 117/998/76
f 1011/263/346 70/262/47 159/963/101
f 69/1057/45 100/1029/64 98/1028/64
f 1061/1033/248 90/2146/59 64/1059/43
f 1032/1061/300 63/1069/42 108/1062/72
f 1036/1063/299 69/1057/45 67/1058/45
f 1033/273/301 1032/272/300 1036/276/299
f 1095/310/319 59/309/40 58/1065/39
f 1033/1067/301 57/1075/38 55/1068/38
f 1058/289/246 54/288/37 53/282/36
f 1035/1070/298 62/1064/41 50/1071/34
f 1059/290/247 80/2147/51 75/1073/51
f 49/1074/33 47/1081/33 55/1068/38
f 1106/313/317 44/312/32 43/1076/31
f 52/1072/34 50/1071/34 40/1078/29
f 1046/1080/236 39/1086/28 47/1081/33
f 1172/1082/285 1171/1905/284 1169/344/282
f 1050/1083/239 42/1079/29 40/1078/29
f 1047/279/237 1046/278/236 1050/281/239
f 1047/1085/237 88/1039/55 85/1038/55
f 1049/1087/238 38/1084/27 123/995/81
f 37/1089/25 66/2148/43 64/1090/43
f 61/1066/39 58/1065/39 32/1092/23
f 1072/295/250 31/294/22 76/1094/52
f 1076/299/253 37/1089/25 35/1091/25
f 1073/296/251 1072/295/250 1076/1096/253
f 1133/328/274 27/327/19 24/1098/16
f 1078/301/254 23/300/15 31/294/22
f 1093/308/322 22/1883/13 20/1100/13
f 1082/305/257 1075/298/252 30/297/21
f 1079/1101/255 1078/2149/254 1082/1102/257
f 46/1104/31 43/2150/31 20/1105/13
f 1079/1101/255 17/1047/10 15/1046/10
f 1144/1108/325 12/2151/8 11/1109/7
f 1081/304/256 18/303/11 8/1111/5
f 1179/350/353 1178/349/352 1182/353/355
f 17/1113/10 7/1118/4 5/1114/4
f 1208/367/298 1212/371/301 1211/370/300
f 10/1060/5 8/1059/5 2/1116/2
f 1052/283/241 53/282/36 5/1114/4
f 1056/287/245 4/1874/2 2/1119/2
f 1110/1120/316 34/1887/23 32/1121/23
f 1107/1123/318 1106/1135/317 1110/1120/316
f 29/1125/16 24/2152/16 1839/1126/104
f 1107/314/318 1840/1133/392 1842/1128/392
f 1109/316/315 1/315/1 1845/1129/393
f 1171/346/284 1848/345/155 1849/1131/154
f 1116/319/348 1850/318/394 1842/1128/392
f 1131/326/272 1851/1138/152 1853/1134/152
f 1120/323/351 1843/1130/393 1845/1129/393
f 1117/1135/349 1116/2153/348 1120/1136/351
f 1851/1138/152 14/2154/7 11/1139/7
f 1117/320/349 1856/2155/90 1858/1140/90
f 1179/1141/353 1859/1191/396 1861/1142/396
f 1119/1137/350 1855/1122/395 1865/1144/94
f 1219/374/357 1218/373/356 1222/377/359
f 1856/1104/90 1866/1891/398 1868/1105/398
f 1869/1147/399 1863/2156/94 1865/1148/94
f 1092/307/321 19/306/12 1868/1150/398
f 1096/311/320 1869/1147/399 1871/1149/399
f 1148/335/324 1837/2157/104 1839/1152/104
f 1145/1153/326 1144/1108/325 1148/1154/324
f 1182/1156/355 1846/1132/154 1849/1131/154
f 1145/332/326 1874/1164/109 1876/1158/109
f 1147/334/323 1872/333/97 1879/1159/96
f 1211/1161/300 1882/1256/42 1883/1162/73
f 1154/337/337 1884/336/67 1876/1158/109
f 1169/344/282 1885/1906/143 1887/1165/143
f 1158/341/336 1877/1160/96 1879/1159/96
f 1155/1166/338 1154/2158/337 1158/1167/336
f 1178/349/352 1862/348/397 1887/1169/143
f 1155/1166/338 1890/1901/69 1892/1171/69
f 1219/1173/357 1893/1225/139 1895/1174/139
f 1157/340/335 1889/339/68 1899/1176/74
f 1900/1178/137 1902/1185/137 1892/1179/69
f 1292/1181/263 1291/1939/262 1289/416/265
f 1897/1182/74 1899/2159/74 1905/1183/134
f 1130/325/271 1854/324/151 1902/1185/137
f 1134/329/275 1903/1894/134 1905/1186/134
f 1181/352/354 1873/351/400 1908/1187/402
f 1222/1189/359 1880/1163/73 1883/1162/73
f 1188/355/290 1910/354/133 1861/1142/396
f 1253/1192/308 1252/1286/307 1256/1193/310
f 1192/359/293 1906/1910/402 1908/1195/402
f 1189/1196/291 1188/1911/290 1192/359/293
f 1256/395/310 1912/1287/131 1914/1197/131
f 1189/356/291 1916/1207/129 1918/1198/129
f 1209/1199/299 1919/1205/45 1921/1200/45
f 1191/358/292 1911/357/132 1925/1202/126
f 1218/1204/356 1896/1175/401 1921/1200/45
f 1926/1206/49 1928/1903/49 1918/1198/129
f 1262/1208/248 1931/2160/59 1932/1209/43
f 1933/1211/53 1923/1914/126 1925/1187/126
f 1202/1213/294 1936/2161/54 1928/348/49
f 1206/365/297 1933/2162/53 1935/1215/53
f 1203/1216/295 1202/1213/294 1206/1217/297
f 1203/362/295 1168/343/281 1888/342/142
f 1172/347/285 1205/364/296 1937/363/58
f 1221/1219/358 1909/1190/403 1940/1220/124
f 1255/1194/309 1915/1285/130 1943/1222/51
f 1228/1224/302 1944/1232/123 1895/1174/139
f 1232/1226/305 1938/1221/124 1940/1220/124
f 1229/380/303 1228/379/302 1232/383/305
f 1291/418/262 1948/417/121 1949/1228/160
f 1229/1230/303 1950/1240/120 1952/1231/120
f 1252/391/307 1955/390/118 1956/1233/117
f 1231/1235/304 1945/1227/122 1959/1236/115
f 1253/392/308 1929/2163/43 1932/1238/43
f 1238/1239/360 1960/1248/404 1952/1231/120
f 1963/1241/39 1965/1293/39 1966/1242/23
f 1242/1244/363 1957/1237/115 1959/1236/115
f 1241/388/362 1239/386/361 1238/385/360
f 1239/1246/361 1968/1254/34 1970/1247/34
f 1364/451/292 1368/2164/291 1367/1249/290
f 1241/1250/362 1967/1245/405 1973/1251/38
f 1208/1253/298 1922/1201/41 1970/1247/34
f 1212/1255/301 1971/1252/38 1973/1251/38
f 1266/401/247 1941/2165/51 1943/1257/51
f 1263/1258/249 1262/1208/248 1266/1259/247
f 1946/1229/160 1949/1228/160 1977/1261/31
f 1263/398/249 1978/1270/112 1980/1263/112
f 1329/1264/324 1328/2166/323 1332/1265/326
f 1265/400/246 1974/399/37 1983/1267/110
f 1332/431/326 1984/1353/109 1986/1269/109
f 1272/403/311 1988/402/108 1980/1263/112
f 1289/416/265 1989/1940/156 1991/1271/156
f 1276/407/314 1981/1268/110 1983/1267/110
f 1273/1208/312 1272/1258/311 1276/1260/314
f 1961/1272/23 1966/1313/23 1991/1273/156
f 1273/1208/312 1994/1936/5 1996/1275/5
f 1338/1277/327 1999/2167/105 2000/1278/104
f 1275/406/313 1993/405/106 2003/1280/10
f 1282/409/256 2004/408/11 1996/1282/5
f 1286/1194/255 2001/1937/10 2003/1284/10
f 1283/1286/257 1282/1192/256 1286/1194/255
f 1283/410/257 1953/1234/117 1956/1233/117
f 1285/412/254 2005/411/15 1914/1197/131
f 2006/1288/13 1975/1943/31 1977/1289/31
f 1331/1266/325 1987/1350/8 2011/1291/7
f 1306/421/319 2012/420/40 1965/1293/39
f 1371/1294/289 1370/2168/288 1374/1295/287
f 1310/425/322 2006/1945/13 2008/1297/13
f 1309/424/321 1307/1947/320 1306/1298/319
f 1367/454/290 2014/453/133 2015/459/100
f 1307/422/320 2016/1305/399 2018/1299/399
f 1328/427/323 2021/426/97 2022/1300/96
f 1309/424/321 2013/423/12 2025/1302/398
f 1329/428/324 1997/2169/104 2000/1304/104
f 2016/1305/399 2026/2170/94 2028/1306/94
f 1380/463/339 2031/462/93 2032/1307/92
f 2023/1309/398 2025/1290/398 2035/1310/90
f 1413/476/359 1412/475/358 1416/479/357
f 2036/1312/89 2038/1273/89 2028/1313/94
f 1444/491/245 1443/490/244 1441/1314/242
f 2039/1316/87 2033/2171/90 2035/1317/90
f 1288/415/264 1992/414/107 2038/1319/89
f 1292/419/263 2039/1316/87 2041/1318/87
f 1342/437/330 2009/2172/7 2011/1321/7
f 1339/1322/328 1338/1277/327 1342/1323/330
f 1373/460/286 2015/459/100 2045/1325/84
f 1344/439/274 2046/438/19 1999/432/105
f 1348/443/272 1341/436/329 2042/435/86
f 1345/440/275 1344/439/274 1348/1327/272
f 2050/1329/81 2052/1417/81 2053/1330/139
f 1345/440/275 2054/1957/134 2056/1332/134
f 1365/452/293 1370/457/288 2057/456/77
f 1347/442/271 2047/441/151 2061/1333/137
f 1371/1294/289 2029/1965/92 2032/1335/92
f 2054/1337/134 2062/1959/74 2064/1338/74
f 1413/1340/359 2065/1391/73 2067/1341/73
f 2059/1334/137 2061/1333/137 2071/1343/69
f 1451/494/365 1450/493/364 1454/497/367
f 1358/445/335 2072/444/68 2064/1345/74
f 1482/1347/320 1481/2004/319 1479/506/322
f 1362/1348/338 2069/1960/69 2071/1349/69
f 1359/1351/336 1358/1961/335 1362/1348/338
f 1359/446/336 2019/1301/96 2022/1300/96
f 1361/448/337 2073/447/67 1986/1269/109
f 1384/1354/342 2043/1966/84 2045/1355/84
f 1381/1357/340 1380/1967/339 1384/1354/342
f 1416/1359/357 2048/1331/139 2053/1330/139
f 1381/464/340 2076/1366/63 2078/1361/63
f 1383/466/341 2074/465/66 2081/1362/61
f 1443/490/244 2084/489/60 2085/1364/406
f 1390/469/296 2086/468/58 2078/1361/63
f 2087/1367/55 2089/1373/124 2091/1368/124
f 1394/473/295 2079/1363/61 2081/1362/61
f 1393/1370/294 1391/1967/297 1390/1357/296
f 1412/1372/358 2068/1342/403 2091/1368/124
f 1391/470/297 2094/2173/53 2096/1374/53
f 1451/494/365 2097/1997/52 2099/1375/52
f 1393/1370/294 2093/1356/54 2103/1376/49
f 2104/1378/126 2106/2174/126 2096/1379/53
f 2107/1381/129 2101/2175/49 2103/1382/49
f 1364/451/292 2058/450/132 2106/1384/126
f 1368/455/291 2107/1381/129 2109/1383/129
f 1415/1386/356 2075/1360/401 2112/1387/45
f 1454/497/367 2082/1994/406 2085/1389/406
f 2114/1390/165 2116/1397/165 2067/1341/73
f 2117/1392/164 2110/1388/45 2112/1387/45
f 1481/508/319 2122/507/40 2123/1394/39
f 2114/1390/165 2124/1404/38 2126/1396/38
f 1441/488/242 2127/1402/409 2129/1398/409
f 2117/1392/164 2119/1393/164 2133/1399/34
f 1450/1401/364 2100/2176/407 2129/1398/409
f 1430/1403/362 2134/1412/405 2126/1396/38
f 2137/1405/160 2139/1459/160 2140/1406/31
f 1434/1408/361 2131/1400/34 2133/1399/34
f 1431/482/363 1430/481/362 1434/485/361
f 1431/1410/363 2142/1416/115 2144/1411/115
f 1433/1413/360 2141/1409/404 2147/1414/120
f 2087/1367/55 2092/1369/55 2144/1411/115
f 2050/1329/81 2145/1415/120 2147/1414/120
f 1453/1418/366 2113/2177/408 2150/1419/25
f 2120/1395/39 2123/1394/39 2153/1421/23
f 2097/1423/52 2154/1432/131 2156/1424/131
f 1521/1426/330 1520/2178/329 1524/1427/328
f 2148/1420/25 2150/1419/25 2159/1429/117
f 1524/527/328 2160/1517/83 2162/1431/83
f 1464/499/254 2164/498/15 2156/1424/131
f 1479/506/322 2165/2005/13 2167/1433/410
f 1468/503/257 2157/1430/117 2159/1429/117
f 1465/1434/255 1464/2179/254 1468/1435/257
f 2165/1437/13 2135/2008/31 2140/1438/31
f 1465/1434/255 2170/2000/10 2172/1440/10
f 1530/1442/325 2175/2180/8 2176/1443/7
f 1467/502/256 2169/501/11 2179/1445/5
f 2170/1447/10 2180/1452/4 2182/1448/4
f 2183/1450/2 2177/2001/5 2179/1451/5
f 1440/487/241 2130/486/36 2182/1448/4
f 1444/491/245 2183/1990/2 2185/1453/2
f 2151/1454/23 2153/2181/23 2188/1455/156
f 1523/1428/327 2163/2182/105 2191/1457/104
f 1496/511/262 2192/510/121 2139/1459/160
f 1561/1460/342 1560/2183/341 1564/1461/340
f 1500/515/265 2186/2010/156 2188/1463/156
f 1497/1464/263 1496/2011/262 1500/515/265
f 1564/551/340 2194/1548/63 2196/1465/63
f 1497/512/263 2198/1472/87 2200/1466/87
f 1520/523/329 2203/522/86 2204/1467/82
f 1499/514/264 2193/513/107 2207/1469/89
f 1521/524/330 2173/2184/7 2176/1471/7
f 2198/1472/87 2208/2185/90 2210/1473/90
f 1570/553/286 2213/552/100 2214/1474/84
f 2205/1476/89 2207/2186/89 2217/1477/94
f 1607/578/357 1606/577/356 1610/581/359
f 1510/1479/266 2218/1439/95 2210/1480/90
f 1514/521/269 2215/2187/94 2217/1482/94
f 1511/1483/267 1510/1479/266 1514/1484/269
f 1478/505/321 2168/504/12 2218/516/95
f 1482/509/320 1513/520/268 2219/519/99
f 1534/533/324 2189/2188/104 2191/1486/104
f 1533/1487/323 1531/2189/326 1530/1442/325
f 1563/550/339 2197/549/93 2223/1489/92
f 1531/530/326 2224/1497/109 2226/1491/109
f 1601/572/231 1600/571/230 1604/575/229
f 1533/532/323 2220/531/97 2229/1492/96
f 1604/1494/229 2230/1585/165 2232/1495/165
f 1540/535/337 2234/534/67 2226/1491/109
f 1560/547/341 2237/546/66 2238/1498/61
f 1544/539/336 2227/1493/96 2229/1492/96
f 1541/1500/338 1540/2190/337 1544/1487/336
f 1561/1460/342 2211/2030/84 2214/1501/84
f 1541/1500/338 2240/2023/69 2242/1503/69
f 1612/1505/226 2243/1555/80 2244/1506/401
f 1543/538/335 2239/537/68 2247/1508/74
f 1649/608/367 1648/607/366 1652/611/365
f 1550/541/333 2248/540/75 2242/1510/69
f 1680/1512/263 1679/2061/262 1677/619/265
f 1554/1513/332 2245/1458/74 2247/1457/74
f 1551/1515/334 1550/2024/333 1554/1513/332
f 1551/542/334 2201/1468/82 2204/1467/82
f 1553/544/331 2249/543/79 2162/1431/83
f 1574/1518/289 2221/2029/92 2223/1519/92
f 1571/1521/287 1570/2031/286 1574/1518/289
f 1603/1523/228 2233/1496/167 2251/1524/403
f 1571/554/287 2252/1532/101 2254/1526/101
f 1573/556/288 2250/555/77 2257/1527/76
f 2258/1529/52 2260/1614/131 2262/1530/131
f 1580/559/346 2264/558/47 2254/1526/101
f 1600/1533/230 2267/1538/166 2268/1534/164
f 1584/563/345 2255/1528/76 2257/1527/76
f 1583/1518/344 1581/2031/347 1580/1536/346
f 1601/1537/231 1606/2191/356 2244/1506/401
f 1586/1539/368 2270/2025/411 2264/558/47
f 1649/608/367 2271/2054/406 2273/1540/406
f 1583/1518/344 2269/1520/48 2275/567/412
f 1587/566/369 1586/565/368 1590/569/371
f 1687/625/377 1686/624/376 1690/628/379
f 1587/566/369 2276/2035/413 2278/1502/413
f 1720/646/277 1719/645/276 1717/1541/279
f 1589/1543/370 2275/2192/412 2281/1544/414
f 2276/1546/413 2235/1499/61 2238/1498/61
f 2279/1545/414 2281/1544/414 2196/1465/63
f 1616/1549/225 1609/2193/358 2251/1524/403
f 1613/1551/227 1612/2194/226 1616/587/225
f 1652/611/365 2258/1612/52 2263/1552/52
f 1613/1553/227 2284/1562/81 2286/1554/81
f 1615/1556/224 2282/1550/56 2289/1557/55
f 1679/621/262 2292/620/121 2293/1559/160
f 1622/1561/238 2294/1572/27 2286/1554/81
f 2295/1563/117 2297/1569/25 2299/1564/25
f 1626/1566/237 2287/1558/55 2289/1557/55
f 1623/590/239 1622/589/238 1626/593/237
f 1648/1568/366 2274/2195/408 2299/1564/25
f 1623/1570/239 1628/2196/360 2302/1571/404
f 1687/1573/377 2303/1619/39 2305/1574/39
f 1632/1576/363 1625/2197/236 2301/1567/28
f 1629/596/361 1628/595/360 1632/599/363
f 1729/651/386 1727/649/385 1726/648/384
f 1629/1578/361 1634/2198/234 2308/1579/161
f 1760/1580/291 1759/2085/290 1757/664/293
f 1638/1581/233 1631/2199/362 2307/1577/405
f 1635/602/235 1634/601/234 1638/605/233
f 1635/1583/235 2265/1535/164 2268/1534/164
f 1637/1584/232 2309/1582/162 2232/1495/165
f 1651/1586/364 2283/2200/407 2312/1587/409
f 1690/1589/379 2290/1560/160 2293/1559/160
f 2314/1591/112 2316/1599/112 2273/1592/406
f 2310/1588/416 2312/1587/409 2319/1594/110
f 1719/645/276 2322/644/147 2323/1596/157
f 2324/1598/2 2326/2201/2 2316/1599/112
f 1677/619/265 2327/2062/156 2329/1600/156
f 2331/1601/4 2317/1595/110 2319/1594/110
f 1686/624/376 2306/623/415 2329/1603/156
f 1666/613/372 2334/612/418 2326/1540/2
f 1727/649/385 2335/1659/16 2337/1606/16
f 1670/1607/375 2331/1601/4 2333/1602/4
f 1669/615/374 1667/614/373 1666/613/372
f 1767/670/355 1766/669/354 1770/673/353
f 1667/1609/373 2340/1613/421 2342/1610/421
f 1669/615/374 2339/609/420 2345/1552/422
f 2340/1613/421 2295/1563/117 2300/1565/117
f 2260/1614/131 2343/2048/422 2345/1615/422
f 1689/627/378 2313/626/417 2348/1616/13
f 1730/652/387 2320/2078/157 2323/1618/157
f 1696/630/319 2350/629/40 2305/1574/39
f 1700/634/322 2346/2067/13 2348/1620/13
f 1699/633/321 1697/2070/320 1696/1621/319
f 1759/666/290 2354/665/133 2355/1622/396
f 1697/631/320 2356/1631/399 2358/1624/399
f 1717/643/279 2359/1629/149 2361/1625/149
f 1699/633/321 2351/632/12 2365/1626/398
f 1726/1628/384 2338/2202/419 2361/1625/149
f 1706/1630/380 2366/2059/424 2358/1624/399
f 1767/1632/355 2367/1676/154 2369/1633/154
f 1710/640/383 2363/2071/398 2365/1616/398
f 1707/637/381 1706/636/380 1710/640/383
f 1805/688/359 1804/687/358 1808/691/357
f 1707/637/381 2372/1604/89 2374/1603/89
f 1709/1635/382 2371/2203/425 2377/1636/87
f 1676/618/264 2330/617/107 2374/1638/89
f 1680/622/263 2375/1637/87 2377/1636/87
f 1729/1640/386 2349/2204/423 2380/1641/152
f 1770/1643/353 2352/1623/396 2355/1622/396
f 1736/654/274 2382/653/19 2337/1645/16
f 1799/682/225 1798/681/224 1802/685/227
f 1740/658/272 2378/1642/152 2380/1641/152
f 1737/655/275 1736/654/274 1740/1647/272
f 1802/1649/227 2384/1723/81 2386/1650/81
f 1737/655/275 2388/2081/134 2390/1652/134
f 1757/664/293 2391/2086/402 2393/1653/402
f 1739/657/271 2383/656/151 2397/1654/137
f 1766/669/354 2370/668/400 2393/1656/402
f 1746/660/388 2398/659/426 2390/1658/134
f 1810/1660/228 2399/1703/167 2400/1661/403
f 1750/1663/391 2395/1655/137 2397/1654/137
f 1747/661/389 1746/660/388 1750/651/391
f 1747/1665/389 2402/1670/140 2404/1666/140
f 1749/652/390 2401/650/427 2407/1668/145
f 1716/642/278 2362/641/146 2404/1666/140
f 1720/646/277 2405/2205/145 2407/1671/145
f 1769/672/352 2381/671/397 2410/1672/143
f 1808/1674/357 1801/2206/226 2387/1651/80
f 1776/675/284 2412/674/428 2369/1633/154
f 1780/679/282 2408/2091/143 2410/1677/143
f 1777/1678/285 1776/2092/284 1780/679/282
f 1777/676/285 2414/1688/414 2416/1679/414
f 1798/1680/224 2419/1686/56 2420/1681/55
f 1779/678/281 2413/677/142 2423/1683/413
f 1799/1685/225 1804/2207/358 2400/1661/403
f 2424/1687/53 2426/2083/53 2416/1679/414
f 2421/1673/413 2423/1672/413 2429/1689/49
f 2430/1691/126 2432/1656/126 2426/1692/53
f 2427/1694/49 2429/2208/49 2435/1695/129
f 1756/663/292 2394/662/132 2432/1697/126
f 1760/667/291 2433/1696/129 2435/1695/129
f 1814/1699/231 1807/2209/356 2411/1675/401
f 1811/694/229 1810/693/228 1814/697/231
f 1811/1701/229 2437/1708/165 2439/1702/165
f 1813/1704/230 2436/1700/166 2442/1705/164
f 1820/1707/232 2443/1713/162 2439/1702/165
f 1824/1709/235 2440/1706/164 2442/1705/164
f 1821/700/233 1820/699/232 1824/703/235
f 1821/1711/233 1826/2210/362 2445/1712/405
f 1823/1714/234 2444/1710/161 2446/1715/404
f 1827/706/363 1826/705/362 1830/709/361
f 1827/1717/363 1832/2211/236 2447/1718/28
f 1836/1719/239 1829/2212/360 2446/1715/404
f 1833/712/237 1832/711/236 1836/715/239
f 1833/1721/237 2417/1682/55 2420/1681/55
f 1835/1722/238 2448/1720/27 2386/1650/81
f 547/1724/17 541/1727/17 25/1725/17
f 534/15/208 540/6/208 536/716/208
f 545/6/18 532/15/18 26/718/18
f 538/1726/209 533/1725/209 544/1727/209
f 539/15/210 552/6/210 548/716/210
f 551/6/211 546/15/211 542/718/211
f 571/1728/17 565/1731/17 553/1729/17
f 558/21/208 564/9/208 560/3/208
f 569/9/18 556/21/18 554/24/18
f 562/1730/209 557/1729/209 568/1731/209
f 563/21/210 576/9/210 572/3/210
f 575/9/211 570/21/211 566/24/211
f 595/1732/17 589/1735/17 577/1733/17
f 582/30/208 588/36/208 584/32/208
f 593/36/18 580/30/18 578/27/18
f 586/1734/209 581/1733/209 592/1735/209
f 587/30/210 600/36/210 596/32/210
f 599/36/211 594/30/211 590/27/211
f 607/1736/17 613/2213/17 619/1737/17
f 530/57/207 605/2214/213 612/1739/217
f 515/57/196 623/2214/222 606/1739/214
f 604/40/212 622/58/221 616/52/218
f 525/45/204 611/2215/216 618/1740/220
f 520/45/200 617/2215/219 624/1740/223
f 629/730/18 635/741/18 639/744/18
f 639/744/18 645/748/18 649/754/18
f 649/754/18 655/757/18 659/764/18
f 659/764/18 625/724/18 629/730/18
f 629/730/18 639/744/18 649/754/18
f 433/1741/57 634/2216/227 630/1742/224
f 663/1744/238 628/1741/116 626/1743/116
f 637/741/210 632/730/210 627/724/210
f 627/724/210 662/764/210 657/757/210
f 657/757/210 652/754/210 647/748/210
f 647/748/210 642/744/210 637/741/210
f 637/741/210 627/724/210 657/757/210
f 631/63/225 633/65/226 418/1746/65
f 638/1746/46 644/72/231 640/68/228
f 643/1748/230 407/1751/128 410/1749/128
f 648/1751/35 654/2217/235 650/1752/232
f 653/77/234 385/1754/30 394/1753/30
f 658/1754/114 664/84/239 660/80/236
f 671/91/240 677/755/240 681/2218/240
f 681/2218/240 685/2219/240 691/1755/240
f 691/1755/240 697/796/240 701/795/240
f 701/795/240 665/85/240 671/91/240
f 671/91/240 681/2218/240 691/1755/240
f 669/89/244 676/96/249 672/1756/246
f 345/1757/3 670/90/245 666/736/241
f 699/792/243 694/106/243 688/100/243
f 688/100/243 683/768/243 679/1759/243
f 679/1759/243 674/2220/243 668/1760/243
f 668/1760/243 703/2221/243 699/792/243
f 699/792/243 688/100/243 679/1759/243
f 675/722/248 413/746/44 429/731/44
f 680/746/26 380/2222/26 427/1761/26
f 682/773/119 684/2223/119 690/774/253
f 689/775/252 696/2224/257 692/104/254
f 693/781/255 695/783/256 351/797/6
f 700/797/103 704/799/103 702/1763/103
f 705/1764/258 709/2225/258 713/759/258
f 713/759/258 717/808/258 721/109/258
f 721/109/258 727/813/258 731/820/258
f 731/820/258 735/2226/258 705/1764/258
f 705/1764/258 713/759/258 721/109/258
f 402/1765/14 404/2227/14 365/778/14
f 739/1766/268 708/1765/259 706/780/259
f 729/1767/260 724/2228/260 719/2229/260
f 719/2229/260 715/771/260 711/752/260
f 711/752/260 707/751/260 738/118/260
f 738/118/260 733/829/260 729/1767/260
f 729/1767/260 719/2229/260 711/752/260
f 710/786/24 712/2230/24 377/802/24
f 716/802/113 342/804/113 389/1768/113
f 720/1769/261 726/114/265 722/810/262
f 725/113/264 323/816/88 330/1771/88
f 728/1773/150 730/2117/150 313/823/150
f 734/823/91 740/831/269 736/826/266
f 741/121/270 747/814/270 751/2115/270
f 751/2115/270 755/2231/270 759/1774/270
f 759/1774/270 765/2232/270 769/862/270
f 769/862/270 773/867/270 741/121/270
f 741/121/270 751/2115/270 759/1774/270
f 745/125/274 372/777/20 327/1775/20
f 271/1776/135 746/126/275 742/738/271
f 767/848/273 762/130/273 757/835/273
f 757/835/273 753/2120/273 749/1778/273
f 749/1778/273 744/2233/273 775/1779/273
f 775/1779/273 771/860/273 767/848/273
f 767/848/273 757/835/273 749/1778/273
f 750/1780/9 339/805/9 357/789/9
f 752/789/102 754/805/102 308/1782/102
f 758/1784/98 764/841/279 760/128/276
f 763/842/278 289/2234/141 296/1785/141
f 768/1782/138 277/865/138 286/1786/138
f 772/865/70 776/866/70 774/1787/70
f 777/1789/280 783/2235/280 787/821/280
f 787/821/280 791/139/280 797/145/280
f 797/145/280 803/879/280 807/1788/280
f 807/1788/280 811/2236/280 777/1789/280
f 777/1789/280 787/821/280 797/145/280
f 781/1790/284 334/2237/62 293/1791/62
f 815/1792/296 782/763/285 778/134/281
f 805/1793/283 800/2238/283 794/2239/283
f 794/2239/283 789/838/283 785/811/283
f 785/811/283 780/136/283 814/154/283
f 814/154/283 809/895/283 805/1793/283
f 805/1793/283 794/2239/283 785/811/283
f 784/852/148 786/2240/148 305/1794/148
f 788/850/85 790/1794/85 796/869/289
f 793/1796/287 795/143/288 802/150/293
f 801/149/292 251/882/127 258/1798/127
f 806/1799/125 241/889/125 248/894/125
f 810/889/50 816/897/297 812/892/294
f 817/880/210 823/844/210 827/858/210
f 827/858/210 831/857/210 835/907/210
f 835/907/210 841/909/210 845/919/210
f 845/919/210 849/921/210 817/880/210
f 817/880/210 827/858/210 835/907/210
f 821/161/300 300/2241/128 255/1801/128
f 201/1802/35 822/162/301 818/158/298
f 843/909/18 838/907/18 833/857/18
f 833/857/18 829/858/18 825/844/18
f 825/844/18 820/880/18 851/921/18
f 851/921/18 847/919/18 843/909/18
f 843/909/18 833/857/18 825/844/18
f 826/1804/46 267/1807/46 283/1805/46
f 830/1807/65 236/2242/65 281/1808/65
f 832/1809/57 834/2243/57 840/168/305
f 839/167/304 219/2244/116 226/1810/116
f 844/1811/114 207/1814/114 216/1812/114
f 848/1814/30 852/2245/30 850/1815/30
f 853/910/243 857/169/243 863/913/243
f 863/913/243 867/2246/243 873/1816/243
f 873/1816/243 877/2247/243 883/946/243
f 883/946/243 887/187/243 853/910/243
f 853/910/243 863/913/243 873/1816/243
f 262/951/119 862/174/310 858/1817/307
f 891/191/254 856/951/306 854/1818/306
f 880/184/240 875/934/240 870/178/240
f 870/178/240 865/924/240 860/1820/240
f 860/1820/240 855/2248/240 890/1821/240
f 890/1821/240 885/944/240 880/184/240
f 880/184/240 870/178/240 860/1820/240
f 859/1822/308 861/874/309 233/901/26
f 866/901/44 872/926/247 868/886/248
f 871/1823/246 191/1824/111 194/937/111
f 876/1824/3 882/2249/314 878/182/311
f 881/926/313 173/901/103 180/888/103
f 886/901/6 892/874/255 888/1825/256
f 893/1826/260 899/2250/260 905/917/260
f 905/917/260 909/957/260 913/205/260
f 913/205/260 919/211/260 925/970/260
f 925/970/260 929/2251/260 893/1826/260
f 893/1826/260 905/917/260 913/205/260
f 897/1827/262 904/2252/318 900/200/315
f 140/984/88 137/2253/88 898/864/263
f 922/1828/258 916/2254/258 911/2255/258
f 911/2255/258 907/928/258 902/202/258
f 902/202/258 896/196/258 931/982/258
f 931/982/258 927/981/258 922/1828/258
f 922/1828/258 911/2255/258 902/202/258
f 903/906/317 197/952/113 213/1829/113
f 908/952/24 168/954/24 211/1830/24
f 910/1831/14 912/2133/14 918/210/322
f 917/209/321 924/216/267 920/1833/268
f 923/966/266 143/974/91 150/975/91
f 928/974/150 932/2256/150 930/1835/150
f 933/964/273 937/217/273 943/969/273
f 943/969/273 947/2257/273 953/1836/273
f 953/1836/273 957/2258/273 963/1013/273
f 963/1013/273 967/235/273 933/964/273
f 933/964/273 943/969/273 953/1836/273
f 188/1021/98 942/222/326 938/1837/323
f 971/239/337 936/1021/141 934/1838/141
f 960/232/270 955/992/270 950/226/270
f 950/226/270 945/985/270 940/1840/270
f 940/1840/270 935/2259/270 970/1841/270
f 970/1841/270 965/1011/270 960/232/270
f 960/232/270 950/226/270 940/1840/270
f 941/933/325 165/956/102 177/943/102
f 946/956/9 952/987/330 948/941/327
f 951/1842/329 127/1843/20 130/997/20
f 956/1843/135 962/2260/334 958/230/331
f 961/1000/333 105/1845/70 114/1844/70
f 966/1845/138 972/1016/338 968/1846/335
f 973/1847/283 977/2261/283 983/971/283
f 983/971/283 987/247/283 993/1030/283
f 993/1030/283 997/253/283 1003/1044/283
f 1003/1044/283 1007/2262/283 973/1847/283
f 973/1847/283 983/971/283 993/1030/283
f 160/1848/78 982/2263/287 978/242/288
f 1011/1849/346 976/1848/127 974/999/127
f 1000/1850/280 995/2264/280 990/2265/280
f 990/2265/280 985/989/280 980/244/280
f 980/244/280 975/963/280 1010/262/280
f 1010/262/280 1005/1054/280 1000/1850/280
f 1000/1850/280 990/2265/280 980/244/280
f 981/960/286 133/1852/85 147/1851/85
f 986/1852/148 992/1022/342 988/1026/339
f 989/1853/340 991/251/341 93/1035/62
f 996/1035/343 1002/258/295 998/1855/296
f 999/1026/297 1001/1041/294 73/1049/50
f 1006/1049/125 1012/960/347 1008/958/344
f 1013/1038/18 1017/1043/18 1023/1009/18
f 1023/1009/18 1027/1062/18 1031/1069/18
f 1031/1069/18 1037/1068/18 1041/1081/18
f 1041/1081/18 1045/1086/18 1013/1038/18
f 1013/1038/18 1023/1009/18 1031/1069/18
f 124/1856/57 1022/2266/227 1018/1857/224
f 1049/1859/238 1016/1856/116 1014/1858/116
f 1039/1071/210 1034/1064/210 1029/1058/210
f 1029/1058/210 1025/1028/210 1020/996/210
f 1020/996/210 1015/995/210 1048/1084/210
f 1048/1084/210 1043/1078/210 1039/1071/210
f 1039/1071/210 1029/1058/210 1020/996/210
f 1021/269/226 99/1862/65 111/1861/65
f 1026/1862/46 68/2267/46 109/1863/46
f 1030/1864/128 1036/276/299 1032/272/300
f 1033/273/301 1035/275/298 51/1866/35
f 1040/1868/30 41/1871/30 48/1869/30
f 1044/1871/114 1050/281/239 1046/278/236
f 1051/282/240 1057/288/240 1063/1073/240
f 1063/1073/240 1067/2268/240 1071/1872/240
f 1071/1872/240 1077/2269/240 1083/1115/240
f 1083/1115/240 1087/1114/240 1051/282/240
f 1051/282/240 1063/1073/240 1071/1872/240
f 1055/286/244 1062/293/249 1058/1873/246
f 3/1874/3 1056/287/245 1052/979/241
f 1080/303/243 1074/297/243 1069/1091/243
f 1069/1091/243 1065/1090/243 1060/1876/243
f 1060/1876/243 1054/2270/243 1089/1877/243
f 1089/1877/243 1085/1111/243 1080/303/243
f 1080/303/243 1069/1091/243 1060/1876/243
f 1059/1031/247 1061/1033/248 65/1060/44
f 1066/1060/26 36/2271/26 77/1045/26
f 1070/1878/119 1076/1096/253 1072/295/250
f 1073/296/251 1075/1097/252 1082/1879/257
f 1081/1103/256 9/1060/6 16/1047/6
f 1084/1047/103 1086/1060/103 1090/1117/103
f 1091/1881/258 1097/2272/258 1101/1076/258
f 1101/1076/258 1105/312/258 1111/1128/258
f 1111/1128/258 1115/318/258 1121/1140/258
f 1121/1140/258 1125/2273/258 1091/1881/258
f 1091/1881/258 1101/1076/258 1111/1128/258
f 1095/1882/319 60/2274/14 21/1883/14
f 1870/1884/259 1096/1015/320 1092/307/321
f 1118/1885/260 1113/2275/260 1108/2276/260
f 1108/2276/260 1103/1092/260 1099/1065/260
f 1099/1065/260 1094/309/260 1127/1149/260
f 1127/1149/260 1123/1148/260 1118/1885/260
f 1118/1885/260 1108/2276/260 1099/1065/260
f 1100/1886/24 33/1887/24 45/1104/24
f 1104/1887/113 1110/1120/316 1106/1135/317
f 1107/1888/318 1109/316/315 1844/1130/261
f 1114/1130/88 1120/323/351 1116/1890/348
f 1119/1137/350 1864/1145/150 1857/1104/150
f 1124/1145/91 1128/2277/91 1126/1891/91
f 1129/324/270 1135/1134/270 1139/1139/270
f 1139/1139/270 1143/2278/270 1149/1892/270
f 1149/1892/270 1153/2279/270 1159/1179/270
f 1159/1179/270 1163/1185/270 1129/324/270
f 1129/324/270 1139/1139/270 1149/1892/270
f 1133/328/274 28/1099/20 1852/1893/20
f 1904/1894/135 1134/329/275 1130/1052/271
f 1156/339/273 1151/1159/273 1146/333/273
f 1146/333/273 1141/1152/273 1137/1896/273
f 1137/1896/273 1132/2280/273 1165/1897/273
f 1165/1897/273 1161/1176/273 1156/339/273
f 1156/339/273 1146/333/273 1137/1896/273
f 1138/1125/9 1838/1127/9 13/1110/9
f 1142/1127/102 1148/1154/324 1144/1108/325
f 1145/332/326 1147/2281/323 1878/1899/98
f 1150/1164/141 1152/1899/141 1158/1900/336
f 1155/1166/338 1157/1168/335 1898/1182/138
f 1160/1901/70 1162/1182/70 1166/1184/70
f 1167/1904/280 1173/2282/280 1177/1143/280
f 1177/1143/280 1183/1142/280 1187/354/280
f 1187/354/280 1193/1198/280 1197/1903/280
f 1197/1903/280 1201/2283/280 1167/1904/280
f 1167/1904/280 1177/1143/280 1187/354/280
f 1171/1905/284 1847/2284/62 1886/1906/62
f 1205/1907/296 1172/1082/285 1168/343/281
f 1195/1908/283 1190/2285/283 1185/2286/283
f 1185/2286/283 1180/1157/283 1175/1131/283
f 1175/1131/283 1170/345/283 1204/363/283
f 1204/363/283 1199/1215/283 1195/1908/283
f 1195/1908/283 1185/2286/283 1175/1131/283
f 1174/1170/148 1176/2287/148 1182/353/355
f 1181/352/354 1907/1188/85 1860/1909/85
f 1186/1910/78 1192/359/293 1188/1911/290
f 1191/358/292 1924/1203/127 1917/1913/127
f 1196/1914/125 1934/1211/125 1927/1214/125
f 1198/1214/50 1200/1211/50 1206/1217/297
f 1207/1201/210 1213/1200/210 1217/1175/210
f 1217/1175/210 1223/1174/210 1227/1232/210
f 1227/1232/210 1233/1231/210 1237/1248/210
f 1237/1248/210 1243/1247/210 1207/1201/210
f 1207/1201/210 1217/1175/210 1227/1232/210
f 1211/370/300 1881/2288/128 1920/1916/128
f 1972/1917/35 1212/371/301 1208/367/298
f 1235/1236/18 1230/1227/18 1225/1220/18
f 1225/1220/18 1220/1190/18 1215/1162/18
f 1215/1162/18 1210/1256/18 1245/1251/18
f 1245/1251/18 1240/1245/18 1235/1236/18
f 1235/1236/18 1225/1220/18 1215/1162/18
f 1216/1919/46 1222/377/359 1218/373/356
f 1221/376/358 1939/2289/65 1894/1921/65
f 1226/1922/57 1232/383/305 1228/379/302
f 1231/382/304 1958/2290/116 1951/1924/116
f 1236/1925/114 1242/389/363 1238/385/360
f 1239/386/361 1241/388/362 1246/1927/30
f 1247/1233/243 1251/390/243 1257/1238/243
f 1257/1238/243 1261/2291/243 1267/1929/243
f 1267/1929/243 1271/2292/243 1277/1282/243
f 1277/1282/243 1281/408/243 1247/1233/243
f 1247/1233/243 1257/1238/243 1267/1929/243
f 1913/1287/119 1256/395/310 1252/1930/307
f 1283/1932/257 1285/412/254 1250/1287/306
f 1274/405/240 1269/1267/240 1264/399/240
f 1264/399/240 1259/1257/240 1254/1933/240
f 1254/1933/240 1249/2293/240 1284/1934/240
f 1284/1934/240 1279/1280/240 1274/405/240
f 1274/405/240 1264/399/240 1254/1933/240
f 1255/1194/309 1942/1223/26 1930/1210/26
f 1260/1223/44 1266/1259/247 1262/1208/248
f 1263/398/249 1265/2294/246 1982/1935/111
f 1270/1935/3 1276/2295/314 1272/403/311
f 1275/1259/313 2002/1937/103 1995/1936/103
f 1280/1937/6 1286/1194/255 1282/1192/256
f 1287/1938/260 1293/2296/260 1297/1242/260
f 1297/1242/260 1301/1293/260 1305/420/260
f 1305/420/260 1311/1299/260 1315/1306/260
f 1315/1306/260 1319/2297/260 1287/1938/260
f 1287/1938/260 1297/1242/260 1305/420/260
f 1291/1939/262 1947/2298/261 1990/1940/261
f 2040/1941/88 1292/1181/263 1288/415/264
f 1313/1942/258 1308/2299/258 1303/2300/258
f 1303/2300/258 1299/1261/258 1295/1228/258
f 1295/1228/258 1290/417/258 1321/1318/258
f 1321/1318/258 1317/1317/258 1313/1942/258
f 1313/1942/258 1303/2300/258 1295/1228/258
f 1294/1274/113 1296/2301/113 1976/1943/113
f 1298/1272/24 1300/1943/24 2007/1288/24
f 1304/1945/14 1310/425/322 1306/1298/319
f 1307/1947/320 1309/424/321 2024/1303/259
f 1312/1944/91 1314/1309/91 2034/1311/91
f 1318/1311/150 1322/2302/150 1320/1312/150
f 1323/1300/273 1327/426/273 1333/1304/273
f 1333/1304/273 1337/2303/273 1343/1949/273
f 1343/1949/273 1349/2304/273 1353/1345/273
f 1353/1345/273 1357/444/273 1323/1300/273
f 1323/1300/273 1333/1304/273 1343/1949/273
f 1985/1353/98 1332/431/326 1328/1950/323
f 1361/448/337 1326/1353/141 1324/1951/141
f 1351/1333/270 1346/441/270 1340/435/270
f 1340/435/270 1335/1321/270 1330/1953/270
f 1330/1953/270 1325/2305/270 1360/1954/270
f 1360/1954/270 1355/1343/270 1351/1333/270
f 1351/1333/270 1340/435/270 1330/1953/270
f 1331/1266/325 2010/1292/102 1998/1279/102
f 1336/1292/9 1342/1323/330 1338/1277/327
f 1341/1955/329 1348/1327/272 1344/439/274
f 1345/440/275 1347/1328/271 2060/1956/135
f 1352/1958/70 2070/1960/70 2063/1959/70
f 1356/1960/138 1362/1348/338 1358/1961/335
f 1363/1962/283 1369/2306/283 1375/1307/283
f 1375/1307/283 1379/462/283 1385/1361/283
f 1385/1361/283 1389/468/283 1395/1374/283
f 1395/1374/283 1399/2307/283 1363/1962/283
f 1363/1962/283 1375/1307/283 1385/1361/283
f 1367/1249/290 1374/2308/287 1370/457/288
f 2108/1963/127 1368/2164/291 1364/451/292
f 1392/1964/280 1387/2309/280 1382/2310/280
f 1382/2310/280 1377/1325/280 1372/459/280
f 1372/459/280 1366/453/280 1401/1383/280
f 1401/1383/280 1397/1382/280 1392/1964/280
f 1392/1964/280 1382/2310/280 1372/459/280
f 1373/1296/286 2044/1966/85 2030/1965/85
f 1378/1966/148 1384/1354/342 1380/1967/339
f 1383/466/341 2080/1363/62 2077/1968/62
f 1386/1968/343 1388/1363/343 1394/473/295
f 1391/1967/297 1393/1370/294 2102/1377/50
f 1396/1380/125 1398/1377/125 1402/1971/125
f 1403/1369/18 1407/1368/18 1411/1342/18
f 1411/1342/18 1417/1341/18 1421/1397/18
f 1421/1397/18 1425/1396/18 1429/1412/18
f 1429/1412/18 1435/1411/18 1403/1369/18
f 1403/1369/18 1411/1342/18 1421/1397/18
f 2051/1972/57 2049/2311/57 2090/1973/57
f 2146/1975/116 1406/1972/116 1404/1974/116
f 1427/1399/210 1423/1393/210 1419/1387/210
f 1419/1387/210 1414/1360/210 1409/1330/210
f 1409/1330/210 1405/1417/210 1437/1414/210
f 1437/1414/210 1432/1409/210 1427/1399/210
f 1427/1399/210 1419/1387/210 1409/1330/210
f 1410/1977/65 1416/479/357 1412/475/358
f 1415/478/356 2111/2312/46 2066/1979/46
f 1420/1980/128 2118/2313/128 2115/1981/128
f 1422/1981/35 1424/2313/35 2132/1983/35
f 1426/1985/30 1428/2314/30 1434/485/361
f 1431/482/363 1433/484/360 1438/1986/114
f 1439/486/240 1445/1398/240 1449/2176/240
f 1449/2176/240 1455/2315/240 1459/1988/240
f 1459/1988/240 1463/2316/240 1469/1449/240
f 1469/1449/240 1473/1448/240 1439/486/240
f 1439/486/240 1449/2176/240 1459/1988/240
f 1443/490/244 2083/1365/111 2128/1989/111
f 2184/1990/3 1444/491/245 1440/1315/241
f 1466/501/243 1461/1429/243 1457/1419/243
f 1457/1419/243 1452/2177/243 1447/1992/243
f 1447/1992/243 1442/2317/243 1475/1993/243
f 1475/1993/243 1471/1445/243 1466/501/243
f 1466/501/243 1457/1419/243 1447/1992/243
f 1448/1994/44 1454/497/367 1450/493/364
f 1451/494/365 1453/496/366 2149/1996/26
f 1458/1998/119 2158/2318/119 2155/1432/119
f 1460/1432/306 1462/2318/306 1468/1999/257
f 1467/1436/256 2178/2001/6 2171/2000/6
f 1472/2001/103 1476/1450/103 1474/2002/103
f 1477/2003/258 1483/2319/258 1487/1406/258
f 1487/1406/258 1491/1459/258 1495/510/258
f 1495/510/258 1501/1466/258 1505/1473/258
f 1505/1473/258 1509/2320/258 1477/2003/258
f 1477/2003/258 1487/1406/258 1495/510/258
f 1481/2004/319 2121/2321/14 2166/2005/14
f 1511/518/267 1513/2322/268 1482/1347/320
f 1503/2006/260 1498/2323/260 1493/2324/260
f 1493/2324/260 1489/1421/260 1485/1394/260
f 1485/1394/260 1480/507/260 1512/519/260
f 1512/519/260 1507/1482/260 1503/2006/260
f 1503/2006/260 1493/2324/260 1485/1394/260
f 1486/2007/24 2152/1454/24 2136/2008/24
f 1490/1454/113 2187/1456/113 2138/2009/113
f 1494/2010/261 1500/515/265 1496/2011/262
f 1499/514/264 2206/1470/88 2199/2013/88
f 1502/2014/150 1504/1476/150 2216/1478/150
f 1508/1478/91 1514/1484/269 1510/1479/266
f 1515/1467/270 1519/522/270 1525/1471/270
f 1525/1471/270 1529/2325/270 1535/2015/270
f 1535/2015/270 1539/2326/270 1545/1510/270
f 1545/1510/270 1549/540/270 1515/1467/270
f 1515/1467/270 1525/1471/270 1535/2015/270
f 2161/1517/20 1524/527/328 1520/2016/329
f 1553/544/331 1518/1517/135 1516/2017/135
f 1542/537/273 1537/1492/273 1532/531/273
f 1532/531/273 1527/1486/273 1522/2019/273
f 1522/2019/273 1517/2327/273 1552/2020/273
f 1552/2020/273 1547/1508/273 1542/537/273
f 1542/537/273 1532/531/273 1522/2019/273
f 1521/1426/330 1523/1428/327 2190/1458/9
f 1528/1458/102 1534/1488/324 1530/1442/325
f 1533/2021/323 2228/2022/98 2225/1497/98
f 1538/2022/141 1544/2328/336 1540/535/337
f 1543/1488/335 2246/1458/138 2241/2023/138
f 1546/2023/70 1548/1458/70 1554/1513/332
f 1555/2026/280 1559/2329/280 1565/1474/280
f 1565/1474/280 1569/552/280 1575/1526/280
f 1575/1526/280 1579/558/280 1585/2025/280
f 1585/2025/280 1591/2330/280 1555/2026/280
f 1555/2026/280 1565/1474/280 1575/1526/280
f 2195/2027/62 1564/2331/340 1560/547/341
f 2277/1546/343 2280/2332/343 1558/2027/343
f 1582/2028/283 1577/2333/283 1572/2334/283
f 1572/2334/283 1567/1489/283 1562/549/283
f 1562/549/283 1557/1465/283 1593/1544/283
f 1593/1544/283 1588/2192/283 1582/2028/283
f 1582/2028/283 1572/2334/283 1562/549/283
f 1561/1460/342 1563/1462/339 2222/2029/148
f 1568/2029/85 1574/1518/289 1570/2031/286
f 1571/2032/287 1573/556/288 2256/1528/78
f 1578/1528/127 1584/563/345 1580/2034/346
f 1583/1518/344 1590/569/371 1586/565/368
f 1589/568/370 1594/2335/50 1592/2035/50
f 1595/1534/210 1599/1538/210 1605/1506/210
f 1605/1506/210 1611/1555/210 1617/1554/210
f 1617/1554/210 1621/1572/210 1627/1571/210
f 1627/1571/210 1633/1579/210 1595/1534/210
f 1595/1534/210 1605/1506/210 1617/1554/210
f 2231/2036/128 1604/575/229 1600/571/230
f 1637/604/232 1598/2036/35 1596/2037/35
f 1624/1567/18 1619/1557/18 1614/1550/18
f 1614/1550/18 1608/1524/18 1602/1496/18
f 1602/1496/18 1597/1495/18 1636/1582/18
f 1636/1582/18 1630/1577/18 1624/1567/18
f 1624/1567/18 1614/1550/18 1602/1496/18
f 1603/2038/228 1610/581/359 1606/577/356
f 1609/580/358 1616/2336/225 1612/583/226
f 1615/586/224 2288/2041/57 2285/2040/57
f 1620/2041/116 1626/593/237 1622/589/238
f 1625/2042/236 1632/599/363 1628/595/360
f 1631/598/362 1638/2337/233 1634/2044/234
f 1639/1565/243 1643/1564/243 1647/2195/243
f 1647/2195/243 1653/2338/243 1657/2045/243
f 1657/2045/243 1661/2339/243 1665/1611/243
f 1665/1611/243 1671/1610/243 1639/1565/243
f 1639/1565/243 1647/2195/243 1657/2045/243
f 2296/2046/119 2261/1614/119 2259/1529/119
f 2344/2048/306 1642/1614/306 1640/2046/306
f 1663/1602/240 1659/1594/240 1655/1587/240
f 1655/1587/240 1650/2200/240 1645/2050/240
f 1645/2050/240 1641/2340/240 1673/2051/240
f 1673/2051/240 1668/1608/240 1663/1602/240
f 1663/1602/240 1655/1587/240 1645/2050/240
f 1646/1612/26 1652/611/365 1648/607/366
f 1649/608/367 1651/610/364 2311/2053/44
f 1656/2055/111 2318/2341/111 2315/1591/111
f 1658/1591/3 1660/2341/3 2332/2056/3
f 1664/2057/103 1670/616/375 1666/613/372
f 1669/615/374 1674/1612/6 1672/2058/6
f 1675/2060/260 1681/2342/260 1685/1575/260
f 1685/1575/260 1691/1574/260 1695/629/260
f 1695/629/260 1701/1624/260 1705/2059/260
f 1705/2059/260 1711/2343/260 1675/2060/260
f 1675/2060/260 1685/1575/260 1695/629/260
f 1679/2061/262 2291/2344/261 2328/2062/261
f 2376/2063/88 1680/1512/263 1676/618/264
f 1703/2064/258 1698/2345/258 1693/2346/258
f 1693/2346/258 1688/1590/258 1683/1559/258
f 1683/1559/258 1678/620/258 1713/1636/258
f 1713/1636/258 1708/2203/258 1703/2064/258
f 1703/2064/258 1693/2346/258 1683/1559/258
f 1684/2065/113 1690/628/379 1686/624/376
f 1689/627/378 2347/1617/24 2304/2066/24
f 1694/2067/14 1700/634/322 1696/1621/319
f 1699/633/321 2364/1627/259 2357/2069/259
f 1704/2071/91 1710/640/383 1706/636/380
f 1707/637/381 1709/639/382 1714/2072/150
f 1715/641/273 1721/1625/273 1725/2202/273
f 1725/2202/273 1731/2347/273 1735/2073/273
f 1735/2073/273 1741/2348/273 1745/1667/273
f 1745/1667/273 1751/1666/273 1715/641/273
f 1715/641/273 1725/2202/273 1735/2073/273
f 1719/645/276 2321/1597/98 2360/2074/98
f 2403/2075/141 2406/2205/141 1720/646/277
f 1743/1654/270 1738/656/270 1733/1641/270
f 1733/1641/270 1728/2204/270 1723/2076/270
f 1723/2076/270 1718/2349/270 1753/2077/270
f 1753/2077/270 1748/1664/270 1743/1654/270
f 1743/1654/270 1733/1641/270 1723/2076/270
f 1724/2078/102 1730/652/387 1726/648/384
f 1729/651/386 2379/2350/9 2336/1659/9
f 1734/2080/20 1740/1647/272 1736/654/274
f 1739/1648/271 2396/2351/135 2389/2081/135
f 1742/1659/70 1744/2350/70 1750/651/391
f 1747/661/389 1749/652/390 1754/1669/138
f 1755/2084/283 1761/2352/283 1765/1634/283
f 1765/1634/283 1771/1633/283 1775/674/283
f 1775/674/283 1781/1679/283 1785/2083/283
f 1785/2083/283 1789/2353/283 1755/2084/283
f 1755/2084/283 1765/1634/283 1775/674/283
f 1759/2085/290 2353/2354/78 2392/2086/78
f 2434/2087/127 1760/1580/291 1756/663/292
f 1783/2088/280 1778/2355/280 1773/2356/280
f 1773/2356/280 1768/1644/280 1763/1622/280
f 1763/1622/280 1758/665/280 1791/1695/280
f 1791/1695/280 1787/2208/280 1783/2088/280
f 1783/2088/280 1773/2356/280 1763/1622/280
f 1764/2089/85 1770/673/353 1766/669/354
f 1769/672/352 2409/1673/148 2368/2090/148
f 1774/2091/62 1780/679/282 1776/2092/284
f 1777/1678/285 1779/678/281 2422/1684/343
f 1784/1673/50 2428/1690/50 2425/1693/50
f 1788/1690/125 1792/2357/125 1790/1691/125
f 1793/1681/18 1797/1686/18 1803/1661/18
f 1803/1661/18 1809/1703/18 1815/1702/18
f 1815/1702/18 1819/1713/18 1825/1712/18
f 1825/1712/18 1831/1718/18 1793/1681/18
f 1793/1681/18 1803/1661/18 1815/1702/18
f 2418/2095/57 2385/2096/57 1802/685/227
f 1833/712/237 1835/714/238 1796/2096/116
f 1822/1710/210 1817/1705/210 1812/1700/210
f 1812/1700/210 1806/1675/210 1800/1651/210
f 1800/1651/210 1795/1650/210 1834/1720/210
f 1834/1720/210 1828/1715/210 1822/1710/210
f 1822/1710/210 1812/1700/210 1800/1651/210
f 1801/2097/226 1808/691/357 1804/687/358
f 1807/690/356 1814/2358/231 1810/2099/228
f 1813/696/230 2441/2359/128 2438/2100/128
f 1816/2100/35 1818/2359/35 1824/703/235
f 1823/2101/234 1830/709/361 1826/705/362
f 1829/708/360 1836/2360/239 1832/2103/236
