# Blender 5.2.0 LTS
# www.blender.org
o Backdrop_Candle_Detail
v 8.661797 21.817785 -12.881624
v -14.674637 0.000000 8.472404
v 10.567369 65.000000 -14.623492
v 10.567369 63.954144 -15.722579
v -2.043165 48.000000 -15.104591
v -1.253200 49.044376 -14.474614
v 10.567369 24.000000 -15.643492
v 10.567369 25.045855 -16.690540
v 10.000314 65.000000 -14.494065
v 9.545568 65.000000 -14.131417
v 8.686268 63.954144 -14.816686
v 9.523437 63.954144 -15.484305
v 8.748100 24.000000 -14.767379
v 9.557751 24.000000 -15.413054
v 9.103455 25.045855 -16.356409
v 7.929485 25.045855 -15.420200
v 8.298777 24.000000 -12.798767
v 8.298777 24.000000 -13.834349
v 7.277981 25.045855 -14.067339
v 7.277982 25.045855 -12.565777
v -2.840634 65.000000 -15.740551
v -2.588269 65.000000 -16.264589
v -1.481015 63.955624 -16.011868
v -1.952684 63.955624 -15.032434
v -6.131028 48.000000 -17.073202
v -7.116099 49.044376 -17.298037
v -4.872054 48.000000 -14.458915
v -5.310453 49.044376 -13.548573
v -5.681705 48.000000 -15.104591
v -6.131028 48.000000 -16.037619
v -7.116099 49.044376 -15.812784
v -6.471671 49.044376 -14.474614
v -5.681705 48.000000 -18.006229
v -4.872056 48.000000 -18.651903
v -5.310450 49.044376 -19.562248
v -6.471672 49.044376 -18.636206
v -4.429494 65.000000 -17.732916
v -4.884238 65.000000 -17.370270
v -5.772186 63.955624 -18.078386
v -4.922270 63.955624 -18.756172
v -12.340849 65.000000 10.385090
v -12.340849 63.954906 9.263570
v -2.043166 48.000000 -18.006229
v -1.253200 49.044376 -18.636206
v -3.862436 65.000000 -15.248476
v -3.295379 65.000000 -15.377903
v -2.802604 63.955624 -14.354647
v -3.862436 63.955624 -14.112748
v -2.588269 65.000000 -16.846231
v -2.840634 65.000000 -17.370270
v -1.952686 63.955624 -18.078386
v -1.481016 63.955624 -17.098953
v -16.017780 65.000000 -7.001732
v -16.584839 65.000000 -6.872305
v -17.064449 63.954311 -7.868226
v -16.017780 63.954311 -8.107120
v -16.017780 32.000000 -8.021732
v -16.017780 33.045689 -9.062477
v -2.852817 48.000000 -14.458915
v -3.862436 48.000000 -14.228477
v -3.862436 49.044376 -13.218073
v -2.414418 49.044376 -13.548573
v -5.136601 65.000000 -16.846231
v -5.136601 65.000000 -16.264589
v -6.243855 63.955624 -16.011866
v -6.243855 63.955624 -17.098955
v -12.907905 65.000000 10.514517
v -13.394516 63.954906 9.504063
v -18.286373 32.000000 -5.177010
v -19.301025 33.045689 -4.945418
v -17.039581 65.000000 -4.879938
v -16.584839 65.000000 -4.517292
v -17.064449 63.954311 -3.521372
v -17.903811 63.954311 -4.190740
v -3.862436 48.000000 -18.882345
v -2.852815 48.000000 -18.651903
v -2.414422 49.044376 -19.562246
v -3.862436 49.044376 -19.892748
v -14.609441 43.000000 11.174233
v -14.160118 43.000000 10.241203
v -14.961191 44.045094 9.602368
v -15.608364 44.045094 10.946237
v -3.295377 65.000000 -17.732916
v -3.862436 65.000000 -17.862343
v -3.862436 63.955624 -18.998072
v -2.802602 63.955624 -18.756170
v -17.039581 65.000000 -6.509659
v -17.903811 63.954311 -7.198857
v -17.027399 32.000000 -7.791294
v -17.478962 33.045689 -8.728975
v -18.286373 32.000000 -6.212587
v -17.837048 32.000000 -7.145619
v -18.650736 33.045689 -7.794511
v -19.301025 33.045689 -6.444178
v -4.515049 69.500000 -16.850391
v -4.788152 68.453835 -17.869627
v -17.291946 65.000000 -5.985618
v -17.291946 65.000000 -5.403979
v 8.371420 22.481407 -12.815348
v -12.727921 64.953835 12.727921
v -11.981790 66.000000 11.981790
v -12.727921 1.046162 12.727921
v 8.191158 23.221176 -12.774204
v -3.862436 44.500000 -16.555410
v -3.621065 44.587753 -16.054199
v -3.391798 44.846611 -15.578121
v 8.130050 24.000000 -12.760256
v -3.186131 45.263588 -15.151048
v -13.580461 32.000000 -6.251101
v -13.641569 31.221176 -6.237153
v 0.000000 68.500000 -15.000000
v 0.000000 67.884193 -14.905683
v 0.000000 67.276138 -14.623919
v 0.000000 66.683464 -14.158250
v 0.000000 66.113640 -13.514533
v -3.014376 45.817787 -14.794396
v -2.885147 46.481407 -14.526049
v 0.000000 64.610916 -10.606602
v 0.000000 64.199928 -9.352348
v 0.000000 63.843018 -7.980482
v -2.804923 47.221176 -14.359461
v 0.000000 63.308643 -4.954186
v 0.000000 63.137897 -3.337814
v 0.000000 63.034584 -1.679467
v 0.000000 63.000000 0.000000
v -2.777727 48.000000 -14.302988
v -13.821831 30.481407 -6.196009
v -14.112207 29.817785 -6.129733
v -1.425116 48.000000 -17.111713
v -1.486225 47.221176 -17.097765
v -1.666486 46.481407 -17.056622
v -1.956862 45.817787 -16.990345
v 8.612791 24.000000 -11.757833
v 8.661796 23.221176 -11.796914
v 8.806355 22.481407 -11.912196
v 9.039219 21.817785 -12.097898
v 9.348709 21.263590 -12.344709
v 9.719310 20.846609 -12.640253
v 10.132435 20.587753 -12.969709
v 3.882286 68.500000 -14.488887
v 3.857874 67.884193 -14.397784
v 3.784949 67.276138 -14.125621
v 3.664425 66.683464 -13.675818
v 3.497818 66.113640 -13.054036
v 3.287225 65.573822 -12.268090
v 3.035293 65.070808 -11.327868
v 2.745190 64.610916 -10.245190
v 2.420566 64.199928 -9.033674
v 2.065501 63.843018 -7.708553
v 1.684461 63.544670 -6.286493
v 1.282238 63.308643 -4.785377
v 0.863890 63.137897 -3.224081
v 0.434678 63.034584 -1.622241
v -14.498137 29.263590 -6.041647
v -2.342792 45.263588 -16.902260
v 10.567369 20.500000 -13.316558
v -2.804922 44.846611 -16.796782
v -3.320081 44.587753 -16.679199
v -15.169721 29.817785 -3.933784
v -15.040491 30.481407 -3.665436
v -3.427501 44.587753 -16.902260
v -14.960267 28.846609 -5.936169
v -15.475426 28.587753 -5.818587
v 10.325999 20.587753 -12.815347
v 10.096731 20.846609 -12.339269
v 9.891064 21.263590 -11.912196
v 9.719309 21.817785 -11.555544
v 9.590079 22.481407 -11.287196
v 7.500000 68.500000 -12.990381
v 7.452841 67.884193 -12.908699
v 7.311959 67.276138 -12.664684
v 7.079125 66.683464 -12.261403
v 6.757267 66.113640 -11.703928
v 6.350431 65.573822 -10.999269
v 5.863735 65.070808 -10.156288
v 5.303300 64.610916 -9.185586
v 4.676174 64.199928 -8.099371
v 3.990241 63.843018 -6.911300
v 3.254128 63.544670 -5.636315
v 2.477093 63.308643 -4.290451
v 1.668907 63.137897 -2.890632
v 0.839734 63.034584 -1.454461
v -16.017780 28.500000 -5.694798
v -3.014376 44.846611 -17.231716
v 9.509855 23.221176 -11.120609
v 9.482660 24.000000 -11.064137
v -2.643775 45.263588 -17.527260
v -2.334285 45.817787 -17.774071
v -2.101421 46.481407 -17.959772
v -1.956862 47.221176 -18.075054
v -1.907857 48.000000 -18.114136
v -11.492789 40.817787 13.453038
v -15.582846 28.587753 -6.041647
v -15.169721 28.846609 -6.371104
v 10.567369 24.000000 -10.816558
v 10.567369 23.221176 -10.879238
v 10.567369 22.481407 -11.064137
v 10.606602 68.500000 -10.606601
v 10.539909 67.884193 -10.539908
v 10.340672 67.276138 -10.340672
v 10.011394 66.683464 -10.011394
v 9.556217 66.113640 -9.556217
v 8.980865 65.573822 -8.980865
v 8.292574 65.070808 -8.292574
v 7.499999 64.610916 -7.500000
v 6.613109 64.199928 -6.613108
v 5.643053 63.843018 -5.643052
v 4.602032 63.544670 -4.602032
v 3.503139 63.308643 -3.503139
v 2.360191 63.137897 -2.360191
v 1.187563 63.034584 -1.187563
v -14.799120 29.263590 -6.666647
v -14.489630 29.817785 -6.913458
v 10.567369 21.817785 -11.361979
v 10.567369 21.263590 -11.757833
v 10.567369 20.846609 -12.231849
v 10.567369 20.587753 -12.760256
v -14.256765 30.481407 -7.099161
v -14.112207 31.221176 -7.214442
v -14.063202 32.000000 -7.253523
v -9.903529 43.000000 11.135722
v -14.960267 31.221176 -3.498849
v -9.964638 42.221176 11.149670
v -1.907857 48.000000 -14.996686
v -1.956862 47.221176 -15.035767
v 10.808740 20.587753 -12.815347
v 12.990380 68.500000 -7.499999
v 12.908699 67.884193 -7.452840
v 12.664684 67.276138 -7.311958
v 12.261402 66.683464 -7.079124
v 11.703928 66.113640 -6.757266
v 10.999269 65.573822 -6.350430
v 10.156287 65.070808 -5.863735
v 9.185585 64.610916 -5.303300
v 8.099371 64.199928 -4.676174
v 6.911299 63.843018 -3.990241
v 5.636315 63.544670 -3.254128
v 4.290451 63.308643 -2.477093
v 2.890632 63.137897 -1.668907
v 1.454461 63.034584 -0.839733
v -2.101421 46.481407 -15.151048
v -2.334285 45.817787 -15.336750
v 11.038007 20.846609 -12.339269
v 11.243674 21.263590 -11.912195
v 17.000000 35.500000 0.000000
v 11.415429 21.817785 -11.555544
v 11.544659 22.481407 -11.287195
v 11.624883 23.221176 -11.120608
v 11.652079 24.000000 -11.064136
v -10.144899 41.481407 11.190813
v -14.933071 32.000000 -3.442376
v -10.435276 40.817787 11.257090
v -10.821205 40.263588 11.345176
v -11.283336 39.846611 11.450654
v -11.798494 39.587753 11.568235
v 14.488886 68.500000 -3.882285
v 14.397783 67.884193 -3.857874
v 14.125620 67.276138 -3.784948
v 13.675817 66.683464 -3.664424
v 13.054036 66.113640 -3.497818
v 12.268089 65.573822 -3.287224
v 11.327867 65.070808 -3.035293
v 10.245189 64.610916 -2.745190
v 9.033673 64.199928 -2.420565
v 7.708552 63.843018 -2.065500
v 6.286493 63.544670 -1.684461
v 4.785377 63.308643 -1.282238
v 3.224081 63.137897 -0.863890
v 1.622241 63.034584 -0.434678
v -2.643776 45.263588 -15.583561
v -3.014376 44.846611 -15.879106
v -11.363560 41.481407 13.721386
v -2.777726 48.000000 -18.807833
v 12.521948 24.000000 -11.757833
v -2.804922 47.221176 -18.751360
v 12.472942 23.221176 -11.796913
v -2.885146 46.481407 -18.584772
v -3.014376 45.817787 -18.316425
v -3.186130 45.263588 -17.959772
v 13.004689 24.000000 -13.872860
v 12.943581 23.221176 -13.858912
v 12.763319 22.481407 -13.817769
v 15.915291 39.000000 -2.252422
v 15.942488 38.221176 -2.195949
v 14.999997 68.500000 0.000000
v 14.905681 67.884193 0.000000
v 14.623918 67.276138 0.000001
v 14.158247 66.683464 0.000000
v 13.514532 66.113640 0.000000
v 12.700861 65.573822 0.000000
v 11.727469 65.070808 0.000000
v 10.606600 64.610916 -0.000000
v 9.352347 64.199928 0.000000
v 7.980481 63.843018 0.000000
v 6.508256 63.544670 -0.000000
v 4.954186 63.308643 0.000000
v 3.337814 63.137897 0.000000
v 1.679467 63.034584 0.000000
v -3.427501 44.587753 -16.208561
v 9.891065 21.263590 -14.720921
v 16.022711 37.481407 -2.029362
v 16.151941 36.817787 -1.761014
v 16.323696 36.263588 -1.404362
v 16.529362 35.846611 -0.977289
v 16.758629 35.587753 -0.501211
v 12.328383 22.481407 -11.912195
v 12.095520 21.817785 -12.097898
v 16.565065 35.587753 -0.346849
v 16.151941 35.846611 -0.676305
v 15.781341 36.263588 -0.971849
v 15.471849 36.817787 -1.218660
v 15.238986 37.481407 -1.404363
v 15.094427 38.221176 -1.519644
v 14.488885 68.500000 3.882285
v 14.397782 67.884193 3.857874
v 14.125620 67.276138 3.784949
v 13.675816 66.683464 3.664424
v 13.054035 66.113640 3.497819
v 12.268088 65.573822 3.287225
v 11.327866 65.070808 3.035293
v 10.245188 64.610916 2.745190
v 9.033673 64.199928 2.420566
v 7.708552 63.843018 2.065501
v 6.286493 63.544670 1.684460
v 4.785377 63.308643 1.282238
v 3.224081 63.137897 0.863890
v 1.622241 63.034584 0.434678
v 10.096732 20.846609 -14.293847
v 10.325999 20.587753 -13.817769
v 15.045422 39.000000 -1.558725
v 12.472942 21.817785 -13.751493
v 12.087013 21.263590 -13.663406
v 11.624883 20.846609 -13.557928
v 11.109724 20.587753 -13.440347
v -12.340849 39.500000 11.692024
v 7.273681 17.817785 17.499865
v 11.786030 21.263590 -12.344708
v 11.415429 20.846609 -12.640253
v 11.002304 20.587753 -13.663406
v 11.415429 20.846609 -13.992863
v 11.786030 21.263590 -14.288406
v 12.095520 21.817785 -14.535217
v 12.990378 68.500000 7.499999
v 12.908698 67.884193 7.452840
v 12.664683 67.276138 7.311959
v 12.261400 66.683464 7.079123
v 11.703927 66.113640 6.757267
v 10.999268 65.573822 6.350430
v 10.156286 65.070808 5.863734
v 9.185584 64.610916 5.303299
v 8.099370 64.199928 4.676174
v 6.911299 63.843018 3.990241
v 5.636315 63.544670 3.254128
v 4.290451 63.308643 2.477093
v 2.890632 63.137897 1.668907
v 1.454461 63.034584 0.839734
v -11.905914 39.587753 11.345176
v -11.492789 39.846611 11.015719
v 12.328384 22.481407 -14.720921
v 12.472942 23.221176 -14.836202
v 14.562680 39.000000 -0.556303
v 14.623789 38.221176 -0.542355
v 14.804051 37.481407 -0.501212
v 15.094427 36.817787 -0.434935
v 15.480356 36.263588 -0.346849
v 15.942487 35.846611 -0.241371
v 16.457645 35.587753 -0.123789
v 11.002304 20.587753 -12.969709
v -11.122189 40.263588 10.720176
v 16.457645 35.587753 0.123789
v 15.942487 35.846611 0.241370
v 10.606599 68.500000 10.606600
v 10.539907 67.884193 10.539908
v 10.340671 67.276138 10.340672
v 10.011392 66.683464 10.011392
v 9.556216 66.113640 9.556217
v 8.980864 65.573822 8.980864
v 8.292573 65.070808 8.292573
v 7.499998 64.610916 7.499998
v 6.613108 64.199928 6.613109
v 5.643051 63.843018 5.643053
v 4.602032 63.544670 4.602031
v 3.503139 63.308643 3.503139
v 2.360191 63.137897 2.360191
v 1.187562 63.034584 1.187563
v -3.391798 44.846611 -17.532700
v -3.621065 44.587753 -17.056622
v 15.480356 36.263588 0.346848
v 15.094427 36.817787 0.434934
v 14.804050 37.481407 0.501210
v 14.623789 38.221176 0.542354
v 14.562680 39.000000 0.556302
v 12.521948 24.000000 -14.875282
v -10.812698 40.817787 10.473365
v -10.579834 41.481407 10.287663
v -3.862436 44.587753 -17.111713
v -3.862436 44.846611 -17.640120
v -10.435276 42.221176 10.172380
v -10.386271 43.000000 10.133300
v -3.862436 45.817787 -18.509989
v 7.499997 68.500000 12.990378
v 7.452839 67.884193 12.908698
v 7.311957 67.276138 12.664683
v 7.079123 66.683464 12.261401
v 6.757265 66.113640 11.703928
v 6.350430 65.573822 10.999267
v 5.863734 65.070808 10.156286
v 5.303299 64.610916 9.185583
v 4.676173 64.199928 8.099371
v 3.990240 63.843018 6.911299
v 3.254128 63.544670 5.636314
v 2.477093 63.308643 4.290451
v 1.668907 63.137897 2.890632
v 0.839733 63.034584 1.454461
v -3.862436 46.481407 -18.807833
v -3.862436 47.221176 -18.992729
v 8.862942 20.000000 15.182548
v 8.801832 19.221176 15.196495
v 8.621571 18.481407 15.237638
v 8.331195 17.817785 15.303915
v 7.945266 17.263590 15.392001
v -14.063202 32.000000 -4.136074
v 15.045422 39.000000 1.558724
v 15.094426 38.221176 1.519644
v 15.238985 37.481407 1.404362
v 15.471849 36.817787 1.218659
v 15.781340 36.263588 0.971848
v 16.151939 35.846611 0.676305
v 16.565065 35.587753 0.346849
v 3.882284 68.500000 14.488884
v 3.857873 67.884193 14.397780
v 3.784947 67.276138 14.125619
v 3.664423 66.683464 13.675816
v 3.497817 66.113640 13.054036
v 3.287224 65.573822 12.268087
v 3.035292 65.070808 11.327865
v 2.745190 64.610916 10.245187
v 2.420564 64.199928 9.033673
v 2.065499 63.843018 7.708551
v 1.684461 63.544670 6.286492
v 1.282238 63.308643 4.785377
v 0.863890 63.137897 3.224081
v 0.434678 63.034584 1.622240
v -14.933071 32.000000 -7.947221
v -14.112207 31.221176 -4.175154
v -18.369617 63.954311 -5.158006
v -18.369616 63.954311 -6.231589
v 16.758629 35.587753 0.501211
v 16.529362 35.846611 0.977289
v 16.323694 36.263588 1.404362
v 16.151939 36.817787 1.761014
v 16.022711 37.481407 2.029362
v 15.942486 38.221176 2.195949
v 15.915291 39.000000 2.252422
v -4.515049 64.500000 -16.850391
v -4.788152 65.546165 -17.869627
v -13.362651 65.000000 10.877165
v 11.652079 24.000000 -15.568980
v -0.000001 68.500000 14.999995
v -0.000001 67.884193 14.905679
v -0.000001 67.276138 14.623917
v -0.000000 66.683464 14.158246
v -0.000001 66.113640 13.514532
v 0.000000 65.573822 12.700858
v 0.000000 65.070808 11.727468
v 0.000000 64.610916 10.606597
v -0.000001 64.199928 9.352347
v -0.000001 63.843018 7.980479
v 0.000001 63.544670 6.508255
v -0.000000 63.308643 4.954186
v 0.000000 63.137897 3.337814
v -0.000000 63.034584 1.679467
v 9.482660 24.000000 -15.568980
v 9.509857 23.221176 -15.512507
v 11.624883 23.221176 -15.512506
v 11.544659 22.481407 -15.345921
v -13.615015 65.000000 11.401203
v -3.320081 44.587753 -16.431622
v 11.415429 21.817785 -15.077572
v 11.243675 21.263590 -14.720921
v 11.038008 20.846609 -14.293847
v 10.808740 20.587753 -13.817769
v -2.804922 44.846611 -16.314039
v -2.342792 45.263588 -16.208561
v 17.000000 39.000000 2.500000
v 17.000000 38.221176 2.437320
v 17.000000 37.481407 2.252422
v -3.882285 68.500000 14.488883
v -3.857874 67.884193 14.397779
v -3.784949 67.276138 14.125619
v -3.664424 66.683464 13.675815
v -3.497820 66.113640 13.054035
v -3.287224 65.573822 12.268086
v -3.035292 65.070808 11.327865
v -2.745189 64.610916 10.245186
v -2.420567 64.199928 9.033673
v -2.065501 63.843018 7.708550
v -1.684460 63.544670 6.286492
v -1.282238 63.308643 4.785377
v -0.863890 63.137897 3.224081
v -0.434678 63.034584 1.622240
v 9.590081 22.481407 -15.345921
v 9.719311 21.817785 -15.077572
v 17.000000 36.817787 1.954578
v 17.000000 36.263588 1.558725
v 17.000000 35.846611 1.084709
v 17.000000 35.587753 0.556302
v -1.956863 45.817787 -16.120476
v 11.109724 20.587753 -13.192769
v 17.241371 35.587753 0.501211
v 17.470638 35.846611 0.977289
v 17.676306 36.263588 1.404362
v 17.848059 36.817787 1.761014
v 17.977289 37.481407 2.029362
v 18.057512 38.221176 2.195949
v 18.084709 39.000000 2.252422
v -7.499998 68.500000 12.990376
v -7.452840 67.884193 12.908695
v -7.311959 67.276138 12.664682
v -7.079123 66.683464 12.261399
v -6.757267 66.113640 11.703926
v -6.350429 65.573822 10.999266
v -5.863734 65.070808 10.156285
v -5.303298 64.610916 9.185581
v -4.676175 64.199928 8.099370
v -3.990241 63.843018 6.911297
v -3.254127 63.544670 5.636314
v -2.477093 63.308643 4.290451
v -1.668907 63.137897 2.890632
v -0.839734 63.034584 1.454461
v 9.039219 21.817785 -14.535218
v 8.806355 22.481407 -14.720921
v 10.567369 20.587753 -13.872860
v 10.567369 20.846609 -14.401267
v 10.567369 21.263590 -14.875282
v 10.567369 21.817785 -15.271136
v 10.567369 22.481407 -15.568980
v 10.567369 23.221176 -15.753878
v 11.624883 20.846609 -13.075188
v 12.087013 21.263590 -12.969708
v 10.567369 24.000000 -15.816558
v -14.708417 63.954906 11.151641
v -1.666487 46.481407 -16.054199
v -14.239492 63.954906 10.177908
v -1.486225 47.221176 -16.013056
v -10.606599 68.500000 10.606597
v -10.539907 67.884193 10.539905
v -10.340672 67.276138 10.340670
v -10.011392 66.683464 10.011391
v -9.556218 66.113640 9.556215
v -8.980862 65.573822 8.980862
v -8.292572 65.070808 8.292572
v -7.499996 64.610916 7.499996
v -6.613109 64.199928 6.613107
v -5.643052 63.843018 5.643050
v -4.602031 63.544670 4.602031
v -3.503139 63.308643 3.503139
v -2.360191 63.137897 2.360191
v -1.187562 63.034584 1.187562
v 8.661797 23.221176 -14.836203
v 8.612791 24.000000 -14.875282
v -8.722406 69.500000 -15.107648
v 18.954578 39.000000 1.558725
v 18.905573 38.221176 1.519644
v 18.761015 37.481407 1.404362
v 18.528151 36.817787 1.218660
v 18.218660 36.263588 0.971849
v 17.848061 35.846611 0.676305
v 17.434935 35.587753 0.346849
v 12.472942 21.817785 -12.881623
v 12.763319 22.481407 -12.815347
v 17.542355 35.587753 0.123789
v 18.057514 35.846611 0.241371
v 18.519644 36.263588 0.346849
v -12.990376 68.500000 7.499996
v -12.908696 67.884193 7.452837
v -12.664682 67.276138 7.311956
v -12.261400 66.683464 7.079122
v -11.703928 66.113640 6.757264
v -10.999264 65.573822 6.350428
v -10.156285 65.070808 5.863734
v -9.185580 64.610916 5.303298
v -8.099370 64.199928 4.676172
v -6.911298 63.843018 3.990239
v -5.636314 63.544670 3.254128
v -4.290451 63.308643 2.477093
v -2.890632 63.137897 1.668907
v -1.454461 63.034584 0.839733
v -9.250000 68.453835 -16.021469
v -16.017780 65.000000 -4.387865
v 18.905573 36.817787 0.434935
v 19.195950 37.481407 0.501211
v 19.376211 38.221176 0.542355
v 19.437319 39.000000 0.556303
v -15.450724 65.000000 -4.517292
v -14.971113 63.954311 -3.521372
v -16.017780 63.954311 -3.282477
v -8.722406 64.500000 -15.107648
v -9.250000 65.546165 -16.021469
v -12.335344 69.500000 -12.335344
v 12.943581 23.221176 -12.774203
v 13.004689 24.000000 -12.760255
v -13.081475 68.453835 -13.081475
v -14.488881 68.500000 3.882282
v -14.397779 67.884193 3.857872
v -14.125618 67.276138 3.784946
v -13.675815 66.683464 3.664423
v -13.054035 66.113640 3.497816
v -12.268085 65.573822 3.287223
v -11.327864 65.070808 3.035292
v -10.245184 64.610916 2.745189
v -9.033672 64.199928 2.420564
v -7.708551 63.843018 2.065499
v -6.286491 63.544670 1.684460
v -4.785377 63.308643 1.282238
v -3.224081 63.137897 0.863890
v -1.622240 63.034584 0.434678
v -17.027399 32.000000 -3.598304
v -17.478960 33.045689 -2.660625
v -12.335344 64.500000 -12.335344
v -13.081475 65.546165 -13.081475
v -15.107648 69.500000 -8.722406
v -16.021469 68.453835 -9.250000
v -15.107648 64.500000 -8.722406
v 19.437321 39.000000 -0.556302
v 19.376211 38.221176 -0.542354
v 19.195950 37.481407 -0.501211
v 18.905573 36.817787 -0.434935
v 18.519644 36.263588 -0.346849
v 18.057514 35.846611 -0.241370
v 17.542355 35.587753 -0.123789
v -16.021469 65.546165 -9.250000
v -14.999992 68.500000 -0.000002
v -14.905677 67.884193 -0.000002
v -14.623915 67.276138 -0.000001
v -14.158244 66.683464 -0.000001
v -13.514531 66.113640 -0.000002
v -12.700855 65.573822 0.000000
v -11.727468 65.070808 -0.000000
v -10.606594 64.610916 0.000000
v -9.352346 64.199928 -0.000001
v -7.980479 63.843018 -0.000001
v -6.508255 63.544670 0.000000
v -4.954186 63.308643 -0.000000
v -3.337814 63.137897 0.000000
v -1.679466 63.034584 -0.000000
v -16.850391 69.500000 -4.515049
v -17.869627 68.453835 -4.788152
v -15.008162 32.000000 -3.598304
v 17.434935 35.587753 -0.346849
v 17.848061 35.846611 -0.676305
v 18.218660 36.263588 -0.971849
v 18.528151 36.817787 -1.218660
v 18.761015 37.481407 -1.404362
v 18.905573 38.221176 -1.519644
v 18.954578 39.000000 -1.558724
v -16.017780 32.000000 -3.367865
v -16.017780 33.045689 -2.327120
v -14.556600 33.045689 -2.660625
v -16.850391 64.500000 -4.515049
v -17.869627 65.546165 -4.788152
v -14.488878 68.500000 -3.882285
v -14.397778 67.884193 -3.857874
v -14.125617 67.276138 -3.784949
v -13.675813 66.683464 -3.664424
v -13.054033 66.113640 -3.497820
v -12.268084 65.573822 -3.287223
v -11.327864 65.070808 -3.035292
v -10.245184 64.610916 -2.745188
v -9.033672 64.199928 -2.420567
v -7.708550 63.843018 -2.065501
v -6.286491 63.544670 -1.684460
v -4.785377 63.308643 -1.282238
v -3.224081 63.137897 -0.863890
v -1.622240 63.034584 -0.434678
v -1.425116 48.000000 -15.999107
v -14.960267 31.221176 -7.890748
v -17.444811 69.500000 0.000000
v -18.500000 68.453835 0.000000
v -17.444811 64.500000 0.000000
v -18.500000 65.546165 0.000000
v -16.850391 69.500000 4.515049
v -17.869627 68.453835 4.788152
v -16.850391 64.500000 4.515049
v -17.869627 65.546165 4.788152
v -15.107648 69.500000 8.722406
v 18.084709 39.000000 -2.252422
v 18.057514 38.221176 -2.195949
v 17.977289 37.481407 -2.029362
v 17.848061 36.817787 -1.761014
v -12.990373 68.500000 -7.499997
v -12.908693 67.884193 -7.452840
v -12.664681 67.276138 -7.311959
v -12.261398 66.683464 -7.079123
v -11.703924 66.113640 -6.757267
v -10.999263 65.573822 -6.350428
v -10.156284 65.070808 -5.863734
v -9.185579 64.610916 -5.303297
v -8.099369 64.199928 -4.676174
v -6.911297 63.843018 -3.990241
v -5.636313 63.544670 -3.254127
v -4.290451 63.308643 -2.477093
v -2.890632 63.137897 -1.668907
v -1.454460 63.034584 -0.839733
v 10.132435 20.587753 -13.663407
v 9.719310 20.846609 -13.992863
v 17.676306 36.263588 -1.404362
v 17.470638 35.846611 -0.977289
v 17.241371 35.587753 -0.501211
v -15.040491 30.481407 -7.724161
v -16.021469 68.453835 9.250000
v 17.000000 35.587753 -0.556302
v 17.000000 35.846611 -1.084709
v 17.000000 36.263588 -1.558725
v 17.000000 36.817787 -1.954579
v 17.000000 37.481407 -2.252422
v 17.000000 38.221176 -2.437320
v 17.000000 39.000000 -2.500000
v -15.107648 64.500000 8.722406
v -10.606594 68.500000 -10.606597
v -10.539903 67.884193 -10.539906
v -10.340669 67.276138 -10.340671
v -10.011390 66.683464 -10.011391
v -9.556213 66.113640 -9.556217
v -8.980860 65.573822 -8.980860
v -8.292571 65.070808 -8.292571
v -7.499994 64.610916 -7.499995
v -6.613107 64.199928 -6.613108
v -5.643050 63.843018 -5.643052
v -4.602031 63.544670 -4.602031
v -3.503139 63.308643 -3.503139
v -2.360191 63.137897 -2.360191
v -1.187562 63.034584 -1.187562
v 9.348710 21.263590 -14.288406
v 9.047726 21.263590 -13.663407
v -16.021469 65.546165 9.250000
v -12.335344 69.500000 12.335344
v 16.850391 64.500000 4.515049
v -4.658743 1.046162 17.386665
v 0.000000 68.453835 -18.500000
v 0.000000 69.500000 -17.444811
v -16.944811 0.000000 0.000000
v -18.000000 64.953835 0.000000
v -16.944811 66.000000 0.000000
v -17.386665 1.046162 -4.658743
v -16.367430 0.000000 -4.385640
v -17.386665 64.953835 -4.658743
v -16.367430 66.000000 -4.385640
v -7.499995 68.500000 -12.990375
v -7.452836 67.884193 -12.908694
v -7.311955 67.276138 -12.664682
v -7.079122 66.683464 -12.261399
v -6.757262 66.113640 -11.703927
v -6.350427 65.573822 -10.999262
v -5.863734 65.070808 -10.156283
v -5.303296 64.610916 -9.185579
v -4.676172 64.199928 -8.099370
v -3.990239 63.843018 -6.911299
v -3.254127 63.544670 -5.636313
v -2.477093 63.308643 -4.290451
v -1.668907 63.137897 -2.890632
v -0.839733 63.034584 -1.454461
v 9.509856 20.846609 -13.557929
v 10.025015 20.587753 -13.440347
v -15.588457 1.046162 -9.000000
v -14.674637 0.000000 -8.472404
v 4.788152 65.546165 -17.869627
v 0.000000 65.546165 -18.500000
v -15.588457 64.953835 -9.000000
v -14.674637 66.000000 -8.472404
v -12.727921 1.046162 -12.727921
v -11.981790 0.000000 -11.981790
v -4.385640 0.000000 16.367430
v -12.727921 64.953835 -12.727921
v 4.385640 0.000000 -16.367430
v -11.981790 66.000000 -11.981790
v -9.000000 1.046162 -15.588457
v -3.882282 68.500000 -14.488880
v -3.857871 67.884193 -14.397776
v -3.784945 67.276138 -14.125617
v -3.664422 66.683464 -13.675814
v -3.497815 66.113640 -13.054034
v -3.287223 65.573822 -12.268082
v -3.035292 65.070808 -11.327862
v -2.745188 64.610916 -10.245182
v -2.420564 64.199928 -9.033672
v -2.065499 63.843018 -7.708551
v -1.684460 63.544670 -6.286490
v -1.282238 63.308643 -4.785377
v -0.863890 63.137897 -3.224081
v -0.434678 63.034584 -1.622240
v -15.169721 29.817785 -7.455813
v -15.341475 29.263590 -7.099161
v 4.658743 1.046162 -17.386665
v -8.472404 0.000000 -14.674637
v -9.000000 64.953835 -15.588457
v -8.472404 66.000000 -14.674637
v 4.385640 66.000000 -16.367430
v 0.000000 1.046162 -18.000000
v -4.658743 1.046162 -17.386665
v 8.472404 66.000000 -14.674637
v -15.547142 28.846609 -6.672088
v -4.385640 0.000000 -16.367430
v 0.000000 0.000000 -16.944811
v 15.107648 64.500000 8.722406
v -4.658743 64.953835 -17.386665
v 0.000000 64.953835 -18.000000
v 8.130050 24.000000 -13.872861
v 8.191158 23.221176 -13.858913
v 8.371421 22.481407 -13.817770
v 8.661797 21.817785 -13.751493
v -0.000000 65.573822 -12.700852
v -0.000001 65.070808 -11.727466
v -14.256766 30.481407 -4.290436
v -15.776410 28.587753 -6.196010
v -14.489630 29.817785 -4.476139
v -0.000000 63.544670 -6.508254
v -11.283336 42.221176 13.887974
v 10.025015 20.587753 -13.192769
v 9.509856 20.846609 -13.075188
v 9.047726 21.263590 -12.969709
v -14.799120 29.263590 -4.722950
v -11.256140 43.000000 13.944447
v -15.169721 28.846609 -5.018493
v -3.862436 44.587753 -15.999108
v -3.862436 44.846611 -15.470701
v -3.862436 45.263588 -14.996686
v -3.862436 45.817787 -14.600832
v -3.862436 46.481407 -14.302988
v -3.862436 47.221176 -14.118091
v -3.862436 48.000000 -14.055410
v -16.017780 28.587753 -6.251101
v -16.017780 28.846609 -6.779508
v 7.483135 16.846609 15.497479
v -16.017780 29.817785 -7.649377
v -16.017780 30.481407 -7.947221
v -15.582846 28.587753 -5.347950
v -16.017780 31.221176 -8.132118
v 6.967976 16.587753 15.615061
v -4.103806 44.587753 -16.054199
v -4.333074 44.846611 -15.578121
v -4.538741 45.263588 -15.151049
v -4.710496 45.817787 -14.794396
v -4.839725 46.481407 -14.526049
v -4.919950 47.221176 -14.359461
v -4.947145 48.000000 -14.302989
v -16.017780 32.000000 -8.194798
v 6.425622 16.500000 15.738850
v 9.250000 65.546165 -16.021469
v 7.402910 18.481407 17.768211
v 6.860556 16.587753 15.392001
v 7.273682 16.846609 15.062545
v 7.644281 17.263590 14.767001
v 7.953773 17.817785 14.520190
v -4.297370 44.587753 -16.208561
v -4.710495 44.846611 -15.879106
v -5.081096 45.263588 -15.583562
v -5.390587 45.817787 -15.336751
v -5.623450 46.481407 -15.151049
v -5.768009 47.221176 -15.035767
v -5.817014 48.000000 -14.996687
v 0.000000 66.000000 -16.944811
v -4.385640 66.000000 -16.367430
v 4.658743 64.953835 -17.386665
v 11.981790 66.000000 -11.981790
v 12.335344 64.500000 12.335344
v 8.186636 18.481407 14.334488
v 8.472404 0.000000 -14.674637
v 8.331195 19.221176 14.219206
v -4.404790 44.587753 -16.431622
v -4.919949 44.846611 -16.314039
v -5.382080 45.263588 -16.208561
v -5.768008 45.817787 -16.120476
v -6.058385 46.481407 -16.054199
v -6.238647 47.221176 -16.013056
v -6.299755 48.000000 -15.999108
v 9.000000 1.046162 -15.588457
v 13.081475 68.453835 13.081475
v 17.444811 64.500000 0.000000
v 12.335344 69.500000 12.335344
v -11.981790 66.000000 11.981790
v 8.380200 20.000000 14.180125
v -16.367430 0.000000 4.385640
v -11.981790 0.000000 11.981790
v -4.404790 44.587753 -16.679199
v -4.919949 44.846611 -16.796782
v -5.382079 45.263588 -16.902260
v -5.768008 45.817787 -16.990345
v -6.058384 46.481407 -17.056622
v -6.238647 47.221176 -17.097765
v -6.299755 48.000000 -17.111713
v -16.367430 66.000000 4.385640
v -14.674637 66.000000 8.472404
v 13.081475 68.453835 -13.081475
v 9.250000 65.546165 16.021469
v 18.000000 64.953835 0.000000
v -9.000000 64.953835 15.588457
v 8.722406 64.500000 15.107648
v -15.475426 28.587753 -5.571010
v -4.297370 44.587753 -16.902260
v -4.710495 44.846611 -17.231716
v -5.081095 45.263588 -17.527260
v -5.390586 45.817787 -17.774071
v -5.623449 46.481407 -17.959774
v -5.768008 47.221176 -18.075054
v -5.817014 48.000000 -18.114136
v 12.335344 69.500000 -12.335344
v 13.081475 65.546165 -13.081475
v 9.250000 65.546165 -16.021469
v 9.250000 68.453835 16.021469
v 4.788152 68.453835 -17.869627
v -14.960267 28.846609 -5.453428
v 9.250000 68.453835 -16.021469
v -14.498137 29.263590 -5.347950
v -4.103806 44.587753 -17.056622
v -4.333073 44.846611 -17.532700
v -4.538740 45.263588 -17.959772
v -4.710495 45.817787 -18.316425
v -4.839724 46.481407 -18.584772
v -4.919948 47.221176 -18.751360
v -4.947145 48.000000 -18.807833
v 15.107648 69.500000 8.722406
v 8.722406 69.500000 15.107648
v -8.472404 66.000000 14.674637
v -4.385640 66.000000 16.367430
v -8.472404 66.000000 14.674637
v -14.112207 29.817785 -5.259864
v -13.821831 30.481407 -5.193587
v -13.641569 31.221176 -5.152443
v -13.580461 32.000000 -5.138496
v -11.256140 43.000000 9.439602
v -3.862435 45.263588 -18.114136
v -11.283336 42.221176 9.496075
v -11.363560 41.481407 9.662663
v -11.492789 40.817787 9.931009
v -3.862435 48.000000 -19.055410
v -9.000000 1.046162 15.588457
v -11.664543 40.263588 10.287662
v -8.472404 0.000000 14.674637
v -11.870211 39.846611 10.714735
v -15.341475 29.263590 -4.290436
v -15.547143 28.846609 -4.717509
v -15.776410 28.587753 -5.193587
v -10.386271 43.000000 13.250749
v -10.435276 42.221176 13.211668
v -12.099479 39.587753 11.190813
v 7.483134 19.221176 17.934799
v -16.017780 29.817785 -3.740220
v -16.017780 30.481407 -3.442377
v -16.017780 31.221176 -3.257479
v -16.017780 32.000000 -3.194799
v 7.510330 20.000000 17.991272
v -12.340849 39.587753 11.135722
v -12.340849 39.846611 10.607315
v -12.340849 40.263588 10.133300
v -16.017780 29.263590 -4.136074
v -16.017780 28.846609 -4.610089
v -16.017780 28.587753 -5.138496
v -10.579835 41.481407 13.096387
v -10.812698 40.817787 12.910685
v -12.340849 40.817787 9.737446
v -4.658743 64.953835 17.386665
v -16.865841 29.817785 -3.933784
v -16.995070 30.481407 -3.665437
v -17.075294 31.221176 -3.498849
v -17.102489 32.000000 -3.442377
v -12.340849 42.221176 9.254704
v -12.340849 43.000000 9.192024
v -4.385640 66.000000 16.367430
v -4.658743 1.046162 17.386665
v -16.694086 29.263590 -4.290437
v -16.488419 28.846609 -4.717509
v -16.259151 28.587753 -5.193587
v -11.122189 40.263588 12.663874
v -11.492789 39.846611 12.368329
v -4.385640 0.000000 16.367430
v 8.722406 64.500000 -15.107648
v -17.545931 29.817785 -4.476139
v -17.778795 30.481407 -4.290437
v -17.923353 31.221176 -4.175155
v -17.972359 32.000000 -4.136075
v 0.000000 64.953835 18.000000
v 16.021469 68.453835 -9.250000
v 15.107648 69.500000 -8.722406
v 11.981790 0.000000 -11.981790
v -17.236441 29.263590 -4.722950
v -16.865841 28.846609 -5.018494
v -16.452715 28.587753 -5.347950
v -11.905914 39.587753 12.038873
v 0.000000 66.000000 16.944811
v 12.727921 1.046162 12.727921
v 4.788152 68.453835 17.869627
v -17.923353 29.817785 -5.259864
v -18.213730 30.481407 -5.193588
v -18.393991 31.221176 -5.152444
v -18.455099 32.000000 -5.138497
v -4.658743 64.953835 17.386665
v -9.000000 1.046162 15.588457
v 0.000000 0.000000 16.944811
v 16.850391 69.500000 4.515049
v -17.537424 29.263590 -5.347950
v -17.075294 28.846609 -5.453428
v -16.560135 28.587753 -5.571010
v 0.000000 1.046162 18.000000
v 0.000000 0.000000 16.944811
v 17.386665 64.953835 4.658743
v 0.000000 1.046162 18.000000
v -17.923353 29.817785 -6.129734
v -18.213730 30.481407 -6.196010
v -18.393991 31.221176 -6.237154
v -18.455099 32.000000 -6.251101
v 16.850391 64.500000 -4.515049
v 0.000000 64.500000 -17.444811
v 4.515049 64.500000 16.850391
v 0.000000 64.953835 18.000000
v -17.537424 29.263590 -6.041647
v -17.075294 28.846609 -5.936169
v -16.560135 28.587753 -5.818588
v 4.658743 64.953835 17.386665
v 4.385640 66.000000 16.367430
v 4.788152 65.546165 17.869627
v 13.081475 65.546165 13.081475
v -17.545931 29.817785 -6.913458
v -17.778793 30.481407 -7.099161
v -17.923353 31.221176 -7.214443
v -17.972359 32.000000 -7.253523
v 14.674637 66.000000 8.472404
v 4.515049 69.500000 16.850391
v 15.588457 1.046162 9.000000
v 9.000000 64.953835 -15.588457
v -17.236441 29.263590 -6.666647
v -16.865839 28.846609 -6.371104
v -16.452715 28.587753 -6.041647
v 4.658743 1.046162 17.386665
v 4.385640 0.000000 16.367430
v -9.000000 64.953835 15.588457
v 8.722406 69.500000 -15.107648
v -16.865839 29.817785 -7.455812
v -16.995070 30.481407 -7.724161
v -17.075293 31.221176 -7.890748
v -17.102489 32.000000 -7.947221
v 4.515049 69.500000 -16.850391
v 14.674637 0.000000 8.472404
v 16.021469 65.546165 -9.250000
v 16.367430 66.000000 -4.385640
v -16.694084 29.263590 -7.099161
v -16.488419 28.846609 -6.672088
v -16.259151 28.587753 -6.196010
v 9.000000 64.953835 15.588457
v -11.798494 39.587753 11.815813
v 14.674637 66.000000 -8.472404
v 7.510331 20.000000 13.486427
v -11.283336 39.846611 11.933394
v -10.821205 40.263588 12.038874
v -10.435276 40.817787 12.126959
v -10.144899 41.481407 12.193235
v -9.964638 42.221176 12.234379
v -9.903529 43.000000 12.248327
v 7.483135 19.221176 13.542900
v 7.402911 18.481407 13.709488
v -16.017780 29.263590 -7.253523
v 7.273682 17.817785 13.977835
v 7.101927 17.263590 14.334487
v 8.472404 66.000000 14.674637
v 6.896259 16.846609 14.761560
v 6.666992 16.587753 15.237638
v 9.000000 1.046162 15.588457
v -11.664544 40.263588 13.096387
v -11.870212 39.846611 12.669313
v -12.099479 39.587753 12.193235
v 8.472404 0.000000 14.674637
v 8.380199 20.000000 17.297575
v 4.788152 68.453835 -17.869627
v 4.515049 69.500000 -16.850391
v -12.340849 40.817787 13.646603
v -12.340850 41.481407 13.944447
v -12.340849 42.221176 14.129344
v -12.340849 43.000000 14.192024
v 6.425622 16.587753 15.182548
v 6.425622 16.846609 14.654140
v 6.425622 17.263590 14.180125
v 4.788152 65.546165 -17.869627
v -12.340849 40.263588 13.250749
v -12.340849 39.846611 12.776733
v -12.340849 39.587753 12.248326
v 8.331195 19.221176 17.258493
v 8.186636 18.481407 17.143211
v 6.425622 18.481407 13.486427
v 6.425622 19.221176 13.301530
v -13.188910 40.817787 13.453038
v -13.318139 41.481407 13.721386
v -13.398363 42.221176 13.887974
v -13.425558 43.000000 13.944446
v 6.425622 20.000000 13.238850
v 12.727921 64.953835 12.727921
v 11.981790 66.000000 11.981790
v 12.727921 1.046162 12.727921
v -13.017155 40.263588 13.096386
v -12.811487 39.846611 12.669313
v -12.582219 39.587753 12.193235
v 7.953773 17.817785 16.957510
v 7.644281 17.263590 16.710699
v 11.981790 0.000000 11.981790
v 15.588457 64.953835 9.000000
v -13.868999 40.817787 12.910684
v -14.101864 41.481407 13.096386
v -14.246423 42.221176 13.211668
v -14.295427 43.000000 13.250748
v 0.000000 65.546165 18.500000
v 8.472404 66.000000 14.674637
v 11.981790 66.000000 11.981790
v 16.021469 65.546165 9.250000
v -13.559509 40.263588 12.663873
v -13.188909 39.846611 12.368329
v -12.775784 39.587753 12.038873
v 7.273681 16.846609 16.415155
v 6.860556 16.587753 16.085699
v 17.869627 65.546165 4.788152
v 12.727921 64.953835 -12.727921
v -14.246422 40.817787 12.126958
v -14.536798 41.481407 12.193234
v -14.717060 42.221176 12.234378
v -14.778169 43.000000 12.248326
v 18.500000 65.546165 0.000000
v 17.869627 65.546165 -4.788152
v -12.727921 64.953835 12.727921
v 4.658743 1.046162 17.386665
v -13.860493 40.263588 12.038873
v -13.398362 39.846611 11.933394
v -12.883204 39.587753 11.815813
v 4.515049 64.500000 -16.850391
v 14.674637 66.000000 8.472404
v 9.000000 1.046162 15.588457
v 4.515049 64.500000 -16.850391
v -14.246422 40.817787 11.257090
v -14.536798 41.481407 11.190812
v -14.717060 42.221176 11.149669
v -14.778169 43.000000 11.135721
v 8.722406 64.500000 -15.107648
v 0.000000 64.500000 17.444811
v 12.335344 64.500000 -12.335344
v 15.107648 64.500000 -8.722406
v -13.860493 40.263588 11.345175
v -13.398362 39.846611 11.450653
v -12.883204 39.587753 11.568235
v 0.000000 68.453835 -18.500000
v 15.588457 1.046162 9.000000
v -12.727921 1.046162 12.727921
v 17.869627 68.453835 -4.788152
v -13.868999 40.817787 10.473364
v -14.101863 41.481407 10.287662
v -14.246422 42.221176 10.172379
v -14.295427 43.000000 10.133300
v 18.500000 68.453835 0.000000
v -15.588457 1.046162 9.000000
v 17.444811 69.500000 0.000000
v 16.850391 69.500000 -4.515049
v -13.559508 40.263588 10.720175
v -13.188909 39.846611 11.015718
v -12.775784 39.587753 11.345175
v 14.674637 0.000000 8.472404
v 0.000000 69.500000 -17.444811
v 14.674637 0.000000 -8.472404
v 17.386665 1.046162 -4.658743
v -13.188908 40.817787 9.931010
v -13.318137 41.481407 9.662663
v -13.398361 42.221176 9.496075
v -13.425558 43.000000 9.439602
v 0.000000 68.453835 18.500000
v 0.000000 66.000000 16.944811
v 4.385640 66.000000 16.367430
v 16.367430 0.000000 4.385640
v -13.017154 40.263588 10.287662
v -12.811486 39.846611 10.714735
v -12.582219 39.587753 11.190813
v 17.386665 64.953835 4.658743
v 0.000000 65.546165 -18.500000
v 0.000000 64.500000 -17.444811
v 16.367430 66.000000 4.385640
v 6.967976 16.587753 15.862638
v -12.340848 41.481407 9.439602
v 7.483135 16.846609 15.980220
v 7.945266 17.263590 16.085699
v 8.331195 17.817785 16.173784
v 8.621571 18.481407 16.240061
v 8.801832 19.221176 16.281204
v 8.862941 20.000000 16.295153
v 17.386665 1.046162 4.658743
v 16.367430 0.000000 4.385640
v 18.000000 64.953835 0.000000
v 16.944811 66.000000 0.000000
v 18.000000 1.046162 0.000000
v -4.658743 64.953835 -17.386665
v 16.944811 0.000000 0.000000
v 7.101926 17.263590 17.143211
v 6.896259 16.846609 16.716139
v 6.666992 16.587753 16.240061
v -4.385640 66.000000 -16.367430
v 17.386665 64.953835 -4.658743
v -4.658743 1.046162 -17.386665
v 16.367430 66.000000 -4.385640
v 6.425621 17.817785 17.693428
v 6.425621 18.481407 17.991272
v 6.425621 19.221176 18.176168
v 6.425621 20.000000 18.238850
v 17.386665 1.046162 -4.658743
v 16.367430 0.000000 -4.385640
v 15.588457 64.953835 -9.000000
v 14.674637 66.000000 -8.472404
v 6.425621 17.263590 17.297575
v 6.425622 16.846609 16.823559
v 6.425622 16.587753 16.295153
v -4.385640 0.000000 -16.367430
v 15.588457 1.046162 -9.000000
v -9.000000 64.953835 -15.588457
v 14.674637 0.000000 -8.472404
v 5.577561 17.817785 17.499863
v 5.448332 18.481407 17.768211
v 5.368108 19.221176 17.934799
v 5.340912 20.000000 17.991272
v 12.727921 64.953835 -12.727921
v 11.981790 66.000000 -11.981790
v 12.727921 1.046162 -12.727921
v 11.981790 0.000000 -11.981790
v 5.749316 17.263590 17.143211
v 5.954984 16.846609 16.716139
v 6.184251 16.587753 16.240061
v -8.472404 66.000000 -14.674637
v 9.000000 64.953835 -15.588457
v -9.000000 1.046162 -15.588457
v 8.472404 66.000000 -14.674637
v 4.897470 17.817785 16.957508
v 4.664607 18.481407 17.143211
v 4.520048 19.221176 17.258493
v 4.471043 20.000000 17.297573
v 9.000000 1.046162 -15.588457
v 8.472404 0.000000 -14.674637
v 4.658743 64.953835 -17.386665
v 4.385640 66.000000 -16.367430
v 5.206962 17.263590 16.710697
v 5.577561 16.846609 16.415155
v 5.990687 16.587753 16.085699
v -8.472404 0.000000 -14.674637
v 4.658743 1.046162 -17.386665
v -12.727921 64.953835 -12.727921
v 4.385640 0.000000 -16.367430
v 4.520049 17.817785 16.173784
v 4.229672 18.481407 16.240061
v 4.049410 19.221176 16.281204
v 3.988302 20.000000 16.295151
v 0.000000 64.953835 -18.000000
v 0.000000 66.000000 -16.944811
v 15.588457 64.953835 -9.000000
v 17.386665 64.953835 -4.658743
v 4.905977 17.263590 16.085697
v 5.368108 16.846609 15.980220
v 5.883267 16.587753 15.862638
v -11.981790 66.000000 -11.981790
v 0.000000 69.500000 17.444811
v -12.727921 1.046162 -12.727921
v -4.788152 65.546165 17.869627
v 4.520049 17.817785 15.303915
v 4.229672 18.481407 15.237638
v 4.049411 19.221176 15.196494
v 3.988302 20.000000 15.182547
v 9.000000 64.953835 15.588457
v 4.658743 64.953835 17.386665
v -8.472404 0.000000 14.674637
v -11.981790 0.000000 11.981790
v 4.905978 17.263590 15.392000
v 5.368108 16.846609 15.497478
v 5.883267 16.587753 15.615061
v -11.981790 0.000000 -11.981790
v -14.674637 0.000000 8.472404
v -15.588457 64.953835 -9.000000
v 11.981790 0.000000 11.981790
v 4.897471 17.817785 14.520189
v 4.664608 18.481407 14.334487
v 4.520049 19.221176 14.219205
v 4.471044 20.000000 14.180125
v 8.472404 0.000000 14.674637
v 4.385640 0.000000 16.367430
v 16.367430 66.000000 4.385640
v 16.944811 66.000000 0.000000
v 5.206962 17.263590 14.767000
v 5.577562 16.846609 15.062544
v 5.990687 16.587753 15.392000
v -14.674637 66.000000 -8.472404
v 17.869627 68.453835 4.788152
v -15.588457 1.046162 -9.000000
v 16.021469 68.453835 9.250000
v 5.577562 17.817785 13.977836
v 5.448333 18.481407 13.709488
v 5.368109 19.221176 13.542900
v 5.340913 20.000000 13.486427
v -4.515049 64.500000 16.850391
v -4.788152 68.453835 17.869627
v -15.588457 64.953835 9.000000
v -17.386665 64.953835 4.658743
v 5.749317 17.263590 14.334487
v 5.954984 16.846609 14.761560
v 6.184251 16.587753 15.237638
v -14.674637 0.000000 -8.472404
v 0.000000 0.000000 -16.944811
v -17.386665 64.953835 -4.658743
v 0.000000 1.046162 -18.000000
v 6.425622 17.817785 13.784271
v -16.367430 66.000000 -4.385640
v -17.386665 1.046162 -4.658743
v -16.367430 0.000000 -4.385640
v -18.000000 64.953835 0.000000
v -16.944811 66.000000 0.000000
v -18.000000 1.046162 0.000000
v -16.944811 0.000000 0.000000
v -17.386665 64.953835 4.658743
v -16.367430 66.000000 4.385640
v -17.386665 1.046162 4.658743
v -16.367430 0.000000 4.385640
v -15.588457 64.953835 9.000000
v -14.674637 66.000000 8.472404
v -15.588457 1.046162 9.000000
v 8.722406 69.500000 -15.107648
v 9.250000 68.453835 -16.021469
v 12.335344 64.500000 -12.335344
v 13.081475 65.546165 -13.081475
v 12.335344 69.500000 -12.335344
v 13.081475 68.453835 -13.081475
v 15.107648 64.500000 -8.722406
v 16.021469 65.546165 -9.250000
v 15.107648 69.500000 -8.722406
v 16.021469 68.453835 -9.250000
v 16.850391 64.500000 -4.515049
v 17.869627 65.546165 -4.788152
v 16.850391 69.500000 -4.515049
v 17.869627 68.453835 -4.788152
v 17.444811 64.500000 0.000000
v 18.500000 65.546165 0.000000
v 17.444811 69.500000 0.000000
v 18.500000 68.453835 0.000000
v 16.850391 64.500000 4.515049
v 17.869627 65.546165 4.788152
v 16.850391 69.500000 4.515049
v 17.869627 68.453835 4.788152
v 15.107648 64.500000 8.722406
v 16.021469 65.546165 9.250000
v 15.107648 69.500000 8.722406
v 16.021469 68.453835 9.250000
v 12.335344 64.500000 12.335344
v 13.081475 65.546165 13.081475
v 12.335344 69.500000 12.335344
v 13.081475 68.453835 13.081475
v 8.722406 64.500000 15.107648
v 9.250000 65.546165 16.021469
v 8.722406 69.500000 15.107648
v 9.250000 68.453835 16.021469
v 4.515049 64.500000 16.850391
v 4.788152 65.546165 17.869627
v 4.515049 69.500000 16.850391
v 4.788152 68.453835 17.869627
v 0.000000 64.500000 17.444811
v 0.000000 65.546165 18.500000
v 0.000000 69.500000 17.444811
v 0.000000 68.453835 18.500000
v -4.515049 64.500000 16.850391
v -4.788152 65.546165 17.869627
v -4.515049 69.500000 16.850391
v -4.788152 68.453835 17.869627
v -8.722406 64.500000 15.107648
v -9.250000 65.546165 16.021469
v -8.722406 69.500000 15.107648
v -9.250000 68.453835 16.021469
v -12.335344 64.500000 12.335344
v -13.081475 65.546165 13.081475
v -12.335344 69.500000 12.335344
v -13.081475 68.453835 13.081475
v -15.107648 64.500000 8.722406
v -16.021469 65.546165 9.250000
v -15.107648 69.500000 8.722406
v -16.021469 68.453835 9.250000
v -16.850391 64.500000 4.515049
v -17.869627 65.546165 4.788152
v -16.850391 69.500000 4.515049
v -17.869627 68.453835 4.788152
v -17.444811 64.500000 0.000000
v -18.500000 65.546165 0.000000
v -17.444811 69.500000 0.000000
v -18.500000 68.453835 0.000000
v -16.850391 64.500000 -4.515049
v -17.869627 65.546165 -4.788152
v -16.850391 69.500000 -4.515049
v -17.869627 68.453835 -4.788152
v -15.107648 64.500000 -8.722406
v -16.021469 65.546165 -9.250000
v -15.107648 69.500000 -8.722406
v -16.021469 68.453835 -9.250000
v -12.335344 64.500000 -12.335344
v -13.081475 65.546165 -13.081475
v -12.335344 69.500000 -12.335344
v -13.081475 68.453835 -13.081475
v -8.722406 64.500000 -15.107648
v -9.250000 65.546165 -16.021469
v -8.722406 69.500000 -15.107648
v -9.250000 68.453835 -16.021469
v -4.515049 64.500000 -16.850391
v -4.788152 65.546165 -17.869627
v -4.515049 69.500000 -16.850391
v -4.788152 68.453835 -17.869627
v -4.429494 65.000000 -17.732916
v -4.922270 63.955624 -18.756172
v -4.872056 48.000000 -18.651903
v -5.310450 49.044376 -19.562248
v -4.884238 65.000000 -17.370270
v -5.772186 63.955624 -18.078386
v -5.681705 48.000000 -18.006229
v -6.471672 49.044376 -18.636206
v -5.136601 65.000000 -16.846231
v -6.243855 63.955624 -17.098955
v -6.131028 48.000000 -17.073202
v -7.116099 49.044376 -17.298037
v -5.136601 65.000000 -16.264589
v -6.243855 63.955624 -16.011866
v -6.131028 48.000000 -16.037619
v -7.116099 49.044376 -15.812784
v -4.884238 65.000000 -15.740551
v -5.772187 63.955624 -15.032436
v -5.681705 48.000000 -15.104591
v -6.471671 49.044376 -14.474614
v -4.429492 65.000000 -15.377903
v -4.922266 63.955624 -14.354647
v 10.000314 65.000000 -14.494065
v 9.523437 63.954144 -15.484305
v 9.557751 24.000000 -15.413054
v 9.103455 25.045855 -16.356409
v 9.545568 65.000000 -14.131417
v 8.686268 63.954144 -14.816686
v 8.748100 24.000000 -14.767379
v 7.929485 25.045855 -15.420200
v 9.293203 65.000000 -13.607379
v 8.221674 63.954144 -13.851948
v 8.298777 24.000000 -13.834349
v 7.277981 25.045855 -14.067339
v 9.293203 65.000000 -13.025737
v 8.221674 63.954144 -12.781168
v -4.872054 48.000000 -14.458915
v -5.310453 49.044376 -13.548573
v -3.862436 65.000000 -15.248476
v -3.862436 63.955624 -14.112748
v 8.298777 24.000000 -12.798767
v 7.277982 25.045855 -12.565777
v 9.545568 65.000000 -12.501698
v 8.686268 63.954144 -11.816430
v 8.748100 24.000000 -11.865737
v 7.929484 25.045855 -11.212914
v 10.000314 65.000000 -12.139050
v 9.523437 63.954144 -11.148809
v 9.557751 24.000000 -11.220062
v 9.103455 25.045855 -10.276706
v -3.862436 48.000000 -14.228477
v -3.862436 49.044376 -13.218073
v -3.295379 65.000000 -15.377903
v -2.802604 63.955624 -14.354647
v -2.852817 48.000000 -14.458915
v -2.414418 49.044376 -13.548573
v -2.840634 65.000000 -15.740551
v -1.952684 63.955624 -15.032434
v 10.567369 65.000000 -12.009624
v 10.567369 63.954144 -10.910538
v 10.567369 24.000000 -10.989624
v 10.567369 25.045855 -9.942576
v 11.134425 65.000000 -12.139050
v 11.611302 63.954144 -11.148810
v 11.576988 24.000000 -11.220062
v 12.031284 25.045855 -10.276705
v 11.589171 65.000000 -12.501698
v 12.448471 63.954144 -11.816430
v 12.386639 24.000000 -11.865737
v 13.205254 25.045855 -11.212914
v -2.043165 48.000000 -15.104591
v -1.253200 49.044376 -14.474614
v -2.588269 65.000000 -16.264589
v -1.481015 63.955624 -16.011868
v 11.841536 65.000000 -13.025737
v 12.913065 63.954144 -12.781168
v 12.835961 24.000000 -12.798767
v 13.856757 25.045855 -12.565777
v 11.841536 65.000000 -13.607379
v 12.913064 63.954144 -13.851948
v 12.835961 24.000000 -13.834349
v 13.856759 25.045855 -14.067340
v 11.589171 65.000000 -14.131417
v 12.448471 63.954144 -14.816686
v 12.386638 24.000000 -14.767379
v 13.205255 25.045855 -15.420203
v -1.593843 48.000000 -16.037619
v -0.608772 49.044376 -15.812783
v 11.134425 65.000000 -14.494065
v 11.611302 63.954144 -15.484306
v 11.576988 24.000000 -15.413054
v 12.031284 25.045855 -16.356409
v 10.567369 65.000000 -14.623492
v 10.567369 63.954144 -15.722579
v 10.567369 24.000000 -15.643492
v 10.567369 25.045855 -16.690540
v -2.588269 65.000000 -16.846231
v -1.481016 63.955624 -17.098953
v 16.432943 65.000000 -1.177507
v 15.949563 63.954601 -2.181257
v 15.990381 39.000000 -2.096495
v 15.542590 40.045399 -3.026344
v 15.978198 65.000000 -0.814859
v 15.107176 63.954601 -1.509477
v 15.180731 39.000000 -1.450820
v 14.373839 40.045399 -2.094295
v 15.725834 65.000000 -0.290821
v 14.639688 63.954601 -0.538726
v 14.731408 39.000000 -0.517791
v 13.725229 40.045399 -0.747445
v 15.725834 65.000000 0.290821
v 14.639688 63.954601 0.538726
v 14.731408 39.000000 0.517791
v 13.725230 40.045399 0.747445
v 15.978198 65.000000 0.814860
v 15.107177 63.954601 1.509476
v 15.180731 39.000000 1.450820
v 14.373837 40.045399 2.094296
v 16.432943 65.000000 1.177507
v 15.949562 63.954601 2.181257
v 15.990381 39.000000 2.096495
v 15.542590 40.045399 3.026344
v 17.000000 65.000000 1.306934
v 17.000000 63.954601 2.421012
v 17.000000 39.000000 2.326934
v 17.000000 40.045399 3.358988
v 17.567059 65.000000 1.177506
v 18.050438 63.954601 2.181257
v 18.009619 39.000000 2.096494
v 18.457409 40.045399 3.026342
v 18.021803 65.000000 0.814861
v 18.892824 63.954601 1.509476
v 18.819267 39.000000 1.450821
v 19.626160 40.045399 2.094295
v 18.274166 65.000000 0.290820
v 19.360312 63.954601 0.538726
v 19.268593 39.000000 0.517789
v 20.274773 40.045399 0.747445
v 18.274166 65.000000 -0.290820
v 19.360313 63.954601 -0.538726
v 19.268593 39.000000 -0.517789
v 20.274769 40.045399 -0.747444
v 18.021803 65.000000 -0.814861
v 18.892824 63.954601 -1.509476
v -1.593843 48.000000 -17.073202
v -0.608772 49.044376 -17.298038
v 18.819267 39.000000 -1.450821
v 19.626162 40.045399 -2.094296
v 17.567059 65.000000 -1.177506
v 18.050438 63.954601 -2.181256
v 18.009619 39.000000 -2.096494
v 18.457411 40.045399 -3.026344
v -2.840634 65.000000 -17.370270
v -1.952686 63.955624 -18.078386
v 17.000000 65.000000 -1.306934
v 17.000000 63.954601 -2.421012
v 17.000000 39.000000 -2.326934
v 17.000000 40.045399 -3.358988
v -2.043166 48.000000 -18.006229
v -1.253200 49.044376 -18.636206
v -3.295377 65.000000 -17.732916
v -2.802602 63.955624 -18.756170
v -2.852815 48.000000 -18.651903
v -2.414422 49.044376 -19.562246
v -3.862436 65.000000 -17.862343
v -3.862436 63.955624 -18.998072
v -3.862436 48.000000 -18.882345
v -3.862436 49.044376 -19.892748
v -16.584839 65.000000 -6.872305
v -17.064449 63.954311 -7.868226
v -17.027399 32.000000 -7.791294
v -17.478962 33.045689 -8.728975
v -17.039581 65.000000 -6.509659
v -17.903811 63.954311 -7.198857
v -17.837048 32.000000 -7.145619
v -18.650736 33.045689 -7.794511
v -17.291946 65.000000 -5.985618
v -18.369616 63.954311 -6.231589
v -18.286373 32.000000 -6.212587
v -19.301025 33.045689 -6.444178
v -17.291946 65.000000 -5.403979
v -18.369617 63.954311 -5.158006
v -18.286373 32.000000 -5.177010
v -19.301025 33.045689 -4.945418
v -17.039581 65.000000 -4.879938
v -17.903811 63.954311 -4.190740
v -17.837048 32.000000 -4.243978
v -18.650736 33.045689 -3.595085
v -16.584839 65.000000 -4.517292
v -17.064449 63.954311 -3.521372
v -17.027399 32.000000 -3.598304
v -17.478960 33.045689 -2.660625
v -16.017780 65.000000 -4.387865
v -16.017780 63.954311 -3.282477
v -16.017780 32.000000 -3.367865
v -16.017780 33.045689 -2.327120
v -15.450724 65.000000 -4.517292
v -14.971113 63.954311 -3.521372
v -15.008162 32.000000 -3.598304
v -14.556600 33.045689 -2.660625
v -14.995978 65.000000 -4.879939
v -14.131753 63.954311 -4.190740
v -14.198511 32.000000 -4.243979
v -13.384822 33.045689 -3.595085
v -14.743614 65.000000 -5.403977
v -13.665940 63.954311 -5.158008
v -13.749188 32.000000 -5.177007
v -12.734537 33.045689 -4.945417
v -14.743614 65.000000 -5.985620
v -13.665941 63.954311 -6.231589
v -13.749188 32.000000 -6.212590
v -12.734538 33.045689 -6.444179
v -14.995977 65.000000 -6.509657
v -14.131752 63.954311 -7.198857
v -14.198511 32.000000 -7.145619
v -13.384822 33.045689 -7.794511
v -15.450725 65.000000 -6.872306
v -14.971113 63.954311 -7.868225
v -15.008162 32.000000 -7.791294
v -14.556600 33.045689 -8.728972
v -16.017780 65.000000 -7.001732
v -16.017780 63.954311 -8.107120
v -16.017780 32.000000 -8.021732
v -16.017780 33.045689 -9.062477
v -12.907905 65.000000 10.514517
v -13.394516 63.954906 9.504063
v -13.350468 43.000000 9.595530
v -13.795030 44.045094 8.672385
v -13.362651 65.000000 10.877165
v -14.239492 63.954906 10.177908
v -14.160118 43.000000 10.241203
v -14.961191 44.045094 9.602368
v -13.615015 65.000000 11.401203
v -14.708417 63.954906 11.151641
v -14.609441 43.000000 11.174233
v -15.608364 44.045094 10.946237
v -13.615015 65.000000 11.982845
v -14.708417 63.954906 12.232408
v -14.609441 43.000000 12.209815
v -15.608364 44.045094 12.437812
v -13.362651 65.000000 12.506884
v -14.239490 63.954906 13.206139
v -14.160118 43.000000 13.142845
v -14.961192 44.045094 13.781680
v -12.907905 65.000000 12.869532
v -13.394516 63.954906 13.879986
v -13.350468 43.000000 13.788519
v -13.795030 44.045094 14.711665
v -12.340849 65.000000 12.998959
v -12.340849 63.954906 14.120481
v -12.340849 43.000000 14.018958
v -12.340849 44.045094 15.043569
v -11.773793 65.000000 12.869532
v -11.287182 63.954906 13.879987
v -11.331230 43.000000 13.788519
v -10.886669 44.045094 14.711662
v -11.319047 65.000000 12.506884
v -10.442206 63.954906 13.206140
v -10.521580 43.000000 13.142845
v -9.720507 44.045094 13.781680
v -11.066683 65.000000 11.982845
v -9.973281 63.954906 12.232408
v -10.072257 43.000000 12.209815
v -9.073334 44.045094 12.437812
v -11.066683 65.000000 11.401203
v -9.973280 63.954906 11.151641
v -10.072257 43.000000 11.174233
v -9.073334 44.045094 10.946237
v -11.319047 65.000000 10.877165
v -10.442206 63.954906 10.177909
v -10.521580 43.000000 10.241203
v -9.720506 44.045094 9.602368
v -11.773793 65.000000 10.514517
v -11.287182 63.954906 9.504063
v -11.331230 43.000000 9.595530
v -10.886668 44.045094 8.672387
v -12.340849 65.000000 10.385090
v -12.340849 63.954906 9.263570
v -12.340849 43.000000 9.365090
v -12.340849 44.045094 8.340480
v 5.858565 65.000000 14.561342
v 5.382692 63.954094 13.573183
v 5.416003 20.000000 13.642354
v 4.960702 21.045906 12.696915
v 5.403820 65.000000 14.923990
v 4.546327 63.954094 14.240161
v 4.606351 20.000000 14.288031
v 3.785930 21.045906 13.633765
v 5.151456 65.000000 15.448029
v 4.082181 63.954094 15.203975
v 4.157029 20.000000 15.221058
v 3.133979 21.045908 14.987554
v 5.151456 65.000000 16.029671
v 4.082181 63.954094 16.273726
v 4.157029 20.000000 16.256641
v 3.133979 21.045908 16.490145
v 5.403820 65.000000 16.553709
v 4.546328 63.954094 17.237535
v 4.606352 20.000000 17.189669
v 3.785931 21.045908 17.843935
v 5.858566 65.000000 16.916359
v 5.382692 63.954094 17.904516
v 5.416000 20.000000 17.835342
v 4.960702 21.045906 18.780783
v 6.425622 65.000000 17.045786
v 6.425622 63.954094 18.142557
v 6.425622 20.000000 18.065783
v 6.425622 21.045906 19.115143
v 6.992677 65.000000 16.916359
v 7.468550 63.954094 17.904512
v 7.435243 20.000000 17.835342
v 7.890541 21.045906 18.780783
v 7.447423 65.000000 16.553709
v 8.304915 63.954094 17.237537
v 8.244891 20.000000 17.189671
v 9.065316 21.045906 17.843933
v 7.699787 65.000000 16.029671
v 8.769063 63.954094 16.273724
v 8.694214 20.000000 16.256641
v 9.717263 21.045908 16.490147
v 7.699787 65.000000 15.448029
v 8.769063 63.954094 15.203977
v 8.694214 20.000000 15.221059
v 9.717261 21.045908 14.987553
v 7.447423 65.000000 14.923990
v 8.304914 63.954094 14.240162
v 8.244891 20.000000 14.288029
v 9.065315 21.045908 13.633766
v 6.992679 65.000000 14.561342
v 7.468550 63.954094 13.573185
v 7.435240 20.000000 13.642354
v 7.890541 21.045906 12.696916
v 6.425622 65.000000 14.431915
v 6.425622 63.954094 13.335142
v 6.425622 20.000000 13.411916
v 6.425622 21.045906 12.362557
v 15.588457 64.953835 9.000000
v -0.646564 75.953835 -0.889919
v 12.727921 64.953835 12.727921
v -0.646564 68.046165 -0.889919
v -8.722406 69.500000 15.107648
v -1.046162 75.953835 -0.339919
v -4.515049 69.500000 16.850391
v -1.046162 68.046165 -0.339919
v -13.081475 65.546165 13.081475
v -1.046162 75.953835 0.339919
v -9.250000 65.546165 16.021469
v -1.046162 68.046165 0.339919
v -8.722406 64.500000 15.107648
v -0.646564 75.953835 0.889919
v -12.335344 64.500000 12.335344
v -0.646564 68.046165 0.889919
v 17.386665 1.046162 4.658743
v 0.000000 75.953835 1.100000
v 18.000000 1.046162 0.000000
v 0.000000 68.046165 1.100000
v 16.367430 0.000000 -4.385640
v 0.646564 75.953835 0.889919
v 0.000000 67.000000 0.000000
v 0.646564 68.046165 0.889919
v 0.000000 77.000000 0.000000
v 1.046162 75.953835 0.339919
v 16.944811 0.000000 0.000000
v 1.046162 68.046165 0.339919
v -18.000000 1.046162 0.000000
v 1.046162 75.953835 -0.339919
v -17.386665 1.046162 4.658743
v 1.046162 68.046165 -0.339919
v 15.588457 1.046162 -9.000000
v 0.646564 75.953835 -0.889919
v 12.727921 1.046162 -12.727921
v 0.646564 68.046165 -0.889919
v -9.250000 68.453835 16.021469
v 0.000000 75.953835 -1.100000
v -13.081475 68.453835 13.081475
v 0.000000 68.046165 -1.100000
v -5.772187 63.955624 -15.032436
v -4.922266 63.955624 -14.354647
v -4.429492 65.000000 -15.377903
v -4.884238 65.000000 -15.740551
v 7.929484 25.045855 -11.212914
v 8.748100 24.000000 -11.865737
v 8.221674 63.954144 -13.851948
v 9.293203 65.000000 -13.607379
v 8.221674 63.954144 -12.781168
v 9.293203 65.000000 -13.025737
v 12.031284 25.045855 -10.276705
v 10.567369 25.045855 -9.942576
v 10.567369 24.000000 -10.989624
v 11.576988 24.000000 -11.220062
v 9.103455 25.045855 -10.276706
v 9.557751 24.000000 -11.220062
v 8.686268 63.954144 -11.816430
v 9.545568 65.000000 -12.501698
v 13.856759 25.045855 -14.067340
v 13.856757 25.045855 -12.565777
v 12.835961 24.000000 -12.798767
v 12.835961 24.000000 -13.834349
v 9.523437 63.954144 -11.148809
v 10.567369 63.954144 -10.910538
v 10.567369 65.000000 -12.009624
v 10.000314 65.000000 -12.139050
v 11.611302 63.954144 -11.148810
v 11.134425 65.000000 -12.139050
v 12.448471 63.954144 -11.816430
v 12.913065 63.954144 -12.781168
v 11.841536 65.000000 -13.025737
v 11.589171 65.000000 -12.501698
v 13.205254 25.045855 -11.212914
v 12.386639 24.000000 -11.865737
v 12.913064 63.954144 -13.851948
v 11.841536 65.000000 -13.607379
v 13.725230 40.045399 0.747445
v 13.725229 40.045399 -0.747445
v 14.731408 39.000000 -0.517791
v 14.731408 39.000000 0.517791
v 14.373839 40.045399 -2.094295
v 15.542590 40.045399 -3.026344
v 15.990381 39.000000 -2.096495
v 15.180731 39.000000 -1.450820
v 14.639688 63.954601 -0.538726
v 14.639688 63.954601 0.538726
v 15.725834 65.000000 0.290821
v 15.725834 65.000000 -0.290821
v 15.949563 63.954601 -2.181257
v 15.107176 63.954601 -1.509477
v 15.978198 65.000000 -0.814859
v 16.432943 65.000000 -1.177507
v 17.000000 40.045399 -3.358988
v 17.000000 39.000000 -2.326934
v 12.448471 63.954144 -14.816686
v 11.589171 65.000000 -14.131417
v 18.457409 40.045399 3.026342
v 17.000000 40.045399 3.358988
v 17.000000 39.000000 2.326934
v 18.009619 39.000000 2.096494
v 18.892824 63.954601 1.509476
v 19.360312 63.954601 0.538726
v 18.274166 65.000000 0.290820
v 18.021803 65.000000 0.814861
v 17.000000 63.954601 2.421012
v 18.050438 63.954601 2.181257
v 17.567059 65.000000 1.177506
v 17.000000 65.000000 1.306934
v 11.611302 63.954144 -15.484306
v 11.134425 65.000000 -14.494065
v 15.542590 40.045399 3.026344
v 14.373837 40.045399 2.094296
v 15.180731 39.000000 1.450820
v 15.990381 39.000000 2.096495
v 15.107177 63.954601 1.509476
v 15.949562 63.954601 2.181257
v 16.432943 65.000000 1.177507
v 15.978198 65.000000 0.814860
v 12.031284 25.045855 -16.356409
v 11.576988 24.000000 -15.413054
v 17.000000 63.954601 -2.421012
v 17.000000 65.000000 -1.306934
v 13.205255 25.045855 -15.420203
v 12.386638 24.000000 -14.767379
v 18.050438 63.954601 -2.181256
v 17.567059 65.000000 -1.177506
v 19.626162 40.045399 -2.094296
v 20.274769 40.045399 -0.747444
v 19.268593 39.000000 -0.517789
v 18.819267 39.000000 -1.450821
v 20.274773 40.045399 0.747445
v 19.268593 39.000000 0.517789
v 19.360313 63.954601 -0.538726
v 18.274166 65.000000 -0.290820
v 19.626160 40.045399 2.094295
v 18.819267 39.000000 1.450821
v 18.457411 40.045399 -3.026344
v 18.009619 39.000000 -2.096494
v 18.892824 63.954601 -1.509476
v 18.021803 65.000000 -0.814861
v -0.608772 49.044376 -15.812783
v -1.593843 48.000000 -16.037619
v -0.608772 49.044376 -17.298038
v -1.593843 48.000000 -17.073202
v -18.650736 33.045689 -3.595085
v -17.837048 32.000000 -4.243978
v -14.131753 63.954311 -4.190740
v -14.995978 65.000000 -4.879939
v -13.665940 63.954311 -5.158008
v -14.743614 65.000000 -5.403977
v -12.734537 33.045689 -4.945417
v -13.384822 33.045689 -3.595085
v -14.198511 32.000000 -4.243979
v -13.749188 32.000000 -5.177007
v -12.734538 33.045689 -6.444179
v -13.749188 32.000000 -6.212590
v -13.384822 33.045689 -7.794511
v -14.198511 32.000000 -7.145619
v -13.665941 63.954311 -6.231589
v -14.743614 65.000000 -5.985620
v -14.556600 33.045689 -8.728972
v -15.008162 32.000000 -7.791294
v -14.131752 63.954311 -7.198857
v -14.995977 65.000000 -6.509657
v -14.971113 63.954311 -7.868225
v -15.450725 65.000000 -6.872306
v 4.960702 21.045906 12.696915
v 6.425622 21.045906 12.362557
v 6.425622 20.000000 13.411916
v 5.416003 20.000000 13.642354
v -13.795030 44.045094 8.672385
v -12.340849 44.045094 8.340480
v -12.340849 43.000000 9.365090
v -13.350468 43.000000 9.595530
v -14.961192 44.045094 13.781680
v -15.608364 44.045094 12.437812
v -14.609441 43.000000 12.209815
v -14.160118 43.000000 13.142845
v -14.708417 63.954906 12.232408
v -14.239490 63.954906 13.206139
v -13.362651 65.000000 12.506884
v -13.615015 65.000000 11.982845
v -12.340849 44.045094 15.043569
v -13.795030 44.045094 14.711665
v -13.350468 43.000000 13.788519
v -12.340849 43.000000 14.018958
v -13.394516 63.954906 13.879986
v -12.340849 63.954906 14.120481
v -12.340849 65.000000 12.998959
v -12.907905 65.000000 12.869532
v -9.973281 63.954906 12.232408
v -9.973280 63.954906 11.151641
v -11.066683 65.000000 11.401203
v -11.066683 65.000000 11.982845
v -9.720507 44.045094 13.781680
v -10.886669 44.045094 14.711662
v -11.331230 43.000000 13.788519
v -10.521580 43.000000 13.142845
v -11.287182 63.954906 13.879987
v -10.442206 63.954906 13.206140
v -11.319047 65.000000 12.506884
v -11.773793 65.000000 12.869532
v -10.442206 63.954906 10.177909
v -11.287182 63.954906 9.504063
v -11.773793 65.000000 10.514517
v -11.319047 65.000000 10.877165
v -10.886668 44.045094 8.672387
v -9.720506 44.045094 9.602368
v -10.521580 43.000000 10.241203
v -11.331230 43.000000 9.595530
v -9.073334 44.045094 10.946237
v -9.073334 44.045094 12.437812
v -10.072257 43.000000 12.209815
v -10.072257 43.000000 11.174233
v 4.082181 63.954094 15.203975
v 4.082181 63.954094 16.273726
v 5.151456 65.000000 16.029671
v 5.151456 65.000000 15.448029
v 3.785930 21.045906 13.633765
v 4.606351 20.000000 14.288031
v 6.425622 63.954094 13.335142
v 5.382692 63.954094 13.573183
v 5.858565 65.000000 14.561342
v 6.425622 65.000000 14.431915
v 4.546327 63.954094 14.240161
v 5.403820 65.000000 14.923990
v 4.546328 63.954094 17.237535
v 5.382692 63.954094 17.904516
v 5.858566 65.000000 16.916359
v 5.403820 65.000000 16.553709
v 4.960702 21.045906 18.780783
v 3.785931 21.045908 17.843935
v 4.606352 20.000000 17.189669
v 5.416000 20.000000 17.835342
v 3.133979 21.045908 16.490145
v 3.133979 21.045908 14.987554
v 4.157029 20.000000 15.221058
v 4.157029 20.000000 16.256641
v 7.890541 21.045906 18.780783
v 6.425622 21.045906 19.115143
v 6.425622 20.000000 18.065783
v 7.435243 20.000000 17.835342
v 6.425622 63.954094 18.142557
v 7.468550 63.954094 17.904512
v 6.992677 65.000000 16.916359
v 6.425622 65.000000 17.045786
v 8.304915 63.954094 17.237537
v 8.769063 63.954094 16.273724
v 7.699787 65.000000 16.029671
v 7.447423 65.000000 16.553709
v 9.717263 21.045908 16.490147
v 9.065316 21.045906 17.843933
v 8.244891 20.000000 17.189671
v 8.694214 20.000000 16.256641
v 9.065315 21.045908 13.633766
v 9.717261 21.045908 14.987553
v 8.694214 20.000000 15.221059
v 8.244891 20.000000 14.288029
v 8.769063 63.954094 15.203977
v 8.304914 63.954094 14.240162
v 7.447423 65.000000 14.923990
v 7.699787 65.000000 15.448029
v 7.890541 21.045906 12.696916
v 7.435240 20.000000 13.642354
v 7.468550 63.954094 13.573185
v 6.992679 65.000000 14.561342
v -1.046162 68.046165 -0.339919
v -0.646564 68.046165 -0.889919
v 0.000000 68.046165 -1.100000
v -0.646564 75.953835 -0.889919
v -1.046162 75.953835 -0.339919
v -1.046162 75.953835 0.339919
v -0.646564 75.953835 0.889919
v -0.646564 68.046165 0.889919
v -1.046162 68.046165 0.339919
v 0.000000 75.953835 -1.100000
v 0.000000 75.953835 1.100000
v 0.646564 75.953835 0.889919
v 0.000000 68.046165 1.100000
v 0.646564 68.046165 0.889919
v 1.046162 68.046165 -0.339919
v 1.046162 68.046165 0.339919
v 1.046162 75.953835 0.339919
v 1.046162 75.953835 -0.339919
v 0.646564 75.953835 -0.889919
v 0.646564 68.046165 -0.889919
vn -0.8489 -0.4918 0.1937
vn -0.0000 -1.0000 -0.0000
vn -0.0000 0.7244 -0.6893
vn 0.5619 -0.6953 0.4481
vn -0.0000 -0.7075 -0.7067
vn -0.2991 0.7244 -0.6211
vn -0.5390 0.7244 -0.4298
vn -0.5389 0.7244 -0.4298
vn -0.5525 -0.7075 -0.4406
vn -0.3066 -0.7075 -0.6367
vn -0.6890 -0.7075 0.1573
vn -0.6890 -0.7075 -0.1573
vn 0.5292 0.7361 0.4220
vn 0.6599 0.7361 0.1506
vn -0.7007 -0.6953 -0.1599
vn -0.3118 -0.6953 0.6475
vn -0.5619 -0.6953 0.4481
vn -0.7007 -0.6953 0.1599
vn -0.5619 -0.6953 -0.4481
vn -0.3118 -0.6953 -0.6475
vn -0.2937 0.7361 -0.6099
vn -0.5292 0.7361 -0.4220
vn -0.0000 0.7316 -0.6817
vn 0.5619 -0.6953 -0.4481
vn -0.0000 0.7361 0.6769
vn 0.2937 0.7361 0.6099
vn 0.6599 0.7361 -0.1506
vn 0.5292 0.7361 -0.4220
vn -0.0000 0.7265 -0.6872
vn -0.2982 0.7265 -0.6192
vn -0.0000 -0.7054 -0.7088
vn 0.3118 -0.6953 0.6475
vn -0.0000 -0.6953 0.7187
vn -0.6599 0.7361 -0.1506
vn -0.6599 0.7361 0.1506
vn -0.2958 0.7316 -0.6142
vn -0.6910 -0.7054 0.1577
vn -0.5373 0.7265 0.4285
vn -0.2982 0.7265 0.6192
vn -0.0000 -0.6953 -0.7187
vn 0.3118 -0.6953 -0.6475
vn -0.6962 -0.7001 -0.1589
vn -0.5583 -0.7001 -0.4452
vn 0.2937 0.7361 -0.6099
vn -0.0000 0.7361 -0.6769
vn -0.5373 0.7265 -0.4285
vn -0.3075 -0.7054 -0.6386
vn -0.6910 -0.7054 -0.1577
vn -0.5541 -0.7054 -0.4419
vn -0.1822 0.7101 -0.6801
vn -0.6700 0.7265 -0.1529
vn -0.6700 0.7265 0.1529
vn -0.9225 -0.3234 0.2106
vn -0.7071 -0.0000 0.7071
vn -0.0000 1.0000 -0.0000
vn -0.9624 -0.1601 0.2196
vn 0.1390 -0.9473 0.2886
vn 0.2464 -0.8231 0.5117
vn -0.9718 -0.0802 0.2218
vn 0.3250 -0.6625 0.6749
vn 0.9718 -0.0802 -0.2218
vn 0.9624 -0.1601 -0.2197
vn -0.0000 -0.1514 -0.9885
vn -0.0000 -0.2856 -0.9583
vn -0.0000 -0.5184 -0.8551
vn -0.0000 -0.6824 -0.7310
vn -0.0000 -0.7902 -0.6129
vn 0.3778 -0.4918 0.7845
vn 0.4106 -0.3234 0.8525
vn -0.0000 -0.9374 -0.3484
vn -0.0000 -0.9588 -0.2841
vn -0.0000 -0.9738 -0.2274
vn 0.4283 -0.1601 0.8894
vn -0.0000 -0.9916 -0.1295
vn -0.0000 -0.9963 -0.0854
vn -0.0000 -0.9991 -0.0431
vn 0.4325 -0.0802 0.8981
vn 0.9225 -0.3234 -0.2106
vn 0.8489 -0.4918 -0.1938
vn 0.8489 -0.4918 -0.1937
vn -0.7793 -0.0802 0.6215
vn -0.7718 -0.1601 0.6154
vn -0.7398 -0.3234 0.5900
vn -0.6807 -0.4918 0.5429
vn -0.5857 -0.6624 0.4671
vn -0.4440 -0.8231 0.3541
vn -0.2504 -0.9473 0.1997
vn 0.2558 -0.1514 -0.9548
vn 0.2480 -0.2856 -0.9257
vn 0.2213 -0.5184 -0.8260
vn 0.1892 -0.6824 -0.7061
vn 0.1586 -0.7902 -0.5920
vn 0.1320 -0.8601 -0.4927
vn 0.1094 -0.9063 -0.4083
vn 0.0902 -0.9374 -0.3365
vn 0.0735 -0.9588 -0.2744
vn 0.0589 -0.9738 -0.2197
vn 0.0457 -0.9843 -0.1704
vn 0.0335 -0.9916 -0.1251
vn 0.0221 -0.9963 -0.0825
vn 0.0112 -0.9991 -0.0417
vn 0.7303 -0.6624 -0.1667
vn 0.5537 -0.8231 -0.1264
vn 0.3123 -0.9473 -0.0713
vn 0.2504 -0.9473 -0.1997
vn -0.1390 -0.9473 0.2886
vn -0.2464 -0.8231 0.5117
vn -0.3250 -0.6624 0.6749
vn -0.3778 -0.4918 0.7845
vn -0.4106 -0.3234 0.8525
vn 0.4942 -0.1514 -0.8560
vn 0.4792 -0.2856 -0.8300
vn 0.4276 -0.5184 -0.7406
vn 0.3655 -0.6824 -0.6331
vn 0.3065 -0.7902 -0.5308
vn 0.2550 -0.8601 -0.4417
vn 0.2114 -0.9063 -0.3661
vn 0.1742 -0.9374 -0.3017
vn 0.1420 -0.9588 -0.2460
vn 0.1137 -0.9738 -0.1970
vn 0.0882 -0.9843 -0.1528
vn 0.0647 -0.9916 -0.1121
vn 0.0427 -0.9963 -0.0740
vn 0.0216 -0.9991 -0.0373
vn 0.4440 -0.8231 -0.3541
vn -0.4283 -0.1601 0.8894
vn -0.4325 -0.0802 0.8981
vn 0.5857 -0.6625 -0.4671
vn 0.6807 -0.4918 -0.5429
vn 0.7398 -0.3234 -0.5900
vn 0.7717 -0.1601 -0.6155
vn 0.7793 -0.0802 -0.6215
vn -0.0000 -0.0802 0.9968
vn -0.0000 -0.1601 0.9871
vn -0.0000 -0.3234 0.9462
vn 0.6990 -0.1514 -0.6990
vn 0.6777 -0.2856 -0.6777
vn 0.6047 -0.5184 -0.6047
vn 0.5169 -0.6824 -0.5169
vn 0.4334 -0.7902 -0.4334
vn 0.3607 -0.8601 -0.3607
vn 0.2989 -0.9063 -0.2989
vn 0.2463 -0.9374 -0.2463
vn 0.2009 -0.9588 -0.2009
vn 0.1608 -0.9738 -0.1608
vn 0.1247 -0.9843 -0.1247
vn 0.0916 -0.9916 -0.0916
vn 0.0604 -0.9963 -0.0604
vn 0.0305 -0.9991 -0.0305
vn -0.0000 -0.4918 0.8707
vn -0.0000 -0.6624 0.7491
vn -0.0000 -0.8231 0.5679
vn -0.0000 -0.9473 0.3203
vn 0.7718 -0.1601 -0.6155
vn 0.7793 -0.0802 0.6215
vn 0.7718 -0.1601 0.6154
vn 0.8560 -0.1514 -0.4942
vn 0.8300 -0.2856 -0.4792
vn 0.7406 -0.5184 -0.4276
vn 0.6331 -0.6824 -0.3655
vn 0.5308 -0.7902 -0.3065
vn 0.4417 -0.8601 -0.2550
vn 0.3661 -0.9063 -0.2114
vn 0.3017 -0.9374 -0.1742
vn 0.2460 -0.9588 -0.1420
vn 0.1970 -0.9738 -0.1137
vn 0.1528 -0.9843 -0.0882
vn 0.1122 -0.9916 -0.0647
vn 0.0740 -0.9963 -0.0427
vn 0.0374 -0.9991 -0.0216
vn 0.7398 -0.3234 0.5900
vn 0.6807 -0.4918 0.5429
vn 0.9548 -0.1514 -0.2558
vn 0.9257 -0.2856 -0.2480
vn 0.8260 -0.5184 -0.2213
vn 0.7061 -0.6824 -0.1892
vn 0.5920 -0.7902 -0.1586
vn 0.4927 -0.8601 -0.1320
vn 0.4083 -0.9063 -0.1094
vn 0.3365 -0.9374 -0.0902
vn 0.2744 -0.9588 -0.0735
vn 0.2197 -0.9738 -0.0589
vn 0.1704 -0.9843 -0.0457
vn 0.1251 -0.9916 -0.0335
vn 0.0825 -0.9963 -0.0221
vn 0.0417 -0.9991 -0.0112
vn 0.5857 -0.6624 0.4671
vn 0.4440 -0.8231 0.3541
vn 0.4325 -0.0802 -0.8981
vn 0.4283 -0.1601 -0.8894
vn 0.4106 -0.3234 -0.8525
vn 0.3778 -0.4918 -0.7845
vn 0.3250 -0.6625 -0.6749
vn -0.4325 -0.0802 -0.8981
vn -0.4283 -0.1601 -0.8894
vn 0.9885 -0.1514 -0.0000
vn 0.9583 -0.2856 -0.0000
vn 0.8551 -0.5184 -0.0000
vn 0.7310 -0.6824 -0.0000
vn 0.6129 -0.7902 -0.0000
vn 0.5101 -0.8601 -0.0000
vn 0.4227 -0.9063 -0.0000
vn 0.3484 -0.9374 -0.0000
vn 0.2841 -0.9588 -0.0000
vn 0.2274 -0.9738 -0.0000
vn 0.1764 -0.9843 -0.0000
vn 0.1295 -0.9916 -0.0000
vn 0.0854 -0.9963 -0.0000
vn 0.0431 -0.9991 -0.0000
vn 0.2504 -0.9473 0.1997
vn -0.3250 -0.6624 -0.6749
vn -0.4106 -0.3234 -0.8525
vn -0.3778 -0.4918 -0.7845
vn -0.2464 -0.8231 -0.5117
vn -0.1390 -0.9473 -0.2886
vn -0.2504 -0.9473 -0.1997
vn -0.4440 -0.8231 -0.3541
vn -0.5857 -0.6624 -0.4671
vn -0.6807 -0.4918 -0.5429
vn -0.7398 -0.3234 -0.5900
vn -0.7718 -0.1601 -0.6154
vn 0.9548 -0.1514 0.2558
vn 0.9257 -0.2856 0.2480
vn 0.8260 -0.5184 0.2213
vn 0.7061 -0.6824 0.1892
vn 0.5920 -0.7902 0.1586
vn 0.4927 -0.8601 0.1320
vn 0.4083 -0.9063 0.1094
vn 0.3365 -0.9374 0.0902
vn 0.2744 -0.9588 0.0735
vn 0.2197 -0.9738 0.0589
vn 0.1704 -0.9843 0.0457
vn 0.1251 -0.9916 0.0335
vn 0.0825 -0.9963 0.0221
vn 0.0417 -0.9991 0.0112
vn -0.7793 -0.0802 -0.6215
vn 0.5857 -0.6624 -0.4671
vn 0.8560 -0.1514 0.4942
vn 0.8300 -0.2856 0.4792
vn 0.7406 -0.5184 0.4276
vn 0.6331 -0.6824 0.3655
vn 0.5308 -0.7902 0.3065
vn 0.4417 -0.8601 0.2550
vn 0.3661 -0.9063 0.2114
vn 0.3017 -0.9374 0.1742
vn 0.2460 -0.9588 0.1420
vn 0.1970 -0.9738 0.1137
vn 0.1528 -0.9843 0.0882
vn 0.1121 -0.9916 0.0647
vn 0.0740 -0.9963 0.0427
vn 0.0373 -0.9991 0.0216
vn 0.7718 -0.1601 -0.6154
vn -0.9718 -0.0802 -0.2218
vn -0.9624 -0.1601 -0.2197
vn -0.9225 -0.3234 -0.2106
vn -0.8489 -0.4918 -0.1937
vn -0.7303 -0.6625 -0.1667
vn -0.5537 -0.8231 -0.1264
vn -0.3123 -0.9473 -0.0713
vn -0.3123 -0.9473 0.0713
vn -0.5537 -0.8231 0.1264
vn 0.6990 -0.1514 0.6990
vn 0.6777 -0.2856 0.6777
vn 0.6047 -0.5184 0.6047
vn 0.5169 -0.6824 0.5169
vn 0.4334 -0.7902 0.4334
vn 0.3607 -0.8601 0.3607
vn 0.2989 -0.9063 0.2989
vn 0.2463 -0.9374 0.2463
vn 0.2009 -0.9588 0.2009
vn 0.1608 -0.9738 0.1608
vn 0.1247 -0.9843 0.1247
vn 0.0916 -0.9916 0.0916
vn 0.0604 -0.9963 0.0604
vn 0.0305 -0.9991 0.0305
vn 0.2464 -0.8231 -0.5117
vn 0.1390 -0.9473 -0.2886
vn -0.7303 -0.6625 0.1667
vn -0.0000 -0.9473 -0.3203
vn -0.0000 -0.8231 -0.5679
vn -0.0000 -0.4918 -0.8707
vn 0.4942 -0.1514 0.8560
vn 0.4792 -0.2856 0.8300
vn 0.4276 -0.5184 0.7406
vn 0.3655 -0.6824 0.6331
vn 0.3065 -0.7902 0.5308
vn 0.2550 -0.8601 0.4417
vn 0.2114 -0.9063 0.3661
vn 0.1742 -0.9374 0.3017
vn 0.1421 -0.9588 0.2460
vn 0.1137 -0.9738 0.1970
vn 0.0882 -0.9843 0.1528
vn 0.0648 -0.9916 0.1121
vn 0.0427 -0.9963 0.0740
vn 0.0216 -0.9991 0.0373
vn -0.0000 -0.3234 -0.9462
vn -0.0000 -0.1601 -0.9871
vn -0.5857 -0.6625 0.4671
vn 0.2558 -0.1514 0.9548
vn 0.2480 -0.2856 0.9257
vn 0.2213 -0.5184 0.8260
vn 0.1892 -0.6824 0.7061
vn 0.1586 -0.7902 0.5920
vn 0.1320 -0.8601 0.4927
vn 0.1094 -0.9063 0.4083
vn 0.0902 -0.9374 0.3365
vn 0.0735 -0.9588 0.2744
vn 0.0589 -0.9738 0.2197
vn 0.0457 -0.9843 0.1704
vn 0.0335 -0.9916 0.1251
vn 0.0221 -0.9963 0.0825
vn 0.0112 -0.9991 0.0417
vn 0.7717 -0.1601 0.6155
vn -0.6700 0.7264 0.1529
vn -0.1822 -0.7101 -0.6801
vn -0.5330 0.7316 -0.4251
vn -0.0000 -0.1514 0.9885
vn -0.0000 -0.2856 0.9583
vn -0.0000 -0.5184 0.8551
vn -0.0000 -0.6824 0.7310
vn -0.0000 -0.7902 0.6129
vn -0.0000 -0.8601 0.5101
vn -0.0000 -0.9063 0.4227
vn -0.0000 -0.9374 0.3484
vn -0.0000 -0.9588 0.2841
vn -0.0000 -0.9738 0.2274
vn -0.0000 -0.9843 0.1764
vn -0.0000 -0.9916 0.1295
vn -0.0000 -0.9963 0.0854
vn -0.0000 -0.9991 0.0431
vn -0.6646 0.7316 -0.1517
vn 0.3123 -0.9473 0.0713
vn 0.3250 -0.6624 -0.6749
vn 0.5537 -0.8231 0.1264
vn 0.7303 -0.6625 0.1667
vn -0.2558 -0.1514 0.9548
vn -0.2480 -0.2856 0.9257
vn -0.2213 -0.5184 0.8260
vn -0.1892 -0.6824 0.7061
vn -0.1586 -0.7902 0.5920
vn -0.1320 -0.8601 0.4927
vn -0.1094 -0.9063 0.4083
vn -0.0902 -0.9374 0.3365
vn -0.0735 -0.9588 0.2744
vn -0.0589 -0.9738 0.2197
vn -0.0457 -0.9843 0.1704
vn -0.0335 -0.9916 0.1251
vn -0.0221 -0.9963 0.0825
vn -0.0112 -0.9991 0.0417
vn 0.8489 -0.4918 0.1937
vn 0.3250 -0.6624 0.6749
vn -0.4942 -0.1514 0.8560
vn -0.4792 -0.2856 0.8300
vn -0.4276 -0.5184 0.7406
vn -0.3655 -0.6824 0.6331
vn -0.3065 -0.7902 0.5308
vn -0.2550 -0.8601 0.4417
vn -0.2114 -0.9063 0.3661
vn -0.1742 -0.9374 0.3017
vn -0.1421 -0.9588 0.2460
vn -0.1137 -0.9738 0.1970
vn -0.0882 -0.9843 0.1528
vn -0.0648 -0.9916 0.1121
vn -0.0427 -0.9963 0.0740
vn -0.0216 -0.9991 0.0373
vn -0.0000 -0.6624 -0.7491
vn 0.7303 -0.6624 0.1667
vn -0.0000 -0.0802 -0.9968
vn 0.9225 -0.3234 0.2106
vn 0.9624 -0.1601 0.2196
vn -0.6990 -0.1514 0.6990
vn -0.6777 -0.2856 0.6777
vn -0.6047 -0.5184 0.6047
vn -0.5169 -0.6824 0.5169
vn -0.4334 -0.7902 0.4334
vn -0.3607 -0.8601 0.3607
vn -0.2989 -0.9063 0.2989
vn -0.2463 -0.9374 0.2463
vn -0.2009 -0.9588 0.2009
vn -0.1608 -0.9738 0.1608
vn -0.1248 -0.9843 0.1248
vn -0.0916 -0.9916 0.0916
vn -0.0604 -0.9963 0.0604
vn -0.0305 -0.9991 0.0305
vn -0.3520 0.7101 -0.6097
vn 0.7718 -0.1601 0.6155
vn -0.8560 -0.1514 0.4942
vn -0.8300 -0.2856 0.4792
vn -0.7406 -0.5184 0.4276
vn -0.6331 -0.6824 0.3655
vn -0.5308 -0.7902 0.3065
vn -0.4417 -0.8601 0.2550
vn -0.3661 -0.9063 0.2114
vn -0.3017 -0.9374 0.1742
vn -0.2460 -0.9588 0.1420
vn -0.1970 -0.9738 0.1137
vn -0.1528 -0.9843 0.0882
vn -0.1122 -0.9916 0.0647
vn -0.0740 -0.9963 0.0427
vn -0.0374 -0.9991 0.0216
vn -0.0000 0.7265 0.6872
vn 0.9624 -0.1601 0.2197
vn 0.9718 -0.0802 0.2218
vn 0.2982 0.7265 0.6192
vn -0.3520 -0.7101 -0.6097
vn -0.4978 0.7101 -0.4978
vn -0.9548 -0.1514 0.2558
vn -0.9257 -0.2856 0.2480
vn -0.8260 -0.5184 0.2213
vn -0.7061 -0.6824 0.1892
vn -0.5920 -0.7902 0.1586
vn -0.4927 -0.8601 0.1320
vn -0.4083 -0.9063 0.1094
vn -0.3365 -0.9374 0.0902
vn -0.2744 -0.9588 0.0735
vn -0.2197 -0.9738 0.0589
vn -0.1704 -0.9843 0.0457
vn -0.1251 -0.9916 0.0335
vn -0.0825 -0.9963 0.0221
vn -0.0417 -0.9991 0.0112
vn -0.3075 -0.7054 0.6386
vn -0.4978 -0.7101 -0.4978
vn -0.6097 0.7101 -0.3520
vn -0.6097 -0.7101 -0.3520
vn -0.9885 -0.1514 -0.0000
vn -0.9583 -0.2856 -0.0000
vn -0.8551 -0.5184 -0.0000
vn -0.7310 -0.6824 -0.0000
vn -0.6129 -0.7902 -0.0000
vn -0.5101 -0.8601 -0.0000
vn -0.4227 -0.9063 -0.0000
vn -0.3484 -0.9374 -0.0000
vn -0.2841 -0.9588 -0.0000
vn -0.2274 -0.9738 -0.0000
vn -0.1764 -0.9843 -0.0000
vn -0.1295 -0.9916 -0.0000
vn -0.0854 -0.9963 -0.0000
vn -0.0431 -0.9991 -0.0000
vn -0.6801 0.7101 -0.1822
vn 0.3075 -0.7054 0.6386
vn -0.0000 -0.7054 0.7088
vn -0.6801 -0.7101 -0.1822
vn -0.9548 -0.1514 -0.2558
vn -0.9257 -0.2856 -0.2480
vn -0.8260 -0.5184 -0.2213
vn -0.7061 -0.6824 -0.1892
vn -0.5920 -0.7902 -0.1586
vn -0.4927 -0.8601 -0.1320
vn -0.4083 -0.9063 -0.1094
vn -0.3365 -0.9374 -0.0902
vn -0.2744 -0.9588 -0.0735
vn -0.2197 -0.9738 -0.0589
vn -0.1704 -0.9843 -0.0457
vn -0.1251 -0.9916 -0.0335
vn -0.0825 -0.9963 -0.0221
vn -0.0417 -0.9991 -0.0112
vn -0.7041 0.7101 -0.0000
vn -0.7041 -0.7101 -0.0000
vn -0.6801 0.7101 0.1822
vn -0.6801 -0.7101 0.1822
vn -0.6097 0.7101 0.3520
vn -0.8560 -0.1514 -0.4942
vn -0.8300 -0.2856 -0.4792
vn -0.7406 -0.5184 -0.4276
vn -0.6331 -0.6824 -0.3655
vn -0.5308 -0.7902 -0.3065
vn -0.4417 -0.8601 -0.2550
vn -0.3661 -0.9063 -0.2114
vn -0.3017 -0.9374 -0.1742
vn -0.2460 -0.9588 -0.1420
vn -0.1970 -0.9738 -0.1137
vn -0.1528 -0.9843 -0.0882
vn -0.1122 -0.9916 -0.0647
vn -0.0740 -0.9963 -0.0427
vn -0.0373 -0.9991 -0.0216
vn -0.6097 -0.7101 0.3520
vn -0.6990 -0.1514 -0.6990
vn -0.6777 -0.2856 -0.6777
vn -0.6047 -0.5184 -0.6047
vn -0.5169 -0.6824 -0.5169
vn -0.4334 -0.7902 -0.4334
vn -0.3607 -0.8601 -0.3607
vn -0.2989 -0.9063 -0.2989
vn -0.2463 -0.9374 -0.2463
vn -0.2009 -0.9588 -0.2009
vn -0.1608 -0.9738 -0.1608
vn -0.1247 -0.9843 -0.1247
vn -0.0916 -0.9916 -0.0916
vn -0.0604 -0.9963 -0.0604
vn -0.0305 -0.9991 -0.0305
vn -0.5857 -0.6625 -0.4671
vn -0.7303 -0.6624 -0.1667
vn -0.4978 0.7101 0.4978
vn 0.6801 -0.7101 0.1822
vn -0.1822 -0.7101 0.6801
vn -0.0000 0.7101 -0.7041
vn -0.4942 -0.1514 -0.8560
vn -0.4792 -0.2856 -0.8300
vn -0.4276 -0.5184 -0.7406
vn -0.3655 -0.6824 -0.6331
vn -0.3065 -0.7902 -0.5308
vn -0.2550 -0.8601 -0.4417
vn -0.2114 -0.9063 -0.3661
vn -0.1742 -0.9374 -0.3017
vn -0.1421 -0.9588 -0.2460
vn -0.1137 -0.9738 -0.1970
vn -0.0882 -0.9843 -0.1528
vn -0.0648 -0.9916 -0.1121
vn -0.0427 -0.9963 -0.0740
vn -0.0216 -0.9991 -0.0373
vn 0.1822 -0.7101 -0.6801
vn -0.0000 -0.7101 -0.7041
vn -0.4978 -0.7101 -0.4979
vn -0.4979 0.7101 -0.4978
vn -0.2558 -0.1514 -0.9548
vn -0.2480 -0.2856 -0.9257
vn -0.2213 -0.5184 -0.8260
vn -0.1892 -0.6824 -0.7061
vn -0.1586 -0.7902 -0.5920
vn -0.1320 -0.8601 -0.4927
vn -0.1094 -0.9063 -0.4083
vn -0.0902 -0.9374 -0.3365
vn -0.0735 -0.9588 -0.2744
vn -0.0589 -0.9738 -0.2197
vn -0.0457 -0.9843 -0.1704
vn -0.0335 -0.9916 -0.1251
vn -0.0221 -0.9963 -0.0825
vn -0.0112 -0.9991 -0.0417
vn 0.1822 0.7101 -0.6801
vn 0.3520 0.7101 -0.6097
vn 0.6097 -0.7101 0.3520
vn -0.0000 -0.8601 -0.5101
vn -0.0000 -0.9063 -0.4227
vn -0.0000 -0.9843 -0.1764
vn -0.3250 -0.6625 0.6749
vn 0.5000 -0.0000 -0.8660
vn -0.7717 -0.1601 0.6155
vn 0.4978 0.7101 -0.4978
vn 0.4978 -0.7101 0.4978
vn 0.3520 -0.7101 -0.6097
vn -0.7303 -0.6624 0.1667
vn -0.9624 -0.1601 0.2197
vn 0.4978 0.7101 0.4978
vn 0.7041 -0.7101 -0.0000
vn -0.9624 -0.1601 -0.2196
vn 0.4978 0.7101 -0.4979
vn 0.3520 -0.7101 0.6097
vn 0.7041 0.7101 -0.0000
vn -0.5000 -0.0000 0.8660
vn 0.4978 -0.7101 -0.4978
vn 0.3520 0.7101 0.6097
vn 0.6097 0.7101 0.3520
vn -0.3520 0.7101 0.6097
vn -0.1822 0.7101 0.6801
vn -0.2588 -0.0000 0.9659
vn -0.0000 -0.0000 1.0000
vn 0.6097 0.7101 -0.3520
vn 0.4978 -0.7101 0.4979
vn 0.1822 0.7101 0.6801
vn -0.8489 -0.4918 0.1938
vn -0.3520 -0.7101 0.6097
vn -0.0000 -0.7101 0.7041
vn 0.6801 0.7101 0.1822
vn 0.6801 -0.7101 -0.1822
vn 0.1822 -0.7101 0.6801
vn -0.0000 0.7101 0.7041
vn 0.2588 -0.0000 0.9659
vn -0.7718 -0.1601 -0.6155
vn 0.6097 -0.7101 -0.3520
vn 0.6801 0.7101 -0.1822
vn -0.3250 -0.6625 -0.6749
vn 0.5000 -0.0000 0.8660
vn 0.2588 -0.0000 -0.9659
vn -0.0000 -0.6625 -0.7491
vn 0.7071 -0.0000 0.7071
vn 0.5857 -0.6625 0.4671
vn 0.8660 -0.0000 0.5000
vn -0.7718 -0.1601 0.6155
vn -0.4978 0.7101 0.4979
vn -0.0000 -0.0000 -1.0000
vn -0.4979 -0.7101 0.4978
vn -0.7717 -0.1601 -0.6155
vn 0.9659 -0.0000 0.2588
vn 1.0000 -0.0000 -0.0000
vn -0.2588 -0.0000 -0.9659
vn 0.9659 -0.0000 -0.2588
vn 0.8660 -0.0000 -0.5000
vn -0.5000 -0.0000 -0.8660
vn 0.7071 -0.0000 -0.7071
vn -0.7071 -0.0000 -0.7071
vn -0.4978 -0.7101 0.4978
vn -0.8660 -0.0000 -0.5000
vn -0.9659 -0.0000 -0.2588
vn -1.0000 -0.0000 -0.0000
vn -0.9659 -0.0000 0.2588
vn -0.8660 -0.0000 0.5000
vn -0.4331 0.0599 -0.8994
vn -0.7804 0.0599 -0.6224
vn -0.9732 0.0599 -0.2221
vn -0.9732 0.0599 0.2221
vn -0.7804 0.0599 0.6224
vn -0.4331 0.0599 0.8994
vn -0.4337 0.0249 -0.9007
vn -0.4338 0.0249 -0.9007
vn -0.7816 0.0249 -0.6233
vn -0.9746 0.0249 -0.2225
vn -0.9746 0.0249 0.2225
vn -0.0000 0.0599 0.9982
vn -0.7816 0.0249 0.6233
vn -0.4337 0.0249 0.9007
vn 0.4331 0.0599 0.8994
vn 0.7804 0.0599 0.6224
vn -0.0000 0.0249 0.9997
vn 0.4337 0.0249 0.9007
vn 0.4338 0.0249 0.9007
vn 0.7816 0.0249 0.6233
vn 0.9732 0.0599 0.2221
vn 0.9746 0.0249 0.2225
vn 0.9746 0.0249 -0.2225
vn 0.7816 0.0249 -0.6233
vn 0.4338 0.0249 -0.9007
vn 0.4337 0.0249 -0.9007
vn -0.0000 0.0249 -0.9997
vn 0.9732 0.0599 -0.2221
vn -0.4335 0.0392 -0.9003
vn -0.4336 0.0392 -0.9003
vn -0.7812 0.0392 -0.6230
vn -0.9742 0.0392 -0.2224
vn -0.9742 0.0392 -0.2223
vn 0.0001 1.0000 -0.0000
vn -0.9742 0.0392 0.2223
vn -0.9742 0.0392 0.2224
vn -0.7812 0.0392 0.6230
vn -0.4336 0.0392 0.9003
vn -0.4335 0.0392 0.9003
vn -0.0000 0.0392 0.9992
vn 0.4335 0.0392 0.9003
vn 0.4336 0.0392 0.9003
vn 0.7812 0.0392 0.6230
vn 0.9742 0.0392 0.2224
vn 0.9742 0.0392 0.2223
vn 0.9742 0.0392 -0.2223
vn 0.9742 0.0392 -0.2224
vn 0.7812 0.0392 -0.6230
vn 0.4336 0.0392 -0.9003
vn 0.4335 0.0392 -0.9003
vn 0.7804 0.0599 -0.6224
vn -0.0000 0.0392 -0.9992
vn 0.4331 0.0599 -0.8994
vn -0.0000 0.0599 -0.9982
vn -0.4337 0.0309 -0.9005
vn -0.7815 0.0309 -0.6232
vn -0.9745 0.0309 -0.2224
vn -0.0001 1.0000 -0.0000
vn -0.9745 0.0309 0.2224
vn -0.7815 0.0309 0.6232
vn -0.4337 0.0309 0.9005
vn -0.0000 0.0309 0.9995
vn 0.4337 0.0309 0.9005
vn 0.7815 0.0309 0.6232
vn 0.9745 0.0309 0.2224
vn 0.9745 0.0309 -0.2224
vn 0.7815 0.0309 -0.6232
vn 0.4337 0.0309 -0.9005
vn -0.0000 0.0309 -0.9995
vn -0.4334 0.0463 -0.9000
vn -0.7810 0.0463 -0.6228
vn -0.9739 0.0463 -0.2223
vn -0.9739 0.0463 0.2223
vn -0.7810 0.0463 0.6228
vn -0.4334 0.0463 0.9000
vn -0.0000 0.0463 0.9989
vn 0.4334 0.0463 0.9000
vn 0.7810 0.0463 0.6228
vn 0.9739 0.0463 0.2223
vn 0.9739 0.0463 -0.2223
vn 0.7810 0.0463 -0.6228
vn 0.4334 0.0463 -0.9000
vn -0.0000 0.0463 -0.9989
vn -0.4338 0.0227 -0.9007
vn -0.7816 0.0227 -0.6233
vn -0.9747 0.0227 -0.2225
vn -0.9747 0.0227 0.2225
vn -0.7816 0.0227 0.6233
vn -0.4338 0.0227 0.9007
vn -0.0000 0.0227 0.9997
vn 0.4338 0.0227 0.9007
vn 0.7816 0.0227 0.6233
vn 0.9747 0.0227 0.2225
vn 0.9747 0.0227 -0.2225
vn 0.7816 0.0227 -0.6233
vn 0.4338 0.0227 -0.9007
vn -0.0000 0.0227 -0.9997
vn -0.4051 0.7246 -0.5575
vn 0.4979 0.7101 0.4978
vn -0.4051 -0.7246 -0.5575
vn -0.6554 0.7246 -0.2130
vn -0.6554 -0.7246 -0.2130
vn -0.6554 0.7246 0.2130
vn -0.6554 -0.7246 0.2130
vn -0.4051 0.7246 0.5575
vn -0.4051 -0.7246 0.5575
vn -0.0000 0.7246 0.6892
vn -0.0000 -0.7246 0.6892
vn 0.4051 0.7246 0.5575
vn 0.5878 -0.0000 0.8090
vn 0.9511 -0.0000 0.3090
vn 0.6554 -0.7246 0.2130
vn 0.6554 0.7246 -0.2130
vn 0.6554 -0.7246 -0.2130
vn 0.4051 0.7246 -0.5575
vn 0.4979 -0.7101 -0.4978
vn 0.4051 -0.7246 -0.5575
vn -0.0000 0.7246 -0.6892
vn -0.0000 -0.7246 -0.6892
vn -0.5292 0.7361 0.4220
vn -0.2937 0.7361 0.6099
vn -0.5525 -0.7075 0.4406
vn -0.6721 0.7244 -0.1534
vn -0.6721 0.7244 0.1534
vn 0.3066 -0.7075 0.6367
vn -0.0000 -0.7075 0.7067
vn -0.3066 -0.7075 0.6367
vn -0.5390 0.7244 0.4298
vn 0.6890 -0.7075 -0.1573
vn 0.6890 -0.7075 0.1573
vn -0.2991 0.7244 0.6211
vn -0.0000 0.7244 0.6893
vn 0.2991 0.7244 0.6211
vn 0.5389 0.7244 0.4298
vn 0.6721 0.7244 0.1534
vn 0.5390 0.7244 0.4298
vn 0.5525 -0.7075 0.4406
vn 0.6721 0.7244 -0.1534
vn -0.6938 -0.7026 0.1584
vn -0.6938 -0.7025 -0.1584
vn -0.6938 -0.7026 -0.1583
vn -0.5564 -0.7025 -0.4437
vn -0.3088 -0.7025 -0.6412
vn -0.3088 -0.7026 -0.6412
vn -0.5564 -0.7026 -0.4437
vn -0.6671 0.7292 -0.1523
vn -0.6671 0.7292 0.1523
vn -0.2969 0.7292 -0.6165
vn -0.5350 0.7292 -0.4266
vn -0.0000 -0.7025 -0.7116
vn -0.0000 -0.7026 -0.7116
vn 0.5390 0.7244 -0.4298
vn 0.3088 -0.7026 0.6412
vn -0.0000 -0.7026 0.7116
vn 0.5350 0.7292 0.4266
vn 0.6671 0.7292 0.1523
vn -0.0000 0.7292 0.6843
vn 0.2969 0.7292 0.6165
vn 0.2991 0.7244 -0.6211
vn -0.3088 -0.7026 0.6412
vn -0.5564 -0.7025 0.4437
vn -0.5564 -0.7026 0.4437
vn -0.5350 0.7292 0.4266
vn -0.2969 0.7292 0.6165
vn 0.3066 -0.7075 -0.6367
vn -0.0000 0.7292 -0.6843
vn 0.5525 -0.7075 -0.4406
vn 0.2969 0.7292 -0.6165
vn 0.5564 -0.7025 -0.4437
vn 0.6938 -0.7025 -0.1584
vn 0.5564 -0.7026 -0.4437
vn 0.6938 -0.7026 0.1584
vn 0.6671 0.7292 -0.1523
vn 0.5564 -0.7026 0.4437
vn 0.3088 -0.7026 -0.6412
vn 0.5350 0.7292 -0.4266
vn 0.7007 -0.6953 0.1599
vn 0.7007 -0.6953 -0.1599
vn -0.5541 -0.7054 0.4419
vn 0.5373 0.7265 0.4285
vn 0.5373 0.7264 0.4285
vn 0.6700 0.7265 0.1529
vn 0.6910 -0.7054 0.1577
vn 0.5541 -0.7054 0.4419
vn 0.6910 -0.7054 -0.1577
vn 0.5541 -0.7054 -0.4419
vn 0.6700 0.7265 -0.1529
vn 0.3075 -0.7054 -0.6386
vn 0.5373 0.7264 -0.4285
vn 0.5373 0.7265 -0.4285
vn 0.2982 0.7265 -0.6192
vn -0.3063 -0.7083 -0.6360
vn -0.0000 -0.7083 -0.7059
vn -0.3098 -0.7001 -0.6434
vn -0.0000 -0.7001 -0.7141
vn -0.5583 -0.7001 0.4452
vn -0.6962 -0.7001 0.1589
vn -0.6646 0.7316 0.1517
vn -0.5330 0.7316 0.4251
vn -0.0000 -0.7001 0.7141
vn -0.3098 -0.7001 0.6434
vn -0.2958 0.7316 0.6142
vn -0.0000 0.7316 0.6817
vn 0.6646 0.7316 0.1517
vn 0.6646 0.7316 -0.1517
vn 0.5583 -0.7001 0.4452
vn 0.3098 -0.7001 0.6434
vn 0.2958 0.7316 0.6142
vn 0.5330 0.7316 0.4251
vn 0.5330 0.7316 -0.4251
vn 0.2958 0.7316 -0.6142
vn 0.3098 -0.7001 -0.6434
vn 0.5583 -0.7001 -0.4452
vn 0.6962 -0.7001 -0.1589
vn 0.6962 -0.7001 0.1589
vn -0.6728 0.7237 -0.1536
vn -0.6728 0.7237 0.1536
vn -0.5519 -0.7083 -0.4401
vn -0.0000 0.7237 -0.6901
vn -0.2994 0.7237 -0.6218
vn -0.5396 0.7237 -0.4303
vn -0.5396 0.7237 0.4303
vn -0.2994 0.7237 0.6218
vn -0.3063 -0.7083 0.6360
vn -0.5519 -0.7083 0.4401
vn -0.6882 -0.7083 0.1571
vn -0.6882 -0.7083 -0.1571
vn 0.3063 -0.7083 0.6360
vn -0.0000 -0.7083 0.7059
vn -0.0000 0.7237 0.6901
vn 0.2994 0.7237 0.6218
vn 0.5396 0.7237 0.4303
vn 0.6728 0.7237 0.1536
vn 0.6882 -0.7083 0.1571
vn 0.5519 -0.7083 0.4401
vn 0.5519 -0.7083 -0.4401
vn 0.6882 -0.7083 -0.1571
vn 0.6728 0.7237 -0.1536
vn 0.5396 0.7237 -0.4303
vn 0.3063 -0.7083 -0.6360
vn 0.2994 0.7237 -0.6218
vn -0.9511 -0.0000 -0.3090
vn -0.5878 -0.0000 -0.8090
vn -0.9511 -0.0000 0.3090
vn -0.5878 -0.0000 0.8090
vn 0.4051 -0.7246 0.5575
vn 0.9511 -0.0000 -0.3090
vn 0.6554 0.7246 0.2130
vn 0.5878 -0.0000 -0.8090
vt 0.452386 0.683170
vt 0.485965 0.699643
vt 0.475493 0.677896
vt 0.000000 0.467617
vt 0.103275 0.385428
vt 0.000000 0.399024
vt 0.683170 1.063179
vt 0.726761 1.090889
vt 0.714420 1.063179
vt -0.138886 2.400000
vt -0.193122 2.361059
vt -0.140246 2.361059
vt 0.137260 0.512259
vt 0.121028 0.451684
vt 0.528368 0.665828
vt 0.501251 0.672017
vt 0.506622 0.683170
vt -0.140246 0.815702
vt -0.171375 0.810428
vt -0.166004 0.821581
vt -0.181053 0.802710
vt -0.193122 0.773535
vt -0.193122 0.799955
vt 0.064112 0.239269
vt 0.083445 0.144532
vt 0.043194 0.161204
vt -0.000000 0.635043
vt 0.151765 0.566393
vt -0.000000 0.586373
vt 0.164361 0.613405
vt 0.293187 0.507814
vt -0.724907 0.302082
vt -0.748013 0.272671
vt -0.748013 0.296808
vt 0.690889 1.124070
vt 0.741810 1.161059
vt 0.736046 1.124070
vt 0.000000 0.707913
vt 0.174891 0.652702
vt 0.000000 0.675727
vt -0.105071 2.324070
vt -0.144257 2.324070
vt 0.000000 0.530330
vt 0.199512 0.345565
vt -0.773771 0.278550
vt -0.773771 0.290929
vt 0.337863 0.585196
vt 0.317522 0.549963
vt 0.693643 1.200000
vt 0.692946 1.161059
vt 0.925000 0.000000
vt 0.842520 0.225752
vt 0.893481 0.239408
vt 0.183221 0.683791
vt 0.000000 0.166891
vt 0.021734 0.081112
vt 0.000000 0.083973
vt 0.162706 0.281816
vt 0.123855 0.214523
vt 0.000000 3.363807
vt 0.183221 3.334173
vt 0.000000 3.334173
vt 0.354958 1.524070
vt 0.306487 1.490889
vt 0.345673 1.490889
vt 0.189247 3.363807
vt 0.353956 3.334173
vt 0.265165 0.459279
vt 0.192894 3.394210
vt 0.365598 3.363807
vt -0.519314 2.150000
vt -0.564167 2.111059
vt -0.521764 2.111059
vt -0.000000 0.325413
vt 0.000000 0.247709
vt 0.516300 0.690888
vt 0.440318 1.124070
vt 0.475493 1.161059
vt 0.479504 1.124070
vt 0.000000 3.394210
vt 0.000000 0.000000
vt 0.084223 0.314325
vt 0.000000 3.425000
vt 0.687575 1.090889
vt 0.430640 1.200000
vt 0.433090 1.161059
vt -0.724481 1.490889
vt -0.767074 1.463179
vt -0.739956 1.463179
vt 0.501251 0.659638
vt -0.193122 0.827771
vt -0.181053 0.852831
vt -0.171375 0.845113
vt 0.194114 3.425000
vt 0.372642 3.394210
vt 0.041987 0.072723
vt -0.095393 2.400000
vt -0.097843 2.361059
vt 0.233809 0.404969
vt 0.059378 0.059378
vt -0.132189 0.779178
vt -0.169590 0.778906
vt -0.150719 0.793955
vt 0.475493 0.653759
vt 0.644081 1.090889
vt 0.638710 1.161059
vt -0.132189 2.263179
vt -0.150719 2.290889
vt -0.159307 2.263179
vt 0.449043 0.449043
vt 0.118010 0.118010
vt 0.230102 0.230102
vt 0.452386 0.648485
vt 0.282153 0.282153
vt 0.175157 0.175157
vt 0.353956 0.613070
vt 0.477811 0.477811
vt 0.506622 0.648485
vt -0.193122 2.324070
vt 0.375000 0.375000
vt 0.330655 0.330655
vt 0.589846 1.161059
vt 0.638013 1.200000
vt 0.500570 3.334173
vt 0.849517 2.290889
vt 0.810428 2.263179
vt 0.845113 2.263179
vt -0.574639 -0.618416
vt -0.604974 -0.609662
vt -0.595296 -0.601944
vt 0.526995 3.394210
vt 0.517034 3.363807
vt 0.640767 1.124070
vt 0.414629 0.414629
vt 0.595610 1.124070
vt 0.375000 3.425000
vt 0.648485 1.063179
vt 0.333332 1.463179
vt 0.302082 1.463179
vt 0.526995 3.394210
vt 0.365598 3.363807
vt 0.517034 3.363807
vt 0.617235 1.063179
vt 0.507814 0.293187
vt 0.475493 1.161059
vt 0.433090 1.161059
vt 0.530330 3.425000
vt 0.372642 3.394210
vt 0.262993 1.490889
vt 0.267397 1.463179
vt 0.072723 0.041987
vt -0.117140 0.810428
vt -0.705610 1.561059
vt -0.752025 1.524070
vt -0.712838 1.524070
vt 0.604895 1.090889
vt 0.144532 0.083445
vt -0.925000 0.000000
vt -0.842520 -0.225752
vt -0.893481 -0.239408
vt 0.549963 0.317522
vt 0.281816 0.162706
vt 0.345565 0.199512
vt 0.214523 0.123855
vt 0.500570 0.500570
vt 0.585196 0.337863
vt -0.800889 0.284740
vt -0.779142 0.267397
vt -0.568178 2.074070
vt -0.540635 2.040889
vt -0.574639 2.040889
vt 0.459279 0.265165
vt 0.404969 0.233809
vt -0.779142 0.302082
vt 0.353956 3.334173
vt 0.467435 0.617235
vt 0.485965 0.632013
vt 0.613070 0.353956
vt 0.652702 0.174891
vt -0.159307 0.757552
vt 0.512259 0.137260
vt 0.451684 0.121028
vt -0.739956 0.333332
vt -0.758486 0.318555
vt 0.183221 3.334173
vt 0.504837 0.616963
vt 0.516300 0.640767
vt -0.779423 0.450000
vt -0.599090 0.599090
vt -0.636396 0.636396
vt 0.189247 3.363807
vt 0.440318 1.124070
vt 0.479504 1.124070
vt 0.566393 0.151765
vt 0.855586 2.400000
vt 0.800653 2.361059
vt 0.854888 2.361059
vt 0.375000 3.425000
vt 0.192894 3.394210
vt 0.494553 0.595610
vt 0.081112 0.021734
vt 0.528368 1.124070
vt 0.485965 1.090889
vt 0.528368 1.090889
vt 0.494553 1.063179
vt 0.451961 1.090889
vt 0.467435 1.063179
vt 0.613404 0.164361
vt 0.161204 0.043194
vt 0.314325 0.084223
vt 0.385428 0.103275
vt 0.239269 0.064112
vt 0.897989 2.324070
vt 0.888704 2.290889
vt 0.635043 -0.000000
vt 0.166891 0.000000
vt 0.325413 0.000000
vt 0.528368 1.161059
vt 0.474133 1.200000
vt 0.399024 -0.000000
vt 0.247709 -0.000000
vt 0.683791 0.183221
vt 0.675727 -0.000000
vt 0.802710 2.324070
vt 0.766837 2.290889
vt 0.806024 2.290889
vt 0.312555 1.600000
vt 0.257622 1.561059
vt 0.311858 1.561059
vt 0.530330 0.000000
vt 0.467617 -0.000000
vt -0.140246 0.839839
vt -0.166004 0.833960
vt -0.758486 0.250925
vt 0.586373 0.000000
vt 0.540437 0.640767
vt 0.528368 0.638013
vt -0.000000 3.394210
vt -0.000000 3.363807
vt 0.570771 1.090889
vt 0.528368 1.063179
vt 0.562184 1.063179
vt 0.194114 3.425000
vt 0.528368 0.611592
vt 0.083973 -0.000000
vt 0.206804 1.600000
vt 0.208758 1.561059
vt 0.528368 0.587892
vt 0.081112 -0.021734
vt 0.551900 0.616963
vt 0.382214 -0.738350
vt 0.374157 -0.774874
vt 0.363684 -0.753127
vt -0.132189 0.876363
vt -0.150719 0.861586
vt 0.613404 -0.164361
vt 0.161204 -0.043194
vt 0.314325 -0.084223
vt 0.876363 2.263179
vt 0.385428 -0.103275
vt 0.239269 -0.064112
vt 0.683791 -0.183221
vt 0.652702 -0.174891
vt -0.541060 -0.601944
vt -0.564167 -0.596670
vt 0.259679 1.524070
vt 0.309800 1.524070
vt 0.512259 -0.137259
vt 0.451684 -0.121028
vt 0.570771 0.632013
vt 0.550115 0.648485
vt -0.183221 3.334173
vt 0.582604 1.200000
vt 0.581244 1.161059
vt -0.189247 3.363807
vt 0.577233 1.124070
vt 0.566393 -0.151765
vt 0.905707 2.400000
vt 0.903753 2.361059
vt -0.000000 3.425000
vt -0.192894 3.394210
vt 0.459279 -0.265165
vt -0.365598 3.363807
vt 0.816185 0.070218
vt 0.850000 0.054235
vt 0.826468 0.048864
vt 0.507814 -0.293187
vt 0.850000 0.000000
vt 0.837931 0.025061
vt 0.850000 0.027815
vt -0.194114 3.425000
vt -0.372642 3.394210
vt 0.801136 1.874070
vt 0.850000 1.840889
vt 0.807597 1.840889
vt 0.072723 -0.041987
vt 0.795765 1.950000
vt 0.850000 1.911059
vt 0.797124 1.911059
vt 0.640767 1.124070
vt 0.644081 1.090889
vt 0.638710 1.161059
vt 0.236147 1.463179
vt 0.549963 -0.317522
vt 0.214523 -0.123855
vt 0.144532 -0.083445
vt 0.281816 -0.162706
vt 0.850000 1.874070
vt 0.345565 -0.199512
vt 0.613070 -0.353956
vt 0.585196 -0.337863
vt 0.555486 0.659638
vt -0.746654 1.600000
vt -0.748013 1.561059
vt 0.404969 -0.233809
vt -0.353956 3.334173
vt 0.230102 -0.230102
vt 0.175157 -0.175157
vt 0.500570 -0.500570
vt 0.477811 -0.477811
vt 0.779178 2.263179
vt -0.116714 2.290889
vt 0.375000 -0.375000
vt 0.330655 -0.330655
vt -0.144257 2.324070
vt -0.097843 2.361059
vt -0.105071 2.324070
vt -0.500570 3.334173
vt 0.828253 0.017342
vt 0.414629 -0.414629
vt 0.807597 0.033815
vt -0.526995 3.394210
vt -0.517034 3.363807
vt 0.761949 1.874070
vt -0.375000 3.425000
vt 0.773592 1.840889
vt 0.059378 -0.059378
vt 0.816185 1.813179
vt 0.789067 1.813179
vt 0.789067 0.048592
vt 0.648485 1.063179
vt 0.617235 1.063179
vt 0.118010 -0.118010
vt 0.589846 1.161059
vt 0.449043 -0.449043
vt 0.850000 1.813179
vt 0.282153 -0.282153
vt 0.752271 1.950000
vt 0.754721 1.911059
vt 0.317521 -0.549963
vt 0.083445 -0.144532
vt 0.162706 -0.281816
vt 0.616419 1.124070
vt 0.604776 1.090889
vt 0.199512 -0.345565
vt 0.123855 -0.214523
vt 0.353956 -0.613070
vt 0.337863 -0.585196
vt 0.797124 0.012069
vt 0.822882 0.006189
vt 0.528368 0.693643
vt 0.265165 -0.459279
vt 0.233809 -0.404969
vt -0.528992 2.074070
vt 0.517034 3.363807
vt 0.353956 3.334173
vt 0.500570 3.334173
vt 0.025061 1.874070
vt 0.060933 1.840889
vt 0.021747 1.840889
vt 0.526995 3.394210
vt 0.365598 3.363807
vt 0.027118 1.911059
vt 0.077936 1.950000
vt 0.075982 1.911059
vt 0.293187 -0.507814
vt 0.048592 1.813179
vt 0.017342 1.813179
vt 0.530330 3.425000
vt 0.372642 3.394210
vt 0.070218 1.874070
vt 0.041987 -0.072723
vt 0.604351 0.683170
vt 0.581244 0.653759
vt 0.581244 0.677896
vt 0.693643 1.200000
vt 0.692946 1.161059
vt -0.027118 1.911059
vt 0.027815 1.950000
vt 0.021734 -0.081112
vt 0.589301 0.617235
vt 0.822882 -0.006189
vt 0.797124 -0.012069
vt 0.164361 -0.613404
vt 0.043194 -0.161204
vt 0.084223 -0.314325
vt 0.683170 1.063179
vt 0.121028 -0.451684
vt 0.103275 -0.385428
vt 0.064112 -0.239269
vt 0.183221 -0.683791
vt 0.174891 -0.652702
vt -0.138886 2.400000
vt -0.140246 2.361059
vt 0.360722 1.561059
vt 0.137259 -0.512259
vt -0.025061 1.874070
vt 0.183221 3.334173
vt -0.021747 1.840889
vt -0.017342 1.813179
vt 0.192894 3.394210
vt 0.189247 3.363807
vt 0.151765 -0.566393
vt 0.690888 1.124070
vt 0.687575 1.090889
vt 0.375000 3.425000
vt 0.000000 -0.530330
vt -0.000000 3.363807
vt 0.000000 -0.586373
vt -0.070218 1.874070
vt -0.060933 1.840889
vt 0.194114 3.425000
vt -0.000000 3.394210
vt 0.589301 0.714420
vt 0.570771 0.699643
vt -0.000000 -0.083973
vt 0.589301 1.063179
vt 0.555486 0.672017
vt 0.774018 -0.017342
vt 0.000000 -0.635043
vt 0.000000 -0.166891
vt 0.000000 -0.325413
vt 0.852831 2.324070
vt -0.000000 -0.399024
vt -0.000000 -0.247709
vt -0.000000 -0.707912
vt -0.000000 -0.675727
vt 0.789067 -0.048592
vt 0.807597 -0.033815
vt 0.504837 0.714692
vt -0.000000 -0.467617
vt -0.000000 3.334173
vt -0.048592 1.813179
vt -0.084223 -0.314325
vt -0.064112 -0.239269
vt -0.183221 -0.683791
vt -0.174891 -0.652702
vt 0.837931 -0.025061
vt 0.828253 -0.017342
vt 0.485966 1.090889
vt -0.137259 -0.512259
vt -0.121028 -0.451684
vt 0.741810 1.161059
vt -0.183221 3.334173
vt 0.797124 1.911059
vt 0.754721 1.911059
vt 0.826468 -0.048864
vt -0.189247 3.363807
vt 0.761949 1.874070
vt -0.151765 -0.566393
vt -0.000000 3.425000
vt -0.193122 2.324070
vt -0.150719 2.290889
vt -0.193122 2.290889
vt -0.021734 -0.081112
vt 0.751788 2.361059
vt 0.757552 2.324070
vt -0.043194 -0.161204
vt -0.075982 1.911059
vt -0.027815 1.950000
vt -0.164361 -0.613404
vt -0.116714 2.290889
vt -0.103275 -0.385428
vt -0.317521 -0.549963
vt -0.123855 -0.214523
vt -0.083445 -0.144532
vt -0.162706 -0.281816
vt 0.550115 0.683170
vt -0.199512 -0.345565
vt -0.353956 -0.613070
vt -0.337863 -0.585196
vt 0.850000 -0.054235
vt 0.850000 -0.027815
vt 0.528368 0.743764
vt 0.528368 0.720063
vt -0.265165 -0.459279
vt -0.233809 -0.404969
vt -0.193122 2.263179
vt -0.159307 2.263179
vt 0.816185 1.813179
vt -0.293187 -0.507814
vt 0.623647 1.161059
vt 0.807597 1.840889
vt 0.850000 1.950000
vt -0.375000 3.425000
vt -0.372642 3.394210
vt -0.041987 -0.072723
vt 0.789067 1.813179
vt -0.530330 3.425000
vt -0.526995 3.394210
vt -0.159307 0.897989
vt -0.169590 0.876635
vt -0.059378 -0.059378
vt 0.726761 1.090889
vt -0.118010 -0.118010
vt 0.850000 -0.077936
vt -0.449043 -0.449043
vt -0.230102 -0.230102
vt 0.551900 0.714692
vt 0.540437 0.690888
vt -0.330655 -0.330655
vt -0.282153 -0.282153
vt -0.175157 -0.175157
vt -0.500570 -0.500570
vt -0.477811 -0.477811
vt 0.902876 1.911059
vt 0.898864 1.874070
vt -0.617042 2.013179
vt -0.583227 2.013179
vt -0.375000 -0.375000
vt 0.883815 -0.070218
vt 0.873532 -0.048864
vt 0.892403 1.840889
vt -0.414629 -0.414629
vt -0.459279 -0.265165
vt -0.526995 3.394210
vt -0.365598 3.363807
vt -0.517033 3.363807
vt -0.549963 -0.317521
vt -0.507814 -0.293187
vt 0.947729 1.950000
vt 0.945279 1.911059
vt -0.530330 3.425000
vt -0.372642 3.394210
vt -0.072723 -0.041987
vt 0.892403 -0.033815
vt 0.862069 -0.025061
vt 0.871747 -0.017342
vt -0.144532 -0.083445
vt -0.193122 0.905707
vt -0.193122 0.882006
vt -0.281816 -0.162706
vt -0.345565 -0.199512
vt -0.214523 -0.123855
vt -0.613070 -0.353956
vt -0.585196 -0.337863
vt 0.910933 -0.048592
vt -0.404969 -0.233809
vt -0.353956 3.334173
vt -0.500570 3.334173
vt 0.883815 1.813179
vt -0.314325 -0.084223
vt -0.239269 -0.064112
vt -0.683791 -0.183221
vt -0.652702 -0.174891
vt 0.494553 1.063179
vt -0.512259 -0.137259
vt -0.451684 -0.121028
vt -0.021747 1.840889
vt -0.048592 1.813179
vt -0.017342 1.813179
vt -0.183221 3.334173
vt 0.214522 1.524070
vt -0.189247 3.363807
vt -0.613404 -0.164361
vt -0.566393 -0.151765
vt 0.925982 -0.017342
vt 0.902876 -0.012069
vt -0.375000 3.425000
vt -0.192894 3.394210
vt 0.528368 1.124070
vt -0.081112 -0.021734
vt 0.877118 -0.006189
vt 0.926408 1.840889
vt 0.938051 1.874070
vt 0.910933 1.813179
vt -0.161204 -0.043194
vt -0.385428 -0.103275
vt -0.193122 2.361059
vt -0.027118 1.911059
vt -0.077936 1.950000
vt -0.075982 1.911059
vt -0.635043 0.000000
vt -0.166891 0.000000
vt -0.325413 -0.000000
vt -0.070218 1.874070
vt -0.060933 1.840889
vt -0.399024 0.000000
vt -0.247709 0.000000
vt -0.707912 0.000000
vt -0.675727 0.000000
vt -0.025061 1.874070
vt -0.530330 -0.000000
vt -0.467617 0.000000
vt -0.132189 2.263179
vt 0.000000 3.334173
vt 0.000000 3.363807
vt -0.586373 0.000000
vt 0.027118 1.911059
vt -0.027815 1.950000
vt -0.194114 3.425000
vt 0.000000 3.394210
vt -0.083973 0.000000
vt 0.000000 3.425000
vt 0.877118 0.006189
vt -0.081112 0.021734
vt 0.025061 1.874070
vt -0.161204 0.043194
vt 0.021747 1.840889
vt 0.604351 0.648485
vt -0.613404 0.164361
vt -0.314325 0.084223
vt 0.223807 1.490889
vt -0.385428 0.103275
vt -0.239269 0.064112
vt -0.683791 0.183221
vt -0.652702 0.174891
vt 0.017342 1.813179
vt -0.512259 0.137259
vt -0.451684 0.121028
vt 0.871747 0.017342
vt 0.902876 0.012069
vt 0.183221 3.334173
vt 0.189247 3.363807
vt 0.925982 0.017342
vt -0.566393 0.151765
vt -0.507814 0.293187
vt -0.459279 0.265165
vt -0.761882 0.924070
vt -0.808689 0.890889
vt -0.765196 0.890889
vt 0.365598 3.363807
vt 0.077936 1.950000
vt 0.075982 1.911059
vt 0.892403 0.033815
vt 0.194114 3.425000
vt 0.372642 3.394210
vt -0.072723 0.041987
vt -0.117140 0.845113
vt 0.799955 2.400000
vt 0.070218 1.874070
vt 0.060933 1.840889
vt -0.549963 0.317521
vt -0.214523 0.123855
vt -0.144532 0.083445
vt -0.281816 0.162706
vt -0.345565 0.199512
vt -0.613070 0.353956
vt -0.585196 0.337863
vt 0.048592 1.813179
vt -0.404968 0.233809
vt 0.862069 0.025061
vt -0.330655 0.330655
vt -0.282153 0.282153
vt -0.230102 0.230102
vt -0.175157 0.175157
vt -0.500569 0.500570
vt -0.477811 0.477811
vt 0.375517 1.000000
vt 0.416560 0.961059
vt 0.374157 0.961059
vt -0.375000 0.375000
vt 0.500570 3.334173
vt 0.892403 1.840889
vt 0.850000 0.077936
vt 0.873532 0.048864
vt -0.449043 0.449043
vt -0.414629 0.414629
vt -0.059378 0.059378
vt -0.617042 -0.584601
vt -0.589925 -0.590791
vt -0.118010 0.118010
vt -0.083445 0.144532
vt -0.041987 0.072723
vt -0.317521 0.549963
vt -0.162706 0.281816
vt -0.199512 0.345565
vt -0.123855 0.214523
vt -0.353956 0.613070
vt -0.337863 0.585196
vt 0.626097 1.200000
vt -0.450000 -0.779423
vt -0.219282 -0.818371
vt -0.232937 -0.869333
vt -0.265165 0.459279
vt -0.233809 0.404969
vt -0.353956 3.334173
vt -0.500569 3.334173
vt -0.293187 0.507814
vt -0.372642 3.394210
vt -0.365598 3.363807
vt -0.526995 3.394210
vt -0.375000 3.425000
vt -0.192894 3.394210
vt -0.021734 0.081112
vt 0.902876 1.911059
vt -0.043194 0.161204
vt -0.164361 0.613404
vt -0.084223 0.314325
vt 0.883815 0.070218
vt -0.103275 0.385428
vt -0.064112 0.239269
vt -0.183221 0.683791
vt -0.174891 0.652702
vt 0.528368 1.200000
vt -0.137259 0.512259
vt -0.121028 0.451684
vt -0.183221 3.334173
vt -0.151765 0.566393
vt -0.189247 3.363807
vt 0.904235 1.950000
vt -0.506665 2.150000
vt -0.557483 2.111059
vt -0.508619 2.111059
vt 0.467436 1.063179
vt 0.494553 0.736046
vt -0.726009 0.890889
vt -0.769600 0.863180
vt -0.738350 0.863180
vt -0.193122 0.855586
vt -0.193122 2.290889
vt -0.193122 2.263179
vt 0.382214 -0.835535
vt 0.344813 -0.835807
vt 0.363684 -0.820758
vt -0.788821 0.259679
vt -0.556109 2.013179
vt -0.583227 2.013179
vt 0.239408 0.893481
vt 0.000000 0.872241
vt 0.000000 0.925000
vt -0.205190 0.802710
vt -0.235525 2.290889
vt -0.226937 2.263179
vt -0.800889 1.561059
vt -0.800889 1.524070
vt -0.574639 -0.550786
vt -0.589925 -0.578412
vt -0.595296 -0.567259
vt -0.450000 0.779423
vt -0.245997 2.361059
vt -0.241986 2.324070
vt 0.321281 -0.786942
vt 0.343028 -0.804285
vt 0.333350 -0.812003
vt -0.609662 2.074070
vt -0.660583 2.111059
vt -0.654819 2.074070
vt -0.193122 2.400000
vt -0.226937 0.757552
vt -0.216654 0.778906
vt -0.767074 0.214522
vt -0.777357 0.235875
vt -0.214869 0.810428
vt -0.235525 0.793955
vt -0.288400 2.361059
vt -0.281173 2.324070
vt -0.269529 2.290889
vt -0.254055 2.263179
vt -0.800889 0.362676
vt -0.777357 0.333604
vt -0.800889 0.338975
vt -0.247357 2.400000
vt -0.559541 2.074070
vt -0.514383 2.074070
vt -0.801073 -0.462500
vt -0.616767 -0.616767
vt -0.654074 -0.654074
vt -0.814758 1.000000
vt -0.862925 0.961059
vt -0.814060 0.961059
vt -0.601944 2.013179
vt -0.645534 2.040889
vt -0.633194 2.013179
vt -0.758486 1.490889
vt -0.220240 0.821581
vt 0.766838 2.290889
vt 0.757552 2.324070
vt -0.254055 0.779178
vt -0.245997 0.815702
vt 0.779178 2.263179
vt 0.000000 -0.847241
vt -0.219282 -0.818371
vt -0.800889 0.312555
vt -0.788821 0.309800
vt 0.749834 2.400000
vt -0.423620 -0.733732
vt -0.556109 -0.536009
vt -0.564167 -0.572533
vt -0.567259 2.013179
vt -0.606348 2.040889
vt -0.269104 0.810428
vt -0.245997 0.839839
vt -0.220240 0.833960
vt 0.799955 2.400000
vt -0.800889 1.490889
vt -0.767074 0.354958
vt 0.343028 -0.769600
vt 0.348399 -0.780753
vt 0.897989 2.324070
vt -0.724907 0.267397
vt -0.235525 0.861586
vt -0.214869 0.845113
vt -0.269104 0.845113
vt -0.562854 2.040889
vt -0.523668 2.040889
vt -0.290851 2.400000
vt -0.245997 2.361059
vt -0.288400 2.361059
vt -0.269529 2.290889
vt -0.226937 2.263179
vt -0.254055 2.263179
vt -0.216654 0.876635
vt -0.205190 0.852831
vt -0.800889 1.600000
vt 0.397689 0.890889
vt 0.370145 0.924070
vt 0.363684 0.890889
vt -0.241986 2.324070
vt -0.235525 2.290889
vt -0.226937 0.897989
vt -0.281172 2.324070
vt -0.247357 2.400000
vt -0.556109 -0.633194
vt -0.593511 -0.633466
vt -0.800889 1.463179
vt -0.536009 2.013179
vt -0.800889 0.256925
vt -0.541060 -0.567259
vt -0.617042 2.074070
vt -0.617042 2.040889
vt -0.800889 0.230504
vt -0.804285 0.863180
vt 0.636396 -0.636396
vt 0.423620 -0.733732
vt 0.450000 -0.779423
vt -0.812958 0.259679
vt -0.849753 1.524070
vt -0.843292 1.490889
vt -0.893481 0.239408
vt -0.872241 0.000000
vt -0.834704 0.214522
vt -0.824421 0.235875
vt -0.834704 1.463179
vt 0.599090 -0.599090
vt -0.869333 -0.232937
vt -0.733732 -0.423620
vt -0.779423 -0.450000
vt -0.855124 1.600000
vt -0.853765 1.561059
vt -0.896168 1.561059
vt -0.888940 1.524070
vt -0.843292 0.250925
vt -0.877297 1.490889
vt -0.755382 -0.436120
vt -0.861822 1.463179
vt 0.409332 0.924070
vt 0.374157 0.961059
vt -0.898618 1.600000
vt 0.374157 -0.799011
vt 0.348399 -0.793132
vt -0.822636 0.267397
vt -0.617042 -0.530366
vt -0.604974 -0.559541
vt -0.617042 -0.556786
vt 0.654074 -0.654074
vt 0.436120 -0.755382
vt 0.462500 -0.801073
vt 0.208758 1.561059
vt 0.256925 1.600000
vt 0.257622 1.561059
vt -0.528992 2.074070
vt 0.214522 1.524070
vt 0.262993 1.490889
vt 0.223807 1.490889
vt 0.236147 1.463179
vt 0.267397 1.463179
vt -0.853765 0.272671
vt -0.828007 0.278550
vt 0.397263 -0.804285
vt 0.259679 1.524070
vt -0.710960 0.961059
vt -0.716724 0.924070
vt -0.861822 0.236147
vt 0.311858 1.561059
vt -0.593511 -0.535737
vt -0.812003 0.924070
vt -0.847875 0.890889
vt -0.828007 0.290929
vt -0.617042 -0.506665
vt 0.309801 1.524070
vt -0.617042 2.150000
vt -0.617042 2.111059
vt -0.876871 0.267397
vt -0.853765 0.296808
vt 0.321281 -0.759127
vt 0.333350 -0.761882
vt -0.835535 0.863180
vt -0.843292 0.318555
vt -0.822636 0.302082
vt 0.354958 1.524070
vt -0.232937 0.869333
vt -0.423620 0.733732
vt -0.219282 0.818371
vt -0.861822 0.333332
vt -0.556786 2.150000
vt -0.611719 2.111059
vt 0.312555 1.600000
vt -0.843292 1.490889
vt -0.857161 0.924070
vt -0.834704 1.463179
vt -0.812958 0.309800
vt -0.888940 1.524070
vt -0.462500 -0.801073
vt -0.436120 -0.755382
vt -0.834704 0.354958
vt -0.824421 0.333604
vt 0.000000 0.847241
vt 0.000000 0.900000
vt -0.853765 1.561059
vt -0.612416 2.150000
vt -0.617042 -0.612416
vt -0.583227 -0.654819
vt -0.617042 -0.638837
vt 0.462500 0.801073
vt 0.225752 0.842520
vt -0.709006 1.000000
vt -0.759825 0.961059
vt -0.617042 2.074070
vt 0.000000 -0.900000
vt 0.893481 -0.239408
vt 0.872241 0.000000
vt -0.562807 2.150000
vt 0.321281 0.890889
vt 0.370146 0.924070
vt 0.363684 0.890889
vt -0.669918 2.111059
vt -0.665907 2.074070
vt -0.671278 2.150000
vt -0.650858 2.013179
vt 0.382214 0.863180
vt 0.355096 0.863180
vt -0.629111 -0.609662
vt -0.659445 2.040889
vt -0.759127 1.000000
vt 0.344813 -0.738078
vt -0.617042 -0.662537
vt -0.640574 -0.633466
vt -0.599090 -0.599090
vt -0.636396 -0.636396
vt -0.638789 -0.601944
vt -0.677975 -0.633194
vt -0.659445 -0.618416
vt 0.239408 -0.893481
vt 0.000000 -0.872241
vt 0.000000 -0.925000
vt -0.712321 2.111059
vt -0.705093 2.074070
vt 0.321281 0.863180
vt -0.714771 2.150000
vt -0.693450 2.040889
vt -0.677975 2.013179
vt -0.847241 0.000000
vt -0.900000 0.000000
vt 0.779423 -0.450000
vt -0.654819 2.074070
vt -0.611719 2.111059
vt -0.609662 2.074070
vt -0.644160 -0.590791
vt -0.219282 0.818371
vt 0.225752 -0.842520
vt -0.662537 2.150000
vt 0.321281 -0.732707
vt -0.645534 2.040889
vt -0.669918 -0.596670
vt -0.633194 2.013179
vt -0.601944 2.013179
vt 0.397263 -0.769600
vt -0.644160 -0.578412
vt -0.225752 -0.842520
vt -0.239408 -0.893481
vt -0.556786 2.150000
vt -0.557483 2.111059
vt 0.321281 0.961059
vt 0.321281 0.924070
vt -0.693025 -0.601944
vt -0.669918 -0.572533
vt -0.567259 2.013179
vt -0.638789 -0.567259
vt -0.508619 2.111059
vt -0.523668 2.040889
vt -0.693025 -0.567259
vt -0.659445 -0.550786
vt -0.536009 2.013179
vt -0.514383 2.074070
vt -0.640574 -0.535737
vt -0.629111 -0.559541
vt -0.669918 2.111059
vt -0.712321 2.111059
vt -0.705093 2.074070
vt -0.659445 2.040889
vt -0.677975 -0.536009
vt -0.650858 2.013179
vt -0.677975 2.013179
vt -0.727830 1.652284
vt -0.750408 1.600000
vt -0.665907 2.074070
vt 0.321281 -0.709006
vt -0.650858 -0.514383
vt 0.355096 0.863180
vt 0.419010 1.000000
vt -0.818371 -0.219282
vt -0.733732 0.423620
vt 0.321281 0.890889
vt -0.818371 -0.219282
vt 0.616767 -0.616767
vt 0.321281 0.863180
vt 0.616767 0.616767
vt 0.436120 0.755382
vt 0.321281 -0.814758
vt 0.355096 -0.857161
vt 0.321281 -0.841178
vt 0.375517 1.000000
vt 0.321281 0.961059
vt 0.321281 0.924070
vt 0.869333 -0.232937
vt 0.733732 -0.423620
vt 0.801073 -0.462500
vt 0.842520 -0.225752
vt 0.847241 0.000000
vt 0.818371 -0.219282
vt 0.321281 1.000000
vt 0.268405 0.961059
vt 0.309213 -0.812003
vt 0.818371 -0.219282
vt 0.287466 0.863180
vt 0.287466 -0.857161
vt 0.297749 -0.835807
vt 0.272417 0.924070
vt 0.278878 0.890889
vt 0.801073 0.462500
vt 0.755382 0.436120
vt 0.260348 0.863180
vt 0.299534 -0.804285
vt 0.869333 0.232937
vt 0.900000 0.000000
vt 0.223552 1.000000
vt 0.226002 0.961059
vt 0.233230 0.924070
vt 0.244874 0.890889
vt 0.779423 0.450000
vt 0.599090 0.599090
vt 0.636396 0.636396
vt 0.278878 -0.820758
vt 0.733732 0.423620
vt 0.654074 0.654074
vt -0.869333 0.232937
vt 0.232937 0.869333
vt 0.219282 0.818371
vt -0.847875 0.890889
vt -0.864879 1.000000
vt -0.835535 0.863180
vt -0.804285 0.863180
vt 0.294163 -0.793132
vt 0.260348 -0.835535
vt 0.268405 -0.799011
vt 0.818371 0.219282
vt -0.818371 0.219282
vt -0.814758 1.000000
vt -0.759825 0.961059
vt 0.294163 -0.780753
vt 0.450000 0.779423
vt 0.219282 0.818371
vt 0.245299 -0.804285
vt 0.268405 -0.774874
vt -0.761882 0.924070
vt 0.755382 -0.436120
vt -0.818371 0.219282
vt 0.299534 -0.769600
vt 0.423620 0.733732
vt 0.260348 -0.738350
vt 0.278878 -0.753127
vt -0.716724 0.924070
vt 0.818371 0.219282
vt 0.244874 0.890889
vt 0.272417 0.924070
vt 0.278878 0.890889
vt 0.226002 0.961059
vt 0.267046 1.000000
vt 0.268405 0.961059
vt 0.287466 0.863180
vt 0.309213 -0.761882
vt 0.287466 -0.716724
vt 0.297749 -0.738078
vt 0.233230 0.924070
vt 0.232937 -0.869333
vt 0.219282 -0.818371
vt 0.219282 -0.818371
vt -0.842520 0.225752
vt -0.801073 0.462500
vt -0.755382 0.436120
vt -0.616767 0.616767
vt -0.873948 1.652284
vt -0.800889 1.652284
vt -0.654074 0.654074
vt -0.462500 0.801073
vt -0.800889 0.164124
vt -0.772536 0.225865
vt -0.800889 0.219393
vt -0.436120 0.755382
vt -0.735421 -0.557582
vt -0.668133 -0.543858
vt -0.711975 -0.508895
vt -0.225752 0.842520
vt -0.918481 0.311579
vt -0.864597 0.270199
vt -0.864597 0.299281
vt -0.239408 0.893481
vt -0.932537 0.389726
vt -0.914319 0.310629
vt -0.965051 0.322209
vt -0.851370 0.389565
vt -0.891852 0.357281
vt -0.851979 0.325483
vt -0.895191 0.359943
vt -0.140130 0.937809
vt -0.193122 0.893117
vt -0.164769 0.886646
vt -0.780418 -0.547312
vt -0.708006 -0.512060
vt -0.730472 -0.558712
vt -0.120721 2.452219
vt -0.193122 2.400000
vt -0.193122 2.452219
vt -0.853222 0.176069
vt -0.851979 0.243997
vt -0.895191 0.209537
vt 0.322209 1.652284
vt 0.258851 1.600000
vt 0.247271 1.652284
vt -0.669726 -0.475203
vt -0.645395 -0.525726
vt -0.918481 0.257900
vt -0.312193 0.800593
vt -0.256830 0.842312
vt -0.312193 0.854948
vt -0.193122 2.452219
vt -0.142641 2.400000
vt -0.120721 2.452219
vt -0.851370 1.600000
vt -0.873948 1.652284
vt -0.853222 0.393411
vt -0.800889 0.350087
vt -0.800889 0.405356
vt -0.074051 0.854948
vt -0.142032 0.868513
vt -0.129413 0.842312
vt -0.829242 0.343615
vt -0.193122 0.705637
vt -0.164769 0.768895
vt -0.193122 0.762424
vt -0.097634 0.903919
vt -0.062660 0.931810
vt -0.142641 0.932595
vt -0.120721 0.978112
vt -0.617042 -0.463178
vt -0.617042 -0.519255
vt -0.288609 0.903919
vt -0.221475 0.886646
vt -0.246113 0.937809
vt -0.323584 0.931810
vt -0.243603 0.932595
vt -0.284085 0.900311
vt -0.355805 0.790639
vt -0.284085 0.755230
vt -0.323584 0.723731
vt -0.244212 0.868513
vt -0.193122 0.949904
vt -0.265522 2.452219
vt -0.243603 2.400000
vt -0.265523 0.677429
vt -0.243603 0.722946
vt -0.306551 0.853660
vt -0.355805 0.864902
vt -0.097634 0.751622
vt -0.129413 0.813229
vt -0.142032 0.787028
vt 0.628289 1.252293
vt 0.691717 1.200000
vt 0.639938 1.200000
vt 0.455173 0.817820
vt 0.437405 0.738369
vt 0.396474 0.771010
vt 0.476172 0.774215
vt 0.477278 0.706571
vt 0.500016 0.724703
vt 0.528368 0.834527
vt 0.477888 0.770653
vt -0.120721 0.677429
vt -0.102158 0.755230
vt -0.062660 0.723731
vt 0.528368 0.731175
vt 0.528368 0.786129
vt -0.246113 0.717732
vt -0.244212 0.787028
vt -0.288609 0.751622
vt 0.363899 0.628289
vt 0.437405 0.593287
vt 0.396474 0.560646
vt 0.434313 0.740834
vt 0.464660 0.680369
vt 0.414939 0.691717
vt 0.363899 0.703367
vt 0.411084 0.639058
vt 0.411084 0.692597
vt 0.528368 0.497129
vt 0.578849 0.561003
vt 0.601564 0.513835
vt -0.140130 0.717732
vt 0.455173 0.513835
vt 0.477888 0.561003
vt 0.434313 0.590822
vt 0.464660 0.651287
vt 0.703367 1.252293
vt 0.476172 0.557440
vt 0.528368 0.600481
vt 0.500016 0.606953
vt 0.528368 0.549481
vt 0.580565 0.557441
vt 0.528368 0.545527
vt 0.477278 0.625085
vt 0.622424 0.590822
vt 0.592077 0.651287
vt 0.579459 0.625085
vt 0.692838 0.628289
vt 0.619332 0.593287
vt 0.641798 0.639938
vt 0.645653 0.692597
vt 0.645653 0.639058
vt 0.556721 0.606953
vt -0.037372 2.002270
vt 0.025890 1.950000
vt -0.025890 1.950000
vt 0.718692 0.104715
vt 0.799519 0.104825
vt 0.759037 0.072541
vt 0.731984 -0.026936
vt 0.786292 0.014541
vt 0.731984 0.026936
vt 0.797478 0.109063
vt 0.798910 0.040743
vt 0.821647 0.058875
vt 0.777130 2.002270
vt 0.799519 1.950000
vt 0.622424 0.740834
vt 0.592077 0.680369
vt 0.660263 0.560646
vt 0.922870 2.002270
vt 0.900481 1.950000
vt 0.968016 -0.026936
vt 0.901090 -0.040743
vt 0.944641 -0.075474
vt 0.850000 -0.121051
vt 0.878353 -0.058875
vt 0.850000 -0.065347
vt 0.580565 0.774215
vt 0.556721 0.724703
vt 0.579459 0.706571
vt 0.718692 -0.104715
vt 0.799519 -0.104825
vt 0.777130 -0.151317
vt 0.755359 -0.075474
vt 0.821647 -0.058875
vt 0.798910 -0.040743
vt 0.578849 0.770653
vt 0.528368 0.782175
vt 0.850000 0.065347
vt 0.850000 0.121051
vt 0.692838 0.703367
vt 0.619332 0.738369
vt 0.660263 0.771010
vt 0.686261 0.037372
vt 0.736570 0.025890
vt 0.786292 -0.014541
vt 0.755359 0.075474
vt 0.601564 0.817820
vt 0.902522 0.109063
vt 0.878353 0.058875
vt 0.981308 0.104715
vt 0.963430 0.025889
vt 0.940963 0.072541
vt 0.037372 2.002270
vt -0.025889 1.950000
vt 0.025889 1.950000
vt 0.913708 0.014541
vt 0.913708 -0.014541
vt 0.981308 -0.104715
vt 0.963430 -0.025889
vt 1.013739 -0.037372
vt 0.850000 2.002270
vt 0.922870 -0.151317
vt 0.940963 -0.072541
vt 0.902522 -0.109063
vt 0.797478 -0.109063
vt 0.686262 -0.037372
vt 0.759037 -0.072541
vt 0.922871 2.002270
vt 0.900481 0.104825
vt 0.922871 0.151317
vt 0.901090 0.040743
vt 0.944641 0.075474
vt -0.243603 2.400000
vt -0.256830 0.813229
vt -0.221475 0.768895
vt 0.968016 0.026936
vt -0.079692 0.801881
vt -0.030439 0.790639
vt 0.864902 2.452219
vt 0.801881 2.400000
vt 0.790639 2.452219
vt -0.074051 0.800593
vt 0.790639 2.452219
vt 0.853660 2.400000
vt 0.864902 2.452219
vt -0.079692 0.853660
vt -0.102158 0.900311
vt -0.932537 0.179754
vt -0.851370 0.179915
vt -0.873948 0.133031
vt -0.965051 0.247271
vt -0.891852 0.212199
vt -0.706588 0.209537
vt -0.748556 0.176069
vt -0.737181 0.270199
vt -0.749799 0.243997
vt -0.636727 0.247271
vt -0.709926 0.212199
vt -0.687459 0.258850
vt -0.829242 0.225865
vt 0.247271 1.652284
vt 0.310629 1.600000
vt 0.322209 1.652284
vt -0.669241 0.389726
vt -0.687459 0.310629
vt -0.709926 0.357281
vt -0.683297 0.311579
vt -0.683297 0.257900
vt -0.727830 0.133031
vt -0.669241 0.179754
vt -0.749799 0.325483
vt -0.737181 0.299281
vt -0.727830 0.436449
vt -0.750408 0.389565
vt -0.748556 0.393411
vt -0.706588 0.359943
vt -0.772536 0.343615
vt 0.321281 -0.618128
vt 0.270800 -0.682118
vt 0.248035 -0.634846
vt -0.689752 2.202255
vt -0.667523 2.150000
vt -0.780418 -0.621891
vt -0.708006 -0.657142
vt -0.748060 -0.689084
vt -0.547312 2.202255
vt -0.610491 2.150000
vt -0.621891 2.202255
vt -0.711975 -0.660307
vt -0.680751 -0.599142
vt -0.735421 -0.611620
vt -0.748060 -0.480118
vt -0.667523 -0.479776
vt -0.680751 -0.570060
vt -0.617042 2.202255
vt -0.669726 -0.693999
vt -0.617042 -0.649948
vt -0.645395 -0.643477
vt -0.667523 -0.689426
vt -0.689752 -0.735583
vt -0.668133 -0.625344
vt -0.498664 -0.611620
vt -0.553334 -0.570060
vt -0.553334 -0.599142
vt -0.486025 -0.689084
vt -0.566562 -0.689426
vt -0.526079 -0.657142
vt -0.566562 2.150000
vt -0.544333 2.202255
vt -0.564359 -0.693999
vt -0.565952 -0.625344
vt -0.588690 -0.643477
vt -0.617042 -0.706024
vt -0.564359 -0.475203
vt -0.565952 -0.543858
vt -0.522110 -0.508895
vt -0.544333 -0.433619
vt -0.526079 -0.512060
vt -0.566562 -0.479776
vt -0.522110 -0.660307
vt -0.558712 2.150000
vt -0.503613 -0.610491
vt -0.453667 -0.621891
vt -0.544333 2.202255
vt -0.588690 -0.525726
vt -0.498664 -0.557582
vt -0.453667 -0.547312
vt -0.486025 -0.480118
vt 0.204109 -0.760199
vt 0.257573 -0.801484
vt 0.257573 -0.772401
vt 0.189297 -0.681688
vt 0.230318 -0.714402
vt 0.321281 -0.666757
vt 0.292928 -0.728067
vt 0.321281 -0.721596
vt 0.227316 -0.712008
vt 0.269135 -0.678659
vt 0.227316 -0.861877
vt 0.292928 -0.845818
vt 0.270191 -0.827685
vt 0.189297 -0.892197
vt 0.270800 -0.891767
vt 0.248035 -0.939039
vt -0.824507 1.052295
vt -0.761053 1.000000
vt -0.812832 1.000000
vt 0.207851 -0.761053
vt 0.156699 -0.749378
vt 0.270191 -0.746199
vt 0.394527 -0.939039
vt 0.321281 -0.903289
vt 0.371762 -0.891767
vt 0.321281 -0.907128
vt 0.349634 -0.845818
vt 0.321281 -0.852289
vt 0.269135 -0.895226
vt 0.156699 -0.824507
vt 0.230318 -0.859483
vt 0.204109 -0.813686
vt 0.415246 -0.861877
vt 0.384989 -0.801484
vt 0.372371 -0.827685
vt 0.453266 -0.892197
vt 0.434711 -0.812832
vt 0.485863 -0.824507
vt 0.412245 -0.859484
vt 0.373427 -0.895226
vt 0.321281 -0.955757
vt 0.485863 -0.749378
vt 0.412245 -0.714401
vt 0.453266 -0.681688
vt 0.438453 -0.760199
vt 0.372371 -0.746199
vt 0.384989 -0.772401
vt 0.438453 -0.813686
vt -0.749378 1.052295
vt -0.761053 1.000000
vt 0.371762 -0.682118
vt 0.321281 -0.670596
vt 0.373428 -0.678659
vt 0.349634 -0.728067
vt 0.415246 -0.712008
vt 0.394527 -0.634846
vt -0.052308 0.016996
vt -0.032328 0.044496
vt 0.000000 0.055000
vt 0.016996 3.797692
vt -0.016996 3.797692
vt 0.000000 3.850000
vt -0.052308 -0.016996
vt -0.032328 -0.044496
vt 0.000000 -0.055000
vt 0.032328 -0.044496
vt -0.016996 3.402308
vt 0.016996 3.402308
vt 0.000000 3.350000
vt 0.052308 -0.016996
vt 0.032328 0.044496
vt 0.052308 0.016996
vt 0.000000 3.247692
vt 0.232937 0.052308
vt 0.000000 0.052308
vt -0.232937 3.247692
vt -0.232937 0.052308
vt 0.232937 3.247692
vt 0.450000 0.052308
vt 0.450000 3.247692
vt 0.636396 0.052308
vt 0.636396 3.247692
vt -0.450000 0.052308
vt -0.450000 3.247692
vt -0.636396 0.052308
vt -0.636396 3.247692
vt 0.000000 3.422692
vt 0.239408 3.277308
vt 0.000000 3.277308
vt -0.239408 3.422692
vt -0.239408 3.277308
vt 0.239408 3.422692
vt 0.462500 3.277308
vt 0.462500 3.422692
vt 0.654074 3.277308
vt 0.654074 3.422692
vt -0.462500 3.277308
vt -0.462500 3.422692
vt -0.654074 3.277308
vt -0.654074 3.422692
vt -0.288609 3.197781
vt -0.323584 2.452219
vt -0.246113 3.197781
vt -0.142641 0.722946
vt -0.306551 0.801881
vt -0.193122 0.944117
vt 0.854948 3.197781
vt 0.931810 2.452219
vt 0.800593 3.197781
vt 0.751622 3.197781
vt 0.723731 2.452219
vt -0.246113 3.197781
vt -0.323584 2.452219
vt -0.265523 2.452219
vt -0.193122 3.197781
vt 0.434313 3.197707
vt 0.455173 1.252293
vt 0.396474 1.252293
vt 0.476172 3.197707
vt 0.528368 1.252293
vt 0.692597 3.197707
vt 0.771010 1.252293
vt 0.703367 1.252293
vt 0.639058 3.197707
vt 0.590822 3.197707
vt 0.560646 1.252293
vt -0.140130 3.197781
vt 0.396474 1.252293
vt 0.528368 3.197707
vt -0.097634 3.197781
vt -0.062660 2.452219
vt 0.800593 3.197781
vt 0.580565 3.197707
vt 0.601564 1.252293
vt 0.622424 3.197707
vt 0.660263 1.252293
vt 0.740834 3.197707
vt 0.771010 1.252293
vt 0.903919 3.197781
vt 0.755359 3.197730
vt 0.718692 2.002270
vt 0.797478 3.197730
vt 0.850000 -0.116347
vt 0.026936 3.197730
vt 0.104715 2.002270
vt 0.037372 2.002270
vt -0.026936 3.197730
vt -0.075474 3.197730
vt -0.104715 2.002270
vt 0.797478 3.197730
vt 0.718692 2.002270
vt 0.850000 3.197730
vt 0.902522 3.197730
vt 0.944641 3.197730
vt 0.981308 2.002270
vt -0.026936 3.197730
vt -0.104715 2.002270
vt -0.037372 2.002270
vt 0.075474 3.197730
vt 0.104715 2.002270
vt 0.981308 2.002270
vt -0.140130 3.197781
vt -0.062660 2.452219
vt -0.193122 3.197781
vt -0.895191 3.197716
vt -0.932537 1.652284
vt -0.853222 3.197716
vt -0.800889 0.168393
vt 0.311579 3.197716
vt 0.389726 1.652284
vt 0.257900 3.197716
vt 0.209537 3.197716
vt 0.179754 1.652284
vt -0.800889 3.197716
vt -0.706588 3.197716
vt -0.669241 1.652284
vt 0.257900 3.197716
vt 0.179754 1.652284
vt 0.311579 3.197716
vt 0.359943 3.197716
vt -0.748556 3.197716
vt -0.711975 3.197745
vt -0.748060 2.202255
vt -0.669726 3.197745
vt -0.730472 -0.610491
vt -0.557582 3.197745
vt -0.480118 2.202255
vt -0.611620 3.197745
vt -0.660307 3.197745
vt -0.689084 2.202255
vt -0.748060 2.202255
vt -0.617042 3.197745
vt -0.564359 3.197745
vt -0.522110 3.197745
vt -0.486025 2.202255
vt -0.508895 3.197745
vt -0.486025 2.202255
vt 0.227316 3.197705
vt 0.248035 1.052295
vt 0.189297 1.052295
vt 0.269135 3.197705
vt 0.321281 1.052295
vt 0.207851 -0.812832
vt -0.760199 3.197705
vt -0.681688 1.052295
vt -0.749378 1.052295
vt -0.813686 3.197705
vt -0.861877 3.197705
vt -0.892197 1.052295
vt 0.189297 1.052295
vt 0.321281 3.197705
vt 0.373427 3.197705
vt 0.394527 1.052295
vt 0.415246 3.197705
vt 0.453266 1.052295
vt -0.824507 1.052295
vt -0.861877 3.197705
vt -0.892197 1.052295
vt -0.813686 3.197705
vt -0.712008 3.197705
vt -0.681688 1.052295
vt 0.373428 3.197705
vt 0.453266 1.052295
vt 0.044496 3.402308
vt -0.032328 3.797692
vt 0.000000 3.402308
vt -0.032328 3.402308
vt -0.044496 3.797692
vt -0.044496 3.402308
vt 0.000000 3.797692
vt 0.032328 3.797692
vt 0.032328 3.402308
vt 0.044496 3.797692
vt 0.467436 0.714420
vt 0.743764 1.200000
vt 0.587892 1.200000
vt -0.193122 0.749834
vt 0.707912 0.000000
vt 0.256925 1.600000
vt 0.562184 0.595610
vt -0.703160 1.600000
vt -0.530330 3.425000
vt 0.774018 0.017342
vt -0.095393 2.400000
vt 0.816185 -0.070218
vt -0.077936 1.950000
vt -0.193122 2.400000
vt 0.027815 1.950000
vt 0.910933 0.048592
vt 0.749834 2.400000
vt 0.362676 1.600000
vt 0.419010 1.000000
vt 0.530330 3.425000
vt -0.530330 3.425000
vt 0.562184 0.736046
vt -0.739956 0.236147
vt -0.864879 1.000000
vt -0.254055 0.876363
vt -0.800889 0.206804
vt 0.206804 1.600000
vt -0.583227 -0.514383
vt -0.876871 0.302082
vt 0.362676 1.600000
vt -0.662537 2.150000
vt 0.355096 -0.716724
vt -0.650858 -0.654819
vt -0.612416 2.150000
vt 0.321281 1.000000
vt 0.321281 -0.864879
vt 0.267046 1.000000
vt -0.759127 1.000000
vt 0.245299 -0.769600
vt 0.223552 1.000000
vt -0.873948 0.436449
vt -0.142641 2.400000
vt 0.310629 1.600000
vt -0.265522 0.978112
vt 0.414939 0.639938
vt 0.777130 0.151317
vt 0.641798 0.691717
vt 1.013738 0.037372
vt 0.900481 -0.104825
vt 0.736570 -0.025890
vt -0.030439 0.864902
vt -0.914319 0.258851
vt 0.258850 1.600000
vt -0.636727 0.322209
vt -0.750408 0.179915
vt -0.750408 1.600000
vt -0.689752 -0.433619
vt -0.544333 -0.735583
vt -0.503613 -0.558712
vt 0.434711 -0.761053
vt -0.193122 0.711424
vt 0.751622 3.197781
vt 0.854948 3.197781
vt 0.850000 0.116347
vt 0.075474 3.197730
vt -0.075474 3.197730
vt 0.026936 3.197730
vt -0.097634 3.197781
vt -0.800889 0.401087
vt -0.706588 3.197716
vt -0.617042 -0.468255
vt -0.617042 -0.700948
vt -0.508895 3.197745
vt -0.711975 3.197745
vt -0.660307 3.197745
vt -0.712008 3.197705
vt 0.227316 3.197705
vt -0.760199 3.197705
vt 0.415246 3.197705
s 1
f 735/1/492 706/2/217 763/3/258
f 119/4/71 149/5/97 120/6/72
f 735/7/492 531/8/219 734/9/491
f 126/10/77 830/11/134 121/12/73
f 119/4/71 147/13/95 148/14/96
f 156/15/2 764/16/259 705/17/216
f 483/18/334 299/19/210 478/20/332
f 105/21/57 826/22/152 825/23/153
f 151/24/99 181/25/123 152/26/100
f 812/27/532 146/28/94 813/29/533
f 145/30/93 175/31/117 146/28/94
f 154/32/102 912/33/334 162/34/103
f 810/35/255 560/36/221 532/37/220
f 114/38/66 144/39/92 115/40/67
f 241/41/171 121/12/73 117/42/69
f 813/29/533 147/13/95 118/43/70
f 148/14/96 178/44/120 149/5/97
f 162/34/103 899/45/332 163/46/104
f 145/30/93 173/47/115 174/48/116
f 115/40/67 145/30/93 812/27/532
f 808/49/253 560/36/221 809/50/254
f 1124/51/544 1012/52/564 1125/53/564
f 143/54/91 173/47/115 144/39/92
f 123/55/75 153/56/101 124/57/76
f 151/24/99 179/58/121 180/59/122
f 113/60/65 143/61/91 114/62/66
f 218/63/130 128/64/79 213/65/129
f 142/66/90 172/67/114 143/61/91
f 147/13/95 175/31/117 176/68/118
f 141/69/89 171/70/113 142/66/90
f 764/16/259 706/2/217 705/17/216
f 944/71/155 818/72/73 945/73/156
f 817/74/534 151/24/99 122/75/74
f 156/15/2 705/17/216 329/76/215
f 532/77/220 474/78/195 502/79/212
f 112/80/64 142/66/90 113/60/65
f 125/81/2 124/57/76 153/56/101
f 120/6/72 150/82/98 817/74/534
f 111/83/63 141/69/89 112/80/64
f 810/35/255 531/8/219 811/84/256
f 561/85/236 474/78/195 560/86/221
f 816/87/172 941/88/351 822/89/187
f 122/75/74 152/26/100 123/55/75
f 156/15/2 819/90/260 764/16/259
f 104/91/2 387/92/277 161/93/105
f 140/94/88 170/95/112 141/69/89
f 125/81/2 153/56/101 182/96/124
f 149/5/97 179/58/121 150/82/98
f 224/97/155 121/12/73 225/98/156
f 148/14/96 176/68/118 177/99/119
f 152/26/100 182/96/124 153/56/101
f 125/81/2 182/96/124 211/100/149
f 270/101/187 106/102/58 271/103/188
f 820/104/261 764/16/259 819/90/260
f 1/105/1 810/35/255 811/84/256
f 181/25/123 211/100/149 182/96/124
f 103/106/56 808/49/253 809/50/254
f 270/107/187 116/108/68 108/109/60
f 173/47/115 203/110/141 174/48/116
f 180/59/122 210/111/148 181/25/123
f 178/44/120 208/112/146 179/58/121
f 821/113/278 763/3/258 820/104/261
f 177/99/119 207/114/145 178/44/120
f 179/58/121 209/115/147 180/59/122
f 172/116/114 202/117/140 173/47/115
f 156/15/2 139/118/87 819/90/260
f 121/12/73 829/119/135 117/42/69
f 177/99/119 205/120/143 206/121/144
f 134/122/82 107/123/59 103/106/56
f 171/70/113 201/124/139 172/67/114
f 132/125/80 484/126/335 155/127/102
f 175/31/117 205/120/143 176/68/118
f 975/128/188 1070/129/57 989/130/210
f 171/70/113 199/131/137 200/132/138
f 103/106/56 810/35/255 99/133/53
f 175/31/117 203/110/141 204/134/142
f 134/122/82 99/133/53 135/135/83
f 169/136/111 199/131/137 170/95/112
f 1/105/1 735/7/492 821/137/278
f 212/138/128 128/64/79 154/139/102
f 199/140/137 229/141/159 200/142/138
f 137/143/85 1/105/1 821/137/278
f 203/110/141 233/144/163 204/134/142
f 185/145/126 133/85/81 134/146/82
f 198/147/136 228/148/158 199/140/137
f 154/139/102 927/149/350 914/150/335
f 125/81/2 211/100/149 240/151/170
f 484/152/335 271/103/188 483/18/334
f 445/153/313 160/154/69 814/155/171
f 135/135/83 1/105/1 136/156/84
f 211/100/149 239/157/169 240/151/170
f 139/118/87 820/104/261 819/90/260
f 681/158/458 684/159/460 685/160/460
f 202/117/140 232/161/162 203/110/141
f 209/115/147 239/157/169 210/111/148
f 207/114/145 237/162/167 208/112/146
f 104/91/2 299/19/210 105/21/57
f 206/121/144 236/163/166 207/114/145
f 208/112/146 238/164/168 209/115/147
f 201/165/139 231/166/161 202/117/140
f 183/167/2 899/45/332 837/168/210
f 934/169/191 394/170/129 935/171/192
f 206/121/144 234/172/164 235/173/165
f 193/174/105 162/34/103 163/46/104
f 200/142/138 230/175/160 201/124/139
f 137/176/85 820/104/261 138/177/86
f 204/134/142 234/172/164 205/120/143
f 230/178/160 260/179/177 231/166/161
f 183/167/2 163/46/104 899/45/332
f 108/180/60 826/22/152 106/102/58
f 235/173/165 263/181/180 264/182/181
f 212/183/128 162/34/103 194/184/125
f 229/141/159 259/185/176 230/175/160
f 165/186/107 139/118/87 164/187/106
f 233/144/163 263/181/180 234/172/164
f 769/188/423 776/189/406 774/190/514
f 228/148/158 258/191/175 229/141/159
f 185/145/126 135/192/83 168/193/110
f 232/161/162 262/194/179 233/144/163
f 129/195/61 545/196/370 130/197/62
f 227/198/157 257/199/174 228/148/158
f 166/200/108 138/177/86 165/186/107
f 125/81/2 240/151/170 269/201/186
f 197/202/135 167/203/109 214/204/150
f 166/205/108 136/206/84 137/207/85
f 156/15/2 164/187/106 139/118/87
f 239/157/169 269/201/186 240/151/170
f 168/193/110 136/206/84 167/203/109
f 104/91/2 478/20/332 299/19/210
f 231/166/161 261/208/178 232/161/162
f 238/164/168 268/209/185 239/157/169
f 236/163/166 266/210/183 237/162/167
f 299/19/210 106/102/58 105/21/57
f 235/173/165 265/211/182 236/163/166
f 238/164/168 266/210/183 267/212/184
f 189/213/130 132/125/80 188/214/129
f 260/179/177 290/215/201 261/208/178
f 267/212/184 297/216/208 268/209/185
f 265/211/182 295/217/206 266/210/183
f 196/218/134 186/219/127 185/145/126
f 264/182/181 294/220/205 265/211/182
f 267/212/184 295/217/206 296/221/207
f 259/222/176 289/223/200 260/179/177
f 543/224/369 242/225/172 508/226/350
f 109/227/61 929/228/402 110/229/62
f 264/182/181 292/230/203 293/231/204
f 161/93/105 157/232/103 158/233/104
f 258/191/175 288/62/199 259/185/176
f 899/45/332 824/234/188 837/168/210
f 263/181/180 291/235/202 292/230/203
f 156/15/2 226/236/57 217/237/153
f 258/191/175 286/238/197 287/239/198
f 196/218/134 168/193/110 197/202/135
f 261/208/178 291/235/202 262/194/179
f 246/240/68 215/241/151 244/242/60
f 256/243/173 286/238/197 257/199/174
f 216/244/152 164/187/106 217/237/153
f 125/81/2 269/201/186 298/245/209
f 156/15/2 217/237/153 164/187/106
f 215/241/151 167/203/109 166/205/108
f 929/228/402 422/246/155 445/247/313
f 268/209/185 298/245/209 269/201/186
f 215/248/151 165/186/107 216/244/152
f 104/91/2 161/93/105 158/233/104
f 125/81/2 298/245/209 327/249/235
f 243/250/58 215/248/151 216/244/152
f 246/240/68 197/202/135 214/204/150
f 853/251/128 834/252/103 852/253/125
f 297/216/208 327/249/235 298/245/209
f 243/250/58 217/237/153 226/236/57
f 187/254/128 157/232/103 184/255/125
f 289/223/200 319/256/227 290/215/201
f 296/221/207 326/257/234 297/216/208
f 294/220/205 324/258/232 295/217/206
f 188/214/129 155/127/102 187/259/128
f 293/231/204 323/260/231 294/220/205
f 296/221/207 324/258/232 325/261/233
f 289/223/200 317/262/225 318/263/226
f 1054/264/367 975/128/188 1053/265/334
f 110/229/62 928/266/369 127/267/78
f 293/231/204 321/268/229 322/269/230
f 338/270/188 226/236/57 368/271/210
f 287/239/198 317/272/225 288/62/199
f 249/273/77 196/218/134 248/274/73
f 291/235/202 321/268/229 292/230/203
f 286/238/197 316/275/224 287/239/198
f 248/274/73 197/202/135 247/276/69
f 290/215/201 320/277/228 291/235/202
f 191/278/132 130/197/62 190/279/131
f 285/280/196 315/281/223 286/238/197
f 320/277/228 350/282/245 321/268/229
f 315/281/223 345/283/240 316/275/224
f 303/284/211 713/285/280 304/286/214
f 319/256/227 349/287/244 320/277/228
f 245/288/2 305/289/215 712/290/279
f 314/291/222 344/292/239 315/281/223
f 301/293/212 715/294/281 302/295/213
f 125/81/2 327/249/235 356/296/251
f 283/297/194 717/298/297 284/299/195
f 571/300/369 307/156/172 570/301/350
f 601/302/402 306/135/171 571/300/369
f 326/257/234 356/296/251 327/249/235
f 927/149/350 822/303/187 914/150/335
f 318/263/226 348/304/243 319/256/227
f 326/257/234 354/305/249 355/306/250
f 323/260/231 353/307/248 324/258/232
f 284/299/195 716/308/296 301/293/212
f 322/269/230 352/309/247 323/260/231
f 324/258/232 354/305/249 325/261/233
f 318/263/226 346/310/241 347/311/242
f 509/312/332 338/270/188 368/271/210
f 445/153/313 251/313/77 222/314/73
f 322/269/230 350/282/245 351/315/246
f 305/289/215 713/285/280 712/290/279
f 316/275/224 346/316/241 317/272/225
f 127/267/78 927/149/350 128/64/79
f 354/305/249 382/317/272 383/318/273
f 347/311/242 375/319/265 376/320/266
f 508/226/350 270/321/187 484/126/335
f 242/322/172 117/42/69 116/108/68
f 351/315/246 379/323/269 380/324/270
f 277/325/191 190/326/131 189/327/130
f 345/283/240 375/328/265 346/316/241
f 245/288/2 308/329/216 305/289/215
f 350/282/245 378/330/268 379/323/269
f 309/331/217 305/289/215 308/329/216
f 345/283/240 373/332/263 374/333/264
f 348/304/243 378/330/268 349/287/244
f 312/334/220 284/299/195 301/293/212
f 343/335/238 373/332/263 344/292/239
f 311/336/219 301/293/212 302/295/213
f 125/81/2 356/296/251 385/337/275
f 311/336/219 303/338/211 310/339/218
f 310/340/218 304/286/214 309/331/217
f 540/341/367 307/156/172 337/342/187
f 356/296/251 384/343/274 385/337/275
f 602/123/403 276/344/156 601/302/402
f 710/154/191 219/153/154 218/155/130
f 347/311/242 377/345/267 348/304/243
f 354/305/249 384/343/274 355/306/250
f 352/309/247 382/317/272 353/307/248
f 302/295/213 714/346/366 303/338/211
f 351/315/246 381/347/271 352/309/247
f 330/348/236 284/299/195 313/349/221
f 376/320/266 406/350/287 377/345/267
f 383/318/273 413/351/294 384/343/274
f 381/347/271 411/352/292 382/317/272
f 306/353/171 246/240/68 307/354/172
f 380/324/270 410/355/291 381/347/271
f 382/317/272 412/356/293 383/318/273
f 376/320/266 404/357/285 405/358/286
f 366/359/258 308/329/216 367/360/259
f 156/15/2 329/76/215 533/361/279
f 380/324/270 408/362/289 409/363/290
f 959/364/171 192/171/68 960/170/172
f 374/365/264 404/366/285 375/367/265
f 363/368/255 311/369/219 364/370/256
f 378/330/268 408/362/289 379/323/269
f 366/359/258 310/340/218 309/331/217
f 373/371/263 403/372/284 374/365/264
f 362/373/254 330/374/236 313/375/221
f 378/330/268 406/350/287 407/376/288
f 364/370/256 310/377/218 365/378/257
f 372/379/262 402/380/283 373/371/263
f 363/368/255 313/375/221 312/381/220
f 125/81/2 385/337/275 414/382/295
f 332/383/102 539/384/334 333/385/103
f 280/386/61 601/302/402 281/387/62
f 384/343/274 414/382/295 385/337/275
f 245/288/2 367/360/259 308/329/216
f 391/388/56 361/389/253 362/373/254
f 125/81/2 414/382/295 443/390/312
f 337/391/187 243/250/58 338/270/188
f 945/73/156 272/169/69 959/364/171
f 245/288/2 370/392/260 367/360/259
f 413/351/294 443/390/312 414/382/295
f 371/393/261 367/360/259 370/392/260
f 405/358/286 435/394/304 406/350/287
f 412/356/293 442/395/311 413/351/294
f 410/355/291 440/396/309 411/352/292
f 332/397/102 570/301/350 540/341/367
f 410/355/291 438/398/307 439/399/308
f 412/356/293 440/396/309 441/400/310
f 405/358/286 433/401/302 434/402/303
f 273/403/189 190/326/131 275/404/190
f 219/405/154 127/267/78 218/63/130
f 409/363/290 437/406/306 438/398/307
f 391/388/56 363/368/255 390/407/53
f 403/372/284 433/408/302 404/366/285
f 390/407/53 364/370/256 389/409/1
f 407/376/288 437/406/306 408/362/289
f 389/409/1 365/378/257 388/410/278
f 403/372/284 431/411/300 432/412/301
f 407/376/288 435/394/304 436/413/305
f 282/414/78 570/301/350 331/415/79
f 401/416/282 431/411/300 402/380/283
f 436/413/305 466/417/324 437/406/306
f 431/411/300 461/418/319 432/412/301
f 435/394/304 465/419/323 436/413/305
f 425/420/83 389/409/1 426/421/84
f 430/422/299 460/423/318 431/411/300
f 341/424/237 333/385/103 340/425/125
f 125/81/2 443/390/312 472/426/330
f 337/427/187 246/240/68 244/242/60
f 156/15/2 334/428/104 509/312/332
f 281/387/62 571/300/369 282/414/78
f 442/395/311 472/426/330 443/390/312
f 333/385/103 509/312/332 334/428/104
f 388/429/278 366/359/258 371/393/261
f 434/402/303 464/430/322 435/394/304
f 441/400/310 471/431/329 442/395/311
f 439/399/308 469/432/327 440/396/309
f 130/197/62 543/224/369 131/433/78
f 438/398/307 468/434/326 439/399/308
f 441/400/310 469/432/327 470/435/328
f 434/402/303 462/436/320 463/437/321
f 427/438/298 371/393/261 428/439/86
f 328/440/214 533/361/279 329/76/215
f 438/398/307 466/417/324 467/441/325
f 341/9/237 331/415/79 332/397/102
f 432/412/301 462/442/320 433/408/302
f 426/421/84 388/410/278 427/443/298
f 470/435/328 498/444/346 499/445/347
f 463/437/321 491/446/339 492/447/340
f 245/288/2 448/448/106 429/449/87
f 502/79/212 536/204/281 503/450/213
f 467/441/325 495/451/343 496/452/344
f 360/453/252 280/386/61 281/387/62
f 461/418/319 491/454/339 462/442/320
f 453/455/126 423/348/81 424/456/82
f 465/419/323 495/451/343 466/417/324
f 449/457/107 427/438/298 428/439/86
f 460/423/318 490/458/338 461/418/319
f 453/455/126 425/459/83 452/293/110
f 464/430/322 494/460/342 465/419/323
f 360/453/252 282/414/78 359/37/130
f 459/461/317 489/281/337 460/423/318
f 415/462/296 278/463/192 400/464/281
f 125/81/2 472/426/330 501/465/349
f 543/224/369 225/466/156 241/467/171
f 245/288/2 429/449/87 370/392/260
f 429/449/87 371/393/261 370/392/260
f 472/426/330 500/468/348 501/465/349
f 424/469/82 390/407/53 425/420/83
f 424/469/82 392/470/59 391/388/56
f 463/437/321 493/471/341 464/430/322
f 470/435/328 500/468/348 471/431/329
f 468/434/326 498/444/346 469/432/327
f 277/325/191 188/472/129 278/463/192
f 468/434/326 496/452/344 497/473/345
f 104/91/2 158/233/104 478/20/332
f 449/457/107 429/449/87 448/448/106
f 492/447/340 522/474/357 493/471/341
f 500/468/348 528/475/363 529/476/364
f 497/473/345 527/477/362 498/444/346
f 156/15/2 339/478/105 334/428/104
f 496/452/344 526/479/361 497/473/345
f 499/445/347 527/477/362 528/475/363
f 492/447/340 520/480/355 521/481/356
f 506/482/152 448/448/106 507/483/153
f 328/440/214 535/484/366 534/485/280
f 496/452/344 524/486/359 525/487/360
f 932/488/366 278/463/192 279/489/193
f 490/458/338 520/316/355 491/454/339
f 504/294/150 450/490/108 505/346/151
f 495/451/343 523/491/358 524/486/359
f 276/492/156 247/276/69 306/353/171
f 489/281/337 519/283/354 490/458/338
f 487/308/135 451/493/109 504/294/150
f 493/471/341 523/491/358 494/460/342
f 485/494/133 453/455/126 486/298/134
f 489/281/337 517/495/352 518/496/353
f 125/81/2 501/465/349 530/497/365
f 486/298/134 452/293/110 487/308/135
f 451/493/109 427/498/298 450/490/108
f 452/293/110 426/336/84 451/493/109
f 501/465/349 529/476/364 530/497/365
f 518/496/353 546/499/371 547/500/372
f 279/501/193 184/255/125 386/502/276
f 125/81/2 530/497/365 559/503/384
f 359/37/130 331/415/79 342/504/129
f 339/478/105 333/385/103 334/428/104
f 530/497/365 558/505/383 559/503/384
f 505/506/151 449/457/107 506/482/152
f 521/481/356 551/507/376 522/474/357
f 528/475/363 558/505/383 529/476/364
f 526/479/361 556/508/381 527/477/362
f 481/509/276 339/478/105 482/510/277
f 526/479/361 554/511/379 555/512/380
f 528/475/363 556/508/381 557/513/382
f 521/481/356 549/514/374 550/515/375
f 515/516/73 487/308/135 514/517/69
f 955/518/366 935/171/192 938/519/333
f 525/487/360 553/520/378 554/511/379
f 512/521/351 506/482/152 511/522/58
f 519/283/354 549/328/374 520/316/355
f 513/523/68 487/308/135 504/294/150
f 523/491/358 553/520/378 524/486/359
f 189/213/130 130/197/62 131/433/78
f 519/283/354 547/500/372 548/333/373
f 245/288/2 507/483/153 448/448/106
f 523/491/358 551/507/376 552/524/377
f 515/516/73 485/494/133 486/298/134
f 552/524/377 582/525/394 553/520/378
f 547/526/372 577/527/389 548/528/373
f 552/524/377 580/529/392 581/530/393
f 563/531/155 515/516/73 564/532/386
f 546/533/371 576/534/388 547/526/372
f 125/81/2 559/503/384 588/535/400
f 568/536/188 510/537/57 569/538/210
f 386/502/276 161/93/105 387/92/277
f 245/288/2 510/537/57 507/483/153
f 559/503/384 587/539/399 588/535/400
f 510/537/57 506/482/152 507/483/153
f 932/540/366 386/502/276 397/541/280
f 550/515/375 580/529/392 551/507/376
f 557/513/382 587/539/399 558/505/383
f 555/512/380 585/542/397 556/508/381
f 538/218/297 458/273/189 475/274/190
f 554/511/379 584/543/396 555/512/380
f 557/513/382 585/542/397 586/544/398
f 550/515/375 578/545/390 579/546/391
f 567/547/187 511/522/58 568/536/188
f 131/433/78 508/226/350 132/125/80
f 554/511/379 582/525/394 583/548/395
f 458/273/189 360/492/252 475/274/190
f 548/528/373 578/549/390 549/550/374
f 513/523/68 505/346/151 512/551/351
f 586/544/398 614/552/417 615/553/418
f 579/546/391 607/554/410 608/555/411
f 245/288/2 569/538/210 510/537/57
f 503/450/213 535/241/366 300/556/211
f 583/548/395 611/557/414 612/558/415
f 591/559/350 567/560/187 574/561/335
f 577/527/389 607/562/410 578/549/390
f 928/266/369 445/247/313 814/563/171
f 581/530/393 611/557/414 582/525/394
f 576/534/388 606/564/409 577/527/389
f 581/530/393 609/565/412 610/566/413
f 574/567/335 568/536/188 573/568/334
f 575/569/387 605/570/408 576/534/388
f 538/218/297 476/276/191 537/571/296
f 125/81/2 588/535/400 617/572/420
f 572/573/332 568/536/188 569/538/210
f 566/574/172 514/517/69 513/523/68
f 564/532/386 514/517/69 565/575/171
f 587/539/399 617/572/420 588/535/400
f 537/571/296 479/240/192 536/204/281
f 566/574/172 512/551/351 567/576/187
f 579/546/391 609/565/412 580/529/392
f 586/544/398 616/577/419 587/539/399
f 584/543/396 614/552/417 585/542/397
f 156/15/2 482/510/277 339/478/105
f 583/548/395 613/578/416 584/543/396
f 416/579/297 273/403/189 275/404/190
f 593/580/402 563/581/155 564/582/386
f 608/555/411 638/583/430 609/565/412
f 615/553/418 645/584/437 616/577/419
f 613/578/416 643/585/435 614/552/417
f 591/559/350 565/586/171 566/587/172
f 612/558/415 642/588/434 613/578/416
f 615/553/418 643/585/435 644/589/436
f 608/555/411 636/590/428 637/591/429
f 593/580/402 565/586/171 592/592/369
f 474/78/195 537/571/296 502/79/212
f 612/558/415 640/593/432 641/594/433
f 278/463/192 187/595/128 279/489/193
f 606/564/409 636/596/428 607/562/410
f 610/566/413 640/593/432 611/557/414
f 605/570/408 635/597/427 606/564/409
f 476/276/191 342/354/129 479/240/192
f 610/566/413 638/583/430 639/598/431
f 626/599/62 594/600/403 593/580/402
f 604/601/407 634/602/426 605/570/408
f 534/485/280 482/510/277 533/361/279
f 125/81/2 617/572/420 646/603/438
f 156/15/2 368/271/210 226/236/57
f 245/288/2 572/573/332 569/538/210
f 617/572/420 645/584/437 646/603/438
f 633/604/425 663/69/444 634/602/426
f 245/288/2 631/605/104 572/573/332
f 125/81/2 646/603/438 675/606/456
f 627/607/78 593/580/402 592/592/369
f 646/603/438 674/608/455 675/606/456
f 627/607/78 591/559/350 628/609/79
f 540/610/367 338/270/188 539/384/334
f 637/591/429 667/611/448 638/583/430
f 644/589/436 674/608/455 645/584/437
f 642/588/434 672/612/453 643/585/435
f 927/149/350 814/563/171 816/613/172
f 641/594/433 671/614/452 642/588/434
f 644/589/436 672/612/453 673/615/454
f 637/591/429 665/616/446 666/617/447
f 629/618/102 591/559/350 574/561/335
f 416/579/297 277/325/191 415/462/296
f 641/594/433 669/619/450 670/620/451
f 650/621/105 630/622/103 631/605/104
f 635/597/427 665/623/446 636/596/428
f 630/622/103 572/573/332 631/605/104
f 639/598/431 669/619/450 640/593/432
f 635/597/427 663/69/444 664/624/445
f 629/625/102 573/568/334 630/622/103
f 639/598/431 667/611/448 668/626/449
f 183/167/2 193/174/105 163/46/104
f 669/619/450 697/627/468 698/628/469
f 419/629/78 1184/630/350 420/631/79
f 663/69/444 693/632/464 664/624/445
f 656/633/132 626/599/62 655/634/252
f 667/611/448 697/627/468 668/626/449
f 651/635/125 629/625/102 630/622/103
f 662/636/443 692/637/463 663/69/444
f 125/81/2 675/606/456 704/638/475
f 155/639/102 483/18/334 157/232/103
f 245/288/2 650/621/105 631/605/104
f 676/640/403 225/466/156 545/196/370
f 674/608/455 704/638/475 675/606/456
f 654/641/130 628/609/79 653/642/129
f 655/634/252 627/607/78 654/641/130
f 666/617/447 696/643/467 667/611/448
f 674/608/455 702/644/473 703/645/474
f 671/614/452 701/646/472 672/612/453
f 219/405/154 109/227/61 110/229/62
f 670/620/451 700/647/471 671/614/452
f 673/615/454 701/646/472 702/644/473
f 666/617/447 694/648/465 695/649/466
f 652/650/237 628/609/79 629/618/102
f 157/232/103 478/20/332 158/233/104
f 670/620/451 698/628/469 699/651/470
f 709/652/277 651/635/125 650/621/105
f 664/624/445 694/366/465 665/623/446
f 700/647/471 728/653/485 729/654/486
f 702/644/473 730/655/487 731/656/488
f 695/649/466 723/657/480 724/658/481
f 156/15/2 533/361/279 482/510/277
f 1052/659/189 869/660/131 1059/661/190
f 699/651/470 727/662/484 728/653/485
f 480/242/333 342/354/129 341/427/237
f 693/632/464 723/663/480 694/366/465
f 697/627/468 727/662/484 698/628/469
f 690/664/192 652/576/237 707/551/193
f 692/637/463 722/365/479 693/632/464
f 714/665/366 708/666/276 713/285/280
f 697/627/468 725/667/482 726/668/483
f 691/416/462 721/371/478 692/637/463
f 125/81/2 704/638/475 733/669/490
f 245/288/2 712/290/279 709/652/277
f 245/288/2 709/652/277 650/621/105
f 703/645/474 733/669/490 704/638/475
f 335/670/2 1050/671/332 989/130/210
f 695/649/466 725/667/482 696/643/467
f 702/644/473 732/672/489 703/645/474
f 700/647/471 730/655/487 701/646/472
f 733/669/490 761/673/509 762/674/510
f 475/274/190 359/353/130 476/276/191
f 724/658/481 754/675/502 725/667/482
f 731/656/488 761/673/509 732/672/489
f 729/654/486 759/676/507 730/655/487
f 728/653/485 758/677/506 729/654/486
f 730/655/487 760/678/508 731/656/488
f 724/658/481 752/679/500 753/680/501
f 274/681/155 248/274/73 276/492/156
f 998/682/561 773/683/495 739/684/495
f 728/653/485 756/685/504 757/686/505
f 722/528/479 752/687/500 723/688/480
f 156/15/2 509/312/332 368/271/210
f 727/662/484 755/689/503 756/685/504
f 722/528/479 750/690/498 751/691/499
f 725/667/482 755/689/503 726/668/483
f 690/664/192 654/575/130 653/574/129
f 721/692/478 749/693/497 750/690/498
f 535/484/366 481/509/276 534/485/280
f 125/81/2 733/669/490 762/674/510
f 713/285/280 709/652/277 712/290/279
f 481/509/276 341/424/237 340/425/125
f 749/693/497 779/694/516 750/690/498
f 125/81/2 762/674/510 791/695/528
f 688/696/190 656/531/132 655/532/252
f 535/241/366 479/240/192 480/242/333
f 762/674/510 790/697/527 791/695/528
f 688/696/190 654/575/130 689/517/191
f 715/294/281 707/551/193 714/346/366
f 753/680/501 783/698/520 754/675/502
f 760/678/508 790/697/527 761/673/509
f 758/677/506 788/699/525 759/676/507
f 707/700/193 651/635/125 708/666/276
f 757/686/505 787/701/524 758/677/506
f 760/678/508 788/699/525 789/702/526
f 753/680/501 781/703/518 782/704/519
f 474/78/195 541/705/368 538/218/297
f 757/686/505 785/706/522 786/707/523
f 751/691/499 781/708/518 752/687/500
f 715/294/281 689/517/191 690/664/192
f 756/685/504 784/709/521 785/706/522
f 750/690/498 780/710/517 751/691/499
f 754/675/502 784/709/521 755/689/503
f 717/298/297 687/711/189 688/696/190
f 717/298/297 689/517/191 716/308/296
f 784/709/521 118/43/70 785/706/522
f 705/17/216 328/440/214 329/76/215
f 779/694/516 113/60/65 780/710/517
f 1050/671/332 975/128/188 989/130/210
f 783/698/520 813/29/533 784/709/521
f 399/712/132 223/713/62 398/714/154
f 778/601/515 112/80/64 779/694/516
f 531/206/219 300/556/211 734/715/491
f 125/81/2 791/695/528 124/57/76
f 532/77/220 503/450/213 531/206/219
f 790/697/527 124/57/76 791/695/528
f 706/2/217 300/716/211 328/440/214
f 782/704/519 812/27/532 783/698/520
f 789/702/526 123/55/75 790/697/527
f 787/701/524 817/74/534 788/699/525
f 854/717/129 421/718/102 853/719/128
f 786/707/523 120/6/72 787/701/524
f 789/702/526 817/74/534 122/75/74
f 781/703/518 115/40/67 782/704/519
f 396/720/279 386/502/276 387/92/277
f 108/109/60 828/721/150 827/722/151
f 785/706/522 119/4/71 786/707/523
f 104/91/2 396/720/279 387/92/277
f 780/710/517 114/62/66 781/708/518
f 1102/723/576 1196/724/58 1116/725/188
f 824/234/188 943/726/57 837/168/210
f 974/727/187 192/171/68 1068/728/60
f 767/729/511 1013/730/512 768/731/512
f 117/42/69 828/721/150 116/108/68
f 104/91/2 105/21/57 825/23/153
f 826/22/152 840/732/106 825/23/153
f 827/722/151 843/733/109 842/734/535
f 838/735/297 710/154/191 836/736/296
f 358/737/125 255/738/104 357/739/105
f 777/740/405 772/189/422 771/190/513
f 829/119/135 845/741/126 844/742/110
f 848/743/2 1117/744/210 1197/745/57
f 828/721/150 844/742/110 843/733/109
f 104/91/2 825/23/153 840/732/106
f 1056/746/369 945/747/156 959/748/171
f 831/749/133 845/741/126 830/11/134
f 826/22/152 842/750/535 841/751/107
f 824/234/188 941/752/351 942/753/58
f 841/751/107 855/754/87 840/732/106
f 842/750/535 856/755/86 841/751/107
f 844/742/110 860/756/537 859/757/83
f 842/734/535 858/758/84 857/759/298
f 1061/760/366 802/761/276 833/762/280
f 846/763/127 860/756/537 845/741/126
f 398/714/154 250/764/78 395/765/130
f 736/766/476 1758/767/591 1752/768/591
f 104/91/2 840/732/106 855/754/87
f 1187/769/403 1086/770/156 1186/771/402
f 1054/772/367 960/773/172 974/774/187
f 843/733/109 859/757/83 858/758/84
f 710/154/191 213/87/129 792/775/192
f 856/755/86 870/776/260 855/754/87
f 858/777/84 874/224/53 873/226/1
f 860/466/537 874/224/53 859/778/83
f 104/91/2 855/754/87 870/776/260
f 857/779/298 871/780/261 856/755/86
f 816/87/172 160/154/69 159/775/68
f 858/777/84 872/126/541 857/781/298
f 997/684/554 1170/782/566 925/783/554
f 183/167/2 832/784/279 815/785/277
f 861/786/81 875/196/542 860/466/537
f 997/684/554 924/787/553 1036/682/553
f 875/196/542 889/433/255 874/224/53
f 369/788/128 254/789/103 358/737/125
f 253/790/102 1055/791/350 1054/772/367
f 872/792/541 886/793/258 871/780/261
f 873/226/1 887/127/257 872/126/541
f 874/224/53 888/125/256 873/226/1
f 870/776/260 886/793/258 885/794/259
f 104/91/2 870/776/260 885/794/259
f 876/795/59 890/197/545 875/196/542
f 836/736/296 792/775/192 835/796/281
f 793/797/333 194/184/125 802/761/276
f 793/88/333 213/87/129 212/89/128
f 848/743/2 851/798/105 839/799/104
f 889/433/255 905/279/221 904/800/220
f 914/801/335 824/234/188 912/33/334
f 891/195/253 905/279/221 890/197/545
f 888/125/256 902/259/218 887/127/257
f 885/794/259 901/802/217 900/803/216
f 802/761/276 193/174/105 815/785/277
f 833/762/280 815/785/277 832/784/279
f 889/433/255 903/214/219 888/125/256
f 104/91/2 885/794/259 900/803/216
f 887/804/257 901/802/217 886/793/258
f 395/765/130 252/805/79 394/806/129
f 906/807/236 920/808/195 905/809/221
f 903/810/219 917/811/211 902/812/218
f 900/803/216 916/813/214 915/814/215
f 444/313/189 219/153/154 677/314/190
f 847/815/368 677/314/190 838/735/297
f 1101/816/172 850/817/69 336/818/68
f 903/810/219 919/819/212 918/820/213
f 104/91/2 900/803/216 915/814/215
f 901/802/217 917/821/211 916/813/214
f 183/167/2 815/785/277 193/174/105
f 904/822/220 920/808/195 919/819/212
f 921/823/194 416/579/297 920/808/195
f 918/820/213 932/488/366 917/811/211
f 916/813/214 396/720/279 915/814/215
f 974/824/187 1069/825/58 975/128/188
f 254/789/103 1050/671/332 255/738/104
f 919/819/212 400/464/281 918/820/213
f 104/91/2 915/814/215 396/720/279
f 835/796/281 793/88/333 1061/826/366
f 917/821/211 397/541/280 916/813/214
f 920/808/195 415/462/296 919/819/212
f 852/253/125 839/799/104 851/798/105
f 335/670/2 255/738/104 1050/671/332
f 183/167/2 837/168/210 943/726/57
f 159/775/68 949/736/135 948/796/150
f 394/806/129 253/790/102 369/827/128
f 942/753/58 958/828/153 943/726/57
f 253/829/102 1053/265/334 254/789/103
f 1181/830/296 935/171/192 961/831/281
f 222/314/73 949/736/135 160/154/69
f 250/764/78 1055/791/350 252/805/79
f 941/752/351 957/832/152 942/753/58
f 421/718/102 1184/630/350 1183/833/335
f 941/88/351 948/796/150 956/826/151
f 223/713/62 1056/746/369 250/764/78
f 183/167/2 943/726/57 958/828/153
f 1746/834/695 1110/835/551 1266/836/551
f 222/314/73 951/815/133 950/735/134
f 183/167/2 958/828/153 973/837/106
f 948/796/150 964/838/110 963/839/109
f 661/840/442 680/841/458 681/158/458
f 950/735/134 964/838/110 949/736/135
f 957/832/152 971/842/535 972/843/107
f 683/160/459 678/841/457 679/158/457
f 1181/830/296 933/72/190 934/169/191
f 948/796/150 971/844/535 956/826/151
f 957/832/152 973/837/106 958/828/153
f 1133/836/547 1276/845/539 991/834/558
f 1774/846/460 1274/847/476 1155/848/476
f 950/735/134 966/849/127 965/850/126
f 964/838/110 980/851/82 979/852/83
f 971/842/535 987/853/86 972/843/107
f 963/839/109 979/852/83 978/854/84
f 1782/768/579 686/855/461 711/766/461
f 963/839/109 986/856/85 971/844/535
f 1087/857/171 947/858/73 850/817/69
f 1055/791/350 959/748/171 960/773/172
f 965/850/126 981/859/81 980/851/82
f 1182/860/334 1117/744/210 1180/861/332
f 183/167/2 973/837/106 988/862/87
f 954/863/280 946/864/277 953/865/279
f 972/843/107 988/862/87 973/837/106
f 878/866/543 923/867/551 910/868/551
f 980/869/82 996/870/59 995/871/542
f 934/169/191 398/73/154 395/872/130
f 979/873/83 993/874/560 978/875/84
f 335/670/2 946/864/277 357/739/105
f 986/876/85 993/874/560 1001/877/541
f 988/862/87 1002/878/261 1003/879/260
f 1183/880/335 1116/725/188 1182/860/334
f 183/167/2 988/862/87 1003/879/260
f 979/873/83 995/871/542 994/881/53
f 869/882/131 419/629/78 867/883/130
f 986/884/85 1002/878/261 987/853/86
f 996/870/59 1010/885/545 995/871/542
f 940/886/276 369/788/128 358/737/125
f 994/881/53 1008/64/256 993/874/560
f 1185/887/369 1101/888/172 1184/630/350
f 993/874/560 1016/139/492 1001/877/541
f 1002/878/261 1018/889/259 1003/879/260
f 955/890/366 940/886/276 954/863/280
f 183/167/2 1003/879/260 1018/889/259
f 995/871/542 1009/891/255 994/881/53
f 968/892/368 933/72/190 967/893/297
f 1001/894/541 1017/895/258 1002/878/261
f 848/743/2 1079/896/279 1066/897/277
f 1183/833/335 1101/888/172 1102/898/576
f 1009/891/255 1023/65/219 1008/64/256
f 938/519/333 394/170/129 369/727/128
f 1008/64/256 1031/138/218 1016/139/492
f 1018/889/259 1032/899/217 1033/900/216
f 335/670/2 953/865/279 946/864/277
f 183/167/2 1018/889/259 1033/900/216
f 1009/891/255 1025/405/568 1024/901/220
f 806/902/50 797/903/385 863/904/50
f 1017/895/258 1031/905/218 1032/899/217
f 221/906/61 1057/907/370 223/713/62
f 1011/908/253 1025/405/568 1010/885/545
f 1023/854/219 1039/838/212 1038/909/213
f 1186/771/402 1087/910/171 1185/887/369
f 1023/854/219 1046/911/571 1031/856/218
f 1032/899/217 1048/912/215 1033/900/216
f 736/766/476 684/159/460 719/855/476
f 183/167/2 1033/900/216 1048/912/215
f 1025/851/568 1039/838/212 1024/913/220
f 1754/914/561 1758/767/591 1756/915/561
f 1032/899/217 1046/916/571 1047/917/214
f 806/902/50 862/918/496 807/919/496
f 1025/851/568 1041/849/194 1040/920/195
f 933/72/190 399/71/132 398/73/154
f 1038/909/213 836/736/296 835/796/281
f 1038/909/213 1061/826/366 1046/911/571
f 1047/917/214 832/784/279 1048/912/215
f 183/167/2 1048/912/215 832/784/279
f 1040/920/195 836/736/296 1039/838/212
f 940/886/276 357/739/105 946/864/277
f 1046/916/571 833/762/280 1047/917/214
f 1058/921/403 945/747/156 1057/907/370
f 1041/849/194 838/735/297 1040/920/195
f 1117/744/210 1196/724/58 1197/745/57
f 335/670/2 357/739/105 255/738/104
f 335/670/2 989/130/210 1070/129/57
f 848/743/2 1180/861/332 1117/744/210
f 335/670/2 1070/129/57 1085/922/153
f 272/169/69 1075/831/150 192/171/68
f 1068/923/60 1084/924/152 1069/825/58
f 909/925/540 1134/926/511 767/729/511
f 192/171/68 1083/518/151 1068/728/60
f 882/927/132 418/928/62 869/882/131
f 272/169/69 1077/893/134 1076/929/135
f 848/743/2 839/799/104 1180/861/332
f 1069/825/58 1085/922/153 1070/129/57
f 834/252/103 1180/861/332 839/799/104
f 739/684/495 999/782/562 1007/930/562
f 1118/931/494 879/932/544 1124/51/544
f 823/933/77 1077/893/134 818/72/73
f 1307/934/281 1060/935/191 1062/936/192
f 1076/929/135 1092/937/126 1091/938/110
f 1077/893/134 1093/939/127 1092/937/126
f 1075/831/150 1098/940/108 1083/518/151
f 1062/936/192 853/941/128 1063/942/333
f 1084/924/152 1100/943/106 1085/922/153
f 1076/929/135 1090/944/109 1075/831/150
f 417/945/61 1186/771/402 418/928/62
f 1065/946/276 853/251/128 852/253/125
f 1083/947/151 1099/948/107 1084/924/152
f 1036/682/553 881/949/493 1126/950/579
f 335/670/2 1085/922/153 1100/943/106
f 335/670/2 1100/943/106 1115/951/87
f 1099/948/107 1113/952/298 1114/953/86
f 1780/914/553 737/767/493 1782/768/579
f 740/731/496 1042/926/529 911/729/529
f 992/954/559 1259/955/566 1169/956/566
f 1091/938/110 1107/957/578 1106/958/83
f 848/743/2 1066/897/277 851/798/105
f 1307/934/281 1063/942/333 1081/959/574
f 1092/937/126 1108/960/81 1107/957/578
f 1090/944/109 1106/958/83 1105/961/84
f 1090/944/109 1113/962/298 1098/940/108
f 1099/948/107 1115/951/87 1100/943/106
f 1299/846/459 744/963/457 743/964/457
f 1744/965/552 1111/845/543 1746/834/695
f 1106/966/83 1122/967/542 1121/968/53
f 1114/953/86 1130/969/260 1115/951/87
f 799/919/512 803/970/315 800/902/315
f 910/868/551 1028/971/559 992/954/559
f 1108/972/81 1122/967/542 1107/747/578
f 1080/973/280 1066/897/277 1079/896/279
f 1106/966/83 1120/791/1 1105/974/84
f 1113/952/298 1129/975/261 1114/953/86
f 1113/976/298 1120/791/1 1128/977/278
f 335/670/2 1115/951/87 1130/969/260
f 421/978/102 1182/860/334 834/252/103
f 1122/967/542 1136/764/255 1121/968/53
f 1129/975/261 1145/979/259 1130/969/260
f 1169/956/566 1750/980/554 1297/981/554
f 1062/936/192 867/857/130 854/816/129
f 1122/967/542 1138/982/253 1137/983/254
f 1089/984/297 1060/935/191 1088/985/296
f 1121/968/53 1135/805/256 1120/791/1
f 1128/986/278 1144/987/258 1129/975/261
f 1120/791/1 1143/988/492 1128/977/278
f 335/670/2 1130/969/260 1145/979/259
f 1126/950/579 893/847/461 1298/848/461
f 1144/987/258 1160/989/216 1145/979/259
f 1261/981/495 1140/955/562 1109/956/562
f 1754/914/561 1296/980/495 1261/981/495
f 1137/983/254 1153/712/236 1152/990/582
f 1149/53/570 1156/932/548 1154/51/548
f 1136/764/255 1150/991/219 1135/805/256
f 1143/992/492 1159/993/217 1144/987/258
f 1143/988/492 1150/991/219 1158/994/491
f 335/670/2 1145/979/259 1160/989/216
f 800/902/315 795/903/405 777/740/405
f 418/928/62 1185/887/369 419/629/78
f 1137/983/254 1151/995/220 1136/764/255
f 1160/989/216 1174/996/214 1175/997/215
f 1065/946/276 851/798/105 1066/897/277
f 1780/914/553 1750/980/554 1748/915/553
f 1153/960/236 1167/998/195 1152/999/582
f 1155/848/476 1269/949/591 1148/950/581
f 1151/1000/220 1165/1001/213 1150/961/219
f 1158/1002/491 1174/996/214 1159/993/217
f 1150/961/219 1173/1003/211 1158/1004/491
f 335/670/2 1160/989/216 1175/997/215
f 1089/984/297 1052/659/189 1059/661/190
f 659/1005/440 657/815/441 649/1006/440
f 1152/999/582 1166/1007/212 1151/1000/220
f 1081/1008/574 1065/946/276 1080/973/280
f 1059/661/190 867/857/130 1060/935/191
f 1109/956/562 1014/971/565 1021/954/565
f 1167/998/195 968/892/368 967/893/297
f 867/883/130 420/631/79 854/717/129
f 1166/1007/212 961/831/281 1165/1001/213
f 1173/1009/211 954/863/280 1174/996/214
f 1165/1001/213 955/518/366 1173/1003/211
f 335/670/2 1175/997/215 953/865/279
f 711/766/461 682/159/459 683/160/459
f 1167/998/195 1181/830/296 1166/1007/212
f 1175/997/215 954/863/280 953/865/279
f 1101/816/172 1195/1010/351 1102/941/576
f 1072/1011/155 947/858/73 1086/660/156
f 1772/964/458 883/1012/460 1774/846/460
f 1148/950/581 1268/787/561 998/682/561
f 771/190/513 766/1013/424 765/188/424
f 850/817/69 1202/1014/150 336/818/68
f 1299/846/459 893/847/461 892/1015/459
f 895/868/547 866/1016/539 1022/866/539
f 336/818/68 1210/1017/151 1195/1010/351
f 909/925/540 1141/1018/550 1139/1019/540
f 895/868/547 1014/971/565 898/867/547
f 1196/724/58 1212/1020/153 1197/745/57
f 848/743/2 1197/745/57 1212/1020/153
f 1195/1021/351 1211/1022/152 1196/724/58
f 952/1023/77 1204/1024/134 947/858/73
f 947/858/73 1203/1025/135 850/817/69
f 1006/1026/563 1027/1027/552 1744/965/552
f 774/190/514 797/903/385 796/740/385
f 1112/1028/531 738/1029/494 1118/931/494
f 1006/1026/563 1284/1030/548 1283/1031/563
f 1205/1032/133 1219/1033/126 1204/1024/134
f 1211/1022/152 1227/1034/106 1212/1020/153
f 1029/965/531 1172/1035/494 1760/1026/494
f 1202/1014/150 1225/1036/108 1210/1017/151
f 1211/1022/152 1225/1037/108 1226/1038/107
f 1204/1024/134 1218/1039/110 1203/1025/135
f 848/743/2 1212/1020/153 1227/1034/106
f 1203/1025/135 1217/1040/109 1202/1014/150
f 991/834/558 1043/1027/531 1029/965/531
f 1044/1041/569 1012/52/564 1142/1042/569
f 1217/1040/109 1240/1043/85 1225/1036/108
f 1226/1038/107 1242/1044/87 1227/1034/106
f 1254/1045/570 1284/1030/548 896/1046/548
f 1291/1028/552 880/1016/543 878/866/543
f 1219/1033/126 1235/1047/81 1234/1048/578
f 1218/1039/110 1234/1048/578 1233/1049/83
f 848/743/2 1227/1034/106 1242/1044/87
f 1217/1040/109 1233/1049/83 1232/1050/84
f 1776/1051/569 985/1052/550 1778/1053/712
f 1225/1037/108 1241/1054/86 1226/1038/107
f 1234/770/578 1248/887/53 1233/910/83
f 1119/1053/546 1051/1055/557 1253/1051/557
f 1044/1041/569 1141/1018/550 908/1056/550
f 747/1057/439 770/1013/423 769/188/423
f 864/1058/529 862/918/496 798/1059/529
f 1232/1060/84 1248/887/53 1247/630/1
f 1235/1061/81 1249/771/542 1234/770/578
f 1240/1062/85 1247/630/1 1255/1063/541
f 848/743/2 1242/1044/87 1257/1064/260
f 794/1058/511 804/918/512 799/919/512
f 1240/1065/85 1256/1066/261 1241/1054/86
f 1241/1054/86 1257/1064/260 1242/1044/87
f 1254/1045/570 1051/1055/557 1045/1067/570
f 1164/1045/564 1163/1055/569 1776/1051/569
f 765/188/424 746/1068/442 745/1057/442
f 894/1056/546 984/1042/557 983/1041/557
f 1248/887/53 1262/631/256 1247/630/1
f 1250/1069/59 1264/1070/254 1249/771/542
f 1255/1063/541 1262/631/256 1270/718/492
f 848/743/2 1257/1064/260 1272/1071/259
f 877/1072/540 775/1073/511 794/1058/511
f 1255/1074/541 1271/1075/258 1256/1066/261
f 1256/1066/261 1272/1071/259 1257/1064/260
f 1249/771/542 1263/1076/255 1248/887/53
f 1291/1028/552 1000/1029/563 922/1077/552
f 747/1057/439 744/963/457 748/1078/439
f 1112/1028/531 866/1016/539 805/1077/531
f 1263/1076/255 1277/717/219 1262/631/256
f 1264/1070/254 1280/927/236 1279/882/582
f 1262/631/256 1285/719/218 1270/718/492
f 848/743/2 1272/1071/259 1287/1079/216
f 864/1058/529 801/1080/530 1030/1072/530
f 1271/1075/258 1285/1081/218 1286/1082/217
f 1271/1075/258 1287/1079/216 1272/1071/259
f 1264/1070/254 1278/1083/220 1263/1076/255
f 1762/1046/544 1764/1084/564 1164/1045/564
f 745/1057/442 742/963/458 1772/964/458
f 1030/1072/530 865/1052/538 1119/1053/546
f 1277/1085/219 1293/1086/212 1292/1087/213
f 1279/1088/582 1295/1089/194 1294/1090/195
f 1285/1043/218 1292/1087/213 1300/1091/211
f 848/743/2 1287/1079/216 1302/1092/215
f 1778/1053/712 868/1080/540 877/1072/540
f 1286/1082/217 1300/1093/211 1301/1094/214
f 1286/1082/217 1302/1092/215 1287/1079/216
f 1278/1095/220 1294/1090/195 1293/1086/212
f 1760/1026/494 1770/1030/544 1762/1046/544
f 913/925/530 907/1018/538 894/1056/546
f 1127/1096/565 1281/835/547 1133/836/547
f 1292/1087/213 1088/985/296 1307/934/281
f 1295/1089/194 1089/984/297 1294/1090/195
f 1292/1087/213 1081/959/574 1300/1091/211
f 848/743/2 1302/1092/215 1079/896/279
f 913/925/530 1042/926/529 1037/1019/530
f 1267/1096/559 1170/782/566 1015/930/566
f 1301/1094/214 1081/1008/574 1080/973/280
f 1302/1092/215 1080/973/280 1079/896/279
f 1294/1090/195 1088/985/296 1293/1086/212
f 1154/51/548 1000/1029/563 1289/931/563
f 1007/930/562 1282/1097/565 1127/1096/565
f 1267/1096/559 1110/835/551 1171/1098/559
f 983/1041/557 1157/52/570 1149/53/570
f 679/158/457 647/1099/439 648/840/439
f 632/1100/424 660/1099/442 661/840/442
f 623/1100/423 647/1099/439 622/1101/423
f 632/1100/424 620/1102/422 624/1101/424
f 619/1103/421 657/815/441 658/1104/441
f 623/1100/423 600/1102/406 603/1105/406
f 599/1106/405 620/1102/422 621/1105/422
f 597/1107/401 595/1108/404 590/1109/401
f 603/1105/406 562/1110/385 589/1106/385
f 542/1111/331 457/1112/316 544/1113/316
f 599/1106/405 455/1114/315 598/1110/405
f 447/1115/51 98/1116/52 97/1117/51
f 589/1106/385 95/1114/50 96/1118/50
f 768/731/512 455/1114/315 456/1118/315
f 96/1118/50 741/730/496 740/731/496
f 93/1119/49 91/1120/48 94/1121/48
f 93/1119/49 89/1122/47 92/1123/49
f 447/1115/51 87/1124/46 88/1125/46
f 86/1126/44 84/1127/45 83/1128/44
f 82/1129/42 80/1130/43 79/1131/42
f 77/1132/41 75/1133/40 78/1134/40
f 73/1135/39 71/1136/38 74/1137/38
f 94/1138/48 69/1139/37 70/1140/37
f 68/1141/36 457/1112/316 67/1142/36
f 446/1143/314 71/1136/38 98/1116/52
f 65/1144/35 63/1145/34 66/1146/34
f 61/1147/33 59/1148/32 62/1149/32
f 58/1104/31 89/1150/47 90/1151/47
f 55/1152/30 53/1153/29 56/1154/29
f 52/1155/27 50/1156/28 49/1157/27
f 55/1152/30 87/1124/46 54/1158/30
f 48/1159/25 46/1160/26 45/1161/25
f 86/1126/44 50/1156/28 51/1162/28
f 44/1163/24 76/1164/41 77/1165/41
f 42/1166/23 67/1142/36 41/1167/23
f 39/1168/22 37/1169/21 40/1170/21
f 36/1171/19 34/1172/20 33/1173/19
f 31/1174/18 29/1175/17 32/1176/17
f 66/1146/34 38/1177/22 39/1168/22
f 85/1178/45 37/1169/21 84/1127/45
f 35/1179/20 75/1133/40 34/1180/20
f 28/1181/16 29/1175/17 27/1182/16
f 36/1171/19 25/1183/15 26/1184/15
f 24/1185/13 22/1186/14 21/1187/13
f 20/1188/11 18/1189/12 17/1190/11
f 15/1191/10 13/1192/9 16/1193/9
f 12/1194/6 10/1195/7 9/1196/6
f 8/1197/5 14/1198/10 15/1191/10
f 62/1199/32 5/1200/4 6/1201/4
f 12/1194/6 3/1202/3 4/1203/3
f 1785/1204/717 1787/1205/716 1784/1206/716
f 20/1207/11 1789/1208/718 1788/1209/718
f 11/1210/8 1791/1211/719 10/1195/7
f 16/1193/9 18/1212/12 19/1213/12
f 1792/1214/720 1791/1211/719 1790/1215/719
f 1795/1216/722 1797/1217/721 1794/1218/721
f 24/1185/13 46/1160/26 47/1219/26
f 1798/1220/723 1789/1208/718 1799/1221/723
f 1800/1222/724 1793/1223/720 1792/1214/720
f 1803/1188/726 1805/1189/725 1802/1224/725
f 1806/1225/727 1808/1226/728 1809/1227/727
f 1798/1220/723 1796/1228/722 1795/1216/722
f 1810/1229/729 1808/1226/728 1807/1230/728
f 1806/1225/727 1801/1231/724 1800/1222/724
f 1812/1232/730 1814/1233/731 1815/1234/732
f 1803/1235/726 1817/1236/733 1804/1237/726
f 1818/1238/734 1814/1233/731 1813/1239/731
f 1810/1229/729 1815/1234/732 1811/1240/729
f 1820/1241/735 1822/1242/737 1823/1243/735
f 1824/1244/738 1826/1245/740 1827/1246/741
f 1829/1247/743 1831/1248/742 1828/1249/742
f 1832/1250/744 1834/1251/745 1835/1252/744
f 1825/1253/739 1837/494/747 1826/1254/740
f 1838/1255/748 1819/1256/734 1818/1238/734
f 1794/1218/721 1817/1236/733 1816/1257/733
f 1840/1258/749 1842/494/750 1843/1259/749
f 1845/1260/752 1847/1261/751 1844/1262/751
f 1848/1263/753 1850/1264/754 1851/1265/753
f 1852/1266/755 3/1202/3 1853/1267/755
f 1838/1255/748 1853/1267/755 1839/1268/748
f 1855/1269/757 1857/1270/756 1854/1271/756
f 1858/1272/759 1860/1273/760 1861/1274/759
f 8/1197/5 1863/1275/761 7/1276/5
f 1832/1250/744 1865/1277/762 1864/1278/762
f 1802/1279/725 1867/1280/763 1866/1281/763
f 1821/1282/736 1827/1246/741 1822/1283/737
f 1858/1272/759 1830/1284/743 1829/1247/743
f 1833/1285/745 1831/1248/742 1834/1251/745
f 1866/1281/763 1863/1275/761 1862/1286/761
f 1868/1287/764 1865/1277/762 1869/1288/764
f 1870/1289/765 1872/1290/766 1873/1291/767
f 1871/1292/766 1875/1293/768 1872/1294/766
f 1845/1260/752 1877/1295/769 1846/1296/752
f 1878/1297/770 1875/1298/768 1874/1299/768
f 1854/1253/756 1842/494/750 1841/1300/750
f 1840/1301/749 1879/1302/770 1878/1297/770
f 1849/1303/754 1847/1261/751 1850/1264/754
f 1848/1263/753 1860/1273/760 1859/1304/760
f 1820/1305/735 1856/1306/758 1855/1269/757
f 1880/1307/771 1837/494/747 1836/1300/746
f 1870/1289/765 1881/1308/771 1880/1309/771
f 1868/1287/764 1883/1310/772 1882/1311/772
f 61/1147/33 27/1312/16 60/1133/33
f 1784/1206/716 64/1313/35 65/1144/35
f 48/1159/25 1786/1314/717 1785/1204/717
f 1882/1311/772 1877/1295/769 1876/1315/769
f 6/1201/4 1885/1316/773 1884/1317/773
f 26/1318/15 30/1319/18 31/1320/18
f 52/1155/27 22/1186/14 23/1321/14
f 1884/1322/773 1887/1323/774 1886/1324/774
f 44/1163/24 1887/1325/774 43/1326/24
f 1888/1327/775 618/1328/421 619/1329/421
f 70/1330/37 1889/1331/775 1888/1327/775
f 1890/1332/776 595/1108/404 596/1333/404
f 1890/1332/776 1893/1334/778 1891/1335/777
f 1894/1336/779 1896/1337/780 1897/1338/779
f 73/1135/39 590/1109/401 72/1339/39
f 1894/1340/779 1899/1341/781 1898/1342/781
f 1900/1343/782 1899/1344/781 1901/1345/782
f 1902/1346/783 1893/1334/778 1892/1347/778
f 659/1348/440 1896/1337/780 1895/1349/780
f 1904/1005/784 57/815/31 58/1104/31
f 1902/1346/783 1907/1350/786 1903/1351/783
f 1904/1352/784 1901/1345/782 1905/1353/784
f 1908/1354/787 1907/1350/786 1906/1355/785
f 56/1154/29 1909/1356/787 1908/1354/787
f 1911/1357/789 1913/1358/788 1910/1359/788
f 1914/1360/790 1916/892/791 1917/1361/790
f 1919/1362/793 1921/1363/792 1918/1364/792
f 82/1365/42 1920/1366/793 1919/1367/793
f 1923/1368/795 1925/1369/794 1922/1370/794
f 81/1371/43 1917/1372/790 80/1130/43
f 1922/1370/794 477/1373/331 542/1111/331
f 1926/1374/796 1928/1361/797 1929/892/796
f 1930/1375/798 1932/1376/799 1933/1377/798
f 1918/1364/792 1928/1378/797 1927/1379/797
f 1930/1375/798 1924/1380/795 1923/1368/795
f 1934/1381/800 1936/1382/801 1937/1383/800
f 1938/1384/802 1940/1385/803 1941/1386/802
f 1926/1374/796 1940/1387/803 1939/1388/803
f 1942/1389/804 1944/1390/805 1945/1391/804
f 1942/1389/804 1932/1376/799 1931/1392/799
f 1947/1393/807 1949/1394/806 1946/1395/806
f 1950/1396/808 1952/1397/809 1953/1398/808
f 1934/1381/800 1944/1390/805 1943/1399/805
f 1955/1367/811 1957/1400/810 1954/1365/810
f 1938/1384/802 1956/1401/811 1955/1402/811
f 1950/1403/808 1916/892/791 1915/1374/791
f 42/1166/23 1948/1404/807 1947/1393/807
f 1946/1395/806 1936/1382/801 1935/1405/801
f 1954/1406/810 1952/1397/809 1951/1407/809
f 1958/1408/812 1960/1409/813 1961/1410/812
f 1962/1411/814 1913/1358/788 1963/1412/814
f 1964/1413/815 1966/1414/816 1967/1415/815
f 1968/1416/817 1966/1414/816 1965/1417/816
f 1970/1418/818 1972/1419/819 1973/1420/818
f 1975/1421/821 1977/1422/820 1974/1423/820
f 1978/1424/822 1980/1425/823 1981/1426/822
f 1962/1411/814 1980/1427/823 1979/1428/823
f 1958/1408/812 1969/1429/817 1968/1416/817
f 1982/1430/824 1984/1431/825 1985/1432/824
f 1986/1433/826 1988/1434/827 1989/1435/826
f 1986/1433/826 1972/1419/819 1971/1436/819
f 1978/1437/822 1976/1438/821 1975/1421/821
f 1970/1418/818 1960/1409/813 1959/1439/813
f 1990/1440/828 1992/1441/829 1993/1442/828
f 1995/1443/831 1997/1444/830 1994/1445/830
f 1982/1430/824 1996/1446/831 1995/1443/831
f 1987/1447/827 1993/1442/828 1988/1434/827
f 1974/1423/820 1984/1431/825 1983/1448/825
f 1999/1449/833 2001/1450/832 1998/1451/832
f 2002/1452/834 2004/1453/835 2005/1454/834
f 2002/1452/834 1992/1441/829 1991/1455/829
f 1999/1456/833 1997/1426/830 2000/1457/833
f 1911/1357/789 2007/1458/836 1912/1459/789
f 2008/1460/837 1967/1415/815 2009/1461/837
f 2003/1462/835 2009/1461/837 2004/1453/835
f 2006/1463/836 2001/1450/832 2007/1458/836
f 1751/1464/698 1747/1465/696 1766/81/2
f 1747/1465/696 1783/1466/715 1766/81/2
f 1745/1465/694 1749/1464/697 1768/81/55
f 1749/1467/697 1753/1468/699 1768/1469/55
f 1753/1470/699 1757/1471/701 1768/81/55
f 1759/1471/702 1755/1470/700 1766/81/2
f 1781/1466/714 1745/1465/694 1768/81/55
f 1761/1472/703 1765/1473/705 1768/81/55
f 1763/1472/704 1759/1471/702 1766/81/2
f 2023/1473/842 1763/1472/704 1766/81/2
f 1757/1471/701 1761/1472/703 1768/81/55
f 1755/1474/700 1751/1475/698 1766/1476/2
f 1775/1475/710 1771/1474/708 1766/1476/2
f 2026/1468/844 1773/1467/709 1768/1469/55
f 1765/1473/705 2026/1477/844 1768/81/55
f 1771/1477/708 2023/1473/842 1766/81/2
f 1777/1478/711 1781/1466/714 1768/81/55
f 1783/1466/715 1779/1478/713 1766/81/2
f 1773/1479/709 1777/1478/711 1768/81/55
f 1779/1478/713 1775/1479/710 1766/81/2
f 1189/1035/2 884/949/2 1213/970/2
f 1251/1480/580 1244/1481/573 1306/1482/580
f 1193/1483/585 1306/1482/580 1200/1484/585
f 1312/963/55 1064/835/55 1231/1080/55
f 1238/1485/573 1236/1486/536 1244/1481/573
f 1229/1487/536 1223/1488/589 1236/1486/536
f 1221/1489/589 1214/1486/587 1223/1488/589
f 1208/1487/587 1206/1481/586 1214/1486/587
f 1199/1485/586 1192/1482/584 1206/1481/586
f 1190/1480/584 1188/1484/583 1192/1482/584
f 1176/1483/583 1147/1490/577 1188/1484/583
f 1104/1491/577 1097/1492/575 1147/1490/577
f 1095/1489/575 1067/1486/572 1097/1488/575
f 1049/1487/572 1034/1481/567 1067/1486/572
f 1019/1485/567 1004/1482/556 1034/1481/567
f 982/1480/556 970/1484/555 1004/1482/556
f 962/1483/555 937/1490/549 970/1484/555
f 897/1491/549 102/1492/54 937/1490/549
f 100/1493/54 1321/1490/596 102/1492/54
f 1319/1491/596 1317/1484/595 1321/1490/596
f 1315/1483/595 1313/1482/594 1317/1484/595
f 1311/1480/594 1309/1481/593 1313/1482/594
f 1305/1485/593 1290/1486/592 1309/1481/593
f 1275/1487/592 1260/1488/590 1290/1486/592
f 1245/1493/590 1230/1490/588 1260/1492/590
f 1215/1491/588 1200/1484/585 1230/1490/588
f 1400/1110/2 1336/932/2 1368/915/2
f 1146/1494/580 1082/1495/573 1177/1496/580
f 1407/1497/585 1177/1496/580 1405/1498/585
f 1074/926/55 1382/159/55 1350/1016/55
f 1073/1499/573 849/1500/536 1082/1495/573
f 1323/1501/536 1325/1502/589 849/1500/536
f 1327/1503/589 1329/1500/587 1325/1502/589
f 1331/1501/587 1333/1495/586 1329/1500/587
f 1335/1499/586 1337/1496/584 1333/1495/586
f 1339/1494/584 1341/1498/583 1337/1496/584
f 1343/1497/583 1345/1504/577 1341/1498/583
f 1347/1505/577 1349/1506/575 1345/1504/577
f 1351/1503/575 1353/1500/572 1349/1502/575
f 1355/1501/572 1357/1495/567 1353/1500/572
f 1359/1499/567 1361/1496/556 1357/1495/567
f 1363/1494/556 1365/1498/555 1361/1496/556
f 1367/1497/555 1369/1504/549 1365/1498/555
f 1371/1505/549 1373/1506/54 1369/1504/549
f 1375/1507/54 1377/1504/596 1373/1506/54
f 1379/1505/596 1381/1498/595 1377/1504/596
f 1383/1497/595 1385/1496/594 1381/1498/595
f 1387/1494/594 1389/1495/593 1385/1496/594
f 1391/1499/593 1393/1500/592 1389/1495/593
f 1395/1501/592 1397/1502/590 1393/1500/592
f 1399/1507/590 1401/1504/588 1397/1506/590
f 1403/1505/588 1405/1498/585 1401/1504/588
f 1412/1177/55 1428/1314/55 1480/1186/55
f 1413/1508/598 1411/1179/597 1415/1509/598
f 1409/1510/597 1575/1134/650 1411/1179/597
f 1462/1511/2 1422/1512/2 1574/1513/2
f 1417/1514/599 1415/1515/598 1419/1318/599
f 1421/1516/600 1419/1318/599 1423/1320/600
f 1425/1517/601 1423/1320/600 1427/1518/601
f 1429/1519/602 1427/1520/601 1445/1521/602
f 1447/1522/608 1445/1521/602 1459/1147/608
f 1442/1223/55 1470/1240/55 1490/1268/55
f 1435/1523/605 1433/1524/604 1437/1525/605
f 1431/1526/603 1503/1527/623 1433/1524/604
f 1498/1275/2 1476/1236/2 1452/1208/2
f 1439/1528/606 1437/1529/605 1441/1530/606
f 1443/1531/607 1441/1530/606 1449/1188/607
f 1451/1532/609 1449/1188/607 1453/1533/609
f 1461/1534/611 1459/1147/608 1463/1149/611
f 1457/1524/610 1451/1523/609 1453/1535/609
f 1467/1536/613 1457/1524/610 1469/1527/613
f 1465/1537/612 1463/1149/611 1479/1538/612
f 1481/1539/617 1479/1518/612 1495/1322/617
f 1471/1540/614 1469/1527/613 1473/1541/615
f 1475/1542/616 1473/1541/615 1477/1543/616
f 1483/1531/618 1477/1533/616 1485/1188/618
f 1553/1324/624 1481/1539/617 1495/1322/617
f 1487/1528/619 1485/1188/618 1489/1224/619
f 1491/1544/620 1489/1224/619 1493/1545/620
f 1497/1540/621 1493/1543/620 1499/1541/622
f 1503/1527/623 1497/1540/621 1499/1541/622
f 1561/1546/647 1553/1324/624 1567/1515/647
f 1522/1274/55 1538/1261/55 1556/1288/55
f 1511/1547/627 1509/1253/626 1513/1548/627
f 1507/1549/625 1565/1300/648 1509/1253/626
f 1508/1245/2 1548/1290/2 1532/1550/2
f 1515/1551/628 1513/1552/627 1517/1553/629
f 1519/1554/631 1517/1553/629 1521/1241/632
f 1523/1555/633 1521/1241/632 1525/1556/633
f 1527/1557/634 1525/1558/633 1529/1253/635
f 1531/1559/636 1529/1253/635 1533/1300/636
f 1535/1560/637 1533/1300/636 1537/1258/638
f 1539/1561/639 1537/1258/638 1541/1562/639
f 1543/1563/640 1541/1564/639 1545/1565/641
f 1549/1292/643 1543/1563/640 1545/1565/641
f 1551/1566/644 1549/1292/643 1555/1567/644
f 1557/1560/645 1555/1568/644 1559/1307/646
f 1563/1559/648 1559/1307/646 1565/1300/648
f 1569/1569/649 1567/1570/647 1571/1132/649
f 1573/1571/650 1571/1132/649 1575/1134/650
f 1584/1117/55 1600/1109/55 1616/1351/55
f 1581/1572/652 1579/1151/651 1583/1573/652
f 1577/1574/651 1631/1104/665 1579/1151/651
f 1578/1122/2 1618/1344/2 1602/1575/2
f 1585/1576/653 1583/1577/652 1587/1138/653
f 1589/1578/655 1587/1138/653 1591/1140/655
f 1593/1579/656 1591/1140/655 1595/1580/656
f 1597/1574/657 1595/1573/656 1599/1103/657
f 1601/1581/658 1599/1103/657 1603/1104/658
f 1607/1005/659 1601/1581/658 1603/1104/658
f 1609/1582/660 1607/1005/659 1611/1583/660
f 1613/1584/661 1611/1585/660 1615/1340/661
f 1617/1586/662 1615/1340/661 1619/1342/662
f 1621/1587/663 1619/1342/662 1623/1577/663
f 1625/1588/664 1623/1583/663 1627/1005/664
f 1629/1581/665 1627/1005/664 1631/1104/665
f 1640/1373/55 1656/1376/55 1672/1382/55
f 1637/1589/667 1635/1360/666 1639/1590/667
f 1633/1591/666 1687/1374/679 1635/1360/666
f 1678/1397/2 1662/1385/2 1646/1592/2
f 1641/1593/668 1639/1594/667 1643/1365/668
f 1645/1595/669 1643/1365/668 1647/1367/669
f 1649/1596/670 1647/1367/669 1651/1597/670
f 1653/1591/671 1651/1598/670 1655/1360/671
f 1657/1599/672 1655/1360/671 1659/1374/672
f 1661/1600/673 1659/1374/672 1663/1388/673
f 1665/1601/674 1663/1388/673 1667/1602/674
f 1669/1595/675 1667/1597/674 1671/1367/675
f 1673/1593/676 1671/1367/675 1675/1365/676
f 1677/1603/677 1675/1365/676 1679/1594/677
f 1681/1600/678 1679/1604/677 1683/1403/678
f 1685/1599/679 1683/1403/678 1687/1374/679
f 1700/1409/55 1716/1434/55 1732/1453/55
f 1693/1605/681 1691/1606/680 1695/1607/681
f 1689/1608/680 1743/1609/693 1691/1606/680
f 1734/1450/2 1718/1432/2 1702/1610/2
f 1697/1611/682 1695/1612/681 1699/1613/682
f 1701/1614/683 1699/1613/682 1703/1424/683
f 1705/1615/684 1703/1424/683 1707/1616/684
f 1709/1608/685 1707/1617/684 1711/1606/685
f 1713/1618/686 1711/1606/685 1715/1609/686
f 1717/1619/687 1715/1609/686 1719/1620/687
f 1721/1621/688 1719/1620/687 1723/1622/688
f 1727/1623/689 1721/1624/688 1723/1625/688
f 1731/1456/690 1725/1626/689 1727/1623/689
f 1733/1627/691 1731/1456/690 1735/1628/691
f 1737/1629/692 1735/1630/691 1739/1620/692
f 1741/1618/693 1739/1620/692 1743/1609/693
f 2014/1467/838 2011/1631/839 2010/1475/838
f 2013/1632/839 2012/1633/580 2011/1634/839
f 2015/1468/840 2010/1475/838 2018/1474/840
f 2016/1635/841 2018/1474/840 2017/1636/841
f 2020/1637/556 2017/1634/841 2022/1633/556
f 2021/1638/706 2022/1633/556 1767/1639/706
f 1769/1468/707 1767/1636/706 2025/1474/707
f 2027/1467/843 2025/1474/707 2024/1475/843
f 2028/1640/845 2024/1475/843 2029/1631/845
f 2019/1637/580 2029/1639/845 2012/1633/580
f 735/1/492 734/1641/491 706/2/217
f 119/4/71 148/14/96 149/5/97
f 735/7/492 811/84/256 531/8/219
f 126/10/77 831/749/133 830/11/134
f 119/4/71 118/43/70 147/13/95
f 483/18/334 271/103/188 299/19/210
f 105/21/57 106/102/58 826/22/152
f 151/24/99 180/59/122 181/25/123
f 812/27/532 145/30/93 146/28/94
f 145/30/93 174/48/116 175/31/117
f 154/32/102 914/801/335 912/33/334
f 810/35/255 809/50/254 560/36/221
f 114/38/66 143/54/91 144/39/92
f 241/41/171 225/98/156 121/12/73
f 813/29/533 146/28/94 147/13/95
f 148/14/96 177/99/119 178/44/120
f 162/34/103 912/33/334 899/45/332
f 145/30/93 144/39/92 173/47/115
f 115/40/67 144/39/92 145/30/93
f 808/49/253 561/1642/236 560/36/221
f 1124/51/544 879/932/544 1012/52/564
f 143/54/91 172/116/114 173/47/115
f 123/55/75 152/26/100 153/56/101
f 151/24/99 150/82/98 179/58/121
f 113/60/65 142/66/90 143/61/91
f 218/63/130 127/267/78 128/64/79
f 142/66/90 171/70/113 172/67/114
f 147/13/95 146/28/94 175/31/117
f 141/69/89 170/95/112 171/70/113
f 764/16/259 763/3/258 706/2/217
f 944/71/155 823/933/77 818/72/73
f 817/74/534 150/82/98 151/24/99
f 532/77/220 560/86/221 474/78/195
f 112/80/64 141/69/89 142/66/90
f 120/6/72 149/5/97 150/82/98
f 111/83/63 140/94/88 141/69/89
f 810/35/255 532/37/220 531/8/219
f 561/85/236 473/219/194 474/78/195
f 816/87/172 159/775/68 941/88/351
f 122/75/74 151/24/99 152/26/100
f 140/94/88 169/136/111 170/95/112
f 149/5/97 178/44/120 179/58/121
f 224/97/155 126/10/77 121/12/73
f 148/14/96 147/13/95 176/68/118
f 152/26/100 181/25/123 182/96/124
f 270/101/187 108/180/60 106/102/58
f 820/104/261 763/3/258 764/16/259
f 1/105/1 99/133/53 810/35/255
f 181/25/123 210/111/148 211/100/149
f 103/106/56 107/123/59 808/49/253
f 270/107/187 242/322/172 116/108/68
f 173/47/115 202/117/140 203/110/141
f 180/59/122 209/115/147 210/111/148
f 178/44/120 207/114/145 208/112/146
f 821/113/278 735/1/492 763/3/258
f 177/99/119 206/121/144 207/114/145
f 179/58/121 208/112/146 209/115/147
f 172/116/114 201/165/139 202/117/140
f 121/12/73 830/11/134 829/119/135
f 177/99/119 176/68/118 205/120/143
f 134/122/82 133/1643/81 107/123/59
f 171/70/113 200/132/138 201/124/139
f 132/125/80 508/226/350 484/126/335
f 175/31/117 204/134/142 205/120/143
f 975/128/188 1069/825/58 1070/129/57
f 171/70/113 170/95/112 199/131/137
f 103/106/56 809/50/254 810/35/255
f 175/31/117 174/48/116 203/110/141
f 134/122/82 103/106/56 99/133/53
f 169/136/111 198/147/136 199/131/137
f 1/105/1 811/84/256 735/7/492
f 212/138/128 213/65/129 128/64/79
f 199/140/137 228/148/158 229/141/159
f 137/143/85 136/156/84 1/105/1
f 203/110/141 232/161/162 233/144/163
f 185/145/126 186/219/127 133/85/81
f 198/147/136 227/198/157 228/148/158
f 154/139/102 128/64/79 927/149/350
f 484/152/335 270/101/187 271/103/188
f 445/153/313 222/314/73 160/154/69
f 135/135/83 99/133/53 1/105/1
f 211/100/149 210/111/148 239/157/169
f 139/118/87 138/177/86 820/104/261
f 681/158/458 680/841/458 684/159/460
f 202/117/140 231/166/161 232/161/162
f 209/115/147 238/164/168 239/157/169
f 207/114/145 236/163/166 237/162/167
f 206/121/144 235/173/165 236/163/166
f 208/112/146 237/162/167 238/164/168
f 201/165/139 230/178/160 231/166/161
f 934/169/191 395/872/130 394/170/129
f 206/121/144 205/120/143 234/172/164
f 193/174/105 194/184/125 162/34/103
f 200/142/138 229/141/159 230/175/160
f 137/176/85 821/113/278 820/104/261
f 204/134/142 233/144/163 234/172/164
f 230/178/160 259/222/176 260/179/177
f 108/180/60 827/1644/151 826/22/152
f 235/173/165 234/172/164 263/181/180
f 212/183/128 154/32/102 162/34/103
f 229/141/159 258/191/175 259/185/176
f 165/186/107 138/177/86 139/118/87
f 233/144/163 262/194/179 263/181/180
f 769/188/423 770/1013/423 776/189/406
f 228/148/158 257/199/174 258/191/175
f 185/145/126 134/146/82 135/192/83
f 232/161/162 261/208/178 262/194/179
f 129/195/61 676/640/403 545/196/370
f 227/198/157 256/243/173 257/199/174
f 166/200/108 137/176/85 138/177/86
f 197/202/135 168/193/110 167/203/109
f 166/205/108 167/203/109 136/206/84
f 239/157/169 268/209/185 269/201/186
f 168/193/110 135/192/83 136/206/84
f 231/166/161 260/179/177 261/208/178
f 238/164/168 267/212/184 268/209/185
f 236/163/166 265/211/182 266/210/183
f 299/19/210 271/103/188 106/102/58
f 235/173/165 264/182/181 265/211/182
f 238/164/168 237/162/167 266/210/183
f 189/213/130 131/433/78 132/125/80
f 260/179/177 289/223/200 290/215/201
f 267/212/184 296/221/207 297/216/208
f 265/211/182 294/220/205 295/217/206
f 196/218/134 195/705/133 186/219/127
f 264/182/181 293/231/204 294/220/205
f 267/212/184 266/210/183 295/217/206
f 259/222/176 288/1645/199 289/223/200
f 543/224/369 241/467/171 242/225/172
f 109/227/61 930/1646/403 929/228/402
f 264/182/181 263/181/180 292/230/203
f 161/93/105 184/255/125 157/232/103
f 258/191/175 287/239/198 288/62/199
f 899/45/332 912/33/334 824/234/188
f 263/181/180 262/194/179 291/235/202
f 258/191/175 257/199/174 286/238/197
f 196/218/134 185/145/126 168/193/110
f 261/208/178 290/215/201 291/235/202
f 246/240/68 214/204/150 215/241/151
f 256/243/173 285/280/196 286/238/197
f 216/244/152 165/186/107 164/187/106
f 215/241/151 214/204/150 167/203/109
f 929/228/402 930/1646/403 422/246/155
f 268/209/185 297/216/208 298/245/209
f 215/248/151 166/200/108 165/186/107
f 243/250/58 244/1647/60 215/248/151
f 246/240/68 247/276/69 197/202/135
f 853/251/128 421/978/102 834/252/103
f 297/216/208 326/257/234 327/249/235
f 243/250/58 216/244/152 217/237/153
f 187/254/128 155/639/102 157/232/103
f 289/223/200 318/263/226 319/256/227
f 296/221/207 325/261/233 326/257/234
f 294/220/205 323/260/231 324/258/232
f 188/214/129 132/125/80 155/127/102
f 293/231/204 322/269/230 323/260/231
f 296/221/207 295/217/206 324/258/232
f 289/223/200 288/1645/199 317/262/225
f 1054/264/367 974/824/187 975/128/188
f 110/229/62 929/228/402 928/266/369
f 293/231/204 292/230/203 321/268/229
f 338/270/188 243/250/58 226/236/57
f 287/239/198 316/275/224 317/272/225
f 249/273/77 195/705/133 196/218/134
f 291/235/202 320/277/228 321/268/229
f 286/238/197 315/281/223 316/275/224
f 248/274/73 196/218/134 197/202/135
f 290/215/201 319/256/227 320/277/228
f 191/278/132 129/195/61 130/197/62
f 285/280/196 314/291/222 315/281/223
f 320/277/228 349/287/244 350/282/245
f 315/281/223 344/292/239 345/283/240
f 303/284/211 714/665/366 713/285/280
f 319/256/227 348/304/243 349/287/244
f 314/291/222 343/335/238 344/292/239
f 301/293/212 716/308/296 715/294/281
f 283/297/194 718/494/368 717/298/297
f 571/300/369 306/135/171 307/156/172
f 601/302/402 276/344/156 306/135/171
f 326/257/234 355/306/250 356/296/251
f 927/149/350 816/613/172 822/303/187
f 318/263/226 347/311/242 348/304/243
f 326/257/234 325/261/233 354/305/249
f 323/260/231 352/309/247 353/307/248
f 284/299/195 717/298/297 716/308/296
f 322/269/230 351/315/246 352/309/247
f 324/258/232 353/307/248 354/305/249
f 318/263/226 317/262/225 346/310/241
f 509/312/332 539/384/334 338/270/188
f 445/153/313 422/1648/155 251/313/77
f 322/269/230 321/268/229 350/282/245
f 305/289/215 304/286/214 713/285/280
f 316/275/224 345/283/240 346/316/241
f 127/267/78 928/266/369 927/149/350
f 354/305/249 353/307/248 382/317/272
f 347/311/242 346/310/241 375/319/265
f 508/226/350 242/225/172 270/321/187
f 242/322/172 241/41/171 117/42/69
f 351/315/246 350/282/245 379/323/269
f 277/325/191 275/404/190 190/326/131
f 345/283/240 374/333/264 375/328/265
f 350/282/245 349/287/244 378/330/268
f 309/331/217 304/286/214 305/289/215
f 345/283/240 344/292/239 373/332/263
f 348/304/243 377/345/267 378/330/268
f 312/334/220 313/349/221 284/299/195
f 343/335/238 372/1649/262 373/332/263
f 311/336/219 312/334/220 301/293/212
f 311/336/219 302/295/213 303/338/211
f 310/340/218 303/284/211 304/286/214
f 540/341/367 570/301/350 307/156/172
f 356/296/251 355/306/250 384/343/274
f 602/123/403 274/1643/155 276/344/156
f 710/154/191 677/314/190 219/153/154
f 347/311/242 376/320/266 377/345/267
f 354/305/249 383/318/273 384/343/274
f 352/309/247 381/347/271 382/317/272
f 302/295/213 715/294/281 714/346/366
f 351/315/246 380/324/270 381/347/271
f 330/348/236 283/297/194 284/299/195
f 376/320/266 405/358/286 406/350/287
f 383/318/273 412/356/293 413/351/294
f 381/347/271 410/355/291 411/352/292
f 306/353/171 247/276/69 246/240/68
f 380/324/270 409/363/290 410/355/291
f 382/317/272 411/352/292 412/356/293
f 376/320/266 375/319/265 404/357/285
f 366/359/258 309/331/217 308/329/216
f 380/324/270 379/323/269 408/362/289
f 959/364/171 272/169/69 192/171/68
f 374/365/264 403/372/284 404/366/285
f 363/368/255 312/381/220 311/369/219
f 378/330/268 407/376/288 408/362/289
f 366/359/258 365/1650/257 310/340/218
f 373/371/263 402/380/283 403/372/284
f 362/373/254 361/389/253 330/374/236
f 378/330/268 377/345/267 406/350/287
f 364/370/256 311/369/219 310/377/218
f 372/379/262 401/416/282 402/380/283
f 363/368/255 362/373/254 313/375/221
f 332/383/102 540/610/367 539/384/334
f 280/386/61 602/123/403 601/302/402
f 384/343/274 413/351/294 414/382/295
f 391/388/56 392/470/59 361/389/253
f 337/391/187 244/1647/60 243/250/58
f 945/73/156 818/72/73 272/169/69
f 413/351/294 442/395/311 443/390/312
f 371/393/261 366/359/258 367/360/259
f 405/358/286 434/402/303 435/394/304
f 412/356/293 441/400/310 442/395/311
f 410/355/291 439/399/308 440/396/309
f 332/397/102 331/415/79 570/301/350
f 410/355/291 409/363/290 438/398/307
f 412/356/293 411/352/292 440/396/309
f 405/358/286 404/357/285 433/401/302
f 273/403/189 191/1651/132 190/326/131
f 219/405/154 110/229/62 127/267/78
f 409/363/290 408/362/289 437/406/306
f 391/388/56 362/373/254 363/368/255
f 403/372/284 432/412/301 433/408/302
f 390/407/53 363/368/255 364/370/256
f 407/376/288 436/413/305 437/406/306
f 389/409/1 364/370/256 365/378/257
f 403/372/284 402/380/283 431/411/300
f 407/376/288 406/350/287 435/394/304
f 282/414/78 571/300/369 570/301/350
f 401/416/282 430/422/299 431/411/300
f 436/413/305 465/419/323 466/417/324
f 431/411/300 460/423/318 461/418/319
f 435/394/304 464/430/322 465/419/323
f 425/420/83 390/407/53 389/409/1
f 430/422/299 459/461/317 460/423/318
f 341/424/237 332/383/102 333/385/103
f 337/427/187 307/354/172 246/240/68
f 281/387/62 601/302/402 571/300/369
f 442/395/311 471/431/329 472/426/330
f 333/385/103 539/384/334 509/312/332
f 388/429/278 365/1650/257 366/359/258
f 434/402/303 463/437/321 464/430/322
f 441/400/310 470/435/328 471/431/329
f 439/399/308 468/434/326 469/432/327
f 130/197/62 545/196/370 543/224/369
f 438/398/307 467/441/325 468/434/326
f 441/400/310 440/396/309 469/432/327
f 434/402/303 433/401/302 462/436/320
f 427/438/298 388/429/278 371/393/261
f 328/440/214 534/485/280 533/361/279
f 438/398/307 437/406/306 466/417/324
f 341/9/237 342/504/129 331/415/79
f 432/412/301 461/418/319 462/442/320
f 426/421/84 389/409/1 388/410/278
f 470/435/328 469/432/327 498/444/346
f 463/437/321 462/436/320 491/446/339
f 502/79/212 537/571/296 536/204/281
f 467/441/325 466/417/324 495/451/343
f 360/453/252 393/1642/132 280/386/61
f 461/418/319 490/458/338 491/454/339
f 453/455/126 454/297/127 423/348/81
f 465/419/323 494/460/342 495/451/343
f 449/457/107 450/1652/108 427/438/298
f 460/423/318 489/281/337 490/458/338
f 453/455/126 424/456/82 425/459/83
f 464/430/322 493/471/341 494/460/342
f 360/453/252 281/387/62 282/414/78
f 459/461/317 488/291/336 489/281/337
f 415/462/296 277/325/191 278/463/192
f 543/224/369 545/196/370 225/466/156
f 429/449/87 428/439/86 371/393/261
f 472/426/330 471/431/329 500/468/348
f 424/469/82 391/388/56 390/407/53
f 424/469/82 423/1653/81 392/470/59
f 463/437/321 492/447/340 493/471/341
f 470/435/328 499/445/347 500/468/348
f 468/434/326 497/473/345 498/444/346
f 277/325/191 189/327/130 188/472/129
f 468/434/326 467/441/325 496/452/344
f 449/457/107 428/439/86 429/449/87
f 492/447/340 521/481/356 522/474/357
f 500/468/348 499/445/347 528/475/363
f 497/473/345 526/479/361 527/477/362
f 496/452/344 525/487/360 526/479/361
f 499/445/347 498/444/346 527/477/362
f 492/447/340 491/446/339 520/480/355
f 506/482/152 449/457/107 448/448/106
f 328/440/214 300/716/211 535/484/366
f 496/452/344 495/451/343 524/486/359
f 932/488/366 400/464/281 278/463/192
f 490/458/338 519/283/354 520/316/355
f 504/294/150 451/493/109 450/490/108
f 495/451/343 494/460/342 523/491/358
f 276/492/156 248/274/73 247/276/69
f 489/281/337 518/496/353 519/283/354
f 487/308/135 452/293/110 451/493/109
f 493/471/341 522/474/357 523/491/358
f 485/494/133 454/297/127 453/455/126
f 489/281/337 488/291/336 517/495/352
f 486/298/134 453/455/126 452/293/110
f 451/493/109 426/336/84 427/498/298
f 452/293/110 425/459/83 426/336/84
f 501/465/349 500/468/348 529/476/364
f 518/496/353 517/495/352 546/499/371
f 279/501/193 187/254/128 184/255/125
f 359/37/130 282/414/78 331/415/79
f 339/478/105 340/425/125 333/385/103
f 530/497/365 529/476/364 558/505/383
f 505/506/151 450/1652/108 449/457/107
f 521/481/356 550/515/375 551/507/376
f 528/475/363 557/513/382 558/505/383
f 526/479/361 555/512/380 556/508/381
f 481/509/276 340/425/125 339/478/105
f 526/479/361 525/487/360 554/511/379
f 528/475/363 527/477/362 556/508/381
f 521/481/356 520/480/355 549/514/374
f 515/516/73 486/298/134 487/308/135
f 955/518/366 961/831/281 935/171/192
f 525/487/360 524/486/359 553/520/378
f 512/521/351 505/506/151 506/482/152
f 519/283/354 548/333/373 549/328/374
f 513/523/68 514/517/69 487/308/135
f 523/491/358 552/524/377 553/520/378
f 189/213/130 190/279/131 130/197/62
f 519/283/354 518/496/353 547/500/372
f 523/491/358 522/474/357 551/507/376
f 515/516/73 516/711/77 485/494/133
f 552/524/377 581/530/393 582/525/394
f 547/526/372 576/534/388 577/527/389
f 552/524/377 551/507/376 580/529/392
f 563/531/155 516/711/77 515/516/73
f 546/533/371 575/569/387 576/534/388
f 568/536/188 511/522/58 510/537/57
f 386/502/276 184/255/125 161/93/105
f 559/503/384 558/505/383 587/539/399
f 510/537/57 511/522/58 506/482/152
f 932/540/366 279/501/193 386/502/276
f 550/515/375 579/546/391 580/529/392
f 557/513/382 586/544/398 587/539/399
f 555/512/380 584/543/396 585/542/397
f 538/218/297 541/705/368 458/273/189
f 554/511/379 583/548/395 584/543/396
f 557/513/382 556/508/381 585/542/397
f 550/515/375 549/514/374 578/545/390
f 567/547/187 512/521/351 511/522/58
f 131/433/78 543/224/369 508/226/350
f 554/511/379 553/520/378 582/525/394
f 458/273/189 393/681/132 360/492/252
f 548/528/373 577/527/389 578/549/390
f 513/523/68 504/294/150 505/346/151
f 586/544/398 585/542/397 614/552/417
f 579/546/391 578/545/390 607/554/410
f 503/450/213 536/204/281 535/241/366
f 583/548/395 582/525/394 611/557/414
f 591/559/350 566/587/172 567/560/187
f 577/527/389 606/564/409 607/562/410
f 928/266/369 929/228/402 445/247/313
f 581/530/393 610/566/413 611/557/414
f 576/534/388 605/570/408 606/564/409
f 581/530/393 580/529/392 609/565/412
f 574/567/335 567/547/187 568/536/188
f 575/569/387 604/601/407 605/570/408
f 538/218/297 475/274/190 476/276/191
f 572/573/332 573/568/334 568/536/188
f 566/574/172 565/575/171 514/517/69
f 564/532/386 515/516/73 514/517/69
f 587/539/399 616/577/419 617/572/420
f 537/571/296 476/276/191 479/240/192
f 566/574/172 513/523/68 512/551/351
f 579/546/391 608/555/411 609/565/412
f 586/544/398 615/553/418 616/577/419
f 584/543/396 613/578/416 614/552/417
f 583/548/395 612/558/415 613/578/416
f 416/579/297 936/1654/368 273/403/189
f 593/580/402 594/600/403 563/581/155
f 608/555/411 637/591/429 638/583/430
f 615/553/418 644/589/436 645/584/437
f 613/578/416 642/588/434 643/585/435
f 591/559/350 592/592/369 565/586/171
f 612/558/415 641/594/433 642/588/434
f 615/553/418 614/552/417 643/585/435
f 608/555/411 607/554/410 636/590/428
f 593/580/402 564/582/386 565/586/171
f 474/78/195 538/218/297 537/571/296
f 612/558/415 611/557/414 640/593/432
f 278/463/192 188/472/129 187/595/128
f 606/564/409 635/597/427 636/596/428
f 610/566/413 639/598/431 640/593/432
f 605/570/408 634/602/426 635/597/427
f 476/276/191 359/353/130 342/354/129
f 610/566/413 609/565/412 638/583/430
f 626/599/62 625/1655/61 594/600/403
f 604/601/407 633/604/425 634/602/426
f 534/485/280 481/509/276 482/510/277
f 617/572/420 616/577/419 645/584/437
f 633/604/425 662/636/443 663/69/444
f 627/607/78 626/599/62 593/580/402
f 646/603/438 645/584/437 674/608/455
f 627/607/78 592/592/369 591/559/350
f 540/610/367 337/391/187 338/270/188
f 637/591/429 666/617/447 667/611/448
f 644/589/436 673/615/454 674/608/455
f 642/588/434 671/614/452 672/612/453
f 927/149/350 928/266/369 814/563/171
f 641/594/433 670/620/451 671/614/452
f 644/589/436 643/585/435 672/612/453
f 637/591/429 636/590/428 665/616/446
f 629/618/102 628/609/79 591/559/350
f 416/579/297 275/404/190 277/325/191
f 641/594/433 640/593/432 669/619/450
f 650/621/105 651/635/125 630/622/103
f 635/597/427 664/624/445 665/623/446
f 630/622/103 573/568/334 572/573/332
f 639/598/431 668/626/449 669/619/450
f 635/597/427 634/602/426 663/69/444
f 629/625/102 574/567/335 573/568/334
f 639/598/431 638/583/430 667/611/448
f 669/619/450 668/626/449 697/627/468
f 419/629/78 1185/887/369 1184/630/350
f 663/69/444 692/637/463 693/632/464
f 656/633/132 625/1655/61 626/599/62
f 667/611/448 696/643/467 697/627/468
f 651/635/125 652/1656/237 629/625/102
f 662/636/443 691/416/462 692/637/463
f 155/639/102 484/152/335 483/18/334
f 676/640/403 224/1657/155 225/466/156
f 674/608/455 703/645/474 704/638/475
f 654/641/130 627/607/78 628/609/79
f 655/634/252 626/599/62 627/607/78
f 666/617/447 695/649/466 696/643/467
f 674/608/455 673/615/454 702/644/473
f 671/614/452 700/647/471 701/646/472
f 219/405/154 220/1658/132 109/227/61
f 670/620/451 699/651/470 700/647/471
f 673/615/454 672/612/453 701/646/472
f 666/617/447 665/616/446 694/648/465
f 652/650/237 653/642/129 628/609/79
f 157/232/103 483/18/334 478/20/332
f 670/620/451 669/619/450 698/628/469
f 709/652/277 708/666/276 651/635/125
f 664/624/445 693/632/464 694/366/465
f 700/647/471 699/651/470 728/653/485
f 702/644/473 701/646/472 730/655/487
f 695/649/466 694/648/465 723/657/480
f 1052/659/189 882/1659/132 869/660/131
f 699/651/470 698/628/469 727/662/484
f 480/242/333 479/240/192 342/354/129
f 693/632/464 722/365/479 723/663/480
f 697/627/468 726/668/483 727/662/484
f 690/664/192 653/574/129 652/576/237
f 692/637/463 721/371/478 722/365/479
f 714/665/366 707/700/193 708/666/276
f 697/627/468 696/643/467 725/667/482
f 691/416/462 720/1660/477 721/371/478
f 703/645/474 732/672/489 733/669/490
f 695/649/466 724/658/481 725/667/482
f 702/644/473 731/656/488 732/672/489
f 700/647/471 729/654/486 730/655/487
f 733/669/490 732/672/489 761/673/509
f 475/274/190 360/492/252 359/353/130
f 724/658/481 753/680/501 754/675/502
f 731/656/488 760/678/508 761/673/509
f 729/654/486 758/677/506 759/676/507
f 728/653/485 757/686/505 758/677/506
f 730/655/487 759/676/507 760/678/508
f 724/658/481 723/657/480 752/679/500
f 274/681/155 249/273/77 248/274/73
f 998/682/561 1268/787/561 773/683/495
f 728/653/485 727/662/484 756/685/504
f 722/528/479 751/691/499 752/687/500
f 727/662/484 726/668/483 755/689/503
f 722/528/479 721/692/478 750/690/498
f 725/667/482 754/675/502 755/689/503
f 690/664/192 689/517/191 654/575/130
f 721/692/478 720/1661/477 749/693/497
f 535/484/366 480/1662/333 481/509/276
f 713/285/280 708/666/276 709/652/277
f 481/509/276 480/1662/333 341/424/237
f 749/693/497 778/601/515 779/694/516
f 688/696/190 687/711/189 656/531/132
f 535/241/366 536/204/281 479/240/192
f 762/674/510 761/673/509 790/697/527
f 688/696/190 655/532/252 654/575/130
f 715/294/281 690/664/192 707/551/193
f 753/680/501 782/704/519 783/698/520
f 760/678/508 789/702/526 790/697/527
f 758/677/506 787/701/524 788/699/525
f 707/700/193 652/1656/237 651/635/125
f 757/686/505 786/707/523 787/701/524
f 760/678/508 759/676/507 788/699/525
f 753/680/501 752/679/500 781/703/518
f 474/78/195 473/219/194 541/705/368
f 757/686/505 756/685/504 785/706/522
f 751/691/499 780/710/517 781/708/518
f 715/294/281 716/308/296 689/517/191
f 756/685/504 755/689/503 784/709/521
f 750/690/498 779/694/516 780/710/517
f 754/675/502 783/698/520 784/709/521
f 717/298/297 718/494/368 687/711/189
f 717/298/297 688/696/190 689/517/191
f 784/709/521 813/29/533 118/43/70
f 705/17/216 706/2/217 328/440/214
f 779/694/516 112/80/64 113/60/65
f 1050/671/332 1053/265/334 975/128/188
f 783/698/520 812/27/532 813/29/533
f 399/712/132 221/906/61 223/713/62
f 778/601/515 111/83/63 112/80/64
f 531/206/219 503/450/213 300/556/211
f 532/77/220 502/79/212 503/450/213
f 790/697/527 123/55/75 124/57/76
f 706/2/217 734/1641/491 300/716/211
f 782/704/519 115/40/67 812/27/532
f 789/702/526 122/75/74 123/55/75
f 787/701/524 120/6/72 817/74/534
f 854/717/129 420/631/79 421/718/102
f 786/707/523 119/4/71 120/6/72
f 789/702/526 788/699/525 817/74/534
f 781/703/518 114/38/66 115/40/67
f 396/720/279 397/541/280 386/502/276
f 108/109/60 116/108/68 828/721/150
f 785/706/522 118/43/70 119/4/71
f 780/710/517 113/60/65 114/62/66
f 1102/723/576 1195/1021/351 1196/724/58
f 824/234/188 942/753/58 943/726/57
f 974/727/187 960/170/172 192/171/68
f 767/729/511 1134/926/511 1013/730/512
f 117/42/69 829/119/135 828/721/150
f 826/22/152 841/751/107 840/732/106
f 827/722/151 828/721/150 843/733/109
f 838/735/297 677/314/190 710/154/191
f 358/737/125 254/789/103 255/738/104
f 777/740/405 795/903/405 772/189/422
f 829/119/135 830/11/134 845/741/126
f 828/721/150 829/119/135 844/742/110
f 1056/746/369 1057/907/370 945/747/156
f 831/749/133 846/763/127 845/741/126
f 826/22/152 827/1644/151 842/750/535
f 824/234/188 822/1663/187 941/752/351
f 841/751/107 856/755/86 855/754/87
f 842/750/535 857/779/298 856/755/86
f 844/742/110 845/741/126 860/756/537
f 842/734/535 843/733/109 858/758/84
f 1061/760/366 793/797/333 802/761/276
f 846/763/127 861/807/81 860/756/537
f 398/714/154 223/713/62 250/764/78
f 736/766/476 719/855/476 1758/767/591
f 1187/769/403 1072/1664/155 1086/770/156
f 1054/772/367 1055/791/350 960/773/172
f 843/733/109 844/742/110 859/757/83
f 710/154/191 218/155/130 213/87/129
f 856/755/86 871/780/261 870/776/260
f 858/777/84 859/778/83 874/224/53
f 860/466/537 875/196/542 874/224/53
f 857/779/298 872/792/541 871/780/261
f 816/87/172 814/155/171 160/154/69
f 858/777/84 873/226/1 872/126/541
f 997/684/554 1015/930/566 1170/782/566
f 861/786/81 876/795/59 875/196/542
f 997/684/554 925/783/554 924/787/553
f 875/196/542 890/197/545 889/433/255
f 369/788/128 253/829/102 254/789/103
f 253/790/102 252/805/79 1055/791/350
f 872/792/541 887/804/257 886/793/258
f 873/226/1 888/125/256 887/127/257
f 874/224/53 889/433/255 888/125/256
f 870/776/260 871/780/261 886/793/258
f 876/795/59 891/195/253 890/197/545
f 836/736/296 710/154/191 792/775/192
f 793/797/333 212/183/128 194/184/125
f 793/88/333 792/775/192 213/87/129
f 889/433/255 890/197/545 905/279/221
f 914/801/335 822/1663/187 824/234/188
f 891/195/253 906/278/236 905/279/221
f 888/125/256 903/214/219 902/259/218
f 885/794/259 886/793/258 901/802/217
f 802/761/276 194/184/125 193/174/105
f 833/762/280 802/761/276 815/785/277
f 889/433/255 904/800/220 903/214/219
f 887/804/257 902/1665/218 901/802/217
f 395/765/130 250/764/78 252/805/79
f 906/807/236 921/823/194 920/808/195
f 903/810/219 918/820/213 917/811/211
f 900/803/216 901/802/217 916/813/214
f 444/313/189 220/1648/132 219/153/154
f 847/815/368 444/313/189 677/314/190
f 1101/816/172 1087/857/171 850/817/69
f 903/810/219 904/822/220 919/819/212
f 901/802/217 902/1665/218 917/821/211
f 904/822/220 905/809/221 920/808/195
f 921/823/194 936/1654/368 416/579/297
f 918/820/213 400/464/281 932/488/366
f 916/813/214 397/541/280 396/720/279
f 974/824/187 1068/923/60 1069/825/58
f 254/789/103 1053/265/334 1050/671/332
f 919/819/212 415/462/296 400/464/281
f 835/796/281 792/775/192 793/88/333
f 917/821/211 932/540/366 397/541/280
f 920/808/195 416/579/297 415/462/296
f 852/253/125 834/252/103 839/799/104
f 159/775/68 160/154/69 949/736/135
f 394/806/129 252/805/79 253/790/102
f 942/753/58 957/832/152 958/828/153
f 253/829/102 1054/264/367 1053/265/334
f 1181/830/296 934/169/191 935/171/192
f 222/314/73 950/735/134 949/736/135
f 250/764/78 1056/746/369 1055/791/350
f 941/752/351 956/1666/151 957/832/152
f 421/718/102 420/631/79 1184/630/350
f 941/88/351 159/775/68 948/796/150
f 223/713/62 1057/907/370 1056/746/369
f 1746/834/695 1111/845/543 1110/835/551
f 222/314/73 251/313/77 951/815/133
f 948/796/150 949/736/135 964/838/110
f 661/840/442 660/1099/442 680/841/458
f 950/735/134 965/850/126 964/838/110
f 957/832/152 956/1666/151 971/842/535
f 683/160/459 682/159/459 678/841/457
f 1181/830/296 967/893/297 933/72/190
f 948/796/150 963/839/109 971/844/535
f 957/832/152 972/843/107 973/837/106
f 1133/836/547 1281/835/547 1276/845/539
f 1774/846/460 883/1012/460 1274/847/476
f 950/735/134 951/815/133 966/849/127
f 964/838/110 965/850/126 980/851/82
f 971/842/535 986/884/85 987/853/86
f 963/839/109 964/838/110 979/852/83
f 1782/768/579 737/767/493 686/855/461
f 963/839/109 978/854/84 986/856/85
f 1087/857/171 1086/660/156 947/858/73
f 1055/791/350 1056/746/369 959/748/171
f 965/850/126 966/849/127 981/859/81
f 1182/860/334 1116/725/188 1117/744/210
f 954/863/280 940/886/276 946/864/277
f 972/843/107 987/853/86 988/862/87
f 878/866/543 880/1016/543 923/867/551
f 980/869/82 981/1667/81 996/870/59
f 934/169/191 933/72/190 398/73/154
f 979/873/83 994/881/53 993/874/560
f 986/876/85 978/875/84 993/874/560
f 988/862/87 987/853/86 1002/878/261
f 1183/880/335 1102/723/576 1116/725/188
f 979/873/83 980/869/82 995/871/542
f 869/882/131 418/928/62 419/629/78
f 986/884/85 1001/894/541 1002/878/261
f 996/870/59 1011/908/253 1010/885/545
f 940/886/276 938/1668/333 369/788/128
f 994/881/53 1009/891/255 1008/64/256
f 1185/887/369 1087/910/171 1101/888/172
f 993/874/560 1008/64/256 1016/139/492
f 1002/878/261 1017/895/258 1018/889/259
f 955/890/366 938/1668/333 940/886/276
f 995/871/542 1010/885/545 1009/891/255
f 968/892/368 931/933/189 933/72/190
f 1001/894/541 1016/1669/492 1017/895/258
f 1183/833/335 1184/630/350 1101/888/172
f 1009/891/255 1024/901/220 1023/65/219
f 938/519/333 935/171/192 394/170/129
f 1008/64/256 1023/65/219 1031/138/218
f 1018/889/259 1017/895/258 1032/899/217
f 1009/891/255 1010/885/545 1025/405/568
f 806/902/50 796/740/385 797/903/385
f 1017/895/258 1016/1669/492 1031/905/218
f 221/906/61 1058/921/403 1057/907/370
f 1011/908/253 1026/1670/236 1025/405/568
f 1023/854/219 1024/913/220 1039/838/212
f 1186/771/402 1086/770/156 1087/910/171
f 1023/854/219 1038/909/213 1046/911/571
f 1032/899/217 1047/917/214 1048/912/215
f 736/766/476 685/160/460 684/159/460
f 1025/851/568 1040/920/195 1039/838/212
f 1754/914/561 1752/768/591 1758/767/591
f 1032/899/217 1031/905/218 1046/916/571
f 806/902/50 863/904/50 862/918/496
f 1025/851/568 1026/859/236 1041/849/194
f 933/72/190 931/933/189 399/71/132
f 1038/909/213 1039/838/212 836/736/296
f 1038/909/213 835/796/281 1061/826/366
f 1047/917/214 833/762/280 832/784/279
f 1040/920/195 838/735/297 836/736/296
f 940/886/276 358/737/125 357/739/105
f 1046/916/571 1061/760/366 833/762/280
f 1058/921/403 944/1671/155 945/747/156
f 1041/849/194 847/815/368 838/735/297
f 1117/744/210 1116/725/188 1196/724/58
f 272/169/69 1076/929/135 1075/831/150
f 1068/923/60 1083/947/151 1084/924/152
f 909/925/540 1139/1019/540 1134/926/511
f 192/171/68 1075/831/150 1083/518/151
f 882/927/132 417/945/61 418/928/62
f 272/169/69 818/72/73 1077/893/134
f 1069/825/58 1084/924/152 1085/922/153
f 834/252/103 1182/860/334 1180/861/332
f 739/684/495 773/683/495 999/782/562
f 1118/931/494 738/1029/494 879/932/544
f 823/933/77 1078/892/133 1077/893/134
f 1307/934/281 1088/985/296 1060/935/191
f 1076/929/135 1077/893/134 1092/937/126
f 1077/893/134 1078/892/133 1093/939/127
f 1075/831/150 1090/944/109 1098/940/108
f 1062/936/192 854/816/129 853/941/128
f 1084/924/152 1099/948/107 1100/943/106
f 1076/929/135 1091/938/110 1090/944/109
f 417/945/61 1187/769/403 1186/771/402
f 1065/946/276 1063/1672/333 853/251/128
f 1083/947/151 1098/1673/108 1099/948/107
f 1036/682/553 924/787/553 881/949/493
f 1099/948/107 1098/1673/108 1113/952/298
f 1780/914/553 1748/915/553 737/767/493
f 740/731/496 741/730/496 1042/926/529
f 992/954/559 1028/971/559 1259/955/566
f 1091/938/110 1092/937/126 1107/957/578
f 1307/934/281 1062/936/192 1063/942/333
f 1092/937/126 1093/939/127 1108/960/81
f 1090/944/109 1091/938/110 1106/958/83
f 1090/944/109 1105/961/84 1113/962/298
f 1099/948/107 1114/953/86 1115/951/87
f 1299/846/459 892/1015/459 744/963/457
f 1744/965/552 1027/1027/552 1111/845/543
f 1106/966/83 1107/747/578 1122/967/542
f 1114/953/86 1129/975/261 1130/969/260
f 799/919/512 804/918/512 803/970/315
f 910/868/551 923/867/551 1028/971/559
f 1108/972/81 1123/1674/59 1122/967/542
f 1080/973/280 1065/946/276 1066/897/277
f 1106/966/83 1121/968/53 1120/791/1
f 1113/952/298 1128/986/278 1129/975/261
f 1113/976/298 1105/974/84 1120/791/1
f 421/978/102 1183/880/335 1182/860/334
f 1122/967/542 1137/983/254 1136/764/255
f 1129/975/261 1144/987/258 1145/979/259
f 1169/956/566 1259/955/566 1750/980/554
f 1062/936/192 1060/935/191 867/857/130
f 1122/967/542 1123/1674/59 1138/982/253
f 1089/984/297 1059/661/190 1060/935/191
f 1121/968/53 1136/764/255 1135/805/256
f 1128/986/278 1143/992/492 1144/987/258
f 1120/791/1 1135/805/256 1143/988/492
f 1126/950/579 881/949/493 893/847/461
f 1144/987/258 1159/993/217 1160/989/216
f 1261/981/495 1296/980/495 1140/955/562
f 1754/914/561 1756/915/561 1296/980/495
f 1137/983/254 1138/982/253 1153/712/236
f 1149/53/570 1157/52/570 1156/932/548
f 1136/764/255 1151/995/220 1150/991/219
f 1143/992/492 1158/1002/491 1159/993/217
f 1143/988/492 1135/805/256 1150/991/219
f 800/902/315 803/970/315 795/903/405
f 418/928/62 1186/771/402 1185/887/369
f 1137/983/254 1152/990/582 1151/995/220
f 1160/989/216 1159/993/217 1174/996/214
f 1065/946/276 852/253/125 851/798/105
f 1780/914/553 1297/981/554 1750/980/554
f 1153/960/236 1168/939/194 1167/998/195
f 1155/848/476 1274/847/476 1269/949/591
f 1151/1000/220 1166/1007/212 1165/1001/213
f 1158/1002/491 1173/1009/211 1174/996/214
f 1150/961/219 1165/1001/213 1173/1003/211
f 1089/984/297 1094/1675/368 1052/659/189
f 659/1005/440 658/1104/441 657/815/441
f 1152/999/582 1167/998/195 1166/1007/212
f 1081/1008/574 1063/1672/333 1065/946/276
f 1059/661/190 869/660/131 867/857/130
f 1109/956/562 1140/955/562 1014/971/565
f 1167/998/195 1168/939/194 968/892/368
f 867/883/130 419/629/78 420/631/79
f 1166/1007/212 1181/830/296 961/831/281
f 1173/1009/211 955/890/366 954/863/280
f 1165/1001/213 961/831/281 955/518/366
f 711/766/461 686/855/461 682/159/459
f 1167/998/195 967/893/297 1181/830/296
f 1175/997/215 1174/996/214 954/863/280
f 1101/816/172 336/818/68 1195/1010/351
f 1072/1011/155 952/1023/77 947/858/73
f 1772/964/458 742/963/458 883/1012/460
f 1148/950/581 1269/949/591 1268/787/561
f 771/190/513 772/189/422 766/1013/424
f 850/817/69 1203/1025/135 1202/1014/150
f 1299/846/459 1298/848/461 893/847/461
f 895/868/547 898/867/547 866/1016/539
f 336/818/68 1202/1014/150 1210/1017/151
f 909/925/540 908/1056/550 1141/1018/550
f 895/868/547 1021/954/565 1014/971/565
f 1196/724/58 1211/1022/152 1212/1020/153
f 1195/1021/351 1210/1676/151 1211/1022/152
f 952/1023/77 1205/1032/133 1204/1024/134
f 947/858/73 1204/1024/134 1203/1025/135
f 1006/1026/563 1283/1031/563 1027/1027/552
f 774/190/514 776/189/406 797/903/385
f 1112/1028/531 805/1077/531 738/1029/494
f 1006/1026/563 896/1046/548 1284/1030/548
f 1205/1032/133 1220/1677/127 1219/1033/126
f 1211/1022/152 1226/1038/107 1227/1034/106
f 1029/965/531 1043/1027/531 1172/1035/494
f 1202/1014/150 1217/1040/109 1225/1036/108
f 1211/1022/152 1210/1676/151 1225/1037/108
f 1204/1024/134 1219/1033/126 1218/1039/110
f 1203/1025/135 1218/1039/110 1217/1040/109
f 991/834/558 1276/845/539 1043/1027/531
f 1044/1041/569 1125/53/564 1012/52/564
f 1217/1040/109 1232/1050/84 1240/1043/85
f 1226/1038/107 1241/1054/86 1242/1044/87
f 1254/1045/570 1045/1067/570 1284/1030/548
f 1291/1028/552 922/1077/552 880/1016/543
f 1219/1033/126 1220/1677/127 1235/1047/81
f 1218/1039/110 1219/1033/126 1234/1048/578
f 1217/1040/109 1218/1039/110 1233/1049/83
f 1776/1051/569 1163/1055/569 985/1052/550
f 1225/1037/108 1240/1065/85 1241/1054/86
f 1234/770/578 1249/771/542 1248/887/53
f 1119/1053/546 865/1052/538 1051/1055/557
f 1044/1041/569 1142/1042/569 1141/1018/550
f 747/1057/439 748/1078/439 770/1013/423
f 864/1058/529 807/919/496 862/918/496
f 1232/1060/84 1233/910/83 1248/887/53
f 1235/1061/81 1250/1069/59 1249/771/542
f 1240/1062/85 1232/1060/84 1247/630/1
f 794/1058/511 775/1073/511 804/918/512
f 1240/1065/85 1255/1074/541 1256/1066/261
f 1241/1054/86 1256/1066/261 1257/1064/260
f 1254/1045/570 1253/1051/557 1051/1055/557
f 1164/1045/564 1764/1084/564 1163/1055/569
f 765/188/424 766/1013/424 746/1068/442
f 894/1056/546 907/1018/538 984/1042/557
f 1248/887/53 1263/1076/255 1262/631/256
f 1250/1069/59 1265/1678/253 1264/1070/254
f 1255/1063/541 1247/630/1 1262/631/256
f 877/1072/540 868/1080/540 775/1073/511
f 1255/1074/541 1270/1679/492 1271/1075/258
f 1256/1066/261 1271/1075/258 1272/1071/259
f 1249/771/542 1264/1070/254 1263/1076/255
f 1291/1028/552 1289/931/563 1000/1029/563
f 747/1057/439 743/964/457 744/963/457
f 1112/1028/531 1022/866/539 866/1016/539
f 1263/1076/255 1278/1083/220 1277/717/219
f 1264/1070/254 1265/1678/253 1280/927/236
f 1262/631/256 1277/717/219 1285/719/218
f 864/1058/529 798/1059/529 801/1080/530
f 1271/1075/258 1270/1679/492 1285/1081/218
f 1271/1075/258 1286/1082/217 1287/1079/216
f 1264/1070/254 1279/882/582 1278/1083/220
f 1762/1046/544 1770/1030/544 1764/1084/564
f 745/1057/442 746/1068/442 742/963/458
f 1030/1072/530 801/1080/530 865/1052/538
f 1277/1085/219 1278/1095/220 1293/1086/212
f 1279/1088/582 1280/1680/236 1295/1089/194
f 1285/1043/218 1277/1085/219 1292/1087/213
f 1778/1053/712 985/1052/550 868/1080/540
f 1286/1082/217 1285/1081/218 1300/1093/211
f 1286/1082/217 1301/1094/214 1302/1092/215
f 1278/1095/220 1279/1088/582 1294/1090/195
f 1760/1026/494 1172/1035/494 1770/1030/544
f 913/925/530 1037/1019/530 907/1018/538
f 1127/1096/565 1282/1097/565 1281/835/547
f 1292/1087/213 1293/1086/212 1088/985/296
f 1295/1089/194 1094/1675/368 1089/984/297
f 1292/1087/213 1307/934/281 1081/959/574
f 913/925/530 911/729/529 1042/926/529
f 1267/1096/559 1171/1098/559 1170/782/566
f 1301/1094/214 1300/1093/211 1081/1008/574
f 1302/1092/215 1301/1094/214 1080/973/280
f 1294/1090/195 1089/984/297 1088/985/296
f 1154/51/548 1156/932/548 1000/1029/563
f 1007/930/562 999/782/562 1282/1097/565
f 1267/1096/559 1266/836/551 1110/835/551
f 983/1041/557 984/1042/557 1157/52/570
f 679/158/457 678/841/457 647/1099/439
f 632/1100/424 624/1101/424 660/1099/442
f 623/1100/423 648/840/439 647/1099/439
f 632/1100/424 621/1105/422 620/1102/422
f 619/1103/421 618/1150/421 657/815/441
f 623/1100/423 622/1101/423 600/1102/406
f 599/1106/405 598/1110/405 620/1102/422
f 597/1107/401 596/1333/404 595/1108/404
f 603/1105/406 600/1102/406 562/1110/385
f 542/1111/331 477/1373/331 457/1112/316
f 599/1106/405 456/1118/315 455/1114/315
f 447/1115/51 446/1143/314 98/1116/52
f 589/1106/385 562/1110/385 95/1114/50
f 768/731/512 1013/730/512 455/1114/315
f 96/1118/50 95/1114/50 741/730/496
f 93/1119/49 92/1123/49 91/1120/48
f 93/1119/49 90/1681/47 89/1122/47
f 447/1115/51 97/1117/51 87/1124/46
f 86/1126/44 85/1178/45 84/1127/45
f 82/1129/42 81/1371/43 80/1130/43
f 77/1132/41 76/1682/41 75/1133/40
f 73/1135/39 72/1339/39 71/1136/38
f 94/1138/48 91/1683/48 69/1139/37
f 68/1141/36 544/1113/316 457/1112/316
f 446/1143/314 74/1137/38 71/1136/38
f 65/1144/35 64/1313/35 63/1145/34
f 61/1147/33 60/1133/33 59/1148/32
f 58/1104/31 57/815/31 89/1150/47
f 55/1152/30 54/1158/30 53/1153/29
f 52/1155/27 51/1162/28 50/1156/28
f 55/1152/30 88/1125/46 87/1124/46
f 48/1159/25 47/1219/26 46/1160/26
f 86/1126/44 83/1128/44 50/1156/28
f 44/1163/24 43/1326/24 76/1164/41
f 42/1166/23 68/1141/36 67/1142/36
f 39/1168/22 38/1177/22 37/1169/21
f 36/1171/19 35/1684/20 34/1172/20
f 31/1174/18 30/1512/18 29/1175/17
f 66/1146/34 63/1145/34 38/1177/22
f 85/1178/45 40/1170/21 37/1169/21
f 35/1179/20 78/1134/40 75/1133/40
f 28/1181/16 32/1176/17 29/1175/17
f 36/1171/19 33/1173/19 25/1183/15
f 24/1185/13 23/1321/14 22/1186/14
f 20/1188/11 19/1530/12 18/1189/12
f 15/1191/10 14/1198/10 13/1192/9
f 12/1194/6 11/1210/8 10/1195/7
f 8/1197/5 7/1276/5 14/1198/10
f 62/1199/32 59/1511/32 5/1200/4
f 12/1194/6 9/1196/6 3/1202/3
f 1785/1204/717 1786/1314/717 1787/1205/716
f 20/1207/11 17/1685/11 1789/1208/718
f 11/1210/8 1790/1215/719 1791/1211/719
f 16/1193/9 13/1192/9 18/1212/12
f 1792/1214/720 1793/1223/720 1791/1211/719
f 1795/1216/722 1796/1228/722 1797/1217/721
f 24/1185/13 21/1187/13 46/1160/26
f 1798/1220/723 1788/1209/718 1789/1208/718
f 1800/1222/724 1801/1231/724 1793/1223/720
f 1803/1188/726 1804/1190/726 1805/1189/725
f 1806/1225/727 1807/1230/728 1808/1226/728
f 1798/1220/723 1799/1221/723 1796/1228/722
f 1810/1229/729 1811/1240/729 1808/1226/728
f 1806/1225/727 1809/1227/727 1801/1231/724
f 1812/1232/730 1813/1239/731 1814/1233/731
f 1803/1235/726 1816/1257/733 1817/1236/733
f 1818/1238/734 1819/1256/734 1814/1233/731
f 1810/1229/729 1812/1232/730 1815/1234/732
f 1820/1241/735 1821/1553/736 1822/1242/737
f 1824/1244/738 1825/1686/739 1826/1245/740
f 1829/1247/743 1830/1284/743 1831/1248/742
f 1832/1250/744 1833/1285/745 1834/1251/745
f 1825/1253/739 1836/1300/746 1837/494/747
f 1838/1255/748 1839/1268/748 1819/1256/734
f 1794/1218/721 1797/1217/721 1817/1236/733
f 1840/1258/749 1841/1300/750 1842/494/750
f 1845/1260/752 1846/1296/752 1847/1261/751
f 1848/1263/753 1849/1303/754 1850/1264/754
f 1852/1266/755 4/1203/3 3/1202/3
f 1838/1255/748 1852/1266/755 1853/1267/755
f 1855/1269/757 1856/1306/758 1857/1270/756
f 1858/1272/759 1859/1304/760 1860/1273/760
f 8/1197/5 1862/1286/761 1863/1275/761
f 1832/1250/744 1835/1252/744 1865/1277/762
f 1802/1279/725 1805/1687/725 1867/1280/763
f 1821/1282/736 1824/1244/738 1827/1246/741
f 1858/1272/759 1861/1274/759 1830/1284/743
f 1833/1285/745 1828/1249/742 1831/1248/742
f 1866/1281/763 1867/1280/763 1863/1275/761
f 1868/1287/764 1864/1278/762 1865/1277/762
f 1870/1289/765 1871/1688/766 1872/1290/766
f 1871/1292/766 1874/1565/768 1875/1293/768
f 1845/1260/752 1876/1315/769 1877/1295/769
f 1878/1297/770 1879/1302/770 1875/1298/768
f 1854/1253/756 1857/1254/756 1842/494/750
f 1840/1301/749 1843/1689/749 1879/1302/770
f 1849/1303/754 1844/1262/751 1847/1261/751
f 1848/1263/753 1851/1265/753 1860/1273/760
f 1820/1305/735 1823/1690/735 1856/1306/758
f 1880/1307/771 1881/1259/771 1837/494/747
f 1870/1289/765 1873/1291/767 1881/1308/771
f 1868/1287/764 1869/1288/764 1883/1310/772
f 61/1147/33 28/1521/16 27/1312/16
f 1784/1206/716 1787/1205/716 64/1313/35
f 48/1159/25 45/1161/25 1786/1314/717
f 1882/1311/772 1883/1310/772 1877/1295/769
f 6/1201/4 5/1200/4 1885/1316/773
f 26/1318/15 25/1323/15 30/1319/18
f 52/1155/27 49/1157/27 22/1186/14
f 1884/1322/773 1885/1319/773 1887/1323/774
f 44/1163/24 1886/1691/774 1887/1325/774
f 1888/1327/775 1889/1331/775 618/1328/421
f 70/1330/37 69/1692/37 1889/1331/775
f 1890/1332/776 1891/1335/777 595/1108/404
f 1890/1332/776 1892/1347/778 1893/1334/778
f 1894/1336/779 1895/1349/780 1896/1337/780
f 73/1135/39 597/1107/401 590/1109/401
f 1894/1340/779 1897/1693/779 1899/1341/781
f 1900/1343/782 1898/1694/781 1899/1344/781
f 1902/1346/783 1903/1351/783 1893/1334/778
f 659/1348/440 649/1695/440 1896/1337/780
f 1904/1005/784 1905/1696/784 57/815/31
f 1902/1346/783 1906/1355/785 1907/1350/786
f 1904/1352/784 1900/1343/782 1901/1345/782
f 1908/1354/787 1909/1356/787 1907/1350/786
f 56/1154/29 53/1153/29 1909/1356/787
f 1911/1357/789 1912/1459/789 1913/1358/788
f 1914/1360/790 1915/1374/791 1916/892/791
f 1919/1362/793 1920/1592/793 1921/1363/792
f 82/1365/42 79/1400/42 1920/1366/793
f 1923/1368/795 1924/1380/795 1925/1369/794
f 81/1371/43 1914/1697/790 1917/1372/790
f 1922/1370/794 1925/1369/794 477/1373/331
f 1926/1374/796 1927/1360/797 1928/1361/797
f 1930/1375/798 1931/1392/799 1932/1376/799
f 1918/1364/792 1921/1363/792 1928/1378/797
f 1930/1375/798 1933/1377/798 1924/1380/795
f 1934/1381/800 1935/1405/801 1936/1382/801
f 1938/1384/802 1939/1698/803 1940/1385/803
f 1926/1374/796 1929/892/796 1940/1387/803
f 1942/1389/804 1943/1399/805 1944/1390/805
f 1942/1389/804 1945/1391/804 1932/1376/799
f 1947/1393/807 1948/1404/807 1949/1394/806
f 1950/1396/808 1951/1407/809 1952/1397/809
f 1934/1381/800 1937/1383/800 1944/1390/805
f 1955/1367/811 1956/1366/811 1957/1400/810
f 1938/1384/802 1941/1386/802 1956/1401/811
f 1950/1403/808 1953/1387/808 1916/892/791
f 42/1166/23 41/1167/23 1948/1404/807
f 1946/1395/806 1949/1394/806 1936/1382/801
f 1954/1406/810 1957/1699/810 1952/1397/809
f 1958/1408/812 1959/1439/813 1960/1409/813
f 1962/1411/814 1910/1359/788 1913/1358/788
f 1964/1413/815 1965/1417/816 1966/1414/816
f 1968/1416/817 1969/1429/817 1966/1414/816
f 1970/1418/818 1971/1436/819 1972/1419/819
f 1975/1421/821 1976/1438/821 1977/1422/820
f 1978/1424/822 1979/1613/823 1980/1425/823
f 1962/1411/814 1963/1412/814 1980/1427/823
f 1958/1408/812 1961/1410/812 1969/1429/817
f 1982/1430/824 1983/1448/825 1984/1431/825
f 1986/1433/826 1987/1447/827 1988/1434/827
f 1986/1433/826 1989/1435/826 1972/1419/819
f 1978/1437/822 1981/1610/822 1976/1438/821
f 1970/1418/818 1973/1420/818 1960/1409/813
f 1990/1440/828 1991/1455/829 1992/1441/829
f 1995/1443/831 1996/1446/831 1997/1444/830
f 1982/1430/824 1985/1432/824 1996/1446/831
f 1987/1447/827 1990/1440/828 1993/1442/828
f 1974/1423/820 1977/1422/820 1984/1431/825
f 1999/1449/833 2000/1700/833 2001/1450/832
f 2002/1452/834 2003/1462/835 2004/1453/835
f 2002/1452/834 2005/1454/834 1992/1441/829
f 1999/1456/833 1994/1623/830 1997/1426/830
f 1911/1357/789 2006/1463/836 2007/1458/836
f 2008/1460/837 1964/1413/815 1967/1415/815
f 2003/1462/835 2008/1460/837 2009/1461/837
f 2006/1463/836 1998/1451/832 2001/1450/832
f 1213/970/2 1304/918/2 1246/1073/2
f 1246/1073/2 1237/1080/2 1224/1052/2
f 1224/1052/2 1216/1055/2 1207/1084/2
f 1207/1084/2 1194/1030/2 1189/1035/2
f 1189/1035/2 1161/1027/2 1103/845/2
f 1103/845/2 1071/835/2 1035/1097/2
f 1035/1097/2 1005/782/2 976/683/2
f 976/683/2 939/787/2 884/949/2
f 884/949/2 2/847/2 1318/1012/2
f 1318/1012/2 1314/963/2 1310/1068/2
f 1310/1068/2 1303/1013/2 1273/189/2
f 1273/189/2 1243/903/2 1213/970/2
f 1213/970/2 1246/1073/2 1224/1052/2
f 1224/1052/2 1207/1084/2 1189/1035/2
f 1189/1035/2 1103/845/2 1035/1097/2
f 1035/1097/2 976/683/2 884/949/2
f 884/949/2 1318/1012/2 1310/1068/2
f 1310/1068/2 1273/189/2 1213/970/2
f 1213/970/2 1224/1052/2 1189/1035/2
f 1189/1035/2 1035/1097/2 884/949/2
f 884/949/2 1310/1068/2 1213/970/2
f 1251/1480/580 1238/1485/573 1244/1481/573
f 1193/1483/585 1251/1480/580 1306/1482/580
f 1231/1080/55 1239/1059/55 1252/918/55
f 1252/918/55 1198/904/55 1228/903/55
f 1228/903/55 1258/189/55 1288/1013/55
f 1288/1013/55 1308/1078/55 1312/963/55
f 1312/963/55 1316/1015/55 1320/847/55
f 1320/847/55 101/949/55 926/787/55
f 926/787/55 969/783/55 990/782/55
f 990/782/55 1020/1098/55 1064/835/55
f 1064/835/55 1096/845/55 1132/1027/55
f 1132/1027/55 1179/1031/55 1191/1030/55
f 1191/1030/55 1201/1067/55 1209/1055/55
f 1209/1055/55 1222/1052/55 1231/1080/55
f 1231/1080/55 1252/918/55 1228/903/55
f 1228/903/55 1288/1013/55 1312/963/55
f 1312/963/55 1320/847/55 926/787/55
f 926/787/55 990/782/55 1064/835/55
f 1064/835/55 1132/1027/55 1191/1030/55
f 1191/1030/55 1209/1055/55 1231/1080/55
f 1231/1080/55 1228/903/55 1312/963/55
f 1312/963/55 926/787/55 1064/835/55
f 1064/835/55 1191/1030/55 1231/1080/55
f 1238/1485/573 1229/1487/536 1236/1486/536
f 1229/1487/536 1221/1489/589 1223/1488/589
f 1221/1489/589 1208/1487/587 1214/1486/587
f 1208/1487/587 1199/1485/586 1206/1481/586
f 1199/1485/586 1190/1480/584 1192/1482/584
f 1190/1480/584 1176/1483/583 1188/1484/583
f 1176/1483/583 1104/1491/577 1147/1490/577
f 1104/1491/577 1095/1493/575 1097/1492/575
f 1095/1489/575 1049/1487/572 1067/1486/572
f 1049/1487/572 1019/1485/567 1034/1481/567
f 1019/1485/567 982/1480/556 1004/1482/556
f 982/1480/556 962/1483/555 970/1484/555
f 962/1483/555 897/1491/549 937/1490/549
f 897/1491/549 100/1493/54 102/1492/54
f 100/1493/54 1319/1491/596 1321/1490/596
f 1319/1491/596 1315/1483/595 1317/1484/595
f 1315/1483/595 1311/1480/594 1313/1482/594
f 1311/1480/594 1305/1485/593 1309/1481/593
f 1305/1485/593 1275/1487/592 1290/1486/592
f 1275/1487/592 1245/1489/590 1260/1488/590
f 1245/1493/590 1215/1491/588 1230/1490/588
f 1215/1491/588 1193/1483/585 1200/1484/585
f 1368/915/2 1372/767/2 1376/855/2
f 1376/855/2 1380/159/2 1384/841/2
f 1384/841/2 1388/1099/2 1392/1101/2
f 1392/1101/2 1396/1102/2 1400/1110/2
f 1400/1110/2 1404/1114/2 1178/730/2
f 1178/730/2 1131/926/2 977/1019/2
f 977/1019/2 1324/1018/2 1328/1042/2
f 1328/1042/2 1332/52/2 1336/932/2
f 1336/932/2 1340/1029/2 1344/1077/2
f 1344/1077/2 1348/1016/2 1352/867/2
f 1352/867/2 1356/971/2 1360/955/2
f 1360/955/2 1364/980/2 1368/915/2
f 1368/915/2 1376/855/2 1384/841/2
f 1384/841/2 1392/1101/2 1400/1110/2
f 1400/1110/2 1178/730/2 977/1019/2
f 977/1019/2 1328/1042/2 1336/932/2
f 1336/932/2 1344/1077/2 1352/867/2
f 1352/867/2 1360/955/2 1368/915/2
f 1368/915/2 1384/841/2 1400/1110/2
f 1400/1110/2 977/1019/2 1336/932/2
f 1336/932/2 1352/867/2 1368/915/2
f 1146/1494/580 1073/1499/573 1082/1495/573
f 1407/1497/585 1146/1494/580 1177/1496/580
f 1350/1016/55 1346/1077/55 1342/1029/55
f 1342/1029/55 1338/932/55 1334/52/55
f 1334/52/55 1330/1042/55 1326/1018/55
f 1326/1018/55 1322/1019/55 1074/926/55
f 1074/926/55 1162/730/55 1406/1114/55
f 1406/1114/55 1402/1110/55 1398/1102/55
f 1398/1102/55 1394/1101/55 1390/1099/55
f 1390/1099/55 1386/841/55 1382/159/55
f 1382/159/55 1378/855/55 1374/767/55
f 1374/767/55 1370/915/55 1366/980/55
f 1366/980/55 1362/955/55 1358/971/55
f 1358/971/55 1354/867/55 1350/1016/55
f 1350/1016/55 1342/1029/55 1334/52/55
f 1334/52/55 1326/1018/55 1074/926/55
f 1074/926/55 1406/1114/55 1398/1102/55
f 1398/1102/55 1390/1099/55 1382/159/55
f 1382/159/55 1374/767/55 1366/980/55
f 1366/980/55 1358/971/55 1350/1016/55
f 1350/1016/55 1334/52/55 1074/926/55
f 1074/926/55 1398/1102/55 1382/159/55
f 1382/159/55 1366/980/55 1350/1016/55
f 1073/1499/573 1323/1501/536 849/1500/536
f 1323/1501/536 1327/1503/589 1325/1502/589
f 1327/1503/589 1331/1501/587 1329/1500/587
f 1331/1501/587 1335/1499/586 1333/1495/586
f 1335/1499/586 1339/1494/584 1337/1496/584
f 1339/1494/584 1343/1497/583 1341/1498/583
f 1343/1497/583 1347/1505/577 1345/1504/577
f 1347/1505/577 1351/1507/575 1349/1506/575
f 1351/1503/575 1355/1501/572 1353/1500/572
f 1355/1501/572 1359/1499/567 1357/1495/567
f 1359/1499/567 1363/1494/556 1361/1496/556
f 1363/1494/556 1367/1497/555 1365/1498/555
f 1367/1497/555 1371/1505/549 1369/1504/549
f 1371/1505/549 1375/1507/54 1373/1506/54
f 1375/1507/54 1379/1505/596 1377/1504/596
f 1379/1505/596 1383/1497/595 1381/1498/595
f 1383/1497/595 1387/1494/594 1385/1496/594
f 1387/1494/594 1391/1499/593 1389/1495/593
f 1391/1499/593 1395/1501/592 1393/1500/592
f 1395/1501/592 1399/1503/590 1397/1502/590
f 1399/1507/590 1403/1505/588 1401/1504/588
f 1403/1505/588 1407/1497/585 1405/1498/585
f 1560/1156/55 1568/1128/55 1572/1127/55
f 1572/1127/55 1408/1169/55 1412/1177/55
f 1412/1177/55 1416/1145/55 1420/1313/55
f 1420/1313/55 1424/1205/55 1428/1314/55
f 1428/1314/55 1446/1161/55 1460/1160/55
f 1460/1160/55 1464/1187/55 1480/1186/55
f 1480/1186/55 1504/1157/55 1560/1156/55
f 1560/1156/55 1572/1127/55 1412/1177/55
f 1412/1177/55 1420/1313/55 1428/1314/55
f 1428/1314/55 1460/1160/55 1480/1186/55
f 1480/1186/55 1560/1156/55 1412/1177/55
f 1413/1508/598 1409/1510/597 1411/1179/597
f 1409/1510/597 1573/1571/650 1575/1134/650
f 1566/1326/2 1552/1325/2 1494/1316/2
f 1494/1316/2 1478/1200/2 1462/1511/2
f 1462/1511/2 1458/1701/2 1444/1182/2
f 1444/1182/2 1426/1175/2 1422/1512/2
f 1422/1512/2 1418/1183/2 1414/1173/2
f 1414/1173/2 1410/1172/2 1574/1513/2
f 1574/1513/2 1570/1164/2 1566/1326/2
f 1566/1326/2 1494/1316/2 1462/1511/2
f 1462/1511/2 1444/1182/2 1422/1512/2
f 1422/1512/2 1414/1173/2 1574/1513/2
f 1574/1513/2 1566/1326/2 1462/1511/2
f 1417/1514/599 1413/1546/598 1415/1515/598
f 1421/1516/600 1417/1514/599 1419/1318/599
f 1425/1517/601 1421/1516/600 1423/1320/600
f 1429/1519/602 1425/1508/601 1427/1520/601
f 1447/1522/608 1429/1519/602 1445/1521/602
f 1500/1202/55 1430/1196/55 1434/1195/55
f 1434/1195/55 1438/1211/55 1442/1223/55
f 1442/1223/55 1450/1231/55 1454/1227/55
f 1454/1227/55 1466/1226/55 1470/1240/55
f 1470/1240/55 1474/1234/55 1482/1233/55
f 1482/1233/55 1486/1256/55 1490/1268/55
f 1490/1268/55 1496/1267/55 1500/1202/55
f 1500/1202/55 1434/1195/55 1442/1223/55
f 1442/1223/55 1454/1227/55 1470/1240/55
f 1470/1240/55 1482/1233/55 1490/1268/55
f 1490/1268/55 1500/1202/55 1442/1223/55
f 1435/1523/605 1431/1526/603 1433/1524/604
f 1431/1526/603 1501/1536/623 1503/1527/623
f 1440/1212/2 1436/1192/2 1432/1198/2
f 1432/1198/2 1502/1276/2 1498/1275/2
f 1498/1275/2 1492/1280/2 1488/1687/2
f 1488/1687/2 1484/1237/2 1476/1236/2
f 1476/1236/2 1472/1217/2 1468/1228/2
f 1468/1228/2 1456/1221/2 1452/1208/2
f 1452/1208/2 1448/1685/2 1440/1212/2
f 1440/1212/2 1432/1198/2 1498/1275/2
f 1498/1275/2 1488/1687/2 1476/1236/2
f 1476/1236/2 1468/1228/2 1452/1208/2
f 1452/1208/2 1440/1212/2 1498/1275/2
f 1439/1528/606 1435/1544/605 1437/1529/605
f 1443/1531/607 1439/1528/606 1441/1530/606
f 1451/1532/609 1443/1531/607 1449/1188/607
f 1461/1534/611 1447/1522/608 1459/1147/608
f 1457/1524/610 1455/1526/610 1451/1523/609
f 1467/1536/613 1455/1526/610 1457/1524/610
f 1465/1537/612 1461/1534/611 1463/1149/611
f 1481/1539/617 1465/1702/612 1479/1518/612
f 1471/1540/614 1467/1536/613 1469/1527/613
f 1475/1542/616 1471/1540/614 1473/1541/615
f 1483/1531/618 1475/1532/616 1477/1533/616
f 1553/1324/624 1505/1703/624 1481/1539/617
f 1487/1528/619 1483/1531/618 1485/1188/618
f 1491/1544/620 1487/1528/619 1489/1224/619
f 1497/1540/621 1491/1542/620 1493/1543/620
f 1503/1527/623 1501/1536/623 1497/1540/621
f 1561/1546/647 1505/1703/624 1553/1324/624
f 1506/1252/55 1510/1251/55 1514/1248/55
f 1514/1248/55 1518/1284/630 1522/1274/55
f 1522/1274/55 1526/1273/55 1530/1265/55
f 1530/1265/55 1534/1264/55 1538/1261/55
f 1538/1261/55 1542/1296/630 1546/1295/55
f 1546/1295/55 1550/1310/55 1556/1288/55
f 1556/1288/55 1562/1277/55 1506/1252/55
f 1506/1252/55 1514/1248/55 1522/1274/55
f 1522/1274/55 1530/1265/55 1538/1261/55
f 1538/1261/55 1546/1295/55 1556/1288/55
f 1556/1288/55 1506/1252/55 1522/1274/55
f 1511/1547/627 1507/1549/625 1509/1253/626
f 1507/1549/625 1563/1559/648 1565/1300/648
f 1524/1306/2 1520/1690/2 1516/1283/2
f 1516/1283/2 1512/1246/2 1508/1245/2
f 1508/1245/2 1564/1704/2 1558/1308/2
f 1558/1308/2 1554/1291/2 1548/1290/2
f 1548/1290/2 1544/1298/2 1540/1302/2
f 1540/1302/2 1536/1689/2 1532/1550/2
f 1532/1550/2 1528/1270/2 1524/1306/2
f 1524/1306/2 1516/1283/2 1508/1245/2
f 1508/1245/2 1558/1308/2 1548/1290/2
f 1548/1290/2 1540/1302/2 1532/1550/2
f 1532/1550/2 1524/1306/2 1508/1245/2
f 1515/1551/628 1511/1705/627 1513/1552/627
f 1519/1554/631 1515/1551/628 1517/1553/629
f 1523/1555/633 1519/1554/631 1521/1241/632
f 1527/1557/634 1523/1547/633 1525/1558/633
f 1531/1559/636 1527/1557/634 1529/1253/635
f 1535/1560/637 1531/1559/636 1533/1300/636
f 1539/1561/639 1535/1560/637 1537/1258/638
f 1543/1563/640 1539/1706/639 1541/1564/639
f 1549/1292/643 1547/1707/642 1543/1563/640
f 1551/1566/644 1547/1707/642 1549/1292/643
f 1557/1560/645 1551/1561/644 1555/1568/644
f 1563/1559/648 1557/1560/645 1559/1307/646
f 1569/1569/649 1561/1708/647 1567/1570/647
f 1573/1571/650 1569/1569/649 1571/1132/649
f 1624/1356/55 1628/1153/55 1576/1158/55
f 1576/1158/55 1580/1124/55 1584/1117/55
f 1584/1117/55 1588/1116/654 1592/1136/55
f 1592/1136/55 1596/1339/55 1600/1109/55
f 1600/1109/55 1604/1108/55 1608/1335/55
f 1608/1335/55 1612/1334/55 1616/1351/55
f 1616/1351/55 1620/1350/630 1624/1356/55
f 1624/1356/55 1576/1158/55 1584/1117/55
f 1584/1117/55 1592/1136/55 1600/1109/55
f 1600/1109/55 1608/1335/55 1616/1351/55
f 1616/1351/55 1624/1356/55 1584/1117/55
f 1581/1572/652 1577/1574/651 1579/1151/651
f 1577/1574/651 1629/1581/665 1631/1104/665
f 1594/1331/2 1590/1692/2 1586/1120/2
f 1586/1120/2 1582/1123/2 1578/1122/2
f 1578/1122/2 1630/1709/2 1626/1353/2
f 1626/1353/2 1622/1345/2 1618/1344/2
f 1618/1344/2 1614/1338/2 1610/1337/2
f 1610/1337/2 1606/1695/2 1602/1575/2
f 1602/1575/2 1598/1328/2 1594/1331/2
f 1594/1331/2 1586/1120/2 1578/1122/2
f 1578/1122/2 1626/1353/2 1618/1344/2
f 1618/1344/2 1610/1337/2 1602/1575/2
f 1602/1575/2 1594/1331/2 1578/1122/2
f 1585/1576/653 1581/1587/652 1583/1577/652
f 1589/1578/655 1585/1576/653 1587/1138/653
f 1593/1579/656 1589/1578/655 1591/1140/655
f 1597/1574/657 1593/1572/656 1595/1573/656
f 1601/1581/658 1597/1574/657 1599/1103/657
f 1607/1005/659 1605/1588/659 1601/1581/658
f 1609/1582/660 1605/1588/659 1607/1005/659
f 1613/1584/661 1609/1579/660 1611/1585/660
f 1617/1586/662 1613/1584/661 1615/1340/661
f 1621/1587/663 1617/1586/662 1619/1342/662
f 1625/1588/664 1621/1710/663 1623/1583/663
f 1629/1581/665 1625/1588/664 1627/1005/664
f 1680/1404/55 1684/1167/55 1632/1142/55
f 1632/1142/55 1636/1112/55 1640/1373/55
f 1640/1373/55 1644/1369/55 1648/1380/55
f 1648/1380/55 1652/1377/55 1656/1376/55
f 1656/1376/55 1660/1391/55 1664/1390/55
f 1664/1390/55 1668/1383/55 1672/1382/55
f 1672/1382/55 1676/1394/55 1680/1404/55
f 1680/1404/55 1632/1142/55 1640/1373/55
f 1640/1373/55 1648/1380/55 1656/1376/55
f 1656/1376/55 1664/1390/55 1672/1382/55
f 1672/1382/55 1680/1404/55 1640/1373/55
f 1637/1589/667 1633/1591/666 1635/1360/666
f 1633/1591/666 1685/1599/679 1687/1374/679
f 1638/1130/2 1634/1372/2 1686/1711/2
f 1686/1711/2 1682/1398/2 1678/1397/2
f 1678/1397/2 1674/1699/2 1670/1401/2
f 1670/1401/2 1666/1386/2 1662/1385/2
f 1662/1385/2 1658/1712/2 1654/1378/2
f 1654/1378/2 1650/1363/2 1646/1592/2
f 1646/1592/2 1642/1131/2 1638/1130/2
f 1638/1130/2 1686/1711/2 1678/1397/2
f 1678/1397/2 1670/1401/2 1662/1385/2
f 1662/1385/2 1654/1378/2 1646/1592/2
f 1646/1592/2 1638/1130/2 1678/1397/2
f 1641/1593/668 1637/1713/667 1639/1594/667
f 1645/1595/669 1641/1593/668 1643/1365/668
f 1649/1596/670 1645/1595/669 1647/1367/669
f 1653/1591/671 1649/1714/670 1651/1598/670
f 1657/1599/672 1653/1591/671 1655/1360/671
f 1661/1600/673 1657/1599/672 1659/1374/672
f 1665/1601/674 1661/1600/673 1663/1388/673
f 1669/1595/675 1665/1715/674 1667/1597/674
f 1673/1593/676 1669/1595/675 1671/1367/675
f 1677/1603/677 1673/1593/676 1675/1365/676
f 1681/1600/678 1677/1601/677 1679/1604/677
f 1685/1599/679 1681/1600/678 1683/1403/678
f 1740/1415/55 1688/1414/55 1692/1429/55
f 1692/1429/55 1696/1410/55 1700/1409/55
f 1700/1409/55 1704/1420/55 1708/1419/55
f 1708/1419/55 1712/1435/55 1716/1434/55
f 1716/1434/55 1720/1442/55 1724/1441/55
f 1724/1441/55 1728/1454/55 1732/1453/55
f 1732/1453/55 1736/1461/55 1740/1415/55
f 1740/1415/55 1692/1429/55 1700/1409/55
f 1700/1409/55 1708/1419/55 1716/1434/55
f 1716/1434/55 1724/1441/55 1732/1453/55
f 1732/1453/55 1740/1415/55 1700/1409/55
f 1693/1605/681 1689/1608/680 1691/1606/680
f 1689/1608/680 1741/1618/693 1743/1609/693
f 1694/1412/2 1690/1358/2 1742/1459/2
f 1742/1459/2 1738/1458/2 1734/1450/2
f 1734/1450/2 1730/1700/2 1726/1444/2
f 1726/1444/2 1722/1446/2 1718/1432/2
f 1718/1432/2 1714/1431/2 1710/1422/2
f 1710/1422/2 1706/1438/2 1702/1610/2
f 1702/1610/2 1698/1427/2 1694/1412/2
f 1694/1412/2 1742/1459/2 1734/1450/2
f 1734/1450/2 1726/1444/2 1718/1432/2
f 1718/1432/2 1710/1422/2 1702/1610/2
f 1702/1610/2 1694/1412/2 1734/1450/2
f 1697/1611/682 1693/1716/681 1695/1612/681
f 1701/1614/683 1697/1611/682 1699/1613/682
f 1705/1615/684 1701/1614/683 1703/1424/683
f 1709/1608/685 1705/1717/684 1707/1617/684
f 1713/1618/686 1709/1608/685 1711/1606/685
f 1717/1619/687 1713/1618/686 1715/1609/686
f 1721/1621/688 1717/1619/687 1719/1620/687
f 1727/1623/689 1725/1626/689 1721/1624/688
f 1731/1456/690 1729/1718/690 1725/1626/689
f 1733/1627/691 1729/1718/690 1731/1456/690
f 1737/1629/692 1733/1719/691 1735/1630/691
f 1741/1618/693 1737/1629/692 1739/1620/692
f 2014/1467/838 2013/1640/839 2011/1631/839
f 2013/1632/839 2019/1637/580 2012/1633/580
f 2015/1468/840 2014/1467/838 2010/1475/838
f 2016/1635/841 2015/1468/840 2018/1474/840
f 2020/1637/556 2016/1632/841 2017/1634/841
f 2021/1638/706 2020/1637/556 2022/1633/556
f 1769/1468/707 2021/1635/706 1767/1636/706
f 2027/1467/843 1769/1468/707 2025/1474/707
f 2028/1640/845 2027/1467/843 2024/1475/843
f 2019/1637/580 2028/1638/845 2029/1639/845
