# Blender 5.2.0 LTS
# www.blender.org
o Backdrop_PlayStructure
v 15.000000 61.950001 -15.450000
v 15.000000 70.050003 -15.450000
v 14.550000 70.050003 -15.900000
v 14.550000 70.500000 -15.450000
v 14.550000 61.950001 -15.900000
v 14.550000 61.500000 -15.450000
v -14.550000 61.950001 -15.900000
v -14.550000 70.050003 -15.900000
v -15.000000 70.050003 -15.450000
v -14.550000 70.500000 -15.450000
v -14.550000 70.500000 -14.550000
v -15.000000 70.050003 -14.550000
v -14.550000 70.050003 -14.100000
v -14.550000 61.950001 -14.100000
v -15.000000 61.950001 -15.450000
v -15.000000 61.950001 -14.550000
v -14.550000 61.500000 -14.550000
v -14.550000 61.500000 -15.450000
v 14.550000 59.150002 15.000000
v 14.550000 60.849998 15.000000
v 15.000000 60.849998 14.550000
v 14.550000 61.299999 14.550000
v 15.000000 59.150002 14.550000
v 14.550000 58.700001 14.550000
v 15.000000 59.150002 -14.550000
v 15.000000 60.849998 -14.550000
v 14.550000 60.849998 -15.000000
v 14.550000 61.299999 -14.550000
v 14.550000 59.150002 -15.000000
v 14.550000 58.700001 -14.550000
v -14.550000 59.150002 -15.000000
v -14.550000 60.849998 -15.000000
v -15.000000 60.849998 -14.550000
v -14.550000 61.299999 -14.550000
v -14.550000 61.299999 14.550000
v -15.000000 60.849998 14.550000
v -14.550000 60.849998 15.000000
v -14.550000 59.150002 15.000000
v -15.000000 59.150002 -14.550000
v -15.000000 59.150002 14.550000
v -14.550000 58.700001 14.550000
v -14.550000 58.700001 -14.550000
v -19.550001 43.950001 20.000000
v -19.550001 52.049999 20.000000
v -19.100000 52.049999 19.549999
v -19.550001 52.500000 19.549999
v -19.100000 43.950001 19.549999
v -19.550001 43.500000 19.549999
v -19.100000 43.950001 -19.549999
v -19.100000 52.049999 -19.549999
v -19.550001 52.049999 -20.000000
v -19.550001 52.500000 -19.549999
v -19.550001 43.950001 -20.000000
v -19.550001 43.500000 -19.549999
v -20.449999 43.950001 -20.000000
v -20.449999 52.049999 -20.000000
v -20.900000 52.049999 -19.549999
v -20.449999 52.500000 -19.549999
v -20.449999 52.500000 19.549999
v -20.900000 52.049999 19.549999
v -20.449999 52.049999 20.000000
v -20.449999 43.950001 20.000000
v -20.900000 43.950001 -19.549999
v -20.900000 43.950001 19.549999
v -20.449999 43.500000 19.549999
v -20.449999 43.500000 -19.549999
v 20.449999 43.950001 20.000000
v 20.449999 52.049999 20.000000
v 20.900000 52.049999 19.549999
v 20.449999 52.500000 19.549999
v 20.900000 43.950001 19.549999
v 20.449999 43.500000 19.549999
v 20.900000 43.950001 -19.549999
v 20.900000 52.049999 -19.549999
v 20.449999 52.049999 -20.000000
v 20.449999 52.500000 -19.549999
v 20.449999 43.950001 -20.000000
v 20.449999 43.500000 -19.549999
v 19.550001 43.950001 -20.000000
v 19.550001 52.049999 -20.000000
v 19.100000 52.049999 -19.549999
v 19.550001 52.500000 -19.549999
v 19.550001 52.500000 19.549999
v 19.100000 52.049999 19.549999
v 19.550001 52.049999 20.000000
v 19.550001 43.950001 20.000000
v 19.100000 43.950001 -19.549999
v 19.100000 43.950001 19.549999
v 19.550001 43.500000 19.549999
v 19.550001 43.500000 -19.549999
v 19.549999 43.950001 20.900000
v 19.549999 52.049999 20.900000
v 20.000000 52.049999 20.449999
v 19.549999 52.500000 20.449999
v 20.000000 43.950001 20.449999
v 19.549999 43.500000 20.449999
v 20.000000 43.950001 19.550001
v 20.000000 52.049999 19.550001
v 19.549999 52.049999 19.100000
v 19.549999 52.500000 19.550001
v 19.549999 43.950001 19.100000
v 19.549999 43.500000 19.550001
v -19.549999 43.950001 19.100000
v -19.549999 52.049999 19.100000
v -20.000000 52.049999 19.550001
v -19.549999 52.500000 19.550001
v -19.549999 52.500000 20.449999
v -20.000000 52.049999 20.449999
v -19.549999 52.049999 20.900000
v -19.549999 43.950001 20.900000
v -20.000000 43.950001 19.550001
v -20.000000 43.950001 20.449999
v -19.549999 43.500000 20.449999
v -19.549999 43.500000 19.550001
v 19.549999 43.950001 -19.100000
v 19.549999 52.049999 -19.100000
v 20.000000 52.049999 -19.550001
v 19.549999 52.500000 -19.550001
v 20.000000 43.950001 -19.550001
v 19.549999 43.500000 -19.550001
v 20.000000 43.950001 -20.449999
v 20.000000 52.049999 -20.449999
v 19.549999 52.049999 -20.900000
v 19.549999 52.500000 -20.449999
v 19.549999 43.950001 -20.900000
v 19.549999 43.500000 -20.449999
v -19.549999 43.950001 -20.900000
v -19.549999 52.049999 -20.900000
v -20.000000 52.049999 -20.449999
v -19.549999 52.500000 -20.449999
v -19.549999 52.500000 -19.550001
v -20.000000 52.049999 -19.550001
v -19.549999 52.049999 -19.100000
v -19.549999 43.950001 -19.100000
v -20.000000 43.950001 -20.449999
v -20.000000 43.950001 -19.550001
v -19.549999 43.500000 -19.550001
v -19.549999 43.500000 -20.449999
v 19.549999 41.150002 20.000000
v 19.549999 42.849998 20.000000
v 20.000000 42.849998 19.549999
v 19.549999 43.299999 19.549999
v 20.000000 41.150002 19.549999
v 19.549999 40.700001 19.549999
v 20.000000 41.150002 -19.549999
v 20.000000 42.849998 -19.549999
v 19.549999 42.849998 -20.000000
v 19.549999 43.299999 -19.549999
v 19.549999 41.150002 -20.000000
v 19.549999 40.700001 -19.549999
v -19.549999 41.150002 -20.000000
v -19.549999 42.849998 -20.000000
v -20.000000 42.849998 -19.549999
v -19.549999 43.299999 -19.549999
v -19.549999 43.299999 19.549999
v -20.000000 42.849998 19.549999
v -19.549999 42.849998 20.000000
v -19.549999 41.150002 20.000000
v -20.000000 41.150002 -19.549999
v -20.000000 41.150002 19.549999
v -19.549999 40.700001 19.549999
v -19.549999 40.700001 -19.549999
v -23.550001 23.950001 24.000000
v -23.550001 32.049999 24.000000
v -23.100000 32.049999 23.549999
v -23.550001 32.500000 23.549999
v -23.100000 23.950001 23.549999
v -23.550001 23.500000 23.549999
v -23.100000 23.950001 -23.549999
v -23.100000 32.049999 -23.549999
v -23.550001 32.049999 -24.000000
v -23.550001 32.500000 -23.549999
v -23.550001 23.950001 -24.000000
v -23.550001 23.500000 -23.549999
v -24.449999 23.950001 -24.000000
v -24.449999 32.049999 -24.000000
v -23.549999 22.849998 24.000000
v -23.549999 23.299999 23.549999
v -24.900000 32.049999 -23.549999
v -24.449999 32.500000 -23.549999
v -24.449999 32.500000 23.549999
v -24.900000 32.049999 23.549999
v -24.449999 32.049999 24.000000
v -24.449999 23.950001 24.000000
v -24.900000 23.950001 -23.549999
v -24.900000 23.950001 23.549999
v -24.449999 23.500000 23.549999
v -24.449999 23.500000 -23.549999
v 24.449999 23.950001 24.000000
v 24.449999 32.049999 24.000000
v 24.900000 32.049999 23.549999
v 24.449999 32.500000 23.549999
v 24.900000 23.950001 23.549999
v 24.449999 23.500000 23.549999
v 24.900000 23.950001 -23.549999
v 24.900000 32.049999 -23.549999
v 24.449999 32.049999 -24.000000
v 24.449999 32.500000 -23.549999
v 24.449999 23.950001 -24.000000
v 24.449999 23.500000 -23.549999
v 23.550001 23.950001 -24.000000
v 23.550001 32.049999 -24.000000
v 23.100000 32.049999 -23.549999
v 23.550001 32.500000 -23.549999
v 23.550001 32.500000 23.549999
v 23.100000 32.049999 23.549999
v 23.550001 32.049999 24.000000
v 23.550001 23.950001 24.000000
v 23.100000 23.950001 -23.549999
v 23.100000 23.950001 23.549999
v 23.550001 23.500000 23.549999
v 23.550001 23.500000 -23.549999
v 23.549999 23.950001 24.900000
v 23.549999 32.049999 24.900000
v 24.000000 32.049999 24.449999
v 23.549999 32.500000 24.449999
v 24.000000 23.950001 24.449999
v 23.549999 23.500000 24.449999
v 24.000000 23.950001 23.550001
v 24.000000 32.049999 23.550001
v 23.549999 32.049999 23.100000
v 23.549999 32.500000 23.550001
v 23.549999 23.950001 23.100000
v 23.549999 23.500000 23.550001
v -23.549999 23.950001 23.100000
v -23.549999 32.049999 23.100000
v -24.000000 32.049999 23.550001
v -23.549999 32.500000 23.550001
v -23.549999 32.500000 24.449999
v -24.000000 32.049999 24.449999
v -23.549999 32.049999 24.900000
v -23.549999 23.950001 24.900000
v -24.000000 23.950001 23.550001
v -24.000000 23.950001 24.449999
v -23.549999 23.500000 24.449999
v -23.549999 23.500000 23.550001
v 23.549999 23.950001 -23.100000
v 23.549999 32.049999 -23.100000
v 24.000000 32.049999 -23.550001
v 23.549999 32.500000 -23.550001
v 24.000000 23.950001 -23.550001
v 23.549999 23.500000 -23.550001
v 24.000000 23.950001 -24.449999
v 24.000000 32.049999 -24.449999
v 23.549999 32.049999 -24.900000
v 23.549999 32.500000 -24.449999
v 23.549999 23.950001 -24.900000
v 23.549999 23.500000 -24.449999
v -23.549999 23.950001 -24.900000
v -23.549999 32.049999 -24.900000
v -24.000000 32.049999 -24.449999
v -23.549999 32.500000 -24.449999
v -23.549999 32.500000 -23.550001
v 20.357735 72.000000 -23.309664
v 20.357735 0.000000 -23.309664
v 19.952126 72.000000 -21.532587
v -24.000000 21.150002 23.549999
v 19.952126 0.000000 -21.532587
v 21.088610 72.000000 -20.107483
v -24.000000 22.849998 23.549999
v 21.088610 0.000000 -20.107483
v 24.000000 22.849998 23.549999
v 24.000000 21.150002 23.549999
v 22.911390 72.000000 -20.107483
v -24.000000 22.849998 -23.549999
v -24.000000 21.150002 -23.549999
v 22.911390 0.000000 -20.107483
v -23.642265 72.000000 -23.309664
v -23.642265 0.000000 -23.309664
v -24.000000 32.049999 -23.550001
v -23.549999 32.049999 -23.100000
v -23.549999 23.950001 -23.100000
v -24.047874 72.000000 -21.532587
v 23.549999 22.849998 24.000000
v -23.549999 22.849998 24.000000
v -23.549999 23.299999 23.549999
v 23.549999 23.299999 23.549999
v -24.047874 0.000000 -21.532587
v -24.000000 23.950001 -24.449999
v -24.000000 23.950001 -23.550001
v -23.549999 23.500000 -23.550001
v -23.549999 23.500000 -24.449999
v -22.911390 72.000000 -20.107483
v 24.047874 0.000000 -21.532587
v -22.911390 0.000000 -20.107483
v 22.000000 0.000000 -24.100538
v 23.642265 0.000000 -23.309664
v -21.088610 72.000000 -20.107483
v -23.549999 21.150002 -24.000000
v -23.549999 20.700001 -23.549999
v 23.549999 20.700001 -23.549999
v -21.088610 0.000000 -20.107483
v 20.357735 72.000000 20.690336
v 20.357735 0.000000 20.690336
v 19.952126 72.000000 22.467413
v 22.000000 72.000000 -24.100538
v 19.952126 0.000000 22.467413
v -23.549999 22.849998 -24.000000
v 23.549999 23.299999 -23.549999
v -23.549999 23.299999 -23.549999
v 21.088610 72.000000 23.892517
v -22.000000 0.000000 -24.100538
v 21.088610 0.000000 23.892517
v -20.357735 0.000000 -23.309664
v -19.952126 0.000000 -21.532587
v 22.911390 72.000000 23.892517
v -23.549999 21.150002 24.000000
v 23.549999 21.150002 24.000000
v 23.549999 20.700001 23.549999
v -23.549999 20.700001 23.549999
v 22.911390 0.000000 23.892517
v -23.642265 72.000000 20.690336
v 23.549999 22.849998 -24.000000
v 23.549999 21.150002 -24.000000
v 24.000000 21.150002 -23.549999
v 24.000000 22.849998 -23.549999
v -23.642265 0.000000 20.690336
v -24.047874 72.000000 22.467413
v -24.047874 0.000000 22.467413
v -19.952126 72.000000 -21.532587
v -22.911390 72.000000 23.892517
v 22.000000 0.000000 19.899462
v -22.911390 0.000000 23.892517
v 23.642265 0.000000 20.690336
v 24.047874 0.000000 22.467413
v -21.088610 72.000000 23.892517
v -21.088610 0.000000 23.892517
v -19.952126 72.000000 22.467413
v -20.357735 72.000000 -23.309664
v -22.000000 72.000000 -24.100538
v -19.952126 0.000000 22.467413
v 24.047874 72.000000 22.467413
v -20.357735 72.000000 20.690336
v -22.000000 72.000000 19.899462
v 23.642265 72.000000 20.690336
v 22.000000 72.000000 19.899462
v -22.000000 0.000000 19.899462
v -20.357735 0.000000 20.690336
v 24.047874 72.000000 -21.532587
v 23.642265 72.000000 -23.309664
v -24.000000 22.849998 23.549999
v -23.549999 20.700001 23.549999
v -23.549999 21.150002 24.000000
v -24.000000 21.150002 23.549999
v -22.000000 0.000000 19.899462
v -22.405436 0.450000 19.595247
v -21.594564 0.450000 19.595247
v -22.000000 72.000000 19.899462
v -21.594564 71.550003 19.595247
v -22.405436 71.550003 19.595247
v -20.357735 0.000000 20.690336
v -20.372675 0.450000 20.183680
v -19.867105 0.450000 20.817644
v -20.357735 72.000000 20.690336
v -19.867105 71.550003 20.817644
v -20.372675 71.550003 20.183680
v -19.952126 0.000000 22.467413
v -19.565321 0.450000 22.139837
v -19.745758 0.450000 22.930378
v -19.952126 72.000000 22.467413
v -19.745758 71.550003 22.930378
v -19.565321 71.550003 22.139837
v -21.088610 0.000000 23.892517
v -20.591331 0.450000 23.990694
v -21.321903 0.450000 24.342518
v -21.088610 72.000000 23.892517
v -21.321903 71.550003 24.342518
v -20.591331 71.550003 23.990694
v -22.911390 0.000000 23.892517
v -22.678097 0.450000 24.342518
v -23.408669 0.450000 23.990694
v -22.911390 72.000000 23.892517
v -23.408669 71.550003 23.990694
v -22.678097 71.550003 24.342518
v -24.047874 0.000000 22.467413
v -24.254242 0.450000 22.930378
v -24.434679 0.450000 22.139837
v -24.047874 72.000000 22.467413
v -24.434679 71.550003 22.139837
v -24.254242 71.550003 22.930378
v -23.642265 0.000000 20.690336
v -24.132895 0.450000 20.817644
v -23.627325 0.450000 20.183680
v -23.642265 72.000000 20.690336
v -23.627325 71.550003 20.183680
v -24.132895 71.550003 20.817644
v 22.000000 0.000000 19.899462
v 21.594564 0.450000 19.595247
v 22.405436 0.450000 19.595247
v 22.000000 72.000000 19.899462
v 22.405436 71.550003 19.595247
v 21.594564 71.550003 19.595247
v 23.642265 0.000000 20.690336
v 23.627325 0.450000 20.183680
v 24.132895 0.450000 20.817644
v 23.642265 72.000000 20.690336
v 24.132895 71.550003 20.817644
v 23.627325 71.550003 20.183680
v 24.047874 0.000000 22.467413
v 24.434679 0.450000 22.139837
v 24.254242 0.450000 22.930378
v 24.047874 72.000000 22.467413
v 24.254242 71.550003 22.930378
v 24.434679 71.550003 22.139837
v 22.911390 0.000000 23.892517
v 23.408669 0.450000 23.990694
v 22.678097 0.450000 24.342518
v 22.911390 72.000000 23.892517
v 22.678097 71.550003 24.342518
v 23.408669 71.550003 23.990694
v 21.088610 0.000000 23.892517
v 21.321903 0.450000 24.342518
v 20.591331 0.450000 23.990694
v 21.088610 72.000000 23.892517
v 20.591331 71.550003 23.990694
v 21.321903 71.550003 24.342518
v 19.952126 0.000000 22.467413
v 19.745758 0.450000 22.930378
v 19.565321 0.450000 22.139837
v 19.952126 72.000000 22.467413
v 19.565321 71.550003 22.139837
v 19.745758 71.550003 22.930378
v 20.357735 0.000000 20.690336
v 19.867105 0.450000 20.817644
v 20.372675 0.450000 20.183680
v 20.357735 72.000000 20.690336
v 20.372675 71.550003 20.183680
v 19.867105 71.550003 20.817644
v -22.000000 0.000000 -24.100538
v -22.405436 0.450000 -24.404753
v -21.594564 0.450000 -24.404753
v -22.000000 72.000000 -24.100538
v -21.594564 71.550003 -24.404753
v -22.405436 71.550003 -24.404753
v -20.357735 0.000000 -23.309664
v -20.372675 0.450000 -23.816320
v -19.867105 0.450000 -23.182356
v -20.357735 72.000000 -23.309664
v -19.867105 71.550003 -23.182356
v -20.372675 71.550003 -23.816320
v -19.952126 0.000000 -21.532587
v -19.565321 0.450000 -21.860163
v -19.745758 0.450000 -21.069622
v -19.952126 72.000000 -21.532587
v -19.745758 71.550003 -21.069622
v -19.565321 71.550003 -21.860163
v -21.088610 0.000000 -20.107483
v -20.591331 0.450000 -20.009306
v -21.321903 0.450000 -19.657482
v -21.088610 72.000000 -20.107483
v -21.321903 71.550003 -19.657482
v -20.591331 71.550003 -20.009306
v -22.911390 0.000000 -20.107483
v -22.678097 0.450000 -19.657482
v -23.408669 0.450000 -20.009306
v -22.911390 72.000000 -20.107483
v -23.408669 71.550003 -20.009306
v -22.678097 71.550003 -19.657482
v -24.047874 0.000000 -21.532587
v -24.254242 0.450000 -21.069622
v -24.434679 0.450000 -21.860163
v -24.047874 72.000000 -21.532587
v -24.434679 71.550003 -21.860163
v -24.254242 71.550003 -21.069622
v -23.642265 0.000000 -23.309664
v -24.132895 0.450000 -23.182356
v -23.627325 0.450000 -23.816320
v -23.642265 72.000000 -23.309664
v -23.627325 71.550003 -23.816320
v -24.132895 71.550003 -23.182356
v 22.000000 0.000000 -24.100538
v 21.594564 0.450000 -24.404753
v 22.405436 0.450000 -24.404753
v 22.000000 72.000000 -24.100538
v 22.405436 71.550003 -24.404753
v 21.594564 71.550003 -24.404753
v 23.642265 0.000000 -23.309664
v 23.627325 0.450000 -23.816320
v 24.132895 0.450000 -23.182356
v 23.642265 72.000000 -23.309664
v 24.132895 71.550003 -23.182356
v 23.627325 71.550003 -23.816320
v 24.047874 0.000000 -21.532587
v 24.434679 0.450000 -21.860163
v 24.254242 0.450000 -21.069622
v 24.047874 72.000000 -21.532587
v 24.254242 71.550003 -21.069622
v 24.434679 71.550003 -21.860163
v 22.911390 0.000000 -20.107483
v 23.408669 0.450000 -20.009306
v 22.678097 0.450000 -19.657482
v 22.911390 72.000000 -20.107483
v 22.678097 71.550003 -19.657482
v 23.408669 71.550003 -20.009306
v 21.088610 0.000000 -20.107483
v 21.321903 0.450000 -19.657482
v 20.591331 0.450000 -20.009306
v 21.088610 72.000000 -20.107483
v 20.591331 71.550003 -20.009306
v 21.321903 71.550003 -19.657482
v 19.952126 0.000000 -21.532587
v 19.745758 0.450000 -21.069622
v 19.565321 0.450000 -21.860163
v 19.952126 72.000000 -21.532587
v 19.565321 71.550003 -21.860163
v 19.745758 71.550003 -21.069622
v 20.357735 0.000000 -23.309664
v 19.867105 0.450000 -23.182356
v 20.372675 0.450000 -23.816320
v 20.357735 72.000000 -23.309664
v 20.372675 71.550003 -23.816320
v 19.867105 71.550003 -23.182356
v -23.549999 20.700001 -23.549999
v -24.000000 21.150002 -23.549999
v -23.549999 21.150002 -24.000000
v -23.549999 23.299999 -23.549999
v -23.549999 22.849998 -24.000000
v -24.000000 22.849998 -23.549999
v 23.549999 20.700001 23.549999
v 24.000000 21.150002 23.549999
v 23.549999 21.150002 24.000000
v 23.549999 23.299999 23.549999
v 23.549999 22.849998 24.000000
v 24.000000 22.849998 23.549999
v 23.549999 20.700001 -23.549999
v 23.549999 21.150002 -24.000000
v 24.000000 21.150002 -23.549999
v 23.549999 23.299999 -23.549999
v 24.000000 22.849998 -23.549999
v 23.549999 22.849998 -24.000000
v -23.549999 23.500000 -23.550001
v -23.549999 23.950001 -23.100000
v -24.000000 23.950001 -23.550001
v -23.549999 32.049999 -23.100000
v -23.549999 32.500000 -23.550001
v -24.000000 32.049999 -23.550001
v -23.549999 23.500000 -24.449999
v -24.000000 23.950001 -24.449999
v -23.549999 23.950001 -24.900000
v -23.549999 32.500000 -24.449999
v -23.549999 32.049999 -24.900000
v -24.000000 32.049999 -24.449999
v 23.549999 23.500000 -23.550001
v 24.000000 23.950001 -23.550001
v 23.549999 23.950001 -23.100000
v 23.549999 32.500000 -23.550001
v 23.549999 32.049999 -23.100000
v 24.000000 32.049999 -23.550001
v 23.549999 23.500000 -24.449999
v 23.549999 23.950001 -24.900000
v 24.000000 23.950001 -24.449999
v 23.549999 32.500000 -24.449999
v 24.000000 32.049999 -24.449999
v 23.549999 32.049999 -24.900000
v -23.549999 23.500000 24.449999
v -23.549999 23.950001 24.900000
v -24.000000 23.950001 24.449999
v -23.549999 32.049999 24.900000
v -23.549999 32.500000 24.449999
v -24.000000 32.049999 24.449999
v -23.549999 23.500000 23.550001
v -24.000000 23.950001 23.550001
v -23.549999 23.950001 23.100000
v -23.549999 32.500000 23.550001
v -23.549999 32.049999 23.100000
v -24.000000 32.049999 23.550001
v 23.549999 23.500000 24.449999
v 24.000000 23.950001 24.449999
v 23.549999 23.950001 24.900000
v 23.549999 32.500000 24.449999
v 23.549999 32.049999 24.900000
v 24.000000 32.049999 24.449999
v 23.549999 23.500000 23.550001
v 23.549999 23.950001 23.100000
v 24.000000 23.950001 23.550001
v 23.549999 32.500000 23.550001
v 24.000000 32.049999 23.550001
v 23.549999 32.049999 23.100000
v 23.550001 23.500000 23.549999
v 23.550001 23.950001 24.000000
v 23.100000 23.950001 23.549999
v 23.550001 32.049999 24.000000
v 23.550001 32.500000 23.549999
v 23.100000 32.049999 23.549999
v 23.550001 23.500000 -23.549999
v 23.100000 23.950001 -23.549999
v 23.550001 23.950001 -24.000000
v 23.550001 32.500000 -23.549999
v 23.550001 32.049999 -24.000000
v 23.100000 32.049999 -23.549999
v 24.449999 23.500000 23.549999
v 24.900000 23.950001 23.549999
v 24.449999 23.950001 24.000000
v 24.449999 32.500000 23.549999
v 24.449999 32.049999 24.000000
v 24.900000 32.049999 23.549999
v 24.449999 23.500000 -23.549999
v 24.449999 23.950001 -24.000000
v 24.900000 23.950001 -23.549999
v 24.449999 32.500000 -23.549999
v 24.900000 32.049999 -23.549999
v 24.449999 32.049999 -24.000000
v -24.449999 23.500000 23.549999
v -24.449999 23.950001 24.000000
v -24.900000 23.950001 23.549999
v -24.449999 32.049999 24.000000
v -24.449999 32.500000 23.549999
v -24.900000 32.049999 23.549999
v -24.449999 23.500000 -23.549999
v -24.900000 23.950001 -23.549999
v -24.449999 23.950001 -24.000000
v -24.449999 32.500000 -23.549999
v -24.449999 32.049999 -24.000000
v -24.900000 32.049999 -23.549999
v -23.550001 23.500000 23.549999
v -23.100000 23.950001 23.549999
v -23.550001 23.950001 24.000000
v -23.550001 32.500000 23.549999
v -23.550001 32.049999 24.000000
v -23.100000 32.049999 23.549999
v -23.550001 23.500000 -23.549999
v -23.550001 23.950001 -24.000000
v -23.100000 23.950001 -23.549999
v -23.550001 32.500000 -23.549999
v -23.100000 32.049999 -23.549999
v -23.550001 32.049999 -24.000000
v -19.549999 40.700001 19.549999
v -19.549999 41.150002 20.000000
v -20.000000 41.150002 19.549999
v -19.549999 42.849998 20.000000
v -19.549999 43.299999 19.549999
v -20.000000 42.849998 19.549999
v -19.549999 40.700001 -19.549999
v -20.000000 41.150002 -19.549999
v -19.549999 41.150002 -20.000000
v -19.549999 43.299999 -19.549999
v -19.549999 42.849998 -20.000000
v -20.000000 42.849998 -19.549999
v 19.549999 40.700001 19.549999
v 20.000000 41.150002 19.549999
v 19.549999 41.150002 20.000000
v 19.549999 43.299999 19.549999
v 19.549999 42.849998 20.000000
v 20.000000 42.849998 19.549999
v 19.549999 40.700001 -19.549999
v 19.549999 41.150002 -20.000000
v 20.000000 41.150002 -19.549999
v 19.549999 43.299999 -19.549999
v 20.000000 42.849998 -19.549999
v 19.549999 42.849998 -20.000000
v -19.549999 43.500000 -19.550001
v -19.549999 43.950001 -19.100000
v -20.000000 43.950001 -19.550001
v -19.549999 52.049999 -19.100000
v -19.549999 52.500000 -19.550001
v -20.000000 52.049999 -19.550001
v -19.549999 43.500000 -20.449999
v -20.000000 43.950001 -20.449999
v -19.549999 43.950001 -20.900000
v -19.549999 52.500000 -20.449999
v -19.549999 52.049999 -20.900000
v -20.000000 52.049999 -20.449999
v 19.549999 43.500000 -19.550001
v 20.000000 43.950001 -19.550001
v 19.549999 43.950001 -19.100000
v 19.549999 52.500000 -19.550001
v 19.549999 52.049999 -19.100000
v 20.000000 52.049999 -19.550001
v 19.549999 43.500000 -20.449999
v 19.549999 43.950001 -20.900000
v 20.000000 43.950001 -20.449999
v 19.549999 52.500000 -20.449999
v 20.000000 52.049999 -20.449999
v 19.549999 52.049999 -20.900000
v -19.549999 43.500000 20.449999
v -19.549999 43.950001 20.900000
v -20.000000 43.950001 20.449999
v -19.549999 52.049999 20.900000
v -19.549999 52.500000 20.449999
v -20.000000 52.049999 20.449999
v -19.549999 43.500000 19.550001
v -20.000000 43.950001 19.550001
v -19.549999 43.950001 19.100000
v -19.549999 52.500000 19.550001
v -19.549999 52.049999 19.100000
v -20.000000 52.049999 19.550001
v 19.549999 43.500000 20.449999
v 20.000000 43.950001 20.449999
v 19.549999 43.950001 20.900000
v 19.549999 52.500000 20.449999
v 19.549999 52.049999 20.900000
v 20.000000 52.049999 20.449999
v 19.549999 43.500000 19.550001
v 19.549999 43.950001 19.100000
v 20.000000 43.950001 19.550001
v 19.549999 52.500000 19.550001
v 20.000000 52.049999 19.550001
v 19.549999 52.049999 19.100000
v 19.550001 43.500000 19.549999
v 19.550001 43.950001 20.000000
v 19.100000 43.950001 19.549999
v 19.550001 52.049999 20.000000
v 19.550001 52.500000 19.549999
v 19.100000 52.049999 19.549999
v 19.550001 43.500000 -19.549999
v 19.100000 43.950001 -19.549999
v 19.550001 43.950001 -20.000000
v 19.550001 52.500000 -19.549999
v 19.550001 52.049999 -20.000000
v 19.100000 52.049999 -19.549999
v 20.449999 43.500000 19.549999
v 20.900000 43.950001 19.549999
v 20.449999 43.950001 20.000000
v 20.449999 52.500000 19.549999
v 20.449999 52.049999 20.000000
v 20.900000 52.049999 19.549999
v 20.449999 43.500000 -19.549999
v 20.449999 43.950001 -20.000000
v 20.900000 43.950001 -19.549999
v 20.449999 52.500000 -19.549999
v 20.900000 52.049999 -19.549999
v 20.449999 52.049999 -20.000000
v -20.449999 43.500000 19.549999
v -20.449999 43.950001 20.000000
v -20.900000 43.950001 19.549999
v -20.449999 52.049999 20.000000
v -20.449999 52.500000 19.549999
v -20.900000 52.049999 19.549999
v -20.449999 43.500000 -19.549999
v -20.900000 43.950001 -19.549999
v -20.449999 43.950001 -20.000000
v -20.449999 52.500000 -19.549999
v -20.449999 52.049999 -20.000000
v -20.900000 52.049999 -19.549999
v -19.550001 43.500000 19.549999
v -19.100000 43.950001 19.549999
v -19.550001 43.950001 20.000000
v -19.550001 52.500000 19.549999
v -19.550001 52.049999 20.000000
v -19.100000 52.049999 19.549999
v -19.550001 43.500000 -19.549999
v -19.550001 43.950001 -20.000000
v -19.100000 43.950001 -19.549999
v -19.550001 52.500000 -19.549999
v -19.100000 52.049999 -19.549999
v -19.550001 52.049999 -20.000000
v -14.550000 58.700001 14.550000
v -14.550000 59.150002 15.000000
v -15.000000 59.150002 14.550000
v -14.550000 60.849998 15.000000
v -14.550000 61.299999 14.550000
v -15.000000 60.849998 14.550000
v -14.550000 58.700001 -14.550000
v -15.000000 59.150002 -14.550000
v -14.550000 59.150002 -15.000000
v -14.550000 61.299999 -14.550000
v -14.550000 60.849998 -15.000000
v -15.000000 60.849998 -14.550000
v 14.550000 58.700001 14.550000
v 15.000000 59.150002 14.550000
v 14.550000 59.150002 15.000000
v 14.550000 61.299999 14.550000
v 14.550000 60.849998 15.000000
v 15.000000 60.849998 14.550000
v 14.550000 58.700001 -14.550000
v 14.550000 59.150002 -15.000000
v 15.000000 59.150002 -14.550000
v 14.550000 61.299999 -14.550000
v 15.000000 60.849998 -14.550000
v 14.550000 60.849998 -15.000000
v -14.550000 61.500000 -14.550000
v -14.550000 61.950001 -14.100000
v -15.000000 61.950001 -14.550000
v -14.550000 70.050003 -14.100000
v -14.550000 70.500000 -14.550000
v -15.000000 70.050003 -14.550000
v -14.550000 61.500000 -15.450000
v -15.000000 61.950001 -15.450000
v -14.550000 61.950001 -15.900000
v -14.550000 70.500000 -15.450000
v -14.550000 70.050003 -15.900000
v -15.000000 70.050003 -15.450000
v 14.550000 61.500000 -14.550000
v 15.000000 61.950001 -14.550000
v 14.550000 61.950001 -14.100000
v 14.550000 70.500000 -14.550000
v 14.550000 70.050003 -14.100000
v 15.000000 70.050003 -14.550000
v 14.550000 61.500000 -15.450000
v 14.550000 61.950001 -15.900000
v 15.000000 61.950001 -15.450000
v 14.550000 70.500000 -15.450000
v 15.000000 70.050003 -15.450000
v 14.550000 70.050003 -15.900000
v -14.550000 61.500000 15.450000
v -14.550000 61.950001 15.900000
v -15.000000 61.950001 15.450000
v -14.550000 70.050003 15.900000
v -14.550000 70.500000 15.450000
v -15.000000 70.050003 15.450000
v -14.550000 61.500000 14.550000
v -15.000000 61.950001 14.550000
v -14.550000 61.950001 14.100000
v -14.550000 70.500000 14.550000
v -14.550000 70.050003 14.100000
v -15.000000 70.050003 14.550000
v 14.550000 61.500000 15.450000
v 15.000000 61.950001 15.450000
v 14.550000 61.950001 15.900000
v 14.550000 70.500000 15.450000
v 14.550000 70.050003 15.900000
v 15.000000 70.050003 15.450000
v 14.550000 61.500000 14.550000
v 14.550000 61.950001 14.100000
v 15.000000 61.950001 14.550000
v 14.550000 70.500000 14.550000
v 15.000000 70.050003 14.550000
v 14.550000 70.050003 14.100000
v 14.550000 61.500000 14.550000
v 14.550000 61.950001 15.000000
v 14.100000 61.950001 14.550000
v 14.550000 70.050003 15.000000
v 14.550000 70.500000 14.550000
v 14.100000 70.050003 14.550000
v 14.550000 61.500000 -14.550000
v 14.100000 61.950001 -14.550000
v 14.550000 61.950001 -15.000000
v 14.550000 70.500000 -14.550000
v 14.550000 70.050003 -15.000000
v 14.100000 70.050003 -14.550000
v 15.450000 61.500000 14.550000
v 15.900000 61.950001 14.550000
v 15.450000 61.950001 15.000000
v 15.450000 70.500000 14.550000
v 15.450000 70.050003 15.000000
v 15.900000 70.050003 14.550000
v 15.450000 61.500000 -14.550000
v 15.450000 61.950001 -15.000000
v 15.900000 61.950001 -14.550000
v 15.450000 70.500000 -14.550000
v 15.900000 70.050003 -14.550000
v 15.450000 70.050003 -15.000000
v -15.450000 61.500000 14.550000
v -15.450000 61.950001 15.000000
v -15.900000 61.950001 14.550000
v -15.450000 70.050003 15.000000
v -15.450000 70.500000 14.550000
v -15.900000 70.050003 14.550000
v -15.450000 61.500000 -14.550000
v -15.900000 61.950001 -14.550000
v -15.450000 61.950001 -15.000000
v -15.450000 70.500000 -14.550000
v -15.450000 70.050003 -15.000000
v -15.900000 70.050003 -14.550000
v -14.550000 61.500000 14.550000
v -14.100000 61.950001 14.550000
v -14.550000 61.950001 15.000000
v -14.550000 70.500000 14.550000
v -14.550000 70.050003 15.000000
v -14.100000 70.050003 14.550000
v -14.550000 61.500000 -14.550000
v -14.550000 61.950001 -15.000000
v -14.100000 61.950001 -14.550000
v -14.550000 70.500000 -14.550000
v -14.100000 70.050003 -14.550000
v -14.550000 70.050003 -15.000000
v 43.499462 42.000000 5.500000
v 43.195248 42.405437 5.050000
v 43.195248 41.594563 5.050000
v 43.499462 42.000000 -5.500000
v 43.195248 41.594563 -5.050001
v 43.195248 42.405437 -5.050001
v 45.193962 38.481339 5.500000
v 44.687302 38.496281 5.050000
v 45.321266 37.990707 5.050000
v 45.193966 38.481339 -5.500000
v 45.321270 37.990707 -5.050001
v 44.687305 38.496281 -5.050001
v 49.001461 37.612297 5.500000
v 48.673889 37.225494 5.050000
v 49.464432 37.405930 5.050000
v 49.001461 37.612301 -5.500000
v 49.464432 37.405933 -5.050001
v 48.673889 37.225498 -5.050001
v 52.054844 40.047291 5.500000
v 52.153019 39.550011 5.050001
v 52.504845 40.280582 5.050001
v 52.054844 40.047291 -5.500000
v 52.504845 40.280582 -5.050000
v 52.153019 39.550011 -5.050000
v 52.054844 43.952709 5.500000
v 52.504845 43.719418 5.050001
v 52.153019 44.449989 5.050001
v 52.054844 43.952709 -5.500000
v 52.153019 44.449989 -5.050000
v 52.504845 43.719418 -5.050000
v 49.001461 46.387699 5.500000
v 49.464432 46.594067 5.050001
v 48.673889 46.774502 5.050001
v 49.001461 46.387703 -5.500000
v 48.673889 46.774506 -5.050000
v 49.464432 46.594070 -5.050000
v 45.193962 45.518661 5.500000
v 45.321266 46.009293 5.050001
v 44.687302 45.503719 5.050001
v 45.193966 45.518661 -5.500000
v 44.687305 45.503719 -5.050000
v 45.321270 46.009293 -5.050000
v 44.568722 40.150082 0.487659
v 44.127560 40.555519 0.170766
v 44.127556 39.744644 0.170767
v 40.761433 40.150082 -9.832446
v 40.631779 39.744644 -9.304967
v 40.631775 40.555519 -9.304966
v 46.158485 36.631420 -0.098837
v 45.527390 36.646362 -0.345660
v 46.122173 36.140789 -0.565087
v 42.351196 36.631420 -10.418941
v 42.626392 36.140789 -10.040819
v 42.031612 36.646362 -9.821393
v 49.730648 35.762379 -1.416678
v 49.267567 35.375576 -1.725485
v 50.009247 35.556011 -1.999105
v 45.923359 35.762383 -11.736783
v 46.513466 35.556015 -11.474837
v 45.771786 35.375580 -11.201217
v 52.595306 38.197372 -2.473505
v 52.531662 37.700092 -2.929672
v 52.861740 38.430664 -3.051445
v 48.788017 38.197372 -12.793611
v 49.365959 38.430664 -12.527177
v 49.035881 37.700092 -12.405404
v 52.595306 42.102791 -2.473505
v 52.861740 41.869499 -3.051444
v 52.531662 42.600071 -2.929673
v 48.788017 42.102791 -12.793610
v 49.035881 42.600071 -12.405404
v 49.365959 41.869499 -12.527177
v 49.730648 44.537781 -1.416677
v 50.009247 44.744148 -1.999104
v 49.267567 44.924583 -1.725484
v 45.923363 44.537785 -11.736781
v 45.771790 44.924587 -11.201215
v 46.513470 44.744152 -11.474835
v 46.158485 43.668743 -0.098836
v 46.122173 44.159374 -0.565086
v 45.527393 43.653801 -0.345660
v 42.351196 43.668743 -10.418941
v 42.031609 43.653801 -9.821392
v 42.626392 44.159374 -10.040818
v 43.837040 37.118031 -4.584966
v 43.313461 37.523468 -4.729578
v 43.313461 36.712593 -4.729578
v 36.693111 37.118031 -12.949430
v 36.754036 36.712593 -12.409677
v 36.754036 37.523468 -12.409676
v 45.125546 33.599369 -5.685457
v 44.448029 33.614311 -5.698589
v 44.930099 33.108738 -6.110317
v 37.981613 33.599369 -14.049920
v 38.370670 33.108738 -13.790417
v 37.888599 33.614311 -13.378689
v 48.020790 32.730328 -8.158230
v 47.479450 32.343525 -8.287669
v 48.080582 32.523960 -8.801085
v 40.876862 32.730331 -16.522696
v 41.521156 32.523964 -16.481184
v 40.920025 32.343529 -15.967770
v 50.342602 35.165325 -10.141244
v 50.125004 34.668041 -10.547186
v 50.392532 35.398613 -10.775679
v 43.198673 35.165325 -18.505707
v 43.833107 35.398613 -18.455776
v 43.565578 34.668041 -18.227285
v 50.342602 39.070736 -10.141245
v 50.392532 38.837448 -10.775679
v 50.125004 39.568020 -10.547187
v 43.198673 39.070736 -18.505707
v 43.565578 39.568020 -18.227285
v 43.833107 38.837448 -18.455776
v 48.020790 41.505730 -8.158230
v 48.080582 41.712097 -8.801086
v 47.479450 41.892532 -8.287669
v 40.876862 41.505733 -16.522694
v 40.920025 41.892536 -15.967769
v 41.521156 41.712101 -16.481184
v 45.125546 40.636692 -5.685455
v 44.930099 41.127323 -6.110317
v 44.448029 40.621750 -5.698589
v 37.981617 40.636692 -14.049920
v 37.888603 40.621750 -13.378688
v 38.370674 41.127323 -13.790417
v 41.394852 33.387630 -9.090811
v 40.853580 33.793068 -9.045263
v 40.853580 32.982193 -9.045264
v 31.797396 33.387630 -14.465646
v 32.041374 32.982193 -13.980340
v 32.041374 33.793068 -13.980339
v 42.222816 29.868969 -10.569254
v 41.582630 29.883909 -10.347075
v 41.892399 29.378340 -10.900208
v 32.625362 29.868969 -15.944088
v 33.080193 29.378340 -15.835284
v 32.770424 29.883909 -15.282151
v 44.083244 28.999929 -13.891284
v 43.530560 28.613125 -13.825356
v 43.916836 28.793562 -14.515100
v 34.485790 28.999929 -19.266119
v 35.104630 28.793562 -19.450174
v 34.718353 28.613125 -18.760429
v 45.575191 31.434919 -16.555346
v 45.230537 30.937641 -16.860884
v 45.402447 31.668213 -17.167849
v 35.977737 31.434919 -21.930180
v 36.590240 31.668213 -22.102924
v 36.418331 30.937641 -21.795959
v 45.575191 35.340340 -16.555346
v 45.402447 35.107048 -17.167849
v 45.230537 35.837620 -16.860884
v 35.977737 35.340340 -21.930180
v 36.418331 35.837620 -21.795959
v 36.590240 35.107048 -22.102924
v 44.083244 37.775330 -13.891282
v 43.916836 37.981697 -14.515100
v 43.530560 38.162132 -13.825355
v 34.485790 37.775333 -19.266117
v 34.718353 38.162136 -18.760429
v 35.104630 37.981701 -19.450174
v 42.222816 36.906292 -10.569253
v 41.892399 37.396923 -10.900208
v 41.582630 36.891350 -10.347075
v 32.625362 36.906292 -15.944088
v 32.770424 36.891350 -15.282150
v 33.080193 37.396923 -15.835284
v 37.544064 29.116409 -12.472873
v 37.052017 29.521845 -12.242799
v 37.052017 28.710974 -12.242799
v 26.679493 29.116409 -14.193651
v 27.076363 28.710974 -13.822786
v 27.076365 29.521845 -13.822786
v 37.809143 25.597748 -14.146508
v 37.285427 25.612688 -13.716485
v 37.384602 25.107119 -14.342645
v 26.944571 25.597748 -15.867287
v 27.408945 25.107119 -15.922632
v 27.309772 25.612688 -15.296473
v 38.404766 24.728708 -17.907135
v 37.909065 24.341904 -17.653986
v 38.032734 24.522341 -18.434795
v 27.540197 24.728708 -19.627913
v 28.057079 24.522339 -20.014782
v 27.933413 24.341904 -19.233976
v 38.882420 27.163700 -20.922924
v 38.453320 26.666420 -21.090286
v 38.508358 27.396992 -21.437778
v 28.017851 27.163700 -22.643702
v 28.532705 27.396992 -23.017767
v 28.477669 26.666420 -22.670275
v 38.882420 31.069118 -20.922924
v 38.508358 30.835827 -21.437778
v 38.453320 31.566399 -21.090286
v 28.017851 31.069118 -22.643702
v 28.477669 31.566399 -22.670275
v 28.532705 30.835827 -23.017767
v 38.404766 33.504108 -17.907133
v 38.032734 33.710476 -18.434797
v 37.909065 33.890911 -17.653986
v 27.540197 33.504112 -19.627911
v 27.933413 33.890915 -19.233974
v 28.057079 33.710480 -20.014782
v 37.809143 32.635071 -14.146508
v 37.384602 33.125702 -14.342645
v 37.285427 32.620129 -13.716485
v 26.944572 32.635071 -15.867288
v 27.309772 32.620129 -15.296472
v 27.408947 33.125702 -15.922632
v 32.760704 24.391964 -14.313070
v 32.378704 24.797400 -13.926910
v 32.378704 23.986528 -13.926910
v 21.972069 24.391964 -12.167077
v 22.472769 23.986528 -11.956498
v 22.472769 24.797400 -11.956498
v 32.430126 20.873302 -15.975009
v 32.087616 20.888243 -15.390296
v 31.963936 20.382673 -16.012081
v 21.641487 20.873302 -13.829017
v 22.058002 20.382673 -14.041668
v 22.181684 20.888243 -13.419885
v 31.687317 20.004263 -19.709352
v 31.309872 19.617458 -19.300278
v 31.155643 19.797895 -20.075632
v 20.898680 20.004263 -17.563360
v 21.249712 19.797895 -18.105221
v 21.403940 19.617458 -17.329866
v 31.091633 22.439255 -22.704063
v 30.631126 21.941975 -22.712561
v 30.562489 22.672546 -23.057625
v 20.302996 22.439255 -20.558071
v 20.656557 22.672546 -21.087215
v 20.725195 21.941975 -20.742149
v 31.091633 26.344673 -22.704063
v 30.562489 26.111382 -23.057625
v 30.631126 26.841953 -22.712561
v 20.302996 26.344673 -20.558071
v 20.725195 26.841953 -20.742151
v 20.656557 26.111382 -21.087215
v 31.687319 28.779665 -19.709352
v 31.155645 28.986032 -20.075630
v 31.309874 29.166470 -19.300278
v 20.898682 28.779665 -17.563360
v 21.403940 29.166470 -17.329866
v 21.249714 28.986032 -18.105221
v 32.430126 27.910625 -15.975009
v 31.963936 28.401255 -16.012079
v 32.087616 27.895685 -15.390297
v 21.641487 27.910625 -13.829017
v 22.181684 27.895685 -13.419885
v 22.058004 28.401255 -14.041668
v 27.636070 19.271818 -14.383923
v 27.411335 19.677254 -13.889413
v 27.411335 18.866383 -13.889414
v 18.257027 19.271818 -8.636442
v 18.799667 18.866383 -8.612182
v 18.799667 19.677254 -8.612182
v 26.750698 15.753157 -15.828720
v 26.631739 15.768096 -15.161599
v 26.300493 15.262526 -15.702144
v 17.371656 15.753158 -10.081240
v 17.688826 15.262527 -10.424911
v 18.020071 15.768097 -9.884367
v 24.761282 14.884118 -19.075151
v 24.548754 14.497313 -18.560720
v 24.135696 14.677749 -19.234770
v 15.382240 14.884118 -13.327671
v 15.524030 14.677749 -13.957538
v 15.937086 14.497313 -13.283490
v 23.165899 17.319105 -21.678587
v 22.730915 16.821827 -21.527170
v 22.547087 17.552399 -21.827150
v 13.786856 17.319107 -15.931107
v 13.935419 17.552401 -16.549919
v 14.119247 16.821829 -16.249939
v 23.165899 21.224529 -21.678587
v 22.547087 20.991236 -21.827150
v 22.730915 21.721807 -21.527170
v 13.786856 21.224529 -15.931107
v 14.119247 21.721809 -16.249939
v 13.935419 20.991238 -16.549919
v 24.761286 23.659519 -19.075151
v 24.135698 23.865887 -19.234770
v 24.548756 24.046324 -18.560720
v 15.382242 23.659519 -13.327671
v 15.937088 24.046324 -13.283490
v 15.524032 23.865887 -13.957537
v 26.750698 22.790480 -15.828720
v 26.300493 23.281109 -15.702144
v 26.631739 22.775539 -15.161599
v 17.371655 22.790482 -10.081240
v 18.020071 22.775541 -9.884368
v 17.688826 23.281111 -10.424912
v 22.803659 13.797332 -12.676682
v 22.763971 14.202768 -12.134951
v 22.763971 13.391895 -12.134951
v 15.993629 13.797332 -4.038192
v 16.511126 13.391895 -4.203248
v 16.511126 14.202768 -4.203249
v 21.472942 10.278670 -13.725733
v 21.592236 10.293610 -13.058673
v 21.094372 9.788039 -13.451156
v 14.662910 10.278670 -5.087245
v 14.841526 9.788041 -5.519453
v 15.339390 10.293611 -5.126969
v 18.482843 9.409632 -16.082935
v 18.461502 9.022826 -15.526741
v 17.840677 9.203261 -16.016159
v 11.672812 9.409633 -7.444447
v 11.587830 9.203263 -8.084457
v 12.208655 9.022827 -7.595039
v 16.084972 11.844619 -17.973263
v 15.729280 11.347343 -17.680651
v 15.452987 12.077912 -17.898462
v 9.274941 11.844622 -9.334775
v 9.200141 12.077913 -9.966760
v 9.476435 11.347343 -9.748947
v 16.084972 15.750043 -17.973263
v 15.452987 15.516750 -17.898462
v 15.729280 16.247320 -17.680651
v 9.274941 15.750043 -9.334775
v 9.476435 16.247322 -9.748947
v 9.200141 15.516751 -9.966760
v 18.482843 18.185032 -16.082933
v 17.840677 18.391401 -16.016159
v 18.461502 18.571836 -15.526741
v 11.672813 18.185034 -7.444447
v 12.208656 18.571838 -7.595039
v 11.587831 18.391401 -8.084458
v 21.472942 17.315994 -13.725734
v 21.094372 17.806623 -13.451156
v 21.592236 17.301054 -13.058672
v 14.662910 17.315994 -5.087246
v 15.339389 17.301054 -5.126970
v 14.841526 17.806623 -5.519454
v 18.860840 7.999999 -9.402374
v 19.011108 8.405436 -8.880391
v 19.011108 7.594563 -8.880391
v 15.461655 8.000000 1.059248
v 15.890038 7.594563 0.725280
v 15.890038 8.405436 0.725279
v 17.249277 4.481337 -9.926002
v 17.592081 4.496278 -9.341460
v 16.989143 3.990708 -9.537367
v 13.850091 4.481339 0.535619
v 13.868073 3.990709 0.068304
v 14.471009 4.496279 0.264210
v 13.628126 3.612300 -11.102586
v 13.800613 3.225494 -10.573383
v 13.048763 3.405931 -10.817675
v 10.228940 3.612301 -0.640964
v 9.927692 3.405931 -1.212004
v 10.679542 3.225495 -0.967713
v 10.724191 6.047289 -12.046132
v 10.491761 5.550010 -11.648495
v 10.157157 6.280581 -11.757215
v 7.325003 6.047290 -1.584511
v 7.036085 6.280581 -2.151544
v 7.370690 5.550011 -2.042825
v 10.724191 9.952710 -12.046132
v 10.157157 9.719419 -11.757215
v 10.491761 10.449988 -11.648495
v 7.325003 9.952711 -1.584511
v 7.370690 10.449989 -2.042825
v 7.036085 9.719419 -2.151544
v 13.628127 12.387699 -11.102586
v 13.048764 12.594069 -10.817675
v 13.800613 12.774505 -10.573383
v 10.228940 12.387700 -0.640965
v 10.679543 12.774506 -0.967714
v 9.927692 12.594069 -1.212004
v 17.249277 11.518661 -9.926003
v 16.989143 12.009292 -9.537368
v 17.592081 11.503721 -9.341461
v 13.850091 11.518661 0.535619
v 14.471008 11.503722 0.264209
v 13.868073 12.009293 0.068303
v 0.000000 62.000000 -1.480385
v -0.389711 62.450001 -1.775000
v 0.389711 62.450001 -1.775000
v 0.000000 78.000000 -1.480385
v 0.389711 77.550003 -1.775000
v -0.389711 77.550003 -1.775000
v 1.282051 62.000000 -0.740192
v 1.342339 62.450001 -1.225000
v 1.732051 62.450001 -0.550000
v 1.282051 78.000000 -0.740192
v 1.732051 77.550003 -0.550000
v 1.342339 77.550003 -1.225000
v 1.282051 62.000000 0.740192
v 1.732051 62.450001 0.550000
v 1.342339 62.450001 1.225000
v 1.282051 78.000000 0.740192
v 1.342339 77.550003 1.225000
v 1.732051 77.550003 0.550000
v 0.000000 62.000000 1.480385
v 0.389711 62.450001 1.775000
v -0.389711 62.450001 1.775000
v 0.000000 78.000000 1.480385
v -0.389711 77.550003 1.775000
v 0.389711 77.550003 1.775000
v -1.282051 62.000000 0.740192
v -1.342339 62.450001 1.225000
v -1.732051 62.450001 0.550000
v -1.282051 78.000000 0.740192
v -1.732051 77.550003 0.550000
v -1.342339 77.550003 1.225000
v -1.282051 62.000000 -0.740192
v -1.732051 62.450001 -0.550000
v -1.342339 62.450001 -1.225000
v -1.282051 78.000000 -0.740192
v -1.342339 77.550003 -1.225000
v -1.732051 77.550003 -0.550000
v -3.355979 75.856918 -7.534126
v -3.144716 76.243637 -8.094428
v 3.355978 88.143082 -10.534125
v 3.144716 87.756371 -10.905575
v -0.050070 74.050896 -6.524743
v 0.407046 74.303307 -7.009980
v 7.978265 85.617920 -9.122819
v 7.929984 85.142159 -9.444500
v 2.370023 72.728790 -3.767064
v 3.007123 72.882874 -4.047208
v 11.362006 83.769363 -5.267065
v 11.433050 83.228424 -5.452794
v 3.255838 72.244865 0.000000
v 3.958812 72.362961 0.000000
v 12.600543 83.092751 0.000000
v 12.715256 82.527954 0.000000
v 2.370022 72.728790 3.767064
v 3.007117 72.882874 4.047206
v 11.362007 83.769363 5.267065
v 11.433045 83.228424 5.452795
v -0.050068 74.050896 6.524743
v 0.407047 74.303307 7.009980
v 7.978262 85.617912 9.122819
v 7.929986 85.142159 9.444501
v -3.355976 75.856926 7.534126
v -3.144716 76.243629 8.094427
v 3.355980 88.143082 10.534125
v 3.144715 87.756363 10.905573
v -6.661887 77.662949 6.524745
v -6.696476 78.183975 7.009980
v -1.266308 90.668243 9.122819
v -1.640555 90.370575 9.444503
v -9.081980 78.985054 3.767064
v -9.296555 79.604401 4.047210
v -4.650047 92.516792 5.267065
v -5.143616 92.284294 5.452792
v -9.967796 79.468979 0.000000
v -10.248243 80.124313 0.000000
v -5.888587 93.193413 0.000000
v -6.425823 92.984779 0.000000
v -9.081979 78.985054 -3.767064
v -9.296549 79.604408 -4.047207
v -4.650048 92.516792 -5.267065
v -5.143612 92.284302 -5.452792
v -6.661885 77.662949 -6.524745
v -6.696478 78.183975 -7.009982
v -1.266304 90.668251 -9.122819
v -1.640556 90.370575 -9.444503
v 14.550000 61.500000 -14.550000
v 15.000000 61.950001 -14.550000
v 14.550000 70.500000 -14.550000
v 15.000000 70.050003 -14.550000
v 14.550000 70.050003 -14.100000
v 14.550000 61.950001 -14.100000
v -14.550000 61.500000 14.550000
v -14.550000 61.500000 15.450000
v -15.000000 61.950001 15.450000
v -15.000000 61.950001 14.550000
v -14.550000 61.950001 15.900000
v -14.550000 70.050003 15.900000
v -15.000000 70.050003 15.450000
v -14.550000 70.500000 15.450000
v -14.550000 70.500000 14.550000
v -15.000000 70.050003 14.550000
v -14.550000 70.050003 14.100000
v -14.550000 61.950001 14.100000
v 14.550000 61.500000 14.550000
v 14.550000 61.950001 14.100000
v 14.550000 70.500000 14.550000
v 14.550000 70.050003 14.100000
v 15.000000 70.050003 14.550000
v 15.000000 61.950001 14.550000
v 14.550000 61.500000 15.450000
v 15.000000 61.950001 15.450000
v 14.550000 70.500000 15.450000
v 15.000000 70.050003 15.450000
v 14.550000 70.050003 15.900000
v 14.550000 61.950001 15.900000
v 14.550000 61.500000 -14.550000
v 14.550000 61.500000 14.550000
v 14.100000 61.950001 14.550000
v 14.100000 61.950001 -14.550000
v 14.550000 61.950001 15.000000
v 14.550000 70.050003 15.000000
v 14.100000 70.050003 14.550000
v 14.550000 70.500000 14.550000
v 14.550000 70.500000 -14.550000
v 14.100000 70.050003 -14.550000
v 14.550000 70.050003 -15.000000
v 14.550000 61.950001 -15.000000
v 15.450000 61.500000 -14.550000
v 15.450000 61.950001 -15.000000
v 15.450000 70.500000 -14.550000
v 15.450000 70.050003 -15.000000
v 15.900000 70.050003 -14.550000
v 15.900000 61.950001 -14.550000
v 15.450000 61.500000 14.550000
v 15.900000 61.950001 14.550000
v 15.450000 70.500000 14.550000
v 15.900000 70.050003 14.550000
v 15.450000 70.050003 15.000000
v 15.450000 61.950001 15.000000
v -15.450000 61.500000 -14.550000
v -15.450000 61.500000 14.550000
v -15.900000 61.950001 14.550000
v -15.900000 61.950001 -14.550000
v -15.450000 61.950001 15.000000
v -15.450000 70.050003 15.000000
v -15.900000 70.050003 14.550000
v -15.450000 70.500000 14.550000
v -15.450000 70.500000 -14.550000
v -15.900000 70.050003 -14.550000
v -15.450000 70.050003 -15.000000
v -15.450000 61.950001 -15.000000
v -14.550000 61.500000 -14.550000
v -14.550000 61.950001 -15.000000
v -14.550000 70.500000 -14.550000
v -14.550000 70.050003 -15.000000
v -14.100000 70.050003 -14.550000
v -14.100000 61.950001 -14.550000
v -14.550000 61.500000 14.550000
v -14.100000 61.950001 14.550000
v -14.550000 70.500000 14.550000
v -14.100000 70.050003 14.550000
v -14.550000 70.050003 15.000000
v -14.550000 61.950001 15.000000
v 32.625362 29.868969 -15.944088
v 34.485790 28.999929 -19.266119
v 45.193962 38.481339 5.500000
v 43.499462 42.000000 5.500000
v 40.761433 40.150082 -9.832446
v 42.351196 36.631420 -10.418941
v 43.499462 42.000000 -5.500000
v 45.193966 38.481339 -5.500000
v 45.923359 35.762383 -11.736783
v 49.001461 37.612297 5.500000
v 36.693111 37.118031 -12.949430
v 37.981613 33.599369 -14.049920
v 49.001461 37.612301 -5.500000
v 52.054844 40.047291 5.500000
v 52.054844 40.047291 -5.500000
v 49.730648 35.762379 -1.416678
v 46.158485 36.631420 -0.098837
v 52.054844 43.952709 5.500000
v 44.568722 40.150082 0.487659
v 52.054844 43.952709 -5.500000
v 40.876862 32.730331 -16.522696
v 49.001461 46.387699 5.500000
v 49.001461 46.387703 -5.500000
v 45.193962 45.518661 5.500000
v 45.193966 45.518661 -5.500000
v 52.595306 38.197372 -2.473505
v 48.788017 38.197372 -12.793611
v 48.020790 32.730328 -8.158230
v 45.125546 33.599369 -5.685457
v 52.595306 42.102791 -2.473505
v 43.837040 37.118031 -4.584966
v 48.788017 42.102791 -12.793610
v 26.679493 29.116409 -14.193651
v 26.944571 25.597748 -15.867287
v 49.730648 44.537781 -1.416677
v 31.797396 33.387630 -14.465646
v 45.923363 44.537785 -11.736781
v 46.158485 43.668743 -0.098836
v 42.351196 43.668743 -10.418941
v 50.342602 35.165325 -10.141244
v 21.972069 24.391964 -12.167077
v 21.641487 20.873302 -13.829017
v 43.198673 35.165325 -18.505707
v 42.222816 29.868969 -10.569254
v 41.394852 33.387630 -9.090811
v 50.342602 39.070736 -10.141245
v 44.083244 28.999929 -13.891284
v 43.198673 39.070736 -18.505707
v 48.020790 41.505730 -8.158230
v 27.540197 24.728708 -19.627913
v 40.876862 41.505733 -16.522694
v 17.371656 15.753158 -10.081240
v 15.382240 14.884118 -13.327671
v 45.125546 40.636692 -5.685455
v 37.981617 40.636692 -14.049920
v 45.575191 31.434919 -16.555346
v 35.977737 31.434919 -21.930180
v 38.404766 24.728708 -17.907135
v 37.809143 25.597748 -14.146508
v 45.575191 35.340340 -16.555346
v 37.544064 29.116409 -12.472873
v 35.977737 35.340340 -21.930180
v 20.898680 20.004263 -17.563360
v 44.083244 37.775330 -13.891282
v 34.485790 37.775333 -19.266117
v 42.222816 36.906292 -10.569253
v 32.625362 36.906292 -15.944088
v 38.882420 27.163700 -20.922924
v 28.017851 27.163700 -22.643702
v 31.687317 20.004263 -19.709352
v 32.430126 20.873302 -15.975009
v 38.882420 31.069118 -20.922924
v 32.760704 24.391964 -14.313070
v 28.017851 31.069118 -22.643702
v 15.993629 13.797332 -4.038192
v 14.662910 10.278670 -5.087245
v 38.404766 33.504108 -17.907133
v 18.257027 19.271818 -8.636442
v 27.540197 33.504112 -19.627911
v 37.809143 32.635071 -14.146508
v 26.944572 32.635071 -15.867288
v 31.091633 22.439255 -22.704063
v 15.461655 8.000000 1.059248
v 13.850091 4.481339 0.535619
v 20.302996 22.439255 -20.558071
v 26.750698 15.753157 -15.828720
v 27.636070 19.271818 -14.383923
v 31.091633 26.344673 -22.704063
v 24.761282 14.884118 -19.075151
v 20.302996 26.344673 -20.558071
v 31.687319 28.779665 -19.709352
v 11.672812 9.409633 -7.444447
v 20.898682 28.779665 -17.563360
v 1.282051 78.000000 -0.740192
v 1.282051 78.000000 0.740192
v 32.430126 27.910625 -15.975009
v 21.641487 27.910625 -13.829017
v 23.165899 17.319105 -21.678587
v 13.786856 17.319107 -15.931107
v 18.482843 9.409632 -16.082935
v 21.472942 10.278670 -13.725733
v 23.165899 21.224529 -21.678587
v 22.803659 13.797332 -12.676682
v 13.786856 21.224529 -15.931107
v 10.228940 3.612301 -0.640964
v 24.761286 23.659519 -19.075151
v 15.382242 23.659519 -13.327671
v 26.750698 22.790480 -15.828720
v 7.929984 85.142159 -9.444500
v 3.144716 87.756371 -10.905575
v 3.355978 88.143082 -10.534125
v 7.978265 85.617920 -9.122819
v 17.371655 22.790482 -10.081240
v 16.084972 11.844619 -17.973263
v 9.274941 11.844622 -9.334775
v 13.628126 3.612300 -11.102586
v 17.249277 4.481337 -9.926002
v 16.084972 15.750043 -17.973263
v 18.860840 7.999999 -9.402374
v 9.274941 15.750043 -9.334775
v 18.482843 18.185032 -16.082933
v 0.000000 78.000000 -1.480385
v 11.672813 18.185034 -7.444447
v 21.472942 17.315994 -13.725734
v 14.662910 17.315994 -5.087246
v 10.724191 6.047289 -12.046132
v 7.325003 6.047290 -1.584511
v 1.282051 62.000000 -0.740192
v 0.000000 62.000000 -1.480385
v 10.724191 9.952710 -12.046132
v 1.282051 62.000000 0.740192
v 7.325003 9.952711 -1.584511
v 13.628127 12.387699 -11.102586
v 10.228940 12.387700 -0.640965
v 11.433050 83.228424 -5.452794
v 11.362006 83.769363 -5.267065
v 17.249277 11.518661 -9.926003
v 13.850091 11.518661 0.535619
v 0.000000 62.000000 1.480385
v 0.000000 78.000000 1.480385
v -1.282051 62.000000 0.740192
v -1.282051 78.000000 0.740192
v -1.282051 62.000000 -0.740192
v -1.282051 78.000000 -0.740192
v 12.715256 82.527954 0.000000
v 12.600543 83.092751 0.000000
v 11.433045 83.228424 5.452795
v 11.362007 83.769363 5.267065
v 7.929986 85.142159 9.444501
v 7.978262 85.617912 9.122819
v 3.144715 87.756363 10.905573
v 3.355980 88.143082 10.534125
v -1.640555 90.370575 9.444503
v -1.266308 90.668243 9.122819
v -5.143616 92.284294 5.452792
v -4.650047 92.516792 5.267065
v -6.425823 92.984779 0.000000
v -5.888587 93.193413 0.000000
v -5.143612 92.284302 -5.452792
v -4.650048 92.516792 -5.267065
v -1.640556 90.370575 -9.444503
v -1.266304 90.668251 -9.122819
vn 0.7588 -0.4606 -0.4606
vn 0.7588 0.4606 -0.4606
vn 0.4606 0.4606 -0.7588
vn 0.4606 0.7588 -0.4606
vn 0.4606 -0.4606 -0.7588
vn 0.4606 -0.7588 -0.4606
vn -0.4606 -0.4606 -0.7588
vn -0.4606 0.4606 -0.7588
vn -0.7588 0.4606 -0.4606
vn -0.4606 0.7588 -0.4606
vn -0.4606 0.7588 0.4606
vn -0.7588 0.4606 0.4606
vn -0.4606 0.4606 0.7588
vn -0.4606 -0.4606 0.7588
vn -0.7588 -0.4606 -0.4606
vn -0.7588 -0.4606 0.4606
vn -0.4606 -0.7588 0.4606
vn -0.4606 -0.7588 -0.4606
vn 0.4606 -0.4606 0.7588
vn 0.4606 0.4606 0.7588
vn 0.7588 0.4606 0.4606
vn 0.4606 0.7588 0.4606
vn 0.7588 -0.4606 0.4606
vn 0.4606 -0.7588 0.4606
vn -0.0000 -0.0000 1.0000
vn -0.0000 1.0000 -0.0000
vn -0.5714 0.6825 -0.4557
vn -0.5715 -0.6825 -0.4557
vn -0.7126 0.6825 0.1626
vn -0.7126 -0.6825 0.1626
vn -0.3171 0.6825 0.6585
vn -0.3171 -0.6825 0.6585
vn 0.3171 0.6825 0.6585
vn 0.3171 -0.6825 0.6585
vn -0.5715 0.6825 -0.4557
vn 0.7126 -0.6825 0.1626
vn -0.0000 -0.6825 -0.7309
vn 0.5715 -0.6825 -0.4557
vn -0.0000 0.6825 -0.7309
vn 0.7126 0.6825 0.1626
vn 0.5714 0.6825 -0.4557
vn 0.5715 0.6825 -0.4557
vn -1.0000 -0.0000 -0.0000
vn -0.0000 -1.0000 -0.0000
vn -0.2323 -0.3435 -0.9100
vn 0.2323 -0.3435 -0.9100
vn 0.2323 0.3435 -0.9100
vn -0.2323 0.3435 -0.9100
vn 0.5667 -0.3434 -0.7490
vn 0.8563 -0.3434 -0.3858
vn 0.8563 0.3434 -0.3858
vn 0.5667 0.3434 -0.7490
vn 0.9389 -0.3435 -0.0239
vn 0.8355 -0.3434 0.4289
vn 0.8355 0.3434 0.4289
vn 0.9389 0.3435 -0.0239
vn 0.6041 -0.3434 0.7191
vn 0.1856 -0.3434 0.9207
vn 0.1856 0.3434 0.9207
vn 0.6041 0.3434 0.7191
vn -0.1856 -0.3434 0.9207
vn -0.6041 -0.3435 0.7191
vn -0.6041 0.3434 0.7191
vn -0.1856 0.3435 0.9207
vn -0.8355 -0.3434 0.4289
vn -0.9389 -0.3435 -0.0239
vn -0.9389 0.3434 -0.0239
vn -0.8355 0.3434 0.4289
vn -0.8563 -0.3434 -0.3858
vn -0.5667 -0.3434 -0.7490
vn -0.5667 0.3434 -0.7490
vn -0.8563 0.3434 -0.3858
vn 0.2323 -0.3434 -0.9100
vn 0.5666 -0.3434 -0.7490
vn 0.9389 -0.3434 -0.0239
vn -0.2323 -0.3434 -0.9100
vn 0.2323 0.3434 -0.9100
vn 0.5667 0.3435 -0.7490
vn 0.9389 0.3434 -0.0239
vn 0.6041 -0.3435 0.7191
vn 0.1856 -0.3435 0.9207
vn 0.1856 0.3435 0.9207
vn 0.6041 0.3435 0.7191
vn -0.6041 0.3435 0.7191
vn -0.5666 -0.3434 -0.7490
vn -0.8563 0.3435 -0.3858
vn -0.2323 0.3434 -0.9100
vn 0.8563 -0.3435 -0.3858
vn 0.8563 0.3435 -0.3858
vn -0.9389 -0.3434 -0.0239
vn -0.5667 0.3435 -0.7490
vn -0.0000 -0.0000 -1.0000
vn 1.0000 -0.0000 -0.0000
vn -0.9100 0.2323 0.3434
vn -0.9100 -0.2323 0.3435
vn -0.9100 -0.2323 -0.3435
vn -0.9100 0.2323 -0.3435
vn -0.7490 -0.5667 0.3434
vn -0.3858 -0.8563 0.3435
vn -0.3858 -0.8563 -0.3435
vn -0.7490 -0.5667 -0.3434
vn -0.0239 -0.9389 0.3434
vn 0.4289 -0.8355 0.3435
vn 0.4289 -0.8355 -0.3434
vn -0.0239 -0.9389 -0.3434
vn 0.7191 -0.6041 0.3434
vn 0.9207 -0.1856 0.3435
vn 0.9207 -0.1856 -0.3435
vn 0.7191 -0.6041 -0.3435
vn 0.9207 0.1856 0.3435
vn 0.7191 0.6041 0.3435
vn 0.7191 0.6041 -0.3435
vn 0.9207 0.1856 -0.3435
vn 0.4289 0.8355 0.3434
vn -0.0239 0.9389 0.3434
vn -0.0239 0.9389 -0.3434
vn 0.4289 0.8355 -0.3434
vn -0.3858 0.8563 0.3435
vn -0.7490 0.5666 0.3435
vn -0.7490 0.5667 -0.3434
vn -0.3858 0.8563 -0.3435
vn 0.3461 -0.0000 0.9382
vn -0.7349 0.2323 0.6372
vn -0.7349 -0.2323 0.6372
vn -0.3461 -0.0000 -0.9382
vn -0.9726 -0.2323 -0.0073
vn -0.9726 0.2323 -0.0072
vn -0.5838 -0.5667 0.5814
vn -0.2431 -0.8563 0.4557
vn -0.4808 -0.8563 -0.1887
vn -0.8215 -0.5666 -0.0630
vn 0.0964 -0.9389 0.3305
vn 0.5213 -0.8355 0.1738
vn 0.2835 -0.8355 -0.4707
vn -0.1413 -0.9389 -0.3139
vn 0.7935 -0.6041 0.0733
vn 0.9826 -0.1856 0.0036
vn 0.7449 -0.1856 -0.6409
vn 0.5558 -0.6041 -0.5711
vn 0.9826 0.1856 0.0036
vn 0.7935 0.6041 0.0733
vn 0.5558 0.6041 -0.5711
vn 0.7449 0.1856 -0.6409
vn 0.5213 0.8355 0.1738
vn 0.0964 0.9389 0.3305
vn -0.1413 0.9389 -0.3139
vn 0.2835 0.8355 -0.4707
vn -0.2431 0.8563 0.4558
vn -0.5838 0.5666 0.5814
vn -0.8215 0.5667 -0.0630
vn -0.4808 0.8563 -0.1887
vn 0.6494 -0.0000 0.7604
vn -0.4689 0.2323 0.8522
vn -0.4689 -0.2323 0.8522
vn -0.6494 -0.0000 -0.7604
vn -0.9150 -0.2323 0.3298
vn -0.9150 0.2323 0.3298
vn -0.3465 -0.5667 0.7476
vn -0.0703 -0.8563 0.5117
vn -0.5164 -0.8563 -0.0106
vn -0.7926 -0.5666 0.2253
vn 0.2048 -0.9389 0.2767
vn 0.5492 -0.8355 -0.0174
vn 0.1031 -0.8355 -0.5397
vn -0.2413 -0.9389 -0.2456
vn 0.7699 -0.6041 -0.2059
vn 0.9231 -0.1856 -0.3368
vn 0.4770 -0.1856 -0.8591
vn 0.3238 -0.6041 -0.7282
vn 0.9231 0.1856 -0.3368
vn 0.7699 0.6041 -0.2059
vn 0.3238 0.6041 -0.7282
vn 0.4770 0.1856 -0.8591
vn 0.5492 0.8355 -0.0174
vn 0.2048 0.9389 0.2767
vn -0.2413 0.9389 -0.2456
vn 0.1031 0.8355 -0.5397
vn -0.0703 0.8563 0.5117
vn -0.3465 0.5666 0.7476
vn -0.7926 0.5667 0.2252
vn -0.5164 0.8563 -0.0106
vn 0.8725 -0.0000 0.4886
vn -0.1450 0.2323 0.9618
vn -0.1450 -0.2323 0.9618
vn -0.8725 -0.0000 -0.4886
vn -0.7443 -0.2323 0.6262
vn -0.7443 0.2323 0.6262
vn -0.0663 -0.5667 0.8213
vn 0.1112 -0.8563 0.5044
vn -0.4882 -0.8563 0.1688
vn -0.6656 -0.5667 0.4857
vn 0.2880 -0.9389 0.1887
vn 0.5092 -0.8355 -0.2064
vn -0.0901 -0.8355 -0.5421
vn -0.3114 -0.9389 -0.1469
vn 0.6510 -0.6041 -0.4596
vn 0.7495 -0.1856 -0.6355
vn 0.1502 -0.1856 -0.9711
vn 0.0517 -0.6041 -0.7952
vn 0.7495 0.1856 -0.6354
vn 0.6510 0.6041 -0.4596
vn 0.0517 0.6041 -0.7952
vn 0.1502 0.1856 -0.9711
vn 0.5092 0.8355 -0.2064
vn 0.2880 0.9389 0.1887
vn -0.3114 0.9389 -0.1469
vn -0.0901 0.8355 -0.5421
vn 0.1112 0.8563 0.5044
vn -0.0663 0.5667 0.8213
vn -0.6656 0.5667 0.4857
vn -0.4882 0.8563 0.1688
vn 0.9877 -0.0000 0.1564
vn 0.1969 0.2323 0.9525
vn 0.1969 -0.2323 0.9525
vn -0.9877 -0.0000 -0.1564
vn -0.4816 -0.2323 0.8451
vn -0.4816 0.2323 0.8451
vn 0.2221 -0.5667 0.7935
vn 0.2789 -0.8563 0.4348
vn -0.3996 -0.8563 0.3273
vn -0.4564 -0.5667 0.6860
vn 0.3355 -0.9389 0.0774
vn 0.4063 -0.8355 -0.3699
vn -0.2721 -0.8355 -0.4774
vn -0.3430 -0.9389 -0.0301
vn 0.4517 -0.6041 -0.6565
vn 0.4832 -0.1856 -0.8556
vn -0.1952 -0.1856 -0.9630
vn -0.2267 -0.6041 -0.7640
vn 0.4832 0.1856 -0.8556
vn 0.4517 0.6041 -0.6565
vn -0.2267 0.6041 -0.7640
vn -0.1952 0.1856 -0.9630
vn 0.4063 0.8355 -0.3699
vn 0.3355 0.9389 0.0774
vn -0.3430 0.9389 -0.0301
vn -0.2721 0.8355 -0.4774
vn 0.2789 0.8563 0.4348
vn 0.2221 0.5667 0.7935
vn -0.4564 0.5667 0.6860
vn -0.3996 0.8563 0.3273
vn 0.9808 -0.0000 -0.1951
vn 0.5144 0.2323 0.8255
vn 0.5144 -0.2323 0.8255
vn -0.9808 -0.0000 0.1951
vn -0.1593 -0.2323 0.9595
vn -0.1593 0.2323 0.9595
vn 0.4830 -0.5667 0.6676
vn 0.4121 -0.8563 0.3114
vn -0.2616 -0.8563 0.4454
vn -0.1907 -0.5667 0.8016
vn 0.3415 -0.9389 -0.0435
vn 0.2532 -0.8355 -0.4877
vn -0.4205 -0.8355 -0.3537
vn -0.3322 -0.9389 0.0905
vn 0.1966 -0.6041 -0.7723
vn 0.1572 -0.1856 -0.9700
vn -0.5165 -0.1856 -0.8360
vn -0.4771 -0.6041 -0.6383
vn 0.1572 0.1856 -0.9700
vn 0.1966 0.6041 -0.7723
vn -0.4771 0.6041 -0.6383
vn -0.5165 0.1856 -0.8360
vn 0.2532 0.8355 -0.4877
vn 0.3415 0.9389 -0.0435
vn -0.3322 0.9389 0.0905
vn -0.4205 0.8355 -0.3537
vn 0.4121 0.8563 0.3114
vn 0.4830 0.5667 0.6676
vn -0.1907 0.5667 0.8016
vn -0.2616 0.8563 0.4454
vn 0.8526 -0.0000 -0.5225
vn 0.7683 0.2323 0.5964
vn 0.7683 -0.2323 0.5965
vn -0.8526 -0.0000 0.5225
vn 0.1826 -0.2323 0.9554
vn 0.1826 0.2323 0.9554
vn 0.6842 -0.5667 0.4591
vn 0.4944 -0.8563 0.1495
vn -0.0913 -0.8563 0.5084
vn 0.0985 -0.5666 0.8181
vn 0.3053 -0.9389 -0.1590
vn 0.0687 -0.8355 -0.5452
vn -0.5170 -0.8355 -0.1863
vn -0.2803 -0.9389 0.1999
vn -0.0829 -0.6041 -0.7926
vn -0.1882 -0.1856 -0.9644
vn -0.7739 -0.1856 -0.6055
vn -0.6686 -0.6041 -0.4337
vn -0.1882 0.1856 -0.9644
vn -0.0829 0.6041 -0.7926
vn -0.6686 0.6041 -0.4337
vn -0.7739 0.1856 -0.6055
vn 0.0687 0.8355 -0.5452
vn 0.3053 0.9389 -0.1590
vn -0.2803 0.9389 0.1999
vn -0.5170 0.8355 -0.1863
vn 0.4944 0.8563 0.1495
vn 0.6842 0.5667 0.4591
vn 0.0985 0.5667 0.8180
vn -0.0913 0.8563 0.5084
vn 0.6191 -0.0000 -0.7853
vn 0.9273 0.2323 0.2937
vn 0.9273 -0.2323 0.2937
vn -0.6191 -0.0000 0.7853
vn 0.5020 -0.2323 0.8331
vn 0.5020 0.2323 0.8331
vn 0.8008 -0.5666 0.1940
vn 0.5156 -0.8563 -0.0309
vn 0.0903 -0.8563 0.5085
vn 0.3755 -0.5667 0.7334
vn 0.2314 -0.9389 -0.2549
vn -0.1242 -0.8355 -0.5353
vn -0.5495 -0.8355 0.0042
vn -0.1938 -0.9389 0.2845
vn -0.3521 -0.6041 -0.7149
vn -0.5104 -0.1856 -0.8397
vn -0.9356 -0.1856 -0.3003
vn -0.7774 -0.6041 -0.1755
vn -0.5104 0.1856 -0.8397
vn -0.3521 0.6041 -0.7149
vn -0.7774 0.6041 -0.1755
vn -0.9356 0.1856 -0.3003
vn -0.1242 0.8355 -0.5353
vn 0.2314 0.9389 -0.2549
vn -0.1938 0.9389 0.2845
vn -0.5495 0.8355 0.0042
vn 0.5156 0.8563 -0.0309
vn 0.8008 0.5667 0.1940
vn 0.3755 0.5666 0.7334
vn 0.0903 0.8563 0.5086
vn 0.3090 -0.0000 -0.9511
vn 0.9716 0.2323 -0.0454
vn 0.9716 -0.2323 -0.0454
vn -0.3090 -0.0000 0.9511
vn 0.7593 -0.2323 0.6079
vn 0.7593 0.2323 0.6078
vn 0.8184 -0.5667 -0.0952
vn 0.4730 -0.8563 -0.2074
vn 0.2608 -0.8563 0.4459
vn 0.6062 -0.5667 0.5581
vn 0.1289 -0.9389 -0.3192
vn -0.3018 -0.8355 -0.4592
vn -0.5141 -0.8355 0.1941
vn -0.0834 -0.9389 0.3340
vn -0.5778 -0.6041 -0.5489
vn -0.7695 -0.1856 -0.6111
vn -0.9817 -0.1856 0.0421
vn -0.7900 -0.6041 0.1044
vn -0.7695 0.1856 -0.6111
vn -0.5778 0.6041 -0.5489
vn -0.7900 0.6041 0.1044
vn -0.9817 0.1856 0.0421
vn -0.3018 0.8355 -0.4592
vn 0.1289 0.9389 -0.3192
vn -0.0834 0.9389 0.3340
vn -0.5141 0.8355 0.1941
vn 0.4730 0.8563 -0.2074
vn 0.8184 0.5666 -0.0952
vn 0.6062 0.5667 0.5581
vn 0.2608 0.8563 0.4459
vn -0.2677 -0.3400 -0.9015
vn 0.2677 -0.3400 -0.9015
vn 0.2677 0.3400 -0.9015
vn -0.2677 0.3400 -0.9015
vn 0.6469 -0.3400 -0.6826
vn 0.9146 -0.3400 -0.2189
vn 0.9146 0.3400 -0.2189
vn 0.6469 0.3400 -0.6826
vn 0.9146 -0.3400 0.2189
vn 0.6469 -0.3400 0.6826
vn 0.6469 0.3400 0.6826
vn 0.9146 0.3400 0.2189
vn 0.2677 -0.3400 0.9015
vn -0.2677 -0.3400 0.9015
vn -0.2677 0.3400 0.9015
vn 0.2677 0.3400 0.9015
vn -0.6469 -0.3400 0.6826
vn -0.9146 -0.3400 0.2189
vn -0.9146 0.3400 0.2189
vn -0.6469 0.3400 0.6826
vn -0.9146 -0.3400 -0.2189
vn -0.6469 -0.3400 -0.6826
vn -0.6469 0.3400 -0.6826
vn -0.9146 0.3400 -0.2189
vn -0.4446 -0.8139 -0.3739
vn -0.2423 -0.4436 -0.8628
vn 0.4794 0.8776 -0.0000
vn -0.1005 -0.1839 -0.9778
vn -0.2806 -0.9036 -0.3238
vn 0.1363 -0.6505 -0.7472
vn 0.3286 -0.4183 -0.8468
vn -0.1604 -0.9692 -0.1870
vn 0.4134 -0.8019 -0.4314
vn 0.6427 -0.5899 -0.4889
vn -0.1165 -0.9932 -0.0000
vn 0.5148 -0.8573 -0.0000
vn 0.7576 -0.6527 -0.0000
vn -0.1604 -0.9692 0.1870
vn 0.4134 -0.8019 0.4314
vn 0.6427 -0.5899 0.4889
vn -0.2806 -0.9036 0.3238
vn 0.1363 -0.6505 0.7472
vn 0.3286 -0.4183 0.8468
vn -0.4446 -0.8139 0.3739
vn -0.2424 -0.4436 0.8628
vn -0.1005 -0.1839 0.9778
vn -0.6087 -0.7243 0.3238
vn -0.6210 -0.2368 0.7472
vn -0.5295 0.0505 0.8468
vn -0.7288 -0.6587 0.1870
vn -0.8981 -0.0854 0.4314
vn -0.8436 0.2221 0.4889
vn -0.7728 -0.6346 -0.0000
vn -0.9996 -0.0300 -0.0000
vn -0.9586 0.2849 -0.0000
vn -0.7288 -0.6587 -0.1870
vn -0.8981 -0.0854 -0.4314
vn -0.8436 0.2221 -0.4889
vn -0.6087 -0.7243 -0.3238
vn -0.6210 -0.2368 -0.7472
vn -0.5295 0.0505 -0.8468
vn -0.8181 -0.5715 0.0641
vn -0.5160 -0.7126 -0.4754
vn -0.4557 -0.5715 0.6825
vn -0.7309 -0.0000 0.6825
vn -0.9220 -0.0000 -0.3873
vn -0.6638 -0.5715 -0.4825
vn -0.7309 -0.0000 -0.6825
vn -0.4557 -0.5715 -0.6825
vn -0.0836 -0.7126 -0.6966
vn 0.1626 -0.7126 0.6825
vn -0.9990 -0.0000 -0.0443
vn -0.7898 -0.5715 -0.2230
vn 0.1626 -0.7126 -0.6825
vn 0.6585 -0.3171 0.6825
vn 0.6585 -0.3171 -0.6825
vn 0.3888 -0.7126 0.5840
vn -0.1913 -0.5715 0.7980
vn 0.6585 0.3171 0.6825
vn -0.4495 -0.0000 0.8933
vn 0.6585 0.3171 -0.6825
vn -0.3196 -0.7126 -0.6246
vn 0.1626 0.7126 0.6825
vn 0.1626 0.7126 -0.6825
vn -0.4557 0.5715 0.6825
vn -0.4557 0.5715 -0.6825
vn 0.8540 -0.3171 0.4124
vn 0.3816 -0.3171 -0.8682
vn 0.5669 -0.7126 0.4133
vn 0.0967 -0.5714 0.8149
vn 0.8540 0.3171 0.4124
vn -0.1126 -0.0000 0.9936
vn 0.3816 0.3171 -0.8682
vn -0.7884 -0.0000 0.6152
vn -0.7454 -0.5715 0.3433
vn 0.3888 0.7126 0.5840
vn -0.9526 -0.0000 0.3043
vn -0.0836 0.7126 -0.6966
vn -0.1913 0.5715 0.7980
vn -0.6638 0.5715 -0.4825
vn 0.9440 -0.3171 0.0913
vn -0.5268 -0.0000 0.8500
vn -0.5804 -0.5715 0.5801
vn 0.0575 -0.3171 -0.9466
vn 0.3728 -0.5715 0.7311
vn 0.2383 -0.0000 0.9712
vn 0.9440 0.3171 0.0913
vn 0.6749 -0.7126 0.1916
vn 0.0575 0.3171 -0.9466
vn 0.5669 0.7126 0.4133
vn -0.6486 -0.7126 -0.2674
vn -0.3196 0.7126 -0.6246
vn -0.3438 -0.5715 0.7452
vn -0.6669 -0.7126 0.2179
vn 0.0967 0.5715 0.8149
vn -0.7898 0.5714 -0.2230
vn 0.9172 -0.3171 -0.2411
vn -0.2737 -0.3171 -0.9080
vn 0.6995 -0.7126 -0.0539
vn 0.6028 -0.5715 0.5569
vn 0.9172 0.3171 -0.2411
vn 0.5597 -0.0000 0.8287
vn -0.2737 0.3171 -0.9080
vn -0.7011 -0.7126 -0.0264
vn 0.6749 0.7126 0.1916
vn -0.5160 0.7126 -0.4754
vn 0.3728 0.5715 0.7311
vn -0.8181 0.5715 0.0641
vn 0.7771 -0.3171 -0.5437
vn -0.5711 -0.3171 -0.7572
vn 0.6376 -0.7126 -0.2927
vn 0.7583 -0.5715 0.3138
vn 0.7771 0.3171 -0.5437
vn 0.8120 -0.0000 0.5837
vn -0.5710 0.3171 -0.7572
vn 0.1515 -0.0000 0.9885
vn -0.0646 -0.5715 0.8181
vn 0.6995 0.7126 -0.0539
vn -0.2000 -0.0000 0.9798
vn -0.6486 0.7126 -0.2674
vn 0.6028 0.5715 0.5569
vn -0.7454 0.5715 0.3433
vn 0.5409 -0.3171 -0.7790
vn 0.4842 -0.0000 0.8749
vn 0.2225 -0.5715 0.7899
vn -0.7978 -0.3171 -0.5127
vn 0.8200 -0.5715 0.0320
vn 0.9638 -0.0000 0.2666
vn 0.5409 0.3171 -0.7790
vn 0.4969 -0.7126 -0.4953
vn -0.7978 0.3171 -0.5127
vn 0.6376 0.7126 -0.2927
vn -0.5502 -0.7126 0.4353
vn -0.7011 0.7126 -0.0264
vn 0.6265 0.6904 -0.3617
vn 0.6265 0.6904 0.3617
vn 0.7583 0.5715 0.3138
vn -0.5804 0.5715 0.5801
vn 0.2378 -0.3171 -0.9181
vn -0.9260 -0.3171 -0.2049
vn 0.2948 -0.7126 -0.6366
vn 0.7804 -0.5715 -0.2538
vn 0.2378 0.3171 -0.9181
vn 0.9965 -0.0000 -0.0834
vn -0.9260 0.3171 -0.2049
vn -0.3656 -0.7126 0.5988
vn 0.4969 0.7126 -0.4953
vn -0.6669 0.7126 0.2179
vn 0.8200 0.5715 0.0320
vn 0.6445 0.3823 -0.6622
vn 0.3090 0.5656 -0.7646
vn -0.3438 0.5715 0.7452
vn -0.0946 -0.3171 -0.9436
vn -0.9397 -0.3171 0.1283
vn 0.0562 -0.7126 -0.6993
vn 0.6443 -0.5715 -0.5082
vn -0.0946 0.3171 -0.9436
vn 0.9060 -0.0000 -0.4232
vn -0.9397 0.3171 0.1283
vn 0.2948 0.7126 -0.6366
vn -0.0000 0.6904 -0.7235
vn -0.5502 0.7126 0.4353
vn 0.7804 0.5715 -0.2538
vn -0.0646 0.5715 0.8181
vn -0.4154 -0.3171 -0.8526
vn -0.8372 -0.3171 0.4456
vn 0.6265 -0.6904 -0.3617
vn -0.0000 -0.6904 -0.7235
vn -0.4154 0.3171 -0.8526
vn 0.6265 -0.6904 0.3617
vn -0.8372 0.3171 0.4456
vn 0.0562 0.7126 -0.6993
vn -0.3656 0.7126 0.5988
vn 0.8901 0.2482 -0.3823
vn 0.6443 0.5715 -0.5082
vn 0.2225 0.5715 0.7899
vn -0.0000 -0.6904 0.7235
vn -0.0000 0.6904 0.7235
vn -0.6265 -0.6904 0.3617
vn -0.6265 0.6904 0.3617
vn -0.6265 -0.6904 -0.3617
vn -0.6265 0.6904 -0.3617
vn 0.9800 0.1990 -0.0000
vn 0.8901 0.2482 0.3823
vn 0.6445 0.3823 0.6622
vn 0.3090 0.5656 0.7646
vn -0.0265 0.7489 0.6622
vn -0.2721 0.8831 0.3823
vn -0.3620 0.9322 -0.0000
vn -0.2721 0.8831 -0.3823
vn -0.0265 0.7489 -0.6622
vt -1.034517 3.600000
vt -1.040882 3.577500
vt -1.009184 3.577500
vt -1.054430 3.600000
vt -1.066095 3.577500
vt -1.029567 3.577500
vt -1.145570 0.000000
vt -1.133905 0.022500
vt -1.170433 0.022500
vt -1.054430 0.000000
vt -1.029567 0.022500
vt -1.066095 0.022500
vt -1.123371 3.600000
vt -1.146519 3.577500
vt -1.106992 3.577500
vt -1.034517 0.000000
vt -1.009184 0.022500
vt -1.040882 0.022500
vt 1.145570 0.000000
vt 1.170433 0.022500
vt 1.133905 0.022500
vt 1.100000 3.600000
vt 1.120272 3.577500
vt 1.079728 3.577500
vt -1.123371 0.000000
vt -1.106992 0.022500
vt -1.146519 0.022500
vt 1.100000 0.000000
vt 1.079728 0.022500
vt 1.120272 0.022500
vt -1.040882 0.022500
vt -1.009184 0.022500
vt -1.100000 3.600000
vt -1.079728 3.577500
vt -1.120272 3.577500
vt -1.100000 0.000000
vt -1.120272 0.022500
vt -1.079728 0.022500
vt -1.146519 0.022500
vt -1.106992 0.022500
vt -1.177500 -1.177500
vt -1.177500 -1.200000
vt -1.200000 -1.177500
vt -1.145570 3.600000
vt -1.170433 3.577500
vt -1.133905 3.577500
vt 1.145570 3.600000
vt 1.133905 3.577500
vt 1.170433 3.577500
vt 1.054430 0.000000
vt 1.066095 0.022500
vt 1.029567 0.022500
vt 1.054430 3.600000
vt 1.029567 3.577500
vt 1.066095 3.577500
vt 1.165483 0.000000
vt 1.190816 0.022500
vt 1.159118 0.022500
vt 1.165483 3.600000
vt 1.159118 3.577500
vt 1.190816 3.577500
vt 1.076629 0.000000
vt 1.093008 0.022500
vt 1.053481 0.022500
vt 1.076629 3.600000
vt 1.053481 3.577500
vt 1.093008 3.577500
vt 1.053481 0.022500
vt 1.093008 0.022500
vt 1.159118 0.022500
vt 1.190816 0.022500
vt -1.177500 1.177500
vt -1.200000 1.177500
vt -1.177500 1.200000
vt 1.177500 -1.177500
vt 1.200000 -1.177500
vt 1.177500 -1.200000
vt 1.177500 1.177500
vt 1.177500 1.200000
vt 1.200000 1.177500
vt -1.177500 1.155000
vt -1.177500 1.222500
vt -1.200000 1.222500
vt -1.177500 1.245000
vt 1.177500 1.155000
vt 1.177500 1.222500
vt 1.177500 1.245000
vt 1.200000 1.222500
vt -1.177500 -1.222500
vt -1.177500 -1.245000
vt -1.200000 -1.222500
vt -1.177500 -1.155000
vt 1.177500 -1.222500
vt 1.200000 -1.222500
vt 1.177500 -1.245000
vt 1.177500 -1.155000
vt 1.155000 -1.177500
vt 1.155000 1.177500
vt 1.222500 -1.177500
vt 1.245000 -1.177500
vt 1.222500 -1.200000
vt 1.222500 1.177500
vt 1.222500 1.200000
vt 1.245000 1.177500
vt -1.222500 -1.177500
vt -1.222500 -1.200000
vt -1.245000 -1.177500
vt -1.222500 1.177500
vt -1.245000 1.177500
vt -1.222500 1.200000
vt -1.155000 -1.177500
vt -1.155000 1.177500
vt -0.977500 -0.977500
vt -0.977500 -1.000000
vt -1.000000 -0.977500
vt -0.977500 0.977500
vt -1.000000 0.977500
vt -0.977500 1.000000
vt 0.977500 -0.977500
vt 1.000000 -0.977500
vt 0.977500 -1.000000
vt 0.977500 0.977500
vt 0.977500 1.000000
vt 1.000000 0.977500
vt -0.977500 0.977500
vt -0.977500 0.955000
vt -1.000000 0.977500
vt -0.977500 1.022500
vt -1.000000 1.022500
vt -0.977500 1.045000
vt 0.977500 0.977500
vt 1.000000 0.977500
vt 0.977500 0.955000
vt 0.977500 1.022500
vt 0.977500 1.045000
vt 1.000000 1.022500
vt -0.977500 -1.022500
vt -0.977500 -1.045000
vt -1.000000 -1.022500
vt -0.977500 -0.977500
vt -1.000000 -0.977500
vt -0.977500 -0.955000
vt 0.977500 -1.022500
vt 1.000000 -1.022500
vt 0.977500 -1.045000
vt 0.977500 -0.977500
vt 0.977500 -0.955000
vt 1.000000 -0.977500
vt 0.977500 -0.977500
vt 0.977500 -1.000000
vt 0.955000 -0.977500
vt 0.977500 0.977500
vt 0.955000 0.977500
vt 0.977500 1.000000
vt 1.022500 -0.977500
vt 1.045000 -0.977500
vt 1.022500 -1.000000
vt 1.022500 0.977500
vt 1.022500 1.000000
vt 1.045000 0.977500
vt -1.022500 -0.977500
vt -1.022500 -1.000000
vt -1.045000 -0.977500
vt -1.022500 0.977500
vt -1.045000 0.977500
vt -1.022500 1.000000
vt -0.977500 -0.977500
vt -0.955000 -0.977500
vt -0.977500 -1.000000
vt -0.977500 0.977500
vt -0.977500 1.000000
vt -0.955000 0.977500
vt -0.727500 2.935000
vt -0.750000 2.957500
vt -0.727500 2.957500
vt -0.750000 3.042500
vt -0.727500 3.065000
vt -0.727500 3.042500
vt 0.727500 2.935000
vt 0.727500 2.957500
vt 0.750000 2.957500
vt 0.727500 3.065000
vt 0.750000 3.042500
vt 0.727500 3.042500
vt 0.727500 3.075000
vt 0.705000 3.097500
vt 0.727500 3.097500
vt -0.727500 0.705000
vt -0.727500 0.727500
vt -0.750000 0.727500
vt 0.772500 3.075000
vt 0.772500 3.097500
vt 0.795000 3.097500
vt -0.727500 0.772500
vt -0.727500 0.795000
vt -0.750000 0.772500
vt 0.727500 0.727500
vt 0.727500 0.705000
vt 0.750000 0.727500
vt 0.727500 0.772500
vt 0.750000 0.772500
vt 0.727500 0.795000
vt -0.772500 3.075000
vt -0.795000 3.097500
vt -0.772500 3.097500
vt -0.727500 -0.795000
vt -0.727500 -0.772500
vt -0.750000 -0.772500
vt -0.727500 3.075000
vt -0.727500 3.097500
vt -0.705000 3.097500
vt -0.727500 -0.727500
vt -0.727500 -0.705000
vt -0.750000 -0.727500
vt 0.727500 -0.772500
vt 0.727500 -0.795000
vt 0.750000 -0.772500
vt 0.727500 -0.727500
vt 0.750000 -0.727500
vt 0.727500 -0.705000
vt -0.750000 3.097500
vt 0.727500 -0.750000
vt 0.705000 -0.727500
vt 0.750000 3.097500
vt 0.727500 0.750000
vt 0.705000 0.727500
vt 0.772500 -0.727500
vt 0.772500 -0.750000
vt 0.795000 -0.727500
vt 0.772500 0.727500
vt 0.795000 0.727500
vt 0.772500 0.750000
vt -0.772500 -0.750000
vt -0.772500 -0.727500
vt -0.795000 -0.727500
vt -0.772500 0.727500
vt -0.772500 0.750000
vt -0.795000 0.727500
vt -0.727500 -0.750000
vt -0.705000 -0.727500
vt -0.705000 0.727500
vt -0.727500 0.750000
vt -0.275000 2.100000
vt -0.252500 2.120272
vt -0.252500 2.079728
vt 0.275000 2.100000
vt 0.252500 2.079728
vt 0.252500 2.120272
vt 2.259698 -0.275000
vt 2.234365 -0.252500
vt 2.266063 -0.252500
vt 2.259698 0.275000
vt 2.266063 0.252500
vt 2.234365 0.252500
vt 2.450073 -0.275000
vt 2.433694 -0.252500
vt 2.473222 -0.252500
vt 2.450073 0.275000
vt 2.473222 0.252500
vt 2.433694 0.252500
vt -0.275000 2.002365
vt -0.252500 1.977501
vt -0.252500 2.014029
vt 0.275000 2.002365
vt 0.252500 2.014029
vt 0.252500 1.977501
vt -0.275000 2.197635
vt -0.252500 2.185971
vt -0.252500 2.222499
vt 0.275000 2.197635
vt 0.252500 2.222499
vt 0.252500 2.185971
vt 2.450073 -0.275000
vt 2.473222 -0.252500
vt 2.433694 -0.252500
vt 2.450073 0.275000
vt 2.433694 0.252500
vt 2.473222 0.252500
vt 2.259698 -0.275000
vt 2.266063 -0.252500
vt 2.234365 -0.252500
vt 2.259698 0.275000
vt 2.234365 0.252500
vt 2.266063 0.252500
vt 2.228436 2.007504
vt 2.206378 2.027776
vt 2.206378 1.987232
vt 0.491622 2.007504
vt 0.465248 1.987232
vt 0.465248 2.027776
vt 2.307924 1.831571
vt 2.276370 1.832318
vt 2.306109 1.807039
vt 0.520947 1.831571
vt 0.502041 1.807039
vt 0.491070 1.832318
vt 2.486532 0.070834
vt 2.463378 0.086274
vt 2.500462 0.099955
vt 2.296168 0.586839
vt 2.325673 0.573742
vt 2.288589 0.560061
vt 0.123675 1.909869
vt 0.146484 1.885005
vt 0.152572 1.921533
vt 2.439401 1.909869
vt 2.468298 1.921533
vt 2.451794 1.885005
vt 0.123675 2.105139
vt 0.152572 2.093475
vt 0.146484 2.130003
vt 2.439401 2.105139
vt 2.451794 2.130003
vt 2.468298 2.093475
vt 2.486532 0.070834
vt 2.500462 0.099955
vt 2.463378 0.086274
vt 2.296168 0.586839
vt 2.288589 0.560061
vt 2.325674 0.573742
vt 2.307924 2.183437
vt 2.306109 2.207969
vt 2.276370 2.182690
vt 0.520947 2.183437
vt 0.491070 2.182690
vt 0.502041 2.207969
vt 2.191852 1.855901
vt 2.165673 1.876173
vt 2.165673 1.835630
vt 0.647471 1.855901
vt 0.620484 1.835630
vt 0.620484 1.876173
vt 2.256277 1.679968
vt 2.222401 1.680716
vt 2.246505 1.655437
vt 0.702496 1.679968
vt 0.689521 1.655437
vt 0.668934 1.680716
vt 2.401040 0.407911
vt 2.373972 0.414383
vt 2.404029 0.440054
vt 2.043843 0.826135
vt 2.076058 0.824059
vt 2.046001 0.798388
vt 0.507062 1.758266
vt 0.527359 1.733402
vt 0.538784 1.769931
vt 2.159934 1.758266
vt 2.191655 1.769931
vt 2.178279 1.733402
vt 0.507062 1.953537
vt 0.538784 1.941872
vt 0.527359 1.978401
vt 2.159934 1.953537
vt 2.178279 1.978401
vt 2.191655 1.941872
vt 2.404029 0.440054
vt 2.043843 0.826135
vt 2.046001 0.798388
vt 2.256277 2.031835
vt 2.246505 2.056366
vt 2.222401 2.031087
vt 0.702496 2.031835
vt 0.668934 2.031087
vt 0.689521 2.056366
vt 2.069743 1.669381
vt 2.042679 1.689653
vt 2.042679 1.649110
vt 0.723282 1.669381
vt 0.699017 1.649110
vt 0.699017 1.689653
vt 2.111141 1.493448
vt 2.079132 1.494195
vt 2.094620 1.468917
vt 0.797204 1.493448
vt 0.791764 1.468917
vt 0.764108 1.494195
vt 2.204162 0.694564
vt 2.176528 0.691268
vt 2.195842 0.725755
vt 1.724290 0.963306
vt 1.755231 0.972509
vt 1.735918 0.938021
vt 0.827767 1.571746
vt 0.843044 1.546882
vt 0.858392 1.583411
vt 1.798887 1.571746
vt 1.829512 1.583411
vt 1.820917 1.546882
vt 0.827767 1.767017
vt 0.858392 1.755352
vt 0.843044 1.791881
vt 1.798887 1.767017
vt 1.820917 1.791881
vt 1.829512 1.755352
vt 2.204162 0.694564
vt 2.176528 0.691268
vt 1.724290 0.963306
vt 2.111141 1.845315
vt 2.094620 1.869846
vt 2.079132 1.844568
vt 0.797204 1.845315
vt 0.764108 1.844568
vt 0.791764 1.869846
vt 1.877203 1.455820
vt 1.852601 1.476092
vt 1.852601 1.435549
vt 1.333975 1.455820
vt 1.353818 1.435549
vt 1.353818 1.476092
vt 1.890457 0.707325
vt 1.864271 0.685824
vt 1.869230 0.717132
vt 1.347229 0.793364
vt 1.370447 0.796132
vt 1.365489 0.764824
vt 1.920238 0.895357
vt 1.895453 0.882699
vt 1.901637 0.921740
vt 1.377010 0.981396
vt 1.402854 1.000739
vt 1.396671 0.961699
vt 1.046146 1.358185
vt 1.054514 1.333321
vt 1.071889 1.369850
vt 1.400892 1.358185
vt 1.426635 1.369850
vt 1.423883 1.333321
vt 1.046146 1.553456
vt 1.071889 1.541791
vt 1.054514 1.578320
vt 1.400892 1.553456
vt 1.423883 1.578320
vt 1.426635 1.541791
vt 1.920238 0.895357
vt 1.901637 0.921740
vt 1.377010 0.981396
vt 1.396671 0.961699
vt 1.347229 0.793364
vt 1.365489 0.764824
vt 1.370447 0.796132
vt 0.715654 1.219598
vt 0.696346 1.239870
vt 0.696346 1.199326
vt 1.098603 1.219598
vt 1.123638 1.199326
vt 1.123638 1.239870
vt 0.798750 1.043665
vt 0.769515 1.044412
vt 0.800604 1.019134
vt 1.082074 0.691451
vt 1.102900 0.702083
vt 1.109084 0.670994
vt 1.584366 0.985468
vt 1.565494 0.965014
vt 1.557782 1.003782
vt 1.044934 0.878168
vt 1.062486 0.905261
vt 1.070197 0.866493
vt 1.554582 1.121963
vt 1.531556 1.097099
vt 1.528124 1.133627
vt 1.027904 1.121963
vt 1.054361 1.133627
vt 1.037107 1.097099
vt 1.554582 1.317234
vt 1.528124 1.305569
vt 1.531556 1.342098
vt 1.027904 1.317234
vt 1.037108 1.342098
vt 1.054361 1.305569
vt 1.584366 0.985468
vt 1.557782 1.003782
vt 1.565494 0.965014
vt 1.062486 0.905261
vt 0.798750 1.395531
vt 0.800604 1.420063
vt 0.769515 1.394784
vt 1.102900 0.702083
vt 0.719196 0.963591
vt 0.694471 0.983863
vt 0.694471 0.943319
vt 0.912851 0.963591
vt 0.939983 0.943319
vt 0.939983 0.983863
vt 0.791436 0.787658
vt 0.758080 0.788405
vt 0.785107 0.763126
vt 0.868583 0.787658
vt 0.884441 0.763126
vt 0.901004 0.788405
vt 1.238064 0.953758
vt 1.227438 0.928036
vt 1.206785 0.961738
vt 0.769112 0.666384
vt 0.776201 0.697877
vt 0.796854 0.664174
vt 1.158295 0.865955
vt 1.136546 0.841091
vt 1.127354 0.877620
vt 0.796555 0.865955
vt 0.827496 0.877620
vt 0.812497 0.841091
vt 1.158295 1.061226
vt 1.127354 1.049562
vt 1.136546 1.086090
vt 0.796555 1.061226
vt 0.812497 1.086090
vt 0.827496 1.049562
vt 1.238064 0.953758
vt 1.206785 0.961738
vt 0.769112 0.666384
vt 0.796854 0.664174
vt 0.776202 0.697877
vt 0.791436 1.139524
vt 0.785107 1.164055
vt 0.758080 1.138777
vt 0.868583 1.139524
vt 0.901004 1.138777
vt 0.884441 1.164056
vt 0.633834 0.689867
vt 0.606748 0.710138
vt 0.606748 0.669595
vt 0.799681 0.689867
vt 0.825556 0.669595
vt 0.825556 0.710138
vt 0.686287 0.513934
vt 0.652934 0.514681
vt 0.672558 0.489402
vt 0.733146 0.513934
vt 0.742076 0.489402
vt 0.766970 0.514681
vt 0.924142 0.804147
vt 0.923075 0.776337
vt 0.892034 0.800808
vt 0.583641 0.372222
vt 0.579391 0.404223
vt 0.610433 0.379752
vt 0.804249 0.592231
vt 0.786464 0.567367
vt 0.772649 0.603896
vt 0.466739 0.592231
vt 0.498338 0.603896
vt 0.487447 0.567367
vt 0.804249 0.787502
vt 0.772649 0.775838
vt 0.786464 0.812366
vt 0.466739 0.787502
vt 0.487447 0.812366
vt 0.498338 0.775838
vt 0.924142 0.804147
vt 0.583641 0.372222
vt 0.610433 0.379752
vt 0.579392 0.404223
vt 0.686287 0.865800
vt 0.672558 0.890331
vt 0.652934 0.865053
vt 0.733146 0.865800
vt 0.766969 0.865053
vt 0.742076 0.890331
vt 0.470119 0.400000
vt 0.444020 0.420272
vt 0.444020 0.379728
vt 0.773083 0.400000
vt 0.794502 0.379728
vt 0.794502 0.420272
vt 0.496300 0.224067
vt 0.467073 0.224814
vt 0.476868 0.199535
vt 0.692505 0.224067
vt 0.693404 0.199535
vt 0.723550 0.224814
vt 0.681406 0.555129
vt 0.690031 0.528669
vt 0.652438 0.540884
vt 0.511447 0.032048
vt 0.496385 0.060600
vt 0.533977 0.048386
vt 0.536210 0.302364
vt 0.524588 0.277501
vt 0.507858 0.314029
vt 0.079226 0.302365
vt 0.107577 0.314029
vt 0.102141 0.277501
vt 0.536210 0.497636
vt 0.507858 0.485971
vt 0.524588 0.522499
vt 0.079226 0.497636
vt 0.102141 0.522499
vt 0.107577 0.485971
vt 0.681406 0.555129
vt 0.652438 0.540884
vt 0.511447 0.032048
vt 0.533977 0.048386
vt 0.496385 0.060600
vt 0.496300 0.575933
vt 0.476868 0.600465
vt 0.467073 0.575186
vt 0.692505 0.575933
vt 0.723550 0.575186
vt 0.693404 0.600465
vt 0.000000 3.100000
vt -0.019486 3.122500
vt 0.019486 3.122500
vt 0.000000 3.900000
vt 0.019486 3.877500
vt -0.019486 3.877500
vt 0.037010 3.100000
vt 0.061250 3.122500
vt 0.027500 3.122500
vt 0.037010 3.900000
vt 0.027500 3.877500
vt 0.061250 3.877500
vt -0.037010 3.100000
vt -0.027500 3.122500
vt -0.061250 3.122500
vt -0.037010 3.900000
vt -0.061250 3.877500
vt -0.027500 3.877500
vt 1.221734 1.093008
vt 1.182113 1.165483
vt 1.202394 1.076629
vt -1.018634 -1.009184
vt -1.100000 -0.994973
vt -1.079728 -0.979762
vt 1.181366 -1.009184
vt 1.100000 -0.994973
vt 1.182113 -1.034517
vt -1.017887 -1.034517
vt 1.206645 -1.040882
vt 1.202394 -1.123371
vt 1.221734 -1.106992
vt -0.993355 -1.040882
vt -0.997606 -1.123371
vt -1.079728 1.220238
vt -1.017887 1.165483
vt -1.018634 1.190816
vt -0.978266 -1.106992
vt -0.987288 -1.146519
vt -1.054430 -1.194626
vt -1.029567 -1.199535
vt -1.133905 -1.217126
vt -1.066095 -1.217126
vt 1.120272 -0.979762
vt -1.145570 -1.194626
vt -0.993355 1.159118
vt -0.997606 1.076629
vt -0.978266 1.093008
vt -1.212712 -1.146519
vt -1.170433 -1.199535
vt -1.202394 -1.123371
vt -1.206645 -1.040882
vt -1.221734 -1.106992
vt 1.177500 1.057500
vt 1.200000 1.142500
vt 1.177500 1.142500
vt -1.182113 -1.034517
vt -1.181366 -1.009184
vt -1.120272 -0.979762
vt 1.212712 -1.146519
vt 1.145570 -1.194626
vt 1.170433 -1.199535
vt 1.066095 -1.217126
vt 1.133905 -1.217126
vt -1.100000 1.205027
vt 1.054430 -1.194626
vt 0.987288 -1.146519
vt 1.029567 -1.199535
vt 1.120272 1.220238
vt 1.181366 1.190816
vt 0.997606 -1.123371
vt 0.993355 -1.040882
vt 0.978266 -1.106992
vt 1.017887 -1.034517
vt 1.018634 -1.009184
vt 1.079728 -0.979762
vt -0.987288 1.053481
vt -1.054430 1.005374
vt -1.029567 1.000465
vt 1.100000 1.205027
vt -1.133905 0.982874
vt -1.066095 0.982874
vt 1.206645 1.159118
vt -1.145570 1.005374
vt -1.212712 1.053481
vt -1.170433 1.000465
vt -1.202394 1.076629
vt 1.155000 1.602500
vt 1.177500 1.197500
vt 1.155000 1.197500
vt -1.206645 1.159118
vt -1.221734 1.093008
vt -1.182113 1.165483
vt -1.120272 1.220238
vt -1.181366 1.190816
vt 1.212712 1.053481
vt 1.145570 1.005374
vt 1.200000 1.057500
vt 1.170433 1.000465
vt -1.200000 1.057500
vt -1.177500 1.142500
vt -1.200000 1.142500
vt 1.066095 0.982874
vt 1.133905 0.982874
vt 1.054430 1.005374
vt 0.987288 1.053481
vt 1.029567 1.000465
vt -1.177500 1.057500
vt 0.997606 1.076629
vt 0.993355 1.159118
vt 0.978266 1.093008
vt 1.017887 1.165483
vt 1.018634 1.190816
vt 1.079728 1.220238
vt 1.245000 1.197500
vt 1.222500 1.602500
vt 1.245000 1.602500
vt 1.222500 1.197500
vt 1.177500 1.602500
vt -1.245000 1.602500
vt -1.222500 1.197500
vt -1.245000 1.197500
vt -1.155000 1.197500
vt -1.177500 1.602500
vt -1.155000 1.602500
vt -1.177500 1.197500
vt -1.222500 1.602500
vt -1.200000 1.602500
vt -1.200000 1.197500
vt 1.200000 1.197500
vt 1.200000 1.602500
vt -1.000000 2.142500
vt -0.977500 2.057500
vt -1.000000 2.057500
vt 1.000000 2.057500
vt 0.977500 2.142500
vt 1.000000 2.142500
vt 0.977500 2.057500
vt -0.977500 2.142500
vt 0.955000 2.602500
vt 0.977500 2.197500
vt 0.955000 2.197500
vt 1.045000 2.197500
vt 1.022500 2.602500
vt 1.045000 2.602500
vt 1.022500 2.197500
vt 0.977500 2.602500
vt -1.045000 2.602500
vt -1.022500 2.197500
vt -1.045000 2.197500
vt -0.955000 2.197500
vt -0.977500 2.602500
vt -0.955000 2.602500
vt -0.977500 2.197500
vt -1.022500 2.602500
vt -1.000000 2.602500
vt -0.977500 2.197500
vt -1.000000 2.197500
vt 1.000000 2.197500
vt 0.977500 2.602500
vt 1.000000 2.602500
vt 0.977500 2.197500
vt -0.977500 2.602500
vt 0.705000 3.502500
vt 0.772500 3.502500
vt 0.795000 3.502500
vt 0.727500 3.502500
vt -0.795000 3.502500
vt -0.727500 3.502500
vt -0.705000 3.502500
vt -0.772500 3.502500
vt -0.750000 3.502500
vt 0.750000 3.502500
vt 0.963306 1.449996
vt 0.938021 1.430656
vt 2.234365 1.924814
vt 2.174973 2.100000
vt 2.159762 2.079728
vt -0.008538 1.987232
vt -0.008538 2.027776
vt 2.234365 1.924814
vt 2.259698 1.924067
vt 2.131320 0.502041
vt 2.433694 1.861275
vt 2.259698 1.924067
vt 2.266063 1.899535
vt 2.433694 1.861275
vt 2.450073 1.880615
vt 2.607651 1.977501
vt 2.450073 1.880615
vt 2.473222 1.870296
vt 0.236479 1.835630
vt 0.236479 1.876173
vt 2.473222 1.870297
vt 2.602742 2.002365
vt 2.463378 1.768779
vt 2.625242 2.185971
vt 2.625242 2.014029
vt 2.602742 2.197635
vt 1.899081 0.702496
vt 2.473222 2.329703
vt 2.607651 2.222499
vt 2.473222 2.329704
vt 2.450073 2.319385
vt 2.306109 0.028254
vt 2.101581 0.491070
vt 2.433694 2.338725
vt 2.259698 2.275933
vt 2.433694 2.338725
vt 2.259698 2.275933
vt 2.266063 2.300465
vt 2.159762 2.120272
vt 2.234365 2.275186
vt 2.234365 2.275186
vt 0.099955 1.777801
vt 0.070834 1.788119
vt 2.325673 1.777801
vt 0.620270 1.885005
vt 0.626359 1.921533
vt 2.256277 0.284273
vt 2.246505 0.305516
vt 0.626359 2.093475
vt 0.620270 2.130003
vt 0.691139 1.435549
vt 0.793364 1.279887
vt 0.764824 1.280634
vt 0.099955 2.237207
vt 2.325674 2.237208
vt 2.296168 2.226889
vt 1.894430 0.668934
vt 1.918534 0.689521
vt 2.463378 2.246229
vt 2.486532 2.226889
vt 1.602069 1.689653
vt 2.131320 0.502041
vt 2.117560 0.520947
vt 2.276370 0.017283
vt 2.101580 0.491070
vt 0.440054 1.626198
vt 0.407911 1.636516
vt 1.082074 1.043665
vt 1.109084 1.044412
vt 2.043843 1.636517
vt 0.911364 1.733402
vt 0.922789 1.769931
vt 2.111141 0.528463
vt 2.094620 0.545010
vt 0.911364 1.978401
vt 0.922789 1.941872
vt 0.440054 2.085605
vt 0.796132 1.255356
vt 0.981396 1.236435
vt 0.961699 1.217095
vt 2.043843 2.075287
vt 2.076058 2.085605
vt 0.884441 0.521246
vt 1.638521 0.764108
vt 1.654010 0.791764
vt 1.918534 0.689521
vt 1.899081 0.702496
vt 1.894430 0.668934
vt 0.725755 1.439678
vt 0.694564 1.449996
vt 1.618935 1.199326
vt 1.618935 1.239870
vt 1.755231 1.439678
vt 2.270122 1.583411
vt 1.864271 1.280634
vt 2.261527 1.791881
vt 0.725755 1.899085
vt 1.755231 1.899085
vt 1.724290 1.888767
vt 2.094620 0.545010
vt 0.210162 0.710138
vt 0.938021 1.908107
vt 2.079132 0.517354
vt 1.638521 0.764108
vt 0.921740 1.226117
vt 0.895357 1.236435
vt 1.000739 1.226117
vt 1.132185 1.358185
vt 1.133514 1.333321
vt 1.925418 1.369850
vt 0.965014 0.980873
vt 1.922666 1.578320
vt 0.921740 1.685524
vt 1.000739 1.685524
vt 1.132185 1.553456
vt 0.981396 1.675206
vt 1.598197 0.800604
vt 1.370567 0.943319
vt 1.370567 0.983863
vt 0.961699 1.694546
vt 0.793364 1.631754
vt 0.796132 1.656285
vt 1.864271 1.631006
vt 1.890457 1.631754
vt 0.764824 1.631006
vt 0.709683 1.455820
vt 0.691139 1.476092
vt 1.003782 0.989895
vt 1.135203 1.121963
vt 0.985468 1.000213
vt 0.905261 0.989895
vt 1.036260 1.097099
vt 1.032828 1.133627
vt 1.337535 0.791436
vt 1.315025 0.785107
vt 1.032828 1.305569
vt 1.036260 1.342098
vt 1.135628 1.342098
vt 0.985468 1.438983
vt 1.135203 1.317234
vt 0.742076 0.275973
vt 0.878168 1.438983
vt 0.905261 1.449302
vt 0.086603 0.027500
vt 0.064103 -0.037010
vt 0.086603 -0.027500
vt 0.965014 1.458323
vt 1.331587 0.758080
vt 0.901004 0.494218
vt 1.604381 0.769515
vt 1.109084 1.394784
vt 1.238064 0.744206
vt 1.206785 0.733887
vt -0.036264 0.420272
vt 0.697877 0.733887
vt 0.705962 0.841091
vt 0.696771 0.877620
vt 1.054719 0.672558
vt 1.073647 0.686287
vt 0.705962 1.086090
vt 0.696771 1.049562
vt 0.533977 0.161275
vt 0.511447 0.180615
vt 1.206785 1.193294
vt 0.666384 1.182976
vt 0.697877 1.193294
vt 0.766970 0.256348
vt 0.396499 4.257108
vt 0.167799 4.407154
vt 0.398913 4.280896
vt 0.868583 0.504062
vt 0.901004 0.494218
vt 0.892034 0.460163
vt 0.924142 0.470482
vt 0.372222 0.470482
vt 0.894923 0.603896
vt 0.862464 0.496300
vt 0.849457 0.476868
vt 0.884033 0.812366
vt 0.892034 0.919570
vt 0.019486 0.088750
vt 0.064103 0.037010
vt 0.067117 0.061250
vt 0.372222 0.909252
vt 0.404223 0.919570
vt 0.723550 -0.013210
vt 0.693404 -0.003415
vt 0.733146 0.254362
vt 1.079612 0.652934
vt 0.766969 0.256348
vt 0.652438 0.170297
vt 0.681406 0.180615
vt 0.060600 0.170297
vt 0.587861 0.314029
vt 0.000000 0.074019
vt 0.582425 0.522499
vt 0.652438 0.629703
vt 0.150356 0.202360
vt -0.002504 0.326237
vt 0.020352 0.350499
vt 0.032048 0.619385
vt 0.060600 0.629703
vt 0.472225 4.257108
vt 0.263353 4.188468
vt 0.272640 4.161421
vt 0.862464 0.496300
vt 0.533977 0.638725
vt 0.879604 0.467073
vt 0.693404 -0.003415
vt 0.723550 -0.013210
vt 0.019486 -0.088750
vt 0.067117 -0.061250
vt -0.167799 0.376706
vt -0.157236 0.404721
vt 0.000000 -0.074019
vt -0.067117 -0.061250
vt -0.019486 -0.088750
vt -0.064103 -0.037010
vt -0.086603 -0.027500
vt -0.064103 0.037010
vt -0.086603 0.027500
vt -0.019486 0.088750
vt -0.067117 0.061250
vt 0.162792 -0.000000
vt 0.118501 0.188353
vt 0.000000 4.126398
vt 0.000000 4.154637
vt 0.150356 -0.202360
vt 0.197941 -0.000000
vt -0.263353 4.188468
vt -0.272640 4.161421
vt -0.002503 -0.326237
vt 0.118501 -0.188353
vt -0.456141 4.280896
vt -0.472225 4.257108
vt 0.020352 -0.350499
vt -0.167799 -0.376706
vt 0.157236 4.387818
vt 0.398913 4.280896
vt 0.167799 4.407154
vt -0.334824 3.909199
vt -0.167799 3.792846
vt -0.157236 3.812181
vt -0.082028 4.518529
vt -0.063315 4.533412
vt -0.350499 3.909199
vt -0.188353 3.949253
vt -0.326237 3.883147
vt -0.257181 -0.272640
vt -0.063315 -0.456141
vt -0.232502 -0.263353
vt -0.202360 3.980220
vt 0.000000 3.973449
vt -0.321291 -0.000000
vt -0.294429 -0.000000
vt 0.202360 3.980220
vt -0.000000 4.006216
vt -0.232502 0.263353
vt -0.257181 0.272640
vt 0.350499 3.909199
vt 0.188353 3.949253
vt -0.063315 0.456141
vt -0.082028 0.472225
vt -0.157236 3.812182
vt -0.333094 3.883147
vt -0.334824 3.909199
vt -0.082028 4.518529
vt 0.157236 4.387818
vt -1.018634 0.022500
vt -1.181366 3.577500
vt -1.181366 0.022500
vt -1.199535 0.022500
vt -1.199535 3.577500
vt -1.199535 0.022500
vt 1.181366 0.022500
vt 1.018634 3.577500
vt 1.018634 0.022500
vt 1.000465 0.022500
vt 1.000465 3.577500
vt 1.000465 0.022500
vt -0.252500 1.924814
vt 0.252500 2.275186
vt -0.252500 2.275186
vt 2.607651 -0.252500
vt 2.607651 0.252500
vt 2.486532 1.788119
vt 0.017283 1.832318
vt 0.017283 2.182690
vt 2.117560 1.831571
vt 2.117560 2.183437
vt 2.626583 0.146484
vt 2.626583 0.146484
vt 2.306109 0.028254
vt 2.401040 2.075286
vt 2.401040 1.636516
vt 0.284929 1.680716
vt 0.284929 2.031087
vt 1.834656 1.855901
vt 2.506250 0.527359
vt 2.506250 0.527359
vt 0.528463 1.845315
vt 0.528463 1.493448
vt 1.602069 1.649110
vt 1.096509 1.571746
vt 2.261527 0.843044
vt 2.270122 1.755352
vt 0.707325 1.631754
vt 0.707325 1.279887
vt 1.365489 1.280634
vt 1.365489 1.631006
vt 1.922666 1.054514
vt 1.925418 1.541791
vt 1.423883 1.133514
vt 1.604381 1.044412
vt 1.604381 1.394784
vt 0.878168 1.000213
vt 0.608354 1.219598
vt 1.531556 1.135628
vt 1.036260 1.037108
vt 1.598197 0.800604
vt 1.083929 1.061226
vt 1.331587 0.788405
vt 1.331587 1.138777
vt 0.431822 0.963591
vt 0.705962 0.812497
vt 1.136546 1.076359
vt 1.073647 0.865800
vt 1.073647 0.513934
vt 0.256348 0.514681
vt 0.463747 0.787502
vt 0.473822 0.487447
vt 0.786464 0.884033
vt 0.894923 0.775838
vt 0.681406 0.619385
vt 0.943042 0.400000
vt -0.036264 0.379728
vt -0.013210 0.575186
vt 0.511447 0.619385
vt 0.524588 0.582425
vt 0.587861 0.485971
vt 0.368535 0.102141
vt 0.849457 0.476868
vt 0.067117 3.122500
vt -0.067117 3.877500
vt -0.067117 3.122500
vt 0.067117 3.877500
vt -0.498390 0.000000
vt 0.020352 3.715165
vt 0.630027 0.000000
vt 0.150356 3.644144
vt 0.202360 3.644144
vt -0.000000 3.618148
vt -0.202360 3.644144
vt 0.571652 4.161421
vt 0.020352 3.715165
vt 0.150356 3.644144
vt -0.272640 4.614215
vt -0.000000 4.649239
vt 0.472225 4.518529
vt 2.117560 0.520947
vt 2.266063 1.899535
vt 2.276370 0.017283
vt 2.266063 2.300465
vt 2.296168 1.788119
vt 0.070834 2.226889
vt 2.222401 0.284929
vt 2.076058 1.626198
vt 0.407911 2.075286
vt 0.868583 0.504062
vt 2.256277 0.284273
vt 1.724290 1.449996
vt 2.261527 1.546882
vt 1.890457 1.279887
vt 0.694564 1.888767
vt 2.111141 0.528463
vt 0.210162 0.669595
vt 0.963306 1.888767
vt 1.922666 1.333321
vt 0.895357 1.675205
vt 1.133514 1.578320
vt 1.604381 0.769515
vt 1.135628 1.097099
vt 1.003782 1.449302
vt 0.733146 0.254362
vt 1.082074 1.395531
vt 0.666384 0.744206
vt 1.238064 1.182976
vt 1.079612 0.652934
vt 0.404223 0.460163
vt 0.884033 0.567367
vt 0.924142 0.909252
vt 0.879604 0.467073
vt 1.073647 0.686287
vt 0.032048 0.180615
vt 0.582425 0.277501
vt 0.456141 4.280896
vt -0.157236 -0.404721
vt 0.396499 4.257108
vt -0.333094 3.883147
vt -0.082028 -0.472225
vt 0.326237 3.883147
vt -0.167799 3.792846
vt -0.063315 4.533412
vt -1.018634 3.577500
vt 1.181366 3.577500
vt 0.252500 1.924814
vt 2.629765 1.909869
vt 2.629765 2.105139
vt 2.038072 2.007504
vt 2.451794 0.620270
vt 2.517130 1.758266
vt 2.517130 1.953537
vt 1.899081 1.679968
vt 1.899081 2.031835
vt 2.178279 0.911364
vt 0.454541 1.669381
vt 1.638521 1.494195
vt 1.638521 1.844568
vt 1.096509 1.767017
vt 1.820917 1.089798
vt 0.623644 1.455820
vt 0.691451 1.043665
vt 0.691451 1.395531
vt 1.036260 1.037107
vt 0.953758 0.744206
vt 1.083929 0.865955
vt 0.953758 1.182976
vt 0.504062 0.787658
vt 0.504062 1.139524
vt 1.140183 0.689867
vt 0.256348 0.865053
vt 0.463747 0.592231
vt 0.583641 0.470482
vt 0.583641 0.909252
vt 0.862464 0.575933
vt 0.862464 0.224067
vt -0.013210 0.224814
vt 0.366250 0.497636
vt 0.366250 0.302365
vt 0.368535 0.102141
vt -0.333094 -0.326237
vt -0.454099 -0.188353
vt -0.454099 0.188353
vt -0.333094 0.326237
vt 0.568100 0.263353
vt 0.398913 0.456141
vt 0.167799 0.526706
vt 0.167799 -0.526706
vt 0.398913 -0.456141
vt 0.568100 -0.263353
vt 0.571653 4.161421
vt -0.472225 4.518529
vt 0.272640 4.614215
s 1
f 335/1/41 397/2/51 398/3/52
f 326/4/33 367/5/59 368/6/60
f 323/7/32 370/8/61 371/9/62
f 327/10/34 364/11/57 365/12/58
f 328/13/40 361/14/55 362/15/56
f 324/16/38 394/17/74 395/18/50
f 311/19/34 406/20/57 407/21/58
f 332/13/40 403/14/55 404/15/56
f 336/22/39 391/23/47 392/24/48
f 331/25/36 358/26/53 359/27/54
f 322/28/37 388/29/45 389/30/73
f 333/1/41 355/2/51 356/3/52
f 312/1/27 385/3/71 386/2/72
f 338/16/38 352/17/49 353/18/50
f 317/16/28 382/31/69 383/32/70
f 334/33/39 349/34/47 350/35/48
f 318/13/29 379/15/67 380/14/68
f 337/36/37 346/37/45 347/38/46
f 319/25/30 376/39/65 377/40/66
f 310/41/17 307/42/14 257/43/16
f 275/42/13 276/41/11 260/43/12
f 325/25/36 400/26/75 401/27/54
f 321/44/31 373/45/63 374/46/64
f 306/47/33 409/48/59 410/49/60
f 303/50/32 412/51/61 413/52/62
f 301/53/31 415/54/63 416/55/64
f 297/25/30 418/39/65 419/40/66
f 295/13/29 421/15/67 422/14/68
f 294/16/28 424/31/69 425/32/70
f 293/1/27 427/3/71 428/2/72
f 302/36/37 430/37/76 431/38/46
f 330/33/39 433/34/77 434/35/48
f 304/56/38 436/57/49 437/58/50
f 329/59/41 439/60/51 440/61/78
f 305/62/36 442/63/75 443/64/54
f 320/65/40 445/66/55 446/67/79
f 292/10/34 448/11/80 449/12/81
f 288/4/33 451/5/82 452/6/83
f 285/7/32 454/8/61 455/9/62
f 283/44/31 457/45/84 458/46/64
f 278/62/30 460/68/65 461/69/66
f 273/65/29 463/67/67 464/66/68
f 269/56/28 466/70/69 467/71/85
f 268/59/35 469/61/71 470/60/86
f 286/28/37 472/29/45 473/30/73
f 296/22/39 475/23/77 476/24/87
f 287/56/38 478/57/74 479/58/88
f 340/59/42 481/60/89 482/61/78
f 284/62/36 484/63/75 485/64/54
f 339/65/40 487/66/55 488/67/79
f 267/19/34 490/20/80 491/21/81
f 264/47/33 493/48/82 494/49/83
f 261/50/32 496/51/61 497/52/62
f 259/53/31 499/54/84 500/55/64
f 258/62/30 502/68/65 503/69/90
f 256/65/29 505/67/67 506/66/68
f 255/56/28 508/70/69 509/71/70
f 254/59/27 511/61/91 512/60/72
f 290/72/18 266/73/15 289/74/7
f 300/72/10 298/74/8 265/73/9
f 309/75/24 263/76/23 308/77/19
f 277/75/22 274/77/20 262/76/21
f 291/78/6 314/79/5 315/80/1
f 299/78/4 316/80/2 313/79/3
f 281/72/17 272/81/14 280/73/16
f 271/81/13 253/72/11 270/73/12
f 282/82/18 279/83/15 249/84/7
f 252/82/10 250/84/8 251/83/9
f 242/78/24 241/80/23 237/85/19
f 240/78/22 238/85/20 239/80/21
f 248/86/6 247/87/5 243/88/1
f 246/86/4 244/88/2 245/87/3
f 235/89/17 232/90/14 234/91/16
f 231/90/13 229/89/11 230/91/12
f 236/41/18 233/43/15 225/92/7
f 228/41/10 226/92/8 227/43/9
f 218/93/24 217/94/23 213/95/19
f 216/93/22 214/95/20 215/94/21
f 224/75/6 223/96/5 219/76/1
f 222/75/4 220/76/2 221/96/3
f 211/75/17 208/77/14 210/97/16
f 207/77/13 205/75/11 206/97/12
f 212/78/18 209/98/15 201/79/7
f 204/78/10 202/79/8 203/98/9
f 194/99/24 193/100/23 189/101/19
f 192/99/22 190/101/20 191/100/21
f 200/102/6 199/103/5 195/104/1
f 198/102/4 196/104/2 197/103/3
f 187/105/17 184/106/14 186/107/16
f 183/106/13 181/105/11 182/107/12
f 188/108/18 185/109/15 175/110/7
f 180/108/10 176/110/8 179/109/9
f 168/41/24 167/111/23 163/42/19
f 166/41/22 164/42/20 165/111/21
f 174/72/6 173/74/5 169/112/1
f 172/72/4 170/112/2 171/74/3
f 161/113/17 158/114/14 160/115/16
f 157/114/13 155/113/11 156/115/12
f 162/116/18 159/117/15 151/118/7
f 154/116/10 152/118/8 153/117/9
f 144/119/24 143/120/23 139/121/19
f 142/119/22 140/121/20 141/120/21
f 150/122/6 149/123/5 145/124/1
f 148/122/4 146/124/2 147/123/3
f 137/125/17 134/126/14 136/127/16
f 133/126/13 131/125/11 132/127/12
f 138/128/18 135/129/15 127/130/7
f 130/128/10 128/130/8 129/129/9
f 120/131/24 119/132/23 115/133/19
f 118/131/22 116/133/20 117/132/21
f 126/134/6 125/135/5 121/136/1
f 124/134/4 122/136/2 123/135/3
f 113/137/17 110/138/14 112/139/16
f 109/138/13 107/137/11 108/139/12
f 114/140/18 111/141/15 103/142/7
f 106/140/10 104/142/8 105/141/9
f 96/143/24 95/144/23 91/145/19
f 94/143/22 92/145/20 93/144/21
f 102/146/6 101/147/5 97/148/1
f 100/146/4 98/148/2 99/147/3
f 89/149/17 86/150/14 88/151/16
f 85/150/13 83/149/11 84/151/12
f 90/152/18 87/153/15 79/154/7
f 82/152/10 80/154/8 81/153/9
f 72/155/24 71/156/23 67/157/19
f 70/155/22 68/157/20 69/156/21
f 78/158/6 77/159/5 73/160/1
f 76/158/4 74/160/2 75/159/3
f 65/161/17 62/162/14 64/163/16
f 61/162/13 59/161/11 60/163/12
f 66/164/18 63/165/15 55/166/7
f 58/164/10 56/166/8 57/165/9
f 48/167/24 47/168/23 43/169/19
f 46/167/22 44/169/20 45/168/21
f 54/170/6 53/171/5 49/172/1
f 52/170/4 50/172/2 51/171/3
f 41/173/17 38/174/14 40/175/16
f 37/176/13 35/177/11 36/178/12
f 42/179/18 39/180/15 31/181/7
f 34/182/10 32/183/8 33/184/9
f 24/173/24 23/175/23 19/174/19
f 22/177/22 20/176/20 21/178/21
f 30/179/6 29/181/5 25/180/1
f 28/182/4 26/184/2 27/183/3
f 17/185/17 14/186/14 16/187/16
f 13/188/13 11/189/11 12/190/12
f 18/191/18 15/192/15 7/193/7
f 10/194/10 8/195/8 9/196/9
f 1329/185/24 1330/187/23 1334/186/19
f 1331/197/22 1333/198/20 1332/199/21
f 6/191/6 5/193/5 1/192/1
f 4/200/4 2/201/2 3/202/3
f 1336/203/17 1339/204/14 1337/205/16
f 1340/206/13 1342/207/11 1341/208/12
f 1335/209/18 1338/210/15 1346/211/7
f 1343/212/10 1345/213/8 1344/214/9
f 1353/203/24 1354/205/23 1358/204/19
f 1355/215/22 1357/216/20 1356/217/21
f 1347/209/6 1348/211/5 1352/210/1
f 1349/218/4 1351/219/2 1350/220/3
f 1360/209/17 1363/221/14 1361/210/16
f 1364/222/13 1366/218/11 1365/223/12
f 1359/185/18 1362/187/15 1370/224/7
f 1367/197/10 1369/225/8 1368/226/9
f 1377/209/24 1378/210/23 1382/221/19
f 1379/227/22 1381/228/20 1380/229/21
f 1371/185/6 1372/224/5 1376/187/1
f 1373/230/4 1375/231/2 1374/232/3
f 1384/209/17 1387/221/14 1385/210/16
f 1388/233/13 1390/234/11 1389/235/12
f 1383/185/18 1386/187/15 1394/224/7
f 1391/236/10 1393/237/8 1392/238/9
f 1401/209/24 1402/210/23 1406/221/19
f 1403/212/22 1405/239/20 1404/240/21
f 1395/185/6 1396/224/5 1400/187/1
f 1397/189/4 1399/241/2 1398/242/3
f 1410/243/426 868/244/94 869/245/95
f 1413/246/429 871/247/96 872/248/97
f 1409/249/425 874/250/98 875/251/99
f 1414/252/430 877/253/100 878/254/101
f 1416/255/432 880/256/102 881/257/103
f 1419/258/435 883/259/104 884/260/105
f 1420/261/436 886/262/106 887/263/107
f 1421/264/437 889/265/108 890/266/109
f 1424/267/440 892/268/110 893/269/111
f 1426/270/442 895/271/112 896/272/113
f 1428/273/444 898/274/114 899/275/115
f 1429/276/445 901/277/116 902/278/117
f 1430/279/446 904/280/118 905/281/119
f 1431/282/447 907/283/120 908/284/121
f 1425/285/441 910/286/123 911/287/124
f 1411/288/427 913/289/126 914/290/127
f 1423/291/439 916/292/128 917/293/129
f 1412/294/428 919/295/130 920/296/131
f 1422/297/438 922/298/132 923/299/133
f 1415/300/431 925/301/134 926/302/135
f 1432/303/448 928/304/136 929/305/137
f 1433/306/449 931/307/138 932/308/139
f 1436/309/452 934/310/140 935/311/141
f 1438/312/454 937/313/142 938/314/143
f 1441/315/457 940/316/144 941/317/145
f 1443/318/459 943/319/146 944/320/147
f 1444/321/460 946/322/148 947/323/149
f 1445/324/461 949/325/150 950/326/151
f 1437/327/453 952/328/153 953/329/154
f 1417/330/433 955/331/156 956/332/157
f 1435/333/451 958/334/158 959/335/159
f 1418/336/434 961/337/160 962/338/161
f 1434/339/450 964/340/162 965/341/163
f 1427/342/443 967/343/164 968/344/165
f 1446/345/462 970/346/166 971/347/167
f 1449/348/465 973/349/168 974/350/169
f 1452/351/468 976/352/170 977/353/171
f 1454/354/470 979/355/172 980/356/173
f 1455/339/471 982/357/174 983/340/175
f 1457/358/473 985/359/176 986/343/177
f 1460/360/476 988/361/178 989/362/179
f 1461/363/477 991/364/180 992/365/181
f 1451/366/467 994/367/183 995/368/184
f 1442/369/458 997/370/186 998/371/187
f 1450/372/466 1000/373/188 1001/374/189
f 1407/375/423 1003/376/190 1004/377/191
f 1453/378/469 1006/379/192 1007/380/193
f 1408/381/424 1009/382/194 1010/383/195
f 1462/384/478 1012/385/196 1013/386/197
f 1463/387/479 1015/388/198 1016/389/199
f 1466/390/482 1018/391/200 1019/392/201
f 1468/393/484 1021/394/202 1022/395/203
f 1470/396/486 1024/380/204 1025/397/205
f 1471/398/487 1027/383/206 1028/382/207
f 1472/399/488 1030/400/208 1031/401/209
f 1473/402/489 1033/403/210 1034/404/211
f 1467/405/483 1036/406/213 1037/407/214
f 1439/408/455 1039/409/216 1040/410/217
f 1465/411/481 1042/412/218 1043/413/219
f 1440/414/456 1045/415/220 1046/416/221
f 1464/417/480 1048/418/222 1049/419/223
f 1456/420/472 1051/421/224 1052/422/225
f 1474/423/490 1054/424/226 1055/425/227
f 1475/426/491 1057/427/228 1058/428/229
f 1478/429/494 1060/430/230 1061/431/231
f 1480/432/496 1063/433/232 1064/434/233
f 1483/435/499 1066/436/234 1067/418/235
f 1485/437/501 1069/438/236 1070/421/237
f 1486/411/502 1072/413/238 1073/412/239
f 1487/439/503 1075/440/240 1076/441/241
f 1479/442/495 1078/443/243 1079/444/244
f 1447/445/463 1081/446/246 1082/447/247
f 1477/448/493 1084/449/248 1085/450/249
f 1448/451/464 1087/452/250 1088/453/251
f 1476/454/492 1090/455/252 1091/456/253
f 1469/457/485 1093/458/254 1094/459/255
f 1488/460/504 1096/461/256 1097/462/257
f 1491/463/507 1099/464/258 1100/465/259
f 1494/466/510 1102/467/260 1103/468/261
f 1496/469/512 1105/470/262 1106/471/263
f 1497/472/513 1108/473/264 1109/474/265
f 1499/457/515 1111/459/266 1112/475/267
f 1502/476/518 1114/477/268 1115/478/269
f 1503/451/519 1117/453/270 1118/479/271
f 1493/480/509 1120/481/273 1121/482/274
f 1484/483/500 1123/484/276 1124/485/277
f 1492/486/508 1126/487/278 1127/488/279
f 1458/489/474 1129/490/280 1130/491/281
f 1495/492/511 1132/493/282 1133/494/283
f 1459/495/475 1135/496/284 1136/497/285
f 1504/498/520 1138/499/286 1139/500/287
f 1505/501/521 1141/502/288 1142/503/289
f 1508/504/524 1144/505/290 1145/506/291
f 1510/507/526 1147/508/292 1148/509/293
f 1512/510/528 1150/511/294 1151/493/295
f 1513/512/529 1153/513/296 1154/514/297
f 1514/515/530 1156/516/298 1157/517/299
f 1519/518/533 1159/519/300 1160/520/301
f 1509/521/525 1162/522/303 1163/523/304
f 1481/524/497 1165/525/306 1166/526/307
f 1507/527/523 1168/528/308 1169/529/309
f 1482/530/498 1171/531/310 1172/532/311
f 1506/533/522 1174/534/312 1175/535/313
f 1498/536/514 1177/537/314 1178/538/315
f 1520/539/534 1180/540/316 1181/541/317
f 1521/542/535 1183/543/318 1184/544/319
f 1524/545/538 1186/546/320 1187/547/321
f 1526/548/540 1189/549/322 1190/550/323
f 1527/551/541 1192/535/324 1193/534/325
f 1529/552/543 1195/553/326 1196/554/327
f 1530/555/544 1198/556/328 1199/557/329
f 1531/558/545 1201/559/330 1202/560/331
f 1525/561/539 1204/562/333 1205/563/334
f 1489/564/505 1207/565/336 1208/566/337
f 1523/567/537 1210/568/338 1211/569/339
f 1490/570/506 1213/571/340 1214/572/341
f 1522/573/536 1216/574/342 1217/575/343
f 1511/576/527 1219/577/344 1220/578/345
f 1532/579/546 1222/580/346 1223/581/347
f 1533/582/547 1225/583/348 1226/584/349
f 1536/585/550 1228/586/350 1229/587/351
f 1538/588/552 1231/589/352 1232/590/353
f 1539/591/553 1234/592/354 1235/574/355
f 1540/593/554 1237/594/356 1238/595/357
f 1543/596/556 1240/597/358 1241/598/359
f 1544/599/557 1243/600/360 1244/601/361
f 1535/602/549 1246/603/362 1247/604/363
f 1528/605/542 1249/606/364 1250/607/365
f 1534/608/548 1252/609/366 1253/610/367
f 1500/611/516 1255/612/368 1256/613/369
f 1537/614/551 1258/615/370 1259/616/371
f 1501/617/517 1261/618/372 1262/619/373
f 1545/602/558 1264/604/374 1265/603/375
f 1546/605/559 1267/607/376 1268/606/377
f 1547/614/560 1270/616/378 1271/615/379
f 1548/617/561 1273/619/380 1274/618/381
f 1549/608/562 1276/610/382 1277/609/383
f 1550/611/563 1279/613/384 1280/612/385
f 488/620/79 340/621/42 339/622/40
f 401/27/54 404/15/56 403/14/55
f 352/623/49 337/624/37 347/625/46
f 392/24/48 389/30/73 388/29/45
f 398/626/52 336/627/39 335/628/41
f 356/623/52 334/624/39 333/629/41
f 350/35/48 347/38/46 346/37/45
f 353/18/50 356/3/52 355/2/51
f 397/630/51 332/631/40 404/632/56
f 353/633/50 331/634/36 338/629/38
f 433/635/77 329/636/41 440/637/78
f 355/633/51 328/634/40 362/638/56
f 359/27/54 362/15/56 361/14/55
f 485/64/54 488/67/79 487/66/55
f 359/639/54 327/640/34 331/634/36
f 434/35/48 431/38/46 430/37/76
f 361/639/55 326/640/33 368/641/60
f 365/12/58 368/6/60 367/5/59
f 395/630/50 325/631/36 324/628/38
f 370/642/61 327/640/34 365/643/58
f 389/644/73 324/628/38 322/627/37
f 367/643/59 321/645/31 374/642/64
f 371/9/62 374/46/64 373/45/63
f 439/646/51 320/647/40 446/648/79
f 376/649/65 323/645/32 371/650/62
f 443/64/54 446/67/79 445/66/55
f 380/649/68 321/645/31 318/651/29
f 377/40/66 380/14/68 379/15/67
f 395/18/50 398/3/52 397/2/51
f 382/652/69 319/651/30 377/653/66
f 315/654/1 313/655/3 316/656/2
f 386/652/72 318/651/29 312/657/27
f 383/32/70 386/2/72 385/3/71
f 383/658/70 337/624/37 317/657/28
f 385/658/71 334/624/39 350/659/48
f 401/660/54 311/661/34 325/631/36
f 309/75/24 307/42/14 310/41/17
f 403/660/55 306/661/33 410/662/60
f 407/21/58 410/49/60 409/48/59
f 437/646/50 305/647/36 304/636/38
f 412/663/61 311/661/34 407/664/58
f 436/637/49 302/665/37 431/635/46
f 409/664/59 301/666/31 416/663/64
f 413/52/62 416/55/64 415/54/63
f 299/78/4 298/74/8 300/72/10
f 418/667/65 303/666/32 413/668/62
f 475/669/77 340/621/42 482/670/78
f 422/667/68 301/666/31 295/671/29
f 419/40/66 422/14/68 421/15/67
f 437/58/50 440/61/78 439/60/51
f 424/672/69 297/671/30 419/673/66
f 476/24/87 473/30/73 472/29/45
f 428/672/72 295/671/29 293/674/27
f 425/32/70 428/2/72 427/3/71
f 425/675/70 322/627/37 294/674/28
f 427/675/71 336/627/39 392/676/48
f 443/677/54 292/678/34 305/647/36
f 290/72/18 314/79/5 291/78/6
f 445/677/55 288/678/33 452/679/83
f 449/12/81 452/6/83 451/5/82
f 473/669/73 287/621/38 286/680/37
f 454/681/61 292/678/34 449/682/81
f 484/620/75 287/621/38 479/683/88
f 451/682/82 283/684/31 458/681/64
f 455/9/62 458/46/64 457/45/84
f 281/72/17 279/83/15 282/82/18
f 460/685/65 285/684/32 455/686/62
f 276/41/11 274/77/20 277/75/22
f 464/685/68 283/684/31 273/687/29
f 461/69/66 464/66/68 463/67/67
f 271/688/13 280/689/16 272/690/14
f 466/691/69 278/687/30 461/692/66
f 479/58/88 482/61/78 481/60/89
f 463/692/67 268/693/35 470/691/86
f 467/71/85 470/60/86 469/61/71
f 430/694/76 269/693/28 467/695/85
f 469/695/71 330/665/39 434/694/48
f 485/696/54 267/697/34 284/622/36
f 289/698/7 265/656/9 298/655/8
f 487/696/55 264/697/33 494/699/83
f 491/21/81 494/49/83 493/48/82
f 308/700/19 262/701/21 274/702/20
f 496/703/61 267/697/34 491/704/81
f 300/72/10 260/43/12 276/41/11
f 493/704/82 259/705/31 500/703/64
f 497/52/62 500/55/64 499/54/84
f 277/75/22 316/80/2 299/78/4
f 502/706/65 261/705/32 497/707/62
f 275/702/13 257/708/16 307/700/14
f 506/706/68 259/705/31 256/709/29
f 503/69/90 506/66/68 505/67/67
f 291/78/6 263/76/23 309/75/24
f 508/710/69 258/709/30 503/711/90
f 310/41/17 266/73/15 290/72/18
f 512/710/72 256/709/29 254/712/27
f 509/71/70 512/60/72 511/61/91
f 509/713/70 286/680/37 255/712/28
f 476/714/87 254/712/27 296/680/39
f 252/82/10 270/73/12 253/72/11
f 249/715/7 251/716/9 250/717/8
f 282/82/18 247/87/5 248/86/6
f 246/86/4 250/84/8 252/82/10
f 243/718/1 245/717/3 244/716/2
f 248/86/6 241/80/23 242/78/24
f 240/78/22 244/88/2 246/86/4
f 237/690/19 239/719/21 238/688/20
f 242/78/24 272/81/14 281/72/17
f 253/72/11 238/85/20 240/78/22
f 235/89/17 233/43/15 236/41/18
f 231/720/13 234/721/16 232/722/14
f 228/41/10 230/91/12 229/89/11
f 225/723/7 227/724/9 226/725/8
f 236/41/18 223/96/5 224/75/6
f 222/75/4 226/92/8 228/41/10
f 219/726/1 221/725/3 220/724/2
f 224/75/6 217/94/23 218/93/24
f 216/93/22 220/76/2 222/75/4
f 213/722/19 215/727/21 214/720/20
f 218/93/24 232/90/14 235/89/17
f 229/89/11 214/95/20 216/93/22
f 211/75/17 209/98/15 212/78/18
f 207/728/13 210/726/16 208/729/14
f 204/78/10 206/97/12 205/75/11
f 201/730/7 203/719/9 202/731/8
f 212/78/18 199/103/5 200/102/6
f 198/102/4 202/79/8 204/78/10
f 195/689/1 197/731/3 196/719/2
f 200/102/6 193/100/23 194/99/24
f 192/99/22 196/104/2 198/102/4
f 189/729/19 191/724/21 190/728/20
f 194/99/24 208/77/14 211/75/17
f 205/75/11 190/101/20 192/99/22
f 187/105/17 185/109/15 188/108/18
f 183/728/13 186/726/16 184/729/14
f 180/108/10 182/107/12 181/105/11
f 175/730/7 179/719/9 176/731/8
f 188/108/18 173/74/5 174/72/6
f 172/72/4 176/110/8 180/108/10
f 169/689/1 171/731/3 170/719/2
f 174/72/6 167/111/23 168/41/24
f 166/41/22 170/112/2 172/72/4
f 163/729/19 165/724/21 164/728/20
f 168/41/24 184/106/14 187/105/17
f 181/105/11 164/42/20 166/41/22
f 161/113/17 159/117/15 162/116/18
f 157/732/13 160/733/16 158/734/14
f 154/116/10 156/115/12 155/113/11
f 151/735/7 153/736/9 152/737/8
f 162/116/18 149/123/5 150/122/6
f 148/122/4 152/118/8 154/116/10
f 145/738/1 147/737/3 146/736/2
f 150/122/6 143/120/23 144/119/24
f 142/119/22 146/124/2 148/122/4
f 139/734/19 141/739/21 140/732/20
f 144/119/24 158/114/14 161/113/17
f 155/113/11 140/121/20 142/119/22
f 137/125/17 135/129/15 138/128/18
f 133/740/13 136/741/16 134/742/14
f 130/128/10 132/127/12 131/125/11
f 127/743/7 129/744/9 128/745/8
f 138/128/18 125/135/5 126/134/6
f 124/134/4 128/130/8 130/128/10
f 121/746/1 123/745/3 122/744/2
f 126/134/6 119/132/23 120/131/24
f 118/131/22 122/136/2 124/134/4
f 115/742/19 117/747/21 116/740/20
f 120/131/24 134/126/14 137/125/17
f 131/125/11 116/133/20 118/131/22
f 113/137/17 111/141/15 114/140/18
f 109/748/13 112/749/16 110/750/14
f 106/140/10 108/139/12 107/137/11
f 103/751/7 105/752/9 104/753/8
f 114/140/18 101/147/5 102/146/6
f 100/146/4 104/142/8 106/140/10
f 97/754/1 99/753/3 98/752/2
f 102/146/6 95/144/23 96/143/24
f 94/143/22 98/148/2 100/146/4
f 91/750/19 93/755/21 92/748/20
f 96/143/24 110/138/14 113/137/17
f 107/137/11 92/145/20 94/143/22
f 89/149/17 87/153/15 90/152/18
f 85/756/13 88/757/16 86/758/14
f 82/152/10 84/151/12 83/149/11
f 79/759/7 81/760/9 80/761/8
f 90/152/18 77/159/5 78/158/6
f 76/158/4 80/154/8 82/152/10
f 73/762/1 75/761/3 74/760/2
f 78/158/6 71/156/23 72/155/24
f 70/155/22 74/160/2 76/158/4
f 67/758/19 69/763/21 68/756/20
f 72/155/24 86/150/14 89/149/17
f 83/149/11 68/157/20 70/155/22
f 65/161/17 63/165/15 66/164/18
f 61/756/13 64/757/16 62/758/14
f 58/164/10 60/163/12 59/161/11
f 55/759/7 57/760/9 56/761/8
f 66/164/18 53/171/5 54/170/6
f 52/170/4 56/166/8 58/164/10
f 49/762/1 51/761/3 50/760/2
f 54/170/6 47/168/23 48/167/24
f 46/167/22 50/172/2 52/170/4
f 43/758/19 45/763/21 44/756/20
f 48/167/24 62/162/14 65/161/17
f 59/161/11 44/169/20 46/167/22
f 41/173/17 39/180/15 42/179/18
f 37/176/13 40/175/16 38/174/14
f 34/182/10 36/178/12 35/177/11
f 31/181/7 33/184/9 32/183/8
f 42/173/18 29/180/5 30/179/6
f 28/182/4 32/178/8 34/177/10
f 25/180/1 27/183/3 26/184/2
f 30/179/6 23/175/23 24/173/24
f 22/177/22 26/184/2 28/182/4
f 19/174/19 21/178/21 20/176/20
f 24/179/24 38/175/14 41/173/17
f 35/177/11 20/184/20 22/182/22
f 17/185/17 15/192/15 18/191/18
f 13/764/13 16/187/16 14/186/14
f 10/194/10 12/190/12 11/189/11
f 7/193/7 9/765/9 8/766/8
f 18/209/18 5/187/5 6/185/6
f 4/200/4 8/195/8 10/194/10
f 1/192/1 3/766/3 2/765/2
f 6/191/6 1330/187/23 1329/185/24
f 1331/197/22 2/201/2 4/200/4
f 1334/186/19 1332/767/21 1333/764/20
f 1329/185/24 14/210/14 17/209/17
f 11/189/11 1333/198/20 1331/197/22
f 1336/203/17 1338/210/15 1335/209/18
f 1340/768/13 1337/205/16 1339/204/14
f 1343/212/10 1341/208/12 1342/207/11
f 1346/211/7 1344/769/9 1345/770/8
f 1335/209/18 1348/187/5 1347/185/6
f 1349/218/4 1345/213/8 1343/212/10
f 1352/210/1 1350/770/3 1351/769/2
f 1347/209/6 1354/205/23 1353/203/24
f 1355/215/22 1351/219/2 1349/218/4
f 1358/204/19 1356/771/21 1357/768/20
f 1353/185/24 1339/210/14 1336/209/17
f 1342/207/11 1357/216/20 1355/215/22
f 1360/209/17 1362/187/15 1359/185/18
f 1364/772/13 1361/210/16 1363/221/14
f 1367/197/10 1365/223/12 1366/218/11
f 1370/224/7 1368/767/9 1369/773/8
f 1359/185/18 1372/192/5 1371/191/6
f 1373/230/4 1369/225/8 1367/197/10
f 1376/187/1 1374/773/3 1375/767/2
f 1371/185/6 1378/210/23 1377/209/24
f 1379/227/22 1375/231/2 1373/230/4
f 1382/221/19 1380/769/21 1381/772/20
f 1377/191/24 1363/187/14 1360/185/17
f 1366/218/11 1381/228/20 1379/227/22
f 1384/209/17 1386/187/15 1383/185/18
f 1388/772/13 1385/210/16 1387/221/14
f 1391/236/10 1389/235/12 1390/234/11
f 1394/224/7 1392/767/9 1393/773/8
f 1383/203/18 1396/210/5 1395/209/6
f 1397/189/4 1393/237/8 1391/236/10
f 1400/187/1 1398/773/3 1399/767/2
f 1395/185/6 1402/210/23 1401/209/24
f 1403/212/22 1399/241/2 1397/189/4
f 1406/221/19 1404/769/21 1405/772/20
f 1401/209/24 1387/205/14 1384/203/17
f 1390/234/11 1405/239/20 1403/212/22
f 1003/376/190 1408/774/424 1010/775/195
f 925/301/134 922/298/132 926/302/135
f 874/776/98 1410/777/426 869/778/95
f 914/290/127 911/779/124 910/780/123
f 913/289/126 1412/294/428 920/296/131
f 878/781/101 1413/777/429 1414/782/430
f 872/248/97 869/245/95 868/244/94
f 875/251/99 878/254/101 877/253/100
f 919/783/130 1415/300/431 926/302/135
f 880/784/102 1409/785/425 875/786/99
f 955/331/156 1418/336/434 962/338/161
f 884/787/105 1414/782/430 1419/788/435
f 881/257/103 884/260/105 883/259/104
f 1009/382/194 1006/379/192 1010/383/195
f 886/789/106 1416/790/432 881/791/103
f 956/332/157 953/792/154 952/793/153
f 883/794/104 1421/795/437 890/789/109
f 887/263/107 890/266/109 889/265/108
f 922/796/132 1423/291/439 917/293/129
f 892/797/110 1420/795/436 887/798/107
f 916/292/128 1425/285/441 911/287/124
f 889/798/108 1426/799/442 896/797/113
f 893/269/111 896/272/113 895/271/112
f 968/344/165 1418/800/434 1427/342/443
f 898/801/114 1424/799/440 893/802/111
f 965/341/163 968/344/165 967/343/164
f 902/803/117 1426/799/442 1429/804/445
f 899/275/115 902/278/117 901/277/116
f 917/805/129 920/806/131 919/783/130
f 899/807/115 1430/808/446 1428/804/444
f 1040/410/217 1037/407/214 1036/406/213
f 901/809/116 1431/810/447 908/811/121
f 907/283/120 904/280/118 908/284/121
f 868/812/94 1430/808/446 905/813/119
f 907/814/120 1413/777/429 872/812/97
f 923/815/133 1432/303/448 1422/816/438
f 1135/496/284 1132/493/282 1136/497/285
f 925/817/134 1433/306/449 932/308/139
f 929/305/137 932/818/139 931/819/138
f 964/340/162 1435/820/451 959/821/159
f 934/310/140 1432/303/448 929/305/137
f 958/334/158 1437/327/453 953/329/154
f 931/307/138 1438/312/454 938/314/143
f 935/311/141 938/822/143 937/823/142
f 1039/824/216 1440/825/456 1046/826/221
f 940/827/144 1436/309/452 935/311/141
f 997/370/186 1407/375/423 1004/377/191
f 944/828/147 1438/312/454 1443/829/459
f 943/319/146 940/316/144 944/320/147
f 959/821/159 962/830/161 961/831/160
f 941/832/145 1444/321/460 1441/833/457
f 998/834/187 995/368/184 994/367/183
f 950/835/151 1443/318/459 1445/836/461
f 947/837/149 950/835/151 949/838/150
f 910/286/123 1444/321/460 947/323/149
f 914/290/127 1445/324/461 1411/288/427
f 965/839/163 1446/345/462 1434/840/450
f 1081/446/246 1448/841/464 1088/842/251
f 974/350/169 1427/843/443 1449/348/465
f 971/347/167 974/844/169 973/845/168
f 1000/373/188 1451/366/467 995/368/184
f 976/352/170 1446/345/462 971/347/167
f 1006/379/192 1450/846/466 1001/847/189
f 973/349/168 1454/354/470 980/356/173
f 979/848/172 976/352/170 980/849/173
f 1051/421/224 1048/418/222 1052/422/225
f 982/850/174 1452/351/468 977/353/171
f 1045/851/220 1456/852/472 1052/853/225
f 979/355/172 1457/854/473 986/855/177
f 983/340/175 986/343/177 985/359/176
f 1129/856/280 1459/495/475 1136/497/285
f 988/821/178 1455/339/471 983/340/175
f 1001/847/189 1004/857/191 1003/858/190
f 992/859/181 1457/358/473 1461/860/477
f 991/861/180 988/821/178 992/859/181
f 952/328/153 1460/360/476 989/362/179
f 956/332/157 1461/363/477 1417/330/433
f 1007/862/193 1462/384/478 1453/863/469
f 1082/447/247 1079/864/244 1078/865/243
f 1009/866/194 1463/387/479 1016/389/199
f 1013/867/197 1016/389/199 1015/388/198
f 1048/418/222 1465/411/481 1043/413/219
f 1013/386/197 1466/390/482 1462/384/478
f 1042/868/218 1467/405/483 1037/407/214
f 1015/388/198 1468/393/484 1022/395/203
f 1019/869/201 1022/395/203 1021/394/202
f 1094/459/255 1448/451/464 1469/457/485
f 1024/870/204 1466/390/482 1019/392/201
f 1091/456/253 1094/459/255 1093/458/254
f 1028/871/207 1468/393/484 1471/872/487
f 1025/397/205 1028/382/207 1027/383/206
f 1043/413/219 1046/416/221 1045/415/220
f 1030/873/208 1470/396/486 1025/397/205
f 1166/874/307 1163/523/304 1162/522/303
f 1027/875/206 1473/402/489 1034/404/211
f 1031/876/209 1034/858/211 1033/877/210
f 1031/401/209 1451/366/467 1472/399/488
f 1033/403/210 1442/369/458 998/371/187
f 1049/878/223 1474/423/490 1464/879/480
f 1259/616/371 1262/619/373 1261/618/372
f 1051/880/224 1475/881/491 1058/882/229
f 1055/883/227 1058/428/229 1057/427/228
f 1090/884/252 1477/448/493 1085/450/249
f 1055/425/227 1478/429/494 1474/423/490
f 1079/444/244 1477/448/493 1479/442/495
f 1057/427/228 1480/432/496 1064/434/233
f 1061/885/231 1064/434/233 1063/433/232
f 1165/525/306 1482/530/498 1172/532/311
f 1066/886/234 1478/429/494 1061/431/231
f 1123/484/276 1458/489/474 1130/491/281
f 1070/887/237 1480/888/496 1485/889/501
f 1067/418/235 1070/421/237 1069/438/236
f 1085/890/249 1088/453/251 1087/452/250
f 1072/413/238 1483/435/499 1067/418/235
f 1124/485/277 1121/891/274 1120/892/273
f 1069/893/236 1487/894/503 1076/895/241
f 1073/412/239 1076/441/241 1075/440/240
f 1073/896/239 1467/405/483 1486/897/502
f 1075/898/240 1439/899/455 1040/900/217
f 1091/901/253 1488/902/504 1476/903/492
f 1214/572/341 1489/564/505 1490/570/506
f 1093/904/254 1491/463/507 1100/465/259
f 1097/462/257 1100/905/259 1099/906/258
f 1121/482/274 1492/486/508 1493/480/509
f 1102/467/260 1488/460/504 1097/462/257
f 1132/493/282 1492/907/508 1127/908/279
f 1106/471/263 1491/463/507 1496/469/512
f 1103/468/261 1106/909/263 1105/910/262
f 1175/535/313 1178/538/315 1177/537/314
f 1103/911/261 1497/912/513 1494/913/510
f 1171/914/310 1498/536/514 1178/538/315
f 1105/470/262 1499/915/515 1112/916/267
f 1111/459/266 1108/473/264 1112/475/267
f 1255/917/368 1501/918/517 1262/919/373
f 1109/920/265 1502/476/518 1497/912/513
f 1129/856/280 1126/921/278 1130/922/281
f 1111/459/266 1503/451/519 1118/479/271
f 1115/923/269 1118/479/271 1117/453/270
f 1078/443/243 1502/476/518 1115/478/269
f 1117/924/270 1447/445/463 1082/447/247
f 1138/499/286 1495/925/511 1133/926/283
f 1208/927/337 1205/563/334 1204/562/333
f 1135/928/284 1505/501/521 1142/503/289
f 1139/500/287 1142/929/289 1141/930/288
f 1169/931/309 1506/533/522 1507/932/523
f 1144/505/290 1504/498/520 1139/500/287
f 1163/523/304 1507/527/523 1509/521/525
f 1141/502/288 1510/507/526 1148/509/293
f 1147/933/292 1144/505/290 1148/934/293
f 1220/935/345 1490/570/506 1511/936/527
f 1150/937/294 1508/504/524 1145/506/291
f 1217/575/343 1220/578/345 1219/577/344
f 1147/508/292 1513/938/529 1154/939/297
f 1151/493/295 1154/514/297 1153/513/296
f 1169/931/309 1172/940/311 1171/914/310
f 1151/493/295 1514/907/530 1512/510/528
f 1515/941/531 1517/942/532 1518/943/531
f 1153/513/296 1519/944/533 1160/856/301
f 1157/921/299 1160/856/301 1159/945/300
f 1157/517/299 1493/480/509 1514/515/530
f 1159/519/300 1484/483/500 1124/485/277
f 1175/946/313 1520/539/534 1506/947/522
f 1184/544/319 1498/948/514 1521/542/535
f 1181/949/317 1184/544/319 1183/543/318
f 1216/574/342 1523/950/537 1211/951/339
f 1181/541/317 1524/545/538 1520/539/534
f 1210/568/338 1525/561/539 1205/563/334
f 1183/543/318 1526/548/540 1190/550/323
f 1187/952/321 1190/550/323 1189/549/322
f 1192/953/324 1524/545/538 1187/547/321
f 1249/954/364 1500/955/516 1256/956/369
f 1189/549/322 1529/957/543 1196/958/327
f 1193/534/325 1196/554/327 1195/553/326
f 1211/951/339 1214/959/341 1213/960/340
f 1198/931/328 1527/551/541 1193/534/325
f 1250/607/365 1247/604/363 1246/603/362
f 1202/914/331 1529/552/543 1531/961/545
f 1199/962/329 1202/914/331 1201/963/330
f 1162/522/303 1530/555/544 1199/557/329
f 1166/526/307 1531/558/545 1481/524/497
f 1217/964/343 1532/579/546 1522/965/536
f 1219/966/344 1533/582/547 1226/584/349
f 1223/967/347 1226/584/349 1225/583/348
f 1252/956/366 1535/968/549 1247/954/363
f 1228/586/350 1532/579/546 1223/581/347
f 1253/610/367 1537/614/551 1534/608/548
f 1225/583/348 1538/588/552 1232/590/353
f 1229/969/351 1232/590/353 1231/589/352
f 1234/970/354 1536/585/550 1229/587/351
f 1290/971/394 1285/972/390 1286/973/391
f 1231/589/352 1540/974/554 1238/975/357
f 1235/574/355 1238/595/357 1237/594/356
f 1515/976/531 1542/977/555 1541/978/555
f 1235/574/355 1543/979/556 1539/591/553
f 1253/610/367 1256/613/369 1255/612/368
f 1237/980/356 1544/599/557 1244/601/361
f 1241/981/359 1244/982/361 1243/983/360
f 1204/562/333 1543/596/556 1241/598/359
f 1208/566/337 1544/599/557 1489/564/505
f 1264/984/374 1537/918/551 1259/985/371
f 1286/973/391 1281/986/386 1282/987/387
f 1261/985/372 1546/988/559 1268/984/377
f 1265/603/375 1268/606/377 1267/607/376
f 1270/989/378 1545/988/558 1265/990/375
f 1267/990/376 1548/991/561 1274/989/381
f 1271/615/379 1274/618/381 1273/619/380
f 1271/615/379 1549/608/562 1547/614/560
f 1273/992/380 1550/993/563 1280/994/385
f 1277/609/383 1280/612/385 1279/613/384
f 1246/995/362 1549/993/562 1277/996/383
f 1279/996/384 1528/968/542 1250/995/365
f 1290/971/394 1293/997/396 1289/998/393
f 1551/999/564 1542/977/555 1552/1000/564
f 1298/1001/400 1293/997/396 1294/1002/397
f 1551/999/564 1554/1003/565 1553/1004/565
f 1298/1001/400 1301/1005/402 1297/1006/399
f 1553/1004/565 1556/1007/566 1555/1008/566
f 1302/1009/403 1305/1010/405 1301/1005/402
f 1557/1011/567 1556/1012/566 1558/1013/567
f 1310/1014/409 1305/1015/405 1306/1016/406
f 1559/1017/568 1558/1013/567 1560/1018/568
f 1310/1019/409 1313/1020/411 1309/1021/408
f 1561/1022/569 1560/1023/568 1562/1024/569
f 1314/1025/412 1317/1026/414 1313/1020/411
f 1563/1027/570 1562/1024/569 1564/1028/570
f 1322/1029/418 1317/1026/414 1318/1030/415
f 1563/1027/570 1566/1031/571 1565/1032/571
f 1326/1033/421 1321/1034/417 1322/1029/418
f 1565/1032/571 1568/1035/572 1567/1036/572
f 1282/1037/387 1325/1038/420 1326/1039/421
f 1567/1040/572 1517/942/532 1516/1041/532
f 523/656/25 343/708/25 521/654/25
f 341/701/43 514/654/43 344/708/43
f 516/72/26 522/75/26 528/78/26
f 525/78/44 342/41/44 513/72/44
f 351/629/44 363/640/44 375/651/44
f 349/34/47 352/1042/49 347/38/46
f 385/1043/71 346/37/45 383/1044/70
f 348/624/26 378/651/26 366/640/26
f 355/2/51 358/26/53 353/18/50
f 361/14/55 364/1045/57 359/27/54
f 367/5/59 370/8/61 365/12/58
f 373/1046/63 376/39/65 371/1047/62
f 379/15/67 382/31/69 377/40/66
f 417/671/44 387/627/44 399/631/44
f 391/23/47 394/1048/74 389/30/73
f 427/1049/71 388/29/45 425/1050/70
f 396/628/26 426/674/26 414/666/26
f 397/2/51 400/26/75 395/18/50
f 403/14/55 406/1045/57 401/27/54
f 409/48/59 412/51/61 407/21/58
f 415/1046/63 418/39/65 413/1047/62
f 421/15/67 424/31/69 419/40/66
f 459/687/44 429/665/44 441/647/44
f 433/34/77 436/1042/49 431/38/46
f 469/1043/71 430/37/76 467/1044/85
f 444/647/26 432/665/26 462/687/26
f 439/60/51 442/63/75 437/58/50
f 445/66/55 448/1051/80 443/64/54
f 451/5/82 454/8/61 449/12/81
f 457/1052/84 460/68/65 455/1053/62
f 463/67/67 466/70/69 461/69/66
f 495/705/44 507/712/44 477/621/44
f 475/23/77 478/1048/74 473/30/73
f 511/1049/91 472/29/45 509/1050/70
f 492/697/26 480/621/26 510/712/26
f 481/60/89 484/63/75 479/58/88
f 487/66/55 490/1051/80 485/64/54
f 493/48/82 496/51/61 491/21/81
f 499/1052/84 502/68/65 497/1053/62
f 505/67/67 508/70/69 503/69/90
f 517/701/92 526/654/92 515/708/92
f 529/656/93 520/708/93 527/654/93
f 549/86/44 531/72/44 537/82/44
f 536/719/43 538/718/43 533/689/43
f 547/719/25 532/726/25 545/689/25
f 540/82/26 546/78/26 552/86/26
f 541/724/92 550/689/92 539/726/92
f 553/716/93 544/689/93 551/718/93
f 573/75/44 555/89/44 561/41/44
f 560/727/43 562/726/43 557/721/43
f 571/719/25 556/726/25 569/689/25
f 564/41/26 570/93/26 576/75/26
f 565/724/92 574/689/92 563/726/92
f 577/724/93 568/721/93 575/726/93
f 597/102/44 579/75/44 585/78/44
f 584/724/43 586/689/43 581/726/43
f 595/716/25 580/689/25 593/718/25
f 588/78/26 594/99/26 600/102/26
f 589/719/92 598/718/92 587/689/92
f 601/719/93 592/726/93 599/689/93
f 621/72/44 603/105/44 609/108/44
f 608/724/43 610/689/43 605/726/43
f 619/724/25 604/721/25 617/726/25
f 612/108/26 618/41/26 624/72/26
f 613/727/92 622/726/92 611/721/92
f 625/719/93 616/726/93 623/689/93
f 645/122/44 627/113/44 633/116/44
f 632/739/43 634/738/43 629/733/43
f 643/736/25 628/733/25 641/738/25
f 636/116/26 642/119/26 648/122/26
f 637/739/92 646/738/92 635/733/92
f 649/736/93 640/733/93 647/738/93
f 669/134/44 651/125/44 657/128/44
f 656/747/43 658/746/43 653/741/43
f 667/760/25 652/757/25 665/762/25
f 660/128/26 666/131/26 672/134/26
f 661/763/92 670/762/92 659/757/92
f 673/744/93 664/741/93 671/746/93
f 693/146/44 675/137/44 681/140/44
f 680/755/43 682/754/43 677/749/43
f 691/760/25 676/757/25 689/762/25
f 684/140/26 690/143/26 696/146/26
f 685/763/92 694/762/92 683/757/92
f 697/752/93 688/749/93 695/754/93
f 717/158/44 699/149/44 705/152/44
f 704/763/43 706/762/43 701/757/43
f 715/744/25 700/741/25 713/746/25
f 708/152/26 714/155/26 720/158/26
f 709/747/92 718/746/92 707/741/92
f 721/760/93 712/757/93 719/762/93
f 741/170/44 723/161/44 729/164/44
f 728/763/43 730/762/43 725/757/43
f 739/752/25 724/749/25 737/754/25
f 732/164/26 738/167/26 744/170/26
f 733/755/92 742/754/92 731/749/92
f 745/760/93 736/757/93 743/762/93
f 765/197/44 747/212/44 753/189/44
f 752/178/43 754/180/43 749/175/43
f 763/184/25 748/175/25 761/180/25
f 756/189/26 762/218/26 768/197/26
f 757/178/92 766/180/92 755/175/92
f 769/184/93 760/175/93 767/180/93
f 789/200/44 771/189/44 777/194/44
f 776/767/43 778/192/43 773/187/43
f 787/767/25 772/210/25 785/187/25
f 780/194/26 786/197/26 792/200/26
f 781/769/92 790/187/92 779/210/92
f 793/765/93 784/187/93 791/192/93
f 813/218/44 795/207/44 801/212/44
f 800/771/43 802/210/43 797/205/43
f 811/767/25 796/210/25 809/187/25
f 804/212/26 810/215/26 816/218/26
f 805/769/92 814/187/92 803/210/92
f 817/769/93 808/205/93 815/210/93
f 837/230/44 819/218/44 825/197/44
f 824/769/43 826/187/43 821/210/43
f 835/765/25 820/187/25 833/192/25
f 828/197/26 834/227/26 840/230/26
f 829/767/92 838/192/92 827/187/92
f 841/767/93 832/210/93 839/187/93
f 861/189/44 843/234/44 849/236/44
f 848/769/43 850/187/43 845/210/43
f 859/769/25 844/205/25 857/210/25
f 852/236/26 858/212/26 864/189/26
f 853/771/92 862/210/92 851/205/92
f 865/767/93 856/210/93 863/187/93
f 873/785/25 885/795/25 897/804/25
f 871/247/96 874/1054/98 869/245/95
f 907/1055/120 868/244/94 905/1056/119
f 870/777/92 900/804/92 888/795/92
f 877/253/100 880/256/102 875/251/99
f 883/259/104 886/1057/106 881/257/103
f 889/265/108 892/268/110 887/263/107
f 895/1058/112 898/274/114 893/1057/111
f 901/277/116 904/280/118 899/275/115
f 939/833/122 909/285/122 921/1059/122
f 913/289/126 916/1060/128 911/779/124
f 949/325/150 910/780/123 947/1061/149
f 918/1062/125 948/1063/125 936/312/125
f 919/783/130 922/298/132 917/805/129
f 925/301/134 928/1064/136 923/299/133
f 929/305/137 938/822/143 934/310/140
f 935/1065/141 944/320/147 940/316/144
f 941/317/145 950/835/151 946/1066/148
f 981/1067/152 951/327/152 963/1068/152
f 955/331/156 958/1069/158 953/792/154
f 991/364/180 952/793/153 989/1070/179
f 966/843/155 954/1071/155 984/854/155
f 959/821/159 968/344/165 964/340/162
f 967/343/164 970/1072/166 965/341/163
f 973/845/168 976/352/170 971/347/167
f 977/1073/171 986/343/177 982/357/174
f 983/340/175 992/859/181 988/821/178
f 1017/390/182 1029/1074/182 999/1075/182
f 997/1076/186 1000/373/188 995/368/184
f 1031/401/209 998/834/187 994/367/183
f 1014/1077/185 1002/375/185 1032/402/185
f 1001/847/189 1010/383/195 1006/379/192
f 1009/382/194 1012/1078/196 1007/380/193
f 1015/388/198 1018/1079/200 1013/867/197
f 1019/1078/201 1028/382/207 1024/380/204
f 1025/397/205 1034/858/211 1030/873/208
f 1059/429/212 1071/1080/212 1041/1081/212
f 1037/407/214 1046/1082/221 1042/868/218
f 1075/1083/240 1036/406/213 1073/896/239
f 1044/825/215 1074/894/215 1062/888/215
f 1045/415/220 1048/418/222 1043/413/219
f 1051/421/224 1054/1084/226 1049/419/223
f 1057/427/228 1060/1085/230 1055/883/227
f 1063/1086/232 1066/436/234 1061/1084/231
f 1069/438/236 1072/413/238 1067/418/235
f 1107/912/242 1077/442/242 1089/903/242
f 1081/446/246 1084/1087/248 1079/864/244
f 1117/924/270 1078/865/243 1115/1088/269
f 1092/1089/245 1080/1090/245 1110/915/245
f 1085/890/249 1094/459/255 1090/455/252
f 1093/458/254 1096/1091/256 1091/456/253
f 1099/906/258 1102/467/260 1097/462/257
f 1105/1092/262 1108/473/264 1103/1091/261
f 1111/459/266 1114/1093/268 1109/474/265
f 1143/1094/272 1155/515/272 1125/486/272
f 1123/484/276 1126/1095/278 1121/891/274
f 1157/1096/299 1124/485/277 1120/892/273
f 1122/1097/275 1152/938/275 1140/501/275
f 1129/856/280 1132/493/282 1127/908/279
f 1133/494/283 1142/1098/289 1138/1099/286
f 1141/930/288 1144/505/290 1139/500/287
f 1147/1098/292 1150/511/294 1145/1099/291
f 1153/513/296 1156/908/298 1151/493/295
f 1185/545/302 1197/1100/302 1167/1101/302
f 1163/523/304 1172/1102/311 1168/528/308
f 1199/557/329 1166/874/307 1162/522/303
f 1170/530/305 1200/558/305 1188/1103/305
f 1169/931/309 1178/538/315 1174/534/312
f 1175/535/313 1184/1104/319 1180/1105/316
f 1183/543/318 1186/1106/320 1181/949/317
f 1189/1104/322 1192/535/324 1187/1105/321
f 1193/534/325 1202/914/331 1198/931/328
f 1233/1107/332 1203/1108/332 1215/965/332
f 1207/1109/336 1210/568/338 1205/563/334
f 1243/1110/360 1204/562/333 1241/598/359
f 1218/936/335 1206/564/335 1236/1111/335
f 1213/960/340 1216/574/342 1211/951/339
f 1219/577/344 1222/1112/346 1217/575/343
f 1225/583/348 1228/1113/350 1223/967/347
f 1231/1114/352 1234/592/354 1229/1112/351
f 1237/594/356 1240/1115/358 1235/574/355
f 1269/991/44 1245/968/44 1257/918/44
f 1249/606/364 1252/1116/366 1247/604/363
f 1279/1117/384 1246/603/362 1277/1118/383
f 1248/968/26 1272/991/26 1260/918/26
f 1255/612/368 1258/615/370 1253/610/367
f 1261/1119/372 1264/604/374 1259/1116/371
f 1267/607/376 1270/1118/378 1265/603/375
f 1273/619/380 1276/610/382 1271/615/379
f 1301/1005/402 1317/1120/414 1285/972/390
f 1284/1041/389 1286/1121/391 1282/1037/387
f 1326/1039/421 1284/1041/389 1282/1037/387
f 1327/1035/388 1311/1023/388 1295/1122/388
f 1288/941/392 1290/1123/394 1286/1121/391
f 1290/1124/394 1296/999/398 1294/1125/397
f 1296/999/398 1298/1126/400 1294/1125/397
f 1300/1127/401 1302/1128/403 1298/1129/400
f 1302/1128/403 1308/1011/407 1306/1016/406
f 1308/1011/407 1310/1014/409 1306/1016/406
f 1310/1019/409 1316/1130/413 1314/1025/412
f 1316/1130/413 1318/1030/415 1314/1025/412
f 1320/1131/416 1322/1029/418 1318/1030/415
f 1322/1029/418 1328/1132/422 1326/1033/421
f 488/620/79 481/683/89 340/621/42
f 401/27/54 400/26/75 404/15/56
f 352/623/49 338/629/38 337/624/37
f 392/24/48 391/23/47 389/30/73
f 398/626/52 391/644/47 336/627/39
f 356/623/52 349/625/47 334/624/39
f 350/35/48 349/34/47 347/38/46
f 353/18/50 352/17/49 356/3/52
f 397/630/51 335/628/41 332/631/40
f 353/633/50 358/638/53 331/634/36
f 433/635/77 330/665/39 329/636/41
f 355/633/51 333/629/41 328/634/40
f 359/27/54 358/26/53 362/15/56
f 485/64/54 484/63/75 488/67/79
f 359/639/54 364/641/57 327/640/34
f 434/35/48 433/34/77 431/38/46
f 361/639/55 328/634/40 326/640/33
f 365/12/58 364/11/57 368/6/60
f 395/630/50 400/632/75 325/631/36
f 370/642/61 323/645/32 327/640/34
f 389/644/73 394/626/74 324/628/38
f 367/643/59 326/640/33 321/645/31
f 371/9/62 370/8/61 374/46/64
f 439/646/51 329/636/41 320/647/40
f 376/649/65 319/651/30 323/645/32
f 443/64/54 442/63/75 446/67/79
f 380/649/68 373/650/63 321/645/31
f 377/40/66 376/39/65 380/14/68
f 395/18/50 394/17/74 398/3/52
f 382/652/69 317/657/28 319/651/30
f 315/654/1 314/698/5 313/655/3
f 386/652/72 379/653/67 318/651/29
f 383/32/70 382/31/69 386/2/72
f 383/658/70 346/659/45 337/624/37
f 385/658/71 312/657/27 334/624/39
f 401/660/54 406/662/57 311/661/34
f 309/75/24 308/77/19 307/42/14
f 403/660/55 332/631/40 306/661/33
f 407/21/58 406/20/57 410/49/60
f 437/646/50 442/648/75 305/647/36
f 412/663/61 303/666/32 311/661/34
f 436/637/49 304/636/38 302/665/37
f 409/664/59 306/661/33 301/666/31
f 413/52/62 412/51/61 416/55/64
f 299/78/4 313/79/3 298/74/8
f 418/667/65 297/671/30 303/666/32
f 475/669/77 296/680/39 340/621/42
f 422/667/68 415/668/63 301/666/31
f 419/40/66 418/39/65 422/14/68
f 437/58/50 436/57/49 440/61/78
f 424/672/69 294/674/28 297/671/30
f 476/24/87 475/23/77 473/30/73
f 428/672/72 421/673/67 295/671/29
f 425/32/70 424/31/69 428/2/72
f 425/675/70 388/676/45 322/627/37
f 427/675/71 293/674/27 336/627/39
f 443/677/54 448/679/80 292/678/34
f 290/72/18 289/74/7 314/79/5
f 445/677/55 320/647/40 288/678/33
f 449/12/81 448/11/80 452/6/83
f 473/669/73 478/670/74 287/621/38
f 454/681/61 285/684/32 292/678/34
f 484/620/75 284/622/36 287/621/38
f 451/682/82 288/678/33 283/684/31
f 455/9/62 454/8/61 458/46/64
f 281/72/17 280/73/16 279/83/15
f 460/685/65 278/687/30 285/684/32
f 276/41/11 275/42/13 274/77/20
f 464/685/68 457/686/84 283/684/31
f 461/69/66 460/68/65 464/66/68
f 271/688/13 270/719/12 280/689/16
f 466/691/69 269/693/28 278/687/30
f 479/58/88 478/57/74 482/61/78
f 463/692/67 273/687/29 268/693/35
f 467/71/85 466/70/69 470/60/86
f 430/694/76 302/665/37 269/693/28
f 469/695/71 268/693/35 330/665/39
f 485/696/54 490/699/80 267/697/34
f 289/698/7 266/654/15 265/656/9
f 487/696/55 339/622/40 264/697/33
f 491/21/81 490/20/80 494/49/83
f 308/700/19 263/708/23 262/701/21
f 496/703/61 261/705/32 267/697/34
f 300/72/10 265/73/9 260/43/12
f 493/704/82 264/697/33 259/705/31
f 497/52/62 496/51/61 500/55/64
f 277/75/22 262/76/21 316/80/2
f 502/706/65 258/709/30 261/705/32
f 275/702/13 260/701/12 257/708/16
f 506/706/68 499/707/84 259/705/31
f 503/69/90 502/68/65 506/66/68
f 291/78/6 315/80/1 263/76/23
f 508/710/69 255/712/28 258/709/30
f 310/41/17 257/43/16 266/73/15
f 512/710/72 505/711/67 256/709/29
f 509/71/70 508/70/69 512/60/72
f 509/713/70 472/714/45 286/680/37
f 476/714/87 511/713/91 254/712/27
f 252/82/10 251/83/9 270/73/12
f 249/715/7 279/718/15 251/716/9
f 282/82/18 249/84/7 247/87/5
f 246/86/4 245/87/3 250/84/8
f 243/718/1 247/715/5 245/717/3
f 248/86/6 243/88/1 241/80/23
f 240/78/22 239/80/21 244/88/2
f 237/690/19 241/689/23 239/719/21
f 242/78/24 237/85/19 272/81/14
f 253/72/11 271/81/13 238/85/20
f 235/89/17 234/91/16 233/43/15
f 231/720/13 230/727/12 234/721/16
f 228/41/10 227/43/9 230/91/12
f 225/723/7 233/726/15 227/724/9
f 236/41/18 225/92/7 223/96/5
f 222/75/4 221/96/3 226/92/8
f 219/726/1 223/723/5 221/725/3
f 224/75/6 219/76/1 217/94/23
f 216/93/22 215/94/21 220/76/2
f 213/722/19 217/721/23 215/727/21
f 218/93/24 213/95/19 232/90/14
f 229/89/11 231/90/13 214/95/20
f 211/75/17 210/97/16 209/98/15
f 207/728/13 206/724/12 210/726/16
f 204/78/10 203/98/9 206/97/12
f 201/730/7 209/689/15 203/719/9
f 212/78/18 201/79/7 199/103/5
f 198/102/4 197/103/3 202/79/8
f 195/689/1 199/730/5 197/731/3
f 200/102/6 195/104/1 193/100/23
f 192/99/22 191/100/21 196/104/2
f 189/729/19 193/726/23 191/724/21
f 194/99/24 189/101/19 208/77/14
f 205/75/11 207/77/13 190/101/20
f 187/105/17 186/107/16 185/109/15
f 183/728/13 182/724/12 186/726/16
f 180/108/10 179/109/9 182/107/12
f 175/730/7 185/689/15 179/719/9
f 188/108/18 175/110/7 173/74/5
f 172/72/4 171/74/3 176/110/8
f 169/689/1 173/730/5 171/731/3
f 174/72/6 169/112/1 167/111/23
f 166/41/22 165/111/21 170/112/2
f 163/729/19 167/726/23 165/724/21
f 168/41/24 163/42/19 184/106/14
f 181/105/11 183/106/13 164/42/20
f 161/113/17 160/115/16 159/117/15
f 157/732/13 156/739/12 160/733/16
f 154/116/10 153/117/9 156/115/12
f 151/735/7 159/738/15 153/736/9
f 162/116/18 151/118/7 149/123/5
f 148/122/4 147/123/3 152/118/8
f 145/738/1 149/735/5 147/737/3
f 150/122/6 145/124/1 143/120/23
f 142/119/22 141/120/21 146/124/2
f 139/734/19 143/733/23 141/739/21
f 144/119/24 139/121/19 158/114/14
f 155/113/11 157/114/13 140/121/20
f 137/125/17 136/127/16 135/129/15
f 133/740/13 132/747/12 136/741/16
f 130/128/10 129/129/9 132/127/12
f 127/743/7 135/746/15 129/744/9
f 138/128/18 127/130/7 125/135/5
f 124/134/4 123/135/3 128/130/8
f 121/746/1 125/743/5 123/745/3
f 126/134/6 121/136/1 119/132/23
f 118/131/22 117/132/21 122/136/2
f 115/742/19 119/741/23 117/747/21
f 120/131/24 115/133/19 134/126/14
f 131/125/11 133/126/13 116/133/20
f 113/137/17 112/139/16 111/141/15
f 109/748/13 108/755/12 112/749/16
f 106/140/10 105/141/9 108/139/12
f 103/751/7 111/754/15 105/752/9
f 114/140/18 103/142/7 101/147/5
f 100/146/4 99/147/3 104/142/8
f 97/754/1 101/751/5 99/753/3
f 102/146/6 97/148/1 95/144/23
f 94/143/22 93/144/21 98/148/2
f 91/750/19 95/749/23 93/755/21
f 96/143/24 91/145/19 110/138/14
f 107/137/11 109/138/13 92/145/20
f 89/149/17 88/151/16 87/153/15
f 85/756/13 84/763/12 88/757/16
f 82/152/10 81/153/9 84/151/12
f 79/759/7 87/762/15 81/760/9
f 90/152/18 79/154/7 77/159/5
f 76/158/4 75/159/3 80/154/8
f 73/762/1 77/759/5 75/761/3
f 78/158/6 73/160/1 71/156/23
f 70/155/22 69/156/21 74/160/2
f 67/758/19 71/757/23 69/763/21
f 72/155/24 67/157/19 86/150/14
f 83/149/11 85/150/13 68/157/20
f 65/161/17 64/163/16 63/165/15
f 61/756/13 60/763/12 64/757/16
f 58/164/10 57/165/9 60/163/12
f 55/759/7 63/762/15 57/760/9
f 66/164/18 55/166/7 53/171/5
f 52/170/4 51/171/3 56/166/8
f 49/762/1 53/759/5 51/761/3
f 54/170/6 49/172/1 47/168/23
f 46/167/22 45/168/21 50/172/2
f 43/758/19 47/757/23 45/763/21
f 48/167/24 43/169/19 62/162/14
f 59/161/11 61/162/13 44/169/20
f 41/173/17 40/175/16 39/180/15
f 37/176/13 36/178/12 40/175/16
f 34/182/10 33/184/9 36/178/12
f 31/181/7 39/180/15 33/184/9
f 42/173/18 31/175/7 29/180/5
f 28/182/4 27/184/3 32/178/8
f 25/180/1 29/181/5 27/183/3
f 30/179/6 25/180/1 23/175/23
f 22/177/22 21/178/21 26/184/2
f 19/174/19 23/175/23 21/178/21
f 24/179/24 19/180/19 38/175/14
f 35/177/11 37/178/13 20/184/20
f 17/185/17 16/187/16 15/192/15
f 13/764/13 12/767/12 16/187/16
f 10/194/10 9/196/9 12/190/12
f 7/193/7 15/192/15 9/765/9
f 18/209/18 7/210/7 5/187/5
f 4/200/4 3/202/3 8/195/8
f 1/192/1 5/193/5 3/766/3
f 6/191/6 1/192/1 1330/187/23
f 1331/197/22 1332/199/21 2/201/2
f 1334/186/19 1330/187/23 1332/767/21
f 1329/185/24 1334/187/19 14/210/14
f 11/189/11 13/188/13 1333/198/20
f 1336/203/17 1337/205/16 1338/210/15
f 1340/768/13 1341/771/12 1337/205/16
f 1343/212/10 1344/214/9 1341/208/12
f 1346/211/7 1338/210/15 1344/769/9
f 1335/209/18 1346/210/7 1348/187/5
f 1349/218/4 1350/220/3 1345/213/8
f 1352/210/1 1348/211/5 1350/770/3
f 1347/209/6 1352/210/1 1354/205/23
f 1355/215/22 1356/217/21 1351/219/2
f 1358/204/19 1354/205/23 1356/771/21
f 1353/185/24 1358/187/19 1339/210/14
f 1342/207/11 1340/206/13 1357/216/20
f 1360/209/17 1361/210/16 1362/187/15
f 1364/772/13 1365/769/12 1361/210/16
f 1367/197/10 1368/226/9 1365/223/12
f 1370/224/7 1362/187/15 1368/767/9
f 1359/185/18 1370/187/7 1372/192/5
f 1373/230/4 1374/232/3 1369/225/8
f 1376/187/1 1372/224/5 1374/773/3
f 1371/185/6 1376/187/1 1378/210/23
f 1379/227/22 1380/229/21 1375/231/2
f 1382/221/19 1378/210/23 1380/769/21
f 1377/191/24 1382/192/19 1363/187/14
f 1366/218/11 1364/222/13 1381/228/20
f 1384/209/17 1385/210/16 1386/187/15
f 1388/772/13 1389/769/12 1385/210/16
f 1391/236/10 1392/238/9 1389/235/12
f 1394/224/7 1386/187/15 1392/767/9
f 1383/203/18 1394/205/7 1396/210/5
f 1397/189/4 1398/242/3 1393/237/8
f 1400/187/1 1396/224/5 1398/773/3
f 1395/185/6 1400/187/1 1402/210/23
f 1403/212/22 1404/240/21 1399/241/2
f 1406/221/19 1402/210/23 1404/769/21
f 1401/209/24 1406/210/19 1387/205/14
f 1390/234/11 1388/233/13 1405/239/20
f 1003/376/190 1407/375/423 1408/774/424
f 925/301/134 923/299/133 922/298/132
f 874/776/98 1409/785/425 1410/777/426
f 914/290/127 913/289/126 911/779/124
f 913/289/126 1411/288/427 1412/294/428
f 878/781/101 871/778/96 1413/777/429
f 872/248/97 871/247/96 869/245/95
f 875/251/99 874/250/98 878/254/101
f 919/783/130 1412/1133/428 1415/300/431
f 880/784/102 1416/790/432 1409/785/425
f 955/331/156 1417/330/433 1418/336/434
f 884/787/105 877/1134/100 1414/782/430
f 881/257/103 880/256/102 884/260/105
f 1009/382/194 1007/380/193 1006/379/192
f 886/789/106 1420/795/436 1416/790/432
f 956/332/157 955/331/156 953/792/154
f 883/794/104 1419/788/435 1421/795/437
f 887/263/107 886/262/106 890/266/109
f 922/796/132 1422/1059/438 1423/291/439
f 892/797/110 1424/799/440 1420/795/436
f 916/292/128 1423/291/439 1425/285/441
f 889/798/108 1421/795/437 1426/799/442
f 893/269/111 892/268/110 896/272/113
f 968/344/165 961/831/160 1418/800/434
f 898/801/114 1428/804/444 1424/799/440
f 965/341/163 964/340/162 968/344/165
f 902/803/117 895/802/112 1426/799/442
f 899/275/115 898/274/114 902/278/117
f 917/805/129 916/1135/128 920/806/131
f 899/807/115 904/1136/118 1430/808/446
f 1040/410/217 1039/409/216 1037/407/214
f 901/809/116 1429/804/445 1431/810/447
f 907/283/120 905/281/119 904/280/118
f 868/812/94 1410/777/426 1430/808/446
f 907/814/120 1431/810/447 1413/777/429
f 923/815/133 928/304/136 1432/303/448
f 1135/496/284 1133/494/283 1132/493/282
f 925/817/134 1415/1137/431 1433/306/449
f 929/305/137 928/304/136 932/818/139
f 964/340/162 1434/339/450 1435/820/451
f 934/310/140 1436/309/452 1432/303/448
f 958/334/158 1435/333/451 1437/327/453
f 931/307/138 1433/306/449 1438/312/454
f 935/311/141 934/310/140 938/822/143
f 1039/824/216 1439/899/455 1440/825/456
f 940/827/144 1441/1138/457 1436/309/452
f 997/370/186 1442/369/458 1407/375/423
f 944/828/147 937/313/142 1438/312/454
f 943/319/146 941/317/145 940/316/144
f 959/821/159 958/1139/158 962/830/161
f 941/832/145 946/322/148 1444/321/460
f 998/834/187 997/1076/186 995/368/184
f 950/835/151 943/319/146 1443/318/459
f 947/837/149 946/1066/148 950/835/151
f 910/286/123 1425/285/441 1444/321/460
f 914/290/127 949/325/150 1445/324/461
f 965/839/163 970/346/166 1446/345/462
f 1081/446/246 1447/445/463 1448/841/464
f 974/350/169 967/1140/164 1427/843/443
f 971/347/167 970/346/166 974/844/169
f 1000/373/188 1450/372/466 1451/366/467
f 976/352/170 1452/351/468 1446/345/462
f 1006/379/192 1453/378/469 1450/846/466
f 973/349/168 1449/348/465 1454/354/470
f 979/848/172 977/353/171 976/352/170
f 1051/421/224 1049/419/223 1048/418/222
f 982/850/174 1455/1141/471 1452/351/468
f 1045/851/220 1440/825/456 1456/852/472
f 979/355/172 1454/354/470 1457/854/473
f 983/340/175 982/357/174 986/343/177
f 1129/856/280 1458/1142/474 1459/495/475
f 988/821/178 1460/1143/476 1455/339/471
f 1001/847/189 1000/876/188 1004/857/191
f 992/859/181 985/359/176 1457/358/473
f 991/861/180 989/1139/179 988/821/178
f 952/328/153 1437/327/453 1460/360/476
f 956/332/157 991/364/180 1461/363/477
f 1007/862/193 1012/385/196 1462/384/478
f 1082/447/247 1081/446/246 1079/864/244
f 1009/866/194 1408/1144/424 1463/387/479
f 1013/867/197 1012/1145/196 1016/389/199
f 1048/418/222 1464/417/480 1465/411/481
f 1013/386/197 1018/391/200 1466/390/482
f 1042/868/218 1465/1146/481 1467/405/483
f 1015/388/198 1463/387/479 1468/393/484
f 1019/869/201 1018/1079/200 1022/395/203
f 1094/459/255 1087/452/250 1448/451/464
f 1024/870/204 1470/1147/486 1466/390/482
f 1091/456/253 1090/455/252 1094/459/255
f 1028/871/207 1021/394/202 1468/393/484
f 1025/397/205 1024/380/204 1028/382/207
f 1043/413/219 1042/412/218 1046/416/221
f 1030/873/208 1472/1148/488 1470/396/486
f 1166/874/307 1165/1149/306 1163/523/304
f 1027/875/206 1471/1150/487 1473/402/489
f 1031/876/209 1030/873/208 1034/858/211
f 1031/401/209 994/367/183 1451/366/467
f 1033/403/210 1473/402/489 1442/369/458
f 1049/878/223 1054/424/226 1474/423/490
f 1259/616/371 1258/615/370 1262/619/373
f 1051/880/224 1456/852/472 1475/881/491
f 1055/883/227 1054/1151/226 1058/428/229
f 1090/884/252 1476/903/492 1477/448/493
f 1055/425/227 1060/430/230 1478/429/494
f 1079/444/244 1084/449/248 1477/448/493
f 1057/427/228 1475/426/491 1480/432/496
f 1061/885/231 1060/1085/230 1064/434/233
f 1165/525/306 1481/524/497 1482/530/498
f 1066/886/234 1483/1152/499 1478/429/494
f 1123/484/276 1484/483/500 1458/489/474
f 1070/887/237 1063/1153/232 1480/888/496
f 1067/418/235 1066/436/234 1070/421/237
f 1085/890/249 1084/1154/248 1088/453/251
f 1072/413/238 1486/411/502 1483/435/499
f 1124/485/277 1123/484/276 1121/891/274
f 1069/893/236 1485/889/501 1487/894/503
f 1073/412/239 1072/413/238 1076/441/241
f 1073/896/239 1036/406/213 1467/405/483
f 1075/898/240 1487/894/503 1439/899/455
f 1091/901/253 1096/1155/256 1488/902/504
f 1214/572/341 1207/565/336 1489/564/505
f 1093/904/254 1469/1089/485 1491/463/507
f 1097/462/257 1096/461/256 1100/905/259
f 1121/482/274 1126/487/278 1492/486/508
f 1102/467/260 1494/466/510 1488/460/504
f 1132/493/282 1495/492/511 1492/907/508
f 1106/471/263 1099/464/258 1491/463/507
f 1103/468/261 1102/467/260 1106/909/263
f 1175/535/313 1174/534/312 1178/538/315
f 1103/911/261 1108/1156/264 1497/912/513
f 1171/914/310 1482/1157/498 1498/536/514
f 1105/470/262 1496/469/512 1499/915/515
f 1111/459/266 1109/474/265 1108/473/264
f 1255/917/368 1500/955/516 1501/918/517
f 1109/920/265 1114/477/268 1502/476/518
f 1129/856/280 1127/908/279 1126/921/278
f 1111/459/266 1499/457/515 1503/451/519
f 1115/923/269 1114/1093/268 1118/479/271
f 1078/443/243 1479/442/495 1502/476/518
f 1117/924/270 1503/1158/519 1447/445/463
f 1138/499/286 1504/498/520 1495/925/511
f 1208/927/337 1207/1109/336 1205/563/334
f 1135/928/284 1459/1159/475 1505/501/521
f 1139/500/287 1138/499/286 1142/929/289
f 1169/931/309 1174/534/312 1506/533/522
f 1144/505/290 1508/504/524 1504/498/520
f 1163/523/304 1168/528/308 1507/527/523
f 1141/502/288 1505/501/521 1510/507/526
f 1147/933/292 1145/506/291 1144/505/290
f 1220/935/345 1213/571/340 1490/570/506
f 1150/937/294 1512/1160/528 1508/504/524
f 1217/575/343 1216/574/342 1220/578/345
f 1147/508/292 1510/507/526 1513/938/529
f 1151/493/295 1150/511/294 1154/514/297
f 1169/931/309 1168/1161/308 1172/940/311
f 1151/493/295 1156/908/298 1514/907/530
f 1515/941/531 1516/1041/532 1517/942/532
f 1153/513/296 1513/512/529 1519/944/533
f 1157/921/299 1156/908/298 1160/856/301
f 1157/517/299 1120/481/273 1493/480/509
f 1159/519/300 1519/518/533 1484/483/500
f 1175/946/313 1180/540/316 1520/539/534
f 1184/544/319 1177/1162/314 1498/948/514
f 1181/949/317 1180/1163/316 1184/544/319
f 1216/574/342 1522/573/536 1523/950/537
f 1181/541/317 1186/546/320 1524/545/538
f 1210/568/338 1523/567/537 1525/561/539
f 1183/543/318 1521/542/535 1526/548/540
f 1187/952/321 1186/1106/320 1190/550/323
f 1192/953/324 1527/1164/541 1524/545/538
f 1249/954/364 1528/968/542 1500/955/516
f 1189/549/322 1526/548/540 1529/957/543
f 1193/534/325 1192/535/324 1196/554/327
f 1211/951/339 1210/1165/338 1214/959/341
f 1198/931/328 1530/1166/544 1527/551/541
f 1250/607/365 1249/606/364 1247/604/363
f 1202/914/331 1195/553/326 1529/552/543
f 1199/962/329 1198/931/328 1202/914/331
f 1162/522/303 1509/521/525 1530/555/544
f 1166/526/307 1201/559/330 1531/558/545
f 1217/964/343 1222/580/346 1532/579/546
f 1219/966/344 1511/1167/527 1533/582/547
f 1223/967/347 1222/1168/346 1226/584/349
f 1252/956/366 1534/955/548 1535/968/549
f 1228/586/350 1536/585/550 1532/579/546
f 1253/610/367 1258/615/370 1537/614/551
f 1225/583/348 1533/582/547 1538/588/552
f 1229/969/351 1228/1113/350 1232/590/353
f 1234/970/354 1539/1107/553 1536/585/550
f 1290/971/394 1289/998/393 1285/972/390
f 1231/589/352 1538/588/552 1540/974/554
f 1235/574/355 1234/592/354 1238/595/357
f 1515/976/531 1518/1169/531 1542/977/555
f 1235/574/355 1240/1115/358 1543/979/556
f 1253/610/367 1252/609/366 1256/613/369
f 1237/980/356 1540/1111/554 1544/599/557
f 1241/981/359 1240/1115/358 1244/982/361
f 1204/562/333 1525/561/539 1543/596/556
f 1208/566/337 1243/600/360 1544/599/557
f 1264/984/374 1545/988/558 1537/918/551
f 1286/973/391 1285/972/390 1281/986/386
f 1261/985/372 1501/918/517 1546/988/559
f 1265/603/375 1264/604/374 1268/606/377
f 1270/989/378 1547/991/560 1545/988/558
f 1267/990/376 1546/988/559 1548/991/561
f 1271/615/379 1270/616/378 1274/618/381
f 1271/615/379 1276/610/382 1549/608/562
f 1273/992/380 1548/991/561 1550/993/563
f 1277/609/383 1276/610/382 1280/612/385
f 1246/995/362 1535/968/549 1549/993/562
f 1279/996/384 1550/993/563 1528/968/542
f 1290/971/394 1294/1002/397 1293/997/396
f 1551/999/564 1541/978/555 1542/977/555
f 1298/1001/400 1297/1006/399 1293/997/396
f 1551/999/564 1552/1000/564 1554/1003/565
f 1298/1001/400 1302/1009/403 1301/1005/402
f 1553/1004/565 1554/1003/565 1556/1007/566
f 1302/1009/403 1306/1170/406 1305/1010/405
f 1557/1011/567 1555/1171/566 1556/1012/566
f 1310/1014/409 1309/1172/408 1305/1015/405
f 1559/1017/568 1557/1011/567 1558/1013/567
f 1310/1019/409 1314/1025/412 1313/1020/411
f 1561/1022/569 1559/1173/568 1560/1023/568
f 1314/1025/412 1318/1030/415 1317/1026/414
f 1563/1027/570 1561/1022/569 1562/1024/569
f 1322/1029/418 1321/1034/417 1317/1026/414
f 1563/1027/570 1564/1028/570 1566/1031/571
f 1326/1033/421 1325/1174/420 1321/1034/417
f 1565/1032/571 1566/1031/571 1568/1035/572
f 1282/1037/387 1281/1175/386 1325/1038/420
f 1567/1040/572 1568/1176/572 1517/942/532
f 523/656/25 177/701/25 343/708/25
f 341/701/43 518/656/43 514/654/43
f 516/72/26 178/41/26 522/75/26
f 525/78/44 519/75/44 342/41/44
f 381/657/44 345/624/44 351/629/44
f 351/629/44 357/634/44 363/640/44
f 363/640/44 369/645/44 375/651/44
f 375/651/44 381/657/44 351/629/44
f 349/34/47 356/1177/52 352/1042/49
f 385/1043/71 350/35/48 346/37/45
f 360/634/26 354/629/26 348/624/26
f 348/624/26 384/657/26 378/651/26
f 378/651/26 372/645/26 366/640/26
f 366/640/26 360/634/26 348/624/26
f 355/2/51 362/15/56 358/26/53
f 361/14/55 368/1046/60 364/1045/57
f 367/5/59 374/46/64 370/8/61
f 373/1046/63 380/14/68 376/39/65
f 379/15/67 386/2/72 382/31/69
f 405/661/44 411/666/44 417/671/44
f 417/671/44 423/674/44 387/627/44
f 387/627/44 393/628/44 399/631/44
f 399/631/44 405/661/44 417/671/44
f 391/23/47 398/1178/52 394/1048/74
f 427/1049/71 392/24/48 388/29/45
f 408/661/26 402/631/26 396/628/26
f 396/628/26 390/627/26 426/674/26
f 426/674/26 420/671/26 414/666/26
f 414/666/26 408/661/26 396/628/26
f 397/2/51 404/15/56 400/26/75
f 403/14/55 410/1046/60 406/1045/57
f 409/48/59 416/55/64 412/51/61
f 415/1046/63 422/14/68 418/39/65
f 421/15/67 428/2/72 424/31/69
f 447/678/44 453/684/44 459/687/44
f 459/687/44 465/693/44 429/665/44
f 429/665/44 435/636/44 441/647/44
f 441/647/44 447/678/44 459/687/44
f 433/34/77 440/1177/78 436/1042/49
f 469/1043/71 434/35/48 430/37/76
f 456/684/26 450/678/26 444/647/26
f 444/647/26 438/636/26 432/665/26
f 432/665/26 468/693/26 462/687/26
f 462/687/26 456/684/26 444/647/26
f 439/60/51 446/67/79 442/63/75
f 445/66/55 452/1052/83 448/1051/80
f 451/5/82 458/46/64 454/8/61
f 457/1052/84 464/66/68 460/68/65
f 463/67/67 470/60/86 466/70/69
f 483/622/44 489/697/44 495/705/44
f 495/705/44 501/709/44 507/712/44
f 507/712/44 471/680/44 477/621/44
f 477/621/44 483/622/44 495/705/44
f 475/23/77 482/1178/78 478/1048/74
f 511/1049/91 476/24/87 472/29/45
f 504/709/26 498/705/26 492/697/26
f 492/697/26 486/622/26 480/621/26
f 480/621/26 474/680/26 510/712/26
f 510/712/26 504/709/26 492/697/26
f 481/60/89 488/67/79 484/63/75
f 487/66/55 494/1052/83 490/1051/80
f 493/48/82 500/55/64 496/51/61
f 499/1052/84 506/66/68 502/68/65
f 505/67/67 512/60/72 508/70/69
f 517/701/92 530/656/92 526/654/92
f 529/656/93 524/701/93 520/708/93
f 549/86/44 543/78/44 531/72/44
f 536/719/43 542/716/43 538/718/43
f 547/719/25 534/724/25 532/726/25
f 540/82/26 535/72/26 546/78/26
f 541/724/92 554/719/92 550/689/92
f 553/716/93 548/719/93 544/689/93
f 573/75/44 567/93/44 555/89/44
f 560/727/43 566/724/43 562/726/43
f 571/719/25 558/724/25 556/726/25
f 564/41/26 559/89/26 570/93/26
f 565/724/92 578/719/92 574/689/92
f 577/724/93 572/727/93 568/721/93
f 597/102/44 591/99/44 579/75/44
f 584/724/43 590/719/43 586/689/43
f 595/716/25 582/719/25 580/689/25
f 588/78/26 583/75/26 594/99/26
f 589/719/92 602/716/92 598/718/92
f 601/719/93 596/724/93 592/726/93
f 621/72/44 615/41/44 603/105/44
f 608/724/43 614/719/43 610/689/43
f 619/724/25 606/727/25 604/721/25
f 612/108/26 607/105/26 618/41/26
f 613/727/92 626/724/92 622/726/92
f 625/719/93 620/724/93 616/726/93
f 645/122/44 639/119/44 627/113/44
f 632/739/43 638/736/43 634/738/43
f 643/736/25 630/739/25 628/733/25
f 636/116/26 631/113/26 642/119/26
f 637/739/92 650/736/92 646/738/92
f 649/736/93 644/739/93 640/733/93
f 669/134/44 663/131/44 651/125/44
f 656/747/43 662/744/43 658/746/43
f 667/760/25 654/763/25 652/757/25
f 660/128/26 655/125/26 666/131/26
f 661/763/92 674/760/92 670/762/92
f 673/744/93 668/747/93 664/741/93
f 693/146/44 687/143/44 675/137/44
f 680/755/43 686/752/43 682/754/43
f 691/760/25 678/763/25 676/757/25
f 684/140/26 679/137/26 690/143/26
f 685/763/92 698/760/92 694/762/92
f 697/752/93 692/755/93 688/749/93
f 717/158/44 711/155/44 699/149/44
f 704/763/43 710/760/43 706/762/43
f 715/744/25 702/747/25 700/741/25
f 708/152/26 703/149/26 714/155/26
f 709/747/92 722/744/92 718/746/92
f 721/760/93 716/763/93 712/757/93
f 741/170/44 735/167/44 723/161/44
f 728/763/43 734/760/43 730/762/43
f 739/752/25 726/755/25 724/749/25
f 732/164/26 727/161/26 738/167/26
f 733/755/92 746/752/92 742/754/92
f 745/760/93 740/763/93 736/757/93
f 765/197/44 759/218/44 747/212/44
f 752/178/43 758/184/43 754/180/43
f 763/184/25 750/178/25 748/175/25
f 756/189/26 751/212/26 762/218/26
f 757/178/92 770/184/92 766/180/92
f 769/184/93 764/178/93 760/175/93
f 789/200/44 783/197/44 771/189/44
f 776/767/43 782/765/43 778/192/43
f 787/767/25 774/769/25 772/210/25
f 780/194/26 775/189/26 786/197/26
f 781/769/92 794/767/92 790/187/92
f 793/765/93 788/767/93 784/187/93
f 813/218/44 807/215/44 795/207/44
f 800/771/43 806/769/43 802/210/43
f 811/767/25 798/769/25 796/210/25
f 804/212/26 799/207/26 810/215/26
f 805/769/92 818/767/92 814/187/92
f 817/769/93 812/771/93 808/205/93
f 837/230/44 831/227/44 819/218/44
f 824/769/43 830/767/43 826/187/43
f 835/765/25 822/767/25 820/187/25
f 828/197/26 823/218/26 834/227/26
f 829/767/92 842/765/92 838/192/92
f 841/767/93 836/769/93 832/210/93
f 861/189/44 855/212/44 843/234/44
f 848/769/43 854/767/43 850/187/43
f 859/769/25 846/771/25 844/205/25
f 852/236/26 847/234/26 858/212/26
f 853/771/92 866/769/92 862/210/92
f 865/767/93 860/769/93 856/210/93
f 903/808/25 867/777/25 873/785/25
f 873/785/25 879/790/25 885/795/25
f 885/795/25 891/799/25 897/804/25
f 897/804/25 903/808/25 873/785/25
f 871/247/96 878/1179/101 874/1054/98
f 907/1055/120 872/248/97 868/244/94
f 882/788/92 876/782/92 870/777/92
f 870/777/92 906/810/92 900/804/92
f 900/804/92 894/799/92 888/795/92
f 888/795/92 882/788/92 870/777/92
f 877/253/100 884/260/105 880/256/102
f 883/259/104 890/1058/109 886/1057/106
f 889/265/108 896/272/113 892/268/110
f 895/1058/112 902/278/117 898/274/114
f 901/277/116 908/284/121 904/280/118
f 927/1180/122 933/1181/122 939/833/122
f 939/833/122 945/321/122 909/285/122
f 909/285/122 915/291/122 921/1059/122
f 921/1059/122 927/1180/122 939/833/122
f 913/289/126 920/296/131 916/1060/128
f 949/325/150 914/290/127 910/780/123
f 930/306/125 924/1137/125 918/1062/125
f 918/1062/125 912/1182/125 948/1063/125
f 948/1063/125 942/829/125 936/312/125
f 936/312/125 930/306/125 918/1062/125
f 919/783/130 926/302/135 922/298/132
f 925/301/134 932/1183/139 928/1064/136
f 929/305/137 931/819/138 938/822/143
f 935/1065/141 937/1183/142 944/320/147
f 941/317/145 943/319/146 950/835/151
f 969/1184/152 975/1185/152 981/1067/152
f 981/1067/152 987/360/152 951/327/152
f 951/327/152 957/333/152 963/1068/152
f 963/1068/152 969/1184/152 981/1067/152
f 955/331/156 962/338/161 958/1069/158
f 991/364/180 956/332/157 952/793/153
f 978/354/155 972/348/155 966/843/155
f 966/843/155 960/1186/155 954/1071/155
f 954/1071/155 990/1187/155 984/854/155
f 984/854/155 978/354/155 966/843/155
f 959/821/159 961/831/160 968/344/165
f 967/343/164 974/1188/169 970/1072/166
f 973/845/168 980/849/173 976/352/170
f 977/1073/171 979/1188/172 986/343/177
f 983/340/175 985/359/176 992/859/181
f 1005/863/182 1011/384/182 1017/390/182
f 1017/390/182 1023/1147/182 1029/1074/182
f 1029/1074/182 993/1189/182 999/1075/182
f 999/1075/182 1005/863/182 1017/390/182
f 997/1076/186 1004/1190/191 1000/373/188
f 1031/401/209 1033/1191/210 998/834/187
f 1026/1150/185 1020/1192/185 1014/1077/185
f 1014/1077/185 1008/774/185 1002/375/185
f 1002/375/185 996/369/185 1032/402/185
f 1032/402/185 1026/1150/185 1014/1077/185
f 1001/847/189 1003/858/190 1010/383/195
f 1009/382/194 1016/1193/199 1012/1078/196
f 1015/388/198 1022/395/203 1018/1079/200
f 1019/1078/201 1021/1193/202 1028/382/207
f 1025/397/205 1027/383/206 1034/858/211
f 1047/879/212 1053/423/212 1059/429/212
f 1059/429/212 1065/1152/212 1071/1080/212
f 1071/1080/212 1035/1194/212 1041/1081/212
f 1041/1081/212 1047/879/212 1059/429/212
f 1037/407/214 1039/409/216 1046/1082/221
f 1075/1083/240 1040/410/217 1036/406/213
f 1056/881/215 1050/852/215 1044/825/215
f 1044/825/215 1038/899/215 1074/894/215
f 1074/894/215 1068/889/215 1062/888/215
f 1062/888/215 1056/881/215 1044/825/215
f 1045/415/220 1052/422/225 1048/418/222
f 1051/421/224 1058/1086/229 1054/1084/226
f 1057/427/228 1064/434/233 1060/1085/230
f 1063/1086/232 1070/421/237 1066/436/234
f 1069/438/236 1076/441/241 1072/413/238
f 1095/902/242 1101/913/242 1107/912/242
f 1107/912/242 1113/476/242 1077/442/242
f 1077/442/242 1083/448/242 1089/903/242
f 1089/903/242 1095/902/242 1107/912/242
f 1081/446/246 1088/842/251 1084/1087/248
f 1117/924/270 1082/447/247 1078/865/243
f 1104/469/245 1098/463/245 1092/1089/245
f 1092/1089/245 1086/1195/245 1080/1090/245
f 1080/1090/245 1116/1196/245 1110/915/245
f 1110/915/245 1104/469/245 1092/1089/245
f 1085/890/249 1087/452/250 1094/459/255
f 1093/458/254 1100/1197/259 1096/1091/256
f 1099/906/258 1106/909/263 1102/467/260
f 1105/1092/262 1112/475/267 1108/473/264
f 1111/459/266 1118/479/271 1114/1093/268
f 1131/1198/272 1137/1199/272 1143/1094/272
f 1143/1094/272 1149/1200/272 1155/515/272
f 1155/515/272 1119/480/272 1125/486/272
f 1125/486/272 1131/1198/272 1143/1094/272
f 1123/484/276 1130/491/281 1126/1095/278
f 1157/1096/299 1159/519/300 1124/485/277
f 1134/1159/275 1128/1201/275 1122/1097/275
f 1122/1097/275 1158/1202/275 1152/938/275
f 1152/938/275 1146/507/275 1140/501/275
f 1140/501/275 1134/1159/275 1122/1097/275
f 1129/856/280 1136/497/285 1132/493/282
f 1133/494/283 1135/496/284 1142/1098/289
f 1141/930/288 1148/934/293 1144/505/290
f 1147/1098/292 1154/514/297 1150/511/294
f 1153/513/296 1160/856/301 1156/908/298
f 1173/947/302 1179/539/302 1185/545/302
f 1185/545/302 1191/1164/302 1197/1100/302
f 1197/1100/302 1161/1203/302 1167/1101/302
f 1167/1101/302 1173/947/302 1185/545/302
f 1163/523/304 1165/1149/306 1172/1102/311
f 1199/557/329 1201/1204/330 1166/874/307
f 1182/1205/305 1176/1206/305 1170/530/305
f 1170/530/305 1164/524/305 1200/558/305
f 1200/558/305 1194/1207/305 1188/1103/305
f 1188/1103/305 1182/1205/305 1170/530/305
f 1169/931/309 1171/914/310 1178/538/315
f 1175/535/313 1177/537/314 1184/1104/319
f 1183/543/318 1190/550/323 1186/1106/320
f 1189/1104/322 1196/554/327 1192/535/324
f 1193/534/325 1195/553/326 1202/914/331
f 1221/579/332 1227/585/332 1233/1107/332
f 1233/1107/332 1239/1208/332 1203/1108/332
f 1203/1108/332 1209/1209/332 1215/965/332
f 1215/965/332 1221/579/332 1233/1107/332
f 1207/1109/336 1214/1210/341 1210/568/338
f 1243/1110/360 1208/927/337 1204/562/333
f 1230/1211/335 1224/1212/335 1218/936/335
f 1218/936/335 1212/570/335 1206/564/335
f 1206/564/335 1242/599/335 1236/1111/335
f 1236/1111/335 1230/1211/335 1218/936/335
f 1213/960/340 1220/578/345 1216/574/342
f 1219/577/344 1226/1213/349 1222/1112/346
f 1225/583/348 1232/590/353 1228/1113/350
f 1231/1114/352 1238/595/357 1234/592/354
f 1237/594/356 1244/982/361 1240/1115/358
f 1257/918/44 1263/988/44 1269/991/44
f 1269/991/44 1275/993/44 1245/968/44
f 1245/968/44 1251/955/44 1257/918/44
f 1249/606/364 1256/1119/369 1252/1116/366
f 1279/1117/384 1250/607/365 1246/603/362
f 1260/918/26 1254/955/26 1248/968/26
f 1248/968/26 1278/993/26 1272/991/26
f 1272/991/26 1266/988/26 1260/918/26
f 1255/612/368 1262/619/373 1258/615/370
f 1261/1119/372 1268/606/377 1264/604/374
f 1267/607/376 1274/1117/381 1270/1118/378
f 1273/619/380 1280/612/385 1276/610/382
f 1285/972/390 1289/998/393 1293/997/396
f 1293/997/396 1297/1006/399 1301/1005/402
f 1301/1005/402 1305/1010/405 1309/1214/408
f 1309/1214/408 1313/1215/411 1317/1120/414
f 1317/1120/414 1321/1216/417 1325/1217/420
f 1325/1217/420 1281/986/386 1285/972/390
f 1285/972/390 1293/997/396 1301/1005/402
f 1301/1005/402 1309/1214/408 1317/1120/414
f 1317/1120/414 1325/1217/420 1285/972/390
f 1284/1041/389 1288/941/392 1286/1121/391
f 1326/1039/421 1328/1040/422 1284/1041/389
f 1295/1122/388 1291/1218/388 1287/1219/388
f 1287/1219/388 1283/1220/388 1327/1035/388
f 1327/1035/388 1323/1031/388 1319/1028/388
f 1319/1028/388 1315/1024/388 1311/1023/388
f 1311/1023/388 1307/1221/388 1303/1222/388
f 1303/1222/388 1299/1223/388 1295/1122/388
f 1295/1122/388 1287/1219/388 1327/1035/388
f 1327/1035/388 1319/1028/388 1311/1023/388
f 1311/1023/388 1303/1222/388 1295/1122/388
f 1288/941/392 1292/1224/395 1290/1123/394
f 1290/1124/394 1292/978/395 1296/999/398
f 1296/999/398 1300/1004/401 1298/1126/400
f 1300/1127/401 1304/1171/404 1302/1128/403
f 1302/1128/403 1304/1171/404 1308/1011/407
f 1308/1011/407 1312/1017/410 1310/1014/409
f 1310/1019/409 1312/1225/410 1316/1130/413
f 1316/1130/413 1320/1131/416 1318/1030/415
f 1320/1131/416 1324/1226/419 1322/1029/418
f 1322/1029/418 1324/1226/419 1328/1132/422
