# Blender 5.2.0 LTS
# www.blender.org
o Backdrop_SlimeJar_Detail
v 0.000000 61.000000 0.000000
v 24.045641 41.080002 -6.841575
v -14.090596 0.000000 15.456647
v -14.821303 1.080000 16.258196
v 0.000000 40.919998 -22.000000
v 16.842390 44.919998 18.475224
v 0.000000 1.080000 -22.000000
v -4.042489 1.080000 -21.625408
v 16.111679 40.000000 17.673677
v 12.589821 40.000000 20.333261
v 13.160804 41.080002 21.255428
v 16.842390 41.080002 18.475224
v 8.639235 40.000000 22.300419
v 9.031042 41.080002 23.311806
v 13.160804 44.919998 21.255428
v -7.947317 40.919998 -20.514389
v -4.042489 40.919998 -21.625408
v -7.555510 0.000000 19.503002
v -11.010525 0.000000 17.782610
v 21.408159 40.000000 -10.660007
v 23.002419 40.000000 -6.544751
v -7.555510 42.000000 -19.503002
v -11.581508 1.080000 18.704777
v -7.947317 1.080000 20.514389
v -11.010525 42.000000 -17.782610
v -14.090596 42.000000 -15.456647
v -4.394437 40.000000 23.508167
v 4.394437 40.000000 23.508167
v 0.000000 40.000000 23.915373
v 0.000000 41.080002 25.000000
v 4.593738 41.080002 24.574327
v -9.031042 41.080002 23.311806
v -4.593738 41.080002 24.574327
v 0.000000 44.919998 25.000000
v -4.593738 44.919998 24.574327
v 9.031042 44.919998 23.311806
v 4.593738 44.919998 24.574327
v -3.843189 0.000000 -20.559248
v -0.000000 0.000000 -20.915373
v 8.639235 46.000000 22.300419
v 0.000000 42.000000 -20.915373
v -3.843189 42.000000 -20.559248
v 12.589821 46.000000 20.333261
v 16.111681 46.000000 17.673677
v -9.031042 44.919998 23.311806
v -19.950430 44.919998 15.065866
v -13.160804 41.080002 21.255428
v -16.111681 40.000000 17.673677
v -19.084881 40.000000 14.412230
v -19.950430 41.080002 15.065866
v -16.842390 41.080002 18.475224
v -13.160804 44.919998 21.255428
v -16.842390 44.919998 18.475224
v -8.639235 40.000000 22.300419
v -12.589821 40.000000 20.333261
v 4.394437 46.000000 23.508167
v -4.394437 46.000000 23.508167
v 0.000000 46.000000 23.915373
v -22.379082 44.919998 11.143459
v -24.045641 44.919998 6.841575
v -21.408159 40.000000 10.660007
v -23.002419 40.000000 6.544751
v -24.893354 41.080002 2.306709
v -24.893354 41.080002 -2.306709
v -24.893354 44.919998 2.306709
v -23.813354 40.000000 2.206630
v -23.813354 40.000000 -2.206630
v -24.045641 41.080002 6.841575
v -22.379082 41.080002 11.143459
v -8.639235 46.000000 22.300419
v -19.084881 46.000000 14.412230
v -16.111679 46.000000 17.673677
v -12.589821 46.000000 20.333261
v -19.084881 40.000000 -14.412230
v -22.379082 41.080002 -11.143459
v -24.045641 41.080002 -6.841575
v -16.842390 41.080002 -18.475224
v -19.950430 41.080002 -15.065866
v -19.950430 44.919998 -15.065866
v -22.379082 44.919998 -11.143459
v -23.002419 40.000000 -6.544751
v -21.408159 40.000000 -10.660007
v -24.893354 44.919998 -2.306709
v -24.045641 44.919998 -6.841575
v -23.813354 46.000000 -2.206630
v -21.408159 46.000000 10.660007
v -23.813354 46.000000 2.206630
v -23.002419 46.000000 6.544751
v 0.000000 44.919998 -25.000000
v 0.000000 41.080002 -25.000000
v -4.593738 44.919998 -24.574327
v -13.160804 41.080002 -21.255428
v -4.593738 41.080002 -24.574327
v -9.031042 41.080002 -23.311806
v -16.842390 44.919998 -18.475224
v -13.160804 44.919998 -21.255428
v -9.031042 44.919998 -23.311806
v -8.639235 40.000000 -22.300419
v -16.111679 40.000000 -17.673677
v -12.589821 40.000000 -20.333261
v -23.002419 46.000000 -6.544751
v -19.084881 46.000000 -14.412230
v -21.408159 46.000000 -10.660007
v -16.111681 46.000000 -17.673677
v 0.000000 46.000000 -23.915373
v -4.394437 40.000000 -23.508167
v 0.000000 40.000000 -23.915373
v -4.394437 46.000000 -23.508167
v -8.639235 46.000000 -22.300419
v -12.589821 46.000000 -20.333261
v 22.152039 44.925697 -1.473696
v 21.695631 44.925697 0.525960
v 21.695635 44.925697 -0.525959
v 22.974463 44.925697 -2.129556
v 19.236139 21.074303 1.087317
v 20.179684 21.074303 -3.046606
v 19.236141 21.074303 -1.087317
v 22.974463 44.925697 2.129556
v 22.152039 44.925697 1.473696
v 24.000000 44.925697 2.363628
v 20.179684 21.074303 3.046605
v 21.879883 21.074303 4.402469
v 24.000000 46.000000 -1.142226
v 24.000000 21.074303 4.886372
v 25.113588 46.000000 -0.254171
v 26.304365 44.925697 0.525959
v 27.794640 20.000000 0.866100
v 20.205360 20.000000 0.866100
v 20.205360 20.000000 -0.866100
v 23.504406 46.000000 -1.029110
v 23.106970 46.000000 -0.712165
v 21.879883 21.074303 -4.402468
v 20.956934 20.000000 -2.426763
v 22.886412 46.000000 -0.254171
v 22.886412 46.000000 0.254171
v 22.311226 20.000000 -3.506774
v 24.000000 20.000000 -3.892226
v 25.688774 20.000000 -3.506774
v 22.379082 41.080002 -11.143459
v -11.581508 40.919998 -18.704777
v -11.010525 0.000000 -17.782610
v -7.555510 0.000000 -19.503002
v -7.947317 1.080000 -20.514389
v -11.581508 1.080000 -18.704777
v -7.947317 40.919998 20.514389
v -11.581508 40.919998 18.704777
v 24.893354 44.919998 -2.306709
v 24.893354 44.919998 2.306709
v 24.000000 21.074303 -4.886372
v 24.000000 20.000000 -3.892226
v 24.000000 44.925697 -2.363628
v 24.000000 46.000000 -1.142226
v 26.120117 21.074303 -4.402469
v 25.688774 20.000000 -3.506774
v 25.025539 44.925697 -2.129557
v 24.495594 46.000000 -1.029110
v 27.820316 21.074303 -3.046606
v 27.043066 20.000000 -2.426763
v 25.847960 44.925697 -1.473695
v 24.893030 46.000000 -0.712165
v -24.045641 44.919998 -6.841575
v 28.763861 21.074303 -1.087317
v 0.575619 60.863117 -3.079290
v 1.141389 60.454811 -6.105891
v 1.687630 59.782074 -9.028021
v 2.204994 58.856407 -11.795677
v 2.684631 57.693653 -14.361507
v 3.118333 56.313709 -16.681606
v 3.498679 54.740181 -18.716280
v 3.819162 53.000000 -20.430712
v 4.074298 51.122936 -21.795568
v 4.259722 49.141106 -22.787498
v 4.372260 47.088421 -23.389528
v 4.409988 45.000000 -23.591354
v -23.002419 46.000000 -6.544751
v -24.045641 41.080002 -6.841575
v -23.002419 40.000000 -6.544751
v -24.893354 44.919998 -2.306709
v -23.813354 46.000000 -2.206630
v -24.893354 41.080002 -2.306709
v -23.813354 40.000000 -2.206630
v -24.893354 44.919998 2.306709
v -23.813354 46.000000 2.206630
v -24.893354 41.080002 2.306709
v -23.813354 40.000000 2.206630
v 27.794640 20.000000 -0.866100
v 26.304365 44.925697 -0.525960
v 1.131636 60.863117 -2.921089
v 2.243909 60.454811 -5.792197
v 3.317789 59.782074 -8.564200
v 4.334900 58.856407 -11.189667
v 5.277840 57.693653 -13.623676
v 6.130474 56.313709 -15.824578
v 6.878215 54.740181 -17.754719
v 7.508267 53.000000 -19.381071
v 8.009850 51.122936 -20.675808
v 8.374384 49.141106 -21.616776
v 8.595629 47.088421 -22.187876
v 8.669800 45.000000 -22.379333
v -24.045641 44.919998 6.841575
v -23.002419 46.000000 6.544751
v -24.045641 41.080002 6.841575
v -23.002419 40.000000 6.544751
v -22.379082 44.919998 11.143459
v -21.408159 46.000000 10.660007
v -22.379082 41.080002 11.143459
v -21.408159 40.000000 10.660007
v -19.950430 44.919998 15.065866
v -19.084881 46.000000 14.412230
v -19.950430 41.080002 15.065866
v 25.113588 46.000000 -0.254171
v 28.763863 21.074303 1.087317
v 1.649117 60.863117 -2.663414
v 3.270016 60.454811 -5.281257
v 4.834965 59.782074 -7.808737
v 6.317186 58.856407 -10.202605
v 7.691319 57.693653 -12.421906
v 8.933849 56.313709 -14.428662
v 10.023521 54.740181 -16.188543
v 10.941687 53.000000 -17.671432
v 11.672638 51.122936 -18.851959
v 12.203867 49.141106 -19.709923
v 12.526282 47.088421 -20.230642
v 12.634372 45.000000 -20.405210
v -19.084881 40.000000 14.412230
v -16.842390 44.919998 18.475224
v -16.111679 46.000000 17.673677
v -16.842390 41.080002 18.475224
v -16.111681 40.000000 17.673677
v -13.160804 44.919998 21.255428
v -12.589821 46.000000 20.333261
v -13.160804 41.080002 21.255428
v -12.589821 40.000000 20.333261
v -9.031042 44.919998 23.311806
v -8.639235 46.000000 22.300419
v 27.794640 20.000000 0.866100
v 26.304365 44.925697 0.525959
v 2.110438 60.863117 -2.315041
v 4.184766 60.454811 -4.590469
v 6.187492 59.782074 -6.787355
v 8.084348 58.856407 -8.868107
v 9.842878 57.693653 -10.797124
v 11.432994 56.313709 -12.541395
v 12.827488 54.740181 -14.071086
v 14.002501 53.000000 -15.360012
v 14.937927 51.122936 -16.386126
v 15.617761 49.141106 -17.131868
v 16.030369 47.088421 -17.584478
v 16.168695 45.000000 -17.736214
v -9.031042 41.080002 23.311806
v -8.639235 40.000000 22.300419
v -4.593738 44.919998 24.574327
v -4.394437 46.000000 23.508167
v -4.593738 41.080002 24.574327
v -4.394437 40.000000 23.508167
v 0.000000 44.919998 25.000000
v 0.000000 46.000000 23.915373
v 0.000000 41.080002 25.000000
v 0.000000 40.000000 23.915373
v 4.593738 44.919998 24.574327
v 25.113588 46.000000 0.254171
v 27.820318 21.074303 3.046606
v 2.499892 60.863117 -1.887831
v 4.957009 60.454811 -3.743360
v 7.329311 59.782074 -5.534839
v 9.576206 58.856407 -7.231616
v 11.659251 57.693653 -8.804658
v 13.542801 56.313709 -10.227048
v 15.194632 54.740181 -11.474455
v 16.586475 53.000000 -12.525527
v 17.694523 51.122936 -13.362284
v 18.499811 49.141106 -13.970409
v 18.988560 47.088421 -14.339497
v 19.152412 45.000000 -14.463232
v 4.394437 46.000000 23.508167
v 4.593738 41.080002 24.574327
v 4.394437 40.000000 23.508167
v 9.031042 44.919998 23.311806
v 8.639235 46.000000 22.300419
v 9.031042 41.080002 23.311806
v 8.639235 40.000000 22.300419
v 13.160804 44.919998 21.255428
v 12.589821 46.000000 20.333261
v 13.160804 41.080002 21.255428
v 12.589821 40.000000 20.333261
v 27.043066 20.000000 2.426763
v 25.847961 44.925697 1.473696
v 2.804214 60.863117 -1.396333
v 5.560447 60.454811 -2.768774
v 8.221540 59.782074 -4.093841
v 10.741959 58.856407 -5.348861
v 13.078583 57.693653 -6.512360
v 15.191425 56.313709 -7.564430
v 17.044338 54.740181 -8.487074
v 18.605619 53.000000 -9.264500
v 19.848553 51.122936 -9.883406
v 20.751873 49.141106 -10.333205
v 21.300117 47.088421 -10.606201
v 21.483917 45.000000 -10.697721
v 16.842390 44.919998 18.475224
v 16.111681 46.000000 17.673677
v 16.842390 41.080002 18.475224
v 16.111679 40.000000 17.673677
v 19.950430 44.919998 15.065866
v 19.084881 46.000000 14.412230
v 19.950430 41.080002 15.065866
v 19.084881 40.000000 14.412230
v 22.379082 44.919998 11.143459
v 21.408159 46.000000 10.660007
v 22.379082 41.080002 11.143459
v 24.893030 46.000000 0.712165
v 26.120117 21.074303 4.402469
v 3.013043 60.863117 -0.857285
v 5.974530 60.454811 -1.699901
v 8.833795 59.782074 -2.513431
v 11.541906 58.856407 -3.283957
v 14.052538 57.693653 -3.998291
v 16.322723 56.313709 -4.644214
v 18.313622 54.740181 -5.210677
v 19.991173 53.000000 -5.687981
v 21.326664 51.122936 -6.067959
v 22.297253 49.141106 -6.344117
v 22.886328 47.088421 -6.511724
v 23.083813 45.000000 -6.567913
v 21.408159 40.000000 10.660007
v 24.045641 44.919998 6.841575
v 23.002419 46.000000 6.544751
v 24.045641 41.080002 6.841575
v 23.002419 40.000000 6.544751
v 24.893354 44.919998 2.306709
v 23.813354 46.000000 2.206630
v 24.893354 41.080002 2.306709
v 23.813354 40.000000 2.206630
v 24.893354 44.919998 -2.306709
v 23.813354 46.000000 -2.206630
v 25.688774 20.000000 3.506774
v 25.025537 44.925697 2.129556
v 3.119266 60.863117 -0.289043
v 6.185158 60.454811 -0.573140
v 9.145225 59.782074 -0.847430
v 11.948809 58.856407 -1.107221
v 14.547950 57.693653 -1.348066
v 16.898170 56.313709 -1.565845
v 18.959259 54.740181 -1.756836
v 20.695948 53.000000 -1.917763
v 22.078522 51.122936 -2.045877
v 23.083328 49.141106 -2.138987
v 23.693171 47.088421 -2.195498
v 23.897617 45.000000 -2.214443
v 24.893354 41.080002 -2.306709
v 23.813354 40.000000 -2.206630
v 24.045641 44.919998 -6.841575
v 23.002419 46.000000 -6.544751
v 24.045641 41.080002 -6.841575
v 23.002419 40.000000 -6.544751
v 22.379082 44.919998 -11.143459
v 21.408159 46.000000 -10.660007
v 22.379082 41.080002 -11.143459
v 21.408159 40.000000 -10.660007
v 19.950430 44.919998 -15.065866
v 24.495594 46.000000 1.029110
v 24.000000 21.074303 4.886372
v 3.119266 60.863117 0.289042
v 6.185158 60.454811 0.573139
v 9.145225 59.782074 0.847430
v 11.948810 58.856407 1.107219
v 14.547950 57.693653 1.348067
v 16.898170 56.313709 1.565847
v 18.959259 54.740181 1.756832
v 20.695948 53.000000 1.917760
v 22.078522 51.122936 2.045876
v 23.083328 49.141106 2.138984
v 23.693171 47.088421 2.195493
v 23.897619 45.000000 2.214438
v 19.084881 46.000000 -14.412230
v 19.950430 41.080002 -15.065866
v 19.084881 40.000000 -14.412230
v 16.842390 44.919998 -18.475224
v 16.111679 46.000000 -17.673677
v 16.842390 41.080002 -18.475224
v 16.111681 40.000000 -17.673677
v 13.160804 44.919998 -21.255428
v 12.589821 46.000000 -20.333261
v 13.160804 41.080002 -21.255428
v 12.589821 40.000000 -20.333261
v 24.000000 20.000000 3.892226
v 24.000000 44.925697 2.363628
v 3.013043 60.863117 0.857285
v 5.974530 60.454811 1.699900
v 8.833796 59.782074 2.513431
v 11.541908 58.856407 3.283954
v 14.052538 57.693653 3.998292
v 16.322723 56.313709 4.644217
v 18.313623 54.740181 5.210673
v 19.991173 53.000000 5.687977
v 21.326664 51.122936 6.067959
v 22.297253 49.141106 6.344114
v 22.886328 47.088421 6.511720
v 23.083817 45.000000 6.567909
v 9.031042 44.919998 -23.311806
v 8.639235 46.000000 -22.300419
v 9.031042 41.080002 -23.311806
v 8.639235 40.000000 -22.300419
v 4.593738 44.919998 -24.574327
v 4.394437 46.000000 -23.508167
v 4.593738 41.080002 -24.574327
v 4.394437 40.000000 -23.508167
v 0.000000 44.919998 -25.000000
v 0.000000 46.000000 -23.915373
v 0.000000 41.080002 -25.000000
v 24.000000 46.000000 1.142226
v 21.879883 21.074303 4.402469
v 2.804215 60.863117 1.396333
v 5.560447 60.454811 2.768773
v 8.221541 59.782074 4.093841
v 10.741961 58.856407 5.348859
v 13.078583 57.693653 6.512361
v 15.191425 56.313709 7.564432
v 17.044342 54.740181 8.487070
v 18.605621 53.000000 9.264498
v 19.848553 51.122936 9.883404
v 20.751873 49.141106 10.333202
v 21.300119 47.088421 10.606197
v 21.483921 45.000000 10.697718
v 0.000000 40.000000 -23.915373
v -4.042489 40.919998 -21.625408
v -3.843189 42.000000 -20.559248
v -4.042489 1.080000 -21.625408
v -3.843189 0.000000 -20.559248
v -7.947317 40.919998 -20.514389
v -7.555510 42.000000 -19.503002
v -7.947317 1.080000 -20.514389
v -7.555510 0.000000 -19.503002
v -11.581508 40.919998 -18.704777
v -11.010525 42.000000 -17.782610
v 22.311226 20.000000 3.506774
v 22.974463 44.925697 2.129556
v 2.499892 60.863117 1.887831
v 4.957009 60.454811 3.743359
v 7.329313 59.782074 5.534840
v 9.576208 58.856407 7.231615
v 11.659252 57.693653 8.804659
v 13.542803 56.313709 10.227051
v 15.194633 54.740181 11.474450
v 16.586477 53.000000 12.525526
v 17.694523 51.122936 13.362282
v 18.499811 49.141106 13.970407
v 18.988562 47.088421 14.339493
v 19.152416 45.000000 14.463229
v 24.000000 16.000000 0.000000
v -11.581508 1.080000 -18.704777
v -11.010525 0.000000 -17.782610
v -14.821303 40.919998 -16.258196
v -14.090596 42.000000 -15.456647
v -14.821303 1.080000 -16.258196
v -14.090596 0.000000 -15.456647
v -17.556379 40.919998 -13.257963
v -16.690832 42.000000 -12.604324
v -17.556379 1.080000 -13.257963
v -16.690832 0.000000 -12.604324
v 23.504406 46.000000 1.029110
v 20.179684 21.074303 3.046605
v 2.110439 60.863117 2.315041
v 4.184766 60.454811 4.590469
v 6.187493 59.782074 6.787356
v 8.084349 58.856407 8.868106
v 9.842879 57.693653 10.797125
v 11.432995 56.313709 12.541399
v 12.827491 54.740181 14.071083
v 14.002501 53.000000 15.360012
v 14.937927 51.122936 16.386124
v 15.617761 49.141106 17.131866
v 16.030371 47.088421 17.584475
v 16.168697 45.000000 17.736212
v -19.693592 40.919998 -9.806244
v -18.722672 42.000000 -9.322790
v -14.090596 0.000000 15.456647
v -11.581508 40.919998 18.704777
v -11.010525 42.000000 17.782610
v -19.693592 1.080000 -9.806244
v -11.581508 1.080000 18.704777
v -11.010525 0.000000 17.782610
v -7.947317 40.919998 20.514389
v -7.555510 42.000000 19.503002
v -7.947317 1.080000 20.514389
v 20.956934 20.000000 2.426763
v 22.152039 44.925697 1.473696
v 1.649117 60.863117 2.663415
v 3.270016 60.454811 5.281257
v 4.834966 59.782074 7.808738
v 6.317187 58.856407 10.202605
v 7.691319 57.693653 12.421906
v 8.933851 56.313709 14.428665
v 10.023523 54.740181 16.188541
v 10.941688 53.000000 17.671432
v 11.672639 51.122936 18.851954
v 12.203867 49.141106 19.709919
v 12.526283 47.088421 20.230640
v 12.634375 45.000000 20.405210
v 22.698349 20.000000 -2.702907
v 22.730986 19.109917 -2.635139
v 22.827253 18.264465 -2.435235
v 22.982328 17.506041 -2.113217
v 23.188435 16.872675 -1.685235
v 23.435236 16.396124 -1.172747
v 23.710356 16.100288 -0.601453
v -18.722672 0.000000 -9.322790
v -21.160164 40.919998 -6.020586
v 23.478079 16.100288 -0.416219
v 22.982328 16.396124 -0.811566
v 23.106970 46.000000 0.712165
v 19.236139 21.074303 1.087317
v 1.131636 60.863117 2.921090
v 2.243909 60.454811 5.792197
v 3.317790 59.782074 8.564201
v 4.334901 58.856407 11.189667
v 5.277842 57.693653 13.623676
v 6.130476 56.313709 15.824579
v 6.878218 54.740181 17.754719
v 7.508267 53.000000 19.381071
v 8.009853 51.122936 20.675804
v 8.374384 49.141106 21.616774
v 8.595631 47.088421 22.187872
v 8.669802 45.000000 22.379333
v 22.537609 16.872675 -1.166219
v 22.166220 17.506041 -1.462392
v 21.886784 18.264465 -1.685235
v 21.713312 19.109917 -1.823573
v 21.654507 20.000000 -1.870470
v -7.555510 0.000000 19.503002
v -4.042489 40.919998 21.625408
v -3.843189 42.000000 20.559248
v -4.042489 1.080000 21.625408
v -3.843189 0.000000 20.559248
v -20.116941 42.000000 -5.723762
v 20.205360 20.000000 0.866100
v 21.695631 44.925697 0.525960
v 0.575619 60.863117 3.079290
v 1.141389 60.454811 6.105891
v 1.687630 59.782074 9.028023
v 2.204995 58.856407 11.795677
v 2.684632 57.693653 14.361508
v 3.118334 56.313709 16.681608
v 3.498683 54.740181 18.716282
v 3.819162 53.000000 20.430714
v 4.074301 51.122936 21.795567
v 4.259723 49.141106 22.787495
v 4.372262 47.088421 23.389524
v 4.409990 45.000000 23.591354
v 0.000000 40.919998 22.000000
v -0.000000 42.000000 20.915373
v -21.160164 1.080000 -6.020586
v 0.000000 1.080000 22.000000
v 0.000000 0.000000 20.915373
v 4.042489 40.919998 21.625408
v 3.843189 42.000000 20.559248
v 4.042489 1.080000 21.625408
v 21.075216 20.000000 -0.667563
v 21.148548 19.109917 -0.650826
v 21.364861 18.264465 -0.601454
v 22.886412 46.000000 0.254171
v 19.236141 21.074303 -1.087317
v 0.000000 60.863117 3.132629
v 0.000000 60.454811 6.211657
v 0.000000 59.782074 9.184404
v 0.000001 58.856407 12.000000
v 0.000001 57.693653 14.610277
v 0.000001 56.313709 16.970564
v 0.000003 54.740181 19.040482
v -0.000001 53.000000 20.784611
v 0.000004 51.122936 22.173107
v 0.000002 49.141106 23.182217
v 0.000003 47.088421 23.794674
v 0.000002 45.000000 24.000000
v 21.713312 17.506041 -0.521922
v 22.176428 16.872675 -0.416219
v 22.730984 16.396124 -0.289645
v 23.349174 16.100288 -0.148547
v -20.116941 0.000000 -5.723762
v -21.906151 40.919998 -2.029904
v 23.349174 16.100288 0.148547
v 22.730984 16.396124 0.289644
v 22.176428 16.872675 0.416218
v 21.713312 17.506041 0.521921
v 21.364861 18.264465 0.601452
v 20.205360 20.000000 -0.866100
v 21.695635 44.925697 -0.525959
v -0.575619 60.863117 3.079290
v -1.141389 60.454811 6.105891
v -1.687630 59.782074 9.028023
v -2.204993 58.856407 11.795677
v -2.684630 57.693653 14.361509
v -3.118332 56.313709 16.681608
v -3.498676 54.740181 18.716282
v -3.819163 53.000000 20.430714
v -4.074294 51.122936 21.795567
v -4.259719 49.141106 22.787495
v -4.372257 47.088421 23.389524
v -4.409986 45.000000 23.591354
v 21.148546 19.109917 0.650825
v 21.075216 20.000000 0.667562
v 3.843189 0.000000 20.559248
v 7.947317 40.919998 20.514389
v 7.555510 42.000000 19.503002
v 7.947317 1.080000 20.514389
v 7.555510 0.000000 19.503002
v -20.826151 42.000000 -1.929826
v 11.581508 40.919998 18.704777
v 11.010525 42.000000 17.782610
v -21.906151 1.080000 -2.029904
v 22.886412 46.000000 -0.254171
v 20.179684 21.074303 -3.046606
v -1.131636 60.863117 2.921090
v -2.243909 60.454811 5.792196
v -3.317790 59.782074 8.564201
v -4.334899 58.856407 11.189667
v -5.277840 57.693653 13.623679
v -6.130474 56.313709 15.824579
v -6.878212 54.740181 17.754721
v -7.508268 53.000000 19.381073
v -8.009847 51.122936 20.675808
v -8.374380 49.141106 21.616774
v -8.595625 47.088421 22.187874
v -8.669798 45.000000 22.379333
v 11.581508 1.080000 18.704777
v 11.010525 0.000000 17.782610
v 14.821303 40.919998 16.258196
v 14.090596 42.000000 15.456647
v 14.821303 1.080000 16.258196
v 21.654505 20.000000 1.870469
v 21.713312 19.109917 1.823572
v 21.886782 18.264465 1.685234
v 22.166218 17.506041 1.462391
v 22.537607 16.872675 1.166218
v 22.982328 16.396124 0.811566
v 20.956934 20.000000 -2.426763
v 22.152039 44.925697 -1.473696
v -1.649116 60.863117 2.663415
v -3.270015 60.454811 5.281256
v -4.834966 59.782074 7.808737
v -6.317185 58.856407 10.202606
v -7.691319 57.693653 12.421909
v -8.933850 56.313709 14.428663
v -10.023520 54.740181 16.188543
v -10.941689 53.000000 17.671432
v -11.672633 51.122936 18.851959
v -12.203862 49.141106 19.709919
v -12.526278 47.088421 20.230640
v -12.634371 45.000000 20.405212
v 23.478079 16.100288 0.416218
v -20.826151 0.000000 -1.929826
v -21.906151 40.919998 2.029904
v 23.710356 16.100288 0.601453
v 23.435234 16.396124 1.172747
v 23.188433 16.872675 1.685234
v 22.982328 17.506041 2.113217
v 22.827251 18.264465 2.435234
v 22.730984 19.109917 2.635139
v 22.698349 20.000000 2.702906
v 14.090596 0.000000 15.456647
v 23.106970 46.000000 -0.712165
v 21.879883 21.074303 -4.402468
v -2.110438 60.863117 2.315041
v -4.184765 60.454811 4.590469
v -6.187493 59.782074 6.787355
v -8.084347 58.856407 8.868108
v -9.842880 57.693653 10.797127
v -11.432995 56.313709 12.541397
v -12.827486 54.740181 14.071086
v -14.002501 53.000000 15.360014
v -14.937923 51.122936 16.386127
v -15.617756 49.141106 17.131866
v -16.030365 47.088421 17.584478
v -16.168694 45.000000 17.736216
v 17.556379 40.919998 13.257963
v 16.690832 42.000000 12.604324
v 17.556379 1.080000 13.257963
v 16.690832 0.000000 12.604324
v -20.826151 42.000000 1.929826
v 19.693592 40.919998 9.806244
v 18.722672 42.000000 9.322790
v -21.906151 1.080000 2.029904
v 19.693592 1.080000 9.806244
v 18.722672 0.000000 9.322790
v 21.160164 40.919998 6.020586
v 22.311226 20.000000 -3.506774
v 22.974463 44.925697 -2.129556
v -2.499892 60.863117 1.887831
v -4.957008 60.454811 3.743359
v -7.329313 59.782074 5.534840
v -9.576206 58.856407 7.231617
v -11.659254 57.693653 8.804661
v -13.542803 56.313709 10.227049
v -15.194630 54.740181 11.474455
v -16.586477 53.000000 12.525528
v -17.694519 51.122936 13.362285
v -18.499805 49.141106 13.970407
v -18.988556 47.088421 14.339497
v -19.152412 45.000000 14.463234
v 20.116941 42.000000 5.723762
v 21.160164 1.080000 6.020586
v 24.000000 20.000000 3.000000
v 24.000000 19.109917 2.924783
v 24.000000 18.264465 2.702906
v 24.000000 17.506041 2.345494
v 24.000000 16.872675 1.870469
v 24.000000 16.396124 1.301651
v 24.000000 16.100288 0.667563
v -20.826151 0.000000 1.929826
v -21.160164 40.919998 6.020586
v 23.504406 46.000000 -1.029110
v -4.593738 44.919998 -24.574327
v -2.804214 60.863117 1.396333
v -5.560446 60.454811 2.768774
v -8.221541 59.782074 4.093841
v -10.741959 58.856407 5.348862
v -13.078586 57.693653 6.512362
v -15.191427 56.313709 7.564431
v -17.044336 54.740181 8.487075
v -18.605621 53.000000 9.264500
v -19.848549 51.122936 9.883407
v -20.751867 49.141106 10.333205
v -21.300116 47.088421 10.606203
v -21.483917 45.000000 10.697723
v 24.289644 16.100288 0.601453
v 24.564766 16.396124 1.172747
v 24.811565 16.872675 1.685235
v 25.017672 17.506041 2.113217
v 25.172747 18.264465 2.435235
v 25.269016 19.109917 2.635139
v 25.301651 20.000000 2.702907
v 20.116941 0.000000 5.723762
v 21.906151 40.919998 2.029904
v 20.826151 42.000000 1.929826
v 21.906151 1.080000 2.029904
v -4.394437 46.000000 -23.508167
v -4.593738 41.080002 -24.574327
v -3.013043 60.863117 0.857285
v -5.974530 60.454811 1.699901
v -8.833795 59.782074 2.513432
v -11.541906 58.856407 3.283957
v -14.052541 57.693653 3.998294
v -16.322725 56.313709 4.644215
v -18.313622 54.740181 5.210678
v -19.991173 53.000000 5.687980
v -21.326662 51.122936 6.067962
v -22.297249 49.141106 6.344117
v -22.886326 47.088421 6.511726
v -23.083813 45.000000 6.567914
v 20.826151 0.000000 1.929826
v -20.116941 42.000000 5.723762
v 21.906151 40.919998 -2.029904
v 20.826151 42.000000 -1.929826
v -21.160164 1.080000 6.020586
v 21.906151 1.080000 -2.029904
v 20.826151 0.000000 -1.929826
v 21.160164 40.919998 -6.020586
v 20.116941 42.000000 -5.723762
v 21.160164 1.080000 -6.020586
v 26.345493 20.000000 1.870470
v -4.394437 40.000000 -23.508167
v -9.031042 44.919998 -23.311806
v -3.119266 60.863117 0.289043
v -6.185158 60.454811 0.573140
v -9.145225 59.782074 0.847430
v -11.948809 58.856407 1.107222
v -14.547955 57.693653 1.348068
v -16.898170 56.313709 1.565845
v -18.959257 54.740181 1.756837
v -20.695948 53.000000 1.917763
v -22.078520 51.122936 2.045879
v -23.083323 49.141106 2.138988
v -23.693169 47.088421 2.195500
v -23.897617 45.000000 2.214444
v 26.286688 19.109917 1.823573
v 26.113216 18.264465 1.685235
v 25.833780 17.506041 1.462392
v 25.462391 16.872675 1.166219
v 25.017672 16.396124 0.811566
v 24.521921 16.100288 0.416219
v -20.116941 0.000000 5.723762
v -19.693592 40.919998 9.806244
v 24.650826 16.100288 0.148547
v 25.269016 16.396124 0.289645
v 25.823572 16.872675 0.416219
v -8.639235 46.000000 -22.300419
v -9.031042 41.080002 -23.311806
v -3.119266 60.863117 -0.289042
v -6.185158 60.454811 -0.573139
v -9.145225 59.782074 -0.847430
v -11.948810 58.856407 -1.107218
v -14.547956 57.693653 -1.348065
v -16.898170 56.313709 -1.565847
v -18.959257 54.740181 -1.756831
v -20.695948 53.000000 -1.917761
v -22.078522 51.122936 -2.045873
v -23.083324 49.141106 -2.138981
v -23.693169 47.088421 -2.195490
v -23.897619 45.000000 -2.214437
v 26.286688 17.506041 0.521922
v 26.635139 18.264465 0.601454
v 26.851454 19.109917 0.650826
v 26.924784 20.000000 0.667563
v 20.116941 0.000000 -5.723762
v 19.693592 40.919998 -9.806244
v 18.722672 42.000000 -9.322790
v 19.693592 1.080000 -9.806244
v 18.722672 0.000000 -9.322790
v -18.722672 42.000000 9.322790
v 17.556379 40.919998 -13.257963
v -8.639235 40.000000 -22.300419
v -13.160804 44.919998 -21.255428
v -3.013043 60.863117 -0.857284
v -5.974530 60.454811 -1.699900
v -8.833796 59.782074 -2.513431
v -11.541908 58.856407 -3.283954
v -14.052544 57.693653 -3.998291
v -16.322725 56.313709 -4.644216
v -18.313622 54.740181 -5.210671
v -19.991173 53.000000 -5.687978
v -21.326664 51.122936 -6.067956
v -22.297249 49.141106 -6.344110
v -22.886328 47.088421 -6.511716
v -23.083817 45.000000 -6.567907
v 16.690832 42.000000 -12.604324
v -19.693592 1.080000 9.806244
v 17.556379 1.080000 -13.257963
v 16.690832 0.000000 -12.604324
v 14.821303 40.919998 -16.258196
v 14.090596 42.000000 -15.456647
v 14.821303 1.080000 -16.258196
v 26.924784 20.000000 -0.667562
v 26.851454 19.109917 -0.650825
v 26.635139 18.264465 -0.601453
v 26.286688 17.506041 -0.521922
v -12.589821 46.000000 -20.333261
v -13.160804 41.080002 -21.255428
v -2.804215 60.863117 -1.396333
v -5.560447 60.454811 -2.768773
v -8.221541 59.782074 -4.093841
v -10.741961 58.856407 -5.348858
v -13.078588 57.693653 -6.512361
v -15.191428 56.313709 -7.564432
v -17.044340 54.740181 -8.487068
v -18.605621 53.000000 -9.264498
v -19.848555 51.122936 -9.883402
v -20.751869 49.141106 -10.333199
v -21.300121 47.088421 -10.606193
v -21.483921 45.000000 -10.697717
v 25.823572 16.872675 -0.416218
v 25.269016 16.396124 -0.289645
v 24.650826 16.100288 -0.148547
v -18.722672 0.000000 9.322790
v -17.556379 40.919998 13.257963
v 24.521921 16.100288 -0.416219
v 25.017672 16.396124 -0.811566
v 25.462393 16.872675 -1.166219
v 25.833782 17.506041 -1.462392
v 26.113218 18.264465 -1.685235
v 26.286688 19.109917 -1.823573
v -12.589821 40.000000 -20.333261
v -16.842390 44.919998 -18.475224
v -2.499892 60.863117 -1.887830
v -4.957009 60.454811 -3.743359
v -7.329313 59.782074 -5.534840
v -9.576208 58.856407 -7.231614
v -11.659258 57.693653 -8.804659
v -13.542804 56.313709 -10.227050
v -15.194633 54.740181 -11.474450
v -16.586477 53.000000 -12.525526
v -17.694525 51.122936 -13.362279
v -18.499809 49.141106 -13.970402
v -18.988564 47.088421 -14.339489
v -19.152416 45.000000 -14.463228
v 26.345495 20.000000 -1.870469
v 14.090596 0.000000 -15.456647
v 11.581508 40.919998 -18.704777
v 11.010525 42.000000 -17.782610
v 11.581508 1.080000 -18.704777
v 11.010525 0.000000 -17.782610
v -16.690832 42.000000 12.604324
v 7.947317 40.919998 -20.514389
v 7.555510 42.000000 -19.503002
v -17.556379 1.080000 13.257963
v 7.947317 1.080000 -20.514389
v -16.111681 46.000000 -17.673677
v -16.842390 41.080002 -18.475224
v -2.110439 60.863117 -2.315040
v -4.184766 60.454811 -4.590469
v -6.187493 59.782074 -6.787356
v -8.084349 58.856407 -8.868105
v -9.842884 57.693653 -10.797126
v -11.432997 56.313709 -12.541399
v -12.827490 54.740181 -14.071081
v -14.002501 53.000000 -15.360012
v -14.937929 51.122936 -16.386120
v -15.617761 49.141106 -17.131859
v -16.030373 47.088421 -17.584471
v -16.168697 45.000000 -17.736210
v 7.555510 0.000000 -19.503002
v 4.042489 40.919998 -21.625408
v 3.843189 42.000000 -20.559248
v 4.042489 1.080000 -21.625408
v 25.301651 20.000000 -2.702907
v 25.269016 19.109917 -2.635139
v 25.172747 18.264465 -2.435235
v 25.017672 17.506041 -2.113217
v 24.811565 16.872675 -1.685235
v 24.564766 16.396124 -1.172747
v 24.289644 16.100288 -0.601453
v -16.111679 40.000000 -17.673677
v -19.950430 44.919998 -15.065866
v -1.649117 60.863117 -2.663414
v -3.270016 60.454811 -5.281257
v -4.834966 59.782074 -7.808738
v -6.317187 58.856407 -10.202604
v -7.691324 57.693653 -12.421909
v -8.933852 56.313709 -14.428665
v -10.023523 54.740181 -16.188541
v -10.941688 53.000000 -17.671432
v -11.672640 51.122936 -18.851952
v -12.203868 49.141106 -19.709913
v -12.526288 47.088421 -20.230635
v -12.634375 45.000000 -20.405209
v -16.690832 0.000000 12.604324
v -14.821303 40.919998 16.258196
v 24.000000 16.100288 -0.667563
v 24.000000 16.396124 -1.301651
v 24.000000 16.872675 -1.870470
v 24.000000 17.506041 -2.345494
v 24.000000 18.264465 -2.702907
v 24.000000 19.109917 -2.924784
v 24.000000 20.000000 -3.000000
v 3.843189 0.000000 -20.559248
v 0.000000 40.919998 -22.000000
v -19.084881 46.000000 -14.412230
v -19.950430 41.080002 -15.065866
v -1.131636 60.863117 -2.921089
v -2.243909 60.454811 -5.792197
v -3.317790 59.782074 -8.564201
v -4.334901 58.856407 -11.189666
v -5.277845 57.693653 -13.623679
v -6.130477 56.313709 -15.824579
v -6.878218 54.740181 -17.754717
v -7.508267 53.000000 -19.381071
v -8.009854 51.122936 -20.675804
v -8.374388 49.141106 -21.616768
v -8.595635 47.088421 -22.187868
v -8.669803 45.000000 -22.379332
v 0.000000 42.000000 -20.915373
v 0.000000 1.080000 -22.000000
v -0.000000 0.000000 -20.915373
v 24.893030 46.000000 -0.712165
v 24.495594 46.000000 -1.029110
v 25.113588 46.000000 0.254171
v 28.763861 21.074303 -1.087317
v 27.820316 21.074303 -3.046606
v 26.120117 21.074303 -4.402469
v 24.000000 21.074303 -4.886372
v 26.120117 21.074303 4.402469
v -19.084881 40.000000 -14.412230
v -22.379082 44.919998 -11.143459
v -0.575619 60.863117 -3.079290
v -1.141389 60.454811 -6.105891
v -1.687630 59.782074 -9.028023
v -2.204996 58.856407 -11.795676
v -2.684635 57.693653 -14.361511
v -3.118335 56.313709 -16.681608
v -3.498682 54.740181 -18.716280
v -3.819162 53.000000 -20.430714
v -4.074303 51.122936 -21.795567
v -4.259727 49.141106 -22.787491
v -4.372268 47.088421 -23.389521
v -4.409991 45.000000 -23.591352
v 24.000000 44.925697 -2.363628
v 25.025539 44.925697 -2.129557
v 24.000000 20.000000 3.892226
v 27.043066 20.000000 2.426763
v 25.688774 20.000000 3.506774
v 23.106970 46.000000 0.712165
v 23.504406 46.000000 1.029110
v 25.847961 44.925697 1.473696
v 25.025537 44.925697 2.129556
v 24.000000 46.000000 1.142226
v 22.311226 20.000000 3.506774
v -21.408159 46.000000 -10.660007
v -22.379082 41.080002 -11.143459
v -0.000000 60.863117 -3.132629
v -0.000000 60.454811 -6.211657
v -0.000000 59.782074 -9.184404
v -0.000002 58.856407 -11.999999
v -0.000003 57.693653 -14.610280
v -0.000002 56.313709 -16.970564
v -0.000003 54.740181 -19.040482
v 0.000001 53.000000 -20.784611
v -0.000005 51.122936 -22.173107
v -0.000007 49.141106 -23.182213
v -0.000009 47.088421 -23.794672
v -0.000003 45.000000 -23.999998
v 20.956934 20.000000 2.426763
v 24.495594 46.000000 1.029110
v 24.893030 46.000000 0.712165
v 27.820318 21.074303 3.046606
v 28.763863 21.074303 1.087317
v 27.043066 20.000000 -2.426763
v 27.794640 20.000000 -0.866100
v 25.847960 44.925697 -1.473695
v 26.304365 44.925697 -0.525960
v -14.090596 42.000000 15.456647
v -14.821303 1.080000 16.258196
v -21.408159 40.000000 -10.660007
v -14.821303 40.919998 -16.258196
v 0.000000 40.919998 22.000000
v 4.042489 40.919998 21.625408
v 4.394437 40.000000 -23.508167
v 4.593738 41.080002 -24.574327
v -4.042489 40.919998 21.625408
v 24.893354 41.080002 2.306709
v 24.045641 41.080002 6.841575
v -7.555510 42.000000 19.503002
v -11.010525 42.000000 17.782610
v 23.813354 46.000000 -2.206630
v 23.813354 46.000000 2.206630
v -14.090596 0.000000 -15.456647
v -14.821303 1.080000 -16.258196
v 21.408159 46.000000 -10.660007
v 23.002419 46.000000 -6.544751
v 24.045641 44.919998 -6.841575
v 22.379082 44.919998 -11.143459
v -16.690832 42.000000 -12.604324
v -17.556379 40.919998 -13.257963
v -3.843189 0.000000 20.559248
v -16.690832 0.000000 -12.604324
v -3.843189 42.000000 20.559248
v -17.556379 1.080000 -13.257963
v -18.722672 42.000000 -9.322790
v -19.693592 40.919998 -9.806244
v -18.722672 0.000000 -9.322790
v 12.589821 40.000000 -20.333261
v 8.639235 40.000000 -22.300419
v -19.693592 1.080000 -9.806244
v 0.000000 1.080000 22.000000
v -4.042489 1.080000 21.625408
v 0.000000 0.000000 20.915373
v -20.116941 42.000000 -5.723762
v -0.000000 42.000000 20.915373
v -14.821303 40.919998 16.258196
v -21.160164 40.919998 -6.020586
v 3.843189 42.000000 20.559248
v 4.394437 46.000000 -23.508167
v 4.593738 44.919998 -24.574327
v -20.116941 0.000000 -5.723762
v 7.947317 40.919998 20.514389
v -21.160164 1.080000 -6.020586
v 9.031042 41.080002 -23.311806
v 13.160804 41.080002 -21.255428
v 23.002419 40.000000 6.544751
v 23.813354 40.000000 2.206630
v 23.813354 40.000000 -2.206630
v 24.893354 41.080002 -2.306709
v 23.002419 46.000000 6.544751
v 13.160804 44.919998 -21.255428
v 9.031042 44.919998 -23.311806
v 11.581508 1.080000 18.704777
v 7.947317 1.080000 20.514389
v -20.826151 42.000000 -1.929826
v 8.639235 46.000000 -22.300419
v 12.589821 46.000000 -20.333261
v 3.843189 0.000000 20.559248
v 7.555510 0.000000 19.503002
v 7.555510 42.000000 19.503002
v 4.042489 1.080000 21.625408
v 14.821303 40.919998 16.258196
v 17.556379 40.919998 13.257963
v -21.906151 40.919998 -2.029904
v 11.581508 40.919998 18.704777
v -20.826151 0.000000 -1.929826
v 24.045641 44.919998 6.841575
v 16.842390 41.080002 -18.475224
v 16.690832 42.000000 12.604324
v 14.090596 42.000000 15.456647
v -21.906151 1.080000 -2.029904
v 11.010525 42.000000 17.782610
v 11.010525 0.000000 17.782610
v -20.826151 42.000000 1.929826
v 14.090596 0.000000 15.456647
v 16.690832 0.000000 12.604324
v -21.906151 40.919998 2.029904
v 14.821303 1.080000 16.258196
v 19.693592 40.919998 9.806244
v 21.408159 40.000000 10.660007
v 16.842390 44.919998 -18.475224
v -20.826151 0.000000 1.929826
v 16.111681 40.000000 -17.673677
v -20.116941 0.000000 5.723762
v 19.950430 44.919998 -15.065866
v -21.906151 1.080000 2.029904
v 21.160164 40.919998 6.020586
v 18.722672 42.000000 9.322790
v 22.379082 41.080002 11.143459
v 21.906151 40.919998 2.029904
v 19.084881 40.000000 14.412230
v 18.722672 0.000000 9.322790
v 16.111679 46.000000 -17.673677
v 17.556379 1.080000 13.257963
v -21.160164 40.919998 6.020586
v -20.116941 42.000000 5.723762
v 21.906151 1.080000 2.029904
v 21.160164 1.080000 6.020586
v 21.408159 46.000000 10.660007
v 22.379082 44.919998 11.143459
v 21.906151 40.919998 -2.029904
v 19.693592 1.080000 9.806244
v 20.116941 0.000000 5.723762
v 20.826151 42.000000 1.929826
v 20.116941 42.000000 5.723762
v 20.826151 42.000000 -1.929826
v 20.826151 0.000000 1.929826
v 19.084881 40.000000 -14.412230
v 20.826151 0.000000 -1.929826
v 20.116941 0.000000 -5.723762
v 19.950430 41.080002 15.065866
v 18.722672 42.000000 -9.322790
v 20.116941 42.000000 -5.723762
v 19.950430 41.080002 -15.065866
v -21.160164 1.080000 6.020586
v -18.722672 42.000000 9.322790
v -19.693592 40.919998 9.806244
v 21.906151 1.080000 -2.029904
v 21.160164 1.080000 -6.020586
v 21.160164 40.919998 -6.020586
v 19.693592 40.919998 -9.806244
v 14.090596 42.000000 -15.456647
v 16.690832 42.000000 -12.604324
v -18.722672 0.000000 9.322790
v 17.556379 40.919998 -13.257963
v 19.693592 1.080000 -9.806244
v 19.084881 46.000000 -14.412230
v 16.690832 0.000000 -12.604324
v 14.090596 0.000000 -15.456647
v -19.693592 1.080000 9.806244
v -16.690832 42.000000 12.604324
v 18.722672 0.000000 -9.322790
v 11.581508 1.080000 -18.704777
v 14.821303 1.080000 -16.258196
v -17.556379 40.919998 13.257963
v 11.010525 0.000000 -17.782610
v 7.555510 0.000000 -19.503002
v 17.556379 1.080000 -13.257963
v -16.690832 0.000000 12.604324
v 19.084881 46.000000 14.412230
v 11.010525 42.000000 -17.782610
v 14.821303 40.919998 -16.258196
v 11.581508 40.919998 -18.704777
v 19.950430 44.919998 15.065866
v 3.843189 42.000000 -20.559248
v 7.555510 42.000000 -19.503002
v -17.556379 1.080000 13.257963
v 7.947317 40.919998 -20.514389
v 7.947317 1.080000 -20.514389
v -14.090596 42.000000 15.456647
v 4.042489 40.919998 -21.625408
v 4.042489 1.080000 -21.625408
v 3.843189 0.000000 -20.559248
vn -0.0000 1.0000 -0.0000
vn 0.6787 -0.7086 -0.1931
vn -0.4754 -0.7086 0.5214
vn -0.0000 0.7086 -0.7056
vn 0.4754 0.7086 0.5214
vn -0.0000 -0.7086 -0.7056
vn -0.1297 -0.7086 -0.6936
vn 0.4754 -0.7086 0.5214
vn 0.3714 -0.7086 0.5999
vn 0.2549 -0.7086 0.6579
vn 0.3714 0.7086 0.5999
vn -0.2549 0.7086 -0.6579
vn -0.1297 0.7086 -0.6936
vn -0.2549 -0.7086 0.6579
vn -0.3714 -0.7086 0.5999
vn 0.6316 -0.7086 -0.3145
vn -0.3714 0.7086 -0.5999
vn -0.4754 0.7086 -0.5214
vn -0.1297 -0.7086 0.6936
vn 0.1297 -0.7086 0.6936
vn -0.0000 -0.7086 0.7056
vn -0.0000 0.7086 0.7056
vn -0.1297 0.7086 0.6936
vn 0.2549 0.7086 0.6579
vn 0.1297 0.7086 0.6936
vn -0.2549 0.7086 0.6579
vn -0.5631 0.7086 0.4252
vn -0.5631 -0.7086 0.4252
vn -0.3714 0.7086 0.5999
vn -0.4754 0.7086 0.5214
vn -0.6316 0.7086 0.3145
vn -0.6787 0.7086 0.1931
vn -0.6316 -0.7086 0.3145
vn -0.6787 -0.7086 0.1931
vn -0.7026 -0.7086 0.0651
vn -0.7026 -0.7086 -0.0651
vn -0.7026 0.7086 0.0651
vn -0.5631 -0.7086 -0.4252
vn -0.6316 -0.7086 -0.3145
vn -0.6787 -0.7086 -0.1931
vn -0.4754 -0.7086 -0.5214
vn -0.5631 0.7086 -0.4252
vn -0.6316 0.7086 -0.3145
vn -0.7026 0.7086 -0.0651
vn -0.6787 0.7086 -0.1931
vn -0.3714 -0.7086 -0.5999
vn -0.2549 -0.7086 -0.6579
vn -0.5164 0.7509 -0.4118
vn -0.6439 0.7509 0.1470
vn -0.6439 0.7509 -0.1470
vn -0.2866 0.7509 -0.5950
vn -0.7156 -0.6792 0.1633
vn -0.5738 -0.6792 -0.4576
vn -0.7156 -0.6792 -0.1633
vn -0.2866 0.7509 0.5950
vn -0.5164 0.7509 0.4118
vn -0.0000 0.7509 0.6604
vn -0.5738 -0.6792 0.4576
vn -0.3184 -0.6792 0.6613
vn -0.0000 0.7509 -0.6604
vn -0.0000 -0.6792 0.7340
vn 0.6439 0.7509 -0.1470
vn 0.6439 0.7509 0.1470
vn 0.7156 -0.6792 0.1633
vn -0.3184 -0.6792 -0.6613
vn -0.3185 -0.6792 -0.6613
vn -0.0000 -0.6792 -0.7340
vn 0.3185 -0.6792 -0.6613
vn 0.7026 0.7086 -0.0651
vn 0.7026 0.7086 0.0651
vn -0.0000 0.1052 -0.9945
vn -0.0000 -1.0000 -0.0000
vn 0.4315 0.1052 -0.8960
vn 0.7775 0.1052 -0.6200
vn -0.9618 -0.0000 -0.2737
vn 0.9695 0.1052 -0.2213
vn 0.0166 0.9959 -0.0887
vn 0.0329 0.9839 -0.1758
vn 0.0495 0.9630 -0.2648
vn 0.0666 0.9319 -0.3565
vn 0.0844 0.8884 -0.4512
vn 0.1026 0.8296 -0.5489
vn 0.1212 0.7517 -0.6482
vn 0.1395 0.6510 -0.7462
vn 0.1565 0.5239 -0.8373
vn 0.1707 0.3695 -0.9134
vn 0.1803 0.1917 -0.9647
vn 0.1829 0.0978 -0.9783
vn -0.9957 -0.0000 -0.0923
vn -0.9957 -0.0000 0.0923
vn 0.0326 0.9959 -0.0841
vn 0.0646 0.9839 -0.1668
vn 0.0973 0.9630 -0.2512
vn 0.1310 0.9319 -0.3382
vn 0.1658 0.8884 -0.4281
vn 0.2017 0.8296 -0.5207
vn 0.2382 0.7517 -0.6149
vn 0.2742 0.6510 -0.7078
vn 0.3077 0.5239 -0.7943
vn 0.3357 0.3695 -0.8665
vn 0.3545 0.1917 -0.9152
vn 0.3595 0.0978 -0.9280
vn -0.9618 -0.0000 0.2737
vn -0.8952 -0.0000 0.4457
vn -0.7980 -0.0000 0.6026
vn 0.9695 0.1052 0.2213
vn 0.0475 0.9959 -0.0767
vn 0.0942 0.9839 -0.1521
vn 0.1418 0.9630 -0.2291
vn 0.1909 0.9319 -0.3083
vn 0.2417 0.8884 -0.3903
vn 0.2940 0.8296 -0.4748
vn 0.3472 0.7517 -0.5607
vn 0.3996 0.6510 -0.6454
vn 0.4484 0.5239 -0.7242
vn 0.4892 0.3695 -0.7900
vn 0.5167 0.1917 -0.8344
vn 0.5239 0.0978 -0.8461
vn -0.6737 -0.0000 0.7390
vn -0.5264 -0.0000 0.8502
vn -0.3612 -0.0000 0.9325
vn 0.0608 0.9959 -0.0667
vn 0.1205 0.9839 -0.1322
vn 0.1815 0.9630 -0.1991
vn 0.2443 0.9319 -0.2680
vn 0.3093 0.8884 -0.3392
vn 0.3762 0.8296 -0.4127
vn 0.4443 0.7517 -0.4873
vn 0.5114 0.6510 -0.5610
vn 0.5739 0.5239 -0.6295
vn 0.6260 0.3695 -0.6867
vn 0.6612 0.1917 -0.7253
vn 0.6705 0.0978 -0.7355
vn -0.1838 -0.0000 0.9830
vn -0.1837 -0.0000 0.9830
vn -0.0000 -0.0000 1.0000
vn 0.1837 -0.0000 0.9830
vn 0.7775 0.1052 0.6200
vn 0.0720 0.9959 -0.0544
vn 0.1427 0.9839 -0.1078
vn 0.2150 0.9630 -0.1624
vn 0.2894 0.9319 -0.2186
vn 0.3663 0.8884 -0.2766
vn 0.4456 0.8296 -0.3365
vn 0.5263 0.7517 -0.3974
vn 0.6058 0.6510 -0.4575
vn 0.6798 0.5239 -0.5133
vn 0.7415 0.3695 -0.5600
vn 0.7832 0.1917 -0.5915
vn 0.7942 0.0978 -0.5997
vn 0.1838 -0.0000 0.9830
vn 0.3612 -0.0000 0.9325
vn 0.5264 -0.0000 0.8502
vn 0.0808 0.9959 -0.0402
vn 0.1601 0.9839 -0.0797
vn 0.2412 0.9630 -0.1201
vn 0.3246 0.9319 -0.1617
vn 0.4109 0.8884 -0.2046
vn 0.4999 0.8296 -0.2489
vn 0.5903 0.7517 -0.2939
vn 0.6795 0.6510 -0.3384
vn 0.7625 0.5239 -0.3797
vn 0.8318 0.3695 -0.4142
vn 0.8786 0.1917 -0.4375
vn 0.8909 0.0978 -0.4436
vn 0.6737 -0.0000 0.7390
vn 0.7980 -0.0000 0.6026
vn 0.8952 -0.0000 0.4457
vn 0.4315 0.1052 0.8960
vn 0.0868 0.9959 -0.0247
vn 0.1720 0.9839 -0.0489
vn 0.2591 0.9630 -0.0737
vn 0.3488 0.9319 -0.0992
vn 0.4415 0.8884 -0.1256
vn 0.5371 0.8296 -0.1528
vn 0.6343 0.7517 -0.1805
vn 0.7301 0.6510 -0.2077
vn 0.8193 0.5239 -0.2331
vn 0.8937 0.3695 -0.2543
vn 0.9440 0.1917 -0.2686
vn 0.9572 0.0978 -0.2723
vn 0.9618 -0.0000 0.2737
vn 0.9957 -0.0000 0.0923
vn 0.9957 -0.0000 -0.0923
vn 0.0898 0.9959 -0.0083
vn 0.1781 0.9839 -0.0165
vn 0.2683 0.9630 -0.0249
vn 0.3611 0.9319 -0.0335
vn 0.4571 0.8884 -0.0424
vn 0.5560 0.8296 -0.0515
vn 0.6566 0.7517 -0.0608
vn 0.7559 0.6510 -0.0700
vn 0.8482 0.5239 -0.0786
vn 0.9253 0.3695 -0.0857
vn 0.9773 0.1917 -0.0906
vn 0.9910 0.0978 -0.0918
vn 0.9618 -0.0000 -0.2737
vn 0.8952 -0.0000 -0.4457
vn 0.7980 -0.0000 -0.6026
vn -0.0000 0.1052 0.9945
vn 0.0898 0.9959 0.0083
vn 0.1781 0.9839 0.0165
vn 0.2683 0.9630 0.0249
vn 0.3611 0.9319 0.0335
vn 0.4571 0.8884 0.0424
vn 0.5560 0.8296 0.0515
vn 0.6566 0.7517 0.0608
vn 0.7559 0.6510 0.0700
vn 0.8482 0.5239 0.0786
vn 0.9253 0.3695 0.0857
vn 0.9773 0.1917 0.0906
vn 0.9910 0.0978 0.0918
vn 0.6737 -0.0000 -0.7390
vn 0.5264 -0.0000 -0.8502
vn 0.0868 0.9959 0.0247
vn 0.1720 0.9839 0.0489
vn 0.2591 0.9630 0.0737
vn 0.3488 0.9319 0.0992
vn 0.4415 0.8884 0.1256
vn 0.5371 0.8296 0.1528
vn 0.6343 0.7517 0.1805
vn 0.7301 0.6510 0.2077
vn 0.8193 0.5239 0.2331
vn 0.8937 0.3695 0.2543
vn 0.9440 0.1917 0.2686
vn 0.9572 0.0978 0.2724
vn 0.3612 -0.0000 -0.9325
vn 0.1838 -0.0000 -0.9830
vn 0.1837 -0.0000 -0.9830
vn -0.0000 -0.0000 -1.0000
vn -0.4315 0.1052 0.8960
vn 0.0808 0.9959 0.0402
vn 0.1601 0.9839 0.0797
vn 0.2412 0.9630 0.1201
vn 0.3246 0.9319 0.1617
vn 0.4109 0.8884 0.2046
vn 0.4999 0.8296 0.2489
vn 0.5903 0.7517 0.2939
vn 0.6795 0.6510 0.3384
vn 0.7625 0.5239 0.3797
vn 0.8318 0.3695 0.4142
vn 0.8786 0.1917 0.4375
vn 0.8909 0.0978 0.4436
vn -0.1837 -0.0000 -0.9830
vn -0.1838 -0.0000 -0.9830
vn -0.3612 -0.0000 -0.9325
vn -0.5264 -0.0000 -0.8502
vn 0.0720 0.9959 0.0544
vn 0.1427 0.9839 0.1078
vn 0.2150 0.9630 0.1624
vn 0.2894 0.9319 0.2186
vn 0.3663 0.8884 0.2766
vn 0.4456 0.8296 0.3365
vn 0.5263 0.7517 0.3974
vn 0.6058 0.6510 0.4575
vn 0.6798 0.5239 0.5133
vn 0.7415 0.3695 0.5600
vn 0.7832 0.1917 0.5915
vn 0.7942 0.0978 0.5997
vn -0.6737 -0.0000 -0.7390
vn -0.7980 -0.0000 -0.6026
vn -0.7775 0.1052 0.6200
vn 0.0608 0.9959 0.0667
vn 0.1205 0.9839 0.1322
vn 0.1815 0.9630 0.1991
vn 0.2443 0.9319 0.2680
vn 0.3093 0.8884 0.3392
vn 0.3762 0.8296 0.4127
vn 0.4443 0.7517 0.4873
vn 0.5114 0.6510 0.5610
vn 0.5739 0.5239 0.6295
vn 0.6260 0.3695 0.6867
vn 0.6612 0.1917 0.7253
vn 0.6705 0.0978 0.7355
vn -0.8952 -0.0000 -0.4457
vn 0.0475 0.9959 0.0767
vn 0.0942 0.9839 0.1521
vn 0.1418 0.9630 0.2291
vn 0.1909 0.9319 0.3083
vn 0.2417 0.8884 0.3903
vn 0.2940 0.8296 0.4748
vn 0.3472 0.7517 0.5607
vn 0.3996 0.6510 0.6454
vn 0.4484 0.5239 0.7242
vn 0.4892 0.3695 0.7900
vn 0.5167 0.1917 0.8344
vn 0.5239 0.0978 0.8461
vn -0.4323 -0.0842 -0.8978
vn -0.4277 -0.1676 -0.8882
vn -0.4084 -0.3374 -0.8481
vn -0.3733 -0.5095 -0.7752
vn -0.3182 -0.6798 -0.6608
vn -0.2386 -0.8352 -0.4955
vn -0.1333 -0.9517 -0.2768
vn -0.2402 -0.9517 -0.1915
vn -0.4300 -0.8352 -0.3429
vn -0.9695 0.1052 0.2213
vn 0.0326 0.9959 0.0841
vn 0.0646 0.9839 0.1668
vn 0.0973 0.9630 0.2512
vn 0.1310 0.9319 0.3382
vn 0.1658 0.8884 0.4281
vn 0.2017 0.8296 0.5207
vn 0.2382 0.7517 0.6149
vn 0.2742 0.6510 0.7078
vn 0.3077 0.5239 0.7943
vn 0.3357 0.3695 0.8665
vn 0.3545 0.1917 0.9152
vn 0.3595 0.0978 0.9280
vn -0.5734 -0.6798 -0.4573
vn -0.6727 -0.5095 -0.5365
vn -0.7360 -0.3374 -0.5869
vn -0.7708 -0.1676 -0.6147
vn -0.7791 -0.0842 -0.6213
vn 0.0166 0.9959 0.0887
vn 0.0329 0.9839 0.1758
vn 0.0495 0.9630 0.2648
vn 0.0666 0.9319 0.3565
vn 0.0844 0.8884 0.4512
vn 0.1026 0.8296 0.5489
vn 0.1212 0.7517 0.6482
vn 0.1395 0.6510 0.7462
vn 0.1565 0.5239 0.8373
vn 0.1707 0.3695 0.9134
vn 0.1803 0.1917 0.9647
vn 0.1829 0.0978 0.9783
vn -0.9715 -0.0842 -0.2217
vn -0.9611 -0.1676 -0.2194
vn -0.9178 -0.3374 -0.2095
vn -0.9695 0.1052 -0.2213
vn -0.0000 0.9959 0.0902
vn -0.0000 0.9839 0.1789
vn -0.0000 0.9630 0.2694
vn -0.0000 0.9319 0.3627
vn -0.0000 0.8884 0.4591
vn -0.0000 0.8296 0.5584
vn -0.0000 0.7517 0.6595
vn -0.0000 0.6510 0.7591
vn -0.0000 0.5239 0.8518
vn -0.0000 0.3695 0.9292
vn -0.0000 0.1917 0.9815
vn -0.0000 0.0978 0.9952
vn -0.8389 -0.5095 -0.1915
vn -0.7150 -0.6798 -0.1632
vn -0.5362 -0.8352 -0.1224
vn -0.2995 -0.9517 -0.0684
vn -0.2995 -0.9517 0.0684
vn -0.5362 -0.8352 0.1224
vn -0.7150 -0.6798 0.1632
vn -0.8389 -0.5095 0.1915
vn -0.9178 -0.3374 0.2095
vn -0.0166 0.9959 0.0887
vn -0.0329 0.9839 0.1758
vn -0.0495 0.9630 0.2648
vn -0.0666 0.9319 0.3565
vn -0.0844 0.8884 0.4512
vn -0.1026 0.8296 0.5489
vn -0.1212 0.7517 0.6482
vn -0.1395 0.6510 0.7462
vn -0.1565 0.5239 0.8373
vn -0.1707 0.3695 0.9134
vn -0.1803 0.1917 0.9647
vn -0.1829 0.0978 0.9783
vn -0.9611 -0.1676 0.2194
vn -0.9715 -0.0842 0.2217
vn -0.7775 0.1052 -0.6200
vn -0.0326 0.9959 0.0841
vn -0.0646 0.9839 0.1668
vn -0.0973 0.9630 0.2512
vn -0.1310 0.9319 0.3382
vn -0.1658 0.8884 0.4281
vn -0.2017 0.8296 0.5207
vn -0.2382 0.7517 0.6149
vn -0.2742 0.6510 0.7078
vn -0.3077 0.5239 0.7943
vn -0.3357 0.3695 0.8665
vn -0.3545 0.1917 0.9152
vn -0.3595 0.0978 0.9280
vn -0.7791 -0.0842 0.6213
vn -0.7708 -0.1676 0.6147
vn -0.7360 -0.3374 0.5869
vn -0.6727 -0.5095 0.5365
vn -0.5734 -0.6798 0.4573
vn -0.4300 -0.8352 0.3429
vn -0.0475 0.9959 0.0767
vn -0.0942 0.9839 0.1521
vn -0.1418 0.9630 0.2291
vn -0.1909 0.9319 0.3083
vn -0.2417 0.8884 0.3903
vn -0.2940 0.8296 0.4748
vn -0.3472 0.7517 0.5607
vn -0.3996 0.6510 0.6454
vn -0.4484 0.5239 0.7242
vn -0.4892 0.3695 0.7900
vn -0.5167 0.1917 0.8344
vn -0.5239 0.0978 0.8461
vn -0.2402 -0.9517 0.1915
vn -0.1333 -0.9517 0.2768
vn -0.2386 -0.8352 0.4955
vn -0.3182 -0.6798 0.6608
vn -0.3733 -0.5095 0.7752
vn -0.4084 -0.3374 0.8481
vn -0.4277 -0.1676 0.8882
vn -0.4323 -0.0842 0.8978
vn -0.0001 1.0000 -0.0000
vn -0.4315 0.1052 -0.8960
vn -0.0608 0.9959 0.0667
vn -0.1205 0.9839 0.1322
vn -0.1815 0.9630 0.1991
vn -0.2443 0.9319 0.2680
vn -0.3093 0.8884 0.3392
vn -0.3762 0.8296 0.4127
vn -0.4443 0.7517 0.4873
vn -0.5114 0.6510 0.5610
vn -0.5739 0.5239 0.6295
vn -0.6260 0.3695 0.6867
vn -0.6612 0.1917 0.7253
vn -0.6705 0.0978 0.7355
vn -0.0720 0.9959 0.0544
vn -0.1427 0.9839 0.1078
vn -0.2150 0.9630 0.1624
vn -0.2894 0.9319 0.2186
vn -0.3663 0.8884 0.2766
vn -0.4456 0.8296 0.3365
vn -0.5263 0.7517 0.3974
vn -0.6058 0.6510 0.4575
vn -0.6798 0.5239 0.5133
vn -0.7415 0.3695 0.5600
vn -0.7832 0.1917 0.5915
vn -0.7942 0.0978 0.5997
vn -0.0000 -0.0842 0.9964
vn -0.0000 -0.1676 0.9858
vn -0.0000 -0.3374 0.9414
vn -0.0000 -0.5095 0.8604
vn -0.0000 -0.6798 0.7334
vn -0.0000 -0.8352 0.5500
vn -0.0000 -0.9517 0.3072
vn -0.0808 0.9959 0.0402
vn -0.1601 0.9839 0.0797
vn -0.2412 0.9630 0.1201
vn -0.3246 0.9319 0.1617
vn -0.4109 0.8884 0.2046
vn -0.4999 0.8296 0.2489
vn -0.5903 0.7517 0.2939
vn -0.6795 0.6510 0.3384
vn -0.7625 0.5239 0.3797
vn -0.8318 0.3695 0.4142
vn -0.8786 0.1917 0.4375
vn -0.8909 0.0978 0.4436
vn 0.1333 -0.9517 0.2768
vn 0.2386 -0.8352 0.4955
vn 0.3182 -0.6798 0.6608
vn 0.3733 -0.5095 0.7752
vn 0.4084 -0.3374 0.8481
vn 0.4277 -0.1676 0.8882
vn 0.4323 -0.0842 0.8978
vn -0.0868 0.9959 0.0247
vn -0.1720 0.9839 0.0489
vn -0.2591 0.9630 0.0737
vn -0.3488 0.9319 0.0992
vn -0.4415 0.8884 0.1256
vn -0.5371 0.8296 0.1528
vn -0.6343 0.7517 0.1805
vn -0.7301 0.6510 0.2077
vn -0.8193 0.5239 0.2331
vn -0.8937 0.3695 0.2543
vn -0.9440 0.1917 0.2686
vn -0.9572 0.0978 0.2724
vn 0.7791 -0.0842 0.6213
vn -0.0898 0.9959 0.0083
vn -0.1781 0.9839 0.0165
vn -0.2683 0.9630 0.0249
vn -0.3611 0.9319 0.0335
vn -0.4571 0.8884 0.0424
vn -0.5560 0.8296 0.0515
vn -0.6566 0.7517 0.0608
vn -0.7559 0.6510 0.0700
vn -0.8482 0.5239 0.0786
vn -0.9253 0.3695 0.0857
vn -0.9773 0.1917 0.0906
vn -0.9910 0.0978 0.0918
vn 0.7708 -0.1676 0.6147
vn 0.7360 -0.3374 0.5869
vn 0.6727 -0.5095 0.5365
vn 0.5734 -0.6798 0.4573
vn 0.4300 -0.8352 0.3429
vn 0.2402 -0.9517 0.1915
vn 0.2995 -0.9517 0.0684
vn 0.5362 -0.8352 0.1224
vn 0.7150 -0.6798 0.1632
vn -0.0898 0.9959 -0.0083
vn -0.1781 0.9839 -0.0165
vn -0.2683 0.9630 -0.0249
vn -0.3611 0.9319 -0.0335
vn -0.4571 0.8884 -0.0424
vn -0.5560 0.8296 -0.0515
vn -0.6566 0.7517 -0.0608
vn -0.7559 0.6510 -0.0700
vn -0.8482 0.5239 -0.0786
vn -0.9253 0.3695 -0.0857
vn -0.9773 0.1917 -0.0906
vn -0.9910 0.0978 -0.0918
vn 0.8389 -0.5095 0.1915
vn 0.9178 -0.3374 0.2095
vn 0.9611 -0.1676 0.2194
vn 0.9715 -0.0842 0.2217
vn -0.0868 0.9959 -0.0247
vn -0.1720 0.9839 -0.0489
vn -0.2591 0.9630 -0.0737
vn -0.3488 0.9319 -0.0992
vn -0.4415 0.8884 -0.1256
vn -0.5371 0.8296 -0.1528
vn -0.6343 0.7517 -0.1805
vn -0.7301 0.6510 -0.2077
vn -0.8193 0.5239 -0.2331
vn -0.8937 0.3695 -0.2543
vn -0.9440 0.1917 -0.2686
vn -0.9572 0.0978 -0.2723
vn 0.9715 -0.0842 -0.2217
vn 0.9611 -0.1676 -0.2194
vn 0.9178 -0.3374 -0.2095
vn 0.8389 -0.5095 -0.1915
vn -0.0807 0.9959 -0.0402
vn -0.1601 0.9839 -0.0797
vn -0.2412 0.9630 -0.1201
vn -0.3246 0.9319 -0.1617
vn -0.4109 0.8884 -0.2046
vn -0.4999 0.8296 -0.2489
vn -0.5903 0.7517 -0.2939
vn -0.6795 0.6510 -0.3384
vn -0.7625 0.5239 -0.3797
vn -0.8318 0.3695 -0.4142
vn -0.8786 0.1917 -0.4375
vn -0.8909 0.0978 -0.4436
vn 0.7150 -0.6798 -0.1632
vn 0.5362 -0.8352 -0.1224
vn 0.2995 -0.9517 -0.0684
vn 0.2402 -0.9517 -0.1915
vn 0.4300 -0.8352 -0.3429
vn 0.5734 -0.6798 -0.4573
vn 0.6727 -0.5095 -0.5365
vn 0.7360 -0.3374 -0.5869
vn 0.7708 -0.1676 -0.6147
vn -0.0720 0.9959 -0.0544
vn -0.1427 0.9839 -0.1078
vn -0.2150 0.9630 -0.1624
vn -0.2894 0.9319 -0.2186
vn -0.3663 0.8884 -0.2766
vn -0.4456 0.8296 -0.3365
vn -0.5263 0.7517 -0.3974
vn -0.6058 0.6510 -0.4575
vn -0.6798 0.5239 -0.5133
vn -0.7415 0.3695 -0.5600
vn -0.7832 0.1917 -0.5915
vn -0.7942 0.0978 -0.5997
vn 0.7791 -0.0842 -0.6213
vn -0.0608 0.9959 -0.0667
vn -0.1205 0.9839 -0.1322
vn -0.1815 0.9630 -0.1991
vn -0.2443 0.9319 -0.2680
vn -0.3093 0.8884 -0.3392
vn -0.3762 0.8296 -0.4127
vn -0.4443 0.7517 -0.4873
vn -0.5114 0.6510 -0.5610
vn -0.5739 0.5239 -0.6295
vn -0.6260 0.3695 -0.6867
vn -0.6612 0.1917 -0.7253
vn -0.6705 0.0978 -0.7355
vn 0.4323 -0.0842 -0.8978
vn 0.4277 -0.1676 -0.8882
vn 0.4084 -0.3374 -0.8481
vn 0.3733 -0.5095 -0.7752
vn 0.3182 -0.6798 -0.6608
vn 0.2386 -0.8352 -0.4955
vn 0.1333 -0.9517 -0.2768
vn -0.0475 0.9959 -0.0767
vn -0.0942 0.9839 -0.1521
vn -0.1418 0.9630 -0.2291
vn -0.1909 0.9319 -0.3083
vn -0.2417 0.8884 -0.3903
vn -0.2940 0.8296 -0.4748
vn -0.3472 0.7517 -0.5607
vn -0.3996 0.6510 -0.6454
vn -0.4484 0.5239 -0.7242
vn -0.4892 0.3695 -0.7900
vn -0.5167 0.1917 -0.8344
vn -0.5239 0.0978 -0.8461
vn -0.0000 -0.9517 -0.3072
vn -0.0000 -0.8352 -0.5500
vn -0.0000 -0.6798 -0.7334
vn -0.0000 -0.5095 -0.8604
vn -0.0000 -0.3374 -0.9414
vn -0.0000 -0.1677 -0.9858
vn -0.0000 -0.0842 -0.9964
vn -0.0326 0.9959 -0.0841
vn -0.0646 0.9839 -0.1668
vn -0.0973 0.9630 -0.2512
vn -0.1310 0.9319 -0.3382
vn -0.1658 0.8884 -0.4281
vn -0.2017 0.8296 -0.5207
vn -0.2382 0.7517 -0.6149
vn -0.2742 0.6510 -0.7078
vn -0.3077 0.5239 -0.7943
vn -0.3357 0.3695 -0.8665
vn -0.3545 0.1917 -0.9152
vn -0.3595 0.0978 -0.9280
vn 0.5164 0.7509 -0.4118
vn 0.2866 0.7509 -0.5950
vn 0.7156 -0.6792 -0.1633
vn 0.5738 -0.6792 -0.4576
vn 0.3184 -0.6792 -0.6613
vn 0.3184 -0.6792 0.6613
vn -0.0166 0.9959 -0.0887
vn -0.0329 0.9839 -0.1758
vn -0.0495 0.9630 -0.2648
vn -0.0666 0.9319 -0.3565
vn -0.0844 0.8884 -0.4512
vn -0.1026 0.8296 -0.5489
vn -0.1212 0.7517 -0.6482
vn -0.1395 0.6510 -0.7462
vn -0.1565 0.5239 -0.8373
vn -0.1707 0.3695 -0.9134
vn -0.1803 0.1917 -0.9647
vn -0.1829 0.0978 -0.9783
vn 0.5738 -0.6792 0.4576
vn 0.3185 -0.6792 0.6613
vn 0.5164 0.7509 0.4118
vn 0.2866 0.7509 0.5950
vn -0.3185 -0.6792 0.6613
vn -0.0000 0.9959 -0.0902
vn -0.0000 0.9839 -0.1789
vn -0.0000 0.9630 -0.2694
vn -0.0000 0.9319 -0.3627
vn -0.0000 0.8884 -0.4591
vn -0.0000 0.8296 -0.5584
vn -0.0000 0.7517 -0.6595
vn -0.0000 0.6510 -0.7591
vn -0.0000 0.5239 -0.8518
vn -0.0000 0.3695 -0.9292
vn -0.0000 0.1917 -0.9815
vn -0.0000 0.0978 -0.9952
vn 0.1297 -0.7086 -0.6936
vn 0.7026 -0.7086 0.0651
vn 0.6787 -0.7086 0.1931
vn 0.6316 0.7086 -0.3145
vn 0.6787 0.7086 -0.1931
vn 0.3714 -0.7086 -0.5999
vn 0.2549 -0.7086 -0.6579
vn 0.1297 0.7086 -0.6936
vn 0.7026 -0.7086 -0.0651
vn 0.6787 0.7086 0.1931
vn 0.3714 0.7086 -0.5999
vn 0.2549 0.7086 -0.6579
vn 0.5631 0.7086 0.4252
vn 0.4754 -0.7086 -0.5214
vn 0.5631 -0.7086 0.4252
vn 0.6316 0.7086 0.3145
vn 0.6316 -0.7086 0.3145
vn 0.4754 0.7086 -0.5214
vn 0.5631 0.7086 -0.4252
vn 0.5631 -0.7086 -0.4252
vt -0.000000 0.600000
vt 0.134232 0.718075
vt -0.000000 0.730514
vt 1.148723 2.246285
vt 1.200000 1.053715
vt 1.093994 1.053715
vt 0.557173 2.246000
vt 0.753293 2.054000
vt 0.557173 2.054000
vt -0.000000 0.848528
vt 0.174934 0.935814
vt -0.000000 0.952024
vt -0.000000 0.156631
vt 0.057069 0.305295
vt -0.000000 0.310583
vt 0.084381 0.451401
vt 0.112195 0.289610
vt 0.165889 0.428210
vt 0.343911 0.887736
vt 0.547084 0.883572
vt 0.375413 0.969054
vt -0.000000 0.459220
vt 0.110250 0.589784
vt 0.190958 2.650000
vt 0.400492 2.556147
vt 0.203715 2.556147
vt 0.155917 0.834080
vt 0.263892 0.681184
vt 0.306524 0.791229
vt 0.056582 0.146054
vt 0.000000 0.000000
vt 0.082456 0.133171
vt 0.028781 0.153964
vt 0.220499 2.250000
vt 0.429781 2.354421
vt 0.433490 2.250000
vt 1.200000 2.246285
vt 0.753293 2.246000
vt 0.923761 2.054000
vt 1.008984 1.053715
vt 1.251277 2.246285
vt 1.391016 1.053715
vt 1.306006 1.053715
vt 0.375413 2.650000
vt 0.583632 2.556147
vt -0.073685 2.246285
vt -0.054366 1.053715
vt -0.152330 1.053715
vt 0.384566 0.621095
vt 0.446692 0.721433
vt 0.163501 0.264063
vt 1.251277 2.246285
vt -0.451552 2.246000
vt -0.229687 2.054000
vt -0.451552 2.054000
vt 0.115335 2.246000
vt 0.342079 2.054000
vt 0.115335 2.054000
vt 1.155349 -0.035608
vt 1.244652 -0.035608
vt 1.224780 0.051455
vt 0.418719 2.457055
vt 0.610193 2.457055
vt 0.216745 0.559483
vt 0.342079 2.246000
vt 0.241748 0.390437
vt -0.000000 2.457055
vt 0.218613 2.354421
vt -0.000000 2.354421
vt 0.190958 1.021536
vt 0.501176 0.809427
vt 0.315859 0.510130
vt 0.000000 1.039231
vt 0.212986 2.457055
vt 0.626314 2.354421
vt -0.342079 2.246000
vt -0.115335 2.054000
vt -0.342079 2.054000
vt 0.026298 2.246285
vt 0.054366 1.053715
vt -0.073685 2.246285
vt -0.152330 1.053715
vt 1.352153 0.121338
vt 1.284439 -0.175339
vt 1.010268 -0.043305
vt 0.000000 2.650000
vt -0.000000 2.556147
vt -0.000000 2.250000
vt 0.026298 2.246285
vt 0.152330 1.053715
vt 0.073685 2.246285
vt -0.842120 2.246000
vt -0.658040 2.054000
vt -0.842120 2.054000
vt 1.292398 2.246285
vt 1.391016 1.053715
vt -0.115335 2.246000
vt 0.631719 2.250000
vt -0.658040 2.246000
vt 1.107602 2.246285
vt -0.229687 2.246000
vt 0.547084 2.650000
vt 0.746896 2.556147
vt 0.209238 0.229523
vt 0.451552 2.246000
vt 0.229687 2.054000
vt 0.451552 2.054000
vt 0.780888 2.457055
vt 0.309375 0.339368
vt 0.801518 2.354421
vt 0.404217 0.443405
vt 0.658040 2.246000
vt 0.658040 2.054000
vt 0.808435 2.250000
vt 0.492144 0.539856
vt -0.557173 2.246000
vt -0.557173 2.054000
vt 0.571650 0.627070
vt -0.923761 2.246000
vt -0.753293 2.054000
vt -0.923761 2.054000
vt -0.753293 2.246000
vt 0.229687 2.246000
vt 0.000000 2.054000
vt 0.641374 0.703554
vt 0.842120 2.246000
vt 0.842120 2.054000
vt 0.000000 2.246000
vt 0.700125 0.768001
vt 0.105522 0.115752
vt 0.478810 0.361581
vt 0.886811 2.250000
vt 0.716975 2.354421
vt 0.723162 2.250000
vt 0.582963 0.440233
vt 0.677140 0.511352
vt 0.759732 0.573723
vt 0.829324 0.626276
vt 0.124995 0.094392
vt 0.819306 2.556147
vt 0.626276 2.650000
vt 0.668114 2.556147
vt 0.247850 0.187168
vt 0.923761 2.246000
vt 0.698520 2.457055
vt 0.856593 2.457055
vt 0.366466 0.276742
vt 0.879224 2.354421
vt -0.741065 2.046000
vt -0.579075 0.054000
vt -0.741065 0.054000
vt 0.852217 0.424354
vt 0.301029 2.046000
vt 0.490312 0.054000
vt 0.301029 0.054000
vt -0.579075 2.046000
vt -0.397366 0.054000
vt 0.930281 0.463225
vt 0.140211 0.069817
vt -0.397366 2.046000
vt -0.202124 0.054000
vt 0.463225 2.650000
vt 0.494170 2.556147
vt 0.278022 0.138439
vt 0.662898 2.046000
vt 0.812910 0.054000
vt 0.662898 0.054000
vt 0.516660 2.457055
vt 0.411077 0.204692
vt -1.190668 -0.110332
vt 1.150121 0.327238
vt 0.431962 -1.115021
vt 0.530310 2.354421
vt 0.537098 0.267443
vt 0.490312 2.046000
vt 0.534886 2.250000
vt 0.653929 0.325618
vt 0.759571 0.378222
vt 1.190668 0.110332
vt -1.190668 0.110332
vt -0.219722 -1.175408
vt -0.202124 2.046000
vt 0.317206 2.457055
vt 0.298726 0.084995
vt 0.441690 0.125672
vt -0.662898 2.046000
vt -0.490312 0.054000
vt -0.662898 0.054000
vt 0.325586 2.354421
vt 0.577095 0.164198
vt 0.000000 2.046000
vt 0.000000 0.054000
vt 0.328396 2.250000
vt 0.702627 0.199915
vt -0.490312 2.046000
vt -0.301029 0.054000
vt 0.101495 2.046000
vt 0.101495 0.054000
vt 0.816136 0.232211
vt -0.301029 2.046000
vt -0.101495 0.054000
vt -0.101495 2.046000
vt 0.915681 0.260534
vt 0.202124 2.046000
vt 0.202124 0.054000
vt 0.999559 0.284399
vt 0.150652 0.042864
vt -0.812910 2.046000
vt -0.812910 0.054000
vt 0.284399 2.650000
vt 0.303398 2.556147
vt 0.597440 0.055361
vt 0.727398 0.067403
vt 0.397366 2.046000
vt 0.397366 0.054000
vt 0.844909 0.078292
vt 0.741065 2.046000
vt 0.579075 0.054000
vt 0.741065 0.054000
vt 0.579075 2.046000
vt 0.947963 0.087842
vt 1.034797 0.095888
vt 0.155963 0.014452
vt 0.102294 2.556147
vt 0.309258 0.028657
vt 0.106949 2.457055
vt 0.457261 0.042372
vt 0.109775 2.354421
vt 0.110722 2.250000
vt 0.095888 2.650000
vt -0.087842 2.737009
vt -0.095888 2.650000
vt 0.155963 -0.014452
vt -0.102294 2.556147
vt 0.309258 -0.028657
vt 1.315218 0.026298
vt 1.244652 0.035608
vt 1.255679 0.012709
vt -0.106949 2.457055
vt 0.457261 -0.042371
vt -0.377775 0.975150
vt 0.192159 -1.027962
vt 1.041308 0.096491
vt -0.109775 2.354421
vt 0.597440 -0.055361
vt 1.292398 0.073685
vt -0.110722 2.250000
vt 0.727398 -0.067403
vt 0.812910 2.046000
vt 0.844909 -0.078292
vt 0.550526 0.889130
vt -0.377775 -0.975150
vt -1.005847 0.286188
vt 0.947963 -0.087842
vt 1.292398 -0.073685
vt 1.255679 -0.012709
vt 1.251277 0.106478
vt 1.200000 0.057111
vt -0.325586 2.354421
vt 0.577095 -0.164198
vt 1.224780 -0.051455
vt 1.251277 -0.106478
vt -0.328395 2.250000
vt 0.702627 -0.199915
vt 1.200000 1.000000
vt 1.438193 0.054366
vt 1.391016 0.152330
vt 0.816136 -0.232211
vt 1.284439 0.175339
vt 1.306006 0.220123
vt 1.438193 -0.054366
vt 1.352153 -0.121338
vt 1.389732 -0.043305
vt 1.200000 -0.057111
vt 1.200000 -0.118181
vt 0.915681 -0.260534
vt 1.391016 -0.152330
vt 1.107602 -0.073685
vt 1.175220 -0.051455
vt 1.034797 -0.095888
vt 0.999559 -0.284399
vt 0.150652 -0.042864
vt 1.284439 1.000000
vt -0.284399 2.650000
vt -0.303398 2.556147
vt 0.298726 -0.084995
vt 1.008984 -0.152330
vt 1.115561 -0.175339
vt 1.093994 -0.220123
vt -0.317206 2.457055
vt 0.441690 -0.125672
vt 0.653929 -0.325618
vt 0.759571 -0.378222
vt 1.107602 0.073685
vt 1.175220 0.051455
vt 1.148723 0.106478
vt -0.043305 1.000000
vt 0.043305 1.000000
vt 1.144321 -0.012709
vt 1.084782 -0.026298
vt 0.852217 -0.424354
vt 1.148723 -0.106478
vt -0.043305 1.000000
vt 0.930281 -0.463225
vt 0.140211 -0.069817
vt 1.115561 1.000000
vt -0.463225 2.650000
vt -0.494170 2.556147
vt 0.278022 -0.138439
vt 0.961807 -0.054366
vt 1.047847 -0.121338
vt -0.516660 2.457055
vt 0.411077 -0.204692
vt 1.084782 0.026298
vt 1.144321 0.012709
vt -0.530310 2.354421
vt 0.537098 -0.267443
vt -0.534886 2.250000
vt 1.008984 0.152330
vt 1.115561 0.175339
vt 1.047847 0.121338
vt 1.315218 -0.026298
vt -0.451552 1.165590
vt -0.219722 1.175408
vt -0.229687 1.228716
vt -0.668114 2.556147
vt 0.124995 -0.094392
vt 0.247850 -0.187168
vt -0.658040 1.062771
vt -0.431962 1.115021
vt -0.629491 1.016663
vt -0.698520 2.457055
vt 0.366466 -0.276742
vt 0.000000 1.250000
vt -0.716975 2.354421
vt 0.478810 -0.361581
vt -0.805584 0.883684
vt -0.723161 2.250000
vt 0.582963 -0.440233
vt 0.000000 1.195769
vt 0.961807 0.054366
vt 1.010268 0.043305
vt 0.677140 -0.511353
vt 1.155349 0.035608
vt 1.200000 0.118181
vt 0.759732 -0.573722
vt -0.805584 0.883684
vt -0.842120 0.923761
vt 0.829324 -0.626276
vt 0.110332 2.000000
vt -0.110332 2.000000
vt -0.879224 2.354421
vt -0.886811 2.250000
vt 0.404217 -0.443405
vt 0.492144 -0.539856
vt -0.997522 0.753293
vt -1.070408 0.533000
vt -1.118954 0.557173
vt 0.571650 -0.627070
vt -0.954244 0.720611
vt -1.244668 0.115335
vt -1.150121 0.327238
vt 0.641375 -0.703554
vt -1.244668 -0.115335
vt -1.150121 -0.327238
vt -1.202282 0.342079
vt 0.700125 -0.768001
vt 0.105522 -0.115752
vt -0.626276 2.650000
vt -0.819306 2.556147
vt 0.209238 -0.229523
vt 0.110332 2.300000
vt -0.856593 2.457055
vt 0.309375 -0.339368
vt 0.501176 -0.809427
vt -0.658040 -1.062771
vt -0.431962 -1.115021
vt -0.451552 -1.165590
vt -0.842120 -0.923761
vt -0.954244 -0.720611
vt -0.805584 -0.883684
vt 0.547084 -0.883572
vt 0.082456 -0.133171
vt -0.997522 -0.753293
vt 0.700125 2.650000
vt 0.583632 2.556147
vt 0.163501 -0.264063
vt -0.629491 -1.016663
vt 0.241748 -0.390437
vt -1.070408 -0.533000
vt 0.626314 2.354421
vt 0.801519 2.354421
vt 0.315859 -0.510130
vt 0.631719 2.250000
vt 0.808435 2.250000
vt 0.384566 -0.621095
vt -1.118954 -0.557173
vt -1.202282 -0.342079
vt 0.446693 -0.721433
vt -0.805584 -0.883684
vt -1.095308 0.101495
vt -1.058008 0.301029
vt 0.400493 2.556147
vt 0.165889 -0.428210
vt 0.229687 -1.228716
vt 0.000000 -1.195769
vt 0.000000 -1.250000
vt 0.429782 2.354421
vt 0.216745 -0.559483
vt 1.171762 0.058637
vt 1.200000 0.033378
vt 1.185518 0.030073
vt 0.433490 2.250000
vt 0.263892 -0.681184
vt -0.229687 -1.228716
vt 0.306524 -0.791229
vt 0.451552 -1.165590
vt 0.219722 -1.175408
vt 0.343911 -0.887736
vt -0.984680 0.490312
vt -0.936134 0.466139
vt 0.375413 -0.969054
vt 0.056582 -0.146054
vt 0.547084 2.650000
vt 0.112195 -0.289610
vt 1.200000 0.093523
vt 1.200000 0.065083
vt 1.136549 0.955496
vt 1.200000 0.955496
vt 0.134232 -0.718075
vt 0.155917 -0.834080
vt 0.096491 2.100000
vt 1.141363 0.913223
vt 1.200000 0.875302
vt 1.149116 0.875302
vt 0.174934 -0.935814
vt 1.159422 0.843634
vt 1.200000 0.843634
vt 1.200000 0.000000
vt 0.190958 -1.021536
vt 0.028781 -0.153964
vt 0.658040 -1.062771
vt 0.629491 -1.016663
vt 0.203715 2.556147
vt 0.057069 -0.305295
vt 1.118954 0.557173
vt 1.202282 0.342079
vt 0.212986 2.457055
vt 0.084381 -0.451401
vt 1.200000 0.913223
vt 0.218613 2.354421
vt 0.110250 -0.589784
vt -0.834542 0.630216
vt -0.877819 0.662898
vt 0.220500 2.250000
vt 0.000000 -0.952024
vt -0.000000 -1.039231
vt 0.000000 -0.156631
vt -0.704530 0.772832
vt 0.000000 2.556147
vt 0.000000 -0.310583
vt 1.085666 0.955496
vt 1.094339 0.913223
vt 0.000000 2.457055
vt 0.000000 -0.459220
vt 0.000000 2.354421
vt 0.000000 -0.600000
vt 1.108311 0.875302
vt 0.000000 2.250000
vt 0.000000 -0.730514
vt -1.041308 0.096491
vt 1.126880 0.843634
vt 0.000000 -0.848528
vt 0.229687 1.228716
vt 0.219722 1.175408
vt 1.173904 0.020811
vt 1.126880 0.058311
vt 1.149116 0.040578
vt -0.096491 0.000000
vt -0.202124 1.081270
vt 0.000000 1.045769
vt 0.000000 1.100000
vt -0.218613 2.354421
vt -0.110250 -0.589784
vt -1.095308 -0.101495
vt -1.005847 -0.286188
vt -1.041308 -0.096491
vt -0.220499 2.250000
vt -0.134232 -0.718075
vt 1.244668 0.115335
vt -0.155917 -0.834080
vt 1.082725 1.000000
vt 0.805584 -0.883684
vt 0.020811 0.843634
vt 0.073120 0.875302
vt 0.058311 0.843634
vt -0.174934 -0.935814
vt 1.108821 0.020811
vt 1.136549 0.014482
vt -1.058008 -0.301029
vt -0.190958 -1.021536
vt -0.028781 -0.153964
vt -0.984680 -0.490312
vt -0.000000 2.650000
vt -0.203715 2.556147
vt -0.057069 -0.305295
vt -0.936134 -0.466139
vt -0.212986 2.457055
vt -0.084381 -0.451401
vt 0.030073 0.913223
vt 0.026096 0.875302
vt 1.167459 0.007427
vt 0.805584 -0.883684
vt 0.842120 -0.923761
vt -0.343911 -0.887736
vt 1.167459 -0.007427
vt -0.032541 0.955496
vt 0.033378 1.000000
vt 0.032541 0.955496
vt -0.375413 -0.969054
vt -0.056582 -0.146054
vt 0.451552 1.165590
vt -0.190958 2.650000
vt -0.400492 2.556147
vt -0.112195 -0.289610
vt -0.834542 -0.630216
vt -0.418719 2.457055
vt -0.165889 -0.428210
vt 0.084262 0.913223
vt -0.429781 2.354421
vt -0.216745 -0.559483
vt -0.877819 -0.662898
vt -0.433490 2.250000
vt -0.263892 -0.681184
vt 0.093523 1.000000
vt 0.091179 0.955496
vt -0.306524 -0.791229
vt -0.375413 2.650000
vt -0.583632 2.556147
vt -0.082456 -0.133171
vt -0.163501 -0.264063
vt -0.610193 2.457055
vt -0.241748 -0.390437
vt -0.704530 -0.772832
vt -0.741065 -0.812910
vt -0.626314 2.354421
vt -0.315859 -0.510130
vt 1.149116 -0.040578
vt 1.173904 -0.020811
vt -0.631719 2.250000
vt -0.384566 -0.621095
vt -0.026096 0.875302
vt -0.020811 0.843634
vt -0.030073 0.913223
vt -0.446693 -0.721433
vt 1.136549 -0.014482
vt 1.108821 -0.020811
vt -0.501176 -0.809427
vt -0.110332 2.300000
vt 0.431962 1.115021
vt -0.547084 -0.883572
vt -0.801518 2.354421
vt -0.808435 2.250000
vt -0.492144 -0.539856
vt -0.579075 -0.935239
vt -0.397366 -1.025719
vt -0.571650 -0.627070
vt -0.550526 -0.889130
vt -0.093523 1.000000
vt -0.091179 0.955496
vt -0.641374 -0.703554
vt -0.073120 0.875302
vt -0.700125 -0.768001
vt -0.105522 -0.115752
vt -0.192159 1.027962
vt -0.547084 2.650000
vt -0.746896 2.556147
vt -0.209238 -0.229523
vt -0.084262 0.913223
vt -0.780888 2.457055
vt -0.309375 -0.339368
vt -0.192159 -1.027962
vt -0.404217 -0.443405
vt 0.658040 1.062771
vt 1.141363 0.913223
vt -0.759731 -0.573723
vt -0.829324 -0.626276
vt -0.124995 -0.094392
vt 1.171762 -0.058637
vt 1.185518 -0.030073
vt -0.768001 2.650000
vt -0.668114 2.556147
vt -0.819306 2.556147
vt -0.247850 -0.187168
vt -0.698520 2.457055
vt -0.366466 -0.276742
vt 1.159422 -0.084262
vt -0.716975 2.354421
vt -0.879224 2.354421
vt -0.478810 -0.361581
vt -0.886811 2.250000
vt -0.723162 2.250000
vt -0.582963 -0.440233
vt 0.202124 -1.081270
vt -0.000000 -1.045769
vt 0.000000 -1.100000
vt -0.058311 0.843634
vt -0.677140 -0.511352
vt -0.202124 -1.081270
vt 1.134917 1.000000
vt -0.397366 1.025719
vt -0.494170 2.556147
vt -0.516660 2.457055
vt -0.278022 -0.138439
vt -0.411077 -0.204692
vt -0.530310 2.354421
vt -0.537098 -0.267443
vt -0.534886 2.250000
vt -0.653929 -0.325618
vt 1.244668 -0.115335
vt 1.150121 -0.327238
vt 1.190668 -0.110332
vt -0.759571 -0.378222
vt 0.000000 -1.045769
vt -0.852217 -0.424354
vt 1.202282 -0.342079
vt -0.930281 -0.463225
vt -0.140211 -0.069817
vt -0.626276 2.650000
vt 1.200000 -0.065083
vt 1.200000 -0.033378
vt -0.702627 -0.199915
vt -0.816136 -0.232211
vt 0.629491 1.016663
vt 1.200000 -0.093523
vt 0.579075 -0.935239
vt 0.704530 -0.772832
vt 0.550526 -0.889130
vt -0.915681 -0.260534
vt 0.377775 -0.975150
vt 0.397366 -1.025719
vt -0.999559 -0.284399
vt -0.150652 -0.042864
vt -0.463225 2.650000
vt -0.303398 2.556147
vt -0.298726 -0.084995
vt 1.265083 1.000000
vt 1.263451 0.955496
vt -0.317206 2.457055
vt -0.441690 -0.125672
vt -0.325586 2.354421
vt -0.577095 -0.164198
vt 0.877819 -0.662898
vt 0.834542 -0.630216
vt -0.328396 2.250000
vt -0.155963 -0.014452
vt 0.741065 -0.812910
vt -0.284399 2.650000
vt -0.102294 2.556147
vt -0.309258 -0.028657
vt 1.228238 -0.058637
vt 1.214482 -0.030073
vt -0.106949 2.457055
vt -0.457261 -0.042372
vt 1.240578 -0.084262
vt -0.109775 2.354421
vt -0.597440 -0.055361
vt -0.110722 2.250000
vt -0.727398 -0.067403
vt 1.240578 0.843634
vt -0.844909 -0.078292
vt 0.805584 0.883684
vt 1.258637 0.913223
vt 1.250884 0.875302
vt -0.947963 -0.087842
vt 1.305661 0.913223
vt 1.291689 0.875302
vt 1.070408 0.533000
vt -1.034797 -0.095888
vt 0.109775 2.354421
vt -0.597440 0.055361
vt 0.984680 -0.490312
vt 1.005847 -0.286188
vt 0.936134 -0.466139
vt 0.110722 2.250000
vt -0.727398 0.067403
vt 1.118954 -0.557173
vt -0.844909 0.078292
vt 1.226096 -0.020811
vt -0.579075 0.935239
vt 1.273120 -0.058311
vt 1.250884 -0.040578
vt -0.947963 0.087842
vt 0.805584 0.883684
vt 0.842120 0.923761
vt -0.095888 2.650000
vt 0.087842 2.737009
vt 0.095888 2.650000
vt -0.155963 0.014452
vt 1.317275 1.000000
vt 1.314334 0.955496
vt 0.102294 2.556147
vt -0.309258 0.028657
vt 0.106949 2.457055
vt -0.457261 0.042371
vt -0.020811 0.843634
vt -0.073120 0.875302
vt -0.058311 0.843634
vt 1.058008 -0.301029
vt 1.070408 -0.533000
vt -0.915681 0.260534
vt 0.954244 0.720611
vt 1.232541 -0.007427
vt -1.034797 0.095888
vt -0.999559 0.284399
vt -0.150652 0.042864
vt 0.303398 2.556147
vt -0.298726 0.084995
vt 0.096491 0.000000
vt 0.317206 2.457055
vt -0.441690 0.125672
vt 1.095308 -0.101495
vt 0.325586 2.354421
vt -0.577095 0.164198
vt -0.033378 1.000000
vt -0.091179 0.955496
vt -0.032541 0.955496
vt 0.328395 2.250000
vt -0.702627 0.199915
vt -0.030073 0.913223
vt -0.026096 0.875302
vt 1.273120 0.843634
vt -0.816136 0.232211
vt -0.278022 0.138439
vt 1.291179 0.020811
vt 1.263451 -0.014482
vt 1.263451 0.014482
vt 0.494170 2.556147
vt 0.516660 2.457055
vt -0.411077 0.204692
vt 1.291179 -0.020811
vt 0.530310 2.354421
vt -0.537098 0.267443
vt 0.030073 0.913223
vt 0.534886 2.250000
vt -0.653929 0.325618
vt 1.041308 -0.096491
vt -0.096491 2.100000
vt -0.759571 0.378222
vt -0.550526 0.889130
vt -0.084262 0.913223
vt 1.095308 0.101495
vt 1.005847 0.286188
vt 1.058008 0.301029
vt -0.852217 0.424353
vt 1.232541 0.007427
vt 0.026096 0.875302
vt -0.930281 0.463225
vt -0.140211 0.069817
vt 0.997522 -0.753293
vt 0.284399 2.650000
vt 0.716974 2.354421
vt 0.723161 2.250000
vt -0.582963 0.440233
vt 0.033378 1.000000
vt 0.032541 0.955496
vt -0.677140 0.511352
vt 0.020811 0.843634
vt 0.984680 0.490312
vt 0.936134 0.466139
vt 0.997522 0.753293
vt -0.759732 0.573722
vt 0.579075 0.935239
vt 0.704530 0.772832
vt 0.741065 0.812910
vt -0.829324 0.626276
vt -0.124995 0.094392
vt 0.463225 2.650000
vt 0.668114 2.556147
vt -0.247850 0.187168
vt 0.877819 0.662898
vt 0.698520 2.457055
vt -0.366466 0.276742
vt -0.478810 0.361581
vt 0.093523 1.000000
vt 0.091179 0.955496
vt 0.834542 0.630216
vt 0.084262 0.913223
vt 0.073120 0.875302
vt -0.641374 0.703554
vt -0.700125 0.768001
vt -0.105522 0.115752
vt 1.250884 0.040578
vt 1.226096 0.020811
vt 0.626276 2.650000
vt 0.819306 2.556147
vt -0.209238 0.229523
vt 0.856593 2.457055
vt -0.309375 0.339368
vt 0.058311 0.843634
vt 0.879224 2.354421
vt -0.404217 0.443405
vt 0.886810 2.250000
vt -0.492144 0.539856
vt -0.741065 0.812910
vt -0.571650 0.627070
vt 0.954244 -0.720611
vt -0.780888 2.457055
vt -0.583632 2.556147
vt -0.610193 2.457055
vt -0.163501 0.264063
vt -0.241748 0.390437
vt -0.626314 2.354421
vt -0.801519 2.354421
vt -0.315859 0.510130
vt 1.214482 0.030073
vt -0.808435 2.250000
vt -0.631719 2.250000
vt -0.384566 0.621095
vt 1.240578 0.084262
vt 1.228238 0.058637
vt 0.397366 1.025719
vt 0.192159 1.027962
vt 0.377775 0.975150
vt -0.446693 0.721433
vt -0.501176 0.809427
vt -0.547084 0.883572
vt -0.082456 0.133171
vt -0.700125 2.650000
vt -0.746896 2.556147
vt -0.263892 0.681184
vt -0.306524 0.791229
vt 1.273120 0.058311
vt 0.202124 1.081270
vt -0.343911 0.887736
vt -0.375413 0.969054
vt -0.056582 0.146054
vt 1.305661 0.913223
vt 1.291689 0.875302
vt -0.547084 2.650000
vt -0.400493 2.556147
vt -0.112195 0.289610
vt -0.418719 2.457055
vt -0.165889 0.428210
vt -0.429782 2.354421
vt -0.216745 0.559483
vt -0.433490 2.250000
vt -0.174934 0.935814
vt -0.190958 1.021536
vt -0.028781 0.153964
vt -0.375413 2.650000
vt -0.203715 2.556147
vt -0.057069 0.305295
vt -0.212986 2.457055
vt -0.084381 0.451401
vt -0.218613 2.354421
vt -0.110250 0.589784
vt -0.220500 2.250000
vt -0.134232 0.718076
vt 1.273120 0.843634
vt -0.155917 0.834080
vt -0.000000 1.045769
vt -0.190958 2.650000
vt 1.292398 2.246285
vt -0.026298 2.246285
vt -0.026298 2.246285
vt 1.200000 0.194611
vt 1.389732 0.043305
vt 1.200000 -0.194611
vt 0.073685 2.246285
vt 0.700125 2.650000
vt 0.768001 2.650000
vt 0.087842 2.737009
vt 1.306006 -0.220123
vt 0.043305 1.000000
vt 1.093994 0.220123
vt -0.768001 2.650000
vt 1.159422 0.084262
vt -0.033378 1.000000
vt 1.126880 -0.058311
vt -0.087842 2.737009
vt -0.093523 1.000000
vt 1.317275 1.000000
s 1
f 991/1/633 167/2/81 992/3/634
f 687/4/406 149/5/71 662/6/406
f 962/7/275 937/8/261 987/9/275
f 993/10/635 169/11/83 994/12/636
f 988/13/630 164/14/78 989/15/631
f 165/16/79 189/17/92 190/18/93
f 194/19/97 220/20/114 195/21/98
f 990/22/632 166/23/80 991/1/633
f 170/24/84 196/25/99 171/26/85
f 168/27/82 192/28/95 193/29/96
f 188/30/91 1/31/1 213/32/107
f 988/13/630 1/31/1 163/33/77
f 174/34/88 198/35/101 199/36/102
f 387/37/200 412/6/231 362/5/200
f 912/38/261 887/39/260 937/8/261
f 437/4/231 462/40/262 412/6/231
f 155/41/73 157/42/74 153/43/73
f 195/44/98 221/45/115 196/25/99
f 487/46/262 512/47/297 462/48/262
f 193/29/96 217/49/111 218/50/112
f 188/30/91 214/51/108 189/17/92
f 337/52/169 362/5/200 312/43/169
f 762/53/246 737/54/245 787/55/246
f 178/56/89 176/57/75 180/58/89
f 151/37/71 153/43/73 149/5/71
f 163/33/77 189/17/92 164/14/78
f 511/59/1 311/60/1 156/61/1
f 197/62/100 221/45/115 222/63/116
f 167/2/81 191/64/94 192/28/95
f 161/65/75 987/9/275 176/57/75
f 189/17/92 215/66/109 190/18/93
f 997/67/639 173/68/87 998/69/640
f 169/11/83 195/21/98 170/70/84
f 194/19/97 218/50/112 219/71/113
f 190/18/93 216/72/110 191/64/94
f 995/73/637 169/11/83 170/70/84
f 172/74/86 198/35/101 173/68/87
f 197/62/100 223/75/117 198/35/101
f 997/67/639 171/26/85 172/74/86
f 200/76/103 184/77/90 202/78/103
f 187/79/76 212/47/106 162/80/76
f 212/47/106 287/81/138 262/82/138
f 172/74/86 196/25/99 197/62/100
f 158/83/72 336/84/72 536/85/72
f 168/27/82 194/19/97 169/11/83
f 989/15/631 165/16/79 990/22/632
f 165/16/79 191/64/94 166/23/80
f 992/3/634 168/27/82 993/10/635
f 995/86/637 171/26/85 996/87/638
f 163/33/77 1/31/1 188/30/91
f 999/88/641 173/68/87 174/34/88
f 587/89/330 612/90/366 562/80/330
f 159/91/74 162/80/76 157/90/74
f 512/47/297 587/89/330 562/80/330
f 862/92/260 837/93/247 887/94/260
f 287/95/138 312/43/169 262/96/138
f 182/97/90 180/58/89 184/77/90
f 198/35/101 224/98/118 199/36/102
f 191/64/94 217/49/111 192/28/95
f 812/99/247 787/55/246 837/93/247
f 637/100/366 662/6/406 612/40/366
f 252/101/134 250/55/121 254/54/135
f 220/102/114 246/103/130 221/45/115
f 213/32/107 239/104/123 214/51/108
f 278/105/152 276/106/151 280/107/152
f 221/45/115 247/108/131 222/63/116
f 214/51/108 240/109/124 215/66/109
f 234/53/121 232/93/120 250/55/121
f 222/63/116 248/110/132 223/75/117
f 216/72/110 240/109/124 241/111/125
f 282/112/153 280/107/152 284/113/153
f 223/75/117 249/114/133 224/98/118
f 216/72/110 242/115/126 217/49/111
f 230/99/120 228/94/119 232/93/120
f 204/116/104 202/78/103 206/117/104
f 218/50/112 242/115/126 243/118/127
f 226/119/119 210/120/105 228/121/119
f 208/122/105 206/117/104 210/120/105
f 260/123/137 258/124/136 276/106/151
f 218/50/112 244/125/128 219/71/113
f 300/126/166 284/113/153 302/127/166
f 256/128/136 254/54/135 258/124/136
f 219/71/113 245/129/129 220/20/114
f 213/32/107 1/31/1 238/130/122
f 240/109/124 266/131/142 241/111/125
f 382/112/214 380/127/213 384/113/214
f 249/132/133 273/133/149 274/134/150
f 241/111/125 267/135/143 242/115/126
f 330/97/183 328/78/182 332/77/183
f 304/122/167 302/121/166 306/120/167
f 243/118/127 267/135/143 268/136/144
f 326/76/182 310/117/168 328/78/182
f 308/116/168 306/120/167 310/117/168
f 360/38/199 358/9/198 376/8/199
f 243/118/127 269/137/145 244/125/128
f 400/105/227 384/113/214 402/107/227
f 356/7/198 354/57/197 358/9/198
f 245/129/129 269/137/145 270/138/146
f 238/130/122 1/31/1 263/139/139
f 352/65/197 350/58/184 354/57/197
f 246/140/130 270/141/146 271/142/147
f 238/130/122 264/143/140 239/104/123
f 378/144/213 376/8/199 380/39/213
f 246/140/130 272/145/148 247/146/131
f 239/104/123 265/147/141 240/109/124
f 334/56/184 332/77/183 350/58/184
f 247/146/131 273/133/149 248/148/132
f 453/149/260 451/150/247 455/151/260
f 268/136/144 294/152/160 269/137/145
f 508/153/75 480/154/275 552/155/75
f 434/156/247 432/157/246 451/150/247
f 269/137/145 295/158/161 270/138/146
f 263/139/139 1/31/1 288/159/154
f 430/160/246 428/161/245 432/157/246
f 271/142/147 295/162/161 296/163/162
f 263/139/139 289/164/155 264/143/140
f 457/165/261 455/166/260 459/167/261
f 271/142/147 297/168/163 272/145/148
f 265/147/141 289/164/155 290/169/156
f 185/170/72 355/171/72 281/172/72
f 272/145/148 298/173/164 273/133/149
f 265/147/141 291/174/157 266/131/142
f 475/175/275 459/167/261 480/154/275
f 273/133/149 299/176/165 274/134/150
f 267/135/143 291/174/157 292/177/158
f 408/128/230 406/106/229 410/124/230
f 404/123/228 402/107/227 406/106/229
f 268/136/144 292/177/158 293/178/159
f 712/101/244 410/124/230 737/54/245
f 335/179/1 179/180/1 253/181/1
f 531/182/134 485/157/121 533/161/135
f 296/163/162 322/183/179 297/168/163
f 290/169/156 314/184/171 315/185/172
f 854/186/105 826/187/104 884/188/105
f 297/168/163 323/189/180 298/173/164
f 290/169/156 316/190/173 291/174/157
f 550/191/136 533/161/135 553/192/136
f 299/176/165 323/189/180 324/193/181
f 292/177/158 316/190/173 317/194/174
f 782/195/104 754/196/103 826/187/104
f 580/197/89 552/155/75 610/198/89
f 292/177/158 318/199/175 293/178/159
f 710/200/103 682/201/90 754/196/103
f 652/202/90 610/198/89 682/201/90
f 483/160/121 481/150/120 485/157/121
f 293/178/159 319/203/176 294/152/160
f 555/204/137 553/192/136 557/205/151
f 478/156/120 1010/151/119 481/150/120
f 295/158/161 319/203/176 320/206/177
f 288/159/154 1/31/1 313/207/170
f 926/208/119 884/188/105 1010/209/119
f 296/163/162 320/210/177 321/211/178
f 288/159/154 314/184/171 289/164/155
f 317/194/174 341/212/188 342/213/189
f 675/186/167 629/209/166 677/188/167
f 603/214/152 557/205/151 605/215/152
f 318/199/175 342/213/189 343/216/190
f 627/217/166 625/218/153 629/219/166
f 608/220/153 605/215/152 625/218/153
f 752/197/184 735/201/183 755/198/184
f 318/199/175 344/221/191 319/203/176
f 810/165/199 807/154/198 827/167/199
f 733/202/183 701/196/182 735/201/183
f 320/206/177 344/221/191 345/222/192
f 313/207/170 1/31/1 338/223/185
f 685/200/182 683/187/168 701/196/182
f 320/210/177 346/224/193 321/211/178
f 313/207/170 339/225/186 314/184/171
f 757/153/197 755/198/184 759/155/197
f 322/183/179 346/224/193 347/226/194
f 314/184/171 340/227/187 315/185/172
f 680/195/168 677/188/167 683/187/168
f 322/183/179 348/228/195 323/189/180
f 315/185/172 341/212/188 316/190/173
f 805/175/198 759/155/197 807/154/198
f 323/189/180 349/229/196 324/193/181
f 935/191/230 903/205/229 951/192/230
f 345/230/192 369/231/207 370/232/208
f 338/223/185 1/31/1 363/233/201
f 426/182/244 951/192/230 428/161/245
f 346/224/193 370/232/208 371/234/209
f 339/225/186 363/233/201 364/235/202
f 1008/236/62 953/237/607 125/238/62
f 346/224/193 372/239/210 347/226/194
f 340/227/187 364/235/202 365/240/203
f 431/241/1 556/242/1 753/243/1
f 347/226/194 373/244/211 348/228/195
f 340/227/187 366/245/204 341/212/188
f 1007/246/607 954/61/608 953/237/607
f 348/228/195 374/247/212 349/229/196
f 342/213/189 366/245/204 367/248/205
f 901/204/228 885/215/227 903/205/229
f 829/249/213 827/167/199 831/166/213
f 343/216/190 367/248/205 368/250/206
f 882/214/227 879/218/214 885/215/227
f 877/220/214 831/219/213 879/218/214
f 880/251/72 530/252/72 579/253/72
f 343/216/190 369/254/207 344/221/191
f 982/255/627 955/256/63 1002/60/627
f 976/257/608 123/258/60 954/61/608
f 372/239/210 398/259/225 373/244/211
f 365/240/203 391/260/218 366/245/204
f 982/255/627 1001/261/628 983/262/628
f 373/244/211 399/263/226 374/247/212
f 367/248/205 391/260/218 392/264/219
f 958/43/611 137/265/67 959/5/67
f 956/266/609 1005/83/610 957/267/610
f 368/250/206 392/264/219 393/268/220
f 957/267/610 138/269/68 958/270/611
f 1004/271/64 978/272/625 127/273/64
f 983/262/628 984/274/57 120/275/57
f 368/250/206 394/276/221 369/254/207
f 1003/277/625 979/84/626 978/272/625
f 119/278/56 981/279/55 980/59/56
f 370/280/208 394/276/221 395/281/222
f 363/233/201 1/31/1 388/282/215
f 960/43/612 977/265/61 979/283/626
f 371/234/209 395/284/222 396/285/223
f 363/233/201 389/286/216 364/235/202
f 121/287/58 985/288/629 122/289/59
f 371/234/209 397/290/224 372/239/210
f 365/240/203 389/286/216 390/291/217
f 393/268/220 417/292/236 418/293/237
f 111/294/48 130/295/51 114/296/51
f 956/80/609 127/297/64 1006/298/609
f 119/278/56 135/299/49 112/300/49
f 393/268/220 419/301/238 394/276/221
f 118/302/55 984/274/57 981/279/55
f 117/80/54 128/303/52 115/47/52
f 395/281/222 419/301/238 420/304/239
f 388/282/215 1/31/1 413/305/232
f 132/6/65 137/265/67 136/306/66
f 396/285/223 420/307/239 421/308/240
f 389/286/216 413/305/232 414/309/233
f 115/310/52 1000/311/58 121/287/58
f 396/285/223 422/312/241 397/290/224
f 390/291/217 414/309/233 415/313/234
f 113/314/50 135/299/49 134/315/50
f 397/290/224 423/316/242 398/259/225
f 391/260/218 415/313/234 416/317/235
f 122/6/59 977/265/61 124/5/61
f 398/259/225 424/318/243 399/263/226
f 392/264/219 416/317/235 417/292/236
f 116/319/53 136/320/66 133/321/53
f 1008/236/62 955/256/63 126/322/63
f 97/323/12 108/324/13 91/325/13
f 420/307/239 446/326/256 421/308/240
f 414/309/233 438/327/248 439/328/249
f 92/329/46 98/330/47 100/331/46
f 421/308/240 447/332/257 422/312/241
f 415/313/234 439/328/249 440/333/250
f 90/334/6 106/324/7 93/325/7
f 423/316/242 447/332/257 448/335/258
f 415/313/234 441/336/251 416/317/235
f 96/329/17 104/337/18 110/331/17
f 423/316/242 449/338/259 424/318/243
f 417/292/236 441/336/251 442/339/252
f 91/325/13 105/340/4 89/334/4
f 117/341/54 133/321/53 129/342/54
f 418/293/237 442/339/252 443/343/253
f 111/294/48 134/315/50 131/344/48
f 114/296/51 123/258/60 975/345/60
f 96/329/17 109/330/12 97/323/12
f 418/293/237 444/346/254 419/301/238
f 92/329/46 99/347/41 77/348/41
f 94/323/47 106/324/7 98/330/47
f 420/304/239 444/346/254 445/349/255
f 413/305/232 1/31/1 438/327/248
f 63/77/35 67/350/36 66/351/35
f 449/338/259 473/352/273 474/353/274
f 442/339/252 466/354/266 467/355/267
f 78/356/38 82/357/39 75/358/39
f 79/356/42 104/337/18 95/348/18
f 442/339/252 468/359/268 443/343/253
f 79/356/42 103/357/43 102/360/42
f 78/356/38 99/347/41 74/360/38
f 64/361/36 81/362/40 67/180/36
f 443/343/253 469/363/269 444/346/254
f 65/364/37 88/365/32 87/170/37
f 83/361/44 101/362/45 84/366/45
f 445/349/255 469/363/269 470/367/270
f 438/327/248 1/31/1 463/368/263
f 75/358/39 81/362/40 76/366/40
f 445/369/255 471/370/271 446/326/256
f 438/327/248 464/371/264 439/328/249
f 65/97/37 85/372/44 83/56/44
f 446/326/256 472/373/272 447/332/257
f 439/328/249 465/374/265 440/333/250
f 80/358/43 101/362/45 103/357/43
f 447/332/257 473/352/273 448/335/258
f 440/333/250 466/354/266 441/336/251
f 468/359/268 494/375/282 469/363/269
f 47/376/15 54/377/14 32/378/14
f 51/379/3 49/380/28 48/381/3
f 470/367/270 494/375/282 495/382/283
f 463/368/263 1/31/1 488/383/276
f 53/379/30 71/380/27 46/384/27
f 470/385/270 496/386/284 471/103/271
f 463/368/263 489/387/277 464/371/264
f 47/376/15 48/381/3 55/388/15
f 472/108/272 496/386/284 497/63/285
f 465/374/265 489/387/277 490/389/278
f 50/384/28 61/390/33 49/380/28
f 472/108/272 498/391/286 473/392/273
f 465/374/265 491/393/279 466/354/266
f 52/376/29 70/377/26 73/388/29
f 473/392/273 499/394/287 474/395/274
f 467/355/267 491/393/279 492/396/280
f 46/384/27 86/390/31 59/397/31
f 63/364/35 62/365/34 68/398/34
f 468/359/268 492/396/280 493/399/281
f 69/397/33 62/365/34 61/390/33
f 59/397/31 88/365/32 60/398/32
f 52/376/29 72/400/30 53/379/30
f 1075/401/44 1045/253/45 1048/402/45
f 497/63/285 521/403/306 522/62/307
f 489/387/277 515/404/300 490/389/278
f 37/405/25 58/406/22 34/407/22
f 497/63/285 523/408/308 498/391/286
f 490/389/278 516/409/301 491/393/279
f 505/410/293 927/411/588 506/412/294
f 498/391/286 524/413/309 499/394/287
f 492/396/280 516/409/301 517/414/302
f 33/415/19 29/406/21 30/407/21
f 45/378/26 57/181/23 70/377/26
f 492/396/280 518/416/303 493/399/281
f 35/415/23 58/406/22 57/181/23
f 32/378/14 27/181/19 33/415/19
f 14/417/10 28/418/20 13/172/10
f 493/399/281 519/419/304 494/375/282
f 1037/420/43 1045/253/45 1036/421/43
f 36/417/24 56/418/25 37/405/25
f 495/382/283 519/419/304 520/422/305
f 488/383/276 1/31/1 513/423/298
f 30/407/21 28/418/20 31/405/20
f 495/424/283 521/403/306 496/386/284
f 488/383/276 514/425/299 489/387/277
f 505/410/293 929/426/590 928/427/589
f 501/428/289 933/265/594 932/429/593
f 518/416/303 542/430/319 543/431/320
f 1041/420/39 1052/253/40 1054/402/40
f 1088/202/37 1066/432/44 1075/197/44
f 502/433/290 930/434/591 503/435/291
f 518/416/303 544/436/321 519/419/304
f 504/437/292 930/434/591 929/438/590
f 450/439/72 506/412/294 927/411/588
f 520/422/305 544/436/321 545/440/322
f 513/423/298 1/31/1 538/441/315
f 11/442/9 13/172/10 10/443/9
f 520/44/305 546/444/323 521/403/306
f 513/423/298 539/445/316 514/425/299
f 1029/446/645 1027/171/646 1028/447/646
f 522/62/307 546/444/323 547/448/324
f 515/404/300 539/445/316 540/449/317
f 501/428/289 931/450/592 502/433/290
f 522/62/307 548/451/325 523/408/308
f 515/404/300 541/452/318 516/409/301
f 1037/420/43 1030/453/42 1031/454/42
f 524/413/309 548/451/325 549/455/326
f 516/409/301 542/430/319 517/414/302
f 545/440/322 569/456/337 570/457/338
f 538/441/315 1/31/1 563/458/331
f 1035/454/38 1024/459/41 1033/453/38
f 545/24/322 571/460/339 546/444/323
f 538/441/315 564/461/332 539/445/316
f 528/462/313 502/433/290 527/463/312
f 547/448/324 571/460/339 572/464/340
f 540/449/317 564/461/332 565/465/333
f 1035/454/38 1038/421/39 1041/420/39
f 547/448/324 573/466/341 548/451/325
f 540/449/317 566/467/334 541/452/318
f 527/463/312 503/435/291 526/468/311
f 549/455/326 573/466/341 574/469/342
f 542/430/319 566/467/334 567/470/335
f 1082/401/36 1052/253/40 1077/471/36
f 526/468/311 504/437/292 525/472/310
f 542/430/319 568/473/336 543/431/320
f 1051/474/649 105/340/4 1050/475/649
f 509/476/295 505/410/293 506/412/294
f 525/477/310 505/410/293 510/478/296
f 543/431/320 569/456/337 544/436/321
f 450/439/72 509/476/295 506/412/294
f 1082/198/36 1093/479/35 1097/201/35
f 17/480/13 41/481/4 5/482/4
f 572/464/340 598/483/362 573/466/341
f 565/465/333 591/484/355 566/467/334
f 1088/485/37 1107/486/32 1085/487/37
f 574/469/342 598/483/362 599/488/363
f 567/470/335 591/484/355 592/489/356
f 147/490/69 1027/171/646 1022/179/69
f 1060/490/650 21/171/2 2/447/2
f 567/470/335 593/491/357 568/473/336
f 529/492/314 501/428/289 528/462/313
f 15/442/11 44/493/5 43/443/11
f 576/494/344 526/495/311 525/496/310
f 568/473/336 594/497/358 569/456/337
f 576/498/344 510/478/296 577/499/345
f 1097/485/35 1095/486/34 1126/500/34
f 570/457/338 594/497/358 595/501/359
f 563/458/331 1/31/1 588/502/352
f 1128/503/31 1107/486/32 1106/500/32
f 570/504/338 596/505/360 571/460/339
f 563/458/331 589/506/353 564/461/332
f 1141/503/33 1095/486/34 1135/507/33
f 571/460/339 597/508/361 572/464/340
f 564/461/332 590/509/354 565/465/333
f 560/510/329 526/495/311 575/511/343
f 450/439/72 578/512/346 509/476/295
f 11/442/9 9/513/8 12/514/8
f 593/491/357 619/515/373 594/497/358
f 450/439/72 581/516/347 578/512/346
f 600/517/364 558/518/327 559/519/328
f 595/501/359 619/515/373 620/520/374
f 588/502/352 1/31/1 613/521/367
f 1055/522/648 1015/475/642 1016/474/642
f 595/523/359 621/524/375 596/505/360
f 588/502/352 614/525/368 589/506/353
f 1128/503/31 1142/526/27 1127/507/31
f 597/508/361 621/524/375 622/527/376
f 589/506/353 615/528/369 590/509/354
f 559/519/328 527/529/312 560/510/329
f 597/508/361 623/530/377 598/483/362
f 590/509/354 616/531/370 591/484/355
f 1141/503/33 1150/526/28 1158/532/28
f 599/488/363 623/530/377 624/533/378
f 592/489/356 616/531/370 617/534/371
f 578/512/346 510/478/296 509/476/295
f 559/519/328 529/535/314 528/536/313
f 593/491/357 617/534/371 618/537/372
f 620/538/374 646/539/393 621/524/375
f 614/525/368 638/540/385 639/541/386
f 1060/58/650 1058/351/643 1059/350/650
f 622/527/376 646/539/393 647/542/394
f 614/525/368 640/543/387 615/528/369
f 1158/532/28 3/544/3 4/545/3
f 622/527/376 648/546/395 623/530/377
f 615/528/369 641/547/388 616/531/370
f 635/548/384 581/516/347 650/549/397
f 624/533/378 648/546/395 649/550/396
f 616/531/370 642/551/389 617/534/371
f 584/552/350 576/494/344 583/553/349
f 585/554/351 559/519/328 560/510/329
f 618/537/372 642/551/389 643/555/390
f 582/556/348 578/512/346 581/516/347
f 1146/532/27 1161/544/30 1142/526/27
f 583/557/349 577/499/345 582/556/348
f 618/537/372 644/558/391 619/515/373
f 147/56/69 1023/559/70 148/97/70
f 1063/522/653 1050/475/649 1067/560/653
f 620/520/374 644/558/391 645/561/392
f 613/521/367 1/31/1 638/540/385
f 585/554/351 575/511/343 584/552/350
f 635/548/384 583/557/349 582/556/348
f 649/550/396 673/562/417 674/563/418
f 641/547/388 667/564/411 642/551/389
f 450/439/72 650/549/397 581/516/347
f 23/565/15 18/252/14 24/566/14
f 643/555/390 667/564/411 668/567/412
f 146/565/29 1020/252/26 1021/568/29
f 630/569/379 600/517/364 631/570/380
f 4/545/3 19/568/15 23/565/15
f 643/555/390 669/571/413 644/558/391
f 146/565/29 1161/544/30 1047/545/30
f 633/572/382 585/554/351 584/552/350
f 645/561/392 669/571/413 670/573/414
f 638/540/385 1/31/1 663/574/407
f 7/482/6 38/575/7 8/480/7
f 645/576/392 671/577/415 646/539/393
f 638/540/385 664/578/408 639/541/386
f 632/579/381 600/517/364 585/554/351
f 647/542/394 671/577/415 672/580/416
f 639/541/386 665/581/409 640/543/387
f 145/566/26 1034/582/23 1020/252/26
f 647/542/394 673/562/417 648/546/395
f 640/543/387 666/583/410 641/547/388
f 1056/584/647 1040/560/648 1055/522/648
f 657/585/402 631/462/380 632/463/381
f 670/573/414 694/586/425 695/587/426
f 663/574/407 1/31/1 688/588/419
f 654/589/399 650/549/397 653/590/398
f 670/591/414 696/592/427 671/593/415
f 663/574/407 689/594/420 664/578/408
f 657/585/402 633/468/382 656/435/401
f 672/373/416 696/592/427 697/595/428
f 665/581/409 689/594/420 690/596/421
f 655/597/400 635/548/384 654/589/399
f 672/373/416 698/598/429 673/599/417
f 666/583/410 690/596/421 691/600/422
f 450/439/72 653/590/398 650/549/397
f 674/601/418 698/598/429 699/602/430
f 667/564/411 691/600/422 692/603/423
f 1014/604/25 1046/605/22 1013/606/22
f 634/607/383 584/552/350 583/553/349
f 668/567/412 692/603/423 693/608/424
f 1013/606/22 1034/582/23 1017/609/23
f 659/610/404 631/462/380 658/428/403
f 16/611/12 42/575/13 17/480/13
f 668/567/412 694/586/425 669/571/413
f 697/595/428 721/612/446 722/613/447
f 690/596/421 714/614/439 715/615/440
f 143/611/47 38/575/7 142/241/47
f 697/595/428 723/616/448 698/598/429
f 690/596/421 716/617/441 691/600/422
f 706/438/435 656/435/401 655/437/400
f 699/602/430 723/616/448 724/618/449
f 691/600/422 717/619/442 692/603/423
f 1018/620/643 1057/621/644 1058/622/643
f 24/566/14 1032/582/19 1043/609/19
f 693/608/424 717/619/442 718/623/443
f 1043/609/19 1044/624/21 1042/606/21
f 655/437/400 633/468/382 634/472/383
f 1042/606/21 1069/242/20 1072/604/20
f 693/608/424 719/625/444 694/586/425
f 148/620/70 1061/621/651 1078/626/651
f 703/429/432 657/585/402 704/450/433
f 695/587/426 719/625/444 720/627/445
f 688/588/419 1/31/1 713/628/438
f 704/450/433 656/435/401 705/434/434
f 695/629/426 721/612/446 696/592/427
f 688/588/419 714/614/439 689/594/420
f 702/265/431 658/428/403 703/429/432
f 707/630/436 653/590/398 708/631/437
f 450/439/72 708/631/437 653/590/398
f 718/623/443 742/632/461 743/633/462
f 1062/584/652 1067/560/653 1068/634/652
f 706/635/435 654/589/399 707/630/436
f 1076/636/11 1081/637/5 1083/638/11
f 718/623/443 744/639/463 719/625/444
f 1064/636/9 1070/640/10 1084/638/9
f 1053/641/24 1049/242/25 1014/604/25
f 720/627/445 744/639/463 745/642/464
f 713/628/438 1/31/1 738/643/457
f 1065/641/10 1069/242/20 1070/640/10
f 720/644/445 746/645/465 721/612/446
f 713/628/438 739/646/458 714/614/439
f 731/647/456 703/429/432 730/648/455
f 721/612/446 747/649/466 722/613/447
f 714/614/439 740/650/459 715/615/440
f 1076/636/11 1071/640/24 1053/641/24
f 722/613/447 748/651/467 723/616/448
f 715/615/440 741/652/460 716/617/441
f 1105/653/656 1086/637/8 1087/654/656
f 724/618/449 748/651/467 749/655/468
f 717/619/442 741/652/460 742/632/461
f 738/643/457 1/31/1 763/656/470
f 1074/653/654 1081/637/5 1073/657/5
f 745/658/464 771/659/478 746/645/465
f 739/646/458 763/656/470 764/660/471
f 726/661/451 708/631/437 725/662/450
f 746/645/465 772/663/479 747/649/466
f 740/650/459 764/660/471 765/664/472
f 727/665/452 707/630/436 726/661/451
f 747/649/466 773/666/480 748/651/467
f 740/650/459 766/667/473 741/652/460
f 450/439/72 725/662/450 708/631/437
f 749/655/468 773/666/480 774/668/481
f 742/632/461 766/667/473 767/669/474
f 1064/636/9 1086/637/8 1089/657/8
f 727/670/452 705/434/434 706/438/435
f 743/633/462 767/669/474 768/671/475
f 1056/584/647 1094/672/655 1039/634/647
f 729/673/454 703/429/432 704/450/433
f 729/673/454 705/434/434 728/674/453
f 743/633/462 769/675/476 744/639/463
f 776/676/483 728/674/453 777/677/484
f 139/446/16 21/171/2 20/678/16
f 745/642/464 769/675/476 770/679/477
f 772/663/479 798/680/501 773/666/480
f 765/664/472 791/681/494 766/667/473
f 1090/682/657 1116/683/651 1099/684/657
f 774/668/481 798/680/501 799/685/502
f 767/669/474 791/681/494 792/686/495
f 776/676/483 730/648/455 729/673/454
f 1100/687/658 1057/621/644 1019/626/644
f 768/671/475 792/686/495 793/688/496
f 450/439/72 780/689/487 725/662/450
f 140/690/17 22/241/12 16/611/12
f 778/691/485 726/661/451 779/692/486
f 768/671/475 794/693/497 769/675/476
f 1062/584/652 1104/694/659 1092/695/659
f 780/689/487 726/661/451 725/662/450
f 770/696/477 794/697/497 795/698/498
f 763/656/470 1/31/1 788/699/491
f 760/700/469 730/648/455 775/701/482
f 770/696/477 796/702/499 771/659/478
f 764/660/471 788/699/491 789/703/492
f 1105/653/656 1103/684/658 1113/682/658
f 772/663/479 796/702/499 797/704/500
f 765/664/472 789/703/492 790/705/493
f 1090/682/657 1080/654/654 1074/653/654
f 785/706/490 777/707/484 778/708/485
f 1113/682/658 1114/683/644 1109/709/644
f 1111/687/657 1061/621/651 1110/710/657
f 793/688/496 819/711/513 794/693/497
f 1079/695/655 1119/712/661 1094/672/655
f 783/713/488 779/692/486 780/689/487
f 795/714/498 819/711/513 820/715/514
f 788/699/491 1/31/1 813/716/507
f 450/439/72 783/713/488 780/689/487
f 795/698/498 821/717/515 796/702/499
f 788/699/491 814/718/508 789/703/492
f 1108/201/643 1120/719/650 1129/198/650
f 796/702/499 822/720/516 797/704/500
f 790/705/493 814/718/508 815/721/509
f 1101/722/70 1116/683/651 1098/709/651
f 797/704/500 823/723/517 798/680/501
f 790/705/493 816/724/510 791/681/494
f 803/725/506 775/726/482 802/727/505
f 798/680/501 824/728/518 799/685/502
f 792/686/495 816/724/510 817/729/511
f 801/730/504 777/707/484 800/731/503
f 778/732/485 728/674/453 727/670/452
f 793/688/496 817/729/511 818/733/512
f 813/716/507 839/734/524 814/718/508
f 850/735/535 784/736/489 851/737/536
f 822/720/516 846/738/531 847/739/532
f 814/718/508 840/740/525 815/721/509
f 785/741/490 779/692/486 784/736/489
f 822/720/516 848/742/533 823/723/517
f 815/721/509 841/743/526 816/724/510
f 834/744/521 802/727/505 801/730/504
f 824/728/518 848/742/533 849/745/534
f 816/724/510 842/746/527 817/729/511
f 1108/722/643 1114/683/644 1118/747/643
f 1112/197/69 1115/748/70 1101/202/70
f 818/733/512 842/746/527 843/749/528
f 144/690/46 142/241/47 141/750/46
f 801/730/504 775/726/482 776/751/483
f 1129/752/650 1121/753/2 1130/754/2
f 818/733/512 844/755/529 819/711/513
f 450/439/72 852/756/537 783/713/488
f 834/744/521 800/731/503 835/757/522
f 820/715/514 844/755/529 845/758/530
f 813/716/507 1/31/1 838/759/523
f 1122/760/656 1091/710/658 1100/687/658
f 820/761/514 846/738/531 821/717/515
f 849/745/534 873/762/554 874/763/555
f 841/743/526 867/764/548 842/746/527
f 832/765/519 802/727/505 833/766/520
f 1112/752/69 1124/753/646 1117/243/69
f 843/749/528 867/764/548 868/767/549
f 850/768/535 800/731/503 785/706/490
f 1137/769/16 1121/753/2 1143/770/16
f 1092/695/659 1138/712/660 1096/771/660
f 843/749/528 869/772/550 844/755/529
f 1154/773/652 1133/774/659 1153/775/659
f 1132/769/645 1124/753/646 1131/754/646
f 845/758/530 869/772/550 870/776/551
f 838/759/523 1/31/1 863/777/544
f 852/756/537 784/736/489 783/713/488
f 845/778/530 871/779/552 846/738/531
f 839/734/524 863/777/544 864/780/545
f 1149/781/661 1140/774/655 1145/775/655
f 847/739/532 871/779/552 872/782/553
f 839/734/524 865/783/546 840/740/525
f 140/690/17 26/459/18 25/750/17
f 847/739/532 873/762/554 848/742/533
f 840/740/525 866/784/547 841/743/526
f 875/785/556 833/766/520 860/786/543
f 1137/769/16 1139/787/661 1149/781/661
f 859/788/542 835/757/522 858/789/541
f 870/776/551 894/790/563 895/791/564
f 863/777/544 1/31/1 888/792/557
f 856/793/539 852/756/537 855/794/538
f 870/795/551 896/796/565 871/779/552
f 864/780/545 888/792/557 889/797/558
f 1136/781/660 1133/774/659 1134/787/660
f 871/779/552 897/798/566 872/782/553
f 864/780/545 890/799/559 865/783/546
f 857/800/540 835/757/522 850/768/535
f 872/782/553 898/801/567 873/762/554
f 865/783/546 891/802/560 866/784/547
f 860/786/543 834/744/521 859/788/542
f 874/763/555 898/801/567 899/803/568
f 866/784/547 892/804/561 867/764/548
f 450/439/72 855/794/538 852/756/537
f 144/690/46 1024/459/41 1025/805/41
f 868/767/549 892/804/561 893/806/562
f 856/793/539 850/735/535 851/737/536
f 1155/760/654 1110/710/657 1151/807/654
f 1132/769/645 1134/787/660 1123/770/645
f 868/767/549 894/790/563 869/772/550
f 897/808/566 921/809/584 922/810/585
f 890/799/559 914/811/577 915/812/578
f 904/647/569 860/701/543 905/648/570
f 897/808/566 923/813/586 898/814/567
f 890/799/559 916/815/579 891/802/560
f 450/439/72 927/411/588 910/816/575
f 899/817/568 923/813/586 924/818/587
f 891/802/560 917/819/580 892/804/561
f 928/427/589 908/820/573 909/821/574
f 1159/822/653 1156/823/649 1157/824/653
f 893/806/562 917/819/580 918/825/581
f 893/806/562 919/826/582 894/790/563
f 1122/760/656 9/513/8 1102/807/656
f 932/429/593 906/673/571 931/450/592
f 895/791/564 919/826/582 920/827/583
f 888/792/557 1/31/1 913/828/576
f 895/829/564 921/809/584 896/830/565
f 888/792/557 914/811/577 889/797/558
f 918/825/581 942/831/599 943/832/600
f 909/821/574 857/833/540 856/793/539
f 5/482/4 1156/823/649 1162/834/649
f 1031/454/42 26/459/18 1012/805/18
f 918/825/581 944/835/601 919/826/582
f 928/427/589 910/816/575 927/411/588
f 920/827/583 944/835/601 945/836/602
f 913/828/576 1/31/1 938/837/595
f 907/674/572 859/838/542 858/839/541
f 920/840/583 946/841/603 921/809/584
f 914/811/577 938/837/595 939/842/596
f 1144/773/647 1148/824/648 1160/822/648
f 921/809/584 947/843/604 922/810/585
f 914/811/577 940/844/597 915/812/578
f 930/434/591 908/670/573 929/438/590
f 922/810/585 948/845/605 923/813/586
f 915/812/578 941/846/598 916/815/579
f 924/818/587 948/845/605 949/847/606
f 916/815/579 942/831/599 917/819/580
f 945/836/602 969/848/619 970/849/620
f 938/837/595 1/31/1 963/850/613
f 1096/771/660 1026/678/645 1029/446/645
f 945/851/602 971/852/621 946/841/603
f 938/837/595 964/853/614 939/842/596
f 1160/822/648 1164/823/642 1163/834/642
f 946/841/603 972/854/622 947/843/604
f 940/844/597 964/853/614 965/855/615
f 947/843/604 973/856/623 948/845/605
f 940/844/597 966/857/616 941/846/598
f 910/816/575 856/793/539 855/794/538
f 949/847/606 973/856/623 974/858/624
f 941/846/598 967/859/617 942/831/599
f 907/674/572 857/860/540 908/670/573
f 1016/474/642 107/340/6 90/334/6
f 943/832/600 967/859/617 968/861/618
f 15/442/11 40/172/24 36/417/24
f 943/832/600 969/848/619 944/835/601
f 450/439/72 910/816/575 855/794/538
f 1145/775/655 1147/251/647 1144/773/647
f 972/854/622 998/69/640 973/856/623
f 965/855/615 991/1/633 966/857/616
f 1155/760/654 44/493/5 6/514/5
f 974/858/624 998/69/640 999/88/641
f 966/857/616 992/3/634 967/859/617
f 930/434/591 906/673/571 907/674/572
f 933/265/594 905/648/570 932/429/593
f 968/861/618 992/3/634 993/10/635
f 1154/773/652 1157/824/653 1152/251/652
f 1125/771/661 20/678/16 1119/712/661
f 968/861/618 994/12/636 969/848/619
f 906/673/571 860/701/543 859/838/542
f 1163/834/642 39/862/6 7/482/6
f 970/849/620 994/12/636 995/73/637
f 963/850/613 1/31/1 988/13/630
f 970/863/620 996/87/638 971/852/621
f 963/850/613 989/15/631 964/853/614
f 971/852/621 997/67/639 972/854/622
f 965/855/615 989/15/631 990/22/632
f 991/1/633 166/23/80 167/2/81
f 687/4/406 151/37/71 149/5/71
f 962/7/275 912/38/261 937/8/261
f 993/10/635 168/27/82 169/11/83
f 988/13/630 163/33/77 164/14/78
f 165/16/79 164/14/78 189/17/92
f 194/19/97 219/71/113 220/20/114
f 990/22/632 165/16/79 166/23/80
f 170/24/84 195/44/98 196/25/99
f 168/27/82 167/2/81 192/28/95
f 174/34/88 173/68/87 198/35/101
f 387/37/200 437/4/231 412/6/231
f 912/38/261 862/144/260 887/39/260
f 437/4/231 487/100/262 462/40/262
f 155/41/73 159/864/74 157/42/74
f 195/44/98 220/102/114 221/45/115
f 487/46/262 537/865/297 512/47/297
f 193/29/96 192/28/95 217/49/111
f 188/30/91 213/32/107 214/51/108
f 337/52/169 387/37/200 362/5/200
f 762/53/246 712/101/244 737/54/245
f 178/56/89 161/65/75 176/57/75
f 151/37/71 155/41/73 153/43/73
f 163/33/77 188/30/91 189/17/92
f 711/295/1 661/344/405 611/315/1
f 611/315/1 561/299/1 511/59/1
f 511/59/1 461/279/1 411/274/1
f 411/274/1 361/261/1 311/60/1
f 311/60/1 261/256/1 211/238/1
f 211/238/1 160/237/1 156/61/1
f 156/61/1 152/258/1 711/295/1
f 711/295/1 611/315/1 511/59/1
f 511/59/1 411/274/1 311/60/1
f 311/60/1 211/238/1 156/61/1
f 156/61/1 711/295/1 511/59/1
f 197/62/100 196/25/99 221/45/115
f 167/2/81 166/23/80 191/64/94
f 161/65/75 962/7/275 987/9/275
f 189/17/92 214/51/108 215/66/109
f 997/67/639 172/74/86 173/68/87
f 169/11/83 194/19/97 195/21/98
f 194/19/97 193/29/96 218/50/112
f 190/18/93 215/66/109 216/72/110
f 995/73/637 994/12/636 169/11/83
f 172/74/86 197/62/100 198/35/101
f 197/62/100 222/63/116 223/75/117
f 997/67/639 996/87/638 171/26/85
f 200/76/103 182/97/90 184/77/90
f 187/79/76 237/866/106 212/47/106
f 212/47/106 237/866/106 287/81/138
f 172/74/86 171/26/85 196/25/99
f 636/321/72 686/320/72 150/867/72
f 150/867/72 154/269/72 158/83/72
f 158/83/72 186/868/72 236/273/72
f 236/273/72 286/272/72 336/84/72
f 336/84/72 386/869/72 436/288/72
f 436/288/72 486/311/72 536/85/72
f 536/85/72 586/342/72 636/321/72
f 636/321/72 150/867/72 158/83/72
f 158/83/72 236/273/72 336/84/72
f 336/84/72 436/288/72 536/85/72
f 536/85/72 636/321/72 158/83/72
f 168/27/82 193/29/96 194/19/97
f 989/15/631 164/14/78 165/16/79
f 165/16/79 190/18/93 191/64/94
f 992/3/634 167/2/81 168/27/82
f 995/86/637 170/24/84 171/26/85
f 999/88/641 998/69/640 173/68/87
f 587/89/330 637/870/366 612/90/366
f 159/91/74 187/79/76 162/80/76
f 512/47/297 537/865/297 587/89/330
f 862/92/260 812/99/247 837/93/247
f 287/95/138 337/52/169 312/43/169
f 182/97/90 178/56/89 180/58/89
f 198/35/101 223/75/117 224/98/118
f 191/64/94 216/72/110 217/49/111
f 812/99/247 762/53/246 787/55/246
f 637/100/366 687/4/406 662/6/406
f 252/101/134 234/53/121 250/55/121
f 220/102/114 245/871/129 246/103/130
f 213/32/107 238/130/122 239/104/123
f 278/105/152 260/123/137 276/106/151
f 221/45/115 246/103/130 247/108/131
f 214/51/108 239/104/123 240/109/124
f 234/53/121 230/99/120 232/93/120
f 222/63/116 247/108/131 248/110/132
f 216/72/110 215/66/109 240/109/124
f 282/112/153 278/105/152 280/107/152
f 223/75/117 248/110/132 249/114/133
f 216/72/110 241/111/125 242/115/126
f 230/99/120 226/92/119 228/94/119
f 204/116/104 200/76/103 202/78/103
f 218/50/112 217/49/111 242/115/126
f 226/119/119 208/122/105 210/120/105
f 208/122/105 204/116/104 206/117/104
f 260/123/137 256/128/136 258/124/136
f 218/50/112 243/118/127 244/125/128
f 300/126/166 282/112/153 284/113/153
f 256/128/136 252/101/134 254/54/135
f 219/71/113 244/125/128 245/129/129
f 240/109/124 265/147/141 266/131/142
f 382/112/214 378/126/213 380/127/213
f 249/132/133 248/148/132 273/133/149
f 241/111/125 266/131/142 267/135/143
f 330/97/183 326/76/182 328/78/182
f 304/122/167 300/119/166 302/121/166
f 243/118/127 242/115/126 267/135/143
f 326/76/182 308/116/168 310/117/168
f 308/116/168 304/122/167 306/120/167
f 360/38/199 356/7/198 358/9/198
f 243/118/127 268/136/144 269/137/145
f 400/105/227 382/112/214 384/113/214
f 356/7/198 352/65/197 354/57/197
f 245/129/129 244/125/128 269/137/145
f 352/65/197 334/56/184 350/58/184
f 246/140/130 245/872/129 270/141/146
f 238/130/122 263/139/139 264/143/140
f 378/144/213 360/38/199 376/8/199
f 246/140/130 271/142/147 272/145/148
f 239/104/123 264/143/140 265/147/141
f 334/56/184 330/97/183 332/77/183
f 247/146/131 272/145/148 273/133/149
f 453/149/260 434/156/247 451/150/247
f 268/136/144 293/178/159 294/152/160
f 508/153/75 475/175/275 480/154/275
f 434/156/247 430/160/246 432/157/246
f 269/137/145 294/152/160 295/158/161
f 430/160/246 426/182/244 428/161/245
f 271/142/147 270/141/146 295/162/161
f 263/139/139 288/159/154 289/164/155
f 457/165/261 453/249/260 455/166/260
f 271/142/147 296/163/162 297/168/163
f 265/147/141 264/143/140 289/164/155
f 229/381/72 225/380/72 207/390/72
f 207/390/72 203/365/72 185/170/72
f 185/170/72 181/180/72 177/362/72
f 177/362/72 1011/357/72 961/360/72
f 961/360/72 911/347/72 861/331/72
f 861/331/72 811/330/72 761/324/72
f 761/324/72 425/340/72 407/475/72
f 407/475/72 403/560/72 385/634/72
f 385/634/72 381/672/72 377/712/72
f 377/712/72 359/678/72 355/171/72
f 355/171/72 351/179/72 333/622/72
f 333/622/72 329/621/72 325/710/72
f 325/710/72 307/807/72 303/513/72
f 303/513/72 285/443/72 281/172/72
f 281/172/72 277/418/72 259/406/72
f 259/406/72 255/181/72 251/377/72
f 251/377/72 233/388/72 229/381/72
f 229/381/72 207/390/72 185/170/72
f 185/170/72 177/362/72 961/360/72
f 961/360/72 861/331/72 761/324/72
f 761/324/72 407/475/72 385/634/72
f 385/634/72 377/712/72 355/171/72
f 355/171/72 333/622/72 325/710/72
f 325/710/72 303/513/72 281/172/72
f 281/172/72 259/406/72 251/377/72
f 251/377/72 229/381/72 185/170/72
f 185/170/72 961/360/72 761/324/72
f 761/324/72 385/634/72 355/171/72
f 355/171/72 325/710/72 281/172/72
f 281/172/72 251/377/72 185/170/72
f 185/170/72 761/324/72 355/171/72
f 272/145/148 297/168/163 298/173/164
f 265/147/141 290/169/156 291/174/157
f 475/175/275 457/165/261 459/167/261
f 273/133/149 298/173/164 299/176/165
f 267/135/143 266/131/142 291/174/157
f 408/128/230 404/123/228 406/106/229
f 404/123/228 400/105/227 402/107/227
f 268/136/144 267/135/143 292/177/158
f 712/101/244 408/128/230 410/124/230
f 305/807/1 309/710/1 327/621/1
f 327/621/1 331/622/1 335/179/1
f 335/179/1 353/171/1 357/678/1
f 357/678/1 375/712/1 379/694/1
f 379/694/1 383/634/1 401/560/1
f 401/560/1 405/475/1 409/340/1
f 409/340/1 736/324/1 786/330/1
f 786/330/1 836/331/1 886/337/1
f 886/337/1 936/360/1 986/357/1
f 986/357/1 175/362/1 179/180/1
f 179/180/1 183/170/1 201/365/1
f 201/365/1 205/390/1 209/380/1
f 209/380/1 227/400/1 231/388/1
f 231/388/1 235/377/1 253/181/1
f 253/181/1 257/406/1 275/418/1
f 275/418/1 279/172/1 283/443/1
f 283/443/1 301/493/1 305/807/1
f 305/807/1 327/621/1 335/179/1
f 335/179/1 357/678/1 379/694/1
f 379/694/1 401/560/1 409/340/1
f 409/340/1 786/330/1 886/337/1
f 886/337/1 986/357/1 179/180/1
f 179/180/1 201/365/1 209/380/1
f 209/380/1 231/388/1 253/181/1
f 253/181/1 275/418/1 283/443/1
f 283/443/1 305/807/1 335/179/1
f 335/179/1 379/694/1 409/340/1
f 409/340/1 886/337/1 179/180/1
f 179/180/1 209/380/1 253/181/1
f 253/181/1 283/443/1 335/179/1
f 335/179/1 409/340/1 179/180/1
f 531/182/134 483/160/121 485/157/121
f 296/163/162 321/211/178 322/183/179
f 290/169/156 289/164/155 314/184/171
f 854/186/105 782/195/104 826/187/104
f 297/168/163 322/183/179 323/189/180
f 290/169/156 315/185/172 316/190/173
f 550/191/136 531/182/134 533/161/135
f 299/176/165 298/173/164 323/189/180
f 292/177/158 291/174/157 316/190/173
f 782/195/104 710/200/103 754/196/103
f 580/197/89 508/153/75 552/155/75
f 292/177/158 317/194/174 318/199/175
f 710/200/103 652/202/90 682/201/90
f 652/202/90 580/197/89 610/198/89
f 483/160/121 478/156/120 481/150/120
f 293/178/159 318/199/175 319/203/176
f 555/204/137 550/191/136 553/192/136
f 478/156/120 926/149/119 1010/151/119
f 295/158/161 294/152/160 319/203/176
f 926/208/119 854/186/105 884/188/105
f 296/163/162 295/162/161 320/210/177
f 288/159/154 313/207/170 314/184/171
f 317/194/174 316/190/173 341/212/188
f 675/186/167 627/208/166 629/209/166
f 603/214/152 555/204/137 557/205/151
f 318/199/175 317/194/174 342/213/189
f 627/217/166 608/220/153 625/218/153
f 608/220/153 603/214/152 605/215/152
f 752/197/184 733/202/183 735/201/183
f 318/199/175 343/216/190 344/221/191
f 810/165/199 805/175/198 807/154/198
f 733/202/183 685/200/182 701/196/182
f 320/206/177 319/203/176 344/221/191
f 685/200/182 680/195/168 683/187/168
f 320/210/177 345/230/192 346/224/193
f 313/207/170 338/223/185 339/225/186
f 757/153/197 752/197/184 755/198/184
f 322/183/179 321/211/178 346/224/193
f 314/184/171 339/225/186 340/227/187
f 680/195/168 675/186/167 677/188/167
f 322/183/179 347/226/194 348/228/195
f 315/185/172 340/227/187 341/212/188
f 805/175/198 757/153/197 759/155/197
f 323/189/180 348/228/195 349/229/196
f 935/191/230 901/204/228 903/205/229
f 345/230/192 344/873/191 369/231/207
f 426/182/244 935/191/230 951/192/230
f 346/224/193 345/230/192 370/232/208
f 339/225/186 338/223/185 363/233/201
f 1008/236/62 1007/246/607 953/237/607
f 346/224/193 371/234/209 372/239/210
f 340/227/187 339/225/186 364/235/202
f 883/824/1 902/823/1 950/481/1
f 950/481/1 427/575/1 431/241/1
f 431/241/1 435/750/1 454/459/1
f 454/459/1 458/453/1 476/421/1
f 476/421/1 535/253/1 607/471/1
f 607/471/1 679/487/1 751/486/1
f 751/486/1 809/507/1 881/526/1
f 881/526/1 1009/544/1 479/568/1
f 479/568/1 484/252/1 532/582/1
f 532/582/1 551/605/1 556/242/1
f 556/242/1 604/640/1 609/638/1
f 609/638/1 628/637/1 676/654/1
f 676/654/1 681/684/1 700/683/1
f 700/683/1 734/747/1 753/243/1
f 753/243/1 758/753/1 806/770/1
f 806/770/1 825/787/1 830/774/1
f 830/774/1 878/251/1 883/824/1
f 883/824/1 950/481/1 431/241/1
f 431/241/1 454/459/1 476/421/1
f 476/421/1 607/471/1 751/486/1
f 751/486/1 881/526/1 479/568/1
f 479/568/1 532/582/1 556/242/1
f 556/242/1 609/638/1 676/654/1
f 676/654/1 700/683/1 753/243/1
f 753/243/1 806/770/1 830/774/1
f 830/774/1 883/824/1 431/241/1
f 431/241/1 476/421/1 751/486/1
f 751/486/1 479/568/1 556/242/1
f 556/242/1 676/654/1 753/243/1
f 753/243/1 830/774/1 431/241/1
f 431/241/1 751/486/1 556/242/1
f 347/226/194 372/239/210 373/244/211
f 340/227/187 365/240/203 366/245/204
f 1007/246/607 976/257/608 954/61/608
f 348/228/195 373/244/211 374/247/212
f 342/213/189 341/212/188 366/245/204
f 901/204/228 882/214/227 885/215/227
f 829/249/213 810/165/199 827/167/199
f 343/216/190 342/213/189 367/248/205
f 882/214/227 877/220/214 879/218/214
f 877/220/214 829/217/213 831/219/213
f 429/575/72 952/862/72 934/823/72
f 934/823/72 900/824/72 880/251/72
f 880/251/72 876/774/72 828/787/72
f 828/787/72 808/770/72 804/753/72
f 804/753/72 756/243/72 750/747/72
f 750/747/72 732/683/72 684/684/72
f 684/684/72 678/654/72 660/637/72
f 660/637/72 626/638/72 606/640/72
f 606/640/72 602/242/72 554/624/72
f 554/624/72 534/582/72 530/252/72
f 530/252/72 482/568/72 477/544/72
f 477/544/72 925/526/72 853/507/72
f 853/507/72 781/486/72 709/487/72
f 709/487/72 651/471/72 579/253/72
f 579/253/72 507/421/72 460/453/72
f 460/453/72 456/459/72 452/750/72
f 452/750/72 433/241/72 429/575/72
f 429/575/72 934/823/72 880/251/72
f 880/251/72 828/787/72 804/753/72
f 804/753/72 750/747/72 684/684/72
f 684/684/72 660/637/72 606/640/72
f 606/640/72 554/624/72 530/252/72
f 530/252/72 477/544/72 853/507/72
f 853/507/72 709/487/72 579/253/72
f 579/253/72 460/453/72 452/750/72
f 452/750/72 429/575/72 880/251/72
f 880/251/72 804/753/72 684/684/72
f 684/684/72 606/640/72 530/252/72
f 530/252/72 853/507/72 579/253/72
f 579/253/72 452/750/72 880/251/72
f 880/251/72 684/684/72 530/252/72
f 343/216/190 368/250/206 369/254/207
f 982/255/627 126/322/63 955/256/63
f 976/257/608 975/345/60 123/258/60
f 372/239/210 397/290/224 398/259/225
f 365/240/203 390/291/217 391/260/218
f 982/255/627 1002/60/627 1001/261/628
f 373/244/211 398/259/225 399/263/226
f 367/248/205 366/245/204 391/260/218
f 958/43/611 138/283/68 137/265/67
f 956/266/609 1006/868/609 1005/83/610
f 368/250/206 367/248/205 392/264/219
f 957/267/610 1005/83/610 138/269/68
f 1004/271/64 1003/277/625 978/272/625
f 983/262/628 1001/261/628 984/274/57
f 368/250/206 393/268/220 394/276/221
f 1003/277/625 960/874/612 979/84/626
f 119/278/56 118/302/55 981/279/55
f 370/280/208 369/254/207 394/276/221
f 960/43/612 124/5/61 977/265/61
f 371/234/209 370/232/208 395/284/222
f 363/233/201 388/282/215 389/286/216
f 121/287/58 1000/311/58 985/288/629
f 371/234/209 396/285/223 397/290/224
f 365/240/203 364/235/202 389/286/216
f 393/268/220 392/264/219 417/292/236
f 111/294/48 131/344/48 130/295/51
f 956/80/609 1004/47/64 127/297/64
f 119/278/56 980/59/56 135/299/49
f 393/268/220 418/293/237 419/301/238
f 118/302/55 120/275/57 984/274/57
f 117/80/54 129/875/54 128/303/52
f 395/281/222 394/276/221 419/301/238
f 132/6/65 959/5/67 137/265/67
f 396/285/223 395/284/222 420/307/239
f 389/286/216 388/282/215 413/305/232
f 115/310/52 128/85/52 1000/311/58
f 396/285/223 421/308/240 422/312/241
f 390/291/217 389/286/216 414/309/233
f 113/314/50 112/300/49 135/299/49
f 397/290/224 422/312/241 423/316/242
f 391/260/218 390/291/217 415/313/234
f 122/6/59 985/306/629 977/265/61
f 398/259/225 423/316/242 424/318/243
f 392/264/219 391/260/218 416/317/235
f 116/319/53 132/876/65 136/320/66
f 1008/236/62 125/238/62 955/256/63
f 97/323/12 109/330/12 108/324/13
f 420/307/239 445/369/255 446/326/256
f 414/309/233 413/305/232 438/327/248
f 92/329/46 94/323/47 98/330/47
f 421/308/240 446/326/256 447/332/257
f 415/313/234 414/309/233 439/328/249
f 90/334/6 107/340/6 106/324/7
f 423/316/242 422/312/241 447/332/257
f 415/313/234 440/333/250 441/336/251
f 96/329/17 95/348/18 104/337/18
f 423/316/242 448/335/258 449/338/259
f 417/292/236 416/317/235 441/336/251
f 91/325/13 108/324/13 105/340/4
f 117/341/54 116/319/53 133/321/53
f 418/293/237 417/292/236 442/339/252
f 111/294/48 113/314/50 134/315/50
f 114/296/51 130/295/51 123/258/60
f 96/329/17 110/331/17 109/330/12
f 418/293/237 443/343/253 444/346/254
f 92/329/46 100/331/46 99/347/41
f 94/323/47 93/325/7 106/324/7
f 420/304/239 419/301/238 444/346/254
f 63/77/35 64/58/36 67/350/36
f 449/338/259 448/335/258 473/352/273
f 442/339/252 441/336/251 466/354/266
f 78/356/38 74/360/38 82/357/39
f 79/356/42 102/360/42 104/337/18
f 442/339/252 467/355/267 468/359/268
f 79/356/42 80/358/43 103/357/43
f 78/356/38 77/348/41 99/347/41
f 64/361/36 76/366/40 81/362/40
f 443/343/253 468/359/268 469/363/269
f 65/364/37 60/398/32 88/365/32
f 83/361/44 85/180/44 101/362/45
f 445/349/255 444/346/254 469/363/269
f 75/358/39 82/357/39 81/362/40
f 445/369/255 470/877/270 471/370/271
f 438/327/248 463/368/263 464/371/264
f 65/97/37 87/559/37 85/372/44
f 446/326/256 471/370/271 472/373/272
f 439/328/249 464/371/264 465/374/265
f 80/358/43 84/366/45 101/362/45
f 447/332/257 472/373/272 473/352/273
f 440/333/250 465/374/265 466/354/266
f 468/359/268 493/399/281 494/375/282
f 47/376/15 55/388/15 54/377/14
f 51/379/3 50/384/28 49/380/28
f 470/367/270 469/363/269 494/375/282
f 53/379/30 72/400/30 71/380/27
f 470/385/270 495/424/283 496/386/284
f 463/368/263 488/383/276 489/387/277
f 47/376/15 51/379/3 48/381/3
f 472/108/272 471/103/271 496/386/284
f 465/374/265 464/371/264 489/387/277
f 50/384/28 69/397/33 61/390/33
f 472/108/272 497/63/285 498/391/286
f 465/374/265 490/389/278 491/393/279
f 52/376/29 45/378/26 70/377/26
f 473/392/273 498/391/286 499/394/287
f 467/355/267 466/354/266 491/393/279
f 46/384/27 71/380/27 86/390/31
f 63/364/35 66/170/35 62/365/34
f 468/359/268 467/355/267 492/396/280
f 69/397/33 68/398/34 62/365/34
f 59/397/31 86/390/31 88/365/32
f 52/376/29 73/388/29 72/400/30
f 1075/401/44 1066/471/44 1045/253/45
f 497/63/285 496/386/284 521/403/306
f 489/387/277 514/425/299 515/404/300
f 37/405/25 56/418/25 58/406/22
f 497/63/285 522/62/307 523/408/308
f 490/389/278 515/404/300 516/409/301
f 505/410/293 928/427/589 927/411/588
f 498/391/286 523/408/308 524/413/309
f 492/396/280 491/393/279 516/409/301
f 33/415/19 27/181/19 29/406/21
f 45/378/26 35/415/23 57/181/23
f 492/396/280 517/414/302 518/416/303
f 35/415/23 34/407/22 58/406/22
f 32/378/14 54/377/14 27/181/19
f 14/417/10 31/405/20 28/418/20
f 493/399/281 518/416/303 519/419/304
f 1037/420/43 1048/402/45 1045/253/45
f 36/417/24 40/172/24 56/418/25
f 495/382/283 494/375/282 519/419/304
f 30/407/21 29/406/21 28/418/20
f 495/424/283 520/44/305 521/403/306
f 488/383/276 513/423/298 514/425/299
f 505/410/293 504/878/292 929/426/590
f 501/428/289 500/610/288 933/265/594
f 518/416/303 517/414/302 542/430/319
f 1041/420/39 1038/421/39 1052/253/40
f 1088/202/37 1085/748/37 1066/432/44
f 502/433/290 931/450/592 930/434/591
f 518/416/303 543/431/320 544/436/321
f 504/437/292 503/435/291 930/434/591
f 520/422/305 519/419/304 544/436/321
f 11/442/9 14/417/10 13/172/10
f 520/44/305 545/24/322 546/444/323
f 513/423/298 538/441/315 539/445/316
f 1029/446/645 1026/678/645 1027/171/646
f 522/62/307 521/403/306 546/444/323
f 515/404/300 514/425/299 539/445/316
f 501/428/289 932/429/593 931/450/592
f 522/62/307 547/448/324 548/451/325
f 515/404/300 540/449/317 541/452/318
f 1037/420/43 1036/421/43 1030/453/42
f 524/413/309 523/408/308 548/451/325
f 516/409/301 541/452/318 542/430/319
f 545/440/322 544/436/321 569/456/337
f 1035/454/38 1025/805/41 1024/459/41
f 545/24/322 570/504/338 571/460/339
f 538/441/315 563/458/331 564/461/332
f 528/462/313 501/428/289 502/433/290
f 547/448/324 546/444/323 571/460/339
f 540/449/317 539/445/316 564/461/332
f 1035/454/38 1033/453/38 1038/421/39
f 547/448/324 572/464/340 573/466/341
f 540/449/317 565/465/333 566/467/334
f 527/463/312 502/433/290 503/435/291
f 549/455/326 548/451/325 573/466/341
f 542/430/319 541/452/318 566/467/334
f 1082/401/36 1054/402/40 1052/253/40
f 526/468/311 503/435/291 504/437/292
f 542/430/319 567/470/335 568/473/336
f 1051/474/649 89/334/4 105/340/4
f 509/476/295 510/478/296 505/410/293
f 525/477/310 504/878/292 505/410/293
f 543/431/320 568/473/336 569/456/337
f 1082/198/36 1077/719/36 1093/479/35
f 17/480/13 42/575/13 41/481/4
f 572/464/340 597/508/361 598/483/362
f 565/465/333 590/509/354 591/484/355
f 1088/485/37 1106/500/32 1107/486/32
f 574/469/342 573/466/341 598/483/362
f 567/470/335 566/467/334 591/484/355
f 147/490/69 1028/447/646 1027/171/646
f 1060/490/650 1059/179/650 21/171/2
f 567/470/335 592/489/356 593/491/357
f 529/492/314 500/610/288 501/428/289
f 15/442/11 6/514/5 44/493/5
f 576/494/344 575/511/343 526/495/311
f 568/473/336 593/491/357 594/497/358
f 576/498/344 525/477/310 510/478/296
f 1097/485/35 1093/487/35 1095/486/34
f 570/457/338 569/456/337 594/497/358
f 1128/503/31 1127/507/31 1107/486/32
f 570/504/338 595/523/359 596/505/360
f 563/458/331 588/502/352 589/506/353
f 1141/503/33 1126/500/34 1095/486/34
f 571/460/339 596/505/360 597/508/361
f 564/461/332 589/506/353 590/509/354
f 560/510/329 527/529/312 526/495/311
f 11/442/9 10/443/9 9/513/8
f 593/491/357 618/537/372 619/515/373
f 600/517/364 601/879/365 558/518/327
f 595/501/359 594/497/358 619/515/373
f 1055/522/648 1040/560/648 1015/475/642
f 595/523/359 620/538/374 621/524/375
f 588/502/352 613/521/367 614/525/368
f 1128/503/31 1146/532/27 1142/526/27
f 597/508/361 596/505/360 621/524/375
f 589/506/353 614/525/368 615/528/369
f 559/519/328 528/536/313 527/529/312
f 597/508/361 622/527/376 623/530/377
f 590/509/354 615/528/369 616/531/370
f 1141/503/33 1135/507/33 1150/526/28
f 599/488/363 598/483/362 623/530/377
f 592/489/356 591/484/355 616/531/370
f 578/512/346 577/499/345 510/478/296
f 559/519/328 558/518/327 529/535/314
f 593/491/357 592/489/356 617/534/371
f 620/538/374 645/576/392 646/539/393
f 614/525/368 613/521/367 638/540/385
f 1060/58/650 1018/77/643 1058/351/643
f 622/527/376 621/524/375 646/539/393
f 614/525/368 639/541/386 640/543/387
f 1158/532/28 1150/526/28 3/544/3
f 622/527/376 647/542/394 648/546/395
f 615/528/369 640/543/387 641/547/388
f 635/548/384 582/556/348 581/516/347
f 624/533/378 623/530/377 648/546/395
f 616/531/370 641/547/388 642/551/389
f 584/552/350 575/511/343 576/494/344
f 585/554/351 600/517/364 559/519/328
f 618/537/372 617/534/371 642/551/389
f 582/556/348 577/499/345 578/512/346
f 1146/532/27 1047/545/30 1161/544/30
f 583/557/349 576/498/344 577/499/345
f 618/537/372 643/555/390 644/558/391
f 147/56/69 1022/372/69 1023/559/70
f 1063/522/653 1051/474/649 1050/475/649
f 620/520/374 619/515/373 644/558/391
f 585/554/351 560/510/329 575/511/343
f 635/548/384 634/880/383 583/557/349
f 649/550/396 648/546/395 673/562/417
f 641/547/388 666/583/410 667/564/411
f 23/565/15 19/568/15 18/252/14
f 643/555/390 642/551/389 667/564/411
f 146/565/29 145/566/26 1020/252/26
f 630/569/379 601/879/365 600/517/364
f 4/545/3 3/544/3 19/568/15
f 643/555/390 668/567/412 669/571/413
f 146/565/29 1021/568/29 1161/544/30
f 633/572/382 632/579/381 585/554/351
f 645/561/392 644/558/391 669/571/413
f 7/482/6 39/862/6 38/575/7
f 645/576/392 670/829/414 671/577/415
f 638/540/385 663/574/407 664/578/408
f 632/579/381 631/570/380 600/517/364
f 647/542/394 646/539/393 671/577/415
f 639/541/386 664/578/408 665/581/409
f 145/566/26 1017/609/23 1034/582/23
f 647/542/394 672/580/416 673/562/417
f 640/543/387 665/581/409 666/583/410
f 1056/584/647 1039/634/647 1040/560/648
f 657/585/402 658/428/403 631/462/380
f 670/573/414 669/571/413 694/586/425
f 654/589/399 635/548/384 650/549/397
f 670/591/414 695/629/426 696/592/427
f 663/574/407 688/588/419 689/594/420
f 657/585/402 632/463/381 633/468/382
f 672/373/416 671/593/415 696/592/427
f 665/581/409 664/578/408 689/594/420
f 655/597/400 634/880/383 635/548/384
f 672/373/416 697/595/428 698/598/429
f 666/583/410 665/581/409 690/596/421
f 674/601/418 673/599/417 698/598/429
f 667/564/411 666/583/410 691/600/422
f 1014/604/25 1049/242/25 1046/605/22
f 634/607/383 633/572/382 584/552/350
f 668/567/412 667/564/411 692/603/423
f 1013/606/22 1046/605/22 1034/582/23
f 659/610/404 630/492/379 631/462/380
f 16/611/12 22/241/12 42/575/13
f 668/567/412 693/608/424 694/586/425
f 697/595/428 696/592/427 721/612/446
f 690/596/421 689/594/420 714/614/439
f 143/611/47 8/480/7 38/575/7
f 697/595/428 722/613/447 723/616/448
f 690/596/421 715/615/440 716/617/441
f 706/438/435 705/434/434 656/435/401
f 699/602/430 698/598/429 723/616/448
f 691/600/422 716/617/441 717/619/442
f 1018/620/643 1019/626/644 1057/621/644
f 24/566/14 18/252/14 1032/582/19
f 693/608/424 692/603/423 717/619/442
f 1043/609/19 1032/582/19 1044/624/21
f 655/437/400 656/435/401 633/468/382
f 1042/606/21 1044/624/21 1069/242/20
f 693/608/424 718/623/443 719/625/444
f 148/620/70 1023/622/70 1061/621/651
f 703/429/432 658/428/403 657/585/402
f 695/587/426 694/586/425 719/625/444
f 704/450/433 657/585/402 656/435/401
f 695/629/426 720/644/445 721/612/446
f 688/588/419 713/628/438 714/614/439
f 702/265/431 659/610/404 658/428/403
f 707/630/436 654/589/399 653/590/398
f 718/623/443 717/619/442 742/632/461
f 1062/584/652 1063/522/653 1067/560/653
f 706/635/435 655/597/400 654/589/399
f 1076/636/11 1073/657/5 1081/637/5
f 718/623/443 743/633/462 744/639/463
f 1064/636/9 1065/641/10 1070/640/10
f 1053/641/24 1071/640/24 1049/242/25
f 720/627/445 719/625/444 744/639/463
f 1065/641/10 1072/604/20 1069/242/20
f 720/644/445 745/658/464 746/645/465
f 713/628/438 738/643/457 739/646/458
f 731/647/456 702/265/431 703/429/432
f 721/612/446 746/645/465 747/649/466
f 714/614/439 739/646/458 740/650/459
f 1076/636/11 1083/638/11 1071/640/24
f 722/613/447 747/649/466 748/651/467
f 715/615/440 740/650/459 741/652/460
f 1105/653/656 1089/657/8 1086/637/8
f 724/618/449 723/616/448 748/651/467
f 717/619/442 716/617/441 741/652/460
f 1074/653/654 1080/654/654 1081/637/5
f 745/658/464 770/696/477 771/659/478
f 739/646/458 738/643/457 763/656/470
f 726/661/451 707/630/436 708/631/437
f 746/645/465 771/659/478 772/663/479
f 740/650/459 739/646/458 764/660/471
f 727/665/452 706/635/435 707/630/436
f 747/649/466 772/663/479 773/666/480
f 740/650/459 765/664/472 766/667/473
f 749/655/468 748/651/467 773/666/480
f 742/632/461 741/652/460 766/667/473
f 1064/636/9 1084/638/9 1086/637/8
f 727/670/452 728/674/453 705/434/434
f 743/633/462 742/632/461 767/669/474
f 1056/584/647 1079/695/655 1094/672/655
f 729/673/454 730/648/455 703/429/432
f 729/673/454 704/450/433 705/434/434
f 743/633/462 768/671/475 769/675/476
f 776/676/483 729/673/454 728/674/453
f 139/446/16 2/447/2 21/171/2
f 745/642/464 744/639/463 769/675/476
f 772/663/479 797/704/500 798/680/501
f 765/664/472 790/705/493 791/681/494
f 1090/682/657 1098/709/651 1116/683/651
f 774/668/481 773/666/480 798/680/501
f 767/669/474 766/667/473 791/681/494
f 776/676/483 775/701/482 730/648/455
f 1100/687/658 1091/710/658 1057/621/644
f 768/671/475 767/669/474 792/686/495
f 140/690/17 25/750/17 22/241/12
f 778/691/485 727/665/452 726/661/451
f 768/671/475 793/688/496 794/693/497
f 1062/584/652 1068/634/652 1104/694/659
f 780/689/487 779/692/486 726/661/451
f 770/696/477 769/881/476 794/697/497
f 760/700/469 731/647/456 730/648/455
f 770/696/477 795/698/498 796/702/499
f 764/660/471 763/656/470 788/699/491
f 1105/653/656 1087/654/656 1103/684/658
f 772/663/479 771/659/478 796/702/499
f 765/664/472 764/660/471 789/703/492
f 1090/682/657 1099/684/657 1080/654/654
f 785/706/490 800/731/503 777/707/484
f 1113/682/658 1103/684/658 1114/683/644
f 1111/687/657 1078/626/651 1061/621/651
f 793/688/496 818/733/512 819/711/513
f 1079/695/655 1125/771/661 1119/712/661
f 783/713/488 784/736/489 779/692/486
f 795/714/498 794/693/497 819/711/513
f 795/698/498 820/761/514 821/717/515
f 788/699/491 813/716/507 814/718/508
f 1108/201/643 1118/479/643 1120/719/650
f 796/702/499 821/717/515 822/720/516
f 790/705/493 789/703/492 814/718/508
f 1101/722/70 1115/747/70 1116/683/651
f 797/704/500 822/720/516 823/723/517
f 790/705/493 815/721/509 816/724/510
f 803/725/506 760/882/469 775/726/482
f 798/680/501 823/723/517 824/728/518
f 792/686/495 791/681/494 816/724/510
f 801/730/504 776/751/483 777/707/484
f 778/732/485 777/677/484 728/674/453
f 793/688/496 792/686/495 817/729/511
f 813/716/507 838/759/523 839/734/524
f 850/735/535 785/741/490 784/736/489
f 822/720/516 821/717/515 846/738/531
f 814/718/508 839/734/524 840/740/525
f 785/741/490 778/691/485 779/692/486
f 822/720/516 847/739/532 848/742/533
f 815/721/509 840/740/525 841/743/526
f 834/744/521 833/766/520 802/727/505
f 824/728/518 823/723/517 848/742/533
f 816/724/510 841/743/526 842/746/527
f 1108/722/643 1109/709/644 1114/683/644
f 1112/197/69 1117/432/69 1115/748/70
f 818/733/512 817/729/511 842/746/527
f 144/690/46 143/611/47 142/241/47
f 801/730/504 802/727/505 775/726/482
f 1129/752/650 1120/243/650 1121/753/2
f 818/733/512 843/749/528 844/755/529
f 834/744/521 801/730/504 800/731/503
f 820/715/514 819/711/513 844/755/529
f 1122/760/656 1102/807/656 1091/710/658
f 820/761/514 845/778/530 846/738/531
f 849/745/534 848/742/533 873/762/554
f 841/743/526 866/784/547 867/764/548
f 832/765/519 803/725/506 802/727/505
f 1112/752/69 1131/754/646 1124/753/646
f 843/749/528 842/746/527 867/764/548
f 850/768/535 835/757/522 800/731/503
f 1137/769/16 1130/754/2 1121/753/2
f 1092/695/659 1104/694/659 1138/712/660
f 843/749/528 868/767/549 869/772/550
f 1154/773/652 1152/251/652 1133/774/659
f 1132/769/645 1123/770/645 1124/753/646
f 845/758/530 844/755/529 869/772/550
f 852/756/537 851/737/536 784/736/489
f 845/778/530 870/795/551 871/779/552
f 839/734/524 838/759/523 863/777/544
f 1149/781/661 1139/787/661 1140/774/655
f 847/739/532 846/738/531 871/779/552
f 839/734/524 864/780/545 865/783/546
f 140/690/17 1012/805/18 26/459/18
f 847/739/532 872/782/553 873/762/554
f 840/740/525 865/783/546 866/784/547
f 875/785/556 832/765/519 833/766/520
f 1137/769/16 1143/770/16 1139/787/661
f 859/788/542 834/744/521 835/757/522
f 870/776/551 869/772/550 894/790/563
f 856/793/539 851/737/536 852/756/537
f 870/795/551 895/872/564 896/796/565
f 864/780/545 863/777/544 888/792/557
f 1136/781/660 1153/775/659 1133/774/659
f 871/779/552 896/796/565 897/798/566
f 864/780/545 889/797/558 890/799/559
f 857/800/540 858/789/541 835/757/522
f 872/782/553 897/798/566 898/801/567
f 865/783/546 890/799/559 891/802/560
f 860/786/543 833/766/520 834/744/521
f 874/763/555 873/762/554 898/801/567
f 866/784/547 891/802/560 892/804/561
f 144/690/46 141/750/46 1024/459/41
f 868/767/549 867/764/548 892/804/561
f 856/793/539 857/833/540 850/735/535
f 1155/760/654 1111/687/657 1110/710/657
f 1132/769/645 1136/781/660 1134/787/660
f 868/767/549 893/806/562 894/790/563
f 897/808/566 896/830/565 921/809/584
f 890/799/559 889/797/558 914/811/577
f 904/647/569 875/883/556 860/701/543
f 897/808/566 922/810/585 923/813/586
f 890/799/559 915/812/578 916/815/579
f 899/817/568 898/814/567 923/813/586
f 891/802/560 916/815/579 917/819/580
f 928/427/589 929/426/590 908/820/573
f 1159/822/653 1162/834/649 1156/823/649
f 893/806/562 892/804/561 917/819/580
f 893/806/562 918/825/581 919/826/582
f 1122/760/656 12/514/8 9/513/8
f 932/429/593 905/648/570 906/673/571
f 895/791/564 894/790/563 919/826/582
f 895/829/564 920/840/583 921/809/584
f 888/792/557 913/828/576 914/811/577
f 918/825/581 917/819/580 942/831/599
f 909/821/574 908/820/573 857/833/540
f 5/482/4 41/481/4 1156/823/649
f 1031/454/42 1030/453/42 26/459/18
f 918/825/581 943/832/600 944/835/601
f 928/427/589 909/821/574 910/816/575
f 920/827/583 919/826/582 944/835/601
f 907/674/572 906/673/571 859/838/542
f 920/840/583 945/851/602 946/841/603
f 914/811/577 913/828/576 938/837/595
f 1144/773/647 1147/251/647 1148/824/648
f 921/809/584 946/841/603 947/843/604
f 914/811/577 939/842/596 940/844/597
f 930/434/591 907/674/572 908/670/573
f 922/810/585 947/843/604 948/845/605
f 915/812/578 940/844/597 941/846/598
f 924/818/587 923/813/586 948/845/605
f 916/815/579 941/846/598 942/831/599
f 945/836/602 944/835/601 969/848/619
f 1096/771/660 1138/712/660 1026/678/645
f 945/851/602 970/863/620 971/852/621
f 938/837/595 963/850/613 964/853/614
f 1160/822/648 1148/824/648 1164/823/642
f 946/841/603 971/852/621 972/854/622
f 940/844/597 939/842/596 964/853/614
f 947/843/604 972/854/622 973/856/623
f 940/844/597 965/855/615 966/857/616
f 910/816/575 909/821/574 856/793/539
f 949/847/606 948/845/605 973/856/623
f 941/846/598 966/857/616 967/859/617
f 907/674/572 858/839/541 857/860/540
f 1016/474/642 1015/475/642 107/340/6
f 943/832/600 942/831/599 967/859/617
f 15/442/11 43/443/11 40/172/24
f 943/832/600 968/861/618 969/848/619
f 1145/775/655 1140/774/655 1147/251/647
f 972/854/622 997/67/639 998/69/640
f 965/855/615 990/22/632 991/1/633
f 1155/760/654 1151/807/654 44/493/5
f 974/858/624 973/856/623 998/69/640
f 966/857/616 991/1/633 992/3/634
f 930/434/591 931/450/592 906/673/571
f 933/265/594 904/647/569 905/648/570
f 968/861/618 967/859/617 992/3/634
f 1154/773/652 1159/822/653 1157/824/653
f 1125/771/661 139/446/16 20/678/16
f 968/861/618 993/10/635 994/12/636
f 906/673/571 905/648/570 860/701/543
f 1163/834/642 1164/823/642 39/862/6
f 970/849/620 969/848/619 994/12/636
f 970/863/620 995/86/637 996/87/638
f 963/850/613 988/13/630 989/15/631
f 971/852/621 996/87/638 997/67/639
f 965/855/615 964/853/614 989/15/631
