# Blender 5.2.0 LTS
# www.blender.org
o BubbleWrap_Tile
v -1.600000 0.000000 1.600000
v -1.489655 0.000000 1.600000
v -1.379310 0.000000 1.600000
v -1.268965 0.000000 1.600000
v -1.158621 0.000000 1.600000
v -1.048276 0.000000 1.600000
v -0.937931 0.000000 1.600000
v -0.827586 0.000000 1.600000
v -0.717241 0.000000 1.600000
v -0.606897 0.000000 1.600000
v -0.496552 0.000000 1.600000
v -0.386207 0.000000 1.600000
v -0.275862 0.000000 1.600000
v -0.165517 0.000000 1.600000
v -0.055172 0.000000 1.600000
v 0.055172 0.000000 1.600000
v 0.165517 0.000000 1.600000
v 0.275862 0.000000 1.600000
v 0.386207 0.000000 1.600000
v 0.496552 0.000000 1.600000
v 0.606897 0.000000 1.600000
v 0.717241 0.000000 1.600000
v 0.827586 0.000000 1.600000
v 0.937931 0.000000 1.600000
v 1.048276 0.000000 1.600000
v 1.158621 0.000000 1.600000
v 1.268965 0.000000 1.600000
v 1.379310 0.000000 1.600000
v 1.489655 0.000000 1.600000
v 1.600000 0.000000 1.600000
v -1.600000 0.000000 1.489655
v -1.489655 0.146675 1.489655
v -1.379310 0.146675 1.489655
v -1.268965 0.146675 1.489655
v -1.158621 0.146675 1.489655
v -1.048276 0.146688 1.489655
v -0.937931 0.148155 1.489655
v -0.827586 0.149576 1.489655
v -0.717241 0.149047 1.489655
v -0.606897 0.147220 1.489655
v -0.496552 0.146675 1.489655
v -0.386207 0.146675 1.489655
v -0.275862 0.146675 1.489655
v -0.165517 0.146675 1.489655
v -0.055172 0.146675 1.489655
v 0.055172 0.146675 1.489655
v 0.165517 0.146675 1.489655
v 0.275862 0.146675 1.489655
v 0.386207 0.146675 1.489655
v 0.496552 0.146675 1.489655
v 0.606897 0.147220 1.489655
v 0.717241 0.149047 1.489655
v 0.827586 0.149576 1.489655
v 0.937931 0.148155 1.489655
v 1.048276 0.146688 1.489655
v 1.158621 0.146675 1.489655
v 1.268965 0.146675 1.489655
v 1.379310 0.146675 1.489655
v 1.489655 0.146675 1.489655
v 1.600000 0.000000 1.489655
v -1.600000 0.000000 1.379310
v -1.489655 0.146675 1.379310
v -1.379310 0.299805 1.379310
v -1.268965 0.299805 1.379310
v -1.158621 0.305497 1.379310
v -1.048276 0.320831 1.379310
v -0.937931 0.336449 1.379310
v -0.827586 0.344685 1.379310
v -0.717241 0.341833 1.379310
v -0.606897 0.329156 1.379310
v -0.496552 0.312546 1.379310
v -0.386207 0.300914 1.379310
v -0.275862 0.299805 1.379310
v -0.165517 0.299805 1.379310
v -0.055172 0.299805 1.379310
v 0.055172 0.299805 1.379310
v 0.165517 0.299805 1.379310
v 0.275862 0.299805 1.379310
v 0.386207 0.300914 1.379310
v 0.496552 0.312546 1.379310
v 0.606897 0.329156 1.379310
v 0.717241 0.341833 1.379310
v 0.827586 0.344685 1.379310
v 0.937931 0.336449 1.379310
v 1.048276 0.320831 1.379310
v 1.158621 0.305497 1.379310
v 1.268965 0.299805 1.379310
v 1.379310 0.299805 1.379310
v 1.489655 0.146675 1.379310
v 1.600000 0.000000 1.379310
v -1.600000 0.000000 1.268965
v -1.489655 0.146675 1.268965
v -1.379310 0.299805 1.268965
v -1.268965 0.310053 1.268965
v -1.158621 0.339283 1.268965
v -1.048276 0.375650 1.268965
v -0.937931 0.406430 1.268965
v -0.827586 0.421613 1.268965
v -0.717241 0.416414 1.268965
v -0.606897 0.392462 1.268965
v -0.496552 0.357397 1.268965
v -0.386207 0.322961 1.268965
v -0.275862 0.302041 1.268965
v -0.165517 0.300000 1.268965
v -0.055172 0.300000 1.268965
v 0.055172 0.300000 1.268965
v 0.165517 0.300000 1.268965
v 0.275862 0.302041 1.268965
v 0.386207 0.322961 1.268965
v 0.496552 0.357397 1.268965
v 0.606897 0.392462 1.268965
v 0.717241 0.416414 1.268965
v 0.827586 0.421613 1.268965
v 0.937931 0.406430 1.268965
v 1.048276 0.375650 1.268965
v 1.158621 0.339283 1.268965
v 1.268965 0.310053 1.268965
v 1.379310 0.299805 1.268965
v 1.489655 0.146675 1.268965
v 1.600000 0.000000 1.268965
v -1.600000 0.000000 1.158621
v -1.489655 0.146675 1.158621
v -1.379310 0.305497 1.158621
v -1.268965 0.339283 1.158621
v -1.158621 0.392462 1.158621
v -1.048276 0.449747 1.158621
v -0.937931 0.495462 1.158621
v -0.827586 0.517456 1.158621
v -0.717241 0.509959 1.158621
v -0.606897 0.474932 1.158621
v -0.496552 0.421613 1.158621
v -0.386207 0.364341 1.158621
v -0.275862 0.319184 1.158621
v -0.165517 0.300099 1.158621
v -0.055172 0.300000 1.158621
v 0.055172 0.300000 1.158621
v 0.165517 0.300099 1.158621
v 0.275862 0.319184 1.158621
v 0.386207 0.364341 1.158621
v 0.496552 0.421613 1.158621
v 0.606897 0.474932 1.158621
v 0.717241 0.509959 1.158621
v 0.827586 0.517456 1.158621
v 0.937931 0.495462 1.158621
v 1.048276 0.449747 1.158621
v 1.158621 0.392462 1.158621
v 1.268965 0.339283 1.158621
v 1.379310 0.305497 1.158621
v 1.489655 0.146675 1.158621
v 1.600000 0.000000 1.158621
v -1.600000 0.000000 1.048276
v -1.489655 0.146688 1.048276
v -1.379310 0.320831 1.048276
v -1.268965 0.375650 1.048276
v -1.158621 0.449747 1.048276
v -1.048276 0.525122 1.048276
v -0.937931 0.583678 1.048276
v -0.827586 0.611511 1.048276
v -0.717241 0.602044 1.048276
v -0.606897 0.557513 1.048276
v -0.496552 0.488459 1.048276
v -0.386207 0.411353 1.048276
v -0.275862 0.344880 1.048276
v -0.165517 0.305692 1.048276
v -0.055172 0.300000 1.048276
v 0.055172 0.300000 1.048276
v 0.165517 0.305692 1.048276
v 0.275862 0.344880 1.048276
v 0.386207 0.411353 1.048276
v 0.496552 0.488459 1.048276
v 0.606897 0.557513 1.048276
v 0.717241 0.602044 1.048276
v 0.827586 0.611511 1.048276
v 0.937931 0.583678 1.048276
v 1.048276 0.525122 1.048276
v 1.158621 0.449747 1.048276
v 1.268965 0.375650 1.048276
v 1.379310 0.320831 1.048276
v 1.489655 0.146688 1.048276
v 1.600000 0.000000 1.048276
v -1.600000 0.000000 0.937931
v -1.489655 0.148155 0.937931
v -1.379310 0.336449 0.937931
v -1.268965 0.406430 0.937931
v -1.158621 0.495462 0.937931
v -1.048276 0.583678 0.937931
v -0.937931 0.651317 0.937931
v -0.827586 0.683271 0.937931
v -0.717241 0.672415 0.937931
v -0.606897 0.621169 0.937931
v -0.496552 0.540968 0.937931
v -0.386207 0.449747 0.937931
v -0.275862 0.367990 0.937931
v -0.165517 0.314216 0.937931
v -0.055172 0.300000 0.937931
v 0.055172 0.300000 0.937931
v 0.165517 0.314216 0.937931
v 0.275862 0.367990 0.937931
v 0.386207 0.449747 0.937931
v 0.496552 0.540968 0.937931
v 0.606897 0.621169 0.937931
v 0.717241 0.672415 0.937931
v 0.827586 0.683271 0.937931
v 0.937931 0.651317 0.937931
v 1.048276 0.583678 0.937931
v 1.158621 0.495462 0.937931
v 1.268965 0.406430 0.937931
v 1.379310 0.336449 0.937931
v 1.489655 0.148155 0.937931
v 1.600000 0.000000 0.937931
v -1.600000 0.000000 0.827586
v -1.489655 0.149576 0.827586
v -1.379310 0.344685 0.827586
v -1.268965 0.421613 0.827586
v -1.158621 0.517456 0.827586
v -1.048276 0.611511 0.827586
v -0.937931 0.683271 0.827586
v -0.827586 0.717095 0.827586
v -0.717241 0.705609 0.827586
v -0.606897 0.651317 0.827586
v -0.496552 0.566053 0.827586
v -0.386207 0.468406 0.827586
v -0.275862 0.379664 0.827586
v -0.165517 0.319184 0.827586
v -0.055172 0.300000 0.827586
v 0.055172 0.300000 0.827586
v 0.165517 0.319184 0.827586
v 0.275862 0.379664 0.827586
v 0.386207 0.468406 0.827586
v 0.496552 0.566053 0.827586
v 0.606897 0.651317 0.827586
v 0.717241 0.705609 0.827586
v 0.827586 0.717095 0.827586
v 0.937931 0.683271 0.827586
v 1.048276 0.611511 0.827586
v 1.158621 0.517456 0.827586
v 1.268965 0.421613 0.827586
v 1.379310 0.344685 0.827586
v 1.489655 0.149576 0.827586
v 1.600000 0.000000 0.827586
v -1.600000 0.000000 0.717241
v -1.489655 0.149047 0.717241
v -1.379310 0.341833 0.717241
v -1.268965 0.416414 0.717241
v -1.158621 0.509959 0.717241
v -1.048276 0.602044 0.717241
v -0.937931 0.672415 0.717241
v -0.827586 0.705609 0.717241
v -0.717241 0.694335 0.717241
v -0.606897 0.641070 0.717241
v -0.496552 0.557513 0.717241
v -0.386207 0.462034 0.717241
v -0.275862 0.375650 0.717241
v -0.165517 0.317437 0.717241
v -0.055172 0.300000 0.717241
v 0.055172 0.300000 0.717241
v 0.165517 0.317437 0.717241
v 0.275862 0.375650 0.717241
v 0.386207 0.462034 0.717241
v 0.496552 0.557513 0.717241
v 0.606897 0.641070 0.717241
v 0.717241 0.694335 0.717241
v 0.827586 0.705609 0.717241
v 0.937931 0.672415 0.717241
v 1.048276 0.602044 0.717241
v 1.158621 0.509959 0.717241
v 1.268965 0.416414 0.717241
v 1.379310 0.341833 0.717241
v 1.489655 0.149047 0.717241
v 1.600000 0.000000 0.717241
v -1.600000 0.000000 0.606897
v -1.489655 0.147220 0.606897
v -1.379310 0.329156 0.606897
v -1.268965 0.392462 0.606897
v -1.158621 0.474932 0.606897
v -1.048276 0.557513 0.606897
v -0.937931 0.621169 0.606897
v -0.827586 0.651317 0.606897
v -0.717241 0.641070 0.606897
v -0.606897 0.592768 0.606897
v -0.496552 0.517456 0.606897
v -0.386207 0.432433 0.606897
v -0.275862 0.357397 0.606897
v -0.165517 0.310053 0.606897
v -0.055172 0.300000 0.606897
v 0.055172 0.300000 0.606897
v 0.165517 0.310053 0.606897
v 0.275862 0.357397 0.606897
v 0.386207 0.432433 0.606897
v 0.496552 0.517456 0.606897
v 0.606897 0.592768 0.606897
v 0.717241 0.641070 0.606897
v 0.827586 0.651317 0.606897
v 0.937931 0.621169 0.606897
v 1.048276 0.557513 0.606897
v 1.158621 0.474932 0.606897
v 1.268965 0.392462 0.606897
v 1.379310 0.329156 0.606897
v 1.489655 0.147220 0.606897
v 1.600000 0.000000 0.606897
v -1.600000 0.000000 0.496552
v -1.489655 0.146675 0.496552
v -1.379310 0.312546 0.496552
v -1.268965 0.357397 0.496552
v -1.158621 0.421613 0.496552
v -1.048276 0.488459 0.496552
v -0.937931 0.540968 0.496552
v -0.827586 0.566053 0.496552
v -0.717241 0.557513 0.496552
v -0.606897 0.517456 0.496552
v -0.496552 0.455815 0.496552
v -0.386207 0.388069 0.496552
v -0.275862 0.331680 0.496552
v -0.165517 0.302041 0.496552
v -0.055172 0.300000 0.496552
v 0.055172 0.300000 0.496552
v 0.165517 0.302041 0.496552
v 0.275862 0.331680 0.496552
v 0.386207 0.388069 0.496552
v 0.496552 0.455815 0.496552
v 0.606897 0.517456 0.496552
v 0.717241 0.557513 0.496552
v 0.827586 0.566053 0.496552
v 0.937931 0.540968 0.496552
v 1.048276 0.488459 0.496552
v 1.158621 0.421613 0.496552
v 1.268965 0.357397 0.496552
v 1.379310 0.312546 0.496552
v 1.489655 0.146675 0.496552
v 1.600000 0.000000 0.496552
v -1.600000 0.000000 0.386207
v -1.489655 0.146675 0.386207
v -1.379310 0.300914 0.386207
v -1.268965 0.322961 0.386207
v -1.158621 0.364341 0.386207
v -1.048276 0.411353 0.386207
v -0.937931 0.449747 0.386207
v -0.827586 0.468406 0.386207
v -0.717241 0.462034 0.386207
v -0.606897 0.432433 0.386207
v -0.496552 0.388069 0.386207
v -0.386207 0.342028 0.386207
v -0.275862 0.308838 0.386207
v -0.165517 0.300000 0.386207
v -0.055172 0.300000 0.386207
v 0.055172 0.300000 0.386207
v 0.165517 0.300000 0.386207
v 0.275862 0.308838 0.386207
v 0.386207 0.342028 0.386207
v 0.496552 0.388069 0.386207
v 0.606897 0.432433 0.386207
v 0.717241 0.462034 0.386207
v 0.827586 0.468406 0.386207
v 0.937931 0.449747 0.386207
v 1.048276 0.411353 0.386207
v 1.158621 0.364341 0.386207
v 1.268965 0.322961 0.386207
v 1.379310 0.300914 0.386207
v 1.489655 0.146675 0.386207
v 1.600000 0.000000 0.386207
v -1.600000 0.000000 0.275862
v -1.489655 0.146675 0.275862
v -1.379310 0.299805 0.275862
v -1.268965 0.302041 0.275862
v -1.158621 0.319184 0.275862
v -1.048276 0.344880 0.275862
v -0.937931 0.367990 0.275862
v -0.827586 0.379664 0.275862
v -0.717241 0.375650 0.275862
v -0.606897 0.357397 0.275862
v -0.496552 0.331680 0.275862
v -0.386207 0.308838 0.275862
v -0.275862 0.300000 0.275862
v -0.165517 0.300000 0.275862
v -0.055172 0.300000 0.275862
v 0.055172 0.300000 0.275862
v 0.165517 0.300000 0.275862
v 0.275862 0.300000 0.275862
v 0.386207 0.308838 0.275862
v 0.496552 0.331680 0.275862
v 0.606897 0.357397 0.275862
v 0.717241 0.375650 0.275862
v 0.827586 0.379664 0.275862
v 0.937931 0.367990 0.275862
v 1.048276 0.344880 0.275862
v 1.158621 0.319184 0.275862
v 1.268965 0.302041 0.275862
v 1.379310 0.299805 0.275862
v 1.489655 0.146675 0.275862
v 1.600000 0.000000 0.275862
v -1.600000 0.000000 0.165517
v -1.489655 0.146675 0.165517
v -1.379310 0.299805 0.165517
v -1.268965 0.300000 0.165517
v -1.158621 0.300099 0.165517
v -1.048276 0.305692 0.165517
v -0.937931 0.314216 0.165517
v -0.827586 0.319184 0.165517
v -0.717241 0.317437 0.165517
v -0.606897 0.310053 0.165517
v -0.496552 0.302041 0.165517
v -0.386207 0.300000 0.165517
v -0.275862 0.300000 0.165517
v -0.165517 0.300000 0.165517
v -0.055172 0.300000 0.165517
v 0.055172 0.300000 0.165517
v 0.165517 0.300000 0.165517
v 0.275862 0.300000 0.165517
v 0.386207 0.300000 0.165517
v 0.496552 0.302041 0.165517
v 0.606897 0.310053 0.165517
v 0.717241 0.317437 0.165517
v 0.827586 0.319184 0.165517
v 0.937931 0.314216 0.165517
v 1.048276 0.305692 0.165517
v 1.158621 0.300099 0.165517
v 1.268965 0.300000 0.165517
v 1.379310 0.299805 0.165517
v 1.489655 0.146675 0.165517
v 1.600000 0.000000 0.165517
v -1.600000 0.000000 0.055172
v -1.489655 0.146675 0.055172
v -1.379310 0.299805 0.055172
v -1.268965 0.300000 0.055172
v -1.158621 0.300000 0.055172
v -1.048276 0.300000 0.055172
v -0.937931 0.300000 0.055172
v -0.827586 0.300000 0.055172
v -0.717241 0.300000 0.055172
v -0.606897 0.300000 0.055172
v -0.496552 0.300000 0.055172
v -0.386207 0.300000 0.055172
v -0.275862 0.300000 0.055172
v -0.165517 0.300000 0.055172
v -0.055172 0.300000 0.055172
v 0.055172 0.300000 0.055172
v 0.165517 0.300000 0.055172
v 0.275862 0.300000 0.055172
v 0.386207 0.300000 0.055172
v 0.496552 0.300000 0.055172
v 0.606897 0.300000 0.055172
v 0.717241 0.300000 0.055172
v 0.827586 0.300000 0.055172
v 0.937931 0.300000 0.055172
v 1.048276 0.300000 0.055172
v 1.158621 0.300000 0.055172
v 1.268965 0.300000 0.055172
v 1.379310 0.299805 0.055172
v 1.489655 0.146675 0.055172
v 1.600000 0.000000 0.055172
v -1.600000 0.000000 -0.055172
v -1.489655 0.146675 -0.055172
v -1.379310 0.299805 -0.055172
v -1.268965 0.300000 -0.055172
v -1.158621 0.300000 -0.055172
v -1.048276 0.300000 -0.055172
v -0.937931 0.300000 -0.055172
v -0.827586 0.300000 -0.055172
v -0.717241 0.300000 -0.055172
v -0.606897 0.300000 -0.055172
v -0.496552 0.300000 -0.055172
v -0.386207 0.300000 -0.055172
v -0.275862 0.300000 -0.055172
v -0.165517 0.300000 -0.055172
v -0.055172 0.300000 -0.055172
v 0.055172 0.300000 -0.055172
v 0.165517 0.300000 -0.055172
v 0.275862 0.300000 -0.055172
v 0.386207 0.300000 -0.055172
v 0.496552 0.300000 -0.055172
v 0.606897 0.300000 -0.055172
v 0.717241 0.300000 -0.055172
v 0.827586 0.300000 -0.055172
v 0.937931 0.300000 -0.055172
v 1.048276 0.300000 -0.055172
v 1.158621 0.300000 -0.055172
v 1.268965 0.300000 -0.055172
v 1.379310 0.299805 -0.055172
v 1.489655 0.146675 -0.055172
v 1.600000 0.000000 -0.055172
v -1.600000 0.000000 -0.165517
v -1.489655 0.146675 -0.165517
v -1.379310 0.299805 -0.165517
v -1.268965 0.300000 -0.165517
v -1.158621 0.300099 -0.165517
v -1.048276 0.305692 -0.165517
v -0.937931 0.314216 -0.165517
v -0.827586 0.319184 -0.165517
v -0.717241 0.317437 -0.165517
v -0.606897 0.310053 -0.165517
v -0.496552 0.302041 -0.165517
v -0.386207 0.300000 -0.165517
v -0.275862 0.300000 -0.165517
v -0.165517 0.300000 -0.165517
v -0.055172 0.300000 -0.165517
v 0.055172 0.300000 -0.165517
v 0.165517 0.300000 -0.165517
v 0.275862 0.300000 -0.165517
v 0.386207 0.300000 -0.165517
v 0.496552 0.302041 -0.165517
v 0.606897 0.310053 -0.165517
v 0.717241 0.317437 -0.165517
v 0.827586 0.319184 -0.165517
v 0.937931 0.314216 -0.165517
v 1.048276 0.305692 -0.165517
v 1.158621 0.300099 -0.165517
v 1.268965 0.300000 -0.165517
v 1.379310 0.299805 -0.165517
v 1.489655 0.146675 -0.165517
v 1.600000 0.000000 -0.165517
v -1.600000 0.000000 -0.275862
v -1.489655 0.146675 -0.275862
v -1.379310 0.299805 -0.275862
v -1.268965 0.302041 -0.275862
v -1.158621 0.319184 -0.275862
v -1.048276 0.344880 -0.275862
v -0.937931 0.367990 -0.275862
v -0.827586 0.379664 -0.275862
v -0.717241 0.375650 -0.275862
v -0.606897 0.357397 -0.275862
v -0.496552 0.331680 -0.275862
v -0.386207 0.308838 -0.275862
v -0.275862 0.300000 -0.275862
v -0.165517 0.300000 -0.275862
v -0.055172 0.300000 -0.275862
v 0.055172 0.300000 -0.275862
v 0.165517 0.300000 -0.275862
v 0.275862 0.300000 -0.275862
v 0.386207 0.308838 -0.275862
v 0.496552 0.331680 -0.275862
v 0.606897 0.357397 -0.275862
v 0.717241 0.375650 -0.275862
v 0.827586 0.379664 -0.275862
v 0.937931 0.367990 -0.275862
v 1.048276 0.344880 -0.275862
v 1.158621 0.319184 -0.275862
v 1.268965 0.302041 -0.275862
v 1.379310 0.299805 -0.275862
v 1.489655 0.146675 -0.275862
v 1.600000 0.000000 -0.275862
v -1.600000 0.000000 -0.386207
v -1.489655 0.146675 -0.386207
v -1.379310 0.300914 -0.386207
v -1.268965 0.322961 -0.386207
v -1.158621 0.364341 -0.386207
v -1.048276 0.411353 -0.386207
v -0.937931 0.449747 -0.386207
v -0.827586 0.468406 -0.386207
v -0.717241 0.462034 -0.386207
v -0.606897 0.432433 -0.386207
v -0.496552 0.388069 -0.386207
v -0.386207 0.342028 -0.386207
v -0.275862 0.308838 -0.386207
v -0.165517 0.300000 -0.386207
v -0.055172 0.300000 -0.386207
v 0.055172 0.300000 -0.386207
v 0.165517 0.300000 -0.386207
v 0.275862 0.308838 -0.386207
v 0.386207 0.342028 -0.386207
v 0.496552 0.388069 -0.386207
v 0.606897 0.432433 -0.386207
v 0.717241 0.462034 -0.386207
v 0.827586 0.468406 -0.386207
v 0.937931 0.449747 -0.386207
v 1.048276 0.411353 -0.386207
v 1.158621 0.364341 -0.386207
v 1.268965 0.322961 -0.386207
v 1.379310 0.300914 -0.386207
v 1.489655 0.146675 -0.386207
v 1.600000 0.000000 -0.386207
v -1.600000 0.000000 -0.496552
v -1.489655 0.146675 -0.496552
v -1.379310 0.312546 -0.496552
v -1.268965 0.357397 -0.496552
v -1.158621 0.421613 -0.496552
v -1.048276 0.488459 -0.496552
v -0.937931 0.540968 -0.496552
v -0.827586 0.566053 -0.496552
v -0.717241 0.557513 -0.496552
v -0.606897 0.517456 -0.496552
v -0.496552 0.455815 -0.496552
v -0.386207 0.388069 -0.496552
v -0.275862 0.331680 -0.496552
v -0.165517 0.302041 -0.496552
v -0.055172 0.300000 -0.496552
v 0.055172 0.300000 -0.496552
v 0.165517 0.302041 -0.496552
v 0.275862 0.331680 -0.496552
v 0.386207 0.388069 -0.496552
v 0.496552 0.455815 -0.496552
v 0.606897 0.517456 -0.496552
v 0.717241 0.557513 -0.496552
v 0.827586 0.566053 -0.496552
v 0.937931 0.540968 -0.496552
v 1.048276 0.488459 -0.496552
v 1.158621 0.421613 -0.496552
v 1.268965 0.357397 -0.496552
v 1.379310 0.312546 -0.496552
v 1.489655 0.146675 -0.496552
v 1.600000 0.000000 -0.496552
v -1.600000 0.000000 -0.606897
v -1.489655 0.147220 -0.606897
v -1.379310 0.329156 -0.606897
v -1.268965 0.392462 -0.606897
v -1.158621 0.474932 -0.606897
v -1.048276 0.557513 -0.606897
v -0.937931 0.621169 -0.606897
v -0.827586 0.651317 -0.606897
v -0.717241 0.641070 -0.606897
v -0.606897 0.592768 -0.606897
v -0.496552 0.517456 -0.606897
v -0.386207 0.432433 -0.606897
v -0.275862 0.357397 -0.606897
v -0.165517 0.310053 -0.606897
v -0.055172 0.300000 -0.606897
v 0.055172 0.300000 -0.606897
v 0.165517 0.310053 -0.606897
v 0.275862 0.357397 -0.606897
v 0.386207 0.432433 -0.606897
v 0.496552 0.517456 -0.606897
v 0.606897 0.592768 -0.606897
v 0.717241 0.641070 -0.606897
v 0.827586 0.651317 -0.606897
v 0.937931 0.621169 -0.606897
v 1.048276 0.557513 -0.606897
v 1.158621 0.474932 -0.606897
v 1.268965 0.392462 -0.606897
v 1.379310 0.329156 -0.606897
v 1.489655 0.147220 -0.606897
v 1.600000 0.000000 -0.606897
v -1.600000 0.000000 -0.717241
v -1.489655 0.149047 -0.717241
v -1.379310 0.341833 -0.717241
v -1.268965 0.416414 -0.717241
v -1.158621 0.509959 -0.717241
v -1.048276 0.602044 -0.717241
v -0.937931 0.672415 -0.717241
v -0.827586 0.705609 -0.717241
v -0.717241 0.694335 -0.717241
v -0.606897 0.641070 -0.717241
v -0.496552 0.557513 -0.717241
v -0.386207 0.462034 -0.717241
v -0.275862 0.375650 -0.717241
v -0.165517 0.317437 -0.717241
v -0.055172 0.300000 -0.717241
v 0.055172 0.300000 -0.717241
v 0.165517 0.317437 -0.717241
v 0.275862 0.375650 -0.717241
v 0.386207 0.462034 -0.717241
v 0.496552 0.557513 -0.717241
v 0.606897 0.641070 -0.717241
v 0.717241 0.694335 -0.717241
v 0.827586 0.705609 -0.717241
v 0.937931 0.672415 -0.717241
v 1.048276 0.602044 -0.717241
v 1.158621 0.509959 -0.717241
v 1.268965 0.416414 -0.717241
v 1.379310 0.341833 -0.717241
v 1.489655 0.149047 -0.717241
v 1.600000 0.000000 -0.717241
v -1.600000 0.000000 -0.827586
v -1.489655 0.149576 -0.827586
v -1.379310 0.344685 -0.827586
v -1.268965 0.421613 -0.827586
v -1.158621 0.517456 -0.827586
v -1.048276 0.611511 -0.827586
v -0.937931 0.683271 -0.827586
v -0.827586 0.717095 -0.827586
v -0.717241 0.705609 -0.827586
v -0.606897 0.651317 -0.827586
v -0.496552 0.566053 -0.827586
v -0.386207 0.468406 -0.827586
v -0.275862 0.379664 -0.827586
v -0.165517 0.319184 -0.827586
v -0.055172 0.300000 -0.827586
v 0.055172 0.300000 -0.827586
v 0.165517 0.319184 -0.827586
v 0.275862 0.379664 -0.827586
v 0.386207 0.468406 -0.827586
v 0.496552 0.566053 -0.827586
v 0.606897 0.651317 -0.827586
v 0.717241 0.705609 -0.827586
v 0.827586 0.717095 -0.827586
v 0.937931 0.683271 -0.827586
v 1.048276 0.611511 -0.827586
v 1.158621 0.517456 -0.827586
v 1.268965 0.421613 -0.827586
v 1.379310 0.344685 -0.827586
v 1.489655 0.149576 -0.827586
v 1.600000 0.000000 -0.827586
v -1.600000 0.000000 -0.937931
v -1.489655 0.148155 -0.937931
v -1.379310 0.336449 -0.937931
v -1.268965 0.406430 -0.937931
v -1.158621 0.495462 -0.937931
v -1.048276 0.583678 -0.937931
v -0.937931 0.651317 -0.937931
v -0.827586 0.683271 -0.937931
v -0.717241 0.672415 -0.937931
v -0.606897 0.621169 -0.937931
v -0.496552 0.540968 -0.937931
v -0.386207 0.449747 -0.937931
v -0.275862 0.367990 -0.937931
v -0.165517 0.314216 -0.937931
v -0.055172 0.300000 -0.937931
v 0.055172 0.300000 -0.937931
v 0.165517 0.314216 -0.937931
v 0.275862 0.367990 -0.937931
v 0.386207 0.449747 -0.937931
v 0.496552 0.540968 -0.937931
v 0.606897 0.621169 -0.937931
v 0.717241 0.672415 -0.937931
v 0.827586 0.683271 -0.937931
v 0.937931 0.651317 -0.937931
v 1.048276 0.583678 -0.937931
v 1.158621 0.495462 -0.937931
v 1.268965 0.406430 -0.937931
v 1.379310 0.336449 -0.937931
v 1.489655 0.148155 -0.937931
v 1.600000 0.000000 -0.937931
v -1.600000 0.000000 -1.048276
v -1.489655 0.146688 -1.048276
v -1.379310 0.320831 -1.048276
v -1.268965 0.375650 -1.048276
v -1.158621 0.449747 -1.048276
v -1.048276 0.525122 -1.048276
v -0.937931 0.583678 -1.048276
v -0.827586 0.611511 -1.048276
v -0.717241 0.602044 -1.048276
v -0.606897 0.557513 -1.048276
v -0.496552 0.488459 -1.048276
v -0.386207 0.411353 -1.048276
v -0.275862 0.344880 -1.048276
v -0.165517 0.305692 -1.048276
v -0.055172 0.300000 -1.048276
v 0.055172 0.300000 -1.048276
v 0.165517 0.305692 -1.048276
v 0.275862 0.344880 -1.048276
v 0.386207 0.411353 -1.048276
v 0.496552 0.488459 -1.048276
v 0.606897 0.557513 -1.048276
v 0.717241 0.602044 -1.048276
v 0.827586 0.611511 -1.048276
v 0.937931 0.583678 -1.048276
v 1.048276 0.525122 -1.048276
v 1.158621 0.449747 -1.048276
v 1.268965 0.375650 -1.048276
v 1.379310 0.320831 -1.048276
v 1.489655 0.146688 -1.048276
v 1.600000 0.000000 -1.048276
v -1.600000 0.000000 -1.158621
v -1.489655 0.146675 -1.158621
v -1.379310 0.305497 -1.158621
v -1.268965 0.339283 -1.158621
v -1.158621 0.392462 -1.158621
v -1.048276 0.449747 -1.158621
v -0.937931 0.495462 -1.158621
v -0.827586 0.517456 -1.158621
v -0.717241 0.509959 -1.158621
v -0.606897 0.474932 -1.158621
v -0.496552 0.421613 -1.158621
v -0.386207 0.364341 -1.158621
v -0.275862 0.319184 -1.158621
v -0.165517 0.300099 -1.158621
v -0.055172 0.300000 -1.158621
v 0.055172 0.300000 -1.158621
v 0.165517 0.300099 -1.158621
v 0.275862 0.319184 -1.158621
v 0.386207 0.364341 -1.158621
v 0.496552 0.421613 -1.158621
v 0.606897 0.474932 -1.158621
v 0.717241 0.509959 -1.158621
v 0.827586 0.517456 -1.158621
v 0.937931 0.495462 -1.158621
v 1.048276 0.449747 -1.158621
v 1.158621 0.392462 -1.158621
v 1.268965 0.339283 -1.158621
v 1.379310 0.305497 -1.158621
v 1.489655 0.146675 -1.158621
v 1.600000 0.000000 -1.158621
v -1.600000 0.000000 -1.268965
v -1.489655 0.146675 -1.268965
v -1.379310 0.299805 -1.268965
v -1.268965 0.310053 -1.268965
v -1.158621 0.339283 -1.268965
v -1.048276 0.375650 -1.268965
v -0.937931 0.406430 -1.268965
v -0.827586 0.421613 -1.268965
v -0.717241 0.416414 -1.268965
v -0.606897 0.392462 -1.268965
v -0.496552 0.357397 -1.268965
v -0.386207 0.322961 -1.268965
v -0.275862 0.302041 -1.268965
v -0.165517 0.300000 -1.268965
v -0.055172 0.300000 -1.268965
v 0.055172 0.300000 -1.268965
v 0.165517 0.300000 -1.268965
v 0.275862 0.302041 -1.268965
v 0.386207 0.322961 -1.268965
v 0.496552 0.357397 -1.268965
v 0.606897 0.392462 -1.268965
v 0.717241 0.416414 -1.268965
v 0.827586 0.421613 -1.268965
v 0.937931 0.406430 -1.268965
v 1.048276 0.375650 -1.268965
v 1.158621 0.339283 -1.268965
v 1.268965 0.310053 -1.268965
v 1.379310 0.299805 -1.268965
v 1.489655 0.146675 -1.268965
v 1.600000 0.000000 -1.268965
v -1.600000 0.000000 -1.379310
v -1.489655 0.146675 -1.379310
v -1.379310 0.299805 -1.379310
v -1.268965 0.299805 -1.379310
v -1.158621 0.305497 -1.379310
v -1.048276 0.320831 -1.379310
v -0.937931 0.336449 -1.379310
v -0.827586 0.344685 -1.379310
v -0.717241 0.341833 -1.379310
v -0.606897 0.329156 -1.379310
v -0.496552 0.312546 -1.379310
v -0.386207 0.300914 -1.379310
v -0.275862 0.299805 -1.379310
v -0.165517 0.299805 -1.379310
v -0.055172 0.299805 -1.379310
v 0.055172 0.299805 -1.379310
v 0.165517 0.299805 -1.379310
v 0.275862 0.299805 -1.379310
v 0.386207 0.300914 -1.379310
v 0.496552 0.312546 -1.379310
v 0.606897 0.329156 -1.379310
v 0.717241 0.341833 -1.379310
v 0.827586 0.344685 -1.379310
v 0.937931 0.336449 -1.379310
v 1.048276 0.320831 -1.379310
v 1.158621 0.305497 -1.379310
v 1.268965 0.299805 -1.379310
v 1.379310 0.299805 -1.379310
v 1.489655 0.146675 -1.379310
v 1.600000 0.000000 -1.379310
v -1.600000 0.000000 -1.489655
v -1.489655 0.146675 -1.489655
v -1.379310 0.146675 -1.489655
v -1.268965 0.146675 -1.489655
v -1.158621 0.146675 -1.489655
v -1.048276 0.146688 -1.489655
v -0.937931 0.148155 -1.489655
v -0.827586 0.149576 -1.489655
v -0.717241 0.149047 -1.489655
v -0.606897 0.147220 -1.489655
v -0.496552 0.146675 -1.489655
v -0.386207 0.146675 -1.489655
v -0.275862 0.146675 -1.489655
v -0.165517 0.146675 -1.489655
v -0.055172 0.146675 -1.489655
v 0.055172 0.146675 -1.489655
v 0.165517 0.146675 -1.489655
v 0.275862 0.146675 -1.489655
v 0.386207 0.146675 -1.489655
v 0.496552 0.146675 -1.489655
v 0.606897 0.147220 -1.489655
v 0.717241 0.149047 -1.489655
v 0.827586 0.149576 -1.489655
v 0.937931 0.148155 -1.489655
v 1.048276 0.146688 -1.489655
v 1.158621 0.146675 -1.489655
v 1.268965 0.146675 -1.489655
v 1.379310 0.146675 -1.489655
v 1.489655 0.146675 -1.489655
v 1.600000 0.000000 -1.489655
v -1.600000 0.000000 -1.600000
v -1.489655 0.000000 -1.600000
v -1.379310 0.000000 -1.600000
v -1.268965 0.000000 -1.600000
v -1.158621 0.000000 -1.600000
v -1.048276 0.000000 -1.600000
v -0.937931 0.000000 -1.600000
v -0.827586 0.000000 -1.600000
v -0.717241 0.000000 -1.600000
v -0.606897 0.000000 -1.600000
v -0.496552 0.000000 -1.600000
v -0.386207 0.000000 -1.600000
v -0.275862 0.000000 -1.600000
v -0.165517 0.000000 -1.600000
v -0.055172 0.000000 -1.600000
v 0.055172 0.000000 -1.600000
v 0.165517 0.000000 -1.600000
v 0.275862 0.000000 -1.600000
v 0.386207 0.000000 -1.600000
v 0.496552 0.000000 -1.600000
v 0.606897 0.000000 -1.600000
v 0.717241 0.000000 -1.600000
v 0.827586 0.000000 -1.600000
v 0.937931 0.000000 -1.600000
v 1.048276 0.000000 -1.600000
v 1.158621 0.000000 -1.600000
v 1.268965 0.000000 -1.600000
v 1.379310 0.000000 -1.600000
v 1.489655 0.000000 -1.600000
v 1.600000 0.000000 -1.600000
v -1.600000 0.000000 1.600000
v -1.489655 0.000000 1.600000
v -1.379310 0.000000 1.600000
v -1.268965 0.000000 1.600000
v -1.158621 0.000000 1.600000
v -1.048276 0.000000 1.600000
v -0.937931 0.000000 1.600000
v -0.827586 0.000000 1.600000
v -0.717241 0.000000 1.600000
v -0.606897 0.000000 1.600000
v -0.496552 0.000000 1.600000
v -0.386207 0.000000 1.600000
v -0.275862 0.000000 1.600000
v -0.165517 0.000000 1.600000
v -0.055172 0.000000 1.600000
v 0.055172 0.000000 1.600000
v 0.165517 0.000000 1.600000
v 0.275862 0.000000 1.600000
v 0.386207 0.000000 1.600000
v 0.496552 0.000000 1.600000
v 0.606897 0.000000 1.600000
v 0.717241 0.000000 1.600000
v 0.827586 0.000000 1.600000
v 0.937931 0.000000 1.600000
v 1.048276 0.000000 1.600000
v 1.158621 0.000000 1.600000
v 1.268965 0.000000 1.600000
v 1.379310 0.000000 1.600000
v 1.489655 0.000000 1.600000
v 1.600000 0.000000 1.600000
v 1.600000 0.000000 1.489655
v 1.600000 0.000000 1.379310
v 1.600000 0.000000 1.268965
v 1.600000 0.000000 1.158621
v 1.600000 0.000000 1.048276
v 1.600000 0.000000 0.937931
v 1.600000 0.000000 0.827586
v 1.600000 0.000000 0.717241
v 1.600000 0.000000 0.606897
v 1.600000 0.000000 0.496552
v 1.600000 0.000000 0.386207
v 1.600000 0.000000 0.275862
v 1.600000 0.000000 0.165517
v 1.600000 0.000000 0.055172
v 1.600000 0.000000 -0.055172
v 1.600000 0.000000 -0.165517
v 1.600000 0.000000 -0.275862
v 1.600000 0.000000 -0.386207
v 1.600000 0.000000 -0.496552
v 1.600000 0.000000 -0.606897
v 1.600000 0.000000 -0.717241
v 1.600000 0.000000 -0.827586
v 1.600000 0.000000 -0.937931
v 1.600000 0.000000 -1.048276
v 1.600000 0.000000 -1.158621
v 1.600000 0.000000 -1.268965
v 1.600000 0.000000 -1.379310
v 1.600000 0.000000 -1.489655
v 1.600000 0.000000 -1.600000
v 1.489655 0.000000 -1.600000
v 1.379310 0.000000 -1.600000
v 1.268965 0.000000 -1.600000
v 1.158621 0.000000 -1.600000
v 1.048276 0.000000 -1.600000
v 0.937931 0.000000 -1.600000
v 0.827586 0.000000 -1.600000
v 0.717241 0.000000 -1.600000
v 0.606897 0.000000 -1.600000
v 0.496552 0.000000 -1.600000
v 0.386207 0.000000 -1.600000
v 0.275862 0.000000 -1.600000
v 0.165517 0.000000 -1.600000
v 0.055172 0.000000 -1.600000
v -0.055172 0.000000 -1.600000
v -0.165517 0.000000 -1.600000
v -0.275862 0.000000 -1.600000
v -0.386207 0.000000 -1.600000
v -0.496552 0.000000 -1.600000
v -0.606897 0.000000 -1.600000
v -0.717241 0.000000 -1.600000
v -0.827586 0.000000 -1.600000
v -0.937931 0.000000 -1.600000
v -1.048276 0.000000 -1.600000
v -1.158621 0.000000 -1.600000
v -1.268965 0.000000 -1.600000
v -1.379310 0.000000 -1.600000
v -1.489655 0.000000 -1.600000
v -1.600000 0.000000 -1.600000
v -1.600000 0.000000 -1.489655
v -1.600000 0.000000 -1.379310
v -1.600000 0.000000 -1.268965
v -1.600000 0.000000 -1.158621
v -1.600000 0.000000 -1.048276
v -1.600000 0.000000 -0.937931
v -1.600000 0.000000 -0.827586
v -1.600000 0.000000 -0.717241
v -1.600000 0.000000 -0.606897
v -1.600000 0.000000 -0.496552
v -1.600000 0.000000 -0.386207
v -1.600000 0.000000 -0.275862
v -1.600000 0.000000 -0.165517
v -1.600000 0.000000 -0.055172
v -1.600000 0.000000 0.055172
v -1.600000 0.000000 0.165517
v -1.600000 0.000000 0.275862
v -1.600000 0.000000 0.386207
v -1.600000 0.000000 0.496552
v -1.600000 0.000000 0.606897
v -1.600000 0.000000 0.717241
v -1.600000 0.000000 0.827586
v -1.600000 0.000000 0.937931
v -1.600000 0.000000 1.048276
v -1.600000 0.000000 1.158621
v -1.600000 0.000000 1.268965
v -1.600000 0.000000 1.379310
v -1.600000 0.000000 1.489655
v 0.000000 0.000000 0.000000
vn 0.6378 -0.7352 -0.2297
vn 0.2297 -0.7352 -0.6378
vn -0.0000 -1.0000 -0.0000
vn 0.3890 -0.8351 -0.3890
vn -0.0000 -0.6012 -0.7991
vn 0.1174 -0.6694 -0.7336
vn -0.0000 -0.5929 -0.8053
vn 0.0025 -0.5883 -0.8086
vn 0.0093 -0.5739 -0.8189
vn 0.0014 -0.5986 -0.8011
vn 0.0117 -0.5566 -0.8307
vn 0.0008 -0.5953 -0.8035
vn -0.0094 -0.5501 -0.8350
vn -0.0017 -0.5966 -0.8026
vn -0.0113 -0.5650 -0.8250
vn -0.0005 -0.6002 -0.7998
vn -0.0061 -0.5822 -0.8131
vn -0.0005 -0.5920 -0.8059
vn 0.0005 -0.5920 -0.8059
vn 0.0061 -0.5822 -0.8131
vn 0.0005 -0.6002 -0.7998
vn 0.0113 -0.5650 -0.8250
vn 0.0017 -0.5966 -0.8026
vn 0.0094 -0.5501 -0.8350
vn -0.0008 -0.5953 -0.8035
vn -0.0117 -0.5566 -0.8307
vn -0.0014 -0.5986 -0.8011
vn -0.0093 -0.5739 -0.8189
vn -0.0025 -0.5883 -0.8086
vn -0.1174 -0.6694 -0.7336
vn -0.2297 -0.7352 -0.6378
vn -0.6378 -0.7352 -0.2297
vn 0.7991 -0.6012 -0.0000
vn 0.7336 -0.6694 -0.1174
vn 0.3957 -0.8288 -0.3957
vn 0.0324 -0.8701 -0.4919
vn 0.0973 -0.8102 -0.5780
vn 0.1214 -0.7457 -0.6551
vn 0.0883 -0.7020 -0.7067
vn 0.0037 -0.5468 -0.8373
vn -0.0583 -0.6891 -0.7223
vn -0.1105 -0.7208 -0.6843
vn -0.1177 -0.7762 -0.6194
vn -0.0668 -0.8429 -0.5339
vn -0.0065 -0.8859 -0.4638
vn -0.0000 -0.8897 -0.4565
vn 0.0065 -0.8859 -0.4638
vn 0.0668 -0.8429 -0.5339
vn 0.1177 -0.7762 -0.6194
vn 0.1105 -0.7208 -0.6843
vn 0.0583 -0.6891 -0.7223
vn -0.0037 -0.5468 -0.8373
vn -0.0883 -0.7020 -0.7067
vn -0.1214 -0.7457 -0.6551
vn -0.0973 -0.8102 -0.5780
vn -0.0324 -0.8701 -0.4919
vn -0.7336 -0.6694 -0.1174
vn -0.3890 -0.8351 -0.3890
vn 0.8053 -0.5929 -0.0000
vn 0.4919 -0.8701 -0.0324
vn 0.1712 -0.9703 -0.1712
vn 0.2687 -0.8980 -0.3483
vn 0.2602 -0.8370 -0.4813
vn 0.1742 -0.8033 -0.5695
vn 0.0209 -0.6827 -0.7304
vn -0.1121 -0.7951 -0.5960
vn -0.2249 -0.8169 -0.5311
vn -0.2761 -0.8643 -0.4205
vn -0.2341 -0.9355 -0.2646
vn -0.0988 -0.9911 -0.0892
vn -0.0070 -1.0000 -0.0035
vn -0.0000 -1.0000 -0.0009
vn 0.0070 -1.0000 -0.0035
vn 0.0988 -0.9911 -0.0892
vn 0.2341 -0.9355 -0.2646
vn 0.2761 -0.8643 -0.4205
vn 0.2249 -0.8169 -0.5311
vn 0.1121 -0.7951 -0.5960
vn -0.0209 -0.6827 -0.7304
vn -0.1742 -0.8033 -0.5695
vn -0.2602 -0.8370 -0.4813
vn -0.2687 -0.8980 -0.3483
vn -0.1712 -0.9703 -0.1712
vn -0.4919 -0.8701 -0.0324
vn -0.3957 -0.8288 -0.3957
vn -0.8053 -0.5929 -0.0000
vn -0.7991 -0.6012 -0.0000
vn 0.8086 -0.5883 -0.0025
vn 0.5780 -0.8102 -0.0973
vn 0.3483 -0.8980 -0.2687
vn 0.4088 -0.8159 -0.4088
vn 0.3644 -0.7722 -0.5205
vn 0.2385 -0.7605 -0.6040
vn 0.0393 -0.7915 -0.6099
vn -0.1521 -0.7605 -0.6313
vn -0.3104 -0.7635 -0.5663
vn -0.3980 -0.7891 -0.4679
vn -0.3935 -0.8530 -0.3429
vn -0.2669 -0.9456 -0.1862
vn -0.0730 -0.9966 -0.0384
vn -0.0003 -1.0000 -0.0001
vn 0.0003 -1.0000 -0.0001
vn 0.0730 -0.9966 -0.0384
vn 0.2669 -0.9456 -0.1862
vn 0.3935 -0.8530 -0.3429
vn 0.3980 -0.7891 -0.4679
vn 0.3104 -0.7635 -0.5663
vn 0.1521 -0.7605 -0.6313
vn -0.0393 -0.7915 -0.6099
vn -0.2385 -0.7605 -0.6040
vn -0.3644 -0.7722 -0.5205
vn -0.4088 -0.8159 -0.4088
vn -0.3483 -0.8980 -0.2687
vn -0.5780 -0.8102 -0.0973
vn -0.8086 -0.5883 -0.0025
vn 0.8189 -0.5739 -0.0093
vn 0.6551 -0.7457 -0.1214
vn 0.4813 -0.8370 -0.2602
vn 0.5205 -0.7722 -0.3644
vn 0.4602 -0.7592 -0.4602
vn 0.3066 -0.7817 -0.5431
vn 0.0528 -0.7613 -0.6463
vn -0.1966 -0.7958 -0.5727
vn -0.3951 -0.7678 -0.5043
vn -0.5020 -0.7598 -0.4132
vn -0.5145 -0.7980 -0.3138
vn -0.4138 -0.8876 -0.2022
vn -0.1824 -0.9804 -0.0745
vn -0.0194 -0.9998 -0.0063
vn 0.0194 -0.9998 -0.0063
vn 0.1824 -0.9804 -0.0745
vn 0.4138 -0.8876 -0.2022
vn 0.5145 -0.7980 -0.3138
vn 0.5020 -0.7598 -0.4132
vn 0.3951 -0.7678 -0.5043
vn 0.1966 -0.7958 -0.5727
vn -0.0528 -0.7613 -0.6463
vn -0.3066 -0.7817 -0.5431
vn -0.4602 -0.7592 -0.4602
vn -0.5205 -0.7722 -0.3644
vn -0.4813 -0.8370 -0.2602
vn -0.6551 -0.7457 -0.1214
vn -0.8189 -0.5739 -0.0093
vn 0.8011 -0.5986 -0.0014
vn 0.8307 -0.5566 -0.0117
vn 0.7067 -0.7020 -0.0883
vn 0.5695 -0.8033 -0.1742
vn 0.6040 -0.7605 -0.2385
vn 0.5431 -0.7817 -0.3066
vn 0.3733 -0.8493 -0.3733
vn 0.0684 -0.8049 -0.5895
vn -0.2421 -0.8846 -0.3986
vn -0.4734 -0.8120 -0.3413
vn -0.5856 -0.7636 -0.2720
vn -0.5991 -0.7737 -0.2062
vn -0.5088 -0.8492 -0.1412
vn -0.2775 -0.9583 -0.0678
vn -0.0544 -0.9985 -0.0096
vn 0.0544 -0.9985 -0.0096
vn 0.2775 -0.9583 -0.0678
vn 0.5088 -0.8492 -0.1412
vn 0.5991 -0.7737 -0.2062
vn 0.5856 -0.7636 -0.2720
vn 0.4734 -0.8120 -0.3413
vn 0.2421 -0.8846 -0.3986
vn -0.0684 -0.8049 -0.5895
vn -0.3733 -0.8493 -0.3733
vn -0.5431 -0.7817 -0.3066
vn -0.6040 -0.7605 -0.2385
vn -0.5695 -0.8033 -0.1742
vn -0.7067 -0.7020 -0.0883
vn -0.8307 -0.5566 -0.0117
vn -0.8011 -0.5986 -0.0014
vn 0.8035 -0.5953 -0.0008
vn 0.8373 -0.5468 -0.0037
vn 0.7304 -0.6827 -0.0209
vn 0.6099 -0.7915 -0.0393
vn 0.6463 -0.7613 -0.0528
vn 0.5895 -0.8049 -0.0684
vn 0.4132 -0.9067 -0.0845
vn 0.0845 -0.9067 -0.4132
vn -0.2693 -0.9588 -0.0905
vn -0.5191 -0.8513 -0.0767
vn -0.6302 -0.7741 -0.0603
vn -0.6398 -0.7672 -0.0459
vn -0.5509 -0.8339 -0.0328
vn -0.3232 -0.9462 -0.0181
vn -0.0785 -0.9969 -0.0036
vn 0.0785 -0.9969 -0.0036
vn 0.3232 -0.9462 -0.0181
vn 0.5509 -0.8339 -0.0328
vn 0.6398 -0.7672 -0.0459
vn 0.6302 -0.7741 -0.0603
vn 0.5191 -0.8513 -0.0767
vn 0.2693 -0.9588 -0.0905
vn -0.0845 -0.9067 -0.4132
vn -0.4132 -0.9067 -0.0845
vn -0.5895 -0.8049 -0.0684
vn -0.6463 -0.7613 -0.0528
vn -0.6099 -0.7915 -0.0393
vn -0.7304 -0.6827 -0.0209
vn -0.8373 -0.5468 -0.0037
vn -0.8035 -0.5953 -0.0008
vn 0.8350 -0.5501 0.0094
vn 0.7223 -0.6891 0.0583
vn 0.5960 -0.7951 0.1121
vn 0.6313 -0.7605 0.1521
vn 0.5727 -0.7958 0.1966
vn 0.3986 -0.8846 0.2421
vn 0.0905 -0.9588 0.2693
vn 0.0940 -0.9911 -0.0940
vn -0.2594 -0.9303 0.2594
vn -0.5025 -0.8361 0.2201
vn -0.6142 -0.7698 0.1737
vn -0.6255 -0.7690 0.1317
vn -0.5365 -0.8388 0.0922
vn -0.3076 -0.9503 0.0481
vn -0.0700 -0.9975 0.0083
vn 0.3076 -0.9503 0.0481
vn 0.5365 -0.8388 0.0922
vn 0.6255 -0.7690 0.1317
vn 0.6142 -0.7698 0.1737
vn 0.5025 -0.8361 0.2201
vn 0.2594 -0.9303 0.2594
vn -0.0905 -0.9588 0.2693
vn -0.0940 -0.9911 -0.0940
vn -0.3986 -0.8846 0.2421
vn -0.5727 -0.7958 0.1966
vn -0.6313 -0.7605 0.1521
vn -0.5960 -0.7951 0.1121
vn -0.7223 -0.6891 0.0583
vn -0.8350 -0.5501 0.0094
vn 0.8026 -0.5966 0.0017
vn 0.8250 -0.5650 0.0113
vn 0.6843 -0.7208 0.1105
vn 0.5311 -0.8169 0.2249
vn 0.5663 -0.7635 0.3104
vn 0.5043 -0.7678 0.3951
vn 0.3413 -0.8120 0.4734
vn 0.0767 -0.8513 0.5191
vn -0.2201 -0.8361 0.5025
vn -0.4362 -0.7870 0.4362
vn -0.5472 -0.7591 0.3527
vn -0.5617 -0.7827 0.2682
vn -0.4678 -0.8654 0.1793
vn -0.2348 -0.9689 0.0777
vn -0.0364 -0.9993 0.0091
vn 0.0700 -0.9975 0.0083
vn 0.2348 -0.9689 0.0777
vn 0.4678 -0.8654 0.1793
vn 0.5617 -0.7827 0.2682
vn 0.5472 -0.7591 0.3527
vn 0.4362 -0.7870 0.4362
vn 0.2201 -0.8361 0.5025
vn -0.0767 -0.8513 0.5191
vn -0.3413 -0.8120 0.4734
vn -0.5043 -0.7678 0.3951
vn -0.5663 -0.7635 0.3104
vn -0.5311 -0.8169 0.2249
vn -0.6843 -0.7208 0.1105
vn -0.8250 -0.5650 0.0113
vn -0.8026 -0.5966 0.0017
vn 0.7998 -0.6002 0.0005
vn 0.8131 -0.5822 0.0061
vn 0.6194 -0.7762 0.1177
vn 0.4205 -0.8643 0.2761
vn 0.4679 -0.7891 0.3980
vn 0.4132 -0.7598 0.5020
vn 0.2720 -0.7636 0.5856
vn 0.0603 -0.7741 0.6302
vn -0.1737 -0.7698 0.6142
vn -0.3527 -0.7591 0.5472
vn -0.4520 -0.7691 0.4520
vn -0.4585 -0.8211 0.3398
vn -0.3467 -0.9151 0.2058
vn -0.1256 -0.9903 0.0588
vn -0.0069 -1.0000 0.0023
vn 0.0364 -0.9993 0.0091
vn 0.1256 -0.9903 0.0588
vn 0.3467 -0.9151 0.2058
vn 0.4585 -0.8211 0.3398
vn 0.4520 -0.7691 0.4520
vn 0.3527 -0.7591 0.5472
vn 0.1737 -0.7698 0.6142
vn -0.0603 -0.7741 0.6302
vn -0.2720 -0.7636 0.5856
vn -0.4132 -0.7598 0.5020
vn -0.4679 -0.7891 0.3980
vn -0.4205 -0.8643 0.2761
vn -0.6194 -0.7762 0.1177
vn -0.8131 -0.5822 0.0061
vn -0.7998 -0.6002 0.0005
vn 0.5339 -0.8429 0.0668
vn 0.2646 -0.9355 0.2341
vn 0.3429 -0.8530 0.3935
vn 0.3138 -0.7980 0.5145
vn 0.2062 -0.7737 0.5991
vn 0.0459 -0.7672 0.6398
vn -0.1317 -0.7690 0.6255
vn -0.2682 -0.7827 0.5617
vn -0.3398 -0.8211 0.4585
vn -0.3189 -0.8926 0.3189
vn -0.1785 -0.9737 0.1418
vn -0.0323 -0.9993 0.0169
vn 0.0069 -1.0000 0.0023
vn 0.0323 -0.9993 0.0169
vn 0.1785 -0.9737 0.1418
vn 0.3189 -0.8926 0.3189
vn 0.3398 -0.8211 0.4585
vn 0.2682 -0.7827 0.5617
vn 0.1317 -0.7690 0.6255
vn -0.0459 -0.7672 0.6398
vn -0.2062 -0.7737 0.5991
vn -0.3138 -0.7980 0.5145
vn -0.3429 -0.8530 0.3935
vn -0.2646 -0.9355 0.2341
vn -0.5339 -0.8429 0.0668
vn -0.8059 -0.5920 0.0005
vn 0.8059 -0.5920 0.0005
vn 0.4638 -0.8859 0.0065
vn 0.0892 -0.9911 0.0988
vn 0.1862 -0.9456 0.2669
vn 0.2022 -0.8876 0.4138
vn 0.1412 -0.8492 0.5088
vn 0.0328 -0.8339 0.5509
vn -0.0922 -0.8388 0.5365
vn -0.1793 -0.8654 0.4678
vn -0.2058 -0.9151 0.3467
vn -0.1418 -0.9737 0.1785
vn -0.0399 -0.9984 0.0399
vn 0.0399 -0.9984 0.0399
vn 0.1418 -0.9737 0.1785
vn 0.2058 -0.9151 0.3467
vn 0.1793 -0.8654 0.4678
vn 0.0922 -0.8388 0.5365
vn -0.0328 -0.8339 0.5509
vn -0.1412 -0.8492 0.5088
vn -0.2022 -0.8876 0.4138
vn -0.1862 -0.9456 0.2669
vn -0.0892 -0.9911 0.0988
vn -0.4638 -0.8859 0.0065
vn 0.0035 -1.0000 0.0070
vn 0.0384 -0.9966 0.0730
vn 0.0745 -0.9804 0.1824
vn 0.0678 -0.9583 0.2775
vn 0.0181 -0.9462 0.3232
vn -0.0481 -0.9503 0.3076
vn -0.0777 -0.9689 0.2348
vn -0.0588 -0.9903 0.1256
vn -0.0169 -0.9993 0.0323
vn 0.0169 -0.9993 0.0323
vn 0.0588 -0.9903 0.1256
vn 0.0777 -0.9689 0.2348
vn 0.0481 -0.9503 0.3076
vn -0.0181 -0.9462 0.3232
vn -0.0678 -0.9583 0.2775
vn -0.0745 -0.9804 0.1824
vn -0.0384 -0.9966 0.0730
vn -0.0035 -1.0000 0.0070
vn -0.4565 -0.8897 -0.0000
vn 0.4565 -0.8897 -0.0000
vn 0.0001 -1.0000 0.0003
vn 0.0063 -0.9998 0.0194
vn 0.0096 -0.9985 0.0544
vn 0.0036 -0.9969 0.0785
vn -0.0083 -0.9975 0.0700
vn -0.0091 -0.9993 0.0364
vn -0.0023 -1.0000 0.0069
vn 0.0023 -1.0000 0.0069
vn 0.0091 -0.9993 0.0364
vn 0.0083 -0.9975 0.0700
vn -0.0036 -0.9969 0.0785
vn -0.0096 -0.9985 0.0544
vn -0.0063 -0.9998 0.0194
vn -0.0001 -1.0000 0.0003
vn -0.0009 -1.0000 -0.0000
vn 0.0009 -1.0000 -0.0000
vn 0.0001 -1.0000 -0.0003
vn 0.0063 -0.9998 -0.0194
vn 0.0096 -0.9985 -0.0544
vn 0.0036 -0.9969 -0.0785
vn -0.0083 -0.9975 -0.0700
vn -0.0091 -0.9993 -0.0364
vn -0.0023 -1.0000 -0.0069
vn 0.0023 -1.0000 -0.0069
vn 0.0091 -0.9993 -0.0364
vn 0.0083 -0.9975 -0.0700
vn -0.0036 -0.9969 -0.0785
vn -0.0096 -0.9985 -0.0544
vn -0.0063 -0.9998 -0.0194
vn -0.0001 -1.0000 -0.0003
vn 0.0035 -1.0000 -0.0070
vn 0.0384 -0.9966 -0.0730
vn 0.0745 -0.9804 -0.1824
vn 0.0678 -0.9583 -0.2775
vn -0.0481 -0.9503 -0.3076
vn -0.0777 -0.9689 -0.2348
vn -0.0588 -0.9903 -0.1256
vn -0.0169 -0.9993 -0.0323
vn 0.0169 -0.9993 -0.0323
vn 0.0588 -0.9903 -0.1256
vn 0.0777 -0.9689 -0.2348
vn 0.0481 -0.9503 -0.3076
vn -0.0678 -0.9583 -0.2775
vn -0.0745 -0.9804 -0.1824
vn -0.0384 -0.9966 -0.0730
vn -0.0035 -1.0000 -0.0070
vn 0.4638 -0.8859 -0.0065
vn 0.0892 -0.9911 -0.0988
vn 0.1862 -0.9456 -0.2669
vn 0.2022 -0.8876 -0.4138
vn 0.1412 -0.8492 -0.5088
vn 0.0181 -0.9462 -0.3232
vn -0.0922 -0.8388 -0.5365
vn -0.1793 -0.8654 -0.4678
vn -0.2058 -0.9151 -0.3467
vn -0.1418 -0.9737 -0.1785
vn -0.0399 -0.9984 -0.0399
vn 0.0399 -0.9984 -0.0399
vn 0.1418 -0.9737 -0.1785
vn 0.2058 -0.9151 -0.3467
vn 0.1793 -0.8654 -0.4678
vn 0.0922 -0.8388 -0.5365
vn -0.0181 -0.9462 -0.3232
vn -0.1412 -0.8492 -0.5088
vn -0.2022 -0.8876 -0.4138
vn -0.1862 -0.9456 -0.2669
vn -0.0892 -0.9911 -0.0988
vn -0.4638 -0.8859 -0.0065
vn 0.8059 -0.5920 -0.0005
vn 0.5339 -0.8429 -0.0668
vn 0.2646 -0.9355 -0.2341
vn 0.3429 -0.8530 -0.3935
vn 0.3138 -0.7980 -0.5145
vn 0.2062 -0.7737 -0.5991
vn 0.0328 -0.8339 -0.5509
vn -0.1317 -0.7690 -0.6255
vn -0.2682 -0.7827 -0.5617
vn -0.3398 -0.8211 -0.4585
vn -0.3189 -0.8926 -0.3189
vn -0.1785 -0.9737 -0.1418
vn -0.0323 -0.9993 -0.0169
vn 0.0323 -0.9993 -0.0169
vn 0.1785 -0.9737 -0.1418
vn 0.3189 -0.8926 -0.3189
vn 0.3398 -0.8211 -0.4585
vn 0.2682 -0.7827 -0.5617
vn 0.1317 -0.7690 -0.6255
vn -0.0328 -0.8339 -0.5509
vn -0.2062 -0.7737 -0.5991
vn -0.3138 -0.7980 -0.5145
vn -0.3429 -0.8530 -0.3935
vn -0.2646 -0.9355 -0.2341
vn -0.5339 -0.8429 -0.0668
vn -0.8059 -0.5920 -0.0005
vn 0.8131 -0.5822 -0.0061
vn 0.6194 -0.7762 -0.1177
vn 0.4205 -0.8643 -0.2761
vn 0.4679 -0.7891 -0.3980
vn 0.4132 -0.7598 -0.5020
vn 0.2720 -0.7636 -0.5856
vn 0.0459 -0.7672 -0.6398
vn -0.1737 -0.7698 -0.6142
vn -0.3527 -0.7591 -0.5472
vn -0.4520 -0.7691 -0.4520
vn -0.4585 -0.8211 -0.3398
vn -0.3467 -0.9151 -0.2058
vn -0.1256 -0.9903 -0.0588
vn -0.0069 -1.0000 -0.0023
vn 0.0069 -1.0000 -0.0023
vn 0.1256 -0.9903 -0.0588
vn 0.3467 -0.9151 -0.2058
vn 0.4585 -0.8211 -0.3398
vn 0.4520 -0.7691 -0.4520
vn 0.3527 -0.7591 -0.5472
vn 0.1737 -0.7698 -0.6142
vn -0.0459 -0.7672 -0.6398
vn -0.2720 -0.7636 -0.5856
vn -0.4132 -0.7598 -0.5020
vn -0.4679 -0.7891 -0.3980
vn -0.4205 -0.8643 -0.2761
vn -0.6194 -0.7762 -0.1177
vn -0.8131 -0.5822 -0.0061
vn 0.7998 -0.6002 -0.0005
vn 0.8250 -0.5650 -0.0113
vn 0.6843 -0.7208 -0.1105
vn 0.5311 -0.8169 -0.2249
vn 0.5663 -0.7635 -0.3104
vn 0.5043 -0.7678 -0.3951
vn 0.3413 -0.8120 -0.4734
vn 0.0603 -0.7741 -0.6302
vn -0.2201 -0.8361 -0.5025
vn -0.4362 -0.7870 -0.4362
vn -0.5472 -0.7591 -0.3527
vn -0.5617 -0.7827 -0.2682
vn -0.4678 -0.8654 -0.1793
vn -0.2348 -0.9689 -0.0777
vn -0.0364 -0.9993 -0.0091
vn 0.0364 -0.9993 -0.0091
vn 0.2348 -0.9689 -0.0777
vn 0.4678 -0.8654 -0.1793
vn 0.5617 -0.7827 -0.2682
vn 0.5472 -0.7591 -0.3527
vn 0.4362 -0.7870 -0.4362
vn 0.2201 -0.8361 -0.5025
vn -0.0603 -0.7741 -0.6302
vn -0.3413 -0.8120 -0.4734
vn -0.5043 -0.7678 -0.3951
vn -0.5663 -0.7635 -0.3104
vn -0.5311 -0.8169 -0.2249
vn -0.6843 -0.7208 -0.1105
vn -0.8250 -0.5650 -0.0113
vn -0.7998 -0.6002 -0.0005
vn 0.8026 -0.5966 -0.0017
vn 0.8350 -0.5501 -0.0094
vn 0.7223 -0.6891 -0.0583
vn 0.5960 -0.7951 -0.1121
vn 0.6313 -0.7605 -0.1521
vn 0.5727 -0.7958 -0.1966
vn 0.3986 -0.8846 -0.2421
vn 0.0767 -0.8513 -0.5191
vn -0.2594 -0.9303 -0.2594
vn -0.5025 -0.8361 -0.2201
vn -0.6142 -0.7698 -0.1737
vn -0.6255 -0.7690 -0.1317
vn -0.5365 -0.8388 -0.0922
vn -0.3076 -0.9503 -0.0481
vn -0.0700 -0.9975 -0.0083
vn 0.0700 -0.9975 -0.0083
vn 0.3076 -0.9503 -0.0481
vn 0.5365 -0.8388 -0.0922
vn 0.6255 -0.7690 -0.1317
vn 0.6142 -0.7698 -0.1737
vn 0.5025 -0.8361 -0.2201
vn 0.2594 -0.9303 -0.2594
vn -0.0767 -0.8513 -0.5191
vn -0.3986 -0.8846 -0.2421
vn -0.5727 -0.7958 -0.1966
vn -0.6313 -0.7605 -0.1521
vn -0.5960 -0.7951 -0.1121
vn -0.7223 -0.6891 -0.0583
vn -0.8350 -0.5501 -0.0094
vn -0.8026 -0.5966 -0.0017
vn 0.8035 -0.5953 0.0008
vn 0.8373 -0.5468 0.0037
vn 0.7304 -0.6827 0.0209
vn 0.6099 -0.7915 0.0393
vn 0.6463 -0.7613 0.0528
vn 0.5895 -0.8049 0.0684
vn 0.4132 -0.9067 0.0845
vn 0.0905 -0.9588 -0.2693
vn -0.2693 -0.9588 0.0905
vn -0.5191 -0.8513 0.0767
vn -0.6302 -0.7741 0.0603
vn -0.6398 -0.7672 0.0459
vn -0.5509 -0.8339 0.0328
vn -0.3232 -0.9462 0.0181
vn -0.0785 -0.9969 0.0036
vn 0.0785 -0.9969 0.0036
vn 0.3232 -0.9462 0.0181
vn 0.5509 -0.8339 0.0328
vn 0.6398 -0.7672 0.0459
vn 0.6302 -0.7741 0.0603
vn 0.5191 -0.8513 0.0767
vn 0.2693 -0.9588 0.0905
vn -0.0905 -0.9588 -0.2693
vn -0.4132 -0.9067 0.0845
vn -0.5895 -0.8049 0.0684
vn -0.6463 -0.7613 0.0528
vn -0.6099 -0.7915 0.0393
vn -0.7304 -0.6827 0.0209
vn -0.8373 -0.5468 0.0037
vn -0.8035 -0.5953 0.0008
vn 0.8307 -0.5566 0.0117
vn 0.7067 -0.7020 0.0883
vn 0.5695 -0.8033 0.1742
vn 0.6040 -0.7605 0.2385
vn 0.5431 -0.7817 0.3066
vn 0.3733 -0.8493 0.3733
vn 0.0845 -0.9067 0.4132
vn 0.0940 -0.9911 0.0940
vn -0.2421 -0.8846 0.3986
vn -0.4734 -0.8120 0.3413
vn -0.5856 -0.7636 0.2720
vn -0.5991 -0.7737 0.2062
vn -0.5088 -0.8492 0.1412
vn -0.2775 -0.9583 0.0678
vn -0.0544 -0.9985 0.0096
vn 0.2775 -0.9583 0.0678
vn 0.5088 -0.8492 0.1412
vn 0.5991 -0.7737 0.2062
vn 0.5856 -0.7636 0.2720
vn 0.4734 -0.8120 0.3413
vn 0.2421 -0.8846 0.3986
vn -0.0845 -0.9067 0.4132
vn -0.0940 -0.9911 0.0940
vn -0.3733 -0.8493 0.3733
vn -0.5431 -0.7817 0.3066
vn -0.6040 -0.7605 0.2385
vn -0.5695 -0.8033 0.1742
vn -0.7067 -0.7020 0.0883
vn -0.8307 -0.5566 0.0117
vn 0.8011 -0.5986 0.0014
vn 0.8189 -0.5739 0.0093
vn 0.6551 -0.7457 0.1214
vn 0.4813 -0.8370 0.2602
vn 0.5205 -0.7722 0.3644
vn 0.4602 -0.7592 0.4602
vn 0.3066 -0.7817 0.5431
vn 0.0684 -0.8049 0.5895
vn -0.1966 -0.7958 0.5727
vn -0.3951 -0.7678 0.5043
vn -0.5020 -0.7598 0.4132
vn -0.5145 -0.7980 0.3138
vn -0.4138 -0.8876 0.2022
vn -0.1824 -0.9804 0.0745
vn -0.0194 -0.9998 0.0063
vn 0.0544 -0.9985 0.0096
vn 0.1824 -0.9804 0.0745
vn 0.4138 -0.8876 0.2022
vn 0.5145 -0.7980 0.3138
vn 0.5020 -0.7598 0.4132
vn 0.3951 -0.7678 0.5043
vn 0.1966 -0.7958 0.5727
vn -0.0684 -0.8049 0.5895
vn -0.3066 -0.7817 0.5431
vn -0.4602 -0.7592 0.4602
vn -0.5205 -0.7722 0.3644
vn -0.4813 -0.8370 0.2602
vn -0.6551 -0.7457 0.1214
vn -0.8189 -0.5739 0.0093
vn -0.8011 -0.5986 0.0014
vn 0.8086 -0.5883 0.0025
vn 0.5780 -0.8102 0.0973
vn 0.3483 -0.8980 0.2687
vn 0.4088 -0.8159 0.4088
vn 0.3644 -0.7722 0.5205
vn 0.2385 -0.7605 0.6040
vn 0.0528 -0.7613 0.6463
vn -0.1521 -0.7605 0.6313
vn -0.3104 -0.7635 0.5663
vn -0.3980 -0.7891 0.4679
vn -0.3935 -0.8530 0.3429
vn -0.2669 -0.9456 0.1862
vn -0.0730 -0.9966 0.0384
vn -0.0003 -1.0000 0.0001
vn 0.0194 -0.9998 0.0063
vn 0.0730 -0.9966 0.0384
vn 0.2669 -0.9456 0.1862
vn 0.3935 -0.8530 0.3429
vn 0.3980 -0.7891 0.4679
vn 0.3104 -0.7635 0.5663
vn 0.1521 -0.7605 0.6313
vn -0.0528 -0.7613 0.6463
vn -0.2385 -0.7605 0.6040
vn -0.3644 -0.7722 0.5205
vn -0.4088 -0.8159 0.4088
vn -0.3483 -0.8980 0.2687
vn -0.5780 -0.8102 0.0973
vn -0.8086 -0.5883 0.0025
vn 0.4919 -0.8701 0.0324
vn 0.1712 -0.9703 0.1712
vn 0.2687 -0.8980 0.3483
vn 0.2602 -0.8370 0.4813
vn 0.1742 -0.8033 0.5695
vn 0.0393 -0.7915 0.6099
vn -0.1121 -0.7951 0.5960
vn -0.2249 -0.8169 0.5311
vn -0.2761 -0.8643 0.4205
vn -0.2341 -0.9355 0.2646
vn -0.0988 -0.9911 0.0892
vn -0.0070 -1.0000 0.0035
vn -0.0000 -1.0000 0.0009
vn 0.0003 -1.0000 0.0001
vn 0.0070 -1.0000 0.0035
vn 0.0988 -0.9911 0.0892
vn 0.2341 -0.9355 0.2646
vn 0.2761 -0.8643 0.4205
vn 0.2249 -0.8169 0.5311
vn 0.1121 -0.7951 0.5960
vn -0.0393 -0.7915 0.6099
vn -0.1742 -0.8033 0.5695
vn -0.2602 -0.8370 0.4813
vn -0.2687 -0.8980 0.3483
vn -0.1712 -0.9703 0.1712
vn -0.4919 -0.8701 0.0324
vn 0.7336 -0.6694 0.1174
vn 0.0324 -0.8701 0.4919
vn 0.0973 -0.8102 0.5780
vn 0.1214 -0.7457 0.6551
vn 0.0883 -0.7020 0.7067
vn 0.0209 -0.6827 0.7304
vn -0.0583 -0.6891 0.7223
vn -0.1105 -0.7208 0.6843
vn -0.1177 -0.7762 0.6194
vn -0.0668 -0.8429 0.5339
vn -0.0065 -0.8859 0.4638
vn -0.0000 -0.8897 0.4565
vn 0.0065 -0.8859 0.4638
vn 0.0668 -0.8429 0.5339
vn 0.1177 -0.7762 0.6194
vn 0.1105 -0.7208 0.6843
vn 0.0583 -0.6891 0.7223
vn -0.0209 -0.6827 0.7304
vn -0.0883 -0.7020 0.7067
vn -0.1214 -0.7457 0.6551
vn -0.0973 -0.8102 0.5780
vn -0.0324 -0.8701 0.4919
vn -0.3957 -0.8288 0.3957
vn -0.7336 -0.6694 0.1174
vn 0.6378 -0.7352 0.2297
vn 0.1174 -0.6694 0.7336
vn 0.3957 -0.8288 0.3957
vn 0.0025 -0.5883 0.8086
vn 0.0093 -0.5739 0.8189
vn 0.0117 -0.5566 0.8307
vn 0.0037 -0.5468 0.8373
vn -0.0094 -0.5501 0.8350
vn -0.0113 -0.5650 0.8250
vn -0.0061 -0.5822 0.8131
vn -0.0005 -0.5920 0.8059
vn -0.0000 -0.5929 0.8053
vn 0.0005 -0.5920 0.8059
vn 0.0061 -0.5822 0.8131
vn 0.0113 -0.5650 0.8250
vn 0.0094 -0.5501 0.8350
vn -0.0037 -0.5468 0.8373
vn -0.0117 -0.5566 0.8307
vn -0.0093 -0.5739 0.8189
vn -0.0025 -0.5883 0.8086
vn -0.1174 -0.6694 0.7336
vn -0.3890 -0.8351 0.3890
vn 0.2297 -0.7352 0.6378
vn 0.3890 -0.8351 0.3890
vn -0.0000 -0.6012 0.7991
vn 0.0014 -0.5986 0.8011
vn 0.0008 -0.5953 0.8035
vn -0.0017 -0.5966 0.8026
vn -0.0005 -0.6002 0.7998
vn 0.0005 -0.6002 0.7998
vn 0.0017 -0.5966 0.8026
vn -0.0008 -0.5953 0.8035
vn -0.0014 -0.5986 0.8011
vn -0.2297 -0.7352 0.6378
vn -0.6378 -0.7352 0.2297
vn -0.0000 1.0000 -0.0000
s 1
f 31//1 2//2 1//3
f 32//4 3//5 2//2
f 33//6 4//5 3//5
f 34//7 5//5 4//5
f 35//8 6//5 5//5
f 36//9 7//10 6//5
f 37//11 8//12 7//10
f 8//12 39//13 9//14
f 9//14 40//15 10//16
f 10//16 41//17 11//5
f 41//17 12//5 11//5
f 42//18 13//5 12//5
f 43//7 14//5 13//5
f 44//7 15//5 14//5
f 45//7 16//5 15//5
f 46//7 17//5 16//5
f 47//7 18//5 17//5
f 48//7 19//5 18//5
f 49//19 20//5 19//5
f 50//20 21//21 20//5
f 51//22 22//23 21//21
f 52//24 23//25 22//23
f 23//25 54//26 24//27
f 24//27 55//28 25//5
f 25//5 56//29 26//5
f 56//29 27//5 26//5
f 57//7 28//5 27//5
f 58//30 29//31 28//5
f 29//31 60//32 30//3
f 61//33 32//4 31//1
f 62//34 33//6 32//4
f 63//35 34//7 33//6
f 64//36 35//8 34//7
f 65//37 36//9 35//8
f 66//38 37//11 36//9
f 67//39 38//40 37//11
f 38//40 69//41 39//13
f 39//13 70//42 40//15
f 40//15 71//43 41//17
f 41//17 72//44 42//18
f 42//18 73//45 43//7
f 73//45 44//7 43//7
f 74//46 45//7 44//7
f 75//46 46//7 45//7
f 76//46 47//7 46//7
f 77//46 48//7 47//7
f 78//47 49//19 48//7
f 79//48 50//20 49//19
f 80//49 51//22 50//20
f 81//50 52//24 51//22
f 82//51 53//52 52//24
f 53//52 84//53 54//26
f 54//26 85//54 55//28
f 55//28 86//55 56//29
f 56//29 87//56 57//7
f 87//56 58//30 57//7
f 58//30 89//57 59//58
f 89//57 60//32 59//58
f 91//33 62//34 61//33
f 92//59 63//35 62//34
f 93//60 64//36 63//35
f 94//61 65//37 64//36
f 95//62 66//38 65//37
f 96//63 67//39 66//38
f 97//64 68//65 67//39
f 68//65 99//66 69//41
f 69//41 100//67 70//42
f 70//42 101//68 71//43
f 71//43 102//69 72//44
f 72//44 103//70 73//45
f 73//45 104//71 74//46
f 104//71 75//46 74//46
f 105//72 76//46 75//46
f 106//72 77//46 76//46
f 107//73 78//47 77//46
f 108//74 79//48 78//47
f 109//75 80//49 79//48
f 110//76 81//50 80//49
f 111//77 82//51 81//50
f 112//78 83//79 82//51
f 83//79 114//80 84//53
f 84//53 115//81 85//54
f 85//54 116//82 86//55
f 86//55 117//83 87//56
f 87//56 118//84 88//85
f 118//84 89//57 88//85
f 119//86 90//87 89//57
f 121//33 92//59 91//33
f 122//88 93//60 92//59
f 123//89 94//61 93//60
f 124//90 95//62 94//61
f 125//91 96//63 95//62
f 126//92 97//64 96//63
f 127//93 98//94 97//64
f 98//94 129//95 99//66
f 99//66 130//96 100//67
f 100//67 131//97 101//68
f 101//68 132//98 102//69
f 102//69 133//99 103//70
f 103//70 134//100 104//71
f 104//71 135//101 105//72
f 135//101 106//72 105//72
f 136//102 107//73 106//72
f 137//103 108//74 107//73
f 138//104 109//75 108//74
f 139//105 110//76 109//75
f 140//106 111//77 110//76
f 141//107 112//78 111//77
f 142//108 113//109 112//78
f 113//109 144//110 114//80
f 114//80 145//111 115//81
f 115//81 146//112 116//82
f 116//82 147//113 117//83
f 117//83 148//114 118//84
f 118//84 149//115 119//86
f 149//115 120//87 119//86
f 151//33 122//88 121//33
f 152//116 123//89 122//88
f 153//117 124//90 123//89
f 154//118 125//91 124//90
f 155//119 126//92 125//91
f 156//120 127//93 126//92
f 157//121 128//122 127//93
f 128//122 159//123 129//95
f 129//95 160//124 130//96
f 130//96 161//125 131//97
f 131//97 162//126 132//98
f 132//98 163//127 133//99
f 133//99 164//128 134//100
f 134//100 165//129 135//101
f 165//129 136//102 135//101
f 166//130 137//103 136//102
f 167//131 138//104 137//103
f 168//132 139//105 138//104
f 169//133 140//106 139//105
f 170//134 141//107 140//106
f 171//135 142//108 141//107
f 172//136 143//137 142//108
f 143//137 174//138 144//110
f 144//110 175//139 145//111
f 145//111 176//140 146//112
f 146//112 177//141 147//113
f 147//113 178//142 148//114
f 148//114 179//143 149//115
f 149//115 180//87 150//87
f 181//144 152//116 151//33
f 182//145 153//117 152//116
f 183//146 154//118 153//117
f 184//147 155//119 154//118
f 185//148 156//120 155//119
f 186//149 157//121 156//120
f 187//150 158//151 157//121
f 158//151 189//152 159//123
f 159//123 190//153 160//124
f 160//124 191//154 161//125
f 161//125 192//155 162//126
f 162//126 193//156 163//127
f 163//127 194//157 164//128
f 164//128 195//158 165//129
f 195//158 166//130 165//129
f 196//159 167//131 166//130
f 197//160 168//132 167//131
f 198//161 169//133 168//132
f 199//162 170//134 169//133
f 200//163 171//135 170//134
f 201//164 172//136 171//135
f 202//165 173//166 172//136
f 173//166 204//167 174//138
f 174//138 205//168 175//139
f 175//139 206//169 176//140
f 176//140 207//170 177//141
f 177//141 208//171 178//142
f 178//142 209//172 179//143
f 179//143 210//173 180//87
f 211//174 182//145 181//144
f 212//175 183//146 182//145
f 213//176 184//147 183//146
f 214//177 185//148 184//147
f 215//178 186//149 185//148
f 216//179 187//150 186//149
f 217//180 188//181 187//150
f 188//181 219//182 189//152
f 189//152 220//183 190//153
f 190//153 221//184 191//154
f 191//154 222//185 192//155
f 192//155 223//186 193//156
f 193//156 224//187 194//157
f 194//157 225//188 195//158
f 225//188 196//159 195//158
f 226//189 197//160 196//159
f 227//190 198//161 197//160
f 228//191 199//162 198//161
f 229//192 200//163 199//162
f 230//193 201//164 200//163
f 231//194 202//165 201//164
f 232//195 203//196 202//165
f 203//196 234//197 204//167
f 204//167 235//198 205//168
f 205//168 236//199 206//169
f 206//169 237//200 207//170
f 207//170 238//201 208//171
f 208//171 239//202 209//172
f 209//172 240//203 210//173
f 211//174 242//204 212//175
f 212//175 243//205 213//176
f 213//176 244//206 214//177
f 214//177 245//207 215//178
f 215//178 246//208 216//179
f 216//179 247//209 217//180
f 217//180 248//210 218//211
f 248//210 219//182 218//211
f 249//212 220//183 219//182
f 250//213 221//184 220//183
f 251//214 222//185 221//184
f 252//215 223//186 222//185
f 253//216 224//187 223//186
f 254//217 225//188 224//187
f 255//218 226//189 225//188
f 226//189 257//219 227//190
f 227//190 258//220 228//191
f 228//191 259//221 229//192
f 229//192 260//222 230//193
f 230//193 261//223 231//194
f 231//194 262//224 232//195
f 232//195 263//225 233//226
f 263//225 234//197 233//226
f 264//227 235//198 234//197
f 265//228 236//199 235//198
f 266//229 237//200 236//199
f 267//230 238//201 237//200
f 268//231 239//202 238//201
f 269//232 240//203 239//202
f 241//233 272//234 242//204
f 242//204 273//235 243//205
f 243//205 274//236 244//206
f 244//206 275//237 245//207
f 245//207 276//238 246//208
f 246//208 277//239 247//209
f 247//209 278//240 248//210
f 278//240 249//212 248//210
f 279//241 250//213 249//212
f 280//242 251//214 250//213
f 281//243 252//215 251//214
f 282//244 253//216 252//215
f 283//245 254//217 253//216
f 284//246 255//218 254//217
f 285//247 256//248 255//218
f 256//248 287//249 257//219
f 257//219 288//250 258//220
f 258//220 289//251 259//221
f 259//221 290//252 260//222
f 260//222 291//253 261//223
f 261//223 292//254 262//224
f 262//224 293//255 263//225
f 293//255 264//227 263//225
f 294//256 265//228 264//227
f 295//257 266//229 265//228
f 296//258 267//230 266//229
f 297//259 268//231 267//230
f 298//260 269//232 268//231
f 299//261 270//262 269//232
f 271//263 302//264 272//234
f 272//234 303//265 273//235
f 273//235 304//266 274//236
f 274//236 305//267 275//237
f 275//237 306//268 276//238
f 276//238 307//269 277//239
f 277//239 308//270 278//240
f 308//270 279//241 278//240
f 309//271 280//242 279//241
f 310//272 281//243 280//242
f 311//273 282//244 281//243
f 312//274 283//245 282//244
f 313//275 284//246 283//245
f 314//276 285//247 284//246
f 315//277 286//278 285//247
f 286//278 317//279 287//249
f 287//249 318//280 288//250
f 288//250 319//281 289//251
f 289//251 320//282 290//252
f 290//252 321//283 291//253
f 291//253 322//284 292//254
f 292//254 323//285 293//255
f 323//285 294//256 293//255
f 324//286 295//257 294//256
f 325//287 296//258 295//257
f 326//288 297//259 296//258
f 327//289 298//260 297//259
f 328//290 299//261 298//260
f 329//291 300//292 299//261
f 331//33 302//264 301//33
f 302//264 333//293 303//265
f 303//265 334//294 304//266
f 304//266 335//295 305//267
f 305//267 336//296 306//268
f 306//268 337//297 307//269
f 307//269 338//298 308//270
f 338//298 309//271 308//270
f 339//299 310//272 309//271
f 340//300 311//273 310//272
f 341//301 312//274 311//273
f 342//302 313//275 312//274
f 343//303 314//276 313//275
f 344//304 315//277 314//276
f 345//3 316//305 315//277
f 316//305 347//306 317//279
f 317//279 348//307 318//280
f 318//280 349//308 319//281
f 319//281 350//309 320//282
f 320//282 351//310 321//283
f 321//283 352//311 322//284
f 322//284 353//312 323//285
f 353//312 324//286 323//285
f 354//313 325//287 324//286
f 355//314 326//288 325//287
f 356//315 327//289 326//288
f 357//316 328//290 327//289
f 358//317 329//291 328//290
f 359//318 330//87 329//291
f 361//33 332//319 331//33
f 332//319 363//320 333//293
f 333//293 364//321 334//294
f 334//294 365//322 335//295
f 335//295 366//323 336//296
f 336//296 367//324 337//297
f 337//297 368//325 338//298
f 368//325 339//299 338//298
f 369//326 340//300 339//299
f 370//327 341//301 340//300
f 371//328 342//302 341//301
f 372//329 343//303 342//302
f 373//330 344//304 343//303
f 374//3 345//3 344//304
f 375//3 346//3 345//3
f 376//3 347//306 346//3
f 347//306 378//331 348//307
f 348//307 379//332 349//308
f 349//308 380//333 350//309
f 350//309 381//334 351//310
f 351//310 382//335 352//311
f 352//311 383//336 353//312
f 383//336 354//313 353//312
f 384//337 355//314 354//313
f 385//338 356//315 355//314
f 386//339 357//316 356//315
f 387//340 358//317 357//316
f 388//341 359//318 358//317
f 389//86 360//87 359//318
f 391//33 362//59 361//33
f 392//59 363//320 362//59
f 363//320 394//342 364//321
f 364//321 395//343 365//322
f 365//322 396//344 366//323
f 366//323 397//345 367//324
f 367//324 398//346 368//325
f 398//346 369//326 368//325
f 399//347 370//327 369//326
f 400//348 371//328 370//327
f 401//349 372//329 371//328
f 402//350 373//330 372//329
f 403//3 374//3 373//330
f 404//3 375//3 374//3
f 405//3 376//3 375//3
f 406//3 377//3 376//3
f 407//3 378//331 377//3
f 378//331 409//351 379//332
f 379//332 410//352 380//333
f 380//333 411//353 381//334
f 381//334 412//354 382//335
f 382//335 413//355 383//336
f 413//355 384//337 383//336
f 414//356 385//338 384//337
f 415//357 386//339 385//338
f 416//358 387//340 386//339
f 417//359 388//341 387//340
f 418//360 389//86 388//341
f 419//86 390//87 389//86
f 421//33 392//59 391//33
f 422//59 393//361 392//59
f 423//361 394//342 393//361
f 394//342 425//362 395//343
f 395//343 426//363 396//344
f 396//344 427//364 397//345
f 397//345 428//365 398//346
f 428//365 399//347 398//346
f 429//366 400//348 399//347
f 430//367 401//349 400//348
f 431//368 402//350 401//349
f 432//3 403//3 402//350
f 433//3 404//3 403//3
f 434//3 405//3 404//3
f 435//3 406//3 405//3
f 436//3 407//3 406//3
f 437//3 408//3 407//3
f 438//3 409//351 408//3
f 409//351 440//369 410//352
f 410//352 441//370 411//353
f 411//353 442//371 412//354
f 412//354 443//372 413//355
f 443//372 414//356 413//355
f 444//373 415//357 414//356
f 445//374 416//358 415//357
f 446//375 417//359 416//358
f 447//376 418//360 417//359
f 448//360 419//86 418//360
f 449//86 420//87 419//86
f 451//33 422//59 421//33
f 452//59 423//361 422//59
f 453//361 424//377 423//361
f 454//377 425//362 424//377
f 455//378 426//363 425//362
f 456//379 427//364 426//363
f 457//380 428//365 427//364
f 458//381 429//366 428//365
f 459//382 430//367 429//366
f 460//383 431//368 430//367
f 461//384 432//3 431//368
f 462//3 433//3 432//3
f 463//3 434//3 433//3
f 464//3 435//3 434//3
f 465//3 436//3 435//3
f 466//3 437//3 436//3
f 467//3 438//3 437//3
f 468//3 439//3 438//3
f 469//3 440//369 439//3
f 470//385 441//370 440//369
f 471//386 442//371 441//370
f 472//387 443//372 442//371
f 473//388 444//373 443//372
f 474//389 445//374 444//373
f 475//390 446//375 445//374
f 476//391 447//376 446//375
f 477//376 448//360 447//376
f 478//360 449//86 448//360
f 479//86 450//87 449//86
f 481//33 452//59 451//33
f 482//59 453//361 452//59
f 483//361 454//377 453//361
f 484//392 455//378 454//377
f 485//393 456//379 455//378
f 486//394 457//380 456//379
f 487//395 458//381 457//380
f 458//381 489//396 459//382
f 459//382 490//397 460//383
f 460//383 491//398 461//384
f 461//384 492//399 462//3
f 492//399 463//3 462//3
f 493//3 464//3 463//3
f 494//3 465//3 464//3
f 495//3 466//3 465//3
f 496//3 467//3 466//3
f 497//3 468//3 467//3
f 498//3 469//3 468//3
f 499//400 470//385 469//3
f 500//401 471//386 470//385
f 501//402 472//387 471//386
f 502//403 473//388 472//387
f 473//388 504//404 474//389
f 474//389 505//405 475//390
f 475//390 506//406 476//391
f 476//391 507//407 477//376
f 507//407 478//360 477//376
f 508//360 479//86 478//360
f 509//86 480//87 479//86
f 511//33 482//59 481//33
f 512//59 483//361 482//59
f 513//408 484//392 483//361
f 514//409 485//393 484//392
f 515//410 486//394 485//393
f 516//411 487//395 486//394
f 517//412 488//413 487//395
f 488//413 519//414 489//396
f 489//396 520//415 490//397
f 490//397 521//416 491//398
f 491//398 522//417 492//399
f 492//399 523//418 493//3
f 523//418 494//3 493//3
f 524//3 495//3 494//3
f 525//3 496//3 495//3
f 526//3 497//3 496//3
f 527//3 498//3 497//3
f 528//419 499//400 498//3
f 529//420 500//401 499//400
f 530//421 501//402 500//401
f 531//422 502//403 501//402
f 532//423 503//424 502//403
f 503//424 534//425 504//404
f 504//404 535//426 505//405
f 505//405 536//427 506//406
f 506//406 537//428 507//407
f 507//407 538//429 508//360
f 538//429 509//86 508//360
f 539//86 510//87 509//86
f 541//33 512//59 511//33
f 542//430 513//408 512//59
f 543//431 514//409 513//408
f 544//432 515//410 514//409
f 545//433 516//411 515//410
f 546//434 517//412 516//411
f 547//435 518//436 517//412
f 518//436 549//437 519//414
f 519//414 550//438 520//415
f 520//415 551//439 521//416
f 521//416 552//440 522//417
f 522//417 553//441 523//418
f 523//418 554//442 524//3
f 554//442 525//3 524//3
f 555//3 526//3 525//3
f 556//3 527//3 526//3
f 557//443 528//419 527//3
f 558//444 529//420 528//419
f 559//445 530//421 529//420
f 560//446 531//422 530//421
f 561//447 532//423 531//422
f 562//448 533//449 532//423
f 533//449 564//450 534//425
f 534//425 565//451 535//426
f 535//426 566//452 536//427
f 536//427 567//453 537//428
f 537//428 568//454 538//429
f 538//429 569//455 539//86
f 569//455 540//87 539//86
f 571//33 542//430 541//33
f 572//456 543//431 542//430
f 573//457 544//432 543//431
f 574//458 545//433 544//432
f 575//459 546//434 545//433
f 576//460 547//435 546//434
f 577//461 548//462 547//435
f 548//462 579//463 549//437
f 549//437 580//464 550//438
f 550//438 581//465 551//439
f 551//439 582//466 552//440
f 552//440 583//467 553//441
f 553//441 584//468 554//442
f 554//442 585//469 555//3
f 585//469 556//3 555//3
f 586//470 557//443 556//3
f 587//471 558//444 557//443
f 588//472 559//445 558//444
f 589//473 560//446 559//445
f 590//474 561//447 560//446
f 591//475 562//448 561//447
f 592//476 563//477 562//448
f 563//477 594//478 564//450
f 564//450 595//479 565//451
f 565//451 596//480 566//452
f 566//452 597//481 567//453
f 567//453 598//482 568//454
f 568//454 599//483 569//455
f 599//483 570//87 569//455
f 601//484 572//456 571//33
f 602//485 573//457 572//456
f 603//486 574//458 573//457
f 604//487 575//459 574//458
f 605//488 576//460 575//459
f 606//489 577//461 576//460
f 607//490 578//491 577//461
f 578//491 609//492 579//463
f 579//463 610//493 580//464
f 580//464 611//494 581//465
f 581//465 612//495 582//466
f 582//466 613//496 583//467
f 583//467 614//497 584//468
f 584//468 615//498 585//469
f 615//498 586//470 585//469
f 616//499 587//471 586//470
f 617//500 588//472 587//471
f 618//501 589//473 588//472
f 619//502 590//474 589//473
f 620//503 591//475 590//474
f 621//504 592//476 591//475
f 622//505 593//506 592//476
f 593//506 624//507 594//478
f 594//478 625//508 595//479
f 595//479 626//509 596//480
f 596//480 627//510 597//481
f 597//481 628//511 598//482
f 598//482 629//512 599//483
f 599//483 630//513 600//87
f 631//514 602//485 601//484
f 632//515 603//486 602//485
f 633//516 604//487 603//486
f 634//517 605//488 604//487
f 635//518 606//489 605//488
f 636//519 607//490 606//489
f 637//520 608//521 607//490
f 608//521 639//522 609//492
f 609//492 640//523 610//493
f 610//493 641//524 611//494
f 611//494 642//525 612//495
f 612//495 643//526 613//496
f 613//496 644//527 614//497
f 614//497 645//528 615//498
f 645//528 616//499 615//498
f 646//529 617//500 616//499
f 647//530 618//501 617//500
f 648//531 619//502 618//501
f 649//532 620//503 619//502
f 650//533 621//504 620//503
f 651//534 622//505 621//504
f 652//535 623//536 622//505
f 623//536 654//537 624//507
f 624//507 655//538 625//508
f 625//508 656//539 626//509
f 626//509 657//540 627//510
f 627//510 658//541 628//511
f 628//511 659//542 629//512
f 629//512 660//543 630//513
f 661//544 632//515 631//514
f 662//545 633//516 632//515
f 663//546 634//517 633//516
f 664//547 635//518 634//517
f 665//548 636//519 635//518
f 666//549 637//520 636//519
f 667//550 638//551 637//520
f 638//551 669//552 639//522
f 639//522 670//553 640//523
f 640//523 671//554 641//524
f 641//524 672//555 642//525
f 642//525 673//556 643//526
f 643//526 674//557 644//527
f 644//527 675//558 645//528
f 675//558 646//529 645//528
f 676//559 647//530 646//529
f 677//560 648//531 647//530
f 678//561 649//532 648//531
f 679//562 650//533 649//532
f 680//563 651//534 650//533
f 681//564 652//535 651//534
f 682//565 653//566 652//535
f 653//566 684//567 654//537
f 654//537 685//568 655//538
f 655//538 686//569 656//539
f 656//539 687//570 657//540
f 657//540 688//571 658//541
f 658//541 689//572 659//542
f 659//542 690//573 660//543
f 661//544 692//574 662//545
f 662//545 693//575 663//546
f 663//546 694//576 664//547
f 664//547 695//577 665//548
f 665//548 696//578 666//549
f 666//549 697//579 667//550
f 667//550 698//580 668//581
f 698//580 669//552 668//581
f 699//582 670//553 669//552
f 700//583 671//554 670//553
f 701//584 672//555 671//554
f 702//585 673//556 672//555
f 703//586 674//557 673//556
f 704//587 675//558 674//557
f 705//588 676//559 675//558
f 676//559 707//589 677//560
f 677//560 708//590 678//561
f 678//561 709//591 679//562
f 679//562 710//592 680//563
f 680//563 711//593 681//564
f 681//564 712//594 682//565
f 682//565 713//595 683//596
f 713//595 684//567 683//596
f 714//597 685//568 684//567
f 715//598 686//569 685//568
f 716//599 687//570 686//569
f 717//600 688//571 687//570
f 718//601 689//572 688//571
f 719//602 690//573 689//572
f 691//603 722//604 692//574
f 692//574 723//605 693//575
f 693//575 724//606 694//576
f 694//576 725//607 695//577
f 695//577 726//608 696//578
f 696//578 727//609 697//579
f 697//579 728//610 698//580
f 728//610 699//582 698//580
f 729//611 700//583 699//582
f 730//612 701//584 700//583
f 731//613 702//585 701//584
f 732//614 703//586 702//585
f 733//615 704//587 703//586
f 734//616 705//588 704//587
f 735//617 706//618 705//588
f 706//618 737//619 707//589
f 707//589 738//620 708//590
f 708//590 739//621 709//591
f 709//591 740//622 710//592
f 710//592 741//623 711//593
f 711//593 742//624 712//594
f 712//594 743//625 713//595
f 743//625 714//597 713//595
f 744//626 715//598 714//597
f 745//627 716//599 715//598
f 746//628 717//600 716//599
f 747//629 718//601 717//600
f 748//630 719//602 718//601
f 749//631 720//632 719//602
f 721//33 752//633 722//604
f 722//604 753//634 723//605
f 723//605 754//635 724//606
f 724//606 755//636 725//607
f 725//607 756//637 726//608
f 726//608 757//638 727//609
f 727//609 758//639 728//610
f 758//639 729//611 728//610
f 759//640 730//612 729//611
f 760//641 731//613 730//612
f 761//642 732//614 731//613
f 762//643 733//615 732//614
f 763//644 734//616 733//615
f 764//645 735//617 734//616
f 765//646 736//647 735//617
f 736//647 767//648 737//619
f 737//619 768//649 738//620
f 738//620 769//650 739//621
f 739//621 770//651 740//622
f 740//622 771//652 741//623
f 741//623 772//653 742//624
f 742//624 773//654 743//625
f 773//654 744//626 743//625
f 774//655 745//627 744//626
f 775//656 746//628 745//627
f 776//657 747//629 746//628
f 777//658 748//630 747//629
f 778//659 749//631 748//630
f 779//660 750//87 749//631
f 781//33 752//633 751//33
f 752//633 783//661 753//634
f 753//634 784//662 754//635
f 754//635 785//663 755//636
f 755//636 786//664 756//637
f 756//637 787//665 757//638
f 757//638 788//666 758//639
f 788//666 759//640 758//639
f 789//667 760//641 759//640
f 790//668 761//642 760//641
f 791//669 762//643 761//642
f 792//670 763//644 762//643
f 793//671 764//645 763//644
f 794//672 765//646 764//645
f 795//673 766//674 765//646
f 766//674 797//675 767//648
f 767//648 798//676 768//649
f 768//649 799//677 769//650
f 769//650 800//678 770//651
f 770//651 801//679 771//652
f 771//652 802//680 772//653
f 772//653 803//681 773//654
f 803//681 774//655 773//654
f 804//682 775//656 774//655
f 805//683 776//657 775//656
f 806//684 777//658 776//657
f 807//685 778//659 777//658
f 808//686 779//660 778//659
f 809//86 780//87 779//660
f 811//33 782//59 781//33
f 812//687 783//661 782//59
f 783//661 814//688 784//662
f 784//662 815//689 785//663
f 785//663 816//690 786//664
f 786//664 817//691 787//665
f 787//665 818//692 788//666
f 818//692 789//667 788//666
f 819//693 790//668 789//667
f 820//694 791//669 790//668
f 821//695 792//670 791//669
f 822//696 793//671 792//670
f 823//697 794//672 793//671
f 824//698 795//673 794//672
f 825//698 796//673 795//673
f 826//698 797//675 796//673
f 797//675 828//699 798//676
f 798//676 829//700 799//677
f 799//677 830//701 800//678
f 800//678 831//702 801//679
f 801//679 832//703 802//680
f 802//680 833//704 803//681
f 833//704 804//682 803//681
f 834//705 805//683 804//682
f 835//706 806//684 805//683
f 836//707 807//685 806//684
f 837//708 808//686 807//685
f 838//709 809//86 808//686
f 839//710 810//87 809//86
f 841//711 812//687 811//33
f 812//687 843//712 813//713
f 843//712 814//688 813//713
f 814//688 845//714 815//689
f 815//689 846//715 816//690
f 816//690 847//716 817//691
f 817//691 848//717 818//692
f 848//717 819//693 818//692
f 849//718 820//694 819//693
f 850//719 821//695 820//694
f 851//720 822//696 821//695
f 852//721 823//697 822//696
f 853//722 824//698 823//697
f 854//722 825//698 824//698
f 855//722 826//698 825//698
f 856//722 827//698 826//698
f 857//722 828//699 827//698
f 828//699 859//723 829//700
f 829//700 860//724 830//701
f 830//701 861//725 831//702
f 831//702 862//726 832//703
f 832//703 863//727 833//704
f 863//727 834//705 833//704
f 864//728 835//706 834//705
f 865//729 836//707 835//706
f 866//730 837//708 836//707
f 867//722 838//709 837//708
f 868//731 839//710 838//709
f 869//732 840//87 839//710
f 841//711 872//733 842//734
f 872//733 843//712 842//734
f 873//735 844//722 843//712
f 874//735 845//714 844//722
f 845//714 876//735 846//715
f 846//715 877//736 847//716
f 847//716 878//737 848//717
f 878//737 849//718 848//717
f 879//738 850//719 849//718
f 880//739 851//720 850//719
f 881//735 852//721 851//720
f 882//735 853//722 852//721
f 883//735 854//722 853//722
f 884//735 855//722 854//722
f 885//735 856//722 855//722
f 886//735 857//722 856//722
f 887//735 858//722 857//722
f 888//735 859//723 858//722
f 889//735 860//724 859//723
f 860//724 891//740 861//725
f 861//725 892//741 862//726
f 862//726 893//742 863//727
f 893//742 864//728 863//727
f 894//743 865//729 864//728
f 895//735 866//730 865//729
f 896//735 867//722 866//730
f 897//735 868//731 867//722
f 898//735 869//732 868//731
f 899//744 870//745 869//732
s 0
f 1//746 902//746 901//746
f 2//746 903//746 902//746
f 3//746 904//746 903//746
f 4//746 905//746 904//746
f 5//746 906//746 905//746
f 6//746 907//746 906//746
f 7//746 908//746 907//746
f 8//746 909//746 908//746
f 9//746 910//746 909//746
f 10//746 911//746 910//746
f 11//746 912//746 911//746
f 12//746 913//746 912//746
f 13//746 914//746 913//746
f 14//746 915//746 914//746
f 15//746 916//746 915//746
f 16//746 917//746 916//746
f 17//746 918//746 917//746
f 18//746 919//746 918//746
f 19//746 920//746 919//746
f 20//746 921//746 920//746
f 21//746 922//746 921//746
f 22//746 923//746 922//746
f 23//746 924//746 923//746
f 24//746 925//746 924//746
f 25//746 926//746 925//746
f 26//746 927//746 926//746
f 27//746 928//746 927//746
f 28//746 929//746 928//746
f 29//746 930//746 929//746
f 30//746 931//746 930//746
f 60//746 932//746 931//746
f 90//746 933//746 932//746
f 120//746 934//746 933//746
f 150//746 935//746 934//746
f 180//746 936//746 935//746
f 210//746 937//746 936//746
f 240//746 938//746 937//746
f 270//746 939//746 938//746
f 300//746 940//746 939//746
f 330//746 941//746 940//746
f 360//746 942//746 941//746
f 390//746 943//746 942//746
f 420//746 944//746 943//746
f 450//746 945//746 944//746
f 480//746 946//746 945//746
f 510//746 947//746 946//746
f 540//746 948//746 947//746
f 570//746 949//746 948//746
f 600//746 950//746 949//746
f 630//746 951//746 950//746
f 660//746 952//746 951//746
f 690//746 953//746 952//746
f 720//746 954//746 953//746
f 750//746 955//746 954//746
f 780//746 956//746 955//746
f 810//746 957//746 956//746
f 840//746 958//746 957//746
f 870//746 959//746 958//746
f 900//746 960//746 959//746
f 899//746 961//746 960//746
f 898//746 962//746 961//746
f 897//746 963//746 962//746
f 896//746 964//746 963//746
f 895//746 965//746 964//746
f 894//746 966//746 965//746
f 893//746 967//746 966//746
f 892//746 968//746 967//746
f 891//746 969//746 968//746
f 890//746 970//746 969//746
f 889//746 971//746 970//746
f 888//746 972//746 971//746
f 887//746 973//746 972//746
f 886//746 974//746 973//746
f 885//746 975//746 974//746
f 884//746 976//746 975//746
f 883//746 977//746 976//746
f 882//746 978//746 977//746
f 881//746 979//746 978//746
f 880//746 980//746 979//746
f 879//746 981//746 980//746
f 878//746 982//746 981//746
f 877//746 983//746 982//746
f 876//746 984//746 983//746
f 875//746 985//746 984//746
f 874//746 986//746 985//746
f 873//746 987//746 986//746
f 872//746 988//746 987//746
f 871//746 989//746 988//746
f 841//746 990//746 989//746
f 811//746 991//746 990//746
f 781//746 992//746 991//746
f 751//746 993//746 992//746
f 721//746 994//746 993//746
f 691//746 995//746 994//746
f 661//746 996//746 995//746
f 631//746 997//746 996//746
f 601//746 998//746 997//746
f 571//746 999//746 998//746
f 541//746 1000//746 999//746
f 511//746 1001//746 1000//746
f 481//746 1002//746 1001//746
f 451//746 1003//746 1002//746
f 421//746 1004//746 1003//746
f 391//746 1005//746 1004//746
f 361//746 1006//746 1005//746
f 331//746 1007//746 1006//746
f 301//746 1008//746 1007//746
f 271//746 1009//746 1008//746
f 241//746 1010//746 1009//746
f 211//746 1011//746 1010//746
f 181//746 1012//746 1011//746
f 151//746 1013//746 1012//746
f 121//746 1014//746 1013//746
f 91//746 1015//746 1014//746
f 61//746 1016//746 1015//746
f 31//746 901//746 1016//746
f 1017//746 901//746 902//746
f 1017//746 902//746 903//746
f 1017//746 903//746 904//746
f 1017//746 904//746 905//746
f 1017//746 905//746 906//746
f 1017//746 906//746 907//746
f 1017//746 907//746 908//746
f 1017//746 908//746 909//746
f 1017//746 909//746 910//746
f 1017//746 910//746 911//746
f 1017//746 911//746 912//746
f 1017//746 912//746 913//746
f 1017//746 913//746 914//746
f 1017//746 914//746 915//746
f 1017//746 915//746 916//746
f 1017//746 916//746 917//746
f 1017//746 917//746 918//746
f 1017//746 918//746 919//746
f 1017//746 919//746 920//746
f 1017//746 920//746 921//746
f 1017//746 921//746 922//746
f 1017//746 922//746 923//746
f 1017//746 923//746 924//746
f 1017//746 924//746 925//746
f 1017//746 925//746 926//746
f 1017//746 926//746 927//746
f 1017//746 927//746 928//746
f 1017//746 928//746 929//746
f 1017//746 929//746 930//746
f 1017//746 930//746 931//746
f 1017//746 931//746 932//746
f 1017//746 932//746 933//746
f 1017//746 933//746 934//746
f 1017//746 934//746 935//746
f 1017//746 935//746 936//746
f 1017//746 936//746 937//746
f 1017//746 937//746 938//746
f 1017//746 938//746 939//746
f 1017//746 939//746 940//746
f 1017//746 940//746 941//746
f 1017//746 941//746 942//746
f 1017//746 942//746 943//746
f 1017//746 943//746 944//746
f 1017//746 944//746 945//746
f 1017//746 945//746 946//746
f 1017//746 946//746 947//746
f 1017//746 947//746 948//746
f 1017//746 948//746 949//746
f 1017//746 949//746 950//746
f 1017//746 950//746 951//746
f 1017//746 951//746 952//746
f 1017//746 952//746 953//746
f 1017//746 953//746 954//746
f 1017//746 954//746 955//746
f 1017//746 955//746 956//746
f 1017//746 956//746 957//746
f 1017//746 957//746 958//746
f 1017//746 958//746 959//746
f 1017//746 959//746 960//746
f 1017//746 960//746 961//746
f 1017//746 961//746 962//746
f 1017//746 962//746 963//746
f 1017//746 963//746 964//746
f 1017//746 964//746 965//746
f 1017//746 965//746 966//746
f 1017//746 966//746 967//746
f 1017//746 967//746 968//746
f 1017//746 968//746 969//746
f 1017//746 969//746 970//746
f 1017//746 970//746 971//746
f 1017//746 971//746 972//746
f 1017//746 972//746 973//746
f 1017//746 973//746 974//746
f 1017//746 974//746 975//746
f 1017//746 975//746 976//746
f 1017//746 976//746 977//746
f 1017//746 977//746 978//746
f 1017//746 978//746 979//746
f 1017//746 979//746 980//746
f 1017//746 980//746 981//746
f 1017//746 981//746 982//746
f 1017//746 982//746 983//746
f 1017//746 983//746 984//746
f 1017//746 984//746 985//746
f 1017//746 985//746 986//746
f 1017//746 986//746 987//746
f 1017//746 987//746 988//746
f 1017//746 988//746 989//746
f 1017//746 989//746 990//746
f 1017//746 990//746 991//746
f 1017//746 991//746 992//746
f 1017//746 992//746 993//746
f 1017//746 993//746 994//746
f 1017//746 994//746 995//746
f 1017//746 995//746 996//746
f 1017//746 996//746 997//746
f 1017//746 997//746 998//746
f 1017//746 998//746 999//746
f 1017//746 999//746 1000//746
f 1017//746 1000//746 1001//746
f 1017//746 1001//746 1002//746
f 1017//746 1002//746 1003//746
f 1017//746 1003//746 1004//746
f 1017//746 1004//746 1005//746
f 1017//746 1005//746 1006//746
f 1017//746 1006//746 1007//746
f 1017//746 1007//746 1008//746
f 1017//746 1008//746 1009//746
f 1017//746 1009//746 1010//746
f 1017//746 1010//746 1011//746
f 1017//746 1011//746 1012//746
f 1017//746 1012//746 1013//746
f 1017//746 1013//746 1014//746
f 1017//746 1014//746 1015//746
f 1017//746 1015//746 1016//746
f 1017//746 1016//746 901//746
s 1
f 31//1 32//4 2//2
f 32//4 33//6 3//5
f 33//6 34//7 4//5
f 34//7 35//8 5//5
f 35//8 36//9 6//5
f 36//9 37//11 7//10
f 37//11 38//40 8//12
f 8//12 38//40 39//13
f 9//14 39//13 40//15
f 10//16 40//15 41//17
f 41//17 42//18 12//5
f 42//18 43//7 13//5
f 43//7 44//7 14//5
f 44//7 45//7 15//5
f 45//7 46//7 16//5
f 46//7 47//7 17//5
f 47//7 48//7 18//5
f 48//7 49//19 19//5
f 49//19 50//20 20//5
f 50//20 51//22 21//21
f 51//22 52//24 22//23
f 52//24 53//52 23//25
f 23//25 53//52 54//26
f 24//27 54//26 55//28
f 25//5 55//28 56//29
f 56//29 57//7 27//5
f 57//7 58//30 28//5
f 58//30 59//58 29//31
f 29//31 59//58 60//32
f 61//33 62//34 32//4
f 62//34 63//35 33//6
f 63//35 64//36 34//7
f 64//36 65//37 35//8
f 65//37 66//38 36//9
f 66//38 67//39 37//11
f 67//39 68//65 38//40
f 38//40 68//65 69//41
f 39//13 69//41 70//42
f 40//15 70//42 71//43
f 41//17 71//43 72//44
f 42//18 72//44 73//45
f 73//45 74//46 44//7
f 74//46 75//46 45//7
f 75//46 76//46 46//7
f 76//46 77//46 47//7
f 77//46 78//47 48//7
f 78//47 79//48 49//19
f 79//48 80//49 50//20
f 80//49 81//50 51//22
f 81//50 82//51 52//24
f 82//51 83//79 53//52
f 53//52 83//79 84//53
f 54//26 84//53 85//54
f 55//28 85//54 86//55
f 56//29 86//55 87//56
f 87//56 88//85 58//30
f 58//30 88//85 89//57
f 89//57 90//87 60//32
f 91//33 92//59 62//34
f 92//59 93//60 63//35
f 93//60 94//61 64//36
f 94//61 95//62 65//37
f 95//62 96//63 66//38
f 96//63 97//64 67//39
f 97//64 98//94 68//65
f 68//65 98//94 99//66
f 69//41 99//66 100//67
f 70//42 100//67 101//68
f 71//43 101//68 102//69
f 72//44 102//69 103//70
f 73//45 103//70 104//71
f 104//71 105//72 75//46
f 105//72 106//72 76//46
f 106//72 107//73 77//46
f 107//73 108//74 78//47
f 108//74 109//75 79//48
f 109//75 110//76 80//49
f 110//76 111//77 81//50
f 111//77 112//78 82//51
f 112//78 113//109 83//79
f 83//79 113//109 114//80
f 84//53 114//80 115//81
f 85//54 115//81 116//82
f 86//55 116//82 117//83
f 87//56 117//83 118//84
f 118//84 119//86 89//57
f 119//86 120//87 90//87
f 121//33 122//88 92//59
f 122//88 123//89 93//60
f 123//89 124//90 94//61
f 124//90 125//91 95//62
f 125//91 126//92 96//63
f 126//92 127//93 97//64
f 127//93 128//122 98//94
f 98//94 128//122 129//95
f 99//66 129//95 130//96
f 100//67 130//96 131//97
f 101//68 131//97 132//98
f 102//69 132//98 133//99
f 103//70 133//99 134//100
f 104//71 134//100 135//101
f 135//101 136//102 106//72
f 136//102 137//103 107//73
f 137//103 138//104 108//74
f 138//104 139//105 109//75
f 139//105 140//106 110//76
f 140//106 141//107 111//77
f 141//107 142//108 112//78
f 142//108 143//137 113//109
f 113//109 143//137 144//110
f 114//80 144//110 145//111
f 115//81 145//111 146//112
f 116//82 146//112 147//113
f 117//83 147//113 148//114
f 118//84 148//114 149//115
f 149//115 150//87 120//87
f 151//33 152//116 122//88
f 152//116 153//117 123//89
f 153//117 154//118 124//90
f 154//118 155//119 125//91
f 155//119 156//120 126//92
f 156//120 157//121 127//93
f 157//121 158//151 128//122
f 128//122 158//151 159//123
f 129//95 159//123 160//124
f 130//96 160//124 161//125
f 131//97 161//125 162//126
f 132//98 162//126 163//127
f 133//99 163//127 164//128
f 134//100 164//128 165//129
f 165//129 166//130 136//102
f 166//130 167//131 137//103
f 167//131 168//132 138//104
f 168//132 169//133 139//105
f 169//133 170//134 140//106
f 170//134 171//135 141//107
f 171//135 172//136 142//108
f 172//136 173//166 143//137
f 143//137 173//166 174//138
f 144//110 174//138 175//139
f 145//111 175//139 176//140
f 146//112 176//140 177//141
f 147//113 177//141 178//142
f 148//114 178//142 179//143
f 149//115 179//143 180//87
f 181//144 182//145 152//116
f 182//145 183//146 153//117
f 183//146 184//147 154//118
f 184//147 185//148 155//119
f 185//148 186//149 156//120
f 186//149 187//150 157//121
f 187//150 188//181 158//151
f 158//151 188//181 189//152
f 159//123 189//152 190//153
f 160//124 190//153 191//154
f 161//125 191//154 192//155
f 162//126 192//155 193//156
f 163//127 193//156 194//157
f 164//128 194//157 195//158
f 195//158 196//159 166//130
f 196//159 197//160 167//131
f 197//160 198//161 168//132
f 198//161 199//162 169//133
f 199//162 200//163 170//134
f 200//163 201//164 171//135
f 201//164 202//165 172//136
f 202//165 203//196 173//166
f 173//166 203//196 204//167
f 174//138 204//167 205//168
f 175//139 205//168 206//169
f 176//140 206//169 207//170
f 177//141 207//170 208//171
f 178//142 208//171 209//172
f 179//143 209//172 210//173
f 211//174 212//175 182//145
f 212//175 213//176 183//146
f 213//176 214//177 184//147
f 214//177 215//178 185//148
f 215//178 216//179 186//149
f 216//179 217//180 187//150
f 217//180 218//211 188//181
f 188//181 218//211 219//182
f 189//152 219//182 220//183
f 190//153 220//183 221//184
f 191//154 221//184 222//185
f 192//155 222//185 223//186
f 193//156 223//186 224//187
f 194//157 224//187 225//188
f 225//188 226//189 196//159
f 226//189 227//190 197//160
f 227//190 228//191 198//161
f 228//191 229//192 199//162
f 229//192 230//193 200//163
f 230//193 231//194 201//164
f 231//194 232//195 202//165
f 232//195 233//226 203//196
f 203//196 233//226 234//197
f 204//167 234//197 235//198
f 205//168 235//198 236//199
f 206//169 236//199 237//200
f 207//170 237//200 238//201
f 208//171 238//201 239//202
f 209//172 239//202 240//203
f 211//174 241//233 242//204
f 212//175 242//204 243//205
f 213//176 243//205 244//206
f 214//177 244//206 245//207
f 215//178 245//207 246//208
f 216//179 246//208 247//209
f 217//180 247//209 248//210
f 248//210 249//212 219//182
f 249//212 250//213 220//183
f 250//213 251//214 221//184
f 251//214 252//215 222//185
f 252//215 253//216 223//186
f 253//216 254//217 224//187
f 254//217 255//218 225//188
f 255//218 256//248 226//189
f 226//189 256//248 257//219
f 227//190 257//219 258//220
f 228//191 258//220 259//221
f 229//192 259//221 260//222
f 230//193 260//222 261//223
f 231//194 261//223 262//224
f 232//195 262//224 263//225
f 263//225 264//227 234//197
f 264//227 265//228 235//198
f 265//228 266//229 236//199
f 266//229 267//230 237//200
f 267//230 268//231 238//201
f 268//231 269//232 239//202
f 269//232 270//262 240//203
f 241//233 271//263 272//234
f 242//204 272//234 273//235
f 243//205 273//235 274//236
f 244//206 274//236 275//237
f 245//207 275//237 276//238
f 246//208 276//238 277//239
f 247//209 277//239 278//240
f 278//240 279//241 249//212
f 279//241 280//242 250//213
f 280//242 281//243 251//214
f 281//243 282//244 252//215
f 282//244 283//245 253//216
f 283//245 284//246 254//217
f 284//246 285//247 255//218
f 285//247 286//278 256//248
f 256//248 286//278 287//249
f 257//219 287//249 288//250
f 258//220 288//250 289//251
f 259//221 289//251 290//252
f 260//222 290//252 291//253
f 261//223 291//253 292//254
f 262//224 292//254 293//255
f 293//255 294//256 264//227
f 294//256 295//257 265//228
f 295//257 296//258 266//229
f 296//258 297//259 267//230
f 297//259 298//260 268//231
f 298//260 299//261 269//232
f 299//261 300//292 270//262
f 271//263 301//33 302//264
f 272//234 302//264 303//265
f 273//235 303//265 304//266
f 274//236 304//266 305//267
f 275//237 305//267 306//268
f 276//238 306//268 307//269
f 277//239 307//269 308//270
f 308//270 309//271 279//241
f 309//271 310//272 280//242
f 310//272 311//273 281//243
f 311//273 312//274 282//244
f 312//274 313//275 283//245
f 313//275 314//276 284//246
f 314//276 315//277 285//247
f 315//277 316//305 286//278
f 286//278 316//305 317//279
f 287//249 317//279 318//280
f 288//250 318//280 319//281
f 289//251 319//281 320//282
f 290//252 320//282 321//283
f 291//253 321//283 322//284
f 292//254 322//284 323//285
f 323//285 324//286 294//256
f 324//286 325//287 295//257
f 325//287 326//288 296//258
f 326//288 327//289 297//259
f 327//289 328//290 298//260
f 328//290 329//291 299//261
f 329//291 330//87 300//292
f 331//33 332//319 302//264
f 302//264 332//319 333//293
f 303//265 333//293 334//294
f 304//266 334//294 335//295
f 305//267 335//295 336//296
f 306//268 336//296 337//297
f 307//269 337//297 338//298
f 338//298 339//299 309//271
f 339//299 340//300 310//272
f 340//300 341//301 311//273
f 341//301 342//302 312//274
f 342//302 343//303 313//275
f 343//303 344//304 314//276
f 344//304 345//3 315//277
f 345//3 346//3 316//305
f 316//305 346//3 347//306
f 317//279 347//306 348//307
f 318//280 348//307 349//308
f 319//281 349//308 350//309
f 320//282 350//309 351//310
f 321//283 351//310 352//311
f 322//284 352//311 353//312
f 353//312 354//313 324//286
f 354//313 355//314 325//287
f 355//314 356//315 326//288
f 356//315 357//316 327//289
f 357//316 358//317 328//290
f 358//317 359//318 329//291
f 359//318 360//87 330//87
f 361//33 362//59 332//319
f 332//319 362//59 363//320
f 333//293 363//320 364//321
f 334//294 364//321 365//322
f 335//295 365//322 366//323
f 336//296 366//323 367//324
f 337//297 367//324 368//325
f 368//325 369//326 339//299
f 369//326 370//327 340//300
f 370//327 371//328 341//301
f 371//328 372//329 342//302
f 372//329 373//330 343//303
f 373//330 374//3 344//304
f 374//3 375//3 345//3
f 375//3 376//3 346//3
f 376//3 377//3 347//306
f 347//306 377//3 378//331
f 348//307 378//331 379//332
f 349//308 379//332 380//333
f 350//309 380//333 381//334
f 351//310 381//334 382//335
f 352//311 382//335 383//336
f 383//336 384//337 354//313
f 384//337 385//338 355//314
f 385//338 386//339 356//315
f 386//339 387//340 357//316
f 387//340 388//341 358//317
f 388//341 389//86 359//318
f 389//86 390//87 360//87
f 391//33 392//59 362//59
f 392//59 393//361 363//320
f 363//320 393//361 394//342
f 364//321 394//342 395//343
f 365//322 395//343 396//344
f 366//323 396//344 397//345
f 367//324 397//345 398//346
f 398//346 399//347 369//326
f 399//347 400//348 370//327
f 400//348 401//349 371//328
f 401//349 402//350 372//329
f 402//350 403//3 373//330
f 403//3 404//3 374//3
f 404//3 405//3 375//3
f 405//3 406//3 376//3
f 406//3 407//3 377//3
f 407//3 408//3 378//331
f 378//331 408//3 409//351
f 379//332 409//351 410//352
f 380//333 410//352 411//353
f 381//334 411//353 412//354
f 382//335 412//354 413//355
f 413//355 414//356 384//337
f 414//356 415//357 385//338
f 415//357 416//358 386//339
f 416//358 417//359 387//340
f 417//359 418//360 388//341
f 418//360 419//86 389//86
f 419//86 420//87 390//87
f 421//33 422//59 392//59
f 422//59 423//361 393//361
f 423//361 424//377 394//342
f 394//342 424//377 425//362
f 395//343 425//362 426//363
f 396//344 426//363 427//364
f 397//345 427//364 428//365
f 428//365 429//366 399//347
f 429//366 430//367 400//348
f 430//367 431//368 401//349
f 431//368 432//3 402//350
f 432//3 433//3 403//3
f 433//3 434//3 404//3
f 434//3 435//3 405//3
f 435//3 436//3 406//3
f 436//3 437//3 407//3
f 437//3 438//3 408//3
f 438//3 439//3 409//351
f 409//351 439//3 440//369
f 410//352 440//369 441//370
f 411//353 441//370 442//371
f 412//354 442//371 443//372
f 443//372 444//373 414//356
f 444//373 445//374 415//357
f 445//374 446//375 416//358
f 446//375 447//376 417//359
f 447//376 448//360 418//360
f 448//360 449//86 419//86
f 449//86 450//87 420//87
f 451//33 452//59 422//59
f 452//59 453//361 423//361
f 453//361 454//377 424//377
f 454//377 455//378 425//362
f 455//378 456//379 426//363
f 456//379 457//380 427//364
f 457//380 458//381 428//365
f 458//381 459//382 429//366
f 459//382 460//383 430//367
f 460//383 461//384 431//368
f 461//384 462//3 432//3
f 462//3 463//3 433//3
f 463//3 464//3 434//3
f 464//3 465//3 435//3
f 465//3 466//3 436//3
f 466//3 467//3 437//3
f 467//3 468//3 438//3
f 468//3 469//3 439//3
f 469//3 470//385 440//369
f 470//385 471//386 441//370
f 471//386 472//387 442//371
f 472//387 473//388 443//372
f 473//388 474//389 444//373
f 474//389 475//390 445//374
f 475//390 476//391 446//375
f 476//391 477//376 447//376
f 477//376 478//360 448//360
f 478//360 479//86 449//86
f 479//86 480//87 450//87
f 481//33 482//59 452//59
f 482//59 483//361 453//361
f 483//361 484//392 454//377
f 484//392 485//393 455//378
f 485//393 486//394 456//379
f 486//394 487//395 457//380
f 487//395 488//413 458//381
f 458//381 488//413 489//396
f 459//382 489//396 490//397
f 460//383 490//397 491//398
f 461//384 491//398 492//399
f 492//399 493//3 463//3
f 493//3 494//3 464//3
f 494//3 495//3 465//3
f 495//3 496//3 466//3
f 496//3 497//3 467//3
f 497//3 498//3 468//3
f 498//3 499//400 469//3
f 499//400 500//401 470//385
f 500//401 501//402 471//386
f 501//402 502//403 472//387
f 502//403 503//424 473//388
f 473//388 503//424 504//404
f 474//389 504//404 505//405
f 475//390 505//405 506//406
f 476//391 506//406 507//407
f 507//407 508//360 478//360
f 508//360 509//86 479//86
f 509//86 510//87 480//87
f 511//33 512//59 482//59
f 512//59 513//408 483//361
f 513//408 514//409 484//392
f 514//409 515//410 485//393
f 515//410 516//411 486//394
f 516//411 517//412 487//395
f 517//412 518//436 488//413
f 488//413 518//436 519//414
f 489//396 519//414 520//415
f 490//397 520//415 521//416
f 491//398 521//416 522//417
f 492//399 522//417 523//418
f 523//418 524//3 494//3
f 524//3 525//3 495//3
f 525//3 526//3 496//3
f 526//3 527//3 497//3
f 527//3 528//419 498//3
f 528//419 529//420 499//400
f 529//420 530//421 500//401
f 530//421 531//422 501//402
f 531//422 532//423 502//403
f 532//423 533//449 503//424
f 503//424 533//449 534//425
f 504//404 534//425 535//426
f 505//405 535//426 536//427
f 506//406 536//427 537//428
f 507//407 537//428 538//429
f 538//429 539//86 509//86
f 539//86 540//87 510//87
f 541//33 542//430 512//59
f 542//430 543//431 513//408
f 543//431 544//432 514//409
f 544//432 545//433 515//410
f 545//433 546//434 516//411
f 546//434 547//435 517//412
f 547//435 548//462 518//436
f 518//436 548//462 549//437
f 519//414 549//437 550//438
f 520//415 550//438 551//439
f 521//416 551//439 552//440
f 522//417 552//440 553//441
f 523//418 553//441 554//442
f 554//442 555//3 525//3
f 555//3 556//3 526//3
f 556//3 557//443 527//3
f 557//443 558//444 528//419
f 558//444 559//445 529//420
f 559//445 560//446 530//421
f 560//446 561//447 531//422
f 561//447 562//448 532//423
f 562//448 563//477 533//449
f 533//449 563//477 564//450
f 534//425 564//450 565//451
f 535//426 565//451 566//452
f 536//427 566//452 567//453
f 537//428 567//453 568//454
f 538//429 568//454 569//455
f 569//455 570//87 540//87
f 571//33 572//456 542//430
f 572//456 573//457 543//431
f 573//457 574//458 544//432
f 574//458 575//459 545//433
f 575//459 576//460 546//434
f 576//460 577//461 547//435
f 577//461 578//491 548//462
f 548//462 578//491 579//463
f 549//437 579//463 580//464
f 550//438 580//464 581//465
f 551//439 581//465 582//466
f 552//440 582//466 583//467
f 553//441 583//467 584//468
f 554//442 584//468 585//469
f 585//469 586//470 556//3
f 586//470 587//471 557//443
f 587//471 588//472 558//444
f 588//472 589//473 559//445
f 589//473 590//474 560//446
f 590//474 591//475 561//447
f 591//475 592//476 562//448
f 592//476 593//506 563//477
f 563//477 593//506 594//478
f 564//450 594//478 595//479
f 565//451 595//479 596//480
f 566//452 596//480 597//481
f 567//453 597//481 598//482
f 568//454 598//482 599//483
f 599//483 600//87 570//87
f 601//484 602//485 572//456
f 602//485 603//486 573//457
f 603//486 604//487 574//458
f 604//487 605//488 575//459
f 605//488 606//489 576//460
f 606//489 607//490 577//461
f 607//490 608//521 578//491
f 578//491 608//521 609//492
f 579//463 609//492 610//493
f 580//464 610//493 611//494
f 581//465 611//494 612//495
f 582//466 612//495 613//496
f 583//467 613//496 614//497
f 584//468 614//497 615//498
f 615//498 616//499 586//470
f 616//499 617//500 587//471
f 617//500 618//501 588//472
f 618//501 619//502 589//473
f 619//502 620//503 590//474
f 620//503 621//504 591//475
f 621//504 622//505 592//476
f 622//505 623//536 593//506
f 593//506 623//536 624//507
f 594//478 624//507 625//508
f 595//479 625//508 626//509
f 596//480 626//509 627//510
f 597//481 627//510 628//511
f 598//482 628//511 629//512
f 599//483 629//512 630//513
f 631//514 632//515 602//485
f 632//515 633//516 603//486
f 633//516 634//517 604//487
f 634//517 635//518 605//488
f 635//518 636//519 606//489
f 636//519 637//520 607//490
f 637//520 638//551 608//521
f 608//521 638//551 639//522
f 609//492 639//522 640//523
f 610//493 640//523 641//524
f 611//494 641//524 642//525
f 612//495 642//525 643//526
f 613//496 643//526 644//527
f 614//497 644//527 645//528
f 645//528 646//529 616//499
f 646//529 647//530 617//500
f 647//530 648//531 618//501
f 648//531 649//532 619//502
f 649//532 650//533 620//503
f 650//533 651//534 621//504
f 651//534 652//535 622//505
f 652//535 653//566 623//536
f 623//536 653//566 654//537
f 624//507 654//537 655//538
f 625//508 655//538 656//539
f 626//509 656//539 657//540
f 627//510 657//540 658//541
f 628//511 658//541 659//542
f 629//512 659//542 660//543
f 661//544 662//545 632//515
f 662//545 663//546 633//516
f 663//546 664//547 634//517
f 664//547 665//548 635//518
f 665//548 666//549 636//519
f 666//549 667//550 637//520
f 667//550 668//581 638//551
f 638//551 668//581 669//552
f 639//522 669//552 670//553
f 640//523 670//553 671//554
f 641//524 671//554 672//555
f 642//525 672//555 673//556
f 643//526 673//556 674//557
f 644//527 674//557 675//558
f 675//558 676//559 646//529
f 676//559 677//560 647//530
f 677//560 678//561 648//531
f 678//561 679//562 649//532
f 679//562 680//563 650//533
f 680//563 681//564 651//534
f 681//564 682//565 652//535
f 682//565 683//596 653//566
f 653//566 683//596 684//567
f 654//537 684//567 685//568
f 655//538 685//568 686//569
f 656//539 686//569 687//570
f 657//540 687//570 688//571
f 658//541 688//571 689//572
f 659//542 689//572 690//573
f 661//544 691//603 692//574
f 662//545 692//574 693//575
f 663//546 693//575 694//576
f 664//547 694//576 695//577
f 665//548 695//577 696//578
f 666//549 696//578 697//579
f 667//550 697//579 698//580
f 698//580 699//582 669//552
f 699//582 700//583 670//553
f 700//583 701//584 671//554
f 701//584 702//585 672//555
f 702//585 703//586 673//556
f 703//586 704//587 674//557
f 704//587 705//588 675//558
f 705//588 706//618 676//559
f 676//559 706//618 707//589
f 677//560 707//589 708//590
f 678//561 708//590 709//591
f 679//562 709//591 710//592
f 680//563 710//592 711//593
f 681//564 711//593 712//594
f 682//565 712//594 713//595
f 713//595 714//597 684//567
f 714//597 715//598 685//568
f 715//598 716//599 686//569
f 716//599 717//600 687//570
f 717//600 718//601 688//571
f 718//601 719//602 689//572
f 719//602 720//632 690//573
f 691//603 721//33 722//604
f 692//574 722//604 723//605
f 693//575 723//605 724//606
f 694//576 724//606 725//607
f 695//577 725//607 726//608
f 696//578 726//608 727//609
f 697//579 727//609 728//610
f 728//610 729//611 699//582
f 729//611 730//612 700//583
f 730//612 731//613 701//584
f 731//613 732//614 702//585
f 732//614 733//615 703//586
f 733//615 734//616 704//587
f 734//616 735//617 705//588
f 735//617 736//647 706//618
f 706//618 736//647 737//619
f 707//589 737//619 738//620
f 708//590 738//620 739//621
f 709//591 739//621 740//622
f 710//592 740//622 741//623
f 711//593 741//623 742//624
f 712//594 742//624 743//625
f 743//625 744//626 714//597
f 744//626 745//627 715//598
f 745//627 746//628 716//599
f 746//628 747//629 717//600
f 747//629 748//630 718//601
f 748//630 749//631 719//602
f 749//631 750//87 720//632
f 721//33 751//33 752//633
f 722//604 752//633 753//634
f 723//605 753//634 754//635
f 724//606 754//635 755//636
f 725//607 755//636 756//637
f 726//608 756//637 757//638
f 727//609 757//638 758//639
f 758//639 759//640 729//611
f 759//640 760//641 730//612
f 760//641 761//642 731//613
f 761//642 762//643 732//614
f 762//643 763//644 733//615
f 763//644 764//645 734//616
f 764//645 765//646 735//617
f 765//646 766//674 736//647
f 736//647 766//674 767//648
f 737//619 767//648 768//649
f 738//620 768//649 769//650
f 739//621 769//650 770//651
f 740//622 770//651 771//652
f 741//623 771//652 772//653
f 742//624 772//653 773//654
f 773//654 774//655 744//626
f 774//655 775//656 745//627
f 775//656 776//657 746//628
f 776//657 777//658 747//629
f 777//658 778//659 748//630
f 778//659 779//660 749//631
f 779//660 780//87 750//87
f 781//33 782//59 752//633
f 752//633 782//59 783//661
f 753//634 783//661 784//662
f 754//635 784//662 785//663
f 755//636 785//663 786//664
f 756//637 786//664 787//665
f 757//638 787//665 788//666
f 788//666 789//667 759//640
f 789//667 790//668 760//641
f 790//668 791//669 761//642
f 791//669 792//670 762//643
f 792//670 793//671 763//644
f 793//671 794//672 764//645
f 794//672 795//673 765//646
f 795//673 796//673 766//674
f 766//674 796//673 797//675
f 767//648 797//675 798//676
f 768//649 798//676 799//677
f 769//650 799//677 800//678
f 770//651 800//678 801//679
f 771//652 801//679 802//680
f 772//653 802//680 803//681
f 803//681 804//682 774//655
f 804//682 805//683 775//656
f 805//683 806//684 776//657
f 806//684 807//685 777//658
f 807//685 808//686 778//659
f 808//686 809//86 779//660
f 809//86 810//87 780//87
f 811//33 812//687 782//59
f 812//687 813//713 783//661
f 783//661 813//713 814//688
f 784//662 814//688 815//689
f 785//663 815//689 816//690
f 786//664 816//690 817//691
f 787//665 817//691 818//692
f 818//692 819//693 789//667
f 819//693 820//694 790//668
f 820//694 821//695 791//669
f 821//695 822//696 792//670
f 822//696 823//697 793//671
f 823//697 824//698 794//672
f 824//698 825//698 795//673
f 825//698 826//698 796//673
f 826//698 827//698 797//675
f 797//675 827//698 828//699
f 798//676 828//699 829//700
f 799//677 829//700 830//701
f 800//678 830//701 831//702
f 801//679 831//702 832//703
f 802//680 832//703 833//704
f 833//704 834//705 804//682
f 834//705 835//706 805//683
f 835//706 836//707 806//684
f 836//707 837//708 807//685
f 837//708 838//709 808//686
f 838//709 839//710 809//86
f 839//710 840//87 810//87
f 841//711 842//734 812//687
f 812//687 842//734 843//712
f 843//712 844//722 814//688
f 814//688 844//722 845//714
f 815//689 845//714 846//715
f 816//690 846//715 847//716
f 817//691 847//716 848//717
f 848//717 849//718 819//693
f 849//718 850//719 820//694
f 850//719 851//720 821//695
f 851//720 852//721 822//696
f 852//721 853//722 823//697
f 853//722 854//722 824//698
f 854//722 855//722 825//698
f 855//722 856//722 826//698
f 856//722 857//722 827//698
f 857//722 858//722 828//699
f 828//699 858//722 859//723
f 829//700 859//723 860//724
f 830//701 860//724 861//725
f 831//702 861//725 862//726
f 832//703 862//726 863//727
f 863//727 864//728 834//705
f 864//728 865//729 835//706
f 865//729 866//730 836//707
f 866//730 867//722 837//708
f 867//722 868//731 838//709
f 868//731 869//732 839//710
f 869//732 870//745 840//87
f 841//711 871//3 872//733
f 872//733 873//735 843//712
f 873//735 874//735 844//722
f 874//735 875//735 845//714
f 845//714 875//735 876//735
f 846//715 876//735 877//736
f 847//716 877//736 878//737
f 878//737 879//738 849//718
f 879//738 880//739 850//719
f 880//739 881//735 851//720
f 881//735 882//735 852//721
f 882//735 883//735 853//722
f 883//735 884//735 854//722
f 884//735 885//735 855//722
f 885//735 886//735 856//722
f 886//735 887//735 857//722
f 887//735 888//735 858//722
f 888//735 889//735 859//723
f 889//735 890//735 860//724
f 860//724 890//735 891//740
f 861//725 891//740 892//741
f 862//726 892//741 893//742
f 893//742 894//743 864//728
f 894//743 895//735 865//729
f 895//735 896//735 866//730
f 896//735 897//735 867//722
f 897//735 898//735 868//731
f 898//735 899//744 869//732
f 899//744 900//3 870//745
s 0
f 1//746 2//746 902//746
f 2//746 3//746 903//746
f 3//746 4//746 904//746
f 4//746 5//746 905//746
f 5//746 6//746 906//746
f 6//746 7//746 907//746
f 7//746 8//746 908//746
f 8//746 9//746 909//746
f 9//746 10//746 910//746
f 10//746 11//746 911//746
f 11//746 12//746 912//746
f 12//746 13//746 913//746
f 13//746 14//746 914//746
f 14//746 15//746 915//746
f 15//746 16//746 916//746
f 16//746 17//746 917//746
f 17//746 18//746 918//746
f 18//746 19//746 919//746
f 19//746 20//746 920//746
f 20//746 21//746 921//746
f 21//746 22//746 922//746
f 22//746 23//746 923//746
f 23//746 24//746 924//746
f 24//746 25//746 925//746
f 25//746 26//746 926//746
f 26//746 27//746 927//746
f 27//746 28//746 928//746
f 28//746 29//746 929//746
f 29//746 30//746 930//746
f 30//746 60//746 931//746
f 60//746 90//746 932//746
f 90//746 120//746 933//746
f 120//746 150//746 934//746
f 150//746 180//746 935//746
f 180//746 210//746 936//746
f 210//746 240//746 937//746
f 240//746 270//746 938//746
f 270//746 300//746 939//746
f 300//746 330//746 940//746
f 330//746 360//746 941//746
f 360//746 390//746 942//746
f 390//746 420//746 943//746
f 420//746 450//746 944//746
f 450//746 480//746 945//746
f 480//746 510//746 946//746
f 510//746 540//746 947//746
f 540//746 570//746 948//746
f 570//746 600//746 949//746
f 600//746 630//746 950//746
f 630//746 660//746 951//746
f 660//746 690//746 952//746
f 690//746 720//746 953//746
f 720//746 750//746 954//746
f 750//746 780//746 955//746
f 780//746 810//746 956//746
f 810//746 840//746 957//746
f 840//746 870//746 958//746
f 870//746 900//746 959//746
f 900//746 899//746 960//746
f 899//746 898//746 961//746
f 898//746 897//746 962//746
f 897//746 896//746 963//746
f 896//746 895//746 964//746
f 895//746 894//746 965//746
f 894//746 893//746 966//746
f 893//746 892//746 967//746
f 892//746 891//746 968//746
f 891//746 890//746 969//746
f 890//746 889//746 970//746
f 889//746 888//746 971//746
f 888//746 887//746 972//746
f 887//746 886//746 973//746
f 886//746 885//746 974//746
f 885//746 884//746 975//746
f 884//746 883//746 976//746
f 883//746 882//746 977//746
f 882//746 881//746 978//746
f 881//746 880//746 979//746
f 880//746 879//746 980//746
f 879//746 878//746 981//746
f 878//746 877//746 982//746
f 877//746 876//746 983//746
f 876//746 875//746 984//746
f 875//746 874//746 985//746
f 874//746 873//746 986//746
f 873//746 872//746 987//746
f 872//746 871//746 988//746
f 871//746 841//746 989//746
f 841//746 811//746 990//746
f 811//746 781//746 991//746
f 781//746 751//746 992//746
f 751//746 721//746 993//746
f 721//746 691//746 994//746
f 691//746 661//746 995//746
f 661//746 631//746 996//746
f 631//746 601//746 997//746
f 601//746 571//746 998//746
f 571//746 541//746 999//746
f 541//746 511//746 1000//746
f 511//746 481//746 1001//746
f 481//746 451//746 1002//746
f 451//746 421//746 1003//746
f 421//746 391//746 1004//746
f 391//746 361//746 1005//746
f 361//746 331//746 1006//746
f 331//746 301//746 1007//746
f 301//746 271//746 1008//746
f 271//746 241//746 1009//746
f 241//746 211//746 1010//746
f 211//746 181//746 1011//746
f 181//746 151//746 1012//746
f 151//746 121//746 1013//746
f 121//746 91//746 1014//746
f 91//746 61//746 1015//746
f 61//746 31//746 1016//746
f 31//746 1//746 901//746
