# Blender 5.2.0 LTS
# www.blender.org
o BubbleWrap_Sheet
v -8.000000 0.000000 6.000000
v -7.761194 0.000000 6.000000
v -7.522388 0.000000 6.000000
v -7.283582 0.000000 6.000000
v -7.044776 0.000000 6.000000
v -6.805970 0.000000 6.000000
v -6.567164 0.000000 6.000000
v -6.328358 0.000000 6.000000
v -6.089552 0.000000 6.000000
v -5.850746 0.000000 6.000000
v -5.611940 0.000000 6.000000
v -5.373134 0.000000 6.000000
v -5.134328 0.000000 6.000000
v -4.895523 0.000000 6.000000
v -4.656716 0.000000 6.000000
v -4.417911 0.000000 6.000000
v -4.179104 0.000000 6.000000
v -3.940299 0.000000 6.000000
v -3.701493 0.000000 6.000000
v -3.462687 0.000000 6.000000
v -3.223881 0.000000 6.000000
v -2.985075 0.000000 6.000000
v -2.746269 0.000000 6.000000
v -2.507463 0.000000 6.000000
v -2.268657 0.000000 6.000000
v -2.029851 0.000000 6.000000
v -1.791045 0.000000 6.000000
v -1.552239 0.000000 6.000000
v -1.313433 0.000000 6.000000
v -1.074627 0.000000 6.000000
v -0.835821 0.000000 6.000000
v -0.597015 0.000000 6.000000
v -0.358209 0.000000 6.000000
v -0.119403 0.000000 6.000000
v 0.119403 0.000000 6.000000
v 0.358209 0.000000 6.000000
v 0.597015 0.000000 6.000000
v 0.835821 0.000000 6.000000
v 1.074627 0.000000 6.000000
v 1.313433 0.000000 6.000000
v 1.552239 0.000000 6.000000
v 1.791045 0.000000 6.000000
v 2.029851 0.000000 6.000000
v 2.268657 0.000000 6.000000
v 2.507463 0.000000 6.000000
v 2.746269 0.000000 6.000000
v 2.985075 0.000000 6.000000
v 3.223881 0.000000 6.000000
v 3.462687 0.000000 6.000000
v 3.701493 0.000000 6.000000
v 3.940299 0.000000 6.000000
v 4.179104 0.000000 6.000000
v 4.417911 0.000000 6.000000
v 4.656716 0.000000 6.000000
v 4.895523 0.000000 6.000000
v 5.134328 0.000000 6.000000
v 5.373134 0.000000 6.000000
v 5.611940 0.000000 6.000000
v 5.850746 0.000000 6.000000
v 6.089552 0.000000 6.000000
v 6.328358 0.000000 6.000000
v 6.567164 0.000000 6.000000
v 6.805970 0.000000 6.000000
v 7.044776 0.000000 6.000000
v 7.283582 0.000000 6.000000
v 7.522388 0.000000 6.000000
v 7.761194 0.000000 6.000000
v 8.000000 0.000000 6.000000
v -8.000000 0.000000 5.760000
v -7.761194 0.208433 5.760000
v -7.522388 0.311111 5.760000
v -7.283582 0.311111 5.760000
v -7.044776 0.311111 5.760000
v -6.805970 0.311111 5.760000
v -6.567164 0.311111 5.760000
v -6.328358 0.311111 5.760000
v -6.089552 0.311111 5.760000
v -5.850746 0.311111 5.760000
v -5.611940 0.311111 5.760000
v -5.373134 0.311111 5.760000
v -5.134328 0.311111 5.760000
v -4.895523 0.311111 5.760000
v -4.656716 0.311111 5.760000
v -4.417911 0.311111 5.760000
v -4.179104 0.311111 5.760000
v -3.940299 0.311111 5.760000
v -3.701493 0.311111 5.760000
v -3.462687 0.311111 5.760000
v -3.223881 0.311111 5.760000
v -2.985075 0.311111 5.760000
v -2.746269 0.311111 5.760000
v -2.507463 0.311111 5.760000
v -2.268657 0.311111 5.760000
v -2.029851 0.311111 5.760000
v -1.791045 0.311111 5.760000
v -1.552239 0.311111 5.760000
v -1.313433 0.311111 5.760000
v -1.074627 0.311111 5.760000
v -0.835821 0.311111 5.760000
v -0.597015 0.311111 5.760000
v -0.358209 0.311111 5.760000
v -0.119403 0.311111 5.760000
v 0.119403 0.311111 5.760000
v 0.358209 0.311111 5.760000
v 0.597015 0.311111 5.760000
v 0.835821 0.311111 5.760000
v 1.074627 0.311111 5.760000
v 1.313433 0.311111 5.760000
v 1.552239 0.311111 5.760000
v 1.791045 0.311111 5.760000
v 2.029851 0.311111 5.760000
v 2.268657 0.311111 5.760000
v 2.507463 0.311111 5.760000
v 2.746269 0.311111 5.760000
v 2.985075 0.311111 5.760000
v 3.223881 0.311111 5.760000
v 3.462687 0.311111 5.760000
v 3.701493 0.311111 5.760000
v 3.940299 0.311111 5.760000
v 4.179104 0.311111 5.760000
v 4.417911 0.311111 5.760000
v 4.656716 0.311111 5.760000
v 4.895523 0.311111 5.760000
v 5.134328 0.311111 5.760000
v 5.373134 0.311111 5.760000
v 5.611940 0.311111 5.760000
v 5.850746 0.311111 5.760000
v 6.089552 0.311111 5.760000
v 6.328358 0.311111 5.760000
v 6.567164 0.311111 5.760000
v 6.805970 0.311111 5.760000
v 7.044776 0.311111 5.760000
v 7.283582 0.311111 5.760000
v 7.522388 0.311111 5.760000
v 7.761194 0.208433 5.760000
v 8.000000 0.000000 5.760000
v -8.000000 0.000000 5.520000
v -7.761194 0.208433 5.520000
v -7.522388 0.431103 5.520000
v -7.283582 0.482523 5.520000
v -7.044776 0.445723 5.520000
v -6.805970 0.422300 5.520000
v -6.567164 0.420000 5.520000
v -6.328358 0.426443 5.520000
v -6.089552 0.455316 5.520000
v -5.850746 0.492314 5.520000
v -5.611940 0.517180 5.520000
v -5.373134 0.516301 5.520000
v -5.134328 0.490158 5.520000
v -4.895523 0.453064 5.520000
v -4.656716 0.425327 5.520000
v -4.417911 0.420000 5.520000
v -4.179104 0.423064 5.520000
v -3.940299 0.447824 5.520000
v -3.701493 0.484811 5.520000
v -3.462687 0.513773 5.520000
v -3.223881 0.518856 5.520000
v -2.985075 0.497275 5.520000
v -2.746269 0.460847 5.520000
v -2.507463 0.429515 5.520000
v -2.268657 0.420000 5.520000
v -2.029851 0.420905 5.520000
v -1.791045 0.440911 5.520000
v -1.552239 0.476929 5.520000
v -1.313433 0.509238 5.520000
v -1.074627 0.520150 5.520000
v -0.835821 0.503691 5.520000
v -0.597015 0.468871 5.520000
v -0.358209 0.434755 5.520000
v -0.119403 0.420021 5.520000
v 0.119403 0.420021 5.520000
v 0.358209 0.434755 5.520000
v 0.597015 0.468871 5.520000
v 0.835821 0.503691 5.520000
v 1.074627 0.520150 5.520000
v 1.313433 0.509238 5.520000
v 1.552239 0.476929 5.520000
v 1.791045 0.440911 5.520000
v 2.029851 0.420905 5.520000
v 2.268657 0.420000 5.520000
v 2.507463 0.429515 5.520000
v 2.746269 0.460847 5.520000
v 2.985075 0.497275 5.520000
v 3.223881 0.518856 5.520000
v 3.462687 0.513773 5.520000
v 3.701493 0.484811 5.520000
v 3.940299 0.447824 5.520000
v 4.179104 0.423064 5.520000
v 4.417911 0.420000 5.520000
v 4.656716 0.425327 5.520000
v 4.895523 0.453064 5.520000
v 5.134328 0.490158 5.520000
v 5.373134 0.516301 5.520000
v 5.611940 0.517180 5.520000
v 5.850746 0.492314 5.520000
v 6.089552 0.455316 5.520000
v 6.328358 0.426443 5.520000
v 6.567164 0.420000 5.520000
v 6.805970 0.422300 5.520000
v 7.044776 0.445723 5.520000
v 7.283582 0.482523 5.520000
v 7.522388 0.431103 5.520000
v 7.761194 0.208433 5.520000
v 8.000000 0.000000 5.520000
v -8.000000 0.000000 5.280000
v -7.761194 0.208433 5.280000
v -7.522388 0.429776 5.280000
v -7.283582 0.507274 5.280000
v -7.044776 0.499330 5.280000
v -6.805970 0.424632 5.280000
v -6.567164 0.420000 5.280000
v -6.328358 0.436860 5.280000
v -6.089552 0.532858 5.280000
v -5.850746 0.661236 5.280000
v -5.611940 0.748655 5.280000
v -5.373134 0.745555 5.280000
v -5.134328 0.653691 5.280000
v -4.895523 0.525154 5.280000
v -4.656716 0.433439 5.280000
v -4.417911 0.420000 5.280000
v -4.179104 0.426759 5.280000
v -3.940299 0.507315 5.280000
v -3.701493 0.635000 5.280000
v -3.462687 0.736644 5.280000
v -3.223881 0.754567 5.280000
v -2.985075 0.678627 5.280000
v -2.746269 0.551850 5.280000
v -2.507463 0.446537 5.280000
v -2.268657 0.420000 5.280000
v -2.029851 0.421150 5.280000
v -1.791045 0.483999 5.280000
v -1.552239 0.607527 5.280000
v -1.313433 0.720668 5.280000
v -1.074627 0.759134 5.280000
v -0.835821 0.701154 5.280000
v -0.597015 0.579558 5.280000
v -0.358209 0.463551 5.280000
v -0.119403 0.420000 5.280000
v 0.119403 0.420000 5.280000
v 0.358209 0.463551 5.280000
v 0.597015 0.579558 5.280000
v 0.835821 0.701154 5.280000
v 1.074627 0.759134 5.280000
v 1.313433 0.720668 5.280000
v 1.552239 0.607527 5.280000
v 1.791045 0.483999 5.280000
v 2.029851 0.421150 5.280000
v 2.268657 0.420000 5.280000
v 2.507463 0.446537 5.280000
v 2.746269 0.551850 5.280000
v 2.985075 0.678627 5.280000
v 3.223881 0.754567 5.280000
v 3.462687 0.736644 5.280000
v 3.701493 0.635000 5.280000
v 3.940299 0.507315 5.280000
v 4.179104 0.426759 5.280000
v 4.417911 0.420000 5.280000
v 4.656716 0.433439 5.280000
v 4.895523 0.525154 5.280000
v 5.134328 0.653691 5.280000
v 5.373134 0.745555 5.280000
v 5.611940 0.748655 5.280000
v 5.850746 0.661236 5.280000
v 6.089552 0.532858 5.280000
v 6.328358 0.436860 5.280000
v 6.567164 0.420000 5.280000
v 6.805970 0.424632 5.280000
v 7.044776 0.499330 5.280000
v 7.283582 0.507274 5.280000
v 7.522388 0.429776 5.280000
v 7.761194 0.208433 5.280000
v 8.000000 0.000000 5.280000
v -8.000000 0.000000 5.040000
v -7.761194 0.208433 5.040000
v -7.522388 0.426045 5.040000
v -7.283582 0.469648 5.040000
v -7.044776 0.453354 5.040000
v -6.805970 0.420000 5.040000
v -6.567164 0.420000 5.040000
v -6.328358 0.422496 5.040000
v -6.089552 0.497316 5.040000
v -5.850746 0.623011 5.040000
v -5.611940 0.713814 5.040000
v -5.373134 0.710548 5.040000
v -5.134328 0.615319 5.040000
v -4.895523 0.490285 5.040000
v -4.656716 0.421197 5.040000
v -4.417911 0.420000 5.040000
v -4.179104 0.420000 5.040000
v -3.940299 0.474379 5.040000
v -3.701493 0.596391 5.040000
v -3.462687 0.701177 5.040000
v -3.223881 0.720050 5.040000
v -2.985075 0.640837 5.040000
v -2.746269 0.514996 5.040000
v -2.507463 0.427475 5.040000
v -2.268657 0.420000 5.040000
v -2.029851 0.420000 5.040000
v -1.791045 0.454629 5.040000
v -1.552239 0.568931 5.040000
v -1.313433 0.684441 5.040000
v -1.074627 0.724874 5.040000
v -0.835821 0.664118 5.040000
v -0.597015 0.541503 5.040000
v -0.358209 0.438787 5.040000
v -0.119403 0.420000 5.040000
v 0.119403 0.420000 5.040000
v 0.358209 0.438787 5.040000
v 0.597015 0.541503 5.040000
v 0.835821 0.664118 5.040000
v 1.074627 0.724874 5.040000
v 1.313433 0.684441 5.040000
v 1.552239 0.568931 5.040000
v 1.791045 0.454629 5.040000
v 2.029851 0.420000 5.040000
v 2.268657 0.420000 5.040000
v 2.507463 0.427475 5.040000
v 2.746269 0.514996 5.040000
v 2.985075 0.640837 5.040000
v 3.223881 0.720050 5.040000
v 3.462687 0.701177 5.040000
v 3.701493 0.596391 5.040000
v 3.940299 0.474379 5.040000
v 4.179104 0.420000 5.040000
v 4.417911 0.420000 5.040000
v 4.656716 0.421197 5.040000
v 4.895523 0.490285 5.040000
v 5.134328 0.615319 5.040000
v 5.373134 0.710548 5.040000
v 5.611940 0.713814 5.040000
v 5.850746 0.623011 5.040000
v 6.089552 0.497316 5.040000
v 6.328358 0.422496 5.040000
v 6.567164 0.420000 5.040000
v 6.805970 0.420000 5.040000
v 7.044776 0.453354 5.040000
v 7.283582 0.469648 5.040000
v 7.522388 0.426045 5.040000
v 7.761194 0.208433 5.040000
v 8.000000 0.000000 5.040000
v -8.000000 0.000000 4.800000
v -7.761194 0.208433 4.800000
v -7.522388 0.422022 4.800000
v -7.283582 0.432255 4.800000
v -7.044776 0.420931 4.800000
v -6.805970 0.420000 4.800000
v -6.567164 0.420000 4.800000
v -6.328358 0.420000 4.800000
v -6.089552 0.427713 4.800000
v -5.850746 0.477249 4.800000
v -5.611940 0.522348 4.800000
v -5.373134 0.520649 4.800000
v -5.134328 0.473677 4.800000
v -4.895523 0.425852 4.800000
v -4.656716 0.420000 4.800000
v -4.417911 0.420000 4.800000
v -4.179104 0.420000 4.800000
v -3.940299 0.422361 4.800000
v -3.701493 0.465097 4.800000
v -3.462687 0.515801 4.800000
v -3.223881 0.525606 4.800000
v -2.985075 0.485702 4.800000
v -2.746269 0.433049 4.800000
v -2.507463 0.420000 4.800000
v -2.268657 0.420000 4.800000
v -2.029851 0.420000 4.800000
v -1.791045 0.420056 4.800000
v -1.552239 0.453272 4.800000
v -1.313433 0.507249 4.800000
v -1.074627 0.528138 4.800000
v -0.835821 0.497065 4.800000
v -0.597015 0.442385 4.800000
v -0.358209 0.420000 4.800000
v -0.119403 0.420000 4.800000
v 0.119403 0.420000 4.800000
v 0.358209 0.420000 4.800000
v 0.597015 0.442385 4.800000
v 0.835821 0.497065 4.800000
v 1.074627 0.528138 4.800000
v 1.313433 0.507249 4.800000
v 1.552239 0.453272 4.800000
v 1.791045 0.420056 4.800000
v 2.029851 0.420000 4.800000
v 2.268657 0.420000 4.800000
v 2.507463 0.420000 4.800000
v 2.746269 0.433049 4.800000
v 2.985075 0.485702 4.800000
v 3.223881 0.525606 4.800000
v 3.462687 0.515801 4.800000
v 3.701493 0.465097 4.800000
v 3.940299 0.422361 4.800000
v 4.179104 0.420000 4.800000
v 4.417911 0.420000 4.800000
v 4.656716 0.420000 4.800000
v 4.895523 0.425852 4.800000
v 5.134328 0.473677 4.800000
v 5.373134 0.520649 4.800000
v 5.611940 0.522348 4.800000
v 5.850746 0.477249 4.800000
v 6.089552 0.427713 4.800000
v 6.328358 0.420000 4.800000
v 6.567164 0.420000 4.800000
v 6.805970 0.420000 4.800000
v 7.044776 0.420931 4.800000
v 7.283582 0.432255 4.800000
v 7.522388 0.422022 4.800000
v 7.761194 0.208433 4.800000
v 8.000000 0.000000 4.800000
v -8.000000 0.000000 4.560000
v -7.761194 0.208433 4.560000
v -7.522388 0.420003 4.560000
v -7.283582 0.420000 4.560000
v -7.044776 0.420000 4.560000
v -6.805970 0.420000 4.560000
v -6.567164 0.420000 4.560000
v -6.328358 0.420000 4.560000
v -6.089552 0.420000 4.560000
v -5.850746 0.420000 4.560000
v -5.611940 0.422599 4.560000
v -5.373134 0.422379 4.560000
v -5.134328 0.420000 4.560000
v -4.895523 0.420000 4.560000
v -4.656716 0.420000 4.560000
v -4.417911 0.420000 4.560000
v -4.179104 0.420000 4.560000
v -3.940299 0.420000 4.560000
v -3.701493 0.420000 4.560000
v -3.462687 0.421795 4.560000
v -3.223881 0.423043 4.560000
v -2.985075 0.420000 4.560000
v -2.746269 0.420000 4.560000
v -2.507463 0.420000 4.560000
v -2.268657 0.420000 4.560000
v -2.029851 0.420000 4.560000
v -1.791045 0.420000 4.560000
v -1.552239 0.420000 4.560000
v -1.313433 0.420941 4.560000
v -1.074627 0.423407 4.560000
v -0.835821 0.420255 4.560000
v -0.597015 0.420000 4.560000
v -0.358209 0.420000 4.560000
v -0.119403 0.420000 4.560000
v 0.119403 0.420000 4.560000
v 0.358209 0.420000 4.560000
v 0.597015 0.420000 4.560000
v 0.835821 0.420255 4.560000
v 1.074627 0.423407 4.560000
v 1.313433 0.420941 4.560000
v 1.552239 0.420000 4.560000
v 1.791045 0.420000 4.560000
v 2.029851 0.420000 4.560000
v 2.268657 0.420000 4.560000
v 2.507463 0.420000 4.560000
v 2.746269 0.420000 4.560000
v 2.985075 0.420000 4.560000
v 3.223881 0.423043 4.560000
v 3.462687 0.421795 4.560000
v 3.701493 0.420000 4.560000
v 3.940299 0.420000 4.560000
v 4.179104 0.420000 4.560000
v 4.417911 0.420000 4.560000
v 4.656716 0.420000 4.560000
v 4.895523 0.420000 4.560000
v 5.134328 0.420000 4.560000
v 5.373134 0.422379 4.560000
v 5.611940 0.422599 4.560000
v 5.850746 0.420000 4.560000
v 6.089552 0.420000 4.560000
v 6.328358 0.420000 4.560000
v 6.567164 0.420000 4.560000
v 6.805970 0.420000 4.560000
v 7.044776 0.420000 4.560000
v 7.283582 0.420000 4.560000
v 7.522388 0.420003 4.560000
v 7.761194 0.208433 4.560000
v 8.000000 0.000000 4.560000
v -8.000000 0.000000 4.320000
v -7.761194 0.208433 4.320000
v -7.522388 0.419969 4.320000
v -7.283582 0.420000 4.320000
v -7.044776 0.420000 4.320000
v -6.805970 0.420000 4.320000
v -6.567164 0.420000 4.320000
v -6.328358 0.420000 4.320000
v -6.089552 0.420000 4.320000
v -5.850746 0.420000 4.320000
v -5.611940 0.420000 4.320000
v -5.373134 0.420000 4.320000
v -5.134328 0.420000 4.320000
v -4.895523 0.420000 4.320000
v -4.656716 0.420000 4.320000
v -4.417911 0.420000 4.320000
v -4.179104 0.420000 4.320000
v -3.940299 0.420000 4.320000
v -3.701493 0.420000 4.320000
v -3.462687 0.420000 4.320000
v -3.223881 0.420000 4.320000
v -2.985075 0.420000 4.320000
v -2.746269 0.420000 4.320000
v -2.507463 0.420000 4.320000
v -2.268657 0.420000 4.320000
v -2.029851 0.420000 4.320000
v -1.791045 0.420000 4.320000
v -1.552239 0.420000 4.320000
v -1.313433 0.420000 4.320000
v -1.074627 0.420000 4.320000
v -0.835821 0.420000 4.320000
v -0.597015 0.420000 4.320000
v -0.358209 0.420000 4.320000
v -0.119403 0.420000 4.320000
v 0.119403 0.420000 4.320000
v 0.358209 0.420000 4.320000
v 0.597015 0.420000 4.320000
v 0.835821 0.420000 4.320000
v 1.074627 0.420000 4.320000
v 1.313433 0.420000 4.320000
v 1.552239 0.420000 4.320000
v 1.791045 0.420000 4.320000
v 2.029851 0.420000 4.320000
v 2.268657 0.420000 4.320000
v 2.507463 0.420000 4.320000
v 2.746269 0.420000 4.320000
v 2.985075 0.420000 4.320000
v 3.223881 0.420000 4.320000
v 3.462687 0.420000 4.320000
v 3.701493 0.420000 4.320000
v 3.940299 0.420000 4.320000
v 4.179104 0.420000 4.320000
v 4.417911 0.420000 4.320000
v 4.656716 0.420000 4.320000
v 4.895523 0.420000 4.320000
v 5.134328 0.420000 4.320000
v 5.373134 0.420000 4.320000
v 5.611940 0.420000 4.320000
v 5.850746 0.420000 4.320000
v 6.089552 0.420000 4.320000
v 6.328358 0.420000 4.320000
v 6.567164 0.420000 4.320000
v 6.805970 0.420000 4.320000
v 7.044776 0.420000 4.320000
v 7.283582 0.420000 4.320000
v 7.522388 0.419969 4.320000
v 7.761194 0.208433 4.320000
v 8.000000 0.000000 4.320000
v -8.000000 0.000000 4.080000
v -7.761194 0.208433 4.080000
v -7.522388 0.421034 4.080000
v -7.283582 0.424528 4.080000
v -7.044776 0.420000 4.080000
v -6.805970 0.420000 4.080000
v -6.567164 0.420000 4.080000
v -6.328358 0.420000 4.080000
v -6.089552 0.420208 4.080000
v -5.850746 0.444767 4.080000
v -5.611940 0.474594 4.080000
v -5.373134 0.473421 4.080000
v -5.134328 0.442562 4.080000
v -4.895523 0.420014 4.080000
v -4.656716 0.420000 4.080000
v -4.417911 0.420000 4.080000
v -4.179104 0.420000 4.080000
v -3.940299 0.420000 4.080000
v -3.701493 0.437410 4.080000
v -3.462687 0.470091 4.080000
v -3.223881 0.476852 4.080000
v -2.985075 0.450101 4.080000
v -2.746269 0.421546 4.080000
v -2.507463 0.420000 4.080000
v -2.268657 0.420000 4.080000
v -2.029851 0.420000 4.080000
v -1.791045 0.420000 4.080000
v -1.552239 0.430744 4.080000
v -1.313433 0.464283 4.080000
v -1.074627 0.478613 4.080000
v -0.835821 0.457490 4.080000
v -0.597015 0.425286 4.080000
v -0.358209 0.420000 4.080000
v -0.119403 0.420000 4.080000
v 0.119403 0.420000 4.080000
v 0.358209 0.420000 4.080000
v 0.597015 0.425286 4.080000
v 0.835821 0.457490 4.080000
v 1.074627 0.478613 4.080000
v 1.313433 0.464283 4.080000
v 1.552239 0.430744 4.080000
v 1.791045 0.420000 4.080000
v 2.029851 0.420000 4.080000
v 2.268657 0.420000 4.080000
v 2.507463 0.420000 4.080000
v 2.746269 0.421546 4.080000
v 2.985075 0.450101 4.080000
v 3.223881 0.476852 4.080000
v 3.462687 0.470091 4.080000
v 3.701493 0.437410 4.080000
v 3.940299 0.420000 4.080000
v 4.179104 0.420000 4.080000
v 4.417911 0.420000 4.080000
v 4.656716 0.420000 4.080000
v 4.895523 0.420014 4.080000
v 5.134328 0.442562 4.080000
v 5.373134 0.473421 4.080000
v 5.611940 0.474594 4.080000
v 5.850746 0.444767 4.080000
v 6.089552 0.420208 4.080000
v 6.328358 0.420000 4.080000
v 6.567164 0.420000 4.080000
v 6.805970 0.420000 4.080000
v 7.044776 0.420000 4.080000
v 7.283582 0.424528 4.080000
v 7.522388 0.421034 4.080000
v 7.761194 0.208433 4.080000
v 8.000000 0.000000 4.080000
v -8.000000 0.000000 3.840000
v -7.761194 0.208433 3.840000
v -7.522388 0.424614 3.840000
v -7.283582 0.455766 3.840000
v -7.044776 0.438713 3.840000
v -6.805970 0.420000 3.840000
v -6.567164 0.420000 3.840000
v -6.328358 0.420002 3.840000
v -6.089552 0.468745 3.840000
v -5.850746 0.569832 3.840000
v -5.611940 0.645975 3.840000
v -5.373134 0.643211 3.840000
v -5.134328 0.563465 3.840000
v -4.895523 0.463396 3.840000
v -4.656716 0.420000 3.840000
v -4.417911 0.420000 3.840000
v -4.179104 0.420000 3.840000
v -3.940299 0.451535 3.840000
v -3.701493 0.547868 3.840000
v -3.462687 0.635288 3.840000
v -3.223881 0.651258 3.840000
v -2.985075 0.584646 3.840000
v -2.746269 0.482418 3.840000
v -2.507463 0.421328 3.840000
v -2.268657 0.420000 3.840000
v -2.029851 0.420000 3.840000
v -1.791045 0.437489 3.840000
v -1.552239 0.525447 3.840000
v -1.313433 0.621174 3.840000
v -1.074627 0.655349 3.840000
v -0.835821 0.604102 3.840000
v -0.597015 0.503363 3.840000
v -0.358209 0.427241 3.840000
v -0.119403 0.420000 3.840000
v 0.119403 0.420000 3.840000
v 0.358209 0.427241 3.840000
v 0.597015 0.503363 3.840000
v 0.835821 0.604102 3.840000
v 1.074627 0.655349 3.840000
v 1.313433 0.621174 3.840000
v 1.552239 0.525447 3.840000
v 1.791045 0.437489 3.840000
v 2.029851 0.420000 3.840000
v 2.268657 0.420000 3.840000
v 2.507463 0.421328 3.840000
v 2.746269 0.482418 3.840000
v 2.985075 0.584646 3.840000
v 3.223881 0.651258 3.840000
v 3.462687 0.635288 3.840000
v 3.701493 0.547868 3.840000
v 3.940299 0.451535 3.840000
v 4.179104 0.420000 3.840000
v 4.417911 0.420000 3.840000
v 4.656716 0.420000 3.840000
v 4.895523 0.463396 3.840000
v 5.134328 0.563465 3.840000
v 5.373134 0.643211 3.840000
v 5.611940 0.645975 3.840000
v 5.850746 0.569832 3.840000
v 6.089552 0.468745 3.840000
v 6.328358 0.420002 3.840000
v 6.567164 0.420000 3.840000
v 6.805970 0.420000 3.840000
v 7.044776 0.438713 3.840000
v 7.283582 0.455766 3.840000
v 7.522388 0.424614 3.840000
v 7.761194 0.208433 3.840000
v 8.000000 0.000000 3.840000
v -8.000000 0.000000 3.600000
v -7.761194 0.208433 3.600000
v -7.522388 0.428714 3.600000
v -7.283582 0.496406 3.600000
v -7.044776 0.485381 3.600000
v -6.805970 0.422969 3.600000
v -6.567164 0.420000 3.600000
v -6.328358 0.436285 3.600000
v -6.089552 0.556374 3.600000
v -5.850746 0.724141 3.600000
v -5.611940 0.839836 3.600000
v -5.373134 0.835720 3.600000
v -5.134328 0.714195 3.600000
v -4.895523 0.546450 3.600000
v -4.656716 0.432387 3.600000
v -4.417911 0.420000 3.600000
v -4.179104 0.425156 3.600000
v -3.940299 0.523574 3.600000
v -3.701493 0.689594 3.600000
v -3.462687 0.823895 3.600000
v -3.223881 0.847687 3.600000
v -2.985075 0.747090 3.600000
v -2.746269 0.580938 3.600000
v -2.507463 0.447672 3.600000
v -2.268657 0.420000 3.600000
v -2.029851 0.420232 3.600000
v -1.791045 0.493964 3.600000
v -1.552239 0.653535 3.600000
v -1.313433 0.802711 3.600000
v -1.074627 0.853753 3.600000
v -0.835821 0.776871 3.600000
v -0.597015 0.616974 3.600000
v -0.358209 0.468410 3.600000
v -0.119403 0.420000 3.600000
v 0.119403 0.420000 3.600000
v 0.358209 0.468410 3.600000
v 0.597015 0.616974 3.600000
v 0.835821 0.776871 3.600000
v 1.074627 0.853753 3.600000
v 1.313433 0.802711 3.600000
v 1.552239 0.653535 3.600000
v 1.791045 0.493964 3.600000
v 2.029851 0.420232 3.600000
v 2.268657 0.420000 3.600000
v 2.507463 0.447672 3.600000
v 2.746269 0.580938 3.600000
v 2.985075 0.747090 3.600000
v 3.223881 0.847687 3.600000
v 3.462687 0.823895 3.600000
v 3.701493 0.689594 3.600000
v 3.940299 0.523574 3.600000
v 4.179104 0.425156 3.600000
v 4.417911 0.420000 3.600000
v 4.656716 0.432387 3.600000
v 4.895523 0.546450 3.600000
v 5.134328 0.714195 3.600000
v 5.373134 0.835720 3.600000
v 5.611940 0.839836 3.600000
v 5.850746 0.724141 3.600000
v 6.089552 0.556374 3.600000
v 6.328358 0.436285 3.600000
v 6.567164 0.420000 3.600000
v 6.805970 0.422969 3.600000
v 7.044776 0.485381 3.600000
v 7.283582 0.496406 3.600000
v 7.522388 0.428714 3.600000
v 7.761194 0.208433 3.600000
v 8.000000 0.000000 3.600000
v -8.000000 0.000000 3.360000
v -7.761194 0.208433 3.360000
v -7.522388 0.431011 3.360000
v -7.283582 0.520033 3.360000
v -7.044776 0.516204 3.360000
v -6.805970 0.431809 3.360000
v -6.567164 0.420000 3.360000
v -6.328358 0.454468 3.360000
v -6.089552 0.611185 3.360000
v -5.850746 0.812530 3.360000
v -5.611940 0.947966 3.360000
v -5.373134 0.943178 3.360000
v -5.134328 0.800793 3.360000
v -4.895523 0.598940 3.360000
v -4.656716 0.448441 3.360000
v -4.417911 0.420000 3.360000
v -4.179104 0.436243 3.360000
v -3.940299 0.570461 3.360000
v -3.701493 0.771680 3.360000
v -3.462687 0.929408 3.360000
v -3.223881 0.957095 3.360000
v -2.985075 0.839549 3.360000
v -2.746269 0.641267 3.360000
v -2.507463 0.471090 3.360000
v -2.268657 0.420000 3.360000
v -2.029851 0.424679 3.360000
v -1.791045 0.532904 3.360000
v -1.552239 0.728772 3.360000
v -1.313433 0.904702 3.360000
v -1.074627 0.964145 3.360000
v -0.835821 0.874488 3.360000
v -0.597015 0.684922 3.360000
v -0.358209 0.499491 3.360000
v -0.119403 0.420079 3.360000
v 0.119403 0.420079 3.360000
v 0.358209 0.499491 3.360000
v 0.597015 0.684922 3.360000
v 0.835821 0.874488 3.360000
v 1.074627 0.964145 3.360000
v 1.313433 0.904702 3.360000
v 1.552239 0.728772 3.360000
v 1.791045 0.532904 3.360000
v 2.029851 0.424679 3.360000
v 2.268657 0.420000 3.360000
v 2.507463 0.471090 3.360000
v 2.746269 0.641267 3.360000
v 2.985075 0.839549 3.360000
v 3.223881 0.957095 3.360000
v 3.462687 0.929408 3.360000
v 3.701493 0.771680 3.360000
v 3.940299 0.570461 3.360000
v 4.179104 0.436243 3.360000
v 4.417911 0.420000 3.360000
v 4.656716 0.448441 3.360000
v 4.895523 0.598940 3.360000
v 5.134328 0.800793 3.360000
v 5.373134 0.943178 3.360000
v 5.611940 0.947966 3.360000
v 5.850746 0.812530 3.360000
v 6.089552 0.611185 3.360000
v 6.328358 0.454468 3.360000
v 6.567164 0.420000 3.360000
v 6.805970 0.431809 3.360000
v 7.044776 0.516204 3.360000
v 7.283582 0.520033 3.360000
v 7.522388 0.431011 3.360000
v 7.761194 0.208433 3.360000
v 8.000000 0.000000 3.360000
v -8.000000 0.000000 3.120000
v -7.761194 0.208433 3.120000
v -7.522388 0.430206 3.120000
v -7.283582 0.511703 3.120000
v -7.044776 0.505131 3.120000
v -6.805970 0.428163 3.120000
v -6.567164 0.420000 3.120000
v -6.328358 0.447569 3.120000
v -6.089552 0.591645 3.120000
v -5.850746 0.781441 3.120000
v -5.611940 0.910098 3.120000
v -5.373134 0.905541 3.120000
v -5.134328 0.770319 3.120000
v -4.895523 0.580199 3.120000
v -4.656716 0.442279 3.120000
v -4.417911 0.420000 3.120000
v -4.179104 0.431802 3.120000
v -3.940299 0.553650 3.120000
v -3.701493 0.742757 3.120000
v -3.462687 0.892439 3.120000
v -3.223881 0.918789 3.120000
v -2.985075 0.807062 3.120000
v -2.746269 0.619827 3.120000
v -2.507463 0.462380 3.120000
v -2.268657 0.420000 3.120000
v -2.029851 0.422543 3.120000
v -1.791045 0.518834 3.120000
v -1.552239 0.702204 3.120000
v -1.313433 0.868942 3.120000
v -1.074627 0.925501 3.120000
v -0.835821 0.840230 3.120000
v -0.597015 0.660860 3.120000
v -0.358209 0.488133 3.120000
v -0.119403 0.420000 3.120000
v 0.119403 0.420000 3.120000
v 0.358209 0.488133 3.120000
v 0.597015 0.660860 3.120000
v 0.835821 0.840230 3.120000
v 1.074627 0.925501 3.120000
v 1.313433 0.868942 3.120000
v 1.552239 0.702204 3.120000
v 1.791045 0.518834 3.120000
v 2.029851 0.422543 3.120000
v 2.268657 0.420000 3.120000
v 2.507463 0.462380 3.120000
v 2.746269 0.619827 3.120000
v 2.985075 0.807062 3.120000
v 3.223881 0.918789 3.120000
v 3.462687 0.892439 3.120000
v 3.701493 0.742757 3.120000
v 3.940299 0.553650 3.120000
v 4.179104 0.431802 3.120000
v 4.417911 0.420000 3.120000
v 4.656716 0.442279 3.120000
v 4.895523 0.580199 3.120000
v 5.134328 0.770319 3.120000
v 5.373134 0.905541 3.120000
v 5.611940 0.910098 3.120000
v 5.850746 0.781441 3.120000
v 6.089552 0.591645 3.120000
v 6.328358 0.447569 3.120000
v 6.567164 0.420000 3.120000
v 6.805970 0.428163 3.120000
v 7.044776 0.505131 3.120000
v 7.283582 0.511703 3.120000
v 7.522388 0.430206 3.120000
v 7.761194 0.208433 3.120000
v 8.000000 0.000000 3.120000
v -8.000000 0.000000 2.880000
v -7.761194 0.208433 2.880000
v -7.522388 0.426754 2.880000
v -7.283582 0.476662 2.880000
v -7.044776 0.461354 2.880000
v -6.805970 0.420007 2.880000
v -6.567164 0.420000 2.880000
v -6.328358 0.425178 2.880000
v -6.089552 0.512382 2.880000
v -5.850746 0.649659 2.880000
v -5.611940 0.747334 2.880000
v -5.373134 0.743834 2.880000
v -5.134328 0.641346 2.880000
v -4.895523 0.504556 2.880000
v -4.656716 0.423173 2.880000
v -4.417911 0.420000 2.880000
v -4.179104 0.420342 2.880000
v -3.940299 0.486737 2.880000
v -3.701493 0.620853 2.880000
v -3.462687 0.733785 2.880000
v -3.223881 0.754016 2.880000
v -2.985075 0.668898 2.880000
v -2.746269 0.531954 2.880000
v -2.507463 0.431902 2.880000
v -2.268657 0.420000 2.880000
v -2.029851 0.420000 2.880000
v -1.791045 0.464286 2.880000
v -1.552239 0.591023 2.880000
v -1.313433 0.715820 2.880000
v -1.074627 0.759184 2.880000
v -0.835821 0.693974 2.880000
v -0.597015 0.561081 2.880000
v -0.358209 0.445787 2.880000
v -0.119403 0.420000 2.880000
v 0.119403 0.420000 2.880000
v 0.358209 0.445787 2.880000
v 0.597015 0.561081 2.880000
v 0.835821 0.693974 2.880000
v 1.074627 0.759184 2.880000
v 1.313433 0.715820 2.880000
v 1.552239 0.591023 2.880000
v 1.791045 0.464286 2.880000
v 2.029851 0.420000 2.880000
v 2.268657 0.420000 2.880000
v 2.507463 0.431902 2.880000
v 2.746269 0.531954 2.880000
v 2.985075 0.668898 2.880000
v 3.223881 0.754016 2.880000
v 3.462687 0.733785 2.880000
v 3.701493 0.620853 2.880000
v 3.940299 0.486737 2.880000
v 4.179104 0.420342 2.880000
v 4.417911 0.420000 2.880000
v 4.656716 0.423173 2.880000
v 4.895523 0.504556 2.880000
v 5.134328 0.641346 2.880000
v 5.373134 0.743834 2.880000
v 5.611940 0.747334 2.880000
v 5.850746 0.649659 2.880000
v 6.089552 0.512382 2.880000
v 6.328358 0.425178 2.880000
v 6.567164 0.420000 2.880000
v 6.805970 0.420007 2.880000
v 7.044776 0.461354 2.880000
v 7.283582 0.476662 2.880000
v 7.522388 0.426754 2.880000
v 7.761194 0.208433 2.880000
v 8.000000 0.000000 2.880000
v -8.000000 0.000000 2.640000
v -7.761194 0.208433 2.640000
v -7.522388 0.422608 2.640000
v -7.283582 0.437288 2.640000
v -7.044776 0.423437 2.640000
v -6.805970 0.420000 2.640000
v -6.567164 0.420000 2.640000
v -6.328358 0.420000 2.640000
v -6.089552 0.435133 2.640000
v -5.850746 0.497539 2.640000
v -5.611940 0.550439 2.640000
v -5.373134 0.548472 2.640000
v -5.134328 0.493266 2.640000
v -4.895523 0.432406 2.640000
v -4.656716 0.420000 2.640000
v -4.417911 0.420000 2.640000
v -4.179104 0.420000 2.640000
v -3.940299 0.426843 2.640000
v -3.701493 0.482928 2.640000
v -3.462687 0.542850 2.640000
v -3.223881 0.554207 2.640000
v -2.985075 0.507588 2.640000
v -2.746269 0.442541 2.640000
v -2.507463 0.420000 2.640000
v -2.268657 0.420000 2.640000
v -2.029851 0.420000 2.640000
v -1.791045 0.421638 2.640000
v -1.552239 0.468452 2.640000
v -1.313433 0.532899 2.640000
v -1.074627 0.557132 2.640000
v -0.835821 0.520984 2.640000
v -0.597015 0.454770 2.640000
v -0.358209 0.420000 2.640000
v -0.119403 0.420000 2.640000
v 0.119403 0.420000 2.640000
v 0.358209 0.420000 2.640000
v 0.597015 0.454770 2.640000
v 0.835821 0.520984 2.640000
v 1.074627 0.557132 2.640000
v 1.313433 0.532899 2.640000
v 1.552239 0.468452 2.640000
v 1.791045 0.421638 2.640000
v 2.029851 0.420000 2.640000
v 2.268657 0.420000 2.640000
v 2.507463 0.420000 2.640000
v 2.746269 0.442541 2.640000
v 2.985075 0.507588 2.640000
v 3.223881 0.554207 2.640000
v 3.462687 0.542850 2.640000
v 3.701493 0.482928 2.640000
v 3.940299 0.426843 2.640000
v 4.179104 0.420000 2.640000
v 4.417911 0.420000 2.640000
v 4.656716 0.420000 2.640000
v 4.895523 0.432406 2.640000
v 5.134328 0.493266 2.640000
v 5.373134 0.548472 2.640000
v 5.611940 0.550439 2.640000
v 5.850746 0.497539 2.640000
v 6.089552 0.435133 2.640000
v 6.328358 0.420000 2.640000
v 6.567164 0.420000 2.640000
v 6.805970 0.420000 2.640000
v 7.044776 0.423437 2.640000
v 7.283582 0.437288 2.640000
v 7.522388 0.422608 2.640000
v 7.761194 0.208433 2.640000
v 8.000000 0.000000 2.640000
v -8.000000 0.000000 2.400000
v -7.761194 0.208433 2.400000
v -7.522388 0.420129 2.400000
v -7.283582 0.420000 2.400000
v -7.044776 0.420000 2.400000
v -6.805970 0.420000 2.400000
v -6.567164 0.420000 2.400000
v -6.328358 0.420000 2.400000
v -6.089552 0.420000 2.400000
v -5.850746 0.420802 2.400000
v -5.611940 0.429498 2.400000
v -5.373134 0.429057 2.400000
v -5.134328 0.420476 2.400000
v -4.895523 0.420000 2.400000
v -4.656716 0.420000 2.400000
v -4.417911 0.420000 2.400000
v -4.179104 0.420000 2.400000
v -3.940299 0.420000 2.400000
v -3.701493 0.420028 2.400000
v -3.462687 0.427837 2.400000
v -3.223881 0.430363 2.400000
v -2.985075 0.421842 2.400000
v -2.746269 0.420000 2.400000
v -2.507463 0.420000 2.400000
v -2.268657 0.420000 2.400000
v -2.029851 0.420000 2.400000
v -1.791045 0.420000 2.400000
v -1.552239 0.420000 2.400000
v -1.313433 0.425836 2.400000
v -1.074627 0.431052 2.400000
v -0.835821 0.423740 2.400000
v -0.597015 0.420000 2.400000
v -0.358209 0.420000 2.400000
v -0.119403 0.420000 2.400000
v 0.119403 0.420000 2.400000
v 0.358209 0.420000 2.400000
v 0.597015 0.420000 2.400000
v 0.835821 0.423740 2.400000
v 1.074627 0.431052 2.400000
v 1.313433 0.425836 2.400000
v 1.552239 0.420000 2.400000
v 1.791045 0.420000 2.400000
v 2.029851 0.420000 2.400000
v 2.268657 0.420000 2.400000
v 2.507463 0.420000 2.400000
v 2.746269 0.420000 2.400000
v 2.985075 0.421842 2.400000
v 3.223881 0.430363 2.400000
v 3.462687 0.427837 2.400000
v 3.701493 0.420028 2.400000
v 3.940299 0.420000 2.400000
v 4.179104 0.420000 2.400000
v 4.417911 0.420000 2.400000
v 4.656716 0.420000 2.400000
v 4.895523 0.420000 2.400000
v 5.134328 0.420476 2.400000
v 5.373134 0.429057 2.400000
v 5.611940 0.429498 2.400000
v 5.850746 0.420802 2.400000
v 6.089552 0.420000 2.400000
v 6.328358 0.420000 2.400000
v 6.567164 0.420000 2.400000
v 6.805970 0.420000 2.400000
v 7.044776 0.420000 2.400000
v 7.283582 0.420000 2.400000
v 7.522388 0.420129 2.400000
v 7.761194 0.208433 2.400000
v 8.000000 0.000000 2.400000
v -8.000000 0.000000 2.160000
v -7.761194 0.208433 2.160000
v -7.522388 0.419969 2.160000
v -7.283582 0.420000 2.160000
v -7.044776 0.420000 2.160000
v -6.805970 0.420000 2.160000
v -6.567164 0.420000 2.160000
v -6.328358 0.420000 2.160000
v -6.089552 0.420000 2.160000
v -5.850746 0.420000 2.160000
v -5.611940 0.420000 2.160000
v -5.373134 0.420000 2.160000
v -5.134328 0.420000 2.160000
v -4.895523 0.420000 2.160000
v -4.656716 0.420000 2.160000
v -4.417911 0.420000 2.160000
v -4.179104 0.420000 2.160000
v -3.940299 0.420000 2.160000
v -3.701493 0.420000 2.160000
v -3.462687 0.420000 2.160000
v -3.223881 0.420000 2.160000
v -2.985075 0.420000 2.160000
v -2.746269 0.420000 2.160000
v -2.507463 0.420000 2.160000
v -2.268657 0.420000 2.160000
v -2.029851 0.420000 2.160000
v -1.791045 0.420000 2.160000
v -1.552239 0.420000 2.160000
v -1.313433 0.420000 2.160000
v -1.074627 0.420000 2.160000
v -0.835821 0.420000 2.160000
v -0.597015 0.420000 2.160000
v -0.358209 0.420000 2.160000
v -0.119403 0.420000 2.160000
v 0.119403 0.420000 2.160000
v 0.358209 0.420000 2.160000
v 0.597015 0.420000 2.160000
v 0.835821 0.420000 2.160000
v 1.074627 0.420000 2.160000
v 1.313433 0.420000 2.160000
v 1.552239 0.420000 2.160000
v 1.791045 0.420000 2.160000
v 2.029851 0.420000 2.160000
v 2.268657 0.420000 2.160000
v 2.507463 0.420000 2.160000
v 2.746269 0.420000 2.160000
v 2.985075 0.420000 2.160000
v 3.223881 0.420000 2.160000
v 3.462687 0.420000 2.160000
v 3.701493 0.420000 2.160000
v 3.940299 0.420000 2.160000
v 4.179104 0.420000 2.160000
v 4.417911 0.420000 2.160000
v 4.656716 0.420000 2.160000
v 4.895523 0.420000 2.160000
v 5.134328 0.420000 2.160000
v 5.373134 0.420000 2.160000
v 5.611940 0.420000 2.160000
v 5.850746 0.420000 2.160000
v 6.089552 0.420000 2.160000
v 6.328358 0.420000 2.160000
v 6.567164 0.420000 2.160000
v 6.805970 0.420000 2.160000
v 7.044776 0.420000 2.160000
v 7.283582 0.420000 2.160000
v 7.522388 0.419969 2.160000
v 7.761194 0.208433 2.160000
v 8.000000 0.000000 2.160000
v -8.000000 0.000000 1.920000
v -7.761194 0.208433 1.920000
v -7.522388 0.420649 1.920000
v -7.283582 0.422011 1.920000
v -7.044776 0.420000 1.920000
v -6.805970 0.420000 1.920000
v -6.567164 0.420000 1.920000
v -6.328358 0.420000 1.920000
v -6.089552 0.420000 1.920000
v -5.850746 0.433227 1.920000
v -5.611940 0.455714 1.920000
v -5.373134 0.454795 1.920000
v -5.134328 0.431677 1.920000
v -4.895523 0.420000 1.920000
v -4.656716 0.420000 1.920000
v -4.417911 0.420000 1.920000
v -4.179104 0.420000 1.920000
v -3.940299 0.420000 1.920000
v -3.701493 0.428166 1.920000
v -3.462687 0.452197 1.920000
v -3.223881 0.457489 1.920000
v -2.985075 0.437067 1.920000
v -2.746269 0.420000 1.920000
v -2.507463 0.420000 1.920000
v -2.268657 0.420000 1.920000
v -2.029851 0.420000 1.920000
v -1.791045 0.420000 1.920000
v -1.552239 0.423962 1.920000
v -1.313433 0.447709 1.920000
v -1.074627 0.458879 1.920000
v -0.835821 0.442547 1.920000
v -0.597015 0.421087 1.920000
v -0.358209 0.420000 1.920000
v -0.119403 0.420000 1.920000
v 0.119403 0.420000 1.920000
v 0.358209 0.420000 1.920000
v 0.597015 0.421087 1.920000
v 0.835821 0.442547 1.920000
v 1.074627 0.458879 1.920000
v 1.313433 0.447709 1.920000
v 1.552239 0.423962 1.920000
v 1.791045 0.420000 1.920000
v 2.029851 0.420000 1.920000
v 2.268657 0.420000 1.920000
v 2.507463 0.420000 1.920000
v 2.746269 0.420000 1.920000
v 2.985075 0.437067 1.920000
v 3.223881 0.457489 1.920000
v 3.462687 0.452197 1.920000
v 3.701493 0.428166 1.920000
v 3.940299 0.420000 1.920000
v 4.179104 0.420000 1.920000
v 4.417911 0.420000 1.920000
v 4.656716 0.420000 1.920000
v 4.895523 0.420000 1.920000
v 5.134328 0.431677 1.920000
v 5.373134 0.454795 1.920000
v 5.611940 0.455714 1.920000
v 5.850746 0.433227 1.920000
v 6.089552 0.420000 1.920000
v 6.328358 0.420000 1.920000
v 6.567164 0.420000 1.920000
v 6.805970 0.420000 1.920000
v 7.044776 0.420000 1.920000
v 7.283582 0.422011 1.920000
v 7.522388 0.420649 1.920000
v 7.761194 0.208433 1.920000
v 8.000000 0.000000 1.920000
v -8.000000 0.000000 1.680000
v -7.761194 0.208433 1.680000
v -7.522388 0.423915 1.680000
v -7.283582 0.449164 1.680000
v -7.044776 0.432519 1.680000
v -6.805970 0.420000 1.680000
v -6.567164 0.420000 1.680000
v -6.328358 0.420000 1.680000
v -6.089552 0.455964 1.680000
v -5.850746 0.544269 1.680000
v -5.611940 0.612761 1.680000
v -5.373134 0.610259 1.680000
v -5.134328 0.538592 1.680000
v -4.895523 0.451484 1.680000
v -4.656716 0.420000 1.680000
v -4.417911 0.420000 1.680000
v -4.179104 0.420000 1.680000
v -3.940299 0.441713 1.680000
v -3.701493 0.524729 1.680000
v -3.462687 0.603093 1.680000
v -3.223881 0.617546 1.680000
v -2.985075 0.557513 1.680000
v -2.746269 0.467561 1.680000
v -2.507463 0.420086 1.680000
v -2.268657 0.420000 1.680000
v -2.029851 0.420000 1.680000
v -1.791045 0.430608 1.680000
v -1.552239 0.504930 1.680000
v -1.313433 0.590348 1.680000
v -1.074627 0.621253 1.680000
v -0.835821 0.574973 1.680000
v -0.597015 0.485622 1.680000
v -0.358209 0.423234 1.680000
v -0.119403 0.420000 1.680000
v 0.119403 0.420000 1.680000
v 0.358209 0.423234 1.680000
v 0.597015 0.485622 1.680000
v 0.835821 0.574973 1.680000
v 1.074627 0.621253 1.680000
v 1.313433 0.590348 1.680000
v 1.552239 0.504930 1.680000
v 1.791045 0.430608 1.680000
v 2.029851 0.420000 1.680000
v 2.268657 0.420000 1.680000
v 2.507463 0.420086 1.680000
v 2.746269 0.467561 1.680000
v 2.985075 0.557513 1.680000
v 3.223881 0.617546 1.680000
v 3.462687 0.603093 1.680000
v 3.701493 0.524729 1.680000
v 3.940299 0.441713 1.680000
v 4.179104 0.420000 1.680000
v 4.417911 0.420000 1.680000
v 4.656716 0.420000 1.680000
v 4.895523 0.451484 1.680000
v 5.134328 0.538592 1.680000
v 5.373134 0.610259 1.680000
v 5.611940 0.612761 1.680000
v 5.850746 0.544269 1.680000
v 6.089552 0.455964 1.680000
v 6.328358 0.420000 1.680000
v 6.567164 0.420000 1.680000
v 6.805970 0.420000 1.680000
v 7.044776 0.432519 1.680000
v 7.283582 0.449164 1.680000
v 7.522388 0.423915 1.680000
v 7.761194 0.208433 1.680000
v 8.000000 0.000000 1.680000
v -8.000000 0.000000 1.440000
v -7.761194 0.208433 1.440000
v -7.522388 0.428100 1.440000
v -7.283582 0.490167 1.440000
v -7.044776 0.477585 1.440000
v -6.805970 0.421511 1.440000
v -6.567164 0.420000 1.440000
v -6.328358 0.432293 1.440000
v -6.089552 0.542260 1.440000
v -5.850746 0.700680 1.440000
v -5.611940 0.810861 1.440000
v -5.373134 0.806934 1.440000
v -5.134328 0.691234 1.440000
v -4.895523 0.532980 1.440000
v -4.656716 0.428980 1.440000
v -4.417911 0.420000 1.440000
v -4.179104 0.423110 1.440000
v -3.940299 0.511658 1.440000
v -3.701493 0.667892 1.440000
v -3.462687 0.795652 1.440000
v -3.223881 0.818355 1.440000
v -2.985075 0.722494 1.440000
v -2.746269 0.565292 1.440000
v -2.507463 0.442241 1.440000
v -2.268657 0.420000 1.440000
v -2.029851 0.420000 1.440000
v -1.791045 0.484249 1.440000
v -1.552239 0.633741 1.440000
v -1.313433 0.775453 1.440000
v -1.074627 0.824147 1.440000
v -0.835821 0.750835 1.440000
v -0.597015 0.599209 1.440000
v -0.358209 0.460867 1.440000
v -0.119403 0.420000 1.440000
v 0.119403 0.420000 1.440000
v 0.358209 0.460867 1.440000
v 0.597015 0.599209 1.440000
v 0.835821 0.750835 1.440000
v 1.074627 0.824147 1.440000
v 1.313433 0.775453 1.440000
v 1.552239 0.633741 1.440000
v 1.791045 0.484249 1.440000
v 2.029851 0.420000 1.440000
v 2.268657 0.420000 1.440000
v 2.507463 0.442241 1.440000
v 2.746269 0.565292 1.440000
v 2.985075 0.722494 1.440000
v 3.223881 0.818355 1.440000
v 3.462687 0.795652 1.440000
v 3.701493 0.667892 1.440000
v 3.940299 0.511658 1.440000
v 4.179104 0.423110 1.440000
v 4.417911 0.420000 1.440000
v 4.656716 0.428980 1.440000
v 4.895523 0.532980 1.440000
v 5.134328 0.691234 1.440000
v 5.373134 0.806934 1.440000
v 5.611940 0.810861 1.440000
v 5.850746 0.700680 1.440000
v 6.089552 0.542260 1.440000
v 6.328358 0.432293 1.440000
v 6.567164 0.420000 1.440000
v 6.805970 0.421511 1.440000
v 7.044776 0.477585 1.440000
v 7.283582 0.490167 1.440000
v 7.522388 0.428100 1.440000
v 7.761194 0.208433 1.440000
v 8.000000 0.000000 1.440000
v -8.000000 0.000000 1.200000
v -7.761194 0.208433 1.200000
v -7.522388 0.430829 1.200000
v -7.283582 0.518142 1.200000
v -7.044776 0.513672 1.200000
v -6.805970 0.430936 1.200000
v -6.567164 0.420000 1.200000
v -6.328358 0.452859 1.200000
v -6.089552 0.606730 1.200000
v -5.850746 0.805477 1.200000
v -5.611940 0.939389 1.200000
v -5.373134 0.934653 1.200000
v -5.134328 0.793878 1.200000
v -4.895523 0.594664 1.200000
v -4.656716 0.446999 1.200000
v -4.417911 0.420000 1.200000
v -4.179104 0.435189 1.200000
v -3.940299 0.566620 1.200000
v -3.701493 0.765114 1.200000
v -3.462687 0.921033 1.200000
v -3.223881 0.948419 1.200000
v -2.985075 0.832182 1.200000
v -2.746269 0.636384 1.200000
v -2.507463 0.469074 1.200000
v -2.268657 0.420000 1.200000
v -2.029851 0.424146 1.200000
v -1.791045 0.529680 1.200000
v -1.552239 0.722736 1.200000
v -1.313433 0.896599 1.200000
v -1.074627 0.955393 1.200000
v -0.835821 0.866722 1.200000
v -0.597015 0.679449 1.200000
v -0.358209 0.496878 1.200000
v -0.119403 0.420026 1.200000
v 0.119403 0.420026 1.200000
v 0.358209 0.496878 1.200000
v 0.597015 0.679449 1.200000
v 0.835821 0.866722 1.200000
v 1.074627 0.955393 1.200000
v 1.313433 0.896599 1.200000
v 1.552239 0.722736 1.200000
v 1.791045 0.529680 1.200000
v 2.029851 0.424146 1.200000
v 2.268657 0.420000 1.200000
v 2.507463 0.469074 1.200000
v 2.746269 0.636384 1.200000
v 2.985075 0.832182 1.200000
v 3.223881 0.948419 1.200000
v 3.462687 0.921033 1.200000
v 3.701493 0.765114 1.200000
v 3.940299 0.566620 1.200000
v 4.179104 0.435189 1.200000
v 4.417911 0.420000 1.200000
v 4.656716 0.446999 1.200000
v 4.895523 0.594664 1.200000
v 5.134328 0.793878 1.200000
v 5.373134 0.934653 1.200000
v 5.611940 0.939389 1.200000
v 5.850746 0.805477 1.200000
v 6.089552 0.606730 1.200000
v 6.328358 0.452859 1.200000
v 6.567164 0.420000 1.200000
v 6.805970 0.430936 1.200000
v 7.044776 0.513672 1.200000
v 7.283582 0.518142 1.200000
v 7.522388 0.430829 1.200000
v 7.761194 0.208433 1.200000
v 8.000000 0.000000 1.200000
v -8.000000 0.000000 0.960000
v -7.761194 0.208433 0.960000
v -7.522388 0.430559 0.960000
v -7.283582 0.515348 0.960000
v -7.044776 0.509951 0.960000
v -6.805970 0.429694 0.960000
v -6.567164 0.420000 0.960000
v -6.328358 0.450528 0.960000
v -6.089552 0.600168 0.960000
v -5.850746 0.795053 0.960000
v -5.611940 0.926698 0.960000
v -5.373134 0.922039 0.960000
v -5.134328 0.783660 0.960000
v -4.895523 0.588370 0.960000
v -4.656716 0.444914 0.960000
v -4.417911 0.420000 0.960000
v -4.179104 0.433681 0.960000
v -3.940299 0.560972 0.960000
v -3.701493 0.755414 0.960000
v -3.462687 0.908643 0.960000
v -3.223881 0.935582 0.960000
v -2.985075 0.821290 0.960000
v -2.746269 0.629187 0.960000
v -2.507463 0.466136 0.960000
v -2.268657 0.420000 0.960000
v -2.029851 0.423409 0.960000
v -1.791045 0.524949 0.960000
v -1.552239 0.713823 0.960000
v -1.313433 0.884613 0.960000
v -1.074627 0.942443 0.960000
v -0.835821 0.855238 0.960000
v -0.597015 0.671375 0.960000
v -0.358209 0.493054 0.960000
v -0.119403 0.420000 0.960000
v 0.119403 0.420000 0.960000
v 0.358209 0.493054 0.960000
v 0.597015 0.671375 0.960000
v 0.835821 0.855238 0.960000
v 1.074627 0.942443 0.960000
v 1.313433 0.884613 0.960000
v 1.552239 0.713823 0.960000
v 1.791045 0.524949 0.960000
v 2.029851 0.423409 0.960000
v 2.268657 0.420000 0.960000
v 2.507463 0.466136 0.960000
v 2.746269 0.629187 0.960000
v 2.985075 0.821290 0.960000
v 3.223881 0.935582 0.960000
v 3.462687 0.908643 0.960000
v 3.701493 0.755414 0.960000
v 3.940299 0.560972 0.960000
v 4.179104 0.433681 0.960000
v 4.417911 0.420000 0.960000
v 4.656716 0.444914 0.960000
v 4.895523 0.588370 0.960000
v 5.134328 0.783660 0.960000
v 5.373134 0.922039 0.960000
v 5.611940 0.926698 0.960000
v 5.850746 0.795053 0.960000
v 6.089552 0.600168 0.960000
v 6.328358 0.450528 0.960000
v 6.567164 0.420000 0.960000
v 6.805970 0.429694 0.960000
v 7.044776 0.509951 0.960000
v 7.283582 0.515348 0.960000
v 7.522388 0.430559 0.960000
v 7.761194 0.208433 0.960000
v 8.000000 0.000000 0.960000
v -8.000000 0.000000 0.720000
v -7.761194 0.208433 0.720000
v -7.522388 0.427443 0.720000
v -7.283582 0.483544 0.720000
v -7.044776 0.469505 0.720000
v -6.805970 0.420464 0.720000
v -6.567164 0.420000 0.720000
v -6.328358 0.428518 0.720000
v -6.089552 0.527482 0.720000
v -5.850746 0.675704 0.720000
v -5.611940 0.779860 0.720000
v -5.373134 0.776138 0.720000
v -5.134328 0.666804 0.720000
v -4.895523 0.518904 0.720000
v -4.656716 0.425839 0.720000
v -4.417911 0.420000 0.720000
v -4.179104 0.421442 0.720000
v -3.940299 0.499273 0.720000
v -3.701493 0.644836 0.720000
v -3.462687 0.765450 0.720000
v -3.223881 0.786962 0.720000
v -2.985075 0.696277 0.720000
v -2.746269 0.548844 0.720000
v -2.507463 0.436906 0.720000
v -2.268657 0.420000 0.720000
v -2.029851 0.420000 0.720000
v -1.791045 0.474260 0.720000
v -1.552239 0.612768 0.720000
v -1.313433 0.746327 0.720000
v -1.074627 0.792454 0.720000
v -0.835821 0.723045 0.720000
v -0.597015 0.580450 0.720000
v -0.358209 0.453238 0.720000
v -0.119403 0.420000 0.720000
v 0.119403 0.420000 0.720000
v 0.358209 0.453238 0.720000
v 0.597015 0.580450 0.720000
v 0.835821 0.723045 0.720000
v 1.074627 0.792454 0.720000
v 1.313433 0.746327 0.720000
v 1.552239 0.612768 0.720000
v 1.791045 0.474260 0.720000
v 2.029851 0.420000 0.720000
v 2.268657 0.420000 0.720000
v 2.507463 0.436906 0.720000
v 2.746269 0.548844 0.720000
v 2.985075 0.696277 0.720000
v 3.223881 0.786962 0.720000
v 3.462687 0.765450 0.720000
v 3.701493 0.644836 0.720000
v 3.940299 0.499273 0.720000
v 4.179104 0.421442 0.720000
v 4.417911 0.420000 0.720000
v 4.656716 0.425839 0.720000
v 4.895523 0.518904 0.720000
v 5.134328 0.666804 0.720000
v 5.373134 0.776138 0.720000
v 5.611940 0.779860 0.720000
v 5.850746 0.675704 0.720000
v 6.089552 0.527482 0.720000
v 6.328358 0.428518 0.720000
v 6.567164 0.420000 0.720000
v 6.805970 0.420464 0.720000
v 7.044776 0.469505 0.720000
v 7.283582 0.483544 0.720000
v 7.522388 0.427443 0.720000
v 7.761194 0.208433 0.720000
v 8.000000 0.000000 0.720000
v -8.000000 0.000000 0.480000
v -7.761194 0.208433 0.480000
v -7.522388 0.423242 0.480000
v -7.283582 0.442964 0.480000
v -7.044776 0.427360 0.480000
v -6.805970 0.420000 0.480000
v -6.567164 0.420000 0.480000
v -6.328358 0.420000 0.480000
v -6.089552 0.444651 0.480000
v -5.850746 0.520020 0.480000
v -5.611940 0.580742 0.480000
v -5.373134 0.578506 0.480000
v -5.134328 0.515044 0.480000
v -4.895523 0.441048 0.480000
v -4.656716 0.420000 0.480000
v -4.417911 0.420000 0.480000
v -4.179104 0.420000 0.480000
v -3.940299 0.433384 0.480000
v -3.701493 0.502939 0.480000
v -3.462687 0.572109 0.480000
v -3.223881 0.585020 0.480000
v -2.985075 0.531671 0.480000
v -2.746269 0.454152 0.480000
v -2.507463 0.420000 0.480000
v -2.268657 0.420000 0.480000
v -2.029851 0.420000 0.480000
v -1.791045 0.425236 0.480000
v -1.552239 0.485797 0.480000
v -1.313433 0.560756 0.480000
v -1.074627 0.588337 0.480000
v -0.835821 0.547105 0.480000
v -0.597015 0.469299 0.480000
v -0.358209 0.420747 0.480000
v -0.119403 0.420000 0.480000
v 0.119403 0.420000 0.480000
v 0.358209 0.420747 0.480000
v 0.597015 0.469299 0.480000
v 0.835821 0.547105 0.480000
v 1.074627 0.588337 0.480000
v 1.313433 0.560756 0.480000
v 1.552239 0.485797 0.480000
v 1.791045 0.425236 0.480000
v 2.029851 0.420000 0.480000
v 2.268657 0.420000 0.480000
v 2.507463 0.420000 0.480000
v 2.746269 0.454152 0.480000
v 2.985075 0.531671 0.480000
v 3.223881 0.585020 0.480000
v 3.462687 0.572109 0.480000
v 3.701493 0.502939 0.480000
v 3.940299 0.433384 0.480000
v 4.179104 0.420000 0.480000
v 4.417911 0.420000 0.480000
v 4.656716 0.420000 0.480000
v 4.895523 0.441048 0.480000
v 5.134328 0.515044 0.480000
v 5.373134 0.578506 0.480000
v 5.611940 0.580742 0.480000
v 5.850746 0.520020 0.480000
v 6.089552 0.444651 0.480000
v 6.328358 0.420000 0.480000
v 6.567164 0.420000 0.480000
v 6.805970 0.420000 0.480000
v 7.044776 0.427360 0.480000
v 7.283582 0.442964 0.480000
v 7.522388 0.423242 0.480000
v 7.761194 0.208433 0.480000
v 8.000000 0.000000 0.480000
v -8.000000 0.000000 0.240000
v -7.761194 0.208433 0.240000
v -7.522388 0.420345 0.240000
v -7.283582 0.420485 0.240000
v -7.044776 0.420000 0.240000
v -6.805970 0.420000 0.240000
v -6.567164 0.420000 0.240000
v -6.328358 0.420000 0.240000
v -6.089552 0.420000 0.240000
v -5.850746 0.425174 0.240000
v -5.611940 0.440599 0.240000
v -5.373134 0.439924 0.240000
v -5.134328 0.424252 0.240000
v -4.895523 0.420000 0.240000
v -4.656716 0.420000 0.240000
v -4.417911 0.420000 0.240000
v -4.179104 0.420000 0.240000
v -3.940299 0.420000 0.240000
v -3.701493 0.422313 0.240000
v -3.462687 0.438031 0.240000
v -3.223881 0.441908 0.240000
v -2.985075 0.427578 0.240000
v -2.746269 0.420000 0.240000
v -2.507463 0.420000 0.240000
v -2.268657 0.420000 0.240000
v -2.029851 0.420000 0.240000
v -1.791045 0.420000 0.240000
v -1.552239 0.420466 0.240000
v -1.313433 0.434816 0.240000
v -1.074627 0.442939 0.240000
v -0.835821 0.431223 0.240000
v -0.597015 0.420000 0.240000
v -0.358209 0.420000 0.240000
v -0.119403 0.420000 0.240000
v 0.119403 0.420000 0.240000
v 0.358209 0.420000 0.240000
v 0.597015 0.420000 0.240000
v 0.835821 0.431223 0.240000
v 1.074627 0.442939 0.240000
v 1.313433 0.434816 0.240000
v 1.552239 0.420466 0.240000
v 1.791045 0.420000 0.240000
v 2.029851 0.420000 0.240000
v 2.268657 0.420000 0.240000
v 2.507463 0.420000 0.240000
v 2.746269 0.420000 0.240000
v 2.985075 0.427578 0.240000
v 3.223881 0.441908 0.240000
v 3.462687 0.438031 0.240000
v 3.701493 0.422313 0.240000
v 3.940299 0.420000 0.240000
v 4.179104 0.420000 0.240000
v 4.417911 0.420000 0.240000
v 4.656716 0.420000 0.240000
v 4.895523 0.420000 0.240000
v 5.134328 0.424252 0.240000
v 5.373134 0.439924 0.240000
v 5.611940 0.440599 0.240000
v 5.850746 0.425174 0.240000
v 6.089552 0.420000 0.240000
v 6.328358 0.420000 0.240000
v 6.567164 0.420000 0.240000
v 6.805970 0.420000 0.240000
v 7.044776 0.420000 0.240000
v 7.283582 0.420485 0.240000
v 7.522388 0.420345 0.240000
v 7.761194 0.208433 0.240000
v 8.000000 0.000000 0.240000
v -8.000000 0.000000 0.000000
v -7.761194 0.208433 0.000000
v -7.522388 0.419969 0.000000
v -7.283582 0.420000 0.000000
v -7.044776 0.420000 0.000000
v -6.805970 0.420000 0.000000
v -6.567164 0.420000 0.000000
v -6.328358 0.420000 0.000000
v -6.089552 0.420000 0.000000
v -5.850746 0.420000 0.000000
v -5.611940 0.420000 0.000000
v -5.373134 0.420000 0.000000
v -5.134328 0.420000 0.000000
v -4.895523 0.420000 0.000000
v -4.656716 0.420000 0.000000
v -4.417911 0.420000 0.000000
v -4.179104 0.420000 0.000000
v -3.940299 0.420000 0.000000
v -3.701493 0.420000 0.000000
v -3.462687 0.420000 0.000000
v -3.223881 0.420000 0.000000
v -2.985075 0.420000 0.000000
v -2.746269 0.420000 0.000000
v -2.507463 0.420000 0.000000
v -2.268657 0.420000 0.000000
v -2.029851 0.420000 0.000000
v -1.791045 0.420000 0.000000
v -1.552239 0.420000 0.000000
v -1.313433 0.420000 0.000000
v -1.074627 0.420000 0.000000
v -0.835821 0.420000 0.000000
v -0.597015 0.420000 0.000000
v -0.358209 0.420000 0.000000
v -0.119403 0.420000 0.000000
v 0.119403 0.420000 0.000000
v 0.358209 0.420000 0.000000
v 0.597015 0.420000 0.000000
v 0.835821 0.420000 0.000000
v 1.074627 0.420000 0.000000
v 1.313433 0.420000 0.000000
v 1.552239 0.420000 0.000000
v 1.791045 0.420000 0.000000
v 2.029851 0.420000 0.000000
v 2.268657 0.420000 0.000000
v 2.507463 0.420000 0.000000
v 2.746269 0.420000 0.000000
v 2.985075 0.420000 0.000000
v 3.223881 0.420000 0.000000
v 3.462687 0.420000 0.000000
v 3.701493 0.420000 0.000000
v 3.940299 0.420000 0.000000
v 4.179104 0.420000 0.000000
v 4.417911 0.420000 0.000000
v 4.656716 0.420000 0.000000
v 4.895523 0.420000 0.000000
v 5.134328 0.420000 0.000000
v 5.373134 0.420000 0.000000
v 5.611940 0.420000 0.000000
v 5.850746 0.420000 0.000000
v 6.089552 0.420000 0.000000
v 6.328358 0.420000 0.000000
v 6.567164 0.420000 0.000000
v 6.805970 0.420000 0.000000
v 7.044776 0.420000 0.000000
v 7.283582 0.420000 0.000000
v 7.522388 0.419969 0.000000
v 7.761194 0.208433 0.000000
v 8.000000 0.000000 0.000000
v -8.000000 0.000000 -0.240000
v -7.761194 0.208433 -0.240000
v -7.522388 0.420345 -0.240000
v -7.283582 0.420485 -0.240000
v -7.044776 0.420000 -0.240000
v -6.805970 0.420000 -0.240000
v -6.567164 0.420000 -0.240000
v -6.328358 0.420000 -0.240000
v -6.089552 0.420000 -0.240000
v -5.850746 0.425174 -0.240000
v -5.611940 0.440599 -0.240000
v -5.373134 0.439924 -0.240000
v -5.134328 0.424252 -0.240000
v -4.895523 0.420000 -0.240000
v -4.656716 0.420000 -0.240000
v -4.417911 0.420000 -0.240000
v -4.179104 0.420000 -0.240000
v -3.940299 0.420000 -0.240000
v -3.701493 0.422313 -0.240000
v -3.462687 0.438031 -0.240000
v -3.223881 0.441908 -0.240000
v -2.985075 0.427578 -0.240000
v -2.746269 0.420000 -0.240000
v -2.507463 0.420000 -0.240000
v -2.268657 0.420000 -0.240000
v -2.029851 0.420000 -0.240000
v -1.791045 0.420000 -0.240000
v -1.552239 0.420466 -0.240000
v -1.313433 0.434816 -0.240000
v -1.074627 0.442939 -0.240000
v -0.835821 0.431223 -0.240000
v -0.597015 0.420000 -0.240000
v -0.358209 0.420000 -0.240000
v -0.119403 0.420000 -0.240000
v 0.119403 0.420000 -0.240000
v 0.358209 0.420000 -0.240000
v 0.597015 0.420000 -0.240000
v 0.835821 0.431223 -0.240000
v 1.074627 0.442939 -0.240000
v 1.313433 0.434816 -0.240000
v 1.552239 0.420466 -0.240000
v 1.791045 0.420000 -0.240000
v 2.029851 0.420000 -0.240000
v 2.268657 0.420000 -0.240000
v 2.507463 0.420000 -0.240000
v 2.746269 0.420000 -0.240000
v 2.985075 0.427578 -0.240000
v 3.223881 0.441908 -0.240000
v 3.462687 0.438031 -0.240000
v 3.701493 0.422313 -0.240000
v 3.940299 0.420000 -0.240000
v 4.179104 0.420000 -0.240000
v 4.417911 0.420000 -0.240000
v 4.656716 0.420000 -0.240000
v 4.895523 0.420000 -0.240000
v 5.134328 0.424252 -0.240000
v 5.373134 0.439924 -0.240000
v 5.611940 0.440599 -0.240000
v 5.850746 0.425174 -0.240000
v 6.089552 0.420000 -0.240000
v 6.328358 0.420000 -0.240000
v 6.567164 0.420000 -0.240000
v 6.805970 0.420000 -0.240000
v 7.044776 0.420000 -0.240000
v 7.283582 0.420485 -0.240000
v 7.522388 0.420345 -0.240000
v 7.761194 0.208433 -0.240000
v 8.000000 0.000000 -0.240000
v -8.000000 0.000000 -0.480000
v -7.761194 0.208433 -0.480000
v -7.522388 0.423242 -0.480000
v -7.283582 0.442964 -0.480000
v -7.044776 0.427360 -0.480000
v -6.805970 0.420000 -0.480000
v -6.567164 0.420000 -0.480000
v -6.328358 0.420000 -0.480000
v -6.089552 0.444651 -0.480000
v -5.850746 0.520020 -0.480000
v -5.611940 0.580742 -0.480000
v -5.373134 0.578506 -0.480000
v -5.134328 0.515044 -0.480000
v -4.895523 0.441048 -0.480000
v -4.656716 0.420000 -0.480000
v -4.417911 0.420000 -0.480000
v -4.179104 0.420000 -0.480000
v -3.940299 0.433384 -0.480000
v -3.701493 0.502939 -0.480000
v -3.462687 0.572109 -0.480000
v -3.223881 0.585020 -0.480000
v -2.985075 0.531671 -0.480000
v -2.746269 0.454152 -0.480000
v -2.507463 0.420000 -0.480000
v -2.268657 0.420000 -0.480000
v -2.029851 0.420000 -0.480000
v -1.791045 0.425236 -0.480000
v -1.552239 0.485797 -0.480000
v -1.313433 0.560756 -0.480000
v -1.074627 0.588337 -0.480000
v -0.835821 0.547105 -0.480000
v -0.597015 0.469299 -0.480000
v -0.358209 0.420747 -0.480000
v -0.119403 0.420000 -0.480000
v 0.119403 0.420000 -0.480000
v 0.358209 0.420747 -0.480000
v 0.597015 0.469299 -0.480000
v 0.835821 0.547105 -0.480000
v 1.074627 0.588337 -0.480000
v 1.313433 0.560756 -0.480000
v 1.552239 0.485797 -0.480000
v 1.791045 0.425236 -0.480000
v 2.029851 0.420000 -0.480000
v 2.268657 0.420000 -0.480000
v 2.507463 0.420000 -0.480000
v 2.746269 0.454152 -0.480000
v 2.985075 0.531671 -0.480000
v 3.223881 0.585020 -0.480000
v 3.462687 0.572109 -0.480000
v 3.701493 0.502939 -0.480000
v 3.940299 0.433384 -0.480000
v 4.179104 0.420000 -0.480000
v 4.417911 0.420000 -0.480000
v 4.656716 0.420000 -0.480000
v 4.895523 0.441048 -0.480000
v 5.134328 0.515044 -0.480000
v 5.373134 0.578506 -0.480000
v 5.611940 0.580742 -0.480000
v 5.850746 0.520020 -0.480000
v 6.089552 0.444651 -0.480000
v 6.328358 0.420000 -0.480000
v 6.567164 0.420000 -0.480000
v 6.805970 0.420000 -0.480000
v 7.044776 0.427360 -0.480000
v 7.283582 0.442964 -0.480000
v 7.522388 0.423242 -0.480000
v 7.761194 0.208433 -0.480000
v 8.000000 0.000000 -0.480000
v -8.000000 0.000000 -0.720000
v -7.761194 0.208433 -0.720000
v -7.522388 0.427443 -0.720000
v -7.283582 0.483544 -0.720000
v -7.044776 0.469505 -0.720000
v -6.805970 0.420464 -0.720000
v -6.567164 0.420000 -0.720000
v -6.328358 0.428518 -0.720000
v -6.089552 0.527482 -0.720000
v -5.850746 0.675704 -0.720000
v -5.611940 0.779860 -0.720000
v -5.373134 0.776138 -0.720000
v -5.134328 0.666804 -0.720000
v -4.895523 0.518904 -0.720000
v -4.656716 0.425839 -0.720000
v -4.417911 0.420000 -0.720000
v -4.179104 0.421442 -0.720000
v -3.940299 0.499273 -0.720000
v -3.701493 0.644836 -0.720000
v -3.462687 0.765450 -0.720000
v -3.223881 0.786962 -0.720000
v -2.985075 0.696277 -0.720000
v -2.746269 0.548844 -0.720000
v -2.507463 0.436906 -0.720000
v -2.268657 0.420000 -0.720000
v -2.029851 0.420000 -0.720000
v -1.791045 0.474260 -0.720000
v -1.552239 0.612768 -0.720000
v -1.313433 0.746327 -0.720000
v -1.074627 0.792454 -0.720000
v -0.835821 0.723045 -0.720000
v -0.597015 0.580450 -0.720000
v -0.358209 0.453238 -0.720000
v -0.119403 0.420000 -0.720000
v 0.119403 0.420000 -0.720000
v 0.358209 0.453238 -0.720000
v 0.597015 0.580450 -0.720000
v 0.835821 0.723045 -0.720000
v 1.074627 0.792454 -0.720000
v 1.313433 0.746327 -0.720000
v 1.552239 0.612768 -0.720000
v 1.791045 0.474260 -0.720000
v 2.029851 0.420000 -0.720000
v 2.268657 0.420000 -0.720000
v 2.507463 0.436906 -0.720000
v 2.746269 0.548844 -0.720000
v 2.985075 0.696277 -0.720000
v 3.223881 0.786962 -0.720000
v 3.462687 0.765450 -0.720000
v 3.701493 0.644836 -0.720000
v 3.940299 0.499273 -0.720000
v 4.179104 0.421442 -0.720000
v 4.417911 0.420000 -0.720000
v 4.656716 0.425839 -0.720000
v 4.895523 0.518904 -0.720000
v 5.134328 0.666804 -0.720000
v 5.373134 0.776138 -0.720000
v 5.611940 0.779860 -0.720000
v 5.850746 0.675704 -0.720000
v 6.089552 0.527482 -0.720000
v 6.328358 0.428518 -0.720000
v 6.567164 0.420000 -0.720000
v 6.805970 0.420464 -0.720000
v 7.044776 0.469505 -0.720000
v 7.283582 0.483544 -0.720000
v 7.522388 0.427443 -0.720000
v 7.761194 0.208433 -0.720000
v 8.000000 0.000000 -0.720000
v -8.000000 0.000000 -0.960000
v -7.761194 0.208433 -0.960000
v -7.522388 0.430559 -0.960000
v -7.283582 0.515348 -0.960000
v -7.044776 0.509951 -0.960000
v -6.805970 0.429694 -0.960000
v -6.567164 0.420000 -0.960000
v -6.328358 0.450528 -0.960000
v -6.089552 0.600168 -0.960000
v -5.850746 0.795053 -0.960000
v -5.611940 0.926698 -0.960000
v -5.373134 0.922039 -0.960000
v -5.134328 0.783660 -0.960000
v -4.895523 0.588370 -0.960000
v -4.656716 0.444914 -0.960000
v -4.417911 0.420000 -0.960000
v -4.179104 0.433681 -0.960000
v -3.940299 0.560972 -0.960000
v -3.701493 0.755414 -0.960000
v -3.462687 0.908643 -0.960000
v -3.223881 0.935582 -0.960000
v -2.985075 0.821290 -0.960000
v -2.746269 0.629187 -0.960000
v -2.507463 0.466136 -0.960000
v -2.268657 0.420000 -0.960000
v -2.029851 0.423409 -0.960000
v -1.791045 0.524949 -0.960000
v -1.552239 0.713823 -0.960000
v -1.313433 0.884613 -0.960000
v -1.074627 0.942443 -0.960000
v -0.835821 0.855238 -0.960000
v -0.597015 0.671375 -0.960000
v -0.358209 0.493054 -0.960000
v -0.119403 0.420000 -0.960000
v 0.119403 0.420000 -0.960000
v 0.358209 0.493054 -0.960000
v 0.597015 0.671375 -0.960000
v 0.835821 0.855238 -0.960000
v 1.074627 0.942443 -0.960000
v 1.313433 0.884613 -0.960000
v 1.552239 0.713823 -0.960000
v 1.791045 0.524949 -0.960000
v 2.029851 0.423409 -0.960000
v 2.268657 0.420000 -0.960000
v 2.507463 0.466136 -0.960000
v 2.746269 0.629187 -0.960000
v 2.985075 0.821290 -0.960000
v 3.223881 0.935582 -0.960000
v 3.462687 0.908643 -0.960000
v 3.701493 0.755414 -0.960000
v 3.940299 0.560972 -0.960000
v 4.179104 0.433681 -0.960000
v 4.417911 0.420000 -0.960000
v 4.656716 0.444914 -0.960000
v 4.895523 0.588370 -0.960000
v 5.134328 0.783660 -0.960000
v 5.373134 0.922039 -0.960000
v 5.611940 0.926698 -0.960000
v 5.850746 0.795053 -0.960000
v 6.089552 0.600168 -0.960000
v 6.328358 0.450528 -0.960000
v 6.567164 0.420000 -0.960000
v 6.805970 0.429694 -0.960000
v 7.044776 0.509951 -0.960000
v 7.283582 0.515348 -0.960000
v 7.522388 0.430559 -0.960000
v 7.761194 0.208433 -0.960000
v 8.000000 0.000000 -0.960000
v -8.000000 0.000000 -1.200000
v -7.761194 0.208433 -1.200000
v -7.522388 0.430829 -1.200000
v -7.283582 0.518142 -1.200000
v -7.044776 0.513672 -1.200000
v -6.805970 0.430936 -1.200000
v -6.567164 0.420000 -1.200000
v -6.328358 0.452859 -1.200000
v -6.089552 0.606730 -1.200000
v -5.850746 0.805477 -1.200000
v -5.611940 0.939389 -1.200000
v -5.373134 0.934653 -1.200000
v -5.134328 0.793878 -1.200000
v -4.895523 0.594664 -1.200000
v -4.656716 0.446999 -1.200000
v -4.417911 0.420000 -1.200000
v -4.179104 0.435189 -1.200000
v -3.940299 0.566620 -1.200000
v -3.701493 0.765114 -1.200000
v -3.462687 0.921033 -1.200000
v -3.223881 0.948419 -1.200000
v -2.985075 0.832182 -1.200000
v -2.746269 0.636384 -1.200000
v -2.507463 0.469074 -1.200000
v -2.268657 0.420000 -1.200000
v -2.029851 0.424146 -1.200000
v -1.791045 0.529680 -1.200000
v -1.552239 0.722736 -1.200000
v -1.313433 0.896599 -1.200000
v -1.074627 0.955393 -1.200000
v -0.835821 0.866722 -1.200000
v -0.597015 0.679449 -1.200000
v -0.358209 0.496878 -1.200000
v -0.119403 0.420026 -1.200000
v 0.119403 0.420026 -1.200000
v 0.358209 0.496878 -1.200000
v 0.597015 0.679449 -1.200000
v 0.835821 0.866722 -1.200000
v 1.074627 0.955393 -1.200000
v 1.313433 0.896599 -1.200000
v 1.552239 0.722736 -1.200000
v 1.791045 0.529680 -1.200000
v 2.029851 0.424146 -1.200000
v 2.268657 0.420000 -1.200000
v 2.507463 0.469074 -1.200000
v 2.746269 0.636384 -1.200000
v 2.985075 0.832182 -1.200000
v 3.223881 0.948419 -1.200000
v 3.462687 0.921033 -1.200000
v 3.701493 0.765114 -1.200000
v 3.940299 0.566620 -1.200000
v 4.179104 0.435189 -1.200000
v 4.417911 0.420000 -1.200000
v 4.656716 0.446999 -1.200000
v 4.895523 0.594664 -1.200000
v 5.134328 0.793878 -1.200000
v 5.373134 0.934653 -1.200000
v 5.611940 0.939389 -1.200000
v 5.850746 0.805477 -1.200000
v 6.089552 0.606730 -1.200000
v 6.328358 0.452859 -1.200000
v 6.567164 0.420000 -1.200000
v 6.805970 0.430936 -1.200000
v 7.044776 0.513672 -1.200000
v 7.283582 0.518142 -1.200000
v 7.522388 0.430829 -1.200000
v 7.761194 0.208433 -1.200000
v 8.000000 0.000000 -1.200000
v -8.000000 0.000000 -1.440000
v -7.761194 0.208433 -1.440000
v -7.522388 0.428100 -1.440000
v -7.283582 0.490167 -1.440000
v -7.044776 0.477585 -1.440000
v -6.805970 0.421511 -1.440000
v -6.567164 0.420000 -1.440000
v -6.328358 0.432293 -1.440000
v -6.089552 0.542260 -1.440000
v -5.850746 0.700680 -1.440000
v -5.611940 0.810861 -1.440000
v -5.373134 0.806934 -1.440000
v -5.134328 0.691234 -1.440000
v -4.895523 0.532980 -1.440000
v -4.656716 0.428980 -1.440000
v -4.417911 0.420000 -1.440000
v -4.179104 0.423110 -1.440000
v -3.940299 0.511658 -1.440000
v -3.701493 0.667892 -1.440000
v -3.462687 0.795652 -1.440000
v -3.223881 0.818355 -1.440000
v -2.985075 0.722494 -1.440000
v -2.746269 0.565292 -1.440000
v -2.507463 0.442241 -1.440000
v -2.268657 0.420000 -1.440000
v -2.029851 0.420000 -1.440000
v -1.791045 0.484249 -1.440000
v -1.552239 0.633741 -1.440000
v -1.313433 0.775453 -1.440000
v -1.074627 0.824147 -1.440000
v -0.835821 0.750835 -1.440000
v -0.597015 0.599209 -1.440000
v -0.358209 0.460867 -1.440000
v -0.119403 0.420000 -1.440000
v 0.119403 0.420000 -1.440000
v 0.358209 0.460867 -1.440000
v 0.597015 0.599209 -1.440000
v 0.835821 0.750835 -1.440000
v 1.074627 0.824147 -1.440000
v 1.313433 0.775453 -1.440000
v 1.552239 0.633741 -1.440000
v 1.791045 0.484249 -1.440000
v 2.029851 0.420000 -1.440000
v 2.268657 0.420000 -1.440000
v 2.507463 0.442241 -1.440000
v 2.746269 0.565292 -1.440000
v 2.985075 0.722494 -1.440000
v 3.223881 0.818355 -1.440000
v 3.462687 0.795652 -1.440000
v 3.701493 0.667892 -1.440000
v 3.940299 0.511658 -1.440000
v 4.179104 0.423110 -1.440000
v 4.417911 0.420000 -1.440000
v 4.656716 0.428980 -1.440000
v 4.895523 0.532980 -1.440000
v 5.134328 0.691234 -1.440000
v 5.373134 0.806934 -1.440000
v 5.611940 0.810861 -1.440000
v 5.850746 0.700680 -1.440000
v 6.089552 0.542260 -1.440000
v 6.328358 0.432293 -1.440000
v 6.567164 0.420000 -1.440000
v 6.805970 0.421511 -1.440000
v 7.044776 0.477585 -1.440000
v 7.283582 0.490167 -1.440000
v 7.522388 0.428100 -1.440000
v 7.761194 0.208433 -1.440000
v 8.000000 0.000000 -1.440000
v -8.000000 0.000000 -1.680000
v -7.761194 0.208433 -1.680000
v -7.522388 0.423915 -1.680000
v -7.283582 0.449164 -1.680000
v -7.044776 0.432519 -1.680000
v -6.805970 0.420000 -1.680000
v -6.567164 0.420000 -1.680000
v -6.328358 0.420000 -1.680000
v -6.089552 0.455964 -1.680000
v -5.850746 0.544269 -1.680000
v -5.611940 0.612761 -1.680000
v -5.373134 0.610259 -1.680000
v -5.134328 0.538592 -1.680000
v -4.895523 0.451484 -1.680000
v -4.656716 0.420000 -1.680000
v -4.417911 0.420000 -1.680000
v -4.179104 0.420000 -1.680000
v -3.940299 0.441713 -1.680000
v -3.701493 0.524729 -1.680000
v -3.462687 0.603093 -1.680000
v -3.223881 0.617546 -1.680000
v -2.985075 0.557513 -1.680000
v -2.746269 0.467561 -1.680000
v -2.507463 0.420086 -1.680000
v -2.268657 0.420000 -1.680000
v -2.029851 0.420000 -1.680000
v -1.791045 0.430608 -1.680000
v -1.552239 0.504930 -1.680000
v -1.313433 0.590348 -1.680000
v -1.074627 0.621253 -1.680000
v -0.835821 0.574973 -1.680000
v -0.597015 0.485622 -1.680000
v -0.358209 0.423234 -1.680000
v -0.119403 0.420000 -1.680000
v 0.119403 0.420000 -1.680000
v 0.358209 0.423234 -1.680000
v 0.597015 0.485622 -1.680000
v 0.835821 0.574973 -1.680000
v 1.074627 0.621253 -1.680000
v 1.313433 0.590348 -1.680000
v 1.552239 0.504930 -1.680000
v 1.791045 0.430608 -1.680000
v 2.029851 0.420000 -1.680000
v 2.268657 0.420000 -1.680000
v 2.507463 0.420086 -1.680000
v 2.746269 0.467561 -1.680000
v 2.985075 0.557513 -1.680000
v 3.223881 0.617546 -1.680000
v 3.462687 0.603093 -1.680000
v 3.701493 0.524729 -1.680000
v 3.940299 0.441713 -1.680000
v 4.179104 0.420000 -1.680000
v 4.417911 0.420000 -1.680000
v 4.656716 0.420000 -1.680000
v 4.895523 0.451484 -1.680000
v 5.134328 0.538592 -1.680000
v 5.373134 0.610259 -1.680000
v 5.611940 0.612761 -1.680000
v 5.850746 0.544269 -1.680000
v 6.089552 0.455964 -1.680000
v 6.328358 0.420000 -1.680000
v 6.567164 0.420000 -1.680000
v 6.805970 0.420000 -1.680000
v 7.044776 0.432519 -1.680000
v 7.283582 0.449164 -1.680000
v 7.522388 0.423915 -1.680000
v 7.761194 0.208433 -1.680000
v 8.000000 0.000000 -1.680000
v -8.000000 0.000000 -1.920000
v -7.761194 0.208433 -1.920000
v -7.522388 0.420649 -1.920000
v -7.283582 0.422011 -1.920000
v -7.044776 0.420000 -1.920000
v -6.805970 0.420000 -1.920000
v -6.567164 0.420000 -1.920000
v -6.328358 0.420000 -1.920000
v -6.089552 0.420000 -1.920000
v -5.850746 0.433227 -1.920000
v -5.611940 0.455714 -1.920000
v -5.373134 0.454795 -1.920000
v -5.134328 0.431677 -1.920000
v -4.895523 0.420000 -1.920000
v -4.656716 0.420000 -1.920000
v -4.417911 0.420000 -1.920000
v -4.179104 0.420000 -1.920000
v -3.940299 0.420000 -1.920000
v -3.701493 0.428166 -1.920000
v -3.462687 0.452197 -1.920000
v -3.223881 0.457489 -1.920000
v -2.985075 0.437067 -1.920000
v -2.746269 0.420000 -1.920000
v -2.507463 0.420000 -1.920000
v -2.268657 0.420000 -1.920000
v -2.029851 0.420000 -1.920000
v -1.791045 0.420000 -1.920000
v -1.552239 0.423962 -1.920000
v -1.313433 0.447709 -1.920000
v -1.074627 0.458879 -1.920000
v -0.835821 0.442547 -1.920000
v -0.597015 0.421087 -1.920000
v -0.358209 0.420000 -1.920000
v -0.119403 0.420000 -1.920000
v 0.119403 0.420000 -1.920000
v 0.358209 0.420000 -1.920000
v 0.597015 0.421087 -1.920000
v 0.835821 0.442547 -1.920000
v 1.074627 0.458879 -1.920000
v 1.313433 0.447709 -1.920000
v 1.552239 0.423962 -1.920000
v 1.791045 0.420000 -1.920000
v 2.029851 0.420000 -1.920000
v 2.268657 0.420000 -1.920000
v 2.507463 0.420000 -1.920000
v 2.746269 0.420000 -1.920000
v 2.985075 0.437067 -1.920000
v 3.223881 0.457489 -1.920000
v 3.462687 0.452197 -1.920000
v 3.701493 0.428166 -1.920000
v 3.940299 0.420000 -1.920000
v 4.179104 0.420000 -1.920000
v 4.417911 0.420000 -1.920000
v 4.656716 0.420000 -1.920000
v 4.895523 0.420000 -1.920000
v 5.134328 0.431677 -1.920000
v 5.373134 0.454795 -1.920000
v 5.611940 0.455714 -1.920000
v 5.850746 0.433227 -1.920000
v 6.089552 0.420000 -1.920000
v 6.328358 0.420000 -1.920000
v 6.567164 0.420000 -1.920000
v 6.805970 0.420000 -1.920000
v 7.044776 0.420000 -1.920000
v 7.283582 0.422011 -1.920000
v 7.522388 0.420649 -1.920000
v 7.761194 0.208433 -1.920000
v 8.000000 0.000000 -1.920000
v -8.000000 0.000000 -2.160000
v -7.761194 0.208433 -2.160000
v -7.522388 0.419969 -2.160000
v -7.283582 0.420000 -2.160000
v -7.044776 0.420000 -2.160000
v -6.805970 0.420000 -2.160000
v -6.567164 0.420000 -2.160000
v -6.328358 0.420000 -2.160000
v -6.089552 0.420000 -2.160000
v -5.850746 0.420000 -2.160000
v -5.611940 0.420000 -2.160000
v -5.373134 0.420000 -2.160000
v -5.134328 0.420000 -2.160000
v -4.895523 0.420000 -2.160000
v -4.656716 0.420000 -2.160000
v -4.417911 0.420000 -2.160000
v -4.179104 0.420000 -2.160000
v -3.940299 0.420000 -2.160000
v -3.701493 0.420000 -2.160000
v -3.462687 0.420000 -2.160000
v -3.223881 0.420000 -2.160000
v -2.985075 0.420000 -2.160000
v -2.746269 0.420000 -2.160000
v -2.507463 0.420000 -2.160000
v -2.268657 0.420000 -2.160000
v -2.029851 0.420000 -2.160000
v -1.791045 0.420000 -2.160000
v -1.552239 0.420000 -2.160000
v -1.313433 0.420000 -2.160000
v -1.074627 0.420000 -2.160000
v -0.835821 0.420000 -2.160000
v -0.597015 0.420000 -2.160000
v -0.358209 0.420000 -2.160000
v -0.119403 0.420000 -2.160000
v 0.119403 0.420000 -2.160000
v 0.358209 0.420000 -2.160000
v 0.597015 0.420000 -2.160000
v 0.835821 0.420000 -2.160000
v 1.074627 0.420000 -2.160000
v 1.313433 0.420000 -2.160000
v 1.552239 0.420000 -2.160000
v 1.791045 0.420000 -2.160000
v 2.029851 0.420000 -2.160000
v 2.268657 0.420000 -2.160000
v 2.507463 0.420000 -2.160000
v 2.746269 0.420000 -2.160000
v 2.985075 0.420000 -2.160000
v 3.223881 0.420000 -2.160000
v 3.462687 0.420000 -2.160000
v 3.701493 0.420000 -2.160000
v 3.940299 0.420000 -2.160000
v 4.179104 0.420000 -2.160000
v 4.417911 0.420000 -2.160000
v 4.656716 0.420000 -2.160000
v 4.895523 0.420000 -2.160000
v 5.134328 0.420000 -2.160000
v 5.373134 0.420000 -2.160000
v 5.611940 0.420000 -2.160000
v 5.850746 0.420000 -2.160000
v 6.089552 0.420000 -2.160000
v 6.328358 0.420000 -2.160000
v 6.567164 0.420000 -2.160000
v 6.805970 0.420000 -2.160000
v 7.044776 0.420000 -2.160000
v 7.283582 0.420000 -2.160000
v 7.522388 0.419969 -2.160000
v 7.761194 0.208433 -2.160000
v 8.000000 0.000000 -2.160000
v -8.000000 0.000000 -2.400000
v -7.761194 0.208433 -2.400000
v -7.522388 0.420129 -2.400000
v -7.283582 0.420000 -2.400000
v -7.044776 0.420000 -2.400000
v -6.805970 0.420000 -2.400000
v -6.567164 0.420000 -2.400000
v -6.328358 0.420000 -2.400000
v -6.089552 0.420000 -2.400000
v -5.850746 0.420802 -2.400000
v -5.611940 0.429498 -2.400000
v -5.373134 0.429057 -2.400000
v -5.134328 0.420476 -2.400000
v -4.895523 0.420000 -2.400000
v -4.656716 0.420000 -2.400000
v -4.417911 0.420000 -2.400000
v -4.179104 0.420000 -2.400000
v -3.940299 0.420000 -2.400000
v -3.701493 0.420028 -2.400000
v -3.462687 0.427837 -2.400000
v -3.223881 0.430363 -2.400000
v -2.985075 0.421842 -2.400000
v -2.746269 0.420000 -2.400000
v -2.507463 0.420000 -2.400000
v -2.268657 0.420000 -2.400000
v -2.029851 0.420000 -2.400000
v -1.791045 0.420000 -2.400000
v -1.552239 0.420000 -2.400000
v -1.313433 0.425836 -2.400000
v -1.074627 0.431052 -2.400000
v -0.835821 0.423740 -2.400000
v -0.597015 0.420000 -2.400000
v -0.358209 0.420000 -2.400000
v -0.119403 0.420000 -2.400000
v 0.119403 0.420000 -2.400000
v 0.358209 0.420000 -2.400000
v 0.597015 0.420000 -2.400000
v 0.835821 0.423740 -2.400000
v 1.074627 0.431052 -2.400000
v 1.313433 0.425836 -2.400000
v 1.552239 0.420000 -2.400000
v 1.791045 0.420000 -2.400000
v 2.029851 0.420000 -2.400000
v 2.268657 0.420000 -2.400000
v 2.507463 0.420000 -2.400000
v 2.746269 0.420000 -2.400000
v 2.985075 0.421842 -2.400000
v 3.223881 0.430363 -2.400000
v 3.462687 0.427837 -2.400000
v 3.701493 0.420028 -2.400000
v 3.940299 0.420000 -2.400000
v 4.179104 0.420000 -2.400000
v 4.417911 0.420000 -2.400000
v 4.656716 0.420000 -2.400000
v 4.895523 0.420000 -2.400000
v 5.134328 0.420476 -2.400000
v 5.373134 0.429057 -2.400000
v 5.611940 0.429498 -2.400000
v 5.850746 0.420802 -2.400000
v 6.089552 0.420000 -2.400000
v 6.328358 0.420000 -2.400000
v 6.567164 0.420000 -2.400000
v 6.805970 0.420000 -2.400000
v 7.044776 0.420000 -2.400000
v 7.283582 0.420000 -2.400000
v 7.522388 0.420129 -2.400000
v 7.761194 0.208433 -2.400000
v 8.000000 0.000000 -2.400000
v -8.000000 0.000000 -2.640000
v -7.761194 0.208433 -2.640000
v -7.522388 0.422608 -2.640000
v -7.283582 0.437288 -2.640000
v -7.044776 0.423437 -2.640000
v -6.805970 0.420000 -2.640000
v -6.567164 0.420000 -2.640000
v -6.328358 0.420000 -2.640000
v -6.089552 0.435133 -2.640000
v -5.850746 0.497539 -2.640000
v -5.611940 0.550439 -2.640000
v -5.373134 0.548472 -2.640000
v -5.134328 0.493266 -2.640000
v -4.895523 0.432406 -2.640000
v -4.656716 0.420000 -2.640000
v -4.417911 0.420000 -2.640000
v -4.179104 0.420000 -2.640000
v -3.940299 0.426843 -2.640000
v -3.701493 0.482928 -2.640000
v -3.462687 0.542850 -2.640000
v -3.223881 0.554207 -2.640000
v -2.985075 0.507588 -2.640000
v -2.746269 0.442541 -2.640000
v -2.507463 0.420000 -2.640000
v -2.268657 0.420000 -2.640000
v -2.029851 0.420000 -2.640000
v -1.791045 0.421638 -2.640000
v -1.552239 0.468452 -2.640000
v -1.313433 0.532899 -2.640000
v -1.074627 0.557132 -2.640000
v -0.835821 0.520984 -2.640000
v -0.597015 0.454770 -2.640000
v -0.358209 0.420000 -2.640000
v -0.119403 0.420000 -2.640000
v 0.119403 0.420000 -2.640000
v 0.358209 0.420000 -2.640000
v 0.597015 0.454770 -2.640000
v 0.835821 0.520984 -2.640000
v 1.074627 0.557132 -2.640000
v 1.313433 0.532899 -2.640000
v 1.552239 0.468452 -2.640000
v 1.791045 0.421638 -2.640000
v 2.029851 0.420000 -2.640000
v 2.268657 0.420000 -2.640000
v 2.507463 0.420000 -2.640000
v 2.746269 0.442541 -2.640000
v 2.985075 0.507588 -2.640000
v 3.223881 0.554207 -2.640000
v 3.462687 0.542850 -2.640000
v 3.701493 0.482928 -2.640000
v 3.940299 0.426843 -2.640000
v 4.179104 0.420000 -2.640000
v 4.417911 0.420000 -2.640000
v 4.656716 0.420000 -2.640000
v 4.895523 0.432406 -2.640000
v 5.134328 0.493266 -2.640000
v 5.373134 0.548472 -2.640000
v 5.611940 0.550439 -2.640000
v 5.850746 0.497539 -2.640000
v 6.089552 0.435133 -2.640000
v 6.328358 0.420000 -2.640000
v 6.567164 0.420000 -2.640000
v 6.805970 0.420000 -2.640000
v 7.044776 0.423437 -2.640000
v 7.283582 0.437288 -2.640000
v 7.522388 0.422608 -2.640000
v 7.761194 0.208433 -2.640000
v 8.000000 0.000000 -2.640000
v -8.000000 0.000000 -2.880000
v -7.761194 0.208433 -2.880000
v -7.522388 0.426754 -2.880000
v -7.283582 0.476662 -2.880000
v -7.044776 0.461354 -2.880000
v -6.805970 0.420007 -2.880000
v -6.567164 0.420000 -2.880000
v -6.328358 0.425178 -2.880000
v -6.089552 0.512382 -2.880000
v -5.850746 0.649659 -2.880000
v -5.611940 0.747334 -2.880000
v -5.373134 0.743834 -2.880000
v -5.134328 0.641346 -2.880000
v -4.895523 0.504556 -2.880000
v -4.656716 0.423173 -2.880000
v -4.417911 0.420000 -2.880000
v -4.179104 0.420342 -2.880000
v -3.940299 0.486737 -2.880000
v -3.701493 0.620853 -2.880000
v -3.462687 0.733785 -2.880000
v -3.223881 0.754016 -2.880000
v -2.985075 0.668898 -2.880000
v -2.746269 0.531954 -2.880000
v -2.507463 0.431902 -2.880000
v -2.268657 0.420000 -2.880000
v -2.029851 0.420000 -2.880000
v -1.791045 0.464286 -2.880000
v -1.552239 0.591023 -2.880000
v -1.313433 0.715820 -2.880000
v -1.074627 0.759184 -2.880000
v -0.835821 0.693974 -2.880000
v -0.597015 0.561081 -2.880000
v -0.358209 0.445787 -2.880000
v -0.119403 0.420000 -2.880000
v 0.119403 0.420000 -2.880000
v 0.358209 0.445787 -2.880000
v 0.597015 0.561081 -2.880000
v 0.835821 0.693974 -2.880000
v 1.074627 0.759184 -2.880000
v 1.313433 0.715820 -2.880000
v 1.552239 0.591023 -2.880000
v 1.791045 0.464286 -2.880000
v 2.029851 0.420000 -2.880000
v 2.268657 0.420000 -2.880000
v 2.507463 0.431902 -2.880000
v 2.746269 0.531954 -2.880000
v 2.985075 0.668898 -2.880000
v 3.223881 0.754016 -2.880000
v 3.462687 0.733785 -2.880000
v 3.701493 0.620853 -2.880000
v 3.940299 0.486737 -2.880000
v 4.179104 0.420342 -2.880000
v 4.417911 0.420000 -2.880000
v 4.656716 0.423173 -2.880000
v 4.895523 0.504556 -2.880000
v 5.134328 0.641346 -2.880000
v 5.373134 0.743834 -2.880000
v 5.611940 0.747334 -2.880000
v 5.850746 0.649659 -2.880000
v 6.089552 0.512382 -2.880000
v 6.328358 0.425178 -2.880000
v 6.567164 0.420000 -2.880000
v 6.805970 0.420007 -2.880000
v 7.044776 0.461354 -2.880000
v 7.283582 0.476662 -2.880000
v 7.522388 0.426754 -2.880000
v 7.761194 0.208433 -2.880000
v 8.000000 0.000000 -2.880000
v -8.000000 0.000000 -3.120000
v -7.761194 0.208433 -3.120000
v -7.522388 0.430206 -3.120000
v -7.283582 0.511703 -3.120000
v -7.044776 0.505131 -3.120000
v -6.805970 0.428163 -3.120000
v -6.567164 0.420000 -3.120000
v -6.328358 0.447569 -3.120000
v -6.089552 0.591645 -3.120000
v -5.850746 0.781441 -3.120000
v -5.611940 0.910098 -3.120000
v -5.373134 0.905541 -3.120000
v -5.134328 0.770319 -3.120000
v -4.895523 0.580199 -3.120000
v -4.656716 0.442279 -3.120000
v -4.417911 0.420000 -3.120000
v -4.179104 0.431802 -3.120000
v -3.940299 0.553650 -3.120000
v -3.701493 0.742757 -3.120000
v -3.462687 0.892439 -3.120000
v -3.223881 0.918789 -3.120000
v -2.985075 0.807062 -3.120000
v -2.746269 0.619827 -3.120000
v -2.507463 0.462380 -3.120000
v -2.268657 0.420000 -3.120000
v -2.029851 0.422543 -3.120000
v -1.791045 0.518834 -3.120000
v -1.552239 0.702204 -3.120000
v -1.313433 0.868942 -3.120000
v -1.074627 0.925501 -3.120000
v -0.835821 0.840230 -3.120000
v -0.597015 0.660860 -3.120000
v -0.358209 0.488133 -3.120000
v -0.119403 0.420000 -3.120000
v 0.119403 0.420000 -3.120000
v 0.358209 0.488133 -3.120000
v 0.597015 0.660860 -3.120000
v 0.835821 0.840230 -3.120000
v 1.074627 0.925501 -3.120000
v 1.313433 0.868942 -3.120000
v 1.552239 0.702204 -3.120000
v 1.791045 0.518834 -3.120000
v 2.029851 0.422543 -3.120000
v 2.268657 0.420000 -3.120000
v 2.507463 0.462380 -3.120000
v 2.746269 0.619827 -3.120000
v 2.985075 0.807062 -3.120000
v 3.223881 0.918789 -3.120000
v 3.462687 0.892439 -3.120000
v 3.701493 0.742757 -3.120000
v 3.940299 0.553650 -3.120000
v 4.179104 0.431802 -3.120000
v 4.417911 0.420000 -3.120000
v 4.656716 0.442279 -3.120000
v 4.895523 0.580199 -3.120000
v 5.134328 0.770319 -3.120000
v 5.373134 0.905541 -3.120000
v 5.611940 0.910098 -3.120000
v 5.850746 0.781441 -3.120000
v 6.089552 0.591645 -3.120000
v 6.328358 0.447569 -3.120000
v 6.567164 0.420000 -3.120000
v 6.805970 0.428163 -3.120000
v 7.044776 0.505131 -3.120000
v 7.283582 0.511703 -3.120000
v 7.522388 0.430206 -3.120000
v 7.761194 0.208433 -3.120000
v 8.000000 0.000000 -3.120000
v -8.000000 0.000000 -3.360000
v -7.761194 0.208433 -3.360000
v -7.522388 0.431011 -3.360000
v -7.283582 0.520033 -3.360000
v -7.044776 0.516204 -3.360000
v -6.805970 0.431809 -3.360000
v -6.567164 0.420000 -3.360000
v -6.328358 0.454468 -3.360000
v -6.089552 0.611185 -3.360000
v -5.850746 0.812530 -3.360000
v -5.611940 0.947966 -3.360000
v -5.373134 0.943178 -3.360000
v -5.134328 0.800793 -3.360000
v -4.895523 0.598940 -3.360000
v -4.656716 0.448441 -3.360000
v -4.417911 0.420000 -3.360000
v -4.179104 0.436243 -3.360000
v -3.940299 0.570461 -3.360000
v -3.701493 0.771680 -3.360000
v -3.462687 0.929408 -3.360000
v -3.223881 0.957095 -3.360000
v -2.985075 0.839549 -3.360000
v -2.746269 0.641267 -3.360000
v -2.507463 0.471090 -3.360000
v -2.268657 0.420000 -3.360000
v -2.029851 0.424679 -3.360000
v -1.791045 0.532904 -3.360000
v -1.552239 0.728772 -3.360000
v -1.313433 0.904702 -3.360000
v -1.074627 0.964145 -3.360000
v -0.835821 0.874488 -3.360000
v -0.597015 0.684922 -3.360000
v -0.358209 0.499491 -3.360000
v -0.119403 0.420079 -3.360000
v 0.119403 0.420079 -3.360000
v 0.358209 0.499491 -3.360000
v 0.597015 0.684922 -3.360000
v 0.835821 0.874488 -3.360000
v 1.074627 0.964145 -3.360000
v 1.313433 0.904702 -3.360000
v 1.552239 0.728772 -3.360000
v 1.791045 0.532904 -3.360000
v 2.029851 0.424679 -3.360000
v 2.268657 0.420000 -3.360000
v 2.507463 0.471090 -3.360000
v 2.746269 0.641267 -3.360000
v 2.985075 0.839549 -3.360000
v 3.223881 0.957095 -3.360000
v 3.462687 0.929408 -3.360000
v 3.701493 0.771680 -3.360000
v 3.940299 0.570461 -3.360000
v 4.179104 0.436243 -3.360000
v 4.417911 0.420000 -3.360000
v 4.656716 0.448441 -3.360000
v 4.895523 0.598940 -3.360000
v 5.134328 0.800793 -3.360000
v 5.373134 0.943178 -3.360000
v 5.611940 0.947966 -3.360000
v 5.850746 0.812530 -3.360000
v 6.089552 0.611185 -3.360000
v 6.328358 0.454468 -3.360000
v 6.567164 0.420000 -3.360000
v 6.805970 0.431809 -3.360000
v 7.044776 0.516204 -3.360000
v 7.283582 0.520033 -3.360000
v 7.522388 0.431011 -3.360000
v 7.761194 0.208433 -3.360000
v 8.000000 0.000000 -3.360000
v -8.000000 0.000000 -3.600000
v -7.761194 0.208433 -3.600000
v -7.522388 0.428714 -3.600000
v -7.283582 0.496406 -3.600000
v -7.044776 0.485381 -3.600000
v -6.805970 0.422969 -3.600000
v -6.567164 0.420000 -3.600000
v -6.328358 0.436285 -3.600000
v -6.089552 0.556374 -3.600000
v -5.850746 0.724141 -3.600000
v -5.611940 0.839836 -3.600000
v -5.373134 0.835720 -3.600000
v -5.134328 0.714195 -3.600000
v -4.895523 0.546450 -3.600000
v -4.656716 0.432387 -3.600000
v -4.417911 0.420000 -3.600000
v -4.179104 0.425156 -3.600000
v -3.940299 0.523574 -3.600000
v -3.701493 0.689594 -3.600000
v -3.462687 0.823895 -3.600000
v -3.223881 0.847687 -3.600000
v -2.985075 0.747090 -3.600000
v -2.746269 0.580938 -3.600000
v -2.507463 0.447672 -3.600000
v -2.268657 0.420000 -3.600000
v -2.029851 0.420232 -3.600000
v -1.791045 0.493964 -3.600000
v -1.552239 0.653535 -3.600000
v -1.313433 0.802711 -3.600000
v -1.074627 0.853753 -3.600000
v -0.835821 0.776871 -3.600000
v -0.597015 0.616974 -3.600000
v -0.358209 0.468410 -3.600000
v -0.119403 0.420000 -3.600000
v 0.119403 0.420000 -3.600000
v 0.358209 0.468410 -3.600000
v 0.597015 0.616974 -3.600000
v 0.835821 0.776871 -3.600000
v 1.074627 0.853753 -3.600000
v 1.313433 0.802711 -3.600000
v 1.552239 0.653535 -3.600000
v 1.791045 0.493964 -3.600000
v 2.029851 0.420232 -3.600000
v 2.268657 0.420000 -3.600000
v 2.507463 0.447672 -3.600000
v 2.746269 0.580938 -3.600000
v 2.985075 0.747090 -3.600000
v 3.223881 0.847687 -3.600000
v 3.462687 0.823895 -3.600000
v 3.701493 0.689594 -3.600000
v 3.940299 0.523574 -3.600000
v 4.179104 0.425156 -3.600000
v 4.417911 0.420000 -3.600000
v 4.656716 0.432387 -3.600000
v 4.895523 0.546450 -3.600000
v 5.134328 0.714195 -3.600000
v 5.373134 0.835720 -3.600000
v 5.611940 0.839836 -3.600000
v 5.850746 0.724141 -3.600000
v 6.089552 0.556374 -3.600000
v 6.328358 0.436285 -3.600000
v 6.567164 0.420000 -3.600000
v 6.805970 0.422969 -3.600000
v 7.044776 0.485381 -3.600000
v 7.283582 0.496406 -3.600000
v 7.522388 0.428714 -3.600000
v 7.761194 0.208433 -3.600000
v 8.000000 0.000000 -3.600000
v -8.000000 0.000000 -3.840000
v -7.761194 0.208433 -3.840000
v -7.522388 0.424614 -3.840000
v -7.283582 0.455766 -3.840000
v -7.044776 0.438713 -3.840000
v -6.805970 0.420000 -3.840000
v -6.567164 0.420000 -3.840000
v -6.328358 0.420002 -3.840000
v -6.089552 0.468745 -3.840000
v -5.850746 0.569832 -3.840000
v -5.611940 0.645975 -3.840000
v -5.373134 0.643211 -3.840000
v -5.134328 0.563465 -3.840000
v -4.895523 0.463396 -3.840000
v -4.656716 0.420000 -3.840000
v -4.417911 0.420000 -3.840000
v -4.179104 0.420000 -3.840000
v -3.940299 0.451535 -3.840000
v -3.701493 0.547868 -3.840000
v -3.462687 0.635288 -3.840000
v -3.223881 0.651258 -3.840000
v -2.985075 0.584646 -3.840000
v -2.746269 0.482418 -3.840000
v -2.507463 0.421328 -3.840000
v -2.268657 0.420000 -3.840000
v -2.029851 0.420000 -3.840000
v -1.791045 0.437489 -3.840000
v -1.552239 0.525447 -3.840000
v -1.313433 0.621174 -3.840000
v -1.074627 0.655349 -3.840000
v -0.835821 0.604102 -3.840000
v -0.597015 0.503363 -3.840000
v -0.358209 0.427241 -3.840000
v -0.119403 0.420000 -3.840000
v 0.119403 0.420000 -3.840000
v 0.358209 0.427241 -3.840000
v 0.597015 0.503363 -3.840000
v 0.835821 0.604102 -3.840000
v 1.074627 0.655349 -3.840000
v 1.313433 0.621174 -3.840000
v 1.552239 0.525447 -3.840000
v 1.791045 0.437489 -3.840000
v 2.029851 0.420000 -3.840000
v 2.268657 0.420000 -3.840000
v 2.507463 0.421328 -3.840000
v 2.746269 0.482418 -3.840000
v 2.985075 0.584646 -3.840000
v 3.223881 0.651258 -3.840000
v 3.462687 0.635288 -3.840000
v 3.701493 0.547868 -3.840000
v 3.940299 0.451535 -3.840000
v 4.179104 0.420000 -3.840000
v 4.417911 0.420000 -3.840000
v 4.656716 0.420000 -3.840000
v 4.895523 0.463396 -3.840000
v 5.134328 0.563465 -3.840000
v 5.373134 0.643211 -3.840000
v 5.611940 0.645975 -3.840000
v 5.850746 0.569832 -3.840000
v 6.089552 0.468745 -3.840000
v 6.328358 0.420002 -3.840000
v 6.567164 0.420000 -3.840000
v 6.805970 0.420000 -3.840000
v 7.044776 0.438713 -3.840000
v 7.283582 0.455766 -3.840000
v 7.522388 0.424614 -3.840000
v 7.761194 0.208433 -3.840000
v 8.000000 0.000000 -3.840000
v -8.000000 0.000000 -4.080000
v -7.761194 0.208433 -4.080000
v -7.522388 0.421034 -4.080000
v -7.283582 0.424528 -4.080000
v -7.044776 0.420000 -4.080000
v -6.805970 0.420000 -4.080000
v -6.567164 0.420000 -4.080000
v -6.328358 0.420000 -4.080000
v -6.089552 0.420208 -4.080000
v -5.850746 0.444767 -4.080000
v -5.611940 0.474594 -4.080000
v -5.373134 0.473421 -4.080000
v -5.134328 0.442562 -4.080000
v -4.895523 0.420014 -4.080000
v -4.656716 0.420000 -4.080000
v -4.417911 0.420000 -4.080000
v -4.179104 0.420000 -4.080000
v -3.940299 0.420000 -4.080000
v -3.701493 0.437410 -4.080000
v -3.462687 0.470091 -4.080000
v -3.223881 0.476852 -4.080000
v -2.985075 0.450101 -4.080000
v -2.746269 0.421546 -4.080000
v -2.507463 0.420000 -4.080000
v -2.268657 0.420000 -4.080000
v -2.029851 0.420000 -4.080000
v -1.791045 0.420000 -4.080000
v -1.552239 0.430744 -4.080000
v -1.313433 0.464283 -4.080000
v -1.074627 0.478613 -4.080000
v -0.835821 0.457490 -4.080000
v -0.597015 0.425286 -4.080000
v -0.358209 0.420000 -4.080000
v -0.119403 0.420000 -4.080000
v 0.119403 0.420000 -4.080000
v 0.358209 0.420000 -4.080000
v 0.597015 0.425286 -4.080000
v 0.835821 0.457490 -4.080000
v 1.074627 0.478613 -4.080000
v 1.313433 0.464283 -4.080000
v 1.552239 0.430744 -4.080000
v 1.791045 0.420000 -4.080000
v 2.029851 0.420000 -4.080000
v 2.268657 0.420000 -4.080000
v 2.507463 0.420000 -4.080000
v 2.746269 0.421546 -4.080000
v 2.985075 0.450101 -4.080000
v 3.223881 0.476852 -4.080000
v 3.462687 0.470091 -4.080000
v 3.701493 0.437410 -4.080000
v 3.940299 0.420000 -4.080000
v 4.179104 0.420000 -4.080000
v 4.417911 0.420000 -4.080000
v 4.656716 0.420000 -4.080000
v 4.895523 0.420014 -4.080000
v 5.134328 0.442562 -4.080000
v 5.373134 0.473421 -4.080000
v 5.611940 0.474594 -4.080000
v 5.850746 0.444767 -4.080000
v 6.089552 0.420208 -4.080000
v 6.328358 0.420000 -4.080000
v 6.567164 0.420000 -4.080000
v 6.805970 0.420000 -4.080000
v 7.044776 0.420000 -4.080000
v 7.283582 0.424528 -4.080000
v 7.522388 0.421034 -4.080000
v 7.761194 0.208433 -4.080000
v 8.000000 0.000000 -4.080000
v -8.000000 0.000000 -4.320000
v -7.761194 0.208433 -4.320000
v -7.522388 0.419969 -4.320000
v -7.283582 0.420000 -4.320000
v -7.044776 0.420000 -4.320000
v -6.805970 0.420000 -4.320000
v -6.567164 0.420000 -4.320000
v -6.328358 0.420000 -4.320000
v -6.089552 0.420000 -4.320000
v -5.850746 0.420000 -4.320000
v -5.611940 0.420000 -4.320000
v -5.373134 0.420000 -4.320000
v -5.134328 0.420000 -4.320000
v -4.895523 0.420000 -4.320000
v -4.656716 0.420000 -4.320000
v -4.417911 0.420000 -4.320000
v -4.179104 0.420000 -4.320000
v -3.940299 0.420000 -4.320000
v -3.701493 0.420000 -4.320000
v -3.462687 0.420000 -4.320000
v -3.223881 0.420000 -4.320000
v -2.985075 0.420000 -4.320000
v -2.746269 0.420000 -4.320000
v -2.507463 0.420000 -4.320000
v -2.268657 0.420000 -4.320000
v -2.029851 0.420000 -4.320000
v -1.791045 0.420000 -4.320000
v -1.552239 0.420000 -4.320000
v -1.313433 0.420000 -4.320000
v -1.074627 0.420000 -4.320000
v -0.835821 0.420000 -4.320000
v -0.597015 0.420000 -4.320000
v -0.358209 0.420000 -4.320000
v -0.119403 0.420000 -4.320000
v 0.119403 0.420000 -4.320000
v 0.358209 0.420000 -4.320000
v 0.597015 0.420000 -4.320000
v 0.835821 0.420000 -4.320000
v 1.074627 0.420000 -4.320000
v 1.313433 0.420000 -4.320000
v 1.552239 0.420000 -4.320000
v 1.791045 0.420000 -4.320000
v 2.029851 0.420000 -4.320000
v 2.268657 0.420000 -4.320000
v 2.507463 0.420000 -4.320000
v 2.746269 0.420000 -4.320000
v 2.985075 0.420000 -4.320000
v 3.223881 0.420000 -4.320000
v 3.462687 0.420000 -4.320000
v 3.701493 0.420000 -4.320000
v 3.940299 0.420000 -4.320000
v 4.179104 0.420000 -4.320000
v 4.417911 0.420000 -4.320000
v 4.656716 0.420000 -4.320000
v 4.895523 0.420000 -4.320000
v 5.134328 0.420000 -4.320000
v 5.373134 0.420000 -4.320000
v 5.611940 0.420000 -4.320000
v 5.850746 0.420000 -4.320000
v 6.089552 0.420000 -4.320000
v 6.328358 0.420000 -4.320000
v 6.567164 0.420000 -4.320000
v 6.805970 0.420000 -4.320000
v 7.044776 0.420000 -4.320000
v 7.283582 0.420000 -4.320000
v 7.522388 0.419969 -4.320000
v 7.761194 0.208433 -4.320000
v 8.000000 0.000000 -4.320000
v -8.000000 0.000000 -4.560000
v -7.761194 0.208433 -4.560000
v -7.522388 0.420003 -4.560000
v -7.283582 0.420000 -4.560000
v -7.044776 0.420000 -4.560000
v -6.805970 0.420000 -4.560000
v -6.567164 0.420000 -4.560000
v -6.328358 0.420000 -4.560000
v -6.089552 0.420000 -4.560000
v -5.850746 0.420000 -4.560000
v -5.611940 0.422599 -4.560000
v -5.373134 0.422379 -4.560000
v -5.134328 0.420000 -4.560000
v -4.895523 0.420000 -4.560000
v -4.656716 0.420000 -4.560000
v -4.417911 0.420000 -4.560000
v -4.179104 0.420000 -4.560000
v -3.940299 0.420000 -4.560000
v -3.701493 0.420000 -4.560000
v -3.462687 0.421795 -4.560000
v -3.223881 0.423043 -4.560000
v -2.985075 0.420000 -4.560000
v -2.746269 0.420000 -4.560000
v -2.507463 0.420000 -4.560000
v -2.268657 0.420000 -4.560000
v -2.029851 0.420000 -4.560000
v -1.791045 0.420000 -4.560000
v -1.552239 0.420000 -4.560000
v -1.313433 0.420941 -4.560000
v -1.074627 0.423407 -4.560000
v -0.835821 0.420255 -4.560000
v -0.597015 0.420000 -4.560000
v -0.358209 0.420000 -4.560000
v -0.119403 0.420000 -4.560000
v 0.119403 0.420000 -4.560000
v 0.358209 0.420000 -4.560000
v 0.597015 0.420000 -4.560000
v 0.835821 0.420255 -4.560000
v 1.074627 0.423407 -4.560000
v 1.313433 0.420941 -4.560000
v 1.552239 0.420000 -4.560000
v 1.791045 0.420000 -4.560000
v 2.029851 0.420000 -4.560000
v 2.268657 0.420000 -4.560000
v 2.507463 0.420000 -4.560000
v 2.746269 0.420000 -4.560000
v 2.985075 0.420000 -4.560000
v 3.223881 0.423043 -4.560000
v 3.462687 0.421795 -4.560000
v 3.701493 0.420000 -4.560000
v 3.940299 0.420000 -4.560000
v 4.179104 0.420000 -4.560000
v 4.417911 0.420000 -4.560000
v 4.656716 0.420000 -4.560000
v 4.895523 0.420000 -4.560000
v 5.134328 0.420000 -4.560000
v 5.373134 0.422379 -4.560000
v 5.611940 0.422599 -4.560000
v 5.850746 0.420000 -4.560000
v 6.089552 0.420000 -4.560000
v 6.328358 0.420000 -4.560000
v 6.567164 0.420000 -4.560000
v 6.805970 0.420000 -4.560000
v 7.044776 0.420000 -4.560000
v 7.283582 0.420000 -4.560000
v 7.522388 0.420003 -4.560000
v 7.761194 0.208433 -4.560000
v 8.000000 0.000000 -4.560000
v -8.000000 0.000000 -4.800000
v -7.761194 0.208433 -4.800000
v -7.522388 0.422022 -4.800000
v -7.283582 0.432255 -4.800000
v -7.044776 0.420931 -4.800000
v -6.805970 0.420000 -4.800000
v -6.567164 0.420000 -4.800000
v -6.328358 0.420000 -4.800000
v -6.089552 0.427713 -4.800000
v -5.850746 0.477249 -4.800000
v -5.611940 0.522348 -4.800000
v -5.373134 0.520649 -4.800000
v -5.134328 0.473677 -4.800000
v -4.895523 0.425852 -4.800000
v -4.656716 0.420000 -4.800000
v -4.417911 0.420000 -4.800000
v -4.179104 0.420000 -4.800000
v -3.940299 0.422361 -4.800000
v -3.701493 0.465097 -4.800000
v -3.462687 0.515801 -4.800000
v -3.223881 0.525606 -4.800000
v -2.985075 0.485702 -4.800000
v -2.746269 0.433049 -4.800000
v -2.507463 0.420000 -4.800000
v -2.268657 0.420000 -4.800000
v -2.029851 0.420000 -4.800000
v -1.791045 0.420056 -4.800000
v -1.552239 0.453272 -4.800000
v -1.313433 0.507249 -4.800000
v -1.074627 0.528138 -4.800000
v -0.835821 0.497065 -4.800000
v -0.597015 0.442385 -4.800000
v -0.358209 0.420000 -4.800000
v -0.119403 0.420000 -4.800000
v 0.119403 0.420000 -4.800000
v 0.358209 0.420000 -4.800000
v 0.597015 0.442385 -4.800000
v 0.835821 0.497065 -4.800000
v 1.074627 0.528138 -4.800000
v 1.313433 0.507249 -4.800000
v 1.552239 0.453272 -4.800000
v 1.791045 0.420056 -4.800000
v 2.029851 0.420000 -4.800000
v 2.268657 0.420000 -4.800000
v 2.507463 0.420000 -4.800000
v 2.746269 0.433049 -4.800000
v 2.985075 0.485702 -4.800000
v 3.223881 0.525606 -4.800000
v 3.462687 0.515801 -4.800000
v 3.701493 0.465097 -4.800000
v 3.940299 0.422361 -4.800000
v 4.179104 0.420000 -4.800000
v 4.417911 0.420000 -4.800000
v 4.656716 0.420000 -4.800000
v 4.895523 0.425852 -4.800000
v 5.134328 0.473677 -4.800000
v 5.373134 0.520649 -4.800000
v 5.611940 0.522348 -4.800000
v 5.850746 0.477249 -4.800000
v 6.089552 0.427713 -4.800000
v 6.328358 0.420000 -4.800000
v 6.567164 0.420000 -4.800000
v 6.805970 0.420000 -4.800000
v 7.044776 0.420931 -4.800000
v 7.283582 0.432255 -4.800000
v 7.522388 0.422022 -4.800000
v 7.761194 0.208433 -4.800000
v 8.000000 0.000000 -4.800000
v -8.000000 0.000000 -5.040000
v -7.761194 0.208433 -5.040000
v -7.522388 0.426045 -5.040000
v -7.283582 0.469648 -5.040000
v -7.044776 0.453354 -5.040000
v -6.805970 0.420000 -5.040000
v -6.567164 0.420000 -5.040000
v -6.328358 0.422496 -5.040000
v -6.089552 0.497316 -5.040000
v -5.850746 0.623011 -5.040000
v -5.611940 0.713814 -5.040000
v -5.373134 0.710548 -5.040000
v -5.134328 0.615319 -5.040000
v -4.895523 0.490285 -5.040000
v -4.656716 0.421197 -5.040000
v -4.417911 0.420000 -5.040000
v -4.179104 0.420000 -5.040000
v -3.940299 0.474379 -5.040000
v -3.701493 0.596391 -5.040000
v -3.462687 0.701177 -5.040000
v -3.223881 0.720050 -5.040000
v -2.985075 0.640837 -5.040000
v -2.746269 0.514996 -5.040000
v -2.507463 0.427475 -5.040000
v -2.268657 0.420000 -5.040000
v -2.029851 0.420000 -5.040000
v -1.791045 0.454629 -5.040000
v -1.552239 0.568931 -5.040000
v -1.313433 0.684441 -5.040000
v -1.074627 0.724874 -5.040000
v -0.835821 0.664118 -5.040000
v -0.597015 0.541503 -5.040000
v -0.358209 0.438787 -5.040000
v -0.119403 0.420000 -5.040000
v 0.119403 0.420000 -5.040000
v 0.358209 0.438787 -5.040000
v 0.597015 0.541503 -5.040000
v 0.835821 0.664118 -5.040000
v 1.074627 0.724874 -5.040000
v 1.313433 0.684441 -5.040000
v 1.552239 0.568931 -5.040000
v 1.791045 0.454629 -5.040000
v 2.029851 0.420000 -5.040000
v 2.268657 0.420000 -5.040000
v 2.507463 0.427475 -5.040000
v 2.746269 0.514996 -5.040000
v 2.985075 0.640837 -5.040000
v 3.223881 0.720050 -5.040000
v 3.462687 0.701177 -5.040000
v 3.701493 0.596391 -5.040000
v 3.940299 0.474379 -5.040000
v 4.179104 0.420000 -5.040000
v 4.417911 0.420000 -5.040000
v 4.656716 0.421197 -5.040000
v 4.895523 0.490285 -5.040000
v 5.134328 0.615319 -5.040000
v 5.373134 0.710548 -5.040000
v 5.611940 0.713814 -5.040000
v 5.850746 0.623011 -5.040000
v 6.089552 0.497316 -5.040000
v 6.328358 0.422496 -5.040000
v 6.567164 0.420000 -5.040000
v 6.805970 0.420000 -5.040000
v 7.044776 0.453354 -5.040000
v 7.283582 0.469648 -5.040000
v 7.522388 0.426045 -5.040000
v 7.761194 0.208433 -5.040000
v 8.000000 0.000000 -5.040000
v -8.000000 0.000000 -5.280000
v -7.761194 0.208433 -5.280000
v -7.522388 0.429776 -5.280000
v -7.283582 0.507274 -5.280000
v -7.044776 0.499330 -5.280000
v -6.805970 0.424632 -5.280000
v -6.567164 0.420000 -5.280000
v -6.328358 0.436860 -5.280000
v -6.089552 0.532858 -5.280000
v -5.850746 0.661236 -5.280000
v -5.611940 0.748655 -5.280000
v -5.373134 0.745555 -5.280000
v -5.134328 0.653691 -5.280000
v -4.895523 0.525154 -5.280000
v -4.656716 0.433439 -5.280000
v -4.417911 0.420000 -5.280000
v -4.179104 0.426759 -5.280000
v -3.940299 0.507315 -5.280000
v -3.701493 0.635000 -5.280000
v -3.462687 0.736644 -5.280000
v -3.223881 0.754567 -5.280000
v -2.985075 0.678627 -5.280000
v -2.746269 0.551850 -5.280000
v -2.507463 0.446537 -5.280000
v -2.268657 0.420000 -5.280000
v -2.029851 0.421150 -5.280000
v -1.791045 0.483999 -5.280000
v -1.552239 0.607527 -5.280000
v -1.313433 0.720668 -5.280000
v -1.074627 0.759134 -5.280000
v -0.835821 0.701154 -5.280000
v -0.597015 0.579558 -5.280000
v -0.358209 0.463551 -5.280000
v -0.119403 0.420000 -5.280000
v 0.119403 0.420000 -5.280000
v 0.358209 0.463551 -5.280000
v 0.597015 0.579558 -5.280000
v 0.835821 0.701154 -5.280000
v 1.074627 0.759134 -5.280000
v 1.313433 0.720668 -5.280000
v 1.552239 0.607527 -5.280000
v 1.791045 0.483999 -5.280000
v 2.029851 0.421150 -5.280000
v 2.268657 0.420000 -5.280000
v 2.507463 0.446537 -5.280000
v 2.746269 0.551850 -5.280000
v 2.985075 0.678627 -5.280000
v 3.223881 0.754567 -5.280000
v 3.462687 0.736644 -5.280000
v 3.701493 0.635000 -5.280000
v 3.940299 0.507315 -5.280000
v 4.179104 0.426759 -5.280000
v 4.417911 0.420000 -5.280000
v 4.656716 0.433439 -5.280000
v 4.895523 0.525154 -5.280000
v 5.134328 0.653691 -5.280000
v 5.373134 0.745555 -5.280000
v 5.611940 0.748655 -5.280000
v 5.850746 0.661236 -5.280000
v 6.089552 0.532858 -5.280000
v 6.328358 0.436860 -5.280000
v 6.567164 0.420000 -5.280000
v 6.805970 0.424632 -5.280000
v 7.044776 0.499330 -5.280000
v 7.283582 0.507274 -5.280000
v 7.522388 0.429776 -5.280000
v 7.761194 0.208433 -5.280000
v 8.000000 0.000000 -5.280000
v -8.000000 0.000000 -5.520000
v -7.761194 0.208433 -5.520000
v -7.522388 0.431103 -5.520000
v -7.283582 0.482523 -5.520000
v -7.044776 0.445723 -5.520000
v -6.805970 0.422300 -5.520000
v -6.567164 0.420000 -5.520000
v -6.328358 0.426443 -5.520000
v -6.089552 0.455316 -5.520000
v -5.850746 0.492314 -5.520000
v -5.611940 0.517180 -5.520000
v -5.373134 0.516301 -5.520000
v -5.134328 0.490158 -5.520000
v -4.895523 0.453064 -5.520000
v -4.656716 0.425327 -5.520000
v -4.417911 0.420000 -5.520000
v -4.179104 0.423064 -5.520000
v -3.940299 0.447824 -5.520000
v -3.701493 0.484811 -5.520000
v -3.462687 0.513773 -5.520000
v -3.223881 0.518856 -5.520000
v -2.985075 0.497275 -5.520000
v -2.746269 0.460847 -5.520000
v -2.507463 0.429515 -5.520000
v -2.268657 0.420000 -5.520000
v -2.029851 0.420905 -5.520000
v -1.791045 0.440911 -5.520000
v -1.552239 0.476929 -5.520000
v -1.313433 0.509238 -5.520000
v -1.074627 0.520150 -5.520000
v -0.835821 0.503691 -5.520000
v -0.597015 0.468871 -5.520000
v -0.358209 0.434755 -5.520000
v -0.119403 0.420021 -5.520000
v 0.119403 0.420021 -5.520000
v 0.358209 0.434755 -5.520000
v 0.597015 0.468871 -5.520000
v 0.835821 0.503691 -5.520000
v 1.074627 0.520150 -5.520000
v 1.313433 0.509238 -5.520000
v 1.552239 0.476929 -5.520000
v 1.791045 0.440911 -5.520000
v 2.029851 0.420905 -5.520000
v 2.268657 0.420000 -5.520000
v 2.507463 0.429515 -5.520000
v 2.746269 0.460847 -5.520000
v 2.985075 0.497275 -5.520000
v 3.223881 0.518856 -5.520000
v 3.462687 0.513773 -5.520000
v 3.701493 0.484811 -5.520000
v 3.940299 0.447824 -5.520000
v 4.179104 0.423064 -5.520000
v 4.417911 0.420000 -5.520000
v 4.656716 0.425327 -5.520000
v 4.895523 0.453064 -5.520000
v 5.134328 0.490158 -5.520000
v 5.373134 0.516301 -5.520000
v 5.611940 0.517180 -5.520000
v 5.850746 0.492314 -5.520000
v 6.089552 0.455316 -5.520000
v 6.328358 0.426443 -5.520000
v 6.567164 0.420000 -5.520000
v 6.805970 0.422300 -5.520000
v 7.044776 0.445723 -5.520000
v 7.283582 0.482523 -5.520000
v 7.522388 0.431103 -5.520000
v 7.761194 0.208433 -5.520000
v 8.000000 0.000000 -5.520000
v -8.000000 0.000000 -5.760000
v -7.761194 0.208433 -5.760000
v -7.522388 0.311111 -5.760000
v -7.283582 0.311111 -5.760000
v -7.044776 0.311111 -5.760000
v -6.805970 0.311111 -5.760000
v -6.567164 0.311111 -5.760000
v -6.328358 0.311111 -5.760000
v -6.089552 0.311111 -5.760000
v -5.850746 0.311111 -5.760000
v -5.611940 0.311111 -5.760000
v -5.373134 0.311111 -5.760000
v -5.134328 0.311111 -5.760000
v -4.895523 0.311111 -5.760000
v -4.656716 0.311111 -5.760000
v -4.417911 0.311111 -5.760000
v -4.179104 0.311111 -5.760000
v -3.940299 0.311111 -5.760000
v -3.701493 0.311111 -5.760000
v -3.462687 0.311111 -5.760000
v -3.223881 0.311111 -5.760000
v -2.985075 0.311111 -5.760000
v -2.746269 0.311111 -5.760000
v -2.507463 0.311111 -5.760000
v -2.268657 0.311111 -5.760000
v -2.029851 0.311111 -5.760000
v -1.791045 0.311111 -5.760000
v -1.552239 0.311111 -5.760000
v -1.313433 0.311111 -5.760000
v -1.074627 0.311111 -5.760000
v -0.835821 0.311111 -5.760000
v -0.597015 0.311111 -5.760000
v -0.358209 0.311111 -5.760000
v -0.119403 0.311111 -5.760000
v 0.119403 0.311111 -5.760000
v 0.358209 0.311111 -5.760000
v 0.597015 0.311111 -5.760000
v 0.835821 0.311111 -5.760000
v 1.074627 0.311111 -5.760000
v 1.313433 0.311111 -5.760000
v 1.552239 0.311111 -5.760000
v 1.791045 0.311111 -5.760000
v 2.029851 0.311111 -5.760000
v 2.268657 0.311111 -5.760000
v 2.507463 0.311111 -5.760000
v 2.746269 0.311111 -5.760000
v 2.985075 0.311111 -5.760000
v 3.223881 0.311111 -5.760000
v 3.462687 0.311111 -5.760000
v 3.701493 0.311111 -5.760000
v 3.940299 0.311111 -5.760000
v 4.179104 0.311111 -5.760000
v 4.417911 0.311111 -5.760000
v 4.656716 0.311111 -5.760000
v 4.895523 0.311111 -5.760000
v 5.134328 0.311111 -5.760000
v 5.373134 0.311111 -5.760000
v 5.611940 0.311111 -5.760000
v 5.850746 0.311111 -5.760000
v 6.089552 0.311111 -5.760000
v 6.328358 0.311111 -5.760000
v 6.567164 0.311111 -5.760000
v 6.805970 0.311111 -5.760000
v 7.044776 0.311111 -5.760000
v 7.283582 0.311111 -5.760000
v 7.522388 0.311111 -5.760000
v 7.761194 0.208433 -5.760000
v 8.000000 0.000000 -5.760000
v -8.000000 0.000000 -6.000000
v -7.761194 0.000000 -6.000000
v -7.522388 0.000000 -6.000000
v -7.283582 0.000000 -6.000000
v -7.044776 0.000000 -6.000000
v -6.805970 0.000000 -6.000000
v -6.567164 0.000000 -6.000000
v -6.328358 0.000000 -6.000000
v -6.089552 0.000000 -6.000000
v -5.850746 0.000000 -6.000000
v -5.611940 0.000000 -6.000000
v -5.373134 0.000000 -6.000000
v -5.134328 0.000000 -6.000000
v -4.895523 0.000000 -6.000000
v -4.656716 0.000000 -6.000000
v -4.417911 0.000000 -6.000000
v -4.179104 0.000000 -6.000000
v -3.940299 0.000000 -6.000000
v -3.701493 0.000000 -6.000000
v -3.462687 0.000000 -6.000000
v -3.223881 0.000000 -6.000000
v -2.985075 0.000000 -6.000000
v -2.746269 0.000000 -6.000000
v -2.507463 0.000000 -6.000000
v -2.268657 0.000000 -6.000000
v -2.029851 0.000000 -6.000000
v -1.791045 0.000000 -6.000000
v -1.552239 0.000000 -6.000000
v -1.313433 0.000000 -6.000000
v -1.074627 0.000000 -6.000000
v -0.835821 0.000000 -6.000000
v -0.597015 0.000000 -6.000000
v -0.358209 0.000000 -6.000000
v -0.119403 0.000000 -6.000000
v 0.119403 0.000000 -6.000000
v 0.358209 0.000000 -6.000000
v 0.597015 0.000000 -6.000000
v 0.835821 0.000000 -6.000000
v 1.074627 0.000000 -6.000000
v 1.313433 0.000000 -6.000000
v 1.552239 0.000000 -6.000000
v 1.791045 0.000000 -6.000000
v 2.029851 0.000000 -6.000000
v 2.268657 0.000000 -6.000000
v 2.507463 0.000000 -6.000000
v 2.746269 0.000000 -6.000000
v 2.985075 0.000000 -6.000000
v 3.223881 0.000000 -6.000000
v 3.462687 0.000000 -6.000000
v 3.701493 0.000000 -6.000000
v 3.940299 0.000000 -6.000000
v 4.179104 0.000000 -6.000000
v 4.417911 0.000000 -6.000000
v 4.656716 0.000000 -6.000000
v 4.895523 0.000000 -6.000000
v 5.134328 0.000000 -6.000000
v 5.373134 0.000000 -6.000000
v 5.611940 0.000000 -6.000000
v 5.850746 0.000000 -6.000000
v 6.089552 0.000000 -6.000000
v 6.328358 0.000000 -6.000000
v 6.567164 0.000000 -6.000000
v 6.805970 0.000000 -6.000000
v 7.044776 0.000000 -6.000000
v 7.283582 0.000000 -6.000000
v 7.522388 0.000000 -6.000000
v 7.761194 0.000000 -6.000000
v 8.000000 0.000000 -6.000000
v -8.000000 0.000000 6.000000
v -7.761194 0.000000 6.000000
v -7.522388 0.000000 6.000000
v -7.283582 0.000000 6.000000
v -7.044776 0.000000 6.000000
v -6.805970 0.000000 6.000000
v -6.567164 0.000000 6.000000
v -6.328358 0.000000 6.000000
v -6.089552 0.000000 6.000000
v -5.850746 0.000000 6.000000
v -5.611940 0.000000 6.000000
v -5.373134 0.000000 6.000000
v -5.134328 0.000000 6.000000
v -4.895523 0.000000 6.000000
v -4.656716 0.000000 6.000000
v -4.417911 0.000000 6.000000
v -4.179104 0.000000 6.000000
v -3.940299 0.000000 6.000000
v -3.701493 0.000000 6.000000
v -3.462687 0.000000 6.000000
v -3.223881 0.000000 6.000000
v -2.985075 0.000000 6.000000
v -2.746269 0.000000 6.000000
v -2.507463 0.000000 6.000000
v -2.268657 0.000000 6.000000
v -2.029851 0.000000 6.000000
v -1.791045 0.000000 6.000000
v -1.552239 0.000000 6.000000
v -1.313433 0.000000 6.000000
v -1.074627 0.000000 6.000000
v -0.835821 0.000000 6.000000
v -0.597015 0.000000 6.000000
v -0.358209 0.000000 6.000000
v -0.119403 0.000000 6.000000
v 0.119403 0.000000 6.000000
v 0.358209 0.000000 6.000000
v 0.597015 0.000000 6.000000
v 0.835821 0.000000 6.000000
v 1.074627 0.000000 6.000000
v 1.313433 0.000000 6.000000
v 1.552239 0.000000 6.000000
v 1.791045 0.000000 6.000000
v 2.029851 0.000000 6.000000
v 2.268657 0.000000 6.000000
v 2.507463 0.000000 6.000000
v 2.746269 0.000000 6.000000
v 2.985075 0.000000 6.000000
v 3.223881 0.000000 6.000000
v 3.462687 0.000000 6.000000
v 3.701493 0.000000 6.000000
v 3.940299 0.000000 6.000000
v 4.179104 0.000000 6.000000
v 4.417911 0.000000 6.000000
v 4.656716 0.000000 6.000000
v 4.895523 0.000000 6.000000
v 5.134328 0.000000 6.000000
v 5.373134 0.000000 6.000000
v 5.611940 0.000000 6.000000
v 5.850746 0.000000 6.000000
v 6.089552 0.000000 6.000000
v 6.328358 0.000000 6.000000
v 6.567164 0.000000 6.000000
v 6.805970 0.000000 6.000000
v 7.044776 0.000000 6.000000
v 7.283582 0.000000 6.000000
v 7.522388 0.000000 6.000000
v 7.761194 0.000000 6.000000
v 8.000000 0.000000 6.000000
v 8.000000 0.000000 5.760000
v 8.000000 0.000000 5.520000
v 8.000000 0.000000 5.280000
v 8.000000 0.000000 5.040000
v 8.000000 0.000000 4.800000
v 8.000000 0.000000 4.560000
v 8.000000 0.000000 4.320000
v 8.000000 0.000000 4.080000
v 8.000000 0.000000 3.840000
v 8.000000 0.000000 3.600000
v 8.000000 0.000000 3.360000
v 8.000000 0.000000 3.120000
v 8.000000 0.000000 2.880000
v 8.000000 0.000000 2.640000
v 8.000000 0.000000 2.400000
v 8.000000 0.000000 2.160000
v 8.000000 0.000000 1.920000
v 8.000000 0.000000 1.680000
v 8.000000 0.000000 1.440000
v 8.000000 0.000000 1.200000
v 8.000000 0.000000 0.960000
v 8.000000 0.000000 0.720000
v 8.000000 0.000000 0.480000
v 8.000000 0.000000 0.240000
v 8.000000 0.000000 0.000000
v 8.000000 0.000000 -0.240000
v 8.000000 0.000000 -0.480000
v 8.000000 0.000000 -0.720000
v 8.000000 0.000000 -0.960000
v 8.000000 0.000000 -1.200000
v 8.000000 0.000000 -1.440000
v 8.000000 0.000000 -1.680000
v 8.000000 0.000000 -1.920000
v 8.000000 0.000000 -2.160000
v 8.000000 0.000000 -2.400000
v 8.000000 0.000000 -2.640000
v 8.000000 0.000000 -2.880000
v 8.000000 0.000000 -3.120000
v 8.000000 0.000000 -3.360000
v 8.000000 0.000000 -3.600000
v 8.000000 0.000000 -3.840000
v 8.000000 0.000000 -4.080000
v 8.000000 0.000000 -4.320000
v 8.000000 0.000000 -4.560000
v 8.000000 0.000000 -4.800000
v 8.000000 0.000000 -5.040000
v 8.000000 0.000000 -5.280000
v 8.000000 0.000000 -5.520000
v 8.000000 0.000000 -5.760000
v 8.000000 0.000000 -6.000000
v 7.761194 0.000000 -6.000000
v 7.522388 0.000000 -6.000000
v 7.283582 0.000000 -6.000000
v 7.044776 0.000000 -6.000000
v 6.805970 0.000000 -6.000000
v 6.567164 0.000000 -6.000000
v 6.328358 0.000000 -6.000000
v 6.089552 0.000000 -6.000000
v 5.850746 0.000000 -6.000000
v 5.611940 0.000000 -6.000000
v 5.373134 0.000000 -6.000000
v 5.134328 0.000000 -6.000000
v 4.895523 0.000000 -6.000000
v 4.656716 0.000000 -6.000000
v 4.417911 0.000000 -6.000000
v 4.179104 0.000000 -6.000000
v 3.940299 0.000000 -6.000000
v 3.701493 0.000000 -6.000000
v 3.462687 0.000000 -6.000000
v 3.223881 0.000000 -6.000000
v 2.985075 0.000000 -6.000000
v 2.746269 0.000000 -6.000000
v 2.507463 0.000000 -6.000000
v 2.268657 0.000000 -6.000000
v 2.029851 0.000000 -6.000000
v 1.791045 0.000000 -6.000000
v 1.552239 0.000000 -6.000000
v 1.313433 0.000000 -6.000000
v 1.074627 0.000000 -6.000000
v 0.835821 0.000000 -6.000000
v 0.597015 0.000000 -6.000000
v 0.358209 0.000000 -6.000000
v 0.119403 0.000000 -6.000000
v -0.119403 0.000000 -6.000000
v -0.358209 0.000000 -6.000000
v -0.597015 0.000000 -6.000000
v -0.835821 0.000000 -6.000000
v -1.074627 0.000000 -6.000000
v -1.313433 0.000000 -6.000000
v -1.552239 0.000000 -6.000000
v -1.791045 0.000000 -6.000000
v -2.029851 0.000000 -6.000000
v -2.268657 0.000000 -6.000000
v -2.507463 0.000000 -6.000000
v -2.746269 0.000000 -6.000000
v -2.985075 0.000000 -6.000000
v -3.223881 0.000000 -6.000000
v -3.462687 0.000000 -6.000000
v -3.701493 0.000000 -6.000000
v -3.940299 0.000000 -6.000000
v -4.179104 0.000000 -6.000000
v -4.417911 0.000000 -6.000000
v -4.656716 0.000000 -6.000000
v -4.895523 0.000000 -6.000000
v -5.134328 0.000000 -6.000000
v -5.373134 0.000000 -6.000000
v -5.611940 0.000000 -6.000000
v -5.850746 0.000000 -6.000000
v -6.089552 0.000000 -6.000000
v -6.328358 0.000000 -6.000000
v -6.567164 0.000000 -6.000000
v -6.805970 0.000000 -6.000000
v -7.044776 0.000000 -6.000000
v -7.283582 0.000000 -6.000000
v -7.522388 0.000000 -6.000000
v -7.761194 0.000000 -6.000000
v -8.000000 0.000000 -6.000000
v -8.000000 0.000000 -5.760000
v -8.000000 0.000000 -5.520000
v -8.000000 0.000000 -5.280000
v -8.000000 0.000000 -5.040000
v -8.000000 0.000000 -4.800000
v -8.000000 0.000000 -4.560000
v -8.000000 0.000000 -4.320000
v -8.000000 0.000000 -4.080000
v -8.000000 0.000000 -3.840000
v -8.000000 0.000000 -3.600000
v -8.000000 0.000000 -3.360000
v -8.000000 0.000000 -3.120000
v -8.000000 0.000000 -2.880000
v -8.000000 0.000000 -2.640000
v -8.000000 0.000000 -2.400000
v -8.000000 0.000000 -2.160000
v -8.000000 0.000000 -1.920000
v -8.000000 0.000000 -1.680000
v -8.000000 0.000000 -1.440000
v -8.000000 0.000000 -1.200000
v -8.000000 0.000000 -0.960000
v -8.000000 0.000000 -0.720000
v -8.000000 0.000000 -0.480000
v -8.000000 0.000000 -0.240000
v -8.000000 0.000000 0.000000
v -8.000000 0.000000 0.240000
v -8.000000 0.000000 0.480000
v -8.000000 0.000000 0.720000
v -8.000000 0.000000 0.960000
v -8.000000 0.000000 1.200000
v -8.000000 0.000000 1.440000
v -8.000000 0.000000 1.680000
v -8.000000 0.000000 1.920000
v -8.000000 0.000000 2.160000
v -8.000000 0.000000 2.400000
v -8.000000 0.000000 2.640000
v -8.000000 0.000000 2.880000
v -8.000000 0.000000 3.120000
v -8.000000 0.000000 3.360000
v -8.000000 0.000000 3.600000
v -8.000000 0.000000 3.840000
v -8.000000 0.000000 4.080000
v -8.000000 0.000000 4.320000
v -8.000000 0.000000 4.560000
v -8.000000 0.000000 4.800000
v -8.000000 0.000000 5.040000
v -8.000000 0.000000 5.280000
v -8.000000 0.000000 5.520000
v -8.000000 0.000000 5.760000
v 0.000000 0.000000 0.000000
vn 0.5126 -0.8399 -0.1785
vn 0.1786 -0.8414 -0.5100
vn -0.0000 -1.0000 -0.0000
vn 0.4624 -0.8134 -0.3531
vn 0.0543 -0.6550 -0.7537
vn 0.2267 -0.7892 -0.5708
vn -0.0000 -0.6108 -0.7918
vn 0.0062 -0.7443 -0.6678
vn -0.0102 -0.7634 -0.6459
vn -0.0011 -0.7821 -0.6231
vn -0.0000 -0.7839 -0.6209
vn 0.0029 -0.7789 -0.6272
vn 0.0123 -0.7550 -0.6556
vn 0.0141 -0.7208 -0.6930
vn 0.0082 -0.6950 -0.7189
vn -0.0090 -0.6959 -0.7181
vn -0.0142 -0.7229 -0.6908
vn -0.0119 -0.7570 -0.6533
vn -0.0024 -0.7797 -0.6261
vn -0.0000 -0.7839 -0.6208
vn 0.0014 -0.7815 -0.6239
vn 0.0108 -0.7616 -0.6480
vn 0.0144 -0.7280 -0.6855
vn 0.0101 -0.6989 -0.7152
vn -0.0056 -0.6938 -0.7202
vn -0.0136 -0.7160 -0.6980
vn -0.0132 -0.7501 -0.6612
vn -0.0043 -0.7765 -0.6301
vn 0.0004 -0.7832 -0.6217
vn 0.0088 -0.7674 -0.6411
vn 0.0144 -0.7354 -0.6775
vn 0.0115 -0.7039 -0.7102
vn -0.0019 -0.6928 -0.7211
vn -0.0127 -0.7096 -0.7045
vn -0.0140 -0.7428 -0.6694
vn -0.0066 -0.7724 -0.6351
vn 0.0066 -0.7724 -0.6351
vn 0.0140 -0.7428 -0.6694
vn 0.0127 -0.7096 -0.7045
vn 0.0019 -0.6928 -0.7211
vn -0.0115 -0.7039 -0.7102
vn -0.0144 -0.7354 -0.6775
vn -0.0088 -0.7674 -0.6411
vn -0.0004 -0.7832 -0.6217
vn 0.0043 -0.7765 -0.6301
vn 0.0132 -0.7501 -0.6612
vn 0.0136 -0.7160 -0.6980
vn 0.0056 -0.6938 -0.7202
vn -0.0101 -0.6989 -0.7152
vn -0.0144 -0.7280 -0.6855
vn -0.0108 -0.7616 -0.6480
vn -0.0014 -0.7815 -0.6239
vn 0.0024 -0.7797 -0.6261
vn 0.0119 -0.7570 -0.6533
vn 0.0142 -0.7229 -0.6908
vn 0.0090 -0.6959 -0.7181
vn -0.0082 -0.6950 -0.7189
vn -0.0141 -0.7208 -0.6930
vn -0.0123 -0.7550 -0.6556
vn -0.0029 -0.7789 -0.6272
vn 0.0011 -0.7821 -0.6231
vn 0.0102 -0.7634 -0.6459
vn -0.0062 -0.7443 -0.6678
vn -0.0543 -0.6550 -0.7537
vn -0.4623 -0.8134 -0.3531
vn -0.1786 -0.8414 -0.5100
vn -0.5126 -0.8399 -0.1785
vn 0.6576 -0.7534 -0.0000
vn 0.6351 -0.7712 -0.0438
vn 0.4198 -0.8785 -0.2281
vn -0.1284 -0.9291 -0.3469
vn -0.0430 -0.9721 -0.2305
vn 0.0066 -0.9764 -0.2158
vn 0.0640 -0.9656 -0.2519
vn 0.1443 -0.9072 -0.3952
vn 0.1373 -0.8173 -0.5596
vn -0.0659 -0.7555 -0.6519
vn -0.1404 -0.8227 -0.5509
vn -0.1415 -0.9123 -0.3842
vn -0.0588 -0.9674 -0.2462
vn -0.0036 -0.9765 -0.2156
vn 0.0474 -0.9710 -0.2344
vn 0.1329 -0.9240 -0.3585
vn 0.1466 -0.8360 -0.5288
vn 0.0795 -0.7624 -0.6422
vn -0.1288 -0.8049 -0.5793
vn -0.1496 -0.8943 -0.4217
vn -0.0773 -0.9604 -0.2677
vn -0.0137 -0.9762 -0.2167
vn 0.0337 -0.9742 -0.2234
vn 0.1172 -0.9387 -0.3243
vn 0.1519 -0.8555 -0.4951
vn 0.0978 -0.7744 -0.6251
vn -0.1144 -0.7887 -0.6041
vn -0.1531 -0.8751 -0.4591
vn -0.0976 -0.9508 -0.2940
vn -0.0234 -0.9755 -0.2188
vn 0.0234 -0.9755 -0.2188
vn 0.0976 -0.9508 -0.2940
vn 0.1531 -0.8751 -0.4591
vn 0.1144 -0.7887 -0.6041
vn -0.0978 -0.7744 -0.6251
vn -0.1519 -0.8555 -0.4951
vn -0.1172 -0.9387 -0.3243
vn -0.0337 -0.9742 -0.2234
vn 0.0137 -0.9762 -0.2167
vn 0.0773 -0.9604 -0.2677
vn 0.1496 -0.8943 -0.4217
vn 0.1288 -0.8049 -0.5793
vn -0.0795 -0.7624 -0.6422
vn -0.1466 -0.8360 -0.5288
vn -0.1329 -0.9240 -0.3585
vn -0.0474 -0.9710 -0.2344
vn 0.0036 -0.9765 -0.2156
vn 0.0588 -0.9674 -0.2462
vn 0.1415 -0.9123 -0.3842
vn 0.1404 -0.8227 -0.5509
vn 0.0659 -0.7555 -0.6519
vn -0.1373 -0.8173 -0.5596
vn -0.1443 -0.9072 -0.3952
vn -0.0640 -0.9656 -0.2519
vn -0.0066 -0.9764 -0.2158
vn 0.0430 -0.9721 -0.2305
vn 0.1284 -0.9291 -0.3469
vn -0.4198 -0.8785 -0.2281
vn -0.2267 -0.7892 -0.5708
vn -0.6351 -0.7712 -0.0438
vn 0.4805 -0.8769 0.0129
vn 0.0575 -0.9365 -0.3459
vn -0.1834 -0.9830 -0.0039
vn -0.1149 -0.9934 -0.0003
vn 0.0163 -0.9999 0.0033
vn 0.1832 -0.9830 -0.0151
vn 0.3845 -0.9150 -0.1219
vn 0.3720 -0.8964 -0.2411
vn 0.0592 -0.7533 -0.6550
vn -0.1736 -0.9414 -0.2891
vn -0.3791 -0.8949 -0.2354
vn -0.3777 -0.9190 -0.1133
vn -0.1689 -0.9855 -0.0124
vn -0.0088 -1.0000 0.0038
vn 0.1360 -0.9907 -0.0088
vn 0.3572 -0.9294 -0.0931
vn 0.3931 -0.8926 -0.2207
vn 0.2154 -0.9338 -0.2858
vn -0.0405 -0.7497 -0.6606
vn -0.3514 -0.9013 -0.2533
vn -0.3972 -0.9066 -0.1424
vn -0.2185 -0.9755 -0.0241
vn -0.0349 -0.9994 0.0015
vn 0.0950 -0.9955 -0.0057
vn 0.3188 -0.9455 -0.0660
vn 0.4045 -0.8931 -0.1970
vn 0.2688 -0.9221 -0.2785
vn -0.0135 -0.7469 -0.6648
vn -0.3144 -0.9108 -0.2677
vn -0.4060 -0.8978 -0.1707
vn -0.2700 -0.9619 -0.0425
vn -0.0626 -0.9980 -0.0021
vn 0.0626 -0.9980 -0.0021
vn 0.2700 -0.9619 -0.0425
vn 0.4060 -0.8978 -0.1707
vn 0.3144 -0.9108 -0.2677
vn 0.0135 -0.7469 -0.6648
vn -0.2688 -0.9221 -0.2785
vn -0.4045 -0.8931 -0.1970
vn -0.3188 -0.9455 -0.0660
vn -0.0950 -0.9955 -0.0057
vn 0.0349 -0.9994 0.0015
vn 0.2185 -0.9755 -0.0241
vn 0.3972 -0.9066 -0.1424
vn 0.3514 -0.9013 -0.2533
vn 0.0405 -0.7497 -0.6606
vn -0.2154 -0.9338 -0.2858
vn -0.3931 -0.8926 -0.2207
vn -0.3572 -0.9294 -0.0931
vn -0.1360 -0.9907 -0.0088
vn 0.0088 -1.0000 0.0038
vn 0.1689 -0.9855 -0.0124
vn 0.3777 -0.9190 -0.1133
vn 0.3791 -0.8949 -0.2354
vn 0.1736 -0.9414 -0.2891
vn -0.0592 -0.7533 -0.6550
vn -0.3720 -0.8964 -0.2411
vn -0.3845 -0.9150 -0.1219
vn -0.1832 -0.9830 -0.0151
vn -0.0163 -0.9999 0.0033
vn 0.1149 -0.9934 -0.0003
vn 0.1834 -0.9830 -0.0039
vn -0.0575 -0.9365 -0.3459
vn -0.4805 -0.8769 0.0129
vn -0.6678 -0.7443 0.0012
vn -0.6576 -0.7534 -0.0000
vn 0.6678 -0.7443 0.0012
vn 0.4295 -0.9025 0.0314
vn 0.0775 -0.9869 0.1412
vn 0.1379 -0.9901 0.0258
vn -0.1209 -0.9825 0.1417
vn -0.0549 -0.9982 0.0240
vn 0.1296 -0.9897 0.0611
vn 0.3524 -0.9082 0.2256
vn 0.3697 -0.8651 0.3390
vn 0.1561 -0.9099 0.3843
vn 0.1547 -0.9442 -0.2909
vn -0.1751 -0.9071 0.3827
vn -0.3760 -0.8643 0.3341
vn -0.3422 -0.9145 0.2157
vn -0.1168 -0.9917 0.0534
vn 0.0885 -0.9954 0.0372
vn 0.3129 -0.9305 0.1903
vn 0.3873 -0.8642 0.3212
vn 0.2174 -0.8993 0.3794
vn -0.1076 -0.9151 0.3886
vn -0.1065 -0.9493 -0.2958
vn -0.3509 -0.8686 0.3497
vn -0.3722 -0.8944 0.2479
vn -0.1621 -0.9834 0.0814
vn 0.0546 -0.9983 0.0197
vn 0.2640 -0.9525 0.1520
vn 0.3939 -0.8687 0.3003
vn 0.2709 -0.8877 0.3724
vn -0.0363 -0.9193 0.3920
vn -0.0359 -0.9534 -0.2995
vn -0.3158 -0.8769 0.3625
vn -0.3892 -0.8789 0.2760
vn -0.2120 -0.9705 0.1146
vn -0.0295 -0.9995 0.0098
vn 0.2120 -0.9705 0.1146
vn 0.3892 -0.8789 0.2760
vn 0.3158 -0.8769 0.3625
vn 0.0363 -0.9193 0.3920
vn 0.0359 -0.9534 -0.2995
vn -0.2709 -0.8877 0.3724
vn -0.3939 -0.8687 0.3003
vn -0.2640 -0.9525 0.1520
vn -0.0546 -0.9983 0.0197
vn 0.1621 -0.9834 0.0814
vn 0.3722 -0.8944 0.2479
vn 0.3509 -0.8686 0.3497
vn 0.1076 -0.9151 0.3886
vn 0.1065 -0.9493 -0.2958
vn -0.2174 -0.8993 0.3794
vn -0.3873 -0.8642 0.3212
vn -0.3129 -0.9305 0.1903
vn -0.0885 -0.9954 0.0372
vn 0.1168 -0.9917 0.0534
vn 0.3422 -0.9145 0.2157
vn 0.3760 -0.8643 0.3341
vn 0.1751 -0.9071 0.3827
vn -0.1561 -0.9099 0.3843
vn -0.1547 -0.9442 -0.2909
vn -0.3697 -0.8651 0.3390
vn -0.3524 -0.9082 0.2256
vn -0.1296 -0.9897 0.0611
vn 0.0549 -0.9982 0.0240
vn 0.1209 -0.9825 0.1417
vn -0.0775 -0.9869 0.1412
vn -0.1379 -0.9901 0.0258
vn -0.4295 -0.9025 0.0314
vn -0.6646 -0.7472 0.0013
vn 0.6646 -0.7472 0.0013
vn 0.3734 -0.9275 0.0160
vn 0.0125 -0.9965 0.0830
vn -0.0365 -0.9977 0.0580
vn -0.0015 -1.0000 0.0005
vn 0.0039 -1.0000 0.0013
vn 0.0134 -0.9999 0.0079
vn 0.1241 -0.9816 0.1453
vn 0.1947 -0.9123 0.3603
vn 0.0966 -0.8644 0.4934
vn -0.1074 -0.8658 0.4888
vn -0.1954 -0.9169 0.3481
vn -0.1163 -0.9843 0.1330
vn -0.0098 -0.9999 0.0049
vn -0.0019 -1.0000 0.0006
vn 0.0967 -0.9897 0.1054
vn 0.1938 -0.9283 0.3174
vn 0.1291 -0.8700 0.4759
vn -0.0666 -0.8620 0.5026
vn -0.1901 -0.9018 0.3882
vn -0.1420 -0.9740 0.1765
vn -0.0244 -0.9995 0.0185
vn -0.0117 -0.9999 0.0039
vn 0.0693 -0.9951 0.0704
vn 0.1833 -0.9449 0.2711
vn 0.1557 -0.8781 0.4525
vn -0.0225 -0.8601 0.5096
vn -0.1765 -0.8887 0.4232
vn -0.1647 -0.9608 0.2232
vn -0.0447 -0.9982 0.0408
vn 0.0295 -0.9995 0.0098
vn 0.0447 -0.9982 0.0408
vn 0.1647 -0.9608 0.2232
vn 0.1765 -0.8887 0.4232
vn 0.0225 -0.8601 0.5096
vn -0.1557 -0.8781 0.4525
vn -0.1833 -0.9449 0.2711
vn -0.0693 -0.9951 0.0704
vn -0.0001 -1.0000 -0.0000
vn 0.0117 -0.9999 0.0039
vn 0.0244 -0.9995 0.0185
vn 0.1420 -0.9740 0.1765
vn 0.1901 -0.9018 0.3882
vn 0.0666 -0.8620 0.5026
vn -0.1291 -0.8700 0.4759
vn -0.1938 -0.9283 0.3174
vn -0.0967 -0.9897 0.1054
vn -0.0037 -1.0000 0.0012
vn 0.0019 -1.0000 0.0006
vn 0.0098 -0.9999 0.0049
vn 0.1163 -0.9843 0.1330
vn 0.1954 -0.9169 0.3481
vn 0.1074 -0.8658 0.4888
vn -0.0966 -0.8644 0.4934
vn -0.1947 -0.9123 0.3603
vn -0.1241 -0.9816 0.1453
vn -0.0134 -0.9999 0.0079
vn -0.0039 -1.0000 0.0013
vn 0.0365 -0.9977 0.0580
vn -0.0125 -0.9965 0.0830
vn -0.3734 -0.9275 0.0160
vn -0.6616 -0.7499 0.0006
vn 0.6616 -0.7499 0.0006
vn 0.3556 -0.9346 0.0033
vn -0.0006 -0.9999 0.0143
vn -0.0005 -1.0000 0.0015
vn 0.0040 -0.9999 0.0120
vn 0.0294 -0.9952 0.0929
vn 0.0248 -0.9833 0.1802
vn -0.0269 -0.9839 0.1769
vn -0.0283 -0.9958 0.0865
vn -0.0031 -1.0000 0.0091
vn 0.0037 -1.0000 0.0012
vn 0.0012 -1.0000 0.0037
vn 0.0249 -0.9971 0.0716
vn 0.0296 -0.9856 0.1663
vn -0.0174 -0.9824 0.1857
vn -0.0315 -0.9936 0.1081
vn -0.0068 -0.9998 0.0203
vn 0.0001 -1.0000 -0.0000
vn 0.0187 -0.9985 0.0521
vn 0.0321 -0.9883 0.1489
vn -0.0060 -0.9817 0.1901
vn -0.0326 -0.9911 0.1291
vn -0.0122 -0.9993 0.0348
vn 0.0122 -0.9993 0.0348
vn 0.0326 -0.9911 0.1291
vn 0.0060 -0.9817 0.1901
vn -0.0321 -0.9883 0.1489
vn -0.0187 -0.9985 0.0521
vn -0.0000 -1.0000 0.0001
vn 0.0068 -0.9998 0.0203
vn 0.0315 -0.9936 0.1081
vn 0.0174 -0.9824 0.1857
vn -0.0296 -0.9856 0.1663
vn -0.0249 -0.9971 0.0716
vn -0.0012 -1.0000 0.0037
vn 0.0031 -1.0000 0.0091
vn 0.0283 -0.9958 0.0865
vn 0.0269 -0.9839 0.1769
vn -0.0248 -0.9833 0.1802
vn -0.0294 -0.9952 0.0929
vn -0.0040 -0.9999 0.0120
vn 0.0015 -1.0000 0.0005
vn 0.0005 -1.0000 0.0015
vn 0.0006 -0.9999 0.0143
vn -0.3556 -0.9346 0.0033
vn -0.6603 -0.7510 -0.0000
vn 0.6603 -0.7510 -0.0000
vn 0.3551 -0.9348 -0.0017
vn -0.0005 -1.0000 -0.0053
vn 0.0001 -1.0000 -0.0001
vn -0.0000 -1.0000 -0.0004
vn 0.0159 -0.9956 -0.0919
vn -0.0170 -0.9958 -0.0899
vn -0.0117 -0.9993 -0.0351
vn 0.0177 -0.9964 -0.0832
vn -0.0111 -0.9954 -0.0950
vn -0.0148 -0.9988 -0.0475
vn -0.0008 -1.0000 -0.0024
vn 0.0178 -0.9972 -0.0724
vn -0.0038 -0.9952 -0.0975
vn -0.0029 -1.0000 -0.0081
vn 0.0029 -1.0000 -0.0081
vn 0.0038 -0.9952 -0.0975
vn -0.0178 -0.9972 -0.0724
vn -0.0056 -0.9998 -0.0168
vn 0.0008 -1.0000 -0.0024
vn 0.0111 -0.9954 -0.0950
vn -0.0177 -0.9964 -0.0832
vn -0.0091 -0.9996 -0.0271
vn 0.0170 -0.9958 -0.0899
vn -0.0159 -0.9956 -0.0919
vn -0.0128 -0.9992 -0.0386
vn -0.0001 -1.0000 -0.0001
vn 0.0005 -1.0000 -0.0052
vn -0.3552 -0.9348 -0.0017
vn 0.6610 -0.7504 -0.0003
vn 0.3624 -0.9320 -0.0097
vn -0.0169 -0.9994 -0.0315
vn 0.0632 -0.9942 -0.0871
vn 0.0128 -0.9992 -0.0386
vn 0.1294 -0.9557 -0.2643
vn -0.0821 -0.9179 -0.3882
vn -0.1279 -0.9590 -0.2530
vn -0.0574 -0.9953 -0.0782
vn 0.0435 -0.9974 -0.0578
vn 0.0091 -0.9996 -0.0271
vn 0.1220 -0.9666 -0.2253
vn 0.0968 -0.9219 -0.3751
vn -0.1303 -0.9481 -0.2901
vn -0.0774 -0.9909 -0.1105
vn -0.0031 -1.0000 -0.0029
vn 0.0260 -0.9991 -0.0328
vn 0.0056 -0.9998 -0.0168
vn 0.1104 -0.9764 -0.1856
vn 0.1138 -0.9291 -0.3518
vn -0.1253 -0.9380 -0.3232
vn -0.0167 -0.9980 -0.0602
vn -0.0954 -0.9846 -0.1468
vn -0.0121 -0.9998 -0.0141
vn 0.0121 -0.9998 -0.0141
vn 0.0954 -0.9846 -0.1468
vn 0.0167 -0.9980 -0.0602
vn 0.1253 -0.9380 -0.3232
vn -0.1138 -0.9291 -0.3518
vn -0.1104 -0.9764 -0.1856
vn -0.0260 -0.9991 -0.0328
vn 0.0031 -1.0000 -0.0029
vn 0.0774 -0.9909 -0.1105
vn 0.0148 -0.9988 -0.0475
vn 0.1303 -0.9481 -0.2901
vn -0.0968 -0.9219 -0.3751
vn -0.1220 -0.9666 -0.2253
vn -0.0435 -0.9974 -0.0578
vn 0.0574 -0.9953 -0.0782
vn 0.0117 -0.9993 -0.0351
vn 0.1279 -0.9590 -0.2530
vn 0.0821 -0.9179 -0.3882
vn -0.1294 -0.9557 -0.2643
vn -0.0632 -0.9942 -0.0871
vn -0.0004 -1.0000 -0.0000
vn 0.0169 -0.9994 -0.0315
vn -0.3624 -0.9320 -0.0097
vn -0.6610 -0.7504 -0.0003
vn 0.6635 -0.7482 -0.0011
vn 0.4077 -0.9127 -0.0284
vn 0.0057 -0.9986 -0.0533
vn -0.0901 -0.9889 -0.1181
vn -0.0309 -0.9994 -0.0144
vn 0.0004 -1.0000 -0.0000
vn 0.0837 -0.9952 -0.0501
vn 0.2824 -0.9231 -0.2608
vn 0.3163 -0.8239 -0.4703
vn 0.0742 -0.9166 -0.3928
vn -0.1532 -0.7978 -0.5832
vn -0.3215 -0.8277 -0.4599
vn -0.2711 -0.9309 -0.2448
vn -0.0736 -0.9964 -0.0416
vn 0.0519 -0.9984 -0.0244
vn 0.2418 -0.9481 -0.2066
vn 0.3306 -0.8384 -0.4334
vn 0.1880 -0.7990 -0.5711
vn -0.0514 -0.9144 -0.4016
vn -0.3004 -0.8159 -0.4940
vn -0.3054 -0.9044 -0.2981
vn -0.1100 -0.9912 -0.0733
vn -0.0020 -1.0000 -0.0008
vn 0.0274 -0.9996 -0.0096
vn 0.1972 -0.9678 -0.1564
vn 0.3342 -0.8569 -0.3925
vn 0.2326 -0.8022 -0.5499
vn -0.0174 -0.9126 -0.4084
vn -0.2704 -0.8076 -0.5240
vn -0.3262 -0.8792 -0.3474
vn -0.1519 -0.9820 -0.1121
vn -0.0114 -0.9999 -0.0038
vn 0.0114 -0.9999 -0.0038
vn 0.1519 -0.9820 -0.1121
vn 0.3262 -0.8792 -0.3474
vn 0.2704 -0.8076 -0.5240
vn 0.0174 -0.9126 -0.4084
vn -0.2326 -0.8022 -0.5499
vn -0.3342 -0.8569 -0.3925
vn -0.1972 -0.9678 -0.1564
vn -0.0274 -0.9996 -0.0096
vn 0.0020 -1.0000 -0.0008
vn 0.1100 -0.9912 -0.0733
vn 0.3054 -0.9044 -0.2981
vn 0.3004 -0.8159 -0.4940
vn 0.0514 -0.9144 -0.4016
vn -0.1880 -0.7990 -0.5711
vn -0.3306 -0.8384 -0.4334
vn -0.2418 -0.9481 -0.2066
vn -0.0519 -0.9984 -0.0244
vn 0.0736 -0.9964 -0.0416
vn 0.2711 -0.9309 -0.2448
vn 0.3215 -0.8277 -0.4599
vn 0.1532 -0.7978 -0.5832
vn -0.0742 -0.9166 -0.3928
vn -0.3163 -0.8239 -0.4703
vn -0.2824 -0.9231 -0.2608
vn -0.0837 -0.9952 -0.0501
vn 0.0309 -0.9994 -0.0144
vn 0.0901 -0.9889 -0.1181
vn -0.0057 -0.9986 -0.0533
vn -0.4077 -0.9127 -0.0284
vn -0.6635 -0.7482 -0.0011
vn 0.6668 -0.7452 -0.0013
vn 0.4731 -0.8805 -0.0300
vn 0.0511 -0.9899 -0.1325
vn -0.1625 -0.9763 -0.1430
vn -0.1159 -0.9924 -0.0420
vn 0.0209 -0.9997 -0.0100
vn 0.2386 -0.9666 -0.0938
vn 0.4868 -0.8335 -0.2613
vn 0.4633 -0.7908 -0.3999
vn 0.1370 -0.7975 -0.5876
vn -0.2200 -0.8408 -0.4947
vn -0.4721 -0.7896 -0.3920
vn -0.4791 -0.8409 -0.2517
vn -0.2201 -0.9719 -0.0831
vn -0.0114 -0.9999 -0.0092
vn 0.1776 -0.9823 -0.0602
vn 0.4557 -0.8604 -0.2281
vn 0.4894 -0.7885 -0.3725
vn 0.2721 -0.8318 -0.4839
vn -0.0944 -0.7971 -0.5964
vn -0.4383 -0.7955 -0.4184
vn -0.5002 -0.8181 -0.2837
vn -0.2843 -0.9512 -0.1202
vn -0.0435 -0.9990 -0.0137
vn 0.1236 -0.9917 -0.0356
vn 0.4094 -0.8917 -0.1931
vn 0.5045 -0.7919 -0.3440
vn 0.3379 -0.8182 -0.4651
vn -0.0318 -0.7969 -0.6033
vn -0.3935 -0.8055 -0.4430
vn -0.5083 -0.8017 -0.3144
vn -0.3492 -0.9238 -0.1567
vn -0.0787 -0.9967 -0.0214
vn 0.0787 -0.9967 -0.0214
vn 0.3492 -0.9238 -0.1567
vn 0.5083 -0.8017 -0.3144
vn 0.3935 -0.8055 -0.4430
vn 0.0318 -0.7969 -0.6033
vn -0.3379 -0.8182 -0.4651
vn -0.5045 -0.7919 -0.3440
vn -0.4094 -0.8917 -0.1931
vn -0.1236 -0.9917 -0.0356
vn 0.0435 -0.9990 -0.0137
vn 0.2843 -0.9512 -0.1202
vn 0.5002 -0.8181 -0.2837
vn 0.4383 -0.7955 -0.4184
vn 0.0944 -0.7971 -0.5964
vn -0.2721 -0.8318 -0.4839
vn -0.4894 -0.7885 -0.3725
vn -0.4557 -0.8604 -0.2281
vn -0.1776 -0.9823 -0.0602
vn 0.0114 -0.9999 -0.0092
vn 0.2201 -0.9719 -0.0831
vn 0.4791 -0.8409 -0.2517
vn 0.4721 -0.7896 -0.3920
vn 0.2200 -0.8408 -0.4947
vn -0.1370 -0.7975 -0.5876
vn -0.4633 -0.7908 -0.3999
vn -0.4868 -0.8335 -0.2613
vn -0.2386 -0.9666 -0.0938
vn -0.0209 -0.9997 -0.0100
vn 0.1159 -0.9924 -0.0420
vn 0.1625 -0.9763 -0.1430
vn -0.0511 -0.9899 -0.1325
vn -0.4731 -0.8805 -0.0300
vn -0.6668 -0.7452 -0.0013
vn 0.6690 -0.7433 -0.0005
vn 0.5135 -0.8581 -0.0095
vn 0.1280 -0.9839 -0.1244
vn -0.1803 -0.9829 -0.0375
vn -0.1796 -0.9836 -0.0179
vn 0.0405 -0.9991 -0.0086
vn 0.3367 -0.9411 -0.0328
vn 0.5850 -0.8082 -0.0679
vn 0.5524 -0.8275 -0.1007
vn 0.1965 -0.8442 -0.4988
vn -0.2618 -0.9572 -0.1236
vn -0.5623 -0.8211 -0.0987
vn -0.5782 -0.8132 -0.0659
vn -0.3157 -0.9484 -0.0303
vn -0.0219 -0.9997 -0.0086
vn 0.2664 -0.9636 -0.0242
vn 0.5571 -0.8282 -0.0610
vn 0.5814 -0.8082 -0.0937
vn 0.3256 -0.9377 -0.1214
vn -0.1357 -0.8511 -0.5071
vn -0.5241 -0.8451 -0.1055
vn -0.5968 -0.7991 -0.0727
vn -0.3871 -0.9212 -0.0387
vn -0.0826 -0.9965 -0.0088
vn 0.1997 -0.9797 -0.0156
vn 0.5150 -0.8555 -0.0540
vn 0.5981 -0.7967 -0.0866
vn 0.4057 -0.9065 -0.1172
vn -0.0458 -0.8568 -0.5136
vn -0.4721 -0.8744 -0.1118
vn -0.6032 -0.7936 -0.0796
vn -0.4570 -0.8882 -0.0466
vn -0.1393 -0.9902 -0.0098
vn 0.1393 -0.9902 -0.0098
vn 0.4570 -0.8882 -0.0466
vn 0.6032 -0.7936 -0.0796
vn 0.4721 -0.8744 -0.1118
vn 0.0458 -0.8568 -0.5136
vn -0.4057 -0.9065 -0.1172
vn -0.5981 -0.7967 -0.0866
vn -0.5150 -0.8555 -0.0540
vn -0.1997 -0.9797 -0.0156
vn 0.0826 -0.9965 -0.0088
vn 0.3871 -0.9212 -0.0387
vn 0.5968 -0.7991 -0.0727
vn 0.5241 -0.8451 -0.1055
vn 0.1357 -0.8511 -0.5071
vn -0.3256 -0.9377 -0.1214
vn -0.5814 -0.8082 -0.0937
vn -0.5571 -0.8282 -0.0610
vn -0.2664 -0.9636 -0.0242
vn 0.0219 -0.9997 -0.0086
vn 0.3157 -0.9484 -0.0303
vn 0.5782 -0.8132 -0.0659
vn 0.5623 -0.8211 -0.0987
vn 0.2618 -0.9572 -0.1236
vn -0.1965 -0.8442 -0.4988
vn -0.5524 -0.8275 -0.1007
vn -0.5850 -0.8082 -0.0679
vn -0.3367 -0.9411 -0.0328
vn -0.0405 -0.9991 -0.0086
vn 0.1796 -0.9836 -0.0179
vn 0.1803 -0.9829 -0.0375
vn -0.1280 -0.9839 -0.1244
vn -0.5135 -0.8581 -0.0095
vn -0.6690 -0.7433 -0.0005
vn 0.4995 -0.8660 0.0233
vn 0.1538 -0.9844 0.0860
vn 0.1682 -0.9853 -0.0310
vn -0.1750 -0.9792 0.1026
vn -0.1564 -0.9869 0.0402
vn 0.3021 -0.9499 0.0803
vn 0.5498 -0.8147 0.1842
vn 0.5186 -0.8090 0.2768
vn 0.2196 -0.9122 0.3460
vn 0.2333 -0.9644 -0.1245
vn -0.2463 -0.9064 0.3432
vn -0.5281 -0.8047 0.2712
vn -0.5429 -0.8207 0.1782
vn -0.2820 -0.9566 0.0732
vn 0.2347 -0.9705 0.0560
vn 0.5214 -0.8375 0.1637
vn 0.5467 -0.7967 0.2576
vn 0.3056 -0.8909 0.3360
vn -0.1518 -0.9236 0.3520
vn -0.1611 -0.9788 -0.1267
vn -0.4914 -0.8212 0.2900
vn -0.5618 -0.8031 0.1983
vn -0.3509 -0.9313 0.0972
vn 0.1718 -0.9846 0.0339
vn 0.4783 -0.8666 0.1425
vn 0.5632 -0.7913 0.2379
vn 0.3801 -0.8667 0.3231
vn -0.0512 -0.9328 0.3566
vn -0.0543 -0.9902 -0.1283
vn -0.4422 -0.8426 0.3075
vn -0.5684 -0.7933 0.2182
vn -0.4192 -0.8999 0.1202
vn -0.1173 -0.9929 0.0216
vn 0.4192 -0.8999 0.1202
vn 0.5684 -0.7933 0.2182
vn 0.4422 -0.8426 0.3075
vn 0.0512 -0.9328 0.3566
vn 0.0543 -0.9902 -0.1283
vn -0.3801 -0.8667 0.3231
vn -0.5632 -0.7913 0.2379
vn -0.4783 -0.8666 0.1425
vn -0.1718 -0.9846 0.0339
vn 0.3509 -0.9313 0.0972
vn 0.5618 -0.8031 0.1983
vn 0.4914 -0.8212 0.2900
vn 0.1518 -0.9236 0.3520
vn 0.1611 -0.9788 -0.1267
vn -0.3056 -0.8909 0.3360
vn -0.5467 -0.7967 0.2576
vn -0.5214 -0.8375 0.1637
vn -0.2347 -0.9705 0.0560
vn 0.2820 -0.9566 0.0732
vn 0.5429 -0.8207 0.1782
vn 0.5281 -0.8047 0.2712
vn 0.2463 -0.9064 0.3432
vn -0.2196 -0.9122 0.3460
vn -0.2333 -0.9644 -0.1245
vn -0.5186 -0.8090 0.2768
vn -0.5498 -0.8147 0.1842
vn -0.3021 -0.9499 0.0803
vn 0.1564 -0.9869 0.0402
vn 0.1750 -0.9792 0.1026
vn -0.1538 -0.9844 0.0860
vn -0.1682 -0.9853 -0.0310
vn -0.4995 -0.8660 0.0233
vn -0.6682 -0.7439 0.0011
vn 0.6682 -0.7439 0.0011
vn 0.4407 -0.8971 0.0319
vn 0.0910 -0.9858 0.1412
vn -0.1336 -0.9797 0.1493
vn -0.0702 -0.9970 0.0323
vn 0.0330 -0.9993 0.0159
vn 0.1595 -0.9839 0.0804
vn 0.3976 -0.8699 0.2918
vn 0.3945 -0.7920 0.4660
vn 0.1671 -0.7997 0.5766
vn -0.1871 -0.7985 0.5722
vn -0.4020 -0.7936 0.4567
vn -0.3884 -0.8783 0.2789
vn -0.1446 -0.9870 0.0702
vn -0.0179 -0.9997 0.0160
vn 0.1113 -0.9926 0.0486
vn 0.3609 -0.8994 0.2467
vn 0.4163 -0.7991 0.4337
vn 0.2308 -0.7955 0.5603
vn -0.1152 -0.8024 0.5856
vn -0.3730 -0.7896 0.4873
vn -0.4147 -0.8512 0.3217
vn -0.1971 -0.9745 0.1076
vn -0.0681 -0.9975 0.0171
vn 0.0709 -0.9971 0.0260
vn 0.3108 -0.9294 0.1992
vn 0.4275 -0.8112 0.3989
vn 0.2866 -0.7916 0.5396
vn -0.0388 -0.8046 0.5925
vn -0.3343 -0.7893 0.5151
vn -0.4273 -0.8286 0.3616
vn -0.2541 -0.9552 0.1517
vn -0.0404 -0.9991 0.0134
vn 0.1173 -0.9929 0.0216
vn 0.2541 -0.9552 0.1517
vn 0.4273 -0.8286 0.3616
vn 0.3343 -0.7893 0.5151
vn 0.0388 -0.8046 0.5925
vn -0.2866 -0.7916 0.5396
vn -0.4275 -0.8112 0.3989
vn -0.3108 -0.9294 0.1992
vn -0.0709 -0.9971 0.0260
vn 0.0681 -0.9975 0.0171
vn 0.1971 -0.9745 0.1076
vn 0.4147 -0.8512 0.3217
vn 0.3730 -0.7896 0.4873
vn 0.1152 -0.8024 0.5856
vn -0.2308 -0.7955 0.5603
vn -0.4163 -0.7991 0.4337
vn -0.3609 -0.8994 0.2467
vn -0.1113 -0.9926 0.0486
vn 0.0179 -0.9997 0.0160
vn 0.1446 -0.9870 0.0702
vn 0.3884 -0.8783 0.2789
vn 0.4020 -0.7936 0.4567
vn 0.1871 -0.7985 0.5722
vn -0.1671 -0.7997 0.5766
vn -0.3945 -0.7920 0.4660
vn -0.3976 -0.8699 0.2918
vn -0.1595 -0.9839 0.0804
vn -0.0330 -0.9993 0.0159
vn 0.0702 -0.9970 0.0323
vn 0.1336 -0.9797 0.1493
vn -0.0910 -0.9858 0.1412
vn -0.4407 -0.8971 0.0319
vn -0.6651 -0.7467 0.0013
vn 0.6651 -0.7467 0.0013
vn 0.3804 -0.9246 0.0196
vn 0.0193 -0.9950 0.0983
vn -0.0484 -0.9962 0.0728
vn -0.0054 -1.0000 0.0018
vn 0.0081 -1.0000 0.0027
vn 0.0264 -0.9995 0.0160
vn 0.1593 -0.9713 0.1769
vn 0.2273 -0.8871 0.4018
vn 0.1070 -0.8411 0.5303
vn -0.1192 -0.8423 0.5257
vn -0.2292 -0.8919 0.3897
vn -0.1505 -0.9751 0.1632
vn -0.0211 -0.9997 0.0114
vn -0.0044 -1.0000 0.0018
vn 0.0109 -0.9999 0.0041
vn 0.1285 -0.9829 0.1319
vn 0.2302 -0.9045 0.3590
vn 0.1444 -0.8461 0.5132
vn -0.0737 -0.8389 0.5392
vn -0.2195 -0.8764 0.4287
vn -0.1795 -0.9608 0.2111
vn -0.0415 -0.9987 0.0302
vn -0.0187 -0.9998 0.0062
vn 0.0968 -0.9910 0.0922
vn 0.2229 -0.9237 0.3116
vn 0.1759 -0.8535 0.4905
vn -0.0248 -0.8373 0.5462
vn -0.2014 -0.8635 0.4623
vn -0.2048 -0.9432 0.2615
vn -0.0673 -0.9961 0.0578
vn 0.0404 -0.9991 0.0134
vn 0.0673 -0.9961 0.0578
vn 0.2048 -0.9432 0.2615
vn 0.2014 -0.8635 0.4623
vn 0.0248 -0.8373 0.5462
vn -0.1759 -0.8535 0.4905
vn -0.2229 -0.9237 0.3116
vn -0.0968 -0.9910 0.0922
vn -0.0026 -1.0000 0.0009
vn 0.0187 -0.9998 0.0062
vn 0.0415 -0.9987 0.0302
vn 0.1795 -0.9608 0.2111
vn 0.2195 -0.8764 0.4287
vn 0.0737 -0.8389 0.5392
vn -0.1444 -0.8461 0.5132
vn -0.2302 -0.9045 0.3590
vn -0.1285 -0.9829 0.1319
vn -0.0109 -0.9999 0.0041
vn 0.0044 -1.0000 0.0018
vn 0.0211 -0.9997 0.0114
vn 0.1505 -0.9751 0.1632
vn 0.2292 -0.8919 0.3897
vn 0.1192 -0.8423 0.5257
vn -0.1070 -0.8411 0.5303
vn -0.2273 -0.8871 0.4018
vn -0.1593 -0.9713 0.1769
vn -0.0264 -0.9995 0.0160
vn -0.0081 -1.0000 0.0027
vn 0.0484 -0.9962 0.0728
vn -0.0193 -0.9950 0.0983
vn -0.3804 -0.9246 0.0196
vn -0.6620 -0.7495 0.0008
vn 0.6620 -0.7495 0.0008
vn 0.3557 -0.9346 0.0043
vn 0.0003 -0.9998 0.0211
vn -0.0018 -1.0000 0.0054
vn 0.0091 -0.9997 0.0240
vn 0.0461 -0.9906 0.1291
vn 0.0369 -0.9724 0.2302
vn -0.0401 -0.9732 0.2264
vn -0.0448 -0.9916 0.1215
vn -0.0072 -0.9998 0.0196
vn 0.0036 -0.9999 0.0107
vn 0.0408 -0.9938 0.1032
vn 0.0446 -0.9757 0.2147
vn -0.0259 -0.9712 0.2367
vn -0.0484 -0.9879 0.1473
vn -0.0146 -0.9992 0.0360
vn 0.0026 -1.0000 0.0009
vn 0.0009 -1.0000 0.0026
vn 0.0332 -0.9964 0.0783
vn 0.0482 -0.9796 0.1949
vn -0.0089 -0.9703 0.2417
vn -0.0495 -0.9838 0.1721
vn -0.0239 -0.9982 0.0558
vn 0.0239 -0.9982 0.0558
vn 0.0495 -0.9838 0.1721
vn 0.0089 -0.9703 0.2417
vn -0.0482 -0.9796 0.1949
vn -0.0332 -0.9964 0.0783
vn -0.0009 -1.0000 0.0026
vn 0.0146 -0.9992 0.0360
vn 0.0484 -0.9879 0.1473
vn 0.0259 -0.9712 0.2367
vn -0.0446 -0.9757 0.2147
vn -0.0408 -0.9938 0.1032
vn -0.0036 -0.9999 0.0107
vn 0.0072 -0.9998 0.0196
vn 0.0448 -0.9916 0.1215
vn 0.0401 -0.9732 0.2264
vn -0.0369 -0.9724 0.2302
vn -0.0461 -0.9906 0.1291
vn -0.0091 -0.9997 0.0240
vn 0.0054 -1.0000 0.0018
vn 0.0018 -1.0000 0.0054
vn -0.0002 -0.9998 0.0210
vn -0.3557 -0.9346 0.0042
vn -0.6604 -0.7509 0.0001
vn 0.6604 -0.7509 0.0001
vn 0.3550 -0.9349 -0.0009
vn -0.0003 -1.0000 -0.0024
vn 0.0073 -0.9998 -0.0194
vn 0.0155 -0.9988 -0.0467
vn -0.0165 -0.9988 -0.0456
vn -0.0063 -0.9998 -0.0175
vn 0.0166 -0.9990 -0.0419
vn -0.0110 -0.9988 -0.0484
vn -0.0099 -0.9997 -0.0237
vn 0.0154 -0.9992 -0.0360
vn -0.0038 -0.9988 -0.0496
vn -0.0131 -0.9995 -0.0298
vn -0.0006 -1.0000 -0.0017
vn 0.0131 -0.9995 -0.0298
vn 0.0038 -0.9988 -0.0496
vn -0.0154 -0.9992 -0.0360
vn -0.0021 -1.0000 -0.0062
vn 0.0099 -0.9997 -0.0237
vn 0.0110 -0.9988 -0.0484
vn -0.0166 -0.9990 -0.0419
vn -0.0043 -0.9999 -0.0127
vn 0.0063 -0.9998 -0.0175
vn 0.0165 -0.9988 -0.0456
vn -0.0155 -0.9988 -0.0467
vn -0.0073 -0.9998 -0.0194
vn 0.0004 -1.0000 -0.0024
vn -0.3550 -0.9348 -0.0008
vn 0.6607 -0.7506 -0.0002
vn 0.3588 -0.9334 -0.0073
vn -0.0097 -0.9997 -0.0206
vn 0.0393 -0.9973 -0.0624
vn 0.0969 -0.9716 -0.2159
vn -0.0684 -0.9403 -0.3333
vn -0.0952 -0.9740 -0.2057
vn -0.0346 -0.9979 -0.0548
vn 0.0241 -0.9990 -0.0380
vn 0.0043 -0.9999 -0.0127
vn 0.0900 -0.9794 -0.1810
vn 0.0797 -0.9439 -0.3206
vn -0.0997 -0.9657 -0.2397
vn -0.0509 -0.9954 -0.0817
vn -0.0000 -1.0000 -0.0002
vn 0.0118 -0.9998 -0.0186
vn 0.0021 -1.0000 -0.0062
vn 0.0797 -0.9861 -0.1460
vn 0.0920 -0.9501 -0.2982
vn -0.0990 -0.9575 -0.2710
vn -0.0665 -0.9914 -0.1124
vn -0.0034 -1.0000 -0.0056
vn 0.0034 -1.0000 -0.0056
vn 0.0006 -1.0000 -0.0017
vn 0.0665 -0.9914 -0.1124
vn 0.0990 -0.9575 -0.2710
vn -0.0920 -0.9501 -0.2982
vn -0.0797 -0.9861 -0.1460
vn -0.0118 -0.9998 -0.0186
vn -0.0000 -1.0000 -0.0001
vn 0.0509 -0.9954 -0.0817
vn 0.0997 -0.9657 -0.2397
vn -0.0797 -0.9439 -0.3206
vn -0.0900 -0.9794 -0.1810
vn -0.0241 -0.9990 -0.0380
vn 0.0346 -0.9979 -0.0548
vn 0.0952 -0.9740 -0.2057
vn 0.0684 -0.9403 -0.3333
vn -0.0969 -0.9716 -0.2159
vn -0.0393 -0.9973 -0.0624
vn 0.0097 -0.9997 -0.0206
vn -0.3588 -0.9334 -0.0073
vn -0.6607 -0.7506 -0.0002
vn 0.6629 -0.7487 -0.0010
vn 0.3976 -0.9172 -0.0260
vn 0.0035 -0.9992 -0.0405
vn -0.0754 -0.9918 -0.1034
vn -0.0204 -0.9998 -0.0089
vn 0.0623 -0.9973 -0.0377
vn 0.2396 -0.9418 -0.2357
vn 0.2880 -0.8419 -0.4564
vn 0.0620 -0.9392 -0.3377
vn -0.1420 -0.8077 -0.5722
vn -0.2923 -0.8463 -0.4454
vn -0.2289 -0.9483 -0.2200
vn -0.0538 -0.9981 -0.0303
vn 0.0356 -0.9992 -0.0162
vn 0.2017 -0.9621 -0.1836
vn 0.2989 -0.8580 -0.4176
vn 0.1737 -0.8100 -0.5601
vn -0.0431 -0.9373 -0.3458
vn -0.2746 -0.8326 -0.4810
vn -0.2635 -0.9249 -0.2742
vn -0.0847 -0.9947 -0.0587
vn -0.0002 -1.0000 -0.0000
vn 0.0167 -0.9998 -0.0055
vn 0.1609 -0.9775 -0.1364
vn 0.2992 -0.8777 -0.3744
vn 0.2141 -0.8150 -0.5385
vn -0.0146 -0.9359 -0.3520
vn -0.2481 -0.8223 -0.5121
vn -0.2877 -0.9003 -0.3265
vn -0.1208 -0.9881 -0.0948
vn -0.0051 -1.0000 -0.0017
vn 0.0051 -1.0000 -0.0017
vn 0.1208 -0.9881 -0.0948
vn 0.2877 -0.9003 -0.3265
vn 0.2481 -0.8223 -0.5121
vn 0.0146 -0.9359 -0.3520
vn -0.2141 -0.8150 -0.5385
vn -0.2992 -0.8777 -0.3744
vn -0.1609 -0.9775 -0.1364
vn -0.0167 -0.9998 -0.0055
vn 0.0847 -0.9947 -0.0587
vn 0.2635 -0.9249 -0.2742
vn 0.2746 -0.8326 -0.4810
vn 0.0431 -0.9373 -0.3458
vn -0.1737 -0.8100 -0.5601
vn -0.2989 -0.8580 -0.4176
vn -0.2017 -0.9621 -0.1836
vn -0.0356 -0.9992 -0.0162
vn 0.0538 -0.9981 -0.0303
vn 0.2289 -0.9483 -0.2200
vn 0.2923 -0.8463 -0.4454
vn 0.1420 -0.8077 -0.5722
vn -0.0620 -0.9392 -0.3377
vn -0.2880 -0.8419 -0.4564
vn -0.2396 -0.9418 -0.2357
vn -0.0623 -0.9973 -0.0377
vn 0.0204 -0.9998 -0.0089
vn 0.0754 -0.9918 -0.1034
vn -0.0035 -0.9992 -0.0405
vn -0.3976 -0.9172 -0.0260
vn -0.6629 -0.7487 -0.0010
vn 0.6663 -0.7457 -0.0013
vn 0.4627 -0.8860 -0.0312
vn 0.0390 -0.9915 -0.1239
vn -0.1550 -0.9766 -0.1493
vn -0.1007 -0.9941 -0.0400
vn 0.0169 -0.9998 -0.0072
vn 0.2130 -0.9728 -0.0915
vn 0.4599 -0.8435 -0.2774
vn 0.4415 -0.7883 -0.4285
vn 0.1271 -0.8071 -0.5766
vn -0.2094 -0.8228 -0.5284
vn -0.4500 -0.7881 -0.4200
vn -0.4518 -0.8513 -0.2667
vn -0.1955 -0.9774 -0.0807
vn -0.0092 -0.9999 -0.0063
vn 0.1558 -0.9861 -0.0580
vn 0.4273 -0.8716 -0.2402
vn 0.4665 -0.7893 -0.3992
vn 0.2587 -0.8160 -0.5170
vn -0.0875 -0.8060 -0.5855
vn -0.4175 -0.7905 -0.4481
vn -0.4743 -0.8268 -0.3023
vn -0.2567 -0.9591 -0.1197
vn -0.0349 -0.9993 -0.0115
vn 0.1059 -0.9938 -0.0338
vn 0.3793 -0.9032 -0.2007
vn 0.4807 -0.7958 -0.3684
vn 0.3214 -0.8059 -0.4972
vn -0.0294 -0.8052 -0.5923
vn -0.3745 -0.7969 -0.4740
vn -0.4835 -0.8082 -0.3362
vn -0.3198 -0.9338 -0.1602
vn -0.0653 -0.9977 -0.0196
vn 0.0653 -0.9977 -0.0196
vn 0.3198 -0.9338 -0.1602
vn 0.4835 -0.8082 -0.3362
vn 0.3745 -0.7969 -0.4740
vn 0.0294 -0.8052 -0.5923
vn -0.3214 -0.8059 -0.4972
vn -0.4807 -0.7958 -0.3684
vn -0.3793 -0.9032 -0.2007
vn -0.1059 -0.9938 -0.0338
vn 0.0349 -0.9993 -0.0115
vn 0.2567 -0.9591 -0.1197
vn 0.4743 -0.8268 -0.3023
vn 0.4175 -0.7905 -0.4481
vn 0.0875 -0.8060 -0.5855
vn -0.2587 -0.8160 -0.5170
vn -0.4665 -0.7893 -0.3992
vn -0.4273 -0.8716 -0.2402
vn -0.1558 -0.9861 -0.0580
vn 0.0092 -0.9999 -0.0063
vn 0.1955 -0.9774 -0.0807
vn 0.4518 -0.8513 -0.2667
vn 0.4500 -0.7881 -0.4200
vn 0.2094 -0.8228 -0.5284
vn -0.1271 -0.8071 -0.5766
vn -0.4415 -0.7883 -0.4285
vn -0.4599 -0.8435 -0.2774
vn -0.2130 -0.9728 -0.0915
vn -0.0169 -0.9998 -0.0072
vn 0.1007 -0.9941 -0.0400
vn 0.1550 -0.9766 -0.1493
vn -0.0390 -0.9915 -0.1239
vn -0.4627 -0.8860 -0.0312
vn -0.6663 -0.7457 -0.0013
vn 0.6689 -0.7434 -0.0008
vn 0.5110 -0.8595 -0.0157
vn 0.1166 -0.9843 -0.1326
vn -0.1780 -0.9821 -0.0615
vn -0.1747 -0.9842 -0.0288
vn 0.0392 -0.9991 -0.0138
vn 0.3291 -0.9428 -0.0535
vn 0.5765 -0.8094 -0.1118
vn 0.5441 -0.8226 -0.1654
vn 0.1870 -0.8254 -0.5327
vn -0.2575 -0.9447 -0.2030
vn -0.5538 -0.8167 -0.1621
vn -0.5697 -0.8146 -0.1085
vn -0.3084 -0.9500 -0.0493
vn -0.0212 -0.9997 -0.0138
vn 0.2598 -0.9649 -0.0392
vn 0.5486 -0.8300 -0.1005
vn 0.5729 -0.8050 -0.1541
vn 0.3203 -0.9261 -0.1993
vn -0.1291 -0.8308 -0.5414
vn -0.5160 -0.8389 -0.1732
vn -0.5883 -0.7997 -0.1198
vn -0.3789 -0.9233 -0.0633
vn -0.0799 -0.9967 -0.0141
vn 0.1942 -0.9807 -0.0249
vn 0.5063 -0.8577 -0.0888
vn 0.5896 -0.7950 -0.1426
vn 0.3992 -0.8965 -0.1923
vn -0.0436 -0.8353 -0.5481
vn -0.4646 -0.8663 -0.1834
vn -0.5948 -0.7931 -0.1311
vn -0.4482 -0.8907 -0.0765
vn -0.1355 -0.9906 -0.0161
vn 0.1355 -0.9906 -0.0161
vn 0.4482 -0.8907 -0.0765
vn 0.5948 -0.7931 -0.1311
vn 0.4646 -0.8663 -0.1834
vn 0.0436 -0.8353 -0.5481
vn -0.3992 -0.8965 -0.1923
vn -0.5896 -0.7950 -0.1426
vn -0.5063 -0.8577 -0.0888
vn -0.1942 -0.9807 -0.0249
vn 0.0799 -0.9967 -0.0141
vn 0.3789 -0.9233 -0.0633
vn 0.5883 -0.7997 -0.1198
vn 0.5160 -0.8389 -0.1732
vn 0.1291 -0.8308 -0.5414
vn -0.3203 -0.9261 -0.1993
vn -0.5729 -0.8050 -0.1541
vn -0.5486 -0.8300 -0.1005
vn -0.2598 -0.9649 -0.0392
vn 0.0212 -0.9997 -0.0138
vn 0.3084 -0.9500 -0.0493
vn 0.5697 -0.8146 -0.1085
vn 0.5538 -0.8167 -0.1621
vn 0.2575 -0.9447 -0.2030
vn -0.1870 -0.8254 -0.5327
vn -0.5441 -0.8226 -0.1654
vn -0.5765 -0.8094 -0.1118
vn -0.3291 -0.9428 -0.0535
vn -0.0392 -0.9991 -0.0138
vn 0.1747 -0.9842 -0.0288
vn 0.1780 -0.9821 -0.0615
vn -0.1166 -0.9843 -0.1326
vn -0.5110 -0.8595 -0.0157
vn -0.6689 -0.7434 -0.0008
vn 0.5063 -0.8621 0.0203
vn 0.1589 -0.9848 0.0696
vn 0.1637 -0.9852 -0.0511
vn -0.1763 -0.9808 0.0834
vn -0.1669 -0.9853 0.0364
vn 0.3175 -0.9457 0.0695
vn 0.5646 -0.8114 0.1508
vn 0.5325 -0.8161 0.2245
vn 0.2248 -0.9336 0.2789
vn 0.2295 -0.9516 -0.2045
vn -0.2522 -0.9273 0.2767
vn -0.5422 -0.8109 0.2200
vn -0.5578 -0.8170 0.1462
vn -0.2971 -0.9527 0.0638
vn 0.2491 -0.9672 0.0500
vn 0.5366 -0.8330 0.1349
vn 0.5611 -0.8010 0.2090
vn 0.3135 -0.9100 0.2714
vn -0.1553 -0.9462 0.2838
vn -0.1585 -0.9652 -0.2081
vn -0.5048 -0.8306 0.2351
vn -0.5765 -0.8009 0.1619
vn -0.3667 -0.9266 0.0830
vn 0.1847 -0.9823 0.0310
vn 0.4940 -0.8614 0.1185
vn 0.5777 -0.7930 0.1933
vn 0.3905 -0.8827 0.2614
vn -0.0524 -0.9563 0.2876
vn -0.0535 -0.9761 -0.2109
vn -0.4544 -0.8553 0.2491
vn -0.5829 -0.7929 0.1776
vn -0.4355 -0.8945 0.1012
vn -0.1281 -0.9916 0.0201
vn 0.4355 -0.8945 0.1012
vn 0.5829 -0.7929 0.1776
vn 0.4544 -0.8553 0.2491
vn 0.0524 -0.9563 0.2876
vn 0.0535 -0.9761 -0.2109
vn -0.3905 -0.8827 0.2614
vn -0.5777 -0.7930 0.1933
vn -0.4940 -0.8614 0.1185
vn -0.1847 -0.9823 0.0310
vn 0.3667 -0.9266 0.0830
vn 0.5765 -0.8009 0.1619
vn 0.5048 -0.8306 0.2351
vn 0.1553 -0.9462 0.2838
vn 0.1585 -0.9652 -0.2081
vn -0.3135 -0.9100 0.2714
vn -0.5611 -0.8010 0.2090
vn -0.5366 -0.8330 0.1349
vn -0.2491 -0.9672 0.0500
vn 0.2971 -0.9527 0.0638
vn 0.5578 -0.8170 0.1462
vn 0.5422 -0.8109 0.2200
vn 0.2522 -0.9273 0.2767
vn -0.2248 -0.9336 0.2789
vn -0.2295 -0.9516 -0.2045
vn -0.5325 -0.8161 0.2245
vn -0.5646 -0.8114 0.1508
vn -0.3175 -0.9457 0.0695
vn 0.1669 -0.9853 0.0364
vn 0.1763 -0.9808 0.0834
vn -0.1589 -0.9848 0.0696
vn -0.1637 -0.9852 -0.0511
vn -0.5063 -0.8621 0.0203
vn -0.6686 -0.7436 0.0010
vn 0.6686 -0.7436 0.0010
vn 0.4519 -0.8915 0.0319
vn 0.1042 -0.9849 0.1383
vn -0.1454 -0.9777 0.1515
vn -0.0851 -0.9957 0.0364
vn 0.0367 -0.9992 0.0163
vn 0.1864 -0.9786 0.0869
vn 0.4302 -0.8557 0.2877
vn 0.4185 -0.7886 0.4506
vn 0.1772 -0.8104 0.5585
vn -0.1984 -0.8085 0.5541
vn -0.4266 -0.7893 0.4417
vn -0.4216 -0.8638 0.2759
vn -0.1702 -0.9824 0.0764
vn -0.0198 -0.9997 0.0163
vn 0.1335 -0.9896 0.0541
vn 0.3957 -0.8846 0.2466
vn 0.4421 -0.7927 0.4197
vn 0.2449 -0.8037 0.5424
vn -0.1222 -0.8143 0.5674
vn -0.3957 -0.7884 0.4711
vn -0.4458 -0.8378 0.3152
vn -0.2273 -0.9670 0.1149
vn -0.0750 -0.9970 0.0168
vn 0.0881 -0.9956 0.0305
vn 0.3462 -0.9160 0.2028
vn 0.4550 -0.8021 0.3868
vn 0.3042 -0.7968 0.5220
vn -0.0412 -0.8176 0.5743
vn -0.3547 -0.7913 0.4980
vn -0.4565 -0.8171 0.3521
vn -0.2879 -0.9444 0.1587
vn -0.0523 -0.9985 0.0169
vn 0.1281 -0.9916 0.0201
vn 0.2879 -0.9444 0.1587
vn 0.4565 -0.8171 0.3521
vn 0.3547 -0.7913 0.4980
vn 0.0412 -0.8176 0.5743
vn -0.3042 -0.7968 0.5220
vn -0.4550 -0.8021 0.3868
vn -0.3462 -0.9160 0.2028
vn -0.0881 -0.9956 0.0305
vn 0.0750 -0.9970 0.0168
vn 0.2273 -0.9670 0.1149
vn 0.4458 -0.8378 0.3152
vn 0.3957 -0.7884 0.4711
vn 0.1222 -0.8143 0.5674
vn -0.2449 -0.8037 0.5424
vn -0.4421 -0.7927 0.4197
vn -0.3957 -0.8846 0.2466
vn -0.1335 -0.9896 0.0541
vn 0.0198 -0.9997 0.0163
vn 0.1702 -0.9824 0.0764
vn 0.4216 -0.8638 0.2759
vn 0.4266 -0.7893 0.4417
vn 0.1984 -0.8085 0.5541
vn -0.1772 -0.8104 0.5585
vn -0.4185 -0.7886 0.4506
vn -0.4302 -0.8557 0.2877
vn -0.1864 -0.9786 0.0869
vn -0.0367 -0.9992 0.0163
vn 0.0851 -0.9957 0.0364
vn 0.1454 -0.9777 0.1515
vn -0.1042 -0.9849 0.1383
vn -0.4519 -0.8915 0.0319
vn -0.6657 -0.7462 0.0013
vn 0.6657 -0.7462 0.0013
vn 0.3885 -0.9212 0.0230
vn 0.0283 -0.9933 0.1124
vn -0.0614 -0.9942 0.0881
vn -0.0002 -1.0000 0.0002
vn 0.0124 -0.9999 0.0044
vn 0.0430 -0.9987 0.0261
vn 0.1982 -0.9580 0.2074
vn 0.2584 -0.8632 0.4337
vn 0.1171 -0.8217 0.5577
vn -0.1307 -0.8227 0.5533
vn -0.2615 -0.8679 0.4223
vn -0.1883 -0.9631 0.1925
vn -0.0360 -0.9991 0.0201
vn -0.0069 -1.0000 0.0038
vn 0.0218 -0.9997 0.0092
vn 0.1636 -0.9737 0.1584
vn 0.2655 -0.8804 0.3930
vn 0.1592 -0.8258 0.5410
vn -0.0807 -0.8200 0.5666
vn -0.2477 -0.8530 0.4595
vn -0.2205 -0.9444 0.2440
vn -0.0619 -0.9971 0.0439
vn -0.0265 -0.9996 0.0088
vn 0.1272 -0.9852 0.1148
vn 0.2620 -0.9004 0.3474
vn 0.1953 -0.8322 0.5190
vn -0.0272 -0.8188 0.5735
vn -0.2252 -0.8411 0.4917
vn -0.2469 -0.9224 0.2969
vn -0.0927 -0.9928 0.0761
vn -0.0012 -1.0000 0.0004
vn 0.0523 -0.9985 0.0169
vn 0.0927 -0.9928 0.0761
vn 0.2469 -0.9224 0.2969
vn 0.2252 -0.8411 0.4917
vn 0.0272 -0.8188 0.5735
vn -0.1953 -0.8322 0.5190
vn -0.2620 -0.9004 0.3474
vn -0.1272 -0.9852 0.1148
vn -0.0082 -1.0000 0.0027
vn 0.0265 -0.9996 0.0088
vn 0.0619 -0.9971 0.0439
vn 0.2205 -0.9444 0.2440
vn 0.2477 -0.8530 0.4595
vn 0.0807 -0.8200 0.5666
vn -0.1592 -0.8258 0.5410
vn -0.2655 -0.8804 0.3930
vn -0.1636 -0.9737 0.1584
vn -0.0218 -0.9997 0.0092
vn 0.0069 -1.0000 0.0038
vn 0.0360 -0.9992 0.0201
vn 0.1883 -0.9631 0.1925
vn 0.2615 -0.8679 0.4223
vn 0.1307 -0.8227 0.5533
vn -0.1171 -0.8217 0.5577
vn -0.2584 -0.8632 0.4337
vn -0.1982 -0.9580 0.2074
vn -0.0430 -0.9987 0.0261
vn -0.0124 -0.9999 0.0044
vn 0.0002 -1.0000 0.0002
vn 0.0614 -0.9942 0.0881
vn -0.0283 -0.9933 0.1124
vn -0.3885 -0.9212 0.0230
vn -0.6624 -0.7491 0.0009
vn 0.6624 -0.7491 0.0009
vn 0.3565 -0.9343 0.0054
vn 0.0019 -0.9996 0.0294
vn -0.0049 -0.9999 0.0115
vn -0.0116 -0.9999 0.0048
vn 0.0209 -0.9989 0.0410
vn 0.0688 -0.9830 0.1704
vn 0.0495 -0.9578 0.2830
vn -0.0543 -0.9588 0.2789
vn -0.0673 -0.9846 0.1615
vn -0.0176 -0.9992 0.0350
vn 0.0106 -0.9997 0.0221
vn 0.0626 -0.9882 0.1400
vn 0.0621 -0.9618 0.2667
vn -0.0345 -0.9563 0.2903
vn -0.0713 -0.9789 0.1915
vn -0.0296 -0.9979 0.0568
vn 0.0082 -1.0000 0.0027
vn 0.0035 -1.0000 0.0084
vn 0.0537 -0.9925 0.1099
vn 0.0697 -0.9669 0.2454
vn -0.0117 -0.9551 0.2960
vn -0.0724 -0.9728 0.2199
vn -0.0425 -0.9957 0.0818
vn -0.0004 -1.0000 0.0012
vn 0.0012 -1.0000 0.0004
vn 0.0004 -1.0000 0.0012
vn 0.0425 -0.9957 0.0818
vn 0.0724 -0.9728 0.2199
vn 0.0117 -0.9551 0.2960
vn -0.0697 -0.9669 0.2454
vn -0.0537 -0.9925 0.1099
vn -0.0035 -1.0000 0.0084
vn 0.0296 -0.9979 0.0568
vn 0.0713 -0.9789 0.1915
vn 0.0345 -0.9563 0.2903
vn -0.0621 -0.9618 0.2667
vn -0.0626 -0.9882 0.1400
vn -0.0106 -0.9997 0.0221
vn 0.0176 -0.9992 0.0350
vn 0.0673 -0.9846 0.1615
vn 0.0543 -0.9588 0.2789
vn -0.0495 -0.9578 0.2830
vn -0.0688 -0.9830 0.1704
vn -0.0209 -0.9989 0.0410
vn 0.0116 -0.9999 0.0048
vn 0.0049 -0.9999 0.0115
vn -0.0019 -0.9996 0.0294
vn -0.3565 -0.9343 0.0054
vn -0.6606 -0.7508 0.0001
vn 0.6606 -0.7508 0.0001
vn 0.3550 -0.9349 -0.0000
vn 0.0002 -1.0000 -0.0000
vn -0.0005 -1.0000 -0.0000
vn 0.0054 -1.0000 -0.0000
vn 0.0154 -0.9999 -0.0000
vn -0.0163 -0.9999 -0.0000
vn -0.0044 -1.0000 -0.0000
vn 0.0024 -1.0000 -0.0000
vn 0.0164 -0.9999 -0.0000
vn -0.0109 -0.9999 -0.0000
vn -0.0079 -1.0000 -0.0000
vn 0.0005 -1.0000 -0.0000
vn 0.0150 -0.9999 -0.0000
vn -0.0037 -1.0000 -0.0000
vn -0.0117 -0.9999 -0.0000
vn 0.0117 -0.9999 -0.0000
vn 0.0037 -1.0000 -0.0000
vn -0.0150 -0.9999 -0.0000
vn 0.0079 -1.0000 -0.0000
vn 0.0109 -0.9999 -0.0000
vn -0.0164 -0.9999 -0.0000
vn -0.0024 -1.0000 -0.0000
vn 0.0044 -1.0000 -0.0000
vn 0.0163 -0.9999 -0.0000
vn -0.0154 -0.9999 -0.0000
vn -0.0054 -1.0000 -0.0000
vn -0.3550 -0.9349 -0.0000
vn 0.6606 -0.7508 -0.0001
vn 0.3565 -0.9343 -0.0054
vn 0.0019 -0.9996 -0.0294
vn -0.0049 -0.9999 -0.0115
vn 0.0209 -0.9989 -0.0410
vn 0.0688 -0.9830 -0.1704
vn -0.0543 -0.9588 -0.2789
vn -0.0673 -0.9846 -0.1615
vn -0.0176 -0.9992 -0.0350
vn 0.0106 -0.9997 -0.0221
vn 0.0626 -0.9882 -0.1400
vn 0.0621 -0.9618 -0.2667
vn -0.0713 -0.9789 -0.1915
vn -0.0296 -0.9979 -0.0568
vn 0.0035 -1.0000 -0.0084
vn 0.0537 -0.9925 -0.1099
vn 0.0697 -0.9669 -0.2454
vn -0.0724 -0.9728 -0.2199
vn -0.0425 -0.9957 -0.0818
vn -0.0004 -1.0000 -0.0012
vn 0.0004 -1.0000 -0.0012
vn 0.0425 -0.9957 -0.0818
vn 0.0724 -0.9728 -0.2199
vn -0.0697 -0.9669 -0.2454
vn -0.0537 -0.9925 -0.1099
vn -0.0035 -1.0000 -0.0084
vn 0.0296 -0.9979 -0.0568
vn 0.0713 -0.9789 -0.1915
vn -0.0621 -0.9618 -0.2667
vn -0.0626 -0.9882 -0.1400
vn -0.0106 -0.9997 -0.0221
vn 0.0176 -0.9992 -0.0350
vn 0.0673 -0.9846 -0.1615
vn 0.0543 -0.9588 -0.2789
vn -0.0688 -0.9830 -0.1704
vn -0.0209 -0.9989 -0.0410
vn -0.0019 -0.9996 -0.0294
vn -0.3565 -0.9343 -0.0054
vn -0.6606 -0.7508 -0.0001
vn 0.6624 -0.7491 -0.0009
vn 0.3885 -0.9212 -0.0230
vn -0.0614 -0.9942 -0.0881
vn -0.0116 -0.9999 -0.0048
vn -0.0002 -1.0000 -0.0002
vn 0.0430 -0.9987 -0.0261
vn 0.1982 -0.9580 -0.2074
vn 0.2584 -0.8632 -0.4337
vn 0.0495 -0.9578 -0.2830
vn -0.1307 -0.8227 -0.5533
vn -0.2615 -0.8679 -0.4223
vn -0.1883 -0.9631 -0.1925
vn -0.0360 -0.9992 -0.0201
vn 0.0218 -0.9997 -0.0092
vn 0.1636 -0.9737 -0.1584
vn 0.2655 -0.8804 -0.3930
vn 0.1592 -0.8258 -0.5410
vn -0.0345 -0.9563 -0.2903
vn -0.2477 -0.8530 -0.4595
vn -0.2205 -0.9444 -0.2440
vn -0.0619 -0.9971 -0.0439
vn 0.0082 -1.0000 -0.0027
vn 0.1272 -0.9852 -0.1148
vn 0.2620 -0.9004 -0.3474
vn 0.1953 -0.8322 -0.5190
vn -0.0117 -0.9551 -0.2960
vn -0.2252 -0.8411 -0.4917
vn -0.2469 -0.9224 -0.2969
vn -0.0927 -0.9928 -0.0761
vn -0.0012 -1.0000 -0.0004
vn 0.0012 -1.0000 -0.0004
vn 0.0927 -0.9928 -0.0761
vn 0.2469 -0.9224 -0.2969
vn 0.2252 -0.8411 -0.4917
vn 0.0117 -0.9551 -0.2960
vn -0.1953 -0.8322 -0.5190
vn -0.2620 -0.9004 -0.3474
vn -0.1272 -0.9852 -0.1148
vn -0.0082 -1.0000 -0.0027
vn 0.0619 -0.9971 -0.0439
vn 0.2205 -0.9444 -0.2440
vn 0.2477 -0.8530 -0.4595
vn 0.0345 -0.9563 -0.2903
vn -0.1592 -0.8258 -0.5410
vn -0.2655 -0.8804 -0.3930
vn -0.1636 -0.9737 -0.1584
vn -0.0218 -0.9997 -0.0092
vn 0.0360 -0.9991 -0.0201
vn 0.1883 -0.9631 -0.1925
vn 0.2615 -0.8679 -0.4223
vn 0.1307 -0.8227 -0.5533
vn -0.0495 -0.9578 -0.2830
vn -0.2584 -0.8632 -0.4337
vn -0.1982 -0.9580 -0.2074
vn -0.0430 -0.9987 -0.0261
vn 0.0002 -1.0000 -0.0002
vn 0.0116 -0.9999 -0.0048
vn 0.0049 -0.9999 -0.0115
vn 0.0614 -0.9942 -0.0881
vn -0.3885 -0.9212 -0.0230
vn -0.6624 -0.7491 -0.0009
vn 0.6657 -0.7462 -0.0013
vn 0.4519 -0.8915 -0.0319
vn 0.0283 -0.9933 -0.1124
vn -0.1454 -0.9777 -0.1515
vn -0.0851 -0.9957 -0.0364
vn 0.0124 -0.9999 -0.0044
vn 0.1864 -0.9786 -0.0869
vn 0.4302 -0.8557 -0.2877
vn 0.4185 -0.7886 -0.4506
vn 0.1171 -0.8217 -0.5577
vn -0.1984 -0.8085 -0.5541
vn -0.4266 -0.7893 -0.4417
vn -0.4216 -0.8638 -0.2759
vn -0.1702 -0.9824 -0.0764
vn -0.0069 -1.0000 -0.0038
vn 0.1335 -0.9896 -0.0541
vn 0.3957 -0.8846 -0.2466
vn 0.4421 -0.7927 -0.4197
vn 0.2449 -0.8037 -0.5424
vn -0.0807 -0.8200 -0.5666
vn -0.3957 -0.7884 -0.4711
vn -0.4458 -0.8378 -0.3152
vn -0.2273 -0.9670 -0.1149
vn -0.0265 -0.9996 -0.0088
vn 0.0881 -0.9956 -0.0305
vn 0.3462 -0.9160 -0.2028
vn 0.4550 -0.8021 -0.3868
vn 0.3042 -0.7968 -0.5220
vn -0.0272 -0.8188 -0.5735
vn -0.3547 -0.7913 -0.4980
vn -0.4565 -0.8171 -0.3521
vn -0.2879 -0.9444 -0.1587
vn -0.0523 -0.9985 -0.0169
vn 0.0523 -0.9985 -0.0169
vn 0.2879 -0.9444 -0.1587
vn 0.4565 -0.8171 -0.3521
vn 0.3547 -0.7913 -0.4980
vn 0.0272 -0.8188 -0.5735
vn -0.3042 -0.7968 -0.5220
vn -0.4550 -0.8021 -0.3868
vn -0.3462 -0.9160 -0.2028
vn -0.0881 -0.9956 -0.0305
vn 0.0265 -0.9996 -0.0088
vn 0.2273 -0.9670 -0.1149
vn 0.4458 -0.8378 -0.3152
vn 0.3957 -0.7884 -0.4711
vn 0.0807 -0.8200 -0.5666
vn -0.2449 -0.8037 -0.5424
vn -0.4421 -0.7927 -0.4197
vn -0.3957 -0.8846 -0.2466
vn -0.1335 -0.9896 -0.0541
vn 0.0069 -1.0000 -0.0038
vn 0.1702 -0.9824 -0.0764
vn 0.4216 -0.8638 -0.2759
vn 0.4266 -0.7893 -0.4417
vn 0.1984 -0.8085 -0.5541
vn -0.1171 -0.8217 -0.5577
vn -0.4185 -0.7886 -0.4506
vn -0.4302 -0.8557 -0.2877
vn -0.1864 -0.9786 -0.0869
vn -0.0124 -0.9999 -0.0044
vn 0.0851 -0.9957 -0.0364
vn 0.1454 -0.9777 -0.1515
vn -0.0283 -0.9933 -0.1124
vn -0.4519 -0.8915 -0.0319
vn -0.6657 -0.7462 -0.0013
vn 0.6686 -0.7436 -0.0010
vn 0.5063 -0.8621 -0.0203
vn 0.1042 -0.9849 -0.1383
vn -0.1763 -0.9808 -0.0834
vn -0.1669 -0.9853 -0.0364
vn 0.0367 -0.9992 -0.0163
vn 0.3175 -0.9457 -0.0695
vn 0.5646 -0.8114 -0.1508
vn 0.5325 -0.8161 -0.2245
vn 0.1772 -0.8104 -0.5585
vn -0.2522 -0.9273 -0.2767
vn -0.5422 -0.8109 -0.2200
vn -0.5578 -0.8170 -0.1462
vn -0.2971 -0.9527 -0.0638
vn -0.0198 -0.9997 -0.0163
vn 0.2491 -0.9672 -0.0500
vn 0.5366 -0.8330 -0.1349
vn 0.5611 -0.8010 -0.2090
vn 0.3135 -0.9100 -0.2714
vn -0.1222 -0.8143 -0.5674
vn -0.5048 -0.8306 -0.2351
vn -0.5765 -0.8009 -0.1619
vn -0.3667 -0.9266 -0.0830
vn -0.0750 -0.9970 -0.0168
vn 0.1847 -0.9823 -0.0310
vn 0.4940 -0.8614 -0.1185
vn 0.5777 -0.7930 -0.1933
vn 0.3905 -0.8827 -0.2614
vn -0.0412 -0.8176 -0.5743
vn -0.4544 -0.8553 -0.2491
vn -0.5829 -0.7929 -0.1776
vn -0.4355 -0.8945 -0.1012
vn -0.1281 -0.9916 -0.0201
vn 0.1281 -0.9916 -0.0201
vn 0.4355 -0.8945 -0.1012
vn 0.5829 -0.7929 -0.1776
vn 0.4544 -0.8553 -0.2491
vn 0.0412 -0.8176 -0.5743
vn -0.3905 -0.8827 -0.2614
vn -0.5777 -0.7930 -0.1933
vn -0.4940 -0.8614 -0.1185
vn -0.1847 -0.9823 -0.0310
vn 0.0750 -0.9970 -0.0168
vn 0.3667 -0.9266 -0.0830
vn 0.5765 -0.8009 -0.1619
vn 0.5048 -0.8306 -0.2351
vn 0.1222 -0.8143 -0.5674
vn -0.3135 -0.9100 -0.2714
vn -0.5611 -0.8010 -0.2090
vn -0.5366 -0.8330 -0.1349
vn -0.2491 -0.9672 -0.0500
vn 0.0198 -0.9997 -0.0163
vn 0.2971 -0.9527 -0.0638
vn 0.5578 -0.8170 -0.1462
vn 0.5422 -0.8109 -0.2200
vn 0.2522 -0.9273 -0.2767
vn -0.1772 -0.8104 -0.5585
vn -0.5325 -0.8161 -0.2245
vn -0.5646 -0.8114 -0.1508
vn -0.3175 -0.9457 -0.0695
vn -0.0367 -0.9992 -0.0163
vn 0.1669 -0.9853 -0.0364
vn 0.1763 -0.9808 -0.0834
vn -0.1042 -0.9849 -0.1383
vn -0.5063 -0.8621 -0.0203
vn -0.6686 -0.7436 -0.0010
vn 0.6689 -0.7434 0.0008
vn 0.5110 -0.8595 0.0157
vn 0.1589 -0.9848 -0.0696
vn -0.1780 -0.9821 0.0615
vn -0.1747 -0.9842 0.0288
vn 0.0392 -0.9991 0.0138
vn 0.3291 -0.9428 0.0535
vn 0.5765 -0.8094 0.1118
vn 0.5441 -0.8226 0.1654
vn 0.2248 -0.9336 -0.2789
vn -0.2575 -0.9447 0.2030
vn -0.5538 -0.8167 0.1621
vn -0.5697 -0.8146 0.1085
vn -0.3084 -0.9500 0.0493
vn -0.0212 -0.9997 0.0138
vn 0.2598 -0.9649 0.0392
vn 0.5486 -0.8300 0.1005
vn 0.5729 -0.8050 0.1541
vn 0.3203 -0.9261 0.1993
vn -0.1553 -0.9462 -0.2838
vn -0.5160 -0.8389 0.1732
vn -0.5883 -0.7997 0.1198
vn -0.3789 -0.9233 0.0633
vn -0.0799 -0.9967 0.0141
vn 0.1942 -0.9807 0.0249
vn 0.5063 -0.8577 0.0888
vn 0.5896 -0.7950 0.1426
vn 0.3992 -0.8965 0.1923
vn -0.0524 -0.9563 -0.2876
vn -0.4646 -0.8663 0.1834
vn -0.5948 -0.7931 0.1311
vn -0.4482 -0.8907 0.0765
vn -0.1355 -0.9906 0.0161
vn 0.1355 -0.9906 0.0161
vn 0.4482 -0.8907 0.0765
vn 0.5948 -0.7931 0.1311
vn 0.4646 -0.8663 0.1834
vn 0.0524 -0.9563 -0.2876
vn -0.3992 -0.8965 0.1923
vn -0.5896 -0.7950 0.1426
vn -0.5063 -0.8577 0.0888
vn -0.1942 -0.9807 0.0249
vn 0.0799 -0.9967 0.0141
vn 0.3789 -0.9233 0.0633
vn 0.5883 -0.7997 0.1198
vn 0.5160 -0.8389 0.1732
vn 0.1553 -0.9462 -0.2838
vn -0.3203 -0.9261 0.1993
vn -0.5729 -0.8050 0.1541
vn -0.5486 -0.8300 0.1005
vn -0.2598 -0.9649 0.0392
vn 0.0212 -0.9997 0.0138
vn 0.3084 -0.9500 0.0493
vn 0.5697 -0.8146 0.1085
vn 0.5538 -0.8167 0.1621
vn 0.2575 -0.9447 0.2030
vn -0.2248 -0.9336 -0.2789
vn -0.5441 -0.8226 0.1654
vn -0.5765 -0.8094 0.1118
vn -0.3291 -0.9428 0.0535
vn -0.0392 -0.9991 0.0138
vn 0.1747 -0.9842 0.0288
vn 0.1780 -0.9821 0.0615
vn -0.1589 -0.9848 -0.0696
vn -0.5110 -0.8595 0.0157
vn -0.6689 -0.7434 0.0008
vn 0.4627 -0.8860 0.0312
vn 0.1166 -0.9843 0.1326
vn 0.1637 -0.9852 0.0511
vn -0.1550 -0.9766 0.1493
vn -0.1007 -0.9941 0.0400
vn 0.2130 -0.9728 0.0915
vn 0.4599 -0.8435 0.2774
vn 0.4415 -0.7883 0.4285
vn 0.1870 -0.8254 0.5327
vn 0.2295 -0.9516 0.2045
vn -0.2094 -0.8228 0.5284
vn -0.4500 -0.7881 0.4200
vn -0.4518 -0.8513 0.2667
vn -0.1955 -0.9774 0.0807
vn 0.1558 -0.9861 0.0580
vn 0.4273 -0.8716 0.2402
vn 0.4665 -0.7893 0.3992
vn 0.2587 -0.8160 0.5170
vn -0.1291 -0.8308 0.5414
vn -0.1585 -0.9652 0.2081
vn -0.4175 -0.7905 0.4481
vn -0.4743 -0.8268 0.3023
vn -0.2567 -0.9591 0.1197
vn 0.1059 -0.9938 0.0338
vn 0.3793 -0.9032 0.2007
vn 0.4807 -0.7958 0.3684
vn 0.3214 -0.8059 0.4972
vn -0.0436 -0.8353 0.5481
vn -0.0535 -0.9761 0.2109
vn -0.3745 -0.7969 0.4740
vn -0.4835 -0.8082 0.3362
vn -0.3198 -0.9338 0.1602
vn -0.0653 -0.9977 0.0196
vn 0.3198 -0.9338 0.1602
vn 0.4835 -0.8082 0.3362
vn 0.3745 -0.7969 0.4740
vn 0.0436 -0.8353 0.5481
vn 0.0535 -0.9761 0.2109
vn -0.3214 -0.8059 0.4972
vn -0.4807 -0.7958 0.3684
vn -0.3793 -0.9032 0.2007
vn -0.1059 -0.9938 0.0338
vn 0.2567 -0.9591 0.1197
vn 0.4743 -0.8268 0.3023
vn 0.4175 -0.7905 0.4481
vn 0.1291 -0.8308 0.5414
vn 0.1585 -0.9652 0.2081
vn -0.2587 -0.8160 0.5170
vn -0.4665 -0.7893 0.3992
vn -0.4273 -0.8716 0.2402
vn -0.1558 -0.9861 0.0580
vn 0.1955 -0.9774 0.0807
vn 0.4518 -0.8513 0.2667
vn 0.4500 -0.7881 0.4200
vn 0.2094 -0.8228 0.5284
vn -0.1870 -0.8254 0.5327
vn -0.2295 -0.9516 0.2045
vn -0.4415 -0.7883 0.4285
vn -0.4599 -0.8435 0.2774
vn -0.2130 -0.9728 0.0915
vn 0.1007 -0.9941 0.0400
vn 0.1550 -0.9766 0.1493
vn -0.1166 -0.9843 0.1326
vn -0.1637 -0.9852 0.0511
vn -0.4627 -0.8860 0.0312
vn -0.6663 -0.7457 0.0013
vn 0.6663 -0.7457 0.0013
vn 0.3976 -0.9172 0.0260
vn 0.0390 -0.9915 0.1239
vn -0.0754 -0.9918 0.1034
vn -0.0204 -0.9998 0.0089
vn 0.0169 -0.9998 0.0072
vn 0.0623 -0.9973 0.0377
vn 0.2396 -0.9418 0.2357
vn 0.2880 -0.8419 0.4564
vn 0.1271 -0.8071 0.5766
vn -0.1420 -0.8077 0.5722
vn -0.2923 -0.8463 0.4454
vn -0.2289 -0.9483 0.2200
vn -0.0538 -0.9981 0.0303
vn -0.0092 -0.9999 0.0063
vn 0.0356 -0.9992 0.0162
vn 0.2017 -0.9621 0.1836
vn 0.2989 -0.8580 0.4176
vn 0.1737 -0.8100 0.5601
vn -0.0875 -0.8060 0.5855
vn -0.2746 -0.8326 0.4810
vn -0.2635 -0.9249 0.2742
vn -0.0847 -0.9947 0.0587
vn -0.0349 -0.9993 0.0115
vn 0.1609 -0.9775 0.1364
vn 0.2992 -0.8777 0.3744
vn 0.2141 -0.8150 0.5385
vn -0.0294 -0.8052 0.5923
vn -0.2481 -0.8223 0.5121
vn -0.2877 -0.9003 0.3265
vn -0.1208 -0.9881 0.0948
vn -0.0051 -1.0000 0.0017
vn 0.0653 -0.9977 0.0196
vn 0.1208 -0.9881 0.0948
vn 0.2877 -0.9003 0.3265
vn 0.2481 -0.8223 0.5121
vn 0.0294 -0.8052 0.5923
vn -0.2141 -0.8150 0.5385
vn -0.2992 -0.8777 0.3744
vn -0.1609 -0.9775 0.1364
vn -0.0167 -0.9998 0.0055
vn 0.0349 -0.9993 0.0115
vn 0.0847 -0.9947 0.0587
vn 0.2635 -0.9249 0.2742
vn 0.2746 -0.8326 0.4810
vn 0.0875 -0.8060 0.5855
vn -0.1737 -0.8100 0.5601
vn -0.2989 -0.8580 0.4176
vn -0.2017 -0.9621 0.1836
vn -0.0356 -0.9992 0.0162
vn 0.0092 -0.9999 0.0063
vn 0.0538 -0.9981 0.0303
vn 0.2289 -0.9483 0.2200
vn 0.2923 -0.8463 0.4454
vn 0.1420 -0.8077 0.5722
vn -0.1271 -0.8071 0.5766
vn -0.2880 -0.8419 0.4564
vn -0.2396 -0.9418 0.2357
vn -0.0623 -0.9973 0.0377
vn -0.0169 -0.9998 0.0072
vn 0.0204 -0.9998 0.0089
vn 0.0754 -0.9918 0.1034
vn -0.0390 -0.9915 0.1239
vn -0.3976 -0.9172 0.0260
vn -0.6629 -0.7487 0.0010
vn 0.6629 -0.7487 0.0010
vn 0.3588 -0.9334 0.0073
vn 0.0035 -0.9992 0.0405
vn -0.0097 -0.9997 0.0206
vn 0.0393 -0.9973 0.0624
vn 0.0969 -0.9716 0.2159
vn 0.0620 -0.9392 0.3377
vn -0.0684 -0.9403 0.3333
vn -0.0952 -0.9740 0.2057
vn -0.0346 -0.9979 0.0548
vn 0.0241 -0.9990 0.0380
vn 0.0900 -0.9794 0.1810
vn 0.0797 -0.9439 0.3206
vn -0.0431 -0.9373 0.3458
vn -0.0997 -0.9657 0.2397
vn -0.0509 -0.9954 0.0817
vn 0.0167 -0.9998 0.0055
vn 0.0118 -0.9998 0.0186
vn 0.0797 -0.9861 0.1460
vn 0.0920 -0.9501 0.2982
vn -0.0146 -0.9359 0.3520
vn -0.0990 -0.9575 0.2710
vn -0.0665 -0.9914 0.1124
vn -0.0034 -1.0000 0.0056
vn 0.0051 -1.0000 0.0017
vn 0.0034 -1.0000 0.0056
vn 0.0665 -0.9914 0.1124
vn 0.0990 -0.9575 0.2710
vn 0.0146 -0.9359 0.3520
vn -0.0920 -0.9501 0.2982
vn -0.0797 -0.9861 0.1460
vn -0.0118 -0.9998 0.0186
vn 0.0509 -0.9954 0.0817
vn 0.0997 -0.9657 0.2397
vn 0.0431 -0.9373 0.3458
vn -0.0797 -0.9439 0.3206
vn -0.0900 -0.9794 0.1810
vn -0.0241 -0.9990 0.0380
vn 0.0346 -0.9979 0.0548
vn 0.0952 -0.9740 0.2057
vn 0.0684 -0.9403 0.3333
vn -0.0620 -0.9392 0.3377
vn -0.0969 -0.9716 0.2159
vn -0.0393 -0.9973 0.0624
vn 0.0097 -0.9997 0.0206
vn -0.0035 -0.9992 0.0405
vn -0.3588 -0.9334 0.0073
vn -0.6607 -0.7506 0.0002
vn 0.6607 -0.7506 0.0002
vn 0.3550 -0.9348 0.0008
vn -0.0004 -1.0000 0.0024
vn 0.0073 -0.9998 0.0194
vn 0.0155 -0.9988 0.0467
vn -0.0165 -0.9988 0.0456
vn -0.0063 -0.9998 0.0175
vn 0.0043 -0.9999 0.0127
vn 0.0166 -0.9990 0.0419
vn -0.0110 -0.9988 0.0484
vn -0.0099 -0.9997 0.0237
vn 0.0021 -1.0000 0.0062
vn 0.0154 -0.9992 0.0360
vn -0.0038 -0.9988 0.0496
vn -0.0131 -0.9995 0.0298
vn -0.0006 -1.0000 0.0017
vn 0.0006 -1.0000 0.0017
vn 0.0131 -0.9995 0.0298
vn 0.0038 -0.9988 0.0496
vn -0.0154 -0.9992 0.0360
vn -0.0021 -1.0000 0.0062
vn -0.0000 -1.0000 0.0002
vn 0.0099 -0.9997 0.0237
vn 0.0110 -0.9988 0.0484
vn -0.0166 -0.9990 0.0419
vn -0.0043 -0.9999 0.0127
vn 0.0063 -0.9998 0.0175
vn 0.0165 -0.9988 0.0456
vn -0.0155 -0.9988 0.0467
vn -0.0073 -0.9998 0.0194
vn 0.0003 -1.0000 0.0024
vn -0.3550 -0.9349 0.0009
vn 0.6604 -0.7509 -0.0001
vn 0.3557 -0.9346 -0.0042
vn 0.0002 -0.9998 -0.0210
vn -0.0018 -1.0000 -0.0054
vn 0.0091 -0.9997 -0.0240
vn 0.0461 -0.9906 -0.1291
vn -0.0401 -0.9732 -0.2264
vn -0.0448 -0.9916 -0.1215
vn -0.0072 -0.9998 -0.0196
vn 0.0036 -0.9999 -0.0107
vn 0.0408 -0.9938 -0.1032
vn 0.0446 -0.9757 -0.2147
vn -0.0484 -0.9879 -0.1473
vn -0.0146 -0.9992 -0.0360
vn 0.0009 -1.0000 -0.0026
vn 0.0332 -0.9964 -0.0783
vn 0.0482 -0.9796 -0.1949
vn -0.0495 -0.9838 -0.1721
vn -0.0239 -0.9982 -0.0558
vn 0.0239 -0.9982 -0.0558
vn 0.0495 -0.9838 -0.1721
vn -0.0482 -0.9796 -0.1949
vn -0.0332 -0.9964 -0.0783
vn -0.0009 -1.0000 -0.0026
vn 0.0146 -0.9992 -0.0360
vn 0.0484 -0.9879 -0.1473
vn -0.0446 -0.9757 -0.2147
vn -0.0408 -0.9938 -0.1032
vn -0.0036 -0.9999 -0.0107
vn 0.0072 -0.9998 -0.0196
vn 0.0448 -0.9916 -0.1215
vn 0.0401 -0.9732 -0.2264
vn -0.0461 -0.9906 -0.1291
vn -0.0091 -0.9997 -0.0240
vn 0.0018 -1.0000 -0.0054
vn -0.0003 -0.9998 -0.0211
vn -0.6604 -0.7509 -0.0001
vn 0.6620 -0.7495 -0.0008
vn 0.3804 -0.9246 -0.0196
vn -0.0484 -0.9962 -0.0728
vn -0.0054 -1.0000 -0.0018
vn 0.0264 -0.9995 -0.0160
vn 0.1593 -0.9713 -0.1769
vn 0.2273 -0.8871 -0.4018
vn 0.0369 -0.9724 -0.2302
vn -0.1192 -0.8423 -0.5257
vn -0.2292 -0.8919 -0.3897
vn -0.1505 -0.9751 -0.1632
vn -0.0211 -0.9997 -0.0114
vn 0.0109 -0.9999 -0.0041
vn 0.1285 -0.9829 -0.1319
vn 0.2302 -0.9045 -0.3590
vn 0.1444 -0.8461 -0.5132
vn -0.0259 -0.9712 -0.2367
vn -0.2195 -0.8764 -0.4287
vn -0.1795 -0.9608 -0.2111
vn -0.0415 -0.9987 -0.0302
vn 0.0026 -1.0000 -0.0009
vn 0.0968 -0.9910 -0.0922
vn 0.2229 -0.9237 -0.3116
vn 0.1759 -0.8535 -0.4905
vn -0.0089 -0.9703 -0.2417
vn -0.2014 -0.8635 -0.4623
vn -0.2048 -0.9432 -0.2615
vn -0.0673 -0.9961 -0.0578
vn 0.0673 -0.9961 -0.0578
vn 0.2048 -0.9432 -0.2615
vn 0.2014 -0.8635 -0.4623
vn 0.0089 -0.9703 -0.2417
vn -0.1759 -0.8535 -0.4905
vn -0.2229 -0.9237 -0.3116
vn -0.0968 -0.9910 -0.0922
vn -0.0026 -1.0000 -0.0009
vn 0.0415 -0.9987 -0.0302
vn 0.1795 -0.9608 -0.2111
vn 0.2195 -0.8764 -0.4287
vn 0.0259 -0.9712 -0.2367
vn -0.1444 -0.8461 -0.5132
vn -0.2302 -0.9045 -0.3590
vn -0.1285 -0.9829 -0.1319
vn -0.0109 -0.9999 -0.0041
vn 0.0211 -0.9997 -0.0114
vn 0.1505 -0.9751 -0.1632
vn 0.2292 -0.8919 -0.3897
vn 0.1192 -0.8423 -0.5257
vn -0.0369 -0.9724 -0.2302
vn -0.2273 -0.8871 -0.4018
vn -0.1593 -0.9713 -0.1769
vn -0.0264 -0.9995 -0.0160
vn 0.0054 -1.0000 -0.0018
vn 0.0484 -0.9962 -0.0728
vn -0.3804 -0.9246 -0.0196
vn -0.3557 -0.9346 -0.0043
vn -0.6620 -0.7495 -0.0008
vn 0.6651 -0.7467 -0.0013
vn 0.4407 -0.8971 -0.0319
vn 0.0193 -0.9950 -0.0983
vn -0.1336 -0.9797 -0.1493
vn -0.0702 -0.9970 -0.0323
vn 0.0081 -1.0000 -0.0027
vn 0.1595 -0.9839 -0.0804
vn 0.3976 -0.8699 -0.2918
vn 0.3945 -0.7920 -0.4660
vn 0.1070 -0.8411 -0.5303
vn -0.1871 -0.7985 -0.5722
vn -0.4020 -0.7936 -0.4567
vn -0.3884 -0.8783 -0.2789
vn -0.1446 -0.9870 -0.0702
vn -0.0044 -1.0000 -0.0018
vn 0.1113 -0.9926 -0.0486
vn 0.3609 -0.8994 -0.2467
vn 0.4163 -0.7991 -0.4337
vn 0.2308 -0.7955 -0.5603
vn -0.0737 -0.8389 -0.5392
vn -0.3730 -0.7896 -0.4873
vn -0.4147 -0.8512 -0.3217
vn -0.1971 -0.9745 -0.1076
vn -0.0187 -0.9998 -0.0062
vn 0.0709 -0.9971 -0.0260
vn 0.3108 -0.9294 -0.1992
vn 0.4275 -0.8112 -0.3989
vn 0.2866 -0.7916 -0.5396
vn -0.0248 -0.8373 -0.5462
vn -0.3343 -0.7893 -0.5151
vn -0.4273 -0.8286 -0.3616
vn -0.2541 -0.9552 -0.1517
vn -0.0404 -0.9991 -0.0134
vn 0.0404 -0.9991 -0.0134
vn 0.2541 -0.9552 -0.1517
vn 0.4273 -0.8286 -0.3616
vn 0.3343 -0.7893 -0.5151
vn 0.0248 -0.8373 -0.5462
vn -0.2866 -0.7916 -0.5396
vn -0.4275 -0.8112 -0.3989
vn -0.3108 -0.9294 -0.1992
vn -0.0709 -0.9971 -0.0260
vn 0.0187 -0.9998 -0.0062
vn 0.1971 -0.9745 -0.1076
vn 0.4147 -0.8512 -0.3217
vn 0.3730 -0.7896 -0.4873
vn 0.0737 -0.8389 -0.5392
vn -0.2308 -0.7955 -0.5603
vn -0.4163 -0.7991 -0.4337
vn -0.3609 -0.8994 -0.2467
vn -0.1113 -0.9926 -0.0486
vn 0.0044 -1.0000 -0.0018
vn 0.1446 -0.9870 -0.0702
vn 0.3884 -0.8783 -0.2789
vn 0.4020 -0.7936 -0.4567
vn 0.1871 -0.7985 -0.5722
vn -0.1070 -0.8411 -0.5303
vn -0.3945 -0.7920 -0.4660
vn -0.3976 -0.8699 -0.2918
vn -0.1595 -0.9839 -0.0804
vn -0.0081 -1.0000 -0.0027
vn 0.0702 -0.9970 -0.0323
vn 0.1336 -0.9797 -0.1493
vn -0.0193 -0.9950 -0.0983
vn -0.4407 -0.8971 -0.0319
vn -0.6651 -0.7467 -0.0013
vn 0.6682 -0.7439 -0.0011
vn 0.4995 -0.8660 -0.0233
vn 0.0910 -0.9858 -0.1412
vn -0.1750 -0.9792 -0.1026
vn -0.1564 -0.9869 -0.0402
vn 0.0330 -0.9993 -0.0159
vn 0.3021 -0.9499 -0.0803
vn 0.5498 -0.8147 -0.1842
vn 0.5186 -0.8090 -0.2768
vn 0.1671 -0.7997 -0.5766
vn -0.2463 -0.9064 -0.3432
vn -0.5281 -0.8047 -0.2712
vn -0.5429 -0.8207 -0.1782
vn -0.2820 -0.9566 -0.0732
vn -0.0179 -0.9997 -0.0160
vn 0.2347 -0.9705 -0.0560
vn 0.5214 -0.8375 -0.1637
vn 0.5467 -0.7967 -0.2576
vn 0.3056 -0.8909 -0.3360
vn -0.1152 -0.8024 -0.5856
vn -0.4914 -0.8212 -0.2900
vn -0.5618 -0.8031 -0.1983
vn -0.3509 -0.9313 -0.0972
vn -0.0681 -0.9975 -0.0171
vn 0.1718 -0.9846 -0.0339
vn 0.4783 -0.8666 -0.1425
vn 0.5632 -0.7913 -0.2379
vn 0.3801 -0.8667 -0.3231
vn -0.0388 -0.8046 -0.5925
vn -0.4422 -0.8426 -0.3075
vn -0.5684 -0.7933 -0.2182
vn -0.4192 -0.8999 -0.1202
vn -0.1173 -0.9929 -0.0216
vn 0.1173 -0.9929 -0.0216
vn 0.4192 -0.8999 -0.1202
vn 0.5684 -0.7933 -0.2182
vn 0.4422 -0.8426 -0.3075
vn 0.0388 -0.8046 -0.5925
vn -0.3801 -0.8667 -0.3231
vn -0.5632 -0.7913 -0.2379
vn -0.4783 -0.8666 -0.1425
vn -0.1718 -0.9846 -0.0339
vn 0.0681 -0.9975 -0.0171
vn 0.3509 -0.9313 -0.0972
vn 0.5618 -0.8031 -0.1983
vn 0.4914 -0.8212 -0.2900
vn 0.1152 -0.8024 -0.5856
vn -0.3056 -0.8909 -0.3360
vn -0.5467 -0.7967 -0.2576
vn -0.5214 -0.8375 -0.1637
vn -0.2347 -0.9705 -0.0560
vn 0.0179 -0.9997 -0.0160
vn 0.2820 -0.9566 -0.0732
vn 0.5429 -0.8207 -0.1782
vn 0.5281 -0.8047 -0.2712
vn 0.2463 -0.9064 -0.3432
vn -0.1671 -0.7997 -0.5766
vn -0.5186 -0.8090 -0.2768
vn -0.5498 -0.8147 -0.1842
vn -0.3021 -0.9499 -0.0803
vn -0.0330 -0.9993 -0.0159
vn 0.1564 -0.9869 -0.0402
vn 0.1750 -0.9792 -0.1026
vn -0.0910 -0.9858 -0.1412
vn -0.4995 -0.8660 -0.0233
vn -0.6682 -0.7439 -0.0011
vn 0.6690 -0.7433 0.0005
vn 0.5135 -0.8581 0.0095
vn 0.1538 -0.9844 -0.0860
vn -0.1803 -0.9829 0.0375
vn -0.1796 -0.9836 0.0179
vn 0.0405 -0.9991 0.0086
vn 0.3367 -0.9411 0.0328
vn 0.5850 -0.8082 0.0679
vn 0.5524 -0.8275 0.1007
vn 0.2196 -0.9122 -0.3460
vn -0.2618 -0.9572 0.1236
vn -0.5623 -0.8211 0.0987
vn -0.5782 -0.8132 0.0659
vn -0.3157 -0.9484 0.0303
vn -0.0219 -0.9997 0.0086
vn 0.2664 -0.9636 0.0242
vn 0.5571 -0.8282 0.0610
vn 0.5814 -0.8082 0.0937
vn 0.3256 -0.9377 0.1214
vn -0.1518 -0.9236 -0.3520
vn -0.5241 -0.8451 0.1055
vn -0.5968 -0.7991 0.0727
vn -0.3871 -0.9212 0.0387
vn -0.0826 -0.9965 0.0088
vn 0.1997 -0.9797 0.0156
vn 0.5150 -0.8555 0.0540
vn 0.5981 -0.7967 0.0866
vn 0.4057 -0.9065 0.1172
vn -0.0512 -0.9328 -0.3566
vn -0.4721 -0.8744 0.1118
vn -0.6032 -0.7936 0.0796
vn -0.4570 -0.8882 0.0466
vn -0.1393 -0.9902 0.0098
vn 0.1393 -0.9902 0.0098
vn 0.4570 -0.8882 0.0466
vn 0.6032 -0.7936 0.0796
vn 0.4721 -0.8744 0.1118
vn 0.0512 -0.9328 -0.3566
vn -0.4057 -0.9065 0.1172
vn -0.5981 -0.7967 0.0866
vn -0.5150 -0.8555 0.0540
vn -0.1997 -0.9797 0.0156
vn 0.0826 -0.9965 0.0088
vn 0.3871 -0.9212 0.0387
vn 0.5968 -0.7991 0.0727
vn 0.5241 -0.8451 0.1055
vn 0.1518 -0.9236 -0.3520
vn -0.3256 -0.9377 0.1214
vn -0.5814 -0.8082 0.0937
vn -0.5571 -0.8282 0.0610
vn -0.2664 -0.9636 0.0242
vn 0.0219 -0.9997 0.0086
vn 0.3157 -0.9484 0.0303
vn 0.5782 -0.8132 0.0659
vn 0.5623 -0.8211 0.0987
vn 0.2618 -0.9572 0.1236
vn -0.2196 -0.9122 -0.3460
vn -0.5524 -0.8275 0.1007
vn -0.5850 -0.8082 0.0679
vn -0.3367 -0.9411 0.0328
vn -0.0405 -0.9991 0.0086
vn 0.1796 -0.9836 0.0179
vn 0.1803 -0.9829 0.0375
vn -0.1538 -0.9844 -0.0860
vn -0.5135 -0.8581 0.0095
vn -0.6690 -0.7433 0.0005
vn 0.4731 -0.8805 0.0300
vn 0.1280 -0.9839 0.1244
vn 0.1682 -0.9853 0.0310
vn -0.1625 -0.9763 0.1430
vn -0.1159 -0.9924 0.0420
vn 0.2386 -0.9666 0.0938
vn 0.4868 -0.8335 0.2613
vn 0.4633 -0.7908 0.3999
vn 0.1965 -0.8442 0.4988
vn 0.2333 -0.9644 0.1245
vn -0.2200 -0.8408 0.4947
vn -0.4721 -0.7896 0.3920
vn -0.4791 -0.8409 0.2517
vn -0.2201 -0.9719 0.0831
vn 0.1776 -0.9823 0.0602
vn 0.4557 -0.8604 0.2281
vn 0.4894 -0.7885 0.3725
vn 0.2721 -0.8318 0.4839
vn -0.1357 -0.8511 0.5071
vn -0.1611 -0.9788 0.1267
vn -0.4383 -0.7955 0.4184
vn -0.5002 -0.8181 0.2837
vn -0.2843 -0.9512 0.1202
vn 0.1236 -0.9917 0.0356
vn 0.4094 -0.8917 0.1931
vn 0.5045 -0.7919 0.3440
vn 0.3379 -0.8182 0.4651
vn -0.0458 -0.8568 0.5136
vn -0.0543 -0.9902 0.1283
vn -0.3935 -0.8055 0.4430
vn -0.5083 -0.8017 0.3144
vn -0.3492 -0.9238 0.1567
vn -0.0787 -0.9967 0.0214
vn 0.3492 -0.9238 0.1567
vn 0.5083 -0.8017 0.3144
vn 0.3935 -0.8055 0.4430
vn 0.0458 -0.8568 0.5136
vn 0.0543 -0.9902 0.1283
vn -0.3379 -0.8182 0.4651
vn -0.5045 -0.7919 0.3440
vn -0.4094 -0.8917 0.1931
vn -0.1236 -0.9917 0.0356
vn 0.2843 -0.9512 0.1202
vn 0.5002 -0.8181 0.2837
vn 0.4383 -0.7955 0.4184
vn 0.1357 -0.8511 0.5071
vn 0.1611 -0.9788 0.1267
vn -0.2721 -0.8318 0.4839
vn -0.4894 -0.7885 0.3725
vn -0.4557 -0.8604 0.2281
vn -0.1776 -0.9823 0.0602
vn 0.2201 -0.9719 0.0831
vn 0.4791 -0.8409 0.2517
vn 0.4721 -0.7896 0.3920
vn 0.2200 -0.8408 0.4947
vn -0.1965 -0.8442 0.4988
vn -0.2333 -0.9644 0.1245
vn -0.4633 -0.7908 0.3999
vn -0.4868 -0.8335 0.2613
vn -0.2386 -0.9666 0.0938
vn 0.1159 -0.9924 0.0420
vn 0.1625 -0.9763 0.1430
vn -0.1280 -0.9839 0.1244
vn -0.1682 -0.9853 0.0310
vn -0.4731 -0.8805 0.0300
vn -0.6668 -0.7452 0.0013
vn 0.6668 -0.7452 0.0013
vn 0.4077 -0.9127 0.0284
vn 0.0511 -0.9899 0.1325
vn -0.0901 -0.9889 0.1181
vn -0.0309 -0.9994 0.0144
vn 0.0209 -0.9997 0.0100
vn 0.0837 -0.9952 0.0501
vn 0.2824 -0.9231 0.2608
vn 0.3163 -0.8239 0.4703
vn 0.1370 -0.7975 0.5876
vn -0.1532 -0.7978 0.5832
vn -0.3215 -0.8277 0.4599
vn -0.2711 -0.9309 0.2448
vn -0.0736 -0.9964 0.0416
vn -0.0114 -0.9999 0.0092
vn 0.0519 -0.9984 0.0244
vn 0.2418 -0.9481 0.2066
vn 0.3306 -0.8384 0.4334
vn 0.1880 -0.7990 0.5711
vn -0.0944 -0.7971 0.5964
vn -0.3004 -0.8159 0.4940
vn -0.3054 -0.9044 0.2981
vn -0.1100 -0.9912 0.0733
vn -0.0435 -0.9990 0.0137
vn -0.0020 -1.0000 0.0008
vn 0.1972 -0.9678 0.1564
vn 0.3342 -0.8569 0.3925
vn 0.2326 -0.8022 0.5499
vn -0.0318 -0.7969 0.6033
vn -0.2704 -0.8076 0.5240
vn -0.3262 -0.8792 0.3474
vn -0.1519 -0.9820 0.1121
vn -0.0114 -0.9999 0.0038
vn 0.0787 -0.9967 0.0214
vn 0.1519 -0.9820 0.1121
vn 0.3262 -0.8792 0.3474
vn 0.2704 -0.8076 0.5240
vn 0.0318 -0.7969 0.6033
vn -0.2326 -0.8022 0.5499
vn -0.3342 -0.8569 0.3925
vn -0.1972 -0.9678 0.1564
vn 0.0020 -1.0000 0.0008
vn 0.0435 -0.9990 0.0137
vn 0.1100 -0.9912 0.0733
vn 0.3054 -0.9044 0.2981
vn 0.3004 -0.8159 0.4940
vn 0.0944 -0.7971 0.5964
vn -0.1880 -0.7990 0.5711
vn -0.3306 -0.8384 0.4334
vn -0.2418 -0.9481 0.2066
vn -0.0519 -0.9984 0.0244
vn 0.0114 -0.9999 0.0092
vn 0.0736 -0.9964 0.0416
vn 0.2711 -0.9309 0.2448
vn 0.3215 -0.8277 0.4599
vn 0.1532 -0.7978 0.5832
vn -0.1370 -0.7975 0.5876
vn -0.3163 -0.8239 0.4703
vn -0.2824 -0.9231 0.2608
vn -0.0837 -0.9952 0.0501
vn -0.0209 -0.9997 0.0100
vn 0.0309 -0.9994 0.0144
vn 0.0901 -0.9889 0.1181
vn -0.0511 -0.9899 0.1325
vn -0.4077 -0.9127 0.0284
vn -0.6635 -0.7482 0.0011
vn 0.6635 -0.7482 0.0011
vn 0.3624 -0.9320 0.0097
vn 0.0057 -0.9986 0.0533
vn -0.0169 -0.9994 0.0315
vn 0.0632 -0.9942 0.0871
vn 0.1294 -0.9557 0.2643
vn 0.0742 -0.9166 0.3928
vn -0.0821 -0.9179 0.3882
vn -0.1279 -0.9590 0.2530
vn -0.0574 -0.9953 0.0782
vn 0.0435 -0.9974 0.0578
vn 0.1220 -0.9666 0.2253
vn 0.0968 -0.9219 0.3751
vn -0.0514 -0.9144 0.4016
vn -0.1303 -0.9481 0.2901
vn -0.0774 -0.9909 0.1105
vn -0.0031 -1.0000 0.0029
vn 0.0274 -0.9996 0.0096
vn 0.0260 -0.9991 0.0328
vn 0.1104 -0.9764 0.1856
vn 0.1138 -0.9291 0.3518
vn -0.0174 -0.9126 0.4084
vn -0.1253 -0.9380 0.3232
vn -0.0954 -0.9846 0.1468
vn -0.0121 -0.9998 0.0141
vn 0.0114 -0.9999 0.0038
vn 0.0121 -0.9998 0.0141
vn 0.0954 -0.9846 0.1468
vn 0.1253 -0.9380 0.3232
vn 0.0174 -0.9126 0.4084
vn -0.1138 -0.9291 0.3518
vn -0.1104 -0.9764 0.1856
vn -0.0260 -0.9991 0.0328
vn -0.0274 -0.9996 0.0096
vn 0.0031 -1.0000 0.0029
vn 0.0774 -0.9909 0.1105
vn 0.1303 -0.9481 0.2901
vn 0.0514 -0.9144 0.4016
vn -0.0968 -0.9219 0.3751
vn -0.1220 -0.9666 0.2253
vn -0.0435 -0.9974 0.0578
vn 0.0574 -0.9953 0.0782
vn 0.1279 -0.9590 0.2530
vn 0.0821 -0.9179 0.3882
vn -0.0742 -0.9166 0.3928
vn -0.1294 -0.9557 0.2643
vn -0.0632 -0.9942 0.0871
vn 0.0169 -0.9994 0.0315
vn -0.0057 -0.9986 0.0533
vn -0.3624 -0.9320 0.0097
vn -0.6610 -0.7504 0.0003
vn 0.6610 -0.7504 0.0003
vn 0.3552 -0.9348 0.0017
vn -0.0005 -1.0000 0.0052
vn 0.0001 -1.0000 0.0001
vn 0.0128 -0.9992 0.0386
vn 0.0159 -0.9956 0.0919
vn -0.0170 -0.9958 0.0899
vn -0.0117 -0.9993 0.0351
vn 0.0091 -0.9996 0.0271
vn 0.0177 -0.9964 0.0832
vn -0.0111 -0.9954 0.0950
vn -0.0148 -0.9988 0.0475
vn -0.0008 -1.0000 0.0024
vn 0.0056 -0.9998 0.0168
vn 0.0178 -0.9972 0.0724
vn -0.0038 -0.9952 0.0975
vn -0.0167 -0.9980 0.0602
vn -0.0029 -1.0000 0.0081
vn 0.0029 -1.0000 0.0081
vn 0.0167 -0.9980 0.0602
vn 0.0038 -0.9952 0.0975
vn -0.0178 -0.9972 0.0724
vn -0.0056 -0.9998 0.0168
vn 0.0008 -1.0000 0.0024
vn 0.0148 -0.9988 0.0475
vn 0.0111 -0.9954 0.0950
vn -0.0177 -0.9964 0.0832
vn -0.0091 -0.9996 0.0271
vn 0.0117 -0.9993 0.0351
vn 0.0170 -0.9958 0.0899
vn -0.0159 -0.9956 0.0919
vn -0.0128 -0.9992 0.0386
vn -0.0001 -1.0000 0.0001
vn 0.0005 -1.0000 0.0053
vn -0.3551 -0.9348 0.0017
vn 0.3556 -0.9346 -0.0033
vn -0.0006 -0.9999 -0.0143
vn -0.0005 -1.0000 -0.0015
vn -0.0000 -1.0000 0.0004
vn 0.0040 -0.9999 -0.0120
vn 0.0294 -0.9952 -0.0929
vn -0.0269 -0.9839 -0.1769
vn -0.0283 -0.9958 -0.0865
vn -0.0031 -1.0000 -0.0091
vn 0.0012 -1.0000 -0.0037
vn 0.0249 -0.9971 -0.0716
vn 0.0296 -0.9856 -0.1663
vn -0.0315 -0.9936 -0.1081
vn -0.0068 -0.9998 -0.0203
vn 0.0187 -0.9985 -0.0521
vn 0.0321 -0.9883 -0.1489
vn -0.0326 -0.9911 -0.1291
vn -0.0122 -0.9993 -0.0348
vn 0.0326 -0.9911 -0.1291
vn -0.0321 -0.9883 -0.1489
vn -0.0187 -0.9985 -0.0521
vn 0.0068 -0.9998 -0.0203
vn 0.0315 -0.9936 -0.1081
vn -0.0296 -0.9856 -0.1663
vn -0.0249 -0.9971 -0.0716
vn -0.0012 -1.0000 -0.0037
vn 0.0031 -1.0000 -0.0091
vn 0.0283 -0.9958 -0.0865
vn 0.0269 -0.9839 -0.1769
vn -0.0294 -0.9952 -0.0929
vn -0.0040 -0.9999 -0.0120
vn 0.0005 -1.0000 -0.0015
vn 0.0006 -0.9999 -0.0143
vn 0.6616 -0.7499 -0.0006
vn 0.3734 -0.9275 -0.0160
vn -0.0365 -0.9977 -0.0580
vn -0.0015 -1.0000 -0.0005
vn 0.0134 -0.9999 -0.0079
vn 0.1241 -0.9816 -0.1453
vn 0.1947 -0.9123 -0.3603
vn 0.0248 -0.9833 -0.1802
vn -0.1074 -0.8658 -0.4888
vn -0.1954 -0.9169 -0.3481
vn -0.1163 -0.9843 -0.1330
vn -0.0098 -0.9999 -0.0049
vn 0.0037 -1.0000 -0.0012
vn 0.0967 -0.9897 -0.1054
vn 0.1938 -0.9283 -0.3174
vn 0.1291 -0.8700 -0.4759
vn -0.0174 -0.9824 -0.1857
vn -0.1901 -0.9018 -0.3882
vn -0.1420 -0.9740 -0.1765
vn -0.0244 -0.9995 -0.0185
vn 0.0693 -0.9951 -0.0704
vn 0.1833 -0.9449 -0.2711
vn 0.1557 -0.8781 -0.4525
vn -0.0060 -0.9817 -0.1901
vn -0.1765 -0.8887 -0.4232
vn -0.1647 -0.9608 -0.2232
vn -0.0447 -0.9982 -0.0408
vn 0.0447 -0.9982 -0.0408
vn 0.0122 -0.9993 -0.0348
vn 0.1647 -0.9608 -0.2232
vn 0.1765 -0.8887 -0.4232
vn 0.0060 -0.9817 -0.1901
vn -0.1557 -0.8781 -0.4525
vn -0.1833 -0.9449 -0.2711
vn -0.0693 -0.9951 -0.0704
vn 0.0244 -0.9995 -0.0185
vn 0.1420 -0.9740 -0.1765
vn 0.1901 -0.9018 -0.3882
vn 0.0174 -0.9824 -0.1857
vn -0.1291 -0.8700 -0.4759
vn -0.1938 -0.9283 -0.3174
vn -0.0967 -0.9897 -0.1054
vn -0.0037 -1.0000 -0.0012
vn 0.0098 -0.9999 -0.0049
vn 0.1163 -0.9843 -0.1330
vn 0.1954 -0.9169 -0.3481
vn 0.1074 -0.8658 -0.4888
vn -0.0248 -0.9833 -0.1802
vn -0.1947 -0.9123 -0.3603
vn -0.1241 -0.9816 -0.1453
vn -0.0134 -0.9999 -0.0079
vn 0.0015 -1.0000 -0.0005
vn 0.0365 -0.9977 -0.0580
vn -0.3734 -0.9275 -0.0160
vn -0.3556 -0.9346 -0.0033
vn -0.6616 -0.7499 -0.0006
vn 0.6646 -0.7472 -0.0013
vn 0.4295 -0.9025 -0.0314
vn 0.0125 -0.9965 -0.0830
vn -0.1209 -0.9825 -0.1417
vn -0.0549 -0.9982 -0.0240
vn 0.0039 -1.0000 -0.0013
vn 0.1296 -0.9897 -0.0611
vn 0.3524 -0.9082 -0.2256
vn 0.3697 -0.8651 -0.3390
vn 0.0966 -0.8644 -0.4934
vn -0.1751 -0.9071 -0.3827
vn -0.3760 -0.8643 -0.3341
vn -0.3422 -0.9145 -0.2157
vn -0.1168 -0.9917 -0.0534
vn -0.0019 -1.0000 -0.0006
vn 0.0885 -0.9954 -0.0372
vn 0.3129 -0.9305 -0.1903
vn 0.3873 -0.8642 -0.3212
vn 0.2174 -0.8993 -0.3794
vn -0.0666 -0.8620 -0.5026
vn -0.3509 -0.8686 -0.3497
vn -0.3722 -0.8944 -0.2479
vn -0.1621 -0.9834 -0.0814
vn -0.0117 -0.9999 -0.0039
vn 0.0546 -0.9983 -0.0197
vn 0.2640 -0.9525 -0.1520
vn 0.3939 -0.8687 -0.3003
vn 0.2709 -0.8877 -0.3724
vn -0.0225 -0.8601 -0.5096
vn -0.3158 -0.8769 -0.3625
vn -0.3892 -0.8789 -0.2760
vn -0.2120 -0.9705 -0.1146
vn -0.0295 -0.9995 -0.0098
vn 0.0295 -0.9995 -0.0098
vn 0.2120 -0.9705 -0.1146
vn 0.3892 -0.8789 -0.2760
vn 0.3158 -0.8769 -0.3625
vn 0.0225 -0.8601 -0.5096
vn -0.2709 -0.8877 -0.3724
vn -0.3939 -0.8687 -0.3003
vn -0.2640 -0.9525 -0.1520
vn -0.0546 -0.9983 -0.0197
vn 0.0117 -0.9999 -0.0039
vn 0.1621 -0.9834 -0.0814
vn 0.3722 -0.8944 -0.2479
vn 0.3509 -0.8686 -0.3497
vn 0.0666 -0.8620 -0.5026
vn -0.2174 -0.8993 -0.3794
vn -0.3873 -0.8642 -0.3212
vn -0.3129 -0.9305 -0.1903
vn -0.0885 -0.9954 -0.0372
vn 0.0019 -1.0000 -0.0006
vn 0.1168 -0.9917 -0.0534
vn 0.3422 -0.9145 -0.2157
vn 0.3760 -0.8643 -0.3341
vn 0.1751 -0.9071 -0.3827
vn -0.0966 -0.8644 -0.4934
vn -0.3697 -0.8651 -0.3390
vn -0.3524 -0.9082 -0.2256
vn -0.1296 -0.9897 -0.0611
vn -0.0039 -1.0000 -0.0013
vn 0.0549 -0.9982 -0.0240
vn 0.1209 -0.9825 -0.1417
vn -0.0125 -0.9965 -0.0830
vn -0.4295 -0.9025 -0.0314
vn -0.6646 -0.7472 -0.0013
vn 0.6678 -0.7443 -0.0012
vn 0.4805 -0.8769 -0.0129
vn 0.0775 -0.9869 -0.1412
vn -0.1834 -0.9830 0.0039
vn -0.1149 -0.9934 0.0003
vn 0.0163 -0.9999 -0.0033
vn 0.1832 -0.9830 0.0151
vn 0.3845 -0.9150 0.1219
vn 0.3720 -0.8964 0.2411
vn 0.1561 -0.9099 -0.3843
vn -0.1736 -0.9414 0.2891
vn -0.3791 -0.8949 0.2354
vn -0.3777 -0.9190 0.1133
vn -0.1689 -0.9855 0.0124
vn -0.0088 -1.0000 -0.0038
vn 0.1360 -0.9907 0.0088
vn 0.3572 -0.9294 0.0931
vn 0.3931 -0.8926 0.2207
vn 0.2154 -0.9338 0.2858
vn -0.1076 -0.9151 -0.3886
vn -0.3514 -0.9013 0.2533
vn -0.3972 -0.9066 0.1424
vn -0.2185 -0.9755 0.0241
vn -0.0349 -0.9994 -0.0015
vn 0.0950 -0.9955 0.0057
vn 0.3188 -0.9455 0.0660
vn 0.4045 -0.8931 0.1970
vn 0.2688 -0.9221 0.2785
vn -0.0363 -0.9193 -0.3920
vn -0.3144 -0.9108 0.2677
vn -0.4060 -0.8978 0.1707
vn -0.2700 -0.9619 0.0425
vn -0.0626 -0.9980 0.0021
vn 0.0626 -0.9980 0.0021
vn 0.2700 -0.9619 0.0425
vn 0.4060 -0.8978 0.1707
vn 0.3144 -0.9108 0.2677
vn 0.0363 -0.9193 -0.3920
vn -0.2688 -0.9221 0.2785
vn -0.4045 -0.8931 0.1970
vn -0.3188 -0.9455 0.0660
vn -0.0950 -0.9955 0.0057
vn 0.0349 -0.9994 -0.0015
vn 0.2185 -0.9755 0.0241
vn 0.3972 -0.9066 0.1424
vn 0.3514 -0.9013 0.2533
vn 0.1076 -0.9151 -0.3886
vn -0.2154 -0.9338 0.2858
vn -0.3931 -0.8926 0.2207
vn -0.3572 -0.9294 0.0931
vn -0.1360 -0.9907 0.0088
vn 0.0088 -1.0000 -0.0038
vn 0.1689 -0.9855 0.0124
vn 0.3777 -0.9190 0.1133
vn 0.3791 -0.8949 0.2354
vn 0.1736 -0.9414 0.2891
vn -0.1561 -0.9099 -0.3843
vn -0.3720 -0.8964 0.2411
vn -0.3845 -0.9150 0.1219
vn -0.1832 -0.9830 0.0151
vn -0.0163 -0.9999 -0.0033
vn 0.1149 -0.9934 0.0003
vn 0.1834 -0.9830 0.0039
vn -0.0775 -0.9869 -0.1412
vn -0.4805 -0.8769 -0.0129
vn -0.6678 -0.7443 -0.0012
vn 0.6351 -0.7712 0.0438
vn 0.0575 -0.9365 0.3459
vn 0.1379 -0.9901 -0.0258
vn -0.1284 -0.9291 0.3469
vn -0.0430 -0.9721 0.2305
vn 0.0640 -0.9656 0.2519
vn 0.1443 -0.9072 0.3952
vn 0.1373 -0.8173 0.5596
vn 0.0592 -0.7533 0.6550
vn 0.1547 -0.9442 0.2909
vn -0.0659 -0.7555 0.6519
vn -0.1404 -0.8227 0.5509
vn -0.1415 -0.9123 0.3842
vn -0.0588 -0.9674 0.2462
vn 0.0474 -0.9710 0.2344
vn 0.1329 -0.9240 0.3585
vn 0.1466 -0.8360 0.5288
vn 0.0795 -0.7624 0.6422
vn -0.0405 -0.7497 0.6606
vn -0.1065 -0.9493 0.2958
vn -0.1288 -0.8049 0.5793
vn -0.1496 -0.8943 0.4217
vn -0.0773 -0.9604 0.2677
vn 0.0337 -0.9742 0.2234
vn 0.1172 -0.9387 0.3243
vn 0.1519 -0.8555 0.4951
vn 0.0978 -0.7744 0.6251
vn -0.0135 -0.7469 0.6648
vn -0.0359 -0.9534 0.2995
vn -0.1144 -0.7887 0.6041
vn -0.1531 -0.8751 0.4591
vn -0.0976 -0.9508 0.2940
vn -0.0234 -0.9755 0.2188
vn 0.0976 -0.9508 0.2940
vn 0.1531 -0.8751 0.4591
vn 0.1144 -0.7887 0.6041
vn 0.0135 -0.7469 0.6648
vn 0.0359 -0.9534 0.2995
vn -0.0978 -0.7744 0.6251
vn -0.1519 -0.8555 0.4951
vn -0.1172 -0.9387 0.3243
vn -0.0337 -0.9742 0.2234
vn 0.0773 -0.9604 0.2677
vn 0.1496 -0.8943 0.4217
vn 0.1288 -0.8049 0.5793
vn 0.0405 -0.7497 0.6606
vn 0.1065 -0.9493 0.2958
vn -0.0795 -0.7624 0.6422
vn -0.1466 -0.8360 0.5288
vn -0.1329 -0.9240 0.3585
vn -0.0474 -0.9710 0.2344
vn 0.0588 -0.9674 0.2462
vn 0.1415 -0.9123 0.3842
vn 0.1404 -0.8227 0.5509
vn 0.0659 -0.7555 0.6519
vn -0.0592 -0.7533 0.6550
vn -0.1547 -0.9442 0.2909
vn -0.1373 -0.8173 0.5596
vn -0.1443 -0.9072 0.3952
vn -0.0640 -0.9656 0.2519
vn 0.0430 -0.9721 0.2305
vn 0.1284 -0.9291 0.3469
vn -0.0575 -0.9365 0.3459
vn -0.1379 -0.9901 -0.0258
vn -0.6351 -0.7712 0.0438
vn 0.5126 -0.8399 0.1785
vn 0.2267 -0.7892 0.5708
vn 0.4198 -0.8785 0.2281
vn 0.0062 -0.7443 0.6678
vn -0.0102 -0.7634 0.6459
vn -0.0011 -0.7821 0.6231
vn 0.0066 -0.9764 0.2158
vn 0.0029 -0.7789 0.6272
vn 0.0123 -0.7550 0.6556
vn 0.0141 -0.7208 0.6930
vn 0.0082 -0.6950 0.7189
vn -0.0090 -0.6959 0.7181
vn -0.0142 -0.7229 0.6908
vn -0.0119 -0.7570 0.6533
vn -0.0024 -0.7797 0.6261
vn -0.0036 -0.9765 0.2156
vn 0.0014 -0.7815 0.6239
vn 0.0108 -0.7616 0.6480
vn 0.0144 -0.7280 0.6855
vn 0.0101 -0.6989 0.7152
vn -0.0056 -0.6938 0.7202
vn -0.0136 -0.7160 0.6980
vn -0.0132 -0.7501 0.6612
vn -0.0043 -0.7765 0.6301
vn -0.0137 -0.9762 0.2167
vn 0.0004 -0.7832 0.6217
vn 0.0088 -0.7674 0.6411
vn 0.0144 -0.7354 0.6775
vn 0.0115 -0.7039 0.7102
vn -0.0019 -0.6928 0.7211
vn -0.0127 -0.7096 0.7045
vn -0.0140 -0.7428 0.6694
vn -0.0066 -0.7724 0.6351
vn -0.0000 -0.7839 0.6209
vn 0.0234 -0.9755 0.2188
vn 0.0066 -0.7724 0.6351
vn 0.0140 -0.7428 0.6694
vn 0.0127 -0.7096 0.7045
vn 0.0019 -0.6928 0.7211
vn -0.0115 -0.7039 0.7102
vn -0.0144 -0.7354 0.6775
vn -0.0088 -0.7674 0.6411
vn -0.0004 -0.7832 0.6217
vn 0.0137 -0.9762 0.2167
vn 0.0043 -0.7765 0.6301
vn 0.0132 -0.7501 0.6612
vn 0.0136 -0.7160 0.6980
vn 0.0056 -0.6938 0.7202
vn -0.0101 -0.6989 0.7152
vn -0.0144 -0.7280 0.6855
vn -0.0108 -0.7616 0.6480
vn -0.0014 -0.7815 0.6239
vn 0.0036 -0.9765 0.2156
vn 0.0024 -0.7797 0.6261
vn 0.0119 -0.7570 0.6533
vn 0.0142 -0.7229 0.6908
vn 0.0090 -0.6959 0.7181
vn -0.0082 -0.6950 0.7189
vn -0.0141 -0.7208 0.6930
vn -0.0123 -0.7550 0.6556
vn -0.0029 -0.7789 0.6272
vn -0.0066 -0.9764 0.2158
vn 0.0011 -0.7821 0.6231
vn 0.0102 -0.7634 0.6459
vn -0.0062 -0.7443 0.6678
vn -0.4198 -0.8785 0.2281
vn -0.2267 -0.7892 0.5708
vn -0.4624 -0.8134 0.3531
vn 0.1786 -0.8414 0.5100
vn 0.4623 -0.8134 0.3531
vn 0.0543 -0.6550 0.7537
vn -0.0000 -0.6108 0.7918
vn -0.0000 -0.7839 0.6208
vn -0.0543 -0.6550 0.7537
vn -0.1786 -0.8414 0.5100
vn -0.5126 -0.8399 0.1785
vn -0.0000 1.0000 -0.0000
s 1
f 69//1 2//2 1//3
f 70//4 3//5 2//2
f 71//6 4//7 3//5
f 72//8 5//7 4//7
f 73//9 6//7 5//7
f 74//10 7//7 6//7
f 75//11 8//7 7//7
f 76//12 9//7 8//7
f 77//13 10//7 9//7
f 78//14 11//7 10//7
f 79//15 12//7 11//7
f 80//16 13//7 12//7
f 81//17 14//7 13//7
f 82//18 15//7 14//7
f 83//19 16//7 15//7
f 84//20 17//7 16//7
f 85//21 18//7 17//7
f 86//22 19//7 18//7
f 87//23 20//7 19//7
f 88//24 21//7 20//7
f 89//25 22//7 21//7
f 90//26 23//7 22//7
f 91//27 24//7 23//7
f 92//28 25//7 24//7
f 93//20 26//7 25//7
f 94//29 27//7 26//7
f 95//30 28//7 27//7
f 96//31 29//7 28//7
f 97//32 30//7 29//7
f 98//33 31//7 30//7
f 99//34 32//7 31//7
f 100//35 33//7 32//7
f 101//36 34//7 33//7
f 102//11 35//7 34//7
f 103//11 36//7 35//7
f 104//37 37//7 36//7
f 105//38 38//7 37//7
f 106//39 39//7 38//7
f 107//40 40//7 39//7
f 108//41 41//7 40//7
f 109//42 42//7 41//7
f 110//43 43//7 42//7
f 111//44 44//7 43//7
f 112//20 45//7 44//7
f 113//45 46//7 45//7
f 114//46 47//7 46//7
f 115//47 48//7 47//7
f 116//48 49//7 48//7
f 117//49 50//7 49//7
f 118//50 51//7 50//7
f 119//51 52//7 51//7
f 120//52 53//7 52//7
f 121//20 54//7 53//7
f 122//53 55//7 54//7
f 123//54 56//7 55//7
f 124//55 57//7 56//7
f 125//56 58//7 57//7
f 126//57 59//7 58//7
f 127//58 60//7 59//7
f 128//59 61//7 60//7
f 129//60 62//7 61//7
f 130//20 63//7 62//7
f 131//61 64//7 63//7
f 132//62 65//7 64//7
f 133//63 66//64 65//7
f 66//64 135//65 67//66
f 67//66 136//67 68//3
f 137//68 70//4 69//1
f 138//69 71//6 70//4
f 139//70 72//8 71//6
f 72//8 141//71 73//9
f 73//9 142//72 74//10
f 74//10 143//73 75//11
f 143//73 76//12 75//11
f 144//74 77//13 76//12
f 145//75 78//14 77//13
f 146//76 79//15 78//14
f 79//15 148//77 80//16
f 80//16 149//78 81//17
f 81//17 150//79 82//18
f 82//18 151//80 83//19
f 83//19 152//81 84//20
f 152//81 85//21 84//20
f 153//82 86//22 85//21
f 154//83 87//23 86//22
f 155//84 88//24 87//23
f 156//85 89//25 88//24
f 89//25 158//86 90//26
f 90//26 159//87 91//27
f 91//27 160//88 92//28
f 92//28 161//89 93//20
f 161//89 94//29 93//20
f 162//90 95//30 94//29
f 163//91 96//31 95//30
f 164//92 97//32 96//31
f 165//93 98//33 97//32
f 98//33 167//94 99//34
f 99//34 168//95 100//35
f 100//35 169//96 101//36
f 101//36 170//97 102//11
f 170//97 103//11 102//11
f 171//98 104//37 103//11
f 172//99 105//38 104//37
f 173//100 106//39 105//38
f 174//101 107//40 106//39
f 107//40 176//102 108//41
f 108//41 177//103 109//42
f 109//42 178//104 110//43
f 110//43 179//105 111//44
f 111//44 180//106 112//20
f 180//106 113//45 112//20
f 181//107 114//46 113//45
f 182//108 115//47 114//46
f 183//109 116//48 115//47
f 116//48 185//110 117//49
f 117//49 186//111 118//50
f 118//50 187//112 119//51
f 119//51 188//113 120//52
f 120//52 189//114 121//20
f 189//114 122//53 121//20
f 190//115 123//54 122//53
f 191//116 124//55 123//54
f 192//117 125//56 124//55
f 193//118 126//57 125//56
f 126//57 195//119 127//58
f 127//58 196//120 128//59
f 128//59 197//121 129//60
f 129//60 198//122 130//20
f 198//122 131//61 130//20
f 199//123 132//62 131//61
f 200//124 133//63 132//62
f 133//63 202//125 134//126
f 134//126 203//127 135//65
f 203//127 136//67 135//65
f 205//68 138//69 137//68
f 138//69 207//128 139//70
f 207//128 140//129 139//70
f 140//129 209//130 141//71
f 141//71 210//131 142//72
f 142//72 211//132 143//73
f 211//132 144//74 143//73
f 212//133 145//75 144//74
f 213//134 146//76 145//75
f 214//135 147//136 146//76
f 147//136 216//137 148//77
f 148//77 217//138 149//78
f 149//78 218//139 150//79
f 150//79 219//140 151//80
f 151//80 220//141 152//81
f 220//141 153//82 152//81
f 221//142 154//83 153//82
f 222//143 155//84 154//83
f 223//144 156//85 155//84
f 224//145 157//146 156//85
f 157//146 226//147 158//86
f 158//86 227//148 159//87
f 159//87 228//149 160//88
f 160//88 229//150 161//89
f 229//150 162//90 161//89
f 230//151 163//91 162//90
f 231//152 164//92 163//91
f 232//153 165//93 164//92
f 233//154 166//155 165//93
f 166//155 235//156 167//94
f 167//94 236//157 168//95
f 168//95 237//158 169//96
f 169//96 238//159 170//97
f 238//159 171//98 170//97
f 239//160 172//99 171//98
f 240//161 173//100 172//99
f 241//162 174//101 173//100
f 242//163 175//164 174//101
f 175//164 244//165 176//102
f 176//102 245//166 177//103
f 177//103 246//167 178//104
f 178//104 247//168 179//105
f 179//105 248//169 180//106
f 248//169 181//107 180//106
f 249//170 182//108 181//107
f 250//171 183//109 182//108
f 251//172 184//173 183//109
f 184//173 253//174 185//110
f 185//110 254//175 186//111
f 186//111 255//176 187//112
f 187//112 256//177 188//113
f 188//113 257//178 189//114
f 257//178 190//115 189//114
f 258//179 191//116 190//115
f 259//180 192//117 191//116
f 260//181 193//118 192//117
f 261//182 194//183 193//118
f 194//183 263//184 195//119
f 195//119 264//185 196//120
f 196//120 265//186 197//121
f 197//121 266//187 198//122
f 266//187 199//123 198//122
f 267//188 200//124 199//123
f 268//189 201//190 200//124
f 201//190 270//191 202//125
f 270//191 203//127 202//125
f 271//192 204//193 203//127
f 273//68 206//194 205//68
f 206//194 275//195 207//128
f 207//128 276//196 208//197
f 276//196 209//130 208//197
f 277//198 210//131 209//130
f 278//199 211//132 210//131
f 211//132 280//200 212//133
f 212//133 281//201 213//134
f 213//134 282//202 214//135
f 214//135 283//203 215//204
f 283//203 216//137 215//204
f 284//205 217//138 216//137
f 285//206 218//139 217//138
f 286//207 219//140 218//139
f 287//208 220//141 219//140
f 220//141 289//209 221//142
f 221//142 290//210 222//143
f 222//143 291//211 223//144
f 223//144 292//212 224//145
f 224//145 293//213 225//214
f 293//213 226//147 225//214
f 294//215 227//148 226//147
f 295//216 228//149 227//148
f 296//217 229//150 228//149
f 229//150 298//218 230//151
f 230//151 299//219 231//152
f 231//152 300//220 232//153
f 232//153 301//221 233//154
f 233//154 302//222 234//223
f 302//222 235//156 234//223
f 303//224 236//157 235//156
f 304//225 237//158 236//157
f 305//226 238//159 237//158
f 306//227 239//160 238//159
f 239//160 308//228 240//161
f 240//161 309//229 241//162
f 241//162 310//230 242//163
f 242//163 311//231 243//232
f 311//231 244//165 243//232
f 312//233 245//166 244//165
f 313//234 246//167 245//166
f 314//235 247//168 246//167
f 315//236 248//169 247//168
f 248//169 317//237 249//170
f 249//170 318//238 250//171
f 250//171 319//239 251//172
f 251//172 320//240 252//241
f 320//240 253//174 252//241
f 321//242 254//175 253//174
f 322//243 255//176 254//175
f 323//244 256//177 255//176
f 324//245 257//178 256//177
f 257//178 326//246 258//179
f 258//179 327//247 259//180
f 259//180 328//248 260//181
f 260//181 329//249 261//182
f 261//182 330//250 262//251
f 330//250 263//184 262//251
f 331//252 264//185 263//184
f 332//253 265//186 264//185
f 333//254 266//187 265//186
f 266//187 335//255 267//188
f 267//188 336//256 268//189
f 268//189 337//257 269//258
f 337//257 270//191 269//258
f 338//259 271//192 270//191
f 339//260 272//193 271//192
f 341//68 274//261 273//68
f 274//261 343//262 275//195
f 275//195 344//263 276//196
f 344//263 277//198 276//196
f 345//264 278//199 277//198
f 346//265 279//266 278//199
f 279//266 348//267 280//200
f 280//200 349//268 281//201
f 281//201 350//269 282//202
f 282//202 351//270 283//203
f 351//270 284//205 283//203
f 352//271 285//206 284//205
f 353//272 286//207 285//206
f 354//273 287//208 286//207
f 355//274 288//275 287//208
f 356//3 289//209 288//275
f 289//209 358//276 290//210
f 290//210 359//277 291//211
f 291//211 360//278 292//212
f 292//212 361//279 293//213
f 361//279 294//215 293//213
f 362//280 295//216 294//215
f 363//281 296//217 295//216
f 364//282 297//283 296//217
f 365//3 298//218 297//283
f 298//218 367//284 299//219
f 299//219 368//285 300//220
f 300//220 369//286 301//221
f 301//221 370//287 302//222
f 370//287 303//224 302//222
f 371//288 304//225 303//224
f 372//289 305//226 304//225
f 373//290 306//227 305//226
f 374//3 307//291 306//227
f 307//291 376//292 308//228
f 308//228 377//293 309//229
f 309//229 378//294 310//230
f 310//230 379//295 311//231
f 379//295 312//233 311//231
f 380//296 313//234 312//233
f 381//297 314//235 313//234
f 382//298 315//236 314//235
f 383//299 316//300 315//236
f 316//300 385//301 317//237
f 317//237 386//302 318//238
f 318//238 387//303 319//239
f 319//239 388//304 320//240
f 388//304 321//242 320//240
f 389//305 322//243 321//242
f 390//306 323//244 322//243
f 391//307 324//245 323//244
f 392//308 325//309 324//245
f 325//309 394//310 326//246
f 326//246 395//311 327//247
f 327//247 396//312 328//248
f 328//248 397//313 329//249
f 329//249 398//314 330//250
f 398//314 331//252 330//250
f 399//315 332//253 331//252
f 400//316 333//254 332//253
f 401//317 334//318 333//254
f 402//3 335//255 334//318
f 335//255 404//319 336//256
f 336//256 405//320 337//257
f 405//320 338//259 337//257
f 406//321 339//260 338//259
f 407//322 340//193 339//260
f 409//68 342//323 341//68
f 342//323 411//324 343//262
f 343//262 412//325 344//263
f 412//325 345//264 344//263
f 413//326 346//265 345//264
f 414//3 347//3 346//265
f 415//3 348//267 347//3
f 348//267 417//327 349//268
f 349//268 418//328 350//269
f 350//269 419//329 351//270
f 419//329 352//271 351//270
f 420//330 353//272 352//271
f 421//331 354//273 353//272
f 422//332 355//274 354//273
f 423//3 356//3 355//274
f 424//3 357//333 356//3
f 357//333 426//334 358//276
f 358//276 427//335 359//277
f 359//277 428//336 360//278
f 360//278 429//337 361//279
f 429//337 362//280 361//279
f 430//338 363//281 362//280
f 431//339 364//282 363//281
f 432//3 365//3 364//282
f 433//3 366//340 365//3
f 434//3 367//284 366//340
f 367//284 436//341 368//285
f 368//285 437//342 369//286
f 369//286 438//343 370//287
f 438//343 371//288 370//287
f 439//344 372//289 371//288
f 440//345 373//290 372//289
f 441//3 374//3 373//290
f 442//3 375//3 374//3
f 443//3 376//292 375//3
f 376//292 445//346 377//293
f 377//293 446//347 378//294
f 378//294 447//348 379//295
f 447//348 380//296 379//295
f 448//349 381//297 380//296
f 449//350 382//298 381//297
f 450//351 383//299 382//298
f 451//3 384//3 383//299
f 452//3 385//301 384//3
f 385//301 454//352 386//302
f 386//302 455//353 387//303
f 387//303 456//354 388//304
f 456//354 389//305 388//304
f 457//355 390//306 389//305
f 458//356 391//307 390//306
f 459//357 392//308 391//307
f 460//3 393//3 392//308
f 461//3 394//310 393//3
f 394//310 463//358 395//311
f 395//311 464//359 396//312
f 396//312 465//360 397//313
f 397//313 466//361 398//314
f 466//361 399//315 398//314
f 467//362 400//316 399//315
f 468//363 401//317 400//316
f 469//3 402//3 401//317
f 470//3 403//364 402//3
f 403//364 472//365 404//319
f 404//319 473//366 405//320
f 473//366 406//321 405//320
f 474//367 407//322 406//321
f 475//368 408//193 407//322
f 477//68 410//369 409//68
f 410//369 479//370 411//324
f 479//370 412//325 411//324
f 480//371 413//326 412//325
f 481//3 414//3 413//326
f 482//3 415//3 414//3
f 483//3 416//3 415//3
f 484//372 417//327 416//3
f 485//373 418//328 417//327
f 418//328 487//374 419//329
f 487//374 420//330 419//329
f 488//375 421//331 420//330
f 489//376 422//332 421//331
f 490//3 423//3 422//332
f 491//3 424//3 423//3
f 492//3 425//3 424//3
f 493//3 426//334 425//3
f 494//3 427//335 426//334
f 427//335 496//377 428//336
f 428//336 497//378 429//337
f 497//378 430//338 429//337
f 498//379 431//339 430//338
f 499//380 432//3 431//339
f 500//3 433//3 432//3
f 501//3 434//3 433//3
f 502//3 435//351 434//3
f 503//3 436//341 435//351
f 436//341 505//381 437//342
f 437//342 506//382 438//343
f 506//382 439//344 438//343
f 439//344 508//383 440//345
f 508//383 441//3 440//345
f 509//3 442//3 441//3
f 510//3 443//3 442//3
f 511//3 444//3 443//3
f 512//3 445//346 444//3
f 513//384 446//347 445//346
f 446//347 515//385 447//348
f 515//385 448//349 447//348
f 516//386 449//350 448//349
f 517//387 450//351 449//350
f 518//3 451//3 450//351
f 519//3 452//3 451//3
f 520//3 453//3 452//3
f 521//3 454//352 453//3
f 522//388 455//353 454//352
f 455//353 524//389 456//354
f 524//389 457//355 456//354
f 525//390 458//356 457//355
f 526//391 459//357 458//356
f 527//3 460//3 459//357
f 528//3 461//3 460//3
f 529//3 462//3 461//3
f 530//3 463//358 462//3
f 531//3 464//359 463//358
f 464//359 533//392 465//360
f 465//360 534//393 466//361
f 534//393 467//362 466//361
f 535//394 468//363 467//362
f 536//373 469//3 468//363
f 537//395 470//3 469//3
f 538//3 471//3 470//3
f 539//3 472//365 471//3
f 540//3 473//366 472//365
f 541//396 474//367 473//366
f 542//397 475//368 474//367
f 543//368 476//193 475//368
f 545//68 478//369 477//68
f 546//398 479//370 478//369
f 547//399 480//371 479//370
f 480//371 549//400 481//3
f 549//400 482//3 481//3
f 550//3 483//3 482//3
f 551//3 484//372 483//3
f 484//372 553//401 485//373
f 553//401 486//402 485//373
f 554//403 487//374 486//402
f 487//374 556//404 488//375
f 488//375 557//405 489//376
f 489//376 558//406 490//3
f 558//406 491//3 490//3
f 559//3 492//3 491//3
f 560//3 493//3 492//3
f 561//3 494//3 493//3
f 562//407 495//408 494//3
f 563//409 496//377 495//408
f 564//410 497//378 496//377
f 497//378 566//411 498//379
f 498//379 567//412 499//380
f 499//380 568//413 500//3
f 568//413 501//3 500//3
f 569//3 502//3 501//3
f 570//3 503//3 502//3
f 571//414 504//415 503//3
f 572//416 505//381 504//415
f 573//417 506//382 505//381
f 506//382 575//418 507//419
f 507//419 576//420 508//383
f 508//383 577//421 509//3
f 577//421 510//3 509//3
f 578//3 511//3 510//3
f 579//3 512//3 511//3
f 580//422 513//384 512//3
f 581//423 514//424 513//384
f 582//425 515//385 514//424
f 515//385 584//426 516//386
f 516//386 585//427 517//387
f 517//387 586//428 518//3
f 586//428 519//3 518//3
f 587//3 520//3 519//3
f 588//3 521//3 520//3
f 589//429 522//388 521//3
f 590//430 523//431 522//388
f 591//432 524//389 523//431
f 524//389 593//433 525//390
f 525//390 594//434 526//391
f 526//391 595//435 527//3
f 595//435 528//3 527//3
f 596//3 529//3 528//3
f 597//3 530//3 529//3
f 598//3 531//3 530//3
f 599//436 532//437 531//3
f 600//438 533//392 532//437
f 601//439 534//393 533//392
f 534//393 603//440 535//394
f 535//394 604//441 536//373
f 604//441 537//395 536//373
f 605//442 538//3 537//395
f 606//3 539//3 538//3
f 607//3 540//3 539//3
f 608//443 541//396 540//3
f 541//396 610//444 542//397
f 542//397 611//445 543//368
f 611//445 544//193 543//368
f 613//68 546//398 545//68
f 614//446 547//399 546//398
f 615//447 548//448 547//399
f 548//448 617//449 549//400
f 549//400 618//450 550//3
f 618//450 551//3 550//3
f 619//3 552//451 551//3
f 620//452 553//401 552//451
f 621//453 554//403 553//401
f 622//454 555//455 554//403
f 555//455 624//456 556//404
f 556//404 625//457 557//405
f 557//405 626//458 558//406
f 558//406 627//459 559//3
f 627//459 560//3 559//3
f 628//3 561//3 560//3
f 629//460 562//407 561//3
f 630//461 563//409 562//407
f 631//462 564//410 563//409
f 632//463 565//464 564//410
f 565//464 634//465 566//411
f 566//411 635//466 567//412
f 567//412 636//467 568//413
f 568//413 637//468 569//3
f 637//468 570//3 569//3
f 638//469 571//414 570//3
f 639//470 572//416 571//414
f 640//471 573//417 572//416
f 641//472 574//473 573//417
f 574//473 643//474 575//418
f 575//418 644//475 576//420
f 576//420 645//476 577//421
f 577//421 646//477 578//3
f 646//477 579//3 578//3
f 647//478 580//422 579//3
f 648//479 581//423 580//422
f 649//480 582//425 581//423
f 650//481 583//482 582//425
f 583//482 652//483 584//426
f 584//426 653//484 585//427
f 585//427 654//485 586//428
f 586//428 655//486 587//3
f 655//486 588//3 587//3
f 656//487 589//429 588//3
f 657//488 590//430 589//429
f 658//489 591//432 590//430
f 659//490 592//491 591//432
f 592//491 661//492 593//433
f 593//433 662//493 594//434
f 594//434 663//494 595//435
f 595//435 664//495 596//3
f 664//495 597//3 596//3
f 665//3 598//3 597//3
f 666//496 599//436 598//3
f 667//497 600//438 599//436
f 668//498 601//439 600//438
f 669//499 602//500 601//439
f 602//500 671//501 603//440
f 603//440 672//502 604//441
f 604//441 673//503 605//442
f 673//503 606//3 605//442
f 674//3 607//3 606//3
f 675//504 608//443 607//3
f 676//505 609//506 608//443
f 609//506 678//507 610//444
f 610//444 679//508 611//445
f 679//508 612//193 611//445
f 681//68 614//446 613//68
f 682//509 615//447 614//446
f 683//510 616//511 615//447
f 616//511 685//512 617//449
f 617//449 686//513 618//450
f 618//450 687//514 619//3
f 687//514 620//452 619//3
f 688//515 621//453 620//452
f 689//516 622//454 621//453
f 690//517 623//518 622//454
f 623//518 692//519 624//456
f 624//456 693//520 625//457
f 625//457 694//521 626//458
f 626//458 695//522 627//459
f 627//459 696//523 628//3
f 696//523 629//460 628//3
f 697//524 630//461 629//460
f 698//525 631//462 630//461
f 699//526 632//463 631//462
f 700//527 633//528 632//463
f 633//528 702//529 634//465
f 634//465 703//530 635//466
f 635//466 704//531 636//467
f 636//467 705//532 637//468
f 637//468 706//533 638//469
f 706//533 639//470 638//469
f 707//534 640//471 639//470
f 708//535 641//472 640//471
f 709//536 642//537 641//472
f 642//537 711//538 643//474
f 643//474 712//539 644//475
f 644//475 713//540 645//476
f 645//476 714//541 646//477
f 714//541 647//478 646//477
f 715//542 648//479 647//478
f 716//543 649//480 648//479
f 717//544 650//481 649//480
f 718//545 651//546 650//481
f 651//546 720//547 652//483
f 652//483 721//548 653//484
f 653//484 722//549 654//485
f 654//485 723//550 655//486
f 723//550 656//487 655//486
f 724//551 657//488 656//487
f 725//552 658//489 657//488
f 726//553 659//490 658//489
f 727//554 660//555 659//490
f 660//555 729//556 661//492
f 661//492 730//557 662//493
f 662//493 731//558 663//494
f 663//494 732//559 664//495
f 664//495 733//560 665//3
f 733//560 666//496 665//3
f 734//561 667//497 666//496
f 735//562 668//498 667//497
f 736//563 669//499 668//498
f 737//564 670//565 669//499
f 670//565 739//566 671//501
f 671//501 740//567 672//502
f 672//502 741//568 673//503
f 673//503 742//569 674//3
f 742//569 675//504 674//3
f 743//570 676//505 675//504
f 744//571 677//572 676//505
f 677//572 746//573 678//507
f 678//507 747//574 679//508
f 747//574 680//193 679//508
f 749//68 682//509 681//68
f 750//575 683//510 682//509
f 751//576 684//577 683//510
f 684//577 753//578 685//512
f 685//512 754//579 686//513
f 686//513 755//580 687//514
f 755//580 688//515 687//514
f 756//581 689//516 688//515
f 757//582 690//517 689//516
f 758//583 691//584 690//517
f 691//584 760//585 692//519
f 692//519 761//586 693//520
f 693//520 762//587 694//521
f 694//521 763//588 695//522
f 695//522 764//589 696//523
f 764//589 697//524 696//523
f 765//590 698//525 697//524
f 766//591 699//526 698//525
f 767//592 700//527 699//526
f 768//593 701//594 700//527
f 701//594 770//595 702//529
f 702//529 771//596 703//530
f 703//530 772//597 704//531
f 704//531 773//598 705//532
f 773//598 706//533 705//532
f 774//599 707//534 706//533
f 775//600 708//535 707//534
f 776//601 709//536 708//535
f 777//602 710//603 709//536
f 710//603 779//604 711//538
f 711//538 780//605 712//539
f 712//539 781//606 713//540
f 713//540 782//607 714//541
f 782//607 715//542 714//541
f 783//608 716//543 715//542
f 784//609 717//544 716//543
f 785//610 718//545 717//544
f 786//611 719//612 718//545
f 719//612 788//613 720//547
f 720//547 789//614 721//548
f 721//548 790//615 722//549
f 722//549 791//616 723//550
f 723//550 792//617 724//551
f 792//617 725//552 724//551
f 793//618 726//553 725//552
f 794//619 727//554 726//553
f 795//620 728//621 727//554
f 728//621 797//622 729//556
f 729//556 798//623 730//557
f 730//557 799//624 731//558
f 731//558 800//625 732//559
f 732//559 801//626 733//560
f 801//626 734//561 733//560
f 802//627 735//562 734//561
f 803//628 736//563 735//562
f 804//629 737//564 736//563
f 805//630 738//631 737//564
f 738//631 807//632 739//566
f 739//566 808//633 740//567
f 740//567 809//634 741//568
f 741//568 810//635 742//569
f 810//635 743//570 742//569
f 811//636 744//571 743//570
f 812//637 745//638 744//571
f 745//638 814//639 746//573
f 746//573 815//640 747//574
f 815//640 748//193 747//574
f 817//68 750//575 749//68
f 750//575 819//641 751//576
f 751//576 820//642 752//643
f 820//642 753//578 752//643
f 821//644 754//579 753//578
f 822//645 755//580 754//579
f 755//580 824//646 756//581
f 756//581 825//647 757//582
f 757//582 826//648 758//583
f 758//583 827//649 759//650
f 827//649 760//585 759//650
f 828//651 761//586 760//585
f 829//652 762//587 761//586
f 830//653 763//588 762//587
f 831//654 764//589 763//588
f 764//589 833//655 765//590
f 765//590 834//656 766//591
f 766//591 835//657 767//592
f 767//592 836//658 768//593
f 768//593 837//659 769//660
f 837//659 770//595 769//660
f 838//661 771//596 770//595
f 839//662 772//597 771//596
f 840//663 773//598 772//597
f 773//598 842//664 774//599
f 774//599 843//665 775//600
f 775//600 844//666 776//601
f 776//601 845//667 777//602
f 777//602 846//668 778//669
f 846//668 779//604 778//669
f 847//670 780//605 779//604
f 848//671 781//606 780//605
f 849//672 782//607 781//606
f 850//673 783//608 782//607
f 783//608 852//674 784//609
f 784//609 853//675 785//610
f 785//610 854//676 786//611
f 786//611 855//677 787//678
f 855//677 788//613 787//678
f 856//679 789//614 788//613
f 857//680 790//615 789//614
f 858//681 791//616 790//615
f 859//682 792//617 791//616
f 792//617 861//683 793//618
f 793//618 862//684 794//619
f 794//619 863//685 795//620
f 795//620 864//686 796//687
f 864//686 797//622 796//687
f 865//688 798//623 797//622
f 866//689 799//624 798//623
f 867//690 800//625 799//624
f 868//691 801//626 800//625
f 801//626 870//692 802//627
f 802//627 871//693 803//628
f 803//628 872//694 804//629
f 804//629 873//695 805//630
f 805//630 874//696 806//697
f 874//696 807//632 806//697
f 875//698 808//633 807//632
f 876//699 809//634 808//633
f 877//700 810//635 809//634
f 810//635 879//701 811//636
f 811//636 880//702 812//637
f 812//637 881//703 813//704
f 881//703 814//639 813//704
f 882//705 815//640 814//639
f 883//706 816//193 815//640
f 885//68 818//707 817//68
f 818//707 887//708 819//641
f 819//641 888//709 820//642
f 888//709 821//644 820//642
f 889//710 822//645 821//644
f 890//711 823//712 822//645
f 823//712 892//713 824//646
f 824//646 893//714 825//647
f 825//647 894//715 826//648
f 826//648 895//716 827//649
f 895//716 828//651 827//649
f 896//717 829//652 828//651
f 897//718 830//653 829//652
f 898//719 831//654 830//653
f 899//720 832//721 831//654
f 832//721 901//722 833//655
f 833//655 902//723 834//656
f 834//656 903//724 835//657
f 835//657 904//725 836//658
f 836//658 905//726 837//659
f 905//726 838//661 837//659
f 906//727 839//662 838//661
f 907//728 840//663 839//662
f 908//729 841//730 840//663
f 841//730 910//731 842//664
f 842//664 911//732 843//665
f 843//665 912//733 844//666
f 844//666 913//734 845//667
f 845//667 914//735 846//668
f 914//735 847//670 846//668
f 915//736 848//671 847//670
f 916//737 849//672 848//671
f 917//738 850//673 849//672
f 918//739 851//740 850//673
f 851//740 920//741 852//674
f 852//674 921//742 853//675
f 853//675 922//743 854//676
f 854//676 923//744 855//677
f 923//744 856//679 855//677
f 924//745 857//680 856//679
f 925//746 858//681 857//680
f 926//747 859//682 858//681
f 927//748 860//749 859//682
f 860//749 929//750 861//683
f 861//683 930//751 862//684
f 862//684 931//752 863//685
f 863//685 932//753 864//686
f 932//753 865//688 864//686
f 933//754 866//689 865//688
f 934//755 867//690 866//689
f 935//756 868//691 867//690
f 936//757 869//758 868//691
f 869//758 938//759 870//692
f 870//692 939//760 871//693
f 871//693 940//761 872//694
f 872//694 941//762 873//695
f 873//695 942//763 874//696
f 942//763 875//698 874//696
f 943//764 876//699 875//698
f 944//765 877//700 876//699
f 945//766 878//767 877//700
f 878//767 947//768 879//701
f 879//701 948//769 880//702
f 880//702 949//770 881//703
f 949//770 882//705 881//703
f 950//771 883//706 882//705
f 951//772 884//193 883//706
f 953//68 886//773 885//68
f 886//773 955//774 887//708
f 887//708 956//775 888//709
f 956//775 889//710 888//709
f 957//776 890//711 889//710
f 958//777 891//778 890//711
f 891//778 960//779 892//713
f 892//713 961//780 893//714
f 893//714 962//781 894//715
f 894//715 963//782 895//716
f 963//782 896//717 895//716
f 964//783 897//718 896//717
f 965//784 898//719 897//718
f 966//785 899//720 898//719
f 967//786 900//787 899//720
f 900//787 969//788 901//722
f 901//722 970//789 902//723
f 902//723 971//790 903//724
f 903//724 972//791 904//725
f 904//725 973//792 905//726
f 973//792 906//727 905//726
f 974//793 907//728 906//727
f 975//794 908//729 907//728
f 976//795 909//796 908//729
f 977//3 910//731 909//796
f 910//731 979//797 911//732
f 911//732 980//798 912//733
f 912//733 981//799 913//734
f 913//734 982//800 914//735
f 982//800 915//736 914//735
f 983//801 916//737 915//736
f 984//802 917//738 916//737
f 985//803 918//739 917//738
f 986//3 919//804 918//739
f 919//804 988//805 920//741
f 920//741 989//806 921//742
f 921//742 990//807 922//743
f 922//743 991//808 923//744
f 991//808 924//745 923//744
f 992//809 925//746 924//745
f 993//810 926//747 925//746
f 994//811 927//748 926//747
f 995//812 928//813 927//748
f 928//813 997//814 929//750
f 929//750 998//815 930//751
f 930//751 999//816 931//752
f 931//752 1000//817 932//753
f 1000//817 933//754 932//753
f 1001//818 934//755 933//754
f 1002//819 935//756 934//755
f 1003//820 936//757 935//756
f 1004//821 937//822 936//757
f 937//822 1006//823 938//759
f 938//759 1007//824 939//760
f 939//760 1008//825 940//761
f 940//761 1009//826 941//762
f 941//762 1010//827 942//763
f 1010//827 943//764 942//763
f 1011//828 944//765 943//764
f 1012//829 945//766 944//765
f 1013//830 946//831 945//766
f 1014//3 947//768 946//831
f 947//768 1016//832 948//769
f 948//769 1017//833 949//770
f 1017//833 950//771 949//770
f 1018//834 951//772 950//771
f 1019//835 952//193 951//772
f 1021//68 954//836 953//68
f 954//836 1023//837 955//774
f 955//774 1024//838 956//775
f 1024//838 957//776 956//775
f 1025//839 958//777 957//776
f 1026//3 959//3 958//777
f 1027//3 960//779 959//3
f 960//779 1029//840 961//780
f 961//780 1030//841 962//781
f 962//781 1031//842 963//782
f 1031//842 964//783 963//782
f 1032//843 965//784 964//783
f 1033//844 966//785 965//784
f 1034//845 967//786 966//785
f 1035//3 968//3 967//786
f 1036//3 969//788 968//3
f 969//788 1038//846 970//789
f 970//789 1039//847 971//790
f 971//790 1040//848 972//791
f 972//791 1041//849 973//792
f 1041//849 974//793 973//792
f 1042//850 975//794 974//793
f 1043//851 976//795 975//794
f 1044//3 977//3 976//795
f 1045//3 978//852 977//3
f 978//852 1047//853 979//797
f 979//797 1048//854 980//798
f 980//798 1049//855 981//799
f 981//799 1050//856 982//800
f 1050//856 983//801 982//800
f 1051//857 984//802 983//801
f 1052//858 985//803 984//802
f 1053//3 986//3 985//803
f 1054//3 987//3 986//3
f 1055//3 988//805 987//3
f 988//805 1057//859 989//806
f 989//806 1058//860 990//807
f 990//807 1059//861 991//808
f 1059//861 992//809 991//808
f 1060//862 993//810 992//809
f 1061//863 994//811 993//810
f 1062//864 995//812 994//811
f 1063//3 996//3 995//812
f 1064//3 997//814 996//3
f 997//814 1066//865 998//815
f 998//815 1067//866 999//816
f 999//816 1068//867 1000//817
f 1068//867 1001//818 1000//817
f 1069//868 1002//819 1001//818
f 1070//869 1003//820 1002//819
f 1071//870 1004//821 1003//820
f 1072//3 1005//3 1004//821
f 1073//3 1006//823 1005//3
f 1006//823 1075//871 1007//824
f 1007//824 1076//872 1008//825
f 1008//825 1077//873 1009//826
f 1009//826 1078//874 1010//827
f 1078//874 1011//828 1010//827
f 1079//875 1012//829 1011//828
f 1080//876 1013//830 1012//829
f 1081//3 1014//3 1013//830
f 1082//3 1015//877 1014//3
f 1015//877 1084//878 1016//832
f 1016//832 1085//879 1017//833
f 1085//879 1018//834 1017//833
f 1086//880 1019//835 1018//834
f 1087//881 1020//193 1019//835
f 1089//68 1022//882 1021//68
f 1022//882 1091//883 1023//837
f 1091//883 1024//838 1023//837
f 1092//884 1025//839 1024//838
f 1093//3 1026//3 1025//839
f 1094//3 1027//3 1026//3
f 1095//3 1028//3 1027//3
f 1096//3 1029//840 1028//3
f 1029//840 1098//885 1030//841
f 1030//841 1099//886 1031//842
f 1099//886 1032//843 1031//842
f 1100//887 1033//844 1032//843
f 1101//888 1034//845 1033//844
f 1102//3 1035//3 1034//845
f 1103//3 1036//3 1035//3
f 1104//3 1037//3 1036//3
f 1105//3 1038//846 1037//3
f 1106//3 1039//847 1038//846
f 1039//847 1108//889 1040//848
f 1040//848 1109//890 1041//849
f 1109//890 1042//850 1041//849
f 1110//891 1043//851 1042//850
f 1111//3 1044//3 1043//851
f 1112//3 1045//3 1044//3
f 1113//3 1046//3 1045//3
f 1114//3 1047//853 1046//3
f 1115//3 1048//854 1047//853
f 1048//854 1117//892 1049//855
f 1049//855 1118//893 1050//856
f 1118//893 1051//857 1050//856
f 1119//894 1052//858 1051//857
f 1120//895 1053//3 1052//858
f 1121//3 1054//3 1053//3
f 1122//3 1055//3 1054//3
f 1123//3 1056//3 1055//3
f 1124//3 1057//859 1056//3
f 1057//859 1126//896 1058//860
f 1058//860 1127//897 1059//861
f 1127//897 1060//862 1059//861
f 1128//898 1061//863 1060//862
f 1129//899 1062//864 1061//863
f 1130//3 1063//3 1062//864
f 1131//3 1064//3 1063//3
f 1132//3 1065//3 1064//3
f 1133//3 1066//865 1065//3
f 1066//865 1135//900 1067//866
f 1067//866 1136//901 1068//867
f 1136//901 1069//868 1068//867
f 1137//902 1070//869 1069//868
f 1138//903 1071//870 1070//869
f 1139//3 1072//3 1071//870
f 1140//3 1073//3 1072//3
f 1141//3 1074//3 1073//3
f 1142//3 1075//871 1074//3
f 1075//871 1144//904 1076//872
f 1076//872 1145//905 1077//873
f 1077//873 1146//906 1078//874
f 1146//906 1079//875 1078//874
f 1147//907 1080//876 1079//875
f 1148//3 1081//3 1080//876
f 1149//3 1082//3 1081//3
f 1150//3 1083//3 1082//3
f 1151//3 1084//878 1083//3
f 1152//3 1085//879 1084//878
f 1153//908 1086//880 1085//879
f 1154//909 1087//881 1086//880
f 1155//368 1088//193 1087//881
f 1157//68 1090//369 1089//68
f 1158//910 1091//883 1090//369
f 1159//911 1092//884 1091//883
f 1092//884 1161//912 1093//3
f 1161//912 1094//3 1093//3
f 1162//3 1095//3 1094//3
f 1163//3 1096//3 1095//3
f 1164//3 1097//3 1096//3
f 1165//913 1098//885 1097//3
f 1166//914 1099//886 1098//885
f 1099//886 1168//915 1100//887
f 1100//887 1169//916 1101//888
f 1101//888 1170//917 1102//3
f 1170//917 1103//3 1102//3
f 1171//3 1104//3 1103//3
f 1172//3 1105//3 1104//3
f 1173//3 1106//3 1105//3
f 1174//918 1107//919 1106//3
f 1175//920 1108//889 1107//919
f 1176//921 1109//890 1108//889
f 1109//890 1178//922 1110//891
f 1110//891 1179//923 1111//3
f 1179//923 1112//3 1111//3
f 1180//924 1113//3 1112//3
f 1181//3 1114//3 1113//3
f 1182//3 1115//3 1114//3
f 1183//925 1116//926 1115//3
f 1184//927 1117//892 1116//926
f 1185//928 1118//893 1117//892
f 1118//893 1187//929 1119//894
f 1119//894 1188//930 1120//895
f 1120//895 1189//931 1121//3
f 1189//931 1122//3 1121//3
f 1190//3 1123//3 1122//3
f 1191//3 1124//3 1123//3
f 1192//932 1125//933 1124//3
f 1193//934 1126//896 1125//933
f 1194//935 1127//897 1126//896
f 1127//897 1196//936 1128//898
f 1128//898 1197//937 1129//899
f 1129//899 1198//938 1130//3
f 1198//938 1131//3 1130//3
f 1199//3 1132//3 1131//3
f 1200//3 1133//3 1132//3
f 1201//939 1134//3 1133//3
f 1202//940 1135//900 1134//3
f 1203//941 1136//901 1135//900
f 1136//901 1205//942 1137//902
f 1137//902 1206//943 1138//903
f 1138//903 1207//944 1139//3
f 1207//944 1140//3 1139//3
f 1208//3 1141//3 1140//3
f 1209//3 1142//3 1141//3
f 1210//3 1143//3 1142//3
f 1211//945 1144//904 1143//3
f 1212//946 1145//905 1144//904
f 1213//947 1146//906 1145//905
f 1146//906 1215//948 1147//907
f 1147//907 1216//949 1148//3
f 1216//949 1149//3 1148//3
f 1217//3 1150//3 1149//3
f 1218//3 1151//3 1150//3
f 1219//3 1152//3 1151//3
f 1220//950 1153//908 1152//3
f 1153//908 1222//951 1154//909
f 1154//909 1223//952 1155//368
f 1223//952 1156//193 1155//368
f 1225//68 1158//910 1157//68
f 1226//953 1159//911 1158//910
f 1227//954 1160//955 1159//911
f 1160//955 1229//956 1161//912
f 1161//912 1230//957 1162//3
f 1230//957 1163//3 1162//3
f 1231//3 1164//3 1163//3
f 1232//958 1165//913 1164//3
f 1233//959 1166//914 1165//913
f 1234//960 1167//961 1166//914
f 1167//961 1236//962 1168//915
f 1168//915 1237//963 1169//916
f 1169//916 1238//964 1170//917
f 1170//917 1239//965 1171//3
f 1239//965 1172//3 1171//3
f 1240//3 1173//3 1172//3
f 1241//966 1174//918 1173//3
f 1242//967 1175//920 1174//918
f 1243//968 1176//921 1175//920
f 1244//969 1177//970 1176//921
f 1177//970 1246//971 1178//922
f 1178//922 1247//972 1179//923
f 1179//923 1248//973 1180//924
f 1248//973 1181//3 1180//924
f 1249//974 1182//3 1181//3
f 1250//975 1183//925 1182//3
f 1251//976 1184//927 1183//925
f 1252//977 1185//928 1184//927
f 1253//978 1186//979 1185//928
f 1186//979 1255//980 1187//929
f 1187//929 1256//981 1188//930
f 1188//930 1257//982 1189//931
f 1189//931 1258//983 1190//3
f 1258//983 1191//3 1190//3
f 1259//984 1192//932 1191//3
f 1260//985 1193//934 1192//932
f 1261//986 1194//935 1193//934
f 1262//987 1195//988 1194//935
f 1195//988 1264//989 1196//936
f 1196//936 1265//990 1197//937
f 1197//937 1266//991 1198//938
f 1198//938 1267//992 1199//3
f 1267//992 1200//3 1199//3
f 1268//340 1201//939 1200//3
f 1269//993 1202//940 1201//939
f 1270//994 1203//941 1202//940
f 1271//995 1204//996 1203//941
f 1204//996 1273//997 1205//942
f 1205//942 1274//998 1206//943
f 1206//943 1275//999 1207//944
f 1207//944 1276//1000 1208//3
f 1276//1000 1209//3 1208//3
f 1277//3 1210//3 1209//3
f 1278//1001 1211//945 1210//3
f 1279//1002 1212//946 1211//945
f 1280//1003 1213//947 1212//946
f 1281//1004 1214//1005 1213//947
f 1214//1005 1283//1006 1215//948
f 1215//948 1284//1007 1216//949
f 1216//949 1285//1008 1217//3
f 1285//1008 1218//3 1217//3
f 1286//3 1219//3 1218//3
f 1287//1009 1220//950 1219//3
f 1288//1010 1221//1011 1220//950
f 1221//1011 1290//1012 1222//951
f 1222//951 1291//1013 1223//952
f 1291//1013 1224//193 1223//952
f 1293//68 1226//953 1225//68
f 1294//1014 1227//954 1226//953
f 1295//1015 1228//1016 1227//954
f 1228//1016 1297//1017 1229//956
f 1229//956 1298//1018 1230//957
f 1230//957 1299//1019 1231//3
f 1299//1019 1232//958 1231//3
f 1300//1020 1233//959 1232//958
f 1301//1021 1234//960 1233//959
f 1302//1022 1235//1023 1234//960
f 1235//1023 1304//1024 1236//962
f 1236//962 1305//1025 1237//963
f 1237//963 1306//1026 1238//964
f 1238//964 1307//1027 1239//965
f 1239//965 1308//1028 1240//3
f 1308//1028 1241//966 1240//3
f 1309//1029 1242//967 1241//966
f 1310//1030 1243//968 1242//967
f 1311//1031 1244//969 1243//968
f 1312//1032 1245//1033 1244//969
f 1245//1033 1314//1034 1246//971
f 1246//971 1315//1035 1247//972
f 1247//972 1316//1036 1248//973
f 1248//973 1317//1037 1249//974
f 1317//1037 1250//975 1249//974
f 1318//1038 1251//976 1250//975
f 1319//1039 1252//977 1251//976
f 1320//1040 1253//978 1252//977
f 1321//1041 1254//1042 1253//978
f 1254//1042 1323//1043 1255//980
f 1255//980 1324//1044 1256//981
f 1256//981 1325//1045 1257//982
f 1257//982 1326//1046 1258//983
f 1326//1046 1259//984 1258//983
f 1327//1047 1260//985 1259//984
f 1328//1048 1261//986 1260//985
f 1329//1049 1262//987 1261//986
f 1330//1050 1263//1051 1262//987
f 1263//1051 1332//1052 1264//989
f 1264//989 1333//1053 1265//990
f 1265//990 1334//1054 1266//991
f 1266//991 1335//1055 1267//992
f 1335//1055 1268//340 1267//992
f 1336//1056 1269//993 1268//340
f 1337//1057 1270//994 1269//993
f 1338//1058 1271//995 1270//994
f 1339//1059 1272//1060 1271//995
f 1272//1060 1341//1061 1273//997
f 1273//997 1342//1062 1274//998
f 1274//998 1343//1063 1275//999
f 1275//999 1344//1064 1276//1000
f 1276//1000 1345//1065 1277//3
f 1345//1065 1278//1001 1277//3
f 1346//1066 1279//1002 1278//1001
f 1347//1067 1280//1003 1279//1002
f 1348//1068 1281//1004 1280//1003
f 1349//1069 1282//1070 1281//1004
f 1282//1070 1351//1071 1283//1006
f 1283//1006 1352//1072 1284//1007
f 1284//1007 1353//1073 1285//1008
f 1285//1008 1354//1074 1286//3
f 1354//1074 1287//1009 1286//3
f 1355//1075 1288//1010 1287//1009
f 1356//1076 1289//1077 1288//1010
f 1289//1077 1358//1078 1290//1012
f 1290//1012 1359//1079 1291//1013
f 1359//1079 1292//193 1291//1013
f 1361//68 1294//1014 1293//68
f 1362//1080 1295//1015 1294//1014
f 1363//1081 1296//1082 1295//1015
f 1296//1082 1365//1083 1297//1017
f 1297//1017 1366//1084 1298//1018
f 1298//1018 1367//1085 1299//1019
f 1367//1085 1300//1020 1299//1019
f 1368//1086 1301//1021 1300//1020
f 1369//1087 1302//1022 1301//1021
f 1370//1088 1303//1089 1302//1022
f 1303//1089 1372//1090 1304//1024
f 1304//1024 1373//1091 1305//1025
f 1305//1025 1374//1092 1306//1026
f 1306//1026 1375//1093 1307//1027
f 1307//1027 1376//1094 1308//1028
f 1376//1094 1309//1029 1308//1028
f 1377//1095 1310//1030 1309//1029
f 1378//1096 1311//1031 1310//1030
f 1379//1097 1312//1032 1311//1031
f 1380//1098 1313//1099 1312//1032
f 1313//1099 1382//1100 1314//1034
f 1314//1034 1383//1101 1315//1035
f 1315//1035 1384//1102 1316//1036
f 1316//1036 1385//1103 1317//1037
f 1385//1103 1318//1038 1317//1037
f 1386//1104 1319//1039 1318//1038
f 1387//1105 1320//1040 1319//1039
f 1388//1106 1321//1041 1320//1040
f 1389//1107 1322//1108 1321//1041
f 1322//1108 1391//1109 1323//1043
f 1323//1043 1392//1110 1324//1044
f 1324//1044 1393//1111 1325//1045
f 1325//1045 1394//1112 1326//1046
f 1394//1112 1327//1047 1326//1046
f 1395//1113 1328//1048 1327//1047
f 1396//1114 1329//1049 1328//1048
f 1397//1115 1330//1050 1329//1049
f 1398//1116 1331//1117 1330//1050
f 1331//1117 1400//1118 1332//1052
f 1332//1052 1401//1119 1333//1053
f 1333//1053 1402//1120 1334//1054
f 1334//1054 1403//1121 1335//1055
f 1335//1055 1404//1122 1336//1056
f 1404//1122 1337//1057 1336//1056
f 1405//1123 1338//1058 1337//1057
f 1406//1124 1339//1059 1338//1058
f 1407//1125 1340//1126 1339//1059
f 1340//1126 1409//1127 1341//1061
f 1341//1061 1410//1128 1342//1062
f 1342//1062 1411//1129 1343//1063
f 1343//1063 1412//1130 1344//1064
f 1344//1064 1413//1131 1345//1065
f 1413//1131 1346//1066 1345//1065
f 1414//1132 1347//1067 1346//1066
f 1415//1133 1348//1068 1347//1067
f 1416//1134 1349//1069 1348//1068
f 1417//1135 1350//1136 1349//1069
f 1350//1136 1419//1137 1351//1071
f 1351//1071 1420//1138 1352//1072
f 1352//1072 1421//1139 1353//1073
f 1353//1073 1422//1140 1354//1074
f 1422//1140 1355//1075 1354//1074
f 1423//1141 1356//1076 1355//1075
f 1424//1142 1357//1143 1356//1076
f 1357//1143 1426//1144 1358//1078
f 1358//1078 1427//1145 1359//1079
f 1427//1145 1360//193 1359//1079
f 1429//68 1362//1080 1361//68
f 1362//1080 1431//1146 1363//1081
f 1363//1081 1432//1147 1364//1148
f 1432//1147 1365//1083 1364//1148
f 1433//1149 1366//1084 1365//1083
f 1434//1150 1367//1085 1366//1084
f 1367//1085 1436//1151 1368//1086
f 1368//1086 1437//1152 1369//1087
f 1369//1087 1438//1153 1370//1088
f 1370//1088 1439//1154 1371//1155
f 1439//1154 1372//1090 1371//1155
f 1440//1156 1373//1091 1372//1090
f 1441//1157 1374//1092 1373//1091
f 1442//1158 1375//1093 1374//1092
f 1443//1159 1376//1094 1375//1093
f 1376//1094 1445//1160 1377//1095
f 1377//1095 1446//1161 1378//1096
f 1378//1096 1447//1162 1379//1097
f 1379//1097 1448//1163 1380//1098
f 1380//1098 1449//1164 1381//1165
f 1449//1164 1382//1100 1381//1165
f 1450//1166 1383//1101 1382//1100
f 1451//1167 1384//1102 1383//1101
f 1452//1168 1385//1103 1384//1102
f 1385//1103 1454//1169 1386//1104
f 1386//1104 1455//1170 1387//1105
f 1387//1105 1456//1171 1388//1106
f 1388//1106 1457//1172 1389//1107
f 1389//1107 1458//1173 1390//1174
f 1458//1173 1391//1109 1390//1174
f 1459//1175 1392//1110 1391//1109
f 1460//1176 1393//1111 1392//1110
f 1461//1177 1394//1112 1393//1111
f 1462//1178 1395//1113 1394//1112
f 1395//1113 1464//1179 1396//1114
f 1396//1114 1465//1180 1397//1115
f 1397//1115 1466//1181 1398//1116
f 1398//1116 1467//1182 1399//1183
f 1467//1182 1400//1118 1399//1183
f 1468//1184 1401//1119 1400//1118
f 1469//1185 1402//1120 1401//1119
f 1470//1186 1403//1121 1402//1120
f 1471//1187 1404//1122 1403//1121
f 1404//1122 1473//1188 1405//1123
f 1405//1123 1474//1189 1406//1124
f 1406//1124 1475//1190 1407//1125
f 1407//1125 1476//1191 1408//1192
f 1476//1191 1409//1127 1408//1192
f 1477//1193 1410//1128 1409//1127
f 1478//1194 1411//1129 1410//1128
f 1479//1195 1412//1130 1411//1129
f 1480//1196 1413//1131 1412//1130
f 1413//1131 1482//1197 1414//1132
f 1414//1132 1483//1198 1415//1133
f 1415//1133 1484//1199 1416//1134
f 1416//1134 1485//1200 1417//1135
f 1417//1135 1486//1201 1418//1202
f 1486//1201 1419//1137 1418//1202
f 1487//1203 1420//1138 1419//1137
f 1488//1204 1421//1139 1420//1138
f 1489//1205 1422//1140 1421//1139
f 1422//1140 1491//1206 1423//1141
f 1423//1141 1492//1207 1424//1142
f 1424//1142 1493//1208 1425//1209
f 1493//1208 1426//1144 1425//1209
f 1494//1210 1427//1145 1426//1144
f 1495//1211 1428//193 1427//1145
f 1497//68 1430//1212 1429//68
f 1430//1212 1499//1213 1431//1146
f 1431//1146 1500//1214 1432//1147
f 1500//1214 1433//1149 1432//1147
f 1501//1215 1434//1150 1433//1149
f 1502//1216 1435//1217 1434//1150
f 1435//1217 1504//1218 1436//1151
f 1436//1151 1505//1219 1437//1152
f 1437//1152 1506//1220 1438//1153
f 1438//1153 1507//1221 1439//1154
f 1507//1221 1440//1156 1439//1154
f 1508//1222 1441//1157 1440//1156
f 1509//1223 1442//1158 1441//1157
f 1510//1224 1443//1159 1442//1158
f 1511//1225 1444//1226 1443//1159
f 1444//1226 1513//1227 1445//1160
f 1445//1160 1514//1228 1446//1161
f 1446//1161 1515//1229 1447//1162
f 1447//1162 1516//1230 1448//1163
f 1448//1163 1517//1231 1449//1164
f 1517//1231 1450//1166 1449//1164
f 1518//1232 1451//1167 1450//1166
f 1519//1233 1452//1168 1451//1167
f 1520//1234 1453//1235 1452//1168
f 1453//1235 1522//1236 1454//1169
f 1454//1169 1523//1237 1455//1170
f 1455//1170 1524//1238 1456//1171
f 1456//1171 1525//1239 1457//1172
f 1457//1172 1526//1240 1458//1173
f 1526//1240 1459//1175 1458//1173
f 1527//1241 1460//1176 1459//1175
f 1528//1242 1461//1177 1460//1176
f 1529//1243 1462//1178 1461//1177
f 1530//1244 1463//1245 1462//1178
f 1463//1245 1532//1246 1464//1179
f 1464//1179 1533//1247 1465//1180
f 1465//1180 1534//1248 1466//1181
f 1466//1181 1535//1249 1467//1182
f 1535//1249 1468//1184 1467//1182
f 1536//1250 1469//1185 1468//1184
f 1537//1251 1470//1186 1469//1185
f 1538//1252 1471//1187 1470//1186
f 1539//1253 1472//1254 1471//1187
f 1472//1254 1541//1255 1473//1188
f 1473//1188 1542//1256 1474//1189
f 1474//1189 1543//1257 1475//1190
f 1475//1190 1544//1258 1476//1191
f 1544//1258 1477//1193 1476//1191
f 1545//1259 1478//1194 1477//1193
f 1546//1260 1479//1195 1478//1194
f 1547//1261 1480//1196 1479//1195
f 1548//1262 1481//1263 1480//1196
f 1481//1263 1550//1264 1482//1197
f 1482//1197 1551//1265 1483//1198
f 1483//1198 1552//1266 1484//1199
f 1484//1199 1553//1267 1485//1200
f 1485//1200 1554//1268 1486//1201
f 1554//1268 1487//1203 1486//1201
f 1555//1269 1488//1204 1487//1203
f 1556//1270 1489//1205 1488//1204
f 1557//1271 1490//1272 1489//1205
f 1490//1272 1559//1273 1491//1206
f 1491//1206 1560//1274 1492//1207
f 1492//1207 1561//1275 1493//1208
f 1561//1275 1494//1210 1493//1208
f 1562//1276 1495//1211 1494//1210
f 1563//1277 1496//193 1495//1211
f 1565//68 1498//1278 1497//68
f 1498//1278 1567//1279 1499//1213
f 1499//1213 1568//1280 1500//1214
f 1568//1280 1501//1215 1500//1214
f 1569//1281 1502//1216 1501//1215
f 1502//1216 1571//1282 1503//1283
f 1503//1283 1572//1284 1504//1218
f 1504//1218 1573//1285 1505//1219
f 1505//1219 1574//1286 1506//1220
f 1506//1220 1575//1287 1507//1221
f 1575//1287 1508//1222 1507//1221
f 1576//1288 1509//1223 1508//1222
f 1577//1289 1510//1224 1509//1223
f 1578//1290 1511//1225 1510//1224
f 1579//1291 1512//1292 1511//1225
f 1512//1292 1581//1293 1513//1227
f 1513//1227 1582//1294 1514//1228
f 1514//1228 1583//1295 1515//1229
f 1515//1229 1584//1296 1516//1230
f 1516//1230 1585//1297 1517//1231
f 1585//1297 1518//1232 1517//1231
f 1586//1298 1519//1233 1518//1232
f 1587//1299 1520//1234 1519//1233
f 1588//1300 1521//1301 1520//1234
f 1589//3 1522//1236 1521//1301
f 1522//1236 1591//1302 1523//1237
f 1523//1237 1592//1303 1524//1238
f 1524//1238 1593//1304 1525//1239
f 1525//1239 1594//1305 1526//1240
f 1594//1305 1527//1241 1526//1240
f 1595//1306 1528//1242 1527//1241
f 1596//1307 1529//1243 1528//1242
f 1597//1308 1530//1244 1529//1243
f 1598//1309 1531//1310 1530//1244
f 1531//1310 1600//1311 1532//1246
f 1532//1246 1601//1312 1533//1247
f 1533//1247 1602//1313 1534//1248
f 1534//1248 1603//1314 1535//1249
f 1603//1314 1536//1250 1535//1249
f 1604//1315 1537//1251 1536//1250
f 1605//1316 1538//1252 1537//1251
f 1606//1317 1539//1253 1538//1252
f 1607//1318 1540//1319 1539//1253
f 1540//1319 1609//1320 1541//1255
f 1541//1255 1610//1321 1542//1256
f 1542//1256 1611//1322 1543//1257
f 1543//1257 1612//1323 1544//1258
f 1612//1323 1545//1259 1544//1258
f 1613//1324 1546//1260 1545//1259
f 1614//1325 1547//1261 1546//1260
f 1615//1326 1548//1262 1547//1261
f 1616//1327 1549//1328 1548//1262
f 1549//1328 1618//1329 1550//1264
f 1550//1264 1619//1330 1551//1265
f 1551//1265 1620//1331 1552//1266
f 1552//1266 1621//1332 1553//1267
f 1553//1267 1622//1333 1554//1268
f 1622//1333 1555//1269 1554//1268
f 1623//1334 1556//1270 1555//1269
f 1624//1335 1557//1271 1556//1270
f 1625//1336 1558//1337 1557//1271
f 1626//1338 1559//1273 1558//1337
f 1559//1273 1628//1339 1560//1274
f 1560//1274 1629//1340 1561//1275
f 1629//1340 1562//1276 1561//1275
f 1630//1341 1563//1277 1562//1276
f 1631//1342 1564//193 1563//1277
f 1633//68 1566//1343 1565//68
f 1566//1343 1635//1344 1567//1279
f 1567//1279 1636//1345 1568//1280
f 1636//1345 1569//1281 1568//1280
f 1637//1346 1570//1347 1569//1281
f 1638//3 1571//1282 1570//1347
f 1639//3 1572//1284 1571//1282
f 1572//1284 1641//1348 1573//1285
f 1573//1285 1642//1349 1574//1286
f 1574//1286 1643//1350 1575//1287
f 1643//1350 1576//1288 1575//1287
f 1644//1351 1577//1289 1576//1288
f 1645//1352 1578//1290 1577//1289
f 1646//1353 1579//1291 1578//1290
f 1647//3 1580//3 1579//1291
f 1648//3 1581//1293 1580//3
f 1581//1293 1650//1354 1582//1294
f 1582//1294 1651//1355 1583//1295
f 1583//1295 1652//1356 1584//1296
f 1584//1296 1653//1357 1585//1297
f 1653//1357 1586//1298 1585//1297
f 1654//1358 1587//1299 1586//1298
f 1655//1359 1588//1300 1587//1299
f 1656//3 1589//3 1588//1300
f 1657//3 1590//1360 1589//3
f 1590//1360 1659//1361 1591//1302
f 1591//1302 1660//1362 1592//1303
f 1592//1303 1661//1363 1593//1304
f 1593//1304 1662//1364 1594//1305
f 1662//1364 1595//1306 1594//1305
f 1663//1365 1596//1307 1595//1306
f 1664//1366 1597//1308 1596//1307
f 1665//1367 1598//1309 1597//1308
f 1666//3 1599//1368 1598//1309
f 1599//1368 1668//1369 1600//1311
f 1600//1311 1669//1370 1601//1312
f 1601//1312 1670//1371 1602//1313
f 1602//1313 1671//1372 1603//1314
f 1671//1372 1604//1315 1603//1314
f 1672//1373 1605//1316 1604//1315
f 1673//1374 1606//1317 1605//1316
f 1674//1375 1607//1318 1606//1317
f 1675//3 1608//3 1607//1318
f 1676//3 1609//1320 1608//3
f 1609//1320 1678//1376 1610//1321
f 1610//1321 1679//1377 1611//1322
f 1611//1322 1680//1378 1612//1323
f 1680//1378 1613//1324 1612//1323
f 1681//1379 1614//1325 1613//1324
f 1682//1380 1615//1326 1614//1325
f 1683//1381 1616//1327 1615//1326
f 1684//3 1617//3 1616//1327
f 1685//3 1618//1329 1617//3
f 1618//1329 1687//1382 1619//1330
f 1619//1330 1688//1383 1620//1331
f 1620//1331 1689//1384 1621//1332
f 1621//1332 1690//1385 1622//1333
f 1690//1385 1623//1334 1622//1333
f 1691//1386 1624//1335 1623//1334
f 1692//1387 1625//1336 1624//1335
f 1693//3 1626//1338 1625//1336
f 1694//3 1627//1388 1626//1338
f 1627//1388 1696//1389 1628//1339
f 1628//1339 1697//1390 1629//1340
f 1697//1390 1630//1341 1629//1340
f 1698//1391 1631//1342 1630//1341
f 1699//1392 1632//193 1631//1342
f 1701//68 1634//1393 1633//68
f 1634//1393 1703//1394 1635//1344
f 1635//1344 1704//1395 1636//1345
f 1636//1345 1705//1396 1637//1346
f 1705//1396 1638//3 1637//1346
f 1706//3 1639//3 1638//3
f 1707//3 1640//3 1639//3
f 1708//3 1641//1348 1640//3
f 1641//1348 1710//1397 1642//1349
f 1642//1349 1711//1398 1643//1350
f 1711//1398 1644//1351 1643//1350
f 1712//1399 1645//1352 1644//1351
f 1713//1400 1646//1353 1645//1352
f 1714//3 1647//3 1646//1353
f 1715//3 1648//3 1647//3
f 1716//3 1649//3 1648//3
f 1717//3 1650//1354 1649//3
f 1650//1354 1719//1401 1651//1355
f 1651//1355 1720//1402 1652//1356
f 1652//1356 1721//1403 1653//1357
f 1721//1403 1654//1358 1653//1357
f 1722//1404 1655//1359 1654//1358
f 1723//3 1656//3 1655//1359
f 1724//3 1657//3 1656//3
f 1725//3 1658//3 1657//3
f 1726//3 1659//1361 1658//3
f 1659//1361 1728//1405 1660//1362
f 1660//1362 1729//1406 1661//1363
f 1661//1363 1730//1407 1662//1364
f 1730//1407 1663//1365 1662//1364
f 1731//1408 1664//1366 1663//1365
f 1732//3 1665//1367 1664//1366
f 1733//3 1666//3 1665//1367
f 1734//3 1667//3 1666//3
f 1735//3 1668//1369 1667//3
f 1736//3 1669//1370 1668//1369
f 1669//1370 1738//1409 1670//1371
f 1670//1371 1739//1410 1671//1372
f 1739//1410 1672//1373 1671//1372
f 1740//1411 1673//1374 1672//1373
f 1741//1396 1674//1375 1673//1374
f 1742//3 1675//3 1674//1375
f 1743//3 1676//3 1675//3
f 1744//3 1677//3 1676//3
f 1745//3 1678//1376 1677//3
f 1678//1376 1747//1412 1679//1377
f 1679//1377 1748//1413 1680//1378
f 1748//1413 1681//1379 1680//1378
f 1749//1414 1682//1380 1681//1379
f 1750//1415 1683//1381 1682//1380
f 1751//3 1684//3 1683//1381
f 1752//3 1685//3 1684//3
f 1753//3 1686//3 1685//3
f 1754//3 1687//1382 1686//3
f 1687//1382 1756//1416 1688//1383
f 1688//1383 1757//1417 1689//1384
f 1689//1384 1758//1418 1690//1385
f 1758//1418 1691//1386 1690//1385
f 1759//1419 1692//1387 1691//1386
f 1760//3 1693//3 1692//1387
f 1761//3 1694//3 1693//3
f 1762//3 1695//3 1694//3
f 1763//3 1696//1389 1695//3
f 1764//1405 1697//1390 1696//1389
f 1765//974 1698//1391 1697//1390
f 1766//1420 1699//1392 1698//1391
f 1767//368 1700//193 1699//1392
f 1769//68 1702//369 1701//68
f 1770//1421 1703//1394 1702//369
f 1771//1422 1704//1395 1703//1394
f 1772//1423 1705//1396 1704//1395
f 1773//1424 1706//3 1705//1396
f 1774//3 1707//3 1706//3
f 1775//3 1708//3 1707//3
f 1776//3 1709//3 1708//3
f 1777//1425 1710//1397 1709//3
f 1778//1426 1711//1398 1710//1397
f 1711//1398 1780//1427 1712//1399
f 1712//1399 1781//1428 1713//1400
f 1713//1400 1782//1429 1714//3
f 1782//1429 1715//3 1714//3
f 1783//3 1716//3 1715//3
f 1784//3 1717//3 1716//3
f 1785//3 1718//3 1717//3
f 1786//1430 1719//1401 1718//3
f 1787//1431 1720//1402 1719//1401
f 1788//1432 1721//1403 1720//1402
f 1721//1403 1790//1433 1722//1404
f 1722//1404 1791//1434 1723//3
f 1791//1434 1724//3 1723//3
f 1792//3 1725//3 1724//3
f 1793//3 1726//3 1725//3
f 1794//3 1727//3 1726//3
f 1795//1435 1728//1405 1727//3
f 1796//1436 1729//1406 1728//1405
f 1797//1437 1730//1407 1729//1406
f 1730//1407 1799//1438 1731//1408
f 1731//1408 1800//1439 1732//3
f 1800//1439 1733//3 1732//3
f 1801//1440 1734//3 1733//3
f 1802//3 1735//3 1734//3
f 1803//3 1736//3 1735//3
f 1804//1441 1737//3 1736//3
f 1805//1442 1738//1409 1737//3
f 1806//1443 1739//1410 1738//1409
f 1739//1410 1808//1444 1740//1411
f 1740//1411 1809//1445 1741//1396
f 1741//1396 1810//1446 1742//3
f 1810//1446 1743//3 1742//3
f 1811//3 1744//3 1743//3
f 1812//3 1745//3 1744//3
f 1813//3 1746//3 1745//3
f 1814//1447 1747//1412 1746//3
f 1815//1448 1748//1413 1747//1412
f 1748//1413 1817//1449 1749//1414
f 1749//1414 1818//1450 1750//1415
f 1750//1415 1819//1451 1751//3
f 1819//1451 1752//3 1751//3
f 1820//3 1753//3 1752//3
f 1821//3 1754//3 1753//3
f 1822//3 1755//3 1754//3
f 1823//1452 1756//1416 1755//3
f 1824//1453 1757//1417 1756//1416
f 1825//1454 1758//1418 1757//1417
f 1758//1418 1827//1455 1759//1419
f 1759//1419 1828//1456 1760//3
f 1828//1456 1761//3 1760//3
f 1829//3 1762//3 1761//3
f 1830//3 1763//3 1762//3
f 1831//3 1764//1405 1763//3
f 1764//1405 1833//1457 1765//974
f 1765//974 1834//1458 1766//1420
f 1766//1420 1835//1459 1767//368
f 1835//1459 1768//193 1767//368
f 1837//68 1770//1421 1769//68
f 1838//1460 1771//1422 1770//1421
f 1839//1461 1772//1423 1771//1422
f 1772//1423 1841//1462 1773//1424
f 1773//1424 1842//1463 1774//3
f 1842//1463 1775//3 1774//3
f 1843//1464 1776//3 1775//3
f 1844//1465 1777//1425 1776//3
f 1845//1466 1778//1426 1777//1425
f 1846//1467 1779//1468 1778//1426
f 1779//1468 1848//1469 1780//1427
f 1780//1427 1849//1470 1781//1428
f 1781//1428 1850//1471 1782//1429
f 1782//1429 1851//1472 1783//3
f 1851//1472 1784//3 1783//3
f 1852//3 1785//3 1784//3
f 1853//1473 1786//1430 1785//3
f 1854//1474 1787//1431 1786//1430
f 1855//1475 1788//1432 1787//1431
f 1856//1476 1789//1477 1788//1432
f 1789//1477 1858//1478 1790//1433
f 1790//1433 1859//1479 1791//1434
f 1791//1434 1860//1480 1792//3
f 1860//1480 1793//3 1792//3
f 1861//3 1794//3 1793//3
f 1862//1481 1795//1435 1794//3
f 1863//1482 1796//1436 1795//1435
f 1864//1483 1797//1437 1796//1436
f 1865//1484 1798//1485 1797//1437
f 1798//1485 1867//1486 1799//1438
f 1799//1438 1868//1487 1800//1439
f 1800//1439 1869//1488 1801//1440
f 1801//1440 1870//1489 1802//3
f 1870//1489 1803//3 1802//3
f 1871//1490 1804//1441 1803//3
f 1872//1491 1805//1442 1804//1441
f 1873//1492 1806//1443 1805//1442
f 1874//1493 1807//1494 1806//1443
f 1807//1494 1876//1495 1808//1444
f 1808//1444 1877//1496 1809//1445
f 1809//1445 1878//1497 1810//1446
f 1810//1446 1879//1498 1811//3
f 1879//1498 1812//3 1811//3
f 1880//3 1813//3 1812//3
f 1881//1499 1814//1447 1813//3
f 1882//1500 1815//1448 1814//1447
f 1883//1501 1816//1502 1815//1448
f 1816//1502 1885//1503 1817//1449
f 1817//1449 1886//1504 1818//1450
f 1818//1450 1887//1505 1819//1451
f 1819//1451 1888//1506 1820//3
f 1888//1506 1821//3 1820//3
f 1889//3 1822//3 1821//3
f 1890//1507 1823//1452 1822//3
f 1891//1508 1824//1453 1823//1452
f 1892//1509 1825//1454 1824//1453
f 1893//1510 1826//1511 1825//1454
f 1826//1511 1895//1512 1827//1455
f 1827//1455 1896//1513 1828//1456
f 1828//1456 1897//1514 1829//3
f 1897//1514 1830//3 1829//3
f 1898//1515 1831//3 1830//3
f 1899//1516 1832//1517 1831//3
f 1900//1518 1833//1457 1832//1517
f 1833//1457 1902//1519 1834//1458
f 1834//1458 1903//1520 1835//1459
f 1903//1520 1836//193 1835//1459
f 1905//68 1838//1460 1837//68
f 1906//1521 1839//1461 1838//1460
f 1907//1522 1840//1523 1839//1461
f 1840//1523 1909//1524 1841//1462
f 1841//1462 1910//1525 1842//1463
f 1910//1525 1843//1464 1842//1463
f 1911//1526 1844//1465 1843//1464
f 1912//1527 1845//1466 1844//1465
f 1913//1528 1846//1467 1845//1466
f 1914//1529 1847//1530 1846//1467
f 1847//1530 1916//1531 1848//1469
f 1848//1469 1917//1532 1849//1470
f 1849//1470 1918//1533 1850//1471
f 1850//1471 1919//1534 1851//1472
f 1851//1472 1920//1535 1852//3
f 1920//1535 1853//1473 1852//3
f 1921//1536 1854//1474 1853//1473
f 1922//1537 1855//1475 1854//1474
f 1923//1538 1856//1476 1855//1475
f 1924//1539 1857//1540 1856//1476
f 1857//1540 1926//1541 1858//1478
f 1858//1478 1927//1542 1859//1479
f 1859//1479 1928//1543 1860//1480
f 1860//1480 1929//1544 1861//3
f 1929//1544 1862//1481 1861//3
f 1930//1545 1863//1482 1862//1481
f 1931//1546 1864//1483 1863//1482
f 1932//1547 1865//1484 1864//1483
f 1933//1548 1866//1549 1865//1484
f 1866//1549 1935//1550 1867//1486
f 1867//1486 1936//1551 1868//1487
f 1868//1487 1937//1552 1869//1488
f 1869//1488 1938//1553 1870//1489
f 1938//1553 1871//1490 1870//1489
f 1939//1554 1872//1491 1871//1490
f 1940//1555 1873//1492 1872//1491
f 1941//1556 1874//1493 1873//1492
f 1942//1557 1875//1558 1874//1493
f 1875//1558 1944//1559 1876//1495
f 1876//1495 1945//1560 1877//1496
f 1877//1496 1946//1561 1878//1497
f 1878//1497 1947//1562 1879//1498
f 1947//1562 1880//3 1879//1498
f 1948//1563 1881//1499 1880//3
f 1949//1564 1882//1500 1881//1499
f 1950//1565 1883//1501 1882//1500
f 1951//1566 1884//1567 1883//1501
f 1884//1567 1953//1568 1885//1503
f 1885//1503 1954//1569 1886//1504
f 1886//1504 1955//1570 1887//1505
f 1887//1505 1956//1571 1888//1506
f 1888//1506 1957//1572 1889//3
f 1957//1572 1890//1507 1889//3
f 1958//1573 1891//1508 1890//1507
f 1959//1574 1892//1509 1891//1508
f 1960//1575 1893//1510 1892//1509
f 1961//1576 1894//1577 1893//1510
f 1894//1577 1963//1578 1895//1512
f 1895//1512 1964//1579 1896//1513
f 1896//1513 1965//1580 1897//1514
f 1897//1514 1966//1581 1898//1515
f 1898//1515 1967//1582 1899//1516
f 1967//1582 1900//1518 1899//1516
f 1968//1583 1901//1584 1900//1518
f 1901//1584 1970//1585 1902//1519
f 1902//1519 1971//1586 1903//1520
f 1971//1586 1904//193 1903//1520
f 1973//68 1906//1521 1905//68
f 1974//1587 1907//1522 1906//1521
f 1975//1588 1908//1589 1907//1522
f 1908//1589 1977//1590 1909//1524
f 1909//1524 1978//1591 1910//1525
f 1910//1525 1979//1592 1911//1526
f 1979//1592 1912//1527 1911//1526
f 1980//1593 1913//1528 1912//1527
f 1981//1594 1914//1529 1913//1528
f 1982//1595 1915//1596 1914//1529
f 1915//1596 1984//1597 1916//1531
f 1916//1531 1985//1598 1917//1532
f 1917//1532 1986//1599 1918//1533
f 1918//1533 1987//1600 1919//1534
f 1919//1534 1988//1601 1920//1535
f 1988//1601 1921//1536 1920//1535
f 1989//1602 1922//1537 1921//1536
f 1990//1603 1923//1538 1922//1537
f 1991//1604 1924//1539 1923//1538
f 1992//1605 1925//1606 1924//1539
f 1925//1606 1994//1607 1926//1541
f 1926//1541 1995//1608 1927//1542
f 1927//1542 1996//1609 1928//1543
f 1928//1543 1997//1610 1929//1544
f 1997//1610 1930//1545 1929//1544
f 1998//1611 1931//1546 1930//1545
f 1999//1612 1932//1547 1931//1546
f 2000//1613 1933//1548 1932//1547
f 2001//1614 1934//1615 1933//1548
f 1934//1615 2003//1616 1935//1550
f 1935//1550 2004//1617 1936//1551
f 1936//1551 2005//1618 1937//1552
f 1937//1552 2006//1619 1938//1553
f 2006//1619 1939//1554 1938//1553
f 2007//1620 1940//1555 1939//1554
f 2008//1621 1941//1556 1940//1555
f 2009//1622 1942//1557 1941//1556
f 2010//1623 1943//1624 1942//1557
f 1943//1624 2012//1625 1944//1559
f 1944//1559 2013//1626 1945//1560
f 1945//1560 2014//1627 1946//1561
f 1946//1561 2015//1628 1947//1562
f 1947//1562 2016//1629 1948//1563
f 2016//1629 1949//1564 1948//1563
f 2017//1630 1950//1565 1949//1564
f 2018//1631 1951//1566 1950//1565
f 2019//1632 1952//1633 1951//1566
f 1952//1633 2021//1634 1953//1568
f 1953//1568 2022//1635 1954//1569
f 1954//1569 2023//1636 1955//1570
f 1955//1570 2024//1637 1956//1571
f 1956//1571 2025//1638 1957//1572
f 2025//1638 1958//1573 1957//1572
f 2026//1639 1959//1574 1958//1573
f 2027//1640 1960//1575 1959//1574
f 2028//1641 1961//1576 1960//1575
f 2029//1642 1962//1643 1961//1576
f 1962//1643 2031//1644 1963//1578
f 1963//1578 2032//1645 1964//1579
f 1964//1579 2033//1646 1965//1580
f 1965//1580 2034//1647 1966//1581
f 2034//1647 1967//1582 1966//1581
f 2035//1648 1968//1583 1967//1582
f 2036//1649 1969//1650 1968//1583
f 1969//1650 2038//1651 1970//1585
f 1970//1585 2039//1652 1971//1586
f 2039//1652 1972//193 1971//1586
f 2041//68 1974//1587 1973//68
f 2042//1653 1975//1588 1974//1587
f 2043//1654 1976//1655 1975//1588
f 1976//1655 2045//1656 1977//1590
f 1977//1590 2046//1657 1978//1591
f 1978//1591 2047//1658 1979//1592
f 2047//1658 1980//1593 1979//1592
f 2048//1659 1981//1594 1980//1593
f 2049//1660 1982//1595 1981//1594
f 2050//1661 1983//1662 1982//1595
f 1983//1662 2052//1663 1984//1597
f 1984//1597 2053//1664 1985//1598
f 1985//1598 2054//1665 1986//1599
f 1986//1599 2055//1666 1987//1600
f 1987//1600 2056//1667 1988//1601
f 2056//1667 1989//1602 1988//1601
f 2057//1668 1990//1603 1989//1602
f 2058//1669 1991//1604 1990//1603
f 2059//1670 1992//1605 1991//1604
f 2060//1671 1993//1672 1992//1605
f 1993//1672 2062//1673 1994//1607
f 1994//1607 2063//1674 1995//1608
f 1995//1608 2064//1675 1996//1609
f 1996//1609 2065//1676 1997//1610
f 2065//1676 1998//1611 1997//1610
f 2066//1677 1999//1612 1998//1611
f 2067//1678 2000//1613 1999//1612
f 2068//1679 2001//1614 2000//1613
f 2069//1680 2002//1681 2001//1614
f 2002//1681 2071//1682 2003//1616
f 2003//1616 2072//1683 2004//1617
f 2004//1617 2073//1684 2005//1618
f 2005//1618 2074//1685 2006//1619
f 2074//1685 2007//1620 2006//1619
f 2075//1686 2008//1621 2007//1620
f 2076//1687 2009//1622 2008//1621
f 2077//1688 2010//1623 2009//1622
f 2078//1689 2011//1690 2010//1623
f 2011//1690 2080//1691 2012//1625
f 2012//1625 2081//1692 2013//1626
f 2013//1626 2082//1693 2014//1627
f 2014//1627 2083//1694 2015//1628
f 2015//1628 2084//1695 2016//1629
f 2084//1695 2017//1630 2016//1629
f 2085//1696 2018//1631 2017//1630
f 2086//1697 2019//1632 2018//1631
f 2087//1698 2020//1699 2019//1632
f 2020//1699 2089//1700 2021//1634
f 2021//1634 2090//1701 2022//1635
f 2022//1635 2091//1702 2023//1636
f 2023//1636 2092//1703 2024//1637
f 2024//1637 2093//1704 2025//1638
f 2093//1704 2026//1639 2025//1638
f 2094//1705 2027//1640 2026//1639
f 2095//1706 2028//1641 2027//1640
f 2096//1707 2029//1642 2028//1641
f 2097//1708 2030//1709 2029//1642
f 2030//1709 2099//1710 2031//1644
f 2031//1644 2100//1711 2032//1645
f 2032//1645 2101//1712 2033//1646
f 2033//1646 2102//1713 2034//1647
f 2102//1713 2035//1648 2034//1647
f 2103//1714 2036//1649 2035//1648
f 2104//1715 2037//1716 2036//1649
f 2037//1716 2106//1717 2038//1651
f 2038//1651 2107//1718 2039//1652
f 2107//1718 2040//193 2039//1652
f 2109//68 2042//1653 2041//68
f 2042//1653 2111//1719 2043//1654
f 2043//1654 2112//1720 2044//1721
f 2112//1720 2045//1656 2044//1721
f 2113//1722 2046//1657 2045//1656
f 2114//1723 2047//1658 2046//1657
f 2047//1658 2116//1724 2048//1659
f 2048//1659 2117//1725 2049//1660
f 2049//1660 2118//1726 2050//1661
f 2050//1661 2119//1727 2051//1728
f 2119//1727 2052//1663 2051//1728
f 2120//1729 2053//1664 2052//1663
f 2121//1730 2054//1665 2053//1664
f 2122//1731 2055//1666 2054//1665
f 2123//1732 2056//1667 2055//1666
f 2056//1667 2125//1733 2057//1668
f 2057//1668 2126//1734 2058//1669
f 2058//1669 2127//1735 2059//1670
f 2059//1670 2128//1736 2060//1671
f 2060//1671 2129//1737 2061//1738
f 2129//1737 2062//1673 2061//1738
f 2130//1739 2063//1674 2062//1673
f 2131//1740 2064//1675 2063//1674
f 2132//1741 2065//1676 2064//1675
f 2065//1676 2134//1742 2066//1677
f 2066//1677 2135//1743 2067//1678
f 2067//1678 2136//1744 2068//1679
f 2068//1679 2137//1745 2069//1680
f 2069//1680 2138//1746 2070//1747
f 2138//1746 2071//1682 2070//1747
f 2139//1748 2072//1683 2071//1682
f 2140//1749 2073//1684 2072//1683
f 2141//1750 2074//1685 2073//1684
f 2142//1751 2075//1686 2074//1685
f 2075//1686 2144//1752 2076//1687
f 2076//1687 2145//1753 2077//1688
f 2077//1688 2146//1754 2078//1689
f 2078//1689 2147//1755 2079//1756
f 2147//1755 2080//1691 2079//1756
f 2148//1757 2081//1692 2080//1691
f 2149//1758 2082//1693 2081//1692
f 2150//1759 2083//1694 2082//1693
f 2151//1760 2084//1695 2083//1694
f 2084//1695 2153//1761 2085//1696
f 2085//1696 2154//1762 2086//1697
f 2086//1697 2155//1763 2087//1698
f 2087//1698 2156//1764 2088//1765
f 2156//1764 2089//1700 2088//1765
f 2157//1766 2090//1701 2089//1700
f 2158//1767 2091//1702 2090//1701
f 2159//1768 2092//1703 2091//1702
f 2160//1769 2093//1704 2092//1703
f 2093//1704 2162//1770 2094//1705
f 2094//1705 2163//1771 2095//1706
f 2095//1706 2164//1772 2096//1707
f 2096//1707 2165//1773 2097//1708
f 2097//1708 2166//1774 2098//1775
f 2166//1774 2099//1710 2098//1775
f 2167//1776 2100//1711 2099//1710
f 2168//1777 2101//1712 2100//1711
f 2169//1778 2102//1713 2101//1712
f 2102//1713 2171//1779 2103//1714
f 2103//1714 2172//1780 2104//1715
f 2104//1715 2173//1781 2105//1782
f 2173//1781 2106//1717 2105//1782
f 2174//1783 2107//1718 2106//1717
f 2175//1784 2108//193 2107//1718
f 2177//68 2110//1785 2109//68
f 2110//1785 2179//1786 2111//1719
f 2111//1719 2180//1787 2112//1720
f 2180//1787 2113//1722 2112//1720
f 2181//1788 2114//1723 2113//1722
f 2182//1789 2115//1790 2114//1723
f 2115//1790 2184//1791 2116//1724
f 2116//1724 2185//1792 2117//1725
f 2117//1725 2186//1793 2118//1726
f 2118//1726 2187//1794 2119//1727
f 2187//1794 2120//1729 2119//1727
f 2188//1795 2121//1730 2120//1729
f 2189//1796 2122//1731 2121//1730
f 2190//1797 2123//1732 2122//1731
f 2191//1798 2124//1799 2123//1732
f 2124//1799 2193//1800 2125//1733
f 2125//1733 2194//1801 2126//1734
f 2126//1734 2195//1802 2127//1735
f 2127//1735 2196//1803 2128//1736
f 2128//1736 2197//1804 2129//1737
f 2197//1804 2130//1739 2129//1737
f 2198//1805 2131//1740 2130//1739
f 2199//1806 2132//1741 2131//1740
f 2200//1807 2133//1808 2132//1741
f 2201//299 2134//1742 2133//1808
f 2134//1742 2203//1809 2135//1743
f 2135//1743 2204//1810 2136//1744
f 2136//1744 2205//1811 2137//1745
f 2137//1745 2206//1812 2138//1746
f 2206//1812 2139//1748 2138//1746
f 2207//1813 2140//1749 2139//1748
f 2208//1814 2141//1750 2140//1749
f 2209//1815 2142//1751 2141//1750
f 2210//1816 2143//1817 2142//1751
f 2143//1817 2212//1818 2144//1752
f 2144//1752 2213//1819 2145//1753
f 2145//1753 2214//1820 2146//1754
f 2146//1754 2215//1821 2147//1755
f 2215//1821 2148//1757 2147//1755
f 2216//1822 2149//1758 2148//1757
f 2217//1823 2150//1759 2149//1758
f 2218//1824 2151//1760 2150//1759
f 2219//1825 2152//1826 2151//1760
f 2152//1826 2221//1827 2153//1761
f 2153//1761 2222//1828 2154//1762
f 2154//1762 2223//1829 2155//1763
f 2155//1763 2224//1830 2156//1764
f 2224//1830 2157//1766 2156//1764
f 2225//1831 2158//1767 2157//1766
f 2226//1832 2159//1768 2158//1767
f 2227//1833 2160//1769 2159//1768
f 2228//1834 2161//1835 2160//1769
f 2161//1835 2230//1836 2162//1770
f 2162//1770 2231//1837 2163//1771
f 2163//1771 2232//1838 2164//1772
f 2164//1772 2233//1839 2165//1773
f 2165//1773 2234//1840 2166//1774
f 2234//1840 2167//1776 2166//1774
f 2235//1841 2168//1777 2167//1776
f 2236//1842 2169//1778 2168//1777
f 2237//1843 2170//1844 2169//1778
f 2170//1844 2239//1845 2171//1779
f 2171//1779 2240//1846 2172//1780
f 2172//1780 2241//1847 2173//1781
f 2241//1847 2174//1783 2173//1781
f 2242//1848 2175//1784 2174//1783
f 2243//1849 2176//193 2175//1784
f 2245//68 2178//1850 2177//68
f 2178//1850 2247//1851 2179//1786
f 2179//1786 2248//1852 2180//1787
f 2248//1852 2181//1788 2180//1787
f 2249//1853 2182//1789 2181//1788
f 2250//3 2183//3 2182//1789
f 2251//3 2184//1791 2183//3
f 2184//1791 2253//1854 2185//1792
f 2185//1792 2254//1855 2186//1793
f 2186//1793 2255//1856 2187//1794
f 2255//1856 2188//1795 2187//1794
f 2256//1857 2189//1796 2188//1795
f 2257//1858 2190//1797 2189//1796
f 2258//1859 2191//1798 2190//1797
f 2259//3 2192//3 2191//1798
f 2260//3 2193//1800 2192//3
f 2193//1800 2262//1860 2194//1801
f 2194//1801 2263//1861 2195//1802
f 2195//1802 2264//1862 2196//1803
f 2196//1803 2265//1863 2197//1804
f 2265//1863 2198//1805 2197//1804
f 2266//1864 2199//1806 2198//1805
f 2267//1865 2200//1807 2199//1806
f 2268//351 2201//299 2200//1807
f 2269//3 2202//1866 2201//299
f 2202//1866 2271//1867 2203//1809
f 2203//1809 2272//1868 2204//1810
f 2204//1810 2273//1869 2205//1811
f 2205//1811 2274//1870 2206//1812
f 2274//1870 2207//1813 2206//1812
f 2275//1871 2208//1814 2207//1813
f 2276//1872 2209//1815 2208//1814
f 2277//1873 2210//1816 2209//1815
f 2278//3 2211//1874 2210//1816
f 2211//1874 2280//1875 2212//1818
f 2212//1818 2281//1876 2213//1819
f 2213//1819 2282//1877 2214//1820
f 2214//1820 2283//1878 2215//1821
f 2283//1878 2216//1822 2215//1821
f 2284//1879 2217//1823 2216//1822
f 2285//1880 2218//1824 2217//1823
f 2286//1881 2219//1825 2218//1824
f 2287//3 2220//1395 2219//1825
f 2288//3 2221//1827 2220//1395
f 2221//1827 2290//1882 2222//1828
f 2222//1828 2291//1883 2223//1829
f 2223//1829 2292//1884 2224//1830
f 2292//1884 2225//1831 2224//1830
f 2293//1885 2226//1832 2225//1831
f 2294//1886 2227//1833 2226//1832
f 2295//1887 2228//1834 2227//1833
f 2296//3 2229//3 2228//1834
f 2297//3 2230//1836 2229//3
f 2230//1836 2299//1888 2231//1837
f 2231//1837 2300//1889 2232//1838
f 2232//1838 2301//1890 2233//1839
f 2233//1839 2302//1891 2234//1840
f 2302//1891 2235//1841 2234//1840
f 2303//1892 2236//1842 2235//1841
f 2304//1893 2237//1843 2236//1842
f 2305//3 2238//3 2237//1843
f 2306//3 2239//1845 2238//3
f 2239//1845 2308//1894 2240//1846
f 2240//1846 2309//1895 2241//1847
f 2309//1895 2242//1848 2241//1847
f 2310//1896 2243//1849 2242//1848
f 2311//1897 2244//193 2243//1849
f 2313//68 2246//1898 2245//68
f 2246//1898 2315//1899 2247//1851
f 2247//1851 2316//1900 2248//1852
f 2316//1900 2249//1853 2248//1852
f 2317//3 2250//3 2249//1853
f 2318//3 2251//3 2250//3
f 2319//3 2252//3 2251//3
f 2320//3 2253//1854 2252//3
f 2253//1854 2322//1901 2254//1855
f 2254//1855 2323//1902 2255//1856
f 2323//1902 2256//1857 2255//1856
f 2324//1903 2257//1858 2256//1857
f 2325//1904 2258//1859 2257//1858
f 2326//3 2259//3 2258//1859
f 2327//3 2260//3 2259//3
f 2328//3 2261//3 2260//3
f 2329//3 2262//1860 2261//3
f 2262//1860 2331//1905 2263//1861
f 2263//1861 2332//1906 2264//1862
f 2264//1862 2333//1907 2265//1863
f 2333//1907 2266//1864 2265//1863
f 2334//1908 2267//1865 2266//1864
f 2335//3 2268//351 2267//1865
f 2336//3 2269//3 2268//351
f 2337//3 2270//3 2269//3
f 2338//3 2271//1867 2270//3
f 2271//1867 2340//1909 2272//1868
f 2272//1868 2341//1910 2273//1869
f 2273//1869 2342//1911 2274//1870
f 2342//1911 2275//1871 2274//1870
f 2343//1912 2276//1872 2275//1871
f 2344//1913 2277//1873 2276//1872
f 2345//3 2278//3 2277//1873
f 2346//3 2279//3 2278//3
f 2347//3 2280//1875 2279//3
f 2280//1875 2349//1914 2281//1876
f 2281//1876 2350//1915 2282//1877
f 2282//1877 2351//1916 2283//1878
f 2351//1916 2284//1879 2283//1878
f 2352//1917 2285//1880 2284//1879
f 2353//1918 2286//1881 2285//1880
f 2354//3 2287//3 2286//1881
f 2355//3 2288//3 2287//3
f 2356//3 2289//1919 2288//3
f 2357//3 2290//1882 2289//1919
f 2290//1882 2359//1920 2291//1883
f 2291//1883 2360//1921 2292//1884
f 2360//1921 2293//1885 2292//1884
f 2361//1922 2294//1886 2293//1885
f 2362//1923 2295//1887 2294//1886
f 2363//3 2296//3 2295//1887
f 2364//3 2297//3 2296//3
f 2365//3 2298//3 2297//3
f 2366//3 2299//1888 2298//3
f 2299//1888 2368//1924 2300//1889
f 2300//1889 2369//1925 2301//1890
f 2301//1890 2370//1926 2302//1891
f 2370//1926 2303//1892 2302//1891
f 2371//1927 2304//1893 2303//1892
f 2372//3 2305//3 2304//1893
f 2373//3 2306//3 2305//3
f 2374//3 2307//3 2306//3
f 2375//3 2308//1894 2307//3
f 2308//1894 2377//1928 2309//1895
f 2377//1928 2310//1896 2309//1895
f 2378//1929 2311//1897 2310//1896
f 2379//368 2312//193 2311//1897
f 2381//68 2314//369 2313//68
f 2382//1930 2315//1899 2314//369
f 2383//1931 2316//1900 2315//1899
f 2384//1932 2317//3 2316//1900
f 2385//1933 2318//3 2317//3
f 2386//3 2319//3 2318//3
f 2387//3 2320//3 2319//3
f 2388//3 2321//3 2320//3
f 2389//1934 2322//1901 2321//3
f 2390//1935 2323//1902 2322//1901
f 2323//1902 2392//1936 2324//1903
f 2324//1903 2393//1937 2325//1904
f 2325//1904 2394//1938 2326//3
f 2394//1938 2327//3 2326//3
f 2395//3 2328//3 2327//3
f 2396//3 2329//3 2328//3
f 2397//3 2330//3 2329//3
f 2398//1939 2331//1905 2330//3
f 2399//1940 2332//1906 2331//1905
f 2400//1941 2333//1907 2332//1906
f 2333//1907 2402//1942 2334//1908
f 2334//1908 2403//1943 2335//3
f 2403//1943 2336//3 2335//3
f 2404//3 2337//3 2336//3
f 2405//3 2338//3 2337//3
f 2406//3 2339//3 2338//3
f 2407//1944 2340//1909 2339//3
f 2408//1945 2341//1910 2340//1909
f 2409//1946 2342//1911 2341//1910
f 2342//1911 2411//1947 2343//1912
f 2343//1912 2412//1948 2344//1913
f 2412//1948 2345//3 2344//1913
f 2413//3 2346//3 2345//3
f 2414//3 2347//3 2346//3
f 2415//3 2348//3 2347//3
f 2416//3 2349//1914 2348//3
f 2417//1949 2350//1915 2349//1914
f 2418//1950 2351//1916 2350//1915
f 2351//1916 2420//1951 2352//1917
f 2352//1917 2421//1952 2353//1918
f 2421//1952 2354//3 2353//1918
f 2422//1953 2355//3 2354//3
f 2423//3 2356//3 2355//3
f 2424//3 2357//3 2356//3
f 2425//3 2358//3 2357//3
f 2426//1954 2359//1920 2358//3
f 2427//1955 2360//1921 2359//1920
f 2360//1921 2429//1956 2361//1922
f 2361//1922 2430//1957 2362//1923
f 2430//1957 2363//3 2362//1923
f 2431//1958 2364//3 2363//3
f 2432//3 2365//3 2364//3
f 2433//3 2366//3 2365//3
f 2434//3 2367//3 2366//3
f 2435//1959 2368//1924 2367//3
f 2436//1960 2369//1925 2368//1924
f 2437//1961 2370//1926 2369//1925
f 2370//1926 2439//1962 2371//1927
f 2371//1927 2440//1963 2372//3
f 2440//1963 2373//3 2372//3
f 2441//3 2374//3 2373//3
f 2442//3 2375//3 2374//3
f 2443//3 2376//3 2375//3
f 2444//1964 2377//1928 2376//3
f 2445//1965 2378//1929 2377//1928
f 2378//1929 2447//1966 2379//368
f 2447//1966 2380//193 2379//368
f 2449//68 2382//1930 2381//68
f 2450//1967 2383//1931 2382//1930
f 2451//1968 2384//1932 2383//1931
f 2384//1932 2453//1969 2385//1933
f 2385//1933 2454//1970 2386//3
f 2454//1970 2387//3 2386//3
f 2455//3 2388//3 2387//3
f 2456//1971 2389//1934 2388//3
f 2457//1972 2390//1935 2389//1934
f 2458//1973 2391//1974 2390//1935
f 2391//1974 2460//1975 2392//1936
f 2392//1936 2461//1976 2393//1937
f 2393//1937 2462//1977 2394//1938
f 2394//1938 2463//1978 2395//3
f 2463//1978 2396//3 2395//3
f 2464//3 2397//3 2396//3
f 2465//1979 2398//1939 2397//3
f 2466//1980 2399//1940 2398//1939
f 2467//1981 2400//1941 2399//1940
f 2468//1982 2401//1983 2400//1941
f 2401//1983 2470//1984 2402//1942
f 2402//1942 2471//1985 2403//1943
f 2403//1943 2472//1986 2404//3
f 2472//1986 2405//3 2404//3
f 2473//3 2406//3 2405//3
f 2474//1987 2407//1944 2406//3
f 2475//1988 2408//1945 2407//1944
f 2476//1989 2409//1946 2408//1945
f 2477//1990 2410//1991 2409//1946
f 2410//1991 2479//1992 2411//1947
f 2411//1947 2480//1993 2412//1948
f 2412//1948 2481//1994 2413//3
f 2481//1994 2414//3 2413//3
f 2482//3 2415//3 2414//3
f 2483//3 2416//3 2415//3
f 2484//1995 2417//1949 2416//3
f 2485//1996 2418//1950 2417//1949
f 2486//1997 2419//1998 2418//1950
f 2419//1998 2488//1999 2420//1951
f 2420//1951 2489//2000 2421//1952
f 2421//1952 2490//2001 2422//1953
f 2422//1953 2491//2002 2423//3
f 2491//2002 2424//3 2423//3
f 2492//3 2425//3 2424//3
f 2493//2003 2426//1954 2425//3
f 2494//2004 2427//1955 2426//1954
f 2495//2005 2428//2006 2427//1955
f 2428//2006 2497//2007 2429//1956
f 2429//1956 2498//2008 2430//1957
f 2430//1957 2499//2009 2431//1958
f 2431//1958 2500//2010 2432//3
f 2500//2010 2433//3 2432//3
f 2501//3 2434//3 2433//3
f 2502//2011 2435//1959 2434//3
f 2503//2012 2436//1960 2435//1959
f 2504//2013 2437//1961 2436//1960
f 2505//2014 2438//2015 2437//1961
f 2438//2015 2507//2016 2439//1962
f 2439//1962 2508//2017 2440//1963
f 2440//1963 2509//2018 2441//3
f 2509//2018 2442//3 2441//3
f 2510//3 2443//3 2442//3
f 2511//2019 2444//1964 2443//3
f 2512//2020 2445//1965 2444//1964
f 2445//1965 2514//2021 2446//2022
f 2446//2022 2515//2023 2447//1966
f 2515//2023 2448//193 2447//1966
f 2517//68 2450//1967 2449//68
f 2518//2024 2451//1968 2450//1967
f 2519//2025 2452//2026 2451//1968
f 2452//2026 2521//2027 2453//1969
f 2453//1969 2522//2028 2454//1970
f 2522//2028 2455//3 2454//1970
f 2523//2029 2456//1971 2455//3
f 2524//2030 2457//1972 2456//1971
f 2525//2031 2458//1973 2457//1972
f 2526//2032 2459//2033 2458//1973
f 2459//2033 2528//2034 2460//1975
f 2460//1975 2529//2035 2461//1976
f 2461//1976 2530//2036 2462//1977
f 2462//1977 2531//2037 2463//1978
f 2463//1978 2532//2038 2464//3
f 2532//2038 2465//1979 2464//3
f 2533//2039 2466//1980 2465//1979
f 2534//2040 2467//1981 2466//1980
f 2535//2041 2468//1982 2467//1981
f 2536//2042 2469//2043 2468//1982
f 2469//2043 2538//2044 2470//1984
f 2470//1984 2539//2045 2471//1985
f 2471//1985 2540//2046 2472//1986
f 2472//1986 2541//2047 2473//3
f 2541//2047 2474//1987 2473//3
f 2542//2048 2475//1988 2474//1987
f 2543//2049 2476//1989 2475//1988
f 2544//2050 2477//1990 2476//1989
f 2545//2051 2478//2052 2477//1990
f 2478//2052 2547//2053 2479//1992
f 2479//1992 2548//2054 2480//1993
f 2480//1993 2549//2055 2481//1994
f 2481//1994 2550//2056 2482//3
f 2550//2056 2483//3 2482//3
f 2551//2057 2484//1995 2483//3
f 2552//2058 2485//1996 2484//1995
f 2553//2059 2486//1997 2485//1996
f 2554//2060 2487//2061 2486//1997
f 2487//2061 2556//2062 2488//1999
f 2488//1999 2557//2063 2489//2000
f 2489//2000 2558//2064 2490//2001
f 2490//2001 2559//2065 2491//2002
f 2559//2065 2492//3 2491//2002
f 2560//2066 2493//2003 2492//3
f 2561//2067 2494//2004 2493//2003
f 2562//2068 2495//2005 2494//2004
f 2563//2069 2496//2070 2495//2005
f 2496//2070 2565//2071 2497//2007
f 2497//2007 2566//2072 2498//2008
f 2498//2008 2567//2073 2499//2009
f 2499//2009 2568//2074 2500//2010
f 2500//2010 2569//2075 2501//3
f 2569//2075 2502//2011 2501//3
f 2570//2076 2503//2012 2502//2011
f 2571//2077 2504//2013 2503//2012
f 2572//2078 2505//2014 2504//2013
f 2573//2079 2506//2080 2505//2014
f 2506//2080 2575//2081 2507//2016
f 2507//2016 2576//2082 2508//2017
f 2508//2017 2577//2083 2509//2018
f 2509//2018 2578//2084 2510//3
f 2578//2084 2511//2019 2510//3
f 2579//2085 2512//2020 2511//2019
f 2580//2086 2513//2087 2512//2020
f 2513//2087 2582//2088 2514//2021
f 2514//2021 2583//2089 2515//2023
f 2583//2089 2516//193 2515//2023
f 2585//68 2518//2024 2517//68
f 2586//2090 2519//2025 2518//2024
f 2587//2091 2520//2092 2519//2025
f 2520//2092 2589//2093 2521//2027
f 2521//2027 2590//2094 2522//2028
f 2522//2028 2591//2095 2523//2029
f 2591//2095 2524//2030 2523//2029
f 2592//2096 2525//2031 2524//2030
f 2593//2097 2526//2032 2525//2031
f 2594//2098 2527//2099 2526//2032
f 2527//2099 2596//2100 2528//2034
f 2528//2034 2597//2101 2529//2035
f 2529//2035 2598//2102 2530//2036
f 2530//2036 2599//2103 2531//2037
f 2531//2037 2600//2104 2532//2038
f 2600//2104 2533//2039 2532//2038
f 2601//2105 2534//2040 2533//2039
f 2602//2106 2535//2041 2534//2040
f 2603//2107 2536//2042 2535//2041
f 2604//2108 2537//2109 2536//2042
f 2537//2109 2606//2110 2538//2044
f 2538//2044 2607//2111 2539//2045
f 2539//2045 2608//2112 2540//2046
f 2540//2046 2609//2113 2541//2047
f 2609//2113 2542//2048 2541//2047
f 2610//2114 2543//2049 2542//2048
f 2611//2115 2544//2050 2543//2049
f 2612//2116 2545//2051 2544//2050
f 2613//2117 2546//2118 2545//2051
f 2546//2118 2615//2119 2547//2053
f 2547//2053 2616//2120 2548//2054
f 2548//2054 2617//2121 2549//2055
f 2549//2055 2618//2122 2550//2056
f 2618//2122 2551//2057 2550//2056
f 2619//2123 2552//2058 2551//2057
f 2620//2124 2553//2059 2552//2058
f 2621//2125 2554//2060 2553//2059
f 2622//2126 2555//2127 2554//2060
f 2555//2127 2624//2128 2556//2062
f 2556//2062 2625//2129 2557//2063
f 2557//2063 2626//2130 2558//2064
f 2558//2064 2627//2131 2559//2065
f 2559//2065 2628//2132 2560//2066
f 2628//2132 2561//2067 2560//2066
f 2629//2133 2562//2068 2561//2067
f 2630//2134 2563//2069 2562//2068
f 2631//2135 2564//2136 2563//2069
f 2564//2136 2633//2137 2565//2071
f 2565//2071 2634//2138 2566//2072
f 2566//2072 2635//2139 2567//2073
f 2567//2073 2636//2140 2568//2074
f 2568//2074 2637//2141 2569//2075
f 2637//2141 2570//2076 2569//2075
f 2638//2142 2571//2077 2570//2076
f 2639//2143 2572//2078 2571//2077
f 2640//2144 2573//2079 2572//2078
f 2641//2145 2574//2146 2573//2079
f 2574//2146 2643//2147 2575//2081
f 2575//2081 2644//2148 2576//2082
f 2576//2082 2645//2149 2577//2083
f 2577//2083 2646//2150 2578//2084
f 2646//2150 2579//2085 2578//2084
f 2647//2151 2580//2086 2579//2085
f 2648//2152 2581//2153 2580//2086
f 2581//2153 2650//2154 2582//2088
f 2582//2088 2651//2155 2583//2089
f 2651//2155 2584//193 2583//2089
f 2653//68 2586//2090 2585//68
f 2654//2156 2587//2091 2586//2090
f 2655//2157 2588//2158 2587//2091
f 2588//2158 2657//2159 2589//2093
f 2589//2093 2658//2160 2590//2094
f 2590//2094 2659//2161 2591//2095
f 2659//2161 2592//2096 2591//2095
f 2660//2162 2593//2097 2592//2096
f 2661//2163 2594//2098 2593//2097
f 2662//2164 2595//2165 2594//2098
f 2595//2165 2664//2166 2596//2100
f 2596//2100 2665//2167 2597//2101
f 2597//2101 2666//2168 2598//2102
f 2598//2102 2667//2169 2599//2103
f 2599//2103 2668//2170 2600//2104
f 2668//2170 2601//2105 2600//2104
f 2669//2171 2602//2106 2601//2105
f 2670//2172 2603//2107 2602//2106
f 2671//2173 2604//2108 2603//2107
f 2672//2174 2605//2175 2604//2108
f 2605//2175 2674//2176 2606//2110
f 2606//2110 2675//2177 2607//2111
f 2607//2111 2676//2178 2608//2112
f 2608//2112 2677//2179 2609//2113
f 2677//2179 2610//2114 2609//2113
f 2678//2180 2611//2115 2610//2114
f 2679//2181 2612//2116 2611//2115
f 2680//2182 2613//2117 2612//2116
f 2681//2183 2614//2184 2613//2117
f 2614//2184 2683//2185 2615//2119
f 2615//2119 2684//2186 2616//2120
f 2616//2120 2685//2187 2617//2121
f 2617//2121 2686//2188 2618//2122
f 2686//2188 2619//2123 2618//2122
f 2687//2189 2620//2124 2619//2123
f 2688//2190 2621//2125 2620//2124
f 2689//2191 2622//2126 2621//2125
f 2690//2192 2623//2193 2622//2126
f 2623//2193 2692//2194 2624//2128
f 2624//2128 2693//2195 2625//2129
f 2625//2129 2694//2196 2626//2130
f 2626//2130 2695//2197 2627//2131
f 2627//2131 2696//2198 2628//2132
f 2696//2198 2629//2133 2628//2132
f 2697//2199 2630//2134 2629//2133
f 2698//2200 2631//2135 2630//2134
f 2699//2201 2632//2202 2631//2135
f 2632//2202 2701//2203 2633//2137
f 2633//2137 2702//2204 2634//2138
f 2634//2138 2703//2205 2635//2139
f 2635//2139 2704//2206 2636//2140
f 2636//2140 2705//2207 2637//2141
f 2705//2207 2638//2142 2637//2141
f 2706//2208 2639//2143 2638//2142
f 2707//2209 2640//2144 2639//2143
f 2708//2210 2641//2145 2640//2144
f 2709//2211 2642//2212 2641//2145
f 2642//2212 2711//2213 2643//2147
f 2643//2147 2712//2214 2644//2148
f 2644//2148 2713//2215 2645//2149
f 2645//2149 2714//2216 2646//2150
f 2714//2216 2647//2151 2646//2150
f 2715//2217 2648//2152 2647//2151
f 2716//2218 2649//2219 2648//2152
f 2649//2219 2718//2220 2650//2154
f 2650//2154 2719//2221 2651//2155
f 2719//2221 2652//193 2651//2155
f 2721//68 2654//2156 2653//68
f 2654//2156 2723//2222 2655//2157
f 2655//2157 2724//2223 2656//2224
f 2724//2223 2657//2159 2656//2224
f 2725//2225 2658//2160 2657//2159
f 2726//2226 2659//2161 2658//2160
f 2659//2161 2728//2227 2660//2162
f 2660//2162 2729//2228 2661//2163
f 2661//2163 2730//2229 2662//2164
f 2662//2164 2731//2230 2663//2231
f 2731//2230 2664//2166 2663//2231
f 2732//2232 2665//2167 2664//2166
f 2733//2233 2666//2168 2665//2167
f 2734//2234 2667//2169 2666//2168
f 2735//2235 2668//2170 2667//2169
f 2668//2170 2737//2236 2669//2171
f 2669//2171 2738//2237 2670//2172
f 2670//2172 2739//2238 2671//2173
f 2671//2173 2740//2239 2672//2174
f 2672//2174 2741//2240 2673//2241
f 2741//2240 2674//2176 2673//2241
f 2742//2242 2675//2177 2674//2176
f 2743//2243 2676//2178 2675//2177
f 2744//2244 2677//2179 2676//2178
f 2677//2179 2746//2245 2678//2180
f 2678//2180 2747//2246 2679//2181
f 2679//2181 2748//2247 2680//2182
f 2680//2182 2749//2248 2681//2183
f 2681//2183 2750//2249 2682//2250
f 2750//2249 2683//2185 2682//2250
f 2751//2251 2684//2186 2683//2185
f 2752//2252 2685//2187 2684//2186
f 2753//2253 2686//2188 2685//2187
f 2754//2254 2687//2189 2686//2188
f 2687//2189 2756//2255 2688//2190
f 2688//2190 2757//2256 2689//2191
f 2689//2191 2758//2257 2690//2192
f 2690//2192 2759//2258 2691//2259
f 2759//2258 2692//2194 2691//2259
f 2760//2260 2693//2195 2692//2194
f 2761//2261 2694//2196 2693//2195
f 2762//2262 2695//2197 2694//2196
f 2763//2263 2696//2198 2695//2197
f 2696//2198 2765//2264 2697//2199
f 2697//2199 2766//2265 2698//2200
f 2698//2200 2767//2266 2699//2201
f 2699//2201 2768//2267 2700//2268
f 2768//2267 2701//2203 2700//2268
f 2769//2269 2702//2204 2701//2203
f 2770//2270 2703//2205 2702//2204
f 2771//2271 2704//2206 2703//2205
f 2772//2272 2705//2207 2704//2206
f 2705//2207 2774//2273 2706//2208
f 2706//2208 2775//2274 2707//2209
f 2707//2209 2776//2275 2708//2210
f 2708//2210 2777//2276 2709//2211
f 2709//2211 2778//2277 2710//2278
f 2778//2277 2711//2213 2710//2278
f 2779//2279 2712//2214 2711//2213
f 2780//2280 2713//2215 2712//2214
f 2781//2281 2714//2216 2713//2215
f 2714//2216 2783//2282 2715//2217
f 2715//2217 2784//2283 2716//2218
f 2716//2218 2785//2284 2717//2285
f 2785//2284 2718//2220 2717//2285
f 2786//2286 2719//2221 2718//2220
f 2787//2287 2720//193 2719//2221
f 2789//68 2722//2288 2721//68
f 2722//2288 2791//2289 2723//2222
f 2723//2222 2792//2290 2724//2223
f 2792//2290 2725//2225 2724//2223
f 2793//2291 2726//2226 2725//2225
f 2794//2292 2727//2293 2726//2226
f 2727//2293 2796//2294 2728//2227
f 2728//2227 2797//2295 2729//2228
f 2729//2228 2798//2296 2730//2229
f 2730//2229 2799//2297 2731//2230
f 2799//2297 2732//2232 2731//2230
f 2800//2298 2733//2233 2732//2232
f 2801//2299 2734//2234 2733//2233
f 2802//2300 2735//2235 2734//2234
f 2803//2301 2736//2302 2735//2235
f 2736//2302 2805//2303 2737//2236
f 2737//2236 2806//2304 2738//2237
f 2738//2237 2807//2305 2739//2238
f 2739//2238 2808//2306 2740//2239
f 2740//2239 2809//2307 2741//2240
f 2809//2307 2742//2242 2741//2240
f 2810//2308 2743//2243 2742//2242
f 2811//2309 2744//2244 2743//2243
f 2812//2310 2745//2311 2744//2244
f 2813//2312 2746//2245 2745//2311
f 2746//2245 2815//2313 2747//2246
f 2747//2246 2816//2314 2748//2247
f 2748//2247 2817//2315 2749//2248
f 2749//2248 2818//2316 2750//2249
f 2818//2316 2751//2251 2750//2249
f 2819//2317 2752//2252 2751//2251
f 2820//2318 2753//2253 2752//2252
f 2821//2319 2754//2254 2753//2253
f 2822//2320 2755//2321 2754//2254
f 2755//2321 2824//2322 2756//2255
f 2756//2255 2825//2323 2757//2256
f 2757//2256 2826//2324 2758//2257
f 2758//2257 2827//2325 2759//2258
f 2827//2325 2760//2260 2759//2258
f 2828//2326 2761//2261 2760//2260
f 2829//2327 2762//2262 2761//2261
f 2830//2328 2763//2263 2762//2262
f 2763//2263 2832//2329 2764//2330
f 2764//2330 2833//2331 2765//2264
f 2765//2264 2834//2332 2766//2265
f 2766//2265 2835//2333 2767//2266
f 2767//2266 2836//2334 2768//2267
f 2836//2334 2769//2269 2768//2267
f 2837//2335 2770//2270 2769//2269
f 2838//2336 2771//2271 2770//2270
f 2839//2337 2772//2272 2771//2271
f 2840//2338 2773//2339 2772//2272
f 2773//2339 2842//2340 2774//2273
f 2774//2273 2843//2341 2775//2274
f 2775//2274 2844//2342 2776//2275
f 2776//2275 2845//2343 2777//2276
f 2777//2276 2846//2344 2778//2277
f 2846//2344 2779//2279 2778//2277
f 2847//2345 2780//2280 2779//2279
f 2848//2346 2781//2281 2780//2280
f 2849//2347 2782//2348 2781//2281
f 2782//2348 2851//2349 2783//2282
f 2783//2282 2852//2350 2784//2283
f 2784//2283 2853//2351 2785//2284
f 2853//2351 2786//2286 2785//2284
f 2854//2352 2787//2287 2786//2286
f 2855//2353 2788//193 2787//2287
f 2857//68 2790//2354 2789//68
f 2790//2354 2859//2355 2791//2289
f 2791//2289 2860//2356 2792//2290
f 2860//2356 2793//2291 2792//2290
f 2861//2357 2794//2292 2793//2291
f 2862//3 2795//3 2794//2292
f 2863//3 2796//2294 2795//3
f 2796//2294 2865//2358 2797//2295
f 2797//2295 2866//2359 2798//2296
f 2798//2296 2867//2360 2799//2297
f 2867//2360 2800//2298 2799//2297
f 2868//2361 2801//2299 2800//2298
f 2869//2362 2802//2300 2801//2299
f 2870//2363 2803//2301 2802//2300
f 2871//3 2804//3 2803//2301
f 2872//3 2805//2303 2804//3
f 2805//2303 2874//2364 2806//2304
f 2806//2304 2875//2365 2807//2305
f 2807//2305 2876//2366 2808//2306
f 2808//2306 2877//2367 2809//2307
f 2877//2367 2810//2308 2809//2307
f 2878//2368 2811//2309 2810//2308
f 2879//2369 2812//2310 2811//2309
f 2880//2370 2813//2312 2812//2310
f 2881//3 2814//2371 2813//2312
f 2814//2371 2883//2372 2815//2313
f 2815//2313 2884//2373 2816//2314
f 2816//2314 2885//2374 2817//2315
f 2817//2315 2886//2375 2818//2316
f 2886//2375 2819//2317 2818//2316
f 2887//2376 2820//2318 2819//2317
f 2888//2377 2821//2319 2820//2318
f 2889//2378 2822//2320 2821//2319
f 2890//3 2823//2379 2822//2320
f 2823//2379 2892//2380 2824//2322
f 2824//2322 2893//2381 2825//2323
f 2825//2323 2894//2382 2826//2324
f 2826//2324 2895//2383 2827//2325
f 2895//2383 2828//2326 2827//2325
f 2896//2384 2829//2327 2828//2326
f 2897//2385 2830//2328 2829//2327
f 2898//2386 2831//2387 2830//2328
f 2899//3 2832//2329 2831//2387
f 2832//2329 2901//2388 2833//2331
f 2833//2331 2902//2389 2834//2332
f 2834//2332 2903//2390 2835//2333
f 2835//2333 2904//2391 2836//2334
f 2904//2391 2837//2335 2836//2334
f 2905//2392 2838//2336 2837//2335
f 2906//2393 2839//2337 2838//2336
f 2907//2394 2840//2338 2839//2337
f 2908//3 2841//3 2840//2338
f 2909//3 2842//2340 2841//3
f 2842//2340 2911//2395 2843//2341
f 2843//2341 2912//2396 2844//2342
f 2844//2342 2913//2397 2845//2343
f 2845//2343 2914//2398 2846//2344
f 2914//2398 2847//2345 2846//2344
f 2915//2399 2848//2346 2847//2345
f 2916//2400 2849//2347 2848//2346
f 2917//442 2850//3 2849//2347
f 2918//3 2851//2349 2850//3
f 2851//2349 2920//2401 2852//2350
f 2852//2350 2921//2402 2853//2351
f 2921//2402 2854//2352 2853//2351
f 2922//2403 2855//2353 2854//2352
f 2923//2404 2856//193 2855//2353
f 2925//68 2858//2405 2857//68
f 2858//2405 2927//2406 2859//2355
f 2859//2355 2928//2407 2860//2356
f 2928//2407 2861//2357 2860//2356
f 2929//3 2862//3 2861//2357
f 2930//3 2863//3 2862//3
f 2931//3 2864//451 2863//3
f 2932//2408 2865//2358 2864//451
f 2865//2358 2934//2409 2866//2359
f 2866//2359 2935//2410 2867//2360
f 2935//2410 2868//2361 2867//2360
f 2936//2411 2869//2362 2868//2361
f 2937//2412 2870//2363 2869//2362
f 2938//3 2871//3 2870//2363
f 2939//3 2872//3 2871//3
f 2940//3 2873//3 2872//3
f 2941//3 2874//2364 2873//3
f 2874//2364 2943//2413 2875//2365
f 2875//2365 2944//2414 2876//2366
f 2876//2366 2945//2415 2877//2367
f 2945//2415 2878//2368 2877//2367
f 2946//2416 2879//2369 2878//2368
f 2947//2417 2880//2370 2879//2369
f 2948//3 2881//3 2880//2370
f 2949//3 2882//3 2881//3
f 2950//3 2883//2372 2882//3
f 2883//2372 2952//2418 2884//2373
f 2884//2373 2953//2419 2885//2374
f 2885//2374 2954//2420 2886//2375
f 2954//2420 2887//2376 2886//2375
f 2955//2421 2888//2377 2887//2376
f 2956//2422 2889//2378 2888//2377
f 2957//3 2890//3 2889//2378
f 2958//3 2891//3 2890//3
f 2959//3 2892//2380 2891//3
f 2892//2380 2961//2423 2893//2381
f 2893//2381 2962//2424 2894//2382
f 2894//2382 2963//2425 2895//2383
f 2963//2425 2896//2384 2895//2383
f 2964//2426 2897//2385 2896//2384
f 2965//2427 2898//2386 2897//2385
f 2966//3 2899//3 2898//2386
f 2967//3 2900//3 2899//3
f 2968//3 2901//2388 2900//3
f 2901//2388 2970//2428 2902//2389
f 2902//2389 2971//2429 2903//2390
f 2903//2390 2972//2430 2904//2391
f 2972//2430 2905//2392 2904//2391
f 2973//2431 2906//2393 2905//2392
f 2974//2432 2907//2394 2906//2393
f 2975//3 2908//3 2907//2394
f 2976//3 2909//3 2908//3
f 2977//3 2910//3 2909//3
f 2978//3 2911//2395 2910//3
f 2911//2395 2980//2433 2912//2396
f 2912//2396 2981//2434 2913//2397
f 2913//2397 2982//2435 2914//2398
f 2982//2435 2915//2399 2914//2398
f 2983//2436 2916//2400 2915//2399
f 2916//2400 2985//2437 2917//442
f 2985//2437 2918//3 2917//442
f 2986//3 2919//3 2918//3
f 2987//3 2920//2401 2919//3
f 2920//2401 2989//2438 2921//2402
f 2989//2438 2922//2403 2921//2402
f 2990//2439 2923//2404 2922//2403
f 2991//368 2924//193 2923//2404
f 2993//68 2926//369 2925//68
f 2994//369 2927//2406 2926//369
f 2995//2440 2928//2407 2927//2406
f 2996//2441 2929//3 2928//2407
f 2997//2442 2930//3 2929//3
f 2998//3 2931//3 2930//3
f 2999//3 2932//2408 2931//3
f 3000//3 2933//2443 2932//2408
f 3001//2444 2934//2409 2933//2443
f 3002//2445 2935//2410 2934//2409
f 2935//2410 3004//2446 2936//2411
f 2936//2411 3005//2447 2937//2412
f 3005//2447 2938//3 2937//2412
f 3006//2448 2939//3 2938//3
f 3007//3 2940//3 2939//3
f 3008//3 2941//3 2940//3
f 3009//3 2942//3 2941//3
f 3010//2449 2943//2413 2942//3
f 3011//2450 2944//2414 2943//2413
f 3012//2451 2945//2415 2944//2414
f 2945//2415 3014//2452 2946//2416
f 3014//2452 2947//2417 2946//2416
f 3015//2453 2948//3 2947//2417
f 3016//3 2949//3 2948//3
f 3017//3 2950//3 2949//3
f 3018//3 2951//3 2950//3
f 3019//939 2952//2418 2951//3
f 3020//2454 2953//2419 2952//2418
f 3021//2455 2954//2420 2953//2419
f 2954//2420 3023//2456 2955//2421
f 3023//2456 2956//2422 2955//2421
f 3024//2457 2957//3 2956//2422
f 3025//3 2958//3 2957//3
f 3026//3 2959//3 2958//3
f 3027//3 2960//3 2959//3
f 3028//3 2961//2423 2960//3
f 2961//2423 3030//2458 2962//2424
f 3030//2458 2963//2425 2962//2424
f 2963//2425 3032//2459 2964//2426
f 2964//2426 3033//2460 2965//2427
f 3033//2460 2966//3 2965//2427
f 3034//939 2967//3 2966//3
f 3035//3 2968//3 2967//3
f 3036//3 2969//3 2968//3
f 3037//3 2970//2428 2969//3
f 3038//2461 2971//2429 2970//2428
f 3039//2462 2972//2430 2971//2429
f 2972//2430 3041//2463 2973//2431
f 2973//2431 3042//2464 2974//2432
f 3042//2464 2975//3 2974//2432
f 3043//2465 2976//3 2975//3
f 3044//3 2977//3 2976//3
f 3045//3 2978//3 2977//3
f 3046//3 2979//3 2978//3
f 3047//2466 2980//2433 2979//3
f 3048//2467 2981//2434 2980//2433
f 3049//2468 2982//2435 2981//2434
f 2982//2435 3051//2469 2983//2436
f 3051//2469 2984//2443 2983//2436
f 3052//2470 2985//2437 2984//2443
f 3053//3 2986//3 2985//2437
f 3054//3 2987//3 2986//3
f 3055//3 2988//3 2987//3
f 3056//2471 2989//2438 2988//3
f 3057//2472 2990//2439 2989//2438
f 2990//2439 3059//368 2991//368
f 3059//368 2992//193 2991//368
f 3061//68 2994//369 2993//68
f 3062//2473 2995//2440 2994//369
f 3063//2474 2996//2441 2995//2440
f 2996//2441 3065//2475 2997//2442
f 2997//2442 3066//2476 2998//3
f 3066//2476 2999//3 2998//3
f 3067//3 3000//3 2999//3
f 3068//2477 3001//2444 3000//3
f 3069//2478 3002//2445 3001//2444
f 3070//2479 3003//2480 3002//2445
f 3003//2480 3072//2481 3004//2446
f 3004//2446 3073//2482 3005//2447
f 3005//2447 3074//2483 3006//2448
f 3006//2448 3075//2484 3007//3
f 3075//2484 3008//3 3007//3
f 3076//3 3009//3 3008//3
f 3077//2485 3010//2449 3009//3
f 3078//2486 3011//2450 3010//2449
f 3079//2487 3012//2451 3011//2450
f 3080//2488 3013//2489 3012//2451
f 3013//2489 3082//2490 3014//2452
f 3014//2452 3083//2491 3015//2453
f 3015//2453 3084//2492 3016//3
f 3084//2492 3017//3 3016//3
f 3085//3 3018//3 3017//3
f 3086//340 3019//939 3018//3
f 3087//2493 3020//2454 3019//939
f 3088//2494 3021//2455 3020//2454
f 3089//2495 3022//2496 3021//2455
f 3022//2496 3091//2497 3023//2456
f 3023//2456 3092//2498 3024//2457
f 3024//2457 3093//2499 3025//3
f 3093//2499 3026//3 3025//3
f 3094//3 3027//3 3026//3
f 3095//3 3028//3 3027//3
f 3096//2500 3029//2501 3028//3
f 3097//2502 3030//2458 3029//2501
f 3098//2503 3031//2504 3030//2458
f 3031//2504 3100//2505 3032//2459
f 3032//2459 3101//2506 3033//2460
f 3033//2460 3102//2507 3034//939
f 3102//2507 3035//3 3034//939
f 3103//299 3036//3 3035//3
f 3104//3 3037//3 3036//3
f 3105//2508 3038//2461 3037//3
f 3106//2509 3039//2462 3038//2461
f 3107//2510 3040//2511 3039//2462
f 3040//2511 3109//2512 3041//2463
f 3041//2463 3110//2513 3042//2464
f 3042//2464 3111//2514 3043//2465
f 3043//2465 3112//2515 3044//3
f 3112//2515 3045//3 3044//3
f 3113//3 3046//3 3045//3
f 3114//2516 3047//2466 3046//3
f 3115//2517 3048//2467 3047//2466
f 3116//2518 3049//2468 3048//2467
f 3117//2519 3050//2520 3049//2468
f 3050//2520 3119//2521 3051//2469
f 3051//2469 3120//2522 3052//2470
f 3052//2470 3121//2523 3053//3
f 3121//2523 3054//3 3053//3
f 3122//3 3055//3 3054//3
f 3123//2524 3056//2471 3055//3
f 3124//2525 3057//2472 3056//2471
f 3057//2472 3126//2526 3058//2527
f 3058//2527 3127//2528 3059//368
f 3127//2528 3060//193 3059//368
f 3129//68 3062//2473 3061//68
f 3130//2529 3063//2474 3062//2473
f 3131//2530 3064//2531 3063//2474
f 3064//2531 3133//2532 3065//2475
f 3065//2475 3134//2533 3066//2476
f 3134//2533 3067//3 3066//2476
f 3135//2534 3068//2477 3067//3
f 3136//2535 3069//2478 3068//2477
f 3137//2536 3070//2479 3069//2478
f 3138//2537 3071//2538 3070//2479
f 3071//2538 3140//2539 3072//2481
f 3072//2481 3141//2540 3073//2482
f 3073//2482 3142//2541 3074//2483
f 3074//2483 3143//2542 3075//2484
f 3075//2484 3144//2543 3076//3
f 3144//2543 3077//2485 3076//3
f 3145//2544 3078//2486 3077//2485
f 3146//2545 3079//2487 3078//2486
f 3147//2546 3080//2488 3079//2487
f 3148//2547 3081//2548 3080//2488
f 3081//2548 3150//2549 3082//2490
f 3082//2490 3151//2550 3083//2491
f 3083//2491 3152//2551 3084//2492
f 3084//2492 3153//2552 3085//3
f 3153//2552 3086//340 3085//3
f 3154//2553 3087//2493 3086//340
f 3155//2554 3088//2494 3087//2493
f 3156//2555 3089//2495 3088//2494
f 3157//2556 3090//2557 3089//2495
f 3090//2557 3159//2558 3091//2497
f 3091//2497 3160//2559 3092//2498
f 3092//2498 3161//2560 3093//2499
f 3093//2499 3162//2561 3094//3
f 3162//2561 3095//3 3094//3
f 3163//2562 3096//2500 3095//3
f 3164//2563 3097//2502 3096//2500
f 3165//2564 3098//2503 3097//2502
f 3166//2565 3099//2566 3098//2503
f 3099//2566 3168//2567 3100//2505
f 3100//2505 3169//2568 3101//2506
f 3101//2506 3170//2569 3102//2507
f 3102//2507 3171//2570 3103//299
f 3171//2570 3104//3 3103//299
f 3172//2571 3105//2508 3104//3
f 3173//2572 3106//2509 3105//2508
f 3174//2573 3107//2510 3106//2509
f 3175//2574 3108//2575 3107//2510
f 3108//2575 3177//2576 3109//2512
f 3109//2512 3178//2577 3110//2513
f 3110//2513 3179//2578 3111//2514
f 3111//2514 3180//2579 3112//2515
f 3180//2579 3113//3 3112//2515
f 3181//2580 3114//2516 3113//3
f 3182//2581 3115//2517 3114//2516
f 3183//2582 3116//2518 3115//2517
f 3184//2583 3117//2519 3116//2518
f 3185//2584 3118//2585 3117//2519
f 3118//2585 3187//2586 3119//2521
f 3119//2521 3188//2587 3120//2522
f 3120//2522 3189//2588 3121//2523
f 3121//2523 3190//2589 3122//3
f 3190//2589 3123//2524 3122//3
f 3191//2590 3124//2525 3123//2524
f 3192//2591 3125//2592 3124//2525
f 3125//2592 3194//2593 3126//2526
f 3126//2526 3195//2594 3127//2528
f 3195//2594 3128//193 3127//2528
f 3197//68 3130//2529 3129//68
f 3198//2595 3131//2530 3130//2529
f 3199//2596 3132//2597 3131//2530
f 3132//2597 3201//2598 3133//2532
f 3133//2532 3202//2599 3134//2533
f 3134//2533 3203//2600 3135//2534
f 3203//2600 3136//2535 3135//2534
f 3204//2601 3137//2536 3136//2535
f 3205//2602 3138//2537 3137//2536
f 3206//2603 3139//2604 3138//2537
f 3139//2604 3208//2605 3140//2539
f 3140//2539 3209//2606 3141//2540
f 3141//2540 3210//2607 3142//2541
f 3142//2541 3211//2608 3143//2542
f 3143//2542 3212//2609 3144//2543
f 3212//2609 3145//2544 3144//2543
f 3213//2610 3146//2545 3145//2544
f 3214//2611 3147//2546 3146//2545
f 3215//2612 3148//2547 3147//2546
f 3216//2613 3149//2614 3148//2547
f 3149//2614 3218//2615 3150//2549
f 3150//2549 3219//2616 3151//2550
f 3151//2550 3220//2617 3152//2551
f 3152//2551 3221//2618 3153//2552
f 3221//2618 3154//2553 3153//2552
f 3222//2619 3155//2554 3154//2553
f 3223//2620 3156//2555 3155//2554
f 3224//2621 3157//2556 3156//2555
f 3225//2622 3158//2623 3157//2556
f 3158//2623 3227//2624 3159//2558
f 3159//2558 3228//2625 3160//2559
f 3160//2559 3229//2626 3161//2560
f 3161//2560 3230//2627 3162//2561
f 3230//2627 3163//2562 3162//2561
f 3231//2628 3164//2563 3163//2562
f 3232//2629 3165//2564 3164//2563
f 3233//2630 3166//2565 3165//2564
f 3234//2631 3167//2632 3166//2565
f 3167//2632 3236//2633 3168//2567
f 3168//2567 3237//2634 3169//2568
f 3169//2568 3238//2635 3170//2569
f 3170//2569 3239//2636 3171//2570
f 3171//2570 3240//2637 3172//2571
f 3240//2637 3173//2572 3172//2571
f 3241//2638 3174//2573 3173//2572
f 3242//2639 3175//2574 3174//2573
f 3243//2640 3176//2641 3175//2574
f 3176//2641 3245//2642 3177//2576
f 3177//2576 3246//2643 3178//2577
f 3178//2577 3247//2644 3179//2578
f 3179//2578 3248//2645 3180//2579
f 3180//2579 3249//2646 3181//2580
f 3249//2646 3182//2581 3181//2580
f 3250//2647 3183//2582 3182//2581
f 3251//2648 3184//2583 3183//2582
f 3252//2649 3185//2584 3184//2583
f 3253//2650 3186//2651 3185//2584
f 3186//2651 3255//2652 3187//2586
f 3187//2586 3256//2653 3188//2587
f 3188//2587 3257//2654 3189//2588
f 3189//2588 3258//2655 3190//2589
f 3258//2655 3191//2590 3190//2589
f 3259//2656 3192//2591 3191//2590
f 3260//2657 3193//2658 3192//2591
f 3193//2658 3262//2659 3194//2593
f 3194//2593 3263//2660 3195//2594
f 3263//2660 3196//193 3195//2594
f 3265//68 3198//2595 3197//68
f 3266//2661 3199//2596 3198//2595
f 3199//2596 3268//2662 3200//2663
f 3268//2662 3201//2598 3200//2663
f 3269//2664 3202//2599 3201//2598
f 3270//2665 3203//2600 3202//2599
f 3203//2600 3272//2666 3204//2601
f 3204//2601 3273//2667 3205//2602
f 3205//2602 3274//2668 3206//2603
f 3206//2603 3275//2669 3207//2670
f 3275//2669 3208//2605 3207//2670
f 3276//2671 3209//2606 3208//2605
f 3277//2672 3210//2607 3209//2606
f 3278//2673 3211//2608 3210//2607
f 3279//2674 3212//2609 3211//2608
f 3212//2609 3281//2675 3213//2610
f 3213//2610 3282//2676 3214//2611
f 3214//2611 3283//2677 3215//2612
f 3215//2612 3284//2678 3216//2613
f 3216//2613 3285//2679 3217//2680
f 3285//2679 3218//2615 3217//2680
f 3286//2681 3219//2616 3218//2615
f 3287//2682 3220//2617 3219//2616
f 3288//2683 3221//2618 3220//2617
f 3221//2618 3290//2684 3222//2619
f 3222//2619 3291//2685 3223//2620
f 3223//2620 3292//2686 3224//2621
f 3224//2621 3293//2687 3225//2622
f 3225//2622 3294//2688 3226//2689
f 3294//2688 3227//2624 3226//2689
f 3295//2690 3228//2625 3227//2624
f 3296//2691 3229//2626 3228//2625
f 3297//2692 3230//2627 3229//2626
f 3298//2693 3231//2628 3230//2627
f 3231//2628 3300//2694 3232//2629
f 3232//2629 3301//2695 3233//2630
f 3233//2630 3302//2696 3234//2631
f 3234//2631 3303//2697 3235//2698
f 3303//2697 3236//2633 3235//2698
f 3304//2699 3237//2634 3236//2633
f 3305//2700 3238//2635 3237//2634
f 3306//2701 3239//2636 3238//2635
f 3307//2702 3240//2637 3239//2636
f 3240//2637 3309//2703 3241//2638
f 3241//2638 3310//2704 3242//2639
f 3242//2639 3311//2705 3243//2640
f 3243//2640 3312//2706 3244//2707
f 3312//2706 3245//2642 3244//2707
f 3313//2708 3246//2643 3245//2642
f 3314//2709 3247//2644 3246//2643
f 3315//2710 3248//2645 3247//2644
f 3316//2711 3249//2646 3248//2645
f 3249//2646 3318//2712 3250//2647
f 3250//2647 3319//2713 3251//2648
f 3251//2648 3320//2714 3252//2649
f 3252//2649 3321//2715 3253//2650
f 3253//2650 3322//2716 3254//2717
f 3322//2716 3255//2652 3254//2717
f 3323//2718 3256//2653 3255//2652
f 3324//2719 3257//2654 3256//2653
f 3325//2720 3258//2655 3257//2654
f 3258//2655 3327//2721 3259//2656
f 3259//2656 3328//2722 3260//2657
f 3260//2657 3329//2723 3261//2724
f 3329//2723 3262//2659 3261//2724
f 3262//2659 3331//2725 3263//2660
f 3331//2725 3264//193 3263//2660
f 3333//2726 3266//2661 3265//68
f 3266//2661 3335//2727 3267//2728
f 3267//2728 3336//2729 3268//2662
f 3336//2729 3269//2664 3268//2662
f 3337//2730 3270//2665 3269//2664
f 3338//2731 3271//2732 3270//2665
f 3271//2732 3340//2733 3272//2666
f 3272//2666 3341//2734 3273//2667
f 3273//2667 3342//2735 3274//2668
f 3274//2668 3343//2736 3275//2669
f 3343//2736 3276//2671 3275//2669
f 3344//2737 3277//2672 3276//2671
f 3345//2738 3278//2673 3277//2672
f 3346//2739 3279//2674 3278//2673
f 3347//2740 3280//2741 3279//2674
f 3280//2741 3349//2742 3281//2675
f 3281//2675 3350//2743 3282//2676
f 3282//2676 3351//2744 3283//2677
f 3283//2677 3352//2745 3284//2678
f 3284//2678 3353//2746 3285//2679
f 3353//2746 3286//2681 3285//2679
f 3354//2747 3287//2682 3286//2681
f 3355//2748 3288//2683 3287//2682
f 3356//2749 3289//2750 3288//2683
f 3289//2750 3358//2751 3290//2684
f 3290//2684 3359//2752 3291//2685
f 3291//2685 3360//2753 3292//2686
f 3292//2686 3361//2754 3293//2687
f 3293//2687 3362//2755 3294//2688
f 3362//2755 3295//2690 3294//2688
f 3363//2756 3296//2691 3295//2690
f 3364//2757 3297//2692 3296//2691
f 3365//2758 3298//2693 3297//2692
f 3366//2759 3299//2760 3298//2693
f 3299//2760 3368//2761 3300//2694
f 3300//2694 3369//2762 3301//2695
f 3301//2695 3370//2763 3302//2696
f 3302//2696 3371//2764 3303//2697
f 3371//2764 3304//2699 3303//2697
f 3372//2765 3305//2700 3304//2699
f 3373//2766 3306//2701 3305//2700
f 3374//2767 3307//2702 3306//2701
f 3375//2768 3308//2769 3307//2702
f 3308//2769 3377//2770 3309//2703
f 3309//2703 3378//2771 3310//2704
f 3310//2704 3379//2772 3311//2705
f 3311//2705 3380//2773 3312//2706
f 3380//2773 3313//2708 3312//2706
f 3381//2774 3314//2709 3313//2708
f 3382//2775 3315//2710 3314//2709
f 3383//2776 3316//2711 3315//2710
f 3384//2777 3317//2778 3316//2711
f 3317//2778 3386//2779 3318//2712
f 3318//2712 3387//2780 3319//2713
f 3319//2713 3388//2781 3320//2714
f 3320//2714 3389//2782 3321//2715
f 3321//2715 3390//2783 3322//2716
f 3390//2783 3323//2718 3322//2716
f 3391//2784 3324//2719 3323//2718
f 3392//2785 3325//2720 3324//2719
f 3393//2786 3326//2787 3325//2720
f 3326//2787 3395//2788 3327//2721
f 3327//2721 3396//2789 3328//2722
f 3328//2722 3397//2790 3329//2723
f 3397//2790 3330//2791 3329//2723
f 3398//2792 3331//2725 3330//2791
f 3399//2793 3332//193 3331//2725
f 3333//2726 3402//2794 3334//2795
f 3334//2795 3403//2796 3335//2727
f 3403//2796 3336//2729 3335//2727
f 3404//2797 3337//2730 3336//2729
f 3405//2797 3338//2731 3337//2730
f 3406//2797 3339//2798 3338//2731
f 3407//2797 3340//2733 3339//2798
f 3408//2797 3341//2734 3340//2733
f 3409//2797 3342//2735 3341//2734
f 3410//2797 3343//2736 3342//2735
f 3411//2797 3344//2737 3343//2736
f 3412//2797 3345//2738 3344//2737
f 3413//2797 3346//2739 3345//2738
f 3414//2797 3347//2740 3346//2739
f 3415//2797 3348//2798 3347//2740
f 3416//2797 3349//2742 3348//2798
f 3417//2797 3350//2743 3349//2742
f 3418//2797 3351//2744 3350//2743
f 3419//2797 3352//2745 3351//2744
f 3420//2797 3353//2746 3352//2745
f 3421//2797 3354//2747 3353//2746
f 3422//2797 3355//2748 3354//2747
f 3423//2797 3356//2749 3355//2748
f 3424//2797 3357//2798 3356//2749
f 3425//2797 3358//2751 3357//2798
f 3426//2797 3359//2752 3358//2751
f 3427//2797 3360//2753 3359//2752
f 3428//2797 3361//2754 3360//2753
f 3429//2797 3362//2755 3361//2754
f 3430//2797 3363//2756 3362//2755
f 3431//2797 3364//2757 3363//2756
f 3432//2797 3365//2758 3364//2757
f 3433//2797 3366//2759 3365//2758
f 3434//2797 3367//2759 3366//2759
f 3435//2797 3368//2761 3367//2759
f 3436//2797 3369//2762 3368//2761
f 3437//2797 3370//2763 3369//2762
f 3438//2797 3371//2764 3370//2763
f 3439//2797 3372//2765 3371//2764
f 3440//2797 3373//2766 3372//2765
f 3441//2797 3374//2767 3373//2766
f 3442//2797 3375//2768 3374//2767
f 3443//2797 3376//2798 3375//2768
f 3444//2797 3377//2770 3376//2798
f 3445//2797 3378//2771 3377//2770
f 3446//2797 3379//2772 3378//2771
f 3447//2797 3380//2773 3379//2772
f 3448//2797 3381//2774 3380//2773
f 3449//2797 3382//2775 3381//2774
f 3450//2797 3383//2776 3382//2775
f 3451//2797 3384//2777 3383//2776
f 3452//2797 3385//2798 3384//2777
f 3453//2797 3386//2779 3385//2798
f 3454//2797 3387//2780 3386//2779
f 3455//2797 3388//2781 3387//2780
f 3456//2797 3389//2782 3388//2781
f 3457//2797 3390//2783 3389//2782
f 3458//2797 3391//2784 3390//2783
f 3459//2797 3392//2785 3391//2784
f 3460//2797 3393//2786 3392//2785
f 3461//2797 3394//2759 3393//2786
f 3462//2797 3395//2788 3394//2759
f 3463//2797 3396//2789 3395//2788
f 3464//2797 3397//2790 3396//2789
f 3465//2797 3398//2792 3397//2790
f 3466//2799 3399//2793 3398//2792
f 3467//2800 3400//2801 3399//2793
s 0
f 1//2802 3470//2802 3469//2802
f 2//2802 3471//2802 3470//2802
f 3//2802 3472//2802 3471//2802
f 4//2802 3473//2802 3472//2802
f 5//2802 3474//2802 3473//2802
f 6//2802 3475//2802 3474//2802
f 7//2802 3476//2802 3475//2802
f 8//2802 3477//2802 3476//2802
f 9//2802 3478//2802 3477//2802
f 10//2802 3479//2802 3478//2802
f 11//2802 3480//2802 3479//2802
f 12//2802 3481//2802 3480//2802
f 13//2802 3482//2802 3481//2802
f 14//2802 3483//2802 3482//2802
f 15//2802 3484//2802 3483//2802
f 16//2802 3485//2802 3484//2802
f 17//2802 3486//2802 3485//2802
f 18//2802 3487//2802 3486//2802
f 19//2802 3488//2802 3487//2802
f 20//2802 3489//2802 3488//2802
f 21//2802 3490//2802 3489//2802
f 22//2802 3491//2802 3490//2802
f 23//2802 3492//2802 3491//2802
f 24//2802 3493//2802 3492//2802
f 25//2802 3494//2802 3493//2802
f 26//2802 3495//2802 3494//2802
f 27//2802 3496//2802 3495//2802
f 28//2802 3497//2802 3496//2802
f 29//2802 3498//2802 3497//2802
f 30//2802 3499//2802 3498//2802
f 31//2802 3500//2802 3499//2802
f 32//2802 3501//2802 3500//2802
f 33//2802 3502//2802 3501//2802
f 34//2802 3503//2802 3502//2802
f 35//2802 3504//2802 3503//2802
f 36//2802 3505//2802 3504//2802
f 37//2802 3506//2802 3505//2802
f 38//2802 3507//2802 3506//2802
f 39//2802 3508//2802 3507//2802
f 40//2802 3509//2802 3508//2802
f 41//2802 3510//2802 3509//2802
f 42//2802 3511//2802 3510//2802
f 43//2802 3512//2802 3511//2802
f 44//2802 3513//2802 3512//2802
f 45//2802 3514//2802 3513//2802
f 46//2802 3515//2802 3514//2802
f 47//2802 3516//2802 3515//2802
f 48//2802 3517//2802 3516//2802
f 49//2802 3518//2802 3517//2802
f 50//2802 3519//2802 3518//2802
f 51//2802 3520//2802 3519//2802
f 52//2802 3521//2802 3520//2802
f 53//2802 3522//2802 3521//2802
f 54//2802 3523//2802 3522//2802
f 55//2802 3524//2802 3523//2802
f 56//2802 3525//2802 3524//2802
f 57//2802 3526//2802 3525//2802
f 58//2802 3527//2802 3526//2802
f 59//2802 3528//2802 3527//2802
f 60//2802 3529//2802 3528//2802
f 61//2802 3530//2802 3529//2802
f 62//2802 3531//2802 3530//2802
f 63//2802 3532//2802 3531//2802
f 64//2802 3533//2802 3532//2802
f 65//2802 3534//2802 3533//2802
f 66//2802 3535//2802 3534//2802
f 67//2802 3536//2802 3535//2802
f 68//2802 3537//2802 3536//2802
f 136//2802 3538//2802 3537//2802
f 204//2802 3539//2802 3538//2802
f 272//2802 3540//2802 3539//2802
f 340//2802 3541//2802 3540//2802
f 408//2802 3542//2802 3541//2802
f 476//2802 3543//2802 3542//2802
f 544//2802 3544//2802 3543//2802
f 612//2802 3545//2802 3544//2802
f 680//2802 3546//2802 3545//2802
f 748//2802 3547//2802 3546//2802
f 816//2802 3548//2802 3547//2802
f 884//2802 3549//2802 3548//2802
f 952//2802 3550//2802 3549//2802
f 1020//2802 3551//2802 3550//2802
f 1088//2802 3552//2802 3551//2802
f 1156//2802 3553//2802 3552//2802
f 1224//2802 3554//2802 3553//2802
f 1292//2802 3555//2802 3554//2802
f 1360//2802 3556//2802 3555//2802
f 1428//2802 3557//2802 3556//2802
f 1496//2802 3558//2802 3557//2802
f 1564//2802 3559//2802 3558//2802
f 1632//2802 3560//2802 3559//2802
f 1700//2802 3561//2802 3560//2802
f 1768//2802 3562//2802 3561//2802
f 1836//2802 3563//2802 3562//2802
f 1904//2802 3564//2802 3563//2802
f 1972//2802 3565//2802 3564//2802
f 2040//2802 3566//2802 3565//2802
f 2108//2802 3567//2802 3566//2802
f 2176//2802 3568//2802 3567//2802
f 2244//2802 3569//2802 3568//2802
f 2312//2802 3570//2802 3569//2802
f 2380//2802 3571//2802 3570//2802
f 2448//2802 3572//2802 3571//2802
f 2516//2802 3573//2802 3572//2802
f 2584//2802 3574//2802 3573//2802
f 2652//2802 3575//2802 3574//2802
f 2720//2802 3576//2802 3575//2802
f 2788//2802 3577//2802 3576//2802
f 2856//2802 3578//2802 3577//2802
f 2924//2802 3579//2802 3578//2802
f 2992//2802 3580//2802 3579//2802
f 3060//2802 3581//2802 3580//2802
f 3128//2802 3582//2802 3581//2802
f 3196//2802 3583//2802 3582//2802
f 3264//2802 3584//2802 3583//2802
f 3332//2802 3585//2802 3584//2802
f 3400//2802 3586//2802 3585//2802
f 3468//2802 3587//2802 3586//2802
f 3467//2802 3588//2802 3587//2802
f 3466//2802 3589//2802 3588//2802
f 3465//2802 3590//2802 3589//2802
f 3464//2802 3591//2802 3590//2802
f 3463//2802 3592//2802 3591//2802
f 3462//2802 3593//2802 3592//2802
f 3461//2802 3594//2802 3593//2802
f 3460//2802 3595//2802 3594//2802
f 3459//2802 3596//2802 3595//2802
f 3458//2802 3597//2802 3596//2802
f 3457//2802 3598//2802 3597//2802
f 3456//2802 3599//2802 3598//2802
f 3455//2802 3600//2802 3599//2802
f 3454//2802 3601//2802 3600//2802
f 3453//2802 3602//2802 3601//2802
f 3452//2802 3603//2802 3602//2802
f 3451//2802 3604//2802 3603//2802
f 3450//2802 3605//2802 3604//2802
f 3449//2802 3606//2802 3605//2802
f 3448//2802 3607//2802 3606//2802
f 3447//2802 3608//2802 3607//2802
f 3446//2802 3609//2802 3608//2802
f 3445//2802 3610//2802 3609//2802
f 3444//2802 3611//2802 3610//2802
f 3443//2802 3612//2802 3611//2802
f 3442//2802 3613//2802 3612//2802
f 3441//2802 3614//2802 3613//2802
f 3440//2802 3615//2802 3614//2802
f 3439//2802 3616//2802 3615//2802
f 3438//2802 3617//2802 3616//2802
f 3437//2802 3618//2802 3617//2802
f 3436//2802 3619//2802 3618//2802
f 3435//2802 3620//2802 3619//2802
f 3434//2802 3621//2802 3620//2802
f 3433//2802 3622//2802 3621//2802
f 3432//2802 3623//2802 3622//2802
f 3431//2802 3624//2802 3623//2802
f 3430//2802 3625//2802 3624//2802
f 3429//2802 3626//2802 3625//2802
f 3428//2802 3627//2802 3626//2802
f 3427//2802 3628//2802 3627//2802
f 3426//2802 3629//2802 3628//2802
f 3425//2802 3630//2802 3629//2802
f 3424//2802 3631//2802 3630//2802
f 3423//2802 3632//2802 3631//2802
f 3422//2802 3633//2802 3632//2802
f 3421//2802 3634//2802 3633//2802
f 3420//2802 3635//2802 3634//2802
f 3419//2802 3636//2802 3635//2802
f 3418//2802 3637//2802 3636//2802
f 3417//2802 3638//2802 3637//2802
f 3416//2802 3639//2802 3638//2802
f 3415//2802 3640//2802 3639//2802
f 3414//2802 3641//2802 3640//2802
f 3413//2802 3642//2802 3641//2802
f 3412//2802 3643//2802 3642//2802
f 3411//2802 3644//2802 3643//2802
f 3410//2802 3645//2802 3644//2802
f 3409//2802 3646//2802 3645//2802
f 3408//2802 3647//2802 3646//2802
f 3407//2802 3648//2802 3647//2802
f 3406//2802 3649//2802 3648//2802
f 3405//2802 3650//2802 3649//2802
f 3404//2802 3651//2802 3650//2802
f 3403//2802 3652//2802 3651//2802
f 3402//2802 3653//2802 3652//2802
f 3401//2802 3654//2802 3653//2802
f 3333//2802 3655//2802 3654//2802
f 3265//2802 3656//2802 3655//2802
f 3197//2802 3657//2802 3656//2802
f 3129//2802 3658//2802 3657//2802
f 3061//2802 3659//2802 3658//2802
f 2993//2802 3660//2802 3659//2802
f 2925//2802 3661//2802 3660//2802
f 2857//2802 3662//2802 3661//2802
f 2789//2802 3663//2802 3662//2802
f 2721//2802 3664//2802 3663//2802
f 2653//2802 3665//2802 3664//2802
f 2585//2802 3666//2802 3665//2802
f 2517//2802 3667//2802 3666//2802
f 2449//2802 3668//2802 3667//2802
f 2381//2802 3669//2802 3668//2802
f 2313//2802 3670//2802 3669//2802
f 2245//2802 3671//2802 3670//2802
f 2177//2802 3672//2802 3671//2802
f 2109//2802 3673//2802 3672//2802
f 2041//2802 3674//2802 3673//2802
f 1973//2802 3675//2802 3674//2802
f 1905//2802 3676//2802 3675//2802
f 1837//2802 3677//2802 3676//2802
f 1769//2802 3678//2802 3677//2802
f 1701//2802 3679//2802 3678//2802
f 1633//2802 3680//2802 3679//2802
f 1565//2802 3681//2802 3680//2802
f 1497//2802 3682//2802 3681//2802
f 1429//2802 3683//2802 3682//2802
f 1361//2802 3684//2802 3683//2802
f 1293//2802 3685//2802 3684//2802
f 1225//2802 3686//2802 3685//2802
f 1157//2802 3687//2802 3686//2802
f 1089//2802 3688//2802 3687//2802
f 1021//2802 3689//2802 3688//2802
f 953//2802 3690//2802 3689//2802
f 885//2802 3691//2802 3690//2802
f 817//2802 3692//2802 3691//2802
f 749//2802 3693//2802 3692//2802
f 681//2802 3694//2802 3693//2802
f 613//2802 3695//2802 3694//2802
f 545//2802 3696//2802 3695//2802
f 477//2802 3697//2802 3696//2802
f 409//2802 3698//2802 3697//2802
f 341//2802 3699//2802 3698//2802
f 273//2802 3700//2802 3699//2802
f 205//2802 3701//2802 3700//2802
f 137//2802 3702//2802 3701//2802
f 69//2802 3469//2802 3702//2802
f 3703//2802 3469//2802 3470//2802
f 3703//2802 3470//2802 3471//2802
f 3703//2802 3471//2802 3472//2802
f 3703//2802 3472//2802 3473//2802
f 3703//2802 3473//2802 3474//2802
f 3703//2802 3474//2802 3475//2802
f 3703//2802 3475//2802 3476//2802
f 3703//2802 3476//2802 3477//2802
f 3703//2802 3477//2802 3478//2802
f 3703//2802 3478//2802 3479//2802
f 3703//2802 3479//2802 3480//2802
f 3703//2802 3480//2802 3481//2802
f 3703//2802 3481//2802 3482//2802
f 3703//2802 3482//2802 3483//2802
f 3703//2802 3483//2802 3484//2802
f 3703//2802 3484//2802 3485//2802
f 3703//2802 3485//2802 3486//2802
f 3703//2802 3486//2802 3487//2802
f 3703//2802 3487//2802 3488//2802
f 3703//2802 3488//2802 3489//2802
f 3703//2802 3489//2802 3490//2802
f 3703//2802 3490//2802 3491//2802
f 3703//2802 3491//2802 3492//2802
f 3703//2802 3492//2802 3493//2802
f 3703//2802 3493//2802 3494//2802
f 3703//2802 3494//2802 3495//2802
f 3703//2802 3495//2802 3496//2802
f 3703//2802 3496//2802 3497//2802
f 3703//2802 3497//2802 3498//2802
f 3703//2802 3498//2802 3499//2802
f 3703//2802 3499//2802 3500//2802
f 3703//2802 3500//2802 3501//2802
f 3703//2802 3501//2802 3502//2802
f 3703//2802 3502//2802 3503//2802
f 3703//2802 3503//2802 3504//2802
f 3703//2802 3504//2802 3505//2802
f 3703//2802 3505//2802 3506//2802
f 3703//2802 3506//2802 3507//2802
f 3703//2802 3507//2802 3508//2802
f 3703//2802 3508//2802 3509//2802
f 3703//2802 3509//2802 3510//2802
f 3703//2802 3510//2802 3511//2802
f 3703//2802 3511//2802 3512//2802
f 3703//2802 3512//2802 3513//2802
f 3703//2802 3513//2802 3514//2802
f 3703//2802 3514//2802 3515//2802
f 3703//2802 3515//2802 3516//2802
f 3703//2802 3516//2802 3517//2802
f 3703//2802 3517//2802 3518//2802
f 3703//2802 3518//2802 3519//2802
f 3703//2802 3519//2802 3520//2802
f 3703//2802 3520//2802 3521//2802
f 3703//2802 3521//2802 3522//2802
f 3703//2802 3522//2802 3523//2802
f 3703//2802 3523//2802 3524//2802
f 3703//2802 3524//2802 3525//2802
f 3703//2802 3525//2802 3526//2802
f 3703//2802 3526//2802 3527//2802
f 3703//2802 3527//2802 3528//2802
f 3703//2802 3528//2802 3529//2802
f 3703//2802 3529//2802 3530//2802
f 3703//2802 3530//2802 3531//2802
f 3703//2802 3531//2802 3532//2802
f 3703//2802 3532//2802 3533//2802
f 3703//2802 3533//2802 3534//2802
f 3703//2802 3534//2802 3535//2802
f 3703//2802 3535//2802 3536//2802
f 3703//2802 3536//2802 3537//2802
f 3703//2802 3537//2802 3538//2802
f 3703//2802 3538//2802 3539//2802
f 3703//2802 3539//2802 3540//2802
f 3703//2802 3540//2802 3541//2802
f 3703//2802 3541//2802 3542//2802
f 3703//2802 3542//2802 3543//2802
f 3703//2802 3543//2802 3544//2802
f 3703//2802 3544//2802 3545//2802
f 3703//2802 3545//2802 3546//2802
f 3703//2802 3546//2802 3547//2802
f 3703//2802 3547//2802 3548//2802
f 3703//2802 3548//2802 3549//2802
f 3703//2802 3549//2802 3550//2802
f 3703//2802 3550//2802 3551//2802
f 3703//2802 3551//2802 3552//2802
f 3703//2802 3552//2802 3553//2802
f 3703//2802 3553//2802 3554//2802
f 3703//2802 3554//2802 3555//2802
f 3703//2802 3555//2802 3556//2802
f 3703//2802 3556//2802 3557//2802
f 3703//2802 3557//2802 3558//2802
f 3703//2802 3558//2802 3559//2802
f 3703//2802 3559//2802 3560//2802
f 3703//2802 3560//2802 3561//2802
f 3703//2802 3561//2802 3562//2802
f 3703//2802 3562//2802 3563//2802
f 3703//2802 3563//2802 3564//2802
f 3703//2802 3564//2802 3565//2802
f 3703//2802 3565//2802 3566//2802
f 3703//2802 3566//2802 3567//2802
f 3703//2802 3567//2802 3568//2802
f 3703//2802 3568//2802 3569//2802
f 3703//2802 3569//2802 3570//2802
f 3703//2802 3570//2802 3571//2802
f 3703//2802 3571//2802 3572//2802
f 3703//2802 3572//2802 3573//2802
f 3703//2802 3573//2802 3574//2802
f 3703//2802 3574//2802 3575//2802
f 3703//2802 3575//2802 3576//2802
f 3703//2802 3576//2802 3577//2802
f 3703//2802 3577//2802 3578//2802
f 3703//2802 3578//2802 3579//2802
f 3703//2802 3579//2802 3580//2802
f 3703//2802 3580//2802 3581//2802
f 3703//2802 3581//2802 3582//2802
f 3703//2802 3582//2802 3583//2802
f 3703//2802 3583//2802 3584//2802
f 3703//2802 3584//2802 3585//2802
f 3703//2802 3585//2802 3586//2802
f 3703//2802 3586//2802 3587//2802
f 3703//2802 3587//2802 3588//2802
f 3703//2802 3588//2802 3589//2802
f 3703//2802 3589//2802 3590//2802
f 3703//2802 3590//2802 3591//2802
f 3703//2802 3591//2802 3592//2802
f 3703//2802 3592//2802 3593//2802
f 3703//2802 3593//2802 3594//2802
f 3703//2802 3594//2802 3595//2802
f 3703//2802 3595//2802 3596//2802
f 3703//2802 3596//2802 3597//2802
f 3703//2802 3597//2802 3598//2802
f 3703//2802 3598//2802 3599//2802
f 3703//2802 3599//2802 3600//2802
f 3703//2802 3600//2802 3601//2802
f 3703//2802 3601//2802 3602//2802
f 3703//2802 3602//2802 3603//2802
f 3703//2802 3603//2802 3604//2802
f 3703//2802 3604//2802 3605//2802
f 3703//2802 3605//2802 3606//2802
f 3703//2802 3606//2802 3607//2802
f 3703//2802 3607//2802 3608//2802
f 3703//2802 3608//2802 3609//2802
f 3703//2802 3609//2802 3610//2802
f 3703//2802 3610//2802 3611//2802
f 3703//2802 3611//2802 3612//2802
f 3703//2802 3612//2802 3613//2802
f 3703//2802 3613//2802 3614//2802
f 3703//2802 3614//2802 3615//2802
f 3703//2802 3615//2802 3616//2802
f 3703//2802 3616//2802 3617//2802
f 3703//2802 3617//2802 3618//2802
f 3703//2802 3618//2802 3619//2802
f 3703//2802 3619//2802 3620//2802
f 3703//2802 3620//2802 3621//2802
f 3703//2802 3621//2802 3622//2802
f 3703//2802 3622//2802 3623//2802
f 3703//2802 3623//2802 3624//2802
f 3703//2802 3624//2802 3625//2802
f 3703//2802 3625//2802 3626//2802
f 3703//2802 3626//2802 3627//2802
f 3703//2802 3627//2802 3628//2802
f 3703//2802 3628//2802 3629//2802
f 3703//2802 3629//2802 3630//2802
f 3703//2802 3630//2802 3631//2802
f 3703//2802 3631//2802 3632//2802
f 3703//2802 3632//2802 3633//2802
f 3703//2802 3633//2802 3634//2802
f 3703//2802 3634//2802 3635//2802
f 3703//2802 3635//2802 3636//2802
f 3703//2802 3636//2802 3637//2802
f 3703//2802 3637//2802 3638//2802
f 3703//2802 3638//2802 3639//2802
f 3703//2802 3639//2802 3640//2802
f 3703//2802 3640//2802 3641//2802
f 3703//2802 3641//2802 3642//2802
f 3703//2802 3642//2802 3643//2802
f 3703//2802 3643//2802 3644//2802
f 3703//2802 3644//2802 3645//2802
f 3703//2802 3645//2802 3646//2802
f 3703//2802 3646//2802 3647//2802
f 3703//2802 3647//2802 3648//2802
f 3703//2802 3648//2802 3649//2802
f 3703//2802 3649//2802 3650//2802
f 3703//2802 3650//2802 3651//2802
f 3703//2802 3651//2802 3652//2802
f 3703//2802 3652//2802 3653//2802
f 3703//2802 3653//2802 3654//2802
f 3703//2802 3654//2802 3655//2802
f 3703//2802 3655//2802 3656//2802
f 3703//2802 3656//2802 3657//2802
f 3703//2802 3657//2802 3658//2802
f 3703//2802 3658//2802 3659//2802
f 3703//2802 3659//2802 3660//2802
f 3703//2802 3660//2802 3661//2802
f 3703//2802 3661//2802 3662//2802
f 3703//2802 3662//2802 3663//2802
f 3703//2802 3663//2802 3664//2802
f 3703//2802 3664//2802 3665//2802
f 3703//2802 3665//2802 3666//2802
f 3703//2802 3666//2802 3667//2802
f 3703//2802 3667//2802 3668//2802
f 3703//2802 3668//2802 3669//2802
f 3703//2802 3669//2802 3670//2802
f 3703//2802 3670//2802 3671//2802
f 3703//2802 3671//2802 3672//2802
f 3703//2802 3672//2802 3673//2802
f 3703//2802 3673//2802 3674//2802
f 3703//2802 3674//2802 3675//2802
f 3703//2802 3675//2802 3676//2802
f 3703//2802 3676//2802 3677//2802
f 3703//2802 3677//2802 3678//2802
f 3703//2802 3678//2802 3679//2802
f 3703//2802 3679//2802 3680//2802
f 3703//2802 3680//2802 3681//2802
f 3703//2802 3681//2802 3682//2802
f 3703//2802 3682//2802 3683//2802
f 3703//2802 3683//2802 3684//2802
f 3703//2802 3684//2802 3685//2802
f 3703//2802 3685//2802 3686//2802
f 3703//2802 3686//2802 3687//2802
f 3703//2802 3687//2802 3688//2802
f 3703//2802 3688//2802 3689//2802
f 3703//2802 3689//2802 3690//2802
f 3703//2802 3690//2802 3691//2802
f 3703//2802 3691//2802 3692//2802
f 3703//2802 3692//2802 3693//2802
f 3703//2802 3693//2802 3694//2802
f 3703//2802 3694//2802 3695//2802
f 3703//2802 3695//2802 3696//2802
f 3703//2802 3696//2802 3697//2802
f 3703//2802 3697//2802 3698//2802
f 3703//2802 3698//2802 3699//2802
f 3703//2802 3699//2802 3700//2802
f 3703//2802 3700//2802 3701//2802
f 3703//2802 3701//2802 3702//2802
f 3703//2802 3702//2802 3469//2802
s 1
f 69//1 70//4 2//2
f 70//4 71//6 3//5
f 71//6 72//8 4//7
f 72//8 73//9 5//7
f 73//9 74//10 6//7
f 74//10 75//11 7//7
f 75//11 76//12 8//7
f 76//12 77//13 9//7
f 77//13 78//14 10//7
f 78//14 79//15 11//7
f 79//15 80//16 12//7
f 80//16 81//17 13//7
f 81//17 82//18 14//7
f 82//18 83//19 15//7
f 83//19 84//20 16//7
f 84//20 85//21 17//7
f 85//21 86//22 18//7
f 86//22 87//23 19//7
f 87//23 88//24 20//7
f 88//24 89//25 21//7
f 89//25 90//26 22//7
f 90//26 91//27 23//7
f 91//27 92//28 24//7
f 92//28 93//20 25//7
f 93//20 94//29 26//7
f 94//29 95//30 27//7
f 95//30 96//31 28//7
f 96//31 97//32 29//7
f 97//32 98//33 30//7
f 98//33 99//34 31//7
f 99//34 100//35 32//7
f 100//35 101//36 33//7
f 101//36 102//11 34//7
f 102//11 103//11 35//7
f 103//11 104//37 36//7
f 104//37 105//38 37//7
f 105//38 106//39 38//7
f 106//39 107//40 39//7
f 107//40 108//41 40//7
f 108//41 109//42 41//7
f 109//42 110//43 42//7
f 110//43 111//44 43//7
f 111//44 112//20 44//7
f 112//20 113//45 45//7
f 113//45 114//46 46//7
f 114//46 115//47 47//7
f 115//47 116//48 48//7
f 116//48 117//49 49//7
f 117//49 118//50 50//7
f 118//50 119//51 51//7
f 119//51 120//52 52//7
f 120//52 121//20 53//7
f 121//20 122//53 54//7
f 122//53 123//54 55//7
f 123//54 124//55 56//7
f 124//55 125//56 57//7
f 125//56 126//57 58//7
f 126//57 127//58 59//7
f 127//58 128//59 60//7
f 128//59 129//60 61//7
f 129//60 130//20 62//7
f 130//20 131//61 63//7
f 131//61 132//62 64//7
f 132//62 133//63 65//7
f 133//63 134//126 66//64
f 66//64 134//126 135//65
f 67//66 135//65 136//67
f 137//68 138//69 70//4
f 138//69 139//70 71//6
f 139//70 140//129 72//8
f 72//8 140//129 141//71
f 73//9 141//71 142//72
f 74//10 142//72 143//73
f 143//73 144//74 76//12
f 144//74 145//75 77//13
f 145//75 146//76 78//14
f 146//76 147//136 79//15
f 79//15 147//136 148//77
f 80//16 148//77 149//78
f 81//17 149//78 150//79
f 82//18 150//79 151//80
f 83//19 151//80 152//81
f 152//81 153//82 85//21
f 153//82 154//83 86//22
f 154//83 155//84 87//23
f 155//84 156//85 88//24
f 156//85 157//146 89//25
f 89//25 157//146 158//86
f 90//26 158//86 159//87
f 91//27 159//87 160//88
f 92//28 160//88 161//89
f 161//89 162//90 94//29
f 162//90 163//91 95//30
f 163//91 164//92 96//31
f 164//92 165//93 97//32
f 165//93 166//155 98//33
f 98//33 166//155 167//94
f 99//34 167//94 168//95
f 100//35 168//95 169//96
f 101//36 169//96 170//97
f 170//97 171//98 103//11
f 171//98 172//99 104//37
f 172//99 173//100 105//38
f 173//100 174//101 106//39
f 174//101 175//164 107//40
f 107//40 175//164 176//102
f 108//41 176//102 177//103
f 109//42 177//103 178//104
f 110//43 178//104 179//105
f 111//44 179//105 180//106
f 180//106 181//107 113//45
f 181//107 182//108 114//46
f 182//108 183//109 115//47
f 183//109 184//173 116//48
f 116//48 184//173 185//110
f 117//49 185//110 186//111
f 118//50 186//111 187//112
f 119//51 187//112 188//113
f 120//52 188//113 189//114
f 189//114 190//115 122//53
f 190//115 191//116 123//54
f 191//116 192//117 124//55
f 192//117 193//118 125//56
f 193//118 194//183 126//57
f 126//57 194//183 195//119
f 127//58 195//119 196//120
f 128//59 196//120 197//121
f 129//60 197//121 198//122
f 198//122 199//123 131//61
f 199//123 200//124 132//62
f 200//124 201//190 133//63
f 133//63 201//190 202//125
f 134//126 202//125 203//127
f 203//127 204//193 136//67
f 205//68 206//194 138//69
f 138//69 206//194 207//128
f 207//128 208//197 140//129
f 140//129 208//197 209//130
f 141//71 209//130 210//131
f 142//72 210//131 211//132
f 211//132 212//133 144//74
f 212//133 213//134 145//75
f 213//134 214//135 146//76
f 214//135 215//204 147//136
f 147//136 215//204 216//137
f 148//77 216//137 217//138
f 149//78 217//138 218//139
f 150//79 218//139 219//140
f 151//80 219//140 220//141
f 220//141 221//142 153//82
f 221//142 222//143 154//83
f 222//143 223//144 155//84
f 223//144 224//145 156//85
f 224//145 225//214 157//146
f 157//146 225//214 226//147
f 158//86 226//147 227//148
f 159//87 227//148 228//149
f 160//88 228//149 229//150
f 229//150 230//151 162//90
f 230//151 231//152 163//91
f 231//152 232//153 164//92
f 232//153 233//154 165//93
f 233//154 234//223 166//155
f 166//155 234//223 235//156
f 167//94 235//156 236//157
f 168//95 236//157 237//158
f 169//96 237//158 238//159
f 238//159 239//160 171//98
f 239//160 240//161 172//99
f 240//161 241//162 173//100
f 241//162 242//163 174//101
f 242//163 243//232 175//164
f 175//164 243//232 244//165
f 176//102 244//165 245//166
f 177//103 245//166 246//167
f 178//104 246//167 247//168
f 179//105 247//168 248//169
f 248//169 249//170 181//107
f 249//170 250//171 182//108
f 250//171 251//172 183//109
f 251//172 252//241 184//173
f 184//173 252//241 253//174
f 185//110 253//174 254//175
f 186//111 254//175 255//176
f 187//112 255//176 256//177
f 188//113 256//177 257//178
f 257//178 258//179 190//115
f 258//179 259//180 191//116
f 259//180 260//181 192//117
f 260//181 261//182 193//118
f 261//182 262//251 194//183
f 194//183 262//251 263//184
f 195//119 263//184 264//185
f 196//120 264//185 265//186
f 197//121 265//186 266//187
f 266//187 267//188 199//123
f 267//188 268//189 200//124
f 268//189 269//258 201//190
f 201//190 269//258 270//191
f 270//191 271//192 203//127
f 271//192 272//193 204//193
f 273//68 274//261 206//194
f 206//194 274//261 275//195
f 207//128 275//195 276//196
f 276//196 277//198 209//130
f 277//198 278//199 210//131
f 278//199 279//266 211//132
f 211//132 279//266 280//200
f 212//133 280//200 281//201
f 213//134 281//201 282//202
f 214//135 282//202 283//203
f 283//203 284//205 216//137
f 284//205 285//206 217//138
f 285//206 286//207 218//139
f 286//207 287//208 219//140
f 287//208 288//275 220//141
f 220//141 288//275 289//209
f 221//142 289//209 290//210
f 222//143 290//210 291//211
f 223//144 291//211 292//212
f 224//145 292//212 293//213
f 293//213 294//215 226//147
f 294//215 295//216 227//148
f 295//216 296//217 228//149
f 296//217 297//283 229//150
f 229//150 297//283 298//218
f 230//151 298//218 299//219
f 231//152 299//219 300//220
f 232//153 300//220 301//221
f 233//154 301//221 302//222
f 302//222 303//224 235//156
f 303//224 304//225 236//157
f 304//225 305//226 237//158
f 305//226 306//227 238//159
f 306//227 307//291 239//160
f 239//160 307//291 308//228
f 240//161 308//228 309//229
f 241//162 309//229 310//230
f 242//163 310//230 311//231
f 311//231 312//233 244//165
f 312//233 313//234 245//166
f 313//234 314//235 246//167
f 314//235 315//236 247//168
f 315//236 316//300 248//169
f 248//169 316//300 317//237
f 249//170 317//237 318//238
f 250//171 318//238 319//239
f 251//172 319//239 320//240
f 320//240 321//242 253//174
f 321//242 322//243 254//175
f 322//243 323//244 255//176
f 323//244 324//245 256//177
f 324//245 325//309 257//178
f 257//178 325//309 326//246
f 258//179 326//246 327//247
f 259//180 327//247 328//248
f 260//181 328//248 329//249
f 261//182 329//249 330//250
f 330//250 331//252 263//184
f 331//252 332//253 264//185
f 332//253 333//254 265//186
f 333//254 334//318 266//187
f 266//187 334//318 335//255
f 267//188 335//255 336//256
f 268//189 336//256 337//257
f 337//257 338//259 270//191
f 338//259 339//260 271//192
f 339//260 340//193 272//193
f 341//68 342//323 274//261
f 274//261 342//323 343//262
f 275//195 343//262 344//263
f 344//263 345//264 277//198
f 345//264 346//265 278//199
f 346//265 347//3 279//266
f 279//266 347//3 348//267
f 280//200 348//267 349//268
f 281//201 349//268 350//269
f 282//202 350//269 351//270
f 351//270 352//271 284//205
f 352//271 353//272 285//206
f 353//272 354//273 286//207
f 354//273 355//274 287//208
f 355//274 356//3 288//275
f 356//3 357//333 289//209
f 289//209 357//333 358//276
f 290//210 358//276 359//277
f 291//211 359//277 360//278
f 292//212 360//278 361//279
f 361//279 362//280 294//215
f 362//280 363//281 295//216
f 363//281 364//282 296//217
f 364//282 365//3 297//283
f 365//3 366//340 298//218
f 298//218 366//340 367//284
f 299//219 367//284 368//285
f 300//220 368//285 369//286
f 301//221 369//286 370//287
f 370//287 371//288 303//224
f 371//288 372//289 304//225
f 372//289 373//290 305//226
f 373//290 374//3 306//227
f 374//3 375//3 307//291
f 307//291 375//3 376//292
f 308//228 376//292 377//293
f 309//229 377//293 378//294
f 310//230 378//294 379//295
f 379//295 380//296 312//233
f 380//296 381//297 313//234
f 381//297 382//298 314//235
f 382//298 383//299 315//236
f 383//299 384//3 316//300
f 316//300 384//3 385//301
f 317//237 385//301 386//302
f 318//238 386//302 387//303
f 319//239 387//303 388//304
f 388//304 389//305 321//242
f 389//305 390//306 322//243
f 390//306 391//307 323//244
f 391//307 392//308 324//245
f 392//308 393//3 325//309
f 325//309 393//3 394//310
f 326//246 394//310 395//311
f 327//247 395//311 396//312
f 328//248 396//312 397//313
f 329//249 397//313 398//314
f 398//314 399//315 331//252
f 399//315 400//316 332//253
f 400//316 401//317 333//254
f 401//317 402//3 334//318
f 402//3 403//364 335//255
f 335//255 403//364 404//319
f 336//256 404//319 405//320
f 405//320 406//321 338//259
f 406//321 407//322 339//260
f 407//322 408//193 340//193
f 409//68 410//369 342//323
f 342//323 410//369 411//324
f 343//262 411//324 412//325
f 412//325 413//326 345//264
f 413//326 414//3 346//265
f 414//3 415//3 347//3
f 415//3 416//3 348//267
f 348//267 416//3 417//327
f 349//268 417//327 418//328
f 350//269 418//328 419//329
f 419//329 420//330 352//271
f 420//330 421//331 353//272
f 421//331 422//332 354//273
f 422//332 423//3 355//274
f 423//3 424//3 356//3
f 424//3 425//3 357//333
f 357//333 425//3 426//334
f 358//276 426//334 427//335
f 359//277 427//335 428//336
f 360//278 428//336 429//337
f 429//337 430//338 362//280
f 430//338 431//339 363//281
f 431//339 432//3 364//282
f 432//3 433//3 365//3
f 433//3 434//3 366//340
f 434//3 435//351 367//284
f 367//284 435//351 436//341
f 368//285 436//341 437//342
f 369//286 437//342 438//343
f 438//343 439//344 371//288
f 439//344 440//345 372//289
f 440//345 441//3 373//290
f 441//3 442//3 374//3
f 442//3 443//3 375//3
f 443//3 444//3 376//292
f 376//292 444//3 445//346
f 377//293 445//346 446//347
f 378//294 446//347 447//348
f 447//348 448//349 380//296
f 448//349 449//350 381//297
f 449//350 450//351 382//298
f 450//351 451//3 383//299
f 451//3 452//3 384//3
f 452//3 453//3 385//301
f 385//301 453//3 454//352
f 386//302 454//352 455//353
f 387//303 455//353 456//354
f 456//354 457//355 389//305
f 457//355 458//356 390//306
f 458//356 459//357 391//307
f 459//357 460//3 392//308
f 460//3 461//3 393//3
f 461//3 462//3 394//310
f 394//310 462//3 463//358
f 395//311 463//358 464//359
f 396//312 464//359 465//360
f 397//313 465//360 466//361
f 466//361 467//362 399//315
f 467//362 468//363 400//316
f 468//363 469//3 401//317
f 469//3 470//3 402//3
f 470//3 471//3 403//364
f 403//364 471//3 472//365
f 404//319 472//365 473//366
f 473//366 474//367 406//321
f 474//367 475//368 407//322
f 475//368 476//193 408//193
f 477//68 478//369 410//369
f 410//369 478//369 479//370
f 479//370 480//371 412//325
f 480//371 481//3 413//326
f 481//3 482//3 414//3
f 482//3 483//3 415//3
f 483//3 484//372 416//3
f 484//372 485//373 417//327
f 485//373 486//402 418//328
f 418//328 486//402 487//374
f 487//374 488//375 420//330
f 488//375 489//376 421//331
f 489//376 490//3 422//332
f 490//3 491//3 423//3
f 491//3 492//3 424//3
f 492//3 493//3 425//3
f 493//3 494//3 426//334
f 494//3 495//408 427//335
f 427//335 495//408 496//377
f 428//336 496//377 497//378
f 497//378 498//379 430//338
f 498//379 499//380 431//339
f 499//380 500//3 432//3
f 500//3 501//3 433//3
f 501//3 502//3 434//3
f 502//3 503//3 435//351
f 503//3 504//415 436//341
f 436//341 504//415 505//381
f 437//342 505//381 506//382
f 506//382 507//419 439//344
f 439//344 507//419 508//383
f 508//383 509//3 441//3
f 509//3 510//3 442//3
f 510//3 511//3 443//3
f 511//3 512//3 444//3
f 512//3 513//384 445//346
f 513//384 514//424 446//347
f 446//347 514//424 515//385
f 515//385 516//386 448//349
f 516//386 517//387 449//350
f 517//387 518//3 450//351
f 518//3 519//3 451//3
f 519//3 520//3 452//3
f 520//3 521//3 453//3
f 521//3 522//388 454//352
f 522//388 523//431 455//353
f 455//353 523//431 524//389
f 524//389 525//390 457//355
f 525//390 526//391 458//356
f 526//391 527//3 459//357
f 527//3 528//3 460//3
f 528//3 529//3 461//3
f 529//3 530//3 462//3
f 530//3 531//3 463//358
f 531//3 532//437 464//359
f 464//359 532//437 533//392
f 465//360 533//392 534//393
f 534//393 535//394 467//362
f 535//394 536//373 468//363
f 536//373 537//395 469//3
f 537//395 538//3 470//3
f 538//3 539//3 471//3
f 539//3 540//3 472//365
f 540//3 541//396 473//366
f 541//396 542//397 474//367
f 542//397 543//368 475//368
f 543//368 544//193 476//193
f 545//68 546//398 478//369
f 546//398 547//399 479//370
f 547//399 548//448 480//371
f 480//371 548//448 549//400
f 549//400 550//3 482//3
f 550//3 551//3 483//3
f 551//3 552//451 484//372
f 484//372 552//451 553//401
f 553//401 554//403 486//402
f 554//403 555//455 487//374
f 487//374 555//455 556//404
f 488//375 556//404 557//405
f 489//376 557//405 558//406
f 558//406 559//3 491//3
f 559//3 560//3 492//3
f 560//3 561//3 493//3
f 561//3 562//407 494//3
f 562//407 563//409 495//408
f 563//409 564//410 496//377
f 564//410 565//464 497//378
f 497//378 565//464 566//411
f 498//379 566//411 567//412
f 499//380 567//412 568//413
f 568//413 569//3 501//3
f 569//3 570//3 502//3
f 570//3 571//414 503//3
f 571//414 572//416 504//415
f 572//416 573//417 505//381
f 573//417 574//473 506//382
f 506//382 574//473 575//418
f 507//419 575//418 576//420
f 508//383 576//420 577//421
f 577//421 578//3 510//3
f 578//3 579//3 511//3
f 579//3 580//422 512//3
f 580//422 581//423 513//384
f 581//423 582//425 514//424
f 582//425 583//482 515//385
f 515//385 583//482 584//426
f 516//386 584//426 585//427
f 517//387 585//427 586//428
f 586//428 587//3 519//3
f 587//3 588//3 520//3
f 588//3 589//429 521//3
f 589//429 590//430 522//388
f 590//430 591//432 523//431
f 591//432 592//491 524//389
f 524//389 592//491 593//433
f 525//390 593//433 594//434
f 526//391 594//434 595//435
f 595//435 596//3 528//3
f 596//3 597//3 529//3
f 597//3 598//3 530//3
f 598//3 599//436 531//3
f 599//436 600//438 532//437
f 600//438 601//439 533//392
f 601//439 602//500 534//393
f 534//393 602//500 603//440
f 535//394 603//440 604//441
f 604//441 605//442 537//395
f 605//442 606//3 538//3
f 606//3 607//3 539//3
f 607//3 608//443 540//3
f 608//443 609//506 541//396
f 541//396 609//506 610//444
f 542//397 610//444 611//445
f 611//445 612//193 544//193
f 613//68 614//446 546//398
f 614//446 615//447 547//399
f 615//447 616//511 548//448
f 548//448 616//511 617//449
f 549//400 617//449 618//450
f 618//450 619//3 551//3
f 619//3 620//452 552//451
f 620//452 621//453 553//401
f 621//453 622//454 554//403
f 622//454 623//518 555//455
f 555//455 623//518 624//456
f 556//404 624//456 625//457
f 557//405 625//457 626//458
f 558//406 626//458 627//459
f 627//459 628//3 560//3
f 628//3 629//460 561//3
f 629//460 630//461 562//407
f 630//461 631//462 563//409
f 631//462 632//463 564//410
f 632//463 633//528 565//464
f 565//464 633//528 634//465
f 566//411 634//465 635//466
f 567//412 635//466 636//467
f 568//413 636//467 637//468
f 637//468 638//469 570//3
f 638//469 639//470 571//414
f 639//470 640//471 572//416
f 640//471 641//472 573//417
f 641//472 642//537 574//473
f 574//473 642//537 643//474
f 575//418 643//474 644//475
f 576//420 644//475 645//476
f 577//421 645//476 646//477
f 646//477 647//478 579//3
f 647//478 648//479 580//422
f 648//479 649//480 581//423
f 649//480 650//481 582//425
f 650//481 651//546 583//482
f 583//482 651//546 652//483
f 584//426 652//483 653//484
f 585//427 653//484 654//485
f 586//428 654//485 655//486
f 655//486 656//487 588//3
f 656//487 657//488 589//429
f 657//488 658//489 590//430
f 658//489 659//490 591//432
f 659//490 660//555 592//491
f 592//491 660//555 661//492
f 593//433 661//492 662//493
f 594//434 662//493 663//494
f 595//435 663//494 664//495
f 664//495 665//3 597//3
f 665//3 666//496 598//3
f 666//496 667//497 599//436
f 667//497 668//498 600//438
f 668//498 669//499 601//439
f 669//499 670//565 602//500
f 602//500 670//565 671//501
f 603//440 671//501 672//502
f 604//441 672//502 673//503
f 673//503 674//3 606//3
f 674//3 675//504 607//3
f 675//504 676//505 608//443
f 676//505 677//572 609//506
f 609//506 677//572 678//507
f 610//444 678//507 679//508
f 679//508 680//193 612//193
f 681//68 682//509 614//446
f 682//509 683//510 615//447
f 683//510 684//577 616//511
f 616//511 684//577 685//512
f 617//449 685//512 686//513
f 618//450 686//513 687//514
f 687//514 688//515 620//452
f 688//515 689//516 621//453
f 689//516 690//517 622//454
f 690//517 691//584 623//518
f 623//518 691//584 692//519
f 624//456 692//519 693//520
f 625//457 693//520 694//521
f 626//458 694//521 695//522
f 627//459 695//522 696//523
f 696//523 697//524 629//460
f 697//524 698//525 630//461
f 698//525 699//526 631//462
f 699//526 700//527 632//463
f 700//527 701//594 633//528
f 633//528 701//594 702//529
f 634//465 702//529 703//530
f 635//466 703//530 704//531
f 636//467 704//531 705//532
f 637//468 705//532 706//533
f 706//533 707//534 639//470
f 707//534 708//535 640//471
f 708//535 709//536 641//472
f 709//536 710//603 642//537
f 642//537 710//603 711//538
f 643//474 711//538 712//539
f 644//475 712//539 713//540
f 645//476 713//540 714//541
f 714//541 715//542 647//478
f 715//542 716//543 648//479
f 716//543 717//544 649//480
f 717//544 718//545 650//481
f 718//545 719//612 651//546
f 651//546 719//612 720//547
f 652//483 720//547 721//548
f 653//484 721//548 722//549
f 654//485 722//549 723//550
f 723//550 724//551 656//487
f 724//551 725//552 657//488
f 725//552 726//553 658//489
f 726//553 727//554 659//490
f 727//554 728//621 660//555
f 660//555 728//621 729//556
f 661//492 729//556 730//557
f 662//493 730//557 731//558
f 663//494 731//558 732//559
f 664//495 732//559 733//560
f 733//560 734//561 666//496
f 734//561 735//562 667//497
f 735//562 736//563 668//498
f 736//563 737//564 669//499
f 737//564 738//631 670//565
f 670//565 738//631 739//566
f 671//501 739//566 740//567
f 672//502 740//567 741//568
f 673//503 741//568 742//569
f 742//569 743//570 675//504
f 743//570 744//571 676//505
f 744//571 745//638 677//572
f 677//572 745//638 746//573
f 678//507 746//573 747//574
f 747//574 748//193 680//193
f 749//68 750//575 682//509
f 750//575 751//576 683//510
f 751//576 752//643 684//577
f 684//577 752//643 753//578
f 685//512 753//578 754//579
f 686//513 754//579 755//580
f 755//580 756//581 688//515
f 756//581 757//582 689//516
f 757//582 758//583 690//517
f 758//583 759//650 691//584
f 691//584 759//650 760//585
f 692//519 760//585 761//586
f 693//520 761//586 762//587
f 694//521 762//587 763//588
f 695//522 763//588 764//589
f 764//589 765//590 697//524
f 765//590 766//591 698//525
f 766//591 767//592 699//526
f 767//592 768//593 700//527
f 768//593 769//660 701//594
f 701//594 769//660 770//595
f 702//529 770//595 771//596
f 703//530 771//596 772//597
f 704//531 772//597 773//598
f 773//598 774//599 706//533
f 774//599 775//600 707//534
f 775//600 776//601 708//535
f 776//601 777//602 709//536
f 777//602 778//669 710//603
f 710//603 778//669 779//604
f 711//538 779//604 780//605
f 712//539 780//605 781//606
f 713//540 781//606 782//607
f 782//607 783//608 715//542
f 783//608 784//609 716//543
f 784//609 785//610 717//544
f 785//610 786//611 718//545
f 786//611 787//678 719//612
f 719//612 787//678 788//613
f 720//547 788//613 789//614
f 721//548 789//614 790//615
f 722//549 790//615 791//616
f 723//550 791//616 792//617
f 792//617 793//618 725//552
f 793//618 794//619 726//553
f 794//619 795//620 727//554
f 795//620 796//687 728//621
f 728//621 796//687 797//622
f 729//556 797//622 798//623
f 730//557 798//623 799//624
f 731//558 799//624 800//625
f 732//559 800//625 801//626
f 801//626 802//627 734//561
f 802//627 803//628 735//562
f 803//628 804//629 736//563
f 804//629 805//630 737//564
f 805//630 806//697 738//631
f 738//631 806//697 807//632
f 739//566 807//632 808//633
f 740//567 808//633 809//634
f 741//568 809//634 810//635
f 810//635 811//636 743//570
f 811//636 812//637 744//571
f 812//637 813//704 745//638
f 745//638 813//704 814//639
f 746//573 814//639 815//640
f 815//640 816//193 748//193
f 817//68 818//707 750//575
f 750//575 818//707 819//641
f 751//576 819//641 820//642
f 820//642 821//644 753//578
f 821//644 822//645 754//579
f 822//645 823//712 755//580
f 755//580 823//712 824//646
f 756//581 824//646 825//647
f 757//582 825//647 826//648
f 758//583 826//648 827//649
f 827//649 828//651 760//585
f 828//651 829//652 761//586
f 829//652 830//653 762//587
f 830//653 831//654 763//588
f 831//654 832//721 764//589
f 764//589 832//721 833//655
f 765//590 833//655 834//656
f 766//591 834//656 835//657
f 767//592 835//657 836//658
f 768//593 836//658 837//659
f 837//659 838//661 770//595
f 838//661 839//662 771//596
f 839//662 840//663 772//597
f 840//663 841//730 773//598
f 773//598 841//730 842//664
f 774//599 842//664 843//665
f 775//600 843//665 844//666
f 776//601 844//666 845//667
f 777//602 845//667 846//668
f 846//668 847//670 779//604
f 847//670 848//671 780//605
f 848//671 849//672 781//606
f 849//672 850//673 782//607
f 850//673 851//740 783//608
f 783//608 851//740 852//674
f 784//609 852//674 853//675
f 785//610 853//675 854//676
f 786//611 854//676 855//677
f 855//677 856//679 788//613
f 856//679 857//680 789//614
f 857//680 858//681 790//615
f 858//681 859//682 791//616
f 859//682 860//749 792//617
f 792//617 860//749 861//683
f 793//618 861//683 862//684
f 794//619 862//684 863//685
f 795//620 863//685 864//686
f 864//686 865//688 797//622
f 865//688 866//689 798//623
f 866//689 867//690 799//624
f 867//690 868//691 800//625
f 868//691 869//758 801//626
f 801//626 869//758 870//692
f 802//627 870//692 871//693
f 803//628 871//693 872//694
f 804//629 872//694 873//695
f 805//630 873//695 874//696
f 874//696 875//698 807//632
f 875//698 876//699 808//633
f 876//699 877//700 809//634
f 877//700 878//767 810//635
f 810//635 878//767 879//701
f 811//636 879//701 880//702
f 812//637 880//702 881//703
f 881//703 882//705 814//639
f 882//705 883//706 815//640
f 883//706 884//193 816//193
f 885//68 886//773 818//707
f 818//707 886//773 887//708
f 819//641 887//708 888//709
f 888//709 889//710 821//644
f 889//710 890//711 822//645
f 890//711 891//778 823//712
f 823//712 891//778 892//713
f 824//646 892//713 893//714
f 825//647 893//714 894//715
f 826//648 894//715 895//716
f 895//716 896//717 828//651
f 896//717 897//718 829//652
f 897//718 898//719 830//653
f 898//719 899//720 831//654
f 899//720 900//787 832//721
f 832//721 900//787 901//722
f 833//655 901//722 902//723
f 834//656 902//723 903//724
f 835//657 903//724 904//725
f 836//658 904//725 905//726
f 905//726 906//727 838//661
f 906//727 907//728 839//662
f 907//728 908//729 840//663
f 908//729 909//796 841//730
f 841//730 909//796 910//731
f 842//664 910//731 911//732
f 843//665 911//732 912//733
f 844//666 912//733 913//734
f 845//667 913//734 914//735
f 914//735 915//736 847//670
f 915//736 916//737 848//671
f 916//737 917//738 849//672
f 917//738 918//739 850//673
f 918//739 919//804 851//740
f 851//740 919//804 920//741
f 852//674 920//741 921//742
f 853//675 921//742 922//743
f 854//676 922//743 923//744
f 923//744 924//745 856//679
f 924//745 925//746 857//680
f 925//746 926//747 858//681
f 926//747 927//748 859//682
f 927//748 928//813 860//749
f 860//749 928//813 929//750
f 861//683 929//750 930//751
f 862//684 930//751 931//752
f 863//685 931//752 932//753
f 932//753 933//754 865//688
f 933//754 934//755 866//689
f 934//755 935//756 867//690
f 935//756 936//757 868//691
f 936//757 937//822 869//758
f 869//758 937//822 938//759
f 870//692 938//759 939//760
f 871//693 939//760 940//761
f 872//694 940//761 941//762
f 873//695 941//762 942//763
f 942//763 943//764 875//698
f 943//764 944//765 876//699
f 944//765 945//766 877//700
f 945//766 946//831 878//767
f 878//767 946//831 947//768
f 879//701 947//768 948//769
f 880//702 948//769 949//770
f 949//770 950//771 882//705
f 950//771 951//772 883//706
f 951//772 952//193 884//193
f 953//68 954//836 886//773
f 886//773 954//836 955//774
f 887//708 955//774 956//775
f 956//775 957//776 889//710
f 957//776 958//777 890//711
f 958//777 959//3 891//778
f 891//778 959//3 960//779
f 892//713 960//779 961//780
f 893//714 961//780 962//781
f 894//715 962//781 963//782
f 963//782 964//783 896//717
f 964//783 965//784 897//718
f 965//784 966//785 898//719
f 966//785 967//786 899//720
f 967//786 968//3 900//787
f 900//787 968//3 969//788
f 901//722 969//788 970//789
f 902//723 970//789 971//790
f 903//724 971//790 972//791
f 904//725 972//791 973//792
f 973//792 974//793 906//727
f 974//793 975//794 907//728
f 975//794 976//795 908//729
f 976//795 977//3 909//796
f 977//3 978//852 910//731
f 910//731 978//852 979//797
f 911//732 979//797 980//798
f 912//733 980//798 981//799
f 913//734 981//799 982//800
f 982//800 983//801 915//736
f 983//801 984//802 916//737
f 984//802 985//803 917//738
f 985//803 986//3 918//739
f 986//3 987//3 919//804
f 919//804 987//3 988//805
f 920//741 988//805 989//806
f 921//742 989//806 990//807
f 922//743 990//807 991//808
f 991//808 992//809 924//745
f 992//809 993//810 925//746
f 993//810 994//811 926//747
f 994//811 995//812 927//748
f 995//812 996//3 928//813
f 928//813 996//3 997//814
f 929//750 997//814 998//815
f 930//751 998//815 999//816
f 931//752 999//816 1000//817
f 1000//817 1001//818 933//754
f 1001//818 1002//819 934//755
f 1002//819 1003//820 935//756
f 1003//820 1004//821 936//757
f 1004//821 1005//3 937//822
f 937//822 1005//3 1006//823
f 938//759 1006//823 1007//824
f 939//760 1007//824 1008//825
f 940//761 1008//825 1009//826
f 941//762 1009//826 1010//827
f 1010//827 1011//828 943//764
f 1011//828 1012//829 944//765
f 1012//829 1013//830 945//766
f 1013//830 1014//3 946//831
f 1014//3 1015//877 947//768
f 947//768 1015//877 1016//832
f 948//769 1016//832 1017//833
f 1017//833 1018//834 950//771
f 1018//834 1019//835 951//772
f 1019//835 1020//193 952//193
f 1021//68 1022//882 954//836
f 954//836 1022//882 1023//837
f 955//774 1023//837 1024//838
f 1024//838 1025//839 957//776
f 1025//839 1026//3 958//777
f 1026//3 1027//3 959//3
f 1027//3 1028//3 960//779
f 960//779 1028//3 1029//840
f 961//780 1029//840 1030//841
f 962//781 1030//841 1031//842
f 1031//842 1032//843 964//783
f 1032//843 1033//844 965//784
f 1033//844 1034//845 966//785
f 1034//845 1035//3 967//786
f 1035//3 1036//3 968//3
f 1036//3 1037//3 969//788
f 969//788 1037//3 1038//846
f 970//789 1038//846 1039//847
f 971//790 1039//847 1040//848
f 972//791 1040//848 1041//849
f 1041//849 1042//850 974//793
f 1042//850 1043//851 975//794
f 1043//851 1044//3 976//795
f 1044//3 1045//3 977//3
f 1045//3 1046//3 978//852
f 978//852 1046//3 1047//853
f 979//797 1047//853 1048//854
f 980//798 1048//854 1049//855
f 981//799 1049//855 1050//856
f 1050//856 1051//857 983//801
f 1051//857 1052//858 984//802
f 1052//858 1053//3 985//803
f 1053//3 1054//3 986//3
f 1054//3 1055//3 987//3
f 1055//3 1056//3 988//805
f 988//805 1056//3 1057//859
f 989//806 1057//859 1058//860
f 990//807 1058//860 1059//861
f 1059//861 1060//862 992//809
f 1060//862 1061//863 993//810
f 1061//863 1062//864 994//811
f 1062//864 1063//3 995//812
f 1063//3 1064//3 996//3
f 1064//3 1065//3 997//814
f 997//814 1065//3 1066//865
f 998//815 1066//865 1067//866
f 999//816 1067//866 1068//867
f 1068//867 1069//868 1001//818
f 1069//868 1070//869 1002//819
f 1070//869 1071//870 1003//820
f 1071//870 1072//3 1004//821
f 1072//3 1073//3 1005//3
f 1073//3 1074//3 1006//823
f 1006//823 1074//3 1075//871
f 1007//824 1075//871 1076//872
f 1008//825 1076//872 1077//873
f 1009//826 1077//873 1078//874
f 1078//874 1079//875 1011//828
f 1079//875 1080//876 1012//829
f 1080//876 1081//3 1013//830
f 1081//3 1082//3 1014//3
f 1082//3 1083//3 1015//877
f 1015//877 1083//3 1084//878
f 1016//832 1084//878 1085//879
f 1085//879 1086//880 1018//834
f 1086//880 1087//881 1019//835
f 1087//881 1088//193 1020//193
f 1089//68 1090//369 1022//882
f 1022//882 1090//369 1091//883
f 1091//883 1092//884 1024//838
f 1092//884 1093//3 1025//839
f 1093//3 1094//3 1026//3
f 1094//3 1095//3 1027//3
f 1095//3 1096//3 1028//3
f 1096//3 1097//3 1029//840
f 1029//840 1097//3 1098//885
f 1030//841 1098//885 1099//886
f 1099//886 1100//887 1032//843
f 1100//887 1101//888 1033//844
f 1101//888 1102//3 1034//845
f 1102//3 1103//3 1035//3
f 1103//3 1104//3 1036//3
f 1104//3 1105//3 1037//3
f 1105//3 1106//3 1038//846
f 1106//3 1107//919 1039//847
f 1039//847 1107//919 1108//889
f 1040//848 1108//889 1109//890
f 1109//890 1110//891 1042//850
f 1110//891 1111//3 1043//851
f 1111//3 1112//3 1044//3
f 1112//3 1113//3 1045//3
f 1113//3 1114//3 1046//3
f 1114//3 1115//3 1047//853
f 1115//3 1116//926 1048//854
f 1048//854 1116//926 1117//892
f 1049//855 1117//892 1118//893
f 1118//893 1119//894 1051//857
f 1119//894 1120//895 1052//858
f 1120//895 1121//3 1053//3
f 1121//3 1122//3 1054//3
f 1122//3 1123//3 1055//3
f 1123//3 1124//3 1056//3
f 1124//3 1125//933 1057//859
f 1057//859 1125//933 1126//896
f 1058//860 1126//896 1127//897
f 1127//897 1128//898 1060//862
f 1128//898 1129//899 1061//863
f 1129//899 1130//3 1062//864
f 1130//3 1131//3 1063//3
f 1131//3 1132//3 1064//3
f 1132//3 1133//3 1065//3
f 1133//3 1134//3 1066//865
f 1066//865 1134//3 1135//900
f 1067//866 1135//900 1136//901
f 1136//901 1137//902 1069//868
f 1137//902 1138//903 1070//869
f 1138//903 1139//3 1071//870
f 1139//3 1140//3 1072//3
f 1140//3 1141//3 1073//3
f 1141//3 1142//3 1074//3
f 1142//3 1143//3 1075//871
f 1075//871 1143//3 1144//904
f 1076//872 1144//904 1145//905
f 1077//873 1145//905 1146//906
f 1146//906 1147//907 1079//875
f 1147//907 1148//3 1080//876
f 1148//3 1149//3 1081//3
f 1149//3 1150//3 1082//3
f 1150//3 1151//3 1083//3
f 1151//3 1152//3 1084//878
f 1152//3 1153//908 1085//879
f 1153//908 1154//909 1086//880
f 1154//909 1155//368 1087//881
f 1155//368 1156//193 1088//193
f 1157//68 1158//910 1090//369
f 1158//910 1159//911 1091//883
f 1159//911 1160//955 1092//884
f 1092//884 1160//955 1161//912
f 1161//912 1162//3 1094//3
f 1162//3 1163//3 1095//3
f 1163//3 1164//3 1096//3
f 1164//3 1165//913 1097//3
f 1165//913 1166//914 1098//885
f 1166//914 1167//961 1099//886
f 1099//886 1167//961 1168//915
f 1100//887 1168//915 1169//916
f 1101//888 1169//916 1170//917
f 1170//917 1171//3 1103//3
f 1171//3 1172//3 1104//3
f 1172//3 1173//3 1105//3
f 1173//3 1174//918 1106//3
f 1174//918 1175//920 1107//919
f 1175//920 1176//921 1108//889
f 1176//921 1177//970 1109//890
f 1109//890 1177//970 1178//922
f 1110//891 1178//922 1179//923
f 1179//923 1180//924 1112//3
f 1180//924 1181//3 1113//3
f 1181//3 1182//3 1114//3
f 1182//3 1183//925 1115//3
f 1183//925 1184//927 1116//926
f 1184//927 1185//928 1117//892
f 1185//928 1186//979 1118//893
f 1118//893 1186//979 1187//929
f 1119//894 1187//929 1188//930
f 1120//895 1188//930 1189//931
f 1189//931 1190//3 1122//3
f 1190//3 1191//3 1123//3
f 1191//3 1192//932 1124//3
f 1192//932 1193//934 1125//933
f 1193//934 1194//935 1126//896
f 1194//935 1195//988 1127//897
f 1127//897 1195//988 1196//936
f 1128//898 1196//936 1197//937
f 1129//899 1197//937 1198//938
f 1198//938 1199//3 1131//3
f 1199//3 1200//3 1132//3
f 1200//3 1201//939 1133//3
f 1201//939 1202//940 1134//3
f 1202//940 1203//941 1135//900
f 1203//941 1204//996 1136//901
f 1136//901 1204//996 1205//942
f 1137//902 1205//942 1206//943
f 1138//903 1206//943 1207//944
f 1207//944 1208//3 1140//3
f 1208//3 1209//3 1141//3
f 1209//3 1210//3 1142//3
f 1210//3 1211//945 1143//3
f 1211//945 1212//946 1144//904
f 1212//946 1213//947 1145//905
f 1213//947 1214//1005 1146//906
f 1146//906 1214//1005 1215//948
f 1147//907 1215//948 1216//949
f 1216//949 1217//3 1149//3
f 1217//3 1218//3 1150//3
f 1218//3 1219//3 1151//3
f 1219//3 1220//950 1152//3
f 1220//950 1221//1011 1153//908
f 1153//908 1221//1011 1222//951
f 1154//909 1222//951 1223//952
f 1223//952 1224//193 1156//193
f 1225//68 1226//953 1158//910
f 1226//953 1227//954 1159//911
f 1227//954 1228//1016 1160//955
f 1160//955 1228//1016 1229//956
f 1161//912 1229//956 1230//957
f 1230//957 1231//3 1163//3
f 1231//3 1232//958 1164//3
f 1232//958 1233//959 1165//913
f 1233//959 1234//960 1166//914
f 1234//960 1235//1023 1167//961
f 1167//961 1235//1023 1236//962
f 1168//915 1236//962 1237//963
f 1169//916 1237//963 1238//964
f 1170//917 1238//964 1239//965
f 1239//965 1240//3 1172//3
f 1240//3 1241//966 1173//3
f 1241//966 1242//967 1174//918
f 1242//967 1243//968 1175//920
f 1243//968 1244//969 1176//921
f 1244//969 1245//1033 1177//970
f 1177//970 1245//1033 1246//971
f 1178//922 1246//971 1247//972
f 1179//923 1247//972 1248//973
f 1248//973 1249//974 1181//3
f 1249//974 1250//975 1182//3
f 1250//975 1251//976 1183//925
f 1251//976 1252//977 1184//927
f 1252//977 1253//978 1185//928
f 1253//978 1254//1042 1186//979
f 1186//979 1254//1042 1255//980
f 1187//929 1255//980 1256//981
f 1188//930 1256//981 1257//982
f 1189//931 1257//982 1258//983
f 1258//983 1259//984 1191//3
f 1259//984 1260//985 1192//932
f 1260//985 1261//986 1193//934
f 1261//986 1262//987 1194//935
f 1262//987 1263//1051 1195//988
f 1195//988 1263//1051 1264//989
f 1196//936 1264//989 1265//990
f 1197//937 1265//990 1266//991
f 1198//938 1266//991 1267//992
f 1267//992 1268//340 1200//3
f 1268//340 1269//993 1201//939
f 1269//993 1270//994 1202//940
f 1270//994 1271//995 1203//941
f 1271//995 1272//1060 1204//996
f 1204//996 1272//1060 1273//997
f 1205//942 1273//997 1274//998
f 1206//943 1274//998 1275//999
f 1207//944 1275//999 1276//1000
f 1276//1000 1277//3 1209//3
f 1277//3 1278//1001 1210//3
f 1278//1001 1279//1002 1211//945
f 1279//1002 1280//1003 1212//946
f 1280//1003 1281//1004 1213//947
f 1281//1004 1282//1070 1214//1005
f 1214//1005 1282//1070 1283//1006
f 1215//948 1283//1006 1284//1007
f 1216//949 1284//1007 1285//1008
f 1285//1008 1286//3 1218//3
f 1286//3 1287//1009 1219//3
f 1287//1009 1288//1010 1220//950
f 1288//1010 1289//1077 1221//1011
f 1221//1011 1289//1077 1290//1012
f 1222//951 1290//1012 1291//1013
f 1291//1013 1292//193 1224//193
f 1293//68 1294//1014 1226//953
f 1294//1014 1295//1015 1227//954
f 1295//1015 1296//1082 1228//1016
f 1228//1016 1296//1082 1297//1017
f 1229//956 1297//1017 1298//1018
f 1230//957 1298//1018 1299//1019
f 1299//1019 1300//1020 1232//958
f 1300//1020 1301//1021 1233//959
f 1301//1021 1302//1022 1234//960
f 1302//1022 1303//1089 1235//1023
f 1235//1023 1303//1089 1304//1024
f 1236//962 1304//1024 1305//1025
f 1237//963 1305//1025 1306//1026
f 1238//964 1306//1026 1307//1027
f 1239//965 1307//1027 1308//1028
f 1308//1028 1309//1029 1241//966
f 1309//1029 1310//1030 1242//967
f 1310//1030 1311//1031 1243//968
f 1311//1031 1312//1032 1244//969
f 1312//1032 1313//1099 1245//1033
f 1245//1033 1313//1099 1314//1034
f 1246//971 1314//1034 1315//1035
f 1247//972 1315//1035 1316//1036
f 1248//973 1316//1036 1317//1037
f 1317//1037 1318//1038 1250//975
f 1318//1038 1319//1039 1251//976
f 1319//1039 1320//1040 1252//977
f 1320//1040 1321//1041 1253//978
f 1321//1041 1322//1108 1254//1042
f 1254//1042 1322//1108 1323//1043
f 1255//980 1323//1043 1324//1044
f 1256//981 1324//1044 1325//1045
f 1257//982 1325//1045 1326//1046
f 1326//1046 1327//1047 1259//984
f 1327//1047 1328//1048 1260//985
f 1328//1048 1329//1049 1261//986
f 1329//1049 1330//1050 1262//987
f 1330//1050 1331//1117 1263//1051
f 1263//1051 1331//1117 1332//1052
f 1264//989 1332//1052 1333//1053
f 1265//990 1333//1053 1334//1054
f 1266//991 1334//1054 1335//1055
f 1335//1055 1336//1056 1268//340
f 1336//1056 1337//1057 1269//993
f 1337//1057 1338//1058 1270//994
f 1338//1058 1339//1059 1271//995
f 1339//1059 1340//1126 1272//1060
f 1272//1060 1340//1126 1341//1061
f 1273//997 1341//1061 1342//1062
f 1274//998 1342//1062 1343//1063
f 1275//999 1343//1063 1344//1064
f 1276//1000 1344//1064 1345//1065
f 1345//1065 1346//1066 1278//1001
f 1346//1066 1347//1067 1279//1002
f 1347//1067 1348//1068 1280//1003
f 1348//1068 1349//1069 1281//1004
f 1349//1069 1350//1136 1282//1070
f 1282//1070 1350//1136 1351//1071
f 1283//1006 1351//1071 1352//1072
f 1284//1007 1352//1072 1353//1073
f 1285//1008 1353//1073 1354//1074
f 1354//1074 1355//1075 1287//1009
f 1355//1075 1356//1076 1288//1010
f 1356//1076 1357//1143 1289//1077
f 1289//1077 1357//1143 1358//1078
f 1290//1012 1358//1078 1359//1079
f 1359//1079 1360//193 1292//193
f 1361//68 1362//1080 1294//1014
f 1362//1080 1363//1081 1295//1015
f 1363//1081 1364//1148 1296//1082
f 1296//1082 1364//1148 1365//1083
f 1297//1017 1365//1083 1366//1084
f 1298//1018 1366//1084 1367//1085
f 1367//1085 1368//1086 1300//1020
f 1368//1086 1369//1087 1301//1021
f 1369//1087 1370//1088 1302//1022
f 1370//1088 1371//1155 1303//1089
f 1303//1089 1371//1155 1372//1090
f 1304//1024 1372//1090 1373//1091
f 1305//1025 1373//1091 1374//1092
f 1306//1026 1374//1092 1375//1093
f 1307//1027 1375//1093 1376//1094
f 1376//1094 1377//1095 1309//1029
f 1377//1095 1378//1096 1310//1030
f 1378//1096 1379//1097 1311//1031
f 1379//1097 1380//1098 1312//1032
f 1380//1098 1381//1165 1313//1099
f 1313//1099 1381//1165 1382//1100
f 1314//1034 1382//1100 1383//1101
f 1315//1035 1383//1101 1384//1102
f 1316//1036 1384//1102 1385//1103
f 1385//1103 1386//1104 1318//1038
f 1386//1104 1387//1105 1319//1039
f 1387//1105 1388//1106 1320//1040
f 1388//1106 1389//1107 1321//1041
f 1389//1107 1390//1174 1322//1108
f 1322//1108 1390//1174 1391//1109
f 1323//1043 1391//1109 1392//1110
f 1324//1044 1392//1110 1393//1111
f 1325//1045 1393//1111 1394//1112
f 1394//1112 1395//1113 1327//1047
f 1395//1113 1396//1114 1328//1048
f 1396//1114 1397//1115 1329//1049
f 1397//1115 1398//1116 1330//1050
f 1398//1116 1399//1183 1331//1117
f 1331//1117 1399//1183 1400//1118
f 1332//1052 1400//1118 1401//1119
f 1333//1053 1401//1119 1402//1120
f 1334//1054 1402//1120 1403//1121
f 1335//1055 1403//1121 1404//1122
f 1404//1122 1405//1123 1337//1057
f 1405//1123 1406//1124 1338//1058
f 1406//1124 1407//1125 1339//1059
f 1407//1125 1408//1192 1340//1126
f 1340//1126 1408//1192 1409//1127
f 1341//1061 1409//1127 1410//1128
f 1342//1062 1410//1128 1411//1129
f 1343//1063 1411//1129 1412//1130
f 1344//1064 1412//1130 1413//1131
f 1413//1131 1414//1132 1346//1066
f 1414//1132 1415//1133 1347//1067
f 1415//1133 1416//1134 1348//1068
f 1416//1134 1417//1135 1349//1069
f 1417//1135 1418//1202 1350//1136
f 1350//1136 1418//1202 1419//1137
f 1351//1071 1419//1137 1420//1138
f 1352//1072 1420//1138 1421//1139
f 1353//1073 1421//1139 1422//1140
f 1422//1140 1423//1141 1355//1075
f 1423//1141 1424//1142 1356//1076
f 1424//1142 1425//1209 1357//1143
f 1357//1143 1425//1209 1426//1144
f 1358//1078 1426//1144 1427//1145
f 1427//1145 1428//193 1360//193
f 1429//68 1430//1212 1362//1080
f 1362//1080 1430//1212 1431//1146
f 1363//1081 1431//1146 1432//1147
f 1432//1147 1433//1149 1365//1083
f 1433//1149 1434//1150 1366//1084
f 1434//1150 1435//1217 1367//1085
f 1367//1085 1435//1217 1436//1151
f 1368//1086 1436//1151 1437//1152
f 1369//1087 1437//1152 1438//1153
f 1370//1088 1438//1153 1439//1154
f 1439//1154 1440//1156 1372//1090
f 1440//1156 1441//1157 1373//1091
f 1441//1157 1442//1158 1374//1092
f 1442//1158 1443//1159 1375//1093
f 1443//1159 1444//1226 1376//1094
f 1376//1094 1444//1226 1445//1160
f 1377//1095 1445//1160 1446//1161
f 1378//1096 1446//1161 1447//1162
f 1379//1097 1447//1162 1448//1163
f 1380//1098 1448//1163 1449//1164
f 1449//1164 1450//1166 1382//1100
f 1450//1166 1451//1167 1383//1101
f 1451//1167 1452//1168 1384//1102
f 1452//1168 1453//1235 1385//1103
f 1385//1103 1453//1235 1454//1169
f 1386//1104 1454//1169 1455//1170
f 1387//1105 1455//1170 1456//1171
f 1388//1106 1456//1171 1457//1172
f 1389//1107 1457//1172 1458//1173
f 1458//1173 1459//1175 1391//1109
f 1459//1175 1460//1176 1392//1110
f 1460//1176 1461//1177 1393//1111
f 1461//1177 1462//1178 1394//1112
f 1462//1178 1463//1245 1395//1113
f 1395//1113 1463//1245 1464//1179
f 1396//1114 1464//1179 1465//1180
f 1397//1115 1465//1180 1466//1181
f 1398//1116 1466//1181 1467//1182
f 1467//1182 1468//1184 1400//1118
f 1468//1184 1469//1185 1401//1119
f 1469//1185 1470//1186 1402//1120
f 1470//1186 1471//1187 1403//1121
f 1471//1187 1472//1254 1404//1122
f 1404//1122 1472//1254 1473//1188
f 1405//1123 1473//1188 1474//1189
f 1406//1124 1474//1189 1475//1190
f 1407//1125 1475//1190 1476//1191
f 1476//1191 1477//1193 1409//1127
f 1477//1193 1478//1194 1410//1128
f 1478//1194 1479//1195 1411//1129
f 1479//1195 1480//1196 1412//1130
f 1480//1196 1481//1263 1413//1131
f 1413//1131 1481//1263 1482//1197
f 1414//1132 1482//1197 1483//1198
f 1415//1133 1483//1198 1484//1199
f 1416//1134 1484//1199 1485//1200
f 1417//1135 1485//1200 1486//1201
f 1486//1201 1487//1203 1419//1137
f 1487//1203 1488//1204 1420//1138
f 1488//1204 1489//1205 1421//1139
f 1489//1205 1490//1272 1422//1140
f 1422//1140 1490//1272 1491//1206
f 1423//1141 1491//1206 1492//1207
f 1424//1142 1492//1207 1493//1208
f 1493//1208 1494//1210 1426//1144
f 1494//1210 1495//1211 1427//1145
f 1495//1211 1496//193 1428//193
f 1497//68 1498//1278 1430//1212
f 1430//1212 1498//1278 1499//1213
f 1431//1146 1499//1213 1500//1214
f 1500//1214 1501//1215 1433//1149
f 1501//1215 1502//1216 1434//1150
f 1502//1216 1503//1283 1435//1217
f 1435//1217 1503//1283 1504//1218
f 1436//1151 1504//1218 1505//1219
f 1437//1152 1505//1219 1506//1220
f 1438//1153 1506//1220 1507//1221
f 1507//1221 1508//1222 1440//1156
f 1508//1222 1509//1223 1441//1157
f 1509//1223 1510//1224 1442//1158
f 1510//1224 1511//1225 1443//1159
f 1511//1225 1512//1292 1444//1226
f 1444//1226 1512//1292 1513//1227
f 1445//1160 1513//1227 1514//1228
f 1446//1161 1514//1228 1515//1229
f 1447//1162 1515//1229 1516//1230
f 1448//1163 1516//1230 1517//1231
f 1517//1231 1518//1232 1450//1166
f 1518//1232 1519//1233 1451//1167
f 1519//1233 1520//1234 1452//1168
f 1520//1234 1521//1301 1453//1235
f 1453//1235 1521//1301 1522//1236
f 1454//1169 1522//1236 1523//1237
f 1455//1170 1523//1237 1524//1238
f 1456//1171 1524//1238 1525//1239
f 1457//1172 1525//1239 1526//1240
f 1526//1240 1527//1241 1459//1175
f 1527//1241 1528//1242 1460//1176
f 1528//1242 1529//1243 1461//1177
f 1529//1243 1530//1244 1462//1178
f 1530//1244 1531//1310 1463//1245
f 1463//1245 1531//1310 1532//1246
f 1464//1179 1532//1246 1533//1247
f 1465//1180 1533//1247 1534//1248
f 1466//1181 1534//1248 1535//1249
f 1535//1249 1536//1250 1468//1184
f 1536//1250 1537//1251 1469//1185
f 1537//1251 1538//1252 1470//1186
f 1538//1252 1539//1253 1471//1187
f 1539//1253 1540//1319 1472//1254
f 1472//1254 1540//1319 1541//1255
f 1473//1188 1541//1255 1542//1256
f 1474//1189 1542//1256 1543//1257
f 1475//1190 1543//1257 1544//1258
f 1544//1258 1545//1259 1477//1193
f 1545//1259 1546//1260 1478//1194
f 1546//1260 1547//1261 1479//1195
f 1547//1261 1548//1262 1480//1196
f 1548//1262 1549//1328 1481//1263
f 1481//1263 1549//1328 1550//1264
f 1482//1197 1550//1264 1551//1265
f 1483//1198 1551//1265 1552//1266
f 1484//1199 1552//1266 1553//1267
f 1485//1200 1553//1267 1554//1268
f 1554//1268 1555//1269 1487//1203
f 1555//1269 1556//1270 1488//1204
f 1556//1270 1557//1271 1489//1205
f 1557//1271 1558//1337 1490//1272
f 1490//1272 1558//1337 1559//1273
f 1491//1206 1559//1273 1560//1274
f 1492//1207 1560//1274 1561//1275
f 1561//1275 1562//1276 1494//1210
f 1562//1276 1563//1277 1495//1211
f 1563//1277 1564//193 1496//193
f 1565//68 1566//1343 1498//1278
f 1498//1278 1566//1343 1567//1279
f 1499//1213 1567//1279 1568//1280
f 1568//1280 1569//1281 1501//1215
f 1569//1281 1570//1347 1502//1216
f 1502//1216 1570//1347 1571//1282
f 1503//1283 1571//1282 1572//1284
f 1504//1218 1572//1284 1573//1285
f 1505//1219 1573//1285 1574//1286
f 1506//1220 1574//1286 1575//1287
f 1575//1287 1576//1288 1508//1222
f 1576//1288 1577//1289 1509//1223
f 1577//1289 1578//1290 1510//1224
f 1578//1290 1579//1291 1511//1225
f 1579//1291 1580//3 1512//1292
f 1512//1292 1580//3 1581//1293
f 1513//1227 1581//1293 1582//1294
f 1514//1228 1582//1294 1583//1295
f 1515//1229 1583//1295 1584//1296
f 1516//1230 1584//1296 1585//1297
f 1585//1297 1586//1298 1518//1232
f 1586//1298 1587//1299 1519//1233
f 1587//1299 1588//1300 1520//1234
f 1588//1300 1589//3 1521//1301
f 1589//3 1590//1360 1522//1236
f 1522//1236 1590//1360 1591//1302
f 1523//1237 1591//1302 1592//1303
f 1524//1238 1592//1303 1593//1304
f 1525//1239 1593//1304 1594//1305
f 1594//1305 1595//1306 1527//1241
f 1595//1306 1596//1307 1528//1242
f 1596//1307 1597//1308 1529//1243
f 1597//1308 1598//1309 1530//1244
f 1598//1309 1599//1368 1531//1310
f 1531//1310 1599//1368 1600//1311
f 1532//1246 1600//1311 1601//1312
f 1533//1247 1601//1312 1602//1313
f 1534//1248 1602//1313 1603//1314
f 1603//1314 1604//1315 1536//1250
f 1604//1315 1605//1316 1537//1251
f 1605//1316 1606//1317 1538//1252
f 1606//1317 1607//1318 1539//1253
f 1607//1318 1608//3 1540//1319
f 1540//1319 1608//3 1609//1320
f 1541//1255 1609//1320 1610//1321
f 1542//1256 1610//1321 1611//1322
f 1543//1257 1611//1322 1612//1323
f 1612//1323 1613//1324 1545//1259
f 1613//1324 1614//1325 1546//1260
f 1614//1325 1615//1326 1547//1261
f 1615//1326 1616//1327 1548//1262
f 1616//1327 1617//3 1549//1328
f 1549//1328 1617//3 1618//1329
f 1550//1264 1618//1329 1619//1330
f 1551//1265 1619//1330 1620//1331
f 1552//1266 1620//1331 1621//1332
f 1553//1267 1621//1332 1622//1333
f 1622//1333 1623//1334 1555//1269
f 1623//1334 1624//1335 1556//1270
f 1624//1335 1625//1336 1557//1271
f 1625//1336 1626//1338 1558//1337
f 1626//1338 1627//1388 1559//1273
f 1559//1273 1627//1388 1628//1339
f 1560//1274 1628//1339 1629//1340
f 1629//1340 1630//1341 1562//1276
f 1630//1341 1631//1342 1563//1277
f 1631//1342 1632//193 1564//193
f 1633//68 1634//1393 1566//1343
f 1566//1343 1634//1393 1635//1344
f 1567//1279 1635//1344 1636//1345
f 1636//1345 1637//1346 1569//1281
f 1637//1346 1638//3 1570//1347
f 1638//3 1639//3 1571//1282
f 1639//3 1640//3 1572//1284
f 1572//1284 1640//3 1641//1348
f 1573//1285 1641//1348 1642//1349
f 1574//1286 1642//1349 1643//1350
f 1643//1350 1644//1351 1576//1288
f 1644//1351 1645//1352 1577//1289
f 1645//1352 1646//1353 1578//1290
f 1646//1353 1647//3 1579//1291
f 1647//3 1648//3 1580//3
f 1648//3 1649//3 1581//1293
f 1581//1293 1649//3 1650//1354
f 1582//1294 1650//1354 1651//1355
f 1583//1295 1651//1355 1652//1356
f 1584//1296 1652//1356 1653//1357
f 1653//1357 1654//1358 1586//1298
f 1654//1358 1655//1359 1587//1299
f 1655//1359 1656//3 1588//1300
f 1656//3 1657//3 1589//3
f 1657//3 1658//3 1590//1360
f 1590//1360 1658//3 1659//1361
f 1591//1302 1659//1361 1660//1362
f 1592//1303 1660//1362 1661//1363
f 1593//1304 1661//1363 1662//1364
f 1662//1364 1663//1365 1595//1306
f 1663//1365 1664//1366 1596//1307
f 1664//1366 1665//1367 1597//1308
f 1665//1367 1666//3 1598//1309
f 1666//3 1667//3 1599//1368
f 1599//1368 1667//3 1668//1369
f 1600//1311 1668//1369 1669//1370
f 1601//1312 1669//1370 1670//1371
f 1602//1313 1670//1371 1671//1372
f 1671//1372 1672//1373 1604//1315
f 1672//1373 1673//1374 1605//1316
f 1673//1374 1674//1375 1606//1317
f 1674//1375 1675//3 1607//1318
f 1675//3 1676//3 1608//3
f 1676//3 1677//3 1609//1320
f 1609//1320 1677//3 1678//1376
f 1610//1321 1678//1376 1679//1377
f 1611//1322 1679//1377 1680//1378
f 1680//1378 1681//1379 1613//1324
f 1681//1379 1682//1380 1614//1325
f 1682//1380 1683//1381 1615//1326
f 1683//1381 1684//3 1616//1327
f 1684//3 1685//3 1617//3
f 1685//3 1686//3 1618//1329
f 1618//1329 1686//3 1687//1382
f 1619//1330 1687//1382 1688//1383
f 1620//1331 1688//1383 1689//1384
f 1621//1332 1689//1384 1690//1385
f 1690//1385 1691//1386 1623//1334
f 1691//1386 1692//1387 1624//1335
f 1692//1387 1693//3 1625//1336
f 1693//3 1694//3 1626//1338
f 1694//3 1695//3 1627//1388
f 1627//1388 1695//3 1696//1389
f 1628//1339 1696//1389 1697//1390
f 1697//1390 1698//1391 1630//1341
f 1698//1391 1699//1392 1631//1342
f 1699//1392 1700//193 1632//193
f 1701//68 1702//369 1634//1393
f 1634//1393 1702//369 1703//1394
f 1635//1344 1703//1394 1704//1395
f 1636//1345 1704//1395 1705//1396
f 1705//1396 1706//3 1638//3
f 1706//3 1707//3 1639//3
f 1707//3 1708//3 1640//3
f 1708//3 1709//3 1641//1348
f 1641//1348 1709//3 1710//1397
f 1642//1349 1710//1397 1711//1398
f 1711//1398 1712//1399 1644//1351
f 1712//1399 1713//1400 1645//1352
f 1713//1400 1714//3 1646//1353
f 1714//3 1715//3 1647//3
f 1715//3 1716//3 1648//3
f 1716//3 1717//3 1649//3
f 1717//3 1718//3 1650//1354
f 1650//1354 1718//3 1719//1401
f 1651//1355 1719//1401 1720//1402
f 1652//1356 1720//1402 1721//1403
f 1721//1403 1722//1404 1654//1358
f 1722//1404 1723//3 1655//1359
f 1723//3 1724//3 1656//3
f 1724//3 1725//3 1657//3
f 1725//3 1726//3 1658//3
f 1726//3 1727//3 1659//1361
f 1659//1361 1727//3 1728//1405
f 1660//1362 1728//1405 1729//1406
f 1661//1363 1729//1406 1730//1407
f 1730//1407 1731//1408 1663//1365
f 1731//1408 1732//3 1664//1366
f 1732//3 1733//3 1665//1367
f 1733//3 1734//3 1666//3
f 1734//3 1735//3 1667//3
f 1735//3 1736//3 1668//1369
f 1736//3 1737//3 1669//1370
f 1669//1370 1737//3 1738//1409
f 1670//1371 1738//1409 1739//1410
f 1739//1410 1740//1411 1672//1373
f 1740//1411 1741//1396 1673//1374
f 1741//1396 1742//3 1674//1375
f 1742//3 1743//3 1675//3
f 1743//3 1744//3 1676//3
f 1744//3 1745//3 1677//3
f 1745//3 1746//3 1678//1376
f 1678//1376 1746//3 1747//1412
f 1679//1377 1747//1412 1748//1413
f 1748//1413 1749//1414 1681//1379
f 1749//1414 1750//1415 1682//1380
f 1750//1415 1751//3 1683//1381
f 1751//3 1752//3 1684//3
f 1752//3 1753//3 1685//3
f 1753//3 1754//3 1686//3
f 1754//3 1755//3 1687//1382
f 1687//1382 1755//3 1756//1416
f 1688//1383 1756//1416 1757//1417
f 1689//1384 1757//1417 1758//1418
f 1758//1418 1759//1419 1691//1386
f 1759//1419 1760//3 1692//1387
f 1760//3 1761//3 1693//3
f 1761//3 1762//3 1694//3
f 1762//3 1763//3 1695//3
f 1763//3 1764//1405 1696//1389
f 1764//1405 1765//974 1697//1390
f 1765//974 1766//1420 1698//1391
f 1766//1420 1767//368 1699//1392
f 1767//368 1768//193 1700//193
f 1769//68 1770//1421 1702//369
f 1770//1421 1771//1422 1703//1394
f 1771//1422 1772//1423 1704//1395
f 1772//1423 1773//1424 1705//1396
f 1773//1424 1774//3 1706//3
f 1774//3 1775//3 1707//3
f 1775//3 1776//3 1708//3
f 1776//3 1777//1425 1709//3
f 1777//1425 1778//1426 1710//1397
f 1778//1426 1779//1468 1711//1398
f 1711//1398 1779//1468 1780//1427
f 1712//1399 1780//1427 1781//1428
f 1713//1400 1781//1428 1782//1429
f 1782//1429 1783//3 1715//3
f 1783//3 1784//3 1716//3
f 1784//3 1785//3 1717//3
f 1785//3 1786//1430 1718//3
f 1786//1430 1787//1431 1719//1401
f 1787//1431 1788//1432 1720//1402
f 1788//1432 1789//1477 1721//1403
f 1721//1403 1789//1477 1790//1433
f 1722//1404 1790//1433 1791//1434
f 1791//1434 1792//3 1724//3
f 1792//3 1793//3 1725//3
f 1793//3 1794//3 1726//3
f 1794//3 1795//1435 1727//3
f 1795//1435 1796//1436 1728//1405
f 1796//1436 1797//1437 1729//1406
f 1797//1437 1798//1485 1730//1407
f 1730//1407 1798//1485 1799//1438
f 1731//1408 1799//1438 1800//1439
f 1800//1439 1801//1440 1733//3
f 1801//1440 1802//3 1734//3
f 1802//3 1803//3 1735//3
f 1803//3 1804//1441 1736//3
f 1804//1441 1805//1442 1737//3
f 1805//1442 1806//1443 1738//1409
f 1806//1443 1807//1494 1739//1410
f 1739//1410 1807//1494 1808//1444
f 1740//1411 1808//1444 1809//1445
f 1741//1396 1809//1445 1810//1446
f 1810//1446 1811//3 1743//3
f 1811//3 1812//3 1744//3
f 1812//3 1813//3 1745//3
f 1813//3 1814//1447 1746//3
f 1814//1447 1815//1448 1747//1412
f 1815//1448 1816//1502 1748//1413
f 1748//1413 1816//1502 1817//1449
f 1749//1414 1817//1449 1818//1450
f 1750//1415 1818//1450 1819//1451
f 1819//1451 1820//3 1752//3
f 1820//3 1821//3 1753//3
f 1821//3 1822//3 1754//3
f 1822//3 1823//1452 1755//3
f 1823//1452 1824//1453 1756//1416
f 1824//1453 1825//1454 1757//1417
f 1825//1454 1826//1511 1758//1418
f 1758//1418 1826//1511 1827//1455
f 1759//1419 1827//1455 1828//1456
f 1828//1456 1829//3 1761//3
f 1829//3 1830//3 1762//3
f 1830//3 1831//3 1763//3
f 1831//3 1832//1517 1764//1405
f 1764//1405 1832//1517 1833//1457
f 1765//974 1833//1457 1834//1458
f 1766//1420 1834//1458 1835//1459
f 1835//1459 1836//193 1768//193
f 1837//68 1838//1460 1770//1421
f 1838//1460 1839//1461 1771//1422
f 1839//1461 1840//1523 1772//1423
f 1772//1423 1840//1523 1841//1462
f 1773//1424 1841//1462 1842//1463
f 1842//1463 1843//1464 1775//3
f 1843//1464 1844//1465 1776//3
f 1844//1465 1845//1466 1777//1425
f 1845//1466 1846//1467 1778//1426
f 1846//1467 1847//1530 1779//1468
f 1779//1468 1847//1530 1848//1469
f 1780//1427 1848//1469 1849//1470
f 1781//1428 1849//1470 1850//1471
f 1782//1429 1850//1471 1851//1472
f 1851//1472 1852//3 1784//3
f 1852//3 1853//1473 1785//3
f 1853//1473 1854//1474 1786//1430
f 1854//1474 1855//1475 1787//1431
f 1855//1475 1856//1476 1788//1432
f 1856//1476 1857//1540 1789//1477
f 1789//1477 1857//1540 1858//1478
f 1790//1433 1858//1478 1859//1479
f 1791//1434 1859//1479 1860//1480
f 1860//1480 1861//3 1793//3
f 1861//3 1862//1481 1794//3
f 1862//1481 1863//1482 1795//1435
f 1863//1482 1864//1483 1796//1436
f 1864//1483 1865//1484 1797//1437
f 1865//1484 1866//1549 1798//1485
f 1798//1485 1866//1549 1867//1486
f 1799//1438 1867//1486 1868//1487
f 1800//1439 1868//1487 1869//1488
f 1801//1440 1869//1488 1870//1489
f 1870//1489 1871//1490 1803//3
f 1871//1490 1872//1491 1804//1441
f 1872//1491 1873//1492 1805//1442
f 1873//1492 1874//1493 1806//1443
f 1874//1493 1875//1558 1807//1494
f 1807//1494 1875//1558 1876//1495
f 1808//1444 1876//1495 1877//1496
f 1809//1445 1877//1496 1878//1497
f 1810//1446 1878//1497 1879//1498
f 1879//1498 1880//3 1812//3
f 1880//3 1881//1499 1813//3
f 1881//1499 1882//1500 1814//1447
f 1882//1500 1883//1501 1815//1448
f 1883//1501 1884//1567 1816//1502
f 1816//1502 1884//1567 1885//1503
f 1817//1449 1885//1503 1886//1504
f 1818//1450 1886//1504 1887//1505
f 1819//1451 1887//1505 1888//1506
f 1888//1506 1889//3 1821//3
f 1889//3 1890//1507 1822//3
f 1890//1507 1891//1508 1823//1452
f 1891//1508 1892//1509 1824//1453
f 1892//1509 1893//1510 1825//1454
f 1893//1510 1894//1577 1826//1511
f 1826//1511 1894//1577 1895//1512
f 1827//1455 1895//1512 1896//1513
f 1828//1456 1896//1513 1897//1514
f 1897//1514 1898//1515 1830//3
f 1898//1515 1899//1516 1831//3
f 1899//1516 1900//1518 1832//1517
f 1900//1518 1901//1584 1833//1457
f 1833//1457 1901//1584 1902//1519
f 1834//1458 1902//1519 1903//1520
f 1903//1520 1904//193 1836//193
f 1905//68 1906//1521 1838//1460
f 1906//1521 1907//1522 1839//1461
f 1907//1522 1908//1589 1840//1523
f 1840//1523 1908//1589 1909//1524
f 1841//1462 1909//1524 1910//1525
f 1910//1525 1911//1526 1843//1464
f 1911//1526 1912//1527 1844//1465
f 1912//1527 1913//1528 1845//1466
f 1913//1528 1914//1529 1846//1467
f 1914//1529 1915//1596 1847//1530
f 1847//1530 1915//1596 1916//1531
f 1848//1469 1916//1531 1917//1532
f 1849//1470 1917//1532 1918//1533
f 1850//1471 1918//1533 1919//1534
f 1851//1472 1919//1534 1920//1535
f 1920//1535 1921//1536 1853//1473
f 1921//1536 1922//1537 1854//1474
f 1922//1537 1923//1538 1855//1475
f 1923//1538 1924//1539 1856//1476
f 1924//1539 1925//1606 1857//1540
f 1857//1540 1925//1606 1926//1541
f 1858//1478 1926//1541 1927//1542
f 1859//1479 1927//1542 1928//1543
f 1860//1480 1928//1543 1929//1544
f 1929//1544 1930//1545 1862//1481
f 1930//1545 1931//1546 1863//1482
f 1931//1546 1932//1547 1864//1483
f 1932//1547 1933//1548 1865//1484
f 1933//1548 1934//1615 1866//1549
f 1866//1549 1934//1615 1935//1550
f 1867//1486 1935//1550 1936//1551
f 1868//1487 1936//1551 1937//1552
f 1869//1488 1937//1552 1938//1553
f 1938//1553 1939//1554 1871//1490
f 1939//1554 1940//1555 1872//1491
f 1940//1555 1941//1556 1873//1492
f 1941//1556 1942//1557 1874//1493
f 1942//1557 1943//1624 1875//1558
f 1875//1558 1943//1624 1944//1559
f 1876//1495 1944//1559 1945//1560
f 1877//1496 1945//1560 1946//1561
f 1878//1497 1946//1561 1947//1562
f 1947//1562 1948//1563 1880//3
f 1948//1563 1949//1564 1881//1499
f 1949//1564 1950//1565 1882//1500
f 1950//1565 1951//1566 1883//1501
f 1951//1566 1952//1633 1884//1567
f 1884//1567 1952//1633 1953//1568
f 1885//1503 1953//1568 1954//1569
f 1886//1504 1954//1569 1955//1570
f 1887//1505 1955//1570 1956//1571
f 1888//1506 1956//1571 1957//1572
f 1957//1572 1958//1573 1890//1507
f 1958//1573 1959//1574 1891//1508
f 1959//1574 1960//1575 1892//1509
f 1960//1575 1961//1576 1893//1510
f 1961//1576 1962//1643 1894//1577
f 1894//1577 1962//1643 1963//1578
f 1895//1512 1963//1578 1964//1579
f 1896//1513 1964//1579 1965//1580
f 1897//1514 1965//1580 1966//1581
f 1898//1515 1966//1581 1967//1582
f 1967//1582 1968//1583 1900//1518
f 1968//1583 1969//1650 1901//1584
f 1901//1584 1969//1650 1970//1585
f 1902//1519 1970//1585 1971//1586
f 1971//1586 1972//193 1904//193
f 1973//68 1974//1587 1906//1521
f 1974//1587 1975//1588 1907//1522
f 1975//1588 1976//1655 1908//1589
f 1908//1589 1976//1655 1977//1590
f 1909//1524 1977//1590 1978//1591
f 1910//1525 1978//1591 1979//1592
f 1979//1592 1980//1593 1912//1527
f 1980//1593 1981//1594 1913//1528
f 1981//1594 1982//1595 1914//1529
f 1982//1595 1983//1662 1915//1596
f 1915//1596 1983//1662 1984//1597
f 1916//1531 1984//1597 1985//1598
f 1917//1532 1985//1598 1986//1599
f 1918//1533 1986//1599 1987//1600
f 1919//1534 1987//1600 1988//1601
f 1988//1601 1989//1602 1921//1536
f 1989//1602 1990//1603 1922//1537
f 1990//1603 1991//1604 1923//1538
f 1991//1604 1992//1605 1924//1539
f 1992//1605 1993//1672 1925//1606
f 1925//1606 1993//1672 1994//1607
f 1926//1541 1994//1607 1995//1608
f 1927//1542 1995//1608 1996//1609
f 1928//1543 1996//1609 1997//1610
f 1997//1610 1998//1611 1930//1545
f 1998//1611 1999//1612 1931//1546
f 1999//1612 2000//1613 1932//1547
f 2000//1613 2001//1614 1933//1548
f 2001//1614 2002//1681 1934//1615
f 1934//1615 2002//1681 2003//1616
f 1935//1550 2003//1616 2004//1617
f 1936//1551 2004//1617 2005//1618
f 1937//1552 2005//1618 2006//1619
f 2006//1619 2007//1620 1939//1554
f 2007//1620 2008//1621 1940//1555
f 2008//1621 2009//1622 1941//1556
f 2009//1622 2010//1623 1942//1557
f 2010//1623 2011//1690 1943//1624
f 1943//1624 2011//1690 2012//1625
f 1944//1559 2012//1625 2013//1626
f 1945//1560 2013//1626 2014//1627
f 1946//1561 2014//1627 2015//1628
f 1947//1562 2015//1628 2016//1629
f 2016//1629 2017//1630 1949//1564
f 2017//1630 2018//1631 1950//1565
f 2018//1631 2019//1632 1951//1566
f 2019//1632 2020//1699 1952//1633
f 1952//1633 2020//1699 2021//1634
f 1953//1568 2021//1634 2022//1635
f 1954//1569 2022//1635 2023//1636
f 1955//1570 2023//1636 2024//1637
f 1956//1571 2024//1637 2025//1638
f 2025//1638 2026//1639 1958//1573
f 2026//1639 2027//1640 1959//1574
f 2027//1640 2028//1641 1960//1575
f 2028//1641 2029//1642 1961//1576
f 2029//1642 2030//1709 1962//1643
f 1962//1643 2030//1709 2031//1644
f 1963//1578 2031//1644 2032//1645
f 1964//1579 2032//1645 2033//1646
f 1965//1580 2033//1646 2034//1647
f 2034//1647 2035//1648 1967//1582
f 2035//1648 2036//1649 1968//1583
f 2036//1649 2037//1716 1969//1650
f 1969//1650 2037//1716 2038//1651
f 1970//1585 2038//1651 2039//1652
f 2039//1652 2040//193 1972//193
f 2041//68 2042//1653 1974//1587
f 2042//1653 2043//1654 1975//1588
f 2043//1654 2044//1721 1976//1655
f 1976//1655 2044//1721 2045//1656
f 1977//1590 2045//1656 2046//1657
f 1978//1591 2046//1657 2047//1658
f 2047//1658 2048//1659 1980//1593
f 2048//1659 2049//1660 1981//1594
f 2049//1660 2050//1661 1982//1595
f 2050//1661 2051//1728 1983//1662
f 1983//1662 2051//1728 2052//1663
f 1984//1597 2052//1663 2053//1664
f 1985//1598 2053//1664 2054//1665
f 1986//1599 2054//1665 2055//1666
f 1987//1600 2055//1666 2056//1667
f 2056//1667 2057//1668 1989//1602
f 2057//1668 2058//1669 1990//1603
f 2058//1669 2059//1670 1991//1604
f 2059//1670 2060//1671 1992//1605
f 2060//1671 2061//1738 1993//1672
f 1993//1672 2061//1738 2062//1673
f 1994//1607 2062//1673 2063//1674
f 1995//1608 2063//1674 2064//1675
f 1996//1609 2064//1675 2065//1676
f 2065//1676 2066//1677 1998//1611
f 2066//1677 2067//1678 1999//1612
f 2067//1678 2068//1679 2000//1613
f 2068//1679 2069//1680 2001//1614
f 2069//1680 2070//1747 2002//1681
f 2002//1681 2070//1747 2071//1682
f 2003//1616 2071//1682 2072//1683
f 2004//1617 2072//1683 2073//1684
f 2005//1618 2073//1684 2074//1685
f 2074//1685 2075//1686 2007//1620
f 2075//1686 2076//1687 2008//1621
f 2076//1687 2077//1688 2009//1622
f 2077//1688 2078//1689 2010//1623
f 2078//1689 2079//1756 2011//1690
f 2011//1690 2079//1756 2080//1691
f 2012//1625 2080//1691 2081//1692
f 2013//1626 2081//1692 2082//1693
f 2014//1627 2082//1693 2083//1694
f 2015//1628 2083//1694 2084//1695
f 2084//1695 2085//1696 2017//1630
f 2085//1696 2086//1697 2018//1631
f 2086//1697 2087//1698 2019//1632
f 2087//1698 2088//1765 2020//1699
f 2020//1699 2088//1765 2089//1700
f 2021//1634 2089//1700 2090//1701
f 2022//1635 2090//1701 2091//1702
f 2023//1636 2091//1702 2092//1703
f 2024//1637 2092//1703 2093//1704
f 2093//1704 2094//1705 2026//1639
f 2094//1705 2095//1706 2027//1640
f 2095//1706 2096//1707 2028//1641
f 2096//1707 2097//1708 2029//1642
f 2097//1708 2098//1775 2030//1709
f 2030//1709 2098//1775 2099//1710
f 2031//1644 2099//1710 2100//1711
f 2032//1645 2100//1711 2101//1712
f 2033//1646 2101//1712 2102//1713
f 2102//1713 2103//1714 2035//1648
f 2103//1714 2104//1715 2036//1649
f 2104//1715 2105//1782 2037//1716
f 2037//1716 2105//1782 2106//1717
f 2038//1651 2106//1717 2107//1718
f 2107//1718 2108//193 2040//193
f 2109//68 2110//1785 2042//1653
f 2042//1653 2110//1785 2111//1719
f 2043//1654 2111//1719 2112//1720
f 2112//1720 2113//1722 2045//1656
f 2113//1722 2114//1723 2046//1657
f 2114//1723 2115//1790 2047//1658
f 2047//1658 2115//1790 2116//1724
f 2048//1659 2116//1724 2117//1725
f 2049//1660 2117//1725 2118//1726
f 2050//1661 2118//1726 2119//1727
f 2119//1727 2120//1729 2052//1663
f 2120//1729 2121//1730 2053//1664
f 2121//1730 2122//1731 2054//1665
f 2122//1731 2123//1732 2055//1666
f 2123//1732 2124//1799 2056//1667
f 2056//1667 2124//1799 2125//1733
f 2057//1668 2125//1733 2126//1734
f 2058//1669 2126//1734 2127//1735
f 2059//1670 2127//1735 2128//1736
f 2060//1671 2128//1736 2129//1737
f 2129//1737 2130//1739 2062//1673
f 2130//1739 2131//1740 2063//1674
f 2131//1740 2132//1741 2064//1675
f 2132//1741 2133//1808 2065//1676
f 2065//1676 2133//1808 2134//1742
f 2066//1677 2134//1742 2135//1743
f 2067//1678 2135//1743 2136//1744
f 2068//1679 2136//1744 2137//1745
f 2069//1680 2137//1745 2138//1746
f 2138//1746 2139//1748 2071//1682
f 2139//1748 2140//1749 2072//1683
f 2140//1749 2141//1750 2073//1684
f 2141//1750 2142//1751 2074//1685
f 2142//1751 2143//1817 2075//1686
f 2075//1686 2143//1817 2144//1752
f 2076//1687 2144//1752 2145//1753
f 2077//1688 2145//1753 2146//1754
f 2078//1689 2146//1754 2147//1755
f 2147//1755 2148//1757 2080//1691
f 2148//1757 2149//1758 2081//1692
f 2149//1758 2150//1759 2082//1693
f 2150//1759 2151//1760 2083//1694
f 2151//1760 2152//1826 2084//1695
f 2084//1695 2152//1826 2153//1761
f 2085//1696 2153//1761 2154//1762
f 2086//1697 2154//1762 2155//1763
f 2087//1698 2155//1763 2156//1764
f 2156//1764 2157//1766 2089//1700
f 2157//1766 2158//1767 2090//1701
f 2158//1767 2159//1768 2091//1702
f 2159//1768 2160//1769 2092//1703
f 2160//1769 2161//1835 2093//1704
f 2093//1704 2161//1835 2162//1770
f 2094//1705 2162//1770 2163//1771
f 2095//1706 2163//1771 2164//1772
f 2096//1707 2164//1772 2165//1773
f 2097//1708 2165//1773 2166//1774
f 2166//1774 2167//1776 2099//1710
f 2167//1776 2168//1777 2100//1711
f 2168//1777 2169//1778 2101//1712
f 2169//1778 2170//1844 2102//1713
f 2102//1713 2170//1844 2171//1779
f 2103//1714 2171//1779 2172//1780
f 2104//1715 2172//1780 2173//1781
f 2173//1781 2174//1783 2106//1717
f 2174//1783 2175//1784 2107//1718
f 2175//1784 2176//193 2108//193
f 2177//68 2178//1850 2110//1785
f 2110//1785 2178//1850 2179//1786
f 2111//1719 2179//1786 2180//1787
f 2180//1787 2181//1788 2113//1722
f 2181//1788 2182//1789 2114//1723
f 2182//1789 2183//3 2115//1790
f 2115//1790 2183//3 2184//1791
f 2116//1724 2184//1791 2185//1792
f 2117//1725 2185//1792 2186//1793
f 2118//1726 2186//1793 2187//1794
f 2187//1794 2188//1795 2120//1729
f 2188//1795 2189//1796 2121//1730
f 2189//1796 2190//1797 2122//1731
f 2190//1797 2191//1798 2123//1732
f 2191//1798 2192//3 2124//1799
f 2124//1799 2192//3 2193//1800
f 2125//1733 2193//1800 2194//1801
f 2126//1734 2194//1801 2195//1802
f 2127//1735 2195//1802 2196//1803
f 2128//1736 2196//1803 2197//1804
f 2197//1804 2198//1805 2130//1739
f 2198//1805 2199//1806 2131//1740
f 2199//1806 2200//1807 2132//1741
f 2200//1807 2201//299 2133//1808
f 2201//299 2202//1866 2134//1742
f 2134//1742 2202//1866 2203//1809
f 2135//1743 2203//1809 2204//1810
f 2136//1744 2204//1810 2205//1811
f 2137//1745 2205//1811 2206//1812
f 2206//1812 2207//1813 2139//1748
f 2207//1813 2208//1814 2140//1749
f 2208//1814 2209//1815 2141//1750
f 2209//1815 2210//1816 2142//1751
f 2210//1816 2211//1874 2143//1817
f 2143//1817 2211//1874 2212//1818
f 2144//1752 2212//1818 2213//1819
f 2145//1753 2213//1819 2214//1820
f 2146//1754 2214//1820 2215//1821
f 2215//1821 2216//1822 2148//1757
f 2216//1822 2217//1823 2149//1758
f 2217//1823 2218//1824 2150//1759
f 2218//1824 2219//1825 2151//1760
f 2219//1825 2220//1395 2152//1826
f 2152//1826 2220//1395 2221//1827
f 2153//1761 2221//1827 2222//1828
f 2154//1762 2222//1828 2223//1829
f 2155//1763 2223//1829 2224//1830
f 2224//1830 2225//1831 2157//1766
f 2225//1831 2226//1832 2158//1767
f 2226//1832 2227//1833 2159//1768
f 2227//1833 2228//1834 2160//1769
f 2228//1834 2229//3 2161//1835
f 2161//1835 2229//3 2230//1836
f 2162//1770 2230//1836 2231//1837
f 2163//1771 2231//1837 2232//1838
f 2164//1772 2232//1838 2233//1839
f 2165//1773 2233//1839 2234//1840
f 2234//1840 2235//1841 2167//1776
f 2235//1841 2236//1842 2168//1777
f 2236//1842 2237//1843 2169//1778
f 2237//1843 2238//3 2170//1844
f 2170//1844 2238//3 2239//1845
f 2171//1779 2239//1845 2240//1846
f 2172//1780 2240//1846 2241//1847
f 2241//1847 2242//1848 2174//1783
f 2242//1848 2243//1849 2175//1784
f 2243//1849 2244//193 2176//193
f 2245//68 2246//1898 2178//1850
f 2178//1850 2246//1898 2247//1851
f 2179//1786 2247//1851 2248//1852
f 2248//1852 2249//1853 2181//1788
f 2249//1853 2250//3 2182//1789
f 2250//3 2251//3 2183//3
f 2251//3 2252//3 2184//1791
f 2184//1791 2252//3 2253//1854
f 2185//1792 2253//1854 2254//1855
f 2186//1793 2254//1855 2255//1856
f 2255//1856 2256//1857 2188//1795
f 2256//1857 2257//1858 2189//1796
f 2257//1858 2258//1859 2190//1797
f 2258//1859 2259//3 2191//1798
f 2259//3 2260//3 2192//3
f 2260//3 2261//3 2193//1800
f 2193//1800 2261//3 2262//1860
f 2194//1801 2262//1860 2263//1861
f 2195//1802 2263//1861 2264//1862
f 2196//1803 2264//1862 2265//1863
f 2265//1863 2266//1864 2198//1805
f 2266//1864 2267//1865 2199//1806
f 2267//1865 2268//351 2200//1807
f 2268//351 2269//3 2201//299
f 2269//3 2270//3 2202//1866
f 2202//1866 2270//3 2271//1867
f 2203//1809 2271//1867 2272//1868
f 2204//1810 2272//1868 2273//1869
f 2205//1811 2273//1869 2274//1870
f 2274//1870 2275//1871 2207//1813
f 2275//1871 2276//1872 2208//1814
f 2276//1872 2277//1873 2209//1815
f 2277//1873 2278//3 2210//1816
f 2278//3 2279//3 2211//1874
f 2211//1874 2279//3 2280//1875
f 2212//1818 2280//1875 2281//1876
f 2213//1819 2281//1876 2282//1877
f 2214//1820 2282//1877 2283//1878
f 2283//1878 2284//1879 2216//1822
f 2284//1879 2285//1880 2217//1823
f 2285//1880 2286//1881 2218//1824
f 2286//1881 2287//3 2219//1825
f 2287//3 2288//3 2220//1395
f 2288//3 2289//1919 2221//1827
f 2221//1827 2289//1919 2290//1882
f 2222//1828 2290//1882 2291//1883
f 2223//1829 2291//1883 2292//1884
f 2292//1884 2293//1885 2225//1831
f 2293//1885 2294//1886 2226//1832
f 2294//1886 2295//1887 2227//1833
f 2295//1887 2296//3 2228//1834
f 2296//3 2297//3 2229//3
f 2297//3 2298//3 2230//1836
f 2230//1836 2298//3 2299//1888
f 2231//1837 2299//1888 2300//1889
f 2232//1838 2300//1889 2301//1890
f 2233//1839 2301//1890 2302//1891
f 2302//1891 2303//1892 2235//1841
f 2303//1892 2304//1893 2236//1842
f 2304//1893 2305//3 2237//1843
f 2305//3 2306//3 2238//3
f 2306//3 2307//3 2239//1845
f 2239//1845 2307//3 2308//1894
f 2240//1846 2308//1894 2309//1895
f 2309//1895 2310//1896 2242//1848
f 2310//1896 2311//1897 2243//1849
f 2311//1897 2312//193 2244//193
f 2313//68 2314//369 2246//1898
f 2246//1898 2314//369 2315//1899
f 2247//1851 2315//1899 2316//1900
f 2316//1900 2317//3 2249//1853
f 2317//3 2318//3 2250//3
f 2318//3 2319//3 2251//3
f 2319//3 2320//3 2252//3
f 2320//3 2321//3 2253//1854
f 2253//1854 2321//3 2322//1901
f 2254//1855 2322//1901 2323//1902
f 2323//1902 2324//1903 2256//1857
f 2324//1903 2325//1904 2257//1858
f 2325//1904 2326//3 2258//1859
f 2326//3 2327//3 2259//3
f 2327//3 2328//3 2260//3
f 2328//3 2329//3 2261//3
f 2329//3 2330//3 2262//1860
f 2262//1860 2330//3 2331//1905
f 2263//1861 2331//1905 2332//1906
f 2264//1862 2332//1906 2333//1907
f 2333//1907 2334//1908 2266//1864
f 2334//1908 2335//3 2267//1865
f 2335//3 2336//3 2268//351
f 2336//3 2337//3 2269//3
f 2337//3 2338//3 2270//3
f 2338//3 2339//3 2271//1867
f 2271//1867 2339//3 2340//1909
f 2272//1868 2340//1909 2341//1910
f 2273//1869 2341//1910 2342//1911
f 2342//1911 2343//1912 2275//1871
f 2343//1912 2344//1913 2276//1872
f 2344//1913 2345//3 2277//1873
f 2345//3 2346//3 2278//3
f 2346//3 2347//3 2279//3
f 2347//3 2348//3 2280//1875
f 2280//1875 2348//3 2349//1914
f 2281//1876 2349//1914 2350//1915
f 2282//1877 2350//1915 2351//1916
f 2351//1916 2352//1917 2284//1879
f 2352//1917 2353//1918 2285//1880
f 2353//1918 2354//3 2286//1881
f 2354//3 2355//3 2287//3
f 2355//3 2356//3 2288//3
f 2356//3 2357//3 2289//1919
f 2357//3 2358//3 2290//1882
f 2290//1882 2358//3 2359//1920
f 2291//1883 2359//1920 2360//1921
f 2360//1921 2361//1922 2293//1885
f 2361//1922 2362//1923 2294//1886
f 2362//1923 2363//3 2295//1887
f 2363//3 2364//3 2296//3
f 2364//3 2365//3 2297//3
f 2365//3 2366//3 2298//3
f 2366//3 2367//3 2299//1888
f 2299//1888 2367//3 2368//1924
f 2300//1889 2368//1924 2369//1925
f 2301//1890 2369//1925 2370//1926
f 2370//1926 2371//1927 2303//1892
f 2371//1927 2372//3 2304//1893
f 2372//3 2373//3 2305//3
f 2373//3 2374//3 2306//3
f 2374//3 2375//3 2307//3
f 2375//3 2376//3 2308//1894
f 2308//1894 2376//3 2377//1928
f 2377//1928 2378//1929 2310//1896
f 2378//1929 2379//368 2311//1897
f 2379//368 2380//193 2312//193
f 2381//68 2382//1930 2314//369
f 2382//1930 2383//1931 2315//1899
f 2383//1931 2384//1932 2316//1900
f 2384//1932 2385//1933 2317//3
f 2385//1933 2386//3 2318//3
f 2386//3 2387//3 2319//3
f 2387//3 2388//3 2320//3
f 2388//3 2389//1934 2321//3
f 2389//1934 2390//1935 2322//1901
f 2390//1935 2391//1974 2323//1902
f 2323//1902 2391//1974 2392//1936
f 2324//1903 2392//1936 2393//1937
f 2325//1904 2393//1937 2394//1938
f 2394//1938 2395//3 2327//3
f 2395//3 2396//3 2328//3
f 2396//3 2397//3 2329//3
f 2397//3 2398//1939 2330//3
f 2398//1939 2399//1940 2331//1905
f 2399//1940 2400//1941 2332//1906
f 2400//1941 2401//1983 2333//1907
f 2333//1907 2401//1983 2402//1942
f 2334//1908 2402//1942 2403//1943
f 2403//1943 2404//3 2336//3
f 2404//3 2405//3 2337//3
f 2405//3 2406//3 2338//3
f 2406//3 2407//1944 2339//3
f 2407//1944 2408//1945 2340//1909
f 2408//1945 2409//1946 2341//1910
f 2409//1946 2410//1991 2342//1911
f 2342//1911 2410//1991 2411//1947
f 2343//1912 2411//1947 2412//1948
f 2412//1948 2413//3 2345//3
f 2413//3 2414//3 2346//3
f 2414//3 2415//3 2347//3
f 2415//3 2416//3 2348//3
f 2416//3 2417//1949 2349//1914
f 2417//1949 2418//1950 2350//1915
f 2418//1950 2419//1998 2351//1916
f 2351//1916 2419//1998 2420//1951
f 2352//1917 2420//1951 2421//1952
f 2421//1952 2422//1953 2354//3
f 2422//1953 2423//3 2355//3
f 2423//3 2424//3 2356//3
f 2424//3 2425//3 2357//3
f 2425//3 2426//1954 2358//3
f 2426//1954 2427//1955 2359//1920
f 2427//1955 2428//2006 2360//1921
f 2360//1921 2428//2006 2429//1956
f 2361//1922 2429//1956 2430//1957
f 2430//1957 2431//1958 2363//3
f 2431//1958 2432//3 2364//3
f 2432//3 2433//3 2365//3
f 2433//3 2434//3 2366//3
f 2434//3 2435//1959 2367//3
f 2435//1959 2436//1960 2368//1924
f 2436//1960 2437//1961 2369//1925
f 2437//1961 2438//2015 2370//1926
f 2370//1926 2438//2015 2439//1962
f 2371//1927 2439//1962 2440//1963
f 2440//1963 2441//3 2373//3
f 2441//3 2442//3 2374//3
f 2442//3 2443//3 2375//3
f 2443//3 2444//1964 2376//3
f 2444//1964 2445//1965 2377//1928
f 2445//1965 2446//2022 2378//1929
f 2378//1929 2446//2022 2447//1966
f 2447//1966 2448//193 2380//193
f 2449//68 2450//1967 2382//1930
f 2450//1967 2451//1968 2383//1931
f 2451//1968 2452//2026 2384//1932
f 2384//1932 2452//2026 2453//1969
f 2385//1933 2453//1969 2454//1970
f 2454//1970 2455//3 2387//3
f 2455//3 2456//1971 2388//3
f 2456//1971 2457//1972 2389//1934
f 2457//1972 2458//1973 2390//1935
f 2458//1973 2459//2033 2391//1974
f 2391//1974 2459//2033 2460//1975
f 2392//1936 2460//1975 2461//1976
f 2393//1937 2461//1976 2462//1977
f 2394//1938 2462//1977 2463//1978
f 2463//1978 2464//3 2396//3
f 2464//3 2465//1979 2397//3
f 2465//1979 2466//1980 2398//1939
f 2466//1980 2467//1981 2399//1940
f 2467//1981 2468//1982 2400//1941
f 2468//1982 2469//2043 2401//1983
f 2401//1983 2469//2043 2470//1984
f 2402//1942 2470//1984 2471//1985
f 2403//1943 2471//1985 2472//1986
f 2472//1986 2473//3 2405//3
f 2473//3 2474//1987 2406//3
f 2474//1987 2475//1988 2407//1944
f 2475//1988 2476//1989 2408//1945
f 2476//1989 2477//1990 2409//1946
f 2477//1990 2478//2052 2410//1991
f 2410//1991 2478//2052 2479//1992
f 2411//1947 2479//1992 2480//1993
f 2412//1948 2480//1993 2481//1994
f 2481//1994 2482//3 2414//3
f 2482//3 2483//3 2415//3
f 2483//3 2484//1995 2416//3
f 2484//1995 2485//1996 2417//1949
f 2485//1996 2486//1997 2418//1950
f 2486//1997 2487//2061 2419//1998
f 2419//1998 2487//2061 2488//1999
f 2420//1951 2488//1999 2489//2000
f 2421//1952 2489//2000 2490//2001
f 2422//1953 2490//2001 2491//2002
f 2491//2002 2492//3 2424//3
f 2492//3 2493//2003 2425//3
f 2493//2003 2494//2004 2426//1954
f 2494//2004 2495//2005 2427//1955
f 2495//2005 2496//2070 2428//2006
f 2428//2006 2496//2070 2497//2007
f 2429//1956 2497//2007 2498//2008
f 2430//1957 2498//2008 2499//2009
f 2431//1958 2499//2009 2500//2010
f 2500//2010 2501//3 2433//3
f 2501//3 2502//2011 2434//3
f 2502//2011 2503//2012 2435//1959
f 2503//2012 2504//2013 2436//1960
f 2504//2013 2505//2014 2437//1961
f 2505//2014 2506//2080 2438//2015
f 2438//2015 2506//2080 2507//2016
f 2439//1962 2507//2016 2508//2017
f 2440//1963 2508//2017 2509//2018
f 2509//2018 2510//3 2442//3
f 2510//3 2511//2019 2443//3
f 2511//2019 2512//2020 2444//1964
f 2512//2020 2513//2087 2445//1965
f 2445//1965 2513//2087 2514//2021
f 2446//2022 2514//2021 2515//2023
f 2515//2023 2516//193 2448//193
f 2517//68 2518//2024 2450//1967
f 2518//2024 2519//2025 2451//1968
f 2519//2025 2520//2092 2452//2026
f 2452//2026 2520//2092 2521//2027
f 2453//1969 2521//2027 2522//2028
f 2522//2028 2523//2029 2455//3
f 2523//2029 2524//2030 2456//1971
f 2524//2030 2525//2031 2457//1972
f 2525//2031 2526//2032 2458//1973
f 2526//2032 2527//2099 2459//2033
f 2459//2033 2527//2099 2528//2034
f 2460//1975 2528//2034 2529//2035
f 2461//1976 2529//2035 2530//2036
f 2462//1977 2530//2036 2531//2037
f 2463//1978 2531//2037 2532//2038
f 2532//2038 2533//2039 2465//1979
f 2533//2039 2534//2040 2466//1980
f 2534//2040 2535//2041 2467//1981
f 2535//2041 2536//2042 2468//1982
f 2536//2042 2537//2109 2469//2043
f 2469//2043 2537//2109 2538//2044
f 2470//1984 2538//2044 2539//2045
f 2471//1985 2539//2045 2540//2046
f 2472//1986 2540//2046 2541//2047
f 2541//2047 2542//2048 2474//1987
f 2542//2048 2543//2049 2475//1988
f 2543//2049 2544//2050 2476//1989
f 2544//2050 2545//2051 2477//1990
f 2545//2051 2546//2118 2478//2052
f 2478//2052 2546//2118 2547//2053
f 2479//1992 2547//2053 2548//2054
f 2480//1993 2548//2054 2549//2055
f 2481//1994 2549//2055 2550//2056
f 2550//2056 2551//2057 2483//3
f 2551//2057 2552//2058 2484//1995
f 2552//2058 2553//2059 2485//1996
f 2553//2059 2554//2060 2486//1997
f 2554//2060 2555//2127 2487//2061
f 2487//2061 2555//2127 2556//2062
f 2488//1999 2556//2062 2557//2063
f 2489//2000 2557//2063 2558//2064
f 2490//2001 2558//2064 2559//2065
f 2559//2065 2560//2066 2492//3
f 2560//2066 2561//2067 2493//2003
f 2561//2067 2562//2068 2494//2004
f 2562//2068 2563//2069 2495//2005
f 2563//2069 2564//2136 2496//2070
f 2496//2070 2564//2136 2565//2071
f 2497//2007 2565//2071 2566//2072
f 2498//2008 2566//2072 2567//2073
f 2499//2009 2567//2073 2568//2074
f 2500//2010 2568//2074 2569//2075
f 2569//2075 2570//2076 2502//2011
f 2570//2076 2571//2077 2503//2012
f 2571//2077 2572//2078 2504//2013
f 2572//2078 2573//2079 2505//2014
f 2573//2079 2574//2146 2506//2080
f 2506//2080 2574//2146 2575//2081
f 2507//2016 2575//2081 2576//2082
f 2508//2017 2576//2082 2577//2083
f 2509//2018 2577//2083 2578//2084
f 2578//2084 2579//2085 2511//2019
f 2579//2085 2580//2086 2512//2020
f 2580//2086 2581//2153 2513//2087
f 2513//2087 2581//2153 2582//2088
f 2514//2021 2582//2088 2583//2089
f 2583//2089 2584//193 2516//193
f 2585//68 2586//2090 2518//2024
f 2586//2090 2587//2091 2519//2025
f 2587//2091 2588//2158 2520//2092
f 2520//2092 2588//2158 2589//2093
f 2521//2027 2589//2093 2590//2094
f 2522//2028 2590//2094 2591//2095
f 2591//2095 2592//2096 2524//2030
f 2592//2096 2593//2097 2525//2031
f 2593//2097 2594//2098 2526//2032
f 2594//2098 2595//2165 2527//2099
f 2527//2099 2595//2165 2596//2100
f 2528//2034 2596//2100 2597//2101
f 2529//2035 2597//2101 2598//2102
f 2530//2036 2598//2102 2599//2103
f 2531//2037 2599//2103 2600//2104
f 2600//2104 2601//2105 2533//2039
f 2601//2105 2602//2106 2534//2040
f 2602//2106 2603//2107 2535//2041
f 2603//2107 2604//2108 2536//2042
f 2604//2108 2605//2175 2537//2109
f 2537//2109 2605//2175 2606//2110
f 2538//2044 2606//2110 2607//2111
f 2539//2045 2607//2111 2608//2112
f 2540//2046 2608//2112 2609//2113
f 2609//2113 2610//2114 2542//2048
f 2610//2114 2611//2115 2543//2049
f 2611//2115 2612//2116 2544//2050
f 2612//2116 2613//2117 2545//2051
f 2613//2117 2614//2184 2546//2118
f 2546//2118 2614//2184 2615//2119
f 2547//2053 2615//2119 2616//2120
f 2548//2054 2616//2120 2617//2121
f 2549//2055 2617//2121 2618//2122
f 2618//2122 2619//2123 2551//2057
f 2619//2123 2620//2124 2552//2058
f 2620//2124 2621//2125 2553//2059
f 2621//2125 2622//2126 2554//2060
f 2622//2126 2623//2193 2555//2127
f 2555//2127 2623//2193 2624//2128
f 2556//2062 2624//2128 2625//2129
f 2557//2063 2625//2129 2626//2130
f 2558//2064 2626//2130 2627//2131
f 2559//2065 2627//2131 2628//2132
f 2628//2132 2629//2133 2561//2067
f 2629//2133 2630//2134 2562//2068
f 2630//2134 2631//2135 2563//2069
f 2631//2135 2632//2202 2564//2136
f 2564//2136 2632//2202 2633//2137
f 2565//2071 2633//2137 2634//2138
f 2566//2072 2634//2138 2635//2139
f 2567//2073 2635//2139 2636//2140
f 2568//2074 2636//2140 2637//2141
f 2637//2141 2638//2142 2570//2076
f 2638//2142 2639//2143 2571//2077
f 2639//2143 2640//2144 2572//2078
f 2640//2144 2641//2145 2573//2079
f 2641//2145 2642//2212 2574//2146
f 2574//2146 2642//2212 2643//2147
f 2575//2081 2643//2147 2644//2148
f 2576//2082 2644//2148 2645//2149
f 2577//2083 2645//2149 2646//2150
f 2646//2150 2647//2151 2579//2085
f 2647//2151 2648//2152 2580//2086
f 2648//2152 2649//2219 2581//2153
f 2581//2153 2649//2219 2650//2154
f 2582//2088 2650//2154 2651//2155
f 2651//2155 2652//193 2584//193
f 2653//68 2654//2156 2586//2090
f 2654//2156 2655//2157 2587//2091
f 2655//2157 2656//2224 2588//2158
f 2588//2158 2656//2224 2657//2159
f 2589//2093 2657//2159 2658//2160
f 2590//2094 2658//2160 2659//2161
f 2659//2161 2660//2162 2592//2096
f 2660//2162 2661//2163 2593//2097
f 2661//2163 2662//2164 2594//2098
f 2662//2164 2663//2231 2595//2165
f 2595//2165 2663//2231 2664//2166
f 2596//2100 2664//2166 2665//2167
f 2597//2101 2665//2167 2666//2168
f 2598//2102 2666//2168 2667//2169
f 2599//2103 2667//2169 2668//2170
f 2668//2170 2669//2171 2601//2105
f 2669//2171 2670//2172 2602//2106
f 2670//2172 2671//2173 2603//2107
f 2671//2173 2672//2174 2604//2108
f 2672//2174 2673//2241 2605//2175
f 2605//2175 2673//2241 2674//2176
f 2606//2110 2674//2176 2675//2177
f 2607//2111 2675//2177 2676//2178
f 2608//2112 2676//2178 2677//2179
f 2677//2179 2678//2180 2610//2114
f 2678//2180 2679//2181 2611//2115
f 2679//2181 2680//2182 2612//2116
f 2680//2182 2681//2183 2613//2117
f 2681//2183 2682//2250 2614//2184
f 2614//2184 2682//2250 2683//2185
f 2615//2119 2683//2185 2684//2186
f 2616//2120 2684//2186 2685//2187
f 2617//2121 2685//2187 2686//2188
f 2686//2188 2687//2189 2619//2123
f 2687//2189 2688//2190 2620//2124
f 2688//2190 2689//2191 2621//2125
f 2689//2191 2690//2192 2622//2126
f 2690//2192 2691//2259 2623//2193
f 2623//2193 2691//2259 2692//2194
f 2624//2128 2692//2194 2693//2195
f 2625//2129 2693//2195 2694//2196
f 2626//2130 2694//2196 2695//2197
f 2627//2131 2695//2197 2696//2198
f 2696//2198 2697//2199 2629//2133
f 2697//2199 2698//2200 2630//2134
f 2698//2200 2699//2201 2631//2135
f 2699//2201 2700//2268 2632//2202
f 2632//2202 2700//2268 2701//2203
f 2633//2137 2701//2203 2702//2204
f 2634//2138 2702//2204 2703//2205
f 2635//2139 2703//2205 2704//2206
f 2636//2140 2704//2206 2705//2207
f 2705//2207 2706//2208 2638//2142
f 2706//2208 2707//2209 2639//2143
f 2707//2209 2708//2210 2640//2144
f 2708//2210 2709//2211 2641//2145
f 2709//2211 2710//2278 2642//2212
f 2642//2212 2710//2278 2711//2213
f 2643//2147 2711//2213 2712//2214
f 2644//2148 2712//2214 2713//2215
f 2645//2149 2713//2215 2714//2216
f 2714//2216 2715//2217 2647//2151
f 2715//2217 2716//2218 2648//2152
f 2716//2218 2717//2285 2649//2219
f 2649//2219 2717//2285 2718//2220
f 2650//2154 2718//2220 2719//2221
f 2719//2221 2720//193 2652//193
f 2721//68 2722//2288 2654//2156
f 2654//2156 2722//2288 2723//2222
f 2655//2157 2723//2222 2724//2223
f 2724//2223 2725//2225 2657//2159
f 2725//2225 2726//2226 2658//2160
f 2726//2226 2727//2293 2659//2161
f 2659//2161 2727//2293 2728//2227
f 2660//2162 2728//2227 2729//2228
f 2661//2163 2729//2228 2730//2229
f 2662//2164 2730//2229 2731//2230
f 2731//2230 2732//2232 2664//2166
f 2732//2232 2733//2233 2665//2167
f 2733//2233 2734//2234 2666//2168
f 2734//2234 2735//2235 2667//2169
f 2735//2235 2736//2302 2668//2170
f 2668//2170 2736//2302 2737//2236
f 2669//2171 2737//2236 2738//2237
f 2670//2172 2738//2237 2739//2238
f 2671//2173 2739//2238 2740//2239
f 2672//2174 2740//2239 2741//2240
f 2741//2240 2742//2242 2674//2176
f 2742//2242 2743//2243 2675//2177
f 2743//2243 2744//2244 2676//2178
f 2744//2244 2745//2311 2677//2179
f 2677//2179 2745//2311 2746//2245
f 2678//2180 2746//2245 2747//2246
f 2679//2181 2747//2246 2748//2247
f 2680//2182 2748//2247 2749//2248
f 2681//2183 2749//2248 2750//2249
f 2750//2249 2751//2251 2683//2185
f 2751//2251 2752//2252 2684//2186
f 2752//2252 2753//2253 2685//2187
f 2753//2253 2754//2254 2686//2188
f 2754//2254 2755//2321 2687//2189
f 2687//2189 2755//2321 2756//2255
f 2688//2190 2756//2255 2757//2256
f 2689//2191 2757//2256 2758//2257
f 2690//2192 2758//2257 2759//2258
f 2759//2258 2760//2260 2692//2194
f 2760//2260 2761//2261 2693//2195
f 2761//2261 2762//2262 2694//2196
f 2762//2262 2763//2263 2695//2197
f 2763//2263 2764//2330 2696//2198
f 2696//2198 2764//2330 2765//2264
f 2697//2199 2765//2264 2766//2265
f 2698//2200 2766//2265 2767//2266
f 2699//2201 2767//2266 2768//2267
f 2768//2267 2769//2269 2701//2203
f 2769//2269 2770//2270 2702//2204
f 2770//2270 2771//2271 2703//2205
f 2771//2271 2772//2272 2704//2206
f 2772//2272 2773//2339 2705//2207
f 2705//2207 2773//2339 2774//2273
f 2706//2208 2774//2273 2775//2274
f 2707//2209 2775//2274 2776//2275
f 2708//2210 2776//2275 2777//2276
f 2709//2211 2777//2276 2778//2277
f 2778//2277 2779//2279 2711//2213
f 2779//2279 2780//2280 2712//2214
f 2780//2280 2781//2281 2713//2215
f 2781//2281 2782//2348 2714//2216
f 2714//2216 2782//2348 2783//2282
f 2715//2217 2783//2282 2784//2283
f 2716//2218 2784//2283 2785//2284
f 2785//2284 2786//2286 2718//2220
f 2786//2286 2787//2287 2719//2221
f 2787//2287 2788//193 2720//193
f 2789//68 2790//2354 2722//2288
f 2722//2288 2790//2354 2791//2289
f 2723//2222 2791//2289 2792//2290
f 2792//2290 2793//2291 2725//2225
f 2793//2291 2794//2292 2726//2226
f 2794//2292 2795//3 2727//2293
f 2727//2293 2795//3 2796//2294
f 2728//2227 2796//2294 2797//2295
f 2729//2228 2797//2295 2798//2296
f 2730//2229 2798//2296 2799//2297
f 2799//2297 2800//2298 2732//2232
f 2800//2298 2801//2299 2733//2233
f 2801//2299 2802//2300 2734//2234
f 2802//2300 2803//2301 2735//2235
f 2803//2301 2804//3 2736//2302
f 2736//2302 2804//3 2805//2303
f 2737//2236 2805//2303 2806//2304
f 2738//2237 2806//2304 2807//2305
f 2739//2238 2807//2305 2808//2306
f 2740//2239 2808//2306 2809//2307
f 2809//2307 2810//2308 2742//2242
f 2810//2308 2811//2309 2743//2243
f 2811//2309 2812//2310 2744//2244
f 2812//2310 2813//2312 2745//2311
f 2813//2312 2814//2371 2746//2245
f 2746//2245 2814//2371 2815//2313
f 2747//2246 2815//2313 2816//2314
f 2748//2247 2816//2314 2817//2315
f 2749//2248 2817//2315 2818//2316
f 2818//2316 2819//2317 2751//2251
f 2819//2317 2820//2318 2752//2252
f 2820//2318 2821//2319 2753//2253
f 2821//2319 2822//2320 2754//2254
f 2822//2320 2823//2379 2755//2321
f 2755//2321 2823//2379 2824//2322
f 2756//2255 2824//2322 2825//2323
f 2757//2256 2825//2323 2826//2324
f 2758//2257 2826//2324 2827//2325
f 2827//2325 2828//2326 2760//2260
f 2828//2326 2829//2327 2761//2261
f 2829//2327 2830//2328 2762//2262
f 2830//2328 2831//2387 2763//2263
f 2763//2263 2831//2387 2832//2329
f 2764//2330 2832//2329 2833//2331
f 2765//2264 2833//2331 2834//2332
f 2766//2265 2834//2332 2835//2333
f 2767//2266 2835//2333 2836//2334
f 2836//2334 2837//2335 2769//2269
f 2837//2335 2838//2336 2770//2270
f 2838//2336 2839//2337 2771//2271
f 2839//2337 2840//2338 2772//2272
f 2840//2338 2841//3 2773//2339
f 2773//2339 2841//3 2842//2340
f 2774//2273 2842//2340 2843//2341
f 2775//2274 2843//2341 2844//2342
f 2776//2275 2844//2342 2845//2343
f 2777//2276 2845//2343 2846//2344
f 2846//2344 2847//2345 2779//2279
f 2847//2345 2848//2346 2780//2280
f 2848//2346 2849//2347 2781//2281
f 2849//2347 2850//3 2782//2348
f 2782//2348 2850//3 2851//2349
f 2783//2282 2851//2349 2852//2350
f 2784//2283 2852//2350 2853//2351
f 2853//2351 2854//2352 2786//2286
f 2854//2352 2855//2353 2787//2287
f 2855//2353 2856//193 2788//193
f 2857//68 2858//2405 2790//2354
f 2790//2354 2858//2405 2859//2355
f 2791//2289 2859//2355 2860//2356
f 2860//2356 2861//2357 2793//2291
f 2861//2357 2862//3 2794//2292
f 2862//3 2863//3 2795//3
f 2863//3 2864//451 2796//2294
f 2796//2294 2864//451 2865//2358
f 2797//2295 2865//2358 2866//2359
f 2798//2296 2866//2359 2867//2360
f 2867//2360 2868//2361 2800//2298
f 2868//2361 2869//2362 2801//2299
f 2869//2362 2870//2363 2802//2300
f 2870//2363 2871//3 2803//2301
f 2871//3 2872//3 2804//3
f 2872//3 2873//3 2805//2303
f 2805//2303 2873//3 2874//2364
f 2806//2304 2874//2364 2875//2365
f 2807//2305 2875//2365 2876//2366
f 2808//2306 2876//2366 2877//2367
f 2877//2367 2878//2368 2810//2308
f 2878//2368 2879//2369 2811//2309
f 2879//2369 2880//2370 2812//2310
f 2880//2370 2881//3 2813//2312
f 2881//3 2882//3 2814//2371
f 2814//2371 2882//3 2883//2372
f 2815//2313 2883//2372 2884//2373
f 2816//2314 2884//2373 2885//2374
f 2817//2315 2885//2374 2886//2375
f 2886//2375 2887//2376 2819//2317
f 2887//2376 2888//2377 2820//2318
f 2888//2377 2889//2378 2821//2319
f 2889//2378 2890//3 2822//2320
f 2890//3 2891//3 2823//2379
f 2823//2379 2891//3 2892//2380
f 2824//2322 2892//2380 2893//2381
f 2825//2323 2893//2381 2894//2382
f 2826//2324 2894//2382 2895//2383
f 2895//2383 2896//2384 2828//2326
f 2896//2384 2897//2385 2829//2327
f 2897//2385 2898//2386 2830//2328
f 2898//2386 2899//3 2831//2387
f 2899//3 2900//3 2832//2329
f 2832//2329 2900//3 2901//2388
f 2833//2331 2901//2388 2902//2389
f 2834//2332 2902//2389 2903//2390
f 2835//2333 2903//2390 2904//2391
f 2904//2391 2905//2392 2837//2335
f 2905//2392 2906//2393 2838//2336
f 2906//2393 2907//2394 2839//2337
f 2907//2394 2908//3 2840//2338
f 2908//3 2909//3 2841//3
f 2909//3 2910//3 2842//2340
f 2842//2340 2910//3 2911//2395
f 2843//2341 2911//2395 2912//2396
f 2844//2342 2912//2396 2913//2397
f 2845//2343 2913//2397 2914//2398
f 2914//2398 2915//2399 2847//2345
f 2915//2399 2916//2400 2848//2346
f 2916//2400 2917//442 2849//2347
f 2917//442 2918//3 2850//3
f 2918//3 2919//3 2851//2349
f 2851//2349 2919//3 2920//2401
f 2852//2350 2920//2401 2921//2402
f 2921//2402 2922//2403 2854//2352
f 2922//2403 2923//2404 2855//2353
f 2923//2404 2924//193 2856//193
f 2925//68 2926//369 2858//2405
f 2858//2405 2926//369 2927//2406
f 2859//2355 2927//2406 2928//2407
f 2928//2407 2929//3 2861//2357
f 2929//3 2930//3 2862//3
f 2930//3 2931//3 2863//3
f 2931//3 2932//2408 2864//451
f 2932//2408 2933//2443 2865//2358
f 2865//2358 2933//2443 2934//2409
f 2866//2359 2934//2409 2935//2410
f 2935//2410 2936//2411 2868//2361
f 2936//2411 2937//2412 2869//2362
f 2937//2412 2938//3 2870//2363
f 2938//3 2939//3 2871//3
f 2939//3 2940//3 2872//3
f 2940//3 2941//3 2873//3
f 2941//3 2942//3 2874//2364
f 2874//2364 2942//3 2943//2413
f 2875//2365 2943//2413 2944//2414
f 2876//2366 2944//2414 2945//2415
f 2945//2415 2946//2416 2878//2368
f 2946//2416 2947//2417 2879//2369
f 2947//2417 2948//3 2880//2370
f 2948//3 2949//3 2881//3
f 2949//3 2950//3 2882//3
f 2950//3 2951//3 2883//2372
f 2883//2372 2951//3 2952//2418
f 2884//2373 2952//2418 2953//2419
f 2885//2374 2953//2419 2954//2420
f 2954//2420 2955//2421 2887//2376
f 2955//2421 2956//2422 2888//2377
f 2956//2422 2957//3 2889//2378
f 2957//3 2958//3 2890//3
f 2958//3 2959//3 2891//3
f 2959//3 2960//3 2892//2380
f 2892//2380 2960//3 2961//2423
f 2893//2381 2961//2423 2962//2424
f 2894//2382 2962//2424 2963//2425
f 2963//2425 2964//2426 2896//2384
f 2964//2426 2965//2427 2897//2385
f 2965//2427 2966//3 2898//2386
f 2966//3 2967//3 2899//3
f 2967//3 2968//3 2900//3
f 2968//3 2969//3 2901//2388
f 2901//2388 2969//3 2970//2428
f 2902//2389 2970//2428 2971//2429
f 2903//2390 2971//2429 2972//2430
f 2972//2430 2973//2431 2905//2392
f 2973//2431 2974//2432 2906//2393
f 2974//2432 2975//3 2907//2394
f 2975//3 2976//3 2908//3
f 2976//3 2977//3 2909//3
f 2977//3 2978//3 2910//3
f 2978//3 2979//3 2911//2395
f 2911//2395 2979//3 2980//2433
f 2912//2396 2980//2433 2981//2434
f 2913//2397 2981//2434 2982//2435
f 2982//2435 2983//2436 2915//2399
f 2983//2436 2984//2443 2916//2400
f 2916//2400 2984//2443 2985//2437
f 2985//2437 2986//3 2918//3
f 2986//3 2987//3 2919//3
f 2987//3 2988//3 2920//2401
f 2920//2401 2988//3 2989//2438
f 2989//2438 2990//2439 2922//2403
f 2990//2439 2991//368 2923//2404
f 2991//368 2992//193 2924//193
f 2993//68 2994//369 2926//369
f 2994//369 2995//2440 2927//2406
f 2995//2440 2996//2441 2928//2407
f 2996//2441 2997//2442 2929//3
f 2997//2442 2998//3 2930//3
f 2998//3 2999//3 2931//3
f 2999//3 3000//3 2932//2408
f 3000//3 3001//2444 2933//2443
f 3001//2444 3002//2445 2934//2409
f 3002//2445 3003//2480 2935//2410
f 2935//2410 3003//2480 3004//2446
f 2936//2411 3004//2446 3005//2447
f 3005//2447 3006//2448 2938//3
f 3006//2448 3007//3 2939//3
f 3007//3 3008//3 2940//3
f 3008//3 3009//3 2941//3
f 3009//3 3010//2449 2942//3
f 3010//2449 3011//2450 2943//2413
f 3011//2450 3012//2451 2944//2414
f 3012//2451 3013//2489 2945//2415
f 2945//2415 3013//2489 3014//2452
f 3014//2452 3015//2453 2947//2417
f 3015//2453 3016//3 2948//3
f 3016//3 3017//3 2949//3
f 3017//3 3018//3 2950//3
f 3018//3 3019//939 2951//3
f 3019//939 3020//2454 2952//2418
f 3020//2454 3021//2455 2953//2419
f 3021//2455 3022//2496 2954//2420
f 2954//2420 3022//2496 3023//2456
f 3023//2456 3024//2457 2956//2422
f 3024//2457 3025//3 2957//3
f 3025//3 3026//3 2958//3
f 3026//3 3027//3 2959//3
f 3027//3 3028//3 2960//3
f 3028//3 3029//2501 2961//2423
f 2961//2423 3029//2501 3030//2458
f 3030//2458 3031//2504 2963//2425
f 2963//2425 3031//2504 3032//2459
f 2964//2426 3032//2459 3033//2460
f 3033//2460 3034//939 2966//3
f 3034//939 3035//3 2967//3
f 3035//3 3036//3 2968//3
f 3036//3 3037//3 2969//3
f 3037//3 3038//2461 2970//2428
f 3038//2461 3039//2462 2971//2429
f 3039//2462 3040//2511 2972//2430
f 2972//2430 3040//2511 3041//2463
f 2973//2431 3041//2463 3042//2464
f 3042//2464 3043//2465 2975//3
f 3043//2465 3044//3 2976//3
f 3044//3 3045//3 2977//3
f 3045//3 3046//3 2978//3
f 3046//3 3047//2466 2979//3
f 3047//2466 3048//2467 2980//2433
f 3048//2467 3049//2468 2981//2434
f 3049//2468 3050//2520 2982//2435
f 2982//2435 3050//2520 3051//2469
f 3051//2469 3052//2470 2984//2443
f 3052//2470 3053//3 2985//2437
f 3053//3 3054//3 2986//3
f 3054//3 3055//3 2987//3
f 3055//3 3056//2471 2988//3
f 3056//2471 3057//2472 2989//2438
f 3057//2472 3058//2527 2990//2439
f 2990//2439 3058//2527 3059//368
f 3059//368 3060//193 2992//193
f 3061//68 3062//2473 2994//369
f 3062//2473 3063//2474 2995//2440
f 3063//2474 3064//2531 2996//2441
f 2996//2441 3064//2531 3065//2475
f 2997//2442 3065//2475 3066//2476
f 3066//2476 3067//3 2999//3
f 3067//3 3068//2477 3000//3
f 3068//2477 3069//2478 3001//2444
f 3069//2478 3070//2479 3002//2445
f 3070//2479 3071//2538 3003//2480
f 3003//2480 3071//2538 3072//2481
f 3004//2446 3072//2481 3073//2482
f 3005//2447 3073//2482 3074//2483
f 3006//2448 3074//2483 3075//2484
f 3075//2484 3076//3 3008//3
f 3076//3 3077//2485 3009//3
f 3077//2485 3078//2486 3010//2449
f 3078//2486 3079//2487 3011//2450
f 3079//2487 3080//2488 3012//2451
f 3080//2488 3081//2548 3013//2489
f 3013//2489 3081//2548 3082//2490
f 3014//2452 3082//2490 3083//2491
f 3015//2453 3083//2491 3084//2492
f 3084//2492 3085//3 3017//3
f 3085//3 3086//340 3018//3
f 3086//340 3087//2493 3019//939
f 3087//2493 3088//2494 3020//2454
f 3088//2494 3089//2495 3021//2455
f 3089//2495 3090//2557 3022//2496
f 3022//2496 3090//2557 3091//2497
f 3023//2456 3091//2497 3092//2498
f 3024//2457 3092//2498 3093//2499
f 3093//2499 3094//3 3026//3
f 3094//3 3095//3 3027//3
f 3095//3 3096//2500 3028//3
f 3096//2500 3097//2502 3029//2501
f 3097//2502 3098//2503 3030//2458
f 3098//2503 3099//2566 3031//2504
f 3031//2504 3099//2566 3100//2505
f 3032//2459 3100//2505 3101//2506
f 3033//2460 3101//2506 3102//2507
f 3102//2507 3103//299 3035//3
f 3103//299 3104//3 3036//3
f 3104//3 3105//2508 3037//3
f 3105//2508 3106//2509 3038//2461
f 3106//2509 3107//2510 3039//2462
f 3107//2510 3108//2575 3040//2511
f 3040//2511 3108//2575 3109//2512
f 3041//2463 3109//2512 3110//2513
f 3042//2464 3110//2513 3111//2514
f 3043//2465 3111//2514 3112//2515
f 3112//2515 3113//3 3045//3
f 3113//3 3114//2516 3046//3
f 3114//2516 3115//2517 3047//2466
f 3115//2517 3116//2518 3048//2467
f 3116//2518 3117//2519 3049//2468
f 3117//2519 3118//2585 3050//2520
f 3050//2520 3118//2585 3119//2521
f 3051//2469 3119//2521 3120//2522
f 3052//2470 3120//2522 3121//2523
f 3121//2523 3122//3 3054//3
f 3122//3 3123//2524 3055//3
f 3123//2524 3124//2525 3056//2471
f 3124//2525 3125//2592 3057//2472
f 3057//2472 3125//2592 3126//2526
f 3058//2527 3126//2526 3127//2528
f 3127//2528 3128//193 3060//193
f 3129//68 3130//2529 3062//2473
f 3130//2529 3131//2530 3063//2474
f 3131//2530 3132//2597 3064//2531
f 3064//2531 3132//2597 3133//2532
f 3065//2475 3133//2532 3134//2533
f 3134//2533 3135//2534 3067//3
f 3135//2534 3136//2535 3068//2477
f 3136//2535 3137//2536 3069//2478
f 3137//2536 3138//2537 3070//2479
f 3138//2537 3139//2604 3071//2538
f 3071//2538 3139//2604 3140//2539
f 3072//2481 3140//2539 3141//2540
f 3073//2482 3141//2540 3142//2541
f 3074//2483 3142//2541 3143//2542
f 3075//2484 3143//2542 3144//2543
f 3144//2543 3145//2544 3077//2485
f 3145//2544 3146//2545 3078//2486
f 3146//2545 3147//2546 3079//2487
f 3147//2546 3148//2547 3080//2488
f 3148//2547 3149//2614 3081//2548
f 3081//2548 3149//2614 3150//2549
f 3082//2490 3150//2549 3151//2550
f 3083//2491 3151//2550 3152//2551
f 3084//2492 3152//2551 3153//2552
f 3153//2552 3154//2553 3086//340
f 3154//2553 3155//2554 3087//2493
f 3155//2554 3156//2555 3088//2494
f 3156//2555 3157//2556 3089//2495
f 3157//2556 3158//2623 3090//2557
f 3090//2557 3158//2623 3159//2558
f 3091//2497 3159//2558 3160//2559
f 3092//2498 3160//2559 3161//2560
f 3093//2499 3161//2560 3162//2561
f 3162//2561 3163//2562 3095//3
f 3163//2562 3164//2563 3096//2500
f 3164//2563 3165//2564 3097//2502
f 3165//2564 3166//2565 3098//2503
f 3166//2565 3167//2632 3099//2566
f 3099//2566 3167//2632 3168//2567
f 3100//2505 3168//2567 3169//2568
f 3101//2506 3169//2568 3170//2569
f 3102//2507 3170//2569 3171//2570
f 3171//2570 3172//2571 3104//3
f 3172//2571 3173//2572 3105//2508
f 3173//2572 3174//2573 3106//2509
f 3174//2573 3175//2574 3107//2510
f 3175//2574 3176//2641 3108//2575
f 3108//2575 3176//2641 3177//2576
f 3109//2512 3177//2576 3178//2577
f 3110//2513 3178//2577 3179//2578
f 3111//2514 3179//2578 3180//2579
f 3180//2579 3181//2580 3113//3
f 3181//2580 3182//2581 3114//2516
f 3182//2581 3183//2582 3115//2517
f 3183//2582 3184//2583 3116//2518
f 3184//2583 3185//2584 3117//2519
f 3185//2584 3186//2651 3118//2585
f 3118//2585 3186//2651 3187//2586
f 3119//2521 3187//2586 3188//2587
f 3120//2522 3188//2587 3189//2588
f 3121//2523 3189//2588 3190//2589
f 3190//2589 3191//2590 3123//2524
f 3191//2590 3192//2591 3124//2525
f 3192//2591 3193//2658 3125//2592
f 3125//2592 3193//2658 3194//2593
f 3126//2526 3194//2593 3195//2594
f 3195//2594 3196//193 3128//193
f 3197//68 3198//2595 3130//2529
f 3198//2595 3199//2596 3131//2530
f 3199//2596 3200//2663 3132//2597
f 3132//2597 3200//2663 3201//2598
f 3133//2532 3201//2598 3202//2599
f 3134//2533 3202//2599 3203//2600
f 3203//2600 3204//2601 3136//2535
f 3204//2601 3205//2602 3137//2536
f 3205//2602 3206//2603 3138//2537
f 3206//2603 3207//2670 3139//2604
f 3139//2604 3207//2670 3208//2605
f 3140//2539 3208//2605 3209//2606
f 3141//2540 3209//2606 3210//2607
f 3142//2541 3210//2607 3211//2608
f 3143//2542 3211//2608 3212//2609
f 3212//2609 3213//2610 3145//2544
f 3213//2610 3214//2611 3146//2545
f 3214//2611 3215//2612 3147//2546
f 3215//2612 3216//2613 3148//2547
f 3216//2613 3217//2680 3149//2614
f 3149//2614 3217//2680 3218//2615
f 3150//2549 3218//2615 3219//2616
f 3151//2550 3219//2616 3220//2617
f 3152//2551 3220//2617 3221//2618
f 3221//2618 3222//2619 3154//2553
f 3222//2619 3223//2620 3155//2554
f 3223//2620 3224//2621 3156//2555
f 3224//2621 3225//2622 3157//2556
f 3225//2622 3226//2689 3158//2623
f 3158//2623 3226//2689 3227//2624
f 3159//2558 3227//2624 3228//2625
f 3160//2559 3228//2625 3229//2626
f 3161//2560 3229//2626 3230//2627
f 3230//2627 3231//2628 3163//2562
f 3231//2628 3232//2629 3164//2563
f 3232//2629 3233//2630 3165//2564
f 3233//2630 3234//2631 3166//2565
f 3234//2631 3235//2698 3167//2632
f 3167//2632 3235//2698 3236//2633
f 3168//2567 3236//2633 3237//2634
f 3169//2568 3237//2634 3238//2635
f 3170//2569 3238//2635 3239//2636
f 3171//2570 3239//2636 3240//2637
f 3240//2637 3241//2638 3173//2572
f 3241//2638 3242//2639 3174//2573
f 3242//2639 3243//2640 3175//2574
f 3243//2640 3244//2707 3176//2641
f 3176//2641 3244//2707 3245//2642
f 3177//2576 3245//2642 3246//2643
f 3178//2577 3246//2643 3247//2644
f 3179//2578 3247//2644 3248//2645
f 3180//2579 3248//2645 3249//2646
f 3249//2646 3250//2647 3182//2581
f 3250//2647 3251//2648 3183//2582
f 3251//2648 3252//2649 3184//2583
f 3252//2649 3253//2650 3185//2584
f 3253//2650 3254//2717 3186//2651
f 3186//2651 3254//2717 3255//2652
f 3187//2586 3255//2652 3256//2653
f 3188//2587 3256//2653 3257//2654
f 3189//2588 3257//2654 3258//2655
f 3258//2655 3259//2656 3191//2590
f 3259//2656 3260//2657 3192//2591
f 3260//2657 3261//2724 3193//2658
f 3193//2658 3261//2724 3262//2659
f 3194//2593 3262//2659 3263//2660
f 3263//2660 3264//193 3196//193
f 3265//68 3266//2661 3198//2595
f 3266//2661 3267//2728 3199//2596
f 3199//2596 3267//2728 3268//2662
f 3268//2662 3269//2664 3201//2598
f 3269//2664 3270//2665 3202//2599
f 3270//2665 3271//2732 3203//2600
f 3203//2600 3271//2732 3272//2666
f 3204//2601 3272//2666 3273//2667
f 3205//2602 3273//2667 3274//2668
f 3206//2603 3274//2668 3275//2669
f 3275//2669 3276//2671 3208//2605
f 3276//2671 3277//2672 3209//2606
f 3277//2672 3278//2673 3210//2607
f 3278//2673 3279//2674 3211//2608
f 3279//2674 3280//2741 3212//2609
f 3212//2609 3280//2741 3281//2675
f 3213//2610 3281//2675 3282//2676
f 3214//2611 3282//2676 3283//2677
f 3215//2612 3283//2677 3284//2678
f 3216//2613 3284//2678 3285//2679
f 3285//2679 3286//2681 3218//2615
f 3286//2681 3287//2682 3219//2616
f 3287//2682 3288//2683 3220//2617
f 3288//2683 3289//2750 3221//2618
f 3221//2618 3289//2750 3290//2684
f 3222//2619 3290//2684 3291//2685
f 3223//2620 3291//2685 3292//2686
f 3224//2621 3292//2686 3293//2687
f 3225//2622 3293//2687 3294//2688
f 3294//2688 3295//2690 3227//2624
f 3295//2690 3296//2691 3228//2625
f 3296//2691 3297//2692 3229//2626
f 3297//2692 3298//2693 3230//2627
f 3298//2693 3299//2760 3231//2628
f 3231//2628 3299//2760 3300//2694
f 3232//2629 3300//2694 3301//2695
f 3233//2630 3301//2695 3302//2696
f 3234//2631 3302//2696 3303//2697
f 3303//2697 3304//2699 3236//2633
f 3304//2699 3305//2700 3237//2634
f 3305//2700 3306//2701 3238//2635
f 3306//2701 3307//2702 3239//2636
f 3307//2702 3308//2769 3240//2637
f 3240//2637 3308//2769 3309//2703
f 3241//2638 3309//2703 3310//2704
f 3242//2639 3310//2704 3311//2705
f 3243//2640 3311//2705 3312//2706
f 3312//2706 3313//2708 3245//2642
f 3313//2708 3314//2709 3246//2643
f 3314//2709 3315//2710 3247//2644
f 3315//2710 3316//2711 3248//2645
f 3316//2711 3317//2778 3249//2646
f 3249//2646 3317//2778 3318//2712
f 3250//2647 3318//2712 3319//2713
f 3251//2648 3319//2713 3320//2714
f 3252//2649 3320//2714 3321//2715
f 3253//2650 3321//2715 3322//2716
f 3322//2716 3323//2718 3255//2652
f 3323//2718 3324//2719 3256//2653
f 3324//2719 3325//2720 3257//2654
f 3325//2720 3326//2787 3258//2655
f 3258//2655 3326//2787 3327//2721
f 3259//2656 3327//2721 3328//2722
f 3260//2657 3328//2722 3329//2723
f 3329//2723 3330//2791 3262//2659
f 3262//2659 3330//2791 3331//2725
f 3331//2725 3332//193 3264//193
f 3333//2726 3334//2795 3266//2661
f 3266//2661 3334//2795 3335//2727
f 3267//2728 3335//2727 3336//2729
f 3336//2729 3337//2730 3269//2664
f 3337//2730 3338//2731 3270//2665
f 3338//2731 3339//2798 3271//2732
f 3271//2732 3339//2798 3340//2733
f 3272//2666 3340//2733 3341//2734
f 3273//2667 3341//2734 3342//2735
f 3274//2668 3342//2735 3343//2736
f 3343//2736 3344//2737 3276//2671
f 3344//2737 3345//2738 3277//2672
f 3345//2738 3346//2739 3278//2673
f 3346//2739 3347//2740 3279//2674
f 3347//2740 3348//2798 3280//2741
f 3280//2741 3348//2798 3349//2742
f 3281//2675 3349//2742 3350//2743
f 3282//2676 3350//2743 3351//2744
f 3283//2677 3351//2744 3352//2745
f 3284//2678 3352//2745 3353//2746
f 3353//2746 3354//2747 3286//2681
f 3354//2747 3355//2748 3287//2682
f 3355//2748 3356//2749 3288//2683
f 3356//2749 3357//2798 3289//2750
f 3289//2750 3357//2798 3358//2751
f 3290//2684 3358//2751 3359//2752
f 3291//2685 3359//2752 3360//2753
f 3292//2686 3360//2753 3361//2754
f 3293//2687 3361//2754 3362//2755
f 3362//2755 3363//2756 3295//2690
f 3363//2756 3364//2757 3296//2691
f 3364//2757 3365//2758 3297//2692
f 3365//2758 3366//2759 3298//2693
f 3366//2759 3367//2759 3299//2760
f 3299//2760 3367//2759 3368//2761
f 3300//2694 3368//2761 3369//2762
f 3301//2695 3369//2762 3370//2763
f 3302//2696 3370//2763 3371//2764
f 3371//2764 3372//2765 3304//2699
f 3372//2765 3373//2766 3305//2700
f 3373//2766 3374//2767 3306//2701
f 3374//2767 3375//2768 3307//2702
f 3375//2768 3376//2798 3308//2769
f 3308//2769 3376//2798 3377//2770
f 3309//2703 3377//2770 3378//2771
f 3310//2704 3378//2771 3379//2772
f 3311//2705 3379//2772 3380//2773
f 3380//2773 3381//2774 3313//2708
f 3381//2774 3382//2775 3314//2709
f 3382//2775 3383//2776 3315//2710
f 3383//2776 3384//2777 3316//2711
f 3384//2777 3385//2798 3317//2778
f 3317//2778 3385//2798 3386//2779
f 3318//2712 3386//2779 3387//2780
f 3319//2713 3387//2780 3388//2781
f 3320//2714 3388//2781 3389//2782
f 3321//2715 3389//2782 3390//2783
f 3390//2783 3391//2784 3323//2718
f 3391//2784 3392//2785 3324//2719
f 3392//2785 3393//2786 3325//2720
f 3393//2786 3394//2759 3326//2787
f 3326//2787 3394//2759 3395//2788
f 3327//2721 3395//2788 3396//2789
f 3328//2722 3396//2789 3397//2790
f 3397//2790 3398//2792 3330//2791
f 3398//2792 3399//2793 3331//2725
f 3399//2793 3400//2801 3332//193
f 3333//2726 3401//3 3402//2794
f 3334//2795 3402//2794 3403//2796
f 3403//2796 3404//2797 3336//2729
f 3404//2797 3405//2797 3337//2730
f 3405//2797 3406//2797 3338//2731
f 3406//2797 3407//2797 3339//2798
f 3407//2797 3408//2797 3340//2733
f 3408//2797 3409//2797 3341//2734
f 3409//2797 3410//2797 3342//2735
f 3410//2797 3411//2797 3343//2736
f 3411//2797 3412//2797 3344//2737
f 3412//2797 3413//2797 3345//2738
f 3413//2797 3414//2797 3346//2739
f 3414//2797 3415//2797 3347//2740
f 3415//2797 3416//2797 3348//2798
f 3416//2797 3417//2797 3349//2742
f 3417//2797 3418//2797 3350//2743
f 3418//2797 3419//2797 3351//2744
f 3419//2797 3420//2797 3352//2745
f 3420//2797 3421//2797 3353//2746
f 3421//2797 3422//2797 3354//2747
f 3422//2797 3423//2797 3355//2748
f 3423//2797 3424//2797 3356//2749
f 3424//2797 3425//2797 3357//2798
f 3425//2797 3426//2797 3358//2751
f 3426//2797 3427//2797 3359//2752
f 3427//2797 3428//2797 3360//2753
f 3428//2797 3429//2797 3361//2754
f 3429//2797 3430//2797 3362//2755
f 3430//2797 3431//2797 3363//2756
f 3431//2797 3432//2797 3364//2757
f 3432//2797 3433//2797 3365//2758
f 3433//2797 3434//2797 3366//2759
f 3434//2797 3435//2797 3367//2759
f 3435//2797 3436//2797 3368//2761
f 3436//2797 3437//2797 3369//2762
f 3437//2797 3438//2797 3370//2763
f 3438//2797 3439//2797 3371//2764
f 3439//2797 3440//2797 3372//2765
f 3440//2797 3441//2797 3373//2766
f 3441//2797 3442//2797 3374//2767
f 3442//2797 3443//2797 3375//2768
f 3443//2797 3444//2797 3376//2798
f 3444//2797 3445//2797 3377//2770
f 3445//2797 3446//2797 3378//2771
f 3446//2797 3447//2797 3379//2772
f 3447//2797 3448//2797 3380//2773
f 3448//2797 3449//2797 3381//2774
f 3449//2797 3450//2797 3382//2775
f 3450//2797 3451//2797 3383//2776
f 3451//2797 3452//2797 3384//2777
f 3452//2797 3453//2797 3385//2798
f 3453//2797 3454//2797 3386//2779
f 3454//2797 3455//2797 3387//2780
f 3455//2797 3456//2797 3388//2781
f 3456//2797 3457//2797 3389//2782
f 3457//2797 3458//2797 3390//2783
f 3458//2797 3459//2797 3391//2784
f 3459//2797 3460//2797 3392//2785
f 3460//2797 3461//2797 3393//2786
f 3461//2797 3462//2797 3394//2759
f 3462//2797 3463//2797 3395//2788
f 3463//2797 3464//2797 3396//2789
f 3464//2797 3465//2797 3397//2790
f 3465//2797 3466//2799 3398//2792
f 3466//2799 3467//2800 3399//2793
f 3467//2800 3468//3 3400//2801
s 0
f 1//2802 2//2802 3470//2802
f 2//2802 3//2802 3471//2802
f 3//2802 4//2802 3472//2802
f 4//2802 5//2802 3473//2802
f 5//2802 6//2802 3474//2802
f 6//2802 7//2802 3475//2802
f 7//2802 8//2802 3476//2802
f 8//2802 9//2802 3477//2802
f 9//2802 10//2802 3478//2802
f 10//2802 11//2802 3479//2802
f 11//2802 12//2802 3480//2802
f 12//2802 13//2802 3481//2802
f 13//2802 14//2802 3482//2802
f 14//2802 15//2802 3483//2802
f 15//2802 16//2802 3484//2802
f 16//2802 17//2802 3485//2802
f 17//2802 18//2802 3486//2802
f 18//2802 19//2802 3487//2802
f 19//2802 20//2802 3488//2802
f 20//2802 21//2802 3489//2802
f 21//2802 22//2802 3490//2802
f 22//2802 23//2802 3491//2802
f 23//2802 24//2802 3492//2802
f 24//2802 25//2802 3493//2802
f 25//2802 26//2802 3494//2802
f 26//2802 27//2802 3495//2802
f 27//2802 28//2802 3496//2802
f 28//2802 29//2802 3497//2802
f 29//2802 30//2802 3498//2802
f 30//2802 31//2802 3499//2802
f 31//2802 32//2802 3500//2802
f 32//2802 33//2802 3501//2802
f 33//2802 34//2802 3502//2802
f 34//2802 35//2802 3503//2802
f 35//2802 36//2802 3504//2802
f 36//2802 37//2802 3505//2802
f 37//2802 38//2802 3506//2802
f 38//2802 39//2802 3507//2802
f 39//2802 40//2802 3508//2802
f 40//2802 41//2802 3509//2802
f 41//2802 42//2802 3510//2802
f 42//2802 43//2802 3511//2802
f 43//2802 44//2802 3512//2802
f 44//2802 45//2802 3513//2802
f 45//2802 46//2802 3514//2802
f 46//2802 47//2802 3515//2802
f 47//2802 48//2802 3516//2802
f 48//2802 49//2802 3517//2802
f 49//2802 50//2802 3518//2802
f 50//2802 51//2802 3519//2802
f 51//2802 52//2802 3520//2802
f 52//2802 53//2802 3521//2802
f 53//2802 54//2802 3522//2802
f 54//2802 55//2802 3523//2802
f 55//2802 56//2802 3524//2802
f 56//2802 57//2802 3525//2802
f 57//2802 58//2802 3526//2802
f 58//2802 59//2802 3527//2802
f 59//2802 60//2802 3528//2802
f 60//2802 61//2802 3529//2802
f 61//2802 62//2802 3530//2802
f 62//2802 63//2802 3531//2802
f 63//2802 64//2802 3532//2802
f 64//2802 65//2802 3533//2802
f 65//2802 66//2802 3534//2802
f 66//2802 67//2802 3535//2802
f 67//2802 68//2802 3536//2802
f 68//2802 136//2802 3537//2802
f 136//2802 204//2802 3538//2802
f 204//2802 272//2802 3539//2802
f 272//2802 340//2802 3540//2802
f 340//2802 408//2802 3541//2802
f 408//2802 476//2802 3542//2802
f 476//2802 544//2802 3543//2802
f 544//2802 612//2802 3544//2802
f 612//2802 680//2802 3545//2802
f 680//2802 748//2802 3546//2802
f 748//2802 816//2802 3547//2802
f 816//2802 884//2802 3548//2802
f 884//2802 952//2802 3549//2802
f 952//2802 1020//2802 3550//2802
f 1020//2802 1088//2802 3551//2802
f 1088//2802 1156//2802 3552//2802
f 1156//2802 1224//2802 3553//2802
f 1224//2802 1292//2802 3554//2802
f 1292//2802 1360//2802 3555//2802
f 1360//2802 1428//2802 3556//2802
f 1428//2802 1496//2802 3557//2802
f 1496//2802 1564//2802 3558//2802
f 1564//2802 1632//2802 3559//2802
f 1632//2802 1700//2802 3560//2802
f 1700//2802 1768//2802 3561//2802
f 1768//2802 1836//2802 3562//2802
f 1836//2802 1904//2802 3563//2802
f 1904//2802 1972//2802 3564//2802
f 1972//2802 2040//2802 3565//2802
f 2040//2802 2108//2802 3566//2802
f 2108//2802 2176//2802 3567//2802
f 2176//2802 2244//2802 3568//2802
f 2244//2802 2312//2802 3569//2802
f 2312//2802 2380//2802 3570//2802
f 2380//2802 2448//2802 3571//2802
f 2448//2802 2516//2802 3572//2802
f 2516//2802 2584//2802 3573//2802
f 2584//2802 2652//2802 3574//2802
f 2652//2802 2720//2802 3575//2802
f 2720//2802 2788//2802 3576//2802
f 2788//2802 2856//2802 3577//2802
f 2856//2802 2924//2802 3578//2802
f 2924//2802 2992//2802 3579//2802
f 2992//2802 3060//2802 3580//2802
f 3060//2802 3128//2802 3581//2802
f 3128//2802 3196//2802 3582//2802
f 3196//2802 3264//2802 3583//2802
f 3264//2802 3332//2802 3584//2802
f 3332//2802 3400//2802 3585//2802
f 3400//2802 3468//2802 3586//2802
f 3468//2802 3467//2802 3587//2802
f 3467//2802 3466//2802 3588//2802
f 3466//2802 3465//2802 3589//2802
f 3465//2802 3464//2802 3590//2802
f 3464//2802 3463//2802 3591//2802
f 3463//2802 3462//2802 3592//2802
f 3462//2802 3461//2802 3593//2802
f 3461//2802 3460//2802 3594//2802
f 3460//2802 3459//2802 3595//2802
f 3459//2802 3458//2802 3596//2802
f 3458//2802 3457//2802 3597//2802
f 3457//2802 3456//2802 3598//2802
f 3456//2802 3455//2802 3599//2802
f 3455//2802 3454//2802 3600//2802
f 3454//2802 3453//2802 3601//2802
f 3453//2802 3452//2802 3602//2802
f 3452//2802 3451//2802 3603//2802
f 3451//2802 3450//2802 3604//2802
f 3450//2802 3449//2802 3605//2802
f 3449//2802 3448//2802 3606//2802
f 3448//2802 3447//2802 3607//2802
f 3447//2802 3446//2802 3608//2802
f 3446//2802 3445//2802 3609//2802
f 3445//2802 3444//2802 3610//2802
f 3444//2802 3443//2802 3611//2802
f 3443//2802 3442//2802 3612//2802
f 3442//2802 3441//2802 3613//2802
f 3441//2802 3440//2802 3614//2802
f 3440//2802 3439//2802 3615//2802
f 3439//2802 3438//2802 3616//2802
f 3438//2802 3437//2802 3617//2802
f 3437//2802 3436//2802 3618//2802
f 3436//2802 3435//2802 3619//2802
f 3435//2802 3434//2802 3620//2802
f 3434//2802 3433//2802 3621//2802
f 3433//2802 3432//2802 3622//2802
f 3432//2802 3431//2802 3623//2802
f 3431//2802 3430//2802 3624//2802
f 3430//2802 3429//2802 3625//2802
f 3429//2802 3428//2802 3626//2802
f 3428//2802 3427//2802 3627//2802
f 3427//2802 3426//2802 3628//2802
f 3426//2802 3425//2802 3629//2802
f 3425//2802 3424//2802 3630//2802
f 3424//2802 3423//2802 3631//2802
f 3423//2802 3422//2802 3632//2802
f 3422//2802 3421//2802 3633//2802
f 3421//2802 3420//2802 3634//2802
f 3420//2802 3419//2802 3635//2802
f 3419//2802 3418//2802 3636//2802
f 3418//2802 3417//2802 3637//2802
f 3417//2802 3416//2802 3638//2802
f 3416//2802 3415//2802 3639//2802
f 3415//2802 3414//2802 3640//2802
f 3414//2802 3413//2802 3641//2802
f 3413//2802 3412//2802 3642//2802
f 3412//2802 3411//2802 3643//2802
f 3411//2802 3410//2802 3644//2802
f 3410//2802 3409//2802 3645//2802
f 3409//2802 3408//2802 3646//2802
f 3408//2802 3407//2802 3647//2802
f 3407//2802 3406//2802 3648//2802
f 3406//2802 3405//2802 3649//2802
f 3405//2802 3404//2802 3650//2802
f 3404//2802 3403//2802 3651//2802
f 3403//2802 3402//2802 3652//2802
f 3402//2802 3401//2802 3653//2802
f 3401//2802 3333//2802 3654//2802
f 3333//2802 3265//2802 3655//2802
f 3265//2802 3197//2802 3656//2802
f 3197//2802 3129//2802 3657//2802
f 3129//2802 3061//2802 3658//2802
f 3061//2802 2993//2802 3659//2802
f 2993//2802 2925//2802 3660//2802
f 2925//2802 2857//2802 3661//2802
f 2857//2802 2789//2802 3662//2802
f 2789//2802 2721//2802 3663//2802
f 2721//2802 2653//2802 3664//2802
f 2653//2802 2585//2802 3665//2802
f 2585//2802 2517//2802 3666//2802
f 2517//2802 2449//2802 3667//2802
f 2449//2802 2381//2802 3668//2802
f 2381//2802 2313//2802 3669//2802
f 2313//2802 2245//2802 3670//2802
f 2245//2802 2177//2802 3671//2802
f 2177//2802 2109//2802 3672//2802
f 2109//2802 2041//2802 3673//2802
f 2041//2802 1973//2802 3674//2802
f 1973//2802 1905//2802 3675//2802
f 1905//2802 1837//2802 3676//2802
f 1837//2802 1769//2802 3677//2802
f 1769//2802 1701//2802 3678//2802
f 1701//2802 1633//2802 3679//2802
f 1633//2802 1565//2802 3680//2802
f 1565//2802 1497//2802 3681//2802
f 1497//2802 1429//2802 3682//2802
f 1429//2802 1361//2802 3683//2802
f 1361//2802 1293//2802 3684//2802
f 1293//2802 1225//2802 3685//2802
f 1225//2802 1157//2802 3686//2802
f 1157//2802 1089//2802 3687//2802
f 1089//2802 1021//2802 3688//2802
f 1021//2802 953//2802 3689//2802
f 953//2802 885//2802 3690//2802
f 885//2802 817//2802 3691//2802
f 817//2802 749//2802 3692//2802
f 749//2802 681//2802 3693//2802
f 681//2802 613//2802 3694//2802
f 613//2802 545//2802 3695//2802
f 545//2802 477//2802 3696//2802
f 477//2802 409//2802 3697//2802
f 409//2802 341//2802 3698//2802
f 341//2802 273//2802 3699//2802
f 273//2802 205//2802 3700//2802
f 205//2802 137//2802 3701//2802
f 137//2802 69//2802 3702//2802
f 69//2802 1//2802 3469//2802
