# Blender 5.2.0 LTS
# www.blender.org
o Honey_Corridor
v -8.000000 0.000000 9.000000
v -7.500000 0.000000 9.000000
v -7.000000 0.000000 9.000000
v -6.500000 0.000000 9.000000
v -6.000000 0.000000 9.000000
v -5.500000 0.000000 9.000000
v -5.000000 0.000000 9.000000
v -4.500000 0.000000 9.000000
v -4.000000 0.000000 9.000000
v -3.500000 0.000000 9.000000
v -3.000000 0.000000 9.000000
v -2.500000 0.000000 9.000000
v -2.000000 0.000000 9.000000
v -1.500000 0.000000 9.000000
v -1.000000 0.000000 9.000000
v -0.500000 0.000000 9.000000
v 0.000000 0.000000 9.000000
v 0.500000 0.000000 9.000000
v 1.000000 0.000000 9.000000
v 1.500000 0.000000 9.000000
v 2.000000 0.000000 9.000000
v 2.500000 0.000000 9.000000
v 3.000000 0.000000 9.000000
v 3.500000 0.000000 9.000000
v 4.000000 0.000000 9.000000
v 4.500000 0.000000 9.000000
v 5.000000 0.000000 9.000000
v 5.500000 0.000000 9.000000
v 6.000000 0.000000 9.000000
v 6.500000 0.000000 9.000000
v 7.000000 0.000000 9.000000
v 7.500000 0.000000 9.000000
v 8.000000 0.000000 9.000000
v -8.000000 0.000000 8.500000
v -7.500000 1.057804 8.500000
v -7.000000 1.061269 8.500000
v -6.500000 1.065921 8.500000
v -6.000000 1.071529 8.500000
v -5.500000 1.077766 8.500000
v -5.000000 1.084236 8.500000
v -4.500000 1.090511 8.500000
v -4.000000 1.096169 8.500000
v -3.500000 1.100835 8.500000
v -3.000000 1.104210 8.500000
v -2.500000 1.106104 8.500000
v -2.000000 1.106449 8.500000
v -1.500000 1.105308 8.500000
v -1.000000 1.102861 8.500000
v -0.500000 1.099397 8.500000
v 0.000000 1.095278 8.500000
v 0.500000 1.090906 8.500000
v 1.000000 1.086689 8.500000
v 1.500000 1.082996 8.500000
v 2.000000 1.080125 8.500000
v 2.500000 1.078277 8.500000
v 3.000000 1.077533 8.500000
v 3.500000 1.077851 8.500000
v 4.000000 1.079069 8.500000
v 4.500000 1.080925 8.500000
v 5.000000 1.083079 8.500000
v 5.500000 1.085147 8.500000
v 6.000000 1.086745 8.500000
v 6.500000 1.087521 8.500000
v 7.000000 1.087195 8.500000
v 7.500000 1.085583 8.500000
v 8.000000 0.000000 8.500000
v -8.000000 0.000000 8.000000
v -7.500000 1.238954 8.000000
v -7.000000 1.667814 8.000000
v -6.500000 1.676938 8.000000
v -6.000000 1.687900 8.000000
v -5.500000 1.700068 8.000000
v -5.000000 1.712676 8.000000
v -4.500000 1.724899 8.000000
v -4.000000 1.735924 8.000000
v -3.500000 1.745024 8.000000
v -3.000000 1.751626 8.000000
v -2.500000 1.755417 8.000000
v -2.000000 1.756376 8.000000
v -1.500000 1.754531 8.000000
v -1.000000 1.750130 8.000000
v -0.500000 1.743661 8.000000
v 0.000000 1.735796 8.000000
v 0.500000 1.727307 8.000000
v 1.000000 1.718981 8.000000
v 1.500000 1.711556 8.000000
v 2.000000 1.705672 8.000000
v 2.500000 1.701818 8.000000
v 3.000000 1.700242 8.000000
v 3.500000 1.700753 8.000000
v 4.000000 1.702987 8.000000
v 4.500000 1.706436 8.000000
v 5.000000 1.710447 8.000000
v 5.500000 1.714285 8.000000
v 6.000000 1.717209 8.000000
v 6.500000 1.718544 8.000000
v 7.000000 1.717750 8.000000
v 7.500000 1.280527 8.000000
v 8.000000 0.000000 8.000000
v -8.000000 0.000000 7.500000
v -7.500000 1.237906 7.500000
v -7.000000 1.640158 7.500000
v -6.500000 1.502469 7.500000
v -6.000000 1.516843 7.500000
v -5.500000 1.532567 7.500000
v -5.000000 1.548731 7.500000
v -4.500000 1.564355 7.500000
v -4.000000 1.578475 7.500000
v -3.500000 1.590439 7.500000
v -3.000000 1.599717 7.500000
v -2.500000 1.605606 7.500000
v -2.000000 1.607686 7.500000
v -1.500000 1.605984 7.500000
v -1.000000 1.600957 7.500000
v -0.500000 1.593366 7.500000
v 0.000000 1.584136 7.500000
v 0.500000 1.574217 7.500000
v 1.000000 1.564483 7.500000
v 1.500000 1.555664 7.500000
v 2.000000 1.548316 7.500000
v 2.500000 1.542847 7.500000
v 3.000000 1.539551 7.500000
v 3.500000 1.538602 7.500000
v 4.000000 1.539909 7.500000
v 4.500000 1.542737 7.500000
v 5.000000 1.546121 7.500000
v 5.500000 1.549214 7.500000
v 6.000000 1.551161 7.500000
v 6.500000 1.551186 7.500000
v 7.000000 1.698629 7.500000
v 7.500000 1.286584 7.500000
v 8.000000 0.000000 7.500000
v -8.000000 0.000000 7.000000
v -7.500000 1.238195 7.000000
v -7.000000 1.642436 7.000000
v -6.500000 1.440436 7.000000
v -6.000000 1.394471 7.000000
v -5.500000 1.413192 7.000000
v -5.000000 1.432311 7.000000
v -4.500000 1.450876 7.000000
v -4.000000 1.468274 7.000000
v -3.500000 1.483180 7.000000
v -3.000000 1.494216 7.000000
v -2.500000 1.500543 7.000000
v -2.000000 1.502041 7.000000
v -1.500000 1.499187 7.000000
v -1.000000 1.492827 7.000000
v -0.500000 1.483983 7.000000
v 0.000000 1.473736 7.000000
v 0.500000 1.463136 7.000000
v 1.000000 1.453121 7.000000
v 1.500000 1.444407 7.000000
v 2.000000 1.437409 7.000000
v 2.500000 1.432221 7.000000
v 3.000000 1.428717 7.000000
v 3.500000 1.426749 7.000000
v 4.000000 1.426289 7.000000
v 4.500000 1.427341 7.000000
v 5.000000 1.429469 7.000000
v 5.500000 1.431315 7.000000
v 6.000000 1.431830 7.000000
v 6.500000 1.493470 7.000000
v 7.000000 1.706089 7.000000
v 7.500000 1.291188 7.000000
v 8.000000 0.000000 7.000000
v -8.000000 0.000000 6.500000
v -7.500000 1.239927 6.500000
v -7.000000 1.646387 6.500000
v -6.500000 1.446816 6.500000
v -6.000000 1.385616 6.500000
v -5.500000 1.401721 6.500000
v -5.000000 1.423518 6.500000
v -4.500000 1.445178 6.500000
v -4.000000 1.464636 6.500000
v -3.500000 1.479907 6.500000
v -3.000000 1.489915 6.500000
v -2.500000 1.494612 6.500000
v -2.000000 1.494605 6.500000
v -1.500000 1.490732 6.500000
v -1.000000 1.483826 6.500000
v -0.500000 1.474695 6.500000
v 0.000000 1.464208 6.500000
v 0.500000 1.453346 6.500000
v 1.000000 1.443163 6.500000
v 1.500000 1.434632 6.500000
v 2.000000 1.428416 6.500000
v 2.500000 1.424643 6.500000
v 3.000000 1.422838 6.500000
v 3.500000 1.422116 6.500000
v 4.000000 1.421640 6.500000
v 4.500000 1.421076 6.500000
v 5.000000 1.420608 6.500000
v 5.500000 1.420280 6.500000
v 6.000000 1.423876 6.500000
v 6.500000 1.501128 6.500000
v 7.000000 1.711573 6.500000
v 7.500000 1.294196 6.500000
v 8.000000 0.000000 6.500000
v -8.000000 0.000000 6.000000
v -7.500000 1.243119 6.000000
v -7.000000 1.652017 6.000000
v -6.500000 1.454472 6.000000
v -6.000000 1.395147 6.000000
v -5.500000 1.412428 6.000000
v -5.000000 1.436583 6.000000
v -4.500000 1.459026 6.000000
v -4.000000 1.477214 6.000000
v -3.500000 1.490123 6.000000
v -3.000000 1.498149 6.000000
v -2.500000 1.502300 6.000000
v -2.000000 1.503396 6.000000
v -1.500000 1.501761 6.000000
v -1.000000 1.497387 6.000000
v -0.500000 1.490286 6.000000
v 0.000000 1.480786 6.000000
v 0.500000 1.469659 6.000000
v 1.000000 1.458099 6.000000
v 1.500000 1.447557 6.000000
v 2.000000 1.439443 6.000000
v 2.500000 1.434696 6.000000
v 3.000000 1.433339 6.000000
v 3.500000 1.434284 6.000000
v 4.000000 1.435671 6.000000
v 4.500000 1.435739 6.000000
v 5.000000 1.433771 6.000000
v 5.500000 1.430360 6.000000
v 6.000000 1.432114 6.000000
v 6.500000 1.506949 6.000000
v 7.000000 1.715001 6.000000
v 7.500000 1.295554 6.000000
v 8.000000 0.000000 6.000000
v -8.000000 0.000000 5.500000
v -7.500000 1.247703 5.500000
v -7.000000 1.659230 5.500000
v -6.500000 1.463301 5.500000
v -6.000000 1.405873 5.500000
v -5.500000 1.425015 5.500000
v -5.000000 1.448882 5.500000
v -4.500000 1.468726 5.500000
v -4.000000 1.483670 5.500000
v -3.500000 1.494968 5.500000
v -3.000000 1.504442 5.500000
v -2.500000 1.513054 5.500000
v -2.000000 1.520451 5.500000
v -1.500000 1.525433 5.500000
v -1.000000 1.526749 5.500000
v -0.500000 1.523677 5.500000
v 0.000000 1.516202 5.500000
v 0.500000 1.504953 5.500000
v 1.000000 1.491087 5.500000
v 1.500000 1.476232 5.500000
v 2.000000 1.462402 5.500000
v 2.500000 1.451690 5.500000
v 3.000000 1.445613 5.500000
v 3.500000 1.444284 5.500000
v 4.000000 1.445962 5.500000
v 4.500000 1.447588 5.500000
v 5.000000 1.446329 5.500000
v 5.500000 1.441292 5.500000
v 6.000000 1.439427 5.500000
v 6.500000 1.510934 5.500000
v 7.000000 1.716400 5.500000
v 7.500000 1.295298 5.500000
v 8.000000 0.000000 5.500000
v -8.000000 0.000000 5.000000
v -7.500000 1.253522 5.000000
v -7.000000 1.667826 5.000000
v -6.500000 1.473507 5.000000
v -6.000000 1.417734 5.000000
v -5.500000 1.436175 5.000000
v -5.000000 1.456662 5.000000
v -4.500000 1.472661 5.000000
v -4.000000 1.486409 5.000000
v -3.500000 1.501022 5.000000
v -3.000000 1.517928 5.000000
v -2.500000 1.536021 5.000000
v -2.000000 1.552590 5.000000
v -1.500000 1.564919 5.000000
v -1.000000 1.571390 5.000000
v -0.500000 1.571672 5.000000
v 0.000000 1.566263 5.000000
v 0.500000 1.555925 5.000000
v 1.000000 1.541398 5.000000
v 1.500000 1.523541 5.000000
v 2.000000 1.503771 5.000000
v 2.500000 1.484415 5.000000
v 3.000000 1.468454 5.000000
v 3.500000 1.458396 5.000000
v 4.000000 1.454696 5.000000
v 4.500000 1.454884 5.000000
v 5.000000 1.454516 5.000000
v 5.500000 1.449864 5.000000
v 6.000000 1.445952 5.000000
v 6.500000 1.513565 5.000000
v 7.000000 1.715906 5.000000
v 7.500000 1.293549 5.000000
v 8.000000 0.000000 5.000000
v -8.000000 0.000000 4.500000
v -7.500000 1.260345 4.500000
v -7.000000 1.677645 4.500000
v -6.500000 1.485113 4.500000
v -6.000000 1.428976 4.500000
v -5.500000 1.443946 4.500000
v -5.000000 1.460102 4.500000
v -4.500000 1.474751 4.500000
v -4.000000 1.492623 4.500000
v -3.500000 1.516210 4.500000
v -3.000000 1.543791 4.500000
v -2.500000 1.570727 4.500000
v -2.000000 1.592340 4.500000
v -1.500000 1.606116 4.500000
v -1.000000 1.612113 4.500000
v -0.500000 1.611980 4.500000
v 0.000000 1.607603 4.500000
v 0.500000 1.600113 4.500000
v 1.000000 1.589511 4.500000
v 1.500000 1.574934 4.500000
v 2.000000 1.555550 4.500000
v 2.500000 1.531836 4.500000
v 3.000000 1.506508 4.500000
v 3.500000 1.484088 4.500000
v 4.000000 1.468724 4.500000
v 4.500000 1.461354 4.500000
v 5.000000 1.458485 4.500000
v 5.500000 1.454262 4.500000
v 6.000000 1.450242 4.500000
v 6.500000 1.515301 4.500000
v 7.000000 1.713877 4.500000
v 7.500000 1.290509 4.500000
v 8.000000 0.000000 4.500000
v -8.000000 0.000000 4.000000
v -7.500000 1.267874 4.000000
v -7.000000 1.688768 4.000000
v -6.500000 1.496839 4.000000
v -6.000000 1.437981 4.000000
v -5.500000 1.448410 4.000000
v -5.000000 1.462373 4.000000
v -4.500000 1.480590 4.000000
v -4.000000 1.507488 4.000000
v -3.500000 1.541531 4.000000
v -3.000000 1.575988 4.000000
v -2.500000 1.603358 4.000000
v -2.000000 1.619547 4.000000
v -1.500000 1.625087 4.000000
v -1.000000 1.623546 4.000000
v -0.500000 1.619076 4.000000
v 0.000000 1.614722 4.000000
v 0.500000 1.611770 4.000000
v 1.000000 1.609630 4.000000
v 1.500000 1.605888 4.000000
v 2.000000 1.596895 4.000000
v 2.500000 1.579412 4.000000
v 3.000000 1.553032 4.000000
v 3.500000 1.521753 4.000000
v 4.000000 1.492773 4.000000
v 4.500000 1.472342 4.000000
v 5.000000 1.461377 4.000000
v 5.500000 1.454762 4.000000
v 6.000000 1.451075 4.000000
v 6.500000 1.515426 4.000000
v 7.000000 1.711077 4.000000
v 7.500000 1.286446 4.000000
v 8.000000 0.000000 4.000000
v -8.000000 0.000000 3.500000
v -7.500000 1.275928 3.500000
v -7.000000 1.700399 3.500000
v -6.500000 1.507315 3.500000
v -6.000000 1.444416 3.500000
v -5.500000 1.451555 3.500000
v -5.000000 1.467333 3.500000
v -4.500000 1.493382 3.500000
v -4.000000 1.530106 3.500000
v -3.500000 1.569580 3.500000
v -3.000000 1.600742 3.500000
v -2.500000 1.616551 3.500000
v -2.000000 1.617364 3.500000
v -1.500000 1.608995 3.500000
v -1.000000 1.598297 3.500000
v -0.500000 1.590007 3.500000
v 0.000000 1.586273 3.500000
v 0.500000 1.587680 3.500000
v 1.000000 1.593864 3.500000
v 1.500000 1.602879 3.500000
v 2.000000 1.610148 3.500000
v 2.500000 1.608923 3.500000
v 3.000000 1.593430 3.500000
v 3.500000 1.563280 3.500000
v 4.000000 1.525419 3.500000
v 4.500000 1.490754 3.500000
v 5.000000 1.467015 3.500000
v 5.500000 1.453578 3.500000
v 6.000000 1.448586 3.500000
v 6.500000 1.513235 3.500000
v 7.000000 1.707505 3.500000
v 7.500000 1.281844 3.500000
v 8.000000 0.000000 3.500000
v -8.000000 0.000000 3.000000
v -7.500000 1.284250 3.000000
v -7.000000 1.711451 3.000000
v -6.500000 1.515853 3.000000
v -6.000000 1.449149 3.000000
v -5.500000 1.455748 3.000000
v -5.000000 1.477005 3.000000
v -4.500000 1.512016 3.000000
v -4.000000 1.554334 3.000000
v -3.500000 1.589820 3.000000
v -3.000000 1.606637 3.000000
v -2.500000 1.603101 3.000000
v -2.000000 1.587271 3.000000
v -1.500000 1.570047 3.000000
v -1.000000 1.558357 3.000000
v -0.500000 1.553321 3.000000
v 0.000000 1.552994 3.000000
v 0.500000 1.556106 3.000000
v 1.000000 1.563662 3.000000
v 1.500000 1.577366 3.000000
v 2.000000 1.595906 3.000000
v 2.500000 1.612228 3.000000
v 3.000000 1.615388 3.000000
v 3.500000 1.597359 3.000000
v 4.000000 1.559943 3.000000
v 4.500000 1.515160 3.000000
v 5.000000 1.477385 3.000000
v 5.500000 1.453327 3.000000
v 6.000000 1.444158 3.000000
v 6.500000 1.508768 3.000000
v 7.000000 1.702947 3.000000
v 7.500000 1.277171 3.000000
v 8.000000 0.000000 3.000000
v -8.000000 0.000000 2.500000
v -7.500000 1.292254 2.500000
v -7.000000 1.721109 2.500000
v -6.500000 1.522515 2.500000
v -6.000000 1.453398 2.500000
v -5.500000 1.462261 2.500000
v -5.000000 1.490680 2.500000
v -4.500000 1.532317 2.500000
v -4.000000 1.573173 2.500000
v -3.500000 1.595711 2.500000
v -3.000000 1.592449 2.500000
v -2.500000 1.571389 2.500000
v -2.000000 1.549024 2.500000
v -1.500000 1.538004 2.500000
v -1.000000 1.540088 2.500000
v -0.500000 1.548470 2.500000
v 0.000000 1.555041 2.500000
v 0.500000 1.556207 2.500000
v 1.000000 1.554826 2.500000
v 1.500000 1.558337 2.500000
v 2.000000 1.573014 2.500000
v 2.500000 1.596749 2.500000
v 3.000000 1.616760 2.500000
v 3.500000 1.616657 2.500000
v 4.000000 1.588756 2.500000
v 4.500000 1.541052 2.500000
v 5.000000 1.491735 2.500000
v 5.500000 1.455534 2.500000
v 6.000000 1.439531 2.500000
v 6.500000 1.502830 2.500000
v 7.000000 1.697482 2.500000
v 7.500000 1.272585 2.500000
v 8.000000 0.000000 2.500000
v -8.000000 0.000000 2.000000
v -7.500000 1.299368 2.000000
v -7.000000 1.728985 2.000000
v -6.500000 1.527721 2.000000
v -6.000000 1.457899 2.000000
v -5.500000 1.470776 2.000000
v -5.000000 1.505809 2.000000
v -4.500000 1.549888 2.000000
v -4.000000 1.582908 2.000000
v -3.500000 1.588058 2.000000
v -3.000000 1.566716 2.000000
v -2.500000 1.538375 2.000000
v -2.000000 1.525446 2.000000
v -1.500000 1.536826 2.000000
v -1.000000 1.564149 2.000000
v -0.500000 1.591336 2.000000
v 0.000000 1.605983 2.000000
v 0.500000 1.603583 2.000000
v 1.000000 1.587475 2.000000
v 1.500000 1.569009 2.000000
v 2.000000 1.563416 2.000000
v 2.500000 1.578512 2.000000
v 3.000000 1.605195 2.000000
v 3.500000 1.621210 2.000000
v 4.000000 1.607573 2.000000
v 4.500000 1.563714 2.000000
v 5.000000 1.507478 2.000000
v 5.500000 1.460130 2.000000
v 6.000000 1.435951 2.000000
v 6.500000 1.496565 2.000000
v 7.000000 1.691590 2.000000
v 7.500000 1.268237 2.000000
v 8.000000 0.000000 2.000000
v -8.000000 0.000000 1.500000
v -7.500000 1.305178 1.500000
v -7.000000 1.735012 1.500000
v -6.500000 1.531829 1.500000
v -6.000000 1.462602 1.500000
v -5.500000 1.479858 1.500000
v -5.000000 1.519595 1.500000
v -4.500000 1.562298 1.500000
v -4.000000 1.584308 1.500000
v -3.500000 1.573045 1.500000
v -3.000000 1.540807 1.500000
v -2.500000 1.517240 1.500000
v -2.000000 1.525982 1.500000
v -1.500000 1.566590 1.500000
v -1.000000 1.617931 1.500000
v -0.500000 1.657787 1.500000
v 0.000000 1.676822 1.500000
v 0.500000 1.673841 1.500000
v 1.000000 1.648509 1.500000
v 1.500000 1.608776 1.500000
v 2.000000 1.575755 1.500000
v 2.500000 1.569855 1.500000
v 3.000000 1.591248 1.500000
v 3.500000 1.616503 1.500000
v 4.000000 1.616640 1.500000
v 4.500000 1.580423 1.500000
v 5.000000 1.521783 1.500000
v 5.500000 1.465902 1.500000
v 6.000000 1.433832 1.500000
v 6.500000 1.490987 1.500000
v 7.000000 1.685993 1.500000
v 7.500000 1.264368 1.500000
v 8.000000 0.000000 1.500000
v -8.000000 0.000000 1.000000
v -7.500000 1.309437 1.000000
v -7.000000 1.739255 1.000000
v -6.500000 1.534934 1.000000
v -6.000000 1.466864 1.000000
v -5.500000 1.487766 1.000000
v -5.000000 1.530111 1.000000
v -4.500000 1.569491 1.000000
v -4.000000 1.581027 1.000000
v -3.500000 1.557800 1.000000
v -3.000000 1.522090 1.000000
v -2.500000 1.510308 1.000000
v -2.000000 1.542912 1.000000
v -1.500000 1.606845 1.000000
v -1.000000 1.668108 1.000000
v -0.500000 1.704038 1.000000
v 0.000000 1.719241 1.000000
v 0.500000 1.722979 1.000000
v 1.000000 1.704184 1.000000
v 1.500000 1.656617 1.000000
v 2.000000 1.601636 1.000000
v 2.500000 1.572384 1.000000
v 3.000000 1.581601 1.000000
v 3.500000 1.609073 1.000000
v 4.000000 1.619173 1.000000
v 4.500000 1.590874 1.000000
v 5.000000 1.532693 1.000000
v 5.500000 1.471300 1.000000
v 6.000000 1.432920 1.000000
v 6.500000 1.486748 1.000000
v 7.000000 1.681421 1.000000
v 7.500000 1.261289 1.000000
v 8.000000 0.000000 1.000000
v -8.000000 0.000000 0.500000
v -7.500000 1.312024 0.500000
v -7.000000 1.741779 0.500000
v -6.500000 1.536917 0.500000
v -6.000000 1.469855 0.500000
v -5.500000 1.493078 0.500000
v -5.000000 1.536515 0.500000
v -4.500000 1.572821 0.500000
v -4.000000 1.577155 0.500000
v -3.500000 1.547228 0.500000
v -3.000000 1.512064 0.500000
v -2.500000 1.511335 0.500000
v -2.000000 1.560864 0.500000
v -1.500000 1.636169 0.500000
v -1.000000 1.692851 0.500000
v -0.500000 1.707919 0.500000
v 0.000000 1.706424 0.500000
v 0.500000 1.728662 0.500000
v 1.000000 1.732358 0.500000
v 1.500000 1.690674 0.500000
v 2.000000 1.625172 0.500000
v 2.500000 1.579314 0.500000
v 3.000000 1.577233 0.500000
v 3.500000 1.603376 0.500000
v 4.000000 1.618928 0.500000
v 4.500000 1.596238 0.500000
v 5.000000 1.539342 0.500000
v 5.500000 1.475047 0.500000
v 6.000000 1.432683 0.500000
v 6.500000 1.484150 0.500000
v 7.000000 1.678446 0.500000
v 7.500000 1.259298 0.500000
v 8.000000 0.000000 0.500000
v -8.000000 0.000000 0.000000
v -7.500000 1.312891 0.000000
v -7.000000 1.742618 0.000000
v -6.500000 1.537604 0.000000
v -6.000000 1.470931 0.000000
v -5.500000 1.494941 0.000000
v -5.000000 1.538643 0.000000
v -4.500000 1.573735 0.000000
v -4.000000 1.575537 0.000000
v -3.500000 1.543528 0.000000
v -3.000000 1.509081 0.000000
v -2.500000 1.512733 0.000000
v -2.000000 1.568136 0.000000
v -1.500000 1.646069 0.000000
v -1.000000 1.697698 0.000000
v -0.500000 1.695444 0.000000
v 0.000000 1.650000 0.000000
v 0.500000 1.716798 0.000000
v 1.000000 1.738371 0.000000
v 1.500000 1.702183 0.000000
v 2.000000 1.634341 0.000000
v 2.500000 1.582717 0.000000
v 3.000000 1.576174 0.000000
v 3.500000 1.601333 0.000000
v 4.000000 1.618544 0.000000
v 4.500000 1.597843 0.000000
v 5.000000 1.541554 0.000000
v 5.500000 1.476377 0.000000
v 6.000000 1.432663 0.000000
v 6.500000 1.483279 0.000000
v 7.000000 1.677416 0.000000
v 7.500000 1.258610 0.000000
v 8.000000 0.000000 0.000000
v -8.000000 0.000000 -0.500000
v -7.500000 1.312024 -0.500000
v -7.000000 1.741779 -0.500000
v -6.500000 1.536917 -0.500000
v -6.000000 1.469855 -0.500000
v -5.500000 1.493078 -0.500000
v -5.000000 1.536515 -0.500000
v -4.500000 1.572821 -0.500000
v -4.000000 1.577155 -0.500000
v -3.500000 1.547228 -0.500000
v -3.000000 1.512064 -0.500000
v -2.500000 1.511335 -0.500000
v -2.000000 1.560864 -0.500000
v -1.500000 1.636169 -0.500000
v -1.000000 1.692851 -0.500000
v -0.500000 1.707919 -0.500000
v 0.000000 1.706424 -0.500000
v 0.500000 1.728662 -0.500000
v 1.000000 1.732358 -0.500000
v 1.500000 1.690674 -0.500000
v 2.000000 1.625172 -0.500000
v 2.500000 1.579314 -0.500000
v 3.000000 1.577233 -0.500000
v 3.500000 1.603376 -0.500000
v 4.000000 1.618928 -0.500000
v 4.500000 1.596238 -0.500000
v 5.000000 1.539342 -0.500000
v 5.500000 1.475047 -0.500000
v 6.000000 1.432683 -0.500000
v 6.500000 1.484150 -0.500000
v 7.000000 1.678446 -0.500000
v 7.500000 1.259298 -0.500000
v 8.000000 0.000000 -0.500000
v -8.000000 0.000000 -1.000000
v -7.500000 1.309437 -1.000000
v -7.000000 1.739255 -1.000000
v -6.500000 1.534934 -1.000000
v -6.000000 1.466864 -1.000000
v -5.500000 1.487766 -1.000000
v -5.000000 1.530111 -1.000000
v -4.500000 1.569491 -1.000000
v -4.000000 1.581027 -1.000000
v -3.500000 1.557800 -1.000000
v -3.000000 1.522090 -1.000000
v -2.500000 1.510308 -1.000000
v -2.000000 1.542912 -1.000000
v -1.500000 1.606845 -1.000000
v -1.000000 1.668108 -1.000000
v -0.500000 1.704038 -1.000000
v 0.000000 1.719241 -1.000000
v 0.500000 1.722979 -1.000000
v 1.000000 1.704184 -1.000000
v 1.500000 1.656617 -1.000000
v 2.000000 1.601636 -1.000000
v 2.500000 1.572384 -1.000000
v 3.000000 1.581601 -1.000000
v 3.500000 1.609073 -1.000000
v 4.000000 1.619173 -1.000000
v 4.500000 1.590874 -1.000000
v 5.000000 1.532693 -1.000000
v 5.500000 1.471300 -1.000000
v 6.000000 1.432920 -1.000000
v 6.500000 1.486748 -1.000000
v 7.000000 1.681421 -1.000000
v 7.500000 1.261289 -1.000000
v 8.000000 0.000000 -1.000000
v -8.000000 0.000000 -1.500000
v -7.500000 1.305178 -1.500000
v -7.000000 1.735012 -1.500000
v -6.500000 1.531829 -1.500000
v -6.000000 1.462602 -1.500000
v -5.500000 1.479858 -1.500000
v -5.000000 1.519595 -1.500000
v -4.500000 1.562298 -1.500000
v -4.000000 1.584308 -1.500000
v -3.500000 1.573045 -1.500000
v -3.000000 1.540807 -1.500000
v -2.500000 1.517240 -1.500000
v -2.000000 1.525982 -1.500000
v -1.500000 1.566590 -1.500000
v -1.000000 1.617931 -1.500000
v -0.500000 1.657787 -1.500000
v 0.000000 1.676822 -1.500000
v 0.500000 1.673841 -1.500000
v 1.000000 1.648509 -1.500000
v 1.500000 1.608776 -1.500000
v 2.000000 1.575755 -1.500000
v 2.500000 1.569855 -1.500000
v 3.000000 1.591248 -1.500000
v 3.500000 1.616503 -1.500000
v 4.000000 1.616640 -1.500000
v 4.500000 1.580423 -1.500000
v 5.000000 1.521783 -1.500000
v 5.500000 1.465902 -1.500000
v 6.000000 1.433832 -1.500000
v 6.500000 1.490987 -1.500000
v 7.000000 1.685993 -1.500000
v 7.500000 1.264368 -1.500000
v 8.000000 0.000000 -1.500000
v -8.000000 0.000000 -2.000000
v -7.500000 1.299368 -2.000000
v -7.000000 1.728985 -2.000000
v -6.500000 1.527721 -2.000000
v -6.000000 1.457899 -2.000000
v -5.500000 1.470776 -2.000000
v -5.000000 1.505809 -2.000000
v -4.500000 1.549888 -2.000000
v -4.000000 1.582908 -2.000000
v -3.500000 1.588058 -2.000000
v -3.000000 1.566716 -2.000000
v -2.500000 1.538375 -2.000000
v -2.000000 1.525446 -2.000000
v -1.500000 1.536826 -2.000000
v -1.000000 1.564149 -2.000000
v -0.500000 1.591336 -2.000000
v 0.000000 1.605983 -2.000000
v 0.500000 1.603583 -2.000000
v 1.000000 1.587475 -2.000000
v 1.500000 1.569009 -2.000000
v 2.000000 1.563416 -2.000000
v 2.500000 1.578512 -2.000000
v 3.000000 1.605195 -2.000000
v 3.500000 1.621210 -2.000000
v 4.000000 1.607573 -2.000000
v 4.500000 1.563714 -2.000000
v 5.000000 1.507478 -2.000000
v 5.500000 1.460130 -2.000000
v 6.000000 1.435951 -2.000000
v 6.500000 1.496565 -2.000000
v 7.000000 1.691590 -2.000000
v 7.500000 1.268237 -2.000000
v 8.000000 0.000000 -2.000000
v -8.000000 0.000000 -2.500000
v -7.500000 1.292254 -2.500000
v -7.000000 1.721109 -2.500000
v -6.500000 1.522515 -2.500000
v -6.000000 1.453398 -2.500000
v -5.500000 1.462261 -2.500000
v -5.000000 1.490680 -2.500000
v -4.500000 1.532317 -2.500000
v -4.000000 1.573173 -2.500000
v -3.500000 1.595711 -2.500000
v -3.000000 1.592449 -2.500000
v -2.500000 1.571389 -2.500000
v -2.000000 1.549024 -2.500000
v -1.500000 1.538004 -2.500000
v -1.000000 1.540088 -2.500000
v -0.500000 1.548470 -2.500000
v 0.000000 1.555041 -2.500000
v 0.500000 1.556207 -2.500000
v 1.000000 1.554826 -2.500000
v 1.500000 1.558337 -2.500000
v 2.000000 1.573014 -2.500000
v 2.500000 1.596749 -2.500000
v 3.000000 1.616760 -2.500000
v 3.500000 1.616657 -2.500000
v 4.000000 1.588756 -2.500000
v 4.500000 1.541052 -2.500000
v 5.000000 1.491735 -2.500000
v 5.500000 1.455534 -2.500000
v 6.000000 1.439531 -2.500000
v 6.500000 1.502830 -2.500000
v 7.000000 1.697482 -2.500000
v 7.500000 1.272585 -2.500000
v 8.000000 0.000000 -2.500000
v -8.000000 0.000000 -3.000000
v -7.500000 1.284250 -3.000000
v -7.000000 1.711451 -3.000000
v -6.500000 1.515853 -3.000000
v -6.000000 1.449149 -3.000000
v -5.500000 1.455748 -3.000000
v -5.000000 1.477005 -3.000000
v -4.500000 1.512016 -3.000000
v -4.000000 1.554334 -3.000000
v -3.500000 1.589820 -3.000000
v -3.000000 1.606637 -3.000000
v -2.500000 1.603101 -3.000000
v -2.000000 1.587271 -3.000000
v -1.500000 1.570047 -3.000000
v -1.000000 1.558357 -3.000000
v -0.500000 1.553321 -3.000000
v 0.000000 1.552994 -3.000000
v 0.500000 1.556106 -3.000000
v 1.000000 1.563662 -3.000000
v 1.500000 1.577366 -3.000000
v 2.000000 1.595906 -3.000000
v 2.500000 1.612228 -3.000000
v 3.000000 1.615388 -3.000000
v 3.500000 1.597359 -3.000000
v 4.000000 1.559943 -3.000000
v 4.500000 1.515160 -3.000000
v 5.000000 1.477385 -3.000000
v 5.500000 1.453327 -3.000000
v 6.000000 1.444158 -3.000000
v 6.500000 1.508768 -3.000000
v 7.000000 1.702947 -3.000000
v 7.500000 1.277171 -3.000000
v 8.000000 0.000000 -3.000000
v -8.000000 0.000000 -3.500000
v -7.500000 1.275928 -3.500000
v -7.000000 1.700399 -3.500000
v -6.500000 1.507315 -3.500000
v -6.000000 1.444416 -3.500000
v -5.500000 1.451555 -3.500000
v -5.000000 1.467333 -3.500000
v -4.500000 1.493382 -3.500000
v -4.000000 1.530106 -3.500000
v -3.500000 1.569580 -3.500000
v -3.000000 1.600742 -3.500000
v -2.500000 1.616551 -3.500000
v -2.000000 1.617364 -3.500000
v -1.500000 1.608995 -3.500000
v -1.000000 1.598297 -3.500000
v -0.500000 1.590007 -3.500000
v 0.000000 1.586273 -3.500000
v 0.500000 1.587680 -3.500000
v 1.000000 1.593864 -3.500000
v 1.500000 1.602879 -3.500000
v 2.000000 1.610148 -3.500000
v 2.500000 1.608923 -3.500000
v 3.000000 1.593430 -3.500000
v 3.500000 1.563280 -3.500000
v 4.000000 1.525419 -3.500000
v 4.500000 1.490754 -3.500000
v 5.000000 1.467015 -3.500000
v 5.500000 1.453578 -3.500000
v 6.000000 1.448586 -3.500000
v 6.500000 1.513235 -3.500000
v 7.000000 1.707505 -3.500000
v 7.500000 1.281844 -3.500000
v 8.000000 0.000000 -3.500000
v -8.000000 0.000000 -4.000000
v -7.500000 1.267874 -4.000000
v -7.000000 1.688768 -4.000000
v -6.500000 1.496839 -4.000000
v -6.000000 1.437981 -4.000000
v -5.500000 1.448410 -4.000000
v -5.000000 1.462373 -4.000000
v -4.500000 1.480590 -4.000000
v -4.000000 1.507488 -4.000000
v -3.500000 1.541531 -4.000000
v -3.000000 1.575988 -4.000000
v -2.500000 1.603358 -4.000000
v -2.000000 1.619547 -4.000000
v -1.500000 1.625087 -4.000000
v -1.000000 1.623546 -4.000000
v -0.500000 1.619076 -4.000000
v 0.000000 1.614722 -4.000000
v 0.500000 1.611770 -4.000000
v 1.000000 1.609630 -4.000000
v 1.500000 1.605888 -4.000000
v 2.000000 1.596895 -4.000000
v 2.500000 1.579412 -4.000000
v 3.000000 1.553032 -4.000000
v 3.500000 1.521753 -4.000000
v 4.000000 1.492773 -4.000000
v 4.500000 1.472342 -4.000000
v 5.000000 1.461377 -4.000000
v 5.500000 1.454762 -4.000000
v 6.000000 1.451075 -4.000000
v 6.500000 1.515426 -4.000000
v 7.000000 1.711077 -4.000000
v 7.500000 1.286446 -4.000000
v 8.000000 0.000000 -4.000000
v -8.000000 0.000000 -4.500000
v -7.500000 1.260345 -4.500000
v -7.000000 1.677645 -4.500000
v -6.500000 1.485113 -4.500000
v -6.000000 1.428976 -4.500000
v -5.500000 1.443946 -4.500000
v -5.000000 1.460102 -4.500000
v -4.500000 1.474751 -4.500000
v -4.000000 1.492623 -4.500000
v -3.500000 1.516210 -4.500000
v -3.000000 1.543791 -4.500000
v -2.500000 1.570727 -4.500000
v -2.000000 1.592340 -4.500000
v -1.500000 1.606116 -4.500000
v -1.000000 1.612113 -4.500000
v -0.500000 1.611980 -4.500000
v 0.000000 1.607603 -4.500000
v 0.500000 1.600113 -4.500000
v 1.000000 1.589511 -4.500000
v 1.500000 1.574934 -4.500000
v 2.000000 1.555550 -4.500000
v 2.500000 1.531836 -4.500000
v 3.000000 1.506508 -4.500000
v 3.500000 1.484088 -4.500000
v 4.000000 1.468724 -4.500000
v 4.500000 1.461354 -4.500000
v 5.000000 1.458485 -4.500000
v 5.500000 1.454262 -4.500000
v 6.000000 1.450242 -4.500000
v 6.500000 1.515301 -4.500000
v 7.000000 1.713877 -4.500000
v 7.500000 1.290509 -4.500000
v 8.000000 0.000000 -4.500000
v -8.000000 0.000000 -5.000000
v -7.500000 1.253522 -5.000000
v -7.000000 1.667826 -5.000000
v -6.500000 1.473507 -5.000000
v -6.000000 1.417734 -5.000000
v -5.500000 1.436175 -5.000000
v -5.000000 1.456662 -5.000000
v -4.500000 1.472661 -5.000000
v -4.000000 1.486409 -5.000000
v -3.500000 1.501022 -5.000000
v -3.000000 1.517928 -5.000000
v -2.500000 1.536021 -5.000000
v -2.000000 1.552590 -5.000000
v -1.500000 1.564919 -5.000000
v -1.000000 1.571390 -5.000000
v -0.500000 1.571672 -5.000000
v 0.000000 1.566263 -5.000000
v 0.500000 1.555925 -5.000000
v 1.000000 1.541398 -5.000000
v 1.500000 1.523541 -5.000000
v 2.000000 1.503771 -5.000000
v 2.500000 1.484415 -5.000000
v 3.000000 1.468454 -5.000000
v 3.500000 1.458396 -5.000000
v 4.000000 1.454696 -5.000000
v 4.500000 1.454884 -5.000000
v 5.000000 1.454516 -5.000000
v 5.500000 1.449864 -5.000000
v 6.000000 1.445952 -5.000000
v 6.500000 1.513565 -5.000000
v 7.000000 1.715906 -5.000000
v 7.500000 1.293549 -5.000000
v 8.000000 0.000000 -5.000000
v -8.000000 0.000000 -5.500000
v -7.500000 1.247703 -5.500000
v -7.000000 1.659230 -5.500000
v -6.500000 1.463301 -5.500000
v -6.000000 1.405873 -5.500000
v -5.500000 1.425015 -5.500000
v -5.000000 1.448882 -5.500000
v -4.500000 1.468726 -5.500000
v -4.000000 1.483670 -5.500000
v -3.500000 1.494968 -5.500000
v -3.000000 1.504442 -5.500000
v -2.500000 1.513054 -5.500000
v -2.000000 1.520451 -5.500000
v -1.500000 1.525433 -5.500000
v -1.000000 1.526749 -5.500000
v -0.500000 1.523677 -5.500000
v 0.000000 1.516202 -5.500000
v 0.500000 1.504953 -5.500000
v 1.000000 1.491087 -5.500000
v 1.500000 1.476232 -5.500000
v 2.000000 1.462402 -5.500000
v 2.500000 1.451690 -5.500000
v 3.000000 1.445613 -5.500000
v 3.500000 1.444284 -5.500000
v 4.000000 1.445962 -5.500000
v 4.500000 1.447588 -5.500000
v 5.000000 1.446329 -5.500000
v 5.500000 1.441292 -5.500000
v 6.000000 1.439427 -5.500000
v 6.500000 1.510934 -5.500000
v 7.000000 1.716400 -5.500000
v 7.500000 1.295298 -5.500000
v 8.000000 0.000000 -5.500000
v -8.000000 0.000000 -6.000000
v -7.500000 1.243119 -6.000000
v -7.000000 1.652017 -6.000000
v -6.500000 1.454472 -6.000000
v -6.000000 1.395147 -6.000000
v -5.500000 1.412428 -6.000000
v -5.000000 1.436583 -6.000000
v -4.500000 1.459026 -6.000000
v -4.000000 1.477214 -6.000000
v -3.500000 1.490123 -6.000000
v -3.000000 1.498149 -6.000000
v -2.500000 1.502300 -6.000000
v -2.000000 1.503396 -6.000000
v -1.500000 1.501761 -6.000000
v -1.000000 1.497387 -6.000000
v -0.500000 1.490286 -6.000000
v 0.000000 1.480786 -6.000000
v 0.500000 1.469659 -6.000000
v 1.000000 1.458099 -6.000000
v 1.500000 1.447557 -6.000000
v 2.000000 1.439443 -6.000000
v 2.500000 1.434696 -6.000000
v 3.000000 1.433339 -6.000000
v 3.500000 1.434284 -6.000000
v 4.000000 1.435671 -6.000000
v 4.500000 1.435739 -6.000000
v 5.000000 1.433771 -6.000000
v 5.500000 1.430360 -6.000000
v 6.000000 1.432114 -6.000000
v 6.500000 1.506949 -6.000000
v 7.000000 1.715001 -6.000000
v 7.500000 1.295554 -6.000000
v 8.000000 0.000000 -6.000000
v -8.000000 0.000000 -6.500000
v -7.500000 1.239927 -6.500000
v -7.000000 1.646387 -6.500000
v -6.500000 1.446816 -6.500000
v -6.000000 1.385616 -6.500000
v -5.500000 1.401721 -6.500000
v -5.000000 1.423518 -6.500000
v -4.500000 1.445178 -6.500000
v -4.000000 1.464636 -6.500000
v -3.500000 1.479907 -6.500000
v -3.000000 1.489915 -6.500000
v -2.500000 1.494612 -6.500000
v -2.000000 1.494605 -6.500000
v -1.500000 1.490732 -6.500000
v -1.000000 1.483826 -6.500000
v -0.500000 1.474695 -6.500000
v 0.000000 1.464208 -6.500000
v 0.500000 1.453346 -6.500000
v 1.000000 1.443163 -6.500000
v 1.500000 1.434632 -6.500000
v 2.000000 1.428416 -6.500000
v 2.500000 1.424643 -6.500000
v 3.000000 1.422838 -6.500000
v 3.500000 1.422116 -6.500000
v 4.000000 1.421640 -6.500000
v 4.500000 1.421076 -6.500000
v 5.000000 1.420608 -6.500000
v 5.500000 1.420280 -6.500000
v 6.000000 1.423876 -6.500000
v 6.500000 1.501128 -6.500000
v 7.000000 1.711573 -6.500000
v 7.500000 1.294196 -6.500000
v 8.000000 0.000000 -6.500000
v -8.000000 0.000000 -7.000000
v -7.500000 1.238195 -7.000000
v -7.000000 1.642436 -7.000000
v -6.500000 1.440436 -7.000000
v -6.000000 1.394471 -7.000000
v -5.500000 1.413192 -7.000000
v -5.000000 1.432311 -7.000000
v -4.500000 1.450876 -7.000000
v -4.000000 1.468274 -7.000000
v -3.500000 1.483180 -7.000000
v -3.000000 1.494216 -7.000000
v -2.500000 1.500543 -7.000000
v -2.000000 1.502041 -7.000000
v -1.500000 1.499187 -7.000000
v -1.000000 1.492827 -7.000000
v -0.500000 1.483983 -7.000000
v 0.000000 1.473736 -7.000000
v 0.500000 1.463136 -7.000000
v 1.000000 1.453121 -7.000000
v 1.500000 1.444407 -7.000000
v 2.000000 1.437409 -7.000000
v 2.500000 1.432221 -7.000000
v 3.000000 1.428717 -7.000000
v 3.500000 1.426749 -7.000000
v 4.000000 1.426289 -7.000000
v 4.500000 1.427341 -7.000000
v 5.000000 1.429469 -7.000000
v 5.500000 1.431315 -7.000000
v 6.000000 1.431830 -7.000000
v 6.500000 1.493470 -7.000000
v 7.000000 1.706089 -7.000000
v 7.500000 1.291188 -7.000000
v 8.000000 0.000000 -7.000000
v -8.000000 0.000000 -7.500000
v -7.500000 1.237906 -7.500000
v -7.000000 1.640158 -7.500000
v -6.500000 1.502469 -7.500000
v -6.000000 1.516843 -7.500000
v -5.500000 1.532567 -7.500000
v -5.000000 1.548731 -7.500000
v -4.500000 1.564355 -7.500000
v -4.000000 1.578475 -7.500000
v -3.500000 1.590439 -7.500000
v -3.000000 1.599717 -7.500000
v -2.500000 1.605606 -7.500000
v -2.000000 1.607686 -7.500000
v -1.500000 1.605984 -7.500000
v -1.000000 1.600957 -7.500000
v -0.500000 1.593366 -7.500000
v 0.000000 1.584136 -7.500000
v 0.500000 1.574217 -7.500000
v 1.000000 1.564483 -7.500000
v 1.500000 1.555664 -7.500000
v 2.000000 1.548316 -7.500000
v 2.500000 1.542847 -7.500000
v 3.000000 1.539551 -7.500000
v 3.500000 1.538602 -7.500000
v 4.000000 1.539909 -7.500000
v 4.500000 1.542737 -7.500000
v 5.000000 1.546121 -7.500000
v 5.500000 1.549214 -7.500000
v 6.000000 1.551161 -7.500000
v 6.500000 1.551186 -7.500000
v 7.000000 1.698629 -7.500000
v 7.500000 1.286584 -7.500000
v 8.000000 0.000000 -7.500000
v -8.000000 0.000000 -8.000000
v -7.500000 1.238954 -8.000000
v -7.000000 1.667814 -8.000000
v -6.500000 1.676938 -8.000000
v -6.000000 1.687900 -8.000000
v -5.500000 1.700068 -8.000000
v -5.000000 1.712676 -8.000000
v -4.500000 1.724899 -8.000000
v -4.000000 1.735924 -8.000000
v -3.500000 1.745024 -8.000000
v -3.000000 1.751626 -8.000000
v -2.500000 1.755417 -8.000000
v -2.000000 1.756376 -8.000000
v -1.500000 1.754531 -8.000000
v -1.000000 1.750130 -8.000000
v -0.500000 1.743661 -8.000000
v 0.000000 1.735796 -8.000000
v 0.500000 1.727307 -8.000000
v 1.000000 1.718981 -8.000000
v 1.500000 1.711556 -8.000000
v 2.000000 1.705672 -8.000000
v 2.500000 1.701818 -8.000000
v 3.000000 1.700242 -8.000000
v 3.500000 1.700753 -8.000000
v 4.000000 1.702987 -8.000000
v 4.500000 1.706436 -8.000000
v 5.000000 1.710447 -8.000000
v 5.500000 1.714285 -8.000000
v 6.000000 1.717209 -8.000000
v 6.500000 1.718544 -8.000000
v 7.000000 1.717750 -8.000000
v 7.500000 1.280527 -8.000000
v 8.000000 0.000000 -8.000000
v -8.000000 0.000000 -8.500000
v -7.500000 1.057804 -8.500000
v -7.000000 1.061269 -8.500000
v -6.500000 1.065921 -8.500000
v -6.000000 1.071529 -8.500000
v -5.500000 1.077766 -8.500000
v -5.000000 1.084236 -8.500000
v -4.500000 1.090511 -8.500000
v -4.000000 1.096169 -8.500000
v -3.500000 1.100835 -8.500000
v -3.000000 1.104210 -8.500000
v -2.500000 1.106104 -8.500000
v -2.000000 1.106449 -8.500000
v -1.500000 1.105308 -8.500000
v -1.000000 1.102861 -8.500000
v -0.500000 1.099397 -8.500000
v 0.000000 1.095278 -8.500000
v 0.500000 1.090906 -8.500000
v 1.000000 1.086689 -8.500000
v 1.500000 1.082996 -8.500000
v 2.000000 1.080125 -8.500000
v 2.500000 1.078277 -8.500000
v 3.000000 1.077533 -8.500000
v 3.500000 1.077851 -8.500000
v 4.000000 1.079069 -8.500000
v 4.500000 1.080925 -8.500000
v 5.000000 1.083079 -8.500000
v 5.500000 1.085147 -8.500000
v 6.000000 1.086745 -8.500000
v 6.500000 1.087521 -8.500000
v 7.000000 1.087195 -8.500000
v 7.500000 1.085583 -8.500000
v 8.000000 0.000000 -8.500000
v -8.000000 0.000000 -9.000000
v -7.500000 0.000000 -9.000000
v -7.000000 0.000000 -9.000000
v -6.500000 0.000000 -9.000000
v -6.000000 0.000000 -9.000000
v -5.500000 0.000000 -9.000000
v -5.000000 0.000000 -9.000000
v -4.500000 0.000000 -9.000000
v -4.000000 0.000000 -9.000000
v -3.500000 0.000000 -9.000000
v -3.000000 0.000000 -9.000000
v -2.500000 0.000000 -9.000000
v -2.000000 0.000000 -9.000000
v -1.500000 0.000000 -9.000000
v -1.000000 0.000000 -9.000000
v -0.500000 0.000000 -9.000000
v 0.000000 0.000000 -9.000000
v 0.500000 0.000000 -9.000000
v 1.000000 0.000000 -9.000000
v 1.500000 0.000000 -9.000000
v 2.000000 0.000000 -9.000000
v 2.500000 0.000000 -9.000000
v 3.000000 0.000000 -9.000000
v 3.500000 0.000000 -9.000000
v 4.000000 0.000000 -9.000000
v 4.500000 0.000000 -9.000000
v 5.000000 0.000000 -9.000000
v 5.500000 0.000000 -9.000000
v 6.000000 0.000000 -9.000000
v 6.500000 0.000000 -9.000000
v 7.000000 0.000000 -9.000000
v 7.500000 0.000000 -9.000000
v 8.000000 0.000000 -9.000000
v -8.000000 -0.007143 9.000000
v -7.500000 -0.016909 9.000000
v -7.000000 -0.056885 9.000000
v -6.500000 -0.164317 9.000000
v -6.000000 -0.394071 9.000000
v -5.500000 -0.783376 9.000000
v -5.000000 -1.290739 9.000000
v -4.500000 -1.762694 9.000000
v -4.000000 -1.995200 9.000000
v -3.500000 -1.871830 9.000000
v -3.000000 -1.455516 9.000000
v -2.500000 -0.938077 9.000000
v -2.000000 -0.501107 9.000000
v -1.500000 -0.221867 9.000000
v -1.000000 -0.081419 9.000000
v -0.500000 -0.024765 9.000000
v 0.000000 -0.006244 9.000000
v 0.500000 -0.001309 9.000000
v 1.000000 -0.000259 9.000000
v 1.500000 -0.000249 9.000000
v 2.000000 -0.001189 9.000000
v 2.500000 -0.005381 9.000000
v 3.000000 -0.020251 9.000000
v 3.500000 -0.063171 9.000000
v 4.000000 -0.163325 9.000000
v 4.500000 -0.349996 9.000000
v 5.000000 -0.621645 9.000000
v 5.500000 -0.915151 9.000000
v 6.000000 -1.116642 9.000000
v 6.500000 -1.129291 9.000000
v 7.000000 -0.946604 9.000000
v 7.500000 -0.657660 9.000000
v 8.000000 -0.378708 9.000000
v 8.000000 -0.180750 8.500000
v 8.000000 -0.071503 8.000000
v 8.000000 -0.023444 7.500000
v 8.000000 -0.006371 7.000000
v 8.000000 -0.001435 6.500000
v 8.000000 -0.000268 6.000000
v 8.000000 -0.000042 5.500000
v 8.000000 -0.000012 5.000000
v 8.000000 -0.000059 4.500000
v 8.000000 -0.000394 4.000000
v 8.000000 -0.002206 3.500000
v 8.000000 -0.010246 3.000000
v 8.000000 -0.039442 2.500000
v 8.000000 -0.125837 2.000000
v 8.000000 -0.332758 1.500000
v 8.000000 -0.729326 1.000000
v 8.000000 -1.324906 0.500000
v 8.000000 -1.994891 0.000000
v 8.000000 -2.489567 -0.500000
v 8.000000 -2.575129 -1.000000
v 8.000000 -2.207725 -1.500000
v 8.000000 -1.568778 -2.000000
v 8.000000 -0.923951 -2.500000
v 8.000000 -0.451031 -3.000000
v 8.000000 -0.182488 -3.500000
v 8.000000 -0.061198 -4.000000
v 8.000000 -0.017014 -4.500000
v 8.000000 -0.003948 -5.000000
v 8.000000 -0.000945 -5.500000
v 8.000000 -0.001231 -6.000000
v 8.000000 -0.005223 -6.500000
v 8.000000 -0.020197 -7.000000
v 8.000000 -0.064919 -7.500000
v 8.000000 -0.172964 -8.000000
v 8.000000 -0.381953 -8.500000
v 8.000000 -0.699093 -9.000000
v 7.500000 -1.060547 -9.000000
v 7.000000 -1.333508 -9.000000
v 6.500000 -1.389735 -9.000000
v 6.000000 -1.200436 -9.000000
v 5.500000 -0.859443 -9.000000
v 5.000000 -0.509994 -9.000000
v 4.500000 -0.250833 -9.000000
v 4.000000 -0.102253 -9.000000
v 3.500000 -0.034549 -9.000000
v 3.000000 -0.009675 -9.000000
v 2.500000 -0.002246 -9.000000
v 2.000000 -0.000432 -9.000000
v 1.500000 -0.000069 -9.000000
v 1.000000 -0.000013 -9.000000
v 0.500000 -0.000037 -9.000000
v 0.000000 -0.000249 -9.000000
v -0.500000 -0.001435 -9.000000
v -1.000000 -0.006867 -9.000000
v -1.500000 -0.027241 -9.000000
v -2.000000 -0.089561 -9.000000
v -2.500000 -0.244054 -9.000000
v -3.000000 -0.551218 -9.000000
v -3.500000 -1.031885 -9.000000
v -4.000000 -1.601068 -9.000000
v -4.500000 -2.059013 -9.000000
v -5.000000 -2.194720 -9.000000
v -5.500000 -1.938964 -9.000000
v -6.000000 -1.419813 -9.000000
v -6.500000 -0.861714 -9.000000
v -7.000000 -0.433476 -9.000000
v -7.500000 -0.180734 -9.000000
v -8.000000 -0.062457 -9.000000
v -8.000000 -0.017891 -8.500000
v -8.000000 -0.004262 -8.000000
v -8.000000 -0.000941 -7.500000
v -8.000000 -0.000747 -7.000000
v -8.000000 -0.002961 -6.500000
v -8.000000 -0.011763 -6.000000
v -8.000000 -0.038957 -5.500000
v -8.000000 -0.106958 -5.000000
v -8.000000 -0.243395 -4.500000
v -8.000000 -0.459073 -4.000000
v -8.000000 -0.717664 -3.500000
v -8.000000 -0.929891 -3.000000
v -8.000000 -0.998649 -2.500000
v -8.000000 -0.888924 -2.000000
v -8.000000 -0.655824 -1.500000
v -8.000000 -0.401036 -1.000000
v -8.000000 -0.203284 -0.500000
v -8.000000 -0.085576 0.000000
v -8.000000 -0.030838 0.500000
v -8.000000 -0.013886 1.000000
v -8.000000 -0.023102 1.500000
v -8.000000 -0.069613 2.000000
v -8.000000 -0.188654 2.500000
v -8.000000 -0.425950 3.000000
v -8.000000 -0.797366 3.500000
v -8.000000 -1.237189 4.000000
v -8.000000 -1.591056 4.500000
v -8.000000 -1.695920 5.000000
v -8.000000 -1.498290 5.500000
v -8.000000 -1.097128 6.000000
v -8.000000 -0.665870 6.500000
v -8.000000 -0.334961 7.000000
v -8.000000 -0.139674 7.500000
v -8.000000 -0.048386 8.000000
v -8.000000 -0.014583 8.500000
v 0.000000 0.000000 0.000000
vn -0.2778 0.6087 0.7432
vn -0.7432 0.6087 0.2778
vn -0.0000 1.0000 -0.0000
vn -0.0004 0.4266 0.9044
vn -0.4741 0.6745 0.5660
vn -0.0005 0.4252 0.9051
vn -0.0740 0.5878 0.8056
vn -0.0006 0.4235 0.9059
vn -0.0057 0.5332 0.8460
vn -0.0007 0.4216 0.9068
vn -0.0066 0.5306 0.8476
vn -0.0007 0.4195 0.9077
vn -0.0070 0.5277 0.8494
vn -0.0007 0.4175 0.9087
vn -0.0070 0.5248 0.8512
vn -0.0006 0.4157 0.9095
vn -0.0066 0.5219 0.8530
vn -0.0005 0.4141 0.9102
vn -0.0057 0.5193 0.8545
vn -0.0003 0.4129 0.9108
vn -0.0045 0.5172 0.8558
vn -0.0002 0.4121 0.9111
vn -0.0030 0.5157 0.8568
vn 0.0001 0.4120 0.9112
vn -0.0013 0.5147 0.8574
vn 0.0020 0.5148 0.8573
vn 0.0004 0.5144 0.8575
vn 0.0003 0.4124 0.9110
vn 0.0032 0.5158 0.8567
vn 0.0004 0.4133 0.9106
vn 0.0042 0.5173 0.8558
vn 0.0004 0.4145 0.9101
vn 0.0046 0.5191 0.8547
vn 0.0005 0.4158 0.9095
vn 0.0047 0.5210 0.8535
vn 0.0004 0.4172 0.9088
vn 0.0043 0.5230 0.8523
vn 0.0004 0.4184 0.9082
vn 0.0036 0.5247 0.8513
vn 0.0003 0.4195 0.9078
vn 0.0026 0.5260 0.8505
vn 0.0002 0.4203 0.9074
vn 0.0014 0.5269 0.8499
vn 0.0001 0.4208 0.9072
vn 0.0002 0.5272 0.8497
vn -0.0000 0.4209 0.9071
vn -0.0001 0.4206 0.9073
vn -0.0008 0.5272 0.8498
vn -0.0002 0.4200 0.9075
vn -0.0016 0.5267 0.8500
vn -0.0002 0.4194 0.9078
vn -0.0022 0.5260 0.8505
vn -0.0002 0.4187 0.9081
vn -0.0023 0.5251 0.8511
vn -0.0002 0.4182 0.9084
vn -0.0020 0.5242 0.8516
vn -0.0000 0.4179 0.9085
vn -0.0013 0.5236 0.8520
vn 0.0701 0.5767 0.8139
vn -0.0002 0.5233 0.8522
vn 0.0002 0.4180 0.9084
vn 0.4770 0.6640 0.5757
vn 0.2801 0.6019 0.7478
vn 0.7478 0.6019 0.2801
vn -0.9189 0.3942 0.0174
vn -0.7369 0.6416 0.2127
vn -0.3133 0.8780 0.3619
vn 0.0224 0.9514 0.3070
vn -0.0224 0.9604 0.2778
vn -0.0239 0.9588 0.2831
vn -0.0239 0.9572 0.2883
vn -0.0224 0.9558 0.2932
vn -0.0194 0.9545 0.2976
vn -0.0153 0.9534 0.3014
vn -0.0102 0.9524 0.3046
vn -0.0048 0.9518 0.3067
vn 0.0058 0.9515 0.3076
vn 0.0008 0.9515 0.3076
vn 0.0103 0.9518 0.3067
vn 0.0136 0.9523 0.3049
vn 0.0155 0.9530 0.3026
vn 0.0159 0.9538 0.3000
vn 0.0149 0.9546 0.2974
vn 0.0126 0.9555 0.2948
vn 0.0093 0.9563 0.2924
vn 0.0054 0.9570 0.2902
vn 0.0014 0.9576 0.2882
vn -0.0018 0.9580 0.2867
vn -0.0051 0.9582 0.2861
vn -0.0067 0.9582 0.2861
vn -0.0071 0.9582 0.2861
vn -0.0060 0.9582 0.2860
vn -0.0036 0.9584 0.2854
vn 0.3093 0.8737 0.3755
vn -0.0429 0.9466 0.3195
vn 0.7416 0.6315 0.2265
vn 0.9231 0.3842 0.0179
vn -0.8031 0.5959 -0.0004
vn -0.9272 0.3745 -0.0000
vn -0.2457 0.9675 -0.0598
vn -0.0143 0.9636 -0.2670
vn 0.1318 0.9690 -0.2090
vn -0.0305 0.9609 -0.2752
vn -0.0305 0.9625 -0.2694
vn -0.0287 0.9642 -0.2637
vn -0.0252 0.9658 -0.2580
vn -0.0203 0.9672 -0.2530
vn -0.0142 0.9683 -0.2493
vn -0.0071 0.9689 -0.2472
vn -0.0001 0.9692 -0.2463
vn 0.0067 0.9690 -0.2469
vn 0.0123 0.9685 -0.2488
vn 0.0163 0.9679 -0.2510
vn 0.0184 0.9672 -0.2532
vn 0.0188 0.9667 -0.2551
vn 0.0177 0.9663 -0.2567
vn 0.0153 0.9660 -0.2580
vn 0.0119 0.9658 -0.2590
vn 0.0080 0.9655 -0.2602
vn 0.0038 0.9651 -0.2617
vn -0.0038 0.9639 -0.2663
vn 0.0003 0.9646 -0.2638
vn -0.0058 0.9633 -0.2684
vn -0.0061 0.9628 -0.2701
vn -0.0047 0.9623 -0.2719
vn -0.0171 0.9657 -0.2593
vn -0.1550 0.9679 -0.1979
vn 0.2424 0.9690 -0.0475
vn 0.9319 0.3628 0.0005
vn 0.8103 0.5859 0.0061
vn -0.8036 0.5951 0.0015
vn -0.1631 0.9865 -0.0104
vn 0.2194 0.9732 -0.0689
vn -0.0374 0.9910 -0.1283
vn 0.0313 0.9917 -0.1248
vn -0.0374 0.9917 -0.1227
vn -0.0355 0.9925 -0.1172
vn -0.0314 0.9932 -0.1125
vn -0.0248 0.9937 -0.1097
vn -0.0164 0.9939 -0.1089
vn -0.0073 0.9939 -0.1098
vn 0.0009 0.9938 -0.1115
vn 0.0091 0.9935 -0.1135
vn 0.0149 0.9932 -0.1154
vn 0.0188 0.9930 -0.1169
vn 0.0206 0.9928 -0.1180
vn 0.0205 0.9927 -0.1188
vn 0.0187 0.9927 -0.1191
vn 0.0156 0.9928 -0.1189
vn 0.0120 0.9929 -0.1180
vn 0.0082 0.9931 -0.1166
vn 0.0048 0.9933 -0.1154
vn -0.0006 0.9932 -0.1161
vn 0.0021 0.9934 -0.1147
vn -0.0029 0.9928 -0.1196
vn -0.0037 0.9924 -0.1234
vn -0.0034 0.9921 -0.1254
vn -0.0654 0.9906 -0.1199
vn -0.2429 0.9679 -0.0636
vn 0.1603 0.9871 -0.0041
vn 0.8113 0.5846 0.0048
vn 0.9324 0.3615 0.0004
vn -0.9274 0.3742 0.0001
vn -0.8046 0.5938 0.0032
vn 0.2445 0.9696 0.0097
vn -0.1518 0.9884 0.0095
vn -0.0388 0.9992 -0.0004
vn 0.0447 0.9990 0.0007
vn -0.0433 0.9991 0.0030
vn -0.0405 0.9992 0.0072
vn -0.0339 0.9994 0.0087
vn -0.0246 0.9997 0.0074
vn -0.0145 0.9999 0.0047
vn -0.0050 1.0000 0.0023
vn 0.0024 1.0000 0.0018
vn 0.0100 0.9999 0.0031
vn 0.0155 0.9999 0.0050
vn 0.0193 0.9998 0.0065
vn 0.0213 0.9997 0.0069
vn 0.0213 0.9998 0.0061
vn 0.0193 0.9998 0.0045
vn 0.0154 0.9999 0.0029
vn 0.0106 0.9999 0.0021
vn 0.0059 1.0000 0.0030
vn 0.0028 1.0000 0.0049
vn 0.0008 1.0000 0.0071
vn 0.0010 1.0000 0.0084
vn 0.0004 1.0000 0.0091
vn 0.0009 1.0000 0.0042
vn -0.0038 1.0000 -0.0004
vn -0.0789 0.9969 -0.0000
vn -0.2686 0.9632 0.0092
vn 0.8124 0.5831 0.0029
vn 0.1488 0.9888 0.0090
vn 0.9327 0.3607 0.0002
vn -0.9276 0.3735 0.0003
vn -0.8057 0.5923 0.0048
vn 0.2446 0.9695 0.0160
vn -0.1549 0.9879 0.0126
vn 0.0425 0.9989 0.0201
vn -0.0413 0.9989 0.0234
vn -0.0463 0.9986 0.0256
vn -0.0403 0.9989 0.0239
vn -0.0309 0.9993 0.0192
vn -0.0210 0.9997 0.0150
vn -0.0127 0.9998 0.0140
vn -0.0061 0.9998 0.0176
vn 0.0035 0.9994 0.0339
vn -0.0010 0.9997 0.0243
vn 0.0111 0.9990 0.0432
vn 0.0166 0.9987 0.0489
vn 0.0209 0.9984 0.0516
vn 0.0232 0.9984 0.0510
vn 0.0228 0.9986 0.0471
vn 0.0196 0.9990 0.0406
vn 0.0139 0.9994 0.0329
vn 0.0070 0.9996 0.0261
vn 0.0015 0.9997 0.0225
vn -0.0019 0.9997 0.0226
vn 0.0015 0.9997 0.0261
vn -0.0015 0.9997 0.0242
vn 0.0054 0.9997 0.0257
vn 0.0013 0.9998 0.0204
vn -0.0766 0.9970 0.0149
vn -0.2679 0.9634 0.0097
vn 0.8132 0.5819 0.0010
vn 0.1520 0.9884 0.0051
vn 0.9329 0.3602 0.0001
vn -0.9281 0.3724 0.0004
vn -0.8070 0.5905 0.0063
vn 0.2414 0.9703 0.0185
vn -0.1578 0.9873 0.0155
vn 0.0390 0.9990 0.0226
vn -0.0429 0.9988 0.0238
vn -0.0435 0.9988 0.0202
vn -0.0346 0.9993 0.0138
vn -0.0263 0.9996 0.0091
vn -0.0212 0.9997 0.0104
vn -0.0188 0.9996 0.0190
vn -0.0168 0.9993 0.0329
vn -0.0130 0.9987 0.0485
vn 0.0011 0.9974 0.0719
vn -0.0081 0.9981 0.0612
vn 0.0110 0.9967 0.0806
vn 0.0189 0.9962 0.0849
vn 0.0251 0.9960 0.0858
vn 0.0288 0.9962 0.0828
vn 0.0290 0.9967 0.0753
vn 0.0252 0.9977 0.0634
vn 0.0177 0.9987 0.0487
vn 0.0084 0.9994 0.0341
vn 0.0005 0.9997 0.0234
vn -0.0029 0.9998 0.0194
vn 0.0064 0.9998 0.0207
vn -0.0002 0.9998 0.0197
vn 0.0070 0.9998 0.0194
vn -0.0708 0.9974 0.0139
vn -0.2625 0.9649 0.0068
vn 0.8140 0.5809 -0.0007
vn 0.1550 0.9879 0.0017
vn -0.9286 0.3711 0.0005
vn -0.8085 0.5885 0.0076
vn 0.2389 0.9708 0.0207
vn -0.1609 0.9868 0.0181
vn 0.0373 0.9990 0.0225
vn -0.0389 0.9991 0.0189
vn -0.0363 0.9993 0.0113
vn -0.0297 0.9995 0.0061
vn -0.0286 0.9996 0.0087
vn -0.0319 0.9993 0.0208
vn -0.0352 0.9986 0.0390
vn -0.0345 0.9977 0.0576
vn -0.0282 0.9970 0.0722
vn -0.0178 0.9965 0.0813
vn 0.0058 0.9961 0.0875
vn -0.0066 0.9963 0.0852
vn 0.0155 0.9957 0.0912
vn 0.0240 0.9951 0.0954
vn 0.0312 0.9946 0.0989
vn 0.0366 0.9944 0.0990
vn 0.0385 0.9949 0.0931
vn 0.0354 0.9962 0.0796
vn 0.0266 0.9978 0.0601
vn 0.0145 0.9991 0.0390
vn 0.0037 0.9998 0.0219
vn 0.0051 0.9999 0.0120
vn 0.0008 0.9999 0.0131
vn 0.0087 0.9999 0.0128
vn -0.0647 0.9978 0.0103
vn -0.2558 0.9667 0.0033
vn 0.1575 0.9875 -0.0027
vn 0.9328 0.3603 -0.0001
vn 0.8144 0.5802 -0.0025
vn -0.9293 0.3694 0.0006
vn -0.8100 0.5863 0.0086
vn 0.2384 0.9709 0.0216
vn -0.1640 0.9862 0.0201
vn 0.0400 0.9990 0.0195
vn -0.0311 0.9994 0.0123
vn -0.0306 0.9995 0.0059
vn -0.0324 0.9994 0.0081
vn -0.0414 0.9989 0.0210
vn -0.0510 0.9979 0.0405
vn -0.0539 0.9968 0.0584
vn -0.0472 0.9965 0.0683
vn -0.0336 0.9971 0.0685
vn -0.0178 0.9979 0.0619
vn -0.0030 0.9986 0.0527
vn 0.0110 0.9987 0.0492
vn 0.0045 0.9989 0.0473
vn 0.0167 0.9982 0.0571
vn 0.0234 0.9973 0.0697
vn 0.0320 0.9960 0.0838
vn 0.0414 0.9947 0.0941
vn 0.0479 0.9943 0.0953
vn 0.0474 0.9953 0.0843
vn 0.0380 0.9973 0.0629
vn 0.0231 0.9990 0.0377
vn 0.0104 0.9998 0.0173
vn 0.0071 1.0000 0.0069
vn 0.0083 1.0000 0.0049
vn -0.0613 0.9981 0.0045
vn 0.1605 0.9870 -0.0040
vn -0.2502 0.9682 0.0013
vn 0.9326 0.3608 -0.0002
vn 0.8146 0.5800 -0.0038
vn -0.9300 0.3676 0.0006
vn -0.8118 0.5838 0.0094
vn 0.2406 0.9704 0.0204
vn -0.1662 0.9859 0.0215
vn 0.0463 0.9988 0.0150
vn -0.0241 0.9997 0.0079
vn -0.0317 0.9995 0.0077
vn -0.0448 0.9988 0.0189
vn -0.0606 0.9975 0.0375
vn -0.0679 0.9963 0.0535
vn -0.0607 0.9965 0.0577
vn -0.0419 0.9980 0.0472
vn -0.0199 0.9994 0.0268
vn -0.0024 1.0000 0.0045
vn 0.0087 0.9998 -0.0199
vn 0.0083 0.9999 -0.0115
vn 0.0072 0.9997 -0.0215
vn 0.0031 0.9999 -0.0126
vn 0.0048 1.0000 0.0054
vn 0.0114 0.9995 0.0293
vn 0.0249 0.9981 0.0559
vn 0.0425 0.9961 0.0779
vn 0.0568 0.9946 0.0870
vn 0.0600 0.9951 0.0788
vn 0.0494 0.9972 0.0564
vn 0.0313 0.9991 0.0294
vn 0.0173 0.9998 0.0088
vn 0.0097 1.0000 -0.0001
vn -0.0601 0.9982 -0.0015
vn 0.1639 0.9865 -0.0058
vn -0.2476 0.9689 -0.0023
vn 0.9323 0.3617 -0.0003
vn 0.8148 0.5797 -0.0047
vn -0.9308 0.3656 0.0007
vn -0.8136 0.5813 0.0098
vn 0.2450 0.9694 0.0177
vn -0.1667 0.9858 0.0212
vn 0.0536 0.9985 0.0113
vn -0.0223 0.9997 0.0079
vn -0.0412 0.9990 0.0152
vn -0.0624 0.9976 0.0316
vn -0.0759 0.9960 0.0466
vn -0.0702 0.9964 0.0483
vn -0.0414 0.9988 0.0264
vn -0.0205 0.9998 -0.0041
vn 0.0082 0.9995 -0.0316
vn 0.0190 0.9983 -0.0550
vn 0.0182 0.9977 -0.0657
vn 0.0113 0.9977 -0.0663
vn 0.0021 0.9981 -0.0609
vn -0.0143 0.9988 -0.0468
vn -0.0079 0.9984 -0.0552
vn -0.0159 0.9995 -0.0289
vn -0.0064 1.0000 -0.0007
vn 0.0161 0.9993 0.0334
vn 0.0452 0.9970 0.0624
vn 0.0678 0.9949 0.0750
vn 0.0725 0.9951 0.0665
vn 0.0582 0.9974 0.0428
vn 0.0366 0.9992 0.0165
vn 0.0164 0.9999 -0.0001
vn -0.2469 0.9690 -0.0065
vn -0.0582 0.9983 -0.0059
vn 0.1660 0.9861 -0.0078
vn 0.9319 0.3627 -0.0004
vn 0.8148 0.5798 -0.0052
vn -0.9316 0.3636 0.0007
vn -0.8152 0.5791 0.0096
vn 0.2501 0.9681 0.0147
vn -0.1658 0.9860 0.0193
vn 0.0586 0.9982 0.0098
vn -0.0270 0.9996 0.0115
vn -0.0557 0.9982 0.0237
vn -0.0773 0.9963 0.0385
vn -0.0781 0.9960 0.0423
vn -0.0475 0.9987 0.0207
vn 0.0147 0.9991 -0.0400
vn -0.0133 0.9999 -0.0083
vn 0.0324 0.9971 -0.0687
vn 0.0270 0.9970 -0.0726
vn 0.0107 0.9983 -0.0574
vn 0.0045 0.9992 -0.0389
vn -0.0075 0.9994 -0.0336
vn -0.0028 0.9995 -0.0312
vn -0.0183 0.9990 -0.0419
vn -0.0301 0.9985 -0.0466
vn -0.0339 0.9987 -0.0380
vn -0.0193 0.9997 -0.0123
vn 0.0150 0.9996 0.0231
vn 0.0559 0.9971 0.0525
vn 0.0826 0.9946 0.0622
vn 0.0825 0.9953 0.0497
vn 0.0612 0.9978 0.0251
vn 0.0295 0.9996 0.0036
vn -0.2470 0.9690 -0.0100
vn -0.0530 0.9986 -0.0077
vn 0.1666 0.9860 -0.0099
vn 0.9315 0.3638 -0.0004
vn 0.8143 0.5804 -0.0053
vn -0.9323 0.3616 0.0006
vn -0.8164 0.5774 0.0087
vn 0.2544 0.9670 0.0120
vn -0.1641 0.9863 0.0164
vn 0.0598 0.9982 0.0099
vn -0.0365 0.9992 0.0158
vn -0.0698 0.9971 0.0287
vn -0.0831 0.9959 0.0367
vn -0.0645 0.9975 0.0272
vn 0.0194 0.9992 -0.0347
vn -0.0149 0.9999 0.0026
vn 0.0435 0.9970 -0.0643
vn 0.0269 0.9980 -0.0569
vn 0.0124 0.9995 -0.0297
vn -0.0163 0.9994 0.0299
vn -0.0168 0.9999 -0.0005
vn -0.0076 0.9988 0.0477
vn 0.0011 0.9998 0.0205
vn 0.0039 0.9990 0.0437
vn -0.0207 0.9998 -0.0058
vn -0.0321 0.9991 -0.0286
vn -0.0435 0.9985 -0.0338
vn -0.0197 0.9998 -0.0104
vn 0.0289 0.9993 0.0229
vn 0.0767 0.9960 0.0460
vn 0.0974 0.9941 0.0473
vn 0.0851 0.9959 0.0301
vn 0.0494 0.9988 0.0061
vn -0.2464 0.9691 -0.0114
vn -0.0463 0.9989 -0.0089
vn 0.1660 0.9861 -0.0112
vn 0.9310 0.3650 -0.0004
vn 0.8136 0.5813 -0.0053
vn -0.9330 0.3598 0.0006
vn -0.8172 0.5763 0.0073
vn 0.2571 0.9663 0.0097
vn -0.1623 0.9866 0.0132
vn 0.0573 0.9983 0.0104
vn -0.0473 0.9987 0.0181
vn -0.0794 0.9964 0.0282
vn -0.0784 0.9965 0.0283
vn -0.0397 0.9992 0.0095
vn 0.0158 0.9996 -0.0231
vn 0.0505 0.9974 -0.0506
vn 0.0423 0.9977 -0.0528
vn -0.0340 0.9992 0.0219
vn -0.0039 0.9996 -0.0284
vn -0.0556 0.9955 0.0761
vn -0.0427 0.9933 0.1074
vn 0.0198 0.9931 0.1154
vn -0.0131 0.9927 0.1196
vn 0.0360 0.9951 0.0915
vn 0.0203 0.9988 0.0439
vn -0.0373 0.9991 -0.0208
vn -0.0095 1.0000 0.0027
vn -0.0433 0.9988 -0.0248
vn -0.0018 1.0000 -0.0007
vn 0.0590 0.9979 0.0262
vn 0.1011 0.9942 0.0376
vn 0.1034 0.9942 0.0295
vn 0.0705 0.9974 0.0111
vn -0.0373 0.9993 -0.0045
vn -0.2444 0.9696 -0.0108
vn 0.1649 0.9862 -0.0111
vn 0.9306 0.3661 -0.0004
vn 0.8128 0.5826 -0.0049
vn -0.9336 0.3583 0.0005
vn -0.8177 0.5756 0.0057
vn 0.2581 0.9661 0.0077
vn -0.1610 0.9869 0.0098
vn 0.0528 0.9986 0.0099
vn -0.0566 0.9982 0.0172
vn -0.0831 0.9963 0.0232
vn -0.0665 0.9976 0.0176
vn -0.0122 0.9999 -0.0034
vn 0.0437 0.9986 -0.0299
vn 0.0577 0.9974 -0.0424
vn 0.0173 0.9995 -0.0256
vn -0.0479 0.9987 0.0187
vn -0.0912 0.9934 0.0697
vn -0.0896 0.9906 0.1037
vn -0.0563 0.9919 0.1138
vn 0.0246 0.9926 0.1185
vn -0.0150 0.9934 0.1133
vn 0.0641 0.9912 0.1160
vn 0.0725 0.9936 0.0869
vn 0.0326 0.9989 0.0339
vn -0.0485 0.9986 -0.0217
vn -0.0124 0.9999 -0.0092
vn -0.0255 0.9996 -0.0119
vn 0.0375 0.9992 0.0101
vn 0.0961 0.9950 0.0252
vn 0.1145 0.9931 0.0243
vn 0.0870 0.9961 0.0117
vn -0.0260 0.9997 -0.0019
vn -0.2412 0.9704 -0.0087
vn 0.1639 0.9864 -0.0097
vn 0.9302 0.3671 -0.0003
vn 0.8119 0.5838 -0.0041
vn -0.9341 0.3571 0.0003
vn -0.8180 0.5752 0.0038
vn 0.2582 0.9661 0.0054
vn -0.1601 0.9871 0.0065
vn 0.0479 0.9988 0.0079
vn -0.0630 0.9979 0.0133
vn -0.0825 0.9965 0.0158
vn -0.0509 0.9987 0.0069
vn 0.0087 0.9999 -0.0101
vn 0.0596 0.9979 -0.0250
vn 0.0502 0.9984 -0.0259
vn -0.0176 0.9998 -0.0027
vn -0.0944 0.9949 0.0363
vn -0.1243 0.9899 0.0685
vn -0.0962 0.9926 0.0744
vn -0.0425 0.9978 0.0500
vn -0.0219 0.9991 0.0358
vn 0.0661 0.9943 0.0831
vn 0.0094 0.9981 0.0602
vn 0.1023 0.9915 0.0805
vn 0.0825 0.9953 0.0505
vn 0.0142 0.9998 0.0153
vn -0.0365 0.9993 -0.0085
vn -0.0383 0.9992 -0.0123
vn 0.0193 0.9998 0.0012
vn 0.0877 0.9960 0.0141
vn 0.1195 0.9927 0.0166
vn 0.0989 0.9951 0.0095
vn -0.0163 0.9999 -0.0002
vn -0.2377 0.9713 -0.0059
vn 0.1633 0.9866 -0.0071
vn 0.9298 0.3680 -0.0003
vn 0.8112 0.5847 -0.0030
vn -0.9344 0.3563 0.0002
vn -0.8181 0.5750 0.0019
vn 0.2580 0.9662 0.0028
vn -0.1597 0.9872 0.0033
vn 0.0443 0.9990 0.0044
vn -0.0664 0.9978 0.0072
vn -0.0803 0.9967 0.0077
vn 0.0221 0.9997 -0.0054
vn -0.0396 0.9992 0.0039
vn 0.0656 0.9978 -0.0136
vn 0.0373 0.9993 -0.0093
vn -0.0444 0.9990 0.0066
vn -0.1224 0.9921 0.0264
vn -0.1325 0.9905 0.0370
vn -0.0710 0.9973 0.0212
vn -0.0250 0.9988 -0.0428
vn -0.0136 0.9999 -0.0086
vn -0.0258 0.9996 -0.0063
vn 0.0421 0.9987 0.0298
vn 0.1084 0.9932 0.0432
vn 0.1094 0.9934 0.0337
vn 0.0420 0.9991 0.0105
vn -0.0424 0.9991 -0.0070
vn -0.0238 0.9997 -0.0057
vn 0.0080 1.0000 -0.0015
vn 0.0805 0.9967 0.0057
vn 0.1208 0.9926 0.0083
vn 0.1056 0.9944 0.0054
vn -0.0098 1.0000 0.0005
vn -0.2349 0.9720 -0.0028
vn 0.1630 0.9866 -0.0037
vn 0.9295 0.3687 -0.0002
vn 0.8108 0.5854 -0.0015
vn -0.9345 0.3561 -0.0000
vn -0.8182 0.5750 -0.0000
vn 0.2579 0.9662 -0.0000
vn -0.1596 0.9872 -0.0000
vn 0.0429 0.9991 -0.0000
vn -0.0674 0.9977 -0.0000
vn -0.0791 0.9969 -0.0000
vn 0.0279 0.9996 -0.0000
vn -0.0368 0.9993 -0.0000
vn 0.0667 0.9978 -0.0000
vn -0.0537 0.9986 -0.0000
vn 0.0307 0.9995 -0.0000
vn -0.1308 0.9914 -0.0000
vn 0.0170 0.9999 -0.0000
vn -0.0492 0.9988 -0.0000
vn -0.0658 0.9978 -0.0000
vn -0.0209 0.9998 -0.0000
vn 0.0235 0.9997 -0.0000
vn 0.1060 0.9944 -0.0000
vn 0.1175 0.9931 -0.0000
vn 0.0551 0.9985 -0.0000
vn -0.0208 0.9998 -0.0000
vn -0.0428 0.9991 -0.0000
vn 0.0043 1.0000 -0.0000
vn 0.0777 0.9970 -0.0000
vn 0.1209 0.9927 -0.0000
vn 0.1078 0.9942 -0.0000
vn -0.0075 1.0000 -0.0000
vn -0.2338 0.9723 -0.0000
vn 0.1629 0.9866 -0.0000
vn 0.9294 0.3691 -0.0001
vn 0.8106 0.5856 -0.0000
vn -0.8181 0.5750 -0.0019
vn -0.9344 0.3563 -0.0002
vn -0.1597 0.9872 -0.0033
vn 0.2580 0.9662 -0.0028
vn -0.0664 0.9978 -0.0072
vn 0.0443 0.9990 -0.0044
vn -0.0803 0.9967 -0.0077
vn -0.0396 0.9992 -0.0039
vn 0.0656 0.9978 0.0136
vn 0.0221 0.9997 0.0054
vn 0.0373 0.9993 0.0093
vn -0.1224 0.9921 -0.0264
vn -0.0444 0.9990 -0.0066
vn -0.1325 0.9905 -0.0370
vn -0.0710 0.9973 -0.0212
vn -0.0250 0.9988 0.0428
vn -0.0136 0.9999 0.0086
vn -0.0258 0.9996 0.0063
vn 0.0421 0.9987 -0.0298
vn 0.1084 0.9932 -0.0432
vn 0.1094 0.9934 -0.0337
vn 0.0420 0.9991 -0.0105
vn -0.0238 0.9997 0.0057
vn -0.0424 0.9991 0.0070
vn 0.0080 1.0000 0.0015
vn 0.0805 0.9967 -0.0057
vn 0.1208 0.9926 -0.0083
vn 0.1056 0.9944 -0.0054
vn -0.0098 1.0000 -0.0005
vn -0.2349 0.9720 0.0028
vn 0.8108 0.5854 0.0015
vn 0.1630 0.9866 0.0037
vn 0.9294 0.3691 0.0001
vn -0.8180 0.5752 -0.0038
vn -0.9341 0.3571 -0.0003
vn -0.1601 0.9871 -0.0065
vn 0.2582 0.9661 -0.0054
vn -0.0630 0.9979 -0.0133
vn 0.0479 0.9988 -0.0079
vn -0.0825 0.9965 -0.0158
vn -0.0509 0.9987 -0.0069
vn 0.0596 0.9979 0.0250
vn 0.0087 0.9999 0.0101
vn 0.0502 0.9984 0.0259
vn -0.0176 0.9998 0.0027
vn -0.0944 0.9949 -0.0363
vn -0.1243 0.9899 -0.0685
vn -0.0962 0.9926 -0.0744
vn -0.0425 0.9978 -0.0500
vn -0.0219 0.9991 -0.0358
vn 0.0094 0.9981 -0.0602
vn 0.0661 0.9943 -0.0831
vn 0.1023 0.9915 -0.0805
vn 0.0825 0.9953 -0.0505
vn -0.0365 0.9993 0.0085
vn 0.0142 0.9998 -0.0153
vn -0.0383 0.9992 0.0123
vn 0.0193 0.9998 -0.0012
vn 0.0877 0.9960 -0.0141
vn 0.1195 0.9927 -0.0166
vn 0.0989 0.9951 -0.0095
vn -0.0163 0.9999 0.0002
vn -0.2377 0.9713 0.0059
vn 0.8112 0.5847 0.0030
vn 0.1633 0.9866 0.0071
vn 0.9295 0.3687 0.0002
vn -0.8177 0.5756 -0.0057
vn -0.9336 0.3583 -0.0005
vn -0.1610 0.9869 -0.0098
vn 0.2581 0.9661 -0.0077
vn -0.0566 0.9982 -0.0172
vn 0.0528 0.9986 -0.0099
vn -0.0831 0.9963 -0.0232
vn -0.0665 0.9976 -0.0176
vn -0.0122 0.9999 0.0034
vn 0.0437 0.9986 0.0299
vn 0.0577 0.9974 0.0424
vn 0.0173 0.9995 0.0256
vn -0.0479 0.9987 -0.0187
vn -0.0912 0.9934 -0.0697
vn -0.0896 0.9906 -0.1037
vn -0.0563 0.9919 -0.1138
vn -0.0150 0.9934 -0.1133
vn 0.0246 0.9926 -0.1185
vn 0.0641 0.9912 -0.1160
vn 0.0725 0.9936 -0.0869
vn 0.0326 0.9989 -0.0339
vn -0.0124 0.9999 0.0092
vn -0.0485 0.9986 0.0217
vn -0.0255 0.9996 0.0119
vn 0.0375 0.9992 -0.0101
vn 0.0961 0.9950 -0.0252
vn 0.1145 0.9931 -0.0243
vn 0.0870 0.9961 -0.0117
vn -0.0260 0.9997 0.0019
vn -0.2412 0.9704 0.0087
vn 0.8119 0.5838 0.0041
vn 0.1639 0.9864 0.0097
vn 0.9298 0.3680 0.0003
vn -0.8172 0.5763 -0.0073
vn -0.9330 0.3598 -0.0006
vn -0.1623 0.9866 -0.0132
vn 0.2571 0.9663 -0.0097
vn -0.0473 0.9987 -0.0181
vn 0.0573 0.9983 -0.0104
vn -0.0794 0.9964 -0.0282
vn -0.0784 0.9965 -0.0283
vn -0.0397 0.9992 -0.0095
vn 0.0158 0.9996 0.0231
vn 0.0505 0.9974 0.0506
vn 0.0423 0.9977 0.0528
vn -0.0039 0.9996 0.0284
vn -0.0340 0.9992 -0.0219
vn -0.0556 0.9955 -0.0761
vn -0.0427 0.9933 -0.1074
vn -0.0131 0.9927 -0.1196
vn 0.0198 0.9931 -0.1154
vn 0.0360 0.9951 -0.0915
vn 0.0203 0.9988 -0.0439
vn -0.0373 0.9991 0.0208
vn -0.0095 1.0000 -0.0027
vn -0.0433 0.9988 0.0248
vn -0.0018 1.0000 0.0007
vn 0.0590 0.9979 -0.0262
vn 0.1011 0.9942 -0.0376
vn 0.1034 0.9942 -0.0295
vn 0.0705 0.9974 -0.0111
vn -0.0373 0.9993 0.0045
vn -0.2444 0.9696 0.0108
vn 0.8128 0.5826 0.0049
vn 0.1649 0.9862 0.0111
vn 0.9302 0.3671 0.0003
vn -0.8164 0.5774 -0.0087
vn -0.9323 0.3616 -0.0006
vn -0.1641 0.9863 -0.0165
vn 0.2544 0.9670 -0.0120
vn -0.0365 0.9992 -0.0158
vn 0.0598 0.9982 -0.0099
vn -0.0698 0.9971 -0.0287
vn -0.0831 0.9959 -0.0367
vn -0.0645 0.9975 -0.0272
vn -0.0149 0.9999 -0.0026
vn 0.0194 0.9992 0.0347
vn 0.0435 0.9970 0.0643
vn 0.0269 0.9980 0.0569
vn -0.0168 0.9999 0.0005
vn 0.0124 0.9995 0.0297
vn -0.0163 0.9994 -0.0299
vn -0.0076 0.9988 -0.0477
vn 0.0039 0.9990 -0.0437
vn 0.0011 0.9998 -0.0205
vn -0.0321 0.9991 0.0286
vn -0.0207 0.9998 0.0058
vn -0.0435 0.9985 0.0338
vn -0.0197 0.9998 0.0104
vn 0.0289 0.9993 -0.0229
vn 0.0767 0.9960 -0.0460
vn 0.0974 0.9941 -0.0473
vn 0.0851 0.9959 -0.0301
vn 0.0494 0.9988 -0.0061
vn -0.0463 0.9989 0.0089
vn -0.2464 0.9691 0.0114
vn 0.8136 0.5813 0.0053
vn 0.1660 0.9861 0.0112
vn 0.9306 0.3661 0.0004
vn -0.8152 0.5791 -0.0096
vn -0.9316 0.3636 -0.0007
vn -0.1658 0.9860 -0.0193
vn 0.2501 0.9681 -0.0147
vn -0.0270 0.9996 -0.0115
vn 0.0586 0.9982 -0.0098
vn -0.0557 0.9982 -0.0237
vn -0.0773 0.9963 -0.0385
vn -0.0781 0.9960 -0.0423
vn -0.0475 0.9987 -0.0207
vn 0.0147 0.9991 0.0400
vn -0.0133 0.9999 0.0083
vn 0.0324 0.9971 0.0687
vn 0.0270 0.9970 0.0726
vn 0.0107 0.9983 0.0574
vn 0.0045 0.9992 0.0389
vn -0.0075 0.9994 0.0336
vn -0.0028 0.9995 0.0312
vn -0.0183 0.9990 0.0419
vn -0.0301 0.9985 0.0466
vn -0.0339 0.9987 0.0380
vn -0.0193 0.9997 0.0123
vn 0.0150 0.9996 -0.0231
vn 0.0559 0.9971 -0.0525
vn 0.0826 0.9946 -0.0622
vn 0.0825 0.9953 -0.0497
vn 0.0612 0.9978 -0.0251
vn -0.0530 0.9986 0.0077
vn 0.0295 0.9996 -0.0036
vn -0.2470 0.9690 0.0100
vn 0.8143 0.5804 0.0053
vn 0.1666 0.9860 0.0099
vn 0.9310 0.3650 0.0004
vn -0.8136 0.5813 -0.0098
vn -0.9308 0.3656 -0.0007
vn -0.1667 0.9858 -0.0212
vn 0.2450 0.9694 -0.0177
vn -0.0223 0.9997 -0.0079
vn 0.0536 0.9985 -0.0113
vn -0.0412 0.9990 -0.0152
vn -0.0624 0.9976 -0.0316
vn -0.0759 0.9960 -0.0466
vn -0.0702 0.9964 -0.0483
vn -0.0414 0.9988 -0.0264
vn 0.0082 0.9995 0.0316
vn -0.0205 0.9998 0.0041
vn 0.0190 0.9983 0.0550
vn 0.0182 0.9977 0.0657
vn 0.0113 0.9977 0.0663
vn 0.0021 0.9981 0.0609
vn -0.0079 0.9984 0.0552
vn -0.0143 0.9988 0.0468
vn -0.0159 0.9995 0.0289
vn -0.0064 1.0000 0.0007
vn 0.0161 0.9993 -0.0334
vn 0.0452 0.9970 -0.0624
vn 0.0678 0.9949 -0.0750
vn 0.0725 0.9951 -0.0665
vn 0.0582 0.9974 -0.0428
vn 0.0366 0.9992 -0.0165
vn -0.0582 0.9983 0.0059
vn 0.0164 0.9999 0.0001
vn -0.2469 0.9690 0.0065
vn 0.8148 0.5798 0.0052
vn 0.1660 0.9861 0.0078
vn 0.9315 0.3638 0.0004
vn -0.8118 0.5838 -0.0094
vn -0.9300 0.3676 -0.0006
vn -0.1662 0.9859 -0.0215
vn 0.2406 0.9704 -0.0204
vn -0.0241 0.9997 -0.0079
vn 0.0463 0.9988 -0.0150
vn -0.0317 0.9995 -0.0077
vn -0.0448 0.9988 -0.0189
vn -0.0606 0.9975 -0.0375
vn -0.0679 0.9963 -0.0535
vn -0.0607 0.9965 -0.0577
vn -0.0419 0.9980 -0.0472
vn -0.0199 0.9994 -0.0268
vn -0.0024 1.0000 -0.0045
vn 0.0083 0.9999 0.0115
vn 0.0087 0.9998 0.0199
vn 0.0072 0.9997 0.0215
vn 0.0031 0.9999 0.0126
vn 0.0048 1.0000 -0.0054
vn 0.0114 0.9995 -0.0293
vn 0.0249 0.9981 -0.0559
vn 0.0425 0.9961 -0.0779
vn 0.0568 0.9946 -0.0870
vn 0.0600 0.9951 -0.0788
vn 0.0494 0.9972 -0.0564
vn 0.0313 0.9991 -0.0294
vn 0.0173 0.9998 -0.0088
vn -0.0601 0.9982 0.0015
vn 0.0097 1.0000 0.0001
vn -0.2476 0.9689 0.0023
vn 0.8148 0.5797 0.0047
vn 0.1639 0.9865 0.0058
vn 0.9319 0.3627 0.0004
vn -0.8100 0.5863 -0.0086
vn -0.9293 0.3694 -0.0006
vn -0.1640 0.9862 -0.0201
vn 0.2384 0.9709 -0.0216
vn -0.0311 0.9994 -0.0123
vn 0.0400 0.9990 -0.0195
vn -0.0306 0.9995 -0.0059
vn -0.0324 0.9994 -0.0081
vn -0.0414 0.9989 -0.0210
vn -0.0510 0.9979 -0.0405
vn -0.0539 0.9968 -0.0584
vn -0.0472 0.9965 -0.0683
vn -0.0336 0.9971 -0.0685
vn -0.0178 0.9979 -0.0619
vn -0.0030 0.9986 -0.0527
vn 0.0045 0.9989 -0.0473
vn 0.0110 0.9987 -0.0492
vn 0.0167 0.9982 -0.0571
vn 0.0234 0.9973 -0.0697
vn 0.0320 0.9960 -0.0838
vn 0.0414 0.9947 -0.0941
vn 0.0479 0.9943 -0.0953
vn 0.0474 0.9953 -0.0843
vn 0.0380 0.9973 -0.0629
vn 0.0231 0.9990 -0.0377
vn 0.0104 0.9998 -0.0173
vn 0.0071 1.0000 -0.0069
vn 0.0083 1.0000 -0.0049
vn -0.2502 0.9682 -0.0013
vn -0.0613 0.9981 -0.0045
vn 0.8146 0.5800 0.0038
vn 0.1605 0.9870 0.0040
vn 0.9323 0.3617 0.0003
vn -0.8085 0.5885 -0.0076
vn -0.9286 0.3711 -0.0005
vn -0.1609 0.9868 -0.0181
vn 0.2389 0.9708 -0.0207
vn -0.0389 0.9991 -0.0189
vn 0.0373 0.9990 -0.0225
vn -0.0363 0.9993 -0.0113
vn -0.0297 0.9995 -0.0061
vn -0.0286 0.9996 -0.0087
vn -0.0319 0.9993 -0.0208
vn -0.0352 0.9986 -0.0390
vn -0.0345 0.9977 -0.0576
vn -0.0282 0.9970 -0.0722
vn -0.0178 0.9965 -0.0813
vn -0.0066 0.9963 -0.0852
vn 0.0058 0.9961 -0.0875
vn 0.0155 0.9957 -0.0912
vn 0.0240 0.9951 -0.0954
vn 0.0312 0.9946 -0.0989
vn 0.0366 0.9944 -0.0990
vn 0.0385 0.9949 -0.0931
vn 0.0354 0.9962 -0.0796
vn 0.0266 0.9978 -0.0601
vn 0.0145 0.9991 -0.0390
vn 0.0037 0.9998 -0.0219
vn 0.0008 0.9999 -0.0131
vn 0.0051 0.9999 -0.0120
vn 0.0087 0.9999 -0.0128
vn -0.2558 0.9667 -0.0033
vn -0.0647 0.9978 -0.0103
vn 0.8144 0.5802 0.0025
vn 0.1575 0.9875 0.0027
vn 0.9326 0.3608 0.0002
vn -0.8070 0.5905 -0.0063
vn -0.9281 0.3724 -0.0004
vn -0.1578 0.9873 -0.0155
vn 0.2414 0.9703 -0.0185
vn -0.0429 0.9988 -0.0238
vn 0.0390 0.9990 -0.0226
vn -0.0435 0.9988 -0.0202
vn -0.0346 0.9993 -0.0138
vn -0.0263 0.9996 -0.0091
vn -0.0212 0.9997 -0.0104
vn -0.0188 0.9996 -0.0190
vn -0.0168 0.9993 -0.0329
vn -0.0130 0.9987 -0.0485
vn -0.0081 0.9981 -0.0612
vn 0.0011 0.9974 -0.0719
vn 0.0110 0.9967 -0.0806
vn 0.0189 0.9962 -0.0849
vn 0.0251 0.9960 -0.0858
vn 0.0288 0.9962 -0.0828
vn 0.0290 0.9967 -0.0753
vn 0.0252 0.9977 -0.0634
vn 0.0177 0.9987 -0.0487
vn 0.0084 0.9994 -0.0341
vn 0.0005 0.9997 -0.0234
vn -0.0002 0.9998 -0.0197
vn -0.0029 0.9998 -0.0194
vn 0.0064 0.9998 -0.0207
vn 0.0070 0.9998 -0.0194
vn -0.2625 0.9649 -0.0068
vn -0.0708 0.9974 -0.0139
vn 0.1550 0.9879 -0.0017
vn 0.8140 0.5809 0.0007
vn 0.9328 0.3603 0.0001
vn -0.8057 0.5923 -0.0048
vn -0.9276 0.3735 -0.0003
vn -0.1549 0.9879 -0.0126
vn 0.2446 0.9695 -0.0160
vn -0.0413 0.9989 -0.0234
vn 0.0425 0.9989 -0.0201
vn -0.0463 0.9986 -0.0256
vn -0.0403 0.9989 -0.0239
vn -0.0309 0.9993 -0.0192
vn -0.0210 0.9997 -0.0150
vn -0.0127 0.9998 -0.0140
vn -0.0061 0.9998 -0.0176
vn -0.0010 0.9997 -0.0243
vn 0.0035 0.9994 -0.0339
vn 0.0111 0.9990 -0.0432
vn 0.0166 0.9987 -0.0489
vn 0.0209 0.9984 -0.0516
vn 0.0232 0.9984 -0.0510
vn 0.0228 0.9986 -0.0471
vn 0.0196 0.9990 -0.0406
vn 0.0139 0.9994 -0.0329
vn 0.0070 0.9996 -0.0261
vn 0.0015 0.9997 -0.0225
vn -0.0015 0.9997 -0.0242
vn -0.0019 0.9997 -0.0226
vn 0.0015 0.9997 -0.0261
vn 0.0054 0.9997 -0.0257
vn 0.0013 0.9998 -0.0204
vn -0.2679 0.9634 -0.0097
vn -0.0766 0.9970 -0.0149
vn 0.1520 0.9884 -0.0051
vn 0.9329 0.3602 -0.0001
vn 0.8132 0.5819 -0.0010
vn -0.8046 0.5938 -0.0032
vn -0.9274 0.3742 -0.0001
vn -0.1518 0.9884 -0.0095
vn 0.2445 0.9696 -0.0097
vn -0.0388 0.9992 0.0004
vn 0.0447 0.9990 -0.0007
vn -0.0433 0.9991 -0.0030
vn -0.0405 0.9992 -0.0072
vn -0.0339 0.9994 -0.0087
vn -0.0246 0.9997 -0.0074
vn -0.0145 0.9999 -0.0047
vn -0.0050 1.0000 -0.0023
vn 0.0024 1.0000 -0.0018
vn 0.0100 0.9999 -0.0031
vn 0.0155 0.9999 -0.0050
vn 0.0193 0.9998 -0.0065
vn 0.0213 0.9997 -0.0069
vn 0.0213 0.9998 -0.0061
vn 0.0193 0.9998 -0.0045
vn 0.0154 0.9999 -0.0029
vn 0.0106 0.9999 -0.0021
vn 0.0059 1.0000 -0.0030
vn 0.0008 1.0000 -0.0071
vn 0.0028 1.0000 -0.0049
vn 0.0004 1.0000 -0.0091
vn 0.0010 1.0000 -0.0084
vn 0.0009 1.0000 -0.0042
vn -0.0038 1.0000 0.0004
vn -0.2686 0.9632 -0.0092
vn 0.1488 0.9888 -0.0090
vn 0.8124 0.5831 -0.0029
vn -0.8036 0.5951 -0.0015
vn -0.1631 0.9865 0.0104
vn 0.0313 0.9917 0.1248
vn 0.2194 0.9732 0.0689
vn -0.0374 0.9910 0.1283
vn -0.0374 0.9917 0.1227
vn -0.0355 0.9925 0.1172
vn -0.0314 0.9932 0.1125
vn -0.0248 0.9937 0.1097
vn -0.0164 0.9939 0.1089
vn -0.0073 0.9939 0.1098
vn 0.0091 0.9935 0.1135
vn 0.0009 0.9938 0.1115
vn 0.0149 0.9932 0.1154
vn 0.0188 0.9930 0.1169
vn 0.0206 0.9928 0.1180
vn 0.0205 0.9927 0.1188
vn 0.0187 0.9927 0.1191
vn 0.0156 0.9928 0.1189
vn 0.0120 0.9929 0.1180
vn 0.0082 0.9931 0.1166
vn 0.0048 0.9933 0.1154
vn 0.0021 0.9934 0.1147
vn -0.0006 0.9932 0.1161
vn -0.0029 0.9928 0.1196
vn -0.0037 0.9924 0.1234
vn -0.0034 0.9921 0.1254
vn -0.0654 0.9906 0.1199
vn 0.1603 0.9871 0.0041
vn -0.2429 0.9679 0.0636
vn 0.9327 0.3607 -0.0002
vn 0.8113 0.5846 -0.0048
vn -0.8031 0.5959 0.0004
vn -0.2457 0.9675 0.0598
vn 0.1318 0.9690 0.2090
vn -0.0143 0.9636 0.2670
vn -0.0305 0.9609 0.2752
vn -0.0305 0.9625 0.2694
vn -0.0287 0.9642 0.2637
vn -0.0252 0.9658 0.2580
vn -0.0203 0.9672 0.2530
vn -0.0142 0.9683 0.2493
vn -0.0071 0.9689 0.2472
vn 0.0067 0.9690 0.2469
vn -0.0001 0.9692 0.2463
vn 0.0123 0.9685 0.2488
vn 0.0163 0.9679 0.2510
vn 0.0184 0.9672 0.2532
vn 0.0188 0.9667 0.2551
vn 0.0177 0.9663 0.2567
vn 0.0153 0.9660 0.2580
vn 0.0119 0.9658 0.2590
vn 0.0080 0.9655 0.2602
vn 0.0038 0.9651 0.2617
vn 0.0003 0.9646 0.2638
vn -0.0038 0.9639 0.2663
vn -0.0058 0.9633 0.2684
vn -0.0061 0.9628 0.2701
vn -0.0047 0.9623 0.2719
vn -0.0171 0.9657 0.2593
vn -0.1550 0.9679 0.1979
vn 0.2424 0.9690 0.0475
vn 0.9324 0.3615 -0.0004
vn 0.8103 0.5859 -0.0061
vn -0.9189 0.3942 -0.0174
vn -0.7369 0.6416 -0.2127
vn 0.0224 0.9514 -0.3070
vn -0.3133 0.8780 -0.3619
vn -0.0224 0.9604 -0.2778
vn -0.0239 0.9588 -0.2831
vn -0.0239 0.9572 -0.2883
vn -0.0224 0.9558 -0.2932
vn -0.0194 0.9545 -0.2976
vn -0.0153 0.9534 -0.3014
vn -0.0102 0.9524 -0.3046
vn -0.0048 0.9518 -0.3067
vn 0.0058 0.9515 -0.3076
vn 0.0008 0.9515 -0.3076
vn 0.0103 0.9518 -0.3067
vn 0.0136 0.9523 -0.3049
vn 0.0155 0.9530 -0.3026
vn 0.0159 0.9538 -0.3000
vn 0.0149 0.9546 -0.2974
vn 0.0126 0.9555 -0.2948
vn 0.0093 0.9563 -0.2924
vn 0.0054 0.9570 -0.2902
vn 0.0014 0.9576 -0.2882
vn -0.0018 0.9580 -0.2867
vn -0.0051 0.9582 -0.2861
vn -0.0067 0.9582 -0.2861
vn -0.0071 0.9582 -0.2861
vn -0.0060 0.9582 -0.2860
vn -0.0036 0.9584 -0.2854
vn -0.0429 0.9466 -0.3195
vn 0.7416 0.6315 -0.2265
vn 0.3093 0.8737 -0.3755
vn 0.9319 0.3628 -0.0005
vn -0.4741 0.6745 -0.5660
vn -0.7432 0.6087 -0.2778
vn -0.0740 0.5878 -0.8056
vn -0.0057 0.5332 -0.8460
vn -0.0066 0.5306 -0.8476
vn -0.0070 0.5277 -0.8494
vn -0.0070 0.5248 -0.8512
vn -0.0066 0.5219 -0.8530
vn -0.0057 0.5193 -0.8545
vn -0.0045 0.5172 -0.8558
vn -0.0030 0.5157 -0.8568
vn -0.0013 0.5147 -0.8574
vn 0.0004 0.5144 -0.8575
vn 0.0020 0.5148 -0.8573
vn 0.0032 0.5158 -0.8567
vn 0.0042 0.5173 -0.8558
vn 0.0046 0.5191 -0.8547
vn 0.0047 0.5210 -0.8535
vn 0.0043 0.5230 -0.8523
vn 0.0036 0.5247 -0.8513
vn 0.0026 0.5260 -0.8505
vn 0.0014 0.5269 -0.8499
vn -0.0008 0.5272 -0.8498
vn 0.0002 0.5272 -0.8497
vn -0.0016 0.5267 -0.8501
vn -0.0022 0.5260 -0.8505
vn -0.0023 0.5251 -0.8511
vn -0.0020 0.5242 -0.8516
vn -0.0013 0.5236 -0.8520
vn -0.0002 0.5233 -0.8522
vn 0.0701 0.5767 -0.8139
vn 0.9231 0.3842 -0.0179
vn 0.4770 0.6640 -0.5757
vn -0.2778 0.6087 -0.7432
vn -0.0004 0.4266 -0.9044
vn -0.0005 0.4252 -0.9051
vn -0.0006 0.4235 -0.9059
vn -0.0007 0.4216 -0.9068
vn -0.0007 0.4195 -0.9077
vn -0.0007 0.4175 -0.9087
vn -0.0006 0.4157 -0.9095
vn -0.0005 0.4141 -0.9102
vn -0.0003 0.4129 -0.9108
vn -0.0002 0.4121 -0.9111
vn 0.0001 0.4120 -0.9112
vn 0.0003 0.4124 -0.9110
vn 0.0004 0.4133 -0.9106
vn 0.0004 0.4145 -0.9101
vn 0.0005 0.4158 -0.9095
vn 0.0004 0.4172 -0.9088
vn 0.0004 0.4184 -0.9082
vn 0.0003 0.4195 -0.9078
vn 0.0002 0.4203 -0.9074
vn 0.0001 0.4208 -0.9072
vn -0.0000 0.4209 -0.9071
vn -0.0001 0.4206 -0.9073
vn -0.0002 0.4200 -0.9075
vn -0.0002 0.4194 -0.9078
vn -0.0002 0.4187 -0.9081
vn -0.0002 0.4182 -0.9084
vn -0.0000 0.4179 -0.9085
vn 0.0002 0.4180 -0.9084
vn 0.7478 0.6019 -0.2801
vn 0.2801 0.6019 -0.7478
vn -0.0000 -0.0000 1.0000
vn 1.0000 -0.0000 -0.0000
vn -0.0000 -0.0000 -1.0000
vn -1.0000 -0.0000 -0.0000
vn -0.0195 -0.9996 -0.0181
vn -0.0795 -0.9945 -0.0681
vn -0.2071 -0.9639 -0.1672
vn -0.3979 -0.8659 -0.3032
vn -0.5615 -0.7211 -0.4059
vn -0.6380 -0.6287 -0.4446
vn -0.6175 -0.6541 -0.4368
vn -0.3930 -0.8452 -0.3621
vn 0.2382 -0.9652 -0.1081
vn 0.6373 -0.7655 0.0887
vn 0.7134 -0.6893 0.1263
vn 0.6545 -0.7489 0.1037
vn 0.4867 -0.8715 0.0596
vn 0.2704 -0.9625 0.0213
vn 0.1126 -0.9936 0.0035
vn 0.0370 -0.9993 -0.0007
vn 0.0099 -1.0000 -0.0007
vn 0.0021 -1.0000 -0.0003
vn -0.0000 -1.0000 -0.0000
vn -0.0019 -1.0000 0.0003
vn -0.0084 -1.0000 0.0017
vn -0.0297 -0.9995 0.0077
vn -0.0855 -0.9960 0.0263
vn -0.1959 -0.9782 0.0693
vn -0.3465 -0.9280 0.1371
vn -0.4677 -0.8609 0.2004
vn -0.4942 -0.8420 0.2164
vn -0.3705 -0.9193 0.1329
vn -0.0251 -0.9940 -0.1066
vn 0.3223 -0.8821 -0.3435
vn 0.4510 -0.7805 -0.4329
vn 0.4410 -0.7904 -0.4252
vn 0.3471 -0.8720 -0.3452
vn 0.2006 -0.9571 -0.2091
vn 0.0865 -0.9917 -0.0953
vn 0.0291 -0.9990 -0.0341
vn 0.0078 -0.9999 -0.0099
vn 0.0017 -1.0000 -0.0023
vn 0.0003 -1.0000 -0.0005
vn -0.0000 -1.0000 -0.0001
vn -0.0001 -1.0000 0.0001
vn -0.0004 -1.0000 0.0007
vn -0.0019 -1.0000 0.0036
vn -0.0073 -0.9998 0.0161
vn -0.0231 -0.9980 0.0583
vn -0.0580 -0.9837 0.1700
vn -0.1095 -0.9184 0.3801
vn -0.1475 -0.7749 0.6146
vn -0.1525 -0.6355 0.7569
vn -0.1475 -0.5916 0.7927
vn -0.1745 -0.7000 0.6925
vn -0.2840 -0.9451 0.1617
vn -0.3163 -0.7645 -0.5617
vn -0.3028 -0.5873 -0.7506
vn -0.3028 -0.5840 -0.7532
vn -0.2862 -0.6961 -0.6584
vn -0.2215 -0.8591 -0.4614
vn -0.1243 -0.9643 -0.2339
vn -0.0516 -0.9948 -0.0879
vn -0.0168 -0.9995 -0.0261
vn -0.0042 -1.0000 -0.0060
vn 0.0003 -1.0000 0.0006
vn 0.0058 -1.0000 0.0080
vn 0.0237 -0.9993 0.0299
vn 0.0752 -0.9932 0.0888
vn 0.1867 -0.9602 0.2075
vn 0.3435 -0.8665 0.3622
vn 0.4675 -0.7465 0.4735
vn 0.5060 -0.6999 0.5041
vn 0.4281 -0.7842 0.4492
vn 0.1088 -0.9676 0.2280
vn -0.3519 -0.9295 -0.1106
vn -0.5446 -0.7985 -0.2565
vn -0.5528 -0.7910 -0.2623
vn -0.4508 -0.8697 -0.2011
vn -0.2830 -0.9522 -0.1149
vn -0.1340 -0.9898 -0.0483
vn -0.0497 -0.9986 -0.0155
vn -0.0149 -0.9999 -0.0039
vn -0.0036 -1.0000 -0.0008
vn -0.0007 -1.0000 -0.0001
vn -0.0001 -1.0000 -0.0000
vn 0.0004 -1.0000 -0.0000
vn 0.0024 -1.0000 -0.0000
vn 0.0109 -0.9999 -0.0004
vn 0.0407 -0.9992 -0.0038
vn 0.1237 -0.9922 -0.0176
vn 0.2948 -0.9539 -0.0560
vn 0.5196 -0.8458 -0.1214
vn 0.6812 -0.7086 -0.1837
vn 0.7343 -0.6450 -0.2116
vn 0.6660 -0.7271 -0.1666
vn 0.2609 -0.9612 0.0895
vn -0.4121 -0.8057 0.4254
vn -0.6204 -0.5976 0.5079
vn -0.6382 -0.5717 0.5156
vn -0.5718 -0.6676 0.4769
vn -0.4197 -0.8304 0.3665
vn -0.2252 -0.9521 0.2068
vn -0.0917 -0.9919 0.0884
vn -0.0267 -0.9993 0.0272
vn -0.0061 -1.0000 0.0066
vn -0.0002 -1.0000 0.0004
vn 0.0040 -1.0000 -0.0044
vn 0.0147 -0.9997 -0.0176
vn 0.0422 -0.9976 -0.0543
vn 0.0970 -0.9862 -0.1341
vn 0.1747 -0.9499 -0.2592
vn 0.2432 -0.8906 -0.3842
vn 0.2702 -0.8552 -0.4423
vn 0.2457 -0.8923 -0.3787
vn 0.1640 -0.9773 -0.1344
vn 0.0549 -0.9753 0.2140
vn -0.0049 -0.9063 0.4225
vn -0.0121 -0.8909 0.4540
vn 0.0006 -0.9299 0.3678
vn 0.0104 -0.9733 0.2291
vn 0.0106 -0.9940 0.1088
vn 0.0060 -0.9994 0.0339
vn -0.0006 -0.9998 -0.0184
vn -0.0145 -0.9956 -0.0926
vn -0.0494 -0.9716 -0.2313
vn -0.1120 -0.8977 -0.4261
vn -0.1780 -0.7899 -0.5868
vn -0.2094 -0.7342 -0.6458
vn -0.1605 -0.8057 -0.5702
vn 0.0789 -0.9757 -0.2046
vn 0.3926 -0.8553 0.3381
vn 0.4993 -0.6758 0.5422
vn 0.5105 -0.6511 0.5616
vn 0.4598 -0.7405 0.4901
vn 0.3365 -0.8772 0.3426
vn 0.1824 -0.9672 0.1766
vn 0.0733 -0.9950 0.0673
vn 0.0176 -0.9997 0.0149
vn 0.9294 0.3692 -0.0000
s 1
f 2//1 34//2 1//3
f 3//4 35//5 2//1
f 4//6 36//7 3//4
f 5//8 37//9 4//6
f 6//10 38//11 5//8
f 7//12 39//13 6//10
f 8//14 40//15 7//12
f 9//16 41//17 8//14
f 10//18 42//19 9//16
f 11//20 43//21 10//18
f 12//22 44//23 11//20
f 13//24 45//25 12//22
f 13//24 47//26 46//27
f 14//28 48//29 47//26
f 15//30 49//31 48//29
f 16//32 50//33 49//31
f 17//34 51//35 50//33
f 18//36 52//37 51//35
f 19//38 53//39 52//37
f 20//40 54//41 53//39
f 21//42 55//43 54//41
f 22//44 56//45 55//43
f 24//46 56//45 23//46
f 25//47 57//48 24//46
f 26//49 58//50 25//47
f 27//51 59//52 26//49
f 28//53 60//54 27//51
f 29//55 61//56 28//53
f 30//57 62//58 29//55
f 30//57 64//59 63//60
f 31//61 65//62 64//59
f 32//63 66//64 65//62
f 35//5 67//65 34//2
f 36//7 68//66 35//5
f 37//9 69//67 36//7
f 38//11 70//68 37//9
f 39//13 71//69 38//11
f 40//15 72//70 39//13
f 41//17 73//71 40//15
f 42//19 74//72 41//17
f 43//21 75//73 42//19
f 44//23 76//74 43//21
f 45//25 77//75 44//23
f 46//27 78//76 45//25
f 46//27 80//77 79//78
f 47//26 81//79 80//77
f 48//29 82//80 81//79
f 49//31 83//81 82//80
f 50//33 84//82 83//81
f 51//35 85//83 84//82
f 52//37 86//84 85//83
f 53//39 87//85 86//84
f 54//41 88//86 87//85
f 55//43 89//87 88//86
f 57//48 89//87 56//45
f 58//50 90//88 57//48
f 59//52 91//89 58//50
f 60//54 92//90 59//52
f 61//56 93//91 60//54
f 62//58 94//92 61//56
f 63//60 95//93 62//58
f 63//60 97//94 96//95
f 64//59 98//96 97//94
f 65//62 99//97 98//96
f 67//65 101//98 100//99
f 68//66 102//100 101//98
f 70//68 102//100 69//67
f 70//68 104//101 103//102
f 71//69 105//103 104//101
f 72//70 106//104 105//103
f 73//71 107//105 106//104
f 74//72 108//106 107//105
f 75//73 109//107 108//106
f 76//74 110//108 109//107
f 77//75 111//109 110//108
f 78//76 112//110 111//109
f 80//77 112//110 79//78
f 81//79 113//111 80//77
f 82//80 114//112 81//79
f 83//81 115//113 82//80
f 84//82 116//114 83//81
f 85//83 117//115 84//82
f 86//84 118//116 85//83
f 87//85 119//117 86//84
f 88//86 120//118 87//85
f 89//87 121//119 88//86
f 90//88 122//120 89//87
f 90//88 124//121 123//122
f 91//89 125//123 124//121
f 92//90 126//124 125//123
f 93//91 127//125 126//124
f 94//92 128//126 127//125
f 95//93 129//127 128//126
f 96//95 130//128 129//127
f 98//96 130//128 97//94
f 98//96 132//129 131//130
f 101//98 133//99 100//99
f 102//100 134//131 101//98
f 103//102 135//132 102//100
f 104//101 136//133 103//102
f 104//101 138//134 137//135
f 105//103 139//136 138//134
f 106//104 140//137 139//136
f 107//105 141//138 140//137
f 108//106 142//139 141//138
f 109//107 143//140 142//139
f 110//108 144//141 143//140
f 111//109 145//142 144//141
f 113//111 145//142 112//110
f 114//112 146//143 113//111
f 115//113 147//144 114//112
f 116//114 148//145 115//113
f 117//115 149//146 116//114
f 118//116 150//147 117//115
f 119//117 151//148 118//116
f 120//118 152//149 119//117
f 121//119 153//150 120//118
f 122//120 154//151 121//119
f 123//122 155//152 122//120
f 123//122 157//153 156//154
f 124//121 158//155 157//153
f 125//123 159//156 158//155
f 126//124 160//157 159//156
f 127//125 161//158 160//157
f 128//126 162//159 161//158
f 129//127 163//160 162//159
f 130//128 164//161 163//160
f 131//130 165//162 164//161
f 134//131 166//163 133//99
f 135//132 167//164 134//131
f 135//132 169//165 168//166
f 137//135 169//165 136//133
f 137//135 171//167 170//168
f 138//134 172//169 171//167
f 139//136 173//170 172//169
f 140//137 174//171 173//170
f 141//138 175//172 174//171
f 142//139 176//173 175//172
f 143//140 177//174 176//173
f 144//141 178//175 177//174
f 146//143 178//175 145//142
f 147//144 179//176 146//143
f 148//145 180//177 147//144
f 149//146 181//178 148//145
f 150//147 182//179 149//146
f 151//148 183//180 150//147
f 152//149 184//181 151//148
f 153//150 185//182 152//149
f 154//151 186//183 153//150
f 155//152 187//184 154//151
f 156//154 188//185 155//152
f 157//153 189//186 156//154
f 157//153 191//187 190//188
f 158//155 192//189 191//187
f 159//156 193//190 192//189
f 160//157 194//191 193//190
f 161//158 195//192 194//191
f 163//160 195//192 162//159
f 163//160 197//193 196//194
f 164//161 198//195 197//193
f 167//164 199//196 166//163
f 168//166 200//197 167//164
f 168//166 202//198 201//199
f 169//165 203//200 202//198
f 171//167 203//200 170//168
f 172//169 204//201 171//167
f 173//170 205//202 172//169
f 174//171 206//203 173//170
f 175//172 207//204 174//171
f 176//173 208//205 175//172
f 177//174 209//206 176//173
f 178//175 210//207 177//174
f 178//175 212//208 211//209
f 179//176 213//210 212//208
f 180//177 214//211 213//210
f 181//178 215//212 214//211
f 182//179 216//213 215//212
f 183//180 217//214 216//213
f 184//181 218//215 217//214
f 185//182 219//216 218//215
f 186//183 220//217 219//216
f 187//184 221//218 220//217
f 189//186 221//218 188//185
f 190//188 222//219 189//186
f 190//188 224//220 223//221
f 191//187 225//222 224//220
f 192//189 226//223 225//222
f 194//191 226//223 193//190
f 195//192 227//224 194//191
f 196//194 228//225 195//192
f 196//194 230//226 229//227
f 197//193 231//228 230//226
f 200//197 232//229 199//196
f 201//199 233//230 200//197
f 201//199 235//231 234//232
f 202//198 236//233 235//231
f 204//201 236//233 203//200
f 205//202 237//234 204//201
f 206//203 238//235 205//202
f 207//204 239//236 206//203
f 208//205 240//237 207//204
f 209//206 241//238 208//205
f 210//207 242//239 209//206
f 211//209 243//240 210//207
f 212//208 244//241 211//209
f 212//208 246//242 245//243
f 213//210 247//244 246//242
f 214//211 248//245 247//244
f 215//212 249//246 248//245
f 216//213 250//247 249//246
f 217//214 251//248 250//247
f 218//215 252//249 251//248
f 219//216 253//250 252//249
f 220//217 254//251 253//250
f 221//218 255//252 254//251
f 223//221 255//252 222//219
f 224//220 256//253 223//221
f 224//220 258//254 257//255
f 225//222 259//256 258//254
f 226//223 260//257 259//256
f 228//225 260//257 227//224
f 229//227 261//258 228//225
f 229//227 263//259 262//260
f 231//228 263//259 230//226
f 233//230 265//261 232//229
f 234//232 266//262 233//230
f 234//232 268//263 267//264
f 235//231 269//265 268//263
f 237//234 269//265 236//233
f 238//235 270//266 237//234
f 239//236 271//267 238//235
f 240//237 272//268 239//236
f 241//238 273//269 240//237
f 242//239 274//270 241//238
f 243//240 275//271 242//239
f 244//241 276//272 243//240
f 245//243 277//273 244//241
f 246//242 278//274 245//243
f 246//242 280//275 279//276
f 247//244 281//277 280//275
f 248//245 282//278 281//277
f 249//246 283//279 282//278
f 250//247 284//280 283//279
f 251//248 285//281 284//280
f 252//249 286//282 285//281
f 253//250 287//283 286//282
f 254//251 288//284 287//283
f 255//252 289//285 288//284
f 257//255 289//285 256//253
f 257//255 291//286 290//287
f 258//254 292//288 291//286
f 259//256 293//289 292//288
f 261//258 293//289 260//257
f 262//260 294//290 261//258
f 263//259 295//291 262//260
f 264//292 296//293 263//259
f 266//262 298//294 265//261
f 267//264 299//295 266//262
f 267//264 301//296 300//297
f 268//263 302//298 301//296
f 270//266 302//298 269//265
f 271//267 303//299 270//266
f 272//268 304//300 271//267
f 273//269 305//301 272//268
f 274//270 306//302 273//269
f 275//271 307//303 274//270
f 276//272 308//304 275//271
f 277//273 309//305 276//272
f 278//274 310//306 277//273
f 279//276 311//307 278//274
f 280//275 312//308 279//276
f 280//275 314//309 313//310
f 281//277 315//311 314//309
f 282//278 316//312 315//311
f 283//279 317//313 316//312
f 284//280 318//314 317//313
f 285//281 319//315 318//314
f 286//282 320//316 319//315
f 287//283 321//317 320//316
f 288//284 322//318 321//317
f 289//285 323//319 322//318
f 290//287 324//320 323//319
f 291//286 325//321 324//320
f 292//288 326//322 325//321
f 294//290 326//322 293//289
f 294//290 328//323 327//324
f 296//293 328//323 295//291
f 297//325 329//326 296//293
f 299//295 331//327 298//294
f 300//297 332//328 299//295
f 300//297 334//329 333//330
f 301//296 335//331 334//329
f 303//299 335//331 302//298
f 304//300 336//332 303//299
f 305//301 337//333 304//300
f 306//302 338//334 305//301
f 307//303 339//335 306//302
f 308//304 340//336 307//303
f 309//305 341//337 308//304
f 310//306 342//338 309//305
f 311//307 343//339 310//306
f 312//308 344//340 311//307
f 312//308 346//341 345//342
f 313//310 347//343 346//341
f 314//309 348//344 347//343
f 315//311 349//345 348//344
f 316//312 350//346 349//345
f 317//313 351//347 350//346
f 318//314 352//348 351//347
f 319//315 353//349 352//348
f 320//316 354//350 353//349
f 321//317 355//351 354//350
f 322//318 356//352 355//351
f 323//319 357//353 356//352
f 324//320 358//354 357//353
f 325//321 359//355 358//354
f 327//324 359//355 326//322
f 327//324 361//356 360//357
f 329//326 361//356 328//323
f 330//358 362//359 329//326
f 332//328 364//360 331//327
f 333//330 365//361 332//328
f 333//330 367//362 366//363
f 334//329 368//364 367//362
f 336//332 368//364 335//331
f 337//333 369//365 336//332
f 338//334 370//366 337//333
f 339//335 371//367 338//334
f 340//336 372//368 339//335
f 341//337 373//369 340//336
f 342//338 374//370 341//337
f 343//339 375//371 342//338
f 344//340 376//372 343//339
f 345//342 377//373 344//340
f 346//341 378//374 345//342
f 347//343 379//375 346//341
f 348//344 380//376 347//343
f 348//344 382//377 381//378
f 349//345 383//379 382//377
f 350//346 384//380 383//379
f 351//347 385//381 384//380
f 352//348 386//382 385//381
f 353//349 387//383 386//382
f 354//350 388//384 387//383
f 355//351 389//385 388//384
f 356//352 390//386 389//385
f 357//353 391//387 390//386
f 359//355 391//387 358//354
f 359//355 393//388 392//389
f 360//357 394//390 393//388
f 362//359 394//390 361//356
f 363//391 395//392 362//359
f 365//361 397//393 364//360
f 366//363 398//394 365//361
f 366//363 400//395 399//396
f 367//362 401//397 400//395
f 369//365 401//397 368//364
f 370//366 402//398 369//365
f 371//367 403//399 370//366
f 372//368 404//400 371//367
f 373//369 405//401 372//368
f 374//370 406//402 373//369
f 374//370 408//403 407//404
f 376//372 408//403 375//371
f 377//373 409//405 376//372
f 378//374 410//406 377//373
f 379//375 411//407 378//374
f 380//376 412//408 379//375
f 380//376 414//409 413//410
f 381//378 415//411 414//409
f 382//377 416//412 415//411
f 383//379 417//413 416//412
f 384//380 418//414 417//413
f 385//381 419//415 418//414
f 386//382 420//416 419//415
f 387//383 421//417 420//416
f 388//384 422//418 421//417
f 389//385 423//419 422//418
f 390//386 424//420 423//419
f 392//389 424//420 391//387
f 392//389 426//421 425//422
f 393//388 427//423 426//421
f 395//392 427//423 394//390
f 396//424 428//425 395//392
f 398//394 430//426 397//393
f 399//396 431//427 398//394
f 399//396 433//428 432//429
f 400//395 434//430 433//428
f 402//398 434//430 401//397
f 403//399 435//431 402//398
f 404//400 436//432 403//399
f 405//401 437//433 404//400
f 406//402 438//434 405//401
f 406//402 440//435 439//436
f 408//403 440//435 407//404
f 409//405 441//437 408//403
f 410//406 442//438 409//405
f 411//407 443//439 410//406
f 411//407 445//440 444//441
f 412//408 446//442 445//440
f 414//409 446//442 413//410
f 414//409 448//443 447//444
f 415//411 449//445 448//443
f 416//412 450//446 449//445
f 417//413 451//447 450//446
f 418//414 452//448 451//447
f 419//415 453//449 452//448
f 420//416 454//450 453//449
f 421//417 455//451 454//450
f 422//418 456//452 455//451
f 423//419 457//453 456//452
f 425//422 457//453 424//420
f 425//422 459//454 458//455
f 426//421 460//456 459//454
f 428//425 460//456 427//423
f 429//457 461//458 428//425
f 431//427 463//459 430//426
f 432//429 464//460 431//427
f 432//429 466//461 465//462
f 433//428 467//463 466//461
f 435//431 467//463 434//430
f 436//432 468//464 435//431
f 437//433 469//465 436//432
f 438//434 470//466 437//433
f 439//436 471//467 438//434
f 440//435 472//468 439//436
f 441//437 473//469 440//435
f 442//438 474//470 441//437
f 442//438 476//471 475//472
f 444//441 476//471 443//439
f 445//440 477//473 444//441
f 446//442 478//474 445//440
f 446//442 480//475 479//476
f 447//444 481//477 480//475
f 448//443 482//478 481//477
f 450//446 482//478 449//445
f 450//446 484//479 483//480
f 451//447 485//481 484//479
f 452//448 486//482 485//481
f 453//449 487//483 486//482
f 454//450 488//484 487//483
f 455//451 489//485 488//484
f 456//452 490//486 489//485
f 457//453 491//487 490//486
f 458//455 492//488 491//487
f 459//454 493//489 492//488
f 461//458 493//489 460//456
f 462//490 494//491 461//458
f 464//460 496//492 463//459
f 465//462 497//493 464//460
f 465//462 499//494 498//495
f 466//461 500//496 499//494
f 468//464 500//496 467//463
f 469//465 501//497 468//464
f 470//466 502//498 469//465
f 471//467 503//499 470//466
f 472//468 504//500 471//467
f 473//469 505//501 472//468
f 474//470 506//502 473//469
f 475//472 507//503 474//470
f 476//471 508//504 475//472
f 477//473 509//505 476//471
f 478//474 510//506 477//473
f 479//476 511//507 478//474
f 479//476 513//508 512//509
f 480//475 514//510 513//508
f 481//477 515//511 514//510
f 482//478 516//512 515//511
f 484//479 516//512 483//480
f 484//479 518//513 517//514
f 485//481 519//515 518//513
f 486//482 520//516 519//515
f 487//483 521//517 520//516
f 488//484 522//518 521//517
f 489//485 523//519 522//518
f 490//486 524//520 523//519
f 491//487 525//521 524//520
f 492//488 526//522 525//521
f 494//491 526//522 493//489
f 495//523 527//524 494//491
f 497//493 529//525 496//492
f 498//495 530//526 497//493
f 498//495 532//527 531//528
f 499//494 533//529 532//527
f 501//497 533//529 500//496
f 502//498 534//530 501//497
f 503//499 535//531 502//498
f 504//500 536//532 503//499
f 505//501 537//533 504//500
f 506//502 538//534 505//501
f 507//503 539//535 506//502
f 508//504 540//536 507//503
f 509//505 541//537 508//504
f 510//506 542//538 509//505
f 511//507 543//539 510//506
f 512//509 544//540 511//507
f 513//508 545//541 512//509
f 513//508 547//542 546//543
f 514//510 548//544 547//542
f 515//511 549//545 548//544
f 516//512 550//546 549//545
f 517//514 551//547 550//546
f 518//513 552//548 551//547
f 519//515 553//549 552//548
f 520//516 554//550 553//549
f 521//517 555//551 554//550
f 522//518 556//552 555//551
f 523//519 557//553 556//552
f 524//520 558//554 557//553
f 525//521 559//555 558//554
f 527//524 559//555 526//522
f 528//556 560//557 527//524
f 530//526 562//558 529//525
f 531//528 563//559 530//526
f 531//528 565//560 564//561
f 532//527 566//562 565//560
f 534//530 566//562 533//529
f 535//531 567//563 534//530
f 536//532 568//564 535//531
f 536//532 570//565 569//566
f 538//534 570//565 537//533
f 539//535 571//567 538//534
f 540//536 572//568 539//535
f 541//537 573//569 540//536
f 542//538 574//570 541//537
f 543//539 575//571 542//538
f 544//540 576//572 543//539
f 544//540 578//573 577//574
f 545//541 579//575 578//573
f 546//543 580//576 579//575
f 547//542 581//577 580//576
f 548//544 582//578 581//577
f 549//545 583//579 582//578
f 551//547 583//579 550//546
f 551//547 585//580 584//581
f 552//548 586//582 585//580
f 553//549 587//583 586//582
f 554//550 588//584 587//583
f 555//551 589//585 588//584
f 556//552 590//586 589//585
f 557//553 591//587 590//586
f 558//554 592//588 591//587
f 560//557 592//588 559//555
f 561//589 593//590 560//557
f 563//559 595//591 562//558
f 564//561 596//592 563//559
f 564//561 598//593 597//594
f 565//560 599//595 598//593
f 567//563 599//595 566//562
f 568//564 600//596 567//563
f 569//566 601//597 568//564
f 569//566 603//598 602//599
f 571//567 603//598 570//565
f 572//568 604//600 571//567
f 572//568 606//601 605//602
f 574//570 606//601 573//569
f 575//571 607//603 574//570
f 576//572 608//603 575//571
f 576//572 610//604 609//605
f 578//573 610//604 577//574
f 578//573 612//606 611//607
f 579//575 613//608 612//606
f 580//576 614//609 613//608
f 581//577 615//610 614//609
f 582//578 616//611 615//610
f 583//579 617//612 616//611
f 584//581 618//613 617//612
f 585//580 619//614 618//613
f 586//582 620//615 619//614
f 587//583 621//616 620//615
f 588//584 622//617 621//616
f 589//585 623//618 622//617
f 590//586 624//619 623//618
f 591//587 625//620 624//619
f 593//590 625//620 592//588
f 594//621 626//622 593//590
f 595//591 629//623 628//624
f 596//592 630//625 629//623
f 598//593 630//625 597//594
f 599//595 631//626 598//593
f 599//595 633//627 632//628
f 600//596 634//629 633//627
f 601//597 635//630 634//629
f 603//598 635//630 602//599
f 603//598 637//631 636//632
f 604//600 638//633 637//631
f 606//601 638//633 605//602
f 606//601 640//634 639//635
f 607//603 641//636 640//634
f 608//603 642//637 641//636
f 610//604 642//637 609//605
f 610//604 644//638 643//639
f 612//606 644//638 611//607
f 613//608 645//640 612//606
f 614//609 646//641 613//608
f 615//610 647//642 614//609
f 616//611 648//643 615//610
f 617//612 649//644 616//611
f 618//613 650//645 617//612
f 619//614 651//646 618//613
f 620//615 652//647 619//614
f 621//616 653//648 620//615
f 622//617 654//649 621//616
f 623//618 655//650 622//617
f 624//619 656//651 623//618
f 625//620 657//652 624//619
f 625//620 659//653 658//654
f 626//622 660//655 659//653
f 628//624 662//656 661//657
f 629//623 663//658 662//656
f 631//626 663//658 630//625
f 632//628 664//659 631//626
f 632//628 666//660 665//661
f 633//627 667//662 666//660
f 634//629 668//663 667//662
f 636//632 668//663 635//630
f 636//632 670//664 669//665
f 637//631 671//666 670//664
f 638//633 672//667 671//666
f 639//635 673//668 672//667
f 640//634 674//669 673//668
f 641//636 675//670 674//669
f 642//637 676//671 675//670
f 644//638 676//671 643//639
f 645//640 677//672 644//638
f 646//641 678//673 645//640
f 647//642 679//674 646//641
f 648//643 680//675 647//642
f 649//644 681//676 648//643
f 649//644 683//677 682//678
f 651//646 683//677 650//645
f 652//647 684//679 651//646
f 653//648 685//680 652//647
f 654//649 686//681 653//648
f 655//650 687//682 654//649
f 656//651 688//683 655//650
f 657//652 689//684 656//651
f 658//654 690//685 657//652
f 658//654 692//686 691//687
f 659//653 693//688 692//686
f 661//657 695//689 694//690
f 662//656 696//691 695//689
f 664//659 696//691 663//658
f 665//661 697//692 664//659
f 665//661 699//693 698//694
f 666//660 700//695 699//693
f 667//662 701//696 700//695
f 668//663 702//697 701//696
f 669//665 703//698 702//697
f 670//664 704//699 703//698
f 671//666 705//700 704//699
f 672//667 706//701 705//700
f 673//668 707//702 706//701
f 674//669 708//703 707//702
f 675//670 709//704 708//703
f 676//671 710//705 709//704
f 677//672 711//706 710//705
f 679//674 711//706 678//673
f 680//675 712//707 679//674
f 681//676 713//708 680//675
f 682//678 714//709 681//676
f 683//677 715//710 682//678
f 684//679 716//711 683//677
f 685//680 717//712 684//679
f 686//681 718//713 685//680
f 687//682 719//714 686//681
f 688//683 720//715 687//682
f 689//684 721//716 688//683
f 690//685 722//717 689//684
f 691//687 723//718 690//685
f 691//687 725//719 724//720
f 692//686 726//721 725//719
f 694//690 728//722 727//723
f 695//689 729//724 728//722
f 697//692 729//724 696//691
f 698//694 730//725 697//692
f 698//694 732//726 731//727
f 699//693 733//728 732//726
f 700//695 734//729 733//728
f 701//696 735//730 734//729
f 702//697 736//731 735//730
f 703//698 737//732 736//731
f 704//699 738//733 737//732
f 705//700 739//734 738//733
f 706//701 740//735 739//734
f 707//702 741//736 740//735
f 708//703 742//737 741//736
f 709//704 743//738 742//737
f 711//706 743//738 710//705
f 712//707 744//739 711//706
f 713//708 745//740 712//707
f 714//709 746//741 713//708
f 714//709 748//742 747//743
f 716//711 748//742 715//710
f 717//712 749//744 716//711
f 718//713 750//745 717//712
f 719//714 751//746 718//713
f 720//715 752//747 719//714
f 721//716 753//748 720//715
f 722//717 754//749 721//716
f 723//718 755//750 722//717
f 724//720 756//751 723//718
f 724//720 758//752 757//753
f 725//719 759//754 758//752
f 727//723 761//755 760//756
f 728//722 762//757 761//755
f 730//725 762//757 729//724
f 731//727 763//758 730//725
f 731//727 765//759 764//760
f 732//726 766//761 765//759
f 733//728 767//762 766//761
f 734//729 768//763 767//762
f 735//730 769//764 768//763
f 736//731 770//765 769//764
f 737//732 771//766 770//765
f 738//733 772//767 771//766
f 740//735 772//767 739//734
f 740//735 774//768 773//769
f 741//736 775//770 774//768
f 742//737 776//771 775//770
f 744//739 776//771 743//738
f 745//740 777//772 744//739
f 746//741 778//773 745//740
f 746//741 780//774 779//775
f 748//742 780//774 747//743
f 749//744 781//776 748//742
f 750//745 782//777 749//744
f 751//746 783//778 750//745
f 752//747 784//779 751//746
f 753//748 785//780 752//747
f 754//749 786//781 753//748
f 755//750 787//782 754//749
f 756//751 788//783 755//750
f 757//753 789//784 756//751
f 757//753 791//785 790//786
f 758//752 792//787 791//785
f 760//756 794//788 793//789
f 761//755 795//790 794//788
f 763//758 795//790 762//757
f 764//760 796//791 763//758
f 764//760 798//792 797//793
f 765//759 799//794 798//792
f 766//761 800//795 799//794
f 767//762 801//796 800//795
f 768//763 802//797 801//796
f 770//765 802//797 769//764
f 770//765 804//798 803//799
f 771//766 805//800 804//798
f 772//767 806//801 805//800
f 773//769 807//802 806//801
f 775//770 807//802 774//768
f 776//771 808//803 775//770
f 776//771 810//804 809//805
f 778//773 810//804 777//772
f 779//775 811//806 778//773
f 780//774 812//807 779//775
f 781//776 813//808 780//774
f 782//777 814//809 781//776
f 783//778 815//810 782//777
f 784//779 816//811 783//778
f 785//780 817//812 784//779
f 786//781 818//813 785//780
f 787//782 819//814 786//781
f 787//782 821//815 820//816
f 789//784 821//815 788//783
f 790//786 822//817 789//784
f 790//786 824//818 823//819
f 791//785 825//820 824//818
f 793//789 827//821 826//822
f 794//788 828//823 827//821
f 796//791 828//823 795//790
f 797//793 829//824 796//791
f 797//793 831//825 830//826
f 798//792 832//827 831//825
f 799//794 833//828 832//827
f 800//795 834//829 833//828
f 801//796 835//830 834//829
f 802//797 836//831 835//830
f 804//798 836//831 803//799
f 804//798 838//832 837//833
f 805//800 839//834 838//832
f 806//801 840//835 839//834
f 807//802 841//836 840//835
f 808//803 842//837 841//836
f 810//804 842//837 809//805
f 811//806 843//838 810//804
f 812//807 844//839 811//806
f 813//808 845//840 812//807
f 814//809 846//841 813//808
f 815//810 847//842 814//809
f 816//811 848//843 815//810
f 817//812 849//844 816//811
f 818//813 850//845 817//812
f 819//814 851//846 818//813
f 820//816 852//847 819//814
f 820//816 854//848 853//849
f 822//817 854//848 821//815
f 823//819 855//850 822//817
f 823//819 857//851 856//852
f 824//818 858//853 857//851
f 826//822 860//854 859//855
f 827//821 861//856 860//854
f 829//824 861//856 828//823
f 830//826 862//857 829//824
f 830//826 864//858 863//859
f 831//825 865//860 864//858
f 832//827 866//861 865//860
f 833//828 867//862 866//861
f 834//829 868//863 867//862
f 835//830 869//864 868//863
f 836//831 870//865 869//864
f 837//833 871//866 870//865
f 838//832 872//867 871//866
f 839//834 873//868 872//867
f 840//835 874//869 873//868
f 841//836 875//870 874//869
f 842//837 876//871 875//870
f 844//839 876//871 843//838
f 845//840 877//872 844//839
f 846//841 878//873 845//840
f 847//842 879//874 846//841
f 848//843 880//875 847//842
f 849//844 881//876 848//843
f 850//845 882//877 849//844
f 851//846 883//878 850//845
f 852//847 884//879 851//846
f 853//849 885//880 852//847
f 853//849 887//881 886//882
f 855//850 887//881 854//848
f 856//852 888//883 855//850
f 856//852 890//884 889//885
f 857//851 891//886 890//884
f 859//855 893//887 892//888
f 860//854 894//889 893//887
f 862//857 894//889 861//856
f 863//859 895//890 862//857
f 863//859 897//891 896//892
f 864//858 898//893 897//891
f 865//860 899//894 898//893
f 866//861 900//895 899//894
f 867//862 901//896 900//895
f 868//863 902//897 901//896
f 869//864 903//898 902//897
f 870//865 904//899 903//898
f 871//866 905//900 904//899
f 872//867 906//901 905//900
f 874//869 906//901 873//868
f 875//870 907//902 874//869
f 876//871 908//903 875//870
f 877//872 909//904 876//871
f 878//873 910//905 877//872
f 879//874 911//906 878//873
f 880//875 912//907 879//874
f 881//876 913//908 880//875
f 882//877 914//909 881//876
f 883//878 915//910 882//877
f 884//879 916//911 883//878
f 885//880 917//912 884//879
f 886//882 918//913 885//880
f 887//881 919//914 886//882
f 887//881 921//915 920//916
f 889//885 921//915 888//883
f 889//885 923//917 922//918
f 890//884 924//919 923//917
f 892//888 926//920 925//921
f 893//887 927//922 926//920
f 895//890 927//922 894//889
f 896//892 928//923 895//890
f 896//892 930//924 929//925
f 897//891 931//926 930//924
f 898//893 932//927 931//926
f 899//894 933//928 932//927
f 900//895 934//929 933//928
f 901//896 935//930 934//929
f 902//897 936//931 935//930
f 903//898 937//932 936//931
f 904//899 938//933 937//932
f 905//900 939//934 938//933
f 906//901 940//935 939//934
f 908//903 940//935 907//902
f 909//904 941//936 908//903
f 910//905 942//937 909//904
f 911//906 943//938 910//905
f 912//907 944//939 911//906
f 913//908 945//940 912//907
f 914//909 946//941 913//908
f 915//910 947//942 914//909
f 916//911 948//943 915//910
f 917//912 949//944 916//911
f 918//913 950//945 917//912
f 919//914 951//946 918//913
f 920//916 952//947 919//914
f 920//916 954//948 953//949
f 922//918 954//948 921//915
f 922//918 956//950 955//951
f 923//917 957//952 956//950
f 925//921 959//953 958//954
f 926//920 960//955 959//953
f 928//923 960//955 927//922
f 929//925 961//956 928//923
f 929//925 963//957 962//958
f 930//924 964//959 963//957
f 931//926 965//960 964//959
f 932//927 966//961 965//960
f 933//928 967//962 966//961
f 934//929 968//963 967//962
f 935//930 969//964 968//963
f 936//931 970//965 969//964
f 937//932 971//966 970//965
f 938//933 972//967 971//966
f 940//935 972//967 939//934
f 941//936 973//968 940//935
f 942//937 974//969 941//936
f 943//938 975//970 942//937
f 944//939 976//971 943//938
f 945//940 977//972 944//939
f 946//941 978//973 945//940
f 947//942 979//974 946//941
f 948//943 980//975 947//942
f 949//944 981//976 948//943
f 949//944 983//977 982//978
f 951//946 983//977 950//945
f 952//947 984//979 951//946
f 953//949 985//980 952//947
f 953//949 987//981 986//982
f 954//948 988//983 987//981
f 955//951 989//984 988//983
f 956//950 990//985 989//984
f 958//954 992//986 991//987
f 959//953 993//988 992//986
f 961//956 993//988 960//955
f 962//958 994//989 961//956
f 962//958 996//990 995//991
f 963//957 997//992 996//990
f 964//959 998//993 997//992
f 965//960 999//994 998//993
f 966//961 1000//995 999//994
f 967//962 1001//996 1000//995
f 968//963 1002//997 1001//996
f 969//964 1003//998 1002//997
f 970//965 1004//999 1003//998
f 972//967 1004//999 971//966
f 973//968 1005//1000 972//967
f 974//969 1006//1001 973//968
f 975//970 1007//1002 974//969
f 976//971 1008//1003 975//970
f 977//972 1009//1004 976//971
f 978//973 1010//1005 977//972
f 979//974 1011//1006 978//973
f 980//975 1012//1007 979//974
f 981//976 1013//1008 980//975
f 981//976 1015//1009 1014//1010
f 982//978 1016//1011 1015//1009
f 984//979 1016//1011 983//977
f 985//980 1017//1012 984//979
f 986//982 1018//1013 985//980
f 986//982 1020//1014 1019//1015
f 987//981 1021//1016 1020//1014
f 989//984 1021//1016 988//983
f 989//984 1023//1017 1022//1018
f 991//987 1025//1019 1024//1020
f 992//986 1026//1021 1025//1019
f 994//989 1026//1021 993//988
f 995//991 1027//1022 994//989
f 995//991 1029//1023 1028//1024
f 996//990 1030//1025 1029//1023
f 997//992 1031//1026 1030//1025
f 998//993 1032//1027 1031//1026
f 999//994 1033//1028 1032//1027
f 1000//995 1034//1029 1033//1028
f 1001//996 1035//1030 1034//1029
f 1002//997 1036//1031 1035//1030
f 1004//999 1036//1031 1003//998
f 1005//1000 1037//1032 1004//999
f 1006//1001 1038//1033 1005//1000
f 1007//1002 1039//1034 1006//1001
f 1008//1003 1040//1035 1007//1002
f 1009//1004 1041//1036 1008//1003
f 1010//1005 1042//1037 1009//1004
f 1011//1006 1043//1038 1010//1005
f 1012//1007 1044//1039 1011//1006
f 1013//1008 1045//1040 1012//1007
f 1013//1008 1047//1041 1046//1042
f 1014//1010 1048//1043 1047//1041
f 1016//1011 1048//1043 1015//1009
f 1017//1012 1049//1044 1016//1011
f 1018//1013 1050//1045 1017//1012
f 1018//1013 1052//191 1051//1046
f 1019//1015 1053//1047 1052//191
f 1020//1014 1054//1048 1053//1047
f 1022//1018 1054//1048 1021//1016
f 1023//1017 1055//1049 1022//1018
f 1024//1020 1058//1050 1057//99
f 1025//1019 1059//1051 1058//1050
f 1027//1022 1059//1051 1026//1021
f 1027//1022 1061//1052 1060//1053
f 1029//1023 1061//1052 1028//1024
f 1030//1025 1062//1054 1029//1023
f 1031//1026 1063//1055 1030//1025
f 1032//1027 1064//1056 1031//1026
f 1033//1028 1065//1057 1032//1027
f 1034//1029 1066//1058 1033//1028
f 1035//1030 1067//1059 1034//1029
f 1036//1031 1068//1060 1035//1030
f 1036//1031 1070//1061 1069//1062
f 1037//1032 1071//1063 1070//1061
f 1038//1033 1072//1064 1071//1063
f 1039//1034 1073//1065 1072//1064
f 1040//1035 1074//1066 1073//1065
f 1041//1036 1075//1067 1074//1066
f 1042//1037 1076//1068 1075//1067
f 1043//1038 1077//1069 1076//1068
f 1044//1039 1078//1070 1077//1069
f 1045//1040 1079//1071 1078//1070
f 1046//1042 1080//1072 1079//1071
f 1047//1041 1081//1073 1080//1072
f 1049//1044 1081//1073 1048//1043
f 1050//1045 1082//1074 1049//1044
f 1051//1046 1083//1075 1050//1045
f 1052//191 1084//1076 1051//1046
f 1053//1047 1085//1077 1052//191
f 1053//1047 1087//1078 1086//1079
f 1055//1049 1087//1078 1054//1048
f 1056//1080 1088//1081 1055//1049
f 1057//99 1091//1082 1090//99
f 1058//1050 1092//1083 1091//1082
f 1059//1051 1093//1084 1092//1083
f 1060//1053 1094//1085 1093//1084
f 1062//1054 1094//1085 1061//1052
f 1063//1055 1095//1086 1062//1054
f 1064//1056 1096//1087 1063//1055
f 1065//1057 1097//1088 1064//1056
f 1066//1058 1098//1089 1065//1057
f 1067//1059 1099//1090 1066//1058
f 1068//1060 1100//1091 1067//1059
f 1069//1062 1101//1092 1068//1060
f 1069//1062 1103//1093 1102//1094
f 1070//1061 1104//1095 1103//1093
f 1071//1063 1105//1096 1104//1095
f 1072//1064 1106//1097 1105//1096
f 1073//1065 1107//1098 1106//1097
f 1074//1066 1108//1099 1107//1098
f 1075//1067 1109//1100 1108//1099
f 1076//1068 1110//1101 1109//1100
f 1077//1069 1111//1102 1110//1101
f 1078//1070 1112//1103 1111//1102
f 1079//1071 1113//1104 1112//1103
f 1081//1073 1113//1104 1080//1072
f 1082//1074 1114//1105 1081//1073
f 1083//1075 1115//1106 1082//1074
f 1084//1076 1116//1107 1083//1075
f 1085//1077 1117//1108 1084//1076
f 1086//1079 1118//1109 1085//1077
f 1087//1078 1119//1110 1086//1079
f 1088//1081 1120//1111 1087//1078
f 1089//1112 1121//1113 1088//1081
f 1091//1082 1123//1114 1090//99
f 1092//1083 1124//1115 1091//1082
f 1092//1083 1126//1116 1125//1117
f 1094//1085 1126//1116 1093//1084
f 1095//1086 1127//1118 1094//1085
f 1096//1087 1128//1119 1095//1086
f 1097//1088 1129//1120 1096//1087
f 1098//1089 1130//1121 1097//1088
f 1099//1090 1131//1122 1098//1089
f 1100//1091 1132//1123 1099//1090
f 1101//1092 1133//1124 1100//1091
f 1102//1094 1134//1125 1101//1092
f 1102//1094 1136//1126 1135//1127
f 1103//1093 1137//1128 1136//1126
f 1104//1095 1138//1129 1137//1128
f 1105//1096 1139//1130 1138//1129
f 1106//1097 1140//1131 1139//1130
f 1107//1098 1141//1132 1140//1131
f 1108//1099 1142//1133 1141//1132
f 1109//1100 1143//1134 1142//1133
f 1110//1101 1144//1135 1143//1134
f 1111//1102 1145//1136 1144//1135
f 1112//1103 1146//1137 1145//1136
f 1114//1105 1146//1137 1113//1104
f 1115//1106 1147//1138 1114//1105
f 1116//1107 1148//1139 1115//1106
f 1117//1108 1149//1140 1116//1107
f 1118//1109 1150//1141 1117//1108
f 1119//1110 1151//1142 1118//1109
f 1120//1111 1152//1143 1119//1110
f 1120//1111 1154//1144 1153//1145
f 1122//1146 1154//1144 1121//1113
f 1123//1114 1157//1147 1156//1148
f 1124//1115 1158//1149 1157//1147
f 1125//1117 1159//1150 1158//1149
f 1126//1116 1160//1151 1159//1150
f 1127//1118 1161//1152 1160//1151
f 1128//1119 1162//1153 1161//1152
f 1129//1120 1163//1154 1162//1153
f 1130//1121 1164//1155 1163//1154
f 1131//1122 1165//1156 1164//1155
f 1132//1123 1166//1157 1165//1156
f 1133//1124 1167//1158 1166//1157
f 1134//1125 1168//1159 1167//1158
f 1136//1126 1168//1159 1135//1127
f 1137//1128 1169//1160 1136//1126
f 1138//1129 1170//1161 1137//1128
f 1139//1130 1171//1162 1138//1129
f 1140//1131 1172//1163 1139//1130
f 1141//1132 1173//1164 1140//1131
f 1142//1133 1174//1165 1141//1132
f 1143//1134 1175//1166 1142//1133
f 1144//1135 1176//1167 1143//1134
f 1145//1136 1177//1168 1144//1135
f 1145//1136 1179//1169 1178//1170
f 1146//1137 1180//1171 1179//1169
f 1147//1138 1181//1172 1180//1171
f 1148//1139 1182//1173 1181//1172
f 1149//1140 1183//1174 1182//1173
f 1150//1141 1184//1175 1183//1174
f 1151//1142 1185//1176 1184//1175
f 1153//1145 1185//1176 1152//1143
f 1154//1144 1186//1177 1153//1145
f 1155//1178 1187//1179 1154//1144
f 1156//1148 1190//1180 1189//3
f 1157//1147 1191//1181 1190//1180
f 1158//1149 1192//1182 1191//1181
f 1159//1150 1193//1183 1192//1182
f 1160//1151 1194//1184 1193//1183
f 1161//1152 1195//1185 1194//1184
f 1162//1153 1196//1186 1195//1185
f 1163//1154 1197//1187 1196//1186
f 1164//1155 1198//1188 1197//1187
f 1165//1156 1199//1189 1198//1188
f 1166//1157 1200//1190 1199//1189
f 1167//1158 1201//1191 1200//1190
f 1169//1160 1201//1191 1168//1159
f 1170//1161 1202//1192 1169//1160
f 1171//1162 1203//1193 1170//1161
f 1172//1163 1204//1194 1171//1162
f 1173//1164 1205//1195 1172//1163
f 1174//1165 1206//1196 1173//1164
f 1175//1166 1207//1197 1174//1165
f 1176//1167 1208//1198 1175//1166
f 1177//1168 1209//1199 1176//1167
f 1178//1170 1210//1200 1177//1168
f 1178//1170 1212//1201 1211//1201
f 1179//1169 1213//1202 1212//1201
f 1180//1171 1214//1203 1213//1202
f 1181//1172 1215//1204 1214//1203
f 1182//1173 1216//1205 1215//1204
f 1183//1174 1217//1206 1216//1205
f 1184//1175 1218//1207 1217//1206
f 1186//1177 1218//1207 1185//1176
f 1187//1179 1219//1208 1186//1177
f 1188//1209 1220//1210 1187//1179
s 0
f 1222//1211 2//1211 1//1211
f 1223//1211 3//1211 2//1211
f 1224//1211 4//1211 3//1211
f 1225//1211 5//1211 4//1211
f 1226//1211 6//1211 5//1211
f 1227//1211 7//1211 6//1211
f 1228//1211 8//1211 7//1211
f 1229//1211 9//1211 8//1211
f 9//1211 1231//1211 10//1211
f 10//1211 1232//1211 11//1211
f 11//1211 1233//1211 12//1211
f 12//1211 1234//1211 13//1211
f 13//1211 1235//1211 14//1211
f 14//1211 1236//1211 15//1211
f 15//1211 1237//1211 16//1211
f 16//1211 1238//1211 17//1211
f 17//1211 1239//1211 18//1211
f 18//1211 1240//1211 19//1211
f 1240//1211 20//1211 19//1211
f 1241//1211 21//1211 20//1211
f 1242//1211 22//1211 21//1211
f 1243//1211 23//1211 22//1211
f 1244//1211 24//1211 23//1211
f 1245//1211 25//1211 24//1211
f 1246//1211 26//1211 25//1211
f 1247//1211 27//1211 26//1211
f 1248//1211 28//1211 27//1211
f 1249//1211 29//1211 28//1211
f 1250//1211 30//1211 29//1211
f 30//1211 1252//1211 31//1211
f 31//1211 1253//1211 32//1211
f 32//1211 1254//1211 33//1211
f 33//1212 1255//1212 66//1212
f 66//1212 1256//1212 99//1212
f 99//1212 1257//1212 132//1212
f 132//1212 1258//1212 165//1212
f 165//1212 1259//1212 198//1212
f 198//1212 1260//1212 231//1212
f 1260//1212 264//1212 231//1212
f 1261//1212 297//1212 264//1212
f 1262//1212 330//1212 297//1212
f 1263//1212 363//1212 330//1212
f 1264//1212 396//1212 363//1212
f 1265//1212 429//1212 396//1212
f 1266//1212 462//1212 429//1212
f 1267//1212 495//1212 462//1212
f 1268//1212 528//1212 495//1212
f 1269//1212 561//1212 528//1212
f 1270//1212 594//1212 561//1212
f 1271//1212 627//1212 594//1212
f 1272//1212 660//1212 627//1212
f 1273//1212 693//1212 660//1212
f 693//1212 1275//1212 726//1212
f 726//1212 1276//1212 759//1212
f 759//1212 1277//1212 792//1212
f 792//1212 1278//1212 825//1212
f 825//1212 1279//1212 858//1212
f 858//1212 1280//1212 891//1212
f 891//1212 1281//1212 924//1212
f 924//1212 1282//1212 957//1212
f 957//1212 1283//1212 990//1212
f 1283//1212 1023//1212 990//1212
f 1284//1212 1056//1212 1023//1212
f 1285//1212 1089//1212 1056//1212
f 1286//1212 1122//1212 1089//1212
f 1287//1212 1155//1212 1122//1212
f 1288//1212 1188//1212 1155//1212
f 1289//1212 1221//1212 1188//1212
f 1290//1213 1220//1213 1221//1213
f 1291//1213 1219//1213 1220//1213
f 1292//1213 1218//1213 1219//1213
f 1218//1213 1294//1213 1217//1213
f 1217//1213 1295//1213 1216//1213
f 1216//1213 1296//1213 1215//1213
f 1215//1213 1297//1213 1214//1213
f 1214//1213 1298//1213 1213//1213
f 1213//1213 1299//1213 1212//1213
f 1212//1213 1300//1213 1211//1213
f 1211//1213 1301//1213 1210//1213
f 1210//1213 1302//1213 1209//1213
f 1209//1213 1303//1213 1208//1213
f 1303//1213 1207//1213 1208//1213
f 1304//1213 1206//1213 1207//1213
f 1305//1213 1205//1213 1206//1213
f 1306//1213 1204//1213 1205//1213
f 1307//1213 1203//1213 1204//1213
f 1308//1213 1202//1213 1203//1213
f 1309//1213 1201//1213 1202//1213
f 1310//1213 1200//1213 1201//1213
f 1311//1213 1199//1213 1200//1213
f 1312//1213 1198//1213 1199//1213
f 1313//1213 1197//1213 1198//1213
f 1314//1213 1196//1213 1197//1213
f 1315//1213 1195//1213 1196//1213
f 1195//1213 1317//1213 1194//1213
f 1194//1213 1318//1213 1193//1213
f 1193//1213 1319//1213 1192//1213
f 1192//1213 1320//1213 1191//1213
f 1191//1213 1321//1213 1190//1213
f 1190//1213 1322//1213 1189//1213
f 1189//1214 1323//1214 1156//1214
f 1156//1214 1324//1214 1123//1214
f 1123//1214 1325//1214 1090//1214
f 1090//1214 1326//1214 1057//1214
f 1326//1214 1024//1214 1057//1214
f 1327//1214 991//1214 1024//1214
f 1328//1214 958//1214 991//1214
f 1329//1214 925//1214 958//1214
f 1330//1214 892//1214 925//1214
f 1331//1214 859//1214 892//1214
f 1332//1214 826//1214 859//1214
f 1333//1214 793//1214 826//1214
f 1334//1214 760//1214 793//1214
f 760//1214 1336//1214 727//1214
f 727//1214 1337//1214 694//1214
f 694//1214 1338//1214 661//1214
f 661//1214 1339//1214 628//1214
f 628//1214 1340//1214 595//1214
f 595//1214 1341//1214 562//1214
f 562//1214 1342//1214 529//1214
f 1342//1214 496//1214 529//1214
f 1343//1214 463//1214 496//1214
f 1344//1214 430//1214 463//1214
f 1345//1214 397//1214 430//1214
f 1346//1214 364//1214 397//1214
f 1347//1214 331//1214 364//1214
f 1348//1214 298//1214 331//1214
f 1349//1214 265//1214 298//1214
f 265//1214 1351//1214 232//1214
f 232//1214 1352//1214 199//1214
f 199//1214 1353//1214 166//1214
f 166//1214 1354//1214 133//1214
f 133//1214 1355//1214 100//1214
f 100//1214 1356//1214 67//1214
f 67//1214 1357//1214 34//1214
f 34//1214 1222//1214 1//1214
f 1358//1215 1223//1215 1222//1215
f 1358//1216 1224//1216 1223//1216
f 1358//1217 1225//1217 1224//1217
f 1358//1218 1226//1218 1225//1218
f 1358//1219 1227//1219 1226//1219
f 1358//1220 1228//1220 1227//1220
f 1358//1221 1229//1221 1228//1221
f 1358//1222 1230//1222 1229//1222
f 1358//1223 1231//1223 1230//1223
f 1358//1224 1232//1224 1231//1224
f 1358//1225 1233//1225 1232//1225
f 1358//1226 1234//1226 1233//1226
f 1358//1227 1235//1227 1234//1227
f 1358//1228 1236//1228 1235//1228
f 1358//1229 1237//1229 1236//1229
f 1358//1230 1238//1230 1237//1230
f 1358//1231 1239//1231 1238//1231
f 1358//1232 1240//1232 1239//1232
f 1358//1233 1241//1233 1240//1233
f 1358//1234 1242//1234 1241//1234
f 1358//1235 1243//1235 1242//1235
f 1358//1236 1244//1236 1243//1236
f 1358//1237 1245//1237 1244//1237
f 1358//1238 1246//1238 1245//1238
f 1358//1239 1247//1239 1246//1239
f 1358//1240 1248//1240 1247//1240
f 1358//1241 1249//1241 1248//1241
f 1358//1242 1250//1242 1249//1242
f 1358//1243 1251//1243 1250//1243
f 1358//1244 1252//1244 1251//1244
f 1358//1245 1253//1245 1252//1245
f 1358//1246 1254//1246 1253//1246
f 1358//1247 1255//1247 1254//1247
f 1358//1248 1256//1248 1255//1248
f 1358//1249 1257//1249 1256//1249
f 1358//1250 1258//1250 1257//1250
f 1358//1251 1259//1251 1258//1251
f 1358//1252 1260//1252 1259//1252
f 1358//1253 1261//1253 1260//1253
f 1358//1254 1262//1254 1261//1254
f 1358//1255 1263//1255 1262//1255
f 1358//1256 1264//1256 1263//1256
f 1358//1257 1265//1257 1264//1257
f 1358//1258 1266//1258 1265//1258
f 1358//1259 1267//1259 1266//1259
f 1358//1260 1268//1260 1267//1260
f 1358//1261 1269//1261 1268//1261
f 1358//1262 1270//1262 1269//1262
f 1358//1263 1271//1263 1270//1263
f 1358//1264 1272//1264 1271//1264
f 1358//1265 1273//1265 1272//1265
f 1358//1266 1274//1266 1273//1266
f 1358//1267 1275//1267 1274//1267
f 1358//1268 1276//1268 1275//1268
f 1358//1269 1277//1269 1276//1269
f 1358//1270 1278//1270 1277//1270
f 1358//1271 1279//1271 1278//1271
f 1358//1272 1280//1272 1279//1272
f 1358//1273 1281//1273 1280//1273
f 1358//1274 1282//1274 1281//1274
f 1358//1275 1283//1275 1282//1275
f 1358//1276 1284//1276 1283//1276
f 1358//1277 1285//1277 1284//1277
f 1358//1278 1286//1278 1285//1278
f 1358//1279 1287//1279 1286//1279
f 1358//1280 1288//1280 1287//1280
f 1358//1281 1289//1281 1288//1281
f 1358//1282 1290//1282 1289//1282
f 1358//1283 1291//1283 1290//1283
f 1358//1284 1292//1284 1291//1284
f 1358//1285 1293//1285 1292//1285
f 1358//1286 1294//1286 1293//1286
f 1358//1287 1295//1287 1294//1287
f 1358//1288 1296//1288 1295//1288
f 1358//1289 1297//1289 1296//1289
f 1358//1290 1298//1290 1297//1290
f 1358//1291 1299//1291 1298//1291
f 1358//1292 1300//1292 1299//1292
f 1358//1293 1301//1293 1300//1293
f 1358//1294 1302//1294 1301//1294
f 1358//1295 1303//1295 1302//1295
f 1358//1296 1304//1296 1303//1296
f 1358//1233 1305//1233 1304//1233
f 1358//1297 1306//1297 1305//1297
f 1358//1298 1307//1298 1306//1298
f 1358//1299 1308//1299 1307//1299
f 1358//1300 1309//1300 1308//1300
f 1358//1301 1310//1301 1309//1301
f 1358//1302 1311//1302 1310//1302
f 1358//1303 1312//1303 1311//1303
f 1358//1304 1313//1304 1312//1304
f 1358//1305 1314//1305 1313//1305
f 1358//1306 1315//1306 1314//1306
f 1358//1307 1316//1307 1315//1307
f 1358//1308 1317//1308 1316//1308
f 1358//1309 1318//1309 1317//1309
f 1358//1310 1319//1310 1318//1310
f 1358//1311 1320//1311 1319//1311
f 1358//1312 1321//1312 1320//1312
f 1358//1313 1322//1313 1321//1313
f 1358//1314 1323//1314 1322//1314
f 1358//1315 1324//1315 1323//1315
f 1358//1316 1325//1316 1324//1316
f 1358//1317 1326//1317 1325//1317
f 1358//1318 1327//1318 1326//1318
f 1358//1319 1328//1319 1327//1319
f 1358//1320 1329//1320 1328//1320
f 1358//1321 1330//1321 1329//1321
f 1358//1322 1331//1322 1330//1322
f 1358//1323 1332//1323 1331//1323
f 1358//1324 1333//1324 1332//1324
f 1358//1325 1334//1325 1333//1325
f 1358//1326 1335//1326 1334//1326
f 1358//1327 1336//1327 1335//1327
f 1358//1328 1337//1328 1336//1328
f 1358//1329 1338//1329 1337//1329
f 1358//1330 1339//1330 1338//1330
f 1358//1331 1340//1331 1339//1331
f 1358//1332 1341//1332 1340//1332
f 1358//1333 1342//1333 1341//1333
f 1358//1334 1343//1334 1342//1334
f 1358//1335 1344//1335 1343//1335
f 1358//1336 1345//1336 1344//1336
f 1358//1337 1346//1337 1345//1337
f 1358//1338 1347//1338 1346//1338
f 1358//1339 1348//1339 1347//1339
f 1358//1340 1349//1340 1348//1340
f 1358//1341 1350//1341 1349//1341
f 1358//1342 1351//1342 1350//1342
f 1358//1343 1352//1343 1351//1343
f 1358//1344 1353//1344 1352//1344
f 1358//1345 1354//1345 1353//1345
f 1358//1346 1355//1346 1354//1346
f 1358//1347 1356//1347 1355//1347
f 1358//1348 1357//1348 1356//1348
f 1358//1349 1222//1349 1357//1349
s 1
f 2//1 35//5 34//2
f 3//4 36//7 35//5
f 4//6 37//9 36//7
f 5//8 38//11 37//9
f 6//10 39//13 38//11
f 7//12 40//15 39//13
f 8//14 41//17 40//15
f 9//16 42//19 41//17
f 10//18 43//21 42//19
f 11//20 44//23 43//21
f 12//22 45//25 44//23
f 13//24 46//27 45//25
f 13//24 14//28 47//26
f 14//28 15//30 48//29
f 15//30 16//32 49//31
f 16//32 17//34 50//33
f 17//34 18//36 51//35
f 18//36 19//38 52//37
f 19//38 20//40 53//39
f 20//40 21//42 54//41
f 21//42 22//44 55//43
f 22//44 23//46 56//45
f 24//46 57//48 56//45
f 25//47 58//50 57//48
f 26//49 59//52 58//50
f 27//51 60//54 59//52
f 28//53 61//56 60//54
f 29//55 62//58 61//56
f 30//57 63//60 62//58
f 30//57 31//61 64//59
f 31//61 32//63 65//62
f 32//63 33//3 66//64
f 35//5 68//66 67//65
f 36//7 69//67 68//66
f 37//9 70//68 69//67
f 38//11 71//69 70//68
f 39//13 72//70 71//69
f 40//15 73//71 72//70
f 41//17 74//72 73//71
f 42//19 75//73 74//72
f 43//21 76//74 75//73
f 44//23 77//75 76//74
f 45//25 78//76 77//75
f 46//27 79//78 78//76
f 46//27 47//26 80//77
f 47//26 48//29 81//79
f 48//29 49//31 82//80
f 49//31 50//33 83//81
f 50//33 51//35 84//82
f 51//35 52//37 85//83
f 52//37 53//39 86//84
f 53//39 54//41 87//85
f 54//41 55//43 88//86
f 55//43 56//45 89//87
f 57//48 90//88 89//87
f 58//50 91//89 90//88
f 59//52 92//90 91//89
f 60//54 93//91 92//90
f 61//56 94//92 93//91
f 62//58 95//93 94//92
f 63//60 96//95 95//93
f 63//60 64//59 97//94
f 64//59 65//62 98//96
f 65//62 66//64 99//97
f 67//65 68//66 101//98
f 68//66 69//67 102//100
f 70//68 103//102 102//100
f 70//68 71//69 104//101
f 71//69 72//70 105//103
f 72//70 73//71 106//104
f 73//71 74//72 107//105
f 74//72 75//73 108//106
f 75//73 76//74 109//107
f 76//74 77//75 110//108
f 77//75 78//76 111//109
f 78//76 79//78 112//110
f 80//77 113//111 112//110
f 81//79 114//112 113//111
f 82//80 115//113 114//112
f 83//81 116//114 115//113
f 84//82 117//115 116//114
f 85//83 118//116 117//115
f 86//84 119//117 118//116
f 87//85 120//118 119//117
f 88//86 121//119 120//118
f 89//87 122//120 121//119
f 90//88 123//122 122//120
f 90//88 91//89 124//121
f 91//89 92//90 125//123
f 92//90 93//91 126//124
f 93//91 94//92 127//125
f 94//92 95//93 128//126
f 95//93 96//95 129//127
f 96//95 97//94 130//128
f 98//96 131//130 130//128
f 98//96 99//97 132//129
f 101//98 134//131 133//99
f 102//100 135//132 134//131
f 103//102 136//133 135//132
f 104//101 137//135 136//133
f 104//101 105//103 138//134
f 105//103 106//104 139//136
f 106//104 107//105 140//137
f 107//105 108//106 141//138
f 108//106 109//107 142//139
f 109//107 110//108 143//140
f 110//108 111//109 144//141
f 111//109 112//110 145//142
f 113//111 146//143 145//142
f 114//112 147//144 146//143
f 115//113 148//145 147//144
f 116//114 149//146 148//145
f 117//115 150//147 149//146
f 118//116 151//148 150//147
f 119//117 152//149 151//148
f 120//118 153//150 152//149
f 121//119 154//151 153//150
f 122//120 155//152 154//151
f 123//122 156//154 155//152
f 123//122 124//121 157//153
f 124//121 125//123 158//155
f 125//123 126//124 159//156
f 126//124 127//125 160//157
f 127//125 128//126 161//158
f 128//126 129//127 162//159
f 129//127 130//128 163//160
f 130//128 131//130 164//161
f 131//130 132//129 165//162
f 134//131 167//164 166//163
f 135//132 168//166 167//164
f 135//132 136//133 169//165
f 137//135 170//168 169//165
f 137//135 138//134 171//167
f 138//134 139//136 172//169
f 139//136 140//137 173//170
f 140//137 141//138 174//171
f 141//138 142//139 175//172
f 142//139 143//140 176//173
f 143//140 144//141 177//174
f 144//141 145//142 178//175
f 146//143 179//176 178//175
f 147//144 180//177 179//176
f 148//145 181//178 180//177
f 149//146 182//179 181//178
f 150//147 183//180 182//179
f 151//148 184//181 183//180
f 152//149 185//182 184//181
f 153//150 186//183 185//182
f 154//151 187//184 186//183
f 155//152 188//185 187//184
f 156//154 189//186 188//185
f 157//153 190//188 189//186
f 157//153 158//155 191//187
f 158//155 159//156 192//189
f 159//156 160//157 193//190
f 160//157 161//158 194//191
f 161//158 162//159 195//192
f 163//160 196//194 195//192
f 163//160 164//161 197//193
f 164//161 165//162 198//195
f 167//164 200//197 199//196
f 168//166 201//199 200//197
f 168//166 169//165 202//198
f 169//165 170//168 203//200
f 171//167 204//201 203//200
f 172//169 205//202 204//201
f 173//170 206//203 205//202
f 174//171 207//204 206//203
f 175//172 208//205 207//204
f 176//173 209//206 208//205
f 177//174 210//207 209//206
f 178//175 211//209 210//207
f 178//175 179//176 212//208
f 179//176 180//177 213//210
f 180//177 181//178 214//211
f 181//178 182//179 215//212
f 182//179 183//180 216//213
f 183//180 184//181 217//214
f 184//181 185//182 218//215
f 185//182 186//183 219//216
f 186//183 187//184 220//217
f 187//184 188//185 221//218
f 189//186 222//219 221//218
f 190//188 223//221 222//219
f 190//188 191//187 224//220
f 191//187 192//189 225//222
f 192//189 193//190 226//223
f 194//191 227//224 226//223
f 195//192 228//225 227//224
f 196//194 229//227 228//225
f 196//194 197//193 230//226
f 197//193 198//195 231//228
f 200//197 233//230 232//229
f 201//199 234//232 233//230
f 201//199 202//198 235//231
f 202//198 203//200 236//233
f 204//201 237//234 236//233
f 205//202 238//235 237//234
f 206//203 239//236 238//235
f 207//204 240//237 239//236
f 208//205 241//238 240//237
f 209//206 242//239 241//238
f 210//207 243//240 242//239
f 211//209 244//241 243//240
f 212//208 245//243 244//241
f 212//208 213//210 246//242
f 213//210 214//211 247//244
f 214//211 215//212 248//245
f 215//212 216//213 249//246
f 216//213 217//214 250//247
f 217//214 218//215 251//248
f 218//215 219//216 252//249
f 219//216 220//217 253//250
f 220//217 221//218 254//251
f 221//218 222//219 255//252
f 223//221 256//253 255//252
f 224//220 257//255 256//253
f 224//220 225//222 258//254
f 225//222 226//223 259//256
f 226//223 227//224 260//257
f 228//225 261//258 260//257
f 229//227 262//260 261//258
f 229//227 230//226 263//259
f 231//228 264//292 263//259
f 233//230 266//262 265//261
f 234//232 267//264 266//262
f 234//232 235//231 268//263
f 235//231 236//233 269//265
f 237//234 270//266 269//265
f 238//235 271//267 270//266
f 239//236 272//268 271//267
f 240//237 273//269 272//268
f 241//238 274//270 273//269
f 242//239 275//271 274//270
f 243//240 276//272 275//271
f 244//241 277//273 276//272
f 245//243 278//274 277//273
f 246//242 279//276 278//274
f 246//242 247//244 280//275
f 247//244 248//245 281//277
f 248//245 249//246 282//278
f 249//246 250//247 283//279
f 250//247 251//248 284//280
f 251//248 252//249 285//281
f 252//249 253//250 286//282
f 253//250 254//251 287//283
f 254//251 255//252 288//284
f 255//252 256//253 289//285
f 257//255 290//287 289//285
f 257//255 258//254 291//286
f 258//254 259//256 292//288
f 259//256 260//257 293//289
f 261//258 294//290 293//289
f 262//260 295//291 294//290
f 263//259 296//293 295//291
f 264//292 297//325 296//293
f 266//262 299//295 298//294
f 267//264 300//297 299//295
f 267//264 268//263 301//296
f 268//263 269//265 302//298
f 270//266 303//299 302//298
f 271//267 304//300 303//299
f 272//268 305//301 304//300
f 273//269 306//302 305//301
f 274//270 307//303 306//302
f 275//271 308//304 307//303
f 276//272 309//305 308//304
f 277//273 310//306 309//305
f 278//274 311//307 310//306
f 279//276 312//308 311//307
f 280//275 313//310 312//308
f 280//275 281//277 314//309
f 281//277 282//278 315//311
f 282//278 283//279 316//312
f 283//279 284//280 317//313
f 284//280 285//281 318//314
f 285//281 286//282 319//315
f 286//282 287//283 320//316
f 287//283 288//284 321//317
f 288//284 289//285 322//318
f 289//285 290//287 323//319
f 290//287 291//286 324//320
f 291//286 292//288 325//321
f 292//288 293//289 326//322
f 294//290 327//324 326//322
f 294//290 295//291 328//323
f 296//293 329//326 328//323
f 297//325 330//358 329//326
f 299//295 332//328 331//327
f 300//297 333//330 332//328
f 300//297 301//296 334//329
f 301//296 302//298 335//331
f 303//299 336//332 335//331
f 304//300 337//333 336//332
f 305//301 338//334 337//333
f 306//302 339//335 338//334
f 307//303 340//336 339//335
f 308//304 341//337 340//336
f 309//305 342//338 341//337
f 310//306 343//339 342//338
f 311//307 344//340 343//339
f 312//308 345//342 344//340
f 312//308 313//310 346//341
f 313//310 314//309 347//343
f 314//309 315//311 348//344
f 315//311 316//312 349//345
f 316//312 317//313 350//346
f 317//313 318//314 351//347
f 318//314 319//315 352//348
f 319//315 320//316 353//349
f 320//316 321//317 354//350
f 321//317 322//318 355//351
f 322//318 323//319 356//352
f 323//319 324//320 357//353
f 324//320 325//321 358//354
f 325//321 326//322 359//355
f 327//324 360//357 359//355
f 327//324 328//323 361//356
f 329//326 362//359 361//356
f 330//358 363//391 362//359
f 332//328 365//361 364//360
f 333//330 366//363 365//361
f 333//330 334//329 367//362
f 334//329 335//331 368//364
f 336//332 369//365 368//364
f 337//333 370//366 369//365
f 338//334 371//367 370//366
f 339//335 372//368 371//367
f 340//336 373//369 372//368
f 341//337 374//370 373//369
f 342//338 375//371 374//370
f 343//339 376//372 375//371
f 344//340 377//373 376//372
f 345//342 378//374 377//373
f 346//341 379//375 378//374
f 347//343 380//376 379//375
f 348//344 381//378 380//376
f 348//344 349//345 382//377
f 349//345 350//346 383//379
f 350//346 351//347 384//380
f 351//347 352//348 385//381
f 352//348 353//349 386//382
f 353//349 354//350 387//383
f 354//350 355//351 388//384
f 355//351 356//352 389//385
f 356//352 357//353 390//386
f 357//353 358//354 391//387
f 359//355 392//389 391//387
f 359//355 360//357 393//388
f 360//357 361//356 394//390
f 362//359 395//392 394//390
f 363//391 396//424 395//392
f 365//361 398//394 397//393
f 366//363 399//396 398//394
f 366//363 367//362 400//395
f 367//362 368//364 401//397
f 369//365 402//398 401//397
f 370//366 403//399 402//398
f 371//367 404//400 403//399
f 372//368 405//401 404//400
f 373//369 406//402 405//401
f 374//370 407//404 406//402
f 374//370 375//371 408//403
f 376//372 409//405 408//403
f 377//373 410//406 409//405
f 378//374 411//407 410//406
f 379//375 412//408 411//407
f 380//376 413//410 412//408
f 380//376 381//378 414//409
f 381//378 382//377 415//411
f 382//377 383//379 416//412
f 383//379 384//380 417//413
f 384//380 385//381 418//414
f 385//381 386//382 419//415
f 386//382 387//383 420//416
f 387//383 388//384 421//417
f 388//384 389//385 422//418
f 389//385 390//386 423//419
f 390//386 391//387 424//420
f 392//389 425//422 424//420
f 392//389 393//388 426//421
f 393//388 394//390 427//423
f 395//392 428//425 427//423
f 396//424 429//457 428//425
f 398//394 431//427 430//426
f 399//396 432//429 431//427
f 399//396 400//395 433//428
f 400//395 401//397 434//430
f 402//398 435//431 434//430
f 403//399 436//432 435//431
f 404//400 437//433 436//432
f 405//401 438//434 437//433
f 406//402 439//436 438//434
f 406//402 407//404 440//435
f 408//403 441//437 440//435
f 409//405 442//438 441//437
f 410//406 443//439 442//438
f 411//407 444//441 443//439
f 411//407 412//408 445//440
f 412//408 413//410 446//442
f 414//409 447//444 446//442
f 414//409 415//411 448//443
f 415//411 416//412 449//445
f 416//412 417//413 450//446
f 417//413 418//414 451//447
f 418//414 419//415 452//448
f 419//415 420//416 453//449
f 420//416 421//417 454//450
f 421//417 422//418 455//451
f 422//418 423//419 456//452
f 423//419 424//420 457//453
f 425//422 458//455 457//453
f 425//422 426//421 459//454
f 426//421 427//423 460//456
f 428//425 461//458 460//456
f 429//457 462//490 461//458
f 431//427 464//460 463//459
f 432//429 465//462 464//460
f 432//429 433//428 466//461
f 433//428 434//430 467//463
f 435//431 468//464 467//463
f 436//432 469//465 468//464
f 437//433 470//466 469//465
f 438//434 471//467 470//466
f 439//436 472//468 471//467
f 440//435 473//469 472//468
f 441//437 474//470 473//469
f 442//438 475//472 474//470
f 442//438 443//439 476//471
f 444//441 477//473 476//471
f 445//440 478//474 477//473
f 446//442 479//476 478//474
f 446//442 447//444 480//475
f 447//444 448//443 481//477
f 448//443 449//445 482//478
f 450//446 483//480 482//478
f 450//446 451//447 484//479
f 451//447 452//448 485//481
f 452//448 453//449 486//482
f 453//449 454//450 487//483
f 454//450 455//451 488//484
f 455//451 456//452 489//485
f 456//452 457//453 490//486
f 457//453 458//455 491//487
f 458//455 459//454 492//488
f 459//454 460//456 493//489
f 461//458 494//491 493//489
f 462//490 495//523 494//491
f 464//460 497//493 496//492
f 465//462 498//495 497//493
f 465//462 466//461 499//494
f 466//461 467//463 500//496
f 468//464 501//497 500//496
f 469//465 502//498 501//497
f 470//466 503//499 502//498
f 471//467 504//500 503//499
f 472//468 505//501 504//500
f 473//469 506//502 505//501
f 474//470 507//503 506//502
f 475//472 508//504 507//503
f 476//471 509//505 508//504
f 477//473 510//506 509//505
f 478//474 511//507 510//506
f 479//476 512//509 511//507
f 479//476 480//475 513//508
f 480//475 481//477 514//510
f 481//477 482//478 515//511
f 482//478 483//480 516//512
f 484//479 517//514 516//512
f 484//479 485//481 518//513
f 485//481 486//482 519//515
f 486//482 487//483 520//516
f 487//483 488//484 521//517
f 488//484 489//485 522//518
f 489//485 490//486 523//519
f 490//486 491//487 524//520
f 491//487 492//488 525//521
f 492//488 493//489 526//522
f 494//491 527//524 526//522
f 495//523 528//556 527//524
f 497//493 530//526 529//525
f 498//495 531//528 530//526
f 498//495 499//494 532//527
f 499//494 500//496 533//529
f 501//497 534//530 533//529
f 502//498 535//531 534//530
f 503//499 536//532 535//531
f 504//500 537//533 536//532
f 505//501 538//534 537//533
f 506//502 539//535 538//534
f 507//503 540//536 539//535
f 508//504 541//537 540//536
f 509//505 542//538 541//537
f 510//506 543//539 542//538
f 511//507 544//540 543//539
f 512//509 545//541 544//540
f 513//508 546//543 545//541
f 513//508 514//510 547//542
f 514//510 515//511 548//544
f 515//511 516//512 549//545
f 516//512 517//514 550//546
f 517//514 518//513 551//547
f 518//513 519//515 552//548
f 519//515 520//516 553//549
f 520//516 521//517 554//550
f 521//517 522//518 555//551
f 522//518 523//519 556//552
f 523//519 524//520 557//553
f 524//520 525//521 558//554
f 525//521 526//522 559//555
f 527//524 560//557 559//555
f 528//556 561//589 560//557
f 530//526 563//559 562//558
f 531//528 564//561 563//559
f 531//528 532//527 565//560
f 532//527 533//529 566//562
f 534//530 567//563 566//562
f 535//531 568//564 567//563
f 536//532 569//566 568//564
f 536//532 537//533 570//565
f 538//534 571//567 570//565
f 539//535 572//568 571//567
f 540//536 573//569 572//568
f 541//537 574//570 573//569
f 542//538 575//571 574//570
f 543//539 576//572 575//571
f 544//540 577//574 576//572
f 544//540 545//541 578//573
f 545//541 546//543 579//575
f 546//543 547//542 580//576
f 547//542 548//544 581//577
f 548//544 549//545 582//578
f 549//545 550//546 583//579
f 551//547 584//581 583//579
f 551//547 552//548 585//580
f 552//548 553//549 586//582
f 553//549 554//550 587//583
f 554//550 555//551 588//584
f 555//551 556//552 589//585
f 556//552 557//553 590//586
f 557//553 558//554 591//587
f 558//554 559//555 592//588
f 560//557 593//590 592//588
f 561//589 594//621 593//590
f 563//559 596//592 595//591
f 564//561 597//594 596//592
f 564//561 565//560 598//593
f 565//560 566//562 599//595
f 567//563 600//596 599//595
f 568//564 601//597 600//596
f 569//566 602//599 601//597
f 569//566 570//565 603//598
f 571//567 604//600 603//598
f 572//568 605//602 604//600
f 572//568 573//569 606//601
f 574//570 607//603 606//601
f 575//571 608//603 607//603
f 576//572 609//605 608//603
f 576//572 577//574 610//604
f 578//573 611//607 610//604
f 578//573 579//575 612//606
f 579//575 580//576 613//608
f 580//576 581//577 614//609
f 581//577 582//578 615//610
f 582//578 583//579 616//611
f 583//579 584//581 617//612
f 584//581 585//580 618//613
f 585//580 586//582 619//614
f 586//582 587//583 620//615
f 587//583 588//584 621//616
f 588//584 589//585 622//617
f 589//585 590//586 623//618
f 590//586 591//587 624//619
f 591//587 592//588 625//620
f 593//590 626//622 625//620
f 594//621 627//1350 626//622
f 595//591 596//592 629//623
f 596//592 597//594 630//625
f 598//593 631//626 630//625
f 599//595 632//628 631//626
f 599//595 600//596 633//627
f 600//596 601//597 634//629
f 601//597 602//599 635//630
f 603//598 636//632 635//630
f 603//598 604//600 637//631
f 604//600 605//602 638//633
f 606//601 639//635 638//633
f 606//601 607//603 640//634
f 607//603 608//603 641//636
f 608//603 609//605 642//637
f 610//604 643//639 642//637
f 610//604 611//607 644//638
f 612//606 645//640 644//638
f 613//608 646//641 645//640
f 614//609 647//642 646//641
f 615//610 648//643 647//642
f 616//611 649//644 648//643
f 617//612 650//645 649//644
f 618//613 651//646 650//645
f 619//614 652//647 651//646
f 620//615 653//648 652//647
f 621//616 654//649 653//648
f 622//617 655//650 654//649
f 623//618 656//651 655//650
f 624//619 657//652 656//651
f 625//620 658//654 657//652
f 625//620 626//622 659//653
f 626//622 627//1350 660//655
f 628//624 629//623 662//656
f 629//623 630//625 663//658
f 631//626 664//659 663//658
f 632//628 665//661 664//659
f 632//628 633//627 666//660
f 633//627 634//629 667//662
f 634//629 635//630 668//663
f 636//632 669//665 668//663
f 636//632 637//631 670//664
f 637//631 638//633 671//666
f 638//633 639//635 672//667
f 639//635 640//634 673//668
f 640//634 641//636 674//669
f 641//636 642//637 675//670
f 642//637 643//639 676//671
f 644//638 677//672 676//671
f 645//640 678//673 677//672
f 646//641 679//674 678//673
f 647//642 680//675 679//674
f 648//643 681//676 680//675
f 649//644 682//678 681//676
f 649//644 650//645 683//677
f 651//646 684//679 683//677
f 652//647 685//680 684//679
f 653//648 686//681 685//680
f 654//649 687//682 686//681
f 655//650 688//683 687//682
f 656//651 689//684 688//683
f 657//652 690//685 689//684
f 658//654 691//687 690//685
f 658//654 659//653 692//686
f 659//653 660//655 693//688
f 661//657 662//656 695//689
f 662//656 663//658 696//691
f 664//659 697//692 696//691
f 665//661 698//694 697//692
f 665//661 666//660 699//693
f 666//660 667//662 700//695
f 667//662 668//663 701//696
f 668//663 669//665 702//697
f 669//665 670//664 703//698
f 670//664 671//666 704//699
f 671//666 672//667 705//700
f 672//667 673//668 706//701
f 673//668 674//669 707//702
f 674//669 675//670 708//703
f 675//670 676//671 709//704
f 676//671 677//672 710//705
f 677//672 678//673 711//706
f 679//674 712//707 711//706
f 680//675 713//708 712//707
f 681//676 714//709 713//708
f 682//678 715//710 714//709
f 683//677 716//711 715//710
f 684//679 717//712 716//711
f 685//680 718//713 717//712
f 686//681 719//714 718//713
f 687//682 720//715 719//714
f 688//683 721//716 720//715
f 689//684 722//717 721//716
f 690//685 723//718 722//717
f 691//687 724//720 723//718
f 691//687 692//686 725//719
f 692//686 693//688 726//721
f 694//690 695//689 728//722
f 695//689 696//691 729//724
f 697//692 730//725 729//724
f 698//694 731//727 730//725
f 698//694 699//693 732//726
f 699//693 700//695 733//728
f 700//695 701//696 734//729
f 701//696 702//697 735//730
f 702//697 703//698 736//731
f 703//698 704//699 737//732
f 704//699 705//700 738//733
f 705//700 706//701 739//734
f 706//701 707//702 740//735
f 707//702 708//703 741//736
f 708//703 709//704 742//737
f 709//704 710//705 743//738
f 711//706 744//739 743//738
f 712//707 745//740 744//739
f 713//708 746//741 745//740
f 714//709 747//743 746//741
f 714//709 715//710 748//742
f 716//711 749//744 748//742
f 717//712 750//745 749//744
f 718//713 751//746 750//745
f 719//714 752//747 751//746
f 720//715 753//748 752//747
f 721//716 754//749 753//748
f 722//717 755//750 754//749
f 723//718 756//751 755//750
f 724//720 757//753 756//751
f 724//720 725//719 758//752
f 725//719 726//721 759//754
f 727//723 728//722 761//755
f 728//722 729//724 762//757
f 730//725 763//758 762//757
f 731//727 764//760 763//758
f 731//727 732//726 765//759
f 732//726 733//728 766//761
f 733//728 734//729 767//762
f 734//729 735//730 768//763
f 735//730 736//731 769//764
f 736//731 737//732 770//765
f 737//732 738//733 771//766
f 738//733 739//734 772//767
f 740//735 773//769 772//767
f 740//735 741//736 774//768
f 741//736 742//737 775//770
f 742//737 743//738 776//771
f 744//739 777//772 776//771
f 745//740 778//773 777//772
f 746//741 779//775 778//773
f 746//741 747//743 780//774
f 748//742 781//776 780//774
f 749//744 782//777 781//776
f 750//745 783//778 782//777
f 751//746 784//779 783//778
f 752//747 785//780 784//779
f 753//748 786//781 785//780
f 754//749 787//782 786//781
f 755//750 788//783 787//782
f 756//751 789//784 788//783
f 757//753 790//786 789//784
f 757//753 758//752 791//785
f 758//752 759//754 792//787
f 760//756 761//755 794//788
f 761//755 762//757 795//790
f 763//758 796//791 795//790
f 764//760 797//793 796//791
f 764//760 765//759 798//792
f 765//759 766//761 799//794
f 766//761 767//762 800//795
f 767//762 768//763 801//796
f 768//763 769//764 802//797
f 770//765 803//799 802//797
f 770//765 771//766 804//798
f 771//766 772//767 805//800
f 772//767 773//769 806//801
f 773//769 774//768 807//802
f 775//770 808//803 807//802
f 776//771 809//805 808//803
f 776//771 777//772 810//804
f 778//773 811//806 810//804
f 779//775 812//807 811//806
f 780//774 813//808 812//807
f 781//776 814//809 813//808
f 782//777 815//810 814//809
f 783//778 816//811 815//810
f 784//779 817//812 816//811
f 785//780 818//813 817//812
f 786//781 819//814 818//813
f 787//782 820//816 819//814
f 787//782 788//783 821//815
f 789//784 822//817 821//815
f 790//786 823//819 822//817
f 790//786 791//785 824//818
f 791//785 792//787 825//820
f 793//789 794//788 827//821
f 794//788 795//790 828//823
f 796//791 829//824 828//823
f 797//793 830//826 829//824
f 797//793 798//792 831//825
f 798//792 799//794 832//827
f 799//794 800//795 833//828
f 800//795 801//796 834//829
f 801//796 802//797 835//830
f 802//797 803//799 836//831
f 804//798 837//833 836//831
f 804//798 805//800 838//832
f 805//800 806//801 839//834
f 806//801 807//802 840//835
f 807//802 808//803 841//836
f 808//803 809//805 842//837
f 810//804 843//838 842//837
f 811//806 844//839 843//838
f 812//807 845//840 844//839
f 813//808 846//841 845//840
f 814//809 847//842 846//841
f 815//810 848//843 847//842
f 816//811 849//844 848//843
f 817//812 850//845 849//844
f 818//813 851//846 850//845
f 819//814 852//847 851//846
f 820//816 853//849 852//847
f 820//816 821//815 854//848
f 822//817 855//850 854//848
f 823//819 856//852 855//850
f 823//819 824//818 857//851
f 824//818 825//820 858//853
f 826//822 827//821 860//854
f 827//821 828//823 861//856
f 829//824 862//857 861//856
f 830//826 863//859 862//857
f 830//826 831//825 864//858
f 831//825 832//827 865//860
f 832//827 833//828 866//861
f 833//828 834//829 867//862
f 834//829 835//830 868//863
f 835//830 836//831 869//864
f 836//831 837//833 870//865
f 837//833 838//832 871//866
f 838//832 839//834 872//867
f 839//834 840//835 873//868
f 840//835 841//836 874//869
f 841//836 842//837 875//870
f 842//837 843//838 876//871
f 844//839 877//872 876//871
f 845//840 878//873 877//872
f 846//841 879//874 878//873
f 847//842 880//875 879//874
f 848//843 881//876 880//875
f 849//844 882//877 881//876
f 850//845 883//878 882//877
f 851//846 884//879 883//878
f 852//847 885//880 884//879
f 853//849 886//882 885//880
f 853//849 854//848 887//881
f 855//850 888//883 887//881
f 856//852 889//885 888//883
f 856//852 857//851 890//884
f 857//851 858//853 891//886
f 859//855 860//854 893//887
f 860//854 861//856 894//889
f 862//857 895//890 894//889
f 863//859 896//892 895//890
f 863//859 864//858 897//891
f 864//858 865//860 898//893
f 865//860 866//861 899//894
f 866//861 867//862 900//895
f 867//862 868//863 901//896
f 868//863 869//864 902//897
f 869//864 870//865 903//898
f 870//865 871//866 904//899
f 871//866 872//867 905//900
f 872//867 873//868 906//901
f 874//869 907//902 906//901
f 875//870 908//903 907//902
f 876//871 909//904 908//903
f 877//872 910//905 909//904
f 878//873 911//906 910//905
f 879//874 912//907 911//906
f 880//875 913//908 912//907
f 881//876 914//909 913//908
f 882//877 915//910 914//909
f 883//878 916//911 915//910
f 884//879 917//912 916//911
f 885//880 918//913 917//912
f 886//882 919//914 918//913
f 887//881 920//916 919//914
f 887//881 888//883 921//915
f 889//885 922//918 921//915
f 889//885 890//884 923//917
f 890//884 891//886 924//919
f 892//888 893//887 926//920
f 893//887 894//889 927//922
f 895//890 928//923 927//922
f 896//892 929//925 928//923
f 896//892 897//891 930//924
f 897//891 898//893 931//926
f 898//893 899//894 932//927
f 899//894 900//895 933//928
f 900//895 901//896 934//929
f 901//896 902//897 935//930
f 902//897 903//898 936//931
f 903//898 904//899 937//932
f 904//899 905//900 938//933
f 905//900 906//901 939//934
f 906//901 907//902 940//935
f 908//903 941//936 940//935
f 909//904 942//937 941//936
f 910//905 943//938 942//937
f 911//906 944//939 943//938
f 912//907 945//940 944//939
f 913//908 946//941 945//940
f 914//909 947//942 946//941
f 915//910 948//943 947//942
f 916//911 949//944 948//943
f 917//912 950//945 949//944
f 918//913 951//946 950//945
f 919//914 952//947 951//946
f 920//916 953//949 952//947
f 920//916 921//915 954//948
f 922//918 955//951 954//948
f 922//918 923//917 956//950
f 923//917 924//919 957//952
f 925//921 926//920 959//953
f 926//920 927//922 960//955
f 928//923 961//956 960//955
f 929//925 962//958 961//956
f 929//925 930//924 963//957
f 930//924 931//926 964//959
f 931//926 932//927 965//960
f 932//927 933//928 966//961
f 933//928 934//929 967//962
f 934//929 935//930 968//963
f 935//930 936//931 969//964
f 936//931 937//932 970//965
f 937//932 938//933 971//966
f 938//933 939//934 972//967
f 940//935 973//968 972//967
f 941//936 974//969 973//968
f 942//937 975//970 974//969
f 943//938 976//971 975//970
f 944//939 977//972 976//971
f 945//940 978//973 977//972
f 946//941 979//974 978//973
f 947//942 980//975 979//974
f 948//943 981//976 980//975
f 949//944 982//978 981//976
f 949//944 950//945 983//977
f 951//946 984//979 983//977
f 952//947 985//980 984//979
f 953//949 986//982 985//980
f 953//949 954//948 987//981
f 954//948 955//951 988//983
f 955//951 956//950 989//984
f 956//950 957//952 990//985
f 958//954 959//953 992//986
f 959//953 960//955 993//988
f 961//956 994//989 993//988
f 962//958 995//991 994//989
f 962//958 963//957 996//990
f 963//957 964//959 997//992
f 964//959 965//960 998//993
f 965//960 966//961 999//994
f 966//961 967//962 1000//995
f 967//962 968//963 1001//996
f 968//963 969//964 1002//997
f 969//964 970//965 1003//998
f 970//965 971//966 1004//999
f 972//967 1005//1000 1004//999
f 973//968 1006//1001 1005//1000
f 974//969 1007//1002 1006//1001
f 975//970 1008//1003 1007//1002
f 976//971 1009//1004 1008//1003
f 977//972 1010//1005 1009//1004
f 978//973 1011//1006 1010//1005
f 979//974 1012//1007 1011//1006
f 980//975 1013//1008 1012//1007
f 981//976 1014//1010 1013//1008
f 981//976 982//978 1015//1009
f 982//978 983//977 1016//1011
f 984//979 1017//1012 1016//1011
f 985//980 1018//1013 1017//1012
f 986//982 1019//1015 1018//1013
f 986//982 987//981 1020//1014
f 987//981 988//983 1021//1016
f 989//984 1022//1018 1021//1016
f 989//984 990//985 1023//1017
f 991//987 992//986 1025//1019
f 992//986 993//988 1026//1021
f 994//989 1027//1022 1026//1021
f 995//991 1028//1024 1027//1022
f 995//991 996//990 1029//1023
f 996//990 997//992 1030//1025
f 997//992 998//993 1031//1026
f 998//993 999//994 1032//1027
f 999//994 1000//995 1033//1028
f 1000//995 1001//996 1034//1029
f 1001//996 1002//997 1035//1030
f 1002//997 1003//998 1036//1031
f 1004//999 1037//1032 1036//1031
f 1005//1000 1038//1033 1037//1032
f 1006//1001 1039//1034 1038//1033
f 1007//1002 1040//1035 1039//1034
f 1008//1003 1041//1036 1040//1035
f 1009//1004 1042//1037 1041//1036
f 1010//1005 1043//1038 1042//1037
f 1011//1006 1044//1039 1043//1038
f 1012//1007 1045//1040 1044//1039
f 1013//1008 1046//1042 1045//1040
f 1013//1008 1014//1010 1047//1041
f 1014//1010 1015//1009 1048//1043
f 1016//1011 1049//1044 1048//1043
f 1017//1012 1050//1045 1049//1044
f 1018//1013 1051//1046 1050//1045
f 1018//1013 1019//1015 1052//191
f 1019//1015 1020//1014 1053//1047
f 1020//1014 1021//1016 1054//1048
f 1022//1018 1055//1049 1054//1048
f 1023//1017 1056//1080 1055//1049
f 1024//1020 1025//1019 1058//1050
f 1025//1019 1026//1021 1059//1051
f 1027//1022 1060//1053 1059//1051
f 1027//1022 1028//1024 1061//1052
f 1029//1023 1062//1054 1061//1052
f 1030//1025 1063//1055 1062//1054
f 1031//1026 1064//1056 1063//1055
f 1032//1027 1065//1057 1064//1056
f 1033//1028 1066//1058 1065//1057
f 1034//1029 1067//1059 1066//1058
f 1035//1030 1068//1060 1067//1059
f 1036//1031 1069//1062 1068//1060
f 1036//1031 1037//1032 1070//1061
f 1037//1032 1038//1033 1071//1063
f 1038//1033 1039//1034 1072//1064
f 1039//1034 1040//1035 1073//1065
f 1040//1035 1041//1036 1074//1066
f 1041//1036 1042//1037 1075//1067
f 1042//1037 1043//1038 1076//1068
f 1043//1038 1044//1039 1077//1069
f 1044//1039 1045//1040 1078//1070
f 1045//1040 1046//1042 1079//1071
f 1046//1042 1047//1041 1080//1072
f 1047//1041 1048//1043 1081//1073
f 1049//1044 1082//1074 1081//1073
f 1050//1045 1083//1075 1082//1074
f 1051//1046 1084//1076 1083//1075
f 1052//191 1085//1077 1084//1076
f 1053//1047 1086//1079 1085//1077
f 1053//1047 1054//1048 1087//1078
f 1055//1049 1088//1081 1087//1078
f 1056//1080 1089//1112 1088//1081
f 1057//99 1058//1050 1091//1082
f 1058//1050 1059//1051 1092//1083
f 1059//1051 1060//1053 1093//1084
f 1060//1053 1061//1052 1094//1085
f 1062//1054 1095//1086 1094//1085
f 1063//1055 1096//1087 1095//1086
f 1064//1056 1097//1088 1096//1087
f 1065//1057 1098//1089 1097//1088
f 1066//1058 1099//1090 1098//1089
f 1067//1059 1100//1091 1099//1090
f 1068//1060 1101//1092 1100//1091
f 1069//1062 1102//1094 1101//1092
f 1069//1062 1070//1061 1103//1093
f 1070//1061 1071//1063 1104//1095
f 1071//1063 1072//1064 1105//1096
f 1072//1064 1073//1065 1106//1097
f 1073//1065 1074//1066 1107//1098
f 1074//1066 1075//1067 1108//1099
f 1075//1067 1076//1068 1109//1100
f 1076//1068 1077//1069 1110//1101
f 1077//1069 1078//1070 1111//1102
f 1078//1070 1079//1071 1112//1103
f 1079//1071 1080//1072 1113//1104
f 1081//1073 1114//1105 1113//1104
f 1082//1074 1115//1106 1114//1105
f 1083//1075 1116//1107 1115//1106
f 1084//1076 1117//1108 1116//1107
f 1085//1077 1118//1109 1117//1108
f 1086//1079 1119//1110 1118//1109
f 1087//1078 1120//1111 1119//1110
f 1088//1081 1121//1113 1120//1111
f 1089//1112 1122//1146 1121//1113
f 1091//1082 1124//1115 1123//1114
f 1092//1083 1125//1117 1124//1115
f 1092//1083 1093//1084 1126//1116
f 1094//1085 1127//1118 1126//1116
f 1095//1086 1128//1119 1127//1118
f 1096//1087 1129//1120 1128//1119
f 1097//1088 1130//1121 1129//1120
f 1098//1089 1131//1122 1130//1121
f 1099//1090 1132//1123 1131//1122
f 1100//1091 1133//1124 1132//1123
f 1101//1092 1134//1125 1133//1124
f 1102//1094 1135//1127 1134//1125
f 1102//1094 1103//1093 1136//1126
f 1103//1093 1104//1095 1137//1128
f 1104//1095 1105//1096 1138//1129
f 1105//1096 1106//1097 1139//1130
f 1106//1097 1107//1098 1140//1131
f 1107//1098 1108//1099 1141//1132
f 1108//1099 1109//1100 1142//1133
f 1109//1100 1110//1101 1143//1134
f 1110//1101 1111//1102 1144//1135
f 1111//1102 1112//1103 1145//1136
f 1112//1103 1113//1104 1146//1137
f 1114//1105 1147//1138 1146//1137
f 1115//1106 1148//1139 1147//1138
f 1116//1107 1149//1140 1148//1139
f 1117//1108 1150//1141 1149//1140
f 1118//1109 1151//1142 1150//1141
f 1119//1110 1152//1143 1151//1142
f 1120//1111 1153//1145 1152//1143
f 1120//1111 1121//1113 1154//1144
f 1122//1146 1155//1178 1154//1144
f 1123//1114 1124//1115 1157//1147
f 1124//1115 1125//1117 1158//1149
f 1125//1117 1126//1116 1159//1150
f 1126//1116 1127//1118 1160//1151
f 1127//1118 1128//1119 1161//1152
f 1128//1119 1129//1120 1162//1153
f 1129//1120 1130//1121 1163//1154
f 1130//1121 1131//1122 1164//1155
f 1131//1122 1132//1123 1165//1156
f 1132//1123 1133//1124 1166//1157
f 1133//1124 1134//1125 1167//1158
f 1134//1125 1135//1127 1168//1159
f 1136//1126 1169//1160 1168//1159
f 1137//1128 1170//1161 1169//1160
f 1138//1129 1171//1162 1170//1161
f 1139//1130 1172//1163 1171//1162
f 1140//1131 1173//1164 1172//1163
f 1141//1132 1174//1165 1173//1164
f 1142//1133 1175//1166 1174//1165
f 1143//1134 1176//1167 1175//1166
f 1144//1135 1177//1168 1176//1167
f 1145//1136 1178//1170 1177//1168
f 1145//1136 1146//1137 1179//1169
f 1146//1137 1147//1138 1180//1171
f 1147//1138 1148//1139 1181//1172
f 1148//1139 1149//1140 1182//1173
f 1149//1140 1150//1141 1183//1174
f 1150//1141 1151//1142 1184//1175
f 1151//1142 1152//1143 1185//1176
f 1153//1145 1186//1177 1185//1176
f 1154//1144 1187//1179 1186//1177
f 1155//1178 1188//1209 1187//1179
f 1156//1148 1157//1147 1190//1180
f 1157//1147 1158//1149 1191//1181
f 1158//1149 1159//1150 1192//1182
f 1159//1150 1160//1151 1193//1183
f 1160//1151 1161//1152 1194//1184
f 1161//1152 1162//1153 1195//1185
f 1162//1153 1163//1154 1196//1186
f 1163//1154 1164//1155 1197//1187
f 1164//1155 1165//1156 1198//1188
f 1165//1156 1166//1157 1199//1189
f 1166//1157 1167//1158 1200//1190
f 1167//1158 1168//1159 1201//1191
f 1169//1160 1202//1192 1201//1191
f 1170//1161 1203//1193 1202//1192
f 1171//1162 1204//1194 1203//1193
f 1172//1163 1205//1195 1204//1194
f 1173//1164 1206//1196 1205//1195
f 1174//1165 1207//1197 1206//1196
f 1175//1166 1208//1198 1207//1197
f 1176//1167 1209//1199 1208//1198
f 1177//1168 1210//1200 1209//1199
f 1178//1170 1211//1201 1210//1200
f 1178//1170 1179//1169 1212//1201
f 1179//1169 1180//1171 1213//1202
f 1180//1171 1181//1172 1214//1203
f 1181//1172 1182//1173 1215//1204
f 1182//1173 1183//1174 1216//1205
f 1183//1174 1184//1175 1217//1206
f 1184//1175 1185//1176 1218//1207
f 1186//1177 1219//1208 1218//1207
f 1187//1179 1220//1210 1219//1208
f 1188//1209 1221//3 1220//1210
s 0
f 1222//1211 1223//1211 2//1211
f 1223//1211 1224//1211 3//1211
f 1224//1211 1225//1211 4//1211
f 1225//1211 1226//1211 5//1211
f 1226//1211 1227//1211 6//1211
f 1227//1211 1228//1211 7//1211
f 1228//1211 1229//1211 8//1211
f 1229//1211 1230//1211 9//1211
f 9//1211 1230//1211 1231//1211
f 10//1211 1231//1211 1232//1211
f 11//1211 1232//1211 1233//1211
f 12//1211 1233//1211 1234//1211
f 13//1211 1234//1211 1235//1211
f 14//1211 1235//1211 1236//1211
f 15//1211 1236//1211 1237//1211
f 16//1211 1237//1211 1238//1211
f 17//1211 1238//1211 1239//1211
f 18//1211 1239//1211 1240//1211
f 1240//1211 1241//1211 20//1211
f 1241//1211 1242//1211 21//1211
f 1242//1211 1243//1211 22//1211
f 1243//1211 1244//1211 23//1211
f 1244//1211 1245//1211 24//1211
f 1245//1211 1246//1211 25//1211
f 1246//1211 1247//1211 26//1211
f 1247//1211 1248//1211 27//1211
f 1248//1211 1249//1211 28//1211
f 1249//1211 1250//1211 29//1211
f 1250//1211 1251//1211 30//1211
f 30//1211 1251//1211 1252//1211
f 31//1211 1252//1211 1253//1211
f 32//1211 1253//1211 1254//1211
f 33//1212 1254//1212 1255//1212
f 66//1212 1255//1212 1256//1212
f 99//1212 1256//1212 1257//1212
f 132//1212 1257//1212 1258//1212
f 165//1212 1258//1212 1259//1212
f 198//1212 1259//1212 1260//1212
f 1260//1212 1261//1212 264//1212
f 1261//1212 1262//1212 297//1212
f 1262//1212 1263//1212 330//1212
f 1263//1212 1264//1212 363//1212
f 1264//1212 1265//1212 396//1212
f 1265//1212 1266//1212 429//1212
f 1266//1212 1267//1212 462//1212
f 1267//1212 1268//1212 495//1212
f 1268//1212 1269//1212 528//1212
f 1269//1212 1270//1212 561//1212
f 1270//1212 1271//1212 594//1212
f 1271//1212 1272//1212 627//1212
f 1272//1212 1273//1212 660//1212
f 1273//1212 1274//1212 693//1212
f 693//1212 1274//1212 1275//1212
f 726//1212 1275//1212 1276//1212
f 759//1212 1276//1212 1277//1212
f 792//1212 1277//1212 1278//1212
f 825//1212 1278//1212 1279//1212
f 858//1212 1279//1212 1280//1212
f 891//1212 1280//1212 1281//1212
f 924//1212 1281//1212 1282//1212
f 957//1212 1282//1212 1283//1212
f 1283//1212 1284//1212 1023//1212
f 1284//1212 1285//1212 1056//1212
f 1285//1212 1286//1212 1089//1212
f 1286//1212 1287//1212 1122//1212
f 1287//1212 1288//1212 1155//1212
f 1288//1212 1289//1212 1188//1212
f 1289//1212 1290//1212 1221//1212
f 1290//1213 1291//1213 1220//1213
f 1291//1213 1292//1213 1219//1213
f 1292//1213 1293//1213 1218//1213
f 1218//1213 1293//1213 1294//1213
f 1217//1213 1294//1213 1295//1213
f 1216//1213 1295//1213 1296//1213
f 1215//1213 1296//1213 1297//1213
f 1214//1213 1297//1213 1298//1213
f 1213//1213 1298//1213 1299//1213
f 1212//1213 1299//1213 1300//1213
f 1211//1213 1300//1213 1301//1213
f 1210//1213 1301//1213 1302//1213
f 1209//1213 1302//1213 1303//1213
f 1303//1213 1304//1213 1207//1213
f 1304//1213 1305//1213 1206//1213
f 1305//1213 1306//1213 1205//1213
f 1306//1213 1307//1213 1204//1213
f 1307//1213 1308//1213 1203//1213
f 1308//1213 1309//1213 1202//1213
f 1309//1213 1310//1213 1201//1213
f 1310//1213 1311//1213 1200//1213
f 1311//1213 1312//1213 1199//1213
f 1312//1213 1313//1213 1198//1213
f 1313//1213 1314//1213 1197//1213
f 1314//1213 1315//1213 1196//1213
f 1315//1213 1316//1213 1195//1213
f 1195//1213 1316//1213 1317//1213
f 1194//1213 1317//1213 1318//1213
f 1193//1213 1318//1213 1319//1213
f 1192//1213 1319//1213 1320//1213
f 1191//1213 1320//1213 1321//1213
f 1190//1213 1321//1213 1322//1213
f 1189//1214 1322//1214 1323//1214
f 1156//1214 1323//1214 1324//1214
f 1123//1214 1324//1214 1325//1214
f 1090//1214 1325//1214 1326//1214
f 1326//1214 1327//1214 1024//1214
f 1327//1214 1328//1214 991//1214
f 1328//1214 1329//1214 958//1214
f 1329//1214 1330//1214 925//1214
f 1330//1214 1331//1214 892//1214
f 1331//1214 1332//1214 859//1214
f 1332//1214 1333//1214 826//1214
f 1333//1214 1334//1214 793//1214
f 1334//1214 1335//1214 760//1214
f 760//1214 1335//1214 1336//1214
f 727//1214 1336//1214 1337//1214
f 694//1214 1337//1214 1338//1214
f 661//1214 1338//1214 1339//1214
f 628//1214 1339//1214 1340//1214
f 595//1214 1340//1214 1341//1214
f 562//1214 1341//1214 1342//1214
f 1342//1214 1343//1214 496//1214
f 1343//1214 1344//1214 463//1214
f 1344//1214 1345//1214 430//1214
f 1345//1214 1346//1214 397//1214
f 1346//1214 1347//1214 364//1214
f 1347//1214 1348//1214 331//1214
f 1348//1214 1349//1214 298//1214
f 1349//1214 1350//1214 265//1214
f 265//1214 1350//1214 1351//1214
f 232//1214 1351//1214 1352//1214
f 199//1214 1352//1214 1353//1214
f 166//1214 1353//1214 1354//1214
f 133//1214 1354//1214 1355//1214
f 100//1214 1355//1214 1356//1214
f 67//1214 1356//1214 1357//1214
f 34//1214 1357//1214 1222//1214
